person_id,display_name,family_name,given_names,orcid,openalex_id,entity_kind,identity_status,euroqol_member,n_projects_as_pi,n_publications,first_publication_year,last_publication_year
group:author:1e551c2f51c060d7,the ePRO Consortium,Consortium,the ePRO,,,GROUP,PUBLICATION_LOCAL,0,0,1,2020,2020
group:author:26130cd0a2f35765,on Behalf of the CAPACITY-COVID Consortium,Consortium,on Behalf of the CAPACITY-COVID,,,GROUP,PUBLICATION_LOCAL,0,0,1,2022,2022
group:author:33bbe78f50120a31,ESMI and EUROSCA Study groupsReetzKathrinRaponsoMafaldaGonzalesCarlosKoyakBerkanOenderDemetde AlmeidaLuís PereiraSilvaPatrickRibeiroJoana AfonsoThiemeAndreasErdlenbruchFriedrichde VriesJeroenOnyikeChiadikaobiGiuntiPaolaGarcia-MorenoHectorÖzGülinBischoffAlmut Turidvan de WarrenburgBartvan GaalenJudithInfanteJonManriqueLeireSchölsLudgerRiessOlafdu MontcelSophie TezenasBauerPeterGiuntiPaolaCookArronLabrumRobynParkinsonMichael H.DurrAlexandraBriceAlexisCharlesPerrineMarelliCeciliaMariottiCaterinaNanettiLorenzoPanzeriMartaRakowiczMariaSulekAnnaSobanskaAnnaHengelHolgerBalikoLaszloMeleghBelaFillaAlessandroAntenoraAntonellaBercianoJoséTimmannDagmarSzymanskiSandraBoeschSylviaKangJun-SukPadolfoMassimoSchulzJörg B.MolhoSoniaDialloAlhassane,B.MolhoSoniaDialloAlhassane,ESMI and EUROSCA Study groupsReetzKathrinRaponsoMafaldaGonzalesCarlosKoyakBerkanOenderDemetde AlmeidaLuís PereiraSilvaPatrickRibeiroJoana AfonsoThiemeAndreasErdlenbruchFriedrichde VriesJeroenOnyikeChiadikaobiGiuntiPaolaGarcia-MorenoHectorÖzGülinBischoffAlmut Turidvan de WarrenburgBartvan GaalenJudithInfanteJonManriqueLeireSchölsLudgerRiessOlafdu MontcelSophie TezenasBauerPeterGiuntiPaolaCookArronLabrumRobynParkinsonMichael H.DurrAlexandraBriceAlexisCharlesPerrineMarelliCeciliaMariottiCaterinaNanettiLorenzoPanzeriMartaRakowiczMariaSulekAnnaSobanskaAnnaHengelHolgerBalikoLaszloMeleghBelaFillaAlessandroAntenoraAntonellaBercianoJoséTimmannDagmarSzymanskiSandraBoeschSylviaKangJun-SukPadolfoMassimoSchulzJörg,,,GROUP,PUBLICATION_LOCAL,0,0,1,2025,2025
group:author:3af6d1a766f925b6,CAPACITY-COVID Collaborative Consortium,Consortium,CAPACITY-COVID Collaborative,,,GROUP,PUBLICATION_LOCAL,0,0,1,2025,2025
group:author:412455ccd417cc65,on behalf of the CAPACITY-COVID collaborative consortium,consortium,on behalf of the CAPACITY-COVID collaborative,,,GROUP,PUBLICATION_LOCAL,0,0,1,2022,2022
group:author:45bc3c9f5df0b70b,EFACTS Study Group,Group,EFACTS Study,,,GROUP,PUBLICATION_LOCAL,0,0,1,2024,2024
group:author:555b7aac3302f154,Dutch Covid and Thrombosis Coalition & the CAPACITY-COVID collaborative consortium,consortium,Dutch Covid and Thrombosis Coalition & the CAPACITY-COVID collaborative,,,GROUP,PUBLICATION_LOCAL,0,0,1,2025,2025
group:author:6ca18b685d1bb1fe,the CAPACITY-COVID Collaborative Consortium Al-AliAKAl-MuhannaFAAl-WindyNYYAlmubarakYAAlnafieANAlshahraniMAlshehriAMAnthonioRLAsselbergsFWAujayebAten BergJMvan BoxemAJMCapturGCaputoMCharlotteNDarkPDe SutterJDelsingCEDormanHGRDrostJTEmansMEFerreiraJBGabrielLvan GilstWHGroenemeijerBEHaerkens-ArendsHEvan der HarstPHedayatBvan der HeijdenDJHellouEHermanidesRSHermans-van AstJFvan HessenMWJHeymansSRBvan der HorstICCvan IersselSHJewbaliLSKearneyMTvan KesterenHAMBLJHKietselaerKoningAMHKopylovPYKuijperAFMKwakkel-vanErpJMvan der Linden MMJMLinschotenMLinssenGCMRuiz RMaciasMagdelijnsFJHFMACMartensMcCannGPvan der MeerPMeijsMFLMessiaenPMonraatsPSMontagnaLMoriartyAMosterdANieropPRvan Ofwegen-HanekampCEEPintoYMPoorhosseiniHPrasadSRedónJReidingaACRibeiroMIARipleyDPSalahRSaneeiESaxenaMSchaapJDAAMSchellingsSchutAShafieeAShoreACSiebelinkHJvan SmedenMSmitsPCPistersRTessitoreETielemanRGTimmermansPTioRATjongFVYden UilCAVan CraenenbroeckEMHPAAvan VeenVenemanTVerschureDOde VriesJKvan de WalRMAvan de WateringDJWestendorpICDWestendorpPHMWeytjensCWierdaEWilliamsBWoudstraPWuKWZaalRZamanAGvan derZeePM,derZeePM,the CAPACITY-COVID Collaborative Consortium Al-AliAKAl-MuhannaFAAl-WindyNYYAlmubarakYAAlnafieANAlshahraniMAlshehriAMAnthonioRLAsselbergsFWAujayebAten BergJMvan BoxemAJMCapturGCaputoMCharlotteNDarkPDe SutterJDelsingCEDormanHGRDrostJTEmansMEFerreiraJBGabrielLvan GilstWHGroenemeijerBEHaerkens-ArendsHEvan der HarstPHedayatBvan der HeijdenDJHellouEHermanidesRSHermans-van AstJFvan HessenMWJHeymansSRBvan der HorstICCvan IersselSHJewbaliLSKearneyMTvan KesterenHAMBLJHKietselaerKoningAMHKopylovPYKuijperAFMKwakkel-vanErpJMvan der Linden MMJMLinschotenMLinssenGCMRuiz RMaciasMagdelijnsFJHFMACMartensMcCannGPvan der MeerPMeijsMFLMessiaenPMonraatsPSMontagnaLMoriartyAMosterdANieropPRvan Ofwegen-HanekampCEEPintoYMPoorhosseiniHPrasadSRedónJReidingaACRibeiroMIARipleyDPSalahRSaneeiESaxenaMSchaapJDAAMSchellingsSchutAShafieeAShoreACSiebelinkHJvan SmedenMSmitsPCPistersRTessitoreETielemanRGTimmermansPTioRATjongFVYden UilCAVan CraenenbroeckEMHPAAvan VeenVenemanTVerschureDOde VriesJKvan de WalRMAvan de WateringDJWestendorpICDWestendorpPHMWeytjensCWierdaEWilliamsBWoudstraPWuKWZaalRZamanAGvan,,,GROUP,PUBLICATION_LOCAL,0,0,1,2023,2023
group:author:78d2060370a5aea3,The ESMI study group,group,The ESMI study,,,GROUP,PUBLICATION_LOCAL,0,0,2,2023,2024
group:author:85de22641c2a8c1c,CAPACITY-COVID Collaborative ConsortiumAl-AliAKAl-MuhannaFAAl-WindyNYYAlmubarakYAAlnafieANAlshahraniMAlshehriAMAnthonioRLAujayebAten BergJMvan BoxemAJMCapturGCaputoMCharlotteNDarkPDe SutterJDelsingCEDormanHGRDrostJTEmansMEFerreiraJBGabrielLvan GilstWHGroenemeijerBEHaerkens-ArendsHEvan derHarstPHedayatBvan derHeijdenDJHellouEHermanidesRSHermans-van AstJFvan HessenMWJHeymansSRBvan derHorstICCvan IersselSHJewbaliLSKearneyMTvan KesterenHAMBLJHKietselaerKoningAMHKopylovPYKuijperAFMKwakkel-van ErpJMMMJMvan derLindenLinssenGCMMacias RuizRMagdelijnsFJHFMACMartensMcCannGPvan derMeerPMeijsMFLMessiaenPMonraatsPSMontagnaLMoriartyAMosterdANieropPRvan Ofwegen-HanekampCEEPintoYMPoorhosseiniHPrasadSRedónJReidingaACRibeiroMIARipleyDPSalahRSaneeiESaxenaMSchaapJDAAMSchellingsSchutAShafieeAShoreACSiebelinkHJvan SmedenMSmitsPCPistersRTessitoreETielemanRGTioRATjongFVYden UilCAVan CraenenbroeckEMHPAAvan VeenVenemanTVerschureDOde VriesJKvan deWalRMAvan deWateringDJWestendorpICDWestendorpPHMWeytjensCWierdaEWoudstraPKWWuZaalRZamanAGvan derZeePM,derZeePM,CAPACITY-COVID Collaborative ConsortiumAl-AliAKAl-MuhannaFAAl-WindyNYYAlmubarakYAAlnafieANAlshahraniMAlshehriAMAnthonioRLAujayebAten BergJMvan BoxemAJMCapturGCaputoMCharlotteNDarkPDe SutterJDelsingCEDormanHGRDrostJTEmansMEFerreiraJBGabrielLvan GilstWHGroenemeijerBEHaerkens-ArendsHEvan derHarstPHedayatBvan derHeijdenDJHellouEHermanidesRSHermans-van AstJFvan HessenMWJHeymansSRBvan derHorstICCvan IersselSHJewbaliLSKearneyMTvan KesterenHAMBLJHKietselaerKoningAMHKopylovPYKuijperAFMKwakkel-van ErpJMMMJMvan derLindenLinssenGCMMacias RuizRMagdelijnsFJHFMACMartensMcCannGPvan derMeerPMeijsMFLMessiaenPMonraatsPSMontagnaLMoriartyAMosterdANieropPRvan Ofwegen-HanekampCEEPintoYMPoorhosseiniHPrasadSRedónJReidingaACRibeiroMIARipleyDPSalahRSaneeiESaxenaMSchaapJDAAMSchellingsSchutAShafieeAShoreACSiebelinkHJvan SmedenMSmitsPCPistersRTessitoreETielemanRGTioRATjongFVYden UilCAVan CraenenbroeckEMHPAAvan VeenVenemanTVerschureDOde VriesJKvan deWalRMAvan deWateringDJWestendorpICDWestendorpPHMWeytjensCWierdaEWoudstraPKWWuZaalRZamanAGvan,,,GROUP,PUBLICATION_LOCAL,0,0,1,2025,2025
group:author:aaeec9fc219d40e6,on behalf of the Canadian EQ-5D-5L Valuation Study Group,Group,on behalf of the Canadian EQ-5D-5L Valuation Study,,,GROUP,PUBLICATION_LOCAL,0,0,1,2016,2016
group:author:bdfc24ff835f39bb,the EQ-DAPHNIE Project TeamJohnsonJeffreyJanssenMathieu F.Al SayahFatimaBaileyHenryGhandiMihirGolickiDominikGutackerNilsMulhernBrendenPurbaFredrickScottDesSullivanTrudyYangZhihaoZarateVictorShortHilary,SayahFatimaBaileyHenryGhandiMihirGolickiDominikGutackerNilsMulhernBrendenPurbaFredrickScottDesSullivanTrudyYangZhihaoZarateVictorShortHilary,the EQ-DAPHNIE Project TeamJohnsonJeffreyJanssenMathieu F.Al,,,GROUP,PUBLICATION_LOCAL,0,0,1,2025,2025
group:author:cbd1a02c9aa67fea,The EUROSCA study group,group,The EUROSCA study,,,GROUP,PUBLICATION_LOCAL,0,0,2,2023,2024
group:author:d0625b503a150c09,For the OPTIMA Research Group within the Canadian Research Initiative in Substance Misuse,Misuse,For the OPTIMA Research Group within the Canadian Research Initiative in Substance,,,GROUP,PUBLICATION_LOCAL,0,0,1,2023,2023
group:author:ebe6d290156a1f8e,The Swedish Quality Register (SWEQR) Study Group,Group,The Swedish Quality Register (SWEQR) Study,,,GROUP,PUBLICATION_LOCAL,0,0,3,2021,2023
group:quokka-project-team,in collaboration with the Quality of Life in Kids: Key Evidence to Strengthen Decisions in Australia (QUOKKA) Project Team,Team,in collaboration with the Quality of Life in Kids: Key Evidence to Strengthen Decisions in Australia (QUOKKA) Project,,,GROUP,EXACT_CANONICAL_NAME,0,0,11,2021,2026
person:author:04f5bbabfc3858cf,Vincent Issac Lau,Lau,Vincent Issac,,,PERSON,PUBLICATION_LOCAL,0,0,0,,
person:author:05c1db4000c637b3,R. Usha S. Rajah,S. Rajah,R. Usha,,,PERSON,PUBLICATION_LOCAL,0,0,0,,
person:author:07d8e60b53c953b5,Eliza L Y Wong,Wong,Eliza L Y,,,PERSON,PUBLICATION_LOCAL,0,0,0,,
person:author:08d5fca025dbb4b5,Jeffrey A. Johnson,Johnson,Jeffrey A.,,,PERSON,PUBLICATION_LOCAL,0,0,0,,
person:author:0a7da3a0031576c7,Gabriela Schmajuk,Schmajuk,Gabriela,,,PERSON,PUBLICATION_LOCAL,0,0,0,,
person:author:14fa1848528759e1,Ian Porter,Porter,Ian,,,PERSON,PUBLICATION_LOCAL,0,0,0,,
person:author:167a5c511bbc60aa,Jose M. Valderas,Valderas,Jose M.,,,PERSON,PUBLICATION_LOCAL,0,0,0,,
person:author:1afec391499f6ef2,IMPACT HTA HRQoL Group,Group,IMPACT HTA HRQoL,,,PERSON,PUBLICATION_LOCAL,0,0,1,2021,2021
person:author:1c109c0619453b71,Guoqing Hu,Hu,Guoqing,,,PERSON,PUBLICATION_LOCAL,0,0,0,,
person:author:1c4e52cf799a6a05,Sebastià Josep Santaeugènia-González,Santaeugènia-González,Sebastià Josep,,,PERSON,PUBLICATION_LOCAL,0,0,0,,
person:author:1df2f69ead5d3484,F W Asselbergs,Asselbergs,F W,,,PERSON,PUBLICATION_LOCAL,0,0,0,,
person:author:2292d00fe892e23b,Abraham G Welie,Welie,Abraham G,,,PERSON,PUBLICATION_LOCAL,0,0,0,,
person:author:26bdcc3aec7ce5d1,S R B Heymans,Heymans,S R B,,,PERSON,PUBLICATION_LOCAL,0,0,0,,
person:author:295fc36031339ef3,Magnus Bäck,Bäck,Magnus,,,PERSON,PUBLICATION_LOCAL,0,0,0,,
person:author:29889f395744eb5a,Holger Sültmann,Sültmann,Holger,,,PERSON,PUBLICATION_LOCAL,0,0,0,,
person:author:2a92e19bfebde5e3,Annika L. Pickard,Pickard,Annika L.,,,PERSON,PUBLICATION_LOCAL,0,0,0,,
person:author:2da4b109cc451b73,K. Rand,Rand,K,,,PERSON,PUBLICATION_LOCAL,0,0,0,,
person:author:2e8dc0a43473e27f,Jae-Hong Kim,Kim,Jae-Hong,,,PERSON,PUBLICATION_LOCAL,0,0,0,,
person:author:31e7a8042cb9f11c,Martin Sedlmayr,Sedlmayr,Martin,,,PERSON,PUBLICATION_LOCAL,0,0,0,,
person:author:32ec0654a558307c,Kristiann Heesch,Heesch,Kristiann,,,PERSON,PUBLICATION_LOCAL,0,0,0,,
person:author:3340f5a96f6cad71,Marià Monzó Planella,Monzó Planella,Marià,,,PERSON,PUBLICATION_LOCAL,0,0,0,,
person:author:36d04600f865a8cb,Vitaly Omelyanovskiy,Omelyanovskiy,Vitaly,,,PERSON,PUBLICATION_LOCAL,0,0,0,,
person:author:430e34508d074693,Jihye Kim,Kim,Jihye,,,PERSON,PUBLICATION_LOCAL,0,0,0,,
person:author:43b5330c15491f12,Vlada Fediaeva,Fediaeva,Vlada,,,PERSON,PUBLICATION_LOCAL,0,0,0,,
person:author:471296af073a364c,Luo Nan,Nan,Luo,,,PERSON,PUBLICATION_LOCAL,0,0,0,,
person:author:4a087e8b3893b9ca,Nadine K Zawadzki,Zawadzki,Nadine K,,,PERSON,PUBLICATION_LOCAL,0,0,0,,
person:author:4c68d40d466f46cc,M van Smeden,van Smeden,M,,,PERSON,PUBLICATION_LOCAL,0,0,0,,
person:author:4e9d4c00e6eaa06f,Deborah J Cook,Cook,Deborah J,,,PERSON,PUBLICATION_LOCAL,0,0,0,,
person:author:510dbf53269b6316,Maria Albanese,Albanese,Maria,,,PERSON,PUBLICATION_LOCAL,0,0,0,,
person:author:542dab38e49431a9,Thomas Poder,Poder,Thomas,,,PERSON,PUBLICATION_LOCAL,0,0,0,,
person:author:55dde72cf6a0f082,F J H Magdelijns,Magdelijns,F J H,,,PERSON,PUBLICATION_LOCAL,0,0,0,,
person:author:56e3e7527ca5b98a,Vu Quynh Mai,Mai,Vu Quynh,,,PERSON,PUBLICATION_LOCAL,0,0,1,2022,2022
person:author:56fbda595b76316d,J. Cabases,Cabases,J,,,PERSON,PUBLICATION_LOCAL,0,0,0,,
person:author:570af4ddc46bbdd0,Alemu Belayneh,Belayneh,Alemu,,,PERSON,PUBLICATION_LOCAL,0,0,0,,
person:author:5982f0ae74798419,Sergio A Useche,Useche,Sergio A,,,PERSON,PUBLICATION_LOCAL,0,0,0,,
person:author:5a1e6c2ff7288e4a,Jan van Busschbach,van Busschbach,Jan,,,PERSON,PUBLICATION_LOCAL,0,0,0,,
person:author:5bda6e88deb26507,Pietro Ferrara,Ferrara,Pietro,,,PERSON,PUBLICATION_LOCAL,0,0,0,,
person:author:60ec4dab5be41517,M. F. Janssen,Janssen,M. F.,,,PERSON,PUBLICATION_LOCAL,0,0,0,,
person:author:6220877c8b5cb719,Christopher Booth,Booth,Christopher,,,PERSON,PUBLICATION_LOCAL,0,0,0,,
person:author:633de7763b1e7992,Chao Li,Li,Chao,,,PERSON,PUBLICATION_LOCAL,0,0,0,,
person:author:63d5f0ed10c320a6,Amy Yuen-Kwan Wong,Wong,Amy Yuen-Kwan,,,PERSON,PUBLICATION_LOCAL,0,0,1,2026,2026
person:author:664c4775ef520585,Nuriya Musina,Musina,Nuriya,,,PERSON,PUBLICATION_LOCAL,0,0,0,,
person:author:6690b0e64e1460b7,О. В. Благова,Благова,О. В.,,,PERSON,PUBLICATION_LOCAL,0,0,0,,
person:author:6cd985f6f0cbaaf6,John E. Brazier,Brazier,John E.,,,PERSON,PUBLICATION_LOCAL,0,0,0,,
person:author:6f31e646c54d2294,Louise Maher,Maher,Louise,,,PERSON,PUBLICATION_LOCAL,0,0,0,,
person:author:700484d52b8adc8a,Max Pini,Pini,Max,,,PERSON,PUBLICATION_LOCAL,0,0,0,,
person:author:70cde7bfd804505e,Morten Jensen,Jensen,Morten,,,PERSON,PUBLICATION_LOCAL,0,0,0,,
person:author:722e056d02f74fe6,Amy Y K Wong,Wong,Amy Y K,,,PERSON,PUBLICATION_LOCAL,0,0,0,,
person:author:72d930afab4f1eae,Abby Palmer,Palmer,Abby,,,PERSON,PUBLICATION_LOCAL,0,0,0,,
person:author:7a1c32524dab6839,Carla García-Lourve,García-Lourve,Carla,,,PERSON,PUBLICATION_LOCAL,0,0,0,,
person:author:7e0b4e9fb90167f4,Tamara Oser,Oser,Tamara,,,PERSON,PUBLICATION_LOCAL,0,0,0,,
person:author:877ba26f48fdc320,Songlin He,He,Songlin,,,PERSON,PUBLICATION_LOCAL,0,0,0,,
person:author:891482c4b59b9005,R Tieleman,Tieleman,R,,,PERSON,PUBLICATION_LOCAL,0,0,0,,
person:author:8952eb2b5c507b7d,I C C van der Horst,van der Horst,I C C,,,PERSON,PUBLICATION_LOCAL,0,0,0,,
person:author:8ecfe8010f2ea049,Aliah Sagar,Sagar,Aliah,,,PERSON,PUBLICATION_LOCAL,0,0,0,,
person:author:8f027de2f7985f54,"Rodriguez, Rocio",Rocio,"Rodriguez,",,,PERSON,PUBLICATION_LOCAL,0,0,0,,
person:author:97cd300dbe0ba5d9,Riccardo Polosa,Polosa,Riccardo,,,PERSON,PUBLICATION_LOCAL,0,0,0,,
person:author:9f031a806b144cb4,Xavier Badia,Badia,Xavier,,,PERSON,PUBLICATION_LOCAL,0,0,1,2010,2010
person:author:a29b130a5bcf7a7f,Vicky He,He,Vicky,,,PERSON,PUBLICATION_LOCAL,0,0,0,,
person:author:a4d1c7099233f576,Cathrine Jensen,Jensen,Cathrine,,,PERSON,PUBLICATION_LOCAL,0,0,0,,
person:author:a52c22deab279a5d,Rajesh Raj,Raj,Rajesh,,,PERSON,PUBLICATION_LOCAL,0,0,0,,
person:author:a54e05ad065b9db8,Penny Richards Fowler,Fowler,Penny Richards,,,PERSON,PUBLICATION_LOCAL,0,0,0,,
person:author:aa563b557fb89d23,Rick Sawatzky,Sawatzky,Rick,,,PERSON,PUBLICATION_LOCAL,0,0,1,2026,2026
person:author:af6a0f8780a8f318,Ana M. Santos,Santos,Ana M.,,,PERSON,PUBLICATION_LOCAL,0,0,0,,
person:author:b0bbdab830b5a8d0,Tanya Wolfe,Wolfe,Tanya,,,PERSON,PUBLICATION_LOCAL,0,0,0,,
person:author:b27c6ab473e42c53,Ruinan Xie,Xie,Ruinan,,,PERSON,PUBLICATION_LOCAL,0,0,0,,
person:author:bbae8445a87454e0,Emmanuel S Antonarakis,Antonarakis,Emmanuel S,,,PERSON,PUBLICATION_LOCAL,0,0,0,,
person:author:bc53e84934e0c11f,Maria Donata Orfei,Orfei,Maria Donata,,,PERSON,PUBLICATION_LOCAL,0,0,0,,
person:author:bc996c2164448fef,Gunther Eysenbach,Eysenbach,Gunther,,,PERSON,PUBLICATION_LOCAL,0,0,1,2019,2019
person:author:c06c8a0619570668,Lucinda Siyun Tan,Tan,Lucinda Siyun,,,PERSON,PUBLICATION_LOCAL,0,0,0,,
person:author:c2c7c9db944b322e,Salah A Mohamed,Mohamed,Salah A,,,PERSON,PUBLICATION_LOCAL,0,0,0,,
person:author:c3b9eeb785d2e173,Paul B Tchounwou,Tchounwou,Paul B,,,PERSON,PUBLICATION_LOCAL,0,0,0,,
person:author:c571b7feeee91605,Mignon McCullogh,McCullogh,Mignon,,,PERSON,PUBLICATION_LOCAL,0,0,0,,
person:author:d09a4fee156ef88f,Jie Wu,Wu,Jie,,,PERSON,PUBLICATION_LOCAL,0,0,0,,
person:author:d52b42f0eda2590e,The GOAL Trial Investigators,Investigators,The GOAL Trial,,,PERSON,PUBLICATION_LOCAL,0,0,0,,
person:author:d98953afb0bfc94b,Venera Tomaselli,Tomaselli,Venera,,,PERSON,PUBLICATION_LOCAL,0,0,0,,
person:author:da3d0dc509240fa3,Susan Jowett,Jowett,Susan,,,PERSON,PUBLICATION_LOCAL,0,0,0,,
person:author:e1a19193fb941b7c,Laura Duncan,Duncan,Laura,,,PERSON,PUBLICATION_LOCAL,0,0,0,,
person:author:e2f3cde5d43d67a3,X Badia,Badia,X,,,PERSON,PUBLICATION_LOCAL,0,0,0,,
person:author:e85b4fe322304f0f,Xin Hong,Hong,Xin,,,PERSON,PUBLICATION_LOCAL,0,0,0,,
person:author:ebebfab3aff77b15,Carolina Burgos Díez,Burgos Díez,Carolina,,,PERSON,PUBLICATION_LOCAL,0,0,1,2020,2020
person:author:ee4875b298a58c23,Grupo ATDOM,ATDOM,Grupo,,,PERSON,PUBLICATION_LOCAL,0,0,0,,
person:author:f28096098d5c8c73,Unknown group author,author,Unknown group,,,PERSON,PUBLICATION_LOCAL,0,0,0,,
person:author:f594e9ab74a6b821,M Linschoten,Linschoten,M,,,PERSON,PUBLICATION_LOCAL,0,0,0,,
person:author:f5f65be78a6a7cc2,Luciana Albano,Albano,Luciana,,,PERSON,PUBLICATION_LOCAL,0,0,0,,
person:author:f71bb2323624605d,Ziran Yin,Yin,Ziran,,,PERSON,PUBLICATION_LOCAL,0,0,0,,
person:author:f72e22bbbf2f349a,"Yang, Zhihao",Zhihao,"Yang,",,,PERSON,PUBLICATION_LOCAL,0,0,0,,
person:author:f9e85aa8b2ca48a1,Kim Rand-Hendriksen,Rand-Hendriksen,Kim,,,PERSON,PUBLICATION_LOCAL,0,0,2,2017,2019
person:author:fcf69833eab288a1,Paul Tchounwou,Tchounwou,Paul,,,PERSON,PUBLICATION_LOCAL,0,0,0,,
person:author:ffa7c3c268f90b52,Ilana Ackerman,Ackerman,Ilana,,,PERSON,PUBLICATION_LOCAL,0,0,0,,
person:eqmember:17787,Abraham Gebregziabiher,Gebregziabiher,Abraham,0000-0003-4661-7287,A5061701004,PERSON,PROFILE_ACCEPTED,1,10,4,2019,2024
person:eqmember:17789,Agota Szende,Szende,Agota,0000-0002-5880-3354,A5002095623,PERSON,PROFILE_ACCEPTED,1,2,2,2018,2023
person:eqmember:17790,Aki Tsuchiya,Tsuchiya,Aki,0000-0003-4245-5399,A5015417862,PERSON,PROFILE_ACCEPTED,1,3,14,2005,2026
person:eqmember:17791,Andrew Lloyd,Lloyd,Andrew,0000-0002-7597-6556,A5031114648,PERSON,PROFILE_ACCEPTED,1,3,14,2011,2025
person:eqmember:17793,Anna Krabbe-Lugner,Krabbe-Lugner,Anna,,A5047866823,PERSON,PROFILE_ACCEPTED,1,1,1,2020,2020
person:eqmember:17795,Arto Ohinmaa,Ohinmaa,Arto,0000-0002-7094-1573,A5087246819,PERSON,PROFILE_ACCEPTED,1,2,19,2015,2026
person:eqmember:17797,Ataru Igarashi,Igarashi,Ataru,0000-0001-6307-6916,A5071771037,PERSON,PROFILE_NOT_ACCEPTED_FOR_DISCOVERY,1,0,5,2016,2022
person:eqmember:17798,Barbara Spady,Spady,Barbara,0000-0001-5674-4795,A5032609556,PERSON,PROFILE_ACCEPTED,1,0,0,,
person:eqmember:17799,Ben Van Hout,Hout,Ben Van,0000-0001-9698-6094,A5032690231,PERSON,PROFILE_ACCEPTED,1,2,12,2012,2023
person:eqmember:17803,Bernhard Michalowsky,Michalowsky,Bernhard,0000-0002-3425-0089,A5088093819,PERSON,PROFILE_ACCEPTED,1,6,13,2021,2026
person:eqmember:17805,Bram Roudijk,Roudijk,Bram,0000-0001-5000-0875,A5028508726,PERSON,PROFILE_ACCEPTED,1,7,45,2017,2026
person:eqmember:17807,Brendan Mulhern,Mulhern,Brendan,0000-0003-3656-8063,A5090013218,PERSON,PROFILE_ACCEPTED,1,13,78,2014,2026
person:eqmember:17809,Caitlyn Solem,Solem,Caitlyn,,A5090387330,PERSON,PROFILE_ACCEPTED,1,0,0,,
person:eqmember:17811,Carlos Wong,Wong,Carlos,0000-0002-6895-6071,A5041610413,PERSON,PROFILE_ACCEPTED,1,6,9,2019,2026
person:eqmember:17815,Chris Sampson,Sampson,Chris,0000-0001-9470-2369,A5002636040,PERSON,PROFILE_ACCEPTED,1,3,4,2022,2025
person:eqmember:17817,Claire Gudex,Gudex,Claire,0000-0003-3881-9890,A5047944478,PERSON,PROFILE_ACCEPTED,1,1,7,2011,2025
person:eqmember:17819,Clara Mukuria,Mukuria,Clara,0000-0003-4318-1481,A5043083823,PERSON,PROFILE_ACCEPTED,1,6,35,2019,2026
person:eqmember:17821,David Mott,Mott,David,0000-0001-5959-8447,A5009132187,PERSON,PROFILE_NOT_ACCEPTED_FOR_DISCOVERY,1,2,5,2021,2025
person:eqmember:17823,David Parkin,Parkin,David,0000-0002-9990-8208,A5081956728,PERSON,PROFILE_NOT_ACCEPTED_FOR_DISCOVERY,1,1,10,2011,2025
person:eqmember:17825,David Whitehurst,Whitehurst,David,0000-0002-7890-6756,A5045933977,PERSON,PROFILE_ACCEPTED,1,1,6,2021,2025
person:eqmember:17827,Deborah Street,Street,Deborah,0000-0002-4476-0656,A5053497885,PERSON,PROFILE_ACCEPTED,1,1,8,2019,2026
person:eqmember:17829,Des Scott,Scott,Des,0000-0003-3943-7392,A5038664789,PERSON,PROFILE_ACCEPTED,1,1,11,2017,2025
person:eqmember:17831,Dominik Golicki,Golicki,Dominik,0000-0001-7741-4760,A5035126117,PERSON,PROFILE_ACCEPTED,1,10,16,2012,2026
person:eqmember:17833,Donna Rowen,Rowen,Donna,0000-0003-3018-5109,A5067226056,PERSON,PROFILE_ACCEPTED,1,5,17,2014,2026
person:eqmember:17835,Eleanor Pullenayegum,Pullenayegum,Eleanor,0000-0003-4265-1330,A5029465719,PERSON,PROFILE_ACCEPTED,1,6,29,2013,2026
person:eqmember:17837,Elly Stolk,Stolk,Elly,0000-0001-5968-0416,A5033903811,PERSON,PROFILE_ACCEPTED,1,11,49,2013,2026
person:eqmember:17839,Erica Lubetkin,Lubetkin,Erica,0000-0001-9962-7775,A5037314317,PERSON,PROFILE_ACCEPTED,1,0,16,2010,2026
person:eqmember:17841,Ernest Law,Law,Ernest,0000-0002-6111-8008,A5040405517,PERSON,PROFILE_ACCEPTED,1,0,5,2017,2020
person:eqmember:17843,Fan Yang,Yang,Fan,0000-0003-4689-265x,A5056976700,PERSON,PROFILE_NOT_ACCEPTED_FOR_DISCOVERY,1,0,3,2018,2021
person:eqmember:17845,Fanni Rencz,Rencz,Fanni,0000-0001-9674-620x,A5024021740,PERSON,PROFILE_ACCEPTED,1,6,40,2016,2026
person:eqmember:17847,Fatima Al Sayah,Sayah,Fatima Al,0000-0003-3891-5452,A5026033494,PERSON,PROFILE_ACCEPTED,1,13,29,2015,2026
person:eqmember:17849,Federico Augustovski,Augustovski,Federico,0000-0002-2914-5022,A5053077563,PERSON,PROFILE_ACCEPTED,1,10,14,2013,2026
person:eqmember:17851,Feng Xie,Xie,Feng,0000-0003-3454-6266,A5102994482,PERSON,PROFILE_NOT_ACCEPTED_FOR_DISCOVERY,1,22,41,2013,2026
person:eqmember:17853,Frank De Charro,Charro,Frank De,,,PERSON,PROFILE_NOT_ACCEPTED_FOR_DISCOVERY,1,1,2,2012,2014
person:eqmember:17855,Fredrick Purba,Purba,Fredrick,0000-0002-7336-3043,A5059806422,PERSON,PROFILE_ACCEPTED,1,16,33,2017,2026
person:eqmember:17861,Gouke Bonsel,Bonsel,Gouke,0000-0002-8364-1086,A5047977076,PERSON,PROFILE_ACCEPTED,1,9,42,2010,2026
person:eqmember:17863,Hannah Penton,Penton,Hannah,0000-0001-9492-7875,A5056335393,PERSON,PROFILE_ACCEPTED,1,3,1,2024,2024
person:eqmember:17865,Harri Sintonen,Sintonen,Harri,0000-0003-1252-0946,A5032927955,PERSON,PROFILE_ACCEPTED,1,0,0,,
person:eqmember:17867,Henry Bailey,Bailey,Henry,0000-0002-4479-9948,A5090969739,PERSON,PROFILE_ACCEPTED,1,6,11,2018,2025
person:eqmember:17869,Ines Buchholz,Buchholz,Ines,0000-0001-9729-6992,A5043257626,PERSON,PROFILE_ACCEPTED,1,2,8,2018,2026
person:eqmember:17871,James Shaw,Shaw,James,0000-0002-7019-3720,A5055862397,PERSON,PROFILE_NOT_ACCEPTED_FOR_DISCOVERY,1,0,6,2019,2024
person:eqmember:17873,Jan Abel Olsen,Olsen,Jan Abel,0000-0001-9472-2669,A5052181611,PERSON,PROFILE_ACCEPTED,1,3,5,2022,2026
person:eqmember:17875,Jan Busschbach,Busschbach,Jan,0000-0002-8602-0381,A5020122364,PERSON,PROFILE_ACCEPTED,1,5,38,2012,2026
person:eqmember:17877,Janine Verstraete,Verstraete,Janine,0000-0002-1148-4747,A5006452129,PERSON,PROFILE_ACCEPTED,1,13,32,2018,2026
person:eqmember:17879,Jeffrey Johnson,Johnson,Jeffrey,0000-0001-8290-2857,A5067514299,PERSON,PROFILE_NOT_ACCEPTED_FOR_DISCOVERY,1,13,29,2015,2025
person:eqmember:17881,Jennifer Jelsma,Jelsma,Jennifer,0000-0003-4049-8395,A5064611767,PERSON,PROFILE_ACCEPTED,1,11,15,2010,2026
person:eqmember:17883,Johannes Clouth,Clouth,Johannes,,,PERSON,PROFILE_NOT_ACCEPTED_FOR_DISCOVERY,1,0,0,,
person:eqmember:17885,John Brazier,Brazier,John,0000-0001-8645-4780,A5007276743,PERSON,PROFILE_NOT_ACCEPTED_FOR_DISCOVERY,1,3,17,2005,2024
person:eqmember:17887,John Hartman,Hartman,John,,,PERSON,PROFILE_NOT_ACCEPTED_FOR_DISCOVERY,1,3,0,,
person:eqmember:17889,John Yfantopoulos,Yfantopoulos,John,0000-0003-0424-6887,A5050078092,PERSON,PROFILE_ACCEPTED,1,1,4,2021,2024
person:eqmember:17891,Juan Cabasés,Cabasés,Juan,0000-0003-0207-4137,A5039017875,PERSON,PROFILE_ACCEPTED,1,0,2,2013,2023
person:eqmember:17893,Juan M. Ramos-Goñi,Ramos-Goñi,Juan M.,0000-0002-9568-5190,A5047957689,PERSON,PROFILE_ACCEPTED,1,9,40,2013,2025
person:eqmember:17895,Juanita Haagsma,Haagsma,Juanita,0000-0002-2055-548x,A5060133399,PERSON,PROFILE_ACCEPTED,1,17,35,2017,2026
person:eqmember:17897,Kim Rand,Rand,Kim,0000-0001-7692-4099,A5041551368,PERSON,PROFILE_ACCEPTED,1,14,34,2014,2026
person:eqmember:17899,Knut Stavem,Stavem,Knut,0000-0003-4512-8000,A5033845511,PERSON,PROFILE_ACCEPTED,1,1,5,2022,2026
person:eqmember:17901,Koonal Shah,Shah,Koonal,0000-0002-4927-7858,A5083575745,PERSON,PROFILE_ACCEPTED,1,8,36,2014,2025
person:eqmember:17905,Kristina Ludwig,Ludwig,Kristina,0000-0002-4306-4667,A5035184665,PERSON,PROFILE_NOT_ACCEPTED_FOR_DISCOVERY,1,1,13,2017,2025
person:eqmember:17907,Kristina Secnik Boye,Boye,Kristina Secnik,0000-0002-5953-5929,A5039006946,PERSON,PROFILE_ACCEPTED,1,0,3,2019,2020
person:eqmember:17909,Leida Lamers,Lamers,Leida,,,PERSON,PROFILE_NOT_ACCEPTED_FOR_DISCOVERY,1,0,0,,
person:eqmember:17911,Lidia Engel,Engel,Lidia,0000-0002-7959-3149,A5039737173,PERSON,PROFILE_ACCEPTED,1,6,31,2020,2026
person:eqmember:17913,Ling-Hsiang Chuang,Chuang,Ling-Hsiang,0000-0001-8043-0411,A5057802030,PERSON,PROFILE_ACCEPTED,1,3,5,2019,2025
person:eqmember:17914,Liv Ariane Augestad,Augestad,Liv Ariane,0000-0003-3330-5081,A5054297438,PERSON,PROFILE_ACCEPTED,1,0,3,2017,2020
person:eqmember:17916,Louise Longworth,Longworth,Louise,0000-0003-2512-4862,A5046647690,PERSON,PROFILE_ACCEPTED,1,4,11,2014,2026
person:eqmember:17918,Lucila Rey Ares,Ares,Lucila Rey,,A5045433583,PERSON,PROFILE_ACCEPTED,1,2,3,2013,2026
person:eqmember:17920,Marcel Jonker,Jonker,Marcel,0000-0001-8433-1402,A5063358434,PERSON,PROFILE_ACCEPTED,1,18,22,2016,2026
person:eqmember:17922,Marisa Da Santos,Santos,Marisa Da,0000-0002-2174-6800,A5070231679,PERSON,PROFILE_ACCEPTED,1,2,4,2017,2025
person:eqmember:17924,Mark Oppe,Oppe,Mark,0000-0003-4286-8855,A5023709885,PERSON,PROFILE_ACCEPTED,1,5,23,2013,2025
person:eqmember:17928,Matthijs Versteegh,Versteegh,Matthijs,0000-0003-4804-235x,A5086031530,PERSON,PROFILE_ACCEPTED,1,2,7,2013,2023
person:eqmember:17930,Michael Herdman,Herdman,Michael,0000-0002-8189-5357,A5006750775,PERSON,PROFILE_ACCEPTED,1,2,41,2010,2026
person:eqmember:17934,Michał Jakubczyk,Jakubczyk,Michał,0000-0002-0006-6769,A5015781187,PERSON,PROFILE_ACCEPTED,1,14,16,2017,2026
person:eqmember:17936,Mihir Gandhi,Gandhi,Mihir,0000-0002-8902-2710,A5112963139,PERSON,PROFILE_NOT_ACCEPTED_FOR_DISCOVERY,1,3,6,2017,2025
person:eqmember:17937,Milad Karimi,Karimi,Milad,0000-0002-5298-174x,A5076374306,PERSON,PROFILE_NOT_ACCEPTED_FOR_DISCOVERY,1,2,5,2018,2025
person:eqmember:17938,Mimmi Åström,Åström,Mimmi,0000-0002-6711-5262,A5055089597,PERSON,PROFILE_ACCEPTED,1,3,6,2014,2026
person:eqmember:17940,Min-Woo Jo,Jo,Min-Woo,0000-0002-4574-1318,A5015763173,PERSON,PROFILE_ACCEPTED,1,0,4,2016,2022
person:eqmember:17942,Minghui Li,Li,Minghui,0000-0003-3673-5925,,PERSON,PROFILE_NOT_ACCEPTED_FOR_DISCOVERY,1,2,3,2012,2013
person:eqmember:17944,Nan Luo,Luo,Nan,0000-0001-7980-6979,A5064398143,PERSON,PROFILE_NOT_ACCEPTED_FOR_DISCOVERY,1,55,94,2012,2026
person:eqmember:17946,Nancy Devlin,Devlin,Nancy,0000-0002-1561-5361,A5103206776,PERSON,PROFILE_ACCEPTED,1,21,102,2004,2026
person:eqmember:17948,Narcis Gusi,Gusi,Narcis,0000-0002-1001-8883,A5042480120,PERSON,PROFILE_ACCEPTED,1,2,6,2010,2022
person:eqmember:17952,Nick Bansback,Bansback,Nick,0000-0002-1510-3462,A5052496992,PERSON,PROFILE_ACCEPTED,1,7,16,2014,2026
person:eqmember:17954,Nils Gutacker,Gutacker,Nils,0000-0002-2833-0621,A5023093255,PERSON,PROFILE_ACCEPTED,1,8,7,2016,2025
person:eqmember:17956,Ning Yan Gu,Gu,Ning Yan,0000-0002-1250-7605,A5063972558,PERSON,PROFILE_NOT_ACCEPTED_FOR_DISCOVERY,1,4,17,2021,2025
person:eqmember:17958,Ole Marten,Marten,Ole,0000-0002-2576-9110,A5033160244,PERSON,PROFILE_ACCEPTED,1,3,14,2020,2026
person:eqmember:17960,Oliver Rivero-Arias,Rivero-Arias,Oliver,0000-0003-2233-6544,A5121462085,PERSON,PROFILE_ACCEPTED,1,3,21,2013,2026
person:eqmember:17962,Paul Kind,Kind,Paul,0000-0003-2377-1652,A5013594779,PERSON,PROFILE_ACCEPTED,1,13,14,2010,2025
person:eqmember:17964,Paul Krabbe,Krabbe,Paul,0000-0001-6042-1243,A5061371202,PERSON,PROFILE_ACCEPTED,1,1,9,2013,2020
person:eqmember:17966,Paula Lorgelly,Lorgelly,Paula,0000-0002-8990-9514,A5027424571,PERSON,PROFILE_ACCEPTED,1,8,1,2026,2026
person:eqmember:17968,Peep Stalmeier,Stalmeier,Peep,0000-0002-7553-562x,A5013523692,PERSON,PROFILE_ACCEPTED,1,4,13,2014,2026
person:eqmember:17973,Richard Brooks,Brooks,Richard,,,PERSON,PROFILE_NOT_ACCEPTED_FOR_DISCOVERY,1,0,2,2017,2020
person:eqmember:17974,Richard Norman,Norman,Richard,0000-0002-3112-3893,A5101841802,PERSON,PROFILE_ACCEPTED,1,6,38,2017,2026
person:eqmember:17976,Rosalie Viney,Viney,Rosalie,0000-0002-0039-9635,A5076742980,PERSON,PROFILE_ACCEPTED,1,3,28,2015,2026
person:eqmember:17978,Rosalind de Charro,Charro,Rosalind de,,,PERSON,PROFILE_NOT_ACCEPTED_FOR_DISCOVERY,1,0,0,,
person:eqmember:17980,Ruixuan Jiang,Jiang,Ruixuan,0000-0003-1737-2989,A5049026946,PERSON,PROFILE_NOT_ACCEPTED_FOR_DISCOVERY,1,0,7,2019,2023
person:eqmember:17982,Sarah Derrett,Derrett,Sarah,0000-0003-2867-0498,A5021576811,PERSON,PROFILE_ACCEPTED,1,5,12,2014,2026
person:eqmember:17984,Sarah Dewilde,Dewilde,Sarah,0000-0002-7315-3230,A5043932217,PERSON,PROFILE_ACCEPTED,1,5,4,2022,2025
person:eqmember:17988,Simon Pickard,Pickard,Simon,0000-0001-5645-7091,A5058888906,PERSON,PROFILE_ACCEPTED,1,10,42,2010,2026
person:eqmember:17990,Simone Schieskow,Schieskow,Simone,,A5117152200,PERSON,PROFILE_ACCEPTED,1,1,3,2025,2026
person:eqmember:17992,Stefan Lipman,Lipman,Stefan,0000-0002-8784-9650,A5078862538,PERSON,PROFILE_ACCEPTED,1,11,24,2020,2026
person:eqmember:17994,Stirling Bryan,Bryan,Stirling,0000-0001-7093-3058,A5015667412,PERSON,PROFILE_ACCEPTED,1,2,6,2015,2026
person:eqmember:17996,Sun Sun,Sun,Sun,0000-0001-5948-3025,A5081188742,PERSON,PROFILE_NOT_ACCEPTED_FOR_DISCOVERY,1,1,3,2020,2022
person:eqmember:17998,Tessa Peasgood,Peasgood,Tessa,0000-0001-8024-7801,A5022446221,PERSON,PROFILE_ACCEPTED,1,12,39,2020,2026
person:eqmember:18000,thomas kohlmann,kohlmann,thomas,0000-0002-5956-8309,A5031953969,PERSON,PROFILE_ACCEPTED,1,1,11,2012,2025
person:eqmember:18002,Tianxin Pan,Pan,Tianxin,0000-0002-2243-8818,A5044860561,PERSON,PROFILE_ACCEPTED,1,5,15,2021,2026
person:eqmember:18004,Trudy Sullivan,Sullivan,Trudy,0000-0001-8452-2591,A5022698267,PERSON,PROFILE_ACCEPTED,1,2,6,2019,2026
person:eqmember:18006,Valentina Prevolnik Rupel,Rupel,Valentina Prevolnik,0000-0002-1238-7156,A5091343801,PERSON,PROFILE_ACCEPTED,1,5,7,2016,2025
person:eqmember:18008,victor zarate,zarate,victor,0000-0001-9145-3694,A5074565937,PERSON,PROFILE_ACCEPTED,1,6,1,2025,2025
person:eqmember:18010,Wolfgang Greiner,Greiner,Wolfgang,0000-0001-9552-6969,A5001823062,PERSON,PROFILE_ACCEPTED,1,12,25,2010,2024
person:eqmember:18012,Xuejing Jin,Jin,Xuejing,0000-0003-3513-2364,A5008581679,PERSON,PROFILE_ACCEPTED,1,2,7,2015,2024
person:eqmember:18014,yaling Yang,Yang,yaling,,,PERSON,PROFILE_NOT_ACCEPTED_FOR_DISCOVERY,1,3,5,2022,2026
person:eqmember:18016,Yan Feng,Feng,Yan,0000-0001-8663-6859,A5027316988,PERSON,PROFILE_NOT_ACCEPTED_FOR_DISCOVERY,1,5,12,2015,2025
person:eqmember:18018,You-Shan Feng,Feng,You-Shan,0000-0003-1509-3409,A5091571513,PERSON,PROFILE_ACCEPTED,1,11,11,2012,2026
person:eqmember:18019,Zhihao Yang,Yang,Zhihao,0000-0001-5468-0847,A5028809099,PERSON,PROFILE_NOT_ACCEPTED_FOR_DISCOVERY,1,22,59,2017,2026
person:eqmember:18021,Zhuxin Mao,Mao,Zhuxin,0000-0002-7444-1584,A5002022038,PERSON,PROFILE_ACCEPTED,1,8,13,2021,2026
person:eqmember:18646,Edward Webb,Webb,Edward,0000-0001-7918-839x,A5011344482,PERSON,PROFILE_NOT_ACCEPTED_FOR_DISCOVERY,1,2,2,2021,2024
person:eqmember:18648,Rachel Tan,Tan,Rachel,0000-0002-4610-1195,A5047279366,PERSON,PROFILE_NOT_ACCEPTED_FOR_DISCOVERY,1,0,12,2019,2025
person:eqmember:19003,Aureliano Finch,Finch,Aureliano,0000-0003-1438-321x,A5055927783,PERSON,PROFILE_ACCEPTED,1,4,27,2021,2026
person:eqmember:19005,Bas Janssen,Janssen,Bas,0000-0001-6602-6949,A5020933378,PERSON,PROFILE_NOT_ACCEPTED_FOR_DISCOVERY,1,10,62,2010,2026
person:eqmember:19028,Ling Jie Cheng,Cheng,Ling Jie,0000-0002-5338-578x,A5082193621,PERSON,PROFILE_NOT_ACCEPTED_FOR_DISCOVERY,1,8,7,2023,2026
person:eqmember:19030,Maja Kuharic,Kuharic,Maja,0000-0003-3696-9086,A5007210675,PERSON,PROFILE_ACCEPTED,1,7,16,2020,2026
person:eqmember:19032,Mina Bahrampour,Bahrampour,Mina,0000-0002-6915-1865,A5068470091,PERSON,PROFILE_ACCEPTED,1,3,7,2023,2026
person:eqmember:19179,Márta Péntek,Péntek,Márta,0000-0001-9636-6012,A5064557440,PERSON,PROFILE_ACCEPTED,1,0,2,2016,2020
person:eqmember:19813,Benjamin Matthew Craig,Craig,Benjamin Matthew,0000-0003-1121-1316,A5029949490,PERSON,PROFILE_ACCEPTED,1,15,23,2014,2026
person:eqmember:21548,Ulrike Ravens-Sieberer,Ravens-Sieberer,Ulrike,0000-0002-2031-095x,A5049804622,PERSON,PROFILE_ACCEPTED,1,1,4,2010,2019
person:eqmember:21551,Alice Yu,Yu,Alice,0000-0003-2444-0505,,PERSON,PROFILE_NOT_ACCEPTED_FOR_DISCOVERY,1,5,4,2025,2026
person:eqmember:21677,Cate Bailey,Bailey,Cate,0000-0001-5030-430x,A5020867003,PERSON,PROFILE_ACCEPTED,1,9,11,2024,2026
person:eqmember:21678,Richard Xu,Xu,Richard,0000-0002-4720-5172,A5057171540,PERSON,PROFILE_NOT_ACCEPTED_FOR_DISCOVERY,1,12,9,2019,2026
person:leader:04cf56c7a04c,Kompal Sinha,Sinha,Kompal,0000-0003-4318-6100,A5026880787,PERSON,PROFILE_ACCEPTED,0,1,1,2024,2024
person:leader:0528d2bef677,Iwan van der Horst,Horst,Iwan van der,0000-0003-3891-8522,A5024802434,PERSON,PROFILE_ACCEPTED,0,1,3,2021,2025
person:leader:0687af044b11,Jenny Downs,Downs,Jenny,0000-0001-7358-9037,A5045593878,PERSON,PROFILE_ACCEPTED,0,1,2,2023,2024
person:leader:083cccd0472d,Wojciech Trzebiński,Trzebiński,Wojciech,,,PERSON,NO_EXTERNAL_PROFILE,0,2,0,,
person:leader:086bfe1b27fe,Minh Pham,Pham,Minh,0000-0003-2974-3484,A5088028488,PERSON,PROFILE_NOT_ACCEPTED_FOR_DISCOVERY,0,3,2,2025,2026
person:leader:08f441c510b7,Taavi Lai,Lai,Taavi,,A5109074641,PERSON,PROFILE_ACCEPTED,0,1,1,2026,2026
person:leader:09fa3c498378,Asrul Shafie,Shafie,Asrul,0000-0002-5629-9270,A5089160643,PERSON,PROFILE_ACCEPTED,0,3,5,2019,2026
person:leader:0a4ba2690908,Paul Schneider,Schneider,Paul,0000-0003-3552-1087,A5007136182,PERSON,PROFILE_NOT_ACCEPTED_FOR_DISCOVERY,0,3,9,2020,2025
person:leader:0e64036a4445,Yiting Luo,Luo,Yiting,,,PERSON,PROFILE_NOT_ACCEPTED_FOR_DISCOVERY,0,3,0,,
person:leader:0e9ad499d04b,Pedro Ferreira,Ferreira,Pedro,0000-0002-9448-9542,,PERSON,PROFILE_NOT_ACCEPTED_FOR_DISCOVERY,0,1,1,2019,2019
person:leader:1064c67128ac,Brigitte Essers,Essers,Brigitte,0000-0002-7703-7114,A5056962219,PERSON,PROFILE_ACCEPTED,0,1,3,2022,2023
person:leader:11e9ccc1a058,Corneliu Bolbocean,Bolbocean,Corneliu,0000-0001-5782-1844,A5018646670,PERSON,PROFILE_ACCEPTED,0,1,0,,
person:leader:16c3b78cea49,Priyanka Banik,Banik,Priyanka,,,PERSON,NO_EXTERNAL_PROFILE,0,1,0,,
person:leader:17f6764f4e92,Stella Heemskerk,Heemskerk,Stella,0000-0002-1320-8084,A5025807986,PERSON,PROFILE_ACCEPTED,0,1,5,2022,2026
person:leader:1a4259c27e31,Hoang Van Mi,Mi,Hoang Van,,,PERSON,NO_EXTERNAL_PROFILE,0,1,0,,
person:leader:1b524ab3f1ea,Marufa Sultana,Sultana,Marufa,0000-0003-2475-6497,A5035318354,PERSON,PROFILE_ACCEPTED,0,3,0,,
person:leader:1e73a1e0f92c,Jiabi Wen,Wen,Jiabi,0000-0001-9579-9625,A5001767251,PERSON,PROFILE_ACCEPTED,0,1,1,2022,2022
person:leader:1ed27ee96b5d,Alexander van Heusden,Heusden,Alexander van,0009-0007-8055-5450,A5070658848,PERSON,PROFILE_NOT_ACCEPTED_FOR_DISCOVERY,0,1,5,2023,2025
person:leader:206cc1095a3f,Irina Kinchin,Kinchin,Irina,0000-0003-0133-2763,A5054485095,PERSON,PROFILE_ACCEPTED,0,3,2,2025,2025
person:leader:22c287b45ebd,Carrie-Anne Ng,Ng,Carrie-Anne,0000-0001-9326-8492,A5035818265,PERSON,PROFILE_NOT_ACCEPTED_FOR_DISCOVERY,0,1,1,2026,2026
person:leader:2457503d9523,KM Vermeulen,Vermeulen,KM,,A5110324582,PERSON,PROFILE_ACCEPTED,0,1,0,,
person:leader:27feb927c5f2,Erwin Birnie,Birnie,Erwin,0000-0002-4534-4857,A5023843843,PERSON,PROFILE_ACCEPTED,0,1,5,2022,2026
person:leader:2a625746ba9f,Elizabeth Tompkins,Tompkins,Elizabeth,,,PERSON,NO_EXTERNAL_PROFILE,0,1,0,,
person:leader:2a71a5f6076e,Jan Heijdra Suasnabar,Suasnabar,Jan Heijdra,0000-0002-8057-1318,A5050459768,PERSON,PROFILE_ACCEPTED,0,2,1,2024,2024
person:leader:2ca10efb7941,Merhawit Gerezgiher,Gerezgiher,Merhawit,,,PERSON,NO_EXTERNAL_PROFILE,0,1,0,,
person:leader:2cb6b74c1c35,Eszter Szlávicz,Szlávicz,Eszter,0000-0002-1083-0994,A5086041403,PERSON,PROFILE_ACCEPTED,0,1,0,,
person:leader:2f6e9bb0322d,Janine van Til,Til,Janine van,0000-0002-5416-5893,A5070605387,PERSON,PROFILE_ACCEPTED,0,1,1,2026,2026
person:leader:2fd1b3a52d2e,Sofia Vallejo,Vallejo,Sofia,,,PERSON,NO_EXTERNAL_PROFILE,0,1,0,,
person:leader:3063ea56e68a,Alexander Arons,Arons,Alexander,,A5044999875,PERSON,PROFILE_ACCEPTED,0,5,0,,
person:leader:319f4d5520bf,Yap Xin Yi,Yi,Yap Xin,0000-0002-7135-6325,,PERSON,PROFILE_NOT_ACCEPTED_FOR_DISCOVERY,0,1,0,,
person:leader:31a5417532b0,Eliza Wong,Wong,Eliza,0000-0001-9983-6219,A5033480820,PERSON,PROFILE_ACCEPTED,0,1,7,2017,2026
person:leader:320b99af03c2,María Belizán,Belizán,María,0000-0002-8739-5249,A5058351382,PERSON,PROFILE_ACCEPTED,0,3,9,2020,2026
person:leader:33ce5d686145,Ciaran O'Neill,O'Neill,Ciaran,0000-0001-7668-3934,A5016414995,PERSON,PROFILE_ACCEPTED,0,1,13,2018,2026
person:leader:33e259cba916,Jessica Roydhouse,Roydhouse,Jessica,0000-0002-8025-5841,A5010221662,PERSON,PROFILE_ACCEPTED,0,2,1,2026,2026
person:leader:35b2f2d48116,Cathrine Elgaard Jensen,Jensen,Cathrine Elgaard,0000-0001-7300-254x,A5102727513,PERSON,PROFILE_ACCEPTED,0,1,4,2021,2025
person:leader:3722354a14bd,Abeer Al Rabayah,Rabayah,Abeer Al,0000-0003-2952-9103,A5058964513,PERSON,PROFILE_ACCEPTED,0,1,2,2024,2026
person:leader:39e3bb2019e3,Samar Farid,Farid,Samar,0000-0002-6048-847x,A5091305227,PERSON,PROFILE_NOT_ACCEPTED_FOR_DISCOVERY,0,11,7,2021,2026
person:leader:3a021deb0a29,Rebecca Addo,Addo,Rebecca,0000-0002-5970-1122,A5005424373,PERSON,PROFILE_ACCEPTED,0,1,4,2022,2024
person:leader:3e574b51f63b,Ilan Koppen,Koppen,Ilan,0000-0002-1856-0968,A5031557006,PERSON,PROFILE_ACCEPTED,0,1,0,,
person:leader:4001f58df21c,Takeru Shiroiwa,Shiroiwa,Takeru,0000-0003-3055-9932,A5007564965,PERSON,PROFILE_ACCEPTED,0,2,2,2016,2021
person:leader:41a7c337ba63,Cynthia L. Gong,Gong,Cynthia L.,0000-0003-0159-1335,A5101451604,PERSON,PROFILE_ACCEPTED,0,1,6,2019,2025
person:leader:43591e890911,Clement Cheuk Wai Ng,Ng,Clement Cheuk Wai,,,PERSON,PROFILE_NOT_ACCEPTED_FOR_DISCOVERY,0,3,0,,
person:leader:44719d5c83d6,Luis Rajmil,Rajmil,Luis,0000-0002-6625-0649,A5000326162,PERSON,PROFILE_ACCEPTED,0,1,1,2019,2019
person:leader:45165c7286a7,Meles Tekie,Tekie,Meles,,,PERSON,NO_EXTERNAL_PROFILE,0,1,0,,
person:leader:45e0db20f70b,Ava Hoogenboom,Hoogenboom,Ava,0009-0004-2252-454x,A5117116214,PERSON,PROFILE_ACCEPTED,0,1,1,2025,2025
person:leader:46d6ae1ea3cd,Nicholas Smeele,Smeele,Nicholas,,,PERSON,NO_EXTERNAL_PROFILE,0,1,0,,
person:leader:49d1d576ca39,Gerkens Sophie,Sophie,Gerkens,0000-0001-6211-3471,A5063513647,PERSON,PROFILE_ACCEPTED,0,1,1,2022,2022
person:leader:4a3a47051430,Gordon Liu,Liu,Gordon,,,PERSON,PROFILE_NOT_ACCEPTED_FOR_DISCOVERY,0,1,2,2017,2018
person:leader:4a5cd1710c94,Emily McDool,McDool,Emily,0000-0002-3530-7921,A5006458172,PERSON,PROFILE_ACCEPTED,0,3,6,2022,2026
person:leader:4a644920a969,Katie Page,Page,Katie,0000-0001-9183-9175,,PERSON,PROFILE_NOT_ACCEPTED_FOR_DISCOVERY,0,1,2,2022,2025
person:leader:4c5021828c2c,Josephine Walker,Walker,Josephine,0000-0002-9732-5738,,PERSON,PROFILE_NOT_ACCEPTED_FOR_DISCOVERY,0,1,0,,
person:leader:4fa690feeeb8,Oriana Ciani,Ciani,Oriana,0000-0002-3607-0508,A5008052793,PERSON,PROFILE_ACCEPTED,0,1,2,2021,2022
person:leader:509e281c560b,Raf Van Gestel,Gestel,Raf Van,,,PERSON,NO_EXTERNAL_PROFILE,0,1,0,,
person:leader:50cca9cff5d9,Kim Dalziel,Dalziel,Kim,0000-0003-4972-8871,A5078953009,PERSON,PROFILE_ACCEPTED,0,4,28,2021,2026
person:leader:510242c8d95e,Lucky Ngwira,Ngwira,Lucky,0000-0002-2695-8917,A5063482306,PERSON,PROFILE_ACCEPTED,0,5,6,2021,2026
person:leader:521652db691b,Haode Wang,Wang,Haode,0000-0002-0759-7087,A5073060343,PERSON,PROFILE_ACCEPTED,0,2,2,2023,2026
person:leader:5254d920d75f,Jeremy Dietz,Dietz,Jeremy,,A5078556304,PERSON,PROFILE_ACCEPTED,0,1,0,,
person:leader:53444d26184b,Hsiang-Wen Lin,Lin,Hsiang-Wen,0000-0002-6771-6746,A5003956817,PERSON,PROFILE_ACCEPTED,0,1,4,2018,2024
person:leader:557995e71b4d,Shunya Ikeda,Ikeda,Shunya,0000-0002-1866-2155,A5064794823,PERSON,PROFILE_NOT_ACCEPTED_FOR_DISCOVERY,0,2,3,2016,2021
person:leader:55f142e2e36b,Emma Pleeging,Pleeging,Emma,,,PERSON,NO_EXTERNAL_PROFILE,0,1,0,,
person:leader:570ea90166a5,Nadine Zawadzkli,Zawadzkli,Nadine,,,PERSON,NO_EXTERNAL_PROFILE,0,1,0,,
person:leader:58f9f9b702a9,Rini Noviyani,Noviyani,Rini,,,PERSON,NO_EXTERNAL_PROFILE,0,1,0,,
person:leader:5b6527858de5,Kristina Burström,Burström,Kristina,0000-0001-9996-4317,A5005862614,PERSON,PROFILE_ACCEPTED,0,1,16,2010,2023
person:leader:5c39051179f9,Maureen Rutten-van Molken,Molken,Maureen Rutten-van,0000-0001-8706-3159,A5010272673,PERSON,PROFILE_ACCEPTED,0,1,3,2016,2021
person:leader:5c483f3c95b6,Tomos Robinson,Robinson,Tomos,0000-0001-8695-9738,A5048830550,PERSON,PROFILE_ACCEPTED,0,1,2,2022,2024
person:leader:5cc7e060e9e2,Lina Maria Serna Higuita,Higuita,Lina Maria Serna,0000-0001-5182-8295,,PERSON,PROFILE_NOT_ACCEPTED_FOR_DISCOVERY,0,1,0,,
person:leader:5f455f61d442,Alex Bató,Bató,Alex,0000-0002-1450-4790,A5009546494,PERSON,PROFILE_ACCEPTED,0,2,2,2022,2022
person:leader:5fdc94f27d8c,Girma Tekle Gebremariam,Gebremariam,Girma Tekle,0000-0002-2747-7955,A5008650274,PERSON,PROFILE_ACCEPTED,0,1,2,2024,2026
person:leader:602c131b5ab8,Emelie Heintz,Heintz,Emelie,0000-0002-0715-7591,A5052327641,PERSON,PROFILE_ACCEPTED,0,1,6,2019,2026
person:leader:606823d7ed51,Stevanus Pangestu,Pangestu,Stevanus,0000-0003-2546-9449,A5033743427,PERSON,PROFILE_ACCEPTED,0,4,7,2024,2026
person:leader:63cb6b329986,Jill Carlton,Carlton,Jill,0000-0002-9373-7663,A5051490866,PERSON,PROFILE_ACCEPTED,0,2,18,2016,2026
person:leader:647ca7dfed2e,Hesam Ghiasvand,Ghiasvand,Hesam,0000-0002-3110-6954,A5011771775,PERSON,PROFILE_ACCEPTED,0,1,0,,
person:leader:659c3176bede,Helen Harcombe,Harcombe,Helen,0000-0002-2612-1789,A5081829233,PERSON,PROFILE_ACCEPTED,0,1,0,,
person:leader:676057ab3f0a,Martijn Doeleman,Doeleman,Martijn,0000-0003-4786-4108,A5038383689,PERSON,PROFILE_ACCEPTED,0,1,0,,
person:leader:681e21cecf79,Mark Sculpher,Sculpher,Mark,0000-0003-3746-9913,A5060049178,PERSON,PROFILE_ACCEPTED,0,1,2,2021,2023
person:leader:697a63a74011,Soumana Chamoun Nasser,Nasser,Soumana Chamoun,0000-0003-4202-7116,A5029600163,PERSON,PROFILE_ACCEPTED,0,1,2,2025,2026
person:leader:6998de5ea5d5,Deborah Marshall,Marshall,Deborah,0000-0002-8467-8008,A5049401142,PERSON,PROFILE_ACCEPTED,0,1,8,2019,2025
person:leader:69d083490dab,Jose Luis Pinto-Prades,Pinto-Prades,Jose Luis,0000-0002-9684-3410,A5017788431,PERSON,PROFILE_ACCEPTED,0,1,2,2016,2017
person:leader:6aff23c41f98,Eri Hoshino,Hoshino,Eri,0000-0003-2308-2048,,PERSON,PROFILE_NOT_ACCEPTED_FOR_DISCOVERY,0,1,0,,
person:leader:6b971e7fb4c3,Jonathan Nazari,Nazari,Jonathan,,,PERSON,PROFILE_NOT_ACCEPTED_FOR_DISCOVERY,0,3,2,2025,2025
person:leader:6c1ce204e291,Chris Flood,Flood,Chris,,,PERSON,NO_EXTERNAL_PROFILE,0,1,0,,
person:leader:6cc4c9299d70,Goitom Molalign Takele,Takele,Goitom Molalign,0000-0002-9344-3390,A5009462612,PERSON,PROFILE_ACCEPTED,0,4,1,2026,2026
person:leader:6dd0ed1ee17e,Abdulmuminu Isah,Isah,Abdulmuminu,0000-0002-1349-6434,A5024575926,PERSON,PROFILE_ACCEPTED,0,1,0,,
person:leader:6fe4e81455db,Maksat Jumamyradov,Jumamyradov,Maksat,0009-0008-0180-7224,A5067862987,PERSON,PROFILE_ACCEPTED,0,3,7,2023,2025
person:leader:708432e727df,Yirga Legesse Niriayo,Niriayo,Yirga Legesse,0000-0002-6943-753x,A5025678242,PERSON,PROFILE_ACCEPTED,0,1,1,2025,2025
person:leader:73598c4735dd,Wenjing Zhou,Zhou,Wenjing,0000-0003-0770-4564,A5080372262,PERSON,PROFILE_ACCEPTED,0,4,6,2021,2025
person:leader:7709fc0eb80b,Hajer Falfel,Falfel,Hajer,,,PERSON,NO_EXTERNAL_PROFILE,0,1,0,,
person:leader:78acf91f717f,Katy Gallop,Gallop,Katy,0000-0002-6826-3865,A5091811569,PERSON,PROFILE_ACCEPTED,0,4,1,2025,2025
person:leader:78f0dc6cb8d8,Arthur Attema,Attema,Arthur,0000-0003-3607-6579,A5082166488,PERSON,PROFILE_ACCEPTED,0,4,11,2013,2026
person:leader:79b180e028d2,Daliya Kaskirbayeva,Kaskirbayeva,Daliya,,,PERSON,NO_EXTERNAL_PROFILE,0,1,0,,
person:leader:7c20f6644adc,Jan Henrik Terheyden,Terheyden,Jan Henrik,0000-0002-0174-4066,A5069023369,PERSON,PROFILE_ACCEPTED,0,1,0,,
person:leader:7cbcaccdbedd,Edwine Barasa,Barasa,Edwine,,,PERSON,NO_EXTERNAL_PROFILE,0,1,0,,
person:leader:7cc6d6bc4d21,Afewerki Gebremeskel,Gebremeskel,Afewerki,,,PERSON,NO_EXTERNAL_PROFILE,0,1,0,,
person:leader:7fbd807010a1,Kidu Gidey,Gidey,Kidu,0000-0002-7363-1327,A5040157120,PERSON,PROFILE_ACCEPTED,0,1,1,2025,2025
person:leader:80409a103005,Juan Pedro Alonso,Alonso,Juan Pedro,,,PERSON,PROFILE_NOT_ACCEPTED_FOR_DISCOVERY,0,1,0,,
person:leader:81812806310c,Alexander Geissler,Geissler,Alexander,0000-0002-7445-2929,,PERSON,PROFILE_NOT_ACCEPTED_FOR_DISCOVERY,0,1,1,2024,2024
person:leader:82320ccd878a,Gisela Cristiane Miyamoto,Miyamoto,Gisela Cristiane,0000-0002-6826-4278,A5024629360,PERSON,PROFILE_ACCEPTED,0,4,2,2024,2025
person:leader:8677f310bcd0,Vivian Reckers-Droog,Reckers-Droog,Vivian,0000-0001-8722-3431,A5121459836,PERSON,PROFILE_ACCEPTED,0,3,6,2021,2025
person:leader:8873fe2331bf,Yifan Ding,Ding,Yifan,0009-0006-8112-628x,A5076822287,PERSON,PROFILE_ACCEPTED,0,1,4,2024,2025
person:leader:8b1b3321c511,Lars Ehlers,Ehlers,Lars,0000-0001-6512-5566,A5054828864,PERSON,PROFILE_NOT_ACCEPTED_FOR_DISCOVERY,0,1,2,2021,2023
person:leader:8d300fb068fd,Martine Hoogendoorn,Hoogendoorn,Martine,0000-0002-7122-9780,A5033706754,PERSON,PROFILE_ACCEPTED,0,2,3,2016,2021
person:leader:8d9ce63b49ad,Xin Zhang,Zhang,Xin,0000-0003-0894-9520,,PERSON,PROFILE_NOT_ACCEPTED_FOR_DISCOVERY,0,2,0,,
person:leader:9298090f50fe,Sandjar Djalalov,Djalalov,Sandjar,,,PERSON,NO_EXTERNAL_PROFILE,0,1,0,,
person:leader:942313d653a7,Gerard De Pouvourville,Pouvourville,Gerard De,0000-0002-5941-6823,A5085975930,PERSON,PROFILE_ACCEPTED,0,2,2,2020,2025
person:leader:97c18766e2ad,Malin Regardt,Regardt,Malin,0000-0002-1908-5708,A5010406225,PERSON,PROFILE_ACCEPTED,0,1,0,,
person:leader:9c090ecdc8b1,Lyazzat Kosherbayeva,Kosherbayeva,Lyazzat,,,PERSON,NO_EXTERNAL_PROFILE,0,1,0,,
person:leader:9f2c2404b4d6,Suzana Karim,Karim,Suzana,0000-0002-3370-1554,A5003389681,PERSON,PROFILE_ACCEPTED,0,3,2,2022,2023
person:leader:a0721a90a44f,Ademola Itiola,Itiola,Ademola,,A5093433205,PERSON,PROFILE_ACCEPTED,0,1,1,2024,2024
person:leader:a1381fb1821a,Jan Verhaar,Verhaar,Jan,0000-0003-3016-9600,A5035697100,PERSON,PROFILE_ACCEPTED,0,1,4,2022,2025
person:leader:a1e1c0434133,Piyameth Dilokthornsakul,Dilokthornsakul,Piyameth,0000-0002-6981-1771,A5013970219,PERSON,PROFILE_ACCEPTED,0,1,0,,
person:leader:a7d2d90e410a,Andrew Lenny,Lenny,Andrew,0000-0002-9325-0062,A5029564514,PERSON,PROFILE_ACCEPTED,0,1,0,,
person:leader:a850393650ee,Beata Koń,Koń,Beata,0000-0003-2190-4546,A5070682056,PERSON,PROFILE_ACCEPTED,0,1,1,2023,2023
person:leader:a88a6c88814a,Rainer Reile,Reile,Rainer,0000-0001-9488-887x,A5036883637,PERSON,PROFILE_ACCEPTED,0,4,1,2026,2026
person:leader:ac6298b56f5c,Margreet Franken,Franken,Margreet,0000-0003-4207-510x,A5089696059,PERSON,PROFILE_ACCEPTED,0,1,0,,
person:leader:ad6bbe401f11,Juntana Pattanaphesaj,Pattanaphesaj,Juntana,0000-0003-1426-6777,A5040546783,PERSON,PROFILE_ACCEPTED,0,1,1,2022,2022
person:leader:ad85e8f1703b,Antony Martin,Martin,Antony,0000-0003-4383-6038,,PERSON,PROFILE_NOT_ACCEPTED_FOR_DISCOVERY,0,1,1,2023,2023
person:leader:adaf068280a4,Jarinne Woudstra-de Jong,Jong,Jarinne Woudstra-de,,,PERSON,NO_EXTERNAL_PROFILE,0,2,0,,
person:leader:b0332ff4018d,Christine Mpundu-Kaambwa,Mpundu-Kaambwa,Christine,0000-0002-8152-6068,A5020619329,PERSON,PROFILE_ACCEPTED,0,2,3,2024,2026
person:leader:b101d0407270,Sesil Lim,Lim,Sesil,0000-0002-2227-8906,A5010929980,PERSON,NO_EXTERNAL_PROFILE,0,1,1,2018,2018
person:leader:b1d2e25ed336,Ahmed Hamdan AlJedai,AlJedai,Ahmed Hamdan,,,PERSON,NO_EXTERNAL_PROFILE,0,1,0,,
person:leader:b35887d0a9b8,Jeshika Singh,Singh,Jeshika,0000-0003-3321-5481,A5036902866,PERSON,PROFILE_ACCEPTED,0,1,2,2016,2018
person:leader:b35bfd45b345,Felix Masiye,Masiye,Felix,,,PERSON,NO_EXTERNAL_PROFILE,0,1,0,,
person:leader:b37527295362,Katie Spencer,Spencer,Katie,0000-0002-6846-4341,A5073760994,PERSON,PROFILE_ACCEPTED,0,1,1,2022,2022
person:leader:b6c238df2db2,Aaron Winn,Winn,Aaron,0000-0003-2906-3913,A5066367734,PERSON,PROFILE_ACCEPTED,0,1,0,,
person:leader:b74a5997703c,Maresa Buchholz,Buchholz,Maresa,0000-0002-4486-8632,A5061680498,PERSON,PROFILE_NOT_ACCEPTED_FOR_DISCOVERY,0,2,8,2023,2026
person:leader:b80c06c3de7d,Esther de Bekker-Grob,Bekker-Grob,Esther de,,,PERSON,PROFILE_NOT_ACCEPTED_FOR_DISCOVERY,0,1,0,,
person:leader:b939f54e06af,Willem van Veghel,Veghel,Willem van,,A5003208889,PERSON,PROFILE_ACCEPTED,0,1,0,,
person:leader:b95f9aa0caf2,Andrea L. Monteiro,Monteiro,Andrea L.,0000-0001-9763-3485,A5024494805,PERSON,PROFILE_ACCEPTED,0,1,9,2017,2025
person:leader:b9c067658879,Martin Härter,Härter,Martin,0000-0001-7443-9890,A5048738092,PERSON,PROFILE_ACCEPTED,0,1,1,2026,2026
person:leader:ba7c286781f3,Klas Goran Sahlen,Sahlen,Klas Goran,0000-0002-3975-4868,A5069574274,PERSON,PROFILE_ACCEPTED,0,1,3,2020,2022
person:leader:bb6a8ddff5d8,Jia Jia Lee,Lee,Jia Jia,0000-0001-7821-9131,A5050544932,PERSON,PROFILE_ACCEPTED,0,4,2,2025,2026
person:leader:bc605a168c15,Teresa Tsui,Tsui,Teresa,0000-0002-9806-9393,A5089652474,PERSON,PROFILE_ACCEPTED,0,1,3,2024,2025
person:leader:bfbf7cf35751,Elske van den Akker-van Marle,Marle,Elske van den Akker-van,0000-0002-5269-509x,A5032469209,PERSON,PROFILE_ACCEPTED,0,4,1,2024,2024
person:leader:bfeb5ef06782,Abdulhamid Musa,Musa,Abdulhamid,,,PERSON,NO_EXTERNAL_PROFILE,0,1,0,,
person:leader:c00eb6bf5d72,Abdulrasheed Hassan Yusuf,Yusuf,Abdulrasheed Hassan,,A5138651068,PERSON,PROFILE_ACCEPTED,0,1,1,2026,2026
person:leader:c05d651d6895,Ilias Goranitis,Goranitis,Ilias,0000-0001-7946-8324,A5023451391,PERSON,PROFILE_ACCEPTED,0,1,2,2024,2026
person:leader:c2d00c5008f7,Joshua Bonsel,Bonsel,Joshua,0000-0002-9143-5506,A5090783923,PERSON,PROFILE_ACCEPTED,0,3,6,2022,2026
person:leader:c2ede8bddc17,Arjun Bhadhuri,Bhadhuri,Arjun,0000-0003-1220-0731,A5064578943,PERSON,PROFILE_ACCEPTED,0,1,0,,
person:leader:c2ff91e5ac8a,Kelly de Ligt,Ligt,Kelly de,0000-0001-9218-617x,A5000687889,PERSON,PROFILE_ACCEPTED,0,1,0,,
person:leader:c39630e8495b,Judith Bosmans,Bosmans,Judith,0000-0002-1443-1026,,PERSON,PROFILE_NOT_ACCEPTED_FOR_DISCOVERY,0,1,1,2022,2022
person:leader:c3e60eaa5362,Teresa Bago d'Uva,d'Uva,Teresa Bago,,,PERSON,NO_EXTERNAL_PROFILE,0,1,0,,
person:leader:c4a44baaa49e,Guangjie Zhang,Zhang,Guangjie,0000-0003-1311-8510,A5030831609,PERSON,PROFILE_NOT_ACCEPTED_FOR_DISCOVERY,0,2,6,2024,2025
person:leader:c4ed61eb8dc6,Philip Clarke,Clarke,Philip,0000-0002-7555-5348,,PERSON,PROFILE_NOT_ACCEPTED_FOR_DISCOVERY,0,3,3,2021,2025
person:leader:c52a5fd501e9,Ann Charlotte Egmar,Egmar,Ann Charlotte,0000-0003-2504-343x,A5037683865,PERSON,PROFILE_ACCEPTED,0,1,4,2010,2019
person:leader:c776fcba6574,Hilton Lam,Lam,Hilton,0000-0003-4042-5997,A5071601943,PERSON,PROFILE_ACCEPTED,0,1,3,2021,2022
person:leader:c9be2e978859,Tie Parma Yamato,Yamato,Tie Parma,0000-0002-5228-1292,A5034831401,PERSON,PROFILE_ACCEPTED,0,2,2,2024,2025
person:leader:cc619763f8c9,Aysenur Ahsen,Ahsen,Aysenur,,,PERSON,NO_EXTERNAL_PROFILE,0,1,0,,
person:leader:d1d5bf1eb595,Sander van Kuijk,Kuijk,Sander van,0000-0003-2796-729x,A5087173002,PERSON,PROFILE_ACCEPTED,0,3,5,2022,2026
person:leader:d2015a3f2b80,Min-Joo Woo,Woo,Min-Joo,0000-0002-4630-9922,,PERSON,PROFILE_NOT_ACCEPTED_FOR_DISCOVERY,0,1,0,,
person:leader:d3568854a78c,Camilla Falivena,Falivena,Camilla,0000-0003-3259-095x,A5014952669,PERSON,PROFILE_ACCEPTED,0,1,1,2024,2024
person:leader:d5cba38082b1,Bosiljka Djikanovic,Djikanovic,Bosiljka,,,PERSON,NO_EXTERNAL_PROFILE,0,1,0,,
person:leader:d6add53f5977,Julie Ratcliffe,Ratcliffe,Julie,0000-0001-7365-1988,A5070505553,PERSON,PROFILE_ACCEPTED,0,1,7,2022,2024
person:leader:d772564e6aa2,Hannah Hussain,Hussain,Hannah,0009-0002-5645-184x,A5015275165,PERSON,PROFILE_ACCEPTED,0,1,0,,
person:leader:d9674d98607b,Yared Belete Belay,Belay,Yared Belete,0000-0001-5473-3857,A5086002810,PERSON,PROFILE_ACCEPTED,0,5,7,2022,2026
person:leader:da1bac7dcc2d,madeeha malik,malik,madeeha,0000-0001-5824-9405,A5053689562,PERSON,PROFILE_ACCEPTED,0,3,3,2022,2025
person:leader:da2b6bcaceb6,Annushiah Vasan Thakumar,Thakumar,Annushiah Vasan,0000-0001-7261-1255,A5007225491,PERSON,PROFILE_ACCEPTED,0,2,6,2019,2026
person:leader:db0cd1478ab2,Akanksha Akanksha,Akanksha,Akanksha,0000-0002-4899-7538,A5031359113,PERSON,PROFILE_NOT_ACCEPTED_FOR_DISCOVERY,0,2,2,2025,2026
person:leader:db2b81f67ca6,Sarega Gurudas,Gurudas,Sarega,0000-0002-2656-0570,A5067968462,PERSON,PROFILE_ACCEPTED,0,1,0,,
person:leader:dc2e8227c8a1,Patricia Cubi-Molla,Cubi-Molla,Patricia,0000-0002-2803-7337,A5087726711,PERSON,PROFILE_ACCEPTED,0,2,1,2018,2018
person:leader:dd5e12d302df,Fernando Argento,Argento,Fernando,0000-0002-2492-8933,A5021426515,PERSON,PROFILE_ACCEPTED,0,3,3,2022,2026
person:leader:e1f7f2dac043,Birol Yetim,Yetim,Birol,0000-0002-1294-1874,A5048427287,PERSON,PROFILE_ACCEPTED,0,1,0,,
person:leader:e26a260838e7,Jan Faller,Faller,Jan,0000-0001-7645-2079,A5043601549,PERSON,PROFILE_ACCEPTED,0,2,4,2024,2026
person:leader:e349178eacdd,Stephen Coons,Coons,Stephen,0000-0001-7977-5156,A5052220528,PERSON,PROFILE_ACCEPTED,0,1,1,2020,2020
person:leader:e441983c0a65,Shitong Xie,Xie,Shitong,,A5113241600,PERSON,PROFILE_ACCEPTED,0,2,3,2024,2025
person:leader:e448059d8472,Philip Powell,Powell,Philip,0000-0003-1169-3431,A5072704582,PERSON,PROFILE_ACCEPTED,0,3,4,2021,2026
person:leader:e670fd71e94e,Bernhard Slaap,Slaap,Bernhard,0000-0002-4301-4790,A5001372652,PERSON,PROFILE_ACCEPTED,0,1,4,2016,2025
person:leader:eb823a3d3fe9,Annette Regan,Regan,Annette,0000-0002-3879-6193,A5010948852,PERSON,PROFILE_ACCEPTED,0,3,6,2021,2025
person:leader:ece94cf47888,Begashaw Melaku Gebresillassie,Gebresillassie,Begashaw Melaku,0000-0003-0071-732x,A5013305477,PERSON,PROFILE_ACCEPTED,0,2,2,2025,2026
person:leader:ed61cee9d2ba,Cristina Guttierez,Guttierez,Cristina,,,PERSON,NO_EXTERNAL_PROFILE,0,1,0,,
person:leader:ed94eca24d3c,Thao Thai,Thai,Thao,,,PERSON,PROFILE_NOT_ACCEPTED_FOR_DISCOVERY,0,3,0,,
person:leader:ef46534448d4,Vincent Lau,Lau,Vincent,0000-0002-9939-7348,A5022213392,PERSON,PROFILE_ACCEPTED,0,1,0,,
person:leader:efeacb8233a1,Jermaine Dambi,Dambi,Jermaine,0000-0002-2446-7903,A5081348197,PERSON,PROFILE_ACCEPTED,0,1,2,2026,2026
person:leader:f05e8daa6389,Lan Gao,Gao,Lan,0000-0001-9734-1140,,PERSON,PROFILE_NOT_ACCEPTED_FOR_DISCOVERY,0,4,2,2023,2024
person:leader:f16894fd3cc6,Julia Fox-Rushby,Fox-Rushby,Julia,,,PERSON,NO_EXTERNAL_PROFILE,0,1,0,,
person:leader:f5a715e2f518,Meixia Liao,Liao,Meixia,0000-0001-7859-3684,A5079423723,PERSON,PROFILE_ACCEPTED,0,1,9,2023,2026
person:leader:f6aec8a6037d,Abdelghafour MARFAK,MARFAK,Abdelghafour,0000-0002-4212-8438,A5024805890,PERSON,PROFILE_ACCEPTED,0,1,2,2025,2026
person:leader:f7a23dbb0eb8,Sayem Ahmed,Ahmed,Sayem,0000-0001-9499-1500,A5011474576,PERSON,PROFILE_ACCEPTED,0,1,0,,
person:leader:f7fda3adfcf0,Jiyoung Park,Park,Jiyoung,0000-0003-1374-9187,,PERSON,PROFILE_NOT_ACCEPTED_FOR_DISCOVERY,0,1,0,,
person:leader:f832ce9d79bc,Jahangir Khan,Khan,Jahangir,0000-0002-6151-764x,,PERSON,PROFILE_NOT_ACCEPTED_FOR_DISCOVERY,0,2,0,,
person:leader:fa2f4d6479ec,Mihretab Gebreslassie,Gebreslassie,Mihretab,0000-0001-9556-0075,A5085631323,PERSON,PROFILE_ACCEPTED,0,2,1,2026,2026
person:leader:fa3dd095d626,pei wang,wang,pei,0000-0003-3661-3944,A5100462659,PERSON,PROFILE_NOT_ACCEPTED_FOR_DISCOVERY,0,4,12,2021,2026
person:leader:fa9a063b5705,Elena Olariu,Olariu,Elena,0000-0002-8718-5516,A5018887750,PERSON,PROFILE_ACCEPTED,0,1,5,2019,2023
person:leader:fb586bce648f,Nyantara Wickramasekera,Wickramasekera,Nyantara,0000-0002-6552-5153,A5077076014,PERSON,PROFILE_ACCEPTED,0,1,1,2026,2026
person:leader:fbb9eb69f451,Titi Fitriana,Fitriana,Titi,0000-0001-5062-6886,A5049547434,PERSON,PROFILE_ACCEPTED,0,3,10,2017,2025
person:leader:fc07b6540d1a,Michela Meregaglia,Meregaglia,Michela,0000-0003-0092-5970,A5038451583,PERSON,PROFILE_ACCEPTED,0,2,3,2021,2024
person:leader:fcc3440e8385,Shankar Prinja,Prinja,Shankar,0000-0001-7719-6986,A5071690494,PERSON,PROFILE_ACCEPTED,0,3,5,2020,2023
person:leader:fd46e61b3734,Benedicte Lescrauwaet,Lescrauwaet,Benedicte,0000-0002-7976-0330,A5076552397,PERSON,PROFILE_ACCEPTED,0,1,0,,
person:leader:fe53e5b0d472,Prudence Cheung,Cheung,Prudence,0000-0002-3213-7373,A5011025629,PERSON,PROFILE_ACCEPTED,0,1,5,2019,2025
person:leader:fe69a449d6e0,Norma Bulamu,Bulamu,Norma,,,PERSON,NO_EXTERNAL_PROFILE,0,1,0,,
person:leader:ff5ebc6fc226,Seungjin Bae,Bae,Seungjin,0000-0002-8993-8884,A5038405248,PERSON,PROFILE_ACCEPTED,0,1,0,,
person:leader:ff8b4f185128,Darshini Govindasamy,Govindasamy,Darshini,0000-0001-5984-3588,A5050754442,PERSON,PROFILE_ACCEPTED,0,1,0,,
person:openalex:A5000028117,John D. Hartman,Hartman,John D.,0000-0002-8310-2373,A5000028117,PERSON,NEW_EXTERNAL_IDENTITY,0,0,2,2017,2019
person:openalex:A5000030068,Benignus Logan,Logan,Benignus,0000-0002-7673-4022,A5000030068,PERSON,NEW_EXTERNAL_IDENTITY,0,0,1,2024,2024
person:openalex:A5000298893,Shannon K. Runge,Runge,Shannon K.,0000-0003-4587-3000,A5000298893,PERSON,NEW_EXTERNAL_IDENTITY,0,0,1,2015,2015
person:openalex:A5000367184,Yin Bun Cheung,Cheung,Yin Bun,0000-0003-0517-7625,A5000367184,PERSON,NEW_EXTERNAL_IDENTITY,0,0,4,2017,2025
person:openalex:A5000623478,Stefan Borgmann,Borgmann,Stefan,0000-0002-0265-3828,A5000623478,PERSON,NEW_EXTERNAL_IDENTITY,0,0,1,2021,2021
person:openalex:A5000644680,Dorthe O. Klein,Klein,Dorthe O,0000-0003-0182-9569,A5000644680,PERSON,NEW_EXTERNAL_IDENTITY,0,0,5,2022,2026
person:openalex:A5000650976,M.J.M. Panneman,Panneman,Martien J.,0000-0002-5569-3188,A5000650976,PERSON,NEW_EXTERNAL_IDENTITY,0,0,2,2019,2020
person:openalex:A5000759229,José Ferrer Costa,Ferrer Costa,Jose,0000-0002-3789-6272,A5000759229,PERSON,NEW_EXTERNAL_IDENTITY,0,0,1,2022,2022
person:openalex:A5000773479,Shea Wilks,Wilks,Shea,,A5000773479,PERSON,NEW_EXTERNAL_IDENTITY,0,0,1,2021,2021
person:openalex:A5000940073,Luke Vale,Vale,Luke,0000-0001-8574-8429,A5000940073,PERSON,NEW_EXTERNAL_IDENTITY,0,0,5,2019,2023
person:openalex:A5000990828,Sandra Hollinghurst,Hollinghurst,Sandra,0000-0003-0782-3117,A5000990828,PERSON,NEW_EXTERNAL_IDENTITY,0,0,1,2016,2016
person:openalex:A5001054264,Dennis A. Revicki,Revicki,Dennis,0000-0001-6780-0019,A5001054264,PERSON,NEW_EXTERNAL_IDENTITY,0,0,1,2015,2015
person:openalex:A5001166372,Marco Zampoli,Zampoli,Marco,0000-0002-6899-6137,A5001166372,PERSON,NEW_EXTERNAL_IDENTITY,0,0,3,2023,2026
person:openalex:A5001215167,Si Si,Si,Si,0000-0002-2406-7221,A5001215167,PERSON,NEW_EXTERNAL_IDENTITY,0,0,1,2022,2022
person:openalex:A5001236963,Hans‐Marc J. Siebelink,Siebelink,Hans‐Marc J.,,A5001236963,PERSON,NEW_EXTERNAL_IDENTITY,0,0,1,2021,2021
person:openalex:A5001251972,Rod Middleton,Middleton,Rod,0000-0002-2130-4420,A5001251972,PERSON,NEW_EXTERNAL_IDENTITY,0,0,1,2026,2026
person:openalex:A5001338772,Hadley Stevens Smith,Smith,Hadley S,0000-0003-1247-6535,A5001338772,PERSON,NEW_EXTERNAL_IDENTITY,0,0,1,2024,2024
person:openalex:A5001433251,Luiz Flavio Andrade,Andrade,Luiz Flavio,0000-0001-6783-0023,A5001433251,PERSON,NEW_EXTERNAL_IDENTITY,0,0,1,2020,2020
person:openalex:A5001502711,Mirna Metni,Metni,Mirna,,A5001502711,PERSON,NEW_EXTERNAL_IDENTITY,0,0,1,2025,2025
person:openalex:A5001536254,L Scalone,Scalone,Luciana,,A5001536254,PERSON,NEW_EXTERNAL_IDENTITY,0,0,4,2010,2012
person:openalex:A5001537902,Ummul Wara Masud,Masud,Ummul Wara,,A5001537902,PERSON,NEW_EXTERNAL_IDENTITY,0,0,1,2024,2024
person:openalex:A5001559641,Elaine M. Pascoe,Pascoe,Elaine M,0000-0003-1653-5803,A5001559641,PERSON,NEW_EXTERNAL_IDENTITY,0,0,1,2024,2024
person:openalex:A5001563565,Rik Hermanides,Hermanides,Rik,,A5001563565,PERSON,NEW_EXTERNAL_IDENTITY,0,0,1,2021,2021
person:openalex:A5001622906,Patricia Holch,Holch,Patricia,0000-0002-4255-8315,A5001622906,PERSON,NEW_EXTERNAL_IDENTITY,0,0,1,2016,2016
person:openalex:A5001705086,Dristy Gurung,Gurung,Dristy,0000-0003-1839-9382,A5001705086,PERSON,NEW_EXTERNAL_IDENTITY,0,0,1,2026,2026
person:openalex:A5001741971,Marieke Van Buchem,Buchem,Marieke Van,,A5001741971,PERSON,NEW_EXTERNAL_IDENTITY,0,0,1,2026,2026
person:openalex:A5001768844,Peter L. Lewis,Lewis,Peter,0000-0003-2641-3754,A5001768844,PERSON,NEW_EXTERNAL_IDENTITY,0,0,1,2024,2024
person:openalex:A5001853031,Job A.J. Verdonschot,Verdonschot,J A J,0000-0001-5549-1298,A5001853031,PERSON,NEW_EXTERNAL_IDENTITY,0,0,1,2022,2022
person:openalex:A5001888358,Juthamat Witthayaweerasak,Witthayaweerasak,Juthamat,0000-0002-4153-6384,A5001888358,PERSON,NEW_EXTERNAL_IDENTITY,0,0,1,2023,2023
person:openalex:A5002151074,Arthur A.M. Wilde,Wilde,Arthur AM,0000-0002-0528-0852,A5002151074,PERSON,NEW_EXTERNAL_IDENTITY,0,0,1,2022,2022
person:openalex:A5002363544,Sandra Nolte,Nolte,Sandra,0000-0001-6185-9423,A5002363544,PERSON,NEW_EXTERNAL_IDENTITY,0,0,1,2017,2017
person:openalex:A5002556566,Andrej Srakar,Srakar,Andrej,0000-0001-7296-6275,A5002556566,PERSON,NEW_EXTERNAL_IDENTITY,0,0,1,2020,2020
person:openalex:A5002577780,Karen V. MacDonald,MacDonald,Karen V,0000-0001-7739-4296,A5002577780,PERSON,NEW_EXTERNAL_IDENTITY,0,0,3,2019,2023
person:openalex:A5002719898,Damián González‐Beltrán,González-Beltrán,Damián,0000-0002-8057-4279,A5002719898,PERSON,NEW_EXTERNAL_IDENTITY,0,0,2,2023,2023
person:openalex:A5002722335,S. D. Williams,Williams,S. D.,0000-0002-6161-1986,A5002722335,PERSON,NEW_EXTERNAL_IDENTITY,0,0,1,2021,2021
person:openalex:A5002742472,Daphne Guh,Guh,Daphne,0000-0002-0209-5520,A5002742472,PERSON,NEW_EXTERNAL_IDENTITY,0,0,2,2025,2025
person:openalex:A5002758767,Jordi Alonso,Alonso,Jordi,0000-0001-8627-9636,A5002758767,PERSON,NEW_EXTERNAL_IDENTITY,0,0,1,2019,2019
person:openalex:A5002839084,Bernarda Zamora,Zamora,Bernarda,0000-0002-8123-644x,A5002839084,PERSON,NEW_EXTERNAL_IDENTITY,0,0,3,2018,2021
person:openalex:A5003000607,Rachel Milte,Milte,Rachel,0000-0001-7533-6260,A5003000607,PERSON,NEW_EXTERNAL_IDENTITY,0,0,4,2022,2024
person:openalex:A5003131836,Margriet E. van Baar,van Baar,Margriet E.,0000-0001-5823-7375,A5003131836,PERSON,NEW_EXTERNAL_IDENTITY,0,0,3,2020,2022
person:openalex:A5003148807,Jo M. Wilmshurst,Wilmshurst,Jo M,0000-0001-7328-1796,A5003148807,PERSON,NEW_EXTERNAL_IDENTITY,0,0,2,2025,2026
person:openalex:A5003327852,Malwina Hołownia-Voloskova,Hołownia-Voloskova,Malwina,0000-0002-2437-298x,A5003327852,PERSON,NEW_EXTERNAL_IDENTITY,0,0,1,2020,2020
person:openalex:A5003329797,Leona Hakkaart‐van Roijen,Roijen,Leona Hakkaart-van,0000-0003-0635-7388,A5003329797,PERSON,NEW_EXTERNAL_IDENTITY,0,0,1,2023,2023
person:openalex:A5003503629,Wiek H. van Gilst,Gilst,Wiek H. van,0000-0003-2968-8585,A5003503629,PERSON,NEW_EXTERNAL_IDENTITY,0,0,1,2021,2021
person:openalex:A5003546403,Althea La Foucade,La Foucade,Althea,0000-0001-8416-224x,A5003546403,PERSON,NEW_EXTERNAL_IDENTITY,0,0,2,2021,2022
person:openalex:A5003762466,David W. Parkin,Parkin,David W.,0000-0003-4479-3164,A5003762466,PERSON,NEW_EXTERNAL_IDENTITY,0,0,1,2024,2024
person:openalex:A5003777168,J. Altevers,Altevers,Julia,0000-0003-4536-8741,A5003777168,PERSON,NEW_EXTERNAL_IDENTITY,0,0,1,2020,2020
person:openalex:A5003865135,Linda Nab,Nab,Linda,0000-0002-1821-7246,A5003865135,PERSON,NEW_EXTERNAL_IDENTITY,0,0,1,2025,2025
person:openalex:A5003914568,Seon‐Ha Kim,Kim,Seon‐Ha,0000-0002-9417-396x,A5003914568,PERSON,NEW_EXTERNAL_IDENTITY,0,0,1,2016,2016
person:openalex:A5003942201,Le Ann Chen,Chen,Le Ann,0000-0001-9937-4149,A5003942201,PERSON,NEW_EXTERNAL_IDENTITY,0,0,5,2023,2025
person:openalex:A5004026303,Susan Griffin,Griffin,Susan,0000-0003-2188-8400,A5004026303,PERSON,NEW_EXTERNAL_IDENTITY,0,0,2,2021,2023
person:openalex:A5004039954,A Wong,Wong,A,0009-0007-4700-6740,A5004039954,PERSON,NEW_EXTERNAL_IDENTITY,0,0,3,2017,2025
person:openalex:A5004049875,Georgia McCarty,McCarty,Georgia,0000-0003-3593-4885,A5004049875,PERSON,NEW_EXTERNAL_IDENTITY,0,0,1,2023,2023
person:openalex:A5004062547,Renata Linertová,Linertová,Renata,0000-0002-0138-9252,A5004062547,PERSON,NEW_EXTERNAL_IDENTITY,0,0,1,2022,2022
person:openalex:A5004065561,M. Kouki,Kouki,Mokhtar,,A5004065561,PERSON,NEW_EXTERNAL_IDENTITY,0,0,1,2021,2021
person:openalex:A5004075198,Ann‐Katrin Meyrose,Meyrose,Ann‐Katrin,0000-0002-7004-7854,A5004075198,PERSON,NEW_EXTERNAL_IDENTITY,0,0,1,2017,2017
person:openalex:A5004356613,Jennifer E. Ho,Ho,Jennifer E.,0000-0002-7987-4768,A5004356613,PERSON,NEW_EXTERNAL_IDENTITY,0,0,1,2024,2024
person:openalex:A5004420896,Erin M. Macri,Macri,Erin M.,0000-0003-2798-6052,A5004420896,PERSON,NEW_EXTERNAL_IDENTITY,0,0,1,2025,2025
person:openalex:A5004488625,Kim‐Huong Nguyen,Nguyen,Kim-Huong,0000-0002-2592-9372,A5004488625,PERSON,NEW_EXTERNAL_IDENTITY,0,0,1,2024,2024
person:openalex:A5004565113,Rachel Ibbotson,Ibbotson,Rachel,0000-0001-7245-4528,A5004565113,PERSON,NEW_EXTERNAL_IDENTITY,0,0,1,2016,2016
person:openalex:A5004565989,Nikki McCaffrey,McCaffrey,Nikki,0000-0003-3684-3723,A5004565989,PERSON,NEW_EXTERNAL_IDENTITY,0,0,1,2025,2025
person:openalex:A5004597942,Braden Manns,Manns,Braden,0000-0002-8823-6127,A5004597942,PERSON,NEW_EXTERNAL_IDENTITY,0,0,1,2020,2020
person:openalex:A5004621550,Surrey M. Walton,Walton,Surrey M,0000-0001-7458-6460,A5004621550,PERSON,NEW_EXTERNAL_IDENTITY,0,0,4,2018,2023
person:openalex:A5004798598,Charani Kiriwandeniya,Kiriwandeniya,Charani,0000-0002-9470-2948,A5004798598,PERSON,NEW_EXTERNAL_IDENTITY,0,0,1,2024,2024
person:openalex:A5004840956,Briony Dow,Dow,Briony,0000-0002-4186-314x,A5004840956,PERSON,NEW_EXTERNAL_IDENTITY,0,0,5,2023,2026
person:openalex:A5005002252,Ali Azeez Al‐Jumaili,Al‐Jumaili,Ali Azeez,0000-0003-4691-0280,A5005002252,PERSON,NEW_EXTERNAL_IDENTITY,0,0,1,2023,2023
person:openalex:A5005167530,Jeonghoon Ahn,Ahn,Jeonghoon,0000-0002-0177-0192,A5005167530,PERSON,NEW_EXTERNAL_IDENTITY,0,0,2,2016,2022
person:openalex:A5005167623,Erik P.A. van Iperen,Iperen,Erik P.A. van,0000-0001-7107-3168,A5005167623,PERSON,NEW_EXTERNAL_IDENTITY,0,0,1,2021,2021
person:openalex:A5005198712,Iris M. Brus,Brus,Iris M.,0000-0002-8930-3440,A5005198712,PERSON,NEW_EXTERNAL_IDENTITY,0,0,1,2023,2023
person:openalex:A5005220728,Elmadani Saad,Saad,Elmadani,0000-0003-3621-1339,A5005220728,PERSON,NEW_EXTERNAL_IDENTITY,0,0,1,2025,2025
person:openalex:A5005337625,Ariska Wigatiningtyas,Wigatiningtyas,Ariska,,A5005337625,PERSON,NEW_EXTERNAL_IDENTITY,0,0,1,2022,2022
person:openalex:A5005422010,Niall D. Ferguson,Ferguson,Niall D,0000-0002-6213-5264,A5005422010,PERSON,NEW_EXTERNAL_IDENTITY,0,0,1,2022,2022
person:openalex:A5005543755,Shi-Qi Lee,Lee,Shi-Qi,,A5005543755,PERSON,NEW_EXTERNAL_IDENTITY,0,0,1,2022,2022
person:openalex:A5005557273,Rodrigo O. Varela,Varela,Rodrigo O.,,A5005557273,PERSON,NEW_EXTERNAL_IDENTITY,0,0,1,2021,2021
person:openalex:A5005560517,Jyoti Khadka,Khadka,Jyoti,0000-0003-1012-2119,A5005560517,PERSON,NEW_EXTERNAL_IDENTITY,0,0,5,2022,2024
person:openalex:A5005599346,Supharat Jariyakosol,Jariyakosol,Supharat,0000-0002-0798-3519,A5005599346,PERSON,NEW_EXTERNAL_IDENTITY,0,0,1,2023,2023
person:openalex:A5005608514,Maarten J. IJzerman,Ijzerman,Maarten,0000-0001-5788-5805,A5005608514,PERSON,NEW_EXTERNAL_IDENTITY,0,0,1,2024,2024
person:openalex:A5005775947,Matias Fuentes Becerra,Becerra,Matias Fuentes,0000-0001-5777-7580,A5005775947,PERSON,NEW_EXTERNAL_IDENTITY,0,0,1,2023,2023
person:openalex:A5005784611,Gaby Captur,Captur,Gaby,,A5005784611,PERSON,NEW_EXTERNAL_IDENTITY,0,0,1,2021,2021
person:openalex:A5005876438,Zhi Min Ng,Ng,Zhi Min,0000-0001-5099-3483,A5005876438,PERSON,NEW_EXTERNAL_IDENTITY,0,0,1,2024,2024
person:openalex:A5005930109,Éclair Photitai,Photitai,Éclair,,A5005930109,PERSON,NEW_EXTERNAL_IDENTITY,0,0,1,2021,2021
person:openalex:A5005981100,Binod Kumar Patro,Patro,Binod Kumar,0000-0003-0019-4522,A5005981100,PERSON,NEW_EXTERNAL_IDENTITY,0,0,2,2020,2022
person:openalex:A5006036140,Montse Ferrer,Ferrer,Montse,0000-0001-9867-7391,A5006036140,PERSON,NEW_EXTERNAL_IDENTITY,0,0,1,2019,2019
person:openalex:A5006054437,Georgios Kavetsos,Kavetsos,Georgios,0000-0002-5314-0555,A5006054437,PERSON,NEW_EXTERNAL_IDENTITY,0,0,1,2014,2014
person:openalex:A5006059479,Mayur Trivedi,Trivedi,Mayur,0000-0002-4532-2340,A5006059479,PERSON,NEW_EXTERNAL_IDENTITY,0,0,2,2020,2022
person:openalex:A5006125555,Niklas Zethraeus,Zethraeus,Niklas,0000-0003-4036-6966,A5006125555,PERSON,NEW_EXTERNAL_IDENTITY,0,0,2,2021,2023
person:openalex:A5006225238,Norma B. Bulamu,Bulamu,Norma B,0000-0003-4822-4858,A5006225238,PERSON,NEW_EXTERNAL_IDENTITY,0,0,1,2024,2024
person:openalex:A5006394311,Annemieke de Groot,de Groot,Annemieke,0000-0003-0131-1444,A5006394311,PERSON,NEW_EXTERNAL_IDENTITY,0,0,2,2022,2023
person:openalex:A5006408439,Anna Hobbins,Hobbins,Anna,0000-0002-5532-3830,A5006408439,PERSON,NEW_EXTERNAL_IDENTITY,0,0,6,2018,2021
person:openalex:A5006535288,Cheryl Hunter,Hunter,Cheryl,0000-0002-1918-9662,A5006535288,PERSON,NEW_EXTERNAL_IDENTITY,0,0,1,2016,2016
person:openalex:A5006537529,Kiri Lay,Lay,Kiri,0000-0003-1077-3771,A5006537529,PERSON,NEW_EXTERNAL_IDENTITY,0,0,4,2023,2024
person:openalex:A5006598030,Imaniar Noor Faridah,Faridah,Imaniar Noor,0000-0001-8253-5591,A5006598030,PERSON,NEW_EXTERNAL_IDENTITY,0,0,1,2022,2022
person:openalex:A5006620707,Kjeld Møller Pedersen,Pedersen,Kjeld M.,0000-0002-8222-0781,A5006620707,PERSON,NEW_EXTERNAL_IDENTITY,0,0,2,2021,2023
person:openalex:A5006635528,Ray Fitzpatrick,Fitzpatrick,Ray,0000-0003-0607-0563,A5006635528,PERSON,NEW_EXTERNAL_IDENTITY,0,0,1,2016,2016
person:openalex:A5006657549,Cathrine Mihalopoulos,Mihalopoulos,Cathrine,0000-0002-7127-9462,A5006657549,PERSON,NEW_EXTERNAL_IDENTITY,0,0,4,2023,2025
person:openalex:A5006666503,Nerea González,González,Nerea,0000-0003-3928-3274,A5006666503,PERSON,NEW_EXTERNAL_IDENTITY,0,0,1,2025,2025
person:openalex:A5006780895,Sandy Campbell,Campbell,Sandra M,0000-0002-9347-3880,A5006780895,PERSON,NEW_EXTERNAL_IDENTITY,0,0,1,2023,2023
person:openalex:A5007020233,Amelia Ganefianty,Ganefianty,Amelia,0000-0003-3303-1519,A5007020233,PERSON,NEW_EXTERNAL_IDENTITY,0,0,2,2017,2017
person:openalex:A5007032650,Ángeles Cánovas-Molina,Cánovas-Molina,Angeles,0000-0001-8557-860x,A5007032650,PERSON,NEW_EXTERNAL_IDENTITY,0,0,2,2023,2023
person:openalex:A5007123733,Jurriën M. ten Berg,Berg,Jurriën M. ten,0000-0001-5192-886x,A5007123733,PERSON,NEW_EXTERNAL_IDENTITY,0,0,1,2021,2021
person:openalex:A5007130352,Punita Mutiah,Mutiah,Punita,,A5007130352,PERSON,NEW_EXTERNAL_IDENTITY,0,0,1,2022,2022
person:openalex:A5007269697,Uwe Siebert,Siebert,Uwe,0000-0001-6425-7671,A5007269697,PERSON,NEW_EXTERNAL_IDENTITY,0,0,2,2024,2026
person:openalex:A5007295820,Lidia García‐Pérez,García-Pérez,Lidia,0000-0002-5626-8116,A5007295820,PERSON,NEW_EXTERNAL_IDENTITY,0,0,1,2022,2022
person:openalex:A5007304971,Oscar Comino‐Trinidad,Comino-Trinidad,Oscar,0000-0001-9704-5931,A5007304971,PERSON,NEW_EXTERNAL_IDENTITY,0,0,1,2021,2021
person:openalex:A5007311021,Chee‐Keong Toh,Toh,Chee Keong,0000-0002-5691-6144,A5007311021,PERSON,NEW_EXTERNAL_IDENTITY,0,0,1,2017,2017
person:openalex:A5007375599,John Basmaji,Basmaji,John,0000-0001-9749-1747,A5007375599,PERSON,NEW_EXTERNAL_IDENTITY,0,0,1,2022,2022
person:openalex:A5007503266,Gabrielle Davie,Davie,Gabrielle,0000-0001-5466-5364,A5007503266,PERSON,NEW_EXTERNAL_IDENTITY,0,0,1,2014,2014
person:openalex:A5007607755,Peter May,May,Peter,0000-0001-8501-6500,A5007607755,PERSON,NEW_EXTERNAL_IDENTITY,0,0,1,2025,2025
person:openalex:A5007610279,Saad Jaddoua,Jaddoua,Saad,0000-0002-6246-7509,A5007610279,PERSON,NEW_EXTERNAL_IDENTITY,0,0,1,2024,2024
person:openalex:A5007639938,Marcus Ang,Ang,Marcus,0000-0003-3022-0795,A5007639938,PERSON,NEW_EXTERNAL_IDENTITY,0,0,2,2019,2020
person:openalex:A5007673438,Diem Dinh,Dinh,Diem,0000-0002-8167-3906,A5007673438,PERSON,NEW_EXTERNAL_IDENTITY,0,0,1,2022,2022
person:openalex:A5007711014,Esther W. de Bekker‐Grob,de Bekker‐Grob,Esther,0000-0001-7645-6168,A5007711014,PERSON,NEW_EXTERNAL_IDENTITY,0,0,2,2017,2019
person:openalex:A5007988169,Sze‐Ee Soh,Soh,Sze-Ee,0000-0002-1400-7700,A5007988169,PERSON,NEW_EXTERNAL_IDENTITY,0,0,1,2024,2024
person:openalex:A5007993808,David C. Currow,Currow,David,0000-0003-1988-1250,A5007993808,PERSON,NEW_EXTERNAL_IDENTITY,0,0,2,2025,2025
person:openalex:A5008093471,Doha Achak,Achak,Doha,0000-0002-3405-6577,A5008093471,PERSON,NEW_EXTERNAL_IDENTITY,0,0,1,2025,2025
person:openalex:A5008120844,Sitanshu Sekhar Kar,Kar,Sitanshu Sekhar,0000-0001-7122-523x,A5008120844,PERSON,NEW_EXTERNAL_IDENTITY,0,0,2,2020,2022
person:openalex:A5008282524,Kelvin Chan,Chan,Kelvin,0000-0002-2501-3057,A5008282524,PERSON,NEW_EXTERNAL_IDENTITY,0,0,4,2017,2025
person:openalex:A5008347262,Asmaa Azizi,Azizi,Asmaa,0000-0002-5416-5658,A5008347262,PERSON,NEW_EXTERNAL_IDENTITY,0,0,1,2025,2025
person:openalex:A5008401931,Claire Hulme,Hulme,Claire,0000-0003-2077-0419,A5008401931,PERSON,NEW_EXTERNAL_IDENTITY,0,0,1,2023,2023
person:openalex:A5008464651,Karen McLean,McLean,Karen,0000-0002-8438-2901,A5008464651,PERSON,NEW_EXTERNAL_IDENTITY,0,0,1,2025,2025
person:openalex:A5008674497,Natalí Ini,Ini,Natalí,0009-0002-9411-0851,A5008674497,PERSON,NEW_EXTERNAL_IDENTITY,0,0,2,2025,2026
person:openalex:A5008710807,Justus Vogel,Vogel,Justus,0000-0002-2605-8994,A5008710807,PERSON,NEW_EXTERNAL_IDENTITY,0,0,1,2024,2024
person:openalex:A5008772920,Lebogang Ramma,Ramma,Lebogang,0000-0001-9109-9103,A5008772920,PERSON,NEW_EXTERNAL_IDENTITY,0,0,4,2010,2020
person:openalex:A5008794902,Murray Krahn,Krahn,Murray,0000-0001-5836-397x,A5008794902,PERSON,NEW_EXTERNAL_IDENTITY,0,0,2,2019,2022
person:openalex:A5008807386,Charles M. M. Peeters,Peeters,Charles M M,0000-0001-6292-6202,A5008807386,PERSON,NEW_EXTERNAL_IDENTITY,0,0,1,2025,2025
person:openalex:A5008914584,K. Franks,Franks,K.,0000-0001-9468-7947,A5008914584,PERSON,NEW_EXTERNAL_IDENTITY,0,0,1,2016,2016
person:openalex:A5008949837,Johanna M. van Dongen,van Dongen,Johanna M,0000-0002-1606-8742,A5008949837,PERSON,NEW_EXTERNAL_IDENTITY,0,0,1,2022,2022
person:openalex:A5008987708,Antonio Ojeda,Ojeda,Antonio,0000-0003-4950-1044,A5008987708,PERSON,NEW_EXTERNAL_IDENTITY,0,0,1,2021,2021
person:openalex:A5009003817,Siwei Qi,Qi,Siwei,0000-0001-5260-2060,A5009003817,PERSON,NEW_EXTERNAL_IDENTITY,0,0,1,2021,2021
person:openalex:A5009099235,Ademola Joshua Itiola,Itiola,Ademola J,0000-0001-9074-7359,A5009099235,PERSON,NEW_EXTERNAL_IDENTITY,0,0,2,2024,2025
person:openalex:A5009107752,Michele Peters,Peters,Michele,0000-0002-0076-5981,A5009107752,PERSON,NEW_EXTERNAL_IDENTITY,0,0,1,2016,2016
person:openalex:A5009254879,Carl Tilling,Tilling,Carl,,A5009254879,PERSON,NEW_EXTERNAL_IDENTITY,0,0,1,2010,2010
person:openalex:A5009310815,Laura E. Hickey,Hickey,Laura E,,A5009310815,PERSON,NEW_EXTERNAL_IDENTITY,0,0,1,2024,2024
person:openalex:A5009334543,Laura Elizabeth Bedford,Bedford,Laura Elizabeth,0000-0002-0698-2637,A5009334543,PERSON,NEW_EXTERNAL_IDENTITY,0,0,1,2021,2021
person:openalex:A5009376841,Robert Heggie,Heggie,Robert,0000-0001-7396-4773,A5009376841,PERSON,NEW_EXTERNAL_IDENTITY,0,0,1,2025,2025
person:openalex:A5009391597,Sabrina H. van Ierssel,Ierssel,Sabrina H. van,0000-0003-2955-4130,A5009391597,PERSON,NEW_EXTERNAL_IDENTITY,0,0,1,2021,2021
person:openalex:A5009664731,P.P.M. Rood,Rood,Pleunie P. M.,0000-0002-4949-9303,A5009664731,PERSON,NEW_EXTERNAL_IDENTITY,0,0,1,2024,2024
person:openalex:A5009868132,Brendan J. Mulhern,Mulhern,Brendan,,A5009868132,PERSON,NEW_EXTERNAL_IDENTITY,0,0,1,2026,2026
person:openalex:A5010029872,Jie Jiang,Jiang,Jie,0000-0002-2739-6995,A5010029872,PERSON,NEW_EXTERNAL_IDENTITY,0,0,4,2022,2023
person:openalex:A5010060468,L R Romão,Romão,L R,,A5010060468,PERSON,NEW_EXTERNAL_IDENTITY,0,0,1,2021,2021
person:openalex:A5010213002,Emma B N J Janssen,Janssen,Emma B N J,0000-0001-6916-7261,A5010213002,PERSON,NEW_EXTERNAL_IDENTITY,0,0,3,2022,2025
person:openalex:A5010223717,Nadine Henderson,Henderson,Nadine,0000-0002-0981-9376,A5010223717,PERSON,NEW_EXTERNAL_IDENTITY,0,0,1,2025,2025
person:openalex:A5010283393,Chee Wai Wong,Wong,Chee Wai,0000-0002-0935-2016,A5010283393,PERSON,NEW_EXTERNAL_IDENTITY,0,0,2,2019,2020
person:openalex:A5010304307,Grace Helena Firmansyah Putri,Putri,Grace Helena Firmansyah,,A5010304307,PERSON,NEW_EXTERNAL_IDENTITY,0,0,1,2025,2025
person:openalex:A5010411606,Silvia Evers,Evers,Silvia,0000-0003-1026-570x,A5010411606,PERSON,NEW_EXTERNAL_IDENTITY,0,0,2,2016,2023
person:openalex:A5010461857,Ibtissam Youlyouz‐Marfak,Youlyouz-Marfak,Ibtissam,0000-0002-9853-1592,A5010461857,PERSON,NEW_EXTERNAL_IDENTITY,0,0,1,2025,2025
person:openalex:A5010472239,Gagan Gurung,Gurung,Gagan,0000-0002-7609-1880,A5010472239,PERSON,NEW_EXTERNAL_IDENTITY,0,0,1,2025,2025
person:openalex:A5010571732,Deepak L. Bhatt,Bhatt,Deepak L,0000-0002-1278-6245,A5010571732,PERSON,NEW_EXTERNAL_IDENTITY,0,0,1,2024,2024
person:openalex:A5010639674,Jenny Berg,Berg,Jenny,0000-0002-5994-6816,A5010639674,PERSON,NEW_EXTERNAL_IDENTITY,0,0,3,2020,2022
person:openalex:A5010710721,M McCulloch,McCulloch,Mignon,,A5010710721,PERSON,NEW_EXTERNAL_IDENTITY,0,0,1,2026,2026
person:openalex:A5010752128,Robert Buzinski,Buzinski,Robert,,A5010752128,PERSON,NEW_EXTERNAL_IDENTITY,0,0,2,2020,2021
person:openalex:A5010785476,Kent Jason G. Cheng,Cheng,Kent Jason G.,0000-0002-8931-4086,A5010785476,PERSON,NEW_EXTERNAL_IDENTITY,0,0,2,2021,2022
person:openalex:A5010805821,Stanisław Bartuś,Bartuś,Stanisław,0000-0003-4508-3551,A5010805821,PERSON,NEW_EXTERNAL_IDENTITY,0,0,1,2021,2021
person:openalex:A5010824165,J. Nicolaas Dijkshoorn,Dijkshoorn,J. Nicolaas,,A5010824165,PERSON,NEW_EXTERNAL_IDENTITY,0,0,1,2022,2022
person:openalex:A5010838561,Peter Herbison,Herbison,Peter,0000-0002-5684-024x,A5010838561,PERSON,NEW_EXTERNAL_IDENTITY,0,0,1,2004,2004
person:openalex:A5010916543,A M Al-Rubaish,Al-Rubaish,A M,,A5010916543,PERSON,NEW_EXTERNAL_IDENTITY,0,0,1,2021,2021
person:openalex:A5010988882,Julieta Galante,Galante,Julieta,0000-0002-4108-5341,A5010988882,PERSON,NEW_EXTERNAL_IDENTITY,0,0,2,2025,2026
person:openalex:A5011036435,Amber Salisbury,Salisbury,Amber,0000-0003-1557-5918,A5011036435,PERSON,NEW_EXTERNAL_IDENTITY,0,0,1,2024,2024
person:openalex:A5011128673,Shirley Y.W. Liu,Liu,Shirley YW,,A5011128673,PERSON,NEW_EXTERNAL_IDENTITY,0,0,1,2023,2023
person:openalex:A5011340679,Margareta Lindén‐Boström,Lindén-Boström,Margareta,,A5011340679,PERSON,NEW_EXTERNAL_IDENTITY,0,0,1,2018,2018
person:openalex:A5011374619,Kathrin Borchert,Borchert,Kathrin,0000-0003-2769-0075,A5011374619,PERSON,NEW_EXTERNAL_IDENTITY,0,0,1,2020,2020
person:openalex:A5011465543,Timothy Callaghan,Callaghan,Timothy,0000-0002-9056-9123,A5011465543,PERSON,NEW_EXTERNAL_IDENTITY,0,0,1,2024,2024
person:openalex:A5011601803,François Lauzier,Lauzier,Francois,0000-0002-6530-5513,A5011601803,PERSON,NEW_EXTERNAL_IDENTITY,0,0,1,2022,2022
person:openalex:A5011661751,Phong Teck Lee,Lee,Phong Teck,0000-0003-3901-0401,A5011661751,PERSON,NEW_EXTERNAL_IDENTITY,0,0,1,2017,2017
person:openalex:A5011663361,Seth A. Seabury,Seabury,Seth A.,,A5011663361,PERSON,NEW_EXTERNAL_IDENTITY,0,0,1,2025,2025
person:openalex:A5011858857,Logan Trenaman,Trenaman,Logan,0000-0002-6399-5741,A5011858857,PERSON,NEW_EXTERNAL_IDENTITY,0,0,6,2019,2026
person:openalex:A5012122196,Beate Grüner,Grüner,Beate,0000-0001-6669-3741,A5012122196,PERSON,NEW_EXTERNAL_IDENTITY,0,0,1,2021,2021
person:openalex:A5012130105,Geok Ling Lee,Lee,Geok Ling,0000-0003-1490-9269,A5012130105,PERSON,NEW_EXTERNAL_IDENTITY,0,0,1,2020,2020
person:openalex:A5012179966,Saskia Knies,Knies,Saskia,0000-0003-3550-990x,A5012179966,PERSON,NEW_EXTERNAL_IDENTITY,0,0,1,2025,2025
person:openalex:A5012212375,Eliza Brożek-Mądry,Brożek-Mądry,Eliza,0000-0003-3113-3079,A5012212375,PERSON,NEW_EXTERNAL_IDENTITY,0,0,1,2025,2025
person:openalex:A5012244780,Eline A. Vlot,Vlot,Eline A,0000-0002-3538-8880,A5012244780,PERSON,NEW_EXTERNAL_IDENTITY,0,0,1,2025,2025
person:openalex:A5012372227,Carla Walker,Walker,Carla,0009-0002-4169-9156,A5012372227,PERSON,NEW_EXTERNAL_IDENTITY,0,0,1,2024,2024
person:openalex:A5012557813,Amy Finlay‐Jones,Finlay‐Jones,Amy,0000-0002-1336-4001,A5012557813,PERSON,NEW_EXTERNAL_IDENTITY,0,0,1,2024,2024
person:openalex:A5012652576,Yu Cho Woo,Woo,Yu Cho,,A5012652576,PERSON,NEW_EXTERNAL_IDENTITY,0,0,1,2023,2023
person:openalex:A5012701874,Melinde Boland,Boland,Melinde R S,0000-0001-6447-190x,A5012701874,PERSON,NEW_EXTERNAL_IDENTITY,0,0,1,2019,2019
person:openalex:A5012881493,Luz Gibbons,Gibbons,Luz,0000-0002-0235-1635,A5012881493,PERSON,NEW_EXTERNAL_IDENTITY,0,0,6,2015,2022
person:openalex:A5012904054,Preston Tse,Tse,Preston,0009-0001-9273-1366,A5012904054,PERSON,NEW_EXTERNAL_IDENTITY,0,0,1,2025,2025
person:openalex:A5012982656,Linda Watson,Watson,Linda,0000-0002-7802-0082,A5012982656,PERSON,NEW_EXTERNAL_IDENTITY,0,0,1,2021,2021
person:openalex:A5013115644,Danny Liew,Liew,Danny,0000-0002-0131-623x,A5013115644,PERSON,NEW_EXTERNAL_IDENTITY,0,0,1,2022,2022
person:openalex:A5013140231,Marina Otten,Otten,Marina,0000-0003-3767-1548,A5013140231,PERSON,NEW_EXTERNAL_IDENTITY,0,0,1,2021,2021
person:openalex:A5013226060,Sitaporn Youngkong,Youngkong,Sitaporn,0000-0002-2448-3954,A5013226060,PERSON,NEW_EXTERNAL_IDENTITY,0,0,1,2026,2026
person:openalex:A5013373000,Cassie Withey-Rila,Withey-Rila,Cassie,0000-0002-7594-5549,A5013373000,PERSON,NEW_EXTERNAL_IDENTITY,0,0,1,2025,2025
person:openalex:A5013497233,Ju-Ying Ang,Ang,Ju-Ying,0000-0003-2541-4704,A5013497233,PERSON,NEW_EXTERNAL_IDENTITY,0,0,1,2022,2022
person:openalex:A5013535631,Sainan Zou,Zou,Sainan,,A5013535631,PERSON,NEW_EXTERNAL_IDENTITY,0,0,2,2022,2023
person:openalex:A5013588948,Shilana Yip,Yip,Shilana,,A5013588948,PERSON,NEW_EXTERNAL_IDENTITY,0,0,2,2021,2023
person:openalex:A5013596229,John Cairns,Cairns,John,0000-0001-6442-0440,A5013596229,PERSON,NEW_EXTERNAL_IDENTITY,0,0,1,2014,2014
person:openalex:A5013644553,Katarzyna Graczyk,Graczyk,Katarzyna,,A5013644553,PERSON,NEW_EXTERNAL_IDENTITY,0,0,1,2019,2019
person:openalex:A5013696488,Michael Walsh,Walsh,Michael,0000-0001-8292-2014,A5013696488,PERSON,NEW_EXTERNAL_IDENTITY,0,0,2,2020,2021
person:openalex:A5013727360,Jeroen P. Jansen,Jansen,Jeroen P,0000-0003-2686-9217,A5013727360,PERSON,NEW_EXTERNAL_IDENTITY,0,0,1,2024,2024
person:openalex:A5013738766,Amy Hunter,Hunter,Amy,0000-0001-5076-8761,A5013738766,PERSON,NEW_EXTERNAL_IDENTITY,0,0,1,2026,2026
person:openalex:A5013846934,Fikre Enquoselassie,Enquoselassie,Fikre,,A5013846934,PERSON,NEW_EXTERNAL_IDENTITY,0,0,1,2019,2019
person:openalex:A5013858111,Anotida R. Hove,Hove,Anotida R,0009-0005-4050-0135,A5013858111,PERSON,NEW_EXTERNAL_IDENTITY,0,0,1,2026,2026
person:openalex:A5013933438,Behnam Hedayat,Hedayat,Behnam,0000-0003-1549-021x,A5013933438,PERSON,NEW_EXTERNAL_IDENTITY,0,0,1,2021,2021
person:openalex:A5013944168,Andrew R. Willan,Willan,Andrew R.,0000-0001-8337-2042,A5013944168,PERSON,NEW_EXTERNAL_IDENTITY,0,0,1,2017,2017
person:openalex:A5013954770,M E Emans,Emans,M E,,A5013954770,PERSON,NEW_EXTERNAL_IDENTITY,0,0,1,2021,2021
person:openalex:A5014109219,Christine Marie Bækø Halling,Halling,Christine Marie Bækø,0000-0003-3899-4517,A5014109219,PERSON,NEW_EXTERNAL_IDENTITY,0,0,1,2022,2022
person:openalex:A5014281043,Svenja Elkenkamp,Elkenkamp,Svenja,0000-0001-8704-1208,A5014281043,PERSON,NEW_EXTERNAL_IDENTITY,0,0,1,2023,2023
person:openalex:A5014461768,Dyah Aryani Perwitasari,Perwitasari,Dyah Aryani,0000-0002-2638-6664,A5014461768,PERSON,NEW_EXTERNAL_IDENTITY,0,0,1,2022,2022
person:openalex:A5014483970,Sawitri S. Sadarjoen,Sadarjoen,Sawitri S.,0000-0001-5126-9104,A5014483970,PERSON,NEW_EXTERNAL_IDENTITY,0,0,5,2017,2018
person:openalex:A5014493050,Morten Berg Jensen,Jensen,Morten B.,0000-0002-9455-0104,A5014493050,PERSON,NEW_EXTERNAL_IDENTITY,0,0,2,2021,2023
person:openalex:A5014702512,Amal Boutib,Boutib,Amal,,A5014702512,PERSON,NEW_EXTERNAL_IDENTITY,0,0,1,2025,2025
person:openalex:A5014743334,Yvette M. van der Linden,van der Linden,Yvette,0000-0002-9003-6124,A5014743334,PERSON,NEW_EXTERNAL_IDENTITY,0,0,1,2022,2022
person:openalex:A5014870235,Rina Rahmatika,Rahmatika,Rina,,A5014870235,PERSON,NEW_EXTERNAL_IDENTITY,0,0,1,2021,2021
person:openalex:A5015039346,Perez Nicholas Ochanda,Ochanda,Perez N,0000-0003-3847-6525,A5015039346,PERSON,NEW_EXTERNAL_IDENTITY,0,0,1,2021,2021
person:openalex:A5015199341,Massimo Caputo,Caputo,Massimo,0000-0001-7508-0891,A5015199341,PERSON,NEW_EXTERNAL_IDENTITY,0,0,1,2021,2021
person:openalex:A5015233598,Claudia Mighiu,Mighiu,Claudia,0000-0002-2938-4939,A5015233598,PERSON,NEW_EXTERNAL_IDENTITY,0,0,1,2023,2023
person:openalex:A5015262987,Nora Wille,Wille,Nora,,A5015262987,PERSON,NEW_EXTERNAL_IDENTITY,0,0,2,2010,2010
person:openalex:A5015311493,A. M. Blackmore,Blackmore,A. M.,0000-0002-5824-9402,A5015311493,PERSON,NEW_EXTERNAL_IDENTITY,0,0,2,2023,2024
person:openalex:A5015550955,S. Ratushnyak,Ratushnyak,Svetlana,0000-0001-7967-5112,A5015550955,PERSON,NEW_EXTERNAL_IDENTITY,0,0,1,2021,2021
person:openalex:A5015607453,Wojciech Koziołek,Koziołek,Wojciech,0000-0002-6362-3542,A5015607453,PERSON,NEW_EXTERNAL_IDENTITY,0,0,1,2021,2021
person:openalex:A5015626145,Cindy Lo Kuen Lam,Lam,Cindy Lo Kuen,0000-0001-7536-8481,A5015626145,PERSON,NEW_EXTERNAL_IDENTITY,0,0,3,2021,2023
person:openalex:A5015764426,Mariska A. C. de Jongh,de Jongh,M. A. C.,0000-0001-9005-9185,A5015764426,PERSON,NEW_EXTERNAL_IDENTITY,0,0,2,2019,2020
person:openalex:A5015777392,Fionna Klasen,Klasen,Fionna,,A5015777392,PERSON,NEW_EXTERNAL_IDENTITY,0,0,1,2017,2017
person:openalex:A5015914274,Jessica Taranto,Taranto,Jessica,0000-0002-4290-4863,A5015914274,PERSON,NEW_EXTERNAL_IDENTITY,0,0,1,2025,2025
person:openalex:A5016055826,Lasse Herdien,Herdien,Lasse,0000-0001-5961-8962,A5016055826,PERSON,NEW_EXTERNAL_IDENTITY,0,0,3,2024,2026
person:openalex:A5016114433,Ari Samaranayaka,Samaranayaka,Ari,0000-0003-4933-9569,A5016114433,PERSON,NEW_EXTERNAL_IDENTITY,0,0,1,2026,2026
person:openalex:A5016206619,Daniel J. Niven,Niven,Daniel J,0000-0002-9527-0577,A5016206619,PERSON,NEW_EXTERNAL_IDENTITY,0,0,1,2022,2022
person:openalex:A5016376964,Thomas Patton,Patton,Thomas,0000-0002-5134-3308,A5016376964,PERSON,NEW_EXTERNAL_IDENTITY,0,0,1,2020,2020
person:openalex:A5016682735,Christine Blome,Blome,Christine,0000-0002-1163-1639,A5016682735,PERSON,NEW_EXTERNAL_IDENTITY,0,0,1,2021,2021
person:openalex:A5016809145,Kali Barrett,Barrett,Kali,0000-0001-7147-2222,A5016809145,PERSON,NEW_EXTERNAL_IDENTITY,0,0,1,2022,2022
person:openalex:A5016872638,Mark D. Harrison,Harrison,Mark D.,0000-0002-0220-1565,A5016872638,PERSON,NEW_EXTERNAL_IDENTITY,0,0,2,2025,2025
person:openalex:A5016874302,Rachel O’Loughlin,O’Loughlin,Rachel,0000-0002-6451-2713,A5016874302,PERSON,NEW_EXTERNAL_IDENTITY,0,0,6,2021,2026
person:openalex:A5016923611,Marcela M. Suazo Guevara,Guevara,Marcela M. Suazo,,A5016923611,PERSON,NEW_EXTERNAL_IDENTITY,0,0,2,2025,2026
person:openalex:A5017199089,Rogier Donders,Donders,Rogier,0000-0002-0484-1419,A5017199089,PERSON,NEW_EXTERNAL_IDENTITY,0,0,2,2017,2022
person:openalex:A5017231737,Dominic Marley,Marley,Dominic,,A5017231737,PERSON,NEW_EXTERNAL_IDENTITY,0,0,1,2016,2016
person:openalex:A5017249857,Valerie Sung,Sung,Valerie,0000-0003-2029-6331,A5017249857,PERSON,NEW_EXTERNAL_IDENTITY,0,0,1,2025,2025
person:openalex:A5017263982,Egbert Eggers,Eggers,Egbert,,A5017263982,PERSON,NEW_EXTERNAL_IDENTITY,0,0,1,2020,2020
person:openalex:A5017336802,Paul Revill,Revill,Paul,0000-0001-8632-0600,A5017336802,PERSON,NEW_EXTERNAL_IDENTITY,0,0,1,2021,2021
person:openalex:A5017418790,Guenka Petrova,Petrova,Guenka,0000-0001-8116-5138,A5017418790,PERSON,NEW_EXTERNAL_IDENTITY,0,0,1,2016,2016
person:openalex:A5017484136,Markus Lahtinen,Lahtinen,Markus,,A5017484136,PERSON,NEW_EXTERNAL_IDENTITY,0,0,2,2022,2022
person:openalex:A5017602163,Christiane Otto,Otto,Christiane,0000-0003-4197-8606,A5017602163,PERSON,NEW_EXTERNAL_IDENTITY,0,0,1,2017,2017
person:openalex:A5017733791,Benjamin Allin,Allin,Benjamin,0000-0002-0575-2733,A5017733791,PERSON,NEW_EXTERNAL_IDENTITY,0,0,1,2022,2022
person:openalex:A5017769435,Hajer Almudaiheem,Almudaiheem,Hajer,0000-0002-0985-6193,A5017769435,PERSON,NEW_EXTERNAL_IDENTITY,0,0,1,2024,2024
person:openalex:A5017803329,Zeyun Feng,Feng,Zeyun,0000-0003-4723-6283,A5017803329,PERSON,NEW_EXTERNAL_IDENTITY,0,0,1,2019,2019
person:openalex:A5017861385,Michael von Bergwelt‐Baildon,Bergwelt‐Baildon,Michael von,0000-0002-1952-052x,A5017861385,PERSON,NEW_EXTERNAL_IDENTITY,0,0,1,2021,2021
person:openalex:A5017940829,Mark T. Kearney,Kearney,Mark T.,0000-0002-9376-8814,A5017940829,PERSON,NEW_EXTERNAL_IDENTITY,0,0,1,2021,2021
person:openalex:A5017971948,Bryan Williams,Williams,Bryan,0000-0002-8094-1841,A5017971948,PERSON,NEW_EXTERNAL_IDENTITY,0,0,2,2021,2022
person:openalex:A5018149893,Pim van der Harst,Harst,Pim van der,0000-0002-2713-686x,A5018149893,PERSON,NEW_EXTERNAL_IDENTITY,0,0,1,2021,2021
person:openalex:A5018419311,Salim Yusuf,Yusuf,Salim,0000-0003-4776-5601,A5018419311,PERSON,NEW_EXTERNAL_IDENTITY,0,0,1,2024,2024
person:openalex:A5018451810,J.﻿-﻿Matthias Graf von der Schulenburg,von der Schulenburg,J.-Matthias Graf,0000-0002-3745-4060,A5018451810,PERSON,NEW_EXTERNAL_IDENTITY,0,0,2,2017,2018
person:openalex:A5018454495,Cassandra Mah,Mah,Cassandra,0000-0002-1555-2292,A5018454495,PERSON,NEW_EXTERNAL_IDENTITY,0,0,1,2023,2023
person:openalex:A5018481496,Anthea Sutton,Sutton,Anthea,0000-0003-2449-2516,A5018481496,PERSON,NEW_EXTERNAL_IDENTITY,0,0,1,2025,2025
person:openalex:A5018547894,Gabor Mihala,Mihala,Gabor,0000-0001-6654-405x,A5018547894,PERSON,NEW_EXTERNAL_IDENTITY,0,0,1,2024,2024
person:openalex:A5018615558,Dennis Niebel,NIEBEL,Dennis,0000-0003-2069-0486,A5018615558,PERSON,NEW_EXTERNAL_IDENTITY,0,0,1,2025,2025
person:openalex:A5018640499,Kuhan Perampaladas,Perampaladas,Kuhan,,A5018640499,PERSON,NEW_EXTERNAL_IDENTITY,0,0,1,2013,2013
person:openalex:A5018647466,Irene Santi,Santi,Irene,0000-0003-3812-2962,A5018647466,PERSON,NEW_EXTERNAL_IDENTITY,0,0,1,2023,2023
person:openalex:A5018702353,Tasmiah Nuzhath,Nuzhath,Tasmiah,0000-0003-2893-5441,A5018702353,PERSON,NEW_EXTERNAL_IDENTITY,0,0,2,2024,2024
person:openalex:A5018732156,Kelechi Ohiri,Ohiri,Kelechi,0000-0001-5451-0258,A5018732156,PERSON,NEW_EXTERNAL_IDENTITY,0,0,1,2026,2026
person:openalex:A5018820693,Tomasz Tokarek,Tokarek,Tomasz,0000-0002-0836-1877,A5018820693,PERSON,NEW_EXTERNAL_IDENTITY,0,0,1,2021,2021
person:openalex:A5018997782,Hugh Gravelle,Gravelle,Hugh,0000-0002-7753-4233,A5018997782,PERSON,NEW_EXTERNAL_IDENTITY,0,0,2,2021,2025
person:openalex:A5019121576,Chahinda Ghossein‐Doha,Ghossein-Doha,Chahinda,0000-0003-4783-0987,A5019121576,PERSON,NEW_EXTERNAL_IDENTITY,0,0,5,2022,2026
person:openalex:A5019279420,Lisa Wozniak,Wozniak,Lisa A,0000-0002-1502-0659,A5019279420,PERSON,NEW_EXTERNAL_IDENTITY,0,0,3,2021,2025
person:openalex:A5019283232,Claire Hutchinson,Hutchinson,Claire,0000-0003-4289-8886,A5019283232,PERSON,NEW_EXTERNAL_IDENTITY,0,0,4,2022,2024
person:openalex:A5019311473,Eugène A. van Beek,Beek,Eugène A. van,,A5019311473,PERSON,NEW_EXTERNAL_IDENTITY,0,0,1,2021,2021
person:openalex:A5019370214,Susan Macran,Macran,Susan,,A5019370214,PERSON,NEW_EXTERNAL_IDENTITY,0,0,1,2004,2004
person:openalex:A5019459931,Jan T. Kielstein,Kielstein,Jan T.,0000-0001-8110-9064,A5019459931,PERSON,NEW_EXTERNAL_IDENTITY,0,0,1,2021,2021
person:openalex:A5019487270,Jakub Závada,Závada,Jakub,0000-0002-9802-6545,A5019487270,PERSON,NEW_EXTERNAL_IDENTITY,0,0,1,2016,2016
person:openalex:A5019500608,Lars Lindholm,Lindholm,Lars,0000-0002-1633-2179,A5019500608,PERSON,NEW_EXTERNAL_IDENTITY,0,0,3,2020,2022
person:openalex:A5019640605,Sahar Al Shabasy,Al Shabasy,Sahar,,A5019640605,PERSON,NEW_EXTERNAL_IDENTITY,0,0,5,2021,2023
person:openalex:A5019735060,Allison Soprovich,Soprovich,Allison,0000-0002-6143-1555,A5019735060,PERSON,NEW_EXTERNAL_IDENTITY,0,0,4,2021,2025
person:openalex:A5019881732,Yejin Hong,Hong,Yejin,0000-0002-8817-136x,A5019881732,PERSON,NEW_EXTERNAL_IDENTITY,0,0,1,2023,2023
person:openalex:A5019890398,Eskinder Eshetu Ali,Ali,Eskinder Eshetu,0000-0002-3581-6451,A5019890398,PERSON,NEW_EXTERNAL_IDENTITY,0,0,1,2024,2024
person:openalex:A5020157030,Waleed Alhazzani,Alhazzani,Waleed,0000-0001-8076-9626,A5020157030,PERSON,NEW_EXTERNAL_IDENTITY,0,0,1,2022,2022
person:openalex:A5020226176,Ravneet Kaur,Kaur,Ravneet,0000-0001-8226-8614,A5020226176,PERSON,NEW_EXTERNAL_IDENTITY,0,0,1,2022,2022
person:openalex:A5020228191,Andrzej Surdacki,Surdacki,Andrzej,0000-0001-7949-3140,A5020228191,PERSON,NEW_EXTERNAL_IDENTITY,0,0,1,2021,2021
person:openalex:A5020533215,Ranjeeta Thomas,Thomas,Ranjeeta,0000-0002-0947-4574,A5020533215,PERSON,NEW_EXTERNAL_IDENTITY,0,0,1,2025,2025
person:openalex:A5020536324,Abigael Cohen,COHEN,Abigael,0000-0001-9412-1134,A5020536324,PERSON,NEW_EXTERNAL_IDENTITY,0,0,1,2022,2022
person:openalex:A5020538411,Chien‐Ning Hsu,Hsu,Chien-Ning,0000-0001-7470-528x,A5020538411,PERSON,NEW_EXTERNAL_IDENTITY,0,0,3,2018,2024
person:openalex:A5020565116,Iwona Dobrowolska,Dobrowolska,Iwona,,A5020565116,PERSON,NEW_EXTERNAL_IDENTITY,0,0,1,2020,2020
person:openalex:A5020727172,Anders Perner,Perner,Anders,0000-0002-4668-0123,A5020727172,PERSON,NEW_EXTERNAL_IDENTITY,0,0,1,2022,2022
person:openalex:A5020777539,Lotte M. C. Jacobs,Jacobs,Lotte M C,0000-0001-5169-1970,A5020777539,PERSON,NEW_EXTERNAL_IDENTITY,0,0,4,2025,2026
person:openalex:A5020812856,José Luís Hernández Fleta,Hernández-Fleta,Jose L.,0000-0001-8083-9647,A5020812856,PERSON,NEW_EXTERNAL_IDENTITY,0,0,1,2023,2023
person:openalex:A5020919441,Stephan Devriese,Devriese,Stephan,0000-0002-6555-8916,A5020919441,PERSON,NEW_EXTERNAL_IDENTITY,0,0,1,2022,2022
person:openalex:A5020976042,M Klein,Klein,M,0000-0003-3056-9794,A5020976042,PERSON,NEW_EXTERNAL_IDENTITY,0,0,1,2017,2017
person:openalex:A5020988989,Anju Keetharuth,Keetharuth,Anju Devianee,0000-0001-8889-6806,A5020988989,PERSON,NEW_EXTERNAL_IDENTITY,0,0,1,2025,2025
person:openalex:A5021007211,Olivia Ernstsson,Ernstsson,Olivia,0000-0002-8920-1372,A5021007211,PERSON,NEW_EXTERNAL_IDENTITY,0,0,4,2020,2023
person:openalex:A5021058155,Francisco Rodríguez‐Esparragón,Rodríguez-Esparragón,Francisco,0000-0003-1663-3673,A5021058155,PERSON,NEW_EXTERNAL_IDENTITY,0,0,2,2023,2023
person:openalex:A5021132662,Marijke Linschoten,Linschoten,M,0000-0002-4541-080x,A5021132662,PERSON,NEW_EXTERNAL_IDENTITY,0,0,9,2021,2025
person:openalex:A5021139912,Sara N. Davison,Davison,Sara N,0000-0003-4513-6449,A5021139912,PERSON,NEW_EXTERNAL_IDENTITY,0,0,2,2020,2021
person:openalex:A5021212329,P C Smits,Smits,P C,,A5021212329,PERSON,NEW_EXTERNAL_IDENTITY,0,0,1,2021,2021
person:openalex:A5021226874,Ricard Mellado Artigas,Artigas,Ricard Mellado,0000-0003-2815-6819,A5021226874,PERSON,NEW_EXTERNAL_IDENTITY,0,0,1,2021,2021
person:openalex:A5021381523,Diana Padilla-Ortíz,Padilla-Ortiz,Diana,,A5021381523,PERSON,NEW_EXTERNAL_IDENTITY,0,0,1,2022,2022
person:openalex:A5021404933,Manuela Joore,Joore,Manuela,0000-0002-5649-6768,A5021404933,PERSON,NEW_EXTERNAL_IDENTITY,0,0,1,2023,2023
person:openalex:A5021446356,H. E. Haerkens-Arends,Haerkens-Arends,H. E.,,A5021446356,PERSON,NEW_EXTERNAL_IDENTITY,0,0,1,2021,2021
person:openalex:A5021449446,Júlio César Moriguti,Moriguti,Júlio César,0000-0001-5499-3552,A5021449446,PERSON,NEW_EXTERNAL_IDENTITY,0,0,1,2025,2025
person:openalex:A5021501152,Emuella Flood,Flood,Emuella,0000-0002-3526-9670,A5021501152,PERSON,NEW_EXTERNAL_IDENTITY,0,0,1,2020,2020
person:openalex:A5021581627,Romina A. Tejada,Tejada,Romina A.,0000-0003-4420-5289,A5021581627,PERSON,NEW_EXTERNAL_IDENTITY,0,0,4,2020,2025
person:openalex:A5021596929,Jesús Giovanny Ballesteros-Muñoz,Ballesteros-Muñoz,Jesús Giovanny,,A5021596929,PERSON,NEW_EXTERNAL_IDENTITY,0,0,1,2022,2022
person:openalex:A5021624866,Fabianna Resende de Jesus‐Moraleida,de Jesus-Moraleida,Fabianna Resende,0000-0002-3797-949x,A5021624866,PERSON,NEW_EXTERNAL_IDENTITY,0,0,1,2024,2024
person:openalex:A5021920013,Nancy Awad,Awad,Nancy,,A5021920013,PERSON,NEW_EXTERNAL_IDENTITY,0,0,1,2024,2024
person:openalex:A5021997891,Krystallia Pantiri,Pantiri,Krystallia,0000-0001-6241-0249,A5021997891,PERSON,NEW_EXTERNAL_IDENTITY,0,0,1,2018,2018
person:openalex:A5022113389,Hilary Short,Short,Hilary,0000-0002-7142-3364,A5022113389,PERSON,NEW_EXTERNAL_IDENTITY,0,0,7,2020,2025
person:openalex:A5022167472,Lise Poissant,Poissant,Lise,0000-0002-4925-6352,A5022167472,PERSON,NEW_EXTERNAL_IDENTITY,0,0,3,2015,2016
person:openalex:A5022263364,Laurence Gabriël,Gabriël,Laurence,0000-0002-0816-2317,A5022263364,PERSON,NEW_EXTERNAL_IDENTITY,0,0,1,2021,2021
person:openalex:A5022443599,Mohammed Alluhidan,Alluhidan,Mohammed,0000-0003-3824-2059,A5022443599,PERSON,NEW_EXTERNAL_IDENTITY,0,0,1,2024,2024
person:openalex:A5022672409,Janel Hanmer,Hanmer,Janel,0000-0001-6159-2482,A5022672409,PERSON,NEW_EXTERNAL_IDENTITY,0,0,3,2021,2023
person:openalex:A5022894428,Samir Ahid,Ahid,Samir,0000-0002-7797-4722,A5022894428,PERSON,NEW_EXTERNAL_IDENTITY,0,0,1,2025,2025
person:openalex:A5023025376,Raoh‐Fang Pwu,Pwu,Raoh-Fang,0000-0002-0113-6917,A5023025376,PERSON,NEW_EXTERNAL_IDENTITY,0,0,1,2025,2025
person:openalex:A5023048065,Su Pin Choo,Choo,Su Pin,0000-0002-8925-3922,A5023048065,PERSON,NEW_EXTERNAL_IDENTITY,0,0,1,2017,2017
person:openalex:A5023150016,Til Wykes,Wykes,Til,0000-0002-5881-8003,A5023150016,PERSON,NEW_EXTERNAL_IDENTITY,0,0,1,2016,2016
person:openalex:A5023160270,Helen Conte,Conte,Helen,0000-0002-6967-528x,A5023160270,PERSON,NEW_EXTERNAL_IDENTITY,0,0,1,2022,2022
person:openalex:A5023175139,John Cullinan,Cullinan,John,0000-0003-3509-0635,A5023175139,PERSON,NEW_EXTERNAL_IDENTITY,0,0,1,2023,2023
person:openalex:A5023185300,Paul Brown,Brown,Paul,0000-0002-2998-7297,A5023185300,PERSON,NEW_EXTERNAL_IDENTITY,0,0,1,2025,2025
person:openalex:A5023389774,Sheila Sumargo,Sumargo,Sheila,,A5023389774,PERSON,NEW_EXTERNAL_IDENTITY,0,0,1,2017,2017
person:openalex:A5023407336,Reiner Leidl,Leidl,Reiner,0000-0002-7115-7510,A5023407336,PERSON,NEW_EXTERNAL_IDENTITY,0,0,2,2020,2021
person:openalex:A5023428704,Floris S. van den Brink,Brink,Floris S. van den,0000-0003-4998-4373,A5023428704,PERSON,NEW_EXTERNAL_IDENTITY,0,0,1,2021,2021
person:openalex:A5023608008,Adam Martin,Martin,Adam,0000-0002-2559-6483,A5023608008,PERSON,NEW_EXTERNAL_IDENTITY,0,0,2,2021,2024
person:openalex:A5023707610,Kathleen Doherty,Doherty,Kathleen,0000-0002-0122-0123,A5023707610,PERSON,NEW_EXTERNAL_IDENTITY,0,0,1,2026,2026
person:openalex:A5023711730,M. Papadimitropoulos,Papadimitropoulos,Manny,,A5023711730,PERSON,NEW_EXTERNAL_IDENTITY,0,0,1,2021,2021
person:openalex:A5023729638,Gianluca Baio,Baio,Gianluca,0000-0003-4314-2570,A5023729638,PERSON,NEW_EXTERNAL_IDENTITY,0,0,1,2022,2022
person:openalex:A5023791100,Linda P.T. Joosten,Joosten,Linda PT,0000-0002-0926-9749,A5023791100,PERSON,NEW_EXTERNAL_IDENTITY,0,0,1,2022,2022
person:openalex:A5023969133,Ian A. Harris,Harris,Ian A,0000-0003-0887-7627,A5023969133,PERSON,NEW_EXTERNAL_IDENTITY,0,0,1,2024,2024
person:openalex:A5023984296,Amy Pui Pui Ng,Ng,Amy Pui Pui,0000-0003-3867-6447,A5023984296,PERSON,NEW_EXTERNAL_IDENTITY,0,0,1,2022,2022
person:openalex:A5023986127,Lucas Goossens,Goossens,Lucas M A,0000-0003-4450-4887,A5023986127,PERSON,NEW_EXTERNAL_IDENTITY,0,0,1,2019,2019
person:openalex:A5024030578,Kelvin Yi Chong Teo,Teo,Kelvin Yi Chong,0000-0002-7458-7081,A5024030578,PERSON,NEW_EXTERNAL_IDENTITY,0,0,2,2019,2020
person:openalex:A5024031603,Anika Rädke,Rädke,Anika,0000-0003-0634-8756,A5024031603,PERSON,NEW_EXTERNAL_IDENTITY,0,0,5,2022,2024
person:openalex:A5024055768,Fang‐Ju Lin,Lin,Fang-Ju,0000-0002-8249-7481,A5024055768,PERSON,NEW_EXTERNAL_IDENTITY,0,0,2,2018,2024
person:openalex:A5024105647,Julia M. Caruana,Caruana,Julia M,,A5024105647,PERSON,NEW_EXTERNAL_IDENTITY,0,0,1,2023,2023
person:openalex:A5024110217,Suzanne C. Cannegieter,Cannegieter,Suzanne C,0000-0003-4707-2303,A5024110217,PERSON,NEW_EXTERNAL_IDENTITY,0,0,1,2025,2025
person:openalex:A5024428359,Helena Cramer,Cramer,Helena,,A5024428359,PERSON,NEW_EXTERNAL_IDENTITY,0,0,1,2022,2022
person:openalex:A5024571890,Petra Baji,Baji,Petra,0000-0003-2899-8557,A5024571890,PERSON,NEW_EXTERNAL_IDENTITY,0,0,1,2016,2016
person:openalex:A5024589021,Benjamín Higgins,Higgins,Benjamin,,A5024589021,PERSON,NEW_EXTERNAL_IDENTITY,0,0,1,2022,2022
person:openalex:A5024639268,Iain Blair,Blair,Iain,0000-0002-2451-8627,A5024639268,PERSON,NEW_EXTERNAL_IDENTITY,0,0,2,2015,2017
person:openalex:A5024642607,Chris Salisbury,Salisbury,Chris,0000-0002-4378-3960,A5024642607,PERSON,NEW_EXTERNAL_IDENTITY,0,0,1,2016,2016
person:openalex:A5024937718,Annemieke C. Scholten,Scholten,Annemieke C,,A5024937718,PERSON,NEW_EXTERNAL_IDENTITY,0,0,1,2017,2017
person:openalex:A5024956914,Yuanyuan Gu,Gu,Yuanyuan,0000-0002-3816-9106,A5024956914,PERSON,NEW_EXTERNAL_IDENTITY,0,0,1,2024,2024
person:openalex:A5024974446,Katarzyna Młyńczak,Młyńczak,Katarzyna,0000-0002-0877-5623,A5024974446,PERSON,NEW_EXTERNAL_IDENTITY,0,0,3,2020,2022
person:openalex:A5025022333,Martina Jänicke,Jänicke,Martina,,A5025022333,PERSON,NEW_EXTERNAL_IDENTITY,0,0,1,2020,2020
person:openalex:A5025161452,Lee-Choo Yeoh,Yeoh,Lee-Choo,,A5025161452,PERSON,NEW_EXTERNAL_IDENTITY,0,0,1,2022,2022
person:openalex:A5025225575,Samuel Wiebe,Wiebe,Samuel,0000-0002-1061-9099,A5025225575,PERSON,NEW_EXTERNAL_IDENTITY,0,0,1,2021,2021
person:openalex:A5025235129,J A Elliott,Elliott,J A,0000-0002-2950-3619,A5025235129,PERSON,NEW_EXTERNAL_IDENTITY,0,0,1,2022,2022
person:openalex:A5025246162,Ivan Ricardo Zimmermann,Zimmermann,Ivan Ricardo,0000-0001-7757-7519,A5025246162,PERSON,NEW_EXTERNAL_IDENTITY,0,0,1,2022,2022
person:openalex:A5025255902,Yohana Azhar,Azhar,Yohana,0000-0003-2148-0202,A5025255902,PERSON,NEW_EXTERNAL_IDENTITY,0,0,1,2024,2024
person:openalex:A5025268346,Yakubu Adole Agada-Amade,Agada-Amade,Yakubu Adole,,A5025268346,PERSON,NEW_EXTERNAL_IDENTITY,0,0,1,2026,2026
person:openalex:A5025299944,Sofia Sveréus,Sveréus,Sofia,0000-0001-5287-0057,A5025299944,PERSON,NEW_EXTERNAL_IDENTITY,0,0,1,2026,2026
person:openalex:A5025483182,Gwyneth Jansen,Jansen,Gwyneth,0000-0003-2391-7551,A5025483182,PERSON,NEW_EXTERNAL_IDENTITY,0,0,4,2025,2026
person:openalex:A5025496507,Graciela Fernández,Fernández,Graciela,0000-0002-4526-227x,A5025496507,PERSON,NEW_EXTERNAL_IDENTITY,0,0,1,2015,2015
person:openalex:A5025500663,Eve Wittenberg,Wittenberg,Eve,0000-0001-7318-1154,A5025500663,PERSON,NEW_EXTERNAL_IDENTITY,0,0,1,2023,2023
person:openalex:A5025503541,Frank Hanses,Hanses,Frank,0000-0002-0007-8014,A5025503541,PERSON,NEW_EXTERNAL_IDENTITY,0,0,1,2021,2021
person:openalex:A5025654405,M. Jenda Hop,Hop,M. Jenda,,A5025654405,PERSON,NEW_EXTERNAL_IDENTITY,0,0,1,2022,2022
person:openalex:A5025677569,Chakib Nejjari,Nejjari,Chakib,0000-0001-9610-8507,A5025677569,PERSON,NEW_EXTERNAL_IDENTITY,0,0,1,2025,2025
person:openalex:A5025774387,William H. Greene,Greene,William H.,,A5025774387,PERSON,NEW_EXTERNAL_IDENTITY,0,0,2,2023,2024
person:openalex:A5025815194,Anja Yvonne Bischof,Bischof,Anja Yvonne,0000-0002-9318-5408,A5025815194,PERSON,NEW_EXTERNAL_IDENTITY,0,0,1,2024,2024
person:openalex:A5025954491,Ekaterina Bogatyreva,Bogatyreva,Ekaterina,0000-0002-3288-036x,A5025954491,PERSON,NEW_EXTERNAL_IDENTITY,0,0,2,2023,2024
person:openalex:A5026001698,Elizabeth Huiwen Tham,Tham,Elizabeth Huiwen,0000-0003-1037-6143,A5026001698,PERSON,NEW_EXTERNAL_IDENTITY,0,0,3,2025,2025
person:openalex:A5026068062,Xiang JianJun,JianJun,Xiang,,A5026068062,PERSON,NEW_EXTERNAL_IDENTITY,0,0,1,2025,2025
person:openalex:A5026180432,RM Bell,Bell,RM,,A5026180432,PERSON,NEW_EXTERNAL_IDENTITY,0,0,1,2021,2021
person:openalex:A5026218027,Jeffrey Lefkovits,Lefkovits,Jeffrey,0000-0003-1923-4571,A5026218027,PERSON,NEW_EXTERNAL_IDENTITY,0,0,1,2022,2022
person:openalex:A5026347571,Chantal Visser,Visser,Chantal,0000-0002-2025-1734,A5026347571,PERSON,NEW_EXTERNAL_IDENTITY,0,0,1,2025,2025
person:openalex:A5026416392,L. S. D. Jewbali,Jewbali,L. S. D.,,A5026416392,PERSON,NEW_EXTERNAL_IDENTITY,0,0,1,2021,2021
person:openalex:A5026470404,Jan Passchier,Passchier,Jan,0000-0002-7319-7188,A5026470404,PERSON,NEW_EXTERNAL_IDENTITY,0,0,5,2017,2018
person:openalex:A5026603060,Sophie Waardenburg,Waardenburg,Sophie F,0000-0002-8077-7877,A5026603060,PERSON,NEW_EXTERNAL_IDENTITY,0,0,4,2025,2026
person:openalex:A5026613773,Menno V. Huisman,Huisman,Menno V,0000-0003-1423-5348,A5026613773,PERSON,NEW_EXTERNAL_IDENTITY,0,0,1,2025,2025
person:openalex:A5026669792,Subhash Pokhrel,Pokhrel,Subhash,0000-0002-1009-8553,A5026669792,PERSON,NEW_EXTERNAL_IDENTITY,0,0,2,2016,2018
person:openalex:A5026739115,Renée K. Jones,Jones,Renée K.,,A5026739115,PERSON,NEW_EXTERNAL_IDENTITY,0,0,3,2026,2026
person:openalex:A5026797577,Gert Helgesson,Helgesson,Gert,0000-0002-0075-0165,A5026797577,PERSON,NEW_EXTERNAL_IDENTITY,0,0,1,2019,2019
person:openalex:A5026835359,Elias Hellou,Hellou,Elias,0000-0002-0705-9721,A5026835359,PERSON,NEW_EXTERNAL_IDENTITY,0,0,1,2021,2021
person:openalex:A5026851927,Deepthi Raju Abraham,Abraham,Deepthi,0000-0001-6414-9128,A5026851927,PERSON,NEW_EXTERNAL_IDENTITY,0,0,1,2019,2019
person:openalex:A5026943307,Nora Reyes Puma,Puma,Nora Reyes,0000-0003-1671-5169,A5026943307,PERSON,NEW_EXTERNAL_IDENTITY,0,0,2,2020,2021
person:openalex:A5026943664,Katie Churchill,Churchill,Katie,0000-0003-2802-2810,A5026943664,PERSON,NEW_EXTERNAL_IDENTITY,0,0,2,2021,2023
person:openalex:A5026959850,Jiajun Yan,Yan,Jiajun,0000-0001-8966-8709,A5026959850,PERSON,NEW_EXTERNAL_IDENTITY,0,0,3,2024,2026
person:openalex:A5026960756,Ute Thyen,Thyen,Ute,0000-0002-8424-770x,A5026960756,PERSON,NEW_EXTERNAL_IDENTITY,0,0,1,2017,2017
person:openalex:A5027063621,Ewan McFarlane,McFarlane,Ewan,0000-0002-5183-8386,A5027063621,PERSON,NEW_EXTERNAL_IDENTITY,0,0,2,2021,2022
person:openalex:A5027326042,Mandy van Reenen,van Reenen,Mandy,,A5027326042,PERSON,NEW_EXTERNAL_IDENTITY,0,0,1,2020,2020
person:openalex:A5027649343,Ru‐San Tan,Tan,Ru‐San,0000-0003-2086-6517,A5027649343,PERSON,NEW_EXTERNAL_IDENTITY,0,0,2,2017,2021
person:openalex:A5027665094,Matthias Rose,Rose,Matthias,0000-0001-5233-3139,A5027665094,PERSON,NEW_EXTERNAL_IDENTITY,0,0,1,2017,2017
person:openalex:A5027693791,Eva Muehlhofer,Muehlhofer,Eva,0000-0001-8213-232x,A5027693791,PERSON,NEW_EXTERNAL_IDENTITY,0,0,1,2024,2024
person:openalex:A5027716176,Dolors Rodríguez-Arjona,Rodriguez-Arjona,Dolors,0000-0002-3548-0564,A5027716176,PERSON,NEW_EXTERNAL_IDENTITY,0,0,1,2019,2019
person:openalex:A5027850764,Chia-Ming Loo,Loo,Chia-Ming,,A5027850764,PERSON,NEW_EXTERNAL_IDENTITY,0,0,1,2022,2022
person:openalex:A5027892653,Anthea Worley,Worley,Anthea,0000-0001-9462-0072,A5027892653,PERSON,NEW_EXTERNAL_IDENTITY,0,0,1,2022,2022
person:openalex:A5027948044,Joost Rutges,Rutges,Joost P H J,0000-0002-9452-415x,A5027948044,PERSON,NEW_EXTERNAL_IDENTITY,0,0,1,2025,2025
person:openalex:A5027996110,Bin Zheng,Zheng,Bin,0000-0001-9558-304x,A5027996110,PERSON,NEW_EXTERNAL_IDENTITY,0,0,1,2022,2022
person:openalex:A5028001428,Carolien Verheij,Verheij,Carolien,0000-0002-8773-2786,A5028001428,PERSON,NEW_EXTERNAL_IDENTITY,0,0,1,2024,2024
person:openalex:A5028019300,Nicola Carey,Carey,Nicola,0000-0003-2841-1760,A5028019300,PERSON,NEW_EXTERNAL_IDENTITY,0,0,1,2025,2025
person:openalex:A5028035908,Jessica McGuire,McGuire,Jessica,0000-0001-6816-8959,A5028035908,PERSON,NEW_EXTERNAL_IDENTITY,0,0,1,2023,2023
person:openalex:A5028316001,Remy H.H. Bemelmans,Bemelmans,Remy H H,,A5028316001,PERSON,NEW_EXTERNAL_IDENTITY,0,0,1,2025,2025
person:openalex:A5028331339,Andrew Simon Gilbert,Gilbert,Andrew S,0000-0002-0525-8516,A5028331339,PERSON,NEW_EXTERNAL_IDENTITY,0,0,5,2023,2026
person:openalex:A5028373695,Shun Fu Lee,Lee,Shun Fu,0000-0001-9795-1045,A5028373695,PERSON,NEW_EXTERNAL_IDENTITY,0,0,2,2025,2026
person:openalex:A5028522055,Claire Ball,Ball,Claire,0000-0003-1972-6680,A5028522055,PERSON,NEW_EXTERNAL_IDENTITY,0,0,1,2021,2021
person:openalex:A5028609651,Nicholas T. Van Dam,Van Dam,Nicholas,0000-0002-1131-0739,A5028609651,PERSON,NEW_EXTERNAL_IDENTITY,0,0,2,2025,2026
person:openalex:A5028623546,Matthias Kochanek,Kochanek,Matthias,0000-0002-4766-4651,A5028623546,PERSON,NEW_EXTERNAL_IDENTITY,0,0,1,2021,2021
person:openalex:A5028667057,Nasrin Nasr,Nasr,Nasrin,0000-0002-3584-5906,A5028667057,PERSON,NEW_EXTERNAL_IDENTITY,0,0,1,2016,2016
person:openalex:A5028771643,Rocio Rodríguez,Rodríguez,Rocio,0000-0001-5687-5517,A5028771643,PERSON,NEW_EXTERNAL_IDENTITY,0,0,1,2022,2022
person:openalex:A5028792898,Guizhi Weng,Weng,Guizhi,0000-0002-7602-0222,A5028792898,PERSON,NEW_EXTERNAL_IDENTITY,0,0,1,2022,2022
person:openalex:A5028888186,Changsop Yang,Yang,Changsop,0000-0003-1277-3329,A5028888186,PERSON,NEW_EXTERNAL_IDENTITY,0,0,1,2023,2023
person:openalex:A5029031349,Sonia Zhi Yi Soh,Soh,Sonia Zhi Yi,0000-0001-9809-1489,A5029031349,PERSON,NEW_EXTERNAL_IDENTITY,0,0,2,2023,2023
person:openalex:A5029284826,Dorte Gyrd‐Hansen,Gyrd-Hansen,Dorte,0000-0003-1137-2304,A5029284826,PERSON,NEW_EXTERNAL_IDENTITY,0,0,1,2022,2022
person:openalex:A5029425829,Cristina Cunha-Pérez,Cunha-Pérez,Cristina,0000-0003-4314-6336,A5029425829,PERSON,NEW_EXTERNAL_IDENTITY,0,0,1,2022,2022
person:openalex:A5029535790,Jennifer Roberts,Roberts,Jennifer,0000-0003-2883-7251,A5029535790,PERSON,NEW_EXTERNAL_IDENTITY,0,0,1,2005,2005
person:openalex:A5029600678,Gemma Carreras,Carreras,Gemma,0000-0002-6718-8381,A5029600678,PERSON,NEW_EXTERNAL_IDENTITY,0,0,1,2019,2019
person:openalex:A5029725950,Claire Link,Link,Claire,0000-0001-6729-7898,A5029725950,PERSON,NEW_EXTERNAL_IDENTITY,0,0,1,2021,2021
person:openalex:A5030061278,Andrew Street,Street,Andrew,0000-0002-2540-0364,A5030061278,PERSON,NEW_EXTERNAL_IDENTITY,0,0,1,2016,2016
person:openalex:A5030081818,Shuling Kang,Kang,Shuling,,A5030081818,PERSON,NEW_EXTERNAL_IDENTITY,0,0,1,2025,2025
person:openalex:A5030143384,Francisco José Tarazona‐Santabalbina,Tarazona-Santabalbina,Francisco José,0000-0003-4531-1446,A5030143384,PERSON,NEW_EXTERNAL_IDENTITY,0,0,2,2020,2022
person:openalex:A5030232219,John Buckell,Buckell,John,0000-0002-4157-4217,A5030232219,PERSON,NEW_EXTERNAL_IDENTITY,0,0,1,2022,2022
person:openalex:A5030376723,Jane Booth,Booth,Jane,,A5030376723,PERSON,NEW_EXTERNAL_IDENTITY,0,0,1,2023,2023
person:openalex:A5030377169,Yingwei Yang,Yang,Yingwei,0000-0002-1638-733x,A5030377169,PERSON,NEW_EXTERNAL_IDENTITY,0,0,1,2024,2024
person:openalex:A5030384466,Haafizah Dania,Dania,Haafizah,0000-0003-1045-130x,A5030384466,PERSON,NEW_EXTERNAL_IDENTITY,0,0,1,2022,2022
person:openalex:A5030432268,Suwanna Setthawatcharawanich,Setthawatcharawanich,Suwanna,,A5030432268,PERSON,NEW_EXTERNAL_IDENTITY,0,0,1,2023,2023
person:openalex:A5030439149,Narong Samipak,Samipak,Narong,0000-0002-4163-0792,A5030439149,PERSON,NEW_EXTERNAL_IDENTITY,0,0,1,2023,2023
person:openalex:A5030590484,Liza N. van Steenbergen,Steenbergen,Liza N. van,0000-0002-8141-842x,A5030590484,PERSON,NEW_EXTERNAL_IDENTITY,0,0,2,2023,2025
person:openalex:A5030616812,Gurdas V. Singh,Singh,Gurdas,0000-0003-1604-5353,A5030616812,PERSON,NEW_EXTERNAL_IDENTITY,0,0,1,2025,2025
person:openalex:A5030833512,Alexandru Rotar,Rotar,Alexandru,0000-0003-1382-7093,A5030833512,PERSON,NEW_EXTERNAL_IDENTITY,0,0,1,2016,2016
person:openalex:A5030916636,Bena Hemmen,Hemmen,Bena,,A5030916636,PERSON,NEW_EXTERNAL_IDENTITY,0,0,3,2022,2026
person:openalex:A5030966216,Michiel C.J. Bliemer,Bliemer,Michiel C.J.,0000-0001-7602-5827,A5030966216,PERSON,NEW_EXTERNAL_IDENTITY,0,0,1,2019,2019
person:openalex:A5031121847,Marius L Torjusen,Torjusen,Marius L,,A5031121847,PERSON,NEW_EXTERNAL_IDENTITY,0,0,1,2025,2025
person:openalex:A5031125763,Millie Gaydon,Gaydon,Millie,,A5031125763,PERSON,NEW_EXTERNAL_IDENTITY,0,0,1,2025,2025
person:openalex:A5031196760,James M. Buchanan,Buchanan,James,,A5031196760,PERSON,NEW_EXTERNAL_IDENTITY,0,0,1,2026,2026
person:openalex:A5031349761,James Wilson,Wilson,James,0000-0003-0334-2359,A5031349761,PERSON,NEW_EXTERNAL_IDENTITY,0,0,1,2016,2016
person:openalex:A5031383014,Katharina Meier,MEIER,Katharina,0000-0002-4687-3195,A5031383014,PERSON,NEW_EXTERNAL_IDENTITY,0,0,1,2025,2025
person:openalex:A5031451584,Meghan J. Elliott,Elliott,Meghan J,0000-0002-5434-2917,A5031451584,PERSON,NEW_EXTERNAL_IDENTITY,0,0,1,2020,2020
person:openalex:A5031592947,Becky Pennington,Pennington,Becky,0000-0002-1002-022x,A5031592947,PERSON,NEW_EXTERNAL_IDENTITY,0,0,1,2023,2023
person:openalex:A5031658795,Rudolf A. de Boer,Boer,Rudolf A. de,0000-0002-4775-9140,A5031658795,PERSON,NEW_EXTERNAL_IDENTITY,0,0,1,2024,2024
person:openalex:A5031673823,Ronalda De Lacy,Lacy,Ronalda De,,A5031673823,PERSON,NEW_EXTERNAL_IDENTITY,0,0,2,2025,2026
person:openalex:A5031788907,Charles S. Cleeland,Cleeland,Charles,0000-0002-1460-6527,A5031788907,PERSON,NEW_EXTERNAL_IDENTITY,0,0,1,2017,2017
person:openalex:A5031844271,Aline Navega Biz,Biz,Aline Navega,0000-0002-6923-4556,A5031844271,PERSON,NEW_EXTERNAL_IDENTITY,0,0,1,2022,2022
person:openalex:A5032029028,Laura Lübke,Lübke,Laura,0000-0002-7328-8258,A5032029028,PERSON,NEW_EXTERNAL_IDENTITY,0,0,2,2025,2025
person:openalex:A5032068645,Krista Brower,Brower,Krista,,A5032068645,PERSON,NEW_EXTERNAL_IDENTITY,0,0,2,2021,2024
person:openalex:A5032332716,Sanne A. E. Peters,Peters,Sanne A E,0000-0003-0346-5412,A5032332716,PERSON,NEW_EXTERNAL_IDENTITY,0,0,1,2023,2023
person:openalex:A5032499712,Maggie Abbassi,Abbassi,Maggie,0000-0002-5956-8990,A5032499712,PERSON,NEW_EXTERNAL_IDENTITY,0,0,6,2021,2026
person:openalex:A5032522696,Charlotte Bramwell,Bramwell,Charlotte,0000-0001-8430-7867,A5032522696,PERSON,NEW_EXTERNAL_IDENTITY,0,0,1,2016,2016
person:openalex:A5032528649,Johan De Sutter,Sutter,Johan De,0000-0003-1433-8152,A5032528649,PERSON,NEW_EXTERNAL_IDENTITY,0,0,1,2021,2021
person:openalex:A5032810133,Nadine Zawadzki,Zawadzki,Nadine,0000-0002-3379-9424,A5032810133,PERSON,NEW_EXTERNAL_IDENTITY,0,0,1,2025,2025
person:openalex:A5032844648,Beate Sander,Sander,Beate,0000-0003-2128-9133,A5032844648,PERSON,NEW_EXTERNAL_IDENTITY,0,0,1,2022,2022
person:openalex:A5033116502,Asim Shabbir,Shabbir,Asim,0000-0002-2490-6478,A5033116502,PERSON,NEW_EXTERNAL_IDENTITY,0,0,1,2026,2026
person:openalex:A5033159039,Sofi Bergfors,Bergfors,Sofi,,A5033159039,PERSON,NEW_EXTERNAL_IDENTITY,0,0,1,2014,2014
person:openalex:A5033164608,Leona Kosowicz,Kosowicz,Leona,0000-0003-4780-8333,A5033164608,PERSON,NEW_EXTERNAL_IDENTITY,0,0,1,2023,2023
person:openalex:A5033167666,Carol Ann Remme,Remme,Carol Ann,0000-0003-0095-0084,A5033167666,PERSON,NEW_EXTERNAL_IDENTITY,0,0,1,2022,2022
person:openalex:A5033232150,Hendramoorthy Maheswaran,Maheswaran,Hendramoorthy,0000-0002-7375-4845,A5033232150,PERSON,NEW_EXTERNAL_IDENTITY,0,0,4,2021,2024
person:openalex:A5033279467,James Love-Koh,Love-Koh,James,0000-0001-9009-5346,A5033279467,PERSON,NEW_EXTERNAL_IDENTITY,0,0,3,2022,2023
person:openalex:A5033340861,Jeannette Comeau,Comeau,Jeannette,0000-0003-2132-674x,A5033340861,PERSON,NEW_EXTERNAL_IDENTITY,0,0,1,2024,2024
person:openalex:A5033363054,Miguel Ángel Pérez-Sousa,Perez-Sousa,Miguel A.,0000-0003-4392-6850,A5033363054,PERSON,NEW_EXTERNAL_IDENTITY,0,0,3,2019,2022
person:openalex:A5033485095,Allan Wailoo,Wailoo,Allan,0000-0002-9324-1617,A5033485095,PERSON,NEW_EXTERNAL_IDENTITY,0,0,1,2025,2025
person:openalex:A5033508635,Bas Donkers,Donkers,Bas,0000-0002-0412-4276,A5033508635,PERSON,NEW_EXTERNAL_IDENTITY,0,0,5,2016,2022
person:openalex:A5033623434,Carinna Hockham,Hockham,Carinna,0000-0003-2126-5350,A5033623434,PERSON,NEW_EXTERNAL_IDENTITY,0,0,1,2023,2023
person:openalex:A5033662895,Scott Klarenbach,Klarenbach,Scott,0000-0002-8611-1056,A5033662895,PERSON,NEW_EXTERNAL_IDENTITY,0,0,2,2020,2021
person:openalex:A5033794504,Jörg B. Schulz,Schulz,Jörg B,0000-0002-8903-0593,A5033794504,PERSON,NEW_EXTERNAL_IDENTITY,0,0,1,2024,2024
person:openalex:A5033930205,Yuda Chongpison,Chongpison,Yuda,0000-0001-6690-4123,A5033930205,PERSON,NEW_EXTERNAL_IDENTITY,0,0,1,2023,2023
person:openalex:A5033965888,Simone Kreimeier,Kreimeier,Simone,0000-0002-4832-7833,A5033965888,PERSON,NEW_EXTERNAL_IDENTITY,0,0,16,2018,2026
person:openalex:A5034046678,Anneke Spekenbrink–Spooren,SPEKENBRINK-SPOOREN,Anneke,0000-0003-3737-8341,A5034046678,PERSON,NEW_EXTERNAL_IDENTITY,0,0,1,2022,2022
person:openalex:A5034052234,Y. A. Almubarak,Almubarak,Y. A.,,A5034052234,PERSON,NEW_EXTERNAL_IDENTITY,0,0,1,2021,2021
person:openalex:A5034127682,Dyan Zhewei Zhang,Zhang,Dyan Zhewei,0000-0002-1876-8742,A5034127682,PERSON,NEW_EXTERNAL_IDENTITY,0,0,1,2025,2025
person:openalex:A5034164207,Lauren Lines,Lines,Lauren,0000-0003-2603-6960,A5034164207,PERSON,NEW_EXTERNAL_IDENTITY,0,0,1,2024,2024
person:openalex:A5034232594,Menglu Che,Che,Menglu,0000-0002-0594-5797,A5034232594,PERSON,NEW_EXTERNAL_IDENTITY,0,0,3,2023,2026
person:openalex:A5034269087,Peter Tieleman,Tieleman,Peter,,A5034269087,PERSON,NEW_EXTERNAL_IDENTITY,0,0,1,2023,2023
person:openalex:A5034380977,Nur Melani Sari,Sari,Nur Melani,0000-0002-9062-9624,A5034380977,PERSON,NEW_EXTERNAL_IDENTITY,0,0,1,2021,2021
person:openalex:A5034668842,Parima Hirunwiwatkul,Hirunwiwatkul,Parima,0000-0002-7599-1991,A5034668842,PERSON,NEW_EXTERNAL_IDENTITY,0,0,1,2023,2023
person:openalex:A5034764832,Norbert Marschner,Marschner,Norbert,0000-0002-6098-1301,A5034764832,PERSON,NEW_EXTERNAL_IDENTITY,0,0,1,2020,2020
person:openalex:A5034788379,Anna G M Zondag,Zondag,Anna G M,0000-0002-3869-4285,A5034788379,PERSON,NEW_EXTERNAL_IDENTITY,0,0,1,2021,2021
person:openalex:A5034838528,Gillian Ferguson,Ferguson,Gillian D.,0000-0002-2698-965x,A5034838528,PERSON,NEW_EXTERNAL_IDENTITY,0,0,1,2017,2017
person:openalex:A5034847268,Priya Jagota,Jagota,Priya,0000-0002-4686-1311,A5034847268,PERSON,NEW_EXTERNAL_IDENTITY,0,0,1,2023,2023
person:openalex:A5035192108,Kaushalendra Kumar,Kumar,Kaushalendra,0000-0001-5913-0297,A5035192108,PERSON,NEW_EXTERNAL_IDENTITY,0,0,1,2024,2024
person:openalex:A5035248555,David Feeny,Feeny,David,0000-0002-1998-9408,A5035248555,PERSON,NEW_EXTERNAL_IDENTITY,0,0,1,2015,2015
person:openalex:A5035256478,Enrico Ferri Grazzi,Ferri Grazzi,Enrico,0000-0002-0567-0260,A5035256478,PERSON,NEW_EXTERNAL_IDENTITY,0,0,1,2023,2023
person:openalex:A5035275267,Supanut Apinyawasisuk,Apinyawasisuk,Supanut,0000-0002-4018-9886,A5035275267,PERSON,NEW_EXTERNAL_IDENTITY,0,0,1,2023,2023
person:openalex:A5035425659,Óscar Gianneo,Gianneo,Óscar,,A5035425659,PERSON,NEW_EXTERNAL_IDENTITY,0,0,1,2015,2015
person:openalex:A5035467493,Rebecca E. Mercer,Mercer,Rebecca E.,0000-0002-9264-7797,A5035467493,PERSON,NEW_EXTERNAL_IDENTITY,0,0,2,2025,2025
person:openalex:A5035507557,Anne Spencer,Spencer,Anne,0000-0002-8163-3103,A5035507557,PERSON,NEW_EXTERNAL_IDENTITY,0,0,1,2021,2021
person:openalex:A5035525973,Joost A. Offerhaus,Offerhaus,Joost A,0000-0002-6188-8926,A5035525973,PERSON,NEW_EXTERNAL_IDENTITY,0,0,1,2022,2022
person:openalex:A5035567252,Jakob Bue Bjørner,Bjørner,Jakob Bue,0000-0001-7033-8224,A5035567252,PERSON,NEW_EXTERNAL_IDENTITY,0,0,1,2022,2022
person:openalex:A5035586006,Calvin Kalun Or,Or,Calvin Kalun,0000-0002-9819-8865,A5035586006,PERSON,NEW_EXTERNAL_IDENTITY,0,0,2,2021,2022
person:openalex:A5035625522,Seo-Ho Cho,Cho,Seo-Ho,0000-0002-2307-7014,A5035625522,PERSON,NEW_EXTERNAL_IDENTITY,0,0,1,2026,2026
person:openalex:A5035696719,Irene Florentino-Fariñas,Florentino-Fariñas,Irene,,A5035696719,PERSON,NEW_EXTERNAL_IDENTITY,0,0,1,2022,2022
person:openalex:A5035704791,Oleksa Rewa,Rewa,Oleksa G,0000-0003-3571-3871,A5035704791,PERSON,NEW_EXTERNAL_IDENTITY,0,0,1,2022,2022
person:openalex:A5035742054,AG Raafs,Raafs,A G,,A5035742054,PERSON,NEW_EXTERNAL_IDENTITY,0,0,1,2022,2022
person:openalex:A5035819987,Marcelo Goulart Correia,Correia,Marcelo Goulart,0000-0002-3446-5741,A5035819987,PERSON,NEW_EXTERNAL_IDENTITY,0,0,1,2025,2025
person:openalex:A5035871454,MJ Forner,Forner,MJ,,A5035871454,PERSON,NEW_EXTERNAL_IDENTITY,0,0,1,2021,2021
person:openalex:A5035942115,Christopher Smith,Smith,Christopher,0000-0002-9625-6902,A5035942115,PERSON,NEW_EXTERNAL_IDENTITY,0,0,5,2019,2025
person:openalex:A5036192040,Mohamed El Alili,Alili,Mohamed El,0000-0002-6341-7976,A5036192040,PERSON,NEW_EXTERNAL_IDENTITY,0,0,1,2022,2022
person:openalex:A5036301763,Sean M. Bagshaw,Bagshaw,Sean M,0000-0003-3633-6596,A5036301763,PERSON,NEW_EXTERNAL_IDENTITY,0,0,1,2022,2022
person:openalex:A5036330301,Di Long,Long,Di,0000-0001-6493-9314,A5036330301,PERSON,NEW_EXTERNAL_IDENTITY,0,0,5,2021,2022
person:openalex:A5036404968,E-Li Leong,Leong,E-Li,0000-0002-9042-8435,A5036404968,PERSON,NEW_EXTERNAL_IDENTITY,0,0,1,2022,2022
person:openalex:A5036465952,Dana Barthel,Barthel,Dana,0000-0001-8779-2554,A5036465952,PERSON,NEW_EXTERNAL_IDENTITY,0,0,1,2017,2017
person:openalex:A5036873520,Kalpana Bhattarai,Bhattarai,Kalpana,,A5036873520,PERSON,NEW_EXTERNAL_IDENTITY,0,0,1,2026,2026
person:openalex:A5036914746,Karin M. Vermeulen,Vermeulen,Karin M.,0000-0001-9257-2791,A5036914746,PERSON,NEW_EXTERNAL_IDENTITY,0,0,1,2016,2016
person:openalex:A5036966857,Corine Delsing,Delsing,Corine,0000-0002-3472-351x,A5036966857,PERSON,NEW_EXTERNAL_IDENTITY,0,0,1,2021,2021
person:openalex:A5037182915,Brittany Humphries,Humphries,Brittany,0000-0001-9364-5788,A5037182915,PERSON,NEW_EXTERNAL_IDENTITY,0,0,5,2024,2026
person:openalex:A5037214957,Benjamin W. Domingue,Domingue,Ben,0000-0002-3894-9049,A5037214957,PERSON,NEW_EXTERNAL_IDENTITY,0,0,1,2026,2026
person:openalex:A5037225663,Axel Nordenskjöld,Nordenskjöld,Axel,0000-0001-7454-3065,A5037225663,PERSON,NEW_EXTERNAL_IDENTITY,0,0,1,2023,2023
person:openalex:A5037250262,Andrews K. Tawiah,Tawiah,Andrews K,0000-0002-6862-7796,A5037250262,PERSON,NEW_EXTERNAL_IDENTITY,0,0,2,2019,2019
person:openalex:A5037261695,Amanda Cole,Cole,Amanda,0000-0001-6179-7752,A5037261695,PERSON,NEW_EXTERNAL_IDENTITY,0,0,2,2017,2018
person:openalex:A5037318675,Paul Hansen,Hansen,Paul,0000-0001-5790-0710,A5037318675,PERSON,NEW_EXTERNAL_IDENTITY,0,0,4,2004,2025
person:openalex:A5037328125,Thomas Klockgether,Klockgether,Thomas,0000-0001-6174-5442,A5037328125,PERSON,NEW_EXTERNAL_IDENTITY,0,0,4,2023,2025
person:openalex:A5037446166,Wael Mohammed,Mohammed,Wael,0000-0003-0370-4903,A5037446166,PERSON,NEW_EXTERNAL_IDENTITY,0,0,1,2023,2023
person:openalex:A5037528949,Piyawadee Chaimongkoltrakul,Chaimongkoltrakul,Piyawadee,,A5037528949,PERSON,NEW_EXTERNAL_IDENTITY,0,0,1,2023,2023
person:openalex:A5037569411,Viviana Reyes-Martínez,Reyes-Martinez,Viviana,0000-0002-6723-7251,A5037569411,PERSON,NEW_EXTERNAL_IDENTITY,0,0,1,2022,2022
person:openalex:A5037576805,Dinah Reddihough,Reddihough,Dinah,0000-0003-3634-7906,A5037576805,PERSON,NEW_EXTERNAL_IDENTITY,0,0,2,2023,2024
person:openalex:A5037583832,Jaehee Yoo,Yoo,Jaehee,,A5037583832,PERSON,NEW_EXTERNAL_IDENTITY,0,0,1,2023,2023
person:openalex:A5037627667,F Xie,Xie,F,,A5037627667,PERSON,NEW_EXTERNAL_IDENTITY,0,0,1,2017,2017
person:openalex:A5037661370,Frans H. Rutten,Rutten,Frans H,0000-0002-5052-7332,A5037661370,PERSON,NEW_EXTERNAL_IDENTITY,0,0,1,2022,2022
person:openalex:A5037744802,Aulia Iskandarsyah,Iskandarsyah,Aulia,0000-0002-9526-6922,A5037744802,PERSON,NEW_EXTERNAL_IDENTITY,0,0,5,2017,2018
person:openalex:A5037746797,Zara Marthinus,Marthinus,Zara,,A5037746797,PERSON,NEW_EXTERNAL_IDENTITY,0,0,1,2022,2022
person:openalex:A5037802250,Nalin Payakachat,Payakachat,Nalin,0000-0002-9526-5356,A5037802250,PERSON,NEW_EXTERNAL_IDENTITY,0,0,1,2023,2023
person:openalex:A5037807555,Sophie Langenskiöld,Langenskiöld,Sophie,0000-0003-3888-2910,A5037807555,PERSON,NEW_EXTERNAL_IDENTITY,0,0,1,2019,2019
person:openalex:A5037884887,Brian Colwell,Colwell,Brian,0000-0002-9338-2778,A5037884887,PERSON,NEW_EXTERNAL_IDENTITY,0,0,1,2024,2024
person:openalex:A5037889272,Diana Truong,Truong,Diana,0000-0003-4007-8243,A5037889272,PERSON,NEW_EXTERNAL_IDENTITY,0,0,1,2025,2025
person:openalex:A5037890696,Mark Woodward,Woodward,Mark,0000-0001-9800-5296,A5037890696,PERSON,NEW_EXTERNAL_IDENTITY,0,0,1,2023,2023
person:openalex:A5037935415,Mark Jit,Jit,Mark,0000-0001-6658-8255,A5037935415,PERSON,NEW_EXTERNAL_IDENTITY,0,0,1,2023,2023
person:openalex:A5037956429,François Lamontagne,Lamontagne,Francois,0000-0002-0360-3427,A5037956429,PERSON,NEW_EXTERNAL_IDENTITY,0,0,1,2022,2022
person:openalex:A5037958944,Janice Connell,Connell,Janice,0000-0003-4609-3911,A5037958944,PERSON,NEW_EXTERNAL_IDENTITY,0,0,6,2020,2022
person:openalex:A5038007882,Donna Reidlinger,Reidlinger,Donna M,0000-0002-3365-9923,A5038007882,PERSON,NEW_EXTERNAL_IDENTITY,0,0,1,2024,2024
person:openalex:A5038047411,Pedro R. Olivares,Olivares,Pedro R,0000-0001-7371-343x,A5038047411,PERSON,NEW_EXTERNAL_IDENTITY,0,0,4,2010,2022
person:openalex:A5038306829,Dawn Stacey,Stacey,Dawn,0000-0002-2681-741x,A5038306829,PERSON,NEW_EXTERNAL_IDENTITY,0,0,3,2019,2023
person:openalex:A5038338228,Tianzhou Yu,Yu,Tianzhou,0000-0003-3116-5636,A5038338228,PERSON,NEW_EXTERNAL_IDENTITY,0,0,1,2022,2022
person:openalex:A5038489315,Aírton Tetelbom Stein,Stein,Airton Tetelbom,0000-0002-8756-8699,A5038489315,PERSON,NEW_EXTERNAL_IDENTITY,0,0,1,2024,2024
person:openalex:A5038616014,Pareena Chaitanuwong,Chaitanuwong,Pareena,0000-0001-8984-3175,A5038616014,PERSON,NEW_EXTERNAL_IDENTITY,0,0,1,2023,2023
person:openalex:A5038625794,Zhongyu Lang,Lang,Zhongyu,0000-0002-2399-6942,A5038625794,PERSON,NEW_EXTERNAL_IDENTITY,0,0,6,2023,2026
person:openalex:A5038673913,Muath Aldosari,Aldosari,Muath,0000-0002-2200-2408,A5038673913,PERSON,NEW_EXTERNAL_IDENTITY,0,0,1,2024,2024
person:openalex:A5038723695,R. A. van Hoorn,Hoorn,R. A. van,,A5038723695,PERSON,NEW_EXTERNAL_IDENTITY,0,0,1,2014,2014
person:openalex:A5038977404,Luís Nobre Pereira,Pereira,Luís Nobre,0000-0003-0917-7163,A5038977404,PERSON,NEW_EXTERNAL_IDENTITY,0,0,1,2019,2019
person:openalex:A5039039017,Kerstin Hagberg,Hagberg,Kerstin,0000-0003-0149-8149,A5039039017,PERSON,NEW_EXTERNAL_IDENTITY,0,0,1,2021,2021
person:openalex:A5039179887,Yanming Hong,Hong,Yanming,0009-0000-6669-3602,A5039179887,PERSON,NEW_EXTERNAL_IDENTITY,0,0,3,2022,2026
person:openalex:A5039282412,M Pfaff,Pfaff,Michelle,0009-0000-5239-1769,A5039282412,PERSON,NEW_EXTERNAL_IDENTITY,0,0,2,2024,2024
person:openalex:A5039287543,Deirdre Weymann,Weymann,Deirdre,0000-0002-3072-5657,A5039287543,PERSON,NEW_EXTERNAL_IDENTITY,0,0,1,2024,2024
person:openalex:A5039308938,Sha Diao,Diao,Sha,0000-0003-4523-8509,A5039308938,PERSON,NEW_EXTERNAL_IDENTITY,0,0,1,2025,2025
person:openalex:A5039511680,Kurt D. Christensen,Christensen,Kurt D,0000-0003-4068-776x,A5039511680,PERSON,NEW_EXTERNAL_IDENTITY,0,0,1,2024,2024
person:openalex:A5039516267,Roland Simon,Simon,Roland,,A5039516267,PERSON,NEW_EXTERNAL_IDENTITY,0,0,2,2022,2022
person:openalex:A5039557474,Hidde Bleijendaal,Bleijendaal,Hidde,0000-0003-1506-8385,A5039557474,PERSON,NEW_EXTERNAL_IDENTITY,0,0,2,2021,2022
person:openalex:A5039605188,Lilla M. Roy,Roy,Lilla M,0000-0003-1725-9732,A5039605188,PERSON,NEW_EXTERNAL_IDENTITY,0,0,1,2023,2023
person:openalex:A5039674186,Misel Trajanovska,Trajanovska,Misel,0000-0001-6983-0166,A5039674186,PERSON,NEW_EXTERNAL_IDENTITY,0,0,1,2025,2025
person:openalex:A5039690433,Geert‐Jan Geersing,Geersing,Geert-Jan,0000-0001-6976-9844,A5039690433,PERSON,NEW_EXTERNAL_IDENTITY,0,0,1,2022,2022
person:openalex:A5039782389,Folkert W. Asselbergs,Asselbergs,F W,0000-0002-1692-8669,A5039782389,PERSON,NEW_EXTERNAL_IDENTITY,0,0,8,2021,2025
person:openalex:A5039868255,Susan M. Jack,Jack,Susan M,0000-0003-4380-620x,A5039868255,PERSON,NEW_EXTERNAL_IDENTITY,0,0,2,2025,2026
person:openalex:A5039966501,Maryna Derkach,Derkach,Maryna,0000-0001-8977-2776,A5039966501,PERSON,NEW_EXTERNAL_IDENTITY,0,0,1,2022,2022
person:openalex:A5039986019,Julian Thumboo,Thumboo,Julian,0000-0001-6712-5535,A5039986019,PERSON,NEW_EXTERNAL_IDENTITY,0,0,1,2025,2025
person:openalex:A5040017874,Loes H. Willems,Willems,Loes H,0000-0002-2728-9663,A5040017874,PERSON,NEW_EXTERNAL_IDENTITY,0,0,1,2022,2022
person:openalex:A5040211938,Ashley S. Cha-Silva,Cha,Ashley S,0000-0002-8484-6251,A5040211938,PERSON,NEW_EXTERNAL_IDENTITY,0,0,1,2019,2019
person:openalex:A5040431441,Wolfgang Guggemos,Guggemos,Wolfgang,,A5040431441,PERSON,NEW_EXTERNAL_IDENTITY,0,0,1,2021,2021
person:openalex:A5040436943,Gordon Guoen Liu,Liu,Gordon Guoen,,A5040436943,PERSON,NEW_EXTERNAL_IDENTITY,0,0,1,2015,2015
person:openalex:A5040497212,Izabela Domitrz,Domitrz,Izabela,0000-0003-3130-1036,A5040497212,PERSON,NEW_EXTERNAL_IDENTITY,0,0,1,2022,2022
person:openalex:A5040633987,Edel Doherty,Doherty,Edel,0000-0001-8756-8974,A5040633987,PERSON,NEW_EXTERNAL_IDENTITY,0,0,4,2020,2022
person:openalex:A5040701844,Gebremedhin Beedemariam Gebretekle,Gebretekle,Gebremedhin Beedemariam,0000-0002-2485-505x,A5040701844,PERSON,NEW_EXTERNAL_IDENTITY,0,0,3,2019,2024
person:openalex:A5040717022,Lisa Warner,Warner,Lisa,,A5040717022,PERSON,NEW_EXTERNAL_IDENTITY,0,0,2,2021,2023
person:openalex:A5040721541,N. Charlotte,Charlotte,N.,0000-0001-5052-5161,A5040721541,PERSON,NEW_EXTERNAL_IDENTITY,0,0,1,2021,2021
person:openalex:A5040744360,Paul Dark,Dark,Paul,0000-0003-3309-0164,A5040744360,PERSON,NEW_EXTERNAL_IDENTITY,0,0,1,2021,2021
person:openalex:A5040762389,Rodrigo Varela Villegas,Varela,Rodrigo,0000-0001-7845-1416,A5040762389,PERSON,NEW_EXTERNAL_IDENTITY,0,0,1,2022,2022
person:openalex:A5041007182,Alinane Linda Nyondo‐Mipando,Nyondo‐Mipando,Alinane Linda,0000-0002-3572-3810,A5041007182,PERSON,NEW_EXTERNAL_IDENTITY,0,0,1,2021,2021
person:openalex:A5041013206,Farrukh Shah,Shah,Farrukh,0000-0001-5975-1309,A5041013206,PERSON,NEW_EXTERNAL_IDENTITY,0,0,1,2023,2023
person:openalex:A5041065594,Galina Velikova,Velikova,Galina,0000-0003-1899-5942,A5041065594,PERSON,NEW_EXTERNAL_IDENTITY,0,0,1,2016,2016
person:openalex:A5041066604,Dan Kelleher,Kelleher,Dan,0000-0002-0109-1587,A5041066604,PERSON,NEW_EXTERNAL_IDENTITY,0,0,7,2018,2022
person:openalex:A5041225333,Andrea Calvo,Calvo,Andrea,0000-0001-8249-1226,A5041225333,PERSON,NEW_EXTERNAL_IDENTITY,0,0,1,2021,2021
person:openalex:A5041280886,Laurent Beaugerie,Beaugerie,L,0000-0002-5012-4146,A5041280886,PERSON,NEW_EXTERNAL_IDENTITY,0,0,1,2025,2025
person:openalex:A5041284045,Diana Rose,Rose,Diana,0000-0002-5707-2633,A5041284045,PERSON,NEW_EXTERNAL_IDENTITY,0,0,1,2016,2016
person:openalex:A5041290896,M. Eugenia Socías,Socias,M. Eugenia,0000-0003-2556-7049,A5041290896,PERSON,NEW_EXTERNAL_IDENTITY,0,0,1,2023,2023
person:openalex:A5041379430,D.S. Reddy,Reddy,Deveshni,0000-0001-5575-7586,A5041379430,PERSON,NEW_EXTERNAL_IDENTITY,0,0,2,2025,2026
person:openalex:A5041382063,Miguel Á. Caramés,Caramés,Miguel A.,,A5041382063,PERSON,NEW_EXTERNAL_IDENTITY,0,0,1,2023,2023
person:openalex:A5041445276,Dirk J. van der Heijden,Heijden,Dirk J. van der,0000-0002-9904-9212,A5041445276,PERSON,NEW_EXTERNAL_IDENTITY,0,0,1,2021,2021
person:openalex:A5041450567,Mani Neupane,Neupane,Mani,0000-0002-7383-1089,A5041450567,PERSON,NEW_EXTERNAL_IDENTITY,0,0,1,2026,2026
person:openalex:A5041762848,Nan Su,Su,Nan,0000-0002-0653-923x,A5041762848,PERSON,NEW_EXTERNAL_IDENTITY,0,0,1,2025,2025
person:openalex:A5041912741,S.E. Davidson,Davidson,S.E.,0000-0001-9435-7438,A5041912741,PERSON,NEW_EXTERNAL_IDENTITY,0,0,1,2016,2016
person:openalex:A5042011412,Leah Kosyakovsky,Kosyakovsky,Leah,0000-0003-2482-0444,A5042011412,PERSON,NEW_EXTERNAL_IDENTITY,0,0,1,2024,2024
person:openalex:A5042050033,Fabian Kleinke,Kleinke,Fabian,0000-0003-0092-7263,A5042050033,PERSON,NEW_EXTERNAL_IDENTITY,0,0,1,2024,2024
person:openalex:A5042163989,Shinichi Noto,Noto,Shinichi,0000-0002-6952-7770,A5042163989,PERSON,NEW_EXTERNAL_IDENTITY,0,0,2,2016,2021
person:openalex:A5042363960,Caique de Melo do Espírito Santo,Espirito Santo,Caique de Melo do,0000-0002-1175-2211,A5042363960,PERSON,NEW_EXTERNAL_IDENTITY,0,0,1,2025,2025
person:openalex:A5042375693,Órlaith Burke,Burke,Órlaith,,A5042375693,PERSON,NEW_EXTERNAL_IDENTITY,0,0,1,2016,2016
person:openalex:A5042497430,Franz Ombler,Ombler,Franz,0000-0002-3560-0191,A5042497430,PERSON,NEW_EXTERNAL_IDENTITY,0,0,2,2019,2025
person:openalex:A5042553941,Montarat Thavorncharoensap,Thavorncharoensap,Montarat,0000-0002-8256-2167,A5042553941,PERSON,NEW_EXTERNAL_IDENTITY,0,0,1,2026,2026
person:openalex:A5042834834,Gayathri S. Kumar,Kumar,Gayathri,0000-0002-2791-9960,A5042834834,PERSON,NEW_EXTERNAL_IDENTITY,0,0,1,2025,2025
person:openalex:A5042871448,Mohammed Alshahrani,Alshahrani,Mohammed,0000-0001-5946-2128,A5042871448,PERSON,NEW_EXTERNAL_IDENTITY,0,0,1,2021,2021
person:openalex:A5042897003,Chau Ho,Ho,Chau,0000-0002-4285-9409,A5042897003,PERSON,NEW_EXTERNAL_IDENTITY,0,0,1,2022,2022
person:openalex:A5042961016,Y Xu,Xu,Y,,A5042961016,PERSON,NEW_EXTERNAL_IDENTITY,0,0,1,2026,2026
person:openalex:A5043369057,Michel K. Haener,Haener,Michel,,A5043369057,PERSON,NEW_EXTERNAL_IDENTITY,0,0,1,2021,2021
person:openalex:A5043394711,David W. Johnson,Johnson,David W,0000-0001-5491-3460,A5043394711,PERSON,NEW_EXTERNAL_IDENTITY,0,0,1,2024,2024
person:openalex:A5043397135,Zai Ru Cheng,Cheng,Zai Ru,,A5043397135,PERSON,NEW_EXTERNAL_IDENTITY,0,0,2,2025,2025
person:openalex:A5043552817,Ayesha Sajjad,Sajjad,Ayesha,0000-0001-7564-0596,A5043552817,PERSON,NEW_EXTERNAL_IDENTITY,0,0,3,2022,2023
person:openalex:A5043629216,Shunping Li,Li,Shunping,0000-0001-8144-6220,A5043629216,PERSON,NEW_EXTERNAL_IDENTITY,0,0,2,2022,2025
person:openalex:A5043630973,Susan Chatwood,Chatwood,Susan,0000-0003-2848-7116,A5043630973,PERSON,NEW_EXTERNAL_IDENTITY,0,0,1,2023,2023
person:openalex:A5043733417,Dean A. Regier,Regier,Dean A,0000-0001-8876-0511,A5043733417,PERSON,NEW_EXTERNAL_IDENTITY,0,0,1,2024,2024
person:openalex:A5043747169,C. Dürsteler,Dürsteler,Christian,0000-0003-0840-2787,A5043747169,PERSON,NEW_EXTERNAL_IDENTITY,0,0,1,2021,2021
person:openalex:A5043759604,Nattapong Mekhasingharak,Mekhasingharak,Nattapong,,A5043759604,PERSON,NEW_EXTERNAL_IDENTITY,0,0,1,2023,2023
person:openalex:A5043862933,Maggie Yu,Yu,Maggie,0000-0002-2022-4939,A5043862933,PERSON,NEW_EXTERNAL_IDENTITY,0,0,2,2025,2026
person:openalex:A5043889398,Jonas Crèvecoeur,Crèvecoeur,Jonas,0000-0002-2983-8857,A5043889398,PERSON,NEW_EXTERNAL_IDENTITY,0,0,1,2024,2024
person:openalex:A5043996334,Kerstin Hellwig,Hellwig,Kerstin,0000-0003-4467-9011,A5043996334,PERSON,NEW_EXTERNAL_IDENTITY,0,0,1,2021,2021
person:openalex:A5044057214,Juan C. Rueda,Rueda,Juan C.,0000-0002-6263-2914,A5044057214,PERSON,NEW_EXTERNAL_IDENTITY,0,0,1,2022,2022
person:openalex:A5044076496,Rakhee Raghunandan,Raghunandan,Rakhee,0000-0001-7848-6109,A5044076496,PERSON,NEW_EXTERNAL_IDENTITY,0,0,1,2024,2024
person:openalex:A5044290626,Àngels Pont,Pont,Angels,0000-0002-0602-552x,A5044290626,PERSON,NEW_EXTERNAL_IDENTITY,0,0,1,2019,2019
person:openalex:A5044345166,Yang Feng,Feng,Yang,0000-0001-7746-7598,A5044345166,PERSON,NEW_EXTERNAL_IDENTITY,0,0,1,2018,2018
person:openalex:A5044349713,Colin B. Josephson,Josephson,Colin B,0000-0001-7052-1651,A5044349713,PERSON,NEW_EXTERNAL_IDENTITY,0,0,1,2021,2021
person:openalex:A5044372933,Ola Rolfson,Rolfson,Ola,0000-0001-6534-1242,A5044372933,PERSON,NEW_EXTERNAL_IDENTITY,0,0,7,2018,2023
person:openalex:A5044375482,Karin Groothuis‐Oudshoorn,Groothuis-Oudshoorn,Catharina G M,0000-0002-4875-5379,A5044375482,PERSON,NEW_EXTERNAL_IDENTITY,0,0,3,2017,2022
person:openalex:A5044500906,Alexandra Enocson,Enocson,Alexandra,0000-0002-4415-0989,A5044500906,PERSON,NEW_EXTERNAL_IDENTITY,0,0,1,2021,2021
person:openalex:A5044521436,Nick Wilmes,Wilmes,Nick,0000-0002-7231-8654,A5044521436,PERSON,NEW_EXTERNAL_IDENTITY,0,0,2,2025,2025
person:openalex:A5044553114,Karen Jones,Jones,Karen,0000-0003-0851-8341,A5044553114,PERSON,NEW_EXTERNAL_IDENTITY,0,0,3,2021,2022
person:openalex:A5044572440,Matthew Kennedy-Martin,Kennedy-Martin,Matthew,0000-0003-3643-7418,A5044572440,PERSON,NEW_EXTERNAL_IDENTITY,0,0,1,2020,2020
person:openalex:A5044579528,Eva Räcker,Räcker,Eva,,A5044579528,PERSON,NEW_EXTERNAL_IDENTITY,0,0,1,2021,2021
person:openalex:A5044586569,Gaurav Jyani,Jyani,Gaurav,0000-0003-3787-2446,A5044586569,PERSON,NEW_EXTERNAL_IDENTITY,0,0,5,2020,2023
person:openalex:A5044733378,Cornelis H. van der Vlies,van der Vlies,Cornelis H.,0000-0002-6847-4566,A5044733378,PERSON,NEW_EXTERNAL_IDENTITY,0,0,1,2022,2022
person:openalex:A5044759541,Han Bleichrodt,Bleichrodt,Han,0000-0002-2700-412x,A5044759541,PERSON,NEW_EXTERNAL_IDENTITY,0,0,1,2021,2021
person:openalex:A5044761268,Wilbert B. van den Hout,van den Hout,Wilbert,0000-0002-6425-0135,A5044761268,PERSON,NEW_EXTERNAL_IDENTITY,0,0,1,2022,2022
person:openalex:A5044770070,Christoph Heesen,Heesen,Christoph,0000-0001-8131-9467,A5044770070,PERSON,NEW_EXTERNAL_IDENTITY,0,0,1,2021,2021
person:openalex:A5044795246,Julie K. Johnson,Johnson,Julie,0000-0002-7757-5529,A5044795246,PERSON,NEW_EXTERNAL_IDENTITY,0,0,1,2022,2022
person:openalex:A5044993045,T. A. Klamer,Klamer,T A,0000-0001-9502-7422,A5044993045,PERSON,NEW_EXTERNAL_IDENTITY,0,0,1,2022,2022
person:openalex:A5045131736,Laurence Roope,Roope,Laurence,0000-0001-9098-9331,A5045131736,PERSON,NEW_EXTERNAL_IDENTITY,0,0,2,2023,2025
person:openalex:A5045234232,Stéphanie Thomas,Thomas,Stephanie,0000-0001-5910-9551,A5045234232,PERSON,NEW_EXTERNAL_IDENTITY,0,0,1,2023,2023
person:openalex:A5045394669,Sandeep Grover,Grover,Sandeep,0000-0002-2714-2055,A5045394669,PERSON,NEW_EXTERNAL_IDENTITY,0,0,3,2023,2023
person:openalex:A5045399261,John Yfantopolous,Yfantopolous,John,,A5045399261,PERSON,NEW_EXTERNAL_IDENTITY,0,0,2,2023,2024
person:openalex:A5045403219,Yasmin Goga,Goga,Yasmin,0000-0002-6740-2376,A5045403219,PERSON,NEW_EXTERNAL_IDENTITY,0,0,2,2025,2026
person:openalex:A5045476126,Rutger L. Anthonio,Anthonio,Rutger L.,,A5045476126,PERSON,NEW_EXTERNAL_IDENTITY,0,0,1,2021,2021
person:openalex:A5045536893,Simon Charlton,Charlton,Simon,,A5045536893,PERSON,NEW_EXTERNAL_IDENTITY,0,0,1,2023,2023
person:openalex:A5045845839,Jirat Nimworaphan,Nimworaphan,Jirat,0000-0003-0728-5400,A5045845839,PERSON,NEW_EXTERNAL_IDENTITY,0,0,1,2023,2023
person:openalex:A5045865276,Emilian Snarski,Snarski,Emilian,0000-0003-2700-7571,A5045865276,PERSON,NEW_EXTERNAL_IDENTITY,0,0,2,2020,2026
person:openalex:A5045882445,Corstiaan A. den Uil,den Uil,Corstiaan A,0000-0003-0635-2843,A5045882445,PERSON,NEW_EXTERNAL_IDENTITY,0,0,1,2025,2025
person:openalex:A5045925648,Ivan Chi Ho Au,Au,Ivan Chi Ho,0000-0001-5904-8322,A5045925648,PERSON,NEW_EXTERNAL_IDENTITY,0,0,1,2025,2025
person:openalex:A5046035017,Henry T. Stelfox,Stelfox,Henry T,0000-0003-1231-1490,A5046035017,PERSON,NEW_EXTERNAL_IDENTITY,0,0,1,2022,2022
person:openalex:A5046102296,Leire Erkoreka,Erkoreka,Leire,0000-0002-9104-0694,A5046102296,PERSON,NEW_EXTERNAL_IDENTITY,0,0,1,2025,2025
person:openalex:A5046103327,Hubert Wong,Wong,Hubert,,A5046103327,PERSON,NEW_EXTERNAL_IDENTITY,0,0,1,2026,2026
person:openalex:A5046364454,Hari Setyowibowo,Setyowibowo,Hari,0000-0001-5091-3180,A5046364454,PERSON,NEW_EXTERNAL_IDENTITY,0,0,3,2024,2025
person:openalex:A5046584081,Patricia Akweongo,Akweongo,Patricia,0000-0001-6728-3365,A5046584081,PERSON,NEW_EXTERNAL_IDENTITY,0,0,1,2024,2024
person:openalex:A5046594080,Emma Wyeth,Wyeth,Emma,0000-0002-6869-5190,A5046594080,PERSON,NEW_EXTERNAL_IDENTITY,0,0,2,2023,2025
person:openalex:A5046614364,Todd A. Lee,Lee,Todd A.,0000-0003-3619-5367,A5046614364,PERSON,NEW_EXTERNAL_IDENTITY,0,0,4,2018,2024
person:openalex:A5047018203,Jose-Maria Mengibar,Mengibar,Jose-Maria,0000-0003-1343-8522,A5047018203,PERSON,NEW_EXTERNAL_IDENTITY,0,0,1,2019,2019
person:openalex:A5047040073,Jiangyang Du,Du,Jiangyang,,A5047040073,PERSON,NEW_EXTERNAL_IDENTITY,0,0,1,2023,2023
person:openalex:A5047176697,Kathleen Wheeler,Wheeler,Kathleen,0000-0003-0971-3763,A5047176697,PERSON,NEW_EXTERNAL_IDENTITY,0,0,2,2025,2025
person:openalex:A5047349285,Lara Noronha Ferreira,Ferreira,Lara Noronha,0000-0003-2378-7750,A5047349285,PERSON,NEW_EXTERNAL_IDENTITY,0,0,1,2019,2019
person:openalex:A5047524207,Vilma Irazola,Irazola,Vilma,0000-0002-6100-1862,A5047524207,PERSON,NEW_EXTERNAL_IDENTITY,0,0,2,2013,2015
person:openalex:A5047710543,Bianca Smit,Smit,Bianca,,A5047710543,PERSON,NEW_EXTERNAL_IDENTITY,0,0,1,2026,2026
person:openalex:A5047819061,Koen Pepermans,Pepermans,Koen,0000-0001-7294-9491,A5047819061,PERSON,NEW_EXTERNAL_IDENTITY,0,0,1,2024,2024
person:openalex:A5047819566,Kathrin Reetz,Reetz,Kathrin,0000-0002-9730-9228,A5047819566,PERSON,NEW_EXTERNAL_IDENTITY,0,0,1,2024,2024
person:openalex:A5048091736,Kirsten M. Fiest,Fiest,Kirsten M,0000-0002-7299-6594,A5048091736,PERSON,NEW_EXTERNAL_IDENTITY,0,0,1,2022,2022
person:openalex:A5048092082,Laura Brand,Brand,Laura,0009-0009-9829-5647,A5048092082,PERSON,NEW_EXTERNAL_IDENTITY,0,0,1,2022,2022
person:openalex:A5048157654,WA Udezi,Udezi,WA,0000-0003-4597-6667,A5048157654,PERSON,NEW_EXTERNAL_IDENTITY,0,0,1,2026,2026
person:openalex:A5048316196,Inge Spronk,Spronk,Inge,0000-0001-9571-576x,A5048316196,PERSON,NEW_EXTERNAL_IDENTITY,0,0,11,2019,2023
person:openalex:A5048385516,Bram Rochwerg,Rochwerg,Bram,0000-0002-8293-7061,A5048385516,PERSON,NEW_EXTERNAL_IDENTITY,0,0,1,2022,2022
person:openalex:A5048428990,Catharina G.M. Groothuis-Oudshoorn,Groothuis-Oudshoorn,Catharina G.M.,,A5048428990,PERSON,NEW_EXTERNAL_IDENTITY,0,0,1,2026,2026
person:openalex:A5048456007,Xinyu Qian,Qian,Xinyu,,A5048456007,PERSON,NEW_EXTERNAL_IDENTITY,0,0,1,2019,2019
person:openalex:A5048518385,Astrid Schut,Schut,Astrid,0000-0001-9397-7109,A5048518385,PERSON,NEW_EXTERNAL_IDENTITY,0,0,1,2021,2021
person:openalex:A5048637744,Kevin Vernooy,Vernooy,Kevin,0000-0002-8818-5964,A5048637744,PERSON,NEW_EXTERNAL_IDENTITY,0,0,2,2022,2025
person:openalex:A5048640441,Sebastià Santaeugènia,Santaeugènia González,Sebastià Josep,0000-0002-2725-4065,A5048640441,PERSON,NEW_EXTERNAL_IDENTITY,0,0,1,2022,2022
person:openalex:A5048766394,Eric Ho Man Tang,Tang,Eric HM,0000-0003-4196-8686,A5048766394,PERSON,NEW_EXTERNAL_IDENTITY,0,0,1,2023,2023
person:openalex:A5048849041,Linda Hansapinyo,Hansapinyo,Linda,0000-0002-4718-798x,A5048849041,PERSON,NEW_EXTERNAL_IDENTITY,0,0,1,2023,2023
person:openalex:A5048876130,Louis Niessen,Niessen,Louis W.,0000-0002-8639-5191,A5048876130,PERSON,NEW_EXTERNAL_IDENTITY,0,0,4,2021,2024
person:openalex:A5048879957,Worapot Srimanan,Srimanan,Worapot,0000-0002-2088-8639,A5048879957,PERSON,NEW_EXTERNAL_IDENTITY,0,0,1,2023,2023
person:openalex:A5048972649,Mohammad Ehsanul Karim,Karim,Mohammad Ehsanul,0000-0002-0346-2871,A5048972649,PERSON,NEW_EXTERNAL_IDENTITY,0,0,2,2025,2025
person:openalex:A5048983595,Ian Waudby-Smith,Waudby-Smith,Ian,0000-0003-4471-1405,A5048983595,PERSON,NEW_EXTERNAL_IDENTITY,0,0,1,2020,2020
person:openalex:A5049026777,Reinier Timman,Timman,Reinier,0000-0002-7772-0394,A5049026777,PERSON,NEW_EXTERNAL_IDENTITY,0,0,2,2017,2018
person:openalex:A5049113486,Richard Sawatzky,Sawatzky,Richard,0000-0002-8042-190x,A5049113486,PERSON,NEW_EXTERNAL_IDENTITY,0,0,1,2025,2025
person:openalex:A5049115294,Elisabeth Huynh,Huynh,Elisabeth,0000-0002-1855-3143,A5049115294,PERSON,NEW_EXTERNAL_IDENTITY,0,0,1,2017,2017
person:openalex:A5049221968,Margo Schmitt‐Boshnick,Schmitt-Boshnick,Margo,,A5049221968,PERSON,NEW_EXTERNAL_IDENTITY,0,0,1,2021,2021
person:openalex:A5049309526,Carlotta Varriale,Varriale,Carlotta,0000-0002-4441-6687,A5049309526,PERSON,NEW_EXTERNAL_IDENTITY,0,0,1,2024,2024
person:openalex:A5049382078,Natalie Wetzel,Wetzel,Natalie,,A5049382078,PERSON,NEW_EXTERNAL_IDENTITY,0,0,1,2020,2020
person:openalex:A5049462853,Hayley Hubberstey,Hubberstey,Hayley,,A5049462853,PERSON,NEW_EXTERNAL_IDENTITY,0,0,1,2023,2023
person:openalex:A5049486122,Poramaet Laowanapiban,Laowanapiban,Poramaet,0000-0003-0171-0090,A5049486122,PERSON,NEW_EXTERNAL_IDENTITY,0,0,1,2023,2023
person:openalex:A5049552804,Darrin Baines,Baines,Darrin,0000-0001-9502-4678,A5049552804,PERSON,NEW_EXTERNAL_IDENTITY,0,0,2,2021,2021
person:openalex:A5049684124,Liling Zhu,Zhu,Liling,,A5049684124,PERSON,NEW_EXTERNAL_IDENTITY,0,0,2,2022,2023
person:openalex:A5049702181,Jaafar Chemli,Chemli,Jaafar,0000-0002-0646-5947,A5049702181,PERSON,NEW_EXTERNAL_IDENTITY,0,0,2,2021,2026
person:openalex:A5049798741,Carlos A Castañeda-Orjuela,Castañeda-Orjuela,Carlos,0000-0002-8735-6223,A5049798741,PERSON,NEW_EXTERNAL_IDENTITY,0,0,1,2022,2022
person:openalex:A5049910190,Jonathan N. Davies,Davies,Jonathan N.,0000-0001-7838-126x,A5049910190,PERSON,NEW_EXTERNAL_IDENTITY,0,0,2,2025,2026
person:openalex:A5050033562,Linda Sande,Sande,Linda,0009-0003-4230-5961,A5050033562,PERSON,NEW_EXTERNAL_IDENTITY,0,0,1,2021,2021
person:openalex:A5050057225,Jiruth Sriratanaban,Sriratanaban,Jiruth,0000-0001-5456-1717,A5050057225,PERSON,NEW_EXTERNAL_IDENTITY,0,0,1,2023,2023
person:openalex:A5050285677,Kelly M. Sunderland,Sunderland,Kelly M.,0000-0002-5003-1935,A5050285677,PERSON,NEW_EXTERNAL_IDENTITY,0,0,1,2016,2016
person:openalex:A5050414675,Natalia Hounsome,Hounsome,Natalia,0000-0003-4460-2495,A5050414675,PERSON,NEW_EXTERNAL_IDENTITY,0,0,1,2025,2025
person:openalex:A5050491421,Abdu Mengesha,Mengesha,Abdu,,A5050491421,PERSON,NEW_EXTERNAL_IDENTITY,0,0,1,2024,2024
person:openalex:A5050497223,Aleksandra Dudzisz,Dudzisz,Aleksandra,,A5050497223,PERSON,NEW_EXTERNAL_IDENTITY,0,0,2,2025,2026
person:openalex:A5050574646,Bridget Johnston,Johnston,Bridget,0000-0002-0565-9571,A5050574646,PERSON,NEW_EXTERNAL_IDENTITY,0,0,1,2025,2025
person:openalex:A5050733538,Kailu Wang,Wang,Kailu,0000-0002-3462-4677,A5050733538,PERSON,NEW_EXTERNAL_IDENTITY,0,0,2,2025,2026
person:openalex:A5050744717,Yu Fang,Fang,Yu,0000-0003-3187-2007,A5050744717,PERSON,NEW_EXTERNAL_IDENTITY,0,0,2,2022,2023
person:openalex:A5050846738,Jason Pui Yin Cheung,Cheung,Jason Pui Yin,0000-0002-7052-0875,A5050846738,PERSON,NEW_EXTERNAL_IDENTITY,0,0,6,2019,2025
person:openalex:A5050893034,Joyce Sau Mei Lam,Lam,Joyce Sau Mei,0000-0002-6856-6532,A5050893034,PERSON,NEW_EXTERNAL_IDENTITY,0,0,2,2021,2022
person:openalex:A5050912692,Yan Lin,Lin,Yan,0000-0002-0585-6671,A5050912692,PERSON,NEW_EXTERNAL_IDENTITY,0,0,1,2025,2025
person:openalex:A5051032053,Siti Khadijah Binti Mohamad Asfia,Asfia,Siti Khadijah Binti Mohamad,0000-0001-7559-215x,A5051032053,PERSON,NEW_EXTERNAL_IDENTITY,0,0,1,2024,2024
person:openalex:A5051267193,Björn‐Erik Ole Jensen,Jensen,Björn‐Erik Ole,0000-0003-1626-4855,A5051267193,PERSON,NEW_EXTERNAL_IDENTITY,0,0,1,2021,2021
person:openalex:A5051372183,Marc Hendricks,Hendricks,Marc,0000-0002-3636-0994,A5051372183,PERSON,NEW_EXTERNAL_IDENTITY,0,0,2,2025,2026
person:openalex:A5051418070,Shir Lynn Lim,Lim,Shir Lynn,0000-0002-1151-2357,A5051418070,PERSON,NEW_EXTERNAL_IDENTITY,0,0,1,2021,2021
person:openalex:A5051422828,Peiwen Jiang,Jiang,Peiwen,0009-0000-4173-3487,A5051422828,PERSON,NEW_EXTERNAL_IDENTITY,0,0,5,2025,2026
person:openalex:A5051441138,Jing Wu,Wu,Jing,0000-0002-6012-2785,A5051441138,PERSON,NEW_EXTERNAL_IDENTITY,0,0,2,2022,2023
person:openalex:A5051575102,Albert L. Groenendijk,Groenendijk,Albert L.,0000-0002-2072-2532,A5051575102,PERSON,NEW_EXTERNAL_IDENTITY,0,0,1,2021,2021
person:openalex:A5051600022,Michael Donnelly,Donnelly,Michael,0000-0001-8380-7413,A5051600022,PERSON,NEW_EXTERNAL_IDENTITY,0,0,1,2022,2022
person:openalex:A5051630157,Ruth Wong,Wong,Ruth,0000-0002-4536-4794,A5051630157,PERSON,NEW_EXTERNAL_IDENTITY,0,0,1,2021,2021
person:openalex:A5051637962,Rosa-María Galindo-Suárez,Galindo-Suárez,Rosa-María,,A5051637962,PERSON,NEW_EXTERNAL_IDENTITY,0,0,1,2021,2021
person:openalex:A5051639117,Melanie Stecher,Stecher,Melanie,0000-0002-3460-1299,A5051639117,PERSON,NEW_EXTERNAL_IDENTITY,0,0,1,2021,2021
person:openalex:A5051943172,Charles Normand,Normand,Charles,0000-0002-0885-5754,A5051943172,PERSON,NEW_EXTERNAL_IDENTITY,0,0,1,2025,2025
person:openalex:A5051988707,Alan Davidson,Davidson,Alan,0000-0002-4646-4332,A5051988707,PERSON,NEW_EXTERNAL_IDENTITY,0,0,2,2025,2026
person:openalex:A5052003796,Seyi Ladele Amosun,Amosun,Seyi,0000-0001-7385-227x,A5052003796,PERSON,NEW_EXTERNAL_IDENTITY,0,0,1,2019,2019
person:openalex:A5052048899,Adovich S. Rivera,Rivera,Adovich S.,0000-0003-2533-0818,A5052048899,PERSON,NEW_EXTERNAL_IDENTITY,0,0,2,2021,2022
person:openalex:A5052089030,Maribel Ahuir,Ahuir,Maribel,,A5052089030,PERSON,NEW_EXTERNAL_IDENTITY,0,0,1,2021,2021
person:openalex:A5052119079,Thomas Neyens,Neyens,Thomas,0000-0003-2364-7555,A5052119079,PERSON,NEW_EXTERNAL_IDENTITY,0,0,1,2024,2024
person:openalex:A5052229575,Stephanie C. E. Schuit,Schuit,Stephanie C. E.,0000-0003-1200-9961,A5052229575,PERSON,NEW_EXTERNAL_IDENTITY,0,0,1,2024,2024
person:openalex:A5052266669,Margaret S. Herridge,Herridge,Margaret,0000-0002-2903-1631,A5052266669,PERSON,NEW_EXTERNAL_IDENTITY,0,0,1,2022,2022
person:openalex:A5052326586,Nicolas Bouckaert,Bouckaert,Nicolas,0000-0003-2513-8957,A5052326586,PERSON,NEW_EXTERNAL_IDENTITY,0,0,1,2022,2022
person:openalex:A5052551841,Usa Chaikledkaew,Chaikledkaew,Usa,0000-0001-9457-9823,A5052551841,PERSON,NEW_EXTERNAL_IDENTITY,0,0,1,2026,2026
person:openalex:A5052563559,Adrienn Katalin Poór,Poór,Adrienn Katalin,0000-0002-6524-9021,A5052563559,PERSON,NEW_EXTERNAL_IDENTITY,0,0,1,2022,2022
person:openalex:A5052884545,Jing Cai,Cai,Jing,0000-0001-6934-0108,A5052884545,PERSON,NEW_EXTERNAL_IDENTITY,0,0,1,2025,2025
person:openalex:A5053012296,Grzegorz Basak,Basak,Grzegorz,0000-0003-3858-8180,A5053012296,PERSON,NEW_EXTERNAL_IDENTITY,0,0,2,2020,2026
person:openalex:A5053139067,Udeni De Silva Perera,De Silva Perera,Udeni,0000-0002-8859-926x,A5053139067,PERSON,NEW_EXTERNAL_IDENTITY,0,0,1,2024,2024
person:openalex:A5053139656,Patrícia Antunes,Antunes,Patrícia,0000-0003-3248-6327,A5053139656,PERSON,NEW_EXTERNAL_IDENTITY,0,0,1,2019,2019
person:openalex:A5053143734,Simon McNamara,McNamara,Simon,0000-0003-1082-118x,A5053143734,PERSON,NEW_EXTERNAL_IDENTITY,0,0,4,2022,2023
person:openalex:A5053430669,Juliette Malley,Malley,Juliette,0000-0001-5759-1647,A5053430669,PERSON,NEW_EXTERNAL_IDENTITY,0,0,1,2019,2019
person:openalex:A5053562527,Robinson Ramírez‐Vélez,Ramírez‐Vélez,Robinson,0000-0003-3075-6960,A5053562527,PERSON,NEW_EXTERNAL_IDENTITY,0,0,1,2021,2021
person:openalex:A5053596607,Na Luo,Luo,Na,,A5053596607,PERSON,NEW_EXTERNAL_IDENTITY,0,0,1,2020,2020
person:openalex:A5053602710,Leonardo Régis Leira Pereira,Pereira,Leonardo Régis Leira,0000-0002-8609-1390,A5053602710,PERSON,NEW_EXTERNAL_IDENTITY,0,0,1,2025,2025
person:openalex:A5053654153,Abderraouf Hilali,Hilali,Abderraouf,0000-0003-0221-9914,A5053654153,PERSON,NEW_EXTERNAL_IDENTITY,0,0,1,2025,2025
person:openalex:A5053699466,Ilana N. Ackerman,Ackerman,Ilana N,0000-0002-6028-1612,A5053699466,PERSON,NEW_EXTERNAL_IDENTITY,0,0,1,2024,2024
person:openalex:A5053707866,MIDWEST SAPH,SAPH,MIDWEST,,A5053707866,PERSON,NEW_EXTERNAL_IDENTITY,0,0,1,2018,2018
person:openalex:A5053842557,Xingju Qi,Qi,Xingju,,A5053842557,PERSON,NEW_EXTERNAL_IDENTITY,0,0,1,2025,2025
person:openalex:A5053892909,Iffat Elbarazi,Elbarazi,Iffat,0000-0001-7151-2175,A5053892909,PERSON,NEW_EXTERNAL_IDENTITY,0,0,3,2015,2025
person:openalex:A5053906209,Werner Brouwer,Brouwer,Werner,0000-0002-0476-8397,A5053906209,PERSON,NEW_EXTERNAL_IDENTITY,0,0,2,2023,2025
person:openalex:A5053960402,María Gascón,Gascón,María,0000-0002-3810-1654,A5053960402,PERSON,NEW_EXTERNAL_IDENTITY,0,0,1,2025,2025
person:openalex:A5054229228,José M. Quintana,Quintana,José M.,0000-0003-2170-7876,A5054229228,PERSON,NEW_EXTERNAL_IDENTITY,0,0,1,2025,2025
person:openalex:A5054284981,G. Ardine de Wit,Wit,G. Ardine de,0000-0002-1375-7657,A5054284981,PERSON,NEW_EXTERNAL_IDENTITY,0,0,1,2016,2016
person:openalex:A5054375490,Gerald Choon‐Huat Koh,Koh,Gerald Choon‐Huat,0000-0002-6453-6897,A5054375490,PERSON,NEW_EXTERNAL_IDENTITY,0,0,1,2023,2023
person:openalex:A5054398877,P. Santos-Moreno,Santos-Moreno,Pedro,0000-0001-7802-0317,A5054398877,PERSON,NEW_EXTERNAL_IDENTITY,0,0,1,2022,2022
person:openalex:A5054418588,Vania Canuto,Canuto,Vania,,A5054418588,PERSON,NEW_EXTERNAL_IDENTITY,0,0,1,2022,2022
person:openalex:A5054448701,Ai-Ping Chua,Chua,Ai-Ping,0000-0003-1773-5049,A5054448701,PERSON,NEW_EXTERNAL_IDENTITY,0,0,3,2024,2025
person:openalex:A5054515213,Mariska de Jongh,de Jongh,Mariska,,A5054515213,PERSON,NEW_EXTERNAL_IDENTITY,0,0,1,2019,2019
person:openalex:A5054559841,Woro Supadmi,Supadmi,Woro,0000-0003-2033-3905,A5054559841,PERSON,NEW_EXTERNAL_IDENTITY,0,0,1,2022,2022
person:openalex:A5054634143,Jan R. Boehnke,Boehnke,Jan R.,0000-0003-0249-1870,A5054634143,PERSON,NEW_EXTERNAL_IDENTITY,0,0,1,2016,2016
person:openalex:A5054647242,Raluca Căplescu,Caplescu,Raluca,0000-0001-6489-171x,A5054647242,PERSON,NEW_EXTERNAL_IDENTITY,0,0,3,2021,2023
person:openalex:A5054664018,Swati Raman,Raman,Swati,,A5054664018,PERSON,NEW_EXTERNAL_IDENTITY,0,0,2,2020,2022
person:openalex:A5054826547,Axel Mühlbacher,Mühlbacher,Axel,0000-0003-4402-9211,A5054826547,PERSON,NEW_EXTERNAL_IDENTITY,0,0,2,2021,2023
person:openalex:A5054988860,Tran Thu Ngan,Ngan,Tran Thu,0000-0003-2771-9878,A5054988860,PERSON,NEW_EXTERNAL_IDENTITY,0,0,1,2022,2022
person:openalex:A5055015672,Marko Ogorevc,Ogorevc,Marko,0000-0001-9970-3045,A5055015672,PERSON,NEW_EXTERNAL_IDENTITY,0,0,4,2020,2023
person:openalex:A5055195942,Stefanie Koster,Koster,Stephanie C E,0000-0001-8449-9985,A5055195942,PERSON,NEW_EXTERNAL_IDENTITY,0,0,1,2025,2025
person:openalex:A5055336511,Cornelis P. C. de Jager,de Jager,C Peter C,0000-0002-2157-4543,A5055336511,PERSON,NEW_EXTERNAL_IDENTITY,0,0,1,2025,2025
person:openalex:A5055351763,Kojiro Shimozuma,Shimozuma,Kojiro,,A5055351763,PERSON,NEW_EXTERNAL_IDENTITY,0,0,1,2016,2016
person:openalex:A5055420426,Bethany Franks,Franks,Bethany,0000-0002-3427-7142,A5055420426,PERSON,NEW_EXTERNAL_IDENTITY,0,0,1,2023,2023
person:openalex:A5055442587,Thomas Wilkinson,Wilkinson,Thomas,,A5055442587,PERSON,NEW_EXTERNAL_IDENTITY,0,0,1,2023,2023
person:openalex:A5055477304,Jorge Aliaga,Aliaga,Jorge,0000-0001-9067-8488,A5055477304,PERSON,NEW_EXTERNAL_IDENTITY,0,0,1,2021,2021
person:openalex:A5055521522,Alan Schwartz,Schwartz,Alan,0000-0003-3809-6637,A5055521522,PERSON,NEW_EXTERNAL_IDENTITY,0,0,1,2018,2018
person:openalex:A5055528451,Annie Hawton,Hawton,Annie,0000-0002-1336-5899,A5055528451,PERSON,NEW_EXTERNAL_IDENTITY,0,0,1,2026,2026
person:openalex:A5055555263,Bonnie Corradetti,Corradetti,Bonnie,,A5055555263,PERSON,NEW_EXTERNAL_IDENTITY,0,0,1,2020,2020
person:openalex:A5055581623,Monika Janda,Janda,Monika,0000-0002-1728-8085,A5055581623,PERSON,NEW_EXTERNAL_IDENTITY,0,0,1,2024,2024
person:openalex:A5055586791,H. Felfel,Felfel,Hajer,0000-0001-9577-3599,A5055586791,PERSON,NEW_EXTERNAL_IDENTITY,0,0,1,2021,2021
person:openalex:A5055643997,Carmen D. Dirksen,Dirksen,Carmen,0000-0002-0377-3389,A5055643997,PERSON,NEW_EXTERNAL_IDENTITY,0,0,1,2023,2023
person:openalex:A5055725320,Philip Castillo,Castillo,Philip,,A5055725320,PERSON,NEW_EXTERNAL_IDENTITY,0,0,2,2021,2022
person:openalex:A5055845369,Suthida Panpitpat,Panpitpat,Suthida,,A5055845369,PERSON,NEW_EXTERNAL_IDENTITY,0,0,1,2023,2023
person:openalex:A5055869562,Raymond Duch,Duch,Raymond,0000-0002-1166-7674,A5055869562,PERSON,NEW_EXTERNAL_IDENTITY,0,0,1,2023,2023
person:openalex:A5055949016,Safarina Satkunanathan,Satkunanathan,Safarina,0000-0003-3039-3960,A5055949016,PERSON,NEW_EXTERNAL_IDENTITY,0,0,1,2016,2016
person:openalex:A5055964030,Delvys Rodríguez‐Abreu,Rodríguez-Abreu,Delvys,0000-0003-0506-1366,A5055964030,PERSON,NEW_EXTERNAL_IDENTITY,0,0,2,2023,2023
person:openalex:A5055973290,Coen van Guldener,van Guldener,Coen,,A5055973290,PERSON,NEW_EXTERNAL_IDENTITY,0,0,1,2025,2025
person:openalex:A5056049677,Paul Swinburn,Swinburn,Paul,0000-0002-3303-5934,A5056049677,PERSON,NEW_EXTERNAL_IDENTITY,0,0,1,2012,2012
person:openalex:A5056061208,Tim Doran,Doran,Tim,0000-0001-7857-3704,A5056061208,PERSON,NEW_EXTERNAL_IDENTITY,0,0,3,2022,2023
person:openalex:A5056136253,Corinne Gower‐Rousseau,Gower-Rousseau,C,0000-0002-3925-5364,A5056136253,PERSON,NEW_EXTERNAL_IDENTITY,0,0,1,2025,2025
person:openalex:A5056147201,Martijn D. de Kruif,de Kruif,Martijn D,0000-0003-2883-9441,A5056147201,PERSON,NEW_EXTERNAL_IDENTITY,0,0,2,2022,2025
person:openalex:A5056236835,Wolfgang Hoffmann,Hoffmann,Wolfgang,0000-0002-6359-8797,A5056236835,PERSON,NEW_EXTERNAL_IDENTITY,0,0,4,2021,2024
person:openalex:A5056342390,Eugen Baican,Baican,Eugen,,A5056342390,PERSON,NEW_EXTERNAL_IDENTITY,0,0,1,2019,2019
person:openalex:A5056372307,Sarah Wordsworth,Wordsworth,Sarah,0000-0002-2361-3040,A5056372307,PERSON,NEW_EXTERNAL_IDENTITY,0,0,1,2024,2024
person:openalex:A5056411428,Horus Laffite,Laffite,Horus,0000-0002-0513-3174,A5056411428,PERSON,NEW_EXTERNAL_IDENTITY,0,0,1,2023,2023
person:openalex:A5056464791,Ammarin Thakkinstian,Thakkinstian,Ammarin,0000-0001-9991-386x,A5056464791,PERSON,NEW_EXTERNAL_IDENTITY,0,0,1,2026,2026
person:openalex:A5056510016,Tim Croudace,Croudace,Tim,0000-0001-8346-7463,A5056510016,PERSON,NEW_EXTERNAL_IDENTITY,0,0,1,2016,2016
person:openalex:A5056528203,Richard H. Chapman,Chapman,Richard H.,0000-0002-1988-1368,A5056528203,PERSON,NEW_EXTERNAL_IDENTITY,0,0,1,2019,2019
person:openalex:A5056614296,Hélène Sarter,Sarter,H,0000-0001-8099-5754,A5056614296,PERSON,NEW_EXTERNAL_IDENTITY,0,0,1,2025,2025
person:openalex:A5056785549,Bas C. T. van Bussel,van Bussel,Bas C T,0000-0003-1621-7848,A5056785549,PERSON,NEW_EXTERNAL_IDENTITY,0,0,6,2021,2025
person:openalex:A5056820346,Dan Robotham,Robotham,Dan,0000-0003-2968-2415,A5056820346,PERSON,NEW_EXTERNAL_IDENTITY,0,0,1,2016,2016
person:openalex:A5056836963,Vicky Serra‐Sutton,Serra-Sutton,Vicky,0000-0002-7852-175x,A5056836963,PERSON,NEW_EXTERNAL_IDENTITY,0,0,1,2019,2019
person:openalex:A5056854306,Jeehee Pyo,Pyo,Jeehee,0000-0001-7644-8088,A5056854306,PERSON,NEW_EXTERNAL_IDENTITY,0,0,1,2022,2022
person:openalex:A5056957640,Yemi Oluboyede,Oluboyede,Yemi,0000-0002-9891-8279,A5056957640,PERSON,NEW_EXTERNAL_IDENTITY,0,0,6,2019,2026
person:openalex:A5056998699,Janise Braga Barros Ferreira,Ferreira,Janise Braga Barros,0000-0001-7480-937x,A5056998699,PERSON,NEW_EXTERNAL_IDENTITY,0,0,1,2021,2021
person:openalex:A5057067158,Dimity Pond,Pond,Dimity,0000-0001-6520-4213,A5057067158,PERSON,NEW_EXTERNAL_IDENTITY,0,0,1,2024,2024
person:openalex:A5057182324,Lichelle Groot,GROOT,Lichelle,0000-0002-3333-2023,A5057182324,PERSON,NEW_EXTERNAL_IDENTITY,0,0,1,2022,2022
person:openalex:A5057323541,Frederikus A. Klok,Klok,Frederikus A,0000-0001-9961-0754,A5057323541,PERSON,NEW_EXTERNAL_IDENTITY,0,0,3,2022,2025
person:openalex:A5057363004,Lee Constable,Constable,Lee,0000-0002-5692-8882,A5057363004,PERSON,NEW_EXTERNAL_IDENTITY,0,0,4,2024,2026
person:openalex:A5057527999,Caroline Potter,Potter,Caroline,0000-0001-7128-968x,A5057527999,PERSON,NEW_EXTERNAL_IDENTITY,0,0,1,2016,2016
person:openalex:A5057552039,Biruck Gashawbeza,Gashawbeza,Biruck,0000-0002-3614-2401,A5057552039,PERSON,NEW_EXTERNAL_IDENTITY,0,0,1,2024,2024
person:openalex:A5057571547,Jeanine Verbunt,Verbunt,Jeanine,0000-0002-9060-9455,A5057571547,PERSON,NEW_EXTERNAL_IDENTITY,0,0,2,2025,2025
person:openalex:A5057916355,Siyun Lucinda Tan,Tan,Siyun Lucinda,,A5057916355,PERSON,NEW_EXTERNAL_IDENTITY,0,0,1,2025,2025
person:openalex:A5058034201,Simona Ernu,Ernu,Simona,,A5058034201,PERSON,NEW_EXTERNAL_IDENTITY,0,0,1,2021,2021
person:openalex:A5058041225,Suntaree Thitiwichienlert,Thitiwichienlert,Suntaree,0000-0001-8311-6241,A5058041225,PERSON,NEW_EXTERNAL_IDENTITY,0,0,1,2023,2023
person:openalex:A5058164483,John King Yiu Cheng,Cheng,John King Yiu,0009-0002-8704-776x,A5058164483,PERSON,NEW_EXTERNAL_IDENTITY,0,0,1,2022,2022
person:openalex:A5058173329,Lena Cuthbertson,Cuthbertson,Lena,,A5058173329,PERSON,NEW_EXTERNAL_IDENTITY,0,0,1,2026,2026
person:openalex:A5058205892,Sonia S. Anand,Anand,Sonia,0000-0003-3692-7441,A5058205892,PERSON,NEW_EXTERNAL_IDENTITY,0,0,1,2024,2024
person:openalex:A5058278258,Rob McGee,McGee,Rob,0000-0003-2429-6304,A5058278258,PERSON,NEW_EXTERNAL_IDENTITY,0,0,1,2014,2014
person:openalex:A5058597606,Marcus Grobe‐Einsler,Grobe-Einsler,Marcus,0000-0002-1808-2134,A5058597606,PERSON,NEW_EXTERNAL_IDENTITY,0,0,2,2024,2025
person:openalex:A5058607514,Yazed AlRuthia,AlRuthia,Yazed,0000-0002-0029-5924,A5058607514,PERSON,NEW_EXTERNAL_IDENTITY,0,0,1,2024,2024
person:openalex:A5058639972,Eileen Keogh,Keogh,Eileen,,A5058639972,PERSON,NEW_EXTERNAL_IDENTITY,0,0,2,2021,2023
person:openalex:A5058722612,Jian An,An,Jian,0000-0003-0807-7478,A5058722612,PERSON,NEW_EXTERNAL_IDENTITY,0,0,1,2025,2025
person:openalex:A5058780467,Jacki Routledge,Routledge,Jacki,,A5058780467,PERSON,NEW_EXTERNAL_IDENTITY,0,0,1,2016,2016
person:openalex:A5058800016,Christopher M. Reid,Reid,Christopher M.,0000-0001-9173-3944,A5058800016,PERSON,NEW_EXTERNAL_IDENTITY,0,0,1,2022,2022
person:openalex:A5058853190,Mark Clowes,Clowes,Mark,0000-0002-5582-9946,A5058853190,PERSON,NEW_EXTERNAL_IDENTITY,0,0,1,2022,2022
person:openalex:A5058870508,E A Badings,Badings,E A,,A5058870508,PERSON,NEW_EXTERNAL_IDENTITY,0,0,1,2021,2021
person:openalex:A5058941234,Katelynn Crick,Crick,Katelynn,0000-0002-2846-3096,A5058941234,PERSON,NEW_EXTERNAL_IDENTITY,0,0,1,2018,2018
person:openalex:A5058981117,Wiebke Mohr,Mohr,Wiebke,0000-0002-0036-3413,A5058981117,PERSON,NEW_EXTERNAL_IDENTITY,0,0,2,2022,2023
person:openalex:A5059055783,Laura Ternent,Ternent,Laura,0000-0001-7056-298x,A5059055783,PERSON,NEW_EXTERNAL_IDENTITY,0,0,1,2024,2024
person:openalex:A5059059347,Pam Enderby,Enderby,Pam,0000-0002-4371-9053,A5059059347,PERSON,NEW_EXTERNAL_IDENTITY,0,0,1,2016,2016
person:openalex:A5059117288,Anabel Estévez-Carrillo,Estévez-Carrillo,Anabel,0000-0001-8778-5055,A5059117288,PERSON,NEW_EXTERNAL_IDENTITY,0,0,3,2021,2025
person:openalex:A5059217253,Jian Yi Soh,Soh,Jian Yi,,A5059217253,PERSON,NEW_EXTERNAL_IDENTITY,0,0,3,2025,2025
person:openalex:A5059290458,Jennifer Faber,Faber,Jennifer,0000-0003-3265-0262,A5059290458,PERSON,NEW_EXTERNAL_IDENTITY,0,0,3,2023,2025
person:openalex:A5059328403,Ana Mladenovic,Mladenovic,Ana,,A5059328403,PERSON,NEW_EXTERNAL_IDENTITY,0,0,1,2015,2015
person:openalex:A5059399152,Mark Harrison,Harrison,Mark,0000-0002-2115-2447,A5059399152,PERSON,NEW_EXTERNAL_IDENTITY,0,0,1,2026,2026
person:openalex:A5059493933,Ahmad Faried,Faried,Ahmad,0000-0003-2967-8125,A5059493933,PERSON,NEW_EXTERNAL_IDENTITY,0,0,2,2017,2017
person:openalex:A5059507519,Philippe Beutels,Beutels,Philippe,0000-0001-5034-3595,A5059507519,PERSON,NEW_EXTERNAL_IDENTITY,0,0,1,2024,2024
person:openalex:A5059513050,Dongwoo Nam,Nam,Dongwoo,0000-0002-7957-3121,A5059513050,PERSON,NEW_EXTERNAL_IDENTITY,0,0,1,2023,2023
person:openalex:A5059651488,Hoàng Văn Minh,Minh,Hoang Van,0000-0002-4749-5536,A5059651488,PERSON,NEW_EXTERNAL_IDENTITY,0,0,4,2020,2022
person:openalex:A5059656601,Emmanuel Papadimitropoulos,Papadimitropoulos,Emmanuel A,0000-0002-3688-523x,A5059656601,PERSON,NEW_EXTERNAL_IDENTITY,0,0,2,2015,2017
person:openalex:A5059680031,Slavica Kochovska,Kochovska,Slavica,0000-0002-3531-0389,A5059680031,PERSON,NEW_EXTERNAL_IDENTITY,0,0,1,2025,2025
person:openalex:A5059816361,Joan Carles Contel-Segura,Contel-Segura,Joan Carles,,A5059816361,PERSON,NEW_EXTERNAL_IDENTITY,0,0,1,2020,2020
person:openalex:A5059864935,Dawid Jedrzejewski,Jedrzejewski,Dawid,0000-0001-5111-4807,A5059864935,PERSON,NEW_EXTERNAL_IDENTITY,0,0,1,2022,2022
person:openalex:A5060019878,Litian Jiang,Jiang,Litian,,A5060019878,PERSON,NEW_EXTERNAL_IDENTITY,0,0,1,2023,2023
person:openalex:A5060034174,Mazlila Meor Ahmad Shah,Meor Ahmad Shah,Mazlila,,A5060034174,PERSON,NEW_EXTERNAL_IDENTITY,0,0,1,2022,2022
person:openalex:A5060090179,Quan Zhou,Zhou,Quan,0000-0002-7017-8192,A5060090179,PERSON,NEW_EXTERNAL_IDENTITY,0,0,1,2025,2025
person:openalex:A5060101235,Daniel Kelleher,Kelleher,Daniel,0000-0003-2659-1606,A5060101235,PERSON,NEW_EXTERNAL_IDENTITY,0,0,1,2018,2018
person:openalex:A5060156913,Jiafan Chen,Chen,Jiafan,0009-0006-8052-0891,A5060156913,PERSON,NEW_EXTERNAL_IDENTITY,0,0,1,2022,2022
person:openalex:A5060281430,Christiaan Scott,Scott,Christiaan,0000-0003-3874-1704,A5060281430,PERSON,NEW_EXTERNAL_IDENTITY,0,0,1,2019,2019
person:openalex:A5060300373,Elizabeth Yohe Moore,Moore,Elizabeth Yohe,,A5060300373,PERSON,NEW_EXTERNAL_IDENTITY,0,0,1,2021,2021
person:openalex:A5060328738,Hasan Raid Fadhil,Fadhil,Hasan Raid,,A5060328738,PERSON,NEW_EXTERNAL_IDENTITY,0,0,1,2023,2023
person:openalex:A5060516605,Angela Zhao,Zhao,Angela,0009-0004-5019-9094,A5060516605,PERSON,NEW_EXTERNAL_IDENTITY,0,0,1,2023,2023
person:openalex:A5060565158,Stefan Fors,Fors,Stefan,0000-0003-2656-8721,A5060565158,PERSON,NEW_EXTERNAL_IDENTITY,0,0,1,2026,2026
person:openalex:A5060638203,F. Nanne Croles,Croles,F Nanne,0000-0001-7722-1862,A5060638203,PERSON,NEW_EXTERNAL_IDENTITY,0,0,1,2025,2025
person:openalex:A5060675696,Vladimir Sergeevich Gordeev,Gordeev,Vladimir Sergeevich,0000-0003-3906-2316,A5060675696,PERSON,NEW_EXTERNAL_IDENTITY,0,0,1,2025,2025
person:openalex:A5060708607,Frances Batchelor,Batchelor,Frances,0000-0002-7302-7293,A5060708607,PERSON,NEW_EXTERNAL_IDENTITY,0,0,5,2023,2026
person:openalex:A5060776202,Gillian Hawker,Hawker,Gillian,0000-0001-6358-1197,A5060776202,PERSON,NEW_EXTERNAL_IDENTITY,0,0,3,2019,2023
person:openalex:A5060831121,Andrea Delure,Delure,Andrea,,A5060831121,PERSON,NEW_EXTERNAL_IDENTITY,0,0,1,2021,2021
person:openalex:A5061171982,Mara Violato,Violato,Mara,0000-0002-0484-7706,A5061171982,PERSON,NEW_EXTERNAL_IDENTITY,0,0,2,2023,2025
person:openalex:A5061181148,John Londoño,Londono,John,0000-0003-1074-644x,A5061181148,PERSON,NEW_EXTERNAL_IDENTITY,0,0,1,2022,2022
person:openalex:A5061218451,Didier Jutras‐Aswad,Jutras-Aswad,Didier,0000-0002-8474-508x,A5061218451,PERSON,NEW_EXTERNAL_IDENTITY,0,0,1,2023,2023
person:openalex:A5061247569,Ma-Ann M. Zarsuelo,Zarsuelo,Ma-Ann,,A5061247569,PERSON,NEW_EXTERNAL_IDENTITY,0,0,1,2022,2022
person:openalex:A5061316225,Ben A. van Hout,Hout,Ben A. van,,A5061316225,PERSON,NEW_EXTERNAL_IDENTITY,0,0,1,2021,2021
person:openalex:A5061424600,Roger E. G. Schutgens,Schutgens,Roger E G,0000-0002-2762-6033,A5061424600,PERSON,NEW_EXTERNAL_IDENTITY,0,0,1,2025,2025
person:openalex:A5061454592,Emma Nauclér,Nauclér,Emma,0000-0003-1079-5655,A5061454592,PERSON,NEW_EXTERNAL_IDENTITY,0,0,2,2021,2022
person:openalex:A5061485162,Ching Kit Chen,Chen,Ching Kit,0000-0003-4302-3539,A5061485162,PERSON,NEW_EXTERNAL_IDENTITY,0,0,1,2025,2025
person:openalex:A5061900184,Mark R. Hazebroek,Hazebroek,M R,0000-0002-2151-7178,A5061900184,PERSON,NEW_EXTERNAL_IDENTITY,0,0,1,2022,2022
person:openalex:A5061972659,David F. Heigener,Heigener,David F.,0000-0002-7422-1303,A5061972659,PERSON,NEW_EXTERNAL_IDENTITY,0,0,1,2021,2021
person:openalex:A5061982076,S. Crawford,Crawford,Samuel A,0000-0003-1857-3096,A5061982076,PERSON,NEW_EXTERNAL_IDENTITY,0,0,1,2021,2021
person:openalex:A5062054966,Susana C. Marques da Silva,Marques da Silva,Susana C.,,A5062054966,PERSON,NEW_EXTERNAL_IDENTITY,0,0,1,2023,2023
person:openalex:A5062096569,Chun Fan Lee,Lee,Chun Fan,0000-0001-5601-3167,A5062096569,PERSON,NEW_EXTERNAL_IDENTITY,0,0,1,2025,2025
person:openalex:A5062109116,Göher Ayman,Ayman,Goher,0000-0002-5923-363x,A5062109116,PERSON,NEW_EXTERNAL_IDENTITY,0,0,1,2022,2022
person:openalex:A5062314105,Katharina Blankart,Blankart,Katharina,0000-0001-9831-1787,A5062314105,PERSON,NEW_EXTERNAL_IDENTITY,0,0,1,2023,2023
person:openalex:A5062332946,Tomás Cuñat,Cuñat,Tomas,0000-0002-6475-9230,A5062332946,PERSON,NEW_EXTERNAL_IDENTITY,0,0,1,2021,2021
person:openalex:A5062389614,Lukas Eberwein,Eberwein,Lukas,,A5062389614,PERSON,NEW_EXTERNAL_IDENTITY,0,0,1,2021,2021
person:openalex:A5062557095,Soraya Maart,Maart,Soraya,0000-0001-8056-3484,A5062557095,PERSON,NEW_EXTERNAL_IDENTITY,0,0,1,2019,2019
person:openalex:A5062603116,Robert G Tieleman,Tieleman,Robert,0000-0002-7654-2098,A5062603116,PERSON,NEW_EXTERNAL_IDENTITY,0,0,1,2022,2022
person:openalex:A5062815602,Bastian Surmann,Surmann,Bastian,0000-0003-1655-0907,A5062815602,PERSON,NEW_EXTERNAL_IDENTITY,0,0,1,2021,2021
person:openalex:A5062924243,AL Cheung,Cheung,Annie Wai-Ling,,A5062924243,PERSON,NEW_EXTERNAL_IDENTITY,0,0,1,2026,2026
person:openalex:A5062956353,Kristy McGregor,McGregor,Kristy,,A5062956353,PERSON,NEW_EXTERNAL_IDENTITY,0,0,3,2021,2023
person:openalex:A5062956902,Nicole Scholes‐Robertson,Scholes-Robertson,Nicole,0000-0001-8260-0453,A5062956902,PERSON,NEW_EXTERNAL_IDENTITY,0,0,1,2024,2024
person:openalex:A5063003600,Mairead Murphy,Murphy,Mairead,0000-0002-3550-2727,A5063003600,PERSON,NEW_EXTERNAL_IDENTITY,0,0,1,2016,2016
person:openalex:A5063065507,Razia Amien,Amien,Razia,,A5063065507,PERSON,NEW_EXTERNAL_IDENTITY,0,0,6,2022,2024
person:openalex:A5063084519,Murat K. Munkin,Munkin,Murat K.,0000-0001-8929-3572,A5063084519,PERSON,NEW_EXTERNAL_IDENTITY,0,0,2,2023,2024
person:openalex:A5063112371,Karen Stenner,Stenner,Karen,0000-0002-9615-7592,A5063112371,PERSON,NEW_EXTERNAL_IDENTITY,0,0,1,2025,2025
person:openalex:A5063120574,Mona Aghdaee,Aghdaee,Mona,0000-0002-2570-1685,A5063120574,PERSON,NEW_EXTERNAL_IDENTITY,0,0,1,2024,2024
person:openalex:A5063188212,James Buchanan,Buchanan,James,0000-0003-2528-0638,A5063188212,PERSON,NEW_EXTERNAL_IDENTITY,0,0,1,2024,2024
person:openalex:A5063227963,Irina Cleemput,Cleemput,Irina,0000-0003-4479-8950,A5063227963,PERSON,NEW_EXTERNAL_IDENTITY,0,0,1,2022,2022
person:openalex:A5063317279,Teferi Gedif Fenta,Fenta,Teferi Gedif,0000-0001-8500-6708,A5063317279,PERSON,NEW_EXTERNAL_IDENTITY,0,0,1,2019,2019
person:openalex:A5063317906,Eng‐Kiong Yeoh,Yeoh,Eng‐Kiong,0000-0002-1721-9450,A5063317906,PERSON,NEW_EXTERNAL_IDENTITY,0,0,2,2025,2026
person:openalex:A5063359430,Ângela Jornada Ben,Ben,Ângela Jornada,0000-0003-4793-9026,A5063359430,PERSON,NEW_EXTERNAL_IDENTITY,0,0,2,2022,2024
person:openalex:A5063379904,Wajamon Supawatjariyakul,Supawatjariyakul,Wajamon,,A5063379904,PERSON,NEW_EXTERNAL_IDENTITY,0,0,1,2023,2023
person:openalex:A5063455889,Basant Garg,Garg,Basant,,A5063455889,PERSON,NEW_EXTERNAL_IDENTITY,0,0,2,2023,2023
person:openalex:A5063620855,Marcin Piechocki,Piechocki,Marcin,0000-0002-4067-2229,A5063620855,PERSON,NEW_EXTERNAL_IDENTITY,0,0,1,2021,2021
person:openalex:A5063736885,S Al Dallal,Dallal,S Al,,A5063736885,PERSON,NEW_EXTERNAL_IDENTITY,0,0,1,2025,2025
person:openalex:A5063917571,Gashaw Arega,Arega,Gashaw,,A5063917571,PERSON,NEW_EXTERNAL_IDENTITY,0,0,1,2026,2026
person:openalex:A5063934009,Jhon Alexander Moreno,Moreno,Jhon A,0000-0002-0123-9588,A5063934009,PERSON,NEW_EXTERNAL_IDENTITY,0,0,2,2021,2022
person:openalex:A5063980702,Neeltje van den Berg,van den Berg,Neeltje,0000-0001-6965-0544,A5063980702,PERSON,NEW_EXTERNAL_IDENTITY,0,0,1,2024,2024
person:openalex:A5063986247,Bernardino Clavo,Clavo,Bernardino,0000-0003-2522-1064,A5063986247,PERSON,NEW_EXTERNAL_IDENTITY,0,0,2,2023,2023
person:openalex:A5064116822,Aidan Neill,Neill,Aidan,0009-0009-2156-620x,A5064116822,PERSON,NEW_EXTERNAL_IDENTITY,0,0,1,2023,2023
person:openalex:A5064174487,Benjamin Enns,Enns,Benjamin,0000-0002-4865-1510,A5064174487,PERSON,NEW_EXTERNAL_IDENTITY,0,0,1,2023,2023
person:openalex:A5064196553,Maike Imkamp,Imkamp,Maike,0000-0002-3581-7948,A5064196553,PERSON,NEW_EXTERNAL_IDENTITY,0,0,1,2025,2025
person:openalex:A5064503286,Yogini Jani,Jani,Yogini,0000-0001-5927-5429,A5064503286,PERSON,NEW_EXTERNAL_IDENTITY,0,0,1,2025,2025
person:openalex:A5064514171,Meera Agar,Agar,Meera,0000-0002-6756-6119,A5064514171,PERSON,NEW_EXTERNAL_IDENTITY,0,0,1,2025,2025
person:openalex:A5064571617,Adeladlew Kassie Netere,Netere,Adeladlew Kassie,0000-0003-0519-509x,A5064571617,PERSON,NEW_EXTERNAL_IDENTITY,0,0,2,2025,2026
person:openalex:A5064666151,Luciane Nascimento Cruz,Cruz,Luciane Nascimento,0000-0003-3749-7236,A5064666151,PERSON,NEW_EXTERNAL_IDENTITY,0,0,1,2022,2022
person:openalex:A5064689966,Lisa Pilgram,Pilgram,Lisa,0000-0002-1020-0650,A5064689966,PERSON,NEW_EXTERNAL_IDENTITY,0,0,1,2021,2021
person:openalex:A5064771478,Marieke S. J. N. Wintjens,Wintjens,Marieke S J N,0000-0002-7384-6002,A5064771478,PERSON,NEW_EXTERNAL_IDENTITY,0,0,5,2022,2026
person:openalex:A5064853031,Katarzyna Jaśkowiak,Jaśkowiak,Katarzyna,,A5064853031,PERSON,NEW_EXTERNAL_IDENTITY,0,0,1,2020,2020
person:openalex:A5064897445,Andrew Bateman,Bateman,Andrew,0000-0002-2547-5921,A5064897445,PERSON,NEW_EXTERNAL_IDENTITY,0,0,1,2018,2018
person:openalex:A5065241713,Germaine Wong,Wong,Germaine,0000-0001-8422-7269,A5065241713,PERSON,NEW_EXTERNAL_IDENTITY,0,0,1,2024,2024
person:openalex:A5065274638,Bohdan Nosyk,Nosyk,Bohdan,0000-0003-2513-3718,A5065274638,PERSON,NEW_EXTERNAL_IDENTITY,0,0,1,2023,2023
person:openalex:A5065319610,A. J. L. M. Geraerds,Geraerds,A. J. L. M.,0000-0002-1332-0500,A5065319610,PERSON,NEW_EXTERNAL_IDENTITY,0,0,5,2019,2022
person:openalex:A5065321643,L F Chen,Chen,L F,,A5065321643,PERSON,NEW_EXTERNAL_IDENTITY,0,0,1,2026,2026
person:openalex:A5065396071,Chloe Elizabeth Grace Rose,Rose,Chloe Elizabeth Grace,,A5065396071,PERSON,NEW_EXTERNAL_IDENTITY,0,0,1,2024,2024
person:openalex:A5065440173,A. Kooli,Kooli,Amna,,A5065440173,PERSON,NEW_EXTERNAL_IDENTITY,0,0,1,2021,2021
person:openalex:A5065534878,Harriet Hiscock,Hiscock,Harriet,0000-0003-3017-2770,A5065534878,PERSON,NEW_EXTERNAL_IDENTITY,0,0,13,2021,2026
person:openalex:A5065536027,Tiffany Boughtwood,Boughtwood,Tiffany,0000-0002-9634-3731,A5065536027,PERSON,NEW_EXTERNAL_IDENTITY,0,0,1,2026,2026
person:openalex:A5065576118,Vu Quynh,Mai,Vu Quynh,0000-0001-6962-0564,A5065576118,PERSON,NEW_EXTERNAL_IDENTITY,0,0,2,2020,2022
person:openalex:A5065609666,Karina Mayoral,Mayoral,Karina,0000-0002-7904-4422,A5065609666,PERSON,NEW_EXTERNAL_IDENTITY,0,0,1,2019,2019
person:openalex:A5065648995,Girjanauth Boodraj,Boodraj,Girjanauth,0000-0002-5666-3394,A5065648995,PERSON,NEW_EXTERNAL_IDENTITY,0,0,2,2021,2022
person:openalex:A5065678279,Kara Schick‐Makaroff,Schick-Makaroff,Kara,0000-0001-6200-3416,A5065678279,PERSON,NEW_EXTERNAL_IDENTITY,0,0,2,2020,2021
person:openalex:A5065699717,Maaike G. J. Gademan,GADEMAN,Maaike G J,0000-0002-6106-3385,A5065699717,PERSON,NEW_EXTERNAL_IDENTITY,0,0,1,2022,2022
person:openalex:A5065724319,Stéphane Heymans,Heymans,Stéphane,0000-0001-9477-7803,A5065724319,PERSON,NEW_EXTERNAL_IDENTITY,0,0,1,2021,2021
person:openalex:A5065860606,Brian Hung‐Hin Lang,Lang,Brian HH,0000-0002-9362-0086,A5065860606,PERSON,NEW_EXTERNAL_IDENTITY,0,0,1,2023,2023
person:openalex:A5065872142,Cesar Cruz-Santiago,Cruz-Santiago,Cesar,,A5065872142,PERSON,NEW_EXTERNAL_IDENTITY,0,0,1,2021,2021
person:openalex:A5066034131,Yolanda Ramallo‐Fariña,Ramallo-Fariña,Yolanda,0000-0002-1541-3989,A5066034131,PERSON,NEW_EXTERNAL_IDENTITY,0,0,4,2017,2023
person:openalex:A5066055651,Myriam Razgallah Khrouf,Razgallah Khrouf,Myriam,,A5066055651,PERSON,NEW_EXTERNAL_IDENTITY,0,0,1,2021,2021
person:openalex:A5066109132,Elizabeth Gibbons,Gibbons,Elizabeth,0000-0001-7593-2361,A5066109132,PERSON,NEW_EXTERNAL_IDENTITY,0,0,1,2016,2016
person:openalex:A5066116202,Minsu Ock,Ock,Minsu,0000-0001-9949-9224,A5066116202,PERSON,NEW_EXTERNAL_IDENTITY,0,0,2,2016,2022
person:openalex:A5066117396,C E M Jakob,Jakob,C E M,,A5066117396,PERSON,NEW_EXTERNAL_IDENTITY,0,0,1,2021,2021
person:openalex:A5066159754,A. J. M. van Boxem,Boxem,A. J. M. van,,A5066159754,PERSON,NEW_EXTERNAL_IDENTITY,0,0,1,2021,2021
person:openalex:A5066245933,Iris Blotenberg,Blotenberg,Iris,0000-0002-2273-5564,A5066245933,PERSON,NEW_EXTERNAL_IDENTITY,0,0,1,2025,2025
person:openalex:A5066267283,Marian Knight,Knight,Marian,0000-0002-1984-4575,A5066267283,PERSON,NEW_EXTERNAL_IDENTITY,0,0,1,2022,2022
person:openalex:A5066550410,Sterre Bour,Bour,Sterre,0000-0002-6592-1850,A5066550410,PERSON,NEW_EXTERNAL_IDENTITY,0,0,1,2025,2025
person:openalex:A5066563692,D. Steven Fox,Fox,D. Steven,0000-0002-5587-3226,A5066563692,PERSON,NEW_EXTERNAL_IDENTITY,0,0,1,2025,2025
person:openalex:A5066592327,Devanandhini Krisnan,Krisnan,Devanandhini,,A5066592327,PERSON,NEW_EXTERNAL_IDENTITY,0,0,1,2022,2022
person:openalex:A5066653456,Tara A. Lavelle,Lavelle,Tara A,0000-0003-1212-6973,A5066653456,PERSON,NEW_EXTERNAL_IDENTITY,0,0,1,2024,2024
person:openalex:A5066738880,Renee Jones,Jones,Renee,0000-0002-5332-5226,A5066738880,PERSON,NEW_EXTERNAL_IDENTITY,0,0,14,2021,2026
person:openalex:A5066896093,Jason D. Pole,Pole,Jason D,0000-0002-0413-5434,A5066896093,PERSON,NEW_EXTERNAL_IDENTITY,0,0,1,2024,2024
person:openalex:A5067175379,Cristina Valcárcel‐Nazco,Valcárcel-Nazco,Cristina,0000-0003-4833-7967,A5067175379,PERSON,NEW_EXTERNAL_IDENTITY,0,0,1,2022,2022
person:openalex:A5067399658,Martin Hower,Hower,Martin,0000-0001-5967-5238,A5067399658,PERSON,NEW_EXTERNAL_IDENTITY,0,0,1,2021,2021
person:openalex:A5067422552,Carolyn S.P. Lam,Lam,Carolyn S.P.,0000-0003-1903-0018,A5067422552,PERSON,NEW_EXTERNAL_IDENTITY,0,0,2,2017,2021
person:openalex:A5067519537,Maarten van Smeden,Smeden,Maarten van,0000-0002-5529-1541,A5067519537,PERSON,NEW_EXTERNAL_IDENTITY,0,0,2,2021,2022
person:openalex:A5067560109,Annelie Scharf,Scharf,Annelie,0000-0002-0910-088x,A5067560109,PERSON,NEW_EXTERNAL_IDENTITY,0,0,1,2024,2024
person:openalex:A5067581140,Byoung-Kab Kang,Kang,Byoung-Kab,0000-0002-3016-2428,A5067581140,PERSON,NEW_EXTERNAL_IDENTITY,0,0,1,2023,2023
person:openalex:A5067646427,Helle Mølsted Alvesson,Mølsted Alvesson,Helle,0000-0001-6109-7203,A5067646427,PERSON,NEW_EXTERNAL_IDENTITY,0,0,1,2020,2020
person:openalex:A5067715763,Nicole Alia Salis Reyes,Reyes,Nicole Alia Salis,0000-0003-2740-0293,A5067715763,PERSON,NEW_EXTERNAL_IDENTITY,0,0,1,2025,2025
person:openalex:A5067734183,Bernard Le Foll,Le Foll,Bernard,0000-0002-6406-4973,A5067734183,PERSON,NEW_EXTERNAL_IDENTITY,0,0,1,2023,2023
person:openalex:A5067876565,Red Thaddeus D. Miguel,Miguel,Red Thaddeus D.,0000-0002-2635-7484,A5067876565,PERSON,NEW_EXTERNAL_IDENTITY,0,0,2,2021,2022
person:openalex:A5067884893,Mackenzie Bourke,Bourke,Mackenzie,0000-0001-7870-9771,A5067884893,PERSON,NEW_EXTERNAL_IDENTITY,0,0,2,2023,2026
person:openalex:A5067896668,Paul Dolan,Dolan,Paul,0000-0001-6180-2849,A5067896668,PERSON,NEW_EXTERNAL_IDENTITY,0,0,1,2014,2014
person:openalex:A5067948587,Emily Stella Scott,Scott,Emily Stella,0000-0001-7548-1775,A5067948587,PERSON,NEW_EXTERNAL_IDENTITY,0,0,3,2023,2024
person:openalex:A5067989104,Sarah C. Smith,Smith,Sarah C.,0000-0002-2013-6963,A5067989104,PERSON,NEW_EXTERNAL_IDENTITY,0,0,4,2021,2024
person:openalex:A5068091114,Luke E. Barry,Barry,Luke,0000-0001-7772-4822,A5068091114,PERSON,NEW_EXTERNAL_IDENTITY,0,0,5,2018,2020
person:openalex:A5068167978,Hongyan Wu,Wu,Hongyan,0000-0002-7338-2172,A5068167978,PERSON,NEW_EXTERNAL_IDENTITY,0,0,1,2025,2025
person:openalex:A5068277529,Louise Smith,Smith,Louise,0000-0002-1277-2564,A5068277529,PERSON,NEW_EXTERNAL_IDENTITY,0,0,1,2021,2021
person:openalex:A5068277876,Maciej Niewada,Niewada,Maciej,0000-0002-3730-1996,A5068277876,PERSON,NEW_EXTERNAL_IDENTITY,0,0,4,2012,2020
person:openalex:A5068427831,Willem L. Bor,Bor,Willem L.,0000-0002-3253-5961,A5068427831,PERSON,NEW_EXTERNAL_IDENTITY,0,0,1,2021,2021
person:openalex:A5068458542,Jackson P. Sekhobo,Sekhobo,Jackson P.,,A5068458542,PERSON,NEW_EXTERNAL_IDENTITY,0,0,1,2010,2010
person:openalex:A5068551112,Suzanne Polinder,Polinder,Suzanne,0000-0002-4331-3141,A5068551112,PERSON,NEW_EXTERNAL_IDENTITY,0,0,17,2017,2024
person:openalex:A5068621183,Tracy Comans,Comans,Tracy,0000-0003-2840-3496,A5068621183,PERSON,NEW_EXTERNAL_IDENTITY,0,0,1,2024,2024
person:openalex:A5068703662,Mohammed Lamorde,Lamorde,Mohammed,0000-0003-2218-6822,A5068703662,PERSON,NEW_EXTERNAL_IDENTITY,0,0,1,2021,2021
person:openalex:A5069067858,Anne Julienne Genuino-Marfori,Genuino-Marfori,Anne Julienne,,A5069067858,PERSON,NEW_EXTERNAL_IDENTITY,0,0,1,2022,2022
person:openalex:A5069096181,Karina Meijer,Meijer,Karina,0000-0001-9447-0465,A5069096181,PERSON,NEW_EXTERNAL_IDENTITY,0,0,1,2025,2025
person:openalex:A5069119448,Daniela Mestre,Mestre,Daniela,0000-0002-8771-6559,A5069119448,PERSON,NEW_EXTERNAL_IDENTITY,0,0,1,2025,2025
person:openalex:A5069208601,Mario Federico,Federico,Mario,0000-0002-6184-9070,A5069208601,PERSON,NEW_EXTERNAL_IDENTITY,0,0,2,2023,2023
person:openalex:A5069274495,Raquel Corripio,Corripio,Raquel,0000-0003-3344-8269,A5069274495,PERSON,NEW_EXTERNAL_IDENTITY,0,0,1,2019,2019
person:openalex:A5069416662,María Errea Rodríguez,Errea,María,0000-0002-2192-0266,A5069416662,PERSON,NEW_EXTERNAL_IDENTITY,0,0,1,2013,2013
person:openalex:A5069767747,Fredrik Norström,Norström,Fredrik,0000-0002-0457-2175,A5069767747,PERSON,NEW_EXTERNAL_IDENTITY,0,0,1,2022,2022
person:openalex:A5069805148,Tessa Kennedy‐Martin,Kennedy-Martin,Tessa,0000-0001-5326-4374,A5069805148,PERSON,NEW_EXTERNAL_IDENTITY,0,0,1,2020,2020
person:openalex:A5069811479,Glenn Phillips,Phillips,Glenn,0000-0002-9676-1909,A5069811479,PERSON,NEW_EXTERNAL_IDENTITY,0,0,1,2025,2025
person:openalex:A5069827266,Jan Roczniak,Roczniak,Jan,0000-0003-2536-2633,A5069827266,PERSON,NEW_EXTERNAL_IDENTITY,0,0,1,2021,2021
person:openalex:A5069922873,Ninna Kjær Nielsen,Nielsen,Ninna Kjær,0000-0001-6756-8467,A5069922873,PERSON,NEW_EXTERNAL_IDENTITY,0,0,1,2024,2024
person:openalex:A5069923703,Ching Jou Lim,Lim,Ching Jou,0000-0002-6026-1208,A5069923703,PERSON,NEW_EXTERNAL_IDENTITY,0,0,2,2019,2019
person:openalex:A5070067422,Samantha Waterman,Waterman,Samantha,0000-0003-1747-4571,A5070067422,PERSON,NEW_EXTERNAL_IDENTITY,0,0,1,2016,2016
person:openalex:A5070081277,C Sampson,Sampson,C,,A5070081277,PERSON,NEW_EXTERNAL_IDENTITY,0,0,1,2026,2026
person:openalex:A5070135412,Jack Pollard,Pollard,Jack,0000-0002-2403-2635,A5070135412,PERSON,NEW_EXTERNAL_IDENTITY,0,0,1,2023,2023
person:openalex:A5070175062,Abdullah Althemery,Althemery,Abdullah,0000-0002-3415-7685,A5070175062,PERSON,NEW_EXTERNAL_IDENTITY,0,0,1,2024,2024
person:openalex:A5070222477,Shuang Hao,Hao,Shuang,0000-0002-2303-4532,A5070222477,PERSON,NEW_EXTERNAL_IDENTITY,0,0,1,2019,2019
person:openalex:A5070311518,Shazia Peer,Peer,Shazia,0000-0001-6326-1193,A5070311518,PERSON,NEW_EXTERNAL_IDENTITY,0,0,1,2023,2023
person:openalex:A5070347165,Nizar Al Ani,Ani,Nizar Al,,A5070347165,PERSON,NEW_EXTERNAL_IDENTITY,0,0,1,2023,2023
person:openalex:A5070361492,Heike Jacobi,Jacobi,Heike,0000-0002-6986-3969,A5070361492,PERSON,NEW_EXTERNAL_IDENTITY,0,0,3,2023,2025
person:openalex:A5070493741,Hasan Basarir,Basarir,Hasan,0000-0002-3202-4563,A5070493741,PERSON,NEW_EXTERNAL_IDENTITY,0,0,1,2016,2016
person:openalex:A5070506910,Helen Bewsher,Bewsher,Helen,,A5070506910,PERSON,NEW_EXTERNAL_IDENTITY,0,0,1,2018,2018
person:openalex:A5070525780,Ahmet Görkem Er,Er,Ahmet Görkem,0000-0001-6638-7955,A5070525780,PERSON,NEW_EXTERNAL_IDENTITY,0,0,1,2021,2021
person:openalex:A5070586838,Rosa Maria Sequera Requero,Sequera Requero,Rosa Maria,,A5070586838,PERSON,NEW_EXTERNAL_IDENTITY,0,0,2,2020,2022
person:openalex:A5070714144,Angela Bate,Bate,Angela,0000-0001-5277-4188,A5070714144,PERSON,NEW_EXTERNAL_IDENTITY,0,0,1,2024,2024
person:openalex:A5070748957,Guillermo Delgado‐García,Delgado-García,Guillermo,0000-0002-3123-5879,A5070748957,PERSON,NEW_EXTERNAL_IDENTITY,0,0,1,2021,2021
person:openalex:A5070751551,Mira Patel,Patel,Mira J,,A5070751551,PERSON,NEW_EXTERNAL_IDENTITY,0,0,1,2020,2020
person:openalex:A5070774693,Angela Brennan,Brennan,Angela,0000-0003-1375-7187,A5070774693,PERSON,NEW_EXTERNAL_IDENTITY,0,0,1,2022,2022
person:openalex:A5070819422,Sebastian K. King,King,Sebastian,0000-0001-5396-0265,A5070819422,PERSON,NEW_EXTERNAL_IDENTITY,0,0,1,2025,2025
person:openalex:A5071078329,Claudio Jommi,Jommi,Claudio,0000-0002-2862-2990,A5071078329,PERSON,NEW_EXTERNAL_IDENTITY,0,0,3,2021,2024
person:openalex:A5071151094,Kiki Sze Nga Liu,Liu,Kiki Sze Nga,,A5071151094,PERSON,NEW_EXTERNAL_IDENTITY,0,0,1,2022,2022
person:openalex:A5071191667,Diana Khanna,Khanna,Diana,0000-0001-8354-9012,A5071191667,PERSON,NEW_EXTERNAL_IDENTITY,0,0,1,2024,2024
person:openalex:A5071392043,Amaia Bilbao‐González,Bilbao‐González,Amaia,0000-0002-2202-0753,A5071392043,PERSON,NEW_EXTERNAL_IDENTITY,0,0,1,2025,2025
person:openalex:A5071393935,Peymané Adab,Adab,Peymané,0000-0001-9087-3945,A5071393935,PERSON,NEW_EXTERNAL_IDENTITY,0,0,1,2021,2021
person:openalex:A5071737570,Helen Skouteris,Skouteris,Helen,0000-0001-9959-5750,A5071737570,PERSON,NEW_EXTERNAL_IDENTITY,0,0,1,2024,2024
person:openalex:A5071922108,Olatz Garín,Garin,Olatz,0000-0001-6193-0779,A5071922108,PERSON,NEW_EXTERNAL_IDENTITY,0,0,1,2019,2019
person:openalex:A5071945598,Aisha Moolla,Moolla,Aisha,0000-0002-9768-5389,A5071945598,PERSON,NEW_EXTERNAL_IDENTITY,0,0,3,2025,2026
person:openalex:A5072072897,Nang Latt,Latt,Nang Khaing Zar,,A5072072897,PERSON,NEW_EXTERNAL_IDENTITY,0,0,1,2017,2017
person:openalex:A5072134463,Kimberlyn McGrail,McGrail,Kimberlyn,0000-0002-9349-1915,A5072134463,PERSON,NEW_EXTERNAL_IDENTITY,0,0,2,2025,2025
person:openalex:A5072137190,Moritz Platen,Platen,Moritz,0000-0001-6438-7230,A5072137190,PERSON,NEW_EXTERNAL_IDENTITY,0,0,2,2023,2024
person:openalex:A5072165119,Wondemagegnhu Tigneh,Tigneh,Wondemagegnhu,,A5072165119,PERSON,NEW_EXTERNAL_IDENTITY,0,0,1,2024,2024
person:openalex:A5072208407,Wade Tovey,Tovey,Wade,,A5072208407,PERSON,NEW_EXTERNAL_IDENTITY,0,0,1,2022,2022
person:openalex:A5072290180,Tanja Schmitz‐Hübsch,Schmitz-Hübsch,Tanja,0000-0003-4833-5937,A5072290180,PERSON,NEW_EXTERNAL_IDENTITY,0,0,3,2023,2025
person:openalex:A5072417004,M Monzó-Planella,Monzó-Planella,Marià,,A5072417004,PERSON,NEW_EXTERNAL_IDENTITY,0,0,1,2020,2020
person:openalex:A5072439986,Manmeet Kaur,Kaur,Manmeet,0000-0003-2450-3115,A5072439986,PERSON,NEW_EXTERNAL_IDENTITY,0,0,5,2020,2023
person:openalex:A5072547675,Bhash Naidoo,Naidoo,Bhash,,A5072547675,PERSON,NEW_EXTERNAL_IDENTITY,0,0,2,2021,2022
person:openalex:A5072575542,Emarene Kalaw,Kalaw,Emarene,0000-0002-4974-8779,A5072575542,PERSON,NEW_EXTERNAL_IDENTITY,0,0,1,2024,2024
person:openalex:A5072634373,Ricardo Cisneros,Cisneros,Ricardo,0000-0001-7183-932x,A5072634373,PERSON,NEW_EXTERNAL_IDENTITY,0,0,1,2025,2025
person:openalex:A5072672416,Tareq Al-Salamah,Al-Salamah,Tareq,0000-0001-5382-2495,A5072672416,PERSON,NEW_EXTERNAL_IDENTITY,0,0,1,2024,2024
person:openalex:A5073030703,Andrea K. Viecelli,Viecelli,Andrea K,,A5073030703,PERSON,NEW_EXTERNAL_IDENTITY,0,0,1,2024,2024
person:openalex:A5073078394,Saray Galván,Galván,Saray,,A5073078394,PERSON,NEW_EXTERNAL_IDENTITY,0,0,2,2023,2023
person:openalex:A5073111608,T. P. Bezdenezhnykh,Bezdenezhnykh,Tatiana,0000-0003-4839-8081,A5073111608,PERSON,NEW_EXTERNAL_IDENTITY,0,0,1,2021,2021
person:openalex:A5073171672,Alexander P. J. Vlaar,Vlaar,Alexander P J,0000-0002-3453-7186,A5073171672,PERSON,NEW_EXTERNAL_IDENTITY,0,0,1,2025,2025
person:openalex:A5073219519,Andżelika Gawrońska,Gawrońska,Andżelika,,A5073219519,PERSON,NEW_EXTERNAL_IDENTITY,0,0,1,2020,2020
person:openalex:A5073302842,William King,King,William,0000-0001-7040-9133,A5073302842,PERSON,NEW_EXTERNAL_IDENTITY,0,0,1,2024,2024
person:openalex:A5073325531,Luz María Peña-Longobardo,Peña-Longobardo,Luz María,0000-0001-7224-2189,A5073325531,PERSON,NEW_EXTERNAL_IDENTITY,0,0,1,2023,2023
person:openalex:A5073463366,Albertus Beishuizen,Beishuizen,Albertus,0000-0002-0564-250x,A5073463366,PERSON,NEW_EXTERNAL_IDENTITY,0,0,1,2025,2025
person:openalex:A5073514107,Saeideh Babashahi,Babashahi,Saeideh,0000-0003-2204-2028,A5073514107,PERSON,NEW_EXTERNAL_IDENTITY,0,0,1,2025,2025
person:openalex:A5073520095,Alicia Uijl,Uijl,Alicia,0000-0003-2835-7741,A5073520095,PERSON,NEW_EXTERNAL_IDENTITY,0,0,1,2021,2021
person:openalex:A5073547501,Brett Doble,Doble,Brett,0000-0002-4948-8831,A5073547501,PERSON,NEW_EXTERNAL_IDENTITY,0,0,1,2013,2013
person:openalex:A5073698080,Riyaz Patel,Patel,Riyaz,0000-0003-4603-2393,A5073698080,PERSON,NEW_EXTERNAL_IDENTITY,0,0,1,2021,2021
person:openalex:A5073737638,Michiel C. Warlé,Warlé,Michiel C,0000-0002-1151-4571,A5073737638,PERSON,NEW_EXTERNAL_IDENTITY,0,0,5,2022,2026
person:openalex:A5073774833,Admassu N. Lamu,Lamu,Admassu N.,0000-0001-6638-421x,A5073774833,PERSON,NEW_EXTERNAL_IDENTITY,0,0,2,2025,2026
person:openalex:A5073821926,Galina Opikova,Opikova,Galina,,A5073821926,PERSON,NEW_EXTERNAL_IDENTITY,0,0,1,2026,2026
person:openalex:A5073903784,Kathryn Hart,Hart,Kathryn,0000-0001-7494-9866,A5073903784,PERSON,NEW_EXTERNAL_IDENTITY,0,0,1,2025,2025
person:openalex:A5073921106,Qingqing Chai,Chai,Qingqing,0000-0003-4871-1840,A5073921106,PERSON,NEW_EXTERNAL_IDENTITY,0,0,2,2023,2023
person:openalex:A5073968258,Gwang-Cheon Park,Park,Gwang-Cheon,,A5073968258,PERSON,NEW_EXTERNAL_IDENTITY,0,0,1,2023,2023
person:openalex:A5074077987,Jake Hitch,Hitch,Jake,,A5074077987,PERSON,NEW_EXTERNAL_IDENTITY,0,0,1,2025,2025
person:openalex:A5074188740,Thomas Mittendorf,Mittendorf,Thomas,,A5074188740,PERSON,NEW_EXTERNAL_IDENTITY,0,0,1,2020,2020
person:openalex:A5074255418,Ken Buckingham,Buckingham,Ken,,A5074255418,PERSON,NEW_EXTERNAL_IDENTITY,0,0,2,2010,2014
person:openalex:A5074307362,Gordon G. Liu,Liu,Gordon G,0000-0002-4339-2644,A5074307362,PERSON,NEW_EXTERNAL_IDENTITY,0,0,1,2012,2012
person:openalex:A5074325621,Rilana Prenger,Prenger,Rilana,0000-0002-4974-6466,A5074325621,PERSON,NEW_EXTERNAL_IDENTITY,0,0,1,2016,2016
person:openalex:A5074711538,Georgina Yaa Oduro,Oduro,Georgina Yaa,0000-0003-3030-7196,A5074711538,PERSON,NEW_EXTERNAL_IDENTITY,0,0,1,2025,2025
person:openalex:A5074718722,Jacobo Pérez,Perez,Jacobo,0000-0003-0574-3594,A5074718722,PERSON,NEW_EXTERNAL_IDENTITY,0,0,1,2019,2019
person:openalex:A5074849895,Andrea Valks,Valks,Andrea,,A5074849895,PERSON,NEW_EXTERNAL_IDENTITY,0,0,1,2024,2024
person:openalex:A5074996068,Ahmed Al‐Jedai,Al‐Jedai,Ahmed,0000-0002-4730-9086,A5074996068,PERSON,NEW_EXTERNAL_IDENTITY,0,0,1,2024,2024
person:openalex:A5075102472,Helder De Quintal,Quintal,Helder de,0000-0003-3796-4420,A5075102472,PERSON,NEW_EXTERNAL_IDENTITY,0,0,2,2025,2026
person:openalex:A5075109681,Mathias Barra,Barra,Mathias,0000-0002-0022-4042,A5075109681,PERSON,NEW_EXTERNAL_IDENTITY,0,0,3,2017,2025
person:openalex:A5075248311,Matteo Bianco,Bianco,Matteo,0000-0002-6751-6437,A5075248311,PERSON,NEW_EXTERNAL_IDENTITY,0,0,1,2021,2021
person:openalex:A5075254349,Nipat Aui-aree,Aui-aree,Nipat,,A5075254349,PERSON,NEW_EXTERNAL_IDENTITY,0,0,1,2023,2023
person:openalex:A5075263122,Mohamed El Sadig,Sadig,Mohamed El,0000-0001-5795-8189,A5075263122,PERSON,NEW_EXTERNAL_IDENTITY,0,0,1,2025,2025
person:openalex:A5075274115,T. Hansen,Hansen,Tonya Moen,0000-0003-3150-4765,A5075274115,PERSON,NEW_EXTERNAL_IDENTITY,0,0,2,2022,2022
person:openalex:A5075516243,Shivanthan Shanthikumar,Shanthikumar,Shivanthan,0000-0001-6000-3180,A5075516243,PERSON,NEW_EXTERNAL_IDENTITY,0,0,1,2026,2026
person:openalex:A5075596948,Ingo Kilimann,Kilimann,Ingo,0000-0002-3269-4452,A5075596948,PERSON,NEW_EXTERNAL_IDENTITY,0,0,1,2023,2023
person:openalex:A5075635630,Marten R. Nijziel,Nijziel,Marten R,0000-0001-9069-4939,A5075635630,PERSON,NEW_EXTERNAL_IDENTITY,0,0,1,2025,2025
person:openalex:A5075707097,Márcia Pinto,Pinto,Márcia,0000-0001-7568-5014,A5075707097,PERSON,NEW_EXTERNAL_IDENTITY,0,0,1,2022,2022
person:openalex:A5075754000,Alexander Thiem,Thiem,Alexander,0000-0001-9504-4281,A5075754000,PERSON,NEW_EXTERNAL_IDENTITY,0,0,2,2025,2025
person:openalex:A5076003356,Anne Buisson,Buisson,A,0000-0002-4249-194x,A5076003356,PERSON,NEW_EXTERNAL_IDENTITY,0,0,1,2025,2025
person:openalex:A5076030034,Juan Carlos Rejón-Parrilla,Rejon-Parrilla,Juan Carlos,0000-0002-0680-7353,A5076030034,PERSON,NEW_EXTERNAL_IDENTITY,0,0,2,2021,2022
person:openalex:A5076078427,Julie Chevalier,Chevalier,Julie,0000-0002-3478-5729,A5076078427,PERSON,NEW_EXTERNAL_IDENTITY,0,0,1,2012,2012
person:openalex:A5076109226,S Dix-Peek,Dix-Peek,Stewart,0000-0002-3382-8790,A5076109226,PERSON,NEW_EXTERNAL_IDENTITY,0,0,1,2022,2022
person:openalex:A5076149459,Kara Cashman,Cashman,Kara,0000-0002-8542-3883,A5076149459,PERSON,NEW_EXTERNAL_IDENTITY,0,0,1,2024,2024
person:openalex:A5076187964,Judit Simon,Simon,Judit,0000-0001-9279-8627,A5076187964,PERSON,NEW_EXTERNAL_IDENTITY,0,0,2,2016,2023
person:openalex:A5076644664,Andrew Garratt,Garratt,Andrew M,0000-0002-1000-4780,A5076644664,PERSON,NEW_EXTERNAL_IDENTITY,0,0,2,2024,2026
person:openalex:A5076665198,Carina Persson,Persson,Carina,0000-0002-3379-2433,A5076665198,PERSON,NEW_EXTERNAL_IDENTITY,0,0,1,2018,2018
person:openalex:A5076713629,Alan Balch,Balch,Alan,0000-0002-4086-962x,A5076713629,PERSON,NEW_EXTERNAL_IDENTITY,0,0,1,2019,2019
person:openalex:A5076833482,Misa Matsuyama,Matsuyama,Misa,0000-0003-3924-8049,A5076833482,PERSON,NEW_EXTERNAL_IDENTITY,0,0,1,2024,2024
person:openalex:A5076872732,Max Reijman,REIJMAN,Max,0000-0001-6316-9629,A5076872732,PERSON,NEW_EXTERNAL_IDENTITY,0,0,4,2022,2025
person:openalex:A5076903875,Yvonne Chung-Hsi Wei,Wei,Yvonne Chung-Hsi,,A5076903875,PERSON,NEW_EXTERNAL_IDENTITY,0,0,2,2019,2020
person:openalex:A5076980555,Andy Dickens,Dickens,Andy,0000-0002-7591-8129,A5076980555,PERSON,NEW_EXTERNAL_IDENTITY,0,0,1,2021,2021
person:openalex:A5077040915,Fiona Kritzinger,Kritzinger,Fiona,0009-0004-0155-7377,A5077040915,PERSON,NEW_EXTERNAL_IDENTITY,0,0,1,2023,2023
person:openalex:A5077107645,Kirsten Howard,Howard,Kirsten,0000-0002-0918-7540,A5077107645,PERSON,NEW_EXTERNAL_IDENTITY,0,0,2,2024,2025
person:openalex:A5077110759,Francisco-Javier Herrero,Herrero,Javier,0000-0003-2896-7144,A5077110759,PERSON,NEW_EXTERNAL_IDENTITY,0,0,1,2019,2019
person:openalex:A5077163579,Thorsten Pachur,Pachur,Thorsten,0000-0001-6391-4107,A5077163579,PERSON,NEW_EXTERNAL_IDENTITY,0,0,1,2025,2025
person:openalex:A5077201683,Samer A. Kharroubi,Kharroubi,Samer A,0000-0002-2355-2719,A5077201683,PERSON,NEW_EXTERNAL_IDENTITY,0,0,4,2022,2026
person:openalex:A5077206886,Rosa Westerborg,Westerborg,Rosa,,A5077206886,PERSON,NEW_EXTERNAL_IDENTITY,0,0,1,2022,2022
person:openalex:A5077213708,Nisha Suyien Chandran,Chandran,Nisha Suyien,0000-0001-8225-0035,A5077213708,PERSON,NEW_EXTERNAL_IDENTITY,0,0,2,2025,2025
person:openalex:A5077284198,Andrew Tuan Phuong Dao,Dao,Andrew Tuan Phuong,,A5077284198,PERSON,NEW_EXTERNAL_IDENTITY,0,0,1,2025,2025
person:openalex:A5077308157,Stephen O’Neill,O’Neill,Stephen,0000-0002-0022-0500,A5077308157,PERSON,NEW_EXTERNAL_IDENTITY,0,0,1,2020,2020
person:openalex:A5077342701,MZH Kolk,Kolk,MZH,,A5077342701,PERSON,NEW_EXTERNAL_IDENTITY,0,0,1,2021,2021
person:openalex:A5077488640,Erik Buskens,Buskens,Erik,0000-0002-6463-1106,A5077488640,PERSON,NEW_EXTERNAL_IDENTITY,0,0,1,2018,2018
person:openalex:A5077495725,Zubaidah Jamil Osman,Jamil Osman,Zubaidah,0000-0002-6573-7658,A5077495725,PERSON,NEW_EXTERNAL_IDENTITY,0,0,1,2022,2022
person:openalex:A5077627178,Nuray Kuşadasi,Kuşadasi,Nuray,0000-0003-3504-0996,A5077627178,PERSON,NEW_EXTERNAL_IDENTITY,0,0,1,2025,2025
person:openalex:A5077717916,Joan Bel,Bel,Joan,0000-0002-3577-6322,A5077717916,PERSON,NEW_EXTERNAL_IDENTITY,0,0,1,2019,2019
person:openalex:A5077743133,Marian Sorin Paveliu,Paveliu,Marian Sorin,0000-0002-0702-1715,A5077743133,PERSON,NEW_EXTERNAL_IDENTITY,0,0,4,2019,2023
person:openalex:A5077824254,Juan Antonio Díaz-Garrido,Díaz-Garrido,Juan A.,0000-0001-9713-8177,A5077824254,PERSON,NEW_EXTERNAL_IDENTITY,0,0,2,2023,2023
person:openalex:A5077825106,Pritaporn Kingkaew,Kingkaew,Pritaporn,0000-0003-2626-7806,A5077825106,PERSON,NEW_EXTERNAL_IDENTITY,0,0,1,2023,2023
person:openalex:A5077949168,Emanuel Krebs,Krebs,Emanuel,0000-0002-6590-8728,A5077949168,PERSON,NEW_EXTERNAL_IDENTITY,0,0,1,2023,2023
person:openalex:A5078078627,Joanna Lawrence,Lawrence,Joanna,0000-0002-7913-7274,A5078078627,PERSON,NEW_EXTERNAL_IDENTITY,0,0,1,2025,2025
person:openalex:A5078105548,Steffen Emmert,Emmert,Steffen,0000-0001-5630-4204,A5078105548,PERSON,NEW_EXTERNAL_IDENTITY,0,0,2,2025,2025
person:openalex:A5078351110,Sabrina Mousum,Mousum,Sabrina,0000-0001-8512-4739,A5078351110,PERSON,NEW_EXTERNAL_IDENTITY,0,0,1,2024,2024
person:openalex:A5078471246,Jackie Bosch,Bosch,Jackie,0000-0001-6292-4207,A5078471246,PERSON,NEW_EXTERNAL_IDENTITY,0,0,1,2024,2024
person:openalex:A5078486897,Solomon Weldegebreal Asgedom,Asgedom,Solomon Weldegebreal,0000-0003-0804-3307,A5078486897,PERSON,NEW_EXTERNAL_IDENTITY,0,0,1,2025,2025
person:openalex:A5078510482,Anle Shen,Shen,Anle,,A5078510482,PERSON,NEW_EXTERNAL_IDENTITY,0,0,3,2021,2025
person:openalex:A5078763633,Catherine S. Choong,Choong,Catherine S.,0000-0002-3982-271x,A5078763633,PERSON,NEW_EXTERNAL_IDENTITY,0,0,2,2023,2024
person:openalex:A5078816855,Espen Walderhaug,Walderhaug,Espen,0000-0002-0115-9596,A5078816855,PERSON,NEW_EXTERNAL_IDENTITY,0,0,1,2020,2020
person:openalex:A5078835349,Saskia le Cessie,le Cessie,Saskia,0000-0003-2154-4923,A5078835349,PERSON,NEW_EXTERNAL_IDENTITY,0,0,1,2025,2025
person:openalex:A5078888395,Álvaro Avezum,Avezum,Alvaro,0000-0002-3073-6890,A5078888395,PERSON,NEW_EXTERNAL_IDENTITY,0,0,1,2024,2024
person:openalex:A5078919477,Shenaz Ahmed,Ahmed,Shenaz,0000-0003-4212-0388,A5078919477,PERSON,NEW_EXTERNAL_IDENTITY,0,0,1,2025,2025
person:openalex:A5078999728,Nora Isberner,Isberner,Nora,0000-0001-7217-9191,A5078999728,PERSON,NEW_EXTERNAL_IDENTITY,0,0,1,2021,2021
person:openalex:A5079012811,Anouk S. Huberts,Huberts,Anouk S,0000-0002-1716-9123,A5079012811,PERSON,NEW_EXTERNAL_IDENTITY,0,0,1,2024,2024
person:openalex:A5079035943,Ed F. van Beeck,van Beeck,Ed F,,A5079035943,PERSON,NEW_EXTERNAL_IDENTITY,0,0,1,2017,2017
person:openalex:A5079118485,Robbin H. Ophuis,Ophuis,Robbin H.,0000-0001-5416-042x,A5079118485,PERSON,NEW_EXTERNAL_IDENTITY,0,0,1,2019,2019
person:openalex:A5079399532,J Chang,Chang,Jen-Yu Amy,0000-0001-6660-5246,A5079399532,PERSON,NEW_EXTERNAL_IDENTITY,0,0,2,2018,2024
person:openalex:A5079445531,Stacey Rand,Rand,Stacey,0000-0001-9071-2842,A5079445531,PERSON,NEW_EXTERNAL_IDENTITY,0,0,3,2021,2022
person:openalex:A5079485374,Marjan Arvandi,Arvandi,Marjan,0000-0002-0976-9479,A5079485374,PERSON,NEW_EXTERNAL_IDENTITY,0,0,1,2026,2026
person:openalex:A5079510935,Anette Friedrichs,Friedrichs,Anette,0000-0002-1014-0360,A5079510935,PERSON,NEW_EXTERNAL_IDENTITY,0,0,1,2021,2021
person:openalex:A5079537178,Kathryn A. Phillips,Phillips,Kathryn A,0000-0003-0822-4968,A5079537178,PERSON,NEW_EXTERNAL_IDENTITY,0,0,1,2024,2024
person:openalex:A5079545906,Robin S. Turpin,Turpin,Robin S.,,A5079545906,PERSON,NEW_EXTERNAL_IDENTITY,0,0,4,2024,2025
person:openalex:A5079589572,V. D. Sokolova,Sokolova,Valeriia,0000-0001-7335-4852,A5079589572,PERSON,NEW_EXTERNAL_IDENTITY,0,0,2,2024,2025
person:openalex:A5079737392,Kamran Khan,Khan,Kamran,0000-0002-4322-9695,A5079737392,PERSON,NEW_EXTERNAL_IDENTITY,0,0,1,2021,2021
person:openalex:A5079763600,Madelon B. Bronner,Bronner,Madelon B.,0000-0002-0109-3283,A5079763600,PERSON,NEW_EXTERNAL_IDENTITY,0,0,1,2022,2022
person:openalex:A5079792609,Georgios Kokolakis,KOKOLAKIS,Georgios,0000-0002-8042-7885,A5079792609,PERSON,NEW_EXTERNAL_IDENTITY,0,0,1,2025,2025
person:openalex:A5079793682,Fahd A Al-Muhanna,Al-Muhanna,Fahd A,0000-0003-2169-8391,A5079793682,PERSON,NEW_EXTERNAL_IDENTITY,0,0,1,2021,2021
person:openalex:A5079977786,Ruoyu Zhang,Zhang,Ruoyu,0000-0003-0370-3249,A5079977786,PERSON,NEW_EXTERNAL_IDENTITY,0,0,1,2021,2021
person:openalex:A5080066908,Mihiri Jacintha Silva,Silva,Mihiri,,A5080066908,PERSON,NEW_EXTERNAL_IDENTITY,0,0,1,2026,2026
person:openalex:A5080109628,Sara Olofsson,Olofsson,Sara,0000-0003-2609-2065,A5080109628,PERSON,NEW_EXTERNAL_IDENTITY,0,0,1,2021,2021
person:openalex:A5080189264,Jing Ying Cheng,Cheng,Jing Ying,0000-0003-2598-9989,A5080189264,PERSON,NEW_EXTERNAL_IDENTITY,0,0,1,2024,2024
person:openalex:A5080252318,Lawrence W. Svenson,Svenson,Lawrence W,0000-0002-3391-578x,A5080252318,PERSON,NEW_EXTERNAL_IDENTITY,0,0,1,2022,2022
person:openalex:A5080378534,Joel W. Hay,Hay,Joel W,0000-0002-4467-9997,A5080378534,PERSON,NEW_EXTERNAL_IDENTITY,0,0,3,2021,2022
person:openalex:A5080527729,Silvia Cañas,Cañas,Silvia,0000-0001-9766-0440,A5080527729,PERSON,NEW_EXTERNAL_IDENTITY,0,0,1,2023,2023
person:openalex:A5080595847,Yong Yi Lee,Lee,Yong Yi,0000-0003-2359-6823,A5080595847,PERSON,NEW_EXTERNAL_IDENTITY,0,0,2,2023,2024
person:openalex:A5080605646,B. H. M. van der Hooft,van der Hooft,B H M,,A5080605646,PERSON,NEW_EXTERNAL_IDENTITY,0,0,1,2022,2022
person:openalex:A5080634466,Pieter W. Kamphuisen,Kamphuisen,Pieter W,0000-0002-6263-0177,A5080634466,PERSON,NEW_EXTERNAL_IDENTITY,0,0,1,2025,2025
person:openalex:A5080702053,W Hermans-van Ast,Ast,W Hermans-van,,A5080702053,PERSON,NEW_EXTERNAL_IDENTITY,0,0,1,2021,2021
person:openalex:A5080728423,B. E. Groenemeijer,Groenemeijer,B. E.,,A5080728423,PERSON,NEW_EXTERNAL_IDENTITY,0,0,1,2021,2021
person:openalex:A5080818482,Anika Kaczynski,Kaczynski,Anika,,A5080818482,PERSON,NEW_EXTERNAL_IDENTITY,0,0,1,2017,2017
person:openalex:A5080865059,Lisa K. Sharp,Sharp,Lisa K.,0000-0002-7809-9042,A5080865059,PERSON,NEW_EXTERNAL_IDENTITY,0,0,5,2018,2025
person:openalex:A5080952698,Laura Kelly,Kelly,Laura,,A5080952698,PERSON,NEW_EXTERNAL_IDENTITY,0,0,1,2016,2016
person:openalex:A5080976462,Hareth Al‐Janabi,Al-Janabi,Hareth,0000-0002-3691-8310,A5080976462,PERSON,NEW_EXTERNAL_IDENTITY,0,0,1,2023,2023
person:openalex:A5081076545,Taiwo Gboluwaga Amole,Amole,Taiwo Gboluwaga,0000-0002-3931-2314,A5081076545,PERSON,NEW_EXTERNAL_IDENTITY,0,0,1,2026,2026
person:openalex:A5081091785,Nafthali Hananja Tollenaar,Tollenaar,Nafthali H,0000-0001-9271-5959,A5081091785,PERSON,NEW_EXTERNAL_IDENTITY,0,0,1,2022,2022
person:openalex:A5081215319,Tim Luckett,Luckett,Tim,0000-0001-6121-5409,A5081215319,PERSON,NEW_EXTERNAL_IDENTITY,0,0,1,2026,2026
person:openalex:A5081225457,Marta Murillo,Murillo,Marta,0000-0002-3208-2982,A5081225457,PERSON,NEW_EXTERNAL_IDENTITY,0,0,1,2019,2019
person:openalex:A5081526352,A. N. Alnafie,Alnafie,A. N.,,A5081526352,PERSON,NEW_EXTERNAL_IDENTITY,0,0,1,2021,2021
person:openalex:A5081619394,Regina Melia,Melia,Regina,,A5081619394,PERSON,NEW_EXTERNAL_IDENTITY,0,0,1,2017,2017
person:openalex:A5081648742,Hein Raat,Raat,Hein,0000-0002-6000-7445,A5081648742,PERSON,NEW_EXTERNAL_IDENTITY,0,0,1,2019,2019
person:openalex:A5081675787,Fanny Kapakasa,Kapakasa,Fanny,,A5081675787,PERSON,NEW_EXTERNAL_IDENTITY,0,0,1,2021,2021
person:openalex:A5081727669,Arne Risa Hole,Hole,Arne Risa,0000-0002-9413-8101,A5081727669,PERSON,NEW_EXTERNAL_IDENTITY,0,0,5,2014,2019
person:openalex:A5081793373,Shaffinaz Abd Rahman,Rahman,Shaffinaz Abd,,A5081793373,PERSON,NEW_EXTERNAL_IDENTITY,0,0,1,2025,2025
person:openalex:A5081982963,Fareena M. Alladin,Alladin,Fareena M,0000-0002-6732-3838,A5081982963,PERSON,NEW_EXTERNAL_IDENTITY,0,0,1,2022,2022
person:openalex:A5081998419,Michelle Lorimer,Lorimer,Michelle,0000-0003-3785-4395,A5081998419,PERSON,NEW_EXTERNAL_IDENTITY,0,0,1,2024,2024
person:openalex:A5082185641,M. Elizabeth Wilcox,Wilcox,M Elizabeth,0000-0003-0331-5182,A5082185641,PERSON,NEW_EXTERNAL_IDENTITY,0,0,1,2022,2022
person:openalex:A5082190751,Karen Trapani,Trapani,Karen,0000-0002-3257-9147,A5082190751,PERSON,NEW_EXTERNAL_IDENTITY,0,0,2,2025,2026
person:openalex:A5082238154,Ritika Singh,Singh,Ritika,0000-0001-5039-4835,A5082238154,PERSON,NEW_EXTERNAL_IDENTITY,0,0,1,2026,2026
person:openalex:A5082336359,Minerva Navarro,Navarro,Minerva,,A5082336359,PERSON,NEW_EXTERNAL_IDENTITY,0,0,1,2023,2023
person:openalex:A5082448286,Ashwini De Silva,De Silva,Ashwini,0000-0003-4535-442x,A5082448286,PERSON,NEW_EXTERNAL_IDENTITY,0,0,3,2024,2025
person:openalex:A5082537307,P. Y. Kopylov,Kopylov,P. Y.,,A5082537307,PERSON,NEW_EXTERNAL_IDENTITY,0,0,1,2021,2021
person:openalex:A5082552831,Avinash Aujayeb,Aujayeb,Avinash,0000-0002-0859-5550,A5082552831,PERSON,NEW_EXTERNAL_IDENTITY,0,0,1,2021,2021
person:openalex:A5082554238,Janet Seeley,Seeley,Janet,0000-0002-0583-5272,A5082554238,PERSON,NEW_EXTERNAL_IDENTITY,0,0,1,2021,2021
person:openalex:A5082570472,Ronald Vei-Meng Lim,Lim,Ronald Vei-Meng,,A5082570472,PERSON,NEW_EXTERNAL_IDENTITY,0,0,1,2022,2022
person:openalex:A5082679849,Daisy Elliott,Elliott,Daisy,0000-0001-8143-9549,A5082679849,PERSON,NEW_EXTERNAL_IDENTITY,0,0,1,2016,2016
person:openalex:A5082703972,Espen Ajo Arnevik,Arnevik,Espen Ajo,0000-0003-1071-0017,A5082703972,PERSON,NEW_EXTERNAL_IDENTITY,0,0,1,2020,2020
person:openalex:A5082981461,Marie-Claude Couture,Couture,Marie-Claude,0000-0003-4454-3499,A5082981461,PERSON,NEW_EXTERNAL_IDENTITY,0,0,1,2024,2024
person:openalex:A5082999537,Lisa M. Lix,Lix,Lisa,0000-0001-8685-3212,A5082999537,PERSON,NEW_EXTERNAL_IDENTITY,0,0,1,2026,2026
person:openalex:A5083020282,Niphon Chirapapaisan,Chirapapaisan,Niphon,0000-0002-4321-0142,A5083020282,PERSON,NEW_EXTERNAL_IDENTITY,0,0,1,2023,2023
person:openalex:A5083125605,Sireedhorn Kurathong,Kurathong,Sireedhorn,0000-0001-9637-0695,A5083125605,PERSON,NEW_EXTERNAL_IDENTITY,0,0,1,2023,2023
person:openalex:A5083131109,Seher Korkmaz,Korkmaz,Seher,,A5083131109,PERSON,NEW_EXTERNAL_IDENTITY,0,0,2,2021,2023
person:openalex:A5083171832,Merit Maas,Maas,Merit,,A5083171832,PERSON,NEW_EXTERNAL_IDENTITY,0,0,1,2022,2022
person:openalex:A5083175659,Martin Howell,Howell,Martin,0000-0001-9740-712x,A5083175659,PERSON,NEW_EXTERNAL_IDENTITY,0,0,1,2024,2024
person:openalex:A5083221850,Steven J. Bowe,Bowe,Steven J.,0000-0003-3813-842x,A5083221850,PERSON,NEW_EXTERNAL_IDENTITY,0,0,1,2023,2023
person:openalex:A5083342500,Jonathan L. Nazari,Nazari,Jonathan L.,,A5083342500,PERSON,NEW_EXTERNAL_IDENTITY,0,0,3,2022,2026
person:openalex:A5083350920,Will Ho Gi Cheng,Cheng,Will Ho Gi,0000-0002-0388-3860,A5083350920,PERSON,NEW_EXTERNAL_IDENTITY,0,0,1,2022,2022
person:openalex:A5083390736,Wendy J. Ungar,Ungar,Wendy J,0000-0002-0762-0101,A5083390736,PERSON,NEW_EXTERNAL_IDENTITY,0,0,3,2021,2024
person:openalex:A5083477903,Natalie Carvalho,Carvalho,Natalie,0000-0002-5599-2209,A5083477903,PERSON,NEW_EXTERNAL_IDENTITY,0,0,1,2024,2024
person:openalex:A5083535676,Weidong Huang,Huang,Weidong,0000-0003-2798-4735,A5083535676,PERSON,NEW_EXTERNAL_IDENTITY,0,0,2,2022,2023
person:openalex:A5083624887,Giulia Cavrini,Cavrini,Gulia,0000-0002-9084-3081,A5083624887,PERSON,NEW_EXTERNAL_IDENTITY,0,0,2,2010,2010
person:openalex:A5083657882,Philip Haywood,Haywood,Phil,0000-0001-5031-8648,A5083657882,PERSON,NEW_EXTERNAL_IDENTITY,0,0,1,2022,2022
person:openalex:A5083680323,Dixon Chibanda,Chibanda,Dixon,0000-0003-2505-8607,A5083680323,PERSON,NEW_EXTERNAL_IDENTITY,0,0,1,2026,2026
person:openalex:A5083694677,Carlos Ferrando,Ferrando,Carlos,0000-0002-1907-5323,A5083694677,PERSON,NEW_EXTERNAL_IDENTITY,0,0,1,2021,2021
person:openalex:A5083735664,Marjorie Wharton,Wharton,Marjorie,,A5083735664,PERSON,NEW_EXTERNAL_IDENTITY,0,0,2,2021,2022
person:openalex:A5083810753,Francesco Malandrini,Malandrini,Francesco,0000-0002-0245-9849,A5083810753,PERSON,NEW_EXTERNAL_IDENTITY,0,0,1,2022,2022
person:openalex:A5083830744,Michael Drummond,Drummond,Michael,0000-0002-6968-4610,A5083830744,PERSON,NEW_EXTERNAL_IDENTITY,0,0,1,2016,2016
person:openalex:A5083934289,Rachel M.A. ter Bekke,ter Bekke,R M A,0000-0003-4278-0132,A5083934289,PERSON,NEW_EXTERNAL_IDENTITY,0,0,1,2022,2022
person:openalex:A5083951614,Gemma Vilagut,Vilagut,G,0000-0002-3714-226x,A5083951614,PERSON,NEW_EXTERNAL_IDENTITY,0,0,1,2018,2018
person:openalex:A5083993471,Sauharda Rai,Rai,Sauharda,0000-0002-9393-1466,A5083993471,PERSON,NEW_EXTERNAL_IDENTITY,0,0,1,2026,2026
person:openalex:A5084004616,Osvaldo Ulises Garay,Garay,Osvaldo Ulises,,A5084004616,PERSON,NEW_EXTERNAL_IDENTITY,0,0,1,2015,2015
person:openalex:A5084029512,Irene Salvi,Salvi,Irene,0009-0009-0646-5064,A5084029512,PERSON,NEW_EXTERNAL_IDENTITY,0,0,1,2024,2024
person:openalex:A5084077544,Margaret Ogden,Ogden,Margaret,0000-0002-4611-5095,A5084077544,PERSON,NEW_EXTERNAL_IDENTITY,0,0,1,2022,2022
person:openalex:A5084123726,Emily Lancsar,Lancsar,Emily,0000-0003-2404-6735,A5084123726,PERSON,NEW_EXTERNAL_IDENTITY,0,0,1,2024,2024
person:openalex:A5084145848,M T H M Henkens,Henkens,M T H M,,A5084145848,PERSON,NEW_EXTERNAL_IDENTITY,0,0,2,2021,2022
person:openalex:A5084325100,Per Tynelius,Tynelius,Per,0000-0001-8155-7406,A5084325100,PERSON,NEW_EXTERNAL_IDENTITY,0,0,1,2026,2026
person:openalex:A5084500796,Richard De Abreu Lourenço,Lourenço,Richard De Abreu,0000-0002-5978-8774,A5084500796,PERSON,NEW_EXTERNAL_IDENTITY,0,0,1,2019,2019
person:openalex:A5084561608,Susanne van Santen,van Santen,Susanne,,A5084561608,PERSON,NEW_EXTERNAL_IDENTITY,0,0,5,2022,2026
person:openalex:A5084630266,Matthew Crocker,Crocker,Matthew,0000-0002-6207-7850,A5084630266,PERSON,NEW_EXTERNAL_IDENTITY,0,0,4,2023,2024
person:openalex:A5084784705,H. A. M. van Kesteren,Kesteren,H. A. M. van,,A5084784705,PERSON,NEW_EXTERNAL_IDENTITY,0,0,1,2021,2021
person:openalex:A5084820846,Ruth E. Hubbard,Hubbard,Ruth E,0000-0002-8688-5836,A5084820846,PERSON,NEW_EXTERNAL_IDENTITY,0,0,1,2024,2024
person:openalex:A5084893260,Rongjia Sun,Sun,Rongjia,,A5084893260,PERSON,NEW_EXTERNAL_IDENTITY,0,0,2,2022,2023
person:openalex:A5085064498,K. de Ligt,Ligt,K. de,,A5085064498,PERSON,NEW_EXTERNAL_IDENTITY,0,0,1,2026,2026
person:openalex:A5085151864,M. W. J. van Hessen,Hessen,M. W. J. van,,A5085151864,PERSON,NEW_EXTERNAL_IDENTITY,0,0,1,2021,2021
person:openalex:A5085177207,Cristina Gutiérrez-Delgado,Gutierrez-Delgado,Cristina,,A5085177207,PERSON,NEW_EXTERNAL_IDENTITY,0,0,1,2021,2021
person:openalex:A5085335754,Marina‐Selini Katsaiti,Katsaiti,Marina-Selini,0000-0003-3645-6723,A5085335754,PERSON,NEW_EXTERNAL_IDENTITY,0,0,2,2015,2017
person:openalex:A5085348599,Nathan S. McClure,McClure,Nathan S.,0000-0003-2273-1245,A5085348599,PERSON,NEW_EXTERNAL_IDENTITY,0,0,2,2018,2024
person:openalex:A5085748280,Nicolle Hua,Hua,Nicolle,0009-0007-9472-901x,A5085748280,PERSON,NEW_EXTERNAL_IDENTITY,0,0,1,2024,2024
person:openalex:A5085833113,Amein K. Al‐Ali,Al‐Ali,Amein K.,0000-0002-0673-3534,A5085833113,PERSON,NEW_EXTERNAL_IDENTITY,0,0,1,2021,2021
person:openalex:A5085936108,Sara Cazorla-Rivero,Cazorla-Rivero,Sara,0000-0001-5481-7807,A5085936108,PERSON,NEW_EXTERNAL_IDENTITY,0,0,1,2023,2023
person:openalex:A5085966892,Ericson L. Gutiérrez,Gutiérrez,Ericson L.,0000-0003-4725-6284,A5085966892,PERSON,NEW_EXTERNAL_IDENTITY,0,0,1,2021,2021
person:openalex:A5086185930,Yash J. Jalundhwala,Jalundhwala,Yash J.,0000-0001-9748-7203,A5086185930,PERSON,NEW_EXTERNAL_IDENTITY,0,0,1,2018,2018
person:openalex:A5086268973,Shreya Chatterjee,Chatterjee,Shreya,0000-0001-5541-5930,A5086268973,PERSON,NEW_EXTERNAL_IDENTITY,0,0,1,2025,2025
person:openalex:A5086290664,Ileana Gabriela Niculescu-Aron,Niculescu-Aron,Ileana Gabriela,0000-0003-2902-1641,A5086290664,PERSON,NEW_EXTERNAL_IDENTITY,0,0,4,2019,2023
person:openalex:A5086347511,Franka Mühlichen,Mühlichen,Franka,,A5086347511,PERSON,NEW_EXTERNAL_IDENTITY,0,0,1,2024,2024
person:openalex:A5086352962,Verônica Souza Santos,Santos,Verônica Souza,0000-0002-1433-818x,A5086352962,PERSON,NEW_EXTERNAL_IDENTITY,0,0,2,2024,2025
person:openalex:A5086377750,Sebastian Dolff,Dolff,Sebastian,0000-0001-5549-1706,A5086377750,PERSON,NEW_EXTERNAL_IDENTITY,0,0,1,2021,2021
person:openalex:A5086408535,Ante Karoglan,KAROGLAN,Ante,0000-0002-6100-5927,A5086408535,PERSON,NEW_EXTERNAL_IDENTITY,0,0,1,2025,2025
person:openalex:A5086411644,Paul M. Schneider,Schneider,Paul M.,0000-0003-2776-4441,A5086411644,PERSON,NEW_EXTERNAL_IDENTITY,0,0,2,2022,2023
person:openalex:A5086528283,Li Huang,Huang,Li,,A5086528283,PERSON,NEW_EXTERNAL_IDENTITY,0,0,3,2023,2025
person:openalex:A5086536825,Chiara Bucciarelli‐Ducci,Bucciarelli‐Ducci,Chiara,0000-0002-2515-0852,A5086536825,PERSON,NEW_EXTERNAL_IDENTITY,0,0,1,2021,2021
person:openalex:A5086557976,László Gulàcsi,Gulàcsi,László,0000-0002-9285-8746,A5086557976,PERSON,NEW_EXTERNAL_IDENTITY,0,0,2,2016,2020
person:openalex:A5086575891,Abdullah Alshehri,Alshehri,Abdullah,0000-0002-0795-1760,A5086575891,PERSON,NEW_EXTERNAL_IDENTITY,0,0,1,2021,2021
person:openalex:A5086640521,David Meads,Meads,David,0000-0003-1369-2483,A5086640521,PERSON,NEW_EXTERNAL_IDENTITY,0,0,5,2021,2026
person:openalex:A5086690247,Yasser Almogbel,Almogbel,Yasser,0000-0003-0155-6986,A5086690247,PERSON,NEW_EXTERNAL_IDENTITY,0,0,1,2024,2024
person:openalex:A5086710579,Daniel Howdon,Howdon,Daniel,0000-0001-8052-2893,A5086710579,PERSON,NEW_EXTERNAL_IDENTITY,0,0,1,2022,2022
person:openalex:A5086757090,Peter Jacoby,Jacoby,Peter,0000-0001-5092-7697,A5086757090,PERSON,NEW_EXTERNAL_IDENTITY,0,0,2,2023,2024
person:openalex:A5086769455,Lindsi Chmielewski,Chmielewski,Lindsi,,A5086769455,PERSON,NEW_EXTERNAL_IDENTITY,0,0,1,2021,2021
person:openalex:A5086819649,Rachel Caskey,Caskey,Rachel,0000-0002-6285-3311,A5086819649,PERSON,NEW_EXTERNAL_IDENTITY,0,0,1,2018,2018
person:openalex:A5087235620,An Tran‐Duy,Tran-Duy,An,0000-0003-0224-2858,A5087235620,PERSON,NEW_EXTERNAL_IDENTITY,0,0,2,2022,2023
person:openalex:A5087251816,Susan McAllister,McAllister,Susan,0000-0001-7881-6622,A5087251816,PERSON,NEW_EXTERNAL_IDENTITY,0,0,3,2014,2017
person:openalex:A5087292892,Carsten Spitzer,Spitzer,Carsten,0000-0002-2711-285x,A5087292892,PERSON,NEW_EXTERNAL_IDENTITY,0,0,2,2025,2025
person:openalex:A5087305971,C. C. P. Anning,Anning,C. C. P.,,A5087305971,PERSON,NEW_EXTERNAL_IDENTITY,0,0,1,2021,2021
person:openalex:A5087311184,Xueyun Zeng,Zeng,Xueyun,,A5087311184,PERSON,NEW_EXTERNAL_IDENTITY,0,0,1,2023,2023
person:openalex:A5087336965,Carmel M. Hawley,Hawley,Carmel M,0000-0002-1392-5649,A5087336965,PERSON,NEW_EXTERNAL_IDENTITY,0,0,1,2024,2024
person:openalex:A5087469402,Ines Rombach,Rombach,Ines,0000-0003-3464-3867,A5087469402,PERSON,NEW_EXTERNAL_IDENTITY,0,0,1,2016,2016
person:openalex:A5087630518,John W. Eikelboom,Eikelboom,John,0000-0003-4126-1285,A5087630518,PERSON,NEW_EXTERNAL_IDENTITY,0,0,1,2024,2024
person:openalex:A5087650324,Caroline Mann,MANN,Caroline,0000-0001-7044-2216,A5087650324,PERSON,NEW_EXTERNAL_IDENTITY,0,0,1,2025,2025
person:openalex:A5087683959,Alicja Wójcik,Wójcik,Alicja,0000-0003-1699-8218,A5087683959,PERSON,NEW_EXTERNAL_IDENTITY,0,0,1,2020,2020
person:openalex:A5087704375,Peter J. Hotez,Hotez,Peter J.,0000-0001-8770-1042,A5087704375,PERSON,NEW_EXTERNAL_IDENTITY,0,0,1,2024,2024
person:openalex:A5087756312,Chema Drira,Drira,Chema,0000-0003-3037-2246,A5087756312,PERSON,NEW_EXTERNAL_IDENTITY,0,0,1,2021,2021
person:openalex:A5087826589,Rebecca Hsin-Ling Liu,Liu,Rebecca Hsin-Ling,,A5087826589,PERSON,NEW_EXTERNAL_IDENTITY,0,0,1,2026,2026
person:openalex:A5087876103,K. Klose,Klose,Kristina,,A5087876103,PERSON,NEW_EXTERNAL_IDENTITY,0,0,1,2015,2015
person:openalex:A5087881843,Ingris Peláez‐Ballestas,Peláez-Ballestas,Ingris,0000-0001-5188-7375,A5087881843,PERSON,NEW_EXTERNAL_IDENTITY,0,0,1,2022,2022
person:openalex:A5087893304,Augusto Afonso Guerra,Guerra,Augusto Afonso,0000-0001-5256-0577,A5087893304,PERSON,NEW_EXTERNAL_IDENTITY,0,0,1,2022,2022
person:openalex:A5087900341,Fitsum Sebsibe Teni,Teni,Fitsum Sebsibe,0000-0002-6182-499x,A5087900341,PERSON,NEW_EXTERNAL_IDENTITY,0,0,5,2020,2023
person:openalex:A5087921308,Bas Kietselaer,Kietselaer,Bas,0000-0002-0096-8594,A5087921308,PERSON,NEW_EXTERNAL_IDENTITY,0,0,4,2021,2025
person:openalex:A5087921707,Miren Orive,Orive,Miren,0000-0003-1848-6638,A5087921707,PERSON,NEW_EXTERNAL_IDENTITY,0,0,1,2025,2025
person:openalex:A5087982001,C. Ghossein,Ghossein,Chahinda,,A5087982001,PERSON,NEW_EXTERNAL_IDENTITY,0,0,1,2023,2023
person:openalex:A5088067171,Marcus L.F. Janssen,Janssen,M L F,0000-0003-0030-7224,A5088067171,PERSON,NEW_EXTERNAL_IDENTITY,0,0,1,2022,2022
person:openalex:A5088184178,Bo Ding,Ding,Bo,0000-0001-8771-6578,A5088184178,PERSON,NEW_EXTERNAL_IDENTITY,0,0,1,2025,2025
person:openalex:A5088195943,Kenneth Katumba,Katumba,Kenneth R,0000-0002-6726-740x,A5088195943,PERSON,NEW_EXTERNAL_IDENTITY,0,0,1,2021,2021
person:openalex:A5088417854,A. Rogier T. Donders,Donders,A. Rogier T.,,A5088417854,PERSON,NEW_EXTERNAL_IDENTITY,0,0,4,2014,2019
person:openalex:A5088421868,E.H. Quik,Quik,Elise H.,0000-0002-2314-327x,A5088421868,PERSON,NEW_EXTERNAL_IDENTITY,0,0,2,2014,2017
person:openalex:A5088485151,Kitthisak Kitthaweesin,Kitthaweesin,Kitthisak,,A5088485151,PERSON,NEW_EXTERNAL_IDENTITY,0,0,1,2023,2023
person:openalex:A5088664027,Simon Oczkowski,Oczkowski,Simon J W,0000-0002-2874-8948,A5088664027,PERSON,NEW_EXTERNAL_IDENTITY,0,0,1,2022,2022
person:openalex:A5088696458,David Kuklinski,Kuklinski,David,0000-0002-7092-7480,A5088696458,PERSON,NEW_EXTERNAL_IDENTITY,0,0,1,2024,2024
person:openalex:A5088810449,Mohammad Alkhalil,Alkhalil,Mohammad,0000-0002-3088-8878,A5088810449,PERSON,NEW_EXTERNAL_IDENTITY,0,0,1,2021,2021
person:openalex:A5088982815,Gilda Zarate-Gonzalez,Zarate-Gonzalez,Gilda,0000-0002-7661-9526,A5088982815,PERSON,NEW_EXTERNAL_IDENTITY,0,0,1,2025,2025
person:openalex:A5089149181,Kate Absolom,Absolom,Kate,0000-0002-5477-6643,A5089149181,PERSON,NEW_EXTERNAL_IDENTITY,0,0,1,2016,2016
person:openalex:A5089167457,Stavros Petrou,Petrou,Stavros,0000-0003-3121-6050,A5089167457,PERSON,NEW_EXTERNAL_IDENTITY,0,0,5,2021,2024
person:openalex:A5089178690,Kalih Sarjono,Sarjono,Kalih,,A5089178690,PERSON,NEW_EXTERNAL_IDENTITY,0,0,2,2017,2017
person:openalex:A5089197242,Beatrice K Shava,Shava,Beatrice K,0000-0002-9130-7010,A5089197242,PERSON,NEW_EXTERNAL_IDENTITY,0,0,1,2026,2026
person:openalex:A5089239024,Edward Henry,Henry,Edward,0000-0002-8975-820x,A5089239024,PERSON,NEW_EXTERNAL_IDENTITY,0,0,1,2023,2023
person:openalex:A5089253685,Tahmid Kashem,Kashem,Tahmid,,A5089253685,PERSON,NEW_EXTERNAL_IDENTITY,0,0,1,2019,2019
person:openalex:A5089476882,Xiuqin Xiong,Xiong,Xiuqin,0000-0002-1323-4223,A5089476882,PERSON,NEW_EXTERNAL_IDENTITY,0,0,3,2023,2024
person:openalex:A5089519347,David A. Mott,Mott,David A.,0000-0002-1796-5875,A5089519347,PERSON,NEW_EXTERNAL_IDENTITY,0,0,1,2022,2022
person:openalex:A5089567262,Nathan Bray,Bray,Nathan,0000-0001-7646-5435,A5089567262,PERSON,NEW_EXTERNAL_IDENTITY,0,0,3,2022,2026
person:openalex:A5089586523,Ann Henry,Henry,Ann,0000-0002-5379-6618,A5089586523,PERSON,NEW_EXTERNAL_IDENTITY,0,0,1,2016,2016
person:openalex:A5089626325,Xiayu Jiao,Jiao,Xiayu,,A5089626325,PERSON,NEW_EXTERNAL_IDENTITY,0,0,3,2021,2025
person:openalex:A5089735630,Yuen Chen,Chen,Yuen,0009-0008-4871-2425,A5089735630,PERSON,NEW_EXTERNAL_IDENTITY,0,0,1,2026,2026
person:openalex:A5089880802,Abdulaali R. Almutairi,Almutairi,Abdulaali R.,0000-0002-3141-0606,A5089880802,PERSON,NEW_EXTERNAL_IDENTITY,0,0,1,2024,2024
person:openalex:A5089912389,Floortje van Nooten,van Nooten,Floortje,0000-0001-5324-6811,A5089912389,PERSON,NEW_EXTERNAL_IDENTITY,0,0,1,2017,2017
person:openalex:A5089919345,Sophie Cooper,Cooper,Sophie,0000-0001-8379-6304,A5089919345,PERSON,NEW_EXTERNAL_IDENTITY,0,0,1,2023,2023
person:openalex:A5089991339,Jenny Cleland,Cleland,Jenny,0000-0002-1722-8015,A5089991339,PERSON,NEW_EXTERNAL_IDENTITY,0,0,1,2022,2022
person:openalex:A5090057690,Kavin Vanikieti,Vanikieti,Kavin,,A5090057690,PERSON,NEW_EXTERNAL_IDENTITY,0,0,1,2023,2023
person:openalex:A5090141541,Giulia Greco,Greco,Giulia,0000-0002-5448-9521,A5090141541,PERSON,NEW_EXTERNAL_IDENTITY,0,0,1,2021,2021
person:openalex:A5090296015,Marieke J.H.A. Kruip,Kruip,Marieke J H A,,A5090296015,PERSON,NEW_EXTERNAL_IDENTITY,0,0,1,2025,2025
person:openalex:A5090328603,Huan‐Keat Chan,Chan,Huan-Keat,0000-0001-6710-7257,A5090328603,PERSON,NEW_EXTERNAL_IDENTITY,0,0,1,2022,2022
person:openalex:A5090399331,Rui Jiang,Jiang,Rui,0000-0003-3929-0570,A5090399331,PERSON,NEW_EXTERNAL_IDENTITY,0,0,1,2025,2025
person:openalex:A5090471571,Alison Scope,Scope,Alison,0000-0003-1604-1758,A5090471571,PERSON,NEW_EXTERNAL_IDENTITY,0,0,1,2022,2022
person:openalex:A5090476254,Jochen Cals,Cals,Jochen W L,0000-0001-9550-5674,A5090476254,PERSON,NEW_EXTERNAL_IDENTITY,0,0,2,2022,2025
person:openalex:A5090671455,Anna-Katrine Sussex,Sussex,Anna-Katrine,,A5090671455,PERSON,NEW_EXTERNAL_IDENTITY,0,0,1,2025,2025
person:openalex:A5091023964,Alexander D Hilt,Hilt,Alexander D,0000-0002-1009-0906,A5091023964,PERSON,NEW_EXTERNAL_IDENTITY,0,0,1,2021,2021
person:openalex:A5091171499,Andrew Trigg,Trigg,Andrew,0000-0002-1613-8042,A5091171499,PERSON,NEW_EXTERNAL_IDENTITY,0,0,1,2016,2016
person:openalex:A5091194414,Alfons G. M. Olde Loohuis,Olde Loohuis,Alfons G. M.,,A5091194414,PERSON,NEW_EXTERNAL_IDENTITY,0,0,2,2022,2023
person:openalex:A5091245702,Rodrigo Giraldo‐Bustos,Giraldo-Bustos,Rodrigo,,A5091245702,PERSON,NEW_EXTERNAL_IDENTITY,0,0,1,2022,2022
person:openalex:A5091336101,Roy S. Zawadzki,Zawadzki,Roy S,0000-0002-6516-8360,A5091336101,PERSON,NEW_EXTERNAL_IDENTITY,0,0,2,2021,2025
person:openalex:A5091415159,Kim Bảo Giang,Giang,Kim Bao,0000-0003-2290-0205,A5091415159,PERSON,NEW_EXTERNAL_IDENTITY,0,0,2,2020,2021
person:openalex:A5091435927,Ewout W. Steyerberg,Steyerberg,Ewout W,0000-0002-7787-0122,A5091435927,PERSON,NEW_EXTERNAL_IDENTITY,0,0,1,2017,2017
person:openalex:A5091475352,Sylvia Lordello,Lordello,Sylvia,,A5091475352,PERSON,NEW_EXTERNAL_IDENTITY,0,0,1,2025,2025
person:openalex:A5091495489,Gang Chen,Chen,Gang,0000-0002-8385-5965,A5091495489,PERSON,NEW_EXTERNAL_IDENTITY,0,0,12,2024,2026
person:openalex:A5091576969,Glen T. Schumock,Schumock,Glen T.,,A5091576969,PERSON,NEW_EXTERNAL_IDENTITY,0,0,1,2018,2018
person:openalex:A5091584999,Christian Jacob,Jacob,Christian,0000-0001-6960-728x,A5091584999,PERSON,NEW_EXTERNAL_IDENTITY,0,0,1,2020,2020
person:openalex:A5091619938,Elizabeth Goodwin,Goodwin,Elizabeth,0000-0003-1351-9170,A5091619938,PERSON,NEW_EXTERNAL_IDENTITY,0,0,1,2026,2026
person:openalex:A5091711361,Jørgen Bjerggaard Jensen,Jensen,Jørgen Bjerggaard,0000-0002-4347-739x,A5091711361,PERSON,NEW_EXTERNAL_IDENTITY,0,0,1,2024,2024
person:openalex:A5091770714,Richmond Owusu,Owusu,Richmond,0000-0002-0066-3491,A5091770714,PERSON,NEW_EXTERNAL_IDENTITY,0,0,2,2024,2024
person:openalex:A5091908644,Kavitha Rajsekar,Rajsekar,Kavitha,0000-0003-3042-8537,A5091908644,PERSON,NEW_EXTERNAL_IDENTITY,0,0,1,2022,2022
person:openalex:A5091956404,Kath Feely,Feely,Kath,0000-0001-6404-1117,A5091956404,PERSON,NEW_EXTERNAL_IDENTITY,0,0,1,2025,2025
person:openalex:A5092213261,Janani Sarvananthar,Sarvananthar,Janani,,A5092213261,PERSON,NEW_EXTERNAL_IDENTITY,0,0,1,2023,2023
person:openalex:A5092392626,Victoria Gale,Gale,Victoria,0000-0001-7472-2039,A5092392626,PERSON,NEW_EXTERNAL_IDENTITY,0,0,2,2025,2026
person:openalex:A5092550781,Price Udo Price,Price,Price Udo,0000-0002-5426-0719,A5092550781,PERSON,NEW_EXTERNAL_IDENTITY,0,0,1,2025,2025
person:openalex:A5092888697,Kristen Swampy,Swampy,Kristen,,A5092888697,PERSON,NEW_EXTERNAL_IDENTITY,0,0,1,2023,2023
person:openalex:A5093318416,Noluthando Zibi,Zibi,Noluthando,,A5093318416,PERSON,NEW_EXTERNAL_IDENTITY,0,0,1,2023,2023
person:openalex:A5093565451,Giselle Abangma,Abangma,Giselle,0009-0005-5260-4652,A5093565451,PERSON,NEW_EXTERNAL_IDENTITY,0,0,2,2024,2025
person:openalex:A5093565630,Rita O’jeil,O’jeil,Rita,,A5093565630,PERSON,NEW_EXTERNAL_IDENTITY,0,0,1,2024,2024
person:openalex:A5093610730,Rouba Ballout,Ballout,Rouba,,A5093610730,PERSON,NEW_EXTERNAL_IDENTITY,0,0,1,2026,2026
person:openalex:A5093786284,Elizabeth Walkley,Walkley,Elizabeth,,A5093786284,PERSON,NEW_EXTERNAL_IDENTITY,0,0,1,2026,2026
person:openalex:A5093892305,Brenda J. Bergink-Voorthuis,Bergink-Voorthuis,Brenda J.,,A5093892305,PERSON,NEW_EXTERNAL_IDENTITY,0,0,1,2026,2026
person:openalex:A5094046394,Giovanni Andrulli,Andrulli,Giovanni,0009-0003-4264-0946,A5094046394,PERSON,NEW_EXTERNAL_IDENTITY,0,0,1,2024,2024
person:openalex:A5094513930,Nadja Alexandrov,Alexandrov,Nadja,0009-0009-4958-1276,A5094513930,PERSON,NEW_EXTERNAL_IDENTITY,0,0,2,2024,2024
person:openalex:A5095380638,Sara Masutti,Masutti,Sara,0009-0003-1666-1153,A5095380638,PERSON,NEW_EXTERNAL_IDENTITY,0,0,1,2024,2024
person:openalex:A5095855339,Nina Nordtorp Deacon,Deacon,Nina Nordtorp,,A5095855339,PERSON,NEW_EXTERNAL_IDENTITY,0,0,1,2024,2024
person:openalex:A5098980171,Tariro Dee Tunduwani,Tunduwani,Tariro,0009-0004-8073-7068,A5098980171,PERSON,NEW_EXTERNAL_IDENTITY,0,0,1,2026,2026
person:openalex:A5100282181,Ricky Brathwaite,Brathwaite,Ricky,,A5100282181,PERSON,NEW_EXTERNAL_IDENTITY,0,0,1,2025,2025
person:openalex:A5100318622,Dong Dong,Dong,Dong,0000-0001-9784-6472,A5100318622,PERSON,NEW_EXTERNAL_IDENTITY,0,0,4,2022,2025
person:openalex:A5100336376,Long Chen,Chen,Long,0000-0001-9574-7307,A5100336376,PERSON,NEW_EXTERNAL_IDENTITY,0,0,1,2024,2024
person:openalex:A5100357092,Liying Zhang,Zhang,Liying,0000-0002-5882-6070,A5100357092,PERSON,NEW_EXTERNAL_IDENTITY,0,0,2,2023,2025
person:openalex:A5100374778,Xiaodong Liu,Liu,Xiaodong,0000-0002-2592-8310,A5100374778,PERSON,NEW_EXTERNAL_IDENTITY,0,0,1,2023,2023
person:openalex:A5100400360,Yifeng Chen,Chen,Yifeng,0000-0003-1358-3367,A5100400360,PERSON,NEW_EXTERNAL_IDENTITY,0,0,1,2025,2025
person:openalex:A5100402717,Sha Li,Li,Sha,0000-0003-3911-5270,A5100402717,PERSON,NEW_EXTERNAL_IDENTITY,0,0,1,2022,2022
person:openalex:A5100438512,Zhiyuan Chen,Chen,Zhiyuan,0000-0002-4915-1593,A5100438512,PERSON,NEW_EXTERNAL_IDENTITY,0,0,1,2024,2024
person:openalex:A5100439750,Chunyu Zhang,Zhang,Chunyu,0000-0003-1935-6907,A5100439750,PERSON,NEW_EXTERNAL_IDENTITY,0,0,1,2025,2025
person:openalex:A5100591300,Jingzhi Fan,Fan,Jingzhi,,A5100591300,PERSON,NEW_EXTERNAL_IDENTITY,0,0,2,2024,2025
person:openalex:A5100614771,Linda Li,Li,Linda C,0000-0001-6280-0511,A5100614771,PERSON,NEW_EXTERNAL_IDENTITY,0,0,1,2025,2025
person:openalex:A5100628332,Jiaxing Zhang,Zhang,Jiaxing,0000-0002-0178-7007,A5100628332,PERSON,NEW_EXTERNAL_IDENTITY,0,0,1,2025,2025
person:openalex:A5100638957,Jiaying Chen,Chen,Jiaying,0000-0002-8845-5792,A5100638957,PERSON,NEW_EXTERNAL_IDENTITY,0,0,1,2019,2019
person:openalex:A5100693896,Hongchao Li,Li,Hongchao,0000-0001-5151-9724,A5100693896,PERSON,NEW_EXTERNAL_IDENTITY,0,0,1,2015,2015
person:openalex:A5100705700,Yuanyuan Jiang,Jiang,Yuanyuan,0000-0002-8498-1066,A5100705700,PERSON,NEW_EXTERNAL_IDENTITY,0,0,1,2025,2025
person:openalex:A5100706208,Ping Wang,Wang,P,0000-0002-8876-4210,A5100706208,PERSON,NEW_EXTERNAL_IDENTITY,0,0,1,2022,2022
person:openalex:A5100758235,Yilin Zhang,Zhang,Yilin,0000-0002-7059-2553,A5100758235,PERSON,NEW_EXTERNAL_IDENTITY,0,0,1,2025,2025
person:openalex:A5100772105,Wei Wang,Wang,Wei,0000-0002-1718-2758,A5100772105,PERSON,NEW_EXTERNAL_IDENTITY,0,0,1,2021,2021
person:openalex:A5100858517,Zhihong Xiao,Xiao,Zhihong,,A5100858517,PERSON,NEW_EXTERNAL_IDENTITY,0,0,1,2025,2025
person:openalex:A5100953734,Di An,An,Di,0000-0001-6171-7791,A5100953734,PERSON,NEW_EXTERNAL_IDENTITY,0,0,1,2023,2023
person:openalex:A5100972456,CS Yang,Yang,CS,,A5100972456,PERSON,NEW_EXTERNAL_IDENTITY,0,0,1,2026,2026
person:openalex:A5101130443,Junchao Feng,Feng,Junchao,,A5101130443,PERSON,NEW_EXTERNAL_IDENTITY,0,0,1,2025,2025
person:openalex:A5101313577,Y. Lu,Lu,Yanming,0009-0008-6782-4182,A5101313577,PERSON,NEW_EXTERNAL_IDENTITY,0,0,1,2025,2025
person:openalex:A5101404819,Ricardo Ribeiro Alves Fernandes,Fernandes,Ricardo Ribeiro Alves,0000-0002-2197-8724,A5101404819,PERSON,NEW_EXTERNAL_IDENTITY,0,0,1,2022,2022
person:openalex:A5101414164,Jiaer Lin,Lin,Jiaer,0000-0001-9785-1407,A5101414164,PERSON,NEW_EXTERNAL_IDENTITY,0,0,3,2019,2022
person:openalex:A5101424015,Xiaoyan Yang,Yang,Xiaoyan,0000-0003-3483-5658,A5101424015,PERSON,NEW_EXTERNAL_IDENTITY,0,0,1,2025,2025
person:openalex:A5101454822,Da Feng,Feng,Da,0000-0003-4392-760x,A5101454822,PERSON,NEW_EXTERNAL_IDENTITY,0,0,2,2022,2023
person:openalex:A5101498965,Shiqi Chen,Chen,Sikky Shiqi,0000-0002-0537-1762,A5101498965,PERSON,NEW_EXTERNAL_IDENTITY,0,0,1,2021,2021
person:openalex:A5101501282,Azhar Hussain,Hussain,Azhar,0000-0002-5473-1592,A5101501282,PERSON,NEW_EXTERNAL_IDENTITY,0,0,3,2022,2025
person:openalex:A5101588264,Xiumei Ma,Ma,Xiumei,0000-0002-6881-1534,A5101588264,PERSON,NEW_EXTERNAL_IDENTITY,0,0,1,2023,2023
person:openalex:A5101609487,Yanming Lu,Lu,Yanming,0000-0001-5559-2574,A5101609487,PERSON,NEW_EXTERNAL_IDENTITY,0,0,2,2025,2025
person:openalex:A5101640408,Robert Fowler,Fowler,Robert,0000-0002-1002-2989,A5101640408,PERSON,NEW_EXTERNAL_IDENTITY,0,0,1,2022,2022
person:openalex:A5101743284,Shalu Jain,Jain,Shalu,0000-0003-4335-0978,A5101743284,PERSON,NEW_EXTERNAL_IDENTITY,0,0,1,2020,2020
person:openalex:A5101760857,Xiaoyan Liu,Liu,Xiaoyan,0000-0002-4895-663x,A5101760857,PERSON,NEW_EXTERNAL_IDENTITY,0,0,1,2023,2023
person:openalex:A5101813769,Martijn S. Visser,Visser,Martijn S.,0000-0001-7022-7874,A5101813769,PERSON,NEW_EXTERNAL_IDENTITY,0,0,1,2017,2017
person:openalex:A5101821097,Meixuan Li,Li,Meixuan,0000-0001-9373-4086,A5101821097,PERSON,NEW_EXTERNAL_IDENTITY,0,0,1,2025,2025
person:openalex:A5101831479,Ting Zhou,Zhou,Ting,0000-0002-9628-7346,A5101831479,PERSON,NEW_EXTERNAL_IDENTITY,0,0,1,2024,2024
person:openalex:A5101850788,Stephen D. Gill,Gill,Stephen,0000-0001-8722-0572,A5101850788,PERSON,NEW_EXTERNAL_IDENTITY,0,0,1,2024,2024
person:openalex:A5101852224,Jiahe Chen,Chen,Jiahe,0000-0002-4119-4265,A5101852224,PERSON,NEW_EXTERNAL_IDENTITY,0,0,1,2023,2023
person:openalex:A5101878806,Yan Huang,Huang,Yan,0000-0001-7806-5697,A5101878806,PERSON,NEW_EXTERNAL_IDENTITY,0,0,1,2025,2025
person:openalex:A5101883607,Katherine Stevens,Stevens,Katherine,0000-0002-9018-6413,A5101883607,PERSON,NEW_EXTERNAL_IDENTITY,0,0,1,2016,2016
person:openalex:A5101892318,Atul Sharma,Sharma,Atul,0000-0002-7989-3010,A5101892318,PERSON,NEW_EXTERNAL_IDENTITY,0,0,4,2020,2023
person:openalex:A5101894228,Wang Pei,Wang,Pei,0000-0003-3340-352x,A5101894228,PERSON,NEW_EXTERNAL_IDENTITY,0,0,1,2024,2024
person:openalex:A5101897221,Yaqin Li,Li,Yaqin,0009-0002-6616-3657,A5101897221,PERSON,NEW_EXTERNAL_IDENTITY,0,0,1,2025,2025
person:openalex:A5101968333,Sabrina Storgaard Sørensen,Sørensen,Sabrina S.,0000-0002-6048-521x,A5101968333,PERSON,NEW_EXTERNAL_IDENTITY,0,0,3,2021,2025
person:openalex:A5101984063,Judith Edwards,Edwards,Judith,0000-0002-6531-1315,A5101984063,PERSON,NEW_EXTERNAL_IDENTITY,0,0,1,2025,2025
person:openalex:A5102074062,Monica Viegas,Viegas,Monica,,A5102074062,PERSON,NEW_EXTERNAL_IDENTITY,0,0,1,2022,2022
person:openalex:A5102076784,M.H.M. Janssen,Janssen,MF,,A5102076784,PERSON,NEW_EXTERNAL_IDENTITY,0,0,1,2011,2011
person:openalex:A5102131357,Bibhas Roy,Roy,Bibhas,,A5102131357,PERSON,NEW_EXTERNAL_IDENTITY,0,0,1,2016,2016
person:openalex:A5102432342,Wendy WL Chan,Chan,Wendy WL,,A5102432342,PERSON,NEW_EXTERNAL_IDENTITY,0,0,1,2023,2023
person:openalex:A5102623414,Shakib Rahman,Rahman,Shakib,,A5102623414,PERSON,NEW_EXTERNAL_IDENTITY,0,0,2,2024,2025
person:openalex:A5102640242,Haijing Guan,Guan,Haijing,,A5102640242,PERSON,NEW_EXTERNAL_IDENTITY,0,0,2,2015,2017
person:openalex:A5102712579,Saniya Saleem,Saleem,Saniya,0000-0001-9045-0539,A5102712579,PERSON,NEW_EXTERNAL_IDENTITY,0,0,1,2022,2022
person:openalex:A5102760533,Whay Kuang Chia,Chia,Whay Kuang,0000-0003-4198-9831,A5102760533,PERSON,NEW_EXTERNAL_IDENTITY,0,0,1,2017,2017
person:openalex:A5102780130,Mingxia Jing,Jing,Mingxia,0000-0001-7928-1260,A5102780130,PERSON,NEW_EXTERNAL_IDENTITY,0,0,1,2022,2022
person:openalex:A5102830952,Xinyi Song,Song,Xinyi,0000-0003-1741-4747,A5102830952,PERSON,NEW_EXTERNAL_IDENTITY,0,0,1,2025,2025
person:openalex:A5102868937,Raymond Ng,Ng,Raymond,0000-0001-9651-234x,A5102868937,PERSON,NEW_EXTERNAL_IDENTITY,0,0,1,2017,2017
person:openalex:A5102876935,Takashi Fukuda,Fukuda,Takashi,0000-0002-4601-0955,A5102876935,PERSON,NEW_EXTERNAL_IDENTITY,0,0,2,2016,2021
person:openalex:A5102901545,Muhammad Arifin,Arifin,Muhammad,0000-0003-2529-9371,A5102901545,PERSON,NEW_EXTERNAL_IDENTITY,0,0,2,2017,2017
person:openalex:A5102906407,Rhiannon Tudor Edwards,Edwards,Rhiannon Tudor,0000-0003-4748-5730,A5102906407,PERSON,NEW_EXTERNAL_IDENTITY,0,0,1,2021,2021
person:openalex:A5103048206,Sangjin Shin,Shin,Sangjin,0000-0001-5383-8614,A5103048206,PERSON,NEW_EXTERNAL_IDENTITY,0,0,1,2016,2016
person:openalex:A5103062061,Jooyeon Park,Park,Jooyeon,0000-0002-1391-160x,A5103062061,PERSON,NEW_EXTERNAL_IDENTITY,0,0,1,2016,2016
person:openalex:A5103082005,Shinya Saito,Saito,Shinya,0000-0002-1220-1630,A5103082005,PERSON,NEW_EXTERNAL_IDENTITY,0,0,1,2016,2016
person:openalex:A5103125825,Peter Lacy,Lacy,Peter S,0000-0002-5916-6465,A5103125825,PERSON,NEW_EXTERNAL_IDENTITY,0,0,1,2022,2022
person:openalex:A5103185016,Xiaoyu Xi,Xi,Xiaoyu,0000-0003-4509-1308,A5103185016,PERSON,NEW_EXTERNAL_IDENTITY,0,0,2,2022,2023
person:openalex:A5103198029,Star Pala,Pala,Star,0000-0001-5677-0555,A5103198029,PERSON,NEW_EXTERNAL_IDENTITY,0,0,1,2020,2020
person:openalex:A5103219361,Bin Wu,Wu,Bin,0000-0002-8314-8259,A5103219361,PERSON,NEW_EXTERNAL_IDENTITY,0,0,6,2021,2025
person:openalex:A5103360461,John A. Romley,Romley,John A.,,A5103360461,PERSON,NEW_EXTERNAL_IDENTITY,0,0,1,2025,2025
person:openalex:A5103370973,Faridah Yusof,Yusof,Faridah Aryani Md,,A5103370973,PERSON,NEW_EXTERNAL_IDENTITY,0,0,1,2019,2019
person:openalex:A5103487818,AS Pickard,Pickard,AS,,A5103487818,PERSON,NEW_EXTERNAL_IDENTITY,0,0,2,2020,2026
person:openalex:A5103532887,Ivone Maria Ribeiro,Ribeiro,Ivone,,A5103532887,PERSON,NEW_EXTERNAL_IDENTITY,0,0,1,2023,2023
person:openalex:A5103536409,Anne Goh,Goh,Anne,,A5103536409,PERSON,NEW_EXTERNAL_IDENTITY,0,0,3,2025,2025
person:openalex:A5103861907,Chandra Thomas,Thomas,Chandra,,A5103861907,PERSON,NEW_EXTERNAL_IDENTITY,0,0,1,2020,2020
person:openalex:A5103896990,Annie Wai-Ling Cheung,Cheung,Annie Wai-Ling,,A5103896990,PERSON,NEW_EXTERNAL_IDENTITY,0,0,5,2017,2026
person:openalex:A5103963171,Rachel Jordan,Jordan,Rachel,0000-0002-0747-6883,A5103963171,PERSON,NEW_EXTERNAL_IDENTITY,0,0,1,2021,2021
person:openalex:A5104089157,Emily Tsui Yee Tse,Tse,Emily Tsui Yee,,A5104089157,PERSON,NEW_EXTERNAL_IDENTITY,0,0,2,2021,2022
person:openalex:A5104101107,D'Arcy Durand,Durand,D'Arcy,,A5104101107,PERSON,NEW_EXTERNAL_IDENTITY,0,0,2,2022,2023
person:openalex:A5104134946,Kathe Holmes,Holmes,Kathe,,A5104134946,PERSON,NEW_EXTERNAL_IDENTITY,0,0,2,2025,2026
person:openalex:A5104341825,Jingning Wang,Wang,Jingning,,A5104341825,PERSON,NEW_EXTERNAL_IDENTITY,0,0,1,2025,2025
person:openalex:A5106693152,Ludwig Kristina,Kristina,Ludwig,,A5106693152,PERSON,NEW_EXTERNAL_IDENTITY,0,0,1,2021,2021
person:openalex:A5106693153,Rupel Valentina,Valentina,Rupel,,A5106693153,PERSON,NEW_EXTERNAL_IDENTITY,0,0,1,2021,2021
person:openalex:A5107214187,Amy Barrat,Barrat,Amy,,A5107214187,PERSON,NEW_EXTERNAL_IDENTITY,0,0,1,2016,2016
person:openalex:A5107226688,Jaheeda Gangannagaripalli,Gangannagaripalli,Jaheeda,0000-0003-1375-9406,A5107226688,PERSON,NEW_EXTERNAL_IDENTITY,0,0,1,2016,2016
person:openalex:A5107426591,Peter Lee,Lee,Peter,0000-0001-7059-1959,A5107426591,PERSON,NEW_EXTERNAL_IDENTITY,0,0,2,2023,2024
person:openalex:A5107691502,Zachary D V Abel,Abel,Zachary D V,,A5107691502,PERSON,NEW_EXTERNAL_IDENTITY,0,0,1,2025,2025
person:openalex:A5107858079,Alastair Gray,Gray,Alastair,0000-0003-1460-8327,A5107858079,PERSON,NEW_EXTERNAL_IDENTITY,0,0,1,2016,2016
person:openalex:A5107867567,Lisa A. Prosser,Prosser,Lisa A,,A5107867567,PERSON,NEW_EXTERNAL_IDENTITY,0,0,1,2023,2023
person:openalex:A5107880310,Kevan R. Polkinghorne,Polkinghorne,Kevan R,,A5107880310,PERSON,NEW_EXTERNAL_IDENTITY,0,0,1,2024,2024
person:openalex:A5107938197,Allison Jauré,Jaure,Allison,,A5107938197,PERSON,NEW_EXTERNAL_IDENTITY,0,0,1,2024,2024
person:openalex:A5108017545,Riski Muhaimin,Muhaimin,Riski,0000-0001-6699-6072,A5108017545,PERSON,NEW_EXTERNAL_IDENTITY,0,0,1,2021,2021
person:openalex:A5108286749,Kreimeier Simone,Simone,Kreimeier,,A5108286749,PERSON,NEW_EXTERNAL_IDENTITY,0,0,1,2021,2021
person:openalex:A5108332679,Manoj Chevli,Chevli,Manoj,,A5108332679,PERSON,NEW_EXTERNAL_IDENTITY,0,0,1,2023,2023
person:openalex:A5108412766,LM Goossens,Goossens,LM,,A5108412766,PERSON,NEW_EXTERNAL_IDENTITY,0,0,1,2016,2016
person:openalex:A5108522350,Angela Coulter,Coulter,Angela,0000-0002-6308-8375,A5108522350,PERSON,NEW_EXTERNAL_IDENTITY,0,0,1,2016,2016
person:openalex:A5108548646,Anum Shaikh,Shaikh,Anum,,A5108548646,PERSON,NEW_EXTERNAL_IDENTITY,0,0,1,2023,2023
person:openalex:A5108550041,Kathy Gaebel,Gaebel,Kathy,,A5108550041,PERSON,NEW_EXTERNAL_IDENTITY,0,0,2,2016,2016
person:openalex:A5108557660,Adele Berry,Berry,Adele,,A5108557660,PERSON,NEW_EXTERNAL_IDENTITY,0,0,1,2025,2025
person:openalex:A5108613761,Crispin Jenkinson,Jenkinson,Crispin,,A5108613761,PERSON,NEW_EXTERNAL_IDENTITY,0,0,1,2016,2016
person:openalex:A5108646671,Justice Nonvignon,Nonvignon,Justice,,A5108646671,PERSON,NEW_EXTERNAL_IDENTITY,0,0,3,2024,2024
person:openalex:A5108684949,M. A. de Jongh,de Jongh,M A,,A5108684949,PERSON,NEW_EXTERNAL_IDENTITY,0,0,1,2019,2019
person:openalex:A5108691662,Bohao Chen,Chen,Bohao,,A5108691662,PERSON,NEW_EXTERNAL_IDENTITY,0,0,1,2021,2021
person:openalex:A5108706717,R Byrom-Goulthorp,Byrom-Goulthorp,R,,A5108706717,PERSON,NEW_EXTERNAL_IDENTITY,0,0,1,2021,2021
person:openalex:A5108712913,Al‐Bakir Ali,Ali,Al‐Bakir,,A5108712913,PERSON,NEW_EXTERNAL_IDENTITY,0,0,1,2024,2024
person:openalex:A5108735143,Marilyn Arias,Arias,Marilyn,,A5108735143,PERSON,NEW_EXTERNAL_IDENTITY,0,0,1,2021,2021
person:openalex:A5108782007,J. T. Drost,Drost,J. T.,,A5108782007,PERSON,NEW_EXTERNAL_IDENTITY,0,0,1,2021,2021
person:openalex:A5108789427,New Devlin,Devlin,New,,A5108789427,PERSON,NEW_EXTERNAL_IDENTITY,0,0,1,2018,2018
person:openalex:A5108810048,Eugenia‐Lucia Saldarriaga,Saldarriaga,Eugenia-Lucia,,A5108810048,PERSON,NEW_EXTERNAL_IDENTITY,0,0,1,2022,2022
person:openalex:A5109150298,Annette Sauer,Sauer,Annette,,A5109150298,PERSON,NEW_EXTERNAL_IDENTITY,0,0,1,2020,2020
person:openalex:A5109216859,Marcelo Morales,Morales,Marcelo,,A5109216859,PERSON,NEW_EXTERNAL_IDENTITY,0,0,1,2015,2015
person:openalex:A5109325922,JC Johnson,Johnson,JC,,A5109325922,PERSON,NEW_EXTERNAL_IDENTITY,0,0,1,2017,2017
person:openalex:A5109331936,Anna Melissa Guerrero,Guerrero,Anna Melissa,,A5109331936,PERSON,NEW_EXTERNAL_IDENTITY,0,0,1,2022,2022
person:openalex:A5109354602,Jürgen vom Dahl,Dahl,Jürgen vom,,A5109354602,PERSON,NEW_EXTERNAL_IDENTITY,0,0,1,2021,2021
person:openalex:A5109393543,Andrea Bateman,Bateman,Andrea,,A5109393543,PERSON,NEW_EXTERNAL_IDENTITY,0,0,1,2018,2018
person:openalex:A5109531672,Walther Hermans,Hermans,Walther,,A5109531672,PERSON,NEW_EXTERNAL_IDENTITY,0,0,1,2021,2021
person:openalex:A5109558343,Bea Hemmen,Hemmen,Bea,0000-0003-3066-3254,A5109558343,PERSON,NEW_EXTERNAL_IDENTITY,0,0,2,2025,2025
person:openalex:A5109576149,Kimberley Lewis,Lewis,Kimberley A,0000-0001-6610-3369,A5109576149,PERSON,NEW_EXTERNAL_IDENTITY,0,0,1,2022,2022
person:openalex:A5109577856,Diana Díaz-Jiménez,Diaz-Jiménez,Diana,,A5109577856,PERSON,NEW_EXTERNAL_IDENTITY,0,0,1,2022,2022
person:openalex:A5109630235,Matrix MH Fung,Fung,Matrix MH,,A5109630235,PERSON,NEW_EXTERNAL_IDENTITY,0,0,1,2023,2023
person:openalex:A5109638956,Juliette Auger,Auger,Juliette,,A5109638956,PERSON,NEW_EXTERNAL_IDENTITY,0,0,1,2023,2023
person:openalex:A5109703181,Michelle Hidalgo De La Cruz,Cruz,Michelle Hidalgo De La,,A5109703181,PERSON,NEW_EXTERNAL_IDENTITY,0,0,1,2025,2025
person:openalex:A5109704411,Michał Chyrchel,Chyrchel,Michał,,A5109704411,PERSON,NEW_EXTERNAL_IDENTITY,0,0,1,2021,2021
person:openalex:A5109953779,Marilyn Parker,Parker,Marilyn,,A5109953779,PERSON,NEW_EXTERNAL_IDENTITY,0,0,2,2025,2025
person:openalex:A5109992938,Kathryn Gaebel,Gaebel,Kathryn,,A5109992938,PERSON,NEW_EXTERNAL_IDENTITY,0,0,3,2013,2015
person:openalex:A5109993030,K. S. Ravichandran,Ravichandran,K. S.,0000-0002-2040-3654,A5109993030,PERSON,NEW_EXTERNAL_IDENTITY,0,0,1,2025,2025
person:openalex:A5110032434,Jeroen Schaap,Schaap,Jeroen,,A5110032434,PERSON,NEW_EXTERNAL_IDENTITY,0,0,1,2021,2021
person:openalex:A5110068367,Churn‐Shiouh Gau,Gau,Churn-Shiouh,,A5110068367,PERSON,NEW_EXTERNAL_IDENTITY,0,0,1,2018,2018
person:openalex:A5110180996,J. Jason Lundy,Lundy,J Jason,,A5110180996,PERSON,NEW_EXTERNAL_IDENTITY,0,0,1,2020,2020
person:openalex:A5110249394,Arif Iskandar,Iskandar,Audrey,0009-0007-6400-507x,A5110249394,PERSON,NEW_EXTERNAL_IDENTITY,0,0,2,2024,2025
person:openalex:A5110449932,Alex Gilbert,Gilbert,Alex,,A5110449932,PERSON,NEW_EXTERNAL_IDENTITY,0,0,1,2016,2016
person:openalex:A5110454592,MR Boland,Boland,MR,,A5110454592,PERSON,NEW_EXTERNAL_IDENTITY,0,0,1,2016,2016
person:openalex:A5110491106,N C Lea,Lea,N C,,A5110491106,PERSON,NEW_EXTERNAL_IDENTITY,0,0,1,2021,2021
person:openalex:A5110699463,Francy-Milena Cuervo,Cuervo,Francy-Milena,,A5110699463,PERSON,NEW_EXTERNAL_IDENTITY,0,0,1,2022,2022
person:openalex:A5110852698,N. Y. Y. Al-Windy,Al-Windy,N. Y. Y.,,A5110852698,PERSON,NEW_EXTERNAL_IDENTITY,0,0,1,2021,2021
person:openalex:A5110901264,Geert Frederix,Frederix,Geert W J,,A5110901264,PERSON,NEW_EXTERNAL_IDENTITY,0,0,1,2024,2024
person:openalex:A5111023994,Alex HY Suen,Suen,Alex HY,,A5111023994,PERSON,NEW_EXTERNAL_IDENTITY,0,0,1,2023,2023
person:openalex:A5111078626,Primrose Shabangu,Shabangu,Primrose,,A5111078626,PERSON,NEW_EXTERNAL_IDENTITY,0,0,1,2023,2023
person:openalex:A5111188223,Mohamed Farghaly,Farghaly,Mohamed,,A5111188223,PERSON,NEW_EXTERNAL_IDENTITY,0,0,1,2025,2025
person:openalex:A5111241643,Aarti Goyal,Goyal,Aarti,,A5111241643,PERSON,NEW_EXTERNAL_IDENTITY,0,0,4,2022,2023
person:openalex:A5111246879,Caique Melo Espirito Santo,Espirito Santo,Caique Melo,,A5111246879,PERSON,NEW_EXTERNAL_IDENTITY,0,0,1,2024,2024
person:openalex:A5111502485,Gillian Riordan,Riordan,Gillian,0000-0003-2698-9948,A5111502485,PERSON,NEW_EXTERNAL_IDENTITY,0,0,1,2025,2025
person:openalex:A5111744360,Marcianna Nosek,Nosek,Marcianna,0000-0001-5374-5100,A5111744360,PERSON,NEW_EXTERNAL_IDENTITY,0,0,4,2021,2025
person:openalex:A5111781043,Ae‐Ran Kim,Kim,Ae-Ran,,A5111781043,PERSON,NEW_EXTERNAL_IDENTITY,0,0,1,2023,2023
person:openalex:A5111788632,Rosemary Lovett,Lovett,Rosemary,,A5111788632,PERSON,NEW_EXTERNAL_IDENTITY,0,0,2,2021,2022
person:openalex:A5111900822,Andrew Briggs,Briggs,Andrew,,A5111900822,PERSON,NEW_EXTERNAL_IDENTITY,0,0,2,2024,2025
person:openalex:A5112063284,Agung Budi Sutiono,Sutiono,Agung Budi,,A5112063284,PERSON,NEW_EXTERNAL_IDENTITY,0,0,2,2017,2017
person:openalex:A5112221269,Alex Labeit,Labeit,Alex,,A5112221269,PERSON,NEW_EXTERNAL_IDENTITY,0,0,1,2016,2016
person:openalex:A5112221270,Ruth Howells,Howells,Ruth,,A5112221270,PERSON,NEW_EXTERNAL_IDENTITY,0,0,1,2016,2016
person:openalex:A5112243484,Kavita Bhojwani,Bhojwani,Kavita,,A5112243484,PERSON,NEW_EXTERNAL_IDENTITY,0,0,1,2022,2022
person:openalex:A5112253167,Gill Riordan,Riordan,Gill,,A5112253167,PERSON,NEW_EXTERNAL_IDENTITY,0,0,1,2026,2026
person:openalex:A5112301724,Aafke M H Koning,Koning,Aafke M H,,A5112301724,PERSON,NEW_EXTERNAL_IDENTITY,0,0,1,2021,2021
person:openalex:A5112390873,Anna Selivanova,Selivanova,Anna,0000-0001-9125-1697,A5112390873,PERSON,NEW_EXTERNAL_IDENTITY,0,0,3,2018,2018
person:openalex:A5112406075,Chia-Ing Li,Li,Chia-Ing,,A5112406075,PERSON,NEW_EXTERNAL_IDENTITY,0,0,1,2018,2018
person:openalex:A5112493707,H.‐H. König,König,H H,,A5112493707,PERSON,NEW_EXTERNAL_IDENTITY,0,0,1,2018,2018
person:openalex:A5112554918,José-Ignacio Angarita,Angarita,José-Ignacio,,A5112554918,PERSON,NEW_EXTERNAL_IDENTITY,0,0,1,2022,2022
person:openalex:A5112697096,Alvin Ndondo,Ndondo,Alvin,,A5112697096,PERSON,NEW_EXTERNAL_IDENTITY,0,0,2,2025,2026
person:openalex:A5112720857,R. G. Tieleman,Tieleman,R. G.,,A5112720857,PERSON,NEW_EXTERNAL_IDENTITY,0,0,1,2021,2021
person:openalex:A5112720858,C Degenhardt,Degenhardt,C,,A5112720858,PERSON,NEW_EXTERNAL_IDENTITY,0,0,1,2021,2021
person:openalex:A5112728116,Pallavi Aytha Swathi,Swathi,Pallavi Aytha,,A5112728116,PERSON,NEW_EXTERNAL_IDENTITY,0,0,3,2021,2023
person:openalex:A5112901636,Niklas Weber,Weber,Niklas,,A5112901636,PERSON,NEW_EXTERNAL_IDENTITY,0,0,6,2023,2024
person:openalex:A5113131774,David GT Whitehirst,Whitehirst,David GT,,A5113131774,PERSON,NEW_EXTERNAL_IDENTITY,0,0,1,2024,2024
person:openalex:A5113523761,Pedro Serrano‐Aguilar,Serrano-Aguilar,Pedro,,A5113523761,PERSON,NEW_EXTERNAL_IDENTITY,0,0,3,2022,2023
person:openalex:A5113535557,Joke A. M. Hunfeld,Hunfeld,Joke A. M.,,A5113535557,PERSON,NEW_EXTERNAL_IDENTITY,0,0,5,2017,2018
person:openalex:A5113543629,Frank Stam,Stam,Frank,,A5113543629,PERSON,NEW_EXTERNAL_IDENTITY,0,0,1,2025,2025
person:openalex:A5113566905,H. G. R. Dorman,Dorman,H. G. R.,,A5113566905,PERSON,NEW_EXTERNAL_IDENTITY,0,0,1,2021,2021
person:openalex:A5113680561,Madeline Sheun Ling Ho,Ho,Madeline Sheun Ling,,A5113680561,PERSON,NEW_EXTERNAL_IDENTITY,0,0,2,2025,2025
person:openalex:A5113772277,B. Bussel,Bussel,B.,,A5113772277,PERSON,NEW_EXTERNAL_IDENTITY,0,0,1,2026,2026
person:openalex:A5113786881,Julian Forder,Forder,Julian,,A5113786881,PERSON,NEW_EXTERNAL_IDENTITY,0,0,1,2016,2016
person:openalex:A5113811999,Carlos Enrique Sarmiento Pinzón,Pinzón,Carlos E.,,A5113811999,PERSON,NEW_EXTERNAL_IDENTITY,0,0,1,2022,2022
person:openalex:A5113838546,Mohammed Nasir Sambo,Sambo,Mohammed Nasir,,A5113838546,PERSON,NEW_EXTERNAL_IDENTITY,0,0,1,2026,2026
person:openalex:A5113842613,Derek Tang,Tang,Derek,,A5113842613,PERSON,NEW_EXTERNAL_IDENTITY,0,0,1,2023,2023
person:openalex:A5113847032,Chao-Hsiun Tang,Tang,Chao-Hsiun,,A5113847032,PERSON,NEW_EXTERNAL_IDENTITY,0,0,1,2018,2018
person:openalex:A5114016465,Lizzie Coates,Coates,Lizzie,,A5114016465,PERSON,NEW_EXTERNAL_IDENTITY,0,0,1,2022,2022
person:openalex:A5114066396,Barend van Hout,van Hout,Barend,,A5114066396,PERSON,NEW_EXTERNAL_IDENTITY,0,0,1,2023,2023
person:openalex:A5114080085,Taryn Gray,Gray,Taryn,,A5114080085,PERSON,NEW_EXTERNAL_IDENTITY,0,0,1,2023,2023
person:openalex:A5114202758,Yue Sun,Sun,Yue,,A5114202758,PERSON,NEW_EXTERNAL_IDENTITY,0,0,2,2021,2025
person:openalex:A5114345756,Laura Lüdtke,Lüdtke,Laura,,A5114345756,PERSON,NEW_EXTERNAL_IDENTITY,0,0,1,2026,2026
person:openalex:A5114375373,Robin Turner,Turner,Robin,0000-0002-8540-7365,A5114375373,PERSON,NEW_EXTERNAL_IDENTITY,0,0,3,2021,2025
person:openalex:A5114377803,Lajos V. Kemény,Kemény,Lajos V,0000-0002-8233-1844,A5114377803,PERSON,NEW_EXTERNAL_IDENTITY,0,0,1,2026,2026
person:openalex:A5114446056,J. Kirschgesner,Kirschgesner,J,,A5114446056,PERSON,NEW_EXTERNAL_IDENTITY,0,0,1,2025,2025
person:openalex:A5114833165,LI Ming-hui,Ming-hui,LI,0000-0003-4750-0435,A5114833165,PERSON,NEW_EXTERNAL_IDENTITY,0,0,1,2017,2017
person:openalex:A5114910033,Ulf Persson,Persson,Ulf,0000-0002-1070-6475,A5114910033,PERSON,NEW_EXTERNAL_IDENTITY,0,0,2,2021,2023
person:openalex:A5115541625,Lauren Hockley,Hockley,Lauren,,A5115541625,PERSON,NEW_EXTERNAL_IDENTITY,0,0,1,2024,2024
person:openalex:A5115594934,Zhenyan Bo,Bo,Zhenyan,,A5115594934,PERSON,NEW_EXTERNAL_IDENTITY,0,0,1,2025,2025
person:openalex:A5115602051,Yang Wang,Wang,Yang,0000-0002-3651-7517,A5115602051,PERSON,NEW_EXTERNAL_IDENTITY,0,0,1,2024,2024
person:openalex:A5115779681,Shalom R. Doyce,Doyce,Shalom R,0009-0006-7593-3253,A5115779681,PERSON,NEW_EXTERNAL_IDENTITY,0,0,1,2026,2026
person:openalex:A5115801236,Adwoa Amoakoa Essel,Essel,Adwoa Amoakoa,,A5115801236,PERSON,NEW_EXTERNAL_IDENTITY,0,0,1,2024,2024
person:openalex:A5115801237,Akosua Adjeiwa Affram,Affram,Akosua Adjeiwa,,A5115801237,PERSON,NEW_EXTERNAL_IDENTITY,0,0,1,2024,2024
person:openalex:A5116048522,Asma Al Mannaei,Mannaei,Asma Al,,A5116048522,PERSON,NEW_EXTERNAL_IDENTITY,0,0,1,2025,2025
person:openalex:A5116048523,Rima Kaddoura,Kaddoura,Rima,,A5116048523,PERSON,NEW_EXTERNAL_IDENTITY,0,0,1,2025,2025
person:openalex:A5116077407,Tim Dings,Dings,Tim,0009-0002-7286-4863,A5116077407,PERSON,NEW_EXTERNAL_IDENTITY,0,0,1,2025,2025
person:openalex:A5117088147,Clara Wülfing,Wülfing,Clara,,A5117088147,PERSON,NEW_EXTERNAL_IDENTITY,0,0,2,2025,2025
person:openalex:A5117113297,Putu Getsha Pradnyan Rarasati Mudita,Mudita,Putu Getsha Pradnyan Rarasati,,A5117113297,PERSON,NEW_EXTERNAL_IDENTITY,0,0,1,2025,2025
person:openalex:A5117121468,Yasmin Brasileiro de Souza,Souza,Yasmin Brasileiro de,0009-0009-2934-8362,A5117121468,PERSON,NEW_EXTERNAL_IDENTITY,0,0,1,2025,2025
person:openalex:A5117455132,Johann Saavaste,Saavaste,Johann,,A5117455132,PERSON,NEW_EXTERNAL_IDENTITY,0,0,1,2026,2026
person:openalex:A5117618941,Emelita Naval Montaniel,Montaniel,Emelita Naval,,A5117618941,PERSON,NEW_EXTERNAL_IDENTITY,0,0,1,2025,2025
person:openalex:A5117669011,Bas L J H Kietelaer,Kietelaer,Bas L J H,,A5117669011,PERSON,NEW_EXTERNAL_IDENTITY,0,0,1,2025,2025
person:openalex:A5117715736,Elena J. Zhou,Zhou,Elena J,,A5117715736,PERSON,NEW_EXTERNAL_IDENTITY,0,0,1,2025,2025
person:openalex:A5117785012,Kirsten Pini,Pini,Kirsten,,A5117785012,PERSON,NEW_EXTERNAL_IDENTITY,0,0,1,2025,2025
person:openalex:A5117785013,Einat Martonovich-Lantsberg,Martonovich-Lantsberg,Einat,,A5117785013,PERSON,NEW_EXTERNAL_IDENTITY,0,0,1,2025,2025
person:openalex:A5118390306,Bai Guannan,Guannan,Bai,,A5118390306,PERSON,NEW_EXTERNAL_IDENTITY,0,0,1,2025,2025
person:openalex:A5119226196,Mark Jean Aan Koh,Koh,Mark Jean Aan,,A5119226196,PERSON,NEW_EXTERNAL_IDENTITY,0,0,2,2025,2025
person:openalex:A5119599136,Bradely Sugden,Sugden,Bradley,,A5119599136,PERSON,NEW_EXTERNAL_IDENTITY,0,0,1,2025,2025
person:openalex:A5119658150,Angel Ruhil,Ruhil,Angel,,A5119658150,PERSON,NEW_EXTERNAL_IDENTITY,0,0,1,2026,2026
person:openalex:A5120302897,Vanessa R von Doellinger,Doellinger,Vanessa R von,,A5120302897,PERSON,NEW_EXTERNAL_IDENTITY,0,0,1,2025,2025
person:openalex:A5121696547,Brandon A. Kohrt,Kohrt,Brandon A,,A5121696547,PERSON,NEW_EXTERNAL_IDENTITY,0,0,1,2026,2026
person:openalex:A5121985055,Z M Yang,Yang,Zhihao,,A5121985055,PERSON,NEW_EXTERNAL_IDENTITY,0,0,1,2026,2026
person:openalex:A5122353169,S. Schieskow,Schieskow,S.,,A5122353169,PERSON,NEW_EXTERNAL_IDENTITY,0,0,1,2026,2026
person:openalex:A5122377113,B. M. Morrow,Morrow,B. M.,0000-0001-5193-918x,A5122377113,PERSON,NEW_EXTERNAL_IDENTITY,0,0,2,2026,2026
person:openalex:A5122380022,E. Bidgood,Bidgood,E.,,A5122380022,PERSON,NEW_EXTERNAL_IDENTITY,0,0,2,2026,2026
person:openalex:A5122382176,J. Jelsma,Jelsma,J.,,A5122382176,PERSON,NEW_EXTERNAL_IDENTITY,0,0,1,2026,2026
person:openalex:A5122901134,Mulhern Brendan,Brendan,Mulhern,,A5122901134,PERSON,NEW_EXTERNAL_IDENTITY,0,0,1,2026,2026
person:openalex:A5122911844,Bastiaan T. Rutjens,Rutjens,Bastiaan,,A5122911844,PERSON,NEW_EXTERNAL_IDENTITY,0,0,1,2026,2026
person:openalex:A5122994150,Xuemin Zhu,Zhu,Xuemin,,A5122994150,PERSON,NEW_EXTERNAL_IDENTITY,0,0,1,2026,2026
person:openalex:A5123008028,Clara Gaff,Gaff,Clara,,A5123008028,PERSON,NEW_EXTERNAL_IDENTITY,0,0,1,2026,2026
person:openalex:A5123050342,Clare Stuart,Stuart,Clare,,A5123050342,PERSON,NEW_EXTERNAL_IDENTITY,0,0,1,2026,2026
person:openalex:A5123188413,Chenxi Yang,Yang,Chenxi,,A5123188413,PERSON,NEW_EXTERNAL_IDENTITY,0,0,4,2025,2026
person:openalex:A5124834594,Zhirui Guo,Guo,Zhirui,,A5124834594,PERSON,NEW_EXTERNAL_IDENTITY,0,0,1,2026,2026
person:openalex:A5125700763,Fatma S. E. Ebeid,Ebeid,Fatma S. E.,,A5125700763,PERSON,NEW_EXTERNAL_IDENTITY,0,0,1,2026,2026
person:openalex:A5125757955,Manar G. Elgaar,Elgaar,Manar G.,,A5125757955,PERSON,NEW_EXTERNAL_IDENTITY,0,0,1,2026,2026
person:openalex:A5128564221,Karen Wills,Wills,Karen,0000-0003-3897-2908,A5128564221,PERSON,NEW_EXTERNAL_IDENTITY,0,0,1,2026,2026
person:openalex:A5128706397,Richard H. Xu,Xu,Richard H.,,A5128706397,PERSON,NEW_EXTERNAL_IDENTITY,0,0,1,2026,2026
person:openalex:A5128814326,Bas L.J.H. Kietselaer,Kietselaer,Bas L.J.H.,,A5128814326,PERSON,NEW_EXTERNAL_IDENTITY,0,0,1,2026,2026
person:openalex:A5129360275,Jianjun Xiang,Xiang,Jianjun,,A5129360275,PERSON,NEW_EXTERNAL_IDENTITY,0,0,1,2026,2026
person:openalex:A5130590408,Katherine Chen,Chen,Katherine,,A5130590408,PERSON,NEW_EXTERNAL_IDENTITY,0,0,1,2026,2026
person:openalex:A5130602985,Mary White,White,Mary,,A5130602985,PERSON,NEW_EXTERNAL_IDENTITY,0,0,1,2026,2026
person:openalex:A5132635414,Sneha Kannan,Kannan,Sneha,,A5132635414,PERSON,NEW_EXTERNAL_IDENTITY,0,0,1,2026,2026
person:openalex:A5132638343,M. F. Bas Janssen,Janssen,M F Bas,,A5132638343,PERSON,NEW_EXTERNAL_IDENTITY,0,0,2,2026,2026
person:openalex:A5132667409,Xun Li,Li,Xun,,A5132667409,PERSON,NEW_EXTERNAL_IDENTITY,0,0,1,2026,2026
person:openalex:A5132705166,Margo Bryan,Bryan,Margo,,A5132705166,PERSON,NEW_EXTERNAL_IDENTITY,0,0,1,2026,2026
person:openalex:A5133170521,Valeriia Sokolova,Sokolova,Valeriia,,A5133170521,PERSON,NEW_EXTERNAL_IDENTITY,0,0,1,2026,2026
person:openalex:A5133461271,Yixuan Ma,Ma,Yixuan,,A5133461271,PERSON,NEW_EXTERNAL_IDENTITY,0,0,1,2026,2026
person:openalex:A5135734535,Marco Spruit,Spruit,Marco,,A5135734535,PERSON,NEW_EXTERNAL_IDENTITY,0,0,1,2026,2026
person:openalex:A5136357674,L Cheng,Cheng,L,,A5136357674,PERSON,NEW_EXTERNAL_IDENTITY,0,0,2,2024,2026
person:openalex:A5137522062,POPQOL Africa Advisory,Advisory,POPQOL Africa,,A5137522062,PERSON,NEW_EXTERNAL_IDENTITY,0,0,1,2026,2026
person:openalex:A5137522683,Ian Neethling,Neethling,Ian,,A5137522683,PERSON,NEW_EXTERNAL_IDENTITY,0,0,1,2026,2026
person:openalex:A5137597389,Eyayaw Ashete Belachew,Belachew,Eyayaw Ashete,,A5137597389,PERSON,NEW_EXTERNAL_IDENTITY,0,0,1,2026,2026
person:openalex:A5137930146,Justin Yu,Yu,Justin,,A5137930146,PERSON,NEW_EXTERNAL_IDENTITY,0,0,1,2026,2026
person:openalex:A5138142464,Joëlle Eijkens,Eijkens,Joëlle,,A5138142464,PERSON,NEW_EXTERNAL_IDENTITY,0,0,1,2026,2026
person:openalex:A5138654137,Bello Usman Ardo,Ardo,Bello Usman,,A5138654137,PERSON,NEW_EXTERNAL_IDENTITY,0,0,1,2026,2026
person:openalex:A5140595261,Žan Luka Lavriha,Lavriha,Žan Luka,,A5140595261,PERSON,NEW_EXTERNAL_IDENTITY,0,0,1,2026,2026
person:openalex:A5140735103,Mathieu F. (Bas) Janssen,Janssen,Mathieu F. (Bas),,A5140735103,PERSON,NEW_EXTERNAL_IDENTITY,0,0,1,2026,2026
person:openalex:A5141113544,Mathieu F. Jansen,Jansen,Mathieu F.,,A5141113544,PERSON,NEW_EXTERNAL_IDENTITY,0,0,1,2026,2026
person:openalex:A5141117849,M.Elske van den Akker-van Marle,Marle,M.Elske van den Akker-van,,A5141117849,PERSON,NEW_EXTERNAL_IDENTITY,0,0,1,2026,2026
person:openalex:A5141129796,Jan M. Heijdra Suasnabar,Suasnabar,Jan M. Heijdra,,A5141129796,PERSON,NEW_EXTERNAL_IDENTITY,0,0,1,2026,2026
person:orcid:0000-0001-6840-4851,Diederik H. R. Kempen,Kempen,Diederik H R,0000-0001-6840-4851,,PERSON,NEW_EXTERNAL_IDENTITY,0,0,1,2025,2025
person:orcid:0000-0002-6052-8443,Sian Hodgson,Hodgson,Sian,0000-0002-6052-8443,,PERSON,NEW_EXTERNAL_IDENTITY,0,0,1,2025,2025
person:orcid:0000-0002-6095-2295,Valentin Brodszky,Brodszky,Valentin,0000-0002-6095-2295,,PERSON,NEW_EXTERNAL_IDENTITY,0,0,4,2016,2023
person:orcid:0000-0002-6817-6454,Gábor Ruzsa,Ruzsa,Gábor,0000-0002-6817-6454,,PERSON,NEW_EXTERNAL_IDENTITY,0,0,2,2020,2022
person:orcid:0009-0003-3441-7795,Rahul K. Desai,Desai,Rahul K,0009-0003-3441-7795,,PERSON,NEW_EXTERNAL_IDENTITY,0,0,1,2025,2025
person:orcid:0009-0003-6953-6997,Curtis Y. L. Yeung,Yeung,Curtis Y L,0009-0003-6953-6997,,PERSON,NEW_EXTERNAL_IDENTITY,0,0,1,2025,2025
person:orcid:0009-0007-2799-2491,Hugo Ten Cate,Ten Cate,Hugo,0009-0007-2799-2491,,PERSON,NEW_EXTERNAL_IDENTITY,0,0,3,2022,2025
