study_id,publication_id,doi,publication_year,study_ordinal,label,primary_research_family,execution_status,source_status,purposes,countries,component_approach,temporal_structure,comparison_structure,allocation_structure,synthesis_design,mixed_method_integration,project_ids,n_parts,n_instrument_uses,n_method_uses,n_findings,n_limitations,n_products
P00088d2d4963:S1,doi:10.1007/s11136-019-02156-2,10.1007/s11136-019-02156-2,2019,1,Added value of a cognition bolt-on to the EQ-5D-3L in Dutch injury patients (DISS follow-up surveys),MEASUREMENT_PROPERTY_EVALUATION,COMPLETED,RESULTS_REPORTED,INSTRUMENT_DEVELOPMENT | MEASUREMENT_PROPERTY_EVALUATION,Netherlands,QUANTITATIVE_EMPIRICAL,CROSS_SECTIONAL,BETWEEN_INSTRUMENT,NOT_APPLICABLE,,,2016670,0,4,6,8,5,0
P0018d6033430:S1,doi:10.1016/j.jval.2021.09.010,10.1016/j.jval.2021.09.010,2021,1,EQ-5D-5L valuation based on preferences of patients with heart disease in Singapore,VALUE_SET_DEVELOPMENT,COMPLETED,RESULTS_REPORTED,HEALTH_STATE_VALUATION | MEASUREMENT_PROPERTY_EVALUATION | VALUE_SET_DEVELOPMENT,Singapore,QUANTITATIVE_EMPIRICAL,CROSS_SECTIONAL,BETWEEN_METHOD,NOT_APPLICABLE,NOT_APPLICABLE,,20170180,2,7,7,8,6,1
P0041e193c954:S1,doi:10.1017/s0266462324002459,10.1017/s0266462324002459,2024,1,Qualitative study of worse-than-death health states in Ghana,HEALTH_PREFERENCE_RESEARCH,COMPLETED,RESULTS_REPORTED,OUTCOME_DESCRIPTION,,QUALITATIVE_INQUIRY,CROSS_SECTIONAL,NONCOMPARATIVE,NOT_APPLICABLE,,,234-VS,0,0,2,2,0,0
P0076e3bd5c99:S1,doi:10.1007/s40273-025-01473-4,10.1007/s40273-025-01473-4,2025,1,Psychometric comparison of EQ-HWB-S and EQ-5D-5L for parental COVID-19 spillover effects,MEASUREMENT_PROPERTY_EVALUATION,COMPLETED,RESULTS_REPORTED,MEASUREMENT_PROPERTY_EVALUATION | OUTCOME_DESCRIPTION,China,QUANTITATIVE_EMPIRICAL,LONGITUDINAL_REPEATED,,NONRANDOMIZED,,,1654-TVG,3,11,12,7,8,1
P00957738e538:S1,doi:10.1007/s11136-021-02804-6,10.1007/s11136-021-02804-6,2021,1,Russian EQ-5D-3L valuation study,VALUE_SET_DEVELOPMENT,COMPLETED,RESULTS_REPORTED,HEALTH_STATE_VALUATION | MAPPING_OR_CROSSWALK | VALUE_SET_DEVELOPMENT,,,,,,,,,2,5,6,7,4,2
P010b702a1a0b:study_1,doi:10.1007/s11136-025-03947-6,10.1007/s11136-025-03947-6,2025,1,Targeted review of the origin and conceptual framework of the EQ VAS,EVIDENCE_SYNTHESIS,COMPLETED,RESULTS_REPORTED,EVIDENCE_SYNTHESIS,,EVIDENCE_SYNTHESIS,VARIABLE_SOURCE_TIME,NONCOMPARATIVE,NOT_APPLICABLE,NARRATIVE_SYNTHESIS,,329-RA,3,1,5,10,2,0
P012214c3cce2:study_1,doi:10.1007/s11136-025-03989-w,10.1007/s11136-025-03989-w,2025,1,Cognitive debrief of OPUF valuation tasks for the EQ-HWB-S,METHODS_RESEARCH,COMPLETED,RESULTS_REPORTED,IMPLEMENTATION_EVALUATION | METHOD_OR_PROTOCOL_QUALITY,United Kingdom,QUALITATIVE_INQUIRY,CROSS_SECTIONAL,NONCOMPARATIVE,NOT_APPLICABLE,NOT_APPLICABLE,,1508-RA,0,3,10,8,4,0
P02434cacc68a:S1,doi:10.1007/s11136-024-03601-7,10.1007/s11136-024-03601-7,2024,1,Non-parametric item response theory evaluation of EQ-HWB-S level summary scoring,METHODS_RESEARCH,COMPLETED,RESULTS_REPORTED,MEASUREMENT_PROPERTY_EVALUATION | METHOD_OR_PROTOCOL_QUALITY,Australia | United Kingdom | United States,QUANTITATIVE_EMPIRICAL,CROSS_SECTIONAL,BETWEEN_GROUP,NOT_APPLICABLE,NOT_APPLICABLE,,127-RA,0,3,12,9,6,1
P0267f1a39279:S1,doi:10.1007/s12471-022-01677-9,10.1007/s12471-022-01677-9,2022,1,Narrative review of myocarditis and pericarditis after COVID-19 mRNA vaccination,EVIDENCE_SYNTHESIS,COMPLETED,RESULTS_REPORTED,EVIDENCE_SYNTHESIS | OUTCOME_DESCRIPTION,Denmark | Netherlands | United Kingdom | United States,EVIDENCE_SYNTHESIS,VARIABLE_SOURCE_TIME,BETWEEN_CONTEXT,NOT_APPLICABLE,NARRATIVE_SYNTHESIS,,,0,0,2,6,3,0
P028e859a3a23:S1,doi:10.1007/s40273-023-01280-9,10.1007/s40273-023-01280-9,2023,1,EQ-5D-5L value set for Slovenia based on composite time trade-off data from 1012 adults,VALUE_SET_DEVELOPMENT,COMPLETED,RESULTS_REPORTED,HEALTH_STATE_VALUATION | PREFERENCE_COMPARISON | VALUE_SET_DEVELOPMENT,Slovenia,QUANTITATIVE_EMPIRICAL,CROSS_SECTIONAL,BETWEEN_INSTRUMENT,RANDOMIZED,NOT_APPLICABLE,,377-VS,0,5,12,9,4,1
P0295f92e9c13:study_1,doi:10.1136/bmjopen-2024-097598,10.1136/bmjopen-2024-097598,2025,1,Canadian youth EQ-5D-Y-5L DCE feasibility mixed methods study,METHODS_RESEARCH,DATA_COLLECTION_COMPLETE,NO_RESULTS_YET,HEALTH_STATE_VALUATION | METHOD_OR_PROTOCOL_QUALITY,Canada,,CROSS_SECTIONAL,,NOT_APPLICABLE,,CONVERGENT_PARALLEL,1704-RA,3,3,7,0,2,0
P0366b5734a4e:S1,doi:10.1016/j.jval.2026.02.012,10.1016/j.jval.2026.02.012,2026,1,General-population evaluation of the scaling factor model for EQ-5D-5L vision and cognition bolt-ons,METHODS_RESEARCH,COMPLETED,RESULTS_REPORTED,HEALTH_STATE_VALUATION | VALUATION_METHOD_EVALUATION,China,QUANTITATIVE_EMPIRICAL,CROSS_SECTIONAL,BETWEEN_INSTRUMENT | BETWEEN_METHOD,RANDOMIZED,NOT_APPLICABLE,,,3,5,9,7,6,0
P03dcc963dc1a:S1,doi:10.5114/aoms.2015.52126,10.5114/aoms.2015.52126,2015,1,EQ-5D-5L Polish general population norms survey (2014),POPULATION_REFERENCE_DESCRIPTION,COMPLETED,RESULTS_REPORTED,OUTCOME_DESCRIPTION | POPULATION_NORMS,Poland,QUANTITATIVE_EMPIRICAL,CROSS_SECTIONAL,BETWEEN_CONTEXT,NOT_APPLICABLE,,,,0,1,6,6,2,1
P04394749b281:S1,doi:10.1007/s11136-022-03138-7,10.1007/s11136-022-03138-7,2022,1,Development of criteria for EQ-5D bolt-on dimensions,CONCEPTUAL_FRAMEWORK_DEVELOPMENT,COMPLETED,RESULTS_REPORTED,CONCEPTUAL_FRAMEWORK_DEVELOPMENT | METHOD_OR_PROTOCOL_QUALITY,,CONCEPTUAL,NOT_APPLICABLE,NONCOMPARATIVE,NOT_APPLICABLE,NOT_APPLICABLE,,,0,1,2,5,4,1
P046968c0295e:S1,doi:10.1007/s11136-024-03875-x,10.1007/s11136-024-03875-x,2025,1,Content validity of EQ-5D-5L and four bolt-ons in atopic dermatitis and chronic urticaria,MEASUREMENT_PROPERTY_EVALUATION,COMPLETED,RESULTS_REPORTED,CONTENT_VALIDITY_EVALUATION | MEASUREMENT_PROPERTY_EVALUATION,United Kingdom,QUALITATIVE_INQUIRY,CROSS_SECTIONAL,BETWEEN_GROUP,NOT_APPLICABLE,NOT_APPLICABLE,,1475-RA,0,8,9,9,4,0
P04a390149f4a:S1,doi:10.1186/s12955-022-01938-6,10.1186/s12955-022-01938-6,2022,1,Head-to-head measurement properties and responsiveness study of EQ-5D-Y-5L and EQ-5D-Y-3L in acute orthopaedic care,MEASUREMENT_PROPERTY_EVALUATION,COMPLETED,RESULTS_REPORTED,MEASUREMENT_PROPERTY_EVALUATION,South Africa,QUANTITATIVE_EMPIRICAL,LONGITUDINAL_REPEATED,BETWEEN_INSTRUMENT | WITHIN_PERSON,NOT_APPLICABLE,NOT_APPLICABLE,,20180730,0,4,10,8,4,0
P04adc98177a2:S1,doi:10.1007/s11136-024-03837-3,10.1007/s11136-024-03837-3,2024,1,Norwegian EQ-5D-5L valuation study,VALUE_SET_DEVELOPMENT,COMPLETED,RESULTS_REPORTED,HEALTH_STATE_VALUATION | PREFERENCE_COMPARISON | VALUATION_METHOD_EVALUATION | VALUE_SET_DEVELOPMENT,Norway,,,,,,,1507-VS,3,2,8,8,3,2
P05483abdfe8e:S1,doi:10.1007/s11136-025-03925-y,10.1007/s11136-025-03925-y,2025,1,"Financial toxicity, health-related quality of life, and well-being in Indonesian patients with breast cancer",HEALTH_OUTCOME_RESEARCH,COMPLETED,RESULTS_REPORTED,OUTCOME_DESCRIPTION,Indonesia,QUANTITATIVE_EMPIRICAL,CROSS_SECTIONAL,BETWEEN_GROUP,NOT_APPLICABLE,,,1644-RA,0,6,8,7,6,0
P057b9f321815:S1,doi:10.1186/s12913-020-05557-z,10.1186/s12913-020-05557-z,2020,1,EMPATHY: pragmatic multi-centre cluster randomized controlled trial of routine patient-reported outcome measure use in in-centre hemodialysis care in Canada,APPLIED_USE_RESEARCH,DATA_COLLECTION_ACTIVE,NO_RESULTS_YET,ECONOMIC_EVALUATION | IMPLEMENTATION_EVALUATION | OUTCOME_DESCRIPTION,Canada,QUALITATIVE_INQUIRY | QUANTITATIVE_EMPIRICAL,LONGITUDINAL_REPEATED,BETWEEN_GROUP | BETWEEN_INSTRUMENT,RANDOMIZED,NOT_APPLICABLE,CONVERGENT_PARALLEL,20180170R1,4,11,15,0,5,4
P05ea14c529fc:S1,doi:10.1016/j.jval.2016.10.012,10.1016/j.jval.2016.10.012,2016,1,"Development of a cyclic quality control process for EQ-5D-5L valuation studies and comparison of data quality between Spanish and Dutch valuation studies (EQ-VT protocol 1.0, no QC) and follow-up studies (protocol 1.1, with QC)",METHODS_RESEARCH,COMPLETED,RESULTS_REPORTED,DECISION_SUPPORT_DEVELOPMENT | METHOD_OR_PROTOCOL_QUALITY | VALUATION_METHOD_EVALUATION,Netherlands | Spain,QUANTITATIVE_EMPIRICAL,CROSS_SECTIONAL,BETWEEN_METHOD,NONRANDOMIZED,,,,0,3,11,6,4,2
P05f4d5a8fc7a:S1,doi:10.1007/s10198-021-01306-z,10.1007/s10198-021-01306-z,2021,1,EQ-HWB domain-identification and domain-selection approach,METHODS_RESEARCH,COMPLETED,RESULTS_REPORTED,CONCEPTUAL_FRAMEWORK_DEVELOPMENT | INSTRUMENT_DEVELOPMENT | METHOD_OR_PROTOCOL_QUALITY,,,,,,,,2016710,3,1,3,8,7,2
P0600c463db24:S1,doi:10.1007/s11136-018-2027-9,10.1007/s11136-018-2027-9,2019,1,Psychometric comparison of Malay and Malaysian English EQ-5D-5L versus EQ-5D-3L in the Malaysian general population,MEASUREMENT_PROPERTY_EVALUATION,COMPLETED,RESULTS_REPORTED,MEASUREMENT_PROPERTY_EVALUATION,Malaysia,QUANTITATIVE_EMPIRICAL,LONGITUDINAL_REPEATED,BETWEEN_INSTRUMENT,NOT_APPLICABLE,,,2016100,0,5,6,5,4,0
P060e13fe92fe:S1,doi:10.1007/s40273-023-01300-8,10.1007/s40273-023-01300-8,2023,1,Conceptual analysis of why EQ-5D-Y-3L values differ from adult EQ-5D values and what that means for using age-specific pediatric values in cost-effectiveness analysis,CONCEPTUAL_FRAMEWORK_DEVELOPMENT,COMPLETED,RESULTS_REPORTED,CONCEPTUAL_FRAMEWORK_DEVELOPMENT | PREFERENCE_COMPARISON | VALUATION_METHOD_EVALUATION,,CONCEPTUAL,NOT_APPLICABLE,BETWEEN_INSTRUMENT,NOT_APPLICABLE,NOT_APPLICABLE,,202-RA,0,6,6,8,5,2
P0640f26e484e:S1,doi:10.1186/s12955-024-02303-5,10.1186/s12955-024-02303-5,2024,1,Psychometric validation of the Indonesian FACIT-COST v2 in breast cancer,MEASUREMENT_PROPERTY_EVALUATION,COMPLETED,RESULTS_REPORTED,MEASUREMENT_PROPERTY_EVALUATION,Indonesia,QUANTITATIVE_EMPIRICAL,LONGITUDINAL_REPEATED,BETWEEN_GROUP | WITHIN_PERSON,NOT_APPLICABLE,,,1644-RA,0,2,18,7,3,0
P068928b2dacd:st1,doi:10.1186/s41687-021-00369-z,10.1186/s41687-021-00369-z,2021,1,Routine EQ-5D-5L implementation in Alberta community rehabilitation,APPLIED_USE_RESEARCH,COMPLETED,RESULTS_REPORTED,IMPLEMENTATION_EVALUATION | OUTCOME_DESCRIPTION,Canada,,,,,,EMBEDDED,96-EO,2,3,3,7,4,2
P0718b780f1fa:S1,doi:10.1007/s11136-023-03462-6,10.1007/s11136-023-03462-6,2023,1,"Cross-sectional Australian online survey comparing the measurement relationship between EQ-5D-5L (descriptive system and Australian and US value sets), PROMIS-29 and PROPr",MEASUREMENT_PROPERTY_EVALUATION,COMPLETED,RESULTS_REPORTED,MEASUREMENT_PROPERTY_EVALUATION | PREFERENCE_COMPARISON,Australia,QUANTITATIVE_EMPIRICAL,CROSS_SECTIONAL,BETWEEN_GROUP | BETWEEN_INSTRUMENT | WITHIN_PERSON,RANDOMIZED,NOT_APPLICABLE,,20190220,0,4,10,10,6,0
P072048e348ab:S1,doi:10.1016/j.jval.2018.11.001,10.1016/j.jval.2018.11.001,2019,1,"Narrative overview of EQ-5D-Y characteristics, development, registered use, and valuation challenges",EVIDENCE_SYNTHESIS,COMPLETED,RESULTS_REPORTED,EVIDENCE_SYNTHESIS | OUTCOME_DESCRIPTION | VALUATION_METHOD_EVALUATION,,CONCEPTUAL,NOT_APPLICABLE,NONCOMPARATIVE,NOT_APPLICABLE,NARRATIVE_SYNTHESIS,,,0,12,8,8,4,0
P072254644ef6:s1,doi:10.1016/j.jval.2022.01.009,10.1016/j.jval.2022.01.009,2022,1,International development of the EQ Health and Wellbeing measures,INSTRUMENT_VERSION_DEVELOPMENT,COMPLETED,RESULTS_REPORTED,CONTENT_VALIDITY_EVALUATION | HEALTH_STATE_VALUATION | INSTRUMENT_DEVELOPMENT | MEASUREMENT_PROPERTY_EVALUATION | VALUATION_METHOD_EVALUATION,Australia | China | Germany | United Kingdom | United States,,,,,,,,6,9,15,10,7,2
P078c03b5efce:S1,doi:10.1016/j.jval.2017.09.001,10.1016/j.jval.2017.09.001,2017,1,Comparison of health-state selection designs for EQ-5D-3L valuation using a saturated EQ-VAS dataset,METHODS_RESEARCH,COMPLETED,RESULTS_REPORTED,METHOD_OR_PROTOCOL_QUALITY | VALUATION_METHOD_EVALUATION,Netherlands,QUANTITATIVE_EMPIRICAL,CROSS_SECTIONAL,BETWEEN_METHOD,NOT_APPLICABLE,,,2014090,0,2,8,6,3,0
P07e6c4915f5e:S1,doi:10.3390/ebj3020023,10.3390/ebj3020023,2022,1,Added value of itching and cognition items for EQ-5D-3L in adults with intermediate burns,MEASUREMENT_PROPERTY_EVALUATION,COMPLETED,RESULTS_REPORTED,MEASUREMENT_PROPERTY_EVALUATION,Netherlands,QUANTITATIVE_EMPIRICAL,CROSS_SECTIONAL,BETWEEN_INSTRUMENT,NOT_APPLICABLE,NOT_APPLICABLE,,20180330,0,5,11,8,6,0
P081e2e40a5bc:s1,doi:10.1007/s11136-025-04016-8,10.1007/s11136-025-04016-8,2025,1,Mixed-method psychometric testing of two respiratory bolt-ons to EQ-5D-5L in obstructive airway disease,MEASUREMENT_PROPERTY_EVALUATION,COMPLETED,RESULTS_REPORTED,CONTENT_VALIDITY_EVALUATION | MEASUREMENT_PROPERTY_EVALUATION | TRANSLATION_AND_CULTURAL_ADAPTATION,Singapore,,,,,,SEQUENTIAL,274-RA,3,14,18,10,7,2
P084b1c3f957b:study_main,doi:10.1007/s11136-025-04023-9,10.1007/s11136-025-04023-9,2025,1,"Palliative-context EQ-5D-5L valuation study in Australia, Ireland, and the United Kingdom",HEALTH_PREFERENCE_RESEARCH,COMPLETED,RESULTS_REPORTED,HEALTH_STATE_VALUATION | INSTRUMENT_DEVELOPMENT | PREFERENCE_COMPARISON,Australia | United Kingdom,,,,,,SEQUENTIAL,235-RA,2,4,8,5,3,0
P0872ff174764:S1,doi:10.1016/j.jval.2020.04.1825,10.1016/j.jval.2020.04.1825,2020,1,Systematic review cataloging EQ-5D-derived health state utility values in hematologic malignancies,EVIDENCE_SYNTHESIS,COMPLETED,RESULTS_REPORTED,DECISION_SUPPORT_DEVELOPMENT | EVIDENCE_SYNTHESIS,Australia | Japan | Netherlands | South Africa | United Kingdom | United States,EVIDENCE_SYNTHESIS,VARIABLE_SOURCE_TIME,NONCOMPARATIVE,NOT_APPLICABLE,NARRATIVE_SYNTHESIS | SYSTEMATIC_REVIEW,,2015280,0,6,7,13,8,1
P0893cdb25bdf:S1,doi:10.1016/j.jval.2024.02.018,10.1016/j.jval.2024.02.018,2024,1,Systematic review and meta-analysis of EQ-5D-3L and EQ-5D-5L ceiling effects in general population surveys,EVIDENCE_SYNTHESIS,COMPLETED,RESULTS_REPORTED,EVIDENCE_SYNTHESIS | MEASUREMENT_PROPERTY_EVALUATION,,,VARIABLE_SOURCE_TIME,BETWEEN_CONTEXT | BETWEEN_INSTRUMENT,NOT_APPLICABLE,,,402-RA,2,2,14,12,4,0
P08961cd245d3:s1,doi:10.1016/j.jval.2025.02.001,10.1016/j.jval.2025.02.001,2025,1,Systematic review of statistical methods used to analyze EQ-5D treatment effects in randomized clinical trials,EVIDENCE_SYNTHESIS,COMPLETED,RESULTS_REPORTED,EVIDENCE_SYNTHESIS | METHOD_OR_PROTOCOL_QUALITY,,EVIDENCE_SYNTHESIS,VARIABLE_SOURCE_TIME,NONCOMPARATIVE,NOT_APPLICABLE,SYSTEMATIC_REVIEW,,345-PHD,0,2,7,6,3,0
P08f1e977074f:S1,doi:10.1007/s11136-023-03466-2,10.1007/s11136-023-03466-2,2023,1,"Think-aloud study of how older adults in South Australian residential aged care, with and without cognitive impairment, understand and respond to the EQ-5D-5L",MEASUREMENT_PROPERTY_EVALUATION,COMPLETED,RESULTS_REPORTED,CONTENT_VALIDITY_EVALUATION | MEASUREMENT_PROPERTY_EVALUATION,Australia,QUALITATIVE_INQUIRY | QUANTITATIVE_EMPIRICAL,CROSS_SECTIONAL,BETWEEN_GROUP,NOT_APPLICABLE,NOT_APPLICABLE,EMBEDDED,194-RA,0,5,14,10,5,0
P092aa08c9320:S1,doi:10.1016/j.jval.2018.06.015,10.1016/j.jval.2018.06.015,2018,1,Saturated EQ-VAS dataset for all 3125 EQ-5D-5L states and comparison of health-state sampling designs,METHODS_RESEARCH,COMPLETED,RESULTS_REPORTED,METHOD_OR_PROTOCOL_QUALITY | VALUATION_METHOD_EVALUATION,China,QUANTITATIVE_EMPIRICAL,CROSS_SECTIONAL,BETWEEN_METHOD,RANDOMIZED,,,20170160,0,3,7,5,4,0
P094b23722cbb:S1,doi:10.1007/s11136-021-02959-2,10.1007/s11136-021-02959-2,2021,1,Vietnamese EQ-5D-5L population norms and known-groups validity study,POPULATION_REFERENCE_DESCRIPTION,COMPLETED,RESULTS_REPORTED,MEASUREMENT_PROPERTY_EVALUATION | POPULATION_NORMS,Vietnam,,,,,,,,2,4,10,6,4,1
P0988dc752ec2:S1,doi:10.1007/s11136-016-1445-9,10.1007/s11136-016-1445-9,2017,1,Quality control and interviewer retraining within the Indonesian EQ-5D-5L (EQ-VT) valuation study,METHODS_RESEARCH,COMPLETED,RESULTS_REPORTED,METHOD_OR_PROTOCOL_QUALITY | VALUATION_METHOD_EVALUATION,Indonesia,,,,,,CONVERGENT_PARALLEL,2013240,2,3,7,6,8,0
P0998bdbbff4f:S1,doi:10.1186/s12955-024-02312-4,10.1186/s12955-024-02312-4,2024,1,Systematic review of PROM applications for improving patient-related outcomes,EVIDENCE_SYNTHESIS,COMPLETED,RESULTS_REPORTED,EVIDENCE_SYNTHESIS | IMPLEMENTATION_EVALUATION,,EVIDENCE_SYNTHESIS,VARIABLE_SOURCE_TIME,BETWEEN_CONTEXT,NOT_APPLICABLE,NARRATIVE_SYNTHESIS | SYSTEMATIC_REVIEW,,287-PHD,2,4,4,9,5,0
P0abbd9de1077:S1,doi:10.1007/s41669-024-00486-7,10.1007/s41669-024-00486-7,2024,1,Qualitative and quantitative assessment of interviewer performance in Italian EQ-5D-5L valuation interviews,METHODS_RESEARCH,COMPLETED,RESULTS_REPORTED,IMPLEMENTATION_EVALUATION | METHOD_OR_PROTOCOL_QUALITY,Italy,QUALITATIVE_INQUIRY | QUANTITATIVE_EMPIRICAL,LONGITUDINAL_REPEATED,WITHIN_PERSON,NOT_APPLICABLE,,SEQUENTIAL,351-RA,2,1,8,7,6,1
P0ac49d441611:S1,doi:10.1016/j.jval.2016.03.1834,10.1016/j.jval.2016.03.1834,2016,1,Japanese EQ-5D-5L valuation study: DCE and cTTO value sets and comparison of anchoring methods,VALUE_SET_DEVELOPMENT,COMPLETED,RESULTS_REPORTED,HEALTH_STATE_VALUATION | VALUATION_METHOD_EVALUATION | VALUE_SET_DEVELOPMENT,Japan,QUANTITATIVE_EMPIRICAL,CROSS_SECTIONAL,BETWEEN_METHOD,RANDOMIZED,,,2013140,0,2,7,4,6,1
P0adeb60cafb3:study_eqhwb_cfa_cn,doi:10.1016/j.vhri.2025.101501,10.1016/j.vhri.2025.101501,2025,1,Replication of the Chinese-adjusted EQ-HWB confirmatory factor model,MEASUREMENT_PROPERTY_EVALUATION,COMPLETED,RESULTS_REPORTED,MEASUREMENT_PROPERTY_EVALUATION,,QUANTITATIVE_EMPIRICAL,CROSS_SECTIONAL,BETWEEN_CONTEXT,NOT_APPLICABLE,,,20180600,2,1,3,3,3,0
P0af5c5d01430:S1,doi:10.1007/s40273-018-0623-8,10.1007/s40273-018-0623-8,2018,1,Head-to-head comparison of EQ-5D-3L and EQ-5D-5L descriptive systems and value sets from seven countries,MEASUREMENT_PROPERTY_EVALUATION,COMPLETED,RESULTS_REPORTED,MEASUREMENT_PROPERTY_EVALUATION | METHOD_OR_PROTOCOL_QUALITY | VALUATION_METHOD_EVALUATION,Denmark | Italy | Netherlands | Poland | United Kingdom,QUANTITATIVE_EMPIRICAL,CROSS_SECTIONAL,BETWEEN_INSTRUMENT,NOT_APPLICABLE,,,2016620,0,3,13,6,5,0
P0b96a3c1a998:S1,doi:10.1007/s10198-022-01517-y,10.1007/s10198-022-01517-y,2022,1,Predictors of non-completion and slow completion of the time trade-off in the interrupted Norwegian EQ-5D-5L valuation study (2019-2020),METHODS_RESEARCH,COMPLETED,RESULTS_REPORTED,METHOD_OR_PROTOCOL_QUALITY | VALUATION_METHOD_EVALUATION,Norway,QUANTITATIVE_EMPIRICAL,CROSS_SECTIONAL,BETWEEN_GROUP,NOT_APPLICABLE,NOT_APPLICABLE,,1507-VS,0,3,8,9,6,0
P0be39626de20:S1,doi:10.1136/bmjopen-2017-016969,10.1136/bmjopen-2017-016969,2017,1,Qualitative analysis of religious influence on health state perception among Emirati adults in an EQ-5D-5L valuation feasibility study,METHODS_RESEARCH,COMPLETED,RESULTS_REPORTED,OUTCOME_DESCRIPTION | VALUATION_METHOD_EVALUATION,,QUALITATIVE_INQUIRY,CROSS_SECTIONAL,NONCOMPARATIVE,NOT_APPLICABLE,,,2013040,0,1,5,4,4,0
P0c24e35a0d9c:S1,doi:10.1186/s12889-025-21366-7,10.1186/s12889-025-21366-7,2025,1,San Joaquin Valley air pollution policy favorability and health utility survey,APPLIED_USE_RESEARCH,COMPLETED,RESULTS_REPORTED,IMPLEMENTATION_EVALUATION | OUTCOME_DESCRIPTION,United States,QUANTITATIVE_EMPIRICAL,CROSS_SECTIONAL,BETWEEN_GROUP,NOT_APPLICABLE,NOT_APPLICABLE,,,2,2,6,8,3,0
P0c459481c84e:study_corfu_24m,doi:10.1136/bmjopen-2024-093639,10.1136/bmjopen-2024-093639,2025,1,CORFU longitudinal study of post-COVID symptoms and health-related quality of life through 24 months,HEALTH_OUTCOME_RESEARCH,COMPLETED,RESULTS_REPORTED,OUTCOME_DESCRIPTION,Netherlands,QUANTITATIVE_EMPIRICAL,LONGITUDINAL_REPEATED,BETWEEN_GROUP,NOT_APPLICABLE,NOT_APPLICABLE,,420-RA,0,3,6,7,6,0
P0c47cd4a93bc:S1,doi:10.1007/s11136-025-04151-2,10.1007/s11136-025-04151-2,2026,1,Factors associated with EQ-5D-3L cTTO valuations in Jordan,HEALTH_PREFERENCE_RESEARCH,COMPLETED,RESULTS_REPORTED,OUTCOME_DESCRIPTION | PREFERENCE_COMPARISON,,QUANTITATIVE_EMPIRICAL,CROSS_SECTIONAL,BETWEEN_GROUP,NOT_APPLICABLE,NOT_APPLICABLE,,60-VS,0,3,9,7,5,0
P0c48b2afb94d:S1,doi:10.1016/j.vhri.2019.08.475,10.1016/j.vhri.2019.08.475,2019,1,EQ-5D-5L valuation study in the Ethiopian general population using EQ-PVT (c-TTO and DCE),VALUE_SET_DEVELOPMENT,COMPLETED,RESULTS_REPORTED,HEALTH_STATE_VALUATION | METHOD_OR_PROTOCOL_QUALITY | VALUE_SET_DEVELOPMENT,Ethiopia,QUANTITATIVE_EMPIRICAL,CROSS_SECTIONAL,BETWEEN_METHOD,RANDOMIZED,NOT_APPLICABLE,,20170480,2,4,14,9,4,1
P0d85627227a0:s1,doi:10.1007/s40273-025-01519-7,10.1007/s40273-025-01519-7,2025,1,Development of the 2025 Singapore EQ-5D-5L value set,VALUE_SET_DEVELOPMENT,COMPLETED,RESULTS_REPORTED,HEALTH_STATE_VALUATION | VALUATION_METHOD_EVALUATION | VALUE_SET_DEVELOPMENT,Singapore,,,,,,,1741-RA,2,3,5,6,4,2
P0dbfd351cbb8:s1,doi:10.1007/s10198-021-01307-y,10.1007/s10198-021-01307-y,2021,1,"Measurement properties of Chinese EQ-5D-Y-5L, EQ-5D-Y-3L, and KIDSCREEN-10 in Shanghai school pupils",MEASUREMENT_PROPERTY_EVALUATION,COMPLETED,RESULTS_REPORTED,MEASUREMENT_PROPERTY_EVALUATION,China,QUANTITATIVE_EMPIRICAL,CROSS_SECTIONAL,BETWEEN_GROUP | BETWEEN_INSTRUMENT | WITHIN_PERSON,NOT_APPLICABLE,NOT_APPLICABLE,,20170330,0,4,11,6,5,0
P0de958f4f0dc:study_compass_hrqol,doi:10.1093/ehjopen/oeae083,10.1093/ehjopen/oeae083,2024,1,COMPASS trial health-related quality-of-life analysis,HEALTH_OUTCOME_RESEARCH,COMPLETED,RESULTS_REPORTED,OUTCOME_DESCRIPTION,,QUANTITATIVE_EMPIRICAL,LONGITUDINAL_REPEATED,BETWEEN_GROUP,RANDOMIZED,NOT_APPLICABLE,,137-RA,2,6,5,7,3,0
P0ebf930aca13:study1,doi:10.1186/s12955-022-01998-8,10.1186/s12955-022-01998-8,2022,1,Evaluation of the EQ-5D-Y valuation protocol through an expert workshop,METHODS_RESEARCH,COMPLETED,RESULTS_REPORTED,IMPLEMENTATION_EVALUATION | METHOD_OR_PROTOCOL_QUALITY,,QUALITATIVE_INQUIRY,CROSS_SECTIONAL,NONCOMPARATIVE,NOT_APPLICABLE,,,,0,1,6,7,1,0
P0fcc839959a9:S1,doi:10.1007/s11897-024-00686-6,10.1007/s11897-024-00686-6,2024,1,Development and psychometric testing of alternative EQ-5D-5L recall periods and response descriptors in obstructive airway diseases,INSTRUMENT_VERSION_DEVELOPMENT,COMPLETED,RESULTS_REPORTED,CONTENT_VALIDITY_EVALUATION | INSTRUMENT_DEVELOPMENT | MEASUREMENT_PROPERTY_EVALUATION | TRANSLATION_AND_CULTURAL_ADAPTATION,Singapore,,,,,,SEQUENTIAL,69-RA,2,16,12,7,7,4
P1005d07096bd:S1,doi:10.1007/s40273-023-01333-z,10.1007/s40273-023-01333-z,2024,1,Development and initial testing of the RETRIEVE child HRQoL valuation reporting checklists,METHODS_RESEARCH,COMPLETED,RESULTS_REPORTED,CONCEPTUAL_FRAMEWORK_DEVELOPMENT | IMPLEMENTATION_EVALUATION | METHOD_OR_PROTOCOL_QUALITY,Australia | Canada | Singapore | Spain | United Kingdom,,,,,,,,4,2,5,6,6,3
P1036d20a6ccb:st1,doi:10.1177/0272989x21999607,10.1177/0272989x21999607,2021,1,UK adult and adolescent EQ-5D-Y-3L discrete choice comparison,HEALTH_PREFERENCE_RESEARCH,COMPLETED,RESULTS_REPORTED,HEALTH_STATE_VALUATION | PREFERENCE_COMPARISON | VALUATION_METHOD_EVALUATION,United Kingdom,QUANTITATIVE_EMPIRICAL,CROSS_SECTIONAL,BETWEEN_GROUP,NOT_APPLICABLE,NOT_APPLICABLE,,2016630 | 2016631,2,5,8,9,4,0
P10c2b5a4275d:S1,doi:10.1007/s10198-025-01769-4,10.1007/s10198-025-01769-4,2025,1,German test-retest reliability study of OPUF valuation for EQ-HWB-S,METHODS_RESEARCH,COMPLETED,RESULTS_REPORTED,HEALTH_STATE_VALUATION | METHOD_OR_PROTOCOL_QUALITY | VALUATION_METHOD_EVALUATION,,QUANTITATIVE_EMPIRICAL,LONGITUDINAL_REPEATED,WITHIN_PERSON,NOT_APPLICABLE,NOT_APPLICABLE,,1508-RA,0,4,9,8,5,0
P10d3601b9416:st1,doi:10.1007/s11136-024-03737-6,10.1007/s11136-024-03737-6,2024,1,Psychometric performance of EQ-5D-5L in Australian informal caregivers of people with dementia,MEASUREMENT_PROPERTY_EVALUATION,COMPLETED,RESULTS_REPORTED,MEASUREMENT_PROPERTY_EVALUATION,Australia,QUANTITATIVE_EMPIRICAL,CROSS_SECTIONAL,BETWEEN_GROUP,NOT_APPLICABLE,NOT_APPLICABLE,,1481-PHD,0,3,7,8,7,0
P1139e670202d:S1,doi:10.1016/j.jval.2023.08.006,10.1016/j.jval.2023.08.006,2023,1,Robustness of the German EQ-5D-5L value set for respondents with self-reported health impairments: secondary analysis of the German EQ-5D-5L valuation study,HEALTH_PREFERENCE_RESEARCH,COMPLETED,RESULTS_REPORTED,METHOD_OR_PROTOCOL_QUALITY | PREFERENCE_COMPARISON,Germany,MODEL_BASED | QUANTITATIVE_EMPIRICAL,CROSS_SECTIONAL,BETWEEN_GROUP,NOT_APPLICABLE,NOT_APPLICABLE,,20180260,0,3,8,9,6,1
P11439ac3b145:S1,doi:10.1186/s12955-022-01989-9,10.1186/s12955-022-01989-9,2022,1,Dutch EQ-5D-5L heteroskedasticity and preference-heterogeneity case study,METHODS_RESEARCH,COMPLETED,RESULTS_REPORTED,HEALTH_STATE_VALUATION | PREFERENCE_COMPARISON | VALUATION_METHOD_EVALUATION | VALUE_SET_DEVELOPMENT,Netherlands,QUANTITATIVE_EMPIRICAL,CROSS_SECTIONAL,BETWEEN_METHOD,NOT_APPLICABLE,NOT_APPLICABLE,,139-RA,0,2,8,8,7,1
P11775ac860ad:S1,doi:10.1007/s40273-018-0647-0,10.1007/s40273-018-0647-0,2018,1,Head-to-head discrete choice comparison of EQ-5D-3L and EQ-5D-5L health values in the Dutch general population,HEALTH_PREFERENCE_RESEARCH,COMPLETED,RESULTS_REPORTED,HEALTH_STATE_VALUATION | PREFERENCE_COMPARISON | VALUATION_METHOD_EVALUATION,Netherlands,QUANTITATIVE_EMPIRICAL,CROSS_SECTIONAL,BETWEEN_INSTRUMENT,RANDOMIZED,,,2014150,0,2,9,6,3,0
P12348f55c3ff:s1,doi:10.1016/j.jval.2024.02.016,10.1016/j.jval.2024.02.016,2024,1,Psychometric evaluation of the EQ-5D-Y-5L in children with intellectual disability,MEASUREMENT_PROPERTY_EVALUATION,COMPLETED,RESULTS_REPORTED,MEASUREMENT_PROPERTY_EVALUATION | OUTCOME_DESCRIPTION,Australia,QUANTITATIVE_EMPIRICAL,,,NOT_APPLICABLE,,,429-RA,2,10,8,6,6,0
P12cd5f0b8754:S1,doi:10.1007/s11136-022-03312-x,10.1007/s11136-022-03312-x,2023,1,"Exploratory analysis of what the composite single-item EQ-5D-5L pain/discomfort dimension measures, compared with five separate pain and discomfort items from the Australian EQ-HWB psychometric survey",MEASUREMENT_PROPERTY_EVALUATION,COMPLETED,RESULTS_REPORTED,CONTENT_VALIDITY_EVALUATION | MEASUREMENT_PROPERTY_EVALUATION,Australia,QUANTITATIVE_EMPIRICAL,CROSS_SECTIONAL,BETWEEN_INSTRUMENT | WITHIN_PERSON,RANDOMIZED,NOT_APPLICABLE,,,0,6,7,8,6,0
P133e55e53d10:study_eqtips_expert,doi:10.1007/s11136-025-04150-3,10.1007/s11136-025-04150-3,2026,1,Expert consultation on EQ-TIPS Version 2.0 content validity and conceptual challenges,MEASUREMENT_PROPERTY_EVALUATION,COMPLETED,RESULTS_REPORTED,CONTENT_VALIDITY_EVALUATION | INSTRUMENT_DEVELOPMENT,,QUALITATIVE_INQUIRY,CROSS_SECTIONAL,BETWEEN_GROUP,NOT_APPLICABLE,NOT_APPLICABLE,,,0,1,3,8,6,0
P136d36c3e16e:s1,doi:10.1186/s41687-025-00928-8,10.1186/s41687-025-00928-8,2025,1,Psychometric evaluation of Amharic EQ-5D-Y-3L self and proxy reports in Ethiopian pediatric inpatients,MEASUREMENT_PROPERTY_EVALUATION,COMPLETED,RESULTS_REPORTED,MEASUREMENT_PROPERTY_EVALUATION | OUTCOME_DESCRIPTION,Ethiopia,QUANTITATIVE_EMPIRICAL,LONGITUDINAL_REPEATED,WITHIN_DYAD,NOT_APPLICABLE,NOT_APPLICABLE,,436-RA,2,4,10,8,7,0
P13a50c7a151d:S1,doi:10.1007/s40273-018-0628-3,10.1007/s40273-018-0628-3,2018,1,"Comparison of the UK EQ-5D-3L, crosswalk and English EQ-5D-5L value sets using theoretical values and paired patient data",METHODS_RESEARCH,COMPLETED,RESULTS_REPORTED,PREFERENCE_COMPARISON | VALUATION_METHOD_EVALUATION,United Kingdom,QUANTITATIVE_EMPIRICAL,CROSS_SECTIONAL,BETWEEN_METHOD,NOT_APPLICABLE,,,,0,3,9,8,4,0
P13d4bf5a47b7:S1,doi:10.1007/s11136-025-04008-8,10.1007/s11136-025-04008-8,2025,1,"Prediction of high-need, high-cost patients with patient-reported and administrative data",APPLIED_USE_RESEARCH,COMPLETED,RESULTS_REPORTED,DECISION_SUPPORT_DEVELOPMENT | METHOD_OR_PROTOCOL_QUALITY,Canada,QUANTITATIVE_EMPIRICAL,LONGITUDINAL_REPEATED,BETWEEN_METHOD,NOT_APPLICABLE,NOT_APPLICABLE,,164-RA,2,7,8,7,5,0
P14ca8f994f8a:S1,doi:10.3389/fpubh.2022.917728,10.3389/fpubh.2022.917728,2022,1,Cross-country informative-prior modeling of Polish-migrant and native-Irish EQ-5D-5L valuations,METHODS_RESEARCH,COMPLETED,RESULTS_REPORTED,METHOD_OR_PROTOCOL_QUALITY | VALUATION_METHOD_EVALUATION,,MODEL_BASED,CROSS_SECTIONAL,BETWEEN_METHOD,NOT_APPLICABLE,NOT_APPLICABLE,,,2,1,5,5,4,2
P14ddca58f600:S1,doi:10.1186/s12955-019-1129-6,10.1186/s12955-019-1129-6,2019,1,"Discriminative validity of EQ-5D-5L and SF-12v2 (SF-6D) in older adults with arthritis, Alberta Retired Teachers Association survey",MEASUREMENT_PROPERTY_EVALUATION,COMPLETED,RESULTS_REPORTED,MEASUREMENT_PROPERTY_EVALUATION | OUTCOME_DESCRIPTION,Canada,QUANTITATIVE_EMPIRICAL,CROSS_SECTIONAL,BETWEEN_GROUP | BETWEEN_INSTRUMENT,NOT_APPLICABLE,,,,0,7,5,6,4,2
P152337517358:S1,doi:10.1186/s41927-021-00234-y,10.1186/s41927-021-00234-y,2022,1,Colombian rheumatic disease burden study,ECONOMIC_BURDEN_RESEARCH,COMPLETED,RESULTS_REPORTED,ECONOMIC_BURDEN_ESTIMATION | METHOD_OR_PROTOCOL_QUALITY,,,,,,,,,2,2,4,10,4,1
P152946a3db1c:S1,doi:10.1186/s12955-018-0840-z,10.1186/s12955-018-0840-z,2018,1,"Cross-sectional study of the relationship between very young children's proxy-reported health (TANDI) and their primary caregivers' own health (EQ-5D-3L) in Cape Town, South Africa",HEALTH_OUTCOME_RESEARCH,COMPLETED,RESULTS_REPORTED,OUTCOME_DESCRIPTION,South Africa,QUANTITATIVE_EMPIRICAL,CROSS_SECTIONAL,BETWEEN_GROUP,NONRANDOMIZED,,,2014200,0,3,6,7,6,1
P16699e9a31fe:S1,doi:10.1016/j.jval.2025.08.017,10.1016/j.jval.2025.08.017,2025,1,Head-to-head psychometric comparison in pediatric asthma,MEASUREMENT_PROPERTY_EVALUATION,COMPLETED,RESULTS_REPORTED,MEASUREMENT_PROPERTY_EVALUATION,Singapore,QUANTITATIVE_EMPIRICAL,LONGITUDINAL_REPEATED,BETWEEN_INSTRUMENT,RANDOMIZED,NOT_APPLICABLE,,,0,8,8,6,6,0
P17580be5c802:S1,doi:10.1007/s10198-018-0955-5,10.1007/s10198-018-0955-5,2018,1,Cross-country EQ-5D-3L population norms for 20 countries,POPULATION_REFERENCE_DESCRIPTION,COMPLETED,RESULTS_REPORTED,OUTCOME_DESCRIPTION | POPULATION_NORMS | PREFERENCE_COMPARISON,Belgium | China | Denmark | France | Germany | Hungary | Italy | Netherlands | Slovenia | South Korea | Spain | Sweden | Thailand | United Kingdom | United States,QUANTITATIVE_EMPIRICAL,CROSS_SECTIONAL,BETWEEN_CONTEXT,NONRANDOMIZED,,,,0,2,5,6,6,1
P17b407ea1c93:S1,doi:10.1186/s41687-020-00247-0,10.1186/s41687-020-00247-0,2020,1,"EQ-5D-3L health-related quality of life among Norwegian patients entering residential substance use disorder treatment, compared with a general population sample",HEALTH_OUTCOME_RESEARCH,COMPLETED,RESULTS_REPORTED,MEASUREMENT_PROPERTY_EVALUATION | OUTCOME_DESCRIPTION,Norway,QUANTITATIVE_EMPIRICAL,CROSS_SECTIONAL,BETWEEN_GROUP,NOT_APPLICABLE,NOT_APPLICABLE,,2015270,0,4,6,7,5,0
P189170c2fee8:S1,doi:10.1186/s12955-019-1139-4,10.1186/s12955-019-1139-4,2019,1,Agreement between pre-injury EQ-5D-3L and EQ-VAS recalled 1 week and 12 months post-injury in Dutch trauma patients (BIOS cohort),MEASUREMENT_PROPERTY_EVALUATION,COMPLETED,RESULTS_REPORTED,MEASUREMENT_PROPERTY_EVALUATION | METHOD_OR_PROTOCOL_QUALITY,Netherlands,QUANTITATIVE_EMPIRICAL,LONGITUDINAL_REPEATED,WITHIN_PERSON,NOT_APPLICABLE,,,2016160,0,5,6,6,2,0
P18b120aff6c8:S1,doi:10.1007/s10198-013-0505-0,10.1007/s10198-013-0505-0,2013,1,Comparison of lead-time and lag-time TTO variants for valuing EQ-5D-5L health states in Buenos Aires (Argentinean arm of the EQ-5D-5L Multinational Pilot Study),METHODS_RESEARCH,COMPLETED,RESULTS_REPORTED,HEALTH_STATE_VALUATION | VALUATION_METHOD_EVALUATION,,QUANTITATIVE_EMPIRICAL,CROSS_SECTIONAL,BETWEEN_METHOD,RANDOMIZED,,,,0,3,8,6,3,0
P18c111e8979f:S1,doi:10.1016/j.jval.2018.01.002,10.1016/j.jval.2018.01.002,2018,1,"Regression analysis of social care needs, health status and well-being in older adults, Health Survey for England 2011-2012",APPLIED_USE_RESEARCH,COMPLETED,RESULTS_REPORTED,MEASUREMENT_PROPERTY_EVALUATION | OUTCOME_DESCRIPTION,United Kingdom,QUANTITATIVE_EMPIRICAL,CROSS_SECTIONAL,BETWEEN_INSTRUMENT,NOT_APPLICABLE,,,2015390,0,5,8,7,4,0
P197cf1f57e96:study1,doi:10.1007/s40273-025-01550-8,10.1007/s40273-025-01550-8,2025,1,Scoping review of collaborative engagement in health state valuation,EVIDENCE_SYNTHESIS,COMPLETED,RESULTS_REPORTED,CONCEPTUAL_FRAMEWORK_DEVELOPMENT | EVIDENCE_SYNTHESIS | METHOD_OR_PROTOCOL_QUALITY,Australia | Canada | Japan | Netherlands | South Korea | Taiwan | United Kingdom | United States,EVIDENCE_SYNTHESIS,VARIABLE_SOURCE_TIME,BETWEEN_CONTEXT,NOT_APPLICABLE,NARRATIVE_SYNTHESIS,,1711-RA,3,0,10,8,6,1
P199150a1c838:study1,doi:10.1016/j.pmedr.2021.101514,10.1016/j.pmedr.2021.101514,2021,1,EQ-5D-5L health preferences and preventive care use in Ireland,APPLIED_USE_RESEARCH,COMPLETED,RESULTS_REPORTED,HEALTH_STATE_VALUATION | OUTCOME_DESCRIPTION,,QUANTITATIVE_EMPIRICAL,CROSS_SECTIONAL,NONCOMPARATIVE,NOT_APPLICABLE,,,,0,3,3,5,4,0
P1a0015e41d2a:study_main,doi:10.1007/s11136-026-04351-4,10.1007/s11136-026-04351-4,2026,1,Qualitative investigation of interviewer administration of EQ-5D in Nanjing population surveys,METHODS_RESEARCH,COMPLETED,RESULTS_REPORTED,IMPLEMENTATION_EVALUATION | METHOD_OR_PROTOCOL_QUALITY,China,,,,,,,370-RA,2,5,5,8,6,0
P1a08daebf48e:S1,doi:10.1371/journal.pone.0329413,10.1371/journal.pone.0329413,2025,1,Spanish general-population HRQoL and QALY loss under the first COVID-19 lockdown,HEALTH_OUTCOME_RESEARCH,COMPLETED,RESULTS_REPORTED,ECONOMIC_BURDEN_ESTIMATION | OUTCOME_DESCRIPTION,Spain,,,,,,,74-RA,2,4,6,7,10,0
P1a1cd119163d:study_main,doi:10.5492/wjccm.v11.i4.236,10.5492/wjccm.v11.i4.236,2022,1,Conceptual guidance for HRQoL and health-utility reporting in critical care,METHODS_RESEARCH,COMPLETED,RESULTS_REPORTED,CONCEPTUAL_FRAMEWORK_DEVELOPMENT | METHOD_OR_PROTOCOL_QUALITY,,CONCEPTUAL,NOT_APPLICABLE,BETWEEN_INSTRUMENT,NOT_APPLICABLE,NARRATIVE_SYNTHESIS,,299-RA,0,5,2,4,5,1
P1c48648faab6:S1,doi:10.1002/hpm.2408,10.1002/hpm.2408,2017,1,"Bandung Neurosurgery Patient Outcomes Project, Part I: admission and pre-discharge outcomes",HEALTH_OUTCOME_RESEARCH,DATA_COLLECTION_COMPLETE,PARTIAL_RESULTS,OUTCOME_DESCRIPTION,Indonesia,QUANTITATIVE_EMPIRICAL,LONGITUDINAL_REPEATED,BETWEEN_GROUP,NOT_APPLICABLE,,,2015170,0,5,7,7,1,0
P1cc9f0b38eb2:s1,doi:10.1016/j.jval.2025.08.010,10.1016/j.jval.2025.08.010,2025,1,Australian vignette-based DCE of health context and ASCOT preferences,HEALTH_PREFERENCE_RESEARCH,COMPLETED,RESULTS_REPORTED,HEALTH_STATE_VALUATION | PREFERENCE_COMPARISON | VALUATION_METHOD_EVALUATION,Australia,QUANTITATIVE_EMPIRICAL,CROSS_SECTIONAL,BETWEEN_GROUP | WITHIN_PERSON,RANDOMIZED,,,148-RA,2,4,6,5,6,0
P1d1a27cc16eb:study_main,doi:10.1186/s12891-024-07304-5,10.1186/s12891-024-07304-5,2024,1,Patient evaluation of EQ-5D-5L visualizations in an individualized total knee arthroplasty decision aid,APPLIED_USE_RESEARCH,COMPLETED,RESULTS_REPORTED,DECISION_SUPPORT_DEVELOPMENT | IMPLEMENTATION_EVALUATION,Canada,QUALITATIVE_INQUIRY | QUANTITATIVE_EMPIRICAL,CROSS_SECTIONAL,WITHIN_PERSON,NONRANDOMIZED,NOT_APPLICABLE,CONVERGENT_PARALLEL,445-RA,2,2,9,10,3,1
P1d45831db1bb:S1,doi:10.1177/23814683221083839,10.1177/23814683221083839,2022,1,EQ-5D-5L sample size and model prediction accuracy study,METHODS_RESEARCH,COMPLETED,RESULTS_REPORTED,METHOD_OR_PROTOCOL_QUALITY | VALUATION_METHOD_EVALUATION,Netherlands | Norway | United States,QUANTITATIVE_EMPIRICAL,CROSS_SECTIONAL,BETWEEN_METHOD,NOT_APPLICABLE,NOT_APPLICABLE,,2015070,0,1,5,6,6,0
P1d8b85eefffe:S1,doi:10.1007/s11136-025-04133-4,10.1007/s11136-025-04133-4,2026,1,Validation of EQ-5D-5L breathing and cognition bolt-ons after non-hospitalized COVID-19,MEASUREMENT_PROPERTY_EVALUATION,COMPLETED,RESULTS_REPORTED,MEASUREMENT_PROPERTY_EVALUATION,Norway,QUANTITATIVE_EMPIRICAL,LONGITUDINAL_REPEATED,WITHIN_PERSON,NOT_APPLICABLE,NOT_APPLICABLE,,1816-RA,0,9,5,6,4,2
P1de4bedca39b:S1,doi:10.1017/s0266462326103602,10.1017/s0266462326103602,2026,1,Global survey of HTA practitioners about HRQoL evidence,APPLIED_USE_RESEARCH,COMPLETED,RESULTS_REPORTED,IMPLEMENTATION_EVALUATION | METHOD_OR_PROTOCOL_QUALITY | OUTCOME_DESCRIPTION,,QUALITATIVE_INQUIRY | QUANTITATIVE_EMPIRICAL,CROSS_SECTIONAL,BETWEEN_CONTEXT,NOT_APPLICABLE,NOT_APPLICABLE,CONVERGENT_PARALLEL,,0,9,12,8,6,0
P1ee2d617ca61:S1,doi:10.1177/0272989x16651885,10.1177/0272989x16651885,2016,1,"Methodological framework for assessing and handling regional variation in EQ-5D-5L health state preferences, illustrated with the Canadian EQ-5D-5L valuation study",METHODS_RESEARCH,COMPLETED,RESULTS_REPORTED,METHOD_OR_PROTOCOL_QUALITY | VALUATION_METHOD_EVALUATION | VALUE_SET_DEVELOPMENT,Canada,MODEL_BASED | QUANTITATIVE_EMPIRICAL,CROSS_SECTIONAL,BETWEEN_CONTEXT | BETWEEN_METHOD,NOT_APPLICABLE,,,2015140,0,2,9,6,3,2
P1ef2252322b4:S1,doi:10.1007/s11136-025-03917-y,10.1007/s11136-025-03917-y,2025,1,Content validity evaluation of the simplified Chinese EQ-5D-Y-3L,MEASUREMENT_PROPERTY_EVALUATION,COMPLETED,RESULTS_REPORTED,CONTENT_VALIDITY_EVALUATION,China,QUALITATIVE_INQUIRY,CROSS_SECTIONAL,BETWEEN_GROUP,NOT_APPLICABLE,,,401-RA,2,2,4,8,3,0
P1f6b4b43f6fa:s1,doi:10.1177/0272989x251407950,10.1177/0272989x251407950,2026,1,Australian adult valuation of EQ-5D-Y-5L with nonlinear DCE methods,METHODS_RESEARCH,COMPLETED,RESULTS_REPORTED,HEALTH_STATE_VALUATION | PREFERENCE_COMPARISON | VALUATION_METHOD_EVALUATION,Australia,QUANTITATIVE_EMPIRICAL,CROSS_SECTIONAL,BETWEEN_GROUP,NONRANDOMIZED,NOT_APPLICABLE,,1888-RA,2,2,4,8,6,1
P20689af7e149:study_main,doi:10.3389/ijph.2026.1608807,10.3389/ijph.2026.1608807,2026,1,Comparison of health-related quality of life between Ukrainian refugees and the Estonian general population,HEALTH_OUTCOME_RESEARCH,COMPLETED,RESULTS_REPORTED,OUTCOME_DESCRIPTION,Estonia,QUANTITATIVE_EMPIRICAL,CROSS_SECTIONAL,BETWEEN_GROUP,NOT_APPLICABLE,,,1987-SG,0,2,4,6,6,0
P215079a9379a:S1,doi:10.1007/s40271-021-00496-1,10.1007/s40271-021-00496-1,2021,1,Development and testing of a card-ranking method for EQ-5D-Y-5L severity qualifiers,METHODS_RESEARCH,COMPLETED,RESULTS_REPORTED,CONTENT_VALIDITY_EVALUATION | IMPLEMENTATION_EVALUATION | METHOD_OR_PROTOCOL_QUALITY,Indonesia | South Africa | Spain,,,,,,SEQUENTIAL,,3,2,10,8,4,1
P215f2fca1513:S1,doi:10.1016/j.jval.2024.03.002,10.1016/j.jval.2024.03.002,2024,1,"Comparative measurement properties of EQ-HWB, EQ-HWB-S, and EQ-5D-5L in Italian adults",MEASUREMENT_PROPERTY_EVALUATION,COMPLETED,RESULTS_REPORTED,MEASUREMENT_PROPERTY_EVALUATION,Italy,QUANTITATIVE_EMPIRICAL,CROSS_SECTIONAL,BETWEEN_INSTRUMENT,NOT_APPLICABLE,,,1514-RA,0,4,8,6,9,0
P2185e883790f:S1,doi:10.1007/s11136-018-1828-1,10.1007/s11136-018-1828-1,2018,1,Responsiveness of the anxiety/depression dimension of the EQ-5D-3L and EQ-5D-5L in two Canadian patient cohorts,MEASUREMENT_PROPERTY_EVALUATION,COMPLETED,RESULTS_REPORTED,MEASUREMENT_PROPERTY_EVALUATION,Canada,QUANTITATIVE_EMPIRICAL,LONGITUDINAL_REPEATED,BETWEEN_INSTRUMENT,NOT_APPLICABLE,,,2016520,2,5,5,6,5,0
P21b08206cd9b:S1,doi:10.1016/j.jval.2021.11.1370,10.1016/j.jval.2021.11.1370,2022,1,DEVINE Indian EQ-5D-5L valuation study,VALUE_SET_DEVELOPMENT,COMPLETED,RESULTS_REPORTED,HEALTH_STATE_VALUATION | VALUATION_METHOD_EVALUATION | VALUE_SET_DEVELOPMENT,,QUANTITATIVE_EMPIRICAL,CROSS_SECTIONAL,BETWEEN_METHOD,RANDOMIZED,NOT_APPLICABLE,,20170520,0,3,6,7,2,1
P21eacbb47a7a:S1,doi:10.1186/s41687-021-00374-2,10.1186/s41687-021-00374-2,2021,1,Integrated approach for selecting PROMs for use in health systems,CONCEPTUAL_FRAMEWORK_DEVELOPMENT,COMPLETED,RESULTS_REPORTED,CONCEPTUAL_FRAMEWORK_DEVELOPMENT | DECISION_SUPPORT_DEVELOPMENT,,CONCEPTUAL,NOT_APPLICABLE,NONCOMPARATIVE,NOT_APPLICABLE,,,96-EO,2,0,1,6,0,2
P2278cf2a5c5a:study_main,doi:10.1016/j.jval.2021.10.013,10.1016/j.jval.2021.10.013,2021,1,Spanish EQ-5D-Y-3L valuation and anchoring study,VALUE_SET_DEVELOPMENT,COMPLETED,RESULTS_REPORTED,HEALTH_STATE_VALUATION | VALUATION_METHOD_EVALUATION | VALUE_SET_DEVELOPMENT,Spain,,,,,,,,3,4,9,6,2,1
P239faea706d6:study_main,doi:10.1186/s12955-026-02575-z,10.1186/s12955-026-02575-z,2026,1,Randomised equivalence and known-groups validity study of Shona EQ-5D-5L administration modes,MEASUREMENT_PROPERTY_EVALUATION,COMPLETED,RESULTS_REPORTED,MEASUREMENT_PROPERTY_EVALUATION | OUTCOME_DESCRIPTION | TRANSLATION_AND_CULTURAL_ADAPTATION,,QUANTITATIVE_EMPIRICAL,CROSS_SECTIONAL,,RANDOMIZED,,,212-RA,3,6,7,7,5,1
P23ad4ce193cf:S1,doi:10.1002/hec.4179,10.1002/hec.4179,2020,1,"Conceptual analysis of the EQ-5D social tariff as an instrument of democratic collective choice, with a proposed majority-voting reformulation of the cost-effectiveness decision rule",CONCEPTUAL_FRAMEWORK_DEVELOPMENT,COMPLETED,RESULTS_REPORTED,CONCEPTUAL_FRAMEWORK_DEVELOPMENT | VALUATION_METHOD_EVALUATION,United Kingdom,CONCEPTUAL | QUANTITATIVE_EMPIRICAL,NOT_APPLICABLE,BETWEEN_METHOD,NOT_APPLICABLE,NOT_APPLICABLE,,,0,1,6,10,6,1
P240ce3c86e75:S1,doi:10.1177/0272989x17725748,10.1177/0272989x17725748,2017,1,Simulation study of empirical Bayes shrinkage estimators for EQ-5D-3L value sets based on 14 country valuation studies,METHODS_RESEARCH,COMPLETED,RESULTS_REPORTED,METHOD_OR_PROTOCOL_QUALITY | VALUATION_METHOD_EVALUATION,Canada | France | Germany | Italy | Japan | Netherlands | Poland | South Korea | Spain | Taiwan | United Kingdom | United States,MODEL_BASED,NOT_APPLICABLE,BETWEEN_METHOD,NOT_APPLICABLE,,,2015140,0,1,6,5,4,0
P241e75447809:study_main,doi:10.1007/s11136-026-04278-w,10.1007/s11136-026-04278-w,2026,1,"Food insecurity, psychological distress, and HRQoL in adults in Lebanon",HEALTH_OUTCOME_RESEARCH,COMPLETED,RESULTS_REPORTED,MEASUREMENT_PROPERTY_EVALUATION | OUTCOME_DESCRIPTION,,,,,,,,1696-RA,2,5,10,12,6,1
P2480f925f87e:S1,doi:10.1007/s11136-023-03381-6,10.1007/s11136-023-03381-6,2023,1,"Head-to-head comparison of sensitivity to change of EQ-5D-3L, EQ-5D-5L and HUI3 using OPTIMA trial data in people with prescription-type opioid use disorder in Canada",MEASUREMENT_PROPERTY_EVALUATION,COMPLETED,RESULTS_REPORTED,MEASUREMENT_PROPERTY_EVALUATION | METHOD_OR_PROTOCOL_QUALITY,Canada,QUANTITATIVE_EMPIRICAL,LONGITUDINAL_REPEATED,BETWEEN_GROUP | BETWEEN_INSTRUMENT | WITHIN_PERSON,NOT_APPLICABLE,NOT_APPLICABLE,,,0,10,8,7,5,0
P24ce30099a07:S1,doi:10.1007/s11136-020-02469-7,10.1007/s11136-020-02469-7,2020,1,"EQ-5D-5L valuation study in a nationally representative Vietnamese adult sample (EQ-VT 2.1, C-TTO and DCE)",VALUE_SET_DEVELOPMENT,COMPLETED,RESULTS_REPORTED,HEALTH_STATE_VALUATION | VALUE_SET_DEVELOPMENT,Vietnam,QUANTITATIVE_EMPIRICAL,CROSS_SECTIONAL,BETWEEN_METHOD,NOT_APPLICABLE,NOT_APPLICABLE,,20170220,0,4,11,9,4,1
P24dd416af1c6:st1,doi:10.1007/s00415-025-13024-0,10.1007/s00415-025-13024-0,2025,1,Longitudinal HRQoL and depressive symptoms in polyQ spinocerebellar ataxia,HEALTH_OUTCOME_RESEARCH,COMPLETED,RESULTS_REPORTED,OUTCOME_DESCRIPTION,United States,QUANTITATIVE_EMPIRICAL,LONGITUDINAL_REPEATED,BETWEEN_GROUP | WITHIN_PERSON,NOT_APPLICABLE,,,349-RA,0,4,2,8,6,0
P252f13cf8d71:S1,doi:10.1007/s11136-017-1753-8,10.1007/s11136-017-1753-8,2017,1,"Longitudinal secondary analysis of predictors of self-reported EQ-5D-Y health-related quality of life in German children and adolescents with asthma, diabetes or juvenile arthritis (Kids-CAT study)",HEALTH_OUTCOME_RESEARCH,COMPLETED,RESULTS_REPORTED,MEASUREMENT_PROPERTY_EVALUATION | OUTCOME_DESCRIPTION,Germany,QUANTITATIVE_EMPIRICAL,LONGITUDINAL_REPEATED,BETWEEN_GROUP,NONRANDOMIZED,,,2016270,0,5,5,8,6,0
P25a8a0815f71:S1,doi:10.1007/s10198-018-0993-z,10.1007/s10198-018-0993-z,2018,1,Pilot feasibility study of directly eliciting personal utility functions (PUFs) for EQ-5D in an English general public sample,METHODS_RESEARCH,COMPLETED,RESULTS_REPORTED,HEALTH_STATE_VALUATION | VALUATION_METHOD_EVALUATION | VALUE_SET_DEVELOPMENT,United Kingdom,QUANTITATIVE_EMPIRICAL,CROSS_SECTIONAL,WITHIN_PERSON,NONRANDOMIZED,,,2014170,0,3,9,9,9,2
P260b57f46c00:S1,doi:10.1093/haschl/qxae053,10.1093/haschl/qxae053,2024,1,Global clinical genomic sequencing implementation commentary,CONCEPTUAL_FRAMEWORK_DEVELOPMENT,COMPLETED,RESULTS_REPORTED,CONCEPTUAL_FRAMEWORK_DEVELOPMENT,,CONCEPTUAL,NOT_APPLICABLE,NONCOMPARATIVE,NOT_APPLICABLE,NOT_APPLICABLE,,,2,1,3,4,0,0
P26e34535433e:S1,doi:10.24926/iip.v0i0.1497,10.24926/iip.v0i0.1497,2018,1,Theoretical and empirical analysis of alternative (psychometric) scoring functions for the EQ-5D-5L,METHODS_RESEARCH,ANALYSIS_ACTIVE,PARTIAL_RESULTS,MEASUREMENT_PROPERTY_EVALUATION | VALUATION_METHOD_EVALUATION,,QUANTITATIVE_EMPIRICAL,CROSS_SECTIONAL,BETWEEN_METHOD,NOT_APPLICABLE,,,,0,4,3,4,0,0
P26e34535433e:S2,doi:10.24926/iip.v0i0.1497,10.24926/iip.v0i0.1497,2018,2,Comparison of self-rated health of US adults in 2002 versus 2017 using EQ-5D-3L and EQ VAS,POPULATION_REFERENCE_DESCRIPTION,COMPLETED,RESULTS_REPORTED,OUTCOME_DESCRIPTION | POPULATION_NORMS,United States,QUANTITATIVE_EMPIRICAL,CROSS_SECTIONAL,BETWEEN_GROUP,NOT_APPLICABLE,,,,0,2,1,2,0,0
P271d2194b5f4:study_main,doi:10.1016/j.jval.2024.05.007,10.1016/j.jval.2024.05.007,2024,1,Psychometric comparison of the experimental EQ-HWB-S and EQ-5D-5L in a United Kingdom population sample,MEASUREMENT_PROPERTY_EVALUATION,COMPLETED,RESULTS_REPORTED,MEASUREMENT_PROPERTY_EVALUATION,United Kingdom,,,,,,,1455-RA,3,3,10,7,5,0
P278ebdbd9b85:S1,doi:10.1007/s40258-022-00754-9,10.1007/s40258-022-00754-9,2022,1,EQ-5D-5L health inequality baselines for five Caribbean Basin countries,POPULATION_REFERENCE_DESCRIPTION,COMPLETED,RESULTS_REPORTED,OUTCOME_DESCRIPTION | POPULATION_NORMS,,QUANTITATIVE_EMPIRICAL,CROSS_SECTIONAL,BETWEEN_CONTEXT,NOT_APPLICABLE,NOT_APPLICABLE,,,0,3,10,9,4,1
P281e1d68a4ab:study1,doi:10.1016/j.jval.2026.06.021,10.1016/j.jval.2026.06.021,2026,1,LLM-assisted identification and drafting of EQ-5D-5L bolt-ons from celiac disease narratives,METHODS_RESEARCH,COMPLETED,RESULTS_REPORTED,CONTENT_VALIDITY_EVALUATION | INSTRUMENT_DEVELOPMENT | METHOD_OR_PROTOCOL_QUALITY,Netherlands,,,,,,CONVERGENT_PARALLEL,1792-SG,2,3,12,8,6,1
P2877f2b4d580:S1,doi:10.1007/s40271-020-00419-6,10.1007/s40271-020-00419-6,2020,1,Measurement equivalence of paper and electronic modes of the UK English EQ-5D-5L in UK general-population samples,MEASUREMENT_PROPERTY_EVALUATION,COMPLETED,RESULTS_REPORTED,MEASUREMENT_PROPERTY_EVALUATION,United Kingdom,QUANTITATIVE_EMPIRICAL,LONGITUDINAL_REPEATED,BETWEEN_CONTEXT | WITHIN_PERSON,NOT_REPORTED,NOT_APPLICABLE,,2014180,5,3,10,9,4,0
P2939d69f0c80:S1,doi:10.1016/j.ssmqr.2024.100398,10.1016/j.ssmqr.2024.100398,2024,1,US qualitative development of a global self-perceived burden item,INSTRUMENT_VERSION_DEVELOPMENT,COMPLETED,RESULTS_REPORTED,CONCEPTUAL_FRAMEWORK_DEVELOPMENT | CONTENT_VALIDITY_EVALUATION | INSTRUMENT_DEVELOPMENT,United States,QUALITATIVE_INQUIRY,CROSS_SECTIONAL,NONCOMPARATIVE,NOT_APPLICABLE,NOT_APPLICABLE,,,2,4,9,8,5,1
P2a585bd1b140:S1,doi:10.1016/j.jval.2014.04.002,10.1016/j.jval.2014.04.002,2014,1,EuroQol methodological research programme leading to the international EQ-5D-5L valuation protocol,METHODS_RESEARCH,COMPLETED,RESULTS_REPORTED,METHOD_OR_PROTOCOL_QUALITY | VALUATION_METHOD_EVALUATION,Canada | China | Netherlands | Singapore | Spain | United Kingdom | United States,QUANTITATIVE_EMPIRICAL,CROSS_SECTIONAL,BETWEEN_METHOD,NOT_REPORTED,,,,5,4,11,8,5,2
P2b751a90c22f:S1,doi:10.1136/bmjopen-2023-077256,10.1136/bmjopen-2023-077256,2023,1,US EQ-5D-Y-3L discrete choice experiment protocol comparing paired comparison and kaizen tasks on an experience scale,METHODS_RESEARCH,PLANNED,NO_RESULTS_YET,HEALTH_STATE_VALUATION | PREFERENCE_COMPARISON | VALUATION_METHOD_EVALUATION | VALUE_SET_DEVELOPMENT,United States,QUANTITATIVE_EMPIRICAL,CROSS_SECTIONAL,BETWEEN_METHOD | WITHIN_PERSON,RANDOMIZED,NOT_APPLICABLE,,304-PHD,0,5,12,0,4,2
P2ba84add45b1:study_main,doi:10.1186/s41687-021-00385-z,10.1186/s41687-021-00385-z,2021,1,Mental-health symptom burden and management through routine PROM use in in-centre hemodialysis,HEALTH_OUTCOME_RESEARCH,COMPLETED,RESULTS_REPORTED,IMPLEMENTATION_EVALUATION | OUTCOME_DESCRIPTION,Canada,,,,,,CONVERGENT_PARALLEL,,2,4,8,5,4,0
P2bbdfa14a665:S1,doi:10.1016/j.jval.2018.02.003,10.1016/j.jval.2018.02.003,2018,1,Test-retest reliability of C-TTO and DCE in the Indonesian EQ-5D-5L valuation study,METHODS_RESEARCH,COMPLETED,RESULTS_REPORTED,MEASUREMENT_PROPERTY_EVALUATION | PREFERENCE_COMPARISON | VALUATION_METHOD_EVALUATION,Indonesia,QUANTITATIVE_EMPIRICAL,LONGITUDINAL_REPEATED,BETWEEN_METHOD,RANDOMIZED,,,2013240,0,5,8,7,3,0
P2bc484f08d4a:study_main,doi:10.1177/0272989x251380556,10.1177/0272989x251380556,2025,1,Uncertainty around health state values used in cost-effectiveness analysis,CONCEPTUAL_FRAMEWORK_DEVELOPMENT,COMPLETED,RESULTS_REPORTED,CONCEPTUAL_FRAMEWORK_DEVELOPMENT | METHOD_OR_PROTOCOL_QUALITY,,,,,,,,399-RA,2,1,2,7,3,1
P2be05b912ff6:S1,doi:10.1177/0272989x241241328,10.1177/0272989x241241328,2024,1,Canadian multiply imputed EQ-5D-5L value-set development and application,VALUE_SET_DEVELOPMENT,COMPLETED,RESULTS_REPORTED,METHOD_OR_PROTOCOL_QUALITY | OUTCOME_DESCRIPTION | VALUE_SET_DEVELOPMENT,Canada,,,,,,,109-RA,3,6,9,6,4,3
P2c48092858bd:S1,doi:10.1016/j.jval.2025.07.009,10.1016/j.jval.2025.07.009,2025,1,Psychometric evaluation of EQ-5D-5L and AQoL-8D in Australian informal carers,MEASUREMENT_PROPERTY_EVALUATION,COMPLETED,RESULTS_REPORTED,MEASUREMENT_PROPERTY_EVALUATION,Australia,QUANTITATIVE_EMPIRICAL,LONGITUDINAL_REPEATED,BETWEEN_INSTRUMENT,NOT_APPLICABLE,,,1481-PHD,0,7,10,7,4,0
P2cab3c27ba65:S1,doi:10.3389/fpsyg.2023.1175402,10.3389/fpsyg.2023.1175402,2023,1,Age dependency of EQ-5D-Y health state values elicited with a DCE with duration in Dutch and Chinese general population samples,HEALTH_PREFERENCE_RESEARCH,COMPLETED,RESULTS_REPORTED,HEALTH_STATE_VALUATION | PREFERENCE_COMPARISON | VALUATION_METHOD_EVALUATION,China | Netherlands,QUANTITATIVE_EMPIRICAL,CROSS_SECTIONAL,BETWEEN_CONTEXT | BETWEEN_GROUP,RANDOMIZED,NOT_APPLICABLE,,,2,4,11,9,6,0
P2ce964bf6191:study_1,doi:10.1007/s11136-025-03990-3,10.1007/s11136-025-03990-3,2025,1,P-PROM ROCK Phase 1 qualitative stakeholder study,APPLIED_USE_RESEARCH,COMPLETED,RESULTS_REPORTED,CONTENT_VALIDITY_EVALUATION | IMPLEMENTATION_EVALUATION,Australia,QUALITATIVE_INQUIRY,CROSS_SECTIONAL,BETWEEN_GROUP,NOT_APPLICABLE,NOT_APPLICABLE,,330-PHD,0,3,6,7,5,1
P2d1b0ab91003:S1,doi:10.1371/journal.pone.0184883,10.1371/journal.pone.0184883,2017,1,Factors associated with individual-level logical inconsistency in composite TTO valuation of EQ-5D-5L health states in China,METHODS_RESEARCH,COMPLETED,RESULTS_REPORTED,METHOD_OR_PROTOCOL_QUALITY | VALUATION_METHOD_EVALUATION,China,QUANTITATIVE_EMPIRICAL,CROSS_SECTIONAL,BETWEEN_GROUP,NONRANDOMIZED,,,2015230,0,2,7,6,2,0
P2d524dc2d308:S1,doi:10.1002/ppul.71031,10.1002/ppul.71031,2025,1,Psychometric evaluation of Chinese EQ-5D-Y-3L and EQ-5D-Y-5L in children with asthma,MEASUREMENT_PROPERTY_EVALUATION,COMPLETED,RESULTS_REPORTED,MEASUREMENT_PROPERTY_EVALUATION,China,QUANTITATIVE_EMPIRICAL,LONGITUDINAL_REPEATED,BETWEEN_INSTRUMENT | WITHIN_DYAD | WITHIN_PERSON,NONRANDOMIZED,,,20170330,0,8,13,7,5,1
P2d7a975a6eb6:S1,doi:10.1007/s10198-017-0905-7,10.1007/s10198-017-0905-7,2017,1,Two-arm online DCE testing 'in context' presentation of EQ-5D-5L health states (UK),METHODS_RESEARCH,COMPLETED,RESULTS_REPORTED,METHOD_OR_PROTOCOL_QUALITY | VALUATION_METHOD_EVALUATION,United Kingdom,QUANTITATIVE_EMPIRICAL,CROSS_SECTIONAL,BETWEEN_METHOD,RANDOMIZED,,,2015440,0,3,7,9,6,0
P2dd4024b8b54:S1,doi:10.1016/j.socscimed.2023.115818,10.1016/j.socscimed.2023.115818,2023,1,Australian randomized comparison of online and face-to-face cTTO interviews,METHODS_RESEARCH,COMPLETED,RESULTS_REPORTED,IMPLEMENTATION_EVALUATION | METHOD_OR_PROTOCOL_QUALITY | VALUATION_METHOD_EVALUATION,Australia,QUANTITATIVE_EMPIRICAL,CROSS_SECTIONAL,BETWEEN_CONTEXT,RANDOMIZED,NOT_APPLICABLE,,282-RA,0,4,10,10,6,0
P2e7d447d56f1:s1,doi:10.1007/s11136-026-04288-8,10.1007/s11136-026-04288-8,2026,1,Qualitative study of obesity- and metabolic-bariatric-surgery-related HRQoL in Singapore,HEALTH_OUTCOME_RESEARCH,COMPLETED,RESULTS_REPORTED,OUTCOME_DESCRIPTION,Singapore,QUALITATIVE_INQUIRY,CROSS_SECTIONAL,BETWEEN_GROUP,NOT_APPLICABLE,NOT_APPLICABLE,,,2,1,4,7,5,0
P2ec31f03673a:s1,doi:10.2340/17453674.2022.4856,10.2340/17453674.2022.4856,2022,1,COVID-19 lockdown and PROMs in Dutch hip and knee arthroplasty patients,HEALTH_OUTCOME_RESEARCH,COMPLETED,RESULTS_REPORTED,OUTCOME_DESCRIPTION,Netherlands,QUANTITATIVE_EMPIRICAL,CROSS_SECTIONAL,BETWEEN_CONTEXT,NOT_APPLICABLE,,,,2,7,3,7,6,0
P2ecde63ace45:S1,doi:10.1016/j.jval.2014.11.005,10.1016/j.jval.2014.11.005,2015,1,Secondary analysis of sequence effects on response precision and behavior in six health valuation studies,METHODS_RESEARCH,COMPLETED,RESULTS_REPORTED,METHOD_OR_PROTOCOL_QUALITY | VALUATION_METHOD_EVALUATION,Netherlands | Spain | United States,QUANTITATIVE_EMPIRICAL,CROSS_SECTIONAL,WITHIN_PERSON,RANDOMIZED,,,2013130,0,2,7,5,4,0
P2f1edc9ad2af:S1,doi:10.1007/s11136-017-1541-5,10.1007/s11136-017-1541-5,2017,1,"Cross-country comparison of EQ-5D self-reported health and TTO valuation, with focus on pain/discomfort (Japan, UK/England, Spain)",METHODS_RESEARCH,COMPLETED,RESULTS_REPORTED,METHOD_OR_PROTOCOL_QUALITY | OUTCOME_DESCRIPTION | PREFERENCE_COMPARISON,Japan | Spain | United Kingdom,QUANTITATIVE_EMPIRICAL,CROSS_SECTIONAL,BETWEEN_CONTEXT | BETWEEN_INSTRUMENT,NOT_APPLICABLE,,,2013140 | 2014110,0,5,10,10,6,0
P2f6a61c2c5dd:S1,doi:10.1186/s12955-022-02049-y,10.1186/s12955-022-02049-y,2022,1,Head-to-head psychometric comparison of EQ-5D-3L and EQ-5D-5L proxy ratings in dementia,MEASUREMENT_PROPERTY_EVALUATION,COMPLETED,RESULTS_REPORTED,MEASUREMENT_PROPERTY_EVALUATION,Germany,QUANTITATIVE_EMPIRICAL,LONGITUDINAL_REPEATED,BETWEEN_CONTEXT | BETWEEN_INSTRUMENT,NONRANDOMIZED,NOT_APPLICABLE,,152-RA,2,11,12,9,5,0
P2fc0148fc2b6:S1,doi:10.1186/s13643-025-03060-2,10.1186/s13643-025-03060-2,2026,1,Scoping review of generic pediatric HRQoL instruments in low- and middle-income countries,EVIDENCE_SYNTHESIS,COMPLETED,RESULTS_REPORTED,EVIDENCE_SYNTHESIS | MEASUREMENT_PROPERTY_EVALUATION,,EVIDENCE_SYNTHESIS,VARIABLE_SOURCE_TIME,NONCOMPARATIVE,NOT_APPLICABLE,NARRATIVE_SYNTHESIS | SYSTEMATIC_REVIEW,,1812-PHD,0,13,6,10,4,0
P30bb7fbab627:S1,doi:10.1186/s12955-023-02100-6,10.1186/s12955-023-02100-6,2023,1,"Validity, reliability and feasibility of the EQ-5D-Y-3L interviewer-administered version in South African children aged 5-10 years",MEASUREMENT_PROPERTY_EVALUATION,COMPLETED,RESULTS_REPORTED,CONTENT_VALIDITY_EVALUATION | MEASUREMENT_PROPERTY_EVALUATION,South Africa,QUALITATIVE_INQUIRY | QUANTITATIVE_EMPIRICAL,LONGITUDINAL_REPEATED,BETWEEN_GROUP | BETWEEN_INSTRUMENT | WITHIN_PERSON,NOT_APPLICABLE,NOT_APPLICABLE,EMBEDDED,142-RA,0,6,15,11,6,0
P3172d43cb5a1:s1,doi:10.1186/s41687-024-00761-5,10.1186/s41687-024-00761-5,2024,1,Cross-cultural adaptation and psychometric validation of Chichewa PedsQL 4.0 GCS child and teen self-reports,INSTRUMENT_VERSION_DEVELOPMENT,COMPLETED,RESULTS_REPORTED,MEASUREMENT_PROPERTY_EVALUATION | TRANSLATION_AND_CULTURAL_ADAPTATION,Malawi,,,,,,SEQUENTIAL,20190200,2,10,14,11,2,2
P31880b898cdd:S1,doi:10.1007/s11136-024-03618-y,10.1007/s11136-024-03618-y,2024,1,Canadian stakeholder views on measuring and valuing child health,METHODS_RESEARCH,COMPLETED,RESULTS_REPORTED,METHOD_OR_PROTOCOL_QUALITY,Canada,QUALITATIVE_INQUIRY,CROSS_SECTIONAL,BETWEEN_INSTRUMENT | BETWEEN_METHOD,NOT_APPLICABLE,NOT_APPLICABLE,,342-RA,0,2,7,7,2,0
P31ae298aa33f:study1,doi:10.1186/s12955-021-01858-x,10.1186/s12955-021-01858-x,2021,1,Adult public perspectives on valuing child and adolescent EQ-5D-Y health states,METHODS_RESEARCH,COMPLETED,RESULTS_REPORTED,HEALTH_STATE_VALUATION | PREFERENCE_COMPARISON | VALUATION_METHOD_EVALUATION,United Kingdom,,,,,,SEQUENTIAL,2016560,2,3,7,11,7,1
P31ff012c0beb:S1,doi:10.1186/s41687-024-00706-y,10.1186/s41687-024-00706-y,2024,1,Italian EQ-HWB and EQ-HWB-S content-validity study,MEASUREMENT_PROPERTY_EVALUATION,COMPLETED,RESULTS_REPORTED,CONTENT_VALIDITY_EVALUATION | TRANSLATION_AND_CULTURAL_ADAPTATION,Italy,QUALITATIVE_INQUIRY,CROSS_SECTIONAL,BETWEEN_GROUP,NOT_APPLICABLE,NOT_APPLICABLE,,354-RA,0,4,11,8,4,2
P3269bc00615f:STU1,doi:10.1016/j.zefq.2019.05.011,10.1016/j.zefq.2019.05.011,2019,1,"Development of the German EQ-5D-Y-5L: identification of response labels and pilot testing (German arm of the international EQ-5D-Y label-extension study, May 2014 to May 2017)",INSTRUMENT_VERSION_DEVELOPMENT,COMPLETED,RESULTS_REPORTED,CONTENT_VALIDITY_EVALUATION | INSTRUMENT_DEVELOPMENT,Germany,,CROSS_SECTIONAL,,NOT_APPLICABLE,NOT_APPLICABLE,SEQUENTIAL,2013200,3,9,7,7,4,2
P32b9b8ac1bf0:S1,doi:10.1016/j.jval.2023.08.013,10.1016/j.jval.2023.08.013,2023,1,"Cross-sectional Australian survey estimating quality-adjusted life expectancy by geographic remoteness and an intersectional MAIHDA of age, sex, and area socioeconomic disadvantage",HEALTH_OUTCOME_RESEARCH,COMPLETED,RESULTS_REPORTED,OUTCOME_DESCRIPTION,Australia,MODEL_BASED | QUANTITATIVE_EMPIRICAL,CROSS_SECTIONAL,BETWEEN_CONTEXT | BETWEEN_GROUP,NOT_APPLICABLE,,,198-RA,0,2,7,9,6,1
P3319159056bb:S1,doi:10.1007/s11136-025-04061-3,10.1007/s11136-025-04061-3,2025,1,EQ-HWB-9 psychometric performance in Australian and New Zealand adults,MEASUREMENT_PROPERTY_EVALUATION,COMPLETED,RESULTS_REPORTED,MEASUREMENT_PROPERTY_EVALUATION | OUTCOME_DESCRIPTION,Australia,QUANTITATIVE_EMPIRICAL,CROSS_SECTIONAL,BETWEEN_GROUP,NOT_APPLICABLE,NOT_APPLICABLE,,1772-RA,0,5,7,6,6,1
P331a66a51c5a:S1,doi:10.1007/s40271-025-00735-9,10.1007/s40271-025-00735-9,2025,1,"Attribute non-attendance across EQ-5D-5L DCE designs with and without attribute level overlap, Australian general population",METHODS_RESEARCH,COMPLETED,RESULTS_REPORTED,METHOD_OR_PROTOCOL_QUALITY | VALUATION_METHOD_EVALUATION,Australia,QUANTITATIVE_EMPIRICAL,CROSS_SECTIONAL,BETWEEN_METHOD,RANDOMIZED,,,2016260,0,2,8,7,4,0
P331d417da70a:S1,doi:10.1016/j.socscimed.2022.115474,10.1016/j.socscimed.2022.115474,2022,1,Effects of self-reported serious health problems on EQ-5D-5L valuation,HEALTH_PREFERENCE_RESEARCH,COMPLETED,RESULTS_REPORTED,CONCEPTUAL_FRAMEWORK_DEVELOPMENT | PREFERENCE_COMPARISON,United Kingdom,QUANTITATIVE_EMPIRICAL,CROSS_SECTIONAL,BETWEEN_GROUP,NOT_APPLICABLE,NOT_APPLICABLE,,2013170,0,3,9,6,6,1
P33e1ff3c606a:S1,doi:10.1007/s11136-014-0897-z,10.1007/s11136-014-0897-z,2014,1,Preference inversion sub-study of the 2013 US Measurement and Valuation of Health Study,METHODS_RESEARCH,COMPLETED,RESULTS_REPORTED,CONTENT_VALIDITY_EVALUATION | VALUATION_METHOD_EVALUATION,United States,QUANTITATIVE_EMPIRICAL,CROSS_SECTIONAL,BETWEEN_INSTRUMENT,RANDOMIZED,,,2013100,0,3,4,4,2,0
P34048da33620:S1,doi:10.1016/j.vaccine.2024.126568,10.1016/j.vaccine.2024.126568,2024,1,Psychometric evaluation of the adult Vaccine Hesitancy Scale for prenatal vaccines,MEASUREMENT_PROPERTY_EVALUATION,COMPLETED,RESULTS_REPORTED,MEASUREMENT_PROPERTY_EVALUATION | OUTCOME_DESCRIPTION,United States,QUANTITATIVE_EMPIRICAL,CROSS_SECTIONAL,BETWEEN_GROUP,NOT_APPLICABLE,NOT_APPLICABLE,,260-RA | 384-RA,0,2,6,6,4,0
P344e1caf5a7e:study1,doi:10.1007/s11136-026-04294-w,10.1007/s11136-026-04294-w,2026,1,EQ-DAPHNIE socioeconomic gradients in EQ VAS within identical EQ-5D-5L profiles,HEALTH_OUTCOME_RESEARCH,COMPLETED,RESULTS_REPORTED,OUTCOME_DESCRIPTION,Australia | Canada | France | Germany | Netherlands | United Kingdom | United States,QUANTITATIVE_EMPIRICAL,CROSS_SECTIONAL,BETWEEN_GROUP,NOT_APPLICABLE,,,1830-RA | 367-RA,0,2,5,5,7,0
P34641e0e4fa3:s1,doi:10.1007/s11136-026-04195-y,10.1007/s11136-026-04195-y,2026,1,Transcultural translation and adaptation of EQ-5D-5L for Nepal,INSTRUMENT_VERSION_DEVELOPMENT,COMPLETED,RESULTS_REPORTED,CONTENT_VALIDITY_EVALUATION | INSTRUMENT_DEVELOPMENT | METHOD_OR_PROTOCOL_QUALITY | TRANSLATION_AND_CULTURAL_ADAPTATION,,,,,,,,,2,7,10,10,6,3
P3477bfec8929:study_1,doi:10.1007/s40271-024-00715-5,10.1007/s40271-024-00715-5,2024,1,EQ-HWB proxy appropriateness study in residential aged care,MEASUREMENT_PROPERTY_EVALUATION,COMPLETED,RESULTS_REPORTED,CONTENT_VALIDITY_EVALUATION | IMPLEMENTATION_EVALUATION,Australia,QUALITATIVE_INQUIRY,CROSS_SECTIONAL,NONCOMPARATIVE,NOT_APPLICABLE,NOT_APPLICABLE,,150-RA,0,1,5,7,5,0
P3614355ca2f1:s1,doi:10.1007/s10198-024-01669-z,10.1007/s10198-024-01669-z,2024,1,Validity and responsiveness of Chinese EQ-5D-Y-3L and EQ-5D-Y-5L in paediatric haematological malignancies,MEASUREMENT_PROPERTY_EVALUATION,COMPLETED,RESULTS_REPORTED,MEASUREMENT_PROPERTY_EVALUATION,China,QUANTITATIVE_EMPIRICAL,LONGITUDINAL_REPEATED,BETWEEN_INSTRUMENT | WITHIN_DYAD | WITHIN_PERSON,NOT_APPLICABLE,,,20170330,2,8,6,6,5,2
P362be7fa8a06:S1,doi:10.2196/55267,10.2196/55267,2024,1,Qualitative development of design components for clinical dashboards incorporating PROMs,CONCEPTUAL_FRAMEWORK_DEVELOPMENT,COMPLETED,RESULTS_REPORTED,CONCEPTUAL_FRAMEWORK_DEVELOPMENT | DECISION_SUPPORT_DEVELOPMENT | IMPLEMENTATION_EVALUATION,Germany,,,,,,,301-SG,1,1,4,6,3,1
P362c59ad9c33:S1,doi:10.1186/1477-7525-8-72,10.1186/1477-7525-8-72,2010,1,"EQ-5D-Y self- and proxy-reported HRQoL in children at special versus open schools, Cape Town",HEALTH_OUTCOME_RESEARCH,COMPLETED,RESULTS_REPORTED,MEASUREMENT_PROPERTY_EVALUATION | OUTCOME_DESCRIPTION,South Africa,QUANTITATIVE_EMPIRICAL,CROSS_SECTIONAL,BETWEEN_GROUP,NOT_APPLICABLE,,,,0,3,5,7,4,0
P36ab6ca64f33:S1,doi:10.1007/s40273-024-01356-0,10.1007/s40273-024-01356-0,2024,1,EQ-5D-Y-3L child-parent inter-rater and intra-proxy agreement study,MEASUREMENT_PROPERTY_EVALUATION,COMPLETED,RESULTS_REPORTED,MEASUREMENT_PROPERTY_EVALUATION,Australia,QUANTITATIVE_EMPIRICAL,CROSS_SECTIONAL,,NOT_APPLICABLE,NOT_APPLICABLE,,361-RA,2,3,8,8,6,0
P3715442ba34b:S1,doi:10.1007/s40273-025-01509-9,10.1007/s40273-025-01509-9,2025,1,Systematic review of psychometric performance of generic preference-based measures in informal carers,EVIDENCE_SYNTHESIS,COMPLETED,RESULTS_REPORTED,EVIDENCE_SYNTHESIS | MEASUREMENT_PROPERTY_EVALUATION,Australia | China | France | Germany | Italy | South Korea | United Kingdom | United States,EVIDENCE_SYNTHESIS,VARIABLE_SOURCE_TIME,BETWEEN_INSTRUMENT,NOT_APPLICABLE,NARRATIVE_SYNTHESIS | SYSTEMATIC_REVIEW,,1481-PHD,0,11,9,9,2,0
P371ccbf7c0d5:S1,doi:10.1016/j.jval.2021.03.009,10.1016/j.jval.2021.03.009,2021,1,Development and comparison of algorithms that map EQ-5D-3L responses to EQ-5D-5L value sets,METHODS_RESEARCH,COMPLETED,RESULTS_REPORTED,MAPPING_OR_CROSSWALK | METHOD_OR_PROTOCOL_QUALITY,,MODEL_BASED,CROSS_SECTIONAL,BETWEEN_METHOD,NOT_APPLICABLE,,,,0,2,3,6,2,2
P37467c2acc94:S1,doi:10.1186/s41687-021-00361-7,10.1186/s41687-021-00361-7,2021,1,Descriptive report of PROM implementation for program evaluation in Alberta primary care networks,APPLIED_USE_RESEARCH,COMPLETED,RESULTS_REPORTED,IMPLEMENTATION_EVALUATION | OUTCOME_DESCRIPTION,Canada,CONCEPTUAL,CROSS_SECTIONAL,NONCOMPARATIVE,NOT_APPLICABLE,NOT_APPLICABLE,,,4,13,0,8,5,0
P382bf609810b:S1,doi:10.1007/s10198-013-0503-2,10.1007/s10198-013-0503-2,2013,1,"Feasibility and face validity test of the composite time trade-off for EQ-5D-5L health states, Rotterdam, the Netherlands",METHODS_RESEARCH,COMPLETED,RESULTS_REPORTED,METHOD_OR_PROTOCOL_QUALITY | VALUATION_METHOD_EVALUATION,Netherlands,QUANTITATIVE_EMPIRICAL,CROSS_SECTIONAL,BETWEEN_METHOD,NONRANDOMIZED,,,,0,3,7,5,5,1
P38300f84a8ee:S1,doi:10.1186/s12955-023-02131-z,10.1186/s12955-023-02131-z,2023,1,Systematic review of the characteristics and reporting of health-state utilities used in cost-utility analyses targeting Asian populations,EVIDENCE_SYNTHESIS,COMPLETED,RESULTS_REPORTED,EVIDENCE_SYNTHESIS | METHOD_OR_PROTOCOL_QUALITY,China | Japan | Malaysia | Singapore | South Korea | Taiwan | Thailand,EVIDENCE_SYNTHESIS,VARIABLE_SOURCE_TIME,BETWEEN_CONTEXT,NOT_APPLICABLE,NARRATIVE_SYNTHESIS | SYSTEMATIC_REVIEW,,,0,4,7,9,3,0
P384beada6452:S1,doi:10.1016/j.jval.2026.02.013,10.1016/j.jval.2026.02.013,2026,1,Measurement performance of a potential EQ-HWB VAS,MEASUREMENT_PROPERTY_EVALUATION,COMPLETED,RESULTS_REPORTED,INSTRUMENT_DEVELOPMENT | MEASUREMENT_PROPERTY_EVALUATION,,QUANTITATIVE_EMPIRICAL,CROSS_SECTIONAL,WITHIN_PERSON,RANDOMIZED,NOT_APPLICABLE,,,2,9,15,8,4,1
P38b3631b069e:S1,doi:10.1016/j.joca.2023.07.004,10.1016/j.joca.2023.07.004,2023,1,Socioeconomic inequalities in EQ-5D-3L and Oxford Hip/Knee Score outcomes of Dutch primary hip and knee arthroplasty patients (LROI 2014-2020),HEALTH_OUTCOME_RESEARCH,COMPLETED,RESULTS_REPORTED,METHOD_OR_PROTOCOL_QUALITY | OUTCOME_DESCRIPTION,Netherlands,QUANTITATIVE_EMPIRICAL,LONGITUDINAL_REPEATED,BETWEEN_GROUP | BETWEEN_METHOD,NOT_APPLICABLE,NOT_APPLICABLE,,200-RA | 287-PHD,0,5,9,9,4,0
P397e73134889:S1,doi:10.1080/09638288.2021.2015628,10.1080/09638288.2021.2015628,2021,1,Comparison of EQ-5D-3L and EQ-5D-5L measurement properties after major unilateral lower limb amputation,MEASUREMENT_PROPERTY_EVALUATION,COMPLETED,RESULTS_REPORTED,MEASUREMENT_PROPERTY_EVALUATION | OUTCOME_DESCRIPTION,Sweden,QUANTITATIVE_EMPIRICAL,CROSS_SECTIONAL,BETWEEN_INSTRUMENT,NOT_APPLICABLE,NOT_APPLICABLE,,20180760,2,12,10,8,4,0
P39f4c6b163cb:S1,doi:10.1177/14034948211058060,10.1177/14034948211058060,2023,1,Danish EQ-5D-5L population norms and measurement properties,POPULATION_REFERENCE_DESCRIPTION,COMPLETED,RESULTS_REPORTED,MEASUREMENT_PROPERTY_EVALUATION | OUTCOME_DESCRIPTION | POPULATION_NORMS,Denmark,QUANTITATIVE_EMPIRICAL,CROSS_SECTIONAL,BETWEEN_GROUP | BETWEEN_INSTRUMENT,NOT_APPLICABLE,NOT_APPLICABLE,,20170400 | 20170401,0,6,7,8,3,1
P3a5a828fa134:s1,doi:10.1007/s10198-025-01813-3,10.1007/s10198-025-01813-3,2025,1,Cost-effectiveness of dietitian and therapeutic radiographer prescribing in England,HEALTH_ECONOMIC_EVALUATION,COMPLETED,RESULTS_REPORTED,ECONOMIC_EVALUATION | OUTCOME_DESCRIPTION,United Kingdom,MODEL_BASED,CROSS_SECTIONAL,BETWEEN_GROUP,NOT_APPLICABLE,NOT_APPLICABLE,,,2,2,8,9,5,1
P3a787fc2f2f0:S1,doi:10.1186/s12955-022-02047-0,10.1186/s12955-022-02047-0,2022,1,Feasibility and acceptability of routine electronic EQ-5D-5L measurement in Hong Kong primary care,APPLIED_USE_RESEARCH,COMPLETED,RESULTS_REPORTED,IMPLEMENTATION_EVALUATION | OUTCOME_DESCRIPTION,,,,,,,SEQUENTIAL,,2,4,7,9,4,0
P3aa3c1649b1a:study1,doi:10.2196/27669,10.2196/27669,2021,1,Swedish National Quality Registers EQ VAS experience-based valuation study,METHODS_RESEARCH,ANALYSIS_ACTIVE,NO_RESULTS_YET,OUTCOME_DESCRIPTION | PREFERENCE_COMPARISON | VALUATION_METHOD_EVALUATION | VALUE_SET_DEVELOPMENT,Sweden,,,,,,,2016480,4,10,9,0,0,3
P3aabc3ff930b:study_main,doi:10.1186/s12889-025-24238-2,10.1186/s12889-025-24238-2,2025,1,Temporal variation and population reference data for EQ-5D-3L in the Health Survey for England,POPULATION_REFERENCE_DESCRIPTION,COMPLETED,RESULTS_REPORTED,OUTCOME_DESCRIPTION | POPULATION_NORMS,United Kingdom,QUANTITATIVE_EMPIRICAL,VARIABLE_SOURCE_TIME,BETWEEN_CONTEXT,NOT_APPLICABLE,NOT_APPLICABLE,,,0,2,9,9,7,1
P3abf7ff7ea7e:S1,doi:10.1007/s11136-024-03765-2,10.1007/s11136-024-03765-2,2025,1,Scoping review of gender inclusivity in health-related questionnaires,EVIDENCE_SYNTHESIS,COMPLETED,RESULTS_REPORTED,EVIDENCE_SYNTHESIS,,EVIDENCE_SYNTHESIS,NOT_APPLICABLE,NONCOMPARATIVE,NOT_APPLICABLE,NARRATIVE_SYNTHESIS | SYSTEMATIC_REVIEW,,1543-RA,0,3,4,6,2,0
P3b510eb9534f:study1,doi:10.1186/s12891-022-05354-1,10.1186/s12891-022-05354-1,2022,1,HRQoL and associated factors in Malaysian adults with chronic non-malignant pain,HEALTH_OUTCOME_RESEARCH,COMPLETED,RESULTS_REPORTED,OUTCOME_DESCRIPTION,Malaysia,QUANTITATIVE_EMPIRICAL,CROSS_SECTIONAL,NONCOMPARATIVE,NOT_APPLICABLE,NOT_APPLICABLE,,,0,5,4,4,1,0
P3c0f2cb45b9b:S1,doi:10.1007/s10198-025-01852-w,10.1007/s10198-025-01852-w,2026,1,Comparative analysis of EQ-5D-Y-3L value sets and EQ-5D-5L counterparts,HEALTH_PREFERENCE_RESEARCH,COMPLETED,RESULTS_REPORTED,PREFERENCE_COMPARISON,Australia | Belgium | Brazil | China | Germany | Hungary | Indonesia | Japan | Netherlands | Slovenia | Spain,QUANTITATIVE_EMPIRICAL,NOT_APPLICABLE,,NOT_APPLICABLE,,,1497-RA,2,3,10,10,4,2
P3c7da42f4e51:S1,doi:10.1186/s12955-026-02578-w,10.1186/s12955-026-02578-w,2026,1,United Kingdom qualitative content-validity testing of modified Experimental EQ-HWB-9,MEASUREMENT_PROPERTY_EVALUATION,COMPLETED,RESULTS_REPORTED,CONTENT_VALIDITY_EVALUATION | MEASUREMENT_PROPERTY_EVALUATION,United Kingdom,QUALITATIVE_INQUIRY,CROSS_SECTIONAL,WITHIN_PERSON,NOT_APPLICABLE,,,1892-RA,2,2,5,11,6,1
P3c8b388db628:study_main,doi:10.1007/s11136-026-04328-3,10.1007/s11136-026-04328-3,2026,1,Comparative psychometric evaluation of eight EQ-5D-5L bolt-ons in China and the Netherlands,MEASUREMENT_PROPERTY_EVALUATION,COMPLETED,RESULTS_REPORTED,MEASUREMENT_PROPERTY_EVALUATION,China | Netherlands,QUANTITATIVE_EMPIRICAL,CROSS_SECTIONAL,BETWEEN_CONTEXT,NOT_APPLICABLE,,,367-RA,2,15,14,6,8,0
P3c8f282ec847:S1,doi:10.1007/s11136-025-03983-2,10.1007/s11136-025-03983-2,2025,1,EQ-DAPHNIE multicountry population health survey and data infrastructure,APPLIED_USE_RESEARCH,DATA_COLLECTION_COMPLETE,RESULTS_REPORTED,IMPLEMENTATION_EVALUATION | MEASUREMENT_PROPERTY_EVALUATION | POPULATION_NORMS,,QUANTITATIVE_EMPIRICAL,CROSS_SECTIONAL,BETWEEN_CONTEXT,NOT_APPLICABLE,,,367-RA,3,29,7,3,4,3
P3cae5e133ee2:S1,doi:10.1007/s11136-025-04028-4,10.1007/s11136-025-04028-4,2025,1,Qualitative development of culturally relevant Chinese EQ-5D-5L bolt-on items,INSTRUMENT_VERSION_DEVELOPMENT,COMPLETED,RESULTS_REPORTED,CONTENT_VALIDITY_EVALUATION | INSTRUMENT_DEVELOPMENT,China,,,,,,,398-RA,2,4,5,9,3,1
P3cdd5d7e312d:S1,doi:10.1007/s40273-019-00876-4,10.1007/s40273-019-00876-4,2020,1,French EQ-5D-5L valuation study using the EuroQol EQ-VT 2.0 protocol (cTTO and DCE) in a representative sample of 1048 French adults,VALUE_SET_DEVELOPMENT,COMPLETED,RESULTS_REPORTED,HEALTH_STATE_VALUATION | PREFERENCE_COMPARISON | VALUE_SET_DEVELOPMENT,France,MODEL_BASED | QUANTITATIVE_EMPIRICAL,CROSS_SECTIONAL,BETWEEN_METHOD,RANDOMIZED,NOT_APPLICABLE,,20170510,0,4,14,12,4,1
P3d2b748ccab0:S1,doi:10.1097/brs.0000000000003431,10.1097/brs.0000000000003431,2020,1,Feasibility and patient-proxy agreement of the EQ-5D-3L-Y in patients with adolescent idiopathic scoliosis in Hong Kong,MEASUREMENT_PROPERTY_EVALUATION,COMPLETED,RESULTS_REPORTED,MEASUREMENT_PROPERTY_EVALUATION | OUTCOME_DESCRIPTION,China,QUANTITATIVE_EMPIRICAL,CROSS_SECTIONAL,WITHIN_DYAD,NOT_APPLICABLE,NOT_APPLICABLE,,20180530,0,4,9,7,4,0
P3d376dd2988c:study_main,doi:10.1016/j.jval.2023.08.015,10.1016/j.jval.2023.08.015,2023,1,"Comparison of caregiver TTO, lag-time TTO, and composite TTO for valuation of EQ-5D-Y-3L health states",METHODS_RESEARCH,COMPLETED,RESULTS_REPORTED,HEALTH_STATE_VALUATION | PREFERENCE_COMPARISON | VALUATION_METHOD_EVALUATION,China,QUANTITATIVE_EMPIRICAL,CROSS_SECTIONAL,BETWEEN_METHOD,NONRANDOMIZED,NOT_APPLICABLE,,221-RA,3,7,13,6,4,1
P3d52dcb34cc5:study_1,doi:10.1016/j.jval.2026.03.2234,10.1016/j.jval.2026.03.2234,2026,1,Systematic review of psychometric performance of preference-weighted instruments in older adults,EVIDENCE_SYNTHESIS,COMPLETED,RESULTS_REPORTED,CONTENT_VALIDITY_EVALUATION | EVIDENCE_SYNTHESIS | MEASUREMENT_PROPERTY_EVALUATION,Australia | Brazil | Canada | China | Japan | Singapore | United Kingdom | United States,EVIDENCE_SYNTHESIS,NOT_APPLICABLE,BETWEEN_INSTRUMENT,NOT_APPLICABLE,NARRATIVE_SYNTHESIS | SYSTEMATIC_REVIEW,,1863-RA,0,14,5,8,6,0
P3dce4f0ff57a:S1,doi:10.1016/j.pecinn.2025.100421,10.1016/j.pecinn.2025.100421,2025,1,Usability evaluation of the revised individualized total knee arthroplasty decision aid,METHODS_RESEARCH,COMPLETED,RESULTS_REPORTED,IMPLEMENTATION_EVALUATION | METHOD_OR_PROTOCOL_QUALITY,Canada,,CROSS_SECTIONAL,BETWEEN_GROUP,NOT_APPLICABLE,NOT_APPLICABLE,CONVERGENT_PARALLEL,445-RA,2,4,3,5,3,1
P3dcf7b04845b:S1,doi:10.3389/fepid.2023.1144162,10.3389/fepid.2023.1144162,2023,1,"POPCORN cross-sectional and longitudinal comparison of HRQOL and mental well-being between persons with and without post COVID-19 condition, six countries, 2020-2022",HEALTH_OUTCOME_RESEARCH,COMPLETED,RESULTS_REPORTED,OUTCOME_DESCRIPTION,Italy | Netherlands | Sweden | United Kingdom | United States,QUANTITATIVE_EMPIRICAL,LONGITUDINAL_REPEATED,BETWEEN_GROUP | WITHIN_PERSON,NOT_APPLICABLE,NOT_APPLICABLE,,460-RA,0,5,11,10,5,0
P3e2170e62c8b:S1,doi:10.1016/j.jval.2022.08.011,10.1016/j.jval.2022.08.011,2022,1,Three-arm experiment of modifications to composite time trade-off for EQ-5D-5L valuation,METHODS_RESEARCH,COMPLETED,RESULTS_REPORTED,HEALTH_STATE_VALUATION | VALUATION_METHOD_EVALUATION,Netherlands,QUANTITATIVE_EMPIRICAL,CROSS_SECTIONAL,BETWEEN_METHOD,RANDOMIZED,,,,3,3,9,8,8,2
P3f0edb4cbf51:S1,doi:10.1007/s40271-020-00490-z,10.1007/s40271-020-00490-z,2020,1,Feasibility and comparability of interviewer-assisted digital (tele) composite time trade-off interviews versus face-to-face composite TTO interviews in the Netherlands,METHODS_RESEARCH,DATA_COLLECTION_COMPLETE,PARTIAL_RESULTS,HEALTH_STATE_VALUATION | METHOD_OR_PROTOCOL_QUALITY | VALUATION_METHOD_EVALUATION,Netherlands,QUANTITATIVE_EMPIRICAL,CROSS_SECTIONAL,BETWEEN_CONTEXT,NONRANDOMIZED,NOT_APPLICABLE,,20190080R1,0,2,11,8,5,0
P3f1c66a67d20:S1,doi:10.1016/j.jval.2025.01.003,10.1016/j.jval.2025.01.003,2025,1,United Arab Emirates EQ-5D-5L valuation study,VALUE_SET_DEVELOPMENT,COMPLETED,RESULTS_REPORTED,HEALTH_STATE_VALUATION | VALUE_SET_DEVELOPMENT,,MODEL_BASED | QUANTITATIVE_EMPIRICAL,CROSS_SECTIONAL,BETWEEN_METHOD,NOT_APPLICABLE,NOT_APPLICABLE,,1465-VS,0,4,8,10,2,1
P4007ee6c12d5:study_main,doi:10.3233/jad-210421,10.3233/jad-210421,2021,1,Head-to-head psychometric comparison of EQ-5D-3L and EQ-5D-5L self-ratings in dementia,MEASUREMENT_PROPERTY_EVALUATION,COMPLETED,RESULTS_REPORTED,MEASUREMENT_PROPERTY_EVALUATION,Germany,QUANTITATIVE_EMPIRICAL,LONGITUDINAL_REPEATED,BETWEEN_INSTRUMENT,NOT_APPLICABLE,,,152-RA,0,8,12,9,4,0
P402a8ba12b72:S1,doi:10.1016/j.jval.2016.01.003,10.1016/j.jval.2016.01.003,2016,1,Dutch EQ-5D-5L valuation study (cTTO and DCE) to derive a national value set,VALUE_SET_DEVELOPMENT,COMPLETED,RESULTS_REPORTED,HEALTH_STATE_VALUATION | POPULATION_NORMS | VALUE_SET_DEVELOPMENT,Denmark | Italy | Netherlands | Poland | United Kingdom,QUANTITATIVE_EMPIRICAL,CROSS_SECTIONAL,BETWEEN_METHOD,RANDOMIZED,,,,0,4,6,8,6,2
P402e54ee500b:S1,doi:10.1097/mlr.0000000000000178,10.1097/mlr.0000000000000178,2014,1,"Multinational discrete choice experiment for valuing EQ-5D-5L health states in Canada, England, The Netherlands and the United States",METHODS_RESEARCH,COMPLETED,RESULTS_REPORTED,HEALTH_STATE_VALUATION | PREFERENCE_COMPARISON | VALUATION_METHOD_EVALUATION,Canada | Netherlands | United Kingdom | United States,QUANTITATIVE_EMPIRICAL,CROSS_SECTIONAL,BETWEEN_CONTEXT,RANDOMIZED,,,,0,4,9,11,6,1
P407092b97b3c:S1,doi:10.1007/s40273-022-01208-9,10.1007/s40273-022-01208-9,2023,1,Evaluation of the extensive pilot phase in the Egyptian EQ-5D-5L valuation study,METHODS_RESEARCH,COMPLETED,RESULTS_REPORTED,IMPLEMENTATION_EVALUATION | METHOD_OR_PROTOCOL_QUALITY,Egypt,QUANTITATIVE_EMPIRICAL,LONGITUDINAL_REPEATED,BETWEEN_GROUP,NOT_APPLICABLE,NOT_APPLICABLE,,335-RA,0,1,4,5,1,0
P40e6f63bf922:s1,doi:10.1007/s40273-022-01222-x,10.1007/s40273-022-01222-x,2022,1,US stakeholder roundtable to inform EQ-5D-Y-3L valuation,METHODS_RESEARCH,COMPLETED,RESULTS_REPORTED,IMPLEMENTATION_EVALUATION | METHOD_OR_PROTOCOL_QUALITY,United States,QUALITATIVE_INQUIRY | QUANTITATIVE_EMPIRICAL,CROSS_SECTIONAL,NONCOMPARATIVE,NOT_APPLICABLE,NOT_APPLICABLE,SEQUENTIAL,409-RA,2,1,5,6,6,1
P40eee3ad6ab4:S1,doi:10.1111/hex.70431,10.1111/hex.70431,2025,1,Content validity of EQ-5D instruments in Chinese adults and children with Duchenne muscular dystrophy,MEASUREMENT_PROPERTY_EVALUATION,COMPLETED,RESULTS_REPORTED,CONTENT_VALIDITY_EVALUATION,China,QUALITATIVE_INQUIRY,CROSS_SECTIONAL,NONCOMPARATIVE,NOT_APPLICABLE,NOT_APPLICABLE,,1495-RA,2,2,8,10,3,0
P4130fc37004d:study_hu_y3l,doi:10.1007/s40273-022-01190-2,10.1007/s40273-022-01190-2,2022,1,Hungarian EQ-5D-Y-3L national valuation study,VALUE_SET_DEVELOPMENT,COMPLETED,RESULTS_REPORTED,HEALTH_STATE_VALUATION | VALUATION_METHOD_EVALUATION | VALUE_SET_DEVELOPMENT,Hungary,QUANTITATIVE_EMPIRICAL,CROSS_SECTIONAL,BETWEEN_METHOD,NOT_APPLICABLE,,,192-VS,2,5,7,7,5,1
P41368d87df09:S1,doi:10.3390/jcm10184205,10.3390/jcm10184205,2021,1,Concordance and longitudinal-change comparison of eight EQ-5D-3L value sets in Swedish total hip replacement patients,METHODS_RESEARCH,COMPLETED,RESULTS_REPORTED,METHOD_OR_PROTOCOL_QUALITY | PREFERENCE_COMPARISON,Sweden,,,,,,,2016480,2,5,5,8,3,0
P4178208cc699:study_se_value_set,doi:10.1186/s12955-022-02083-w,10.1186/s12955-022-02083-w,2022,1,Swedish EQ-5D-5L social value-set study,VALUE_SET_DEVELOPMENT,COMPLETED,RESULTS_REPORTED,HEALTH_STATE_VALUATION | VALUATION_METHOD_EVALUATION | VALUE_SET_DEVELOPMENT,,QUANTITATIVE_EMPIRICAL,CROSS_SECTIONAL,BETWEEN_METHOD,RANDOMIZED,NOT_APPLICABLE,,20180770,0,3,8,9,4,1
P418e5b161288:S1,doi:10.1186/s41687-024-00826-5,10.1186/s41687-024-00826-5,2024,1,Systematic review of condition-specific preference-based measures used in young people,EVIDENCE_SYNTHESIS,COMPLETED,RESULTS_REPORTED,EVIDENCE_SYNTHESIS | METHOD_OR_PROTOCOL_QUALITY,,EVIDENCE_SYNTHESIS,VARIABLE_SOURCE_TIME,NONCOMPARATIVE,NOT_APPLICABLE,NARRATIVE_SYNTHESIS | SYSTEMATIC_REVIEW,,239-RA,2,16,10,8,0,0
P41a6928aee03:S1,doi:10.1177/0272989x18802797,10.1177/0272989x18802797,2018,1,Parallel valuation of EQ-5D-3L and EQ-5D-5L health states in a common US general population sample (2017 US EQ-5D valuation study),VALUE_SET_DEVELOPMENT,COMPLETED,RESULTS_REPORTED,PREFERENCE_COMPARISON | VALUATION_METHOD_EVALUATION | VALUE_SET_DEVELOPMENT,United States,QUANTITATIVE_EMPIRICAL,CROSS_SECTIONAL,BETWEEN_INSTRUMENT,NONRANDOMIZED,,,,0,3,6,9,5,2
P41f98c443c22:study_1,doi:10.1186/s12955-025-02352-4,10.1186/s12955-025-02352-4,2025,1,Framework for combining instruments to extend the health-related QALY,CONCEPTUAL_FRAMEWORK_DEVELOPMENT,COMPLETED,RESULTS_REPORTED,CONCEPTUAL_FRAMEWORK_DEVELOPMENT,,CONCEPTUAL,NOT_APPLICABLE,NONCOMPARATIVE,NOT_APPLICABLE,NOT_APPLICABLE,,148-RA,2,2,3,7,4,1
P423aa11928d1:s1,doi:10.1177/0272989x211001859,10.1177/0272989x211001859,2021,1,Japanese EQ-5D-Y-3L valuation survey and value-set development,VALUE_SET_DEVELOPMENT,COMPLETED,RESULTS_REPORTED,HEALTH_STATE_VALUATION | VALUE_SET_DEVELOPMENT,Japan,QUANTITATIVE_EMPIRICAL,CROSS_SECTIONAL,BETWEEN_METHOD,RANDOMIZED,NOT_APPLICABLE,,20180280,0,3,6,6,2,1
P42480dcbbafa:S1,doi:10.1016/j.jval.2019.05.014,10.1016/j.jval.2019.05.014,2019,1,Optimization and evaluation of Bayesian D-efficient DCE-duration designs for time-preference-corrected QALY tariffs,METHODS_RESEARCH,COMPLETED,RESULTS_REPORTED,DECISION_SUPPORT_DEVELOPMENT | METHOD_OR_PROTOCOL_QUALITY | VALUATION_METHOD_EVALUATION,Netherlands,MODEL_BASED,NOT_APPLICABLE,BETWEEN_METHOD,NOT_APPLICABLE,,,20180320,0,1,10,5,3,1
P42554397b2e3:S1,doi:10.1007/s11136-012-0322-4,10.1007/s11136-012-0322-4,2012,1,Multi-country comparison of EQ-5D-5L and EQ-5D-3L measurement properties in eight patient groups and a student cohort,MEASUREMENT_PROPERTY_EVALUATION,COMPLETED,RESULTS_REPORTED,MEASUREMENT_PROPERTY_EVALUATION | PREFERENCE_COMPARISON,Denmark | Italy | Netherlands | Poland | United Kingdom,QUANTITATIVE_EMPIRICAL,CROSS_SECTIONAL,BETWEEN_INSTRUMENT,NONRANDOMIZED,,,,0,5,8,9,3,0
P425e5b688d1b:S1,doi:10.47102/annals-acadmedsg.2019248,10.47102/annals-acadmedsg.2019248,2020,1,"Qualitative study of the content validity of the EQ-5D descriptive system among Chinese, Malay and Indian Singaporeans",MEASUREMENT_PROPERTY_EVALUATION,COMPLETED,RESULTS_REPORTED,CONCEPTUAL_FRAMEWORK_DEVELOPMENT | CONTENT_VALIDITY_EVALUATION,Singapore,QUALITATIVE_INQUIRY,CROSS_SECTIONAL,NONCOMPARATIVE,NOT_APPLICABLE,,,2016290,0,2,7,5,5,1
P428f53c504fe:S1,doi:10.1177/0272989x17700847,10.1177/0272989x17700847,2017,1,"Pilot choice-experiment study of choice blindness and health-state choices in adolescents and adults, Chicago USA",METHODS_RESEARCH,COMPLETED,RESULTS_REPORTED,METHOD_OR_PROTOCOL_QUALITY | PREFERENCE_COMPARISON | VALUATION_METHOD_EVALUATION,United States,QUANTITATIVE_EMPIRICAL,CROSS_SECTIONAL,BETWEEN_GROUP,NONRANDOMIZED,,,2015190,0,4,6,7,6,0
P42a8ef018dfa:S1,doi:10.1093/eurheartj/ehab656,10.1093/eurheartj/ehab656,2021,1,Cardiac disease and outcomes among adults hospitalized with COVID-19 across 18 countries,HEALTH_OUTCOME_RESEARCH,COMPLETED,RESULTS_REPORTED,OUTCOME_DESCRIPTION,,QUANTITATIVE_EMPIRICAL,CROSS_SECTIONAL,BETWEEN_GROUP,NOT_APPLICABLE,NOT_APPLICABLE,,,0,2,4,5,7,0
P430c5611944b:study1,doi:10.1002/trc2.12486,10.1002/trc2.12486,2024,1,Self- and proxy-rated EQ-5D-5L discrepancies in people living with dementia,MEASUREMENT_PROPERTY_EVALUATION,COMPLETED,RESULTS_REPORTED,MEASUREMENT_PROPERTY_EVALUATION | OUTCOME_DESCRIPTION,Germany,QUANTITATIVE_EMPIRICAL,CROSS_SECTIONAL,WITHIN_DYAD,NOT_APPLICABLE,NOT_APPLICABLE,,1582-RA,0,7,5,8,4,0
P43287ccdd54b:S1,doi:10.3390/children8080714,10.3390/children8080714,2021,1,Australian Paediatric Multi-Instrument Comparison Study (P-MIC),MEASUREMENT_PROPERTY_EVALUATION,RECRUITING,NO_RESULTS_YET,IMPLEMENTATION_EVALUATION | MEASUREMENT_PROPERTY_EVALUATION,Australia,QUANTITATIVE_EMPIRICAL,LONGITUDINAL_REPEATED,BETWEEN_INSTRUMENT,RANDOMIZED,NOT_APPLICABLE,,361-RA,0,23,13,0,7,2
P4331a29241e6:s1,doi:10.1016/j.jval.2026.01.004,10.1016/j.jval.2026.01.004,2026,1,PROMIS-25 Pediatric Profile version 2 to EQ-5D-Y-3L mapping study,METHODS_RESEARCH,COMPLETED,RESULTS_REPORTED,MAPPING_OR_CROSSWALK,Australia,QUANTITATIVE_EMPIRICAL,CROSS_SECTIONAL,BETWEEN_METHOD,NOT_APPLICABLE,NOT_APPLICABLE,,361-RA,2,4,7,7,5,4
P4338071796dc:S1,doi:10.1007/s40271-018-00354-7,10.1007/s40271-018-00354-7,2019,1,"Prospective head-to-head comparison of responsiveness of EQ-5D-3L, EQ-5D-5L, SF-6D, HUI3 and VF-12 utilities to cataract surgery in Singapore",MEASUREMENT_PROPERTY_EVALUATION,COMPLETED,RESULTS_REPORTED,MEASUREMENT_PROPERTY_EVALUATION,Singapore,QUANTITATIVE_EMPIRICAL,LONGITUDINAL_REPEATED,BETWEEN_INSTRUMENT | WITHIN_PERSON,RANDOMIZED,NOT_APPLICABLE,,2016310,0,5,9,6,4,0
P4362b3466e22:S1,doi:10.1016/j.jval.2019.02.006,10.1016/j.jval.2019.02.006,2019,1,"Exploration of the internal (item) structure of the EQ-5D-5L using reflective, formative and combined measurement models across nine data sets",MEASUREMENT_PROPERTY_EVALUATION,COMPLETED,RESULTS_REPORTED,MEASUREMENT_PROPERTY_EVALUATION | METHOD_OR_PROTOCOL_QUALITY,Canada | Germany | Indonesia | Spain | United States,MODEL_BASED | QUANTITATIVE_EMPIRICAL,CROSS_SECTIONAL,BETWEEN_CONTEXT | BETWEEN_METHOD,NOT_APPLICABLE,NOT_APPLICABLE,,20170130,0,5,7,8,5,0
P43731963824d:S1,doi:10.1007/s11136-026-04199-8,10.1007/s11136-026-04199-8,2026,1,"Commentary on conceptual and methodological challenges in measuring HRQoL in infants and toddlers (0-47 months), drawing on the EQ-TIPS project",CONCEPTUAL_FRAMEWORK_DEVELOPMENT,COMPLETED,RESULTS_REPORTED,CONCEPTUAL_FRAMEWORK_DEVELOPMENT | METHOD_OR_PROTOCOL_QUALITY,,CONCEPTUAL,NOT_APPLICABLE,BETWEEN_INSTRUMENT,NOT_APPLICABLE,,,365-RA,0,8,3,6,3,1
P43871a428e81:S1,doi:10.3390/ijerph19042329,10.3390/ijerph19042329,2022,1,Intermediate analysis of functional versus integrated home care for older adults in Badalona,APPLIED_USE_RESEARCH,ANALYSIS_ACTIVE,PARTIAL_RESULTS,IMPLEMENTATION_EVALUATION | OUTCOME_DESCRIPTION,Spain,QUANTITATIVE_EMPIRICAL,LONGITUDINAL_REPEATED,BETWEEN_GROUP,NONRANDOMIZED,NOT_APPLICABLE,,,2,9,8,7,5,0
P43ba7203d962:S1,doi:10.1016/j.jval.2023.02.002,10.1016/j.jval.2023.02.002,2023,1,"Cross-sectional comparison of the measurement properties of EQ-5D-5L, PROMIS-29+2 and PROMIS Global Health, and of EQ-5D-5L and PROPr utilities, in a Hungarian general population sample",MEASUREMENT_PROPERTY_EVALUATION,COMPLETED,RESULTS_REPORTED,MEASUREMENT_PROPERTY_EVALUATION | PREFERENCE_COMPARISON,Hungary,QUANTITATIVE_EMPIRICAL,CROSS_SECTIONAL,BETWEEN_GROUP | BETWEEN_INSTRUMENT | WITHIN_PERSON,NOT_APPLICABLE,NOT_APPLICABLE,,,0,4,13,7,4,0
P43d09dde69aa:S1,doi:10.1016/j.jval.2025.04.2168,10.1016/j.jval.2025.04.2168,2025,1,Psychometric performance of EQ-HWB in informal caregivers of people living with dementia,MEASUREMENT_PROPERTY_EVALUATION,COMPLETED,RESULTS_REPORTED,MEASUREMENT_PROPERTY_EVALUATION,Australia,QUANTITATIVE_EMPIRICAL,CROSS_SECTIONAL,BETWEEN_GROUP | BETWEEN_INSTRUMENT,NOT_APPLICABLE,NOT_APPLICABLE,,1566-RA,0,5,11,7,6,0
P440408303810:study_1,doi:10.1007/s11136-025-03996-x,10.1007/s11136-025-03996-x,2025,1,P-PROM ROCK Phase 2 co-design study,APPLIED_USE_RESEARCH,COMPLETED,RESULTS_REPORTED,DECISION_SUPPORT_DEVELOPMENT | IMPLEMENTATION_EVALUATION,,PARTICIPATORY_DESIGN,NOT_APPLICABLE,NONCOMPARATIVE,NOT_APPLICABLE,,,330-PHD,2,2,5,7,6,7
P448f971bb1a5:S1,doi:10.1007/s40273-016-0404-1,10.1007/s40273-016-0404-1,2016,1,"Narrative methodological review and critique of the three EuroQol TTO valuation protocols (MVH, Paris, EQ-VT)",METHODS_RESEARCH,COMPLETED,RESULTS_REPORTED,METHOD_OR_PROTOCOL_QUALITY | VALUATION_METHOD_EVALUATION,,CONCEPTUAL,NOT_APPLICABLE,BETWEEN_METHOD,NOT_APPLICABLE,NARRATIVE_SYNTHESIS,,2015410,0,3,8,6,4,1
P4494413c1a0d:S1,doi:10.1007/s11136-021-02799-0,10.1007/s11136-021-02799-0,2021,1,Determinants of HRQoL among adults in the Philippines,HEALTH_OUTCOME_RESEARCH,COMPLETED,RESULTS_REPORTED,OUTCOME_DESCRIPTION,Philippines,QUANTITATIVE_EMPIRICAL,CROSS_SECTIONAL,BETWEEN_GROUP,NOT_APPLICABLE,,,20170230,0,4,1,7,2,0
P44de36705ca2:S1,doi:10.1186/s12874-022-01830-3,10.1186/s12874-022-01830-3,2023,1,Development of a pan-European EQ-5D-3L value set,VALUE_SET_DEVELOPMENT,COMPLETED,RESULTS_REPORTED,METHOD_OR_PROTOCOL_QUALITY | VALUE_SET_DEVELOPMENT,Denmark | France | Germany | Hungary | Italy | Netherlands | Poland | Romania | Slovenia | Spain | United Kingdom,MODEL_BASED,NOT_APPLICABLE,BETWEEN_METHOD,NOT_APPLICABLE,,,,2,2,9,7,4,1
P4515ccdd8bdc:S1,doi:10.3310/hta18120,10.3310/hta18120,2014,1,PRET and PRET-AS: preparatory methodological study for the revaluation of the EQ-5D tariff,METHODS_RESEARCH,COMPLETED,RESULTS_REPORTED,HEALTH_STATE_VALUATION | METHOD_OR_PROTOCOL_QUALITY | VALUATION_METHOD_EVALUATION | VALUE_SET_DEVELOPMENT,,QUALITATIVE_INQUIRY | QUANTITATIVE_EMPIRICAL,,,NOT_REPORTED,NOT_APPLICABLE,SEQUENTIAL,,5,10,27,23,15,1
P45a77cb8fbd7:S1,doi:10.1016/j.jval.2025.07.028,10.1016/j.jval.2025.07.028,2025,1,Psychometric assessment of EQ-HWB and EQ-HWB-9 in United Kingdom condition and general-population samples,MEASUREMENT_PROPERTY_EVALUATION,COMPLETED,RESULTS_REPORTED,MEASUREMENT_PROPERTY_EVALUATION,United Kingdom,QUANTITATIVE_EMPIRICAL,,,,,,,2,9,10,8,6,0
P4692ec4a07d5:study_main,doi:10.1007/s40273-024-01350-6,10.1007/s40273-024-01350-6,2024,1,Psychometric comparison of adapted and original EQ-5D-Y-3L and EQ-5D-Y-5L proxy versions for 2- to 4-year-olds,MEASUREMENT_PROPERTY_EVALUATION,COMPLETED,RESULTS_REPORTED,MEASUREMENT_PROPERTY_EVALUATION,Australia,QUANTITATIVE_EMPIRICAL,LONGITUDINAL_REPEATED,BETWEEN_INSTRUMENT | WITHIN_PERSON,NOT_APPLICABLE,,,111-RA,0,7,13,9,6,2
P4694bf3b6982:S1,doi:10.1007/s10198-025-01789-0,10.1007/s10198-025-01789-0,2026,1,Methodological assessment of preference elicitation for EQ-TIPS health states,METHODS_RESEARCH,COMPLETED,RESULTS_REPORTED,METHOD_OR_PROTOCOL_QUALITY,,CONCEPTUAL,NOT_APPLICABLE,BETWEEN_METHOD,NOT_APPLICABLE,NOT_APPLICABLE,,,0,6,6,8,4,0
P482cef3e00dd:S1,doi:10.1016/j.jval.2018.05.008,10.1016/j.jval.2018.05.008,2018,1,Impact of EQ-5D-5L value set versus 5L-to-3L crosswalk on cost-utility analysis of dialysis in seven countries,HEALTH_ECONOMIC_EVALUATION,COMPLETED,RESULTS_REPORTED,ECONOMIC_EVALUATION | MAPPING_OR_CROSSWALK | VALUATION_METHOD_EVALUATION,Norway | Singapore,MODEL_BASED,CROSS_SECTIONAL,BETWEEN_METHOD,NOT_APPLICABLE,,,20170450,0,2,5,5,2,0
P48579eb8c883:study_main,doi:10.1016/j.jval.2023.10.009,10.1016/j.jval.2023.10.009,2023,1,Six-frame experiment on better-than-dead versus worse-than-dead classification,METHODS_RESEARCH,COMPLETED,RESULTS_REPORTED,PREFERENCE_COMPARISON | VALUATION_METHOD_EVALUATION,United Kingdom,QUANTITATIVE_EMPIRICAL,CROSS_SECTIONAL,BETWEEN_METHOD | WITHIN_PERSON,RANDOMIZED,,,404-RA,0,3,8,8,3,0
P49a97d0efaa5:S1,doi:10.1186/s12955-020-01641-4,10.1186/s12955-020-01641-4,2020,1,"Think aloud study of how patients with type 1 diabetes report and value their own current health with EQ-5D-5L, EQ VAS and an open-ended TTO question, Stockholm, Sweden",METHODS_RESEARCH,COMPLETED,RESULTS_REPORTED,CONTENT_VALIDITY_EVALUATION | HEALTH_STATE_VALUATION | VALUATION_METHOD_EVALUATION,Sweden,QUALITATIVE_INQUIRY,CROSS_SECTIONAL,BETWEEN_INSTRUMENT | BETWEEN_METHOD | WITHIN_PERSON,NOT_APPLICABLE,NOT_APPLICABLE,,,0,4,7,13,7,0
P49adc9b1df43:S1,doi:10.1007/s11136-010-9648-y,10.1007/s11136-010-9648-y,2010,1,"Development and initial child-friendly adaptation of the EQ-5D into the EQ-5D-Y, with translation, cognitive testing and comparison with the adult EQ-5D",INSTRUMENT_VERSION_DEVELOPMENT,COMPLETED,RESULTS_REPORTED,CONTENT_VALIDITY_EVALUATION | INSTRUMENT_DEVELOPMENT | MEASUREMENT_PROPERTY_EVALUATION | TRANSLATION_AND_CULTURAL_ADAPTATION,Germany | Italy | Netherlands | South Africa | Spain | Sweden | United Kingdom,,,,,,,,2,4,9,8,5,3
P4a04524b24b1:S1,doi:10.1007/s11136-025-04145-0,10.1007/s11136-025-04145-0,2026,1,"Two-study randomized online experiment on death thought accessibility, attachment, TTO, and EQ VAS",METHODS_RESEARCH,COMPLETED,RESULTS_REPORTED,HEALTH_STATE_VALUATION | METHOD_OR_PROTOCOL_QUALITY | PREFERENCE_COMPARISON,Netherlands,QUANTITATIVE_EMPIRICAL,CROSS_SECTIONAL,BETWEEN_GROUP | BETWEEN_METHOD,RANDOMIZED,NOT_APPLICABLE,,1487-RA,2,6,9,9,5,0
P4a23da10e329:S1,doi:10.1136/bmjopen-2020-048176,10.1136/bmjopen-2020-048176,2022,1,Longitudinal EQ-5D-3L health profiles and EQ VAS across Swedish National Quality Registers,HEALTH_OUTCOME_RESEARCH,COMPLETED,RESULTS_REPORTED,OUTCOME_DESCRIPTION | POPULATION_NORMS,Sweden,,,,,,,2016480,2,4,5,8,5,1
P4a45573e7066:S1,doi:10.1002/hec.4399,10.1002/hec.4399,2021,1,Comparison of UK health-state valuations before and during COVID-19,HEALTH_PREFERENCE_RESEARCH,COMPLETED,RESULTS_REPORTED,HEALTH_STATE_VALUATION | OUTCOME_DESCRIPTION | PREFERENCE_COMPARISON,United Kingdom,QUANTITATIVE_EMPIRICAL,,BETWEEN_CONTEXT,NOT_APPLICABLE,NOT_APPLICABLE,,,2,3,10,7,7,0
P4a4d47e4eb70:S1,doi:10.1007/s40258-024-00894-0,10.1007/s40258-024-00894-0,2024,1,Impact of the 2023 Australian EQ-5D-5L value set in joint replacement registry data,METHODS_RESEARCH,COMPLETED,RESULTS_REPORTED,IMPLEMENTATION_EVALUATION | METHOD_OR_PROTOCOL_QUALITY,Australia,QUANTITATIVE_EMPIRICAL,LONGITUDINAL_REPEATED,BETWEEN_METHOD | WITHIN_PERSON,NOT_APPLICABLE,NOT_APPLICABLE,,2016280,0,1,4,8,3,0
P4a87bb07f104:S1,doi:10.1186/s12955-020-01394-0,10.1186/s12955-020-01394-0,2020,1,Cross-sectional survey exploring how POSAS pain and itching items relate to the EQ-5D-5L pain/discomfort domain in Dutch adult burn patients 5-7 years after injury,MEASUREMENT_PROPERTY_EVALUATION,COMPLETED,RESULTS_REPORTED,CONTENT_VALIDITY_EVALUATION | MEASUREMENT_PROPERTY_EVALUATION,Netherlands,QUANTITATIVE_EMPIRICAL,CROSS_SECTIONAL,BETWEEN_GROUP | BETWEEN_INSTRUMENT,NOT_APPLICABLE,NOT_APPLICABLE,,20180330,0,4,6,11,4,0
P4afbf0a657c1:S1,doi:10.1186/s12955-018-0985-9,10.1186/s12955-018-0985-9,2018,1,"Attitudes to euthanasia, religiosity and worse-than-dead valuations in the Irish EQ-5D-5L valuation study",METHODS_RESEARCH,COMPLETED,RESULTS_REPORTED,HEALTH_STATE_VALUATION | VALUATION_METHOD_EVALUATION,,QUANTITATIVE_EMPIRICAL,CROSS_SECTIONAL,BETWEEN_GROUP,NONRANDOMIZED,,,2013280,0,4,4,6,4,0
P4b02c99c9e82:S1,doi:10.1007/s10198-022-01465-7,10.1007/s10198-022-01465-7,2022,1,Head-to-head comparison of EQ-5D-3L and EQ-5D-5L in four health conditions in China,MEASUREMENT_PROPERTY_EVALUATION,COMPLETED,RESULTS_REPORTED,MEASUREMENT_PROPERTY_EVALUATION | OUTCOME_DESCRIPTION,China,QUANTITATIVE_EMPIRICAL,CROSS_SECTIONAL,WITHIN_PERSON,NOT_APPLICABLE,NOT_APPLICABLE,,20180600,0,6,7,7,3,0
P4b7539d8b88b:s1,doi:10.1016/j.ijcha.2022.100970,10.1016/j.ijcha.2022.100970,2022,1,Sex- and age-specific association of new-onset AF/AFL with in-hospital mortality in hospitalised COVID-19 patients,HEALTH_OUTCOME_RESEARCH,COMPLETED,RESULTS_REPORTED,OUTCOME_DESCRIPTION,Belgium | Egypt | France | Italy | Netherlands | Spain | United Kingdom,QUANTITATIVE_EMPIRICAL,LONGITUDINAL_REPEATED,BETWEEN_GROUP,NOT_APPLICABLE,,,,0,1,6,5,6,0
P4b8d0721de85:study_1,doi:10.1016/j.jval.2022.02.001,10.1016/j.jval.2022.02.001,2022,1,Conceptual assessment of EQ-HWB descriptive-system refinement and policy uptake,METHODS_RESEARCH,COMPLETED,RESULTS_REPORTED,METHOD_OR_PROTOCOL_QUALITY,,CONCEPTUAL,NOT_APPLICABLE,NONCOMPARATIVE,NOT_APPLICABLE,NOT_APPLICABLE,,2016710,2,5,0,5,3,0
P4c281ea1aeb1:S1,doi:10.47723/kcmj.v19i1.908,10.47723/kcmj.v19i1.908,2023,1,Field-based cost-effectiveness comparison of Remicade and Remsima in ankylosing spondylitis,HEALTH_ECONOMIC_EVALUATION,COMPLETED,RESULTS_REPORTED,ECONOMIC_EVALUATION | OUTCOME_DESCRIPTION,,QUANTITATIVE_EMPIRICAL,LONGITUDINAL_REPEATED,BETWEEN_GROUP | WITHIN_PERSON,NONRANDOMIZED,,,,0,2,7,7,4,0
P4c6f1f6e59cc:S1,doi:10.1016/j.jval.2016.09.1217,10.1016/j.jval.2016.09.1217,2016,1,Valuation of EQ-5D-5L with two candidate respiratory bolt-on dimensions in the Dutch general public,VALUE_SET_DEVELOPMENT,COMPLETED,RESULTS_REPORTED,HEALTH_STATE_VALUATION | INSTRUMENT_DEVELOPMENT,Netherlands,QUANTITATIVE_EMPIRICAL,CROSS_SECTIONAL,BETWEEN_INSTRUMENT,NOT_REPORTED,,,2015020,0,3,3,3,0,0
P4ced2ec55932:S1,doi:10.1007/s11136-020-02496-4,10.1007/s11136-020-02496-4,2020,1,Psychometric evaluation of the EQ-5D-5L extended with a cognitive domain (EQ-5D-5L+C) in Dutch trauma patients followed 6 and 12 months post-trauma,MEASUREMENT_PROPERTY_EVALUATION,COMPLETED,RESULTS_REPORTED,MEASUREMENT_PROPERTY_EVALUATION,Netherlands,QUANTITATIVE_EMPIRICAL,LONGITUDINAL_REPEATED,BETWEEN_GROUP | BETWEEN_INSTRUMENT | WITHIN_PERSON,NOT_APPLICABLE,NOT_APPLICABLE,,2016670,0,5,16,10,3,0
P4d234a6507c6:S1,doi:10.1007/s00431-022-04626-1,10.1007/s00431-022-04626-1,2022,1,Psychometric comparison of four pediatric HRQoL instruments in Chinese osteogenesis imperfecta,MEASUREMENT_PROPERTY_EVALUATION,COMPLETED,RESULTS_REPORTED,MEASUREMENT_PROPERTY_EVALUATION | OUTCOME_DESCRIPTION,China,QUANTITATIVE_EMPIRICAL,,BETWEEN_INSTRUMENT,NOT_APPLICABLE,,,85-RA,2,9,7,9,5,0
P4d52639a92c7:S1,doi:10.1016/j.jval.2019.10.006,10.1016/j.jval.2019.10.006,2019,1,Head-on ordinal comparison of composite TTO and better-than-dead methods in a Dutch convenience sample,METHODS_RESEARCH,COMPLETED,RESULTS_REPORTED,PREFERENCE_COMPARISON | VALUATION_METHOD_EVALUATION,Netherlands,QUANTITATIVE_EMPIRICAL,LONGITUDINAL_REPEATED,BETWEEN_METHOD,NONRANDOMIZED,,,2015150,0,2,8,6,3,0
P4da51dd970b4:S1,doi:10.1007/s40271-025-00729-7,10.1007/s40271-025-00729-7,2025,1,Perspectives on routine quality-of-life measurement in residential aged care,APPLIED_USE_RESEARCH,COMPLETED,RESULTS_REPORTED,IMPLEMENTATION_EVALUATION,Australia,QUALITATIVE_INQUIRY,CROSS_SECTIONAL,NONCOMPARATIVE,NOT_APPLICABLE,,,150-RA,3,2,9,8,5,0
P4ddbe45a5c13:S1,doi:10.1007/s40273-024-01357-z,10.1007/s40273-024-01357-z,2024,1,Systematic review of pictorial paediatric HRQoL PROMs,EVIDENCE_SYNTHESIS,COMPLETED,RESULTS_REPORTED,CONTENT_VALIDITY_EVALUATION | EVIDENCE_SYNTHESIS | METHOD_OR_PROTOCOL_QUALITY,,EVIDENCE_SYNTHESIS,NOT_APPLICABLE,NONCOMPARATIVE,NOT_APPLICABLE,NARRATIVE_SYNTHESIS | SYSTEMATIC_REVIEW,,,0,28,5,11,2,0
P4dfe090e6859:study1,doi:10.1007/s10198-025-01865-5,10.1007/s10198-025-01865-5,2026,1,Multinational stakeholder assessment of the EQ-TIPS-3L version 2.0 descriptive system,MEASUREMENT_PROPERTY_EVALUATION,COMPLETED,RESULTS_REPORTED,CONTENT_VALIDITY_EVALUATION | INSTRUMENT_DEVELOPMENT,,,,,NOT_APPLICABLE,,CONVERGENT_PARALLEL,365-RA,2,1,6,7,5,0
P4e020ea0ad0c:S1,doi:10.1007/s11136-012-0342-0,10.1007/s11136-012-0342-0,2012,1,"Cross-language comparison of the scaling properties of the English, Spanish, French and Chinese EQ-5D-3L and EQ-5D-5L descriptive systems",MEASUREMENT_PROPERTY_EVALUATION,COMPLETED,RESULTS_REPORTED,MEASUREMENT_PROPERTY_EVALUATION | TRANSLATION_AND_CULTURAL_ADAPTATION,China | France | Spain | United Kingdom,QUANTITATIVE_EMPIRICAL,CROSS_SECTIONAL,BETWEEN_CONTEXT,NOT_APPLICABLE,,,,0,3,6,6,3,0
P4e11a5d702ea:s1,doi:10.1016/j.vhri.2023.01.009,10.1016/j.vhri.2023.01.009,2023,1,Afrikaans EQ-TIPS cross-cultural adaptation and validation,INSTRUMENT_VERSION_DEVELOPMENT,COMPLETED,RESULTS_REPORTED,CONTENT_VALIDITY_EVALUATION | MEASUREMENT_PROPERTY_EVALUATION | TRANSLATION_AND_CULTURAL_ADAPTATION,South Africa,,,,,,SEQUENTIAL,20190670,2,8,12,8,4,1
P4e274b5a87b1:S1,doi:10.1007/s40120-024-00694-7,10.1007/s40120-024-00694-7,2024,1,EQ-5D-3L mobility performance in Friedreich ataxia by mobility assistive technology use,MEASUREMENT_PROPERTY_EVALUATION,COMPLETED,RESULTS_REPORTED,MEASUREMENT_PROPERTY_EVALUATION,Belgium | France | Germany | Italy | Spain | United Kingdom,QUANTITATIVE_EMPIRICAL,LONGITUDINAL_REPEATED,BETWEEN_GROUP,NOT_APPLICABLE,,,349-RA,0,5,10,7,5,0
P4e504601e8e9:study_1,doi:10.1007/s10198-025-01892-2,10.1007/s10198-025-01892-2,2026,1,Updated Dutch EQ-5D-3L valuation study,VALUE_SET_DEVELOPMENT,COMPLETED,RESULTS_REPORTED,HEALTH_STATE_VALUATION | PREFERENCE_COMPARISON | VALUE_SET_DEVELOPMENT,Netherlands,QUANTITATIVE_EMPIRICAL,CROSS_SECTIONAL,BETWEEN_METHOD,RANDOMIZED,NOT_APPLICABLE,,1693-RA,0,2,4,4,4,1
P4e518dd3bc52:S1,doi:10.1186/s13690-022-00990-4,10.1186/s13690-022-00990-4,2022,1,POPCORN eight-country mental health and social connectedness study,HEALTH_OUTCOME_RESEARCH,COMPLETED,RESULTS_REPORTED,MEASUREMENT_PROPERTY_EVALUATION | OUTCOME_DESCRIPTION,China | Italy | Netherlands | Sweden | United Kingdom | United States,QUANTITATIVE_EMPIRICAL,CROSS_SECTIONAL,BETWEEN_CONTEXT,NOT_APPLICABLE,NOT_APPLICABLE,,77-RA,0,6,11,8,4,3
P4e7ac6718aab:S1,doi:10.1177/1536867x241276110,10.1177/1536867x241276110,2024,1,Development and evaluation of the Stata garbage_mixl command,METHODS_RESEARCH,COMPLETED,RESULTS_REPORTED,IMPLEMENTATION_EVALUATION | METHOD_OR_PROTOCOL_QUALITY,,MODEL_BASED,NOT_APPLICABLE,BETWEEN_METHOD,NOT_APPLICABLE,NOT_APPLICABLE,,1679-RA,3,0,8,7,5,1
P4ec7c747266c:study_recall,doi:10.1016/j.jval.2026.01.001,10.1016/j.jval.2026.01.001,2026,1,Hong Kong within-person comparison of today and last-week recall for EQ-5D-5L and EQ-HWB-9,MEASUREMENT_PROPERTY_EVALUATION,COMPLETED,RESULTS_REPORTED,MEASUREMENT_PROPERTY_EVALUATION | METHOD_OR_PROTOCOL_QUALITY,,QUANTITATIVE_EMPIRICAL,CROSS_SECTIONAL,WITHIN_PERSON,RANDOMIZED,,,2181-RA,0,6,18,8,3,2
P4ecf0174058c:study1,doi:10.1177/17455057251344733,10.1177/17455057251344733,2025,1,Interpretive phenomenological study of childbearing during the COVID-19 pandemic,HEALTH_OUTCOME_RESEARCH,COMPLETED,RESULTS_REPORTED,OUTCOME_DESCRIPTION,United States,QUALITATIVE_INQUIRY,CROSS_SECTIONAL,NONCOMPARATIVE,NOT_APPLICABLE,NOT_APPLICABLE,,260-RA,0,0,6,4,2,0
P4edef90afd07:S1,doi:10.3390/curroncol32110645,10.3390/curroncol32110645,2025,1,Equity-related factors and EQ-5D-3L utilities in Ontario patients with cancer,HEALTH_OUTCOME_RESEARCH,COMPLETED,RESULTS_REPORTED,OUTCOME_DESCRIPTION,Canada,QUANTITATIVE_EMPIRICAL,CROSS_SECTIONAL,BETWEEN_GROUP,NOT_APPLICABLE,NOT_APPLICABLE,,1456-PD,0,4,6,4,5,0
P4efc82c42d3d:study_review,doi:10.1016/j.jval.2025.09.3053,10.1016/j.jval.2025.09.3053,2025,1,Systematic review of psychometric properties of EQ-5D cognition bolt-ons,EVIDENCE_SYNTHESIS,COMPLETED,RESULTS_REPORTED,EVIDENCE_SYNTHESIS | MEASUREMENT_PROPERTY_EVALUATION,,EVIDENCE_SYNTHESIS,VARIABLE_SOURCE_TIME,BETWEEN_INSTRUMENT,NOT_APPLICABLE,NARRATIVE_SYNTHESIS | SYSTEMATIC_REVIEW,,1700-RA,0,3,9,11,8,1
P4fd91be0b3f9:S1,doi:10.1007/s11136-016-1495-z,10.1007/s11136-016-1495-z,2017,1,"Health literacy and logical inconsistencies in EQ-5D-5L composite TTO valuations, Canadian valuation study",METHODS_RESEARCH,COMPLETED,RESULTS_REPORTED,METHOD_OR_PROTOCOL_QUALITY | VALUATION_METHOD_EVALUATION,Canada,QUANTITATIVE_EMPIRICAL,CROSS_SECTIONAL,BETWEEN_GROUP,NOT_APPLICABLE,,,,0,4,5,6,5,0
P500c196383ac:study1,doi:10.1007/s11136-025-04003-z,10.1007/s11136-025-04003-z,2025,1,Secondary psychometric comparison of frequency and severity response scales for pain and discomfort,MEASUREMENT_PROPERTY_EVALUATION,COMPLETED,RESULTS_REPORTED,MEASUREMENT_PROPERTY_EVALUATION,,QUANTITATIVE_EMPIRICAL,CROSS_SECTIONAL,BETWEEN_METHOD | WITHIN_PERSON,NOT_APPLICABLE,NOT_APPLICABLE,,1811-RA,0,3,9,6,3,0
P502b99c343a2:S1,doi:10.1007/s10198-013-0474-3,10.1007/s10198-013-0474-3,2013,1,"Comparison of binary DCE and multiprofile best-worst scaling for eliciting preferences for EQ-5D-5L health states, Hamilton, Canada",METHODS_RESEARCH,COMPLETED,RESULTS_REPORTED,PREFERENCE_COMPARISON | VALUATION_METHOD_EVALUATION,Canada,QUANTITATIVE_EMPIRICAL,CROSS_SECTIONAL,BETWEEN_METHOD | WITHIN_PERSON,RANDOMIZED,,,,0,3,7,7,3,0
P502e5b068f4c:S1,doi:10.1016/j.jval.2024.06.018,10.1016/j.jval.2024.06.018,2024,1,Scaling factor model evaluation for EQ-5D-5L bolt-on valuation,METHODS_RESEARCH,COMPLETED,RESULTS_REPORTED,HEALTH_STATE_VALUATION | VALUATION_METHOD_EVALUATION,China,QUANTITATIVE_EMPIRICAL,CROSS_SECTIONAL,BETWEEN_METHOD,RANDOMIZED,NOT_APPLICABLE,,,2,5,6,8,6,0
P50377901fd45:S1,doi:10.1016/j.jval.2025.10.012,10.1016/j.jval.2025.10.012,2025,1,Reversed proxy assessment of caregiver HRQL,MEASUREMENT_PROPERTY_EVALUATION,COMPLETED,RESULTS_REPORTED,IMPLEMENTATION_EVALUATION | MEASUREMENT_PROPERTY_EVALUATION,United States,QUANTITATIVE_EMPIRICAL,CROSS_SECTIONAL,WITHIN_DYAD,NOT_APPLICABLE,NOT_APPLICABLE,,414-PHD,0,4,9,6,5,0
P506f670d0dee:S1,P506f670d0dee,,2018,1,Development and testing of new methods for describing the distribution of EQ-5D profile observations,METHODS_RESEARCH,COMPLETED,RESULTS_REPORTED,MEASUREMENT_PROPERTY_EVALUATION | METHOD_OR_PROTOCOL_QUALITY | OUTCOME_DESCRIPTION,United Kingdom,MODEL_BASED | QUANTITATIVE_EMPIRICAL,VARIABLE_SOURCE_TIME,BETWEEN_INSTRUMENT | BETWEEN_METHOD,NOT_APPLICABLE,,,2016320,0,2,7,7,4,2
P507a44805418:S1,doi:10.1016/j.jval.2016.02.002,10.1016/j.jval.2016.02.002,2016,1,Randomised three-arm experiment testing whether a ranking task before composite TTO improves EQ-5D-5L valuation data quality,METHODS_RESEARCH,COMPLETED,RESULTS_REPORTED,METHOD_OR_PROTOCOL_QUALITY | VALUATION_METHOD_EVALUATION,Spain,QUANTITATIVE_EMPIRICAL,CROSS_SECTIONAL,BETWEEN_METHOD,RANDOMIZED,,,2013320,0,3,8,8,3,0
P509443701748:study_main,doi:10.1186/s12955-026-02561-5,10.1186/s12955-026-02561-5,2026,1,US qualitative content-validity assessment of modified EQ-HWB-9,MEASUREMENT_PROPERTY_EVALUATION,COMPLETED,RESULTS_REPORTED,CONTENT_VALIDITY_EVALUATION | INSTRUMENT_DEVELOPMENT,United States,,CROSS_SECTIONAL,BETWEEN_INSTRUMENT,NOT_APPLICABLE,NOT_APPLICABLE,SEQUENTIAL,1927-RA,2,2,8,8,5,0
P509d6314b9f5:study1,doi:10.1007/s12311-023-01597-3,10.1007/s12311-023-01597-3,2023,1,Longitudinal validation of EQ-5D-3L in spinocerebellar ataxia,MEASUREMENT_PROPERTY_EVALUATION,COMPLETED,RESULTS_REPORTED,MEASUREMENT_PROPERTY_EVALUATION,United States,QUANTITATIVE_EMPIRICAL,LONGITUDINAL_REPEATED,BETWEEN_GROUP | WITHIN_PERSON,NOT_APPLICABLE,,,349-RA,0,6,12,8,6,0
P50c44b2531b6:S1,doi:10.1007/s40273-023-01267-6,10.1007/s40273-023-01267-6,2023,1,"EQ-5D-5L profiles, job characteristics, and predicted work productivity",APPLIED_USE_RESEARCH,COMPLETED,RESULTS_REPORTED,DECISION_SUPPORT_DEVELOPMENT | OUTCOME_DESCRIPTION,Poland,QUANTITATIVE_EMPIRICAL,CROSS_SECTIONAL,,,,,91-RA,2,1,4,7,9,2
P517360bbecc3:study_main,doi:10.1007/s40273-022-01202-1,10.1007/s40273-022-01202-1,2022,1,Comparison of proxy perspectives in EQ-5D-Y-3L cTTO valuation,METHODS_RESEARCH,COMPLETED,RESULTS_REPORTED,HEALTH_STATE_VALUATION | PREFERENCE_COMPARISON | VALUATION_METHOD_EVALUATION,Netherlands,QUANTITATIVE_EMPIRICAL,CROSS_SECTIONAL,BETWEEN_GROUP | WITHIN_PERSON,RANDOMIZED,,,100-RA,2,4,7,8,4,0
P517c06a5227f:study_china_y3l,doi:10.1007/s40273-022-01216-9,10.1007/s40273-022-01216-9,2022,1,Estimation of the Chinese EQ-5D-Y-3L value set,VALUE_SET_DEVELOPMENT,COMPLETED,RESULTS_REPORTED,HEALTH_STATE_VALUATION | VALUATION_METHOD_EVALUATION | VALUE_SET_DEVELOPMENT,China,QUANTITATIVE_EMPIRICAL,CROSS_SECTIONAL,BETWEEN_METHOD,NOT_APPLICABLE,,,20191020,3,3,10,7,3,1
P524fbadf8931:S1,doi:10.1016/j.jval.2020.03.019,10.1016/j.jval.2020.03.019,2020,1,Parallel EQ-5D-3L and EQ-5D-5L composite time trade-off valuation study in the Hungarian general population (2018-2019),VALUE_SET_DEVELOPMENT,COMPLETED,RESULTS_REPORTED,HEALTH_STATE_VALUATION | PREFERENCE_COMPARISON | VALUE_SET_DEVELOPMENT,Hungary,MODEL_BASED | QUANTITATIVE_EMPIRICAL,CROSS_SECTIONAL,BETWEEN_INSTRUMENT | WITHIN_PERSON,RANDOMIZED,NOT_APPLICABLE,,20170500,0,5,12,11,5,2
P528a714ec74f:study_main,doi:10.1136/bmjmed-2022-000245,10.1136/bmjmed-2022-000245,2023,1,Sex differences in cardiovascular complications and mortality among hospital patients with COVID-19,HEALTH_OUTCOME_RESEARCH,COMPLETED,RESULTS_REPORTED,OUTCOME_DESCRIPTION,,QUANTITATIVE_EMPIRICAL,LONGITUDINAL_REPEATED,BETWEEN_GROUP,NOT_APPLICABLE,NOT_APPLICABLE,,,0,2,3,7,7,0
P528c1c29965d:S1,doi:10.1007/s40273-019-00854-w,10.1007/s40273-019-00854-w,2019,1,COSMIN-guided systematic review of measurement properties of generic preference-based measures in East and South-East Asia,EVIDENCE_SYNTHESIS,COMPLETED,RESULTS_REPORTED,EVIDENCE_SYNTHESIS | MEASUREMENT_PROPERTY_EVALUATION | METHOD_OR_PROTOCOL_QUALITY,China | Indonesia | Japan | Malaysia | Singapore | South Korea | Taiwan | Thailand | Vietnam,EVIDENCE_SYNTHESIS,VARIABLE_SOURCE_TIME,BETWEEN_INSTRUMENT,NOT_APPLICABLE,SYSTEMATIC_REVIEW,,2016230,0,9,8,8,3,0
P5372be0c98a9:S1,doi:10.1186/s41687-024-00767-z,10.1186/s41687-024-00767-z,2024,1,Chinese face-validity evaluation of EQ-HWB candidate items,MEASUREMENT_PROPERTY_EVALUATION,COMPLETED,RESULTS_REPORTED,CONTENT_VALIDITY_EVALUATION | TRANSLATION_AND_CULTURAL_ADAPTATION,China,,CROSS_SECTIONAL,NONCOMPARATIVE,NOT_APPLICABLE,,SEQUENTIAL,20180600,2,3,5,5,5,1
P5395be08d266:S1,doi:10.1186/s12955-026-02579-9,10.1186/s12955-026-02579-9,2026,1,EQ-HWB-9 validation and item-modification study in users of a meditation app,MEASUREMENT_PROPERTY_EVALUATION,COMPLETED,RESULTS_REPORTED,INSTRUMENT_DEVELOPMENT | MEASUREMENT_PROPERTY_EVALUATION,Australia | Canada | United Kingdom | United States,,,,,,,1872-RA,3,7,14,9,7,0
P53b7b5bb2fd7:study1,doi:10.1007/s11136-026-04202-2,10.1007/s11136-026-04202-2,2026,1,Phase 4 qualitative evaluation of the P-PROM ROCK Program,APPLIED_USE_RESEARCH,COMPLETED,RESULTS_REPORTED,IMPLEMENTATION_EVALUATION | OUTCOME_DESCRIPTION,Australia,QUALITATIVE_INQUIRY,CROSS_SECTIONAL,BETWEEN_GROUP,NOT_APPLICABLE,NOT_APPLICABLE,,330-PHD,2,1,4,10,3,1
P53e85b5ef133:s1,doi:10.1016/j.ekir.2024.10.009,10.1016/j.ekir.2024.10.009,2024,1,GOAL trial baseline characteristics analysis,HEALTH_OUTCOME_RESEARCH,COMPLETED,RESULTS_REPORTED,OUTCOME_DESCRIPTION,Australia,QUANTITATIVE_EMPIRICAL,CROSS_SECTIONAL,BETWEEN_GROUP,RANDOMIZED,NOT_APPLICABLE,,,0,3,2,5,7,0
P547aa16ee6e8:study1,doi:10.1007/s10198-025-01857-5,10.1007/s10198-025-01857-5,2025,1,Within-respondent comparison of child- and adult-perspective EQ-5D-Y-3L cTTO values in Hungary,METHODS_RESEARCH,COMPLETED,RESULTS_REPORTED,PREFERENCE_COMPARISON | VALUATION_METHOD_EVALUATION,Hungary,QUANTITATIVE_EMPIRICAL,CROSS_SECTIONAL,WITHIN_PERSON,NOT_APPLICABLE,NOT_APPLICABLE,,2003-RA,3,2,8,9,5,0
P5483ce4764cc:study_main,doi:10.1177/0272989x231159381,10.1177/0272989x231159381,2023,1,Efficient selection of TTO health states for mapping latent DCE utilities to the interval scale,METHODS_RESEARCH,COMPLETED,RESULTS_REPORTED,METHOD_OR_PROTOCOL_QUALITY | VALUATION_METHOD_EVALUATION,,,,,,,,20190430,2,2,5,8,5,1
P54b2b68dc906:study_colombia_norms,doi:10.1016/j.vhri.2020.12.002,10.1016/j.vhri.2020.12.002,2021,1,2013 Colombian EQ-5D-5L population norms and health inequality study,POPULATION_REFERENCE_DESCRIPTION,COMPLETED,RESULTS_REPORTED,OUTCOME_DESCRIPTION | POPULATION_NORMS,,QUANTITATIVE_EMPIRICAL,CROSS_SECTIONAL,BETWEEN_GROUP,NOT_APPLICABLE,NOT_APPLICABLE,,,0,2,6,7,4,1
P54d14ed7d4e4:S1,doi:10.1016/j.jval.2012.02.008,10.1016/j.jval.2012.02.008,2012,1,Crosswalk mapping of EQ-5D-5L responses to EQ-5D-3L value sets using six-country co-administration data,VALUE_SET_DEVELOPMENT,COMPLETED,RESULTS_REPORTED,MAPPING_OR_CROSSWALK | VALUATION_METHOD_EVALUATION | VALUE_SET_DEVELOPMENT,Denmark | Italy | Netherlands | Poland | United Kingdom,QUANTITATIVE_EMPIRICAL,CROSS_SECTIONAL,BETWEEN_INSTRUMENT,NOT_APPLICABLE,,,,0,3,7,8,4,1
P5515fe4f6f64:study_icu_pref,doi:10.1136/bmjopen-2021-058500,10.1136/bmjopen-2021-058500,2022,1,Planned patient-versus-public EQ-5D-5L valuation study in Danish ICU survivors,METHODS_RESEARCH,PLANNED,NO_RESULTS_YET,HEALTH_STATE_VALUATION | PREFERENCE_COMPARISON | VALUATION_METHOD_EVALUATION | VALUE_SET_DEVELOPMENT,Denmark,MODEL_BASED | QUANTITATIVE_EMPIRICAL,CROSS_SECTIONAL,BETWEEN_GROUP,NOT_APPLICABLE,,,,0,5,5,0,7,1
P55a5047d1c76:S1,doi:10.12688/wellcomeopenres.21408.2,10.12688/wellcomeopenres.21408.2,2026,1,OPUF feasibility study and EQ-HWB-S value-set construction,VALUE_SET_DEVELOPMENT,COMPLETED,RESULTS_REPORTED,HEALTH_STATE_VALUATION | PREFERENCE_COMPARISON | VALUATION_METHOD_EVALUATION | VALUE_SET_DEVELOPMENT,Germany | United Kingdom,,,,,,SEQUENTIAL,1508-RA,3,5,12,11,7,6
P55aa1a432d7b:S1,doi:10.1007/s10198-022-01435-z,10.1007/s10198-022-01435-z,2022,1,Comparative psychometric evaluation of caregiver-proxy EQ-5D-Y-5L and EQ-5D-Y-3L in paediatric idiopathic scoliosis,MEASUREMENT_PROPERTY_EVALUATION,COMPLETED,RESULTS_REPORTED,MEASUREMENT_PROPERTY_EVALUATION,China,QUANTITATIVE_EMPIRICAL,LONGITUDINAL_REPEATED,BETWEEN_INSTRUMENT | WITHIN_PERSON,NOT_APPLICABLE,NOT_APPLICABLE,,20190250,0,3,14,7,6,0
P55d99ed0f0af:S1,doi:10.1097/mlr.0000000000000447,10.1097/mlr.0000000000000447,2016,1,Canadian EQ-5D-5L Valuation Study (TTO-based value set for Canada),VALUE_SET_DEVELOPMENT,COMPLETED,RESULTS_REPORTED,HEALTH_STATE_VALUATION | VALUATION_METHOD_EVALUATION | VALUE_SET_DEVELOPMENT,Canada,QUANTITATIVE_EMPIRICAL,CROSS_SECTIONAL,BETWEEN_METHOD,RANDOMIZED,,,2013270,0,4,10,5,4,1
P55f01e224c04:S1,doi:10.1007/s11136-026-04226-8,10.1007/s11136-026-04226-8,2026,1,Baseline psychometric validation of cognition and social participation bolt-ons in German healthcare workers after occupational COVID-19,MEASUREMENT_PROPERTY_EVALUATION,COMPLETED,RESULTS_REPORTED,MEASUREMENT_PROPERTY_EVALUATION,Germany,QUANTITATIVE_EMPIRICAL,CROSS_SECTIONAL,BETWEEN_INSTRUMENT,NOT_APPLICABLE,NOT_APPLICABLE,,1719-RA,0,12,12,9,8,0
P5602a8bdf457:S1,doi:10.1007/s11136-020-02718-9,10.1007/s11136-020-02718-9,2021,1,Development of item-selection criteria for preference-based measures,METHODS_RESEARCH,COMPLETED,RESULTS_REPORTED,CONCEPTUAL_FRAMEWORK_DEVELOPMENT | METHOD_OR_PROTOCOL_QUALITY,,CONCEPTUAL,NOT_APPLICABLE,NONCOMPARATIVE,NOT_APPLICABLE,NOT_APPLICABLE,,2016710,0,1,2,5,3,1
P5690470f8532:S1,doi:10.1177/0272989x231173699,10.1177/0272989x231173699,2023,1,Comparison of predictive precision for EQ-5D-5L valuation models across seven countries,METHODS_RESEARCH,COMPLETED,RESULTS_REPORTED,METHOD_OR_PROTOCOL_QUALITY | VALUATION_METHOD_EVALUATION,Canada | China | Germany | Indonesia | Japan | Netherlands | South Korea,,,,,,,109-RA,2,2,3,5,2,1
P569ce2adb7d3:S1,doi:10.1007/s10198-023-01635-1,10.1007/s10198-023-01635-1,2023,1,Cancer-patient EQ-5D-5L valuation and value-set feasibility study,VALUE_SET_DEVELOPMENT,COMPLETED,RESULTS_REPORTED,HEALTH_STATE_VALUATION | METHOD_OR_PROTOCOL_QUALITY | PREFERENCE_COMPARISON | VALUE_SET_DEVELOPMENT,China,,,,,,,20180070R1,2,4,7,7,3,1
P56ec78afcb62:study_main,doi:10.1016/j.jval.2025.09.009,10.1016/j.jval.2025.09.009,2025,1,Longitudinal comparison of 5-level and 3-level EQ-5D bolt-ons in the POP-UP general-population sample,MEASUREMENT_PROPERTY_EVALUATION,COMPLETED,RESULTS_REPORTED,MEASUREMENT_PROPERTY_EVALUATION,Belgium | Canada | Germany | Italy | Netherlands | Spain | United Kingdom | United States,QUANTITATIVE_EMPIRICAL,LONGITUDINAL_REPEATED,BETWEEN_INSTRUMENT | WITHIN_PERSON,NOT_APPLICABLE,NOT_APPLICABLE,,1601-RA,0,18,16,9,7,0
P5766ae511708:S1,doi:10.1016/j.jval.2015.10.012,10.1016/j.jval.2015.10.012,2015,1,"Randomized two-arm comparison of full health versus 11111 as the TTO comparator state for EQ-5D-5L valuation, UK general public",METHODS_RESEARCH,COMPLETED,RESULTS_REPORTED,HEALTH_STATE_VALUATION | METHOD_OR_PROTOCOL_QUALITY | VALUATION_METHOD_EVALUATION,United Kingdom,QUANTITATIVE_EMPIRICAL,CROSS_SECTIONAL,BETWEEN_METHOD,RANDOMIZED,,,2015050,0,4,3,9,4,0
P579628bb2aa7:study_us_eq5dy3l,doi:10.1016/j.jval.2025.11.003,10.1016/j.jval.2025.11.003,2025,1,United States EQ-5D-Y-3L valuation study,VALUE_SET_DEVELOPMENT,COMPLETED,RESULTS_REPORTED,HEALTH_STATE_VALUATION | VALUE_SET_DEVELOPMENT,,,,,,,,409-RA,3,5,9,7,5,1
P57ecf9e10508:s1,doi:10.1186/s12955-026-02587-9,10.1186/s12955-026-02587-9,2026,1,2021 Stockholm County EQ-5D-3L population reference and inequality analysis,POPULATION_REFERENCE_DESCRIPTION,COMPLETED,RESULTS_REPORTED,OUTCOME_DESCRIPTION | POPULATION_NORMS,Sweden,QUANTITATIVE_EMPIRICAL,CROSS_SECTIONAL,BETWEEN_GROUP,NOT_APPLICABLE,NOT_APPLICABLE,,1781-RA,2,4,6,9,7,1
P581c4faca57a:S1,doi:10.1111/apa.12863,10.1111/apa.12863,2014,1,Cross-sectional test of EQ-5D-Y feasibility and convergent validity in Swedish children and adolescents with asthma,MEASUREMENT_PROPERTY_EVALUATION,COMPLETED,RESULTS_REPORTED,MEASUREMENT_PROPERTY_EVALUATION | OUTCOME_DESCRIPTION,Sweden,QUANTITATIVE_EMPIRICAL,CROSS_SECTIONAL,BETWEEN_INSTRUMENT,NOT_APPLICABLE,,,2013060,0,4,8,8,6,0
P58296a0c59f6:S1,doi:10.1097/mlr.0000000000001714,10.1097/mlr.0000000000001714,2022,1,Comparison of US EQ-5D-3L health-state preferences in 2002 and 2017,HEALTH_PREFERENCE_RESEARCH,COMPLETED,RESULTS_REPORTED,PREFERENCE_COMPARISON | VALUATION_METHOD_EVALUATION,United States,QUANTITATIVE_EMPIRICAL,CROSS_SECTIONAL,BETWEEN_CONTEXT | BETWEEN_METHOD,NOT_APPLICABLE,,,2016470,2,3,14,6,5,0
P583567a7d68b:S1,doi:10.1007/s40273-022-01159-1,10.1007/s40273-022-01159-1,2022,1,Systematic review of methods and models used for international EQ-5D-5L value sets,EVIDENCE_SYNTHESIS,COMPLETED,RESULTS_REPORTED,EVIDENCE_SYNTHESIS | METHOD_OR_PROTOCOL_QUALITY,,EVIDENCE_SYNTHESIS,VARIABLE_SOURCE_TIME,BETWEEN_METHOD,NOT_APPLICABLE,NARRATIVE_SYNTHESIS | SYSTEMATIC_REVIEW,,,0,1,6,10,2,0
P584846abc092:study1,doi:10.1017/s0950268823001401,10.1017/s0950268823001401,2023,1,Long-term health outcomes of Q-fever fatigue syndrome patients,HEALTH_OUTCOME_RESEARCH,COMPLETED,RESULTS_REPORTED,OUTCOME_DESCRIPTION,Netherlands,QUANTITATIVE_EMPIRICAL,CROSS_SECTIONAL,BETWEEN_GROUP,NOT_APPLICABLE,NOT_APPLICABLE,,315-RA,0,9,6,7,9,0
P594ced259c8b:S1,doi:10.1016/j.jval.2020.05.004,10.1016/j.jval.2020.05.004,2020,1,Peruvian EQ-5D-5L valuation and Lite protocol evaluation,VALUE_SET_DEVELOPMENT,COMPLETED,RESULTS_REPORTED,HEALTH_STATE_VALUATION | METHOD_OR_PROTOCOL_QUALITY | VALUATION_METHOD_EVALUATION | VALUE_SET_DEVELOPMENT,,QUANTITATIVE_EMPIRICAL,CROSS_SECTIONAL,BETWEEN_GROUP | WITHIN_PERSON,RANDOMIZED,,,20170170,2,3,9,11,8,2
P595e0df3a2cf:S1,doi:10.1007/s41669-020-00244-5,10.1007/s41669-020-00244-5,2021,1,Attribute non-attendance analysis of Irish EQ-5D-5L valuation DCE data,METHODS_RESEARCH,COMPLETED,RESULTS_REPORTED,METHOD_OR_PROTOCOL_QUALITY | VALUATION_METHOD_EVALUATION,,QUANTITATIVE_EMPIRICAL,CROSS_SECTIONAL,BETWEEN_METHOD,NOT_APPLICABLE,NOT_APPLICABLE,,2013280,0,1,4,7,5,0
P598bb3bb251e:study_main,doi:10.1177/0272989x20940673,10.1177/0272989x20940673,2020,1,Prevalence of implausible EQ-5D-5L states and effects of state exclusion on valuation models,METHODS_RESEARCH,COMPLETED,RESULTS_REPORTED,METHOD_OR_PROTOCOL_QUALITY | OUTCOME_DESCRIPTION,United Kingdom,,,,,,,,2,2,4,8,4,0
P5a8b06ab060f:s1,doi:10.1007/s40271-023-00647-6,10.1007/s40271-023-00647-6,2023,1,Face validity of four preference-weighted quality-of-life measures in residential aged care,MEASUREMENT_PROPERTY_EVALUATION,COMPLETED,RESULTS_REPORTED,CONTENT_VALIDITY_EVALUATION,Australia,QUALITATIVE_INQUIRY,CROSS_SECTIONAL,BETWEEN_INSTRUMENT,RANDOMIZED,NOT_APPLICABLE,,150-RA,4,5,6,6,7,0
P5ac7250488df:S1,doi:10.1007/s11136-015-1073-9,10.1007/s11136-015-1073-9,2015,1,"Qualitative interview study of respondents' thought processes in composite TTO (tTTO and lead-time TTO) valuation of EQ-5D-5L states, Canada",METHODS_RESEARCH,COMPLETED,RESULTS_REPORTED,METHOD_OR_PROTOCOL_QUALITY | VALUATION_METHOD_EVALUATION,Canada,QUALITATIVE_INQUIRY,CROSS_SECTIONAL,NONCOMPARATIVE,NOT_APPLICABLE,,,2013270,0,3,6,8,3,0
P5ba731128521:S1,doi:10.1016/j.jval.2025.12.009,10.1016/j.jval.2025.12.009,2025,1,Comparison of early and recent EQ-5D-5L health preferences in China and Singapore,HEALTH_PREFERENCE_RESEARCH,COMPLETED,RESULTS_REPORTED,METHOD_OR_PROTOCOL_QUALITY | PREFERENCE_COMPARISON,China | Singapore,QUANTITATIVE_EMPIRICAL,VARIABLE_SOURCE_TIME,BETWEEN_CONTEXT,NOT_APPLICABLE,NOT_APPLICABLE,,1741-RA | 320-VS,2,2,10,8,4,0
P5bd57e325e87:S1,doi:10.1016/j.jval.2019.02.014,10.1016/j.jval.2019.02.014,2019,1,Hong Kong EQ-5D-5L general population normative profile study,POPULATION_REFERENCE_DESCRIPTION,COMPLETED,RESULTS_REPORTED,OUTCOME_DESCRIPTION | POPULATION_NORMS,,QUANTITATIVE_EMPIRICAL,CROSS_SECTIONAL,BETWEEN_GROUP,NOT_APPLICABLE,,,2012030,0,2,4,5,3,1
P5be04ff65a84:S1,doi:10.1186/s12955-017-0617-9,10.1186/s12955-017-0617-9,2017,1,Exploratory German EQ-5D-5L cTTO valuation study testing three EQ-VT 1.1 modifications,METHODS_RESEARCH,COMPLETED,RESULTS_REPORTED,METHOD_OR_PROTOCOL_QUALITY | VALUATION_METHOD_EVALUATION,Germany,QUANTITATIVE_EMPIRICAL,CROSS_SECTIONAL,BETWEEN_METHOD,RANDOMIZED,,EMBEDDED,2014030,0,4,10,9,5,1
P5c074146b339:S1,doi:10.1016/j.jval.2024.01.017,10.1016/j.jval.2024.01.017,2024,1,Saudi Arabia EQ-5D-5L valuation study,VALUE_SET_DEVELOPMENT,COMPLETED,RESULTS_REPORTED,HEALTH_STATE_VALUATION | VALUATION_METHOD_EVALUATION | VALUE_SET_DEVELOPMENT,,QUANTITATIVE_EMPIRICAL,CROSS_SECTIONAL,BETWEEN_METHOD,NOT_APPLICABLE,,,20190780,2,3,6,6,3,1
P5c2d0bf3c2cd:S1,doi:10.1177/0272989x20924019,10.1177/0272989x20924019,2020,1,Assessment of model misspecification when combining TTO and DCE data for EQ-5D-5L value sets,METHODS_RESEARCH,COMPLETED,RESULTS_REPORTED,METHOD_OR_PROTOCOL_QUALITY,United States,,,,,,SEQUENTIAL,20190270,2,1,8,8,3,2
P5cb1cf0f3d7f:S1,doi:10.1038/s41440-022-00893-5,10.1038/s41440-022-00893-5,2022,1,CAPACITY-COVID hypertension and in-hospital mortality analysis,HEALTH_OUTCOME_RESEARCH,COMPLETED,RESULTS_REPORTED,OUTCOME_DESCRIPTION,United Kingdom,QUANTITATIVE_EMPIRICAL,CROSS_SECTIONAL,BETWEEN_GROUP,NOT_APPLICABLE,,,,0,1,3,4,3,0
P5cf3fcdfe3d0:study_main,doi:10.1007/s10198-022-01466-6,10.1007/s10198-022-01466-6,2023,1,Experiment on time and lexicographic preferences in EQ-5D-Y-3L valuation,METHODS_RESEARCH,COMPLETED,RESULTS_REPORTED,HEALTH_STATE_VALUATION | PREFERENCE_COMPARISON | VALUATION_METHOD_EVALUATION,Netherlands,QUANTITATIVE_EMPIRICAL,CROSS_SECTIONAL,BETWEEN_METHOD | WITHIN_PERSON,RANDOMIZED,,,120-RA,2,2,9,8,8,0
P5d23deb487bc:study_main,doi:10.1186/s12955-023-02177-z,10.1186/s12955-023-02177-z,2023,1,Psychometric evaluation of EQ-5D-5L in patients with relapsed Graves' disease,MEASUREMENT_PROPERTY_EVALUATION,COMPLETED,RESULTS_REPORTED,MEASUREMENT_PROPERTY_EVALUATION,,QUANTITATIVE_EMPIRICAL,LONGITUDINAL_REPEATED,WITHIN_PERSON,NOT_APPLICABLE,NOT_APPLICABLE,,333-RA,0,3,7,5,3,0
P5dd2115e644c:S1,doi:10.1016/j.jocm.2024.100494,10.1016/j.jocm.2024.100494,2024,1,Randomized evaluation of level overlap and color coding in EQ-5D-5L discrete choice experiments,METHODS_RESEARCH,COMPLETED,RESULTS_REPORTED,HEALTH_STATE_VALUATION | METHOD_OR_PROTOCOL_QUALITY,Netherlands | United Kingdom,,,,,,,1484-RA,2,4,6,8,6,0
P5e1280b328ff:S1,doi:10.1016/j.jval.2021.11.1361,10.1016/j.jval.2021.11.1361,2022,1,Stage 4 six-country psychometric survey of 64 candidate EQ-HWB items,MEASUREMENT_PROPERTY_EVALUATION,COMPLETED,RESULTS_REPORTED,INSTRUMENT_DEVELOPMENT | MEASUREMENT_PROPERTY_EVALUATION,Australia | China | Germany | United Kingdom | United States,QUANTITATIVE_EMPIRICAL,CROSS_SECTIONAL,BETWEEN_CONTEXT | BETWEEN_GROUP,RANDOMIZED,NOT_APPLICABLE,,20180450 | 20180460 | 20180520 | 20180580 | 20180600 | 20190260,0,8,15,11,10,0
P5e2520ed6043:S1,doi:10.1186/s12955-025-02397-5,10.1186/s12955-025-02397-5,2025,1,Pakistani stakeholder consultation on EQ-5D-Y-3L measurement and valuation,METHODS_RESEARCH,COMPLETED,RESULTS_REPORTED,IMPLEMENTATION_EVALUATION | METHOD_OR_PROTOCOL_QUALITY,Pakistan,,,NONCOMPARATIVE,NOT_APPLICABLE,,SEQUENTIAL,344-VS,2,2,4,8,4,0
P5e36f03a68f0:S1,doi:10.1016/j.vaccine.2025.127450,10.1016/j.vaccine.2025.127450,2025,1,Predictive accuracy of CANDOUR vaccine-intention surveys,METHODS_RESEARCH,COMPLETED,RESULTS_REPORTED,METHOD_OR_PROTOCOL_QUALITY | OUTCOME_DESCRIPTION,Australia | Brazil | Canada | China | France | Italy | Spain | United Kingdom | United States,QUANTITATIVE_EMPIRICAL,LONGITUDINAL_REPEATED,WITHIN_PERSON,NOT_APPLICABLE,,,118-RA,0,2,9,6,6,0
P5e59af1995bc:S1,doi:10.1186/s12955-021-01889-4,10.1186/s12955-021-01889-4,2021,1,Longitudinal comparison of EQ-5D-Y-3L and EQ-5D-Y-5L measurement properties in Indonesian paediatric patients,MEASUREMENT_PROPERTY_EVALUATION,COMPLETED,RESULTS_REPORTED,MEASUREMENT_PROPERTY_EVALUATION | TRANSLATION_AND_CULTURAL_ADAPTATION,Indonesia,QUANTITATIVE_EMPIRICAL,LONGITUDINAL_REPEATED,BETWEEN_INSTRUMENT,NOT_APPLICABLE,NOT_APPLICABLE,,20180140,0,7,9,7,5,1
P5e758f731736:S1,doi:10.1177/0272989x231180134,10.1177/0272989x231180134,2023,1,DEVINE evaluation of standard and extended EQ-VT cTTO designs,METHODS_RESEARCH,COMPLETED,RESULTS_REPORTED,METHOD_OR_PROTOCOL_QUALITY | VALUATION_METHOD_EVALUATION,,QUANTITATIVE_EMPIRICAL,CROSS_SECTIONAL,BETWEEN_METHOD,RANDOMIZED,,,20170520,0,1,8,5,3,1
P5f052a61143e:S1,doi:10.1016/j.jval.2025.07.016,10.1016/j.jval.2025.07.016,2025,1,Five-country test of EQ-5D-Y-5L valuation in adults and adolescents,METHODS_RESEARCH,COMPLETED,RESULTS_REPORTED,IMPLEMENTATION_EVALUATION | PREFERENCE_COMPARISON | VALUATION_METHOD_EVALUATION,Australia | Canada | China | Netherlands | Spain,QUANTITATIVE_EMPIRICAL,CROSS_SECTIONAL,BETWEEN_CONTEXT | BETWEEN_GROUP,NOT_APPLICABLE,NOT_APPLICABLE,,1404-RA,2,2,6,10,7,0
P60097071ae46:S1,doi:10.1007/s10198-022-01537-8,10.1007/s10198-022-01537-8,2022,1,Evaluation of maximal-health-gain anchoring for Polish EQ-5D valuation data,METHODS_RESEARCH,COMPLETED,RESULTS_REPORTED,VALUATION_METHOD_EVALUATION | VALUE_SET_DEVELOPMENT,Poland,MODEL_BASED | QUANTITATIVE_EMPIRICAL,,BETWEEN_METHOD,NOT_APPLICABLE,,,,2,2,4,8,6,0
P60ec96d40fd5:S1,doi:10.1007/s11136-022-03143-w,10.1007/s11136-022-03143-w,2022,1,Philippine EQ-5D-5L valuation study,VALUE_SET_DEVELOPMENT,COMPLETED,RESULTS_REPORTED,HEALTH_STATE_VALUATION | VALUE_SET_DEVELOPMENT,,QUANTITATIVE_EMPIRICAL,CROSS_SECTIONAL,BETWEEN_METHOD,RANDOMIZED,NOT_APPLICABLE,,20170230,0,3,6,6,5,1
P61cf7716c356:S1,doi:10.1016/j.jval.2024.04.010,10.1016/j.jval.2024.04.010,2024,1,Health Today Study: health fluctuations and EQ-5D-5L recall-period adherence in dementia,MEASUREMENT_PROPERTY_EVALUATION,COMPLETED,RESULTS_REPORTED,MEASUREMENT_PROPERTY_EVALUATION | METHOD_OR_PROTOCOL_QUALITY | OUTCOME_DESCRIPTION,Germany,,,,,,SEQUENTIAL,244-RA,2,14,11,6,5,0
P62514a2dd57b:s1,doi:10.1016/j.vhri.2025.101130,10.1016/j.vhri.2025.101130,2025,1,Cost-effectiveness of pharmacological therapies for Alzheimer disease in Brazil,HEALTH_ECONOMIC_EVALUATION,COMPLETED,RESULTS_REPORTED,ECONOMIC_EVALUATION,Brazil,,,BETWEEN_GROUP,NOT_APPLICABLE,,,,2,3,3,7,4,0
P62860f1a28ce:S1,doi:10.1016/j.jhealeco.2005.09.003,10.1016/j.jhealeco.2005.09.003,2005,1,Interview study comparing York (TTO) and Sheffield (SG) valuation protocols applied to EQ-5D and SF-6D states,METHODS_RESEARCH,COMPLETED,RESULTS_REPORTED,PREFERENCE_COMPARISON | VALUATION_METHOD_EVALUATION,United Kingdom,QUANTITATIVE_EMPIRICAL,CROSS_SECTIONAL,BETWEEN_INSTRUMENT | BETWEEN_METHOD,NONRANDOMIZED,,,,0,5,7,9,4,0
P630038e945fa:S1,doi:10.1007/s10198-018-1026-7,10.1007/s10198-018-1026-7,2019,1,Head-to-head comparison of the psychometric properties of the EQ-5D-Y-5L (5LY) and EQ-5D-Y-3L (3LY) in Chinese paediatric idiopathic scoliosis patients in Hong Kong,MEASUREMENT_PROPERTY_EVALUATION,COMPLETED,RESULTS_REPORTED,MEASUREMENT_PROPERTY_EVALUATION | TRANSLATION_AND_CULTURAL_ADAPTATION,China,QUANTITATIVE_EMPIRICAL | TRANSLATION_ADAPTATION_WORKFLOW,LONGITUDINAL_REPEATED,BETWEEN_INSTRUMENT | WITHIN_PERSON,NOT_APPLICABLE,NOT_APPLICABLE,,20170460,0,7,17,8,5,1
P6329136a9e1a:study_main,doi:10.1007/s10198-023-01569-8,10.1007/s10198-023-01569-8,2024,1,COVID-19 experiences and EQ-5D-5L health-state values in the United Kingdom,HEALTH_PREFERENCE_RESEARCH,COMPLETED,RESULTS_REPORTED,HEALTH_STATE_VALUATION | OUTCOME_DESCRIPTION | PREFERENCE_COMPARISON,United Kingdom,QUANTITATIVE_EMPIRICAL,LONGITUDINAL_REPEATED,BETWEEN_GROUP,NOT_APPLICABLE,NOT_APPLICABLE,,289-RA,0,4,4,8,7,0
P636c7acc93b0:study1,doi:10.1186/s12955-022-02079-6,10.1186/s12955-022-02079-6,2023,1,Preference heterogeneity in Peruvian EQ-5D-5L valuation,METHODS_RESEARCH,COMPLETED,RESULTS_REPORTED,HEALTH_STATE_VALUATION | PREFERENCE_COMPARISON | VALUATION_METHOD_EVALUATION,,,,,,,,138-RA,2,2,6,8,4,1
P638c0fe0aed9:S1,doi:10.3390/ijerph18063043,10.3390/ijerph18063043,2021,1,Self-reported health of domestic and overseas Chinese populations during COVID-19,HEALTH_OUTCOME_RESEARCH,COMPLETED,RESULTS_REPORTED,OUTCOME_DESCRIPTION,China,QUANTITATIVE_EMPIRICAL,CROSS_SECTIONAL,BETWEEN_CONTEXT,NOT_APPLICABLE,,,103-RA,0,2,4,4,4,0
P6396a3d40802:study_main,doi:10.1007/s11136-024-03643-x,10.1007/s11136-024-03643-x,2024,1,Dyadic agreement in caregiver burden assessment,METHODS_RESEARCH,COMPLETED,RESULTS_REPORTED,METHOD_OR_PROTOCOL_QUALITY | OUTCOME_DESCRIPTION,United States,QUANTITATIVE_EMPIRICAL,CROSS_SECTIONAL,WITHIN_DYAD,NOT_APPLICABLE,NOT_APPLICABLE,,414-PHD,0,7,7,5,6,0
P63ba4ee36602:study_1,doi:10.1016/j.jval.2026.03.2239,10.1016/j.jval.2026.03.2239,2026,1,Systematic review of EQ-5D measurement properties in adult hematological cancers,EVIDENCE_SYNTHESIS,COMPLETED,RESULTS_REPORTED,EVIDENCE_SYNTHESIS | MEASUREMENT_PROPERTY_EVALUATION,Australia | Belgium | Brazil | Canada | China | France | Germany | Hungary | Italy | Netherlands | Norway | Poland | South Korea | Spain | Sweden | Taiwan | Thailand | United Kingdom | United States,EVIDENCE_SYNTHESIS,NOT_APPLICABLE,NONCOMPARATIVE,NOT_APPLICABLE,NARRATIVE_SYNTHESIS | SYSTEMATIC_REVIEW,,339-RA,1,3,9,7,9,0
P64a84abeb509:S1,doi:10.1186/s13561-022-00374-y,10.1186/s13561-022-00374-y,2022,1,EQ-5D-3L and EQ-5D-5L feasibility by age in the English general population,METHODS_RESEARCH,COMPLETED,RESULTS_REPORTED,MEASUREMENT_PROPERTY_EVALUATION | METHOD_OR_PROTOCOL_QUALITY,United Kingdom,QUANTITATIVE_EMPIRICAL,CROSS_SECTIONAL,BETWEEN_INSTRUMENT,NONRANDOMIZED,,,2015200,2,4,3,6,4,0
P64c5339b0827:S1,doi:10.1002/hec.3560,10.1002/hec.3560,2018,1,Modelling of English EQ-5D-5L valuation data (TTO and DCE) to produce a value set,VALUE_SET_DEVELOPMENT,COMPLETED,RESULTS_REPORTED,HEALTH_STATE_VALUATION | VALUATION_METHOD_EVALUATION | VALUE_SET_DEVELOPMENT,United Kingdom,QUANTITATIVE_EMPIRICAL,CROSS_SECTIONAL,BETWEEN_METHOD,NONRANDOMIZED,,,,0,1,10,6,5,1
P654050fc1d51:S1,doi:10.1007/s40258-021-00658-0,10.1007/s40258-021-00658-0,2021,1,Mexican EQ-5D-5L valuation study,VALUE_SET_DEVELOPMENT,COMPLETED,RESULTS_REPORTED,HEALTH_STATE_VALUATION | VALUE_SET_DEVELOPMENT,,QUANTITATIVE_EMPIRICAL,CROSS_SECTIONAL,WITHIN_PERSON,RANDOMIZED,,,20180290,2,2,4,9,4,1
P65833dc071f5:S1,doi:10.1007/s10198-016-0841-y,10.1007/s10198-016-0841-y,2017,1,Head-to-head comparison of EQ-5D-5L health-state values from a probabilistic discrete choice model and a visual analogue scale in four countries,METHODS_RESEARCH,COMPLETED,RESULTS_REPORTED,PREFERENCE_COMPARISON | VALUATION_METHOD_EVALUATION,Canada | Netherlands | United Kingdom | United States,QUANTITATIVE_EMPIRICAL,CROSS_SECTIONAL,BETWEEN_CONTEXT | BETWEEN_METHOD,NOT_APPLICABLE,,,,0,1,7,8,4,0
P659b9e581813:S1,doi:10.1007/s10198-013-0511-2,10.1007/s10198-013-0511-2,2013,1,Spanish EQ-5D-5L valuation pilot comparing methods of anchoring discrete choice values on the dead-full health scale,METHODS_RESEARCH,COMPLETED,RESULTS_REPORTED,HEALTH_STATE_VALUATION | VALUATION_METHOD_EVALUATION,Spain,QUANTITATIVE_EMPIRICAL,CROSS_SECTIONAL,BETWEEN_METHOD,RANDOMIZED,,,,0,3,7,6,5,0
P660d36de805c:S1,doi:10.1080/14737167.2020.1779062,10.1080/14737167.2020.1779062,2020,1,"Narrative overview of the time trade-off method: concept, economic foundation, and distorting factors in health-state valuation",METHODS_RESEARCH,COMPLETED,RESULTS_REPORTED,EVIDENCE_SYNTHESIS | METHOD_OR_PROTOCOL_QUALITY | VALUATION_METHOD_EVALUATION,,CONCEPTUAL | EVIDENCE_SYNTHESIS,NOT_APPLICABLE,BETWEEN_METHOD,NOT_APPLICABLE,NARRATIVE_SYNTHESIS,,,0,5,12,9,4,0
P669237cbf752:S1,doi:10.1186/s12955-026-02577-x,10.1186/s12955-026-02577-x,2026,1,UK qualitative content-validity testing of modified EQ-HWB-9,MEASUREMENT_PROPERTY_EVALUATION,COMPLETED,RESULTS_REPORTED,CONTENT_VALIDITY_EVALUATION | INSTRUMENT_DEVELOPMENT,United Kingdom,QUALITATIVE_INQUIRY,CROSS_SECTIONAL,WITHIN_PERSON,NONRANDOMIZED,,,1892-RA,0,2,4,7,3,0
P66b1ccae80fa:S1,doi:10.1007/s40271-025-00787-x,10.1007/s40271-025-00787-x,2026,1,Routine QoL measurement pilot in residential aged care,APPLIED_USE_RESEARCH,COMPLETED,RESULTS_REPORTED,IMPLEMENTATION_EVALUATION | METHOD_OR_PROTOCOL_QUALITY,Australia,,,,,,SEQUENTIAL,150-RA,2,8,4,11,7,0
P66c6a996b172:study_uk_5l_protocol,doi:10.1016/j.jval.2023.08.005,10.1016/j.jval.2023.08.005,2023,1,Planned United Kingdom EQ-5D-5L valuation study,VALUE_SET_DEVELOPMENT,PLANNED,NO_RESULTS_YET,HEALTH_STATE_VALUATION | VALUE_SET_DEVELOPMENT,United Kingdom,MODEL_BASED | QUANTITATIVE_EMPIRICAL,CROSS_SECTIONAL,NONCOMPARATIVE,NOT_APPLICABLE,,,1524-VS,0,4,6,0,4,1
P6858b9ee3f16:s1,doi:10.1007/s40258-023-00794-9,10.1007/s40258-023-00794-9,2023,1,"Systematic review of DCE methods in health-state valuation, June 2018 to November 2022",EVIDENCE_SYNTHESIS,COMPLETED,RESULTS_REPORTED,EVIDENCE_SYNTHESIS | METHOD_OR_PROTOCOL_QUALITY,,EVIDENCE_SYNTHESIS,NOT_APPLICABLE,BETWEEN_METHOD,NOT_APPLICABLE,NARRATIVE_SYNTHESIS | SYSTEMATIC_REVIEW,,,0,8,11,12,2,1
P68edbbce8072:study_pain_covid,doi:10.1186/s13063-021-05463-7,10.1186/s13063-021-05463-7,2021,1,PAIN-COVID randomized controlled trial,HEALTH_OUTCOME_RESEARCH,RECRUITING,NO_RESULTS_YET,OUTCOME_DESCRIPTION,Spain,QUANTITATIVE_EMPIRICAL,LONGITUDINAL_REPEATED,BETWEEN_GROUP,RANDOMIZED,NOT_APPLICABLE,,,0,12,11,0,4,1
P6955934e48f7:S1,doi:10.1186/s12877-021-02673-1,10.1186/s12877-021-02673-1,2022,1,"Age, comorbidities, and in-hospital mortality in Dutch CAPACITY-COVID patients",HEALTH_OUTCOME_RESEARCH,COMPLETED,RESULTS_REPORTED,OUTCOME_DESCRIPTION,Netherlands,QUANTITATIVE_EMPIRICAL,CROSS_SECTIONAL,BETWEEN_GROUP,NOT_APPLICABLE,,,,0,0,6,5,3,0
P6958d2dbffde:S1,doi:10.1186/s12955-022-01996-w,10.1186/s12955-022-01996-w,2022,1,Psychometric performance of Indonesian EQ-5D-Y-3L and experimental EQ-5D-Y-5L proxy reports,MEASUREMENT_PROPERTY_EVALUATION,COMPLETED,RESULTS_REPORTED,MEASUREMENT_PROPERTY_EVALUATION,Indonesia,QUANTITATIVE_EMPIRICAL,LONGITUDINAL_REPEATED,,NOT_APPLICABLE,,,20180140,2,11,11,7,2,0
P695dbe6ca4ca:study_1,doi:10.1016/j.healthpol.2020.03.005,10.1016/j.healthpol.2020.03.005,2020,1,Private health insurance and EQ-5D-5L health-state preferences in Ireland,HEALTH_PREFERENCE_RESEARCH,COMPLETED,RESULTS_REPORTED,OUTCOME_DESCRIPTION | PREFERENCE_COMPARISON,,QUANTITATIVE_EMPIRICAL,CROSS_SECTIONAL,BETWEEN_GROUP,NOT_APPLICABLE,NOT_APPLICABLE,,2013280,0,3,6,6,5,0
P696c5f9468bc:S1,doi:10.1007/s11136-015-1086-4,10.1007/s11136-015-1086-4,2015,1,Uruguayan EQ-5D-5L general population valuation study,VALUE_SET_DEVELOPMENT,COMPLETED,RESULTS_REPORTED,HEALTH_STATE_VALUATION | POPULATION_NORMS | VALUE_SET_DEVELOPMENT,,QUANTITATIVE_EMPIRICAL,CROSS_SECTIONAL,BETWEEN_METHOD,RANDOMIZED,,,2013070,0,4,11,8,3,3
P697ea672ccaf:study_1,doi:10.1016/j.jval.2023.11.005,10.1016/j.jval.2023.11.005,2023,1,Content validity and suitability of the EQ-5D-Y-5L proxy version for children with intellectual disability,MEASUREMENT_PROPERTY_EVALUATION,COMPLETED,RESULTS_REPORTED,CONTENT_VALIDITY_EVALUATION | MEASUREMENT_PROPERTY_EVALUATION,Australia,QUALITATIVE_INQUIRY,CROSS_SECTIONAL,NONCOMPARATIVE,NOT_APPLICABLE,,,429-RA,0,2,5,9,5,0
P69a0b2af2958:s1,doi:10.1007/s11136-021-03069-9,10.1007/s11136-021-03069-9,2022,1,EQ-5D-5L sensitivity to fatigue and cognitive problems in Q-fever patients,MEASUREMENT_PROPERTY_EVALUATION,COMPLETED,RESULTS_REPORTED,CONTENT_VALIDITY_EVALUATION | MEASUREMENT_PROPERTY_EVALUATION,Netherlands,QUANTITATIVE_EMPIRICAL,CROSS_SECTIONAL,BETWEEN_INSTRUMENT,NOT_APPLICABLE,,,315-RA,0,4,6,6,5,0
P69a953aa9fc1:S1,doi:10.1007/s11136-026-04315-8,10.1007/s11136-026-04315-8,2026,1,"Dimensionality and convergent validity of EQ-HWB-25 with EQ-5D-5L, ASCOT, and QOL-ACC in older Australians",MEASUREMENT_PROPERTY_EVALUATION,COMPLETED,RESULTS_REPORTED,MEASUREMENT_PROPERTY_EVALUATION,Australia,QUANTITATIVE_EMPIRICAL,CROSS_SECTIONAL,BETWEEN_INSTRUMENT,NOT_APPLICABLE,NOT_APPLICABLE,,1799-RA,0,4,8,8,6,0
P6a371d02ecee:S1,doi:10.1007/s11136-019-02256-z,10.1007/s11136-019-02256-z,2019,1,Correspondence of directly reported and recalled EQ-5D-3L/EQ-VAS in Dutch trauma patients (BIOS cohort),MEASUREMENT_PROPERTY_EVALUATION,COMPLETED,RESULTS_REPORTED,MEASUREMENT_PROPERTY_EVALUATION | METHOD_OR_PROTOCOL_QUALITY,Netherlands,QUANTITATIVE_EMPIRICAL,LONGITUDINAL_REPEATED,WITHIN_PERSON,NONRANDOMIZED,,,2016160,0,4,6,7,4,0
P6aba19b99c76:study_review,doi:10.1007/s11136-020-02688-y,10.1007/s11136-020-02688-y,2021,1,Systematic review and meta-analysis of EQ-5D-5L psychometric properties,EVIDENCE_SYNTHESIS,COMPLETED,RESULTS_REPORTED,EVIDENCE_SYNTHESIS | MEASUREMENT_PROPERTY_EVALUATION,,EVIDENCE_SYNTHESIS,NOT_APPLICABLE,NONCOMPARATIVE,NOT_APPLICABLE,META_ANALYSIS | NARRATIVE_SYNTHESIS | SYSTEMATIC_REVIEW,,2016170,0,3,12,9,5,0
P6ad0c765ea2c:study_main,doi:10.1016/j.jval.2024.11.010,10.1016/j.jval.2024.11.010,2024,1,Standard errors around modeled health-state values: method and United Kingdom EQ-5D-3L worked example,METHODS_RESEARCH,COMPLETED,RESULTS_REPORTED,METHOD_OR_PROTOCOL_QUALITY,United Kingdom,MODEL_BASED,CROSS_SECTIONAL,NONCOMPARATIVE,NOT_APPLICABLE,NOT_APPLICABLE,,399-RA,0,1,2,4,4,3
P6adaacd65f57:S1,doi:10.1186/s12955-023-02115-z,10.1186/s12955-023-02115-z,2023,1,Experience-based EQ VAS valuation across nine Swedish patient groups,HEALTH_PREFERENCE_RESEARCH,COMPLETED,RESULTS_REPORTED,METHOD_OR_PROTOCOL_QUALITY | OUTCOME_DESCRIPTION | PREFERENCE_COMPARISON,Sweden,QUANTITATIVE_EMPIRICAL,LONGITUDINAL_REPEATED,BETWEEN_GROUP | WITHIN_PERSON,NOT_APPLICABLE,,,2016480,0,3,3,7,5,0
P6ae982b84661:S1,doi:10.1136/bmjopen-2024-084440,10.1136/bmjopen-2024-084440,2025,1,Associations of EQ-5D-5L health and income-related health inequality in English primary care,HEALTH_OUTCOME_RESEARCH,COMPLETED,RESULTS_REPORTED,METHOD_OR_PROTOCOL_QUALITY | OUTCOME_DESCRIPTION,United Kingdom,QUANTITATIVE_EMPIRICAL,CROSS_SECTIONAL,BETWEEN_GROUP,NOT_APPLICABLE,NOT_APPLICABLE,,20180740,5,2,7,7,4,0
P6b63ac38229e:S1,doi:10.1093/geront/gnae143,10.1093/geront/gnae143,2025,1,Development and validation of the CARE-2B Scale,INSTRUMENT_VERSION_DEVELOPMENT,COMPLETED,RESULTS_REPORTED,INSTRUMENT_DEVELOPMENT | MEASUREMENT_PROPERTY_EVALUATION,United States,QUANTITATIVE_EMPIRICAL,CROSS_SECTIONAL,WITHIN_DYAD,RANDOMIZED,NOT_APPLICABLE,,414-PHD,2,12,16,6,8,1
P6b8579876516:S1,doi:10.2196/14947,10.2196/14947,2019,1,Measurement properties of the online EQ-5D-Y in Spanish children and adolescents with type 1 diabetes mellitus,MEASUREMENT_PROPERTY_EVALUATION,COMPLETED,RESULTS_REPORTED,MEASUREMENT_PROPERTY_EVALUATION | OUTCOME_DESCRIPTION,Spain,QUANTITATIVE_EMPIRICAL,LONGITUDINAL_REPEATED,BETWEEN_GROUP | BETWEEN_INSTRUMENT | WITHIN_PERSON,RANDOMIZED,NOT_APPLICABLE,,2016490,0,6,13,8,5,0
P6ba805017d91:study_korea_hrqol_eq5d,doi:10.3961/jpmph.22.151,10.3961/jpmph.22.151,2022,1,"Korean general-public perceptions of health, EQ-5D-5L, and EQ VAS",MEASUREMENT_PROPERTY_EVALUATION,COMPLETED,RESULTS_REPORTED,CONTENT_VALIDITY_EVALUATION | OUTCOME_DESCRIPTION,South Korea,QUALITATIVE_INQUIRY,CROSS_SECTIONAL,NONCOMPARATIVE,NOT_APPLICABLE,,,2016290,0,2,4,8,1,0
P6c0f967a0ca0:S1,doi:10.1016/j.jval.2024.01.004,10.1016/j.jval.2024.01.004,2024,1,"Comparability of EQ-5D-5L, EQ-HWB, and EQ-HWB-S in Australian adults",MEASUREMENT_PROPERTY_EVALUATION,COMPLETED,RESULTS_REPORTED,MEASUREMENT_PROPERTY_EVALUATION | PREFERENCE_COMPARISON,Australia,QUANTITATIVE_EMPIRICAL,CROSS_SECTIONAL,BETWEEN_INSTRUMENT,NOT_APPLICABLE,NOT_APPLICABLE,,,0,5,13,6,8,0
P6ca0c804f48e:S1,doi:10.1016/j.socscimed.2022.115227,10.1016/j.socscimed.2022.115227,2022,1,Comparative study of video and in-person composite TTO interviews,METHODS_RESEARCH,COMPLETED,RESULTS_REPORTED,HEALTH_STATE_VALUATION | IMPLEMENTATION_EVALUATION | VALUATION_METHOD_EVALUATION,United Kingdom,,,,,,,222-RA,2,4,8,7,7,0
P6e0e569512f1:S1,doi:10.1186/s41687-022-00518-y,10.1186/s41687-022-00518-y,2022,1,Alberta general-population HRQL during the COVID-19 pandemic,HEALTH_OUTCOME_RESEARCH,COMPLETED,RESULTS_REPORTED,OUTCOME_DESCRIPTION,Canada,QUANTITATIVE_EMPIRICAL,CROSS_SECTIONAL,BETWEEN_CONTEXT | BETWEEN_GROUP,NOT_APPLICABLE,,,,3,2,7,5,3,1
P6e2efa4e6b09:S1,doi:10.1038/s41598-024-77858-w,10.1038/s41598-024-77858-w,2025,1,Protocolised low-molecular-weight heparin dose and pulmonary embolism or mortality in critically ill COVID-19 patients,HEALTH_OUTCOME_RESEARCH,COMPLETED,RESULTS_REPORTED,OUTCOME_DESCRIPTION,Netherlands,QUANTITATIVE_EMPIRICAL,LONGITUDINAL_REPEATED,BETWEEN_CONTEXT,NONRANDOMIZED,NOT_APPLICABLE,,,0,0,4,7,6,0
P6e5dec5fc04f:study_main,doi:10.1016/j.jval.2023.03.003,10.1016/j.jval.2023.03.003,2023,1,Exploratory cTTO-only estimation of EQ-5D-Y-3L value sets using Chinese valuation data,METHODS_RESEARCH,COMPLETED,RESULTS_REPORTED,METHOD_OR_PROTOCOL_QUALITY | VALUATION_METHOD_EVALUATION | VALUE_SET_DEVELOPMENT,China,QUANTITATIVE_EMPIRICAL,CROSS_SECTIONAL,BETWEEN_INSTRUMENT | BETWEEN_METHOD,NOT_APPLICABLE,NOT_APPLICABLE,,20191020,0,3,6,6,2,0
P6eaabe2397d1:S1,doi:10.1007/s11136-026-04231-x,10.1007/s11136-026-04231-x,2026,1,Peninsular Malaysia EQ-5D-3L and EQ-5D-5L population norms study,POPULATION_REFERENCE_DESCRIPTION,COMPLETED,RESULTS_REPORTED,MEASUREMENT_PROPERTY_EVALUATION | OUTCOME_DESCRIPTION | POPULATION_NORMS,Malaysia,QUANTITATIVE_EMPIRICAL,CROSS_SECTIONAL,WITHIN_PERSON,NOT_APPLICABLE,NOT_APPLICABLE,,,0,5,6,7,8,1
P6ecb6a8d5126:S1,doi:10.1016/j.jval.2026.02.016,10.1016/j.jval.2026.02.016,2026,1,Psychometric evaluation of the EQ-5D-5L in post-COVID-19 condition,MEASUREMENT_PROPERTY_EVALUATION,COMPLETED,RESULTS_REPORTED,MEASUREMENT_PROPERTY_EVALUATION,Netherlands,,,,,,,1569-RA,2,9,7,7,2,0
P6f509bba7c17:S1,doi:10.1016/j.socscimed.2021.114519,10.1016/j.socscimed.2021.114519,2021,1,Italian EQ-5D-5L videoconferencing valuation and value-set study,VALUE_SET_DEVELOPMENT,COMPLETED,RESULTS_REPORTED,HEALTH_STATE_VALUATION | IMPLEMENTATION_EVALUATION | VALUE_SET_DEVELOPMENT,Italy,,,,,,,20190460,2,3,7,10,9,1
P6f83eb0be663:S1,doi:10.1007/s40273-024-01444-1,10.1007/s40273-024-01444-1,2025,1,Experience scaling for child HRQoL gains in US value assessment,METHODS_RESEARCH,COMPLETED,RESULTS_REPORTED,HEALTH_STATE_VALUATION | METHOD_OR_PROTOCOL_QUALITY | PREFERENCE_COMPARISON,United States,,,,,,,304-PHD,2,1,4,4,5,1
P6f8758152f4b:s1,doi:10.1186/s41687-021-00373-3,10.1186/s41687-021-00373-3,2021,1,Digital PROM reporting and evaluation in ambulatory oncology in Alberta,APPLIED_USE_RESEARCH,COMPLETED,RESULTS_REPORTED,DECISION_SUPPORT_DEVELOPMENT | IMPLEMENTATION_EVALUATION | OUTCOME_DESCRIPTION,Canada,,,,,,,,2,5,4,5,4,5
P6fa4b29afabc:study1,doi:10.1136/bmjopen-2025-100897,10.1136/bmjopen-2025-100897,2025,1,Two-wave assessment of the experimental EQ-TIPS-5L descriptive system,METHODS_RESEARCH,PLANNED,NO_RESULTS_YET,HEALTH_STATE_VALUATION | INSTRUMENT_DEVELOPMENT | METHOD_OR_PROTOCOL_QUALITY | PREFERENCE_COMPARISON,Australia,QUANTITATIVE_EMPIRICAL,CROSS_SECTIONAL,BETWEEN_METHOD,RANDOMIZED,,,1850-RA,2,7,11,0,3,1
P6ffa70f1fdc0:S1,doi:10.1007/s11136-018-1985-2,10.1007/s11136-018-1985-2,2018,1,"Cross-sectional EQ-5D-Y-3L population health status survey among adolescents aged 13-18 in Örebro County, Sweden, 2014",POPULATION_REFERENCE_DESCRIPTION,COMPLETED,RESULTS_REPORTED,OUTCOME_DESCRIPTION | POPULATION_NORMS,Sweden,QUANTITATIVE_EMPIRICAL,CROSS_SECTIONAL,BETWEEN_GROUP,NONRANDOMIZED,,,2015400,0,2,6,7,3,1
P701fc93c5ffa:S1,doi:10.1007/s11136-019-02144-6,10.1007/s11136-019-02144-6,2019,1,Added value of an EQ-5D cognition bolt-on in hospitalised injury patients with and without traumatic brain injury (BIOS cohort),MEASUREMENT_PROPERTY_EVALUATION,COMPLETED,RESULTS_REPORTED,INSTRUMENT_DEVELOPMENT | MEASUREMENT_PROPERTY_EVALUATION,Netherlands,QUANTITATIVE_EMPIRICAL,CROSS_SECTIONAL,BETWEEN_INSTRUMENT,NOT_APPLICABLE,,,2016670,0,5,7,7,4,0
P702331d401fb:S1,doi:10.1186/s12955-025-02452-1,10.1186/s12955-025-02452-1,2025,1,Development of Chinese COPD-specific EQ-5D-5L bolt-on items,INSTRUMENT_VERSION_DEVELOPMENT,COMPLETED,RESULTS_REPORTED,CONTENT_VALIDITY_EVALUATION | INSTRUMENT_DEVELOPMENT,,,,,,,SEQUENTIAL,,5,3,11,6,3,1
P7054cf059623:S1,doi:10.1007/s11136-023-03499-7,10.1007/s11136-023-03499-7,2023,1,Systematic review of preference-based measures with Indigenous people,EVIDENCE_SYNTHESIS,COMPLETED,RESULTS_REPORTED,EVIDENCE_SYNTHESIS,Australia | Canada | South Africa | United States,EVIDENCE_SYNTHESIS,NOT_APPLICABLE,NONCOMPARATIVE,NOT_APPLICABLE,SYSTEMATIC_REVIEW,,216-RA,0,11,5,7,4,0
P709861d980ed:S1,doi:10.1007/s40273-024-01355-1,10.1007/s40273-024-01355-1,2024,1,Psychometric evaluation of the CHU9D proxy version for Australian children aged 2–4 years,MEASUREMENT_PROPERTY_EVALUATION,COMPLETED,RESULTS_REPORTED,MEASUREMENT_PROPERTY_EVALUATION,Australia,QUANTITATIVE_EMPIRICAL,LONGITUDINAL_REPEATED,BETWEEN_GROUP | BETWEEN_INSTRUMENT,NOT_APPLICABLE,NOT_APPLICABLE,,330-PHD | 361-RA,0,2,9,7,8,0
P70ea9c866ad3:S1,doi:10.1016/j.jval.2024.12.003,10.1016/j.jval.2024.12.003,2024,1,Psychometric evaluation of EQ-HWB and EQ-HWB-S in Indonesian patients with breast cancer,MEASUREMENT_PROPERTY_EVALUATION,COMPLETED,RESULTS_REPORTED,MEASUREMENT_PROPERTY_EVALUATION,Indonesia,QUANTITATIVE_EMPIRICAL,LONGITUDINAL_REPEATED,BETWEEN_INSTRUMENT,NOT_APPLICABLE,NOT_APPLICABLE,,1644-RA,0,8,13,8,6,0
P716dece10838:S1,doi:10.1016/j.jval.2017.10.013,10.1016/j.jval.2017.10.013,2017,1,Crossover experiment evaluating the BTD/WTD split cTTO version and a feedback module in EQ-5D-5L valuation interviews (Netherlands and Hong Kong),METHODS_RESEARCH,COMPLETED,RESULTS_REPORTED,METHOD_OR_PROTOCOL_QUALITY | VALUATION_METHOD_EVALUATION,Netherlands,QUANTITATIVE_EMPIRICAL,CROSS_SECTIONAL,BETWEEN_CONTEXT | BETWEEN_METHOD,NONRANDOMIZED,,,2014050 | 2014060,2,2,12,7,5,1
P71c8bfeec129:S1,doi:10.1136/bmjopen-2024-089693,10.1136/bmjopen-2024-089693,2025,1,Longitudinal healthcare-cost trajectories among high-need high-cost patients in British Columbia,ECONOMIC_BURDEN_RESEARCH,COMPLETED,RESULTS_REPORTED,ECONOMIC_BURDEN_ESTIMATION | OUTCOME_DESCRIPTION,Canada,MODEL_BASED | QUANTITATIVE_EMPIRICAL,LONGITUDINAL_REPEATED,BETWEEN_GROUP,NOT_APPLICABLE,,,164-RA,0,1,6,6,3,0
P71d21df4cdc2:study1,doi:10.1186/s12955-021-01719-7,10.1186/s12955-021-01719-7,2021,1,German elderly EQ-5D-5L reference value study,POPULATION_REFERENCE_DESCRIPTION,COMPLETED,RESULTS_REPORTED,OUTCOME_DESCRIPTION | POPULATION_NORMS,Germany,QUANTITATIVE_EMPIRICAL,CROSS_SECTIONAL,BETWEEN_GROUP,NOT_APPLICABLE,NOT_APPLICABLE,,2015200,0,2,6,7,6,1
P71ec36591bf8:S1,doi:10.1016/j.jval.2020.12.011,10.1016/j.jval.2020.12.011,2021,1,Systematic review of methods and evidence for EQ-5D bolt-on dimensions,EVIDENCE_SYNTHESIS,COMPLETED,RESULTS_REPORTED,EVIDENCE_SYNTHESIS,,EVIDENCE_SYNTHESIS,NOT_APPLICABLE,NONCOMPARATIVE,NOT_APPLICABLE,NARRATIVE_SYNTHESIS | SYSTEMATIC_REVIEW,,,3,2,5,9,2,1
P736cf2ff9863:study_main,doi:10.1177/0272989x231201147,10.1177/0272989x231201147,2023,1,Reanalysis and simulation study of cTTO sensitivity for worse-than-dead EQ-5D-5L states,METHODS_RESEARCH,COMPLETED,RESULTS_REPORTED,METHOD_OR_PROTOCOL_QUALITY | VALUATION_METHOD_EVALUATION,Poland,QUANTITATIVE_EMPIRICAL,CROSS_SECTIONAL,BETWEEN_METHOD,NOT_APPLICABLE,NOT_APPLICABLE,,1530-RA,2,2,8,6,5,0
P737704c83130:S1,doi:10.1007/s40258-021-00639-3,10.1007/s40258-021-00639-3,2021,1,Danish EQ-5D-5L valuation study,VALUE_SET_DEVELOPMENT,COMPLETED,RESULTS_REPORTED,HEALTH_STATE_VALUATION | VALUATION_METHOD_EVALUATION | VALUE_SET_DEVELOPMENT,Denmark,QUANTITATIVE_EMPIRICAL,CROSS_SECTIONAL,BETWEEN_METHOD,RANDOMIZED,NOT_APPLICABLE,,20170400 | 20170401,0,4,8,11,4,1
P73ea1a198fb4:study_main,doi:10.1007/s11136-023-03488-w,10.1007/s11136-023-03488-w,2023,1,Eye-tracking study of EQ-5D-5L self-report in residential aged care,METHODS_RESEARCH,COMPLETED,RESULTS_REPORTED,IMPLEMENTATION_EVALUATION | METHOD_OR_PROTOCOL_QUALITY,Australia,,CROSS_SECTIONAL,BETWEEN_GROUP,NOT_APPLICABLE,,EMBEDDED,194-RA,2,4,6,8,6,0
P74a2ed555ef1:S1,doi:10.1007/s11136-024-03704-1,10.1007/s11136-024-03704-1,2024,1,Healthcare access and one-year change in HRQoL during the COVID-19 pandemic,HEALTH_OUTCOME_RESEARCH,COMPLETED,RESULTS_REPORTED,OUTCOME_DESCRIPTION,Italy | Netherlands | United Kingdom | United States,QUANTITATIVE_EMPIRICAL,LONGITUDINAL_REPEATED,BETWEEN_GROUP,NONRANDOMIZED,NOT_APPLICABLE,,238-RA | 77-RA,0,2,6,6,7,0
P74c02496ab45:S1,doi:10.1007/s12311-024-01657-2,10.1007/s12311-024-01657-2,2024,1,Longitudinal progression and predictors of HRQoL in spinocerebellar ataxia,HEALTH_OUTCOME_RESEARCH,COMPLETED,RESULTS_REPORTED,OUTCOME_DESCRIPTION,United States,QUANTITATIVE_EMPIRICAL,LONGITUDINAL_REPEATED,WITHIN_PERSON,NOT_APPLICABLE,NOT_APPLICABLE,,,0,6,5,7,9,0
P74c58c834124:S1,doi:10.1177/0272989x16670616,10.1177/0272989x16670616,2016,1,Comparison of three DCE with duration experimental design strategies for valuing EQ-5D-5L in a UK online general population sample,METHODS_RESEARCH,COMPLETED,RESULTS_REPORTED,HEALTH_STATE_VALUATION | METHOD_OR_PROTOCOL_QUALITY | VALUATION_METHOD_EVALUATION,United Kingdom,QUANTITATIVE_EMPIRICAL,CROSS_SECTIONAL,BETWEEN_METHOD,RANDOMIZED,,,,0,3,6,7,4,0
P75339c6d635f:study_nigeria_5l_vs,doi:10.1007/s11136-026-04319-4,10.1007/s11136-026-04319-4,2026,1,Nigerian EQ-5D-5L valuation study,VALUE_SET_DEVELOPMENT,COMPLETED,RESULTS_REPORTED,HEALTH_STATE_VALUATION | VALUATION_METHOD_EVALUATION | VALUE_SET_DEVELOPMENT,,QUANTITATIVE_EMPIRICAL,CROSS_SECTIONAL,BETWEEN_METHOD,RANDOMIZED,NOT_APPLICABLE,,1731-VS,0,2,10,9,4,1
P756ce093ad33:S1,doi:10.1186/s12889-018-5706-0,10.1186/s12889-018-5706-0,2018,1,"Health status, quality of life, happiness and life satisfaction of Ciliwung riverbank inhabitants in Jakarta compared with matched controls, Jakarta residents and the Indonesian general population",HEALTH_OUTCOME_RESEARCH,COMPLETED,RESULTS_REPORTED,OUTCOME_DESCRIPTION,Indonesia,QUANTITATIVE_EMPIRICAL,CROSS_SECTIONAL,BETWEEN_GROUP,NONRANDOMIZED,,,2013240,0,6,8,6,2,0
P75d79afce2c3:S1,doi:10.1007/s11136-025-03985-0,10.1007/s11136-025-03985-0,2025,1,Development and psychometric testing of an EQ-5D-5L sleep-related bolt-on module,INSTRUMENT_VERSION_DEVELOPMENT,COMPLETED,RESULTS_REPORTED,CONTENT_VALIDITY_EVALUATION | INSTRUMENT_DEVELOPMENT | MEASUREMENT_PROPERTY_EVALUATION,Singapore,,,,,,SEQUENTIAL,1504-RA,2,17,14,7,5,1
P7624da22f78b:study_india_norms,doi:10.7189/jogh.13.04018,10.7189/jogh.13.04018,2023,1,Indian EQ-5D-5L population norms and HRQoL determinants,POPULATION_REFERENCE_DESCRIPTION,COMPLETED,RESULTS_REPORTED,OUTCOME_DESCRIPTION | POPULATION_NORMS,,QUANTITATIVE_EMPIRICAL,CROSS_SECTIONAL,BETWEEN_GROUP,NOT_APPLICABLE,NOT_APPLICABLE,,20170520,0,2,8,6,4,1
P764d170ba36a:study_main,doi:10.1016/j.jval.2024.03.003,10.1016/j.jval.2024.03.003,2024,1,Cross-sectional psychometric comparison of EQ-HWB and EQ-HWB-S in United States informal caregivers,MEASUREMENT_PROPERTY_EVALUATION,COMPLETED,RESULTS_REPORTED,MEASUREMENT_PROPERTY_EVALUATION,United States,,,,,,,414-PHD,3,9,11,10,7,0
P7686c9883fa8:S1,doi:10.1007/s11136-026-04230-y,10.1007/s11136-026-04230-y,2026,1,Think-aloud study of EQ-HWB-9 proxy recall and perspective in dementia,METHODS_RESEARCH,COMPLETED,RESULTS_REPORTED,CONTENT_VALIDITY_EVALUATION | METHOD_OR_PROTOCOL_QUALITY,Australia,QUALITATIVE_INQUIRY,CROSS_SECTIONAL,NONCOMPARATIVE,NOT_APPLICABLE,,,,2,2,5,9,7,0
P76b2bea5784c:s1,doi:10.1007/s40273-021-01109-3,10.1007/s40273-021-01109-3,2021,1,Comparison of theoretical PROPr and EQ-5D-5L utilities,METHODS_RESEARCH,COMPLETED,RESULTS_REPORTED,PREFERENCE_COMPARISON | VALUATION_METHOD_EVALUATION,,MODEL_BASED,NOT_APPLICABLE,BETWEEN_CONTEXT | BETWEEN_INSTRUMENT,NOT_APPLICABLE,NOT_APPLICABLE,,20190220,3,2,7,8,3,1
P76ce2556dbe5:S1,doi:10.1016/j.socscimed.2024.116720,10.1016/j.socscimed.2024.116720,2024,1,Dimensionality analysis of EQ-5D-5L and five broader quality-of-life instruments,MEASUREMENT_PROPERTY_EVALUATION,COMPLETED,RESULTS_REPORTED,CONCEPTUAL_FRAMEWORK_DEVELOPMENT | MEASUREMENT_PROPERTY_EVALUATION,Netherlands,QUALITATIVE_INQUIRY | QUANTITATIVE_EMPIRICAL,CROSS_SECTIONAL,BETWEEN_INSTRUMENT,NOT_APPLICABLE,NOT_APPLICABLE,SEQUENTIAL,1447-RA,4,8,13,7,7,1
P776803e6fb45:S1,doi:10.1007/s40273-018-0690-x,10.1007/s40273-018-0690-x,2018,1,"Irish EQ-5D-5L valuation study (EQ-VT protocol v2, 2015-2016)",VALUE_SET_DEVELOPMENT,COMPLETED,RESULTS_REPORTED,HEALTH_STATE_VALUATION | VALUE_SET_DEVELOPMENT,,QUANTITATIVE_EMPIRICAL,CROSS_SECTIONAL,WITHIN_PERSON,RANDOMIZED,,,2013280,0,3,7,7,4,1
P79012a83f16b:S1,doi:10.1016/j.jval.2025.07.021,10.1016/j.jval.2025.07.021,2025,1,"Head-to-head psychometric comparison of EQ-5D-Y-3L, EQ-5D-Y-5L, and CHU9D in children with eczema",MEASUREMENT_PROPERTY_EVALUATION,COMPLETED,RESULTS_REPORTED,MEASUREMENT_PROPERTY_EVALUATION,Singapore,QUANTITATIVE_EMPIRICAL,LONGITUDINAL_REPEATED,BETWEEN_INSTRUMENT | WITHIN_PERSON,NOT_APPLICABLE,,,188-RA,0,8,9,5,7,0
P7906e89c8b62:study1,doi:10.1177/0272989x20927705,10.1177/0272989x20927705,2020,1,Effect of EQ-5D-3L value-set choice on English hip-replacement hospital performance,METHODS_RESEARCH,COMPLETED,RESULTS_REPORTED,IMPLEMENTATION_EVALUATION | METHOD_OR_PROTOCOL_QUALITY | PREFERENCE_COMPARISON | VALUE_SET_DEVELOPMENT,United Kingdom,QUANTITATIVE_EMPIRICAL,,BETWEEN_METHOD,NOT_APPLICABLE,,,,2,4,7,7,6,2
P7976023f4a4c:study_ghana_vs,doi:10.1016/j.vhri.2024.101045,10.1016/j.vhri.2024.101045,2024,1,Ghana EQ-5D-5L valuation study,VALUE_SET_DEVELOPMENT,COMPLETED,RESULTS_REPORTED,HEALTH_STATE_VALUATION | VALUATION_METHOD_EVALUATION | VALUE_SET_DEVELOPMENT,,QUANTITATIVE_EMPIRICAL,CROSS_SECTIONAL,BETWEEN_METHOD,NOT_APPLICABLE,,,234-VS,0,3,6,7,3,1
P7982ecc275e6:S1,doi:10.1007/s11136-025-04045-3,10.1007/s11136-025-04045-3,2025,1,Chinese Q-methodological study of subjective quality-of-life constructions,HEALTH_PREFERENCE_RESEARCH,COMPLETED,RESULTS_REPORTED,OUTCOME_DESCRIPTION | PREFERENCE_COMPARISON,China,,CROSS_SECTIONAL,BETWEEN_GROUP,NOT_APPLICABLE,,SEQUENTIAL,1580-RA,2,1,10,7,5,0
P798aa350b88e:S1,doi:10.1007/s40273-018-0758-7,10.1007/s40273-018-0758-7,2019,1,Malaysian EQ-5D-5L valuation study using the EQ-VT protocol with C-TTO and DCE tasks,VALUE_SET_DEVELOPMENT,COMPLETED,RESULTS_REPORTED,HEALTH_STATE_VALUATION | VALUATION_METHOD_EVALUATION | VALUE_SET_DEVELOPMENT,Malaysia,MODEL_BASED | QUANTITATIVE_EMPIRICAL,CROSS_SECTIONAL,BETWEEN_METHOD,RANDOMIZED,,,2016100,0,3,9,8,5,1
P79c042cddaaf:ST1,doi:10.2478/sjph-2020-0002,10.2478/sjph-2020-0002,2020,1,Slovenian EQ-5D-3L valuation study: development of VAS based and TTO based value sets from 2005-2006 face-to-face interviews,VALUE_SET_DEVELOPMENT,COMPLETED,RESULTS_REPORTED,HEALTH_STATE_VALUATION | PREFERENCE_COMPARISON | VALUE_SET_DEVELOPMENT,Slovenia,MODEL_BASED | QUANTITATIVE_EMPIRICAL,CROSS_SECTIONAL,BETWEEN_CONTEXT | BETWEEN_METHOD,RANDOMIZED,NOT_APPLICABLE,,20170280,0,3,13,6,5,2
P7adf9aaac000:S1,doi:10.1007/s40273-019-00811-7,10.1007/s40273-019-00811-7,2019,1,"Polish EQ-5D-5L valuation study using EQ-VT 2.0 (composite TTO and DCE, 2016)",VALUE_SET_DEVELOPMENT,COMPLETED,RESULTS_REPORTED,HEALTH_STATE_VALUATION | PREFERENCE_COMPARISON | VALUE_SET_DEVELOPMENT,Poland,MODEL_BASED | QUANTITATIVE_EMPIRICAL,CROSS_SECTIONAL,NONCOMPARATIVE,RANDOMIZED,NOT_APPLICABLE,,2015240,0,6,10,8,5,2
P7b6293bc07df:study1,doi:10.1007/s11136-019-02292-9,10.1007/s11136-019-02292-9,2019,1,Experience-based TTO elicitation-procedure and phrasing study in Chinese adults with type 2 diabetes,METHODS_RESEARCH,COMPLETED,RESULTS_REPORTED,HEALTH_STATE_VALUATION | PREFERENCE_COMPARISON | VALUATION_METHOD_EVALUATION,China,QUANTITATIVE_EMPIRICAL,CROSS_SECTIONAL,BETWEEN_METHOD,NONRANDOMIZED,,,,2,2,6,8,9,1
P7b8a6079aed9:S1,doi:10.1002/hec.3564,10.1002/hec.3564,2017,1,EQ-5D-5L valuation study to produce a value set for England,VALUE_SET_DEVELOPMENT,COMPLETED,RESULTS_REPORTED,HEALTH_STATE_VALUATION | VALUE_SET_DEVELOPMENT,United Kingdom,QUANTITATIVE_EMPIRICAL,CROSS_SECTIONAL,BETWEEN_METHOD,RANDOMIZED,,,,0,4,7,6,5,1
P7cc0460a7061:S1,doi:10.1136/bmjopen-2023-081140,10.1136/bmjopen-2023-081140,2024,1,Development and psychometric testing of culturally relevant Chinese EQ-5D-5L bolt-on items,INSTRUMENT_VERSION_DEVELOPMENT,DATA_COLLECTION_ACTIVE,NO_RESULTS_YET,CONTENT_VALIDITY_EVALUATION | INSTRUMENT_DEVELOPMENT | MEASUREMENT_PROPERTY_EVALUATION,China,,,,,,SEQUENTIAL,398-RA,4,16,25,0,5,1
P7cd3657005d7:S1,doi:10.1016/j.jval.2025.01.020,10.1016/j.jval.2025.01.020,2025,1,Adult and adolescent contribution to an EQ-5D-Y-3L latent-class preference model,METHODS_RESEARCH,COMPLETED,RESULTS_REPORTED,HEALTH_STATE_VALUATION | PREFERENCE_COMPARISON | VALUATION_METHOD_EVALUATION,United States,QUANTITATIVE_EMPIRICAL,CROSS_SECTIONAL,BETWEEN_GROUP | BETWEEN_METHOD,RANDOMIZED,,,409-RA,2,4,8,7,6,0
P7d201f5e3260:S1,doi:10.1007/s11136-020-02667-3,10.1007/s11136-020-02667-3,2021,1,Psychometric validation of EQ-5D-5L in the Polish general adult population,MEASUREMENT_PROPERTY_EVALUATION,COMPLETED,RESULTS_REPORTED,MEASUREMENT_PROPERTY_EVALUATION,Poland,QUANTITATIVE_EMPIRICAL,CROSS_SECTIONAL,BETWEEN_INSTRUMENT | WITHIN_PERSON,NOT_APPLICABLE,,,,0,4,15,7,4,0
P7d5fa0c21130:S1,doi:10.1186/s12955-024-02314-2,10.1186/s12955-024-02314-2,2024,1,Positive mental well-being and EQ-5D-5L outcomes in Chinese adults with varied health conditions,HEALTH_OUTCOME_RESEARCH,COMPLETED,RESULTS_REPORTED,MEASUREMENT_PROPERTY_EVALUATION | OUTCOME_DESCRIPTION,China,QUANTITATIVE_EMPIRICAL,CROSS_SECTIONAL,BETWEEN_CONTEXT,NOT_APPLICABLE,,,,2,3,3,10,6,0
P7ddf32ff72b9:S1,doi:10.1007/s10198-023-01668-6,10.1007/s10198-023-01668-6,2024,1,Comparison of heuristic valuation processes for adult and child perspectives,METHODS_RESEARCH,COMPLETED,RESULTS_REPORTED,METHOD_OR_PROTOCOL_QUALITY | PREFERENCE_COMPARISON | VALUATION_METHOD_EVALUATION,Germany | Netherlands | Spain | United Kingdom,QUANTITATIVE_EMPIRICAL,CROSS_SECTIONAL,BETWEEN_GROUP,RANDOMIZED,NOT_APPLICABLE,,417-RA,2,2,13,7,5,0
P7de1ae374be3:s1,doi:10.1016/j.jval.2024.11.006,10.1016/j.jval.2024.11.006,2024,1,Systematic review of important and meaningful differences in EQ-5D index and EQ VAS scores,EVIDENCE_SYNTHESIS,COMPLETED,RESULTS_REPORTED,EVIDENCE_SYNTHESIS | METHOD_OR_PROTOCOL_QUALITY,Canada | Japan | Netherlands | Norway | United Kingdom | United States,EVIDENCE_SYNTHESIS,VARIABLE_SOURCE_TIME,,NOT_APPLICABLE,NARRATIVE_SYNTHESIS | SYSTEMATIC_REVIEW,,20170610,2,4,9,9,2,0
P7dedcf356134:S1,doi:10.1007/s40273-022-01143-9,10.1007/s40273-022-01143-9,2022,1,German EQ-5D-Y-3L valuation study,VALUE_SET_DEVELOPMENT,COMPLETED,RESULTS_REPORTED,HEALTH_STATE_VALUATION | PREFERENCE_COMPARISON | VALUE_SET_DEVELOPMENT,Germany,QUANTITATIVE_EMPIRICAL,CROSS_SECTIONAL,BETWEEN_GROUP,NOT_APPLICABLE,,,20180510,3,3,6,7,7,1
P7e63d1301463:S1,doi:10.1007/s40258-023-00798-5,10.1007/s40258-023-00798-5,2023,1,National cross-sectional study of HRQoL from pregnancy through postpartum,HEALTH_OUTCOME_RESEARCH,COMPLETED,RESULTS_REPORTED,OUTCOME_DESCRIPTION,United States,QUANTITATIVE_EMPIRICAL,CROSS_SECTIONAL,BETWEEN_GROUP,NOT_APPLICABLE,NOT_APPLICABLE,,260-RA | 384-RA,2,4,4,7,4,0
P7e86c2885b02:S1,doi:10.1186/s12955-021-01734-8,10.1186/s12955-021-01734-8,2021,1,"EQ-5D-5L population norms for Barbados, Jamaica, and the English-speaking Caribbean",POPULATION_REFERENCE_DESCRIPTION,COMPLETED,RESULTS_REPORTED,OUTCOME_DESCRIPTION | POPULATION_NORMS,,QUANTITATIVE_EMPIRICAL,CROSS_SECTIONAL,BETWEEN_CONTEXT,NOT_APPLICABLE,,,,3,2,10,8,5,3
P7e9eb00b7899:S1,doi:10.1007/s11136-026-04229-5,10.1007/s11136-026-04229-5,2026,1,Psychometric comparison of EQ-5D-3L and MSIS-8D in people with multiple sclerosis,MEASUREMENT_PROPERTY_EVALUATION,COMPLETED,RESULTS_REPORTED,MEASUREMENT_PROPERTY_EVALUATION,United Kingdom,,,,,,,1572-RA,4,8,18,7,6,0
P7eac309f5864:study_main,doi:10.1002/hec.4863,10.1002/hec.4863,2024,1,Conceptual assessment of death as an anchor for health-state values,CONCEPTUAL_FRAMEWORK_DEVELOPMENT,COMPLETED,RESULTS_REPORTED,CONCEPTUAL_FRAMEWORK_DEVELOPMENT | VALUATION_METHOD_EVALUATION,,CONCEPTUAL,NOT_APPLICABLE,NONCOMPARATIVE,NOT_APPLICABLE,NOT_APPLICABLE,,20180210,2,1,2,6,0,1
P7f57ac4f12e0:S1,doi:10.1007/s11166-024-09439-1,10.1007/s11166-024-09439-1,2024,1,Systematic review of unique methods for measuring discount rates,EVIDENCE_SYNTHESIS,COMPLETED,RESULTS_REPORTED,EVIDENCE_SYNTHESIS | METHOD_OR_PROTOCOL_QUALITY,,EVIDENCE_SYNTHESIS,NOT_APPLICABLE,BETWEEN_METHOD,NOT_APPLICABLE,NARRATIVE_SYNTHESIS | SYSTEMATIC_REVIEW,,245-RA,0,0,7,7,7,2
P7fd4be9bd3ad:st1,doi:10.1007/s11606-021-06674-z,10.1007/s11606-021-06674-z,2021,1,First-wave US COVID-19 population health survey,HEALTH_OUTCOME_RESEARCH,COMPLETED,RESULTS_REPORTED,ECONOMIC_BURDEN_ESTIMATION | OUTCOME_DESCRIPTION,United States,QUANTITATIVE_EMPIRICAL,CROSS_SECTIONAL,BETWEEN_CONTEXT,NOT_APPLICABLE,,,84-RA,0,2,11,7,3,0
P7ff2c0aa4360:S1,doi:10.1016/j.jval.2024.01.005,10.1016/j.jval.2024.01.005,2024,1,Comparison of EQ-5D-5L and GHQ-12 items and constructs in Belgium,MEASUREMENT_PROPERTY_EVALUATION,COMPLETED,RESULTS_REPORTED,MEASUREMENT_PROPERTY_EVALUATION | METHOD_OR_PROTOCOL_QUALITY,Belgium,QUANTITATIVE_EMPIRICAL,CROSS_SECTIONAL,BETWEEN_INSTRUMENT,NOT_APPLICABLE,NOT_APPLICABLE,,,0,6,9,6,2,0
P80071270ac1b:S1,doi:10.1007/s11136-024-03856-0,10.1007/s11136-024-03856-0,2024,1,Registry-based analysis of health utilities used in oncology cost-utility analyses,EVIDENCE_SYNTHESIS,COMPLETED,RESULTS_REPORTED,EVIDENCE_SYNTHESIS | METHOD_OR_PROTOCOL_QUALITY | OUTCOME_DESCRIPTION,,EVIDENCE_SYNTHESIS,VARIABLE_SOURCE_TIME,BETWEEN_CONTEXT,NOT_APPLICABLE,NARRATIVE_SYNTHESIS | SYSTEMATIC_REVIEW,,2016540,0,5,7,8,2,0
P80521ac85a71:S1,doi:10.1007/s40273-018-0622-9,10.1007/s40273-018-0622-9,2018,1,Commentary on the comparative performance of EQ-5D-3L and EQ-5D-5L and implications for NICE,EVIDENCE_SYNTHESIS,COMPLETED,RESULTS_REPORTED,EVIDENCE_SYNTHESIS | PREFERENCE_COMPARISON,,EVIDENCE_SYNTHESIS,NOT_APPLICABLE,BETWEEN_INSTRUMENT,NOT_APPLICABLE,NARRATIVE_SYNTHESIS,,,0,2,3,7,2,2
P80bae15dd798:S1,doi:10.1002/hec.3445,10.1002/hec.3445,2016,1,Test of health state reference dependency in EQ-5D-5L valuations using an efficient DCE in a Dutch general population sample,METHODS_RESEARCH,COMPLETED,RESULTS_REPORTED,HEALTH_STATE_VALUATION | VALUATION_METHOD_EVALUATION,Netherlands,QUANTITATIVE_EMPIRICAL,CROSS_SECTIONAL,BETWEEN_GROUP,RANDOMIZED,,,2013310,2,2,3,4,2,0
P80d13ed3ef16:S1,doi:10.12688/hrbopenres.12848.1,10.12688/hrbopenres.12848.1,2018,1,"Irish EQ-5D-5L population norms cross-sectional survey, 2015/16",POPULATION_REFERENCE_DESCRIPTION,COMPLETED,RESULTS_REPORTED,OUTCOME_DESCRIPTION | POPULATION_NORMS,,QUANTITATIVE_EMPIRICAL,CROSS_SECTIONAL,BETWEEN_GROUP,NOT_APPLICABLE,,,2013280,0,2,6,8,2,2
P814913fe25d1:S1,doi:10.1007/s40271-025-00749-3,10.1007/s40271-025-00749-3,2025,1,Qualitative content-validity evaluation of EQ-HWB in caregivers of children with health conditions,MEASUREMENT_PROPERTY_EVALUATION,COMPLETED,RESULTS_REPORTED,CONTENT_VALIDITY_EVALUATION | INSTRUMENT_DEVELOPMENT,Australia,QUALITATIVE_INQUIRY,CROSS_SECTIONAL,NONCOMPARATIVE,NOT_APPLICABLE,NOT_APPLICABLE,,1559-RA,0,5,4,10,4,0
P819b34d2567f:study_be_y3l_vs,doi:10.1007/s40273-022-01187-x,10.1007/s40273-022-01187-x,2022,1,Belgian EQ-5D-Y-3L valuation study,VALUE_SET_DEVELOPMENT,COMPLETED,RESULTS_REPORTED,HEALTH_STATE_VALUATION | VALUE_SET_DEVELOPMENT,Belgium,QUANTITATIVE_EMPIRICAL,CROSS_SECTIONAL,BETWEEN_METHOD,NOT_APPLICABLE,,,124-VS,2,5,9,7,4,2
P81b66c580a32:S1,doi:10.1007/s41669-023-00437-8,10.1007/s41669-023-00437-8,2023,1,Pakistan EQ-5D-3L valuation study,VALUE_SET_DEVELOPMENT,COMPLETED,RESULTS_REPORTED,HEALTH_STATE_VALUATION | METHOD_OR_PROTOCOL_QUALITY | VALUE_SET_DEVELOPMENT,Pakistan,,,,,,,20180660,2,1,9,7,2,1
P81fe3275ea7f:S1,doi:10.1016/j.jval.2023.12.009,10.1016/j.jval.2023.12.009,2023,1,German rheumatic-disease patient-based EQ-5D-5L OPUF valuation study,VALUE_SET_DEVELOPMENT,COMPLETED,RESULTS_REPORTED,HEALTH_STATE_VALUATION | VALUATION_METHOD_EVALUATION | VALUE_SET_DEVELOPMENT,Germany,QUANTITATIVE_EMPIRICAL,CROSS_SECTIONAL,BETWEEN_METHOD,NOT_APPLICABLE,,,1508-RA,0,3,7,9,6,1
P8231fcaa3bcd:S1,doi:10.1007/s11136-020-02650-y,10.1007/s11136-020-02650-y,2020,1,"US EQ-5D-5L population norms from the face-to-face valuation sample, with comparison to online-panel norms",POPULATION_REFERENCE_DESCRIPTION,COMPLETED,RESULTS_REPORTED,OUTCOME_DESCRIPTION | POPULATION_NORMS,United States,QUANTITATIVE_EMPIRICAL,CROSS_SECTIONAL,BETWEEN_CONTEXT,NOT_APPLICABLE,NOT_APPLICABLE,,20190410,2,4,8,10,4,2
P82be0e2af35e:S1,doi:10.1136/bmjopen-2023-080985,10.1136/bmjopen-2023-080985,2024,1,IndiQol longitudinal household survey protocol,HEALTH_OUTCOME_RESEARCH,PLANNED,NO_RESULTS_YET,OUTCOME_DESCRIPTION,,QUANTITATIVE_EMPIRICAL,LONGITUDINAL_REPEATED,BETWEEN_GROUP,NOT_APPLICABLE,NOT_APPLICABLE,,430-RA,0,9,9,0,3,1
P831dfd0001ed:S1,doi:10.1016/j.jval.2022.05.013,10.1016/j.jval.2022.05.013,2022,1,Systematic review and meta-analysis of the measurement properties of the EQ-5D-Y-3L and EQ-5D-Y-5L in children and adolescents,EVIDENCE_SYNTHESIS,COMPLETED,RESULTS_REPORTED,EVIDENCE_SYNTHESIS | MEASUREMENT_PROPERTY_EVALUATION,Australia | Canada | China | Germany | Italy | Japan | Netherlands | South Africa | South Korea | Spain | Sweden | Taiwan | Thailand | United Kingdom,EVIDENCE_SYNTHESIS,VARIABLE_SOURCE_TIME,BETWEEN_INSTRUMENT,NOT_APPLICABLE,META_ANALYSIS | NARRATIVE_SYNTHESIS | SYSTEMATIC_REVIEW,,214-RA,0,12,19,14,4,0
P837f91603190:study_1,doi:10.1186/s12889-023-16003-0,10.1186/s12889-023-16003-0,2023,1,Indonesian youth HRQoL population norms study,POPULATION_REFERENCE_DESCRIPTION,COMPLETED,RESULTS_REPORTED,OUTCOME_DESCRIPTION | POPULATION_NORMS,Indonesia,QUANTITATIVE_EMPIRICAL,CROSS_SECTIONAL,BETWEEN_GROUP,NOT_APPLICABLE,NOT_APPLICABLE,,,0,5,6,10,5,3
P840f39437dd0:study1,doi:10.1177/0272989x251325828,10.1177/0272989x251325828,2025,1,Secondary analysis of DCE anchoring and time preferences in Trinidad and Tobago,METHODS_RESEARCH,COMPLETED,RESULTS_REPORTED,METHOD_OR_PROTOCOL_QUALITY | PREFERENCE_COMPARISON | VALUATION_METHOD_EVALUATION,,QUANTITATIVE_EMPIRICAL,CROSS_SECTIONAL,BETWEEN_METHOD,RANDOMIZED,NOT_APPLICABLE,,341-RA,0,2,8,5,3,0
P8426890d1e81:S1,doi:10.1016/j.jval.2026.04.003,10.1016/j.jval.2026.04.003,2026,1,Item-level convergent and structural validity of EQ-HWB-9 in US informal caregivers,MEASUREMENT_PROPERTY_EVALUATION,COMPLETED,RESULTS_REPORTED,MEASUREMENT_PROPERTY_EVALUATION,United States,QUANTITATIVE_EMPIRICAL,CROSS_SECTIONAL,BETWEEN_INSTRUMENT,RANDOMIZED,,,,0,4,6,5,6,0
P844a23f9b837:S1,doi:10.1016/j.pec.2026.109628,10.1016/j.pec.2026.109628,2026,1,Systematic review of comprehension of and preferences for PROM data visualizations,EVIDENCE_SYNTHESIS,COMPLETED,RESULTS_REPORTED,EVIDENCE_SYNTHESIS | METHOD_OR_PROTOCOL_QUALITY,,EVIDENCE_SYNTHESIS,NOT_APPLICABLE,BETWEEN_CONTEXT,NOT_APPLICABLE,NARRATIVE_SYNTHESIS | SYSTEMATIC_REVIEW,,,0,3,4,9,5,0
P844d88f07dea:S1,doi:10.1016/j.vhri.2015.07.002,10.1016/j.vhri.2015.07.002,2015,1,Feasibility and cultural appropriateness of EQ-5D-5L TTO and DCE valuation in the United Arab Emirates,VALUE_SET_DEVELOPMENT,COMPLETED,RESULTS_REPORTED,HEALTH_STATE_VALUATION | TRANSLATION_AND_CULTURAL_ADAPTATION | VALUATION_METHOD_EVALUATION,,QUANTITATIVE_EMPIRICAL,CROSS_SECTIONAL,WITHIN_PERSON,NONRANDOMIZED,,,2013040,0,4,10,9,9,0
P847af4218db7:study_review,doi:10.1007/s11136-024-03669-1,10.1007/s11136-024-03669-1,2024,1,Systematic review of Chinese HRQoL conceptual frameworks,EVIDENCE_SYNTHESIS,COMPLETED,RESULTS_REPORTED,CONCEPTUAL_FRAMEWORK_DEVELOPMENT | EVIDENCE_SYNTHESIS,China,EVIDENCE_SYNTHESIS,NOT_APPLICABLE,BETWEEN_CONTEXT,NOT_APPLICABLE,NARRATIVE_SYNTHESIS | SYSTEMATIC_REVIEW,,398-RA,3,0,3,8,3,2
P848e21315875:S1,doi:10.1016/j.jval.2018.02.004,10.1016/j.jval.2018.02.004,2018,1,US online paired-comparison survey identifying a power value function for quality-adjusted life span without constant proportionality,HEALTH_PREFERENCE_RESEARCH,COMPLETED,RESULTS_REPORTED,HEALTH_STATE_VALUATION | VALUATION_METHOD_EVALUATION,United States,QUANTITATIVE_EMPIRICAL,CROSS_SECTIONAL,WITHIN_PERSON,RANDOMIZED,,,2015290,0,4,4,6,2,1
P85481b1179a6:S1,doi:10.1016/j.jval.2018.12.008,10.1016/j.jval.2018.12.008,2019,1,"Prevalence of implausible EQ-5D-5L health states and their effect on EQ-VAS valuation, with qualitative exploration, Guizhou Medical University students, China",METHODS_RESEARCH,COMPLETED,RESULTS_REPORTED,HEALTH_STATE_VALUATION | METHOD_OR_PROTOCOL_QUALITY | VALUATION_METHOD_EVALUATION,China,,,WITHIN_PERSON,,,SEQUENTIAL,2016040,3,3,9,7,3,0
P8564e7888da7:S1,doi:10.1186/s41687-026-01075-4,10.1186/s41687-026-01075-4,2026,1,Face validity of the Traditional Chinese EQ-HWB in Hong Kong,MEASUREMENT_PROPERTY_EVALUATION,COMPLETED,RESULTS_REPORTED,CONTENT_VALIDITY_EVALUATION | MEASUREMENT_PROPERTY_EVALUATION,China,QUALITATIVE_INQUIRY,CROSS_SECTIONAL,NONCOMPARATIVE,NOT_APPLICABLE,NOT_APPLICABLE,,,0,2,6,7,0,0
P8575a27bec1d:study_1,doi:10.1371/journal.pone.0319227,10.1371/journal.pone.0319227,2025,1,Australian public views on the relative value of child and adult health gains,HEALTH_PREFERENCE_RESEARCH,COMPLETED,RESULTS_REPORTED,METHOD_OR_PROTOCOL_QUALITY | PREFERENCE_COMPARISON,Australia,QUALITATIVE_INQUIRY,CROSS_SECTIONAL,WITHIN_PERSON,RANDOMIZED,NOT_APPLICABLE,EMBEDDED,348-PHD,0,0,8,11,8,0
P85c1bd7ae674:S1,doi:10.1186/s41687-022-00530-2,10.1186/s41687-022-00530-2,2022,1,Comparison of health-related quality of life between Roma and general-population adults in Romania,HEALTH_OUTCOME_RESEARCH,COMPLETED,RESULTS_REPORTED,OUTCOME_DESCRIPTION,Romania,QUANTITATIVE_EMPIRICAL,CROSS_SECTIONAL,,NOT_APPLICABLE,NOT_APPLICABLE,,20180030R1,3,3,8,8,6,0
P85d68288e773:study_eqvas_asia,doi:10.1007/s40271-020-00452-5,10.1007/s40271-020-00452-5,2021,1,Qualitative study of EQ-VAS interpretation and perceptions in three Asian populations,METHODS_RESEARCH,COMPLETED,RESULTS_REPORTED,CONTENT_VALIDITY_EVALUATION | METHOD_OR_PROTOCOL_QUALITY,China | Japan | Singapore,QUALITATIVE_INQUIRY,CROSS_SECTIONAL,BETWEEN_CONTEXT,NONRANDOMIZED,,,2016290,3,2,10,9,2,0
P85d8942a4bd6:study1,doi:10.1007/s10198-022-01539-6,10.1007/s10198-022-01539-6,2022,1,Simulation study of EQ-5D value sets versus crosswalks in reimbursement decisions,METHODS_RESEARCH,COMPLETED,RESULTS_REPORTED,ECONOMIC_EVALUATION | MAPPING_OR_CROSSWALK | METHOD_OR_PROTOCOL_QUALITY,,MODEL_BASED,LONGITUDINAL_REPEATED,BETWEEN_METHOD,NOT_APPLICABLE,NOT_APPLICABLE,,71-RA,2,2,7,6,2,0
P8602ac65b5dd:S1,doi:10.1007/s40273-017-0538-9,10.1007/s40273-017-0538-9,2017,1,Indonesian EQ-5D-5L valuation study using EQ-VT (C-TTO and DCE),VALUE_SET_DEVELOPMENT,COMPLETED,RESULTS_REPORTED,HEALTH_STATE_VALUATION | VALUE_SET_DEVELOPMENT,Indonesia,QUANTITATIVE_EMPIRICAL,CROSS_SECTIONAL,BETWEEN_METHOD,RANDOMIZED,,,2013240,0,3,9,6,3,1
P8649416919cb:study_main,doi:10.1371/journal.pone.0302886,10.1371/journal.pone.0302886,2024,1,Mixed-methods study of the relative social value of child and young-person health gains,HEALTH_PREFERENCE_RESEARCH,PLANNED,NO_RESULTS_YET,METHOD_OR_PROTOCOL_QUALITY | OUTCOME_DESCRIPTION | PREFERENCE_COMPARISON,Australia,,,,,,SEQUENTIAL,348-PHD,3,3,17,0,6,2
P86a9ea12512b:S1,doi:10.1186/s12955-020-01410-3,10.1186/s12955-020-01410-3,2020,1,Performance of EQ-5D-Y Proxy version 1 in children aged 3 to 5 years,MEASUREMENT_PROPERTY_EVALUATION,COMPLETED,RESULTS_REPORTED,CONTENT_VALIDITY_EVALUATION | MEASUREMENT_PROPERTY_EVALUATION,South Africa,,,,,,,20170540,2,5,8,8,4,0
P8a15c9b86d32:study_corfu_pcc_model,doi:10.1186/s41512-025-00203-w,10.1186/s41512-025-00203-w,2025,1,Development and internal validation of a two-year post-COVID condition prediction model,APPLIED_USE_RESEARCH,COMPLETED,RESULTS_REPORTED,DECISION_SUPPORT_DEVELOPMENT | OUTCOME_DESCRIPTION,Netherlands,MODEL_BASED,CROSS_SECTIONAL,NONCOMPARATIVE,NOT_APPLICABLE,NOT_APPLICABLE,,420-RA,0,2,4,4,3,1
P8a69ff951909:study_1,doi:10.1016/j.jval.2025.02.013,10.1016/j.jval.2025.02.013,2025,1,Feasibility and comparison of adolescent valuation of EQ-5D-Y-5L and EQ-5D-5L,METHODS_RESEARCH,COMPLETED,RESULTS_REPORTED,HEALTH_STATE_VALUATION | IMPLEMENTATION_EVALUATION | PREFERENCE_COMPARISON | VALUATION_METHOD_EVALUATION,,QUALITATIVE_INQUIRY | QUANTITATIVE_EMPIRICAL,LONGITUDINAL_REPEATED,WITHIN_PERSON,RANDOMIZED,,EMBEDDED,441-RA,3,6,9,9,6,2
P8b573caacc66:S1,doi:10.1177/0272989x19841592,10.1177/0272989x19841592,2019,1,Multivariate mixed-effects and latent class analysis of association and agreement between TTO and DCE preferences in the Canadian EQ-5D-5L valuation study,METHODS_RESEARCH,COMPLETED,RESULTS_REPORTED,METHOD_OR_PROTOCOL_QUALITY | PREFERENCE_COMPARISON | VALUATION_METHOD_EVALUATION,Canada,MODEL_BASED | QUANTITATIVE_EMPIRICAL,CROSS_SECTIONAL,BETWEEN_METHOD | WITHIN_PERSON,NOT_REPORTED,NOT_APPLICABLE,,2015130 | 20190270,0,2,12,8,4,0
P8b5d09414838:S1,doi:10.1007/s11136-024-03735-8,10.1007/s11136-024-03735-8,2024,1,HRQoL and health-state utility values among Ethiopian outpatients with anxiety and/or depression,HEALTH_OUTCOME_RESEARCH,COMPLETED,RESULTS_REPORTED,OUTCOME_DESCRIPTION,Ethiopia,QUANTITATIVE_EMPIRICAL,CROSS_SECTIONAL,BETWEEN_GROUP,NOT_APPLICABLE,,,,0,4,9,7,5,0
P8b7b1da59243:S1,doi:10.1136/bmjopen-2022-065142,10.1136/bmjopen-2022-065142,2022,1,"CORona Follow Up (CORFU) longitudinal multiple cohort study of long COVID prevalence, pathophysiology, prediction and health-related quality of life",HEALTH_OUTCOME_RESEARCH,DATA_COLLECTION_ACTIVE,NO_RESULTS_YET,DECISION_SUPPORT_DEVELOPMENT | OUTCOME_DESCRIPTION,Netherlands,QUANTITATIVE_EMPIRICAL,LONGITUDINAL_REPEATED,BETWEEN_GROUP,NOT_APPLICABLE,NOT_APPLICABLE,,420-RA | 645-RA,4,8,14,0,4,3
P8c07afda9880:S1,doi:10.1007/s11136-017-1774-3,10.1007/s11136-017-1774-3,2018,1,Secondary analysis of the 2012 Current Living in Kirklees (CLiK) survey: health and lifestyle-related attitude segments as predictors of EQ-VAS self-rated health and life-satisfaction,HEALTH_OUTCOME_RESEARCH,COMPLETED,RESULTS_REPORTED,MEASUREMENT_PROPERTY_EVALUATION | OUTCOME_DESCRIPTION,United Kingdom,QUANTITATIVE_EMPIRICAL,CROSS_SECTIONAL,BETWEEN_GROUP,NONRANDOMIZED,,,2014130,0,6,3,5,4,0
P8c1fa4c8863d:s1,doi:10.3389/fpubh.2023.1031978,10.3389/fpubh.2023.1031978,2023,1,Health-state fluctuations and EQ-5D-5L assessment in dementia,METHODS_RESEARCH,DATA_COLLECTION_ACTIVE,NO_RESULTS_YET,MEASUREMENT_PROPERTY_EVALUATION | METHOD_OR_PROTOCOL_QUALITY | OUTCOME_DESCRIPTION,Germany,,LONGITUDINAL_REPEATED,WITHIN_DYAD | WITHIN_PERSON,NOT_APPLICABLE,NOT_APPLICABLE,SEQUENTIAL,244-RA,3,11,8,0,4,0
P8c36689cf743:S1,doi:10.1016/j.dialog.2022.100032,10.1016/j.dialog.2022.100032,2022,1,Head-to-head comparison of EQ-5D-Y-3L and EQ-5D-Y-5L performance and validity in South African children and adolescents with cerebral palsy,MEASUREMENT_PROPERTY_EVALUATION,COMPLETED,RESULTS_REPORTED,MEASUREMENT_PROPERTY_EVALUATION,South Africa,QUANTITATIVE_EMPIRICAL,CROSS_SECTIONAL,BETWEEN_GROUP | BETWEEN_INSTRUMENT | WITHIN_PERSON,NOT_APPLICABLE,NOT_APPLICABLE,,20180730,0,4,11,10,4,0
P8c3b4955b748:study_main,doi:10.1186/s41687-025-00842-z,10.1186/s41687-025-00842-z,2025,1,Head-to-head comparison of adult and youth five-level EQ-5D versions in adolescents with idiopathic scoliosis,MEASUREMENT_PROPERTY_EVALUATION,COMPLETED,RESULTS_REPORTED,MEASUREMENT_PROPERTY_EVALUATION,Netherlands,QUANTITATIVE_EMPIRICAL,LONGITUDINAL_REPEATED,WITHIN_PERSON,NOT_APPLICABLE,NOT_APPLICABLE,,287-PHD,0,4,13,7,4,1
P8cc9e49f6010:S1,doi:10.1002/hpm.2406,10.1002/hpm.2406,2017,1,Bandung neurosurgery patient outcomes project (Part II): patient pathways and feasibility/acceptability of telephone follow-up,METHODS_RESEARCH,COMPLETED,RESULTS_REPORTED,METHOD_OR_PROTOCOL_QUALITY | OUTCOME_DESCRIPTION,Indonesia,QUANTITATIVE_EMPIRICAL,LONGITUDINAL_REPEATED,NONCOMPARATIVE,NOT_APPLICABLE,,,2015170,0,0,5,8,3,0
P8d19da865e59:s1,doi:10.36469/001c.145813,10.36469/001c.145813,2025,1,Cross-sectional performance comparison of EQ-TIPS-3L version 2.0 and PedsQL in infants and toddlers with chronic health conditions,MEASUREMENT_PROPERTY_EVALUATION,COMPLETED,RESULTS_REPORTED,MEASUREMENT_PROPERTY_EVALUATION,South Africa,QUANTITATIVE_EMPIRICAL,CROSS_SECTIONAL,BETWEEN_GROUP | BETWEEN_INSTRUMENT,NOT_APPLICABLE,NOT_APPLICABLE,,365-RA,0,7,6,9,4,0
P8d488800e756:S1,doi:10.1186/s12955-025-02391-x,10.1186/s12955-025-02391-x,2025,1,Comparison of DCE-with-duration designs under nonlinear time preferences,METHODS_RESEARCH,COMPLETED,RESULTS_REPORTED,METHOD_OR_PROTOCOL_QUALITY | PREFERENCE_COMPARISON | VALUATION_METHOD_EVALUATION,Denmark,QUANTITATIVE_EMPIRICAL,CROSS_SECTIONAL,BETWEEN_CONTEXT | BETWEEN_GROUP | BETWEEN_METHOD,RANDOMIZED,,,,2,2,3,8,6,1
P8d497cfa82dc:S1,doi:10.1016/j.jval.2021.11.1377,10.1016/j.jval.2021.11.1377,2022,1,Mixed methods study of why adult respondents value EQ-5D health states differently for an 8-year-old child than for a 40-year-old adult,HEALTH_PREFERENCE_RESEARCH,COMPLETED,RESULTS_REPORTED,CONCEPTUAL_FRAMEWORK_DEVELOPMENT | HEALTH_STATE_VALUATION | PREFERENCE_COMPARISON,Belgium | Netherlands | United Kingdom,,CROSS_SECTIONAL,BETWEEN_CONTEXT | BETWEEN_GROUP | WITHIN_PERSON,NOT_APPLICABLE,NOT_APPLICABLE,CONVERGENT_PARALLEL,20180640,3,4,10,7,6,2
P8d7099133b88:S1,doi:10.1016/j.jval.2018.06.001,10.1016/j.jval.2018.06.001,2018,1,Discrete choice experiment testing second-order interactions in the EQ-5D-3L value function (Dutch general population),METHODS_RESEARCH,COMPLETED,RESULTS_REPORTED,HEALTH_STATE_VALUATION | VALUATION_METHOD_EVALUATION,Netherlands,QUANTITATIVE_EMPIRICAL,CROSS_SECTIONAL,BETWEEN_METHOD,NOT_REPORTED,,,,0,1,8,4,3,0
P8e27de53c431:S1,doi:10.1007/s11136-019-02200-1,10.1007/s11136-019-02200-1,2019,1,"Responsiveness of the EQ-5D-3L and EQ-5D-5L over 3 months in patients following total hip or knee replacement in Alberta, Canada",MEASUREMENT_PROPERTY_EVALUATION,COMPLETED,RESULTS_REPORTED,MEASUREMENT_PROPERTY_EVALUATION,Canada,QUANTITATIVE_EMPIRICAL,LONGITUDINAL_REPEATED,BETWEEN_GROUP | BETWEEN_INSTRUMENT,NOT_APPLICABLE,NOT_APPLICABLE,,,0,3,10,7,7,0
P8e3fb22f5b94:S1,doi:10.1007/s10198-022-01481-7,10.1007/s10198-022-01481-7,2023,1,Romanian EQ-5D-5L valuation study,VALUE_SET_DEVELOPMENT,COMPLETED,RESULTS_REPORTED,HEALTH_STATE_VALUATION | PREFERENCE_COMPARISON | VALUE_SET_DEVELOPMENT,Romania,QUANTITATIVE_EMPIRICAL,CROSS_SECTIONAL,BETWEEN_CONTEXT | BETWEEN_INSTRUMENT,NOT_APPLICABLE,NOT_APPLICABLE,,20180030R1,0,5,9,9,4,1
P8ec7119a01a1:study1,doi:10.1016/j.vhri.2021.02.001,10.1016/j.vhri.2021.02.001,2021,1,Comparison of EQ-5D value sets among South American countries,HEALTH_PREFERENCE_RESEARCH,COMPLETED,RESULTS_REPORTED,PREFERENCE_COMPARISON,,QUANTITATIVE_EMPIRICAL,NOT_APPLICABLE,BETWEEN_CONTEXT,NOT_APPLICABLE,,,,4,3,8,8,2,0
P8f639f3647b7:s1,doi:10.1016/j.socscimed.2020.112801,10.1016/j.socscimed.2020.112801,2020,1,Comparison of EQ-5D-5L health preferences between Polish migrants and Irish natives,HEALTH_PREFERENCE_RESEARCH,COMPLETED,RESULTS_REPORTED,PREFERENCE_COMPARISON,Poland,QUANTITATIVE_EMPIRICAL,CROSS_SECTIONAL,BETWEEN_GROUP,NOT_APPLICABLE,,,2013280,0,3,4,6,5,0
P903b95d630f2:S1,doi:10.1093/ofid/ofab466.689,10.1093/ofid/ofab466.689,2021,1,COVID-19 vaccine uptake and perceptions among US pregnant persons,HEALTH_OUTCOME_RESEARCH,COMPLETED,RESULTS_REPORTED,OUTCOME_DESCRIPTION,United States,QUANTITATIVE_EMPIRICAL,CROSS_SECTIONAL,BETWEEN_GROUP,NOT_APPLICABLE,,,260-RA,0,0,4,5,0,0
P9074b2a0ac66:S1,doi:10.1007/s40273-018-0615-8,10.1007/s40273-018-0615-8,2018,1,German EQ-5D-5L valuation study using EQ-VT protocol 2.0,VALUE_SET_DEVELOPMENT,COMPLETED,RESULTS_REPORTED,HEALTH_STATE_VALUATION | METHOD_OR_PROTOCOL_QUALITY | VALUE_SET_DEVELOPMENT,Germany,QUANTITATIVE_EMPIRICAL,CROSS_SECTIONAL,BETWEEN_METHOD,RANDOMIZED,,,2012020,0,4,8,7,5,1
P908ecc0ee07b:S1,doi:10.1007/s10198-021-01377-y,10.1007/s10198-021-01377-y,2021,1,Within-person experiment on self-versus-other and child-versus-adult perspectives in EQ-5D-Y-3L valuation,METHODS_RESEARCH,COMPLETED,RESULTS_REPORTED,HEALTH_STATE_VALUATION | PREFERENCE_COMPARISON | VALUATION_METHOD_EVALUATION,,QUANTITATIVE_EMPIRICAL,CROSS_SECTIONAL,WITHIN_PERSON,RANDOMIZED,,,20190890,2,1,6,7,6,0
P90c067ebcd31:S1,doi:10.1097/brs.0000000000003116,10.1097/brs.0000000000003116,2019,1,Prospective 3-month cohort comparing the responsiveness of EQ-5D-Y-5L and EQ-5D-Y-3L in Hong Kong children and adolescents with juvenile or adolescent idiopathic scoliosis,MEASUREMENT_PROPERTY_EVALUATION,COMPLETED,RESULTS_REPORTED,MEASUREMENT_PROPERTY_EVALUATION,China,QUANTITATIVE_EMPIRICAL,LONGITUDINAL_REPEATED,BETWEEN_GROUP | BETWEEN_INSTRUMENT | WITHIN_PERSON,NOT_APPLICABLE,NOT_APPLICABLE,,20170460,0,5,14,9,7,0
P90de47f7c176:S1,doi:10.1002/hec.4529,10.1002/hec.4529,2022,1,Extension and empirical test of a corrective approach for discounting and loss aversion in composite time trade-off with a Dutch general public sample,METHODS_RESEARCH,COMPLETED,RESULTS_REPORTED,HEALTH_STATE_VALUATION | METHOD_OR_PROTOCOL_QUALITY | VALUATION_METHOD_EVALUATION,Netherlands,QUANTITATIVE_EMPIRICAL,CROSS_SECTIONAL,BETWEEN_CONTEXT | BETWEEN_METHOD | WITHIN_PERSON,NOT_APPLICABLE,NOT_APPLICABLE,,20190080R1,0,4,18,10,7,1
P90ec2144f219:s1,doi:10.1016/j.jval.2021.04.1280,10.1016/j.jval.2021.04.1280,2021,1,New Zealand EQ-5D-5L population norms and sociodemographic associations,POPULATION_REFERENCE_DESCRIPTION,COMPLETED,RESULTS_REPORTED,OUTCOME_DESCRIPTION | POPULATION_NORMS,,QUANTITATIVE_EMPIRICAL,CROSS_SECTIONAL,BETWEEN_GROUP,NOT_APPLICABLE,,,20180470,0,3,4,6,4,1
P914ad897a853:S1,doi:10.1007/s11136-021-02997-w,10.1007/s11136-021-02997-w,2022,1,EQ-5D-5L health-related quality of life of Vietnamese breast cancer patients and survivors compared with age-matched women in the general population,HEALTH_OUTCOME_RESEARCH,COMPLETED,RESULTS_REPORTED,OUTCOME_DESCRIPTION,Vietnam,QUANTITATIVE_EMPIRICAL,CROSS_SECTIONAL,BETWEEN_CONTEXT | BETWEEN_GROUP,NOT_APPLICABLE,NOT_APPLICABLE,,20170220,0,2,12,7,5,0
P91769750d214:S1,doi:10.1007/s11482-025-10427-z,10.1007/s11482-025-10427-z,2025,1,Regional variation in US population HRQoL during COVID-19,HEALTH_OUTCOME_RESEARCH,COMPLETED,RESULTS_REPORTED,OUTCOME_DESCRIPTION,United States,QUANTITATIVE_EMPIRICAL,CROSS_SECTIONAL,BETWEEN_CONTEXT,NOT_APPLICABLE,,,140-RA,2,2,6,6,5,0
P9268624e7101:study_main,doi:10.1016/j.jval.2025.08.005,10.1016/j.jval.2025.08.005,2025,1,Hong Kong adolescent and adult preferences for EQ-5D-Y-3L health states,HEALTH_PREFERENCE_RESEARCH,COMPLETED,RESULTS_REPORTED,HEALTH_STATE_VALUATION | METHOD_OR_PROTOCOL_QUALITY | PREFERENCE_COMPARISON,,QUANTITATIVE_EMPIRICAL,CROSS_SECTIONAL,BETWEEN_GROUP,NOT_APPLICABLE,NOT_APPLICABLE,,,2,5,8,8,5,0
P92f91a600840:S1,doi:10.1007/s10198-024-01710-1,10.1007/s10198-024-01710-1,2025,1,Psychometric validation of Chinese EQ-5D-Y-3L and experimental EQ-TIPS in paediatric COVID-19,MEASUREMENT_PROPERTY_EVALUATION,COMPLETED,RESULTS_REPORTED,MEASUREMENT_PROPERTY_EVALUATION | OUTCOME_DESCRIPTION,China,QUANTITATIVE_EMPIRICAL,LONGITUDINAL_REPEATED,,NOT_APPLICABLE,NOT_APPLICABLE,,1654-TVG,3,9,12,7,2,1
P92fc5748214f:S1,doi:10.3390/jcm11236925,10.3390/jcm11236925,2022,1,Cross-sectional EQ-5D-5L assessment of HRQoL in migraine,HEALTH_OUTCOME_RESEARCH,COMPLETED,RESULTS_REPORTED,OUTCOME_DESCRIPTION,Poland,QUANTITATIVE_EMPIRICAL,CROSS_SECTIONAL,BETWEEN_GROUP,NOT_APPLICABLE,,,,0,1,2,4,2,0
P930cba5247e3:S1,doi:10.1016/j.jval.2019.06.008,10.1016/j.jval.2019.06.008,2019,1,"Comparison of EQ-VT, orthogonal and D-efficient health-state designs for EQ-5D-5L cTTO valuation in Chinese university students",METHODS_RESEARCH,COMPLETED,RESULTS_REPORTED,HEALTH_STATE_VALUATION | METHOD_OR_PROTOCOL_QUALITY | VALUATION_METHOD_EVALUATION,China,MODEL_BASED | QUANTITATIVE_EMPIRICAL,CROSS_SECTIONAL,BETWEEN_GROUP | BETWEEN_METHOD,RANDOMIZED,NOT_APPLICABLE,,20170160,0,2,8,8,6,0
P93749e68c902:study_jordan_3l,doi:10.1007/s10198-024-01712-z,10.1007/s10198-024-01712-z,2024,1,Jordan EQ-5D-3L national valuation study,VALUE_SET_DEVELOPMENT,COMPLETED,RESULTS_REPORTED,HEALTH_STATE_VALUATION | MAPPING_OR_CROSSWALK | VALUE_SET_DEVELOPMENT,,QUANTITATIVE_EMPIRICAL,CROSS_SECTIONAL,,NOT_APPLICABLE,NOT_APPLICABLE,,60-VS,3,6,11,8,4,2
P93a1bfc82d78:S1,doi:10.1016/j.jval.2015.11.005,10.1016/j.jval.2015.11.005,2016,1,Six-arm UK general population EQ-5D-5L valuation experiment testing dimension order effects on TTO and DCE values,METHODS_RESEARCH,COMPLETED,RESULTS_REPORTED,HEALTH_STATE_VALUATION | VALUATION_METHOD_EVALUATION,United Kingdom,QUANTITATIVE_EMPIRICAL,CROSS_SECTIONAL,BETWEEN_GROUP | BETWEEN_METHOD,RANDOMIZED,,,2014010,0,3,8,6,4,0
P93e1182a04b7:S1,doi:10.1016/j.jval.2022.01.003,10.1016/j.jval.2022.01.003,2022,1,Comparison of preliminary EQ-HWB-S and EQ-5D-5L in US adults,MEASUREMENT_PROPERTY_EVALUATION,COMPLETED,RESULTS_REPORTED,MEASUREMENT_PROPERTY_EVALUATION,United States,QUANTITATIVE_EMPIRICAL,CROSS_SECTIONAL,BETWEEN_GROUP | BETWEEN_INSTRUMENT,RANDOMIZED,,,20180520,0,3,8,5,5,0
P9428c0ffdaf0:S1,doi:10.1016/j.jval.2021.12.007,10.1016/j.jval.2021.12.007,2022,1,"EQ-HWB development stages 2 and 3: item generation, selection, and international face validation",INSTRUMENT_VERSION_DEVELOPMENT,COMPLETED,RESULTS_REPORTED,CONTENT_VALIDITY_EVALUATION | INSTRUMENT_DEVELOPMENT | TRANSLATION_AND_CULTURAL_ADAPTATION,Australia | China | Germany | United Kingdom | United States,,CROSS_SECTIONAL,,NOT_APPLICABLE,NOT_APPLICABLE,SEQUENTIAL,20180010 | 20180060 | 20180080,2,6,11,13,4,2
P94878b957eaf:S1,doi:10.1186/s12955-026-02478-z,10.1186/s12955-026-02478-z,2026,1,"Qualitative face validity study of the proxy EQ-HWB-9 with informal caregivers of community-dwelling people with dementia in Germany, comparing 'today' and '7-day' recall periods",MEASUREMENT_PROPERTY_EVALUATION,COMPLETED,RESULTS_REPORTED,CONTENT_VALIDITY_EVALUATION | MEASUREMENT_PROPERTY_EVALUATION,Germany,QUALITATIVE_INQUIRY,CROSS_SECTIONAL,BETWEEN_GROUP,RANDOMIZED,,,,0,5,4,9,6,0
P94a68185cdbf:S1,doi:10.1007/s11136-021-03075-x,10.1007/s11136-021-03075-x,2022,1,Comparison of EQ-5D-5L discrete choice experiment (DCE) preference data from 11 Asian EQ-VT valuation studies,HEALTH_PREFERENCE_RESEARCH,COMPLETED,RESULTS_REPORTED,PREFERENCE_COMPARISON,China | Indonesia | Japan | Malaysia | Philippines | Singapore | South Korea | Taiwan | Thailand | Vietnam,MODEL_BASED | QUANTITATIVE_EMPIRICAL,CROSS_SECTIONAL,BETWEEN_CONTEXT,NOT_APPLICABLE,NOT_APPLICABLE,,20180230,0,3,8,7,3,0
P951e7b451d9b:S1,doi:10.1007/s11136-021-02911-4,10.1007/s11136-021-02911-4,2022,1,Literature review of evidence on the relationship between PROMIS-29 and EQ-5D (3L and 5L),EVIDENCE_SYNTHESIS,COMPLETED,RESULTS_REPORTED,EVIDENCE_SYNTHESIS | MAPPING_OR_CROSSWALK | MEASUREMENT_PROPERTY_EVALUATION,Belgium | France | Germany | United Kingdom | United States,EVIDENCE_SYNTHESIS,NOT_APPLICABLE,BETWEEN_INSTRUMENT,NOT_APPLICABLE,NARRATIVE_SYNTHESIS,,20190220,0,6,6,9,5,0
P954329dc1e0a:study_main,doi:10.1007/s11136-020-02712-1,10.1007/s11136-020-02712-1,2021,1,Comparison of online and face-to-face EQ-5D-5L cTTO valuation,METHODS_RESEARCH,COMPLETED,RESULTS_REPORTED,METHOD_OR_PROTOCOL_QUALITY | VALUATION_METHOD_EVALUATION,United States,QUANTITATIVE_EMPIRICAL,CROSS_SECTIONAL,BETWEEN_CONTEXT,NOT_APPLICABLE,,,,2,4,6,8,4,0
P95480ae61c78:study_main,doi:10.3390/children8100920,10.3390/children8100920,2021,1,Performance of TANDI in children aged 3 to 4 years,MEASUREMENT_PROPERTY_EVALUATION,COMPLETED,RESULTS_REPORTED,MEASUREMENT_PROPERTY_EVALUATION,South Africa,QUANTITATIVE_EMPIRICAL,CROSS_SECTIONAL,BETWEEN_GROUP,NOT_APPLICABLE,NOT_APPLICABLE,,20170540,2,3,10,8,4,1
P955a79621a42:S1,doi:10.1016/j.jval.2018.05.002,10.1016/j.jval.2018.05.002,2018,1,Four-arm randomized valuation experiment comparing EQ-5D-Y and EQ-5D-3L health state values by wording and perspective in four countries,METHODS_RESEARCH,COMPLETED,RESULTS_REPORTED,HEALTH_STATE_VALUATION | PREFERENCE_COMPARISON | VALUATION_METHOD_EVALUATION,Germany | Netherlands | Spain | United Kingdom,QUANTITATIVE_EMPIRICAL,CROSS_SECTIONAL,BETWEEN_GROUP | BETWEEN_INSTRUMENT,RANDOMIZED,,,2014160,0,4,10,7,3,0
P9562cbd1e70a:s1,doi:10.1007/s40273-020-00909-3,10.1007/s40273-020-00909-3,2020,1,Development of the international EQ-5D-Y-3L valuation protocol,METHODS_RESEARCH,COMPLETED,RESULTS_REPORTED,HEALTH_STATE_VALUATION | METHOD_OR_PROTOCOL_QUALITY | PREFERENCE_COMPARISON | VALUATION_METHOD_EVALUATION,Germany | Netherlands | Spain | United Kingdom,CONCEPTUAL,NOT_APPLICABLE,BETWEEN_METHOD,NOT_APPLICABLE,,,,5,7,14,8,5,1
P9571363025cd:study_1,doi:10.1016/j.jval.2024.05.009,10.1016/j.jval.2024.05.009,2024,1,Randomized within-person comparison of pits TTO and composite TTO for EQ-5D-5L health states,METHODS_RESEARCH,COMPLETED,RESULTS_REPORTED,HEALTH_STATE_VALUATION | VALUATION_METHOD_EVALUATION,Singapore,QUANTITATIVE_EMPIRICAL,CROSS_SECTIONAL,BETWEEN_METHOD | WITHIN_PERSON,RANDOMIZED,NOT_APPLICABLE,,1535-RA,2,3,12,6,3,1
P965a097c5477:study_egypt_5l,doi:10.1007/s40273-021-01100-y,10.1007/s40273-021-01100-y,2021,1,Egyptian EQ-5D-5L valuation study,VALUE_SET_DEVELOPMENT,COMPLETED,RESULTS_REPORTED,HEALTH_STATE_VALUATION | IMPLEMENTATION_EVALUATION | METHOD_OR_PROTOCOL_QUALITY | VALUE_SET_DEVELOPMENT,Egypt,QUANTITATIVE_EMPIRICAL,CROSS_SECTIONAL,BETWEEN_METHOD,NOT_APPLICABLE,,,20180130,2,3,6,9,4,1
P9674a56f772e:S1,doi:10.1007/s40271-023-00655-6,10.1007/s40271-023-00655-6,2024,1,EQ-5D-5L self-report reliability in older aged care residents,MEASUREMENT_PROPERTY_EVALUATION,COMPLETED,RESULTS_REPORTED,MEASUREMENT_PROPERTY_EVALUATION | METHOD_OR_PROTOCOL_QUALITY,Australia,,CROSS_SECTIONAL,BETWEEN_METHOD,RANDOMIZED,,CONVERGENT_PARALLEL,194-RA,2,5,10,7,5,1
P969da0fc473f:S1,doi:10.5502/ijw.v4i2.2,10.5502/ijw.v4i2.2,2014,1,"Prospective Outcomes of Injury Study (POIS) analysis of injury characteristics and 3-month EQ-5D as predictors of personal wellbeing 24 months after injury, New Zealand",HEALTH_OUTCOME_RESEARCH,COMPLETED,RESULTS_REPORTED,OUTCOME_DESCRIPTION,,QUANTITATIVE_EMPIRICAL,LONGITUDINAL_REPEATED,BETWEEN_GROUP,NOT_APPLICABLE,,,2014190,0,5,3,5,5,0
P97053b7ae6d2:S1,doi:10.1007/s40273-025-01471-6,10.1007/s40273-025-01471-6,2025,1,Randomized evaluation of cTTO modifications for worse-than-dead states,METHODS_RESEARCH,COMPLETED,RESULTS_REPORTED,HEALTH_STATE_VALUATION | VALUATION_METHOD_EVALUATION,,QUANTITATIVE_EMPIRICAL,CROSS_SECTIONAL,BETWEEN_METHOD,RANDOMIZED,NOT_APPLICABLE,,1585-RA,4,3,6,8,5,0
P9707f08f56ac:S1,doi:10.1016/j.jval.2025.11.005,10.1016/j.jval.2025.11.005,2025,1,Fuzhou older-adult heatwave HRQoL cohort,HEALTH_OUTCOME_RESEARCH,COMPLETED,RESULTS_REPORTED,OUTCOME_DESCRIPTION,China,QUANTITATIVE_EMPIRICAL,LONGITUDINAL_REPEATED,WITHIN_PERSON,NOT_APPLICABLE,,,1599-RA,0,3,7,7,5,0
P972fa7e33a1b:s1,doi:10.1016/j.vhri.2021.12.004,10.1016/j.vhri.2021.12.004,2022,1,Head-to-head measurement-property comparison of English EQ-5D-Y-3L and EQ-5D-Y-5L in South Africa,MEASUREMENT_PROPERTY_EVALUATION,COMPLETED,RESULTS_REPORTED,MEASUREMENT_PROPERTY_EVALUATION,South Africa,QUANTITATIVE_EMPIRICAL,LONGITUDINAL_REPEATED,BETWEEN_INSTRUMENT,NOT_APPLICABLE,NOT_APPLICABLE,,20180730,0,2,16,7,3,0
P97c68f4df76b:S1,doi:10.1007/s11136-021-02899-x,10.1007/s11136-021-02899-x,2021,1,Development and testing of a cognitive bolt-on for the German EQ-5D-Y,INSTRUMENT_VERSION_DEVELOPMENT,COMPLETED,RESULTS_REPORTED,CONTENT_VALIDITY_EVALUATION | INSTRUMENT_DEVELOPMENT | MEASUREMENT_PROPERTY_EVALUATION,Germany,,,,,,,,3,7,22,13,7,2
P97f8c11078c8:S1,doi:10.1016/j.jval.2021.03.019,10.1016/j.jval.2021.03.019,2021,1,"Adult versus adolescent preferences for EQ-5D-Y-3L health states in Germany, Slovenia, and Spain",HEALTH_PREFERENCE_RESEARCH,COMPLETED,RESULTS_REPORTED,HEALTH_STATE_VALUATION | METHOD_OR_PROTOCOL_QUALITY | PREFERENCE_COMPARISON,Germany | Slovenia | Spain,QUANTITATIVE_EMPIRICAL,CROSS_SECTIONAL,BETWEEN_CONTEXT | BETWEEN_GROUP,NOT_APPLICABLE,NOT_APPLICABLE,,20180510,2,3,9,6,5,0
P9852d298513d:S1,doi:10.1186/s41687-020-00231-8,10.1186/s41687-020-00231-8,2020,1,"Collection, presentation, and use of EQ-5D in Swedish National Quality Registries",APPLIED_USE_RESEARCH,COMPLETED,RESULTS_REPORTED,IMPLEMENTATION_EVALUATION | OUTCOME_DESCRIPTION,Sweden,QUANTITATIVE_EMPIRICAL,CROSS_SECTIONAL,BETWEEN_CONTEXT,NOT_APPLICABLE,,,,0,5,5,7,5,0
P9865eed89bfc:S1,doi:10.3389/fpsyg.2023.1176204,10.3389/fpsyg.2023.1176204,2023,1,"Ozone therapy and anxiety, depression, and health status in patients with refractory symptoms",HEALTH_OUTCOME_RESEARCH,COMPLETED,RESULTS_REPORTED,OUTCOME_DESCRIPTION,Spain,QUANTITATIVE_EMPIRICAL,LONGITUDINAL_REPEATED,WITHIN_PERSON,NONRANDOMIZED,,,,0,5,4,8,5,0
P989fa5e42194:S1,doi:10.1186/s12955-018-1036-2,10.1186/s12955-018-1036-2,2018,1,EQ-5D-5L population norms for urban China from valuation-study self-report data,POPULATION_REFERENCE_DESCRIPTION,COMPLETED,RESULTS_REPORTED,OUTCOME_DESCRIPTION | POPULATION_NORMS,China,QUANTITATIVE_EMPIRICAL,CROSS_SECTIONAL,BETWEEN_GROUP,NOT_APPLICABLE,,,2012010,0,2,5,8,3,1
P98a61142a09a:study1,doi:10.1007/s40273-023-01264-9,10.1007/s40273-023-01264-9,2023,1,England 2017–2018 QALE inequality and EQ-5D-5L dimension decomposition study,HEALTH_OUTCOME_RESEARCH,COMPLETED,RESULTS_REPORTED,OUTCOME_DESCRIPTION,United Kingdom,MODEL_BASED | QUANTITATIVE_EMPIRICAL,CROSS_SECTIONAL,BETWEEN_GROUP,NOT_APPLICABLE,NOT_APPLICABLE,,123-RA,0,2,5,9,6,1
P994243e030ee:S1,doi:10.1016/j.socscimed.2019.112707,10.1016/j.socscimed.2019.112707,2019,1,"Development, testing and New Zealand application of an online PAPRIKA discrete choice tool for creating personal and social EQ-5D-5L value sets, including a binary search for states worse than dead",METHODS_RESEARCH,COMPLETED,RESULTS_REPORTED,HEALTH_STATE_VALUATION | VALUATION_METHOD_EVALUATION | VALUE_SET_DEVELOPMENT,,QUANTITATIVE_EMPIRICAL,CROSS_SECTIONAL,NONCOMPARATIVE,NOT_APPLICABLE,NOT_APPLICABLE,SEQUENTIAL,20180470,3,4,15,11,6,3
P9a4a442209d5:study_main,doi:10.1016/j.jval.2021.05.006,10.1016/j.jval.2021.05.006,2021,1,Validation of the EQ-5D-5L respiratory bolt-on in the Birmingham COPD Cohort Study,MEASUREMENT_PROPERTY_EVALUATION,COMPLETED,RESULTS_REPORTED,MEASUREMENT_PROPERTY_EVALUATION,United Kingdom,QUANTITATIVE_EMPIRICAL,VARIABLE_SOURCE_TIME,BETWEEN_INSTRUMENT,NOT_APPLICABLE,NOT_APPLICABLE,,20190850,0,8,10,8,4,0
P9a5473c34a9a:S1,doi:10.1016/j.jval.2025.04.2161,10.1016/j.jval.2025.04.2161,2025,1,Comparative psychometric performance of EQ-5D-Y-5L and EQ-5D-5L in Australian adolescents,MEASUREMENT_PROPERTY_EVALUATION,COMPLETED,RESULTS_REPORTED,MEASUREMENT_PROPERTY_EVALUATION,Australia,QUANTITATIVE_EMPIRICAL,LONGITUDINAL_REPEATED,BETWEEN_INSTRUMENT,NOT_APPLICABLE,,,330-PHD,0,4,12,8,3,0
P9b0dec239e5a:S1,doi:10.1007/s11482-022-10071-x,10.1007/s11482-022-10071-x,2022,1,Retrospective VCOR registry analysis of 30-day EQ-5D-3L quality of life after PCI in patients with and without prior CABG,HEALTH_OUTCOME_RESEARCH,COMPLETED,RESULTS_REPORTED,OUTCOME_DESCRIPTION,Australia,QUANTITATIVE_EMPIRICAL,CROSS_SECTIONAL,BETWEEN_GROUP,NOT_APPLICABLE,NOT_APPLICABLE,,2016250,0,1,6,7,5,0
P9b2241de5599:study_1,doi:10.1186/s12955-026-02581-1,10.1186/s12955-026-02581-1,2026,1,Content validity of the modified Argentine Spanish EQ-HWB-9,MEASUREMENT_PROPERTY_EVALUATION,COMPLETED,RESULTS_REPORTED,CONTENT_VALIDITY_EVALUATION | TRANSLATION_AND_CULTURAL_ADAPTATION,,,CROSS_SECTIONAL,WITHIN_PERSON,NOT_APPLICABLE,,EMBEDDED,1891-RA,3,5,10,7,2,0
P9b4818f6b5e2:S1,doi:10.1007/s11136-025-04090-y,10.1007/s11136-025-04090-y,2025,1,Longitudinal analysis of EQ-5D-5L HRQoL change between 2 and 3 years after COVID-19 in Dutch adults with post COVID-19 condition (CORFU/Long CORFU),HEALTH_OUTCOME_RESEARCH,COMPLETED,RESULTS_REPORTED,OUTCOME_DESCRIPTION,Netherlands,QUANTITATIVE_EMPIRICAL,LONGITUDINAL_REPEATED,WITHIN_PERSON,NONRANDOMIZED,,,1569-RA,0,4,6,7,6,0
P9c72daab39ca:S1,doi:10.1016/j.jval.2017.10.023,10.1016/j.jval.2017.10.023,2017,1,Re-estimation of the Spanish EQ-5D-5L value set using hybrid interval regression handling C-TTO data quality issues,VALUE_SET_DEVELOPMENT,COMPLETED,RESULTS_REPORTED,METHOD_OR_PROTOCOL_QUALITY | VALUATION_METHOD_EVALUATION | VALUE_SET_DEVELOPMENT,Spain,QUANTITATIVE_EMPIRICAL,CROSS_SECTIONAL,BETWEEN_METHOD,NOT_APPLICABLE,,,,0,2,8,6,5,1
P9c96e44f6471:S1,doi:10.1186/s12955-020-01404-1,10.1186/s12955-020-01404-1,2020,1,Conventional and retrospective HRQL change after trauma,METHODS_RESEARCH,COMPLETED,RESULTS_REPORTED,METHOD_OR_PROTOCOL_QUALITY | OUTCOME_DESCRIPTION,Netherlands,QUANTITATIVE_EMPIRICAL,LONGITUDINAL_REPEATED,WITHIN_PERSON,NOT_APPLICABLE,NOT_APPLICABLE,,2016160,0,7,10,8,4,0
P9cd3ec6c2594:S1,doi:10.1007/s40273-022-01210-1,10.1007/s40273-022-01210-1,2022,1,Indonesian EQ-5D-Y-3L valuation study with expanded cTTO design (DCE anchored onto cTTO),VALUE_SET_DEVELOPMENT,COMPLETED,RESULTS_REPORTED,VALUATION_METHOD_EVALUATION | VALUE_SET_DEVELOPMENT,Indonesia,QUANTITATIVE_EMPIRICAL,CROSS_SECTIONAL,,NONRANDOMIZED,,,20180490,3,2,7,8,3,1
P9d17a8f5dd89:S1,doi:10.4102/ajod.v8i0.512,10.4102/ajod.v8i0.512,2019,1,"Cross-sectional community-based household surveys of disability prevalence and patterns in two under-resourced Western Cape communities (Nyanga and Oudtshoorn), South Africa",POPULATION_REFERENCE_DESCRIPTION,COMPLETED,RESULTS_REPORTED,OUTCOME_DESCRIPTION | POPULATION_NORMS,South Africa,QUANTITATIVE_EMPIRICAL,CROSS_SECTIONAL,BETWEEN_CONTEXT,NOT_APPLICABLE,NOT_APPLICABLE,,,0,2,7,7,5,0
P9d318250967a:S1,doi:10.1007/s10198-024-01714-x,10.1007/s10198-024-01714-x,2025,1,Psychometric evaluation of four EQ-5D cognition bolt-on items in China,MEASUREMENT_PROPERTY_EVALUATION,COMPLETED,RESULTS_REPORTED,MEASUREMENT_PROPERTY_EVALUATION,China,QUANTITATIVE_EMPIRICAL,CROSS_SECTIONAL,BETWEEN_INSTRUMENT,NOT_APPLICABLE,,,20180160,2,8,12,7,4,2
P9d3658fc7c4e:study1,doi:10.1007/s10198-024-01682-2,10.1007/s10198-024-01682-2,2024,1,"Comparative measurement-property evaluation of EQ-5D-3L, EQ-5D-5L, and SF-6Dv2 in Chinese patients with late-onset Pompe disease",MEASUREMENT_PROPERTY_EVALUATION,COMPLETED,RESULTS_REPORTED,MEASUREMENT_PROPERTY_EVALUATION,China,,,,,,,444-RA,2,5,10,7,4,0
P9d3c78d892bf:S1,doi:10.1186/s12955-023-02207-w,10.1186/s12955-023-02207-w,2023,1,Routine EQ-5D-5L evaluation of community rehabilitation services in Alberta,APPLIED_USE_RESEARCH,COMPLETED,RESULTS_REPORTED,OUTCOME_DESCRIPTION,Canada,QUANTITATIVE_EMPIRICAL,LONGITUDINAL_REPEATED,WITHIN_PERSON,NOT_APPLICABLE,NOT_APPLICABLE,,,3,2,6,9,8,0
P9d705ba2d740:study_main,doi:10.1177/0272989x261446644,10.1177/0272989x261446644,2026,1,Qualitative study of perceived EQ-5D-5L and bolt-on interactions during cTTO valuation,METHODS_RESEARCH,COMPLETED,RESULTS_REPORTED,PREFERENCE_COMPARISON | VALUATION_METHOD_EVALUATION,Indonesia,QUALITATIVE_INQUIRY,CROSS_SECTIONAL,BETWEEN_CONTEXT,RANDOMIZED,NOT_APPLICABLE,EMBEDDED,1883-RA,4,10,6,7,7,1
P9dd5c72e946e:study_main,doi:10.1007/s11136-023-03509-8,10.1007/s11136-023-03509-8,2024,1,Time perspective profile and self-reported health on the EQ-5D-5L,HEALTH_OUTCOME_RESEARCH,COMPLETED,RESULTS_REPORTED,MEASUREMENT_PROPERTY_EVALUATION | OUTCOME_DESCRIPTION,Hungary,QUANTITATIVE_EMPIRICAL,CROSS_SECTIONAL,NONCOMPARATIVE,NOT_APPLICABLE,,,461-RA,0,4,4,5,4,0
P9e58127963a6:S1,doi:10.1007/s11136-017-1683-5,10.1007/s11136-017-1683-5,2017,1,"Comparison of EQ-5D-5L composite TTO values from heart disease patients, cancer patients and the general population in Singapore",HEALTH_PREFERENCE_RESEARCH,COMPLETED,RESULTS_REPORTED,HEALTH_STATE_VALUATION | PREFERENCE_COMPARISON,Singapore,QUANTITATIVE_EMPIRICAL,CROSS_SECTIONAL,BETWEEN_GROUP,NONRANDOMIZED,,,2015220,0,6,6,5,6,0
P9eab1e7b13d8:S1,doi:10.1007/s40273-024-01379-7,10.1007/s40273-024-01379-7,2024,1,Psychometric comparison of EQ-5D-Y-3L and EQ-5D-Y-5L in Australian children and adolescents,MEASUREMENT_PROPERTY_EVALUATION,COMPLETED,RESULTS_REPORTED,MEASUREMENT_PROPERTY_EVALUATION,Australia,,,,,,,361-RA,2,6,7,6,3,0
P9ec8c7eff099:S1,doi:10.3390/nu16162591,10.3390/nu16162591,2024,1,Change in alcohol consumption during the COVID-19 pandemic,HEALTH_OUTCOME_RESEARCH,COMPLETED,RESULTS_REPORTED,OUTCOME_DESCRIPTION,Italy | Netherlands | Sweden | United Kingdom | United States,QUANTITATIVE_EMPIRICAL,LONGITUDINAL_REPEATED,BETWEEN_GROUP,NOT_APPLICABLE,NOT_APPLICABLE,,460-RA,0,4,7,7,5,0
P9ef8ea3025fd:s1,doi:10.1016/j.vhri.2021.09.007,10.1016/j.vhri.2021.09.007,2021,1,Cross-cultural adaptation of the beta EQ-5D-Y-5L into Chichewa for Malawi,INSTRUMENT_VERSION_DEVELOPMENT,COMPLETED,RESULTS_REPORTED,CONTENT_VALIDITY_EVALUATION | INSTRUMENT_DEVELOPMENT | METHOD_OR_PROTOCOL_QUALITY | TRANSLATION_AND_CULTURAL_ADAPTATION,Malawi,,,,,,SEQUENTIAL,20190200,3,7,4,7,3,1
P9f0302e5cab3:s1,doi:10.1016/j.burns.2020.08.015,10.1016/j.burns.2020.08.015,2020,1,Added value of an itching item for EQ-5D-5L in long-term burn survivors,MEASUREMENT_PROPERTY_EVALUATION,COMPLETED,RESULTS_REPORTED,INSTRUMENT_DEVELOPMENT | MEASUREMENT_PROPERTY_EVALUATION,Netherlands,QUANTITATIVE_EMPIRICAL,CROSS_SECTIONAL,BETWEEN_INSTRUMENT,NOT_APPLICABLE,,,20180330,0,4,12,7,5,1
P9f5e73c36b66:S1,doi:10.1007/s40273-018-0694-6,10.1007/s40273-018-0694-6,2018,1,Six-arm randomized experiment comparing severity-stratified and unstratified Bayesian efficient DCE designs for EQ-5D-5L valuation,METHODS_RESEARCH,COMPLETED,RESULTS_REPORTED,METHOD_OR_PROTOCOL_QUALITY | VALUATION_METHOD_EVALUATION,Netherlands,QUANTITATIVE_EMPIRICAL,CROSS_SECTIONAL,BETWEEN_METHOD,RANDOMIZED,,,2015300,0,2,8,4,5,0
P9f6695931355:S1,doi:10.1016/j.jval.2022.07.005,10.1016/j.jval.2022.07.005,2022,1,Quality-adjusted life expectancy population norms for the English population based on EQ-5D-5L data from the Health Survey for England 2017-2018 and ONS life tables 2017-2019,POPULATION_REFERENCE_DESCRIPTION,COMPLETED,RESULTS_REPORTED,DECISION_SUPPORT_DEVELOPMENT | POPULATION_NORMS,United Kingdom,MODEL_BASED | QUANTITATIVE_EMPIRICAL,CROSS_SECTIONAL,BETWEEN_GROUP | BETWEEN_METHOD,NOT_APPLICABLE,NOT_APPLICABLE,,,0,3,4,8,7,2
P9f9547efc0e0:study1,doi:10.1002/hsr2.70308,10.1002/hsr2.70308,2024,1,Routine EQ-5D-5L use in two Edmonton primary care programs,APPLIED_USE_RESEARCH,COMPLETED,RESULTS_REPORTED,IMPLEMENTATION_EVALUATION | OUTCOME_DESCRIPTION,Canada,QUANTITATIVE_EMPIRICAL,LONGITUDINAL_REPEATED,BETWEEN_CONTEXT,NOT_APPLICABLE,NOT_APPLICABLE,,,2,3,5,8,4,0
P9fb3501c6535:S1,doi:10.1016/j.jval.2025.07.004,10.1016/j.jval.2025.07.004,2025,1,Head-to-head evaluation of EQ-5D-Y proxy assessment perspectives in children with asthma or eczema,MEASUREMENT_PROPERTY_EVALUATION,COMPLETED,RESULTS_REPORTED,MEASUREMENT_PROPERTY_EVALUATION,Singapore,,,,,,,188-RA,2,9,10,7,6,0
Pa06ed50f6556:S1,doi:10.1016/j.jval.2025.06.008,10.1016/j.jval.2025.06.008,2025,1,Hong Kong adult preferences for EQ-5D-Y-3L health states by valuation perspective,HEALTH_PREFERENCE_RESEARCH,COMPLETED,RESULTS_REPORTED,HEALTH_STATE_VALUATION | PREFERENCE_COMPARISON | VALUATION_METHOD_EVALUATION,,,,,,,,20180750,2,4,8,7,5,0
Pa07704f2a3a8:S1,doi:10.1007/s11136-024-03770-5,10.1007/s11136-024-03770-5,2024,1,Demographic change and EQ-5D-3L value set validity and obsolescence,METHODS_RESEARCH,COMPLETED,RESULTS_REPORTED,METHOD_OR_PROTOCOL_QUALITY,,MODEL_BASED,VARIABLE_SOURCE_TIME,BETWEEN_CONTEXT,NOT_APPLICABLE,NOT_APPLICABLE,,1612-RA,3,1,3,4,3,0
Pa0abb276a225:S1,doi:10.12688/wellcomeopenres.21408.1,10.12688/wellcomeopenres.21408.1,2024,1,OPUF feasibility and exploratory EQ-HWB-S value-set study,METHODS_RESEARCH,COMPLETED,RESULTS_REPORTED,HEALTH_STATE_VALUATION | VALUATION_METHOD_EVALUATION | VALUE_SET_DEVELOPMENT,Germany | United Kingdom,,,,,,SEQUENTIAL,1508-RA,3,5,11,14,6,4
Pa0b141f8ffac:S1,doi:10.1016/j.socscimed.2019.05.032,10.1016/j.socscimed.2019.05.032,2019,1,Online discrete choice experiment jointly valuing EQ-5D-5L and ASCOT SCT4 dimensions in an Australian general population sample,HEALTH_PREFERENCE_RESEARCH,COMPLETED,RESULTS_REPORTED,HEALTH_STATE_VALUATION | PREFERENCE_COMPARISON | VALUATION_METHOD_EVALUATION,Australia,QUANTITATIVE_EMPIRICAL,CROSS_SECTIONAL,BETWEEN_GROUP | BETWEEN_INSTRUMENT,RANDOMIZED,NOT_APPLICABLE,,2015460,0,4,15,8,7,0
Pa0b476cbe2c2:S1,doi:10.1186/s12877-020-1497-0,10.1186/s12877-020-1497-0,2020,1,Quasi-experimental comparison of functional and integrated home care for older people,APPLIED_USE_RESEARCH,DATA_COLLECTION_ACTIVE,NO_RESULTS_YET,IMPLEMENTATION_EVALUATION | OUTCOME_DESCRIPTION,Spain,QUANTITATIVE_EMPIRICAL,LONGITUDINAL_REPEATED,BETWEEN_GROUP,NONRANDOMIZED,NOT_APPLICABLE,,,0,16,13,0,3,0
Pa0c1b9d06174:S1,doi:10.1007/s40273-015-0292-9,10.1007/s40273-015-0292-9,2015,1,Development of the Checklist for REporting VAluaTion StudiEs (CREATE) for multi-attribute utility-based instruments,METHODS_RESEARCH,COMPLETED,RESULTS_REPORTED,DECISION_SUPPORT_DEVELOPMENT | METHOD_OR_PROTOCOL_QUALITY,Australia | Canada | Netherlands | United Kingdom | United States,PARTICIPATORY_DESIGN,CROSS_SECTIONAL,NONCOMPARATIVE,NOT_APPLICABLE,,,,0,6,4,3,3,1
Pa0d882d348de:S1,doi:10.1016/j.jval.2022.10.008,10.1016/j.jval.2022.10.008,2022,1,"Optimal scaling approach for estimating interaction effects in EQ-5D health state valuation models, applied to three existing valuation data sets",METHODS_RESEARCH,COMPLETED,RESULTS_REPORTED,METHOD_OR_PROTOCOL_QUALITY | VALUATION_METHOD_EVALUATION,Australia | Netherlands,MODEL_BASED | QUANTITATIVE_EMPIRICAL,CROSS_SECTIONAL,BETWEEN_CONTEXT | BETWEEN_METHOD,NOT_APPLICABLE,NOT_APPLICABLE,,415-RA,3,4,8,13,6,1
Pa16afb486584:S1,doi:10.1007/s11136-021-02802-8,10.1007/s11136-021-02802-8,2021,1,Development and exploratory evaluation of the German EQ-5D-AA for people with multiple sclerosis,INSTRUMENT_VERSION_DEVELOPMENT,COMPLETED,RESULTS_REPORTED,CONTENT_VALIDITY_EVALUATION | IMPLEMENTATION_EVALUATION | INSTRUMENT_DEVELOPMENT | MEASUREMENT_PROPERTY_EVALUATION,Germany,,,,,NOT_APPLICABLE,SEQUENTIAL,2016660,2,7,9,9,6,1
Pa16e93037409:s1,doi:10.1007/s40271-024-00708-4,10.1007/s40271-024-00708-4,2024,1,Evidence synthesis of kaizen-task performance across three online discrete choice experiments,METHODS_RESEARCH,COMPLETED,RESULTS_REPORTED,METHOD_OR_PROTOCOL_QUALITY | VALUATION_METHOD_EVALUATION,United Kingdom | United States,QUANTITATIVE_EMPIRICAL,CROSS_SECTIONAL,BETWEEN_METHOD,NOT_APPLICABLE,,,304-PHD,3,3,11,10,5,1
Pa1a951f05c97:S1,doi:10.1007/s10198-013-0507-y,10.1007/s10198-013-0507-y,2013,1,"Online randomized comparison of classic TTO, lead-time TTO and lag-time TTO for EQ-5D-5L health states in a Dutch general population sample",METHODS_RESEARCH,COMPLETED,RESULTS_REPORTED,HEALTH_STATE_VALUATION | METHOD_OR_PROTOCOL_QUALITY | VALUATION_METHOD_EVALUATION,Netherlands,QUANTITATIVE_EMPIRICAL,CROSS_SECTIONAL,BETWEEN_METHOD,RANDOMIZED,,,,0,5,10,8,5,0
Pa1c691914ab7:S1,doi:10.3390/curroncol32060308,10.3390/curroncol32060308,2025,1,Feasibility of routine real-world EQ-5D-3L collection in an Ontario oncology centre,APPLIED_USE_RESEARCH,COMPLETED,RESULTS_REPORTED,IMPLEMENTATION_EVALUATION,Canada,,,,,,EMBEDDED,1456-PD,2,5,4,6,5,0
Pa21ee67d8393:S1,doi:10.1007/s11136-015-1205-2,10.1007/s11136-015-1205-2,2016,1,Korean EQ-5D-5L general-population valuation study using EQ-VT (cTTO and DCE),VALUE_SET_DEVELOPMENT,COMPLETED,RESULTS_REPORTED,HEALTH_STATE_VALUATION | METHOD_OR_PROTOCOL_QUALITY | VALUE_SET_DEVELOPMENT,South Korea,QUANTITATIVE_EMPIRICAL,CROSS_SECTIONAL,WITHIN_PERSON,RANDOMIZED,,,2013020,0,3,6,7,3,1
Pa225ad29d33a:ST1,doi:10.1016/j.jval.2022.06.012,10.1016/j.jval.2022.06.012,2022,1,Mixed-methods analysis of the EQ-5D pain/discomfort and anxiety/depression composite domains and the meaning of discomfort in a Hungarian general population sample,MEASUREMENT_PROPERTY_EVALUATION,COMPLETED,RESULTS_REPORTED,CONTENT_VALIDITY_EVALUATION | MEASUREMENT_PROPERTY_EVALUATION,Hungary,QUALITATIVE_INQUIRY | QUANTITATIVE_EMPIRICAL,CROSS_SECTIONAL,BETWEEN_GROUP | WITHIN_PERSON,NOT_APPLICABLE,NOT_APPLICABLE,CONVERGENT_PARALLEL,240-RA,0,6,8,10,6,0
Pa2445db254de:S1,doi:10.1111/jep.13804,10.1111/jep.13804,2023,1,Pragmatic randomized evaluation of an individualized PROMs-based decision aid for total knee arthroplasty,APPLIED_USE_RESEARCH,COMPLETED,RESULTS_REPORTED,IMPLEMENTATION_EVALUATION | OUTCOME_DESCRIPTION,Canada,QUANTITATIVE_EMPIRICAL,LONGITUDINAL_REPEATED,BETWEEN_GROUP,RANDOMIZED,NOT_APPLICABLE,,2016030,0,4,5,7,5,0
Pa284d25178ed:S1,doi:10.1016/j.jval.2018.08.012,10.1016/j.jval.2018.08.012,2018,1,Distribution and clustering of EQ-5D-5L profiles and values in three English community patient groups,METHODS_RESEARCH,COMPLETED,RESULTS_REPORTED,METHOD_OR_PROTOCOL_QUALITY | OUTCOME_DESCRIPTION | PREFERENCE_COMPARISON,United Kingdom,QUANTITATIVE_EMPIRICAL,CROSS_SECTIONAL,BETWEEN_GROUP,NOT_APPLICABLE,,,2016320,0,4,6,7,2,2
Pa2b8960609e8:S1,doi:10.1371/journal.pone.0197098,10.1371/journal.pone.0197098,2018,1,Indonesian general population norms and test-retest reliability of the EQ-5D-5L and WHOQOL-BREF,POPULATION_REFERENCE_DESCRIPTION,COMPLETED,RESULTS_REPORTED,MEASUREMENT_PROPERTY_EVALUATION | POPULATION_NORMS,Indonesia,QUANTITATIVE_EMPIRICAL,LONGITUDINAL_REPEATED,BETWEEN_GROUP,NOT_APPLICABLE,,,2013240,0,4,6,7,2,1
Pa327f5f43609:S1,doi:10.1016/j.vhri.2022.03.004,10.1016/j.vhri.2022.03.004,2022,1,"Development of the first Brazilian guidelines for utility measurement to support economic analysis, using a rapid literature review, an international virtual workshop, and a modified Delphi panel",METHODS_RESEARCH,COMPLETED,RESULTS_REPORTED,CONCEPTUAL_FRAMEWORK_DEVELOPMENT | EVIDENCE_SYNTHESIS | METHOD_OR_PROTOCOL_QUALITY,Brazil,EVIDENCE_SYNTHESIS | PARTICIPATORY_DESIGN,NOT_APPLICABLE,NONCOMPARATIVE,NOT_APPLICABLE,NARRATIVE_SYNTHESIS,,,0,4,5,10,3,2
Pa38ed15a867e:st1,doi:10.3390/ijerph20021479,10.3390/ijerph20021479,2023,1,Uncontrolled before-and-after study of ozone treatment in symptomatic cancer survivors,HEALTH_OUTCOME_RESEARCH,COMPLETED,RESULTS_REPORTED,OUTCOME_DESCRIPTION,Spain,QUANTITATIVE_EMPIRICAL,LONGITUDINAL_REPEATED,WITHIN_PERSON,NONRANDOMIZED,NOT_APPLICABLE,,,0,3,3,6,3,0
Pa40882b646f3:study_main,doi:10.1007/s10198-023-01642-2,10.1007/s10198-023-01642-2,2024,1,Alternative lead-times for worse-than-dead EQ-5D-5L valuation in Taiwan,METHODS_RESEARCH,COMPLETED,RESULTS_REPORTED,METHOD_OR_PROTOCOL_QUALITY | VALUATION_METHOD_EVALUATION,Taiwan,MODEL_BASED | QUANTITATIVE_EMPIRICAL,CROSS_SECTIONAL,BETWEEN_METHOD,NOT_APPLICABLE,NOT_APPLICABLE,,2016440,0,2,6,8,6,2
Pa49227f34393:S1,doi:10.1186/s12955-023-02144-8,10.1186/s12955-023-02144-8,2023,1,"Romanian EQ-5D-3L, EQ-5D-5L, and EQ VAS population norms study",POPULATION_REFERENCE_DESCRIPTION,COMPLETED,RESULTS_REPORTED,OUTCOME_DESCRIPTION | POPULATION_NORMS,Romania,QUANTITATIVE_EMPIRICAL,CROSS_SECTIONAL,WITHIN_PERSON,NOT_APPLICABLE,NOT_APPLICABLE,,20180030R1,0,5,7,7,4,3
Pa4a6ef19504f:S1,doi:10.1016/j.vhri.2025.101524,10.1016/j.vhri.2025.101524,2025,1,Dara Project six-month EQ-HWB-9 responsiveness study,MEASUREMENT_PROPERTY_EVALUATION,COMPLETED,RESULTS_REPORTED,MEASUREMENT_PROPERTY_EVALUATION | OUTCOME_DESCRIPTION,Brazil,QUANTITATIVE_EMPIRICAL,LONGITUDINAL_REPEATED,WITHIN_PERSON,NOT_APPLICABLE,NOT_APPLICABLE,,1445-RA,0,6,8,9,8,0
Pa563eae7095f:S1,doi:10.1186/s41687-022-00480-9,10.1186/s41687-022-00480-9,2022,1,"Head-to-head comparison of feasibility, concurrent validity and known-group validity of the EQ-5D-Y-5L, EQ-5D-Y-3L, PedsQL and a Self-Rated Health question in 550 children and adolescents aged 8-15 years in Cape Town, South Africa",MEASUREMENT_PROPERTY_EVALUATION,COMPLETED,RESULTS_REPORTED,MEASUREMENT_PROPERTY_EVALUATION,South Africa,QUANTITATIVE_EMPIRICAL,CROSS_SECTIONAL,BETWEEN_GROUP | BETWEEN_INSTRUMENT,NOT_APPLICABLE,NOT_APPLICABLE,,20180730,0,4,9,7,8,0
Pa5abc08f5ad7:study1,doi:10.1007/s10198-025-01804-4,10.1007/s10198-025-01804-4,2025,1,Psychometric comparison of experimental EQ-TIPS-3L version 2.0 and PedsQL 4.0 in Australian children aged 2–3 years,MEASUREMENT_PROPERTY_EVALUATION,COMPLETED,RESULTS_REPORTED,MEASUREMENT_PROPERTY_EVALUATION,Australia,QUANTITATIVE_EMPIRICAL,LONGITUDINAL_REPEATED,BETWEEN_INSTRUMENT | WITHIN_PERSON,RANDOMIZED,NOT_APPLICABLE,,361-RA,2,5,13,8,4,0
Pa6668ef1eb83:S1,doi:10.3390/children9010093,10.3390/children9010093,2022,1,Comparison of the performance of the EQ-5D-Y-3L interviewer-administered and self-complete versions in South African children aged 8-10 years,MEASUREMENT_PROPERTY_EVALUATION,COMPLETED,RESULTS_REPORTED,IMPLEMENTATION_EVALUATION | MEASUREMENT_PROPERTY_EVALUATION,South Africa,QUANTITATIVE_EMPIRICAL,CROSS_SECTIONAL,BETWEEN_CONTEXT | BETWEEN_GROUP | WITHIN_PERSON,RANDOMIZED,NOT_APPLICABLE,,142-RA,0,6,15,9,6,0
Pa66cf984df8e:study_cep_experience,doi:10.1186/s41687-021-00356-4,10.1186/s41687-021-00356-4,2021,1,Calgary Comprehensive Epilepsy Program patient-reported measure implementation experience,APPLIED_USE_RESEARCH,COMPLETED,RESULTS_REPORTED,IMPLEMENTATION_EVALUATION | OUTCOME_DESCRIPTION,Canada,,,,,,,,1,8,1,8,3,1
Pa68eedf92a10:S1,doi:10.1016/j.vhri.2020.11.009,10.1016/j.vhri.2020.11.009,2021,1,Systematic review of childhood preference-based HRQoL measures and their use in sub-Saharan Africa,EVIDENCE_SYNTHESIS,COMPLETED,RESULTS_REPORTED,EVIDENCE_SYNTHESIS | MEASUREMENT_PROPERTY_EVALUATION | TRANSLATION_AND_CULTURAL_ADAPTATION,,EVIDENCE_SYNTHESIS,VARIABLE_SOURCE_TIME,,NOT_APPLICABLE,NARRATIVE_SYNTHESIS | SYSTEMATIC_REVIEW,,20200030,2,12,6,10,4,0
Pa6abe6fbf03f:study_1,doi:10.1016/j.vaccine.2024.126420,10.1016/j.vaccine.2024.126420,2024,1,Pediatric COVID-19 vaccine hesitancy among pregnant and postpartum women in the United States,HEALTH_OUTCOME_RESEARCH,COMPLETED,RESULTS_REPORTED,OUTCOME_DESCRIPTION,United States,,CROSS_SECTIONAL,BETWEEN_GROUP,NOT_APPLICABLE,,EMBEDDED,260-RA,2,3,7,6,4,0
Pa6c33007eeb2:study_main,doi:10.1007/s40273-025-01476-1,10.1007/s40273-025-01476-1,2025,1,Taxonomy for assessing HRQoL value-set obsolescence,CONCEPTUAL_FRAMEWORK_DEVELOPMENT,COMPLETED,RESULTS_REPORTED,CONCEPTUAL_FRAMEWORK_DEVELOPMENT,,,,,,,,1578-RA,2,0,2,6,4,1
Pa6cdf9a9c957:S1,doi:10.1007/s11136-022-03304-x,10.1007/s11136-022-03304-x,2023,1,UK public views on hypothetical versus experienced health-state valuation,METHODS_RESEARCH,COMPLETED,RESULTS_REPORTED,OUTCOME_DESCRIPTION | VALUATION_METHOD_EVALUATION,United Kingdom,QUALITATIVE_INQUIRY,CROSS_SECTIONAL,BETWEEN_METHOD,NOT_APPLICABLE,,SEQUENTIAL,2016560 | 20190550,2,2,5,9,5,0
Pa71bef6c41f0:S1,doi:10.1371/journal.pone.0190111,10.1371/journal.pone.0190111,2018,1,Exploratory eye-tracking study of respondent attendance to information cues in EQ-5D-5L discrete choice response tasks,METHODS_RESEARCH,COMPLETED,RESULTS_REPORTED,METHOD_OR_PROTOCOL_QUALITY | VALUATION_METHOD_EVALUATION,Netherlands,QUANTITATIVE_EMPIRICAL,CROSS_SECTIONAL,WITHIN_PERSON,NOT_APPLICABLE,,,2014150,0,2,4,4,5,0
Pa7544c1e2144:S1,doi:10.1186/s41687-023-00560-4,10.1186/s41687-023-00560-4,2023,1,Psychometric evaluation of the Chichewa EQ-5D-Y-3L and EQ-5D-Y-5L in Malawi,MEASUREMENT_PROPERTY_EVALUATION,COMPLETED,RESULTS_REPORTED,MEASUREMENT_PROPERTY_EVALUATION,Malawi,QUANTITATIVE_EMPIRICAL,CROSS_SECTIONAL,BETWEEN_GROUP | BETWEEN_INSTRUMENT | WITHIN_PERSON,NOT_APPLICABLE,NOT_APPLICABLE,,20190200,0,5,15,10,5,0
Pa76ea6cc7305:study1,doi:10.1136/bmjopen-2024-091097,10.1136/bmjopen-2024-091097,2025,1,Dual-DCE health valuation protocol and two-wave demonstration,METHODS_RESEARCH,PLANNED,NO_RESULTS_YET,HEALTH_STATE_VALUATION | METHOD_OR_PROTOCOL_QUALITY | VALUATION_METHOD_EVALUATION | VALUE_SET_DEVELOPMENT,United States,QUANTITATIVE_EMPIRICAL,CROSS_SECTIONAL,WITHIN_PERSON,NOT_REPORTED,NOT_APPLICABLE,,1769-RA,3,5,8,4,2,3
Pa77a3190cc22:S1,doi:10.1007/s11136-025-04053-3,10.1007/s11136-025-04053-3,2025,1,Psychometric performance of EQ-5D-5L composites and components overall and by age,MEASUREMENT_PROPERTY_EVALUATION,COMPLETED,RESULTS_REPORTED,MEASUREMENT_PROPERTY_EVALUATION,United States,QUANTITATIVE_EMPIRICAL,CROSS_SECTIONAL,BETWEEN_GROUP | BETWEEN_INSTRUMENT | WITHIN_PERSON,NOT_APPLICABLE,NOT_APPLICABLE,,1970-RA | 464-RA,0,7,10,8,5,0
Pa78bd76b508c:S1,doi:10.1007/s10614-024-10637-x,10.1007/s10614-024-10637-x,2024,1,Simulation evaluation of mixed logit estimates under informative and uninformative heterogeneity,METHODS_RESEARCH,COMPLETED,RESULTS_REPORTED,METHOD_OR_PROTOCOL_QUALITY,,MODEL_BASED,NOT_APPLICABLE,BETWEEN_METHOD,NOT_APPLICABLE,NOT_APPLICABLE,,304-PHD,0,0,6,6,3,0
Pa8219643daef:s1,doi:10.1186/s12955-024-02290-7,10.1186/s12955-024-02290-7,2024,1,Singapore English EQ-5D-Y cross-cultural adaptation and content validation,INSTRUMENT_VERSION_DEVELOPMENT,COMPLETED,RESULTS_REPORTED,CONTENT_VALIDITY_EVALUATION | TRANSLATION_AND_CULTURAL_ADAPTATION,Singapore,,,,,,,364-RA,2,5,10,7,3,2
Pa98a67eb9024:S1,doi:10.1007/s40273-022-01214-x,10.1007/s40273-022-01214-x,2022,1,Comparison of three approaches for anchoring EQ-5D-Y-3L DCE values using composite TTO data,METHODS_RESEARCH,COMPLETED,RESULTS_REPORTED,VALUATION_METHOD_EVALUATION | VALUE_SET_DEVELOPMENT,Germany | Netherlands | Spain | United Kingdom,MODEL_BASED | QUANTITATIVE_EMPIRICAL,CROSS_SECTIONAL,BETWEEN_METHOD,NOT_APPLICABLE,NOT_APPLICABLE,,104-RA,0,2,6,5,5,4
Pa9991d03e2fc:S1,doi:10.1007/s11136-016-1375-6,10.1007/s11136-016-1375-6,2016,1,"Systematic review of EQ-5D studies from eight Central and Eastern European countries, 2000-2015",EVIDENCE_SYNTHESIS,COMPLETED,RESULTS_REPORTED,EVIDENCE_SYNTHESIS | METHOD_OR_PROTOCOL_QUALITY | OUTCOME_DESCRIPTION,Hungary | Poland | Romania | Slovenia,EVIDENCE_SYNTHESIS,VARIABLE_SOURCE_TIME,BETWEEN_CONTEXT,NOT_APPLICABLE,SYSTEMATIC_REVIEW,,,0,6,5,10,3,0
Pa9aa79ffed5e:S1,doi:10.1186/s12955-021-01771-3,10.1186/s12955-021-01771-3,2021,1,Coverage of fatigue by EQ-5D-3L and EQ-5D-5L in the Dutch general population,MEASUREMENT_PROPERTY_EVALUATION,COMPLETED,RESULTS_REPORTED,CONTENT_VALIDITY_EVALUATION | MEASUREMENT_PROPERTY_EVALUATION | PREFERENCE_COMPARISON,Netherlands,QUANTITATIVE_EMPIRICAL,CROSS_SECTIONAL,BETWEEN_INSTRUMENT,RANDOMIZED,NOT_APPLICABLE,,20180330,0,3,4,6,4,0
Paac2ab60511b:S1,doi:10.1007/s11136-017-1512-x,10.1007/s11136-017-1512-x,2017,1,Association between World Values Survey cultural dimensions and self-reported health within and between 51 countries,HEALTH_OUTCOME_RESEARCH,COMPLETED,RESULTS_REPORTED,OUTCOME_DESCRIPTION,,QUANTITATIVE_EMPIRICAL,CROSS_SECTIONAL,BETWEEN_CONTEXT,NOT_APPLICABLE,,,2015150,0,2,3,4,5,0
Pab58c3f1e69c:STUDY1,doi:10.1016/j.jval.2023.08.002,10.1016/j.jval.2023.08.002,2023,1,Adult-child health-state valuation and healthcare priority-setting experiment,HEALTH_PREFERENCE_RESEARCH,COMPLETED,RESULTS_REPORTED,HEALTH_STATE_VALUATION | PREFERENCE_COMPARISON | VALUATION_METHOD_EVALUATION,Netherlands,QUANTITATIVE_EMPIRICAL,CROSS_SECTIONAL,WITHIN_PERSON,RANDOMIZED,,,236-RA,3,3,7,6,9,0
Pac1310015ab8:S1,doi:10.1002/hec.3773,10.1002/hec.3773,2018,1,Eight-variant online experiment comparing non-iterative TTO with and without lead time against DCE with duration for EQ-5D-5L health state valuation,METHODS_RESEARCH,COMPLETED,RESULTS_REPORTED,HEALTH_STATE_VALUATION | METHOD_OR_PROTOCOL_QUALITY | VALUATION_METHOD_EVALUATION,United Kingdom,QUANTITATIVE_EMPIRICAL,CROSS_SECTIONAL,BETWEEN_METHOD,RANDOMIZED,,EMBEDDED,2015180,0,3,9,8,4,0
Pac2db0521f82:S1,doi:10.1111/j.1464-5491.2010.03136.x,10.1111/j.1464-5491.2010.03136.x,2010,1,Systematic review and pooled analysis of EQ-5D use in adults with Type 2 diabetes mellitus,EVIDENCE_SYNTHESIS,COMPLETED,RESULTS_REPORTED,EVIDENCE_SYNTHESIS | MEASUREMENT_PROPERTY_EVALUATION | OUTCOME_DESCRIPTION,Australia | Canada | France | Germany | Italy | Japan | Netherlands | Singapore | Spain | Sweden | Thailand | United Kingdom | United States,EVIDENCE_SYNTHESIS,VARIABLE_SOURCE_TIME,BETWEEN_GROUP,NOT_APPLICABLE,META_ANALYSIS | SYSTEMATIC_REVIEW,,,0,8,4,8,4,1
Pac4f1e0ea5c5:S1,doi:10.1007/s40273-023-01321-3,10.1007/s40273-023-01321-3,2023,1,SHEER task force consensus development of guidance on family and caregiver health spillovers in economic evaluation,METHODS_RESEARCH,COMPLETED,RESULTS_REPORTED,CONCEPTUAL_FRAMEWORK_DEVELOPMENT | METHOD_OR_PROTOCOL_QUALITY,Australia | Canada | Netherlands | South Africa | Spain | Thailand | United Kingdom | United States,CONCEPTUAL,LONGITUDINAL_REPEATED,NONCOMPARATIVE,NOT_APPLICABLE,,,,0,3,4,10,5,2
Pac702370428d:S1,doi:10.1016/j.jval.2025.05.014,10.1016/j.jval.2025.05.014,2025,1,"Stability of Danish population health preferences, 2019 versus 2024",HEALTH_PREFERENCE_RESEARCH,COMPLETED,RESULTS_REPORTED,HEALTH_STATE_VALUATION | METHOD_OR_PROTOCOL_QUALITY | PREFERENCE_COMPARISON,Denmark,QUANTITATIVE_EMPIRICAL,VARIABLE_SOURCE_TIME,BETWEEN_CONTEXT,NOT_APPLICABLE,,,1606-RA,3,5,12,5,4,0
Pacd42c9792da:S1,doi:10.1016/j.jval.2021.12.010,10.1016/j.jval.2021.12.010,2022,1,Argentina face validity and psychometric stages of the EQ-HWB (Extending the QALY collaboration),INSTRUMENT_VERSION_DEVELOPMENT,COMPLETED,RESULTS_REPORTED,CONTENT_VALIDITY_EVALUATION | INSTRUMENT_DEVELOPMENT | MEASUREMENT_PROPERTY_EVALUATION | TRANSLATION_AND_CULTURAL_ADAPTATION,,,,,,,SEQUENTIAL,20180580,3,13,18,12,6,1
Pad43dd2e8d9c:S1,doi:10.1007/s40273-022-01192-0,10.1007/s40273-022-01192-0,2022,1,Dutch EQ-5D-Y-3L valuation study (cTTO and DCE) producing a value set for the Netherlands,VALUE_SET_DEVELOPMENT,COMPLETED,RESULTS_REPORTED,HEALTH_STATE_VALUATION | PREFERENCE_COMPARISON | VALUE_SET_DEVELOPMENT,Netherlands,QUANTITATIVE_EMPIRICAL,CROSS_SECTIONAL,BETWEEN_METHOD,NOT_REPORTED,NOT_APPLICABLE,,100-RA,3,3,14,12,5,1
Pad6089d27a1a:STU1,doi:10.1136/bmjopen-2019-029067,10.1136/bmjopen-2019-029067,2019,1,"QoLRO: Romanian EQ-5D-3L and EQ-5D-5L value sets, population norms, and comparison of health-related quality of life between the general population and Roma communities (protocol for two cross-sectional studies)",VALUE_SET_DEVELOPMENT,DATA_COLLECTION_ACTIVE,NO_RESULTS_YET,HEALTH_STATE_VALUATION | OUTCOME_DESCRIPTION | POPULATION_NORMS | VALUE_SET_DEVELOPMENT,Romania,QUANTITATIVE_EMPIRICAL,CROSS_SECTIONAL,,NOT_APPLICABLE,NOT_APPLICABLE,,20180030R1,2,7,16,0,5,4
Padc58c5bed74:S1,doi:10.1016/j.jval.2022.09.2478,10.1016/j.jval.2022.09.2478,2022,1,"EQ-5D-3L population norms for the European older population (50+) in 15 countries, SHARE wave 4",POPULATION_REFERENCE_DESCRIPTION,COMPLETED,RESULTS_REPORTED,OUTCOME_DESCRIPTION | POPULATION_NORMS,Belgium | Denmark | France | Germany | Hungary | Italy | Netherlands | Poland | Slovenia | Spain | Sweden,QUANTITATIVE_EMPIRICAL,CROSS_SECTIONAL,BETWEEN_CONTEXT | BETWEEN_GROUP,NOT_APPLICABLE,NOT_APPLICABLE,,155-RA,0,4,5,13,8,1
Pae0848a77329:s1,doi:10.1007/s11136-026-04246-4,10.1007/s11136-026-04246-4,2026,1,Comparative psychometric performance of generic HRQoL instruments in autistic children and young people,MEASUREMENT_PROPERTY_EVALUATION,COMPLETED,RESULTS_REPORTED,MEASUREMENT_PROPERTY_EVALUATION,Australia,QUANTITATIVE_EMPIRICAL,LONGITUDINAL_REPEATED,BETWEEN_INSTRUMENT,NOT_APPLICABLE,NOT_APPLICABLE,,361-RA,0,7,10,10,4,0
Pae5185ee3e27:study_eqd_qc,doi:10.1007/s11136-025-04074-y,10.1007/s11136-025-04074-y,2025,1,EQ-DAPHNIE pilot and 15-country data-quality evaluation,METHODS_RESEARCH,COMPLETED,RESULTS_REPORTED,IMPLEMENTATION_EVALUATION | METHOD_OR_PROTOCOL_QUALITY,Australia | Brazil | Canada | China | France | Germany | Japan | Netherlands | Spain | United Kingdom | United States,,,,,,,367-RA,2,6,10,9,3,1
Pae84a6222e55:S1,doi:10.1371/journal.pone.0209344,10.1371/journal.pone.0209344,2018,1,Taiwan EQ-5D-5L valuation study using EQ-VT 2.0 (C-TTO and DCE),VALUE_SET_DEVELOPMENT,COMPLETED,RESULTS_REPORTED,HEALTH_STATE_VALUATION | VALUATION_METHOD_EVALUATION | VALUE_SET_DEVELOPMENT,Taiwan,QUANTITATIVE_EMPIRICAL,CROSS_SECTIONAL,BETWEEN_METHOD,RANDOMIZED,,,2016440,0,3,5,8,3,1
Paf1d7b885bc7:study_main,doi:10.1016/j.jval.2021.05.019,10.1016/j.jval.2021.05.019,2021,1,"English primary care quality, patient satisfaction, and practice-level EQ-5D-5L health",HEALTH_OUTCOME_RESEARCH,COMPLETED,RESULTS_REPORTED,OUTCOME_DESCRIPTION,United Kingdom,QUANTITATIVE_EMPIRICAL,LONGITUDINAL_REPEATED,NONCOMPARATIVE,NOT_APPLICABLE,NOT_APPLICABLE,,2016330,0,4,5,7,2,0
Paf4d2af3372f:S1,doi:10.1007/s11136-016-1242-5,10.1007/s11136-016-1242-5,2016,1,"Head-to-head comparison of composite TTO and traditional TTO for severe EQ-5D-5L states, piggybacked on the Canadian EQ-5D-5L Valuation Study",METHODS_RESEARCH,COMPLETED,RESULTS_REPORTED,PREFERENCE_COMPARISON | VALUATION_METHOD_EVALUATION,Canada,QUANTITATIVE_EMPIRICAL,CROSS_SECTIONAL,BETWEEN_METHOD | WITHIN_PERSON,NONRANDOMIZED,,,,0,3,8,5,3,0
Pb05a6586cb67:S1,doi:10.1007/s40271-022-00573-z,10.1007/s40271-022-00573-z,2022,1,Comparison of face-to-face and videoconference-based composite time trade-off interviews using cTTO data from the Belgian and Spanish EQ-5D-Y-3L valuation studies,METHODS_RESEARCH,COMPLETED,RESULTS_REPORTED,HEALTH_STATE_VALUATION | METHOD_OR_PROTOCOL_QUALITY | VALUATION_METHOD_EVALUATION,Belgium | Spain,QUANTITATIVE_EMPIRICAL,CROSS_SECTIONAL,BETWEEN_CONTEXT | BETWEEN_GROUP,NONRANDOMIZED,NOT_APPLICABLE,,124-VS | 20180510,2,3,13,8,7,0
Pb07d24f8e50e:S1,doi:10.1007/s11136-019-02249-y,10.1007/s11136-019-02249-y,2019,1,Comparison of EQ VAS self-rated health in the US general population in 2002 and 2017 using pooled data from two EQ-5D valuation studies,HEALTH_OUTCOME_RESEARCH,COMPLETED,RESULTS_REPORTED,OUTCOME_DESCRIPTION,United States,QUANTITATIVE_EMPIRICAL,CROSS_SECTIONAL,BETWEEN_CONTEXT | BETWEEN_GROUP,NOT_APPLICABLE,NOT_APPLICABLE,,2016470,0,3,5,7,6,0
Pb0a136d1be8e:S1,doi:10.1007/s40258-022-00772-7,10.1007/s40258-022-00772-7,2022,1,Italian EQ-5D-5L population norms study,POPULATION_REFERENCE_DESCRIPTION,COMPLETED,RESULTS_REPORTED,OUTCOME_DESCRIPTION | POPULATION_NORMS,Italy,QUANTITATIVE_EMPIRICAL,CROSS_SECTIONAL,BETWEEN_CONTEXT | BETWEEN_GROUP,NOT_APPLICABLE,NOT_APPLICABLE,,20190460,0,3,8,7,6,1
Pb0b651663a99:study_main,doi:10.1007/s11136-025-04087-7,10.1007/s11136-025-04087-7,2025,1,Education-related heterogeneity in EQ VAS within identical EQ-5D-5L profiles,HEALTH_OUTCOME_RESEARCH,COMPLETED,RESULTS_REPORTED,METHOD_OR_PROTOCOL_QUALITY | OUTCOME_DESCRIPTION,Australia | Canada | Germany | Norway | United Kingdom | United States,,,,,,,1830-RA,3,4,2,8,5,0
Pb0f677bd551b:S1,doi:10.1016/j.jval.2025.05.013,10.1016/j.jval.2025.05.013,2025,1,Validity and reliability of EQ-HWB measures in parents of children with health conditions,MEASUREMENT_PROPERTY_EVALUATION,COMPLETED,RESULTS_REPORTED,MEASUREMENT_PROPERTY_EVALUATION | OUTCOME_DESCRIPTION,Australia,QUANTITATIVE_EMPIRICAL,LONGITUDINAL_REPEATED,BETWEEN_INSTRUMENT | WITHIN_PERSON,NOT_APPLICABLE,NOT_APPLICABLE,,1559-RA,0,5,10,9,6,0
Pb13d63d69461:S1,doi:10.1007/s11136-019-02226-5,10.1007/s11136-019-02226-5,2019,1,Portuguese EQ-5D-5L valuation study and value set estimated with a censored heteroskedastic hybrid cTTO/DCE model,VALUE_SET_DEVELOPMENT,COMPLETED,RESULTS_REPORTED,HEALTH_STATE_VALUATION | PREFERENCE_COMPARISON | VALUE_SET_DEVELOPMENT,,MODEL_BASED | QUANTITATIVE_EMPIRICAL,CROSS_SECTIONAL,BETWEEN_CONTEXT | BETWEEN_METHOD,RANDOMIZED,NOT_APPLICABLE,,2015110,0,4,14,10,6,2
Pb1d97dabf60a:study1,doi:10.1007/s10198-020-01205-9,10.1007/s10198-020-01205-9,2020,1,Comparison of four methods for anchoring latent EQ-5D-Y values at dead,METHODS_RESEARCH,COMPLETED,RESULTS_REPORTED,HEALTH_STATE_VALUATION | METHOD_OR_PROTOCOL_QUALITY | PREFERENCE_COMPARISON | VALUATION_METHOD_EVALUATION,United Kingdom,,,,,,SEQUENTIAL,2016570 | 2016571,3,8,11,14,8,0
Pb2c569933c50:S1,doi:10.1017/s0266462322003154,10.1017/s0266462322003154,2022,1,"Conceptual examination of issues in the valuation of health states in children, using desk research and a two-part expert workshop",CONCEPTUAL_FRAMEWORK_DEVELOPMENT,COMPLETED,RESULTS_REPORTED,CONCEPTUAL_FRAMEWORK_DEVELOPMENT | VALUATION_METHOD_EVALUATION,,CONCEPTUAL | PARTICIPATORY_DESIGN,NOT_APPLICABLE,NONCOMPARATIVE,NOT_APPLICABLE,NARRATIVE_SYNTHESIS,,117-RA,0,0,3,4,0,0
Pb2f97373b576:study_main,doi:10.1007/s11136-026-04324-7,10.1007/s11136-026-04324-7,2026,1,Qualitative assessment of generic quality-of-life measures in rare genetic conditions and carers,MEASUREMENT_PROPERTY_EVALUATION,COMPLETED,RESULTS_REPORTED,CONTENT_VALIDITY_EVALUATION | MEASUREMENT_PROPERTY_EVALUATION,Australia | United Kingdom,QUALITATIVE_INQUIRY,CROSS_SECTIONAL,BETWEEN_INSTRUMENT,NOT_APPLICABLE,NOT_APPLICABLE,,454-RA,3,10,5,10,4,0
Pb30819ff2f94:S1,doi:10.1016/j.jval.2018.02.007,10.1016/j.jval.2018.02.007,2018,1,MID estimation for the EQ-5D-5L index score in Alberta adults with type 2 diabetes,MEASUREMENT_PROPERTY_EVALUATION,COMPLETED,RESULTS_REPORTED,MEASUREMENT_PROPERTY_EVALUATION | VALUATION_METHOD_EVALUATION,Canada,QUANTITATIVE_EMPIRICAL,LONGITUDINAL_REPEATED,BETWEEN_METHOD,NOT_APPLICABLE,,,2016520,0,4,7,6,3,0
Pb364affe6445:S1,doi:10.1007/s11136-010-9649-x,10.1007/s11136-010-9649-x,2010,1,"Multinational feasibility, reliability and validity study of the EQ-5D-Y in general population samples of children and adolescents in Germany, Italy, South Africa, Spain and Sweden",MEASUREMENT_PROPERTY_EVALUATION,COMPLETED,RESULTS_REPORTED,MEASUREMENT_PROPERTY_EVALUATION | OUTCOME_DESCRIPTION,Germany | Italy | South Africa | Spain | Sweden,QUANTITATIVE_EMPIRICAL,CROSS_SECTIONAL,BETWEEN_CONTEXT | BETWEEN_GROUP,NOT_APPLICABLE,,,,0,8,11,6,4,0
Pb393221cf997:S1,doi:10.1007/s11136-017-1591-8,10.1007/s11136-017-1591-8,2017,1,Patient-Centered Outcomes and Valuation (PCOV) preference inversion study: EQ-5D-5L Levels 4 vs 5 paired comparisons in U.S. English and Brazilian Portuguese,HEALTH_PREFERENCE_RESEARCH,COMPLETED,RESULTS_REPORTED,CONTENT_VALIDITY_EVALUATION | TRANSLATION_AND_CULTURAL_ADAPTATION | VALUATION_METHOD_EVALUATION,Brazil | United States,,,,,,CONVERGENT_PARALLEL,2013100,2,5,8,7,5,1
Pb3c42b895114:s1,doi:10.1016/j.jval.2024.03.2195,10.1016/j.jval.2024.03.2195,2024,1,Psychometric evaluation of nine EQ-5D-5L bolt-ons in Hungary,MEASUREMENT_PROPERTY_EVALUATION,COMPLETED,RESULTS_REPORTED,MEASUREMENT_PROPERTY_EVALUATION,Hungary,,,,,,,458-RA,1,15,13,9,7,0
Pb4512cf21b31:study_main,doi:10.3389/fpubh.2021.744405,10.3389/fpubh.2021.744405,2021,1,EQ-5D-5L versus EQ VAS for education-related health inequality analysis in three European countries,MEASUREMENT_PROPERTY_EVALUATION,COMPLETED,RESULTS_REPORTED,MEASUREMENT_PROPERTY_EVALUATION | OUTCOME_DESCRIPTION,Italy | Netherlands | United Kingdom,QUANTITATIVE_EMPIRICAL,CROSS_SECTIONAL,BETWEEN_CONTEXT | BETWEEN_INSTRUMENT,NOT_APPLICABLE,,,,0,4,6,5,4,0
Pb56893eb13d9:study_maori_norms,doi:10.1007/s11136-023-03399-w,10.1007/s11136-023-03399-w,2023,1,Māori EQ-5D-5L population norms and health preferences study,POPULATION_REFERENCE_DESCRIPTION,COMPLETED,RESULTS_REPORTED,OUTCOME_DESCRIPTION | POPULATION_NORMS | PREFERENCE_COMPARISON,,QUANTITATIVE_EMPIRICAL,CROSS_SECTIONAL,BETWEEN_GROUP,NOT_APPLICABLE,,,20180470,0,3,5,6,4,1
Pb599996d5562:S1,doi:10.1007/s10198-013-0504-1,10.1007/s10198-013-0504-1,2013,1,Experimental comparison of lead-time TTO variants and visual aids within the EQ-VT pilot valuation study (China and Singapore),METHODS_RESEARCH,COMPLETED,RESULTS_REPORTED,METHOD_OR_PROTOCOL_QUALITY | VALUATION_METHOD_EVALUATION,China | Singapore,QUANTITATIVE_EMPIRICAL,CROSS_SECTIONAL,BETWEEN_METHOD,RANDOMIZED,,,,2,3,7,5,3,0
Pb5f5bc6069f9:S1,doi:10.1186/s12963-017-0127-3,10.1186/s12963-017-0127-3,2017,1,Systematic review of methods used to assess pre-injury health-related quality of life in trauma patients,EVIDENCE_SYNTHESIS,COMPLETED,RESULTS_REPORTED,EVIDENCE_SYNTHESIS | METHOD_OR_PROTOCOL_QUALITY,Australia | Canada | Germany | Italy | Japan | Norway | Spain | Sweden | United Kingdom | United States,EVIDENCE_SYNTHESIS,VARIABLE_SOURCE_TIME,BETWEEN_METHOD,NOT_APPLICABLE,SYSTEMATIC_REVIEW,,2016160,0,5,7,8,5,0
Pb639d0f3b20e:study_overview_2025,doi:10.1007/s40258-025-00989-2,10.1007/s40258-025-00989-2,2025,1,Conceptual overview of EuroQol instruments and the 2025 research agenda,METHODS_RESEARCH,COMPLETED,RESULTS_REPORTED,METHOD_OR_PROTOCOL_QUALITY | OUTCOME_DESCRIPTION,,CONCEPTUAL,NOT_APPLICABLE,NONCOMPARATIVE,NOT_APPLICABLE,NOT_APPLICABLE,,,4,8,6,10,6,10
Pb69d92b6b03b:S1,doi:10.12928/mf.v19i2.22509,10.12928/mf.v19i2.22509,2022,1,"Cross-sectional description of quality of life of hospitalized dengue patients in Panembahan Senopati regional general hospital, Bantul, Indonesia",HEALTH_OUTCOME_RESEARCH,COMPLETED,RESULTS_REPORTED,OUTCOME_DESCRIPTION,Indonesia,QUANTITATIVE_EMPIRICAL,CROSS_SECTIONAL,NONCOMPARATIVE,NOT_APPLICABLE,NOT_APPLICABLE,,,0,3,3,5,0,0
Pb7aa45b78d44:S1,doi:10.1016/j.vhri.2025.101081,10.1016/j.vhri.2025.101081,2025,1,Comparison of the measurement properties of the preliminary EQ-HWB and EQ-5D-5L in China,MEASUREMENT_PROPERTY_EVALUATION,COMPLETED,RESULTS_REPORTED,MEASUREMENT_PROPERTY_EVALUATION,China,QUANTITATIVE_EMPIRICAL,CROSS_SECTIONAL,BETWEEN_GROUP | BETWEEN_INSTRUMENT,NOT_APPLICABLE,NOT_APPLICABLE,,,0,3,8,6,6,0
Pb7f25e3c80a9:S1,doi:10.1016/j.jval.2019.02.009,10.1016/j.jval.2019.02.009,2019,1,United States EQ-5D-5L valuation study using the international EQ-VT protocol,VALUE_SET_DEVELOPMENT,COMPLETED,RESULTS_REPORTED,HEALTH_STATE_VALUATION | VALUATION_METHOD_EVALUATION | VALUE_SET_DEVELOPMENT,United States,QUANTITATIVE_EMPIRICAL,CROSS_SECTIONAL,BETWEEN_METHOD,NOT_APPLICABLE,NOT_APPLICABLE,,2016470,0,5,12,9,3,1
Pb7fdb990411a:S1,doi:10.1136/bmjopen-2022-062833,10.1136/bmjopen-2022-062833,2022,1,CSOR stated-preference sub-study to develop a summary metric of successful treatment of children with a surgical condition,VALUE_SET_DEVELOPMENT,DATA_COLLECTION_ACTIVE,NO_RESULTS_YET,DECISION_SUPPORT_DEVELOPMENT | HEALTH_STATE_VALUATION | PREFERENCE_COMPARISON | VALUE_SET_DEVELOPMENT,United Kingdom,PARTICIPATORY_DESIGN | QUALITATIVE_INQUIRY | QUANTITATIVE_EMPIRICAL,CROSS_SECTIONAL,BETWEEN_GROUP | BETWEEN_METHOD,RANDOMIZED,NOT_APPLICABLE,SEQUENTIAL,304-PHD,0,2,11,3,4,2
Pb85c91526487:S1,doi:10.1016/j.jamda.2023.10.020,10.1016/j.jamda.2023.10.020,2023,1,Systematic review of proxy-reported EQ-5D in residential care facilities,EVIDENCE_SYNTHESIS,COMPLETED,RESULTS_REPORTED,EVIDENCE_SYNTHESIS | MEASUREMENT_PROPERTY_EVALUATION | METHOD_OR_PROTOCOL_QUALITY,Australia | Singapore,EVIDENCE_SYNTHESIS,NOT_APPLICABLE,BETWEEN_CONTEXT,NOT_APPLICABLE,META_ANALYSIS | SYSTEMATIC_REVIEW,,1517-RA,0,5,13,9,2,0
Pb86088035ac4:study_main,doi:10.4314/ahs.v23i4.63,10.4314/ahs.v23i4.63,2023,1,IsiXhosa EQ-TIPS-3L translation and psychometric evaluation in South African children aged 0-36 months,MEASUREMENT_PROPERTY_EVALUATION,COMPLETED,RESULTS_REPORTED,CONTENT_VALIDITY_EVALUATION | MEASUREMENT_PROPERTY_EVALUATION | TRANSLATION_AND_CULTURAL_ADAPTATION,South Africa,,,,,,,,3,8,8,7,5,1
Pb860d0f9ba38:study_main,doi:10.1371/journal.pone.0290606,10.1371/journal.pone.0290606,2023,1,"Prospective test-retest comparison of EQ-5D-3L, EQ-5D-5L, and WHOQOL-OLD in German aged care recipients",MEASUREMENT_PROPERTY_EVALUATION,COMPLETED,RESULTS_REPORTED,IMPLEMENTATION_EVALUATION | MEASUREMENT_PROPERTY_EVALUATION,Germany,QUANTITATIVE_EMPIRICAL,LONGITUDINAL_REPEATED,BETWEEN_INSTRUMENT | WITHIN_PERSON,NONRANDOMIZED,,,2015200,0,4,8,6,4,0
Pb8a2f60276f3:S1,doi:10.1097/mlr.0000000000000912,10.1097/mlr.0000000000000912,2018,1,US valuation of the EQ-5D-5L using online paired comparisons and comparison with EQ-5D-3L and other country value sets,VALUE_SET_DEVELOPMENT,COMPLETED,RESULTS_REPORTED,HEALTH_STATE_VALUATION | MEASUREMENT_PROPERTY_EVALUATION | PREFERENCE_COMPARISON | VALUE_SET_DEVELOPMENT,United States,,,,,,,2016020,2,3,5,7,4,1
Pb923664daeaa:S1,doi:10.1007/s41669-022-00353-3,10.1007/s41669-022-00353-3,2022,1,"Belgian EQ-5D-5L valuation study (EQ-VT 2.1, 2018-2020)",VALUE_SET_DEVELOPMENT,COMPLETED,RESULTS_REPORTED,HEALTH_STATE_VALUATION | VALUE_SET_DEVELOPMENT,Belgium,MODEL_BASED | QUANTITATIVE_EMPIRICAL,CROSS_SECTIONAL,BETWEEN_METHOD,RANDOMIZED,NOT_APPLICABLE,,20170491,0,5,13,10,5,1
Pb96d74605906:S1,doi:10.1007/s40258-017-0310-5,10.1007/s40258-017-0310-5,2017,1,"Narrative review of the development, current use and future of the EQ-5D instruments and the EuroQol Group",EVIDENCE_SYNTHESIS,COMPLETED,RESULTS_REPORTED,CONCEPTUAL_FRAMEWORK_DEVELOPMENT | EVIDENCE_SYNTHESIS,,CONCEPTUAL,NOT_APPLICABLE,NONCOMPARATIVE,NOT_APPLICABLE,NARRATIVE_SYNTHESIS,,,0,4,7,8,2,0
Pb978022ce390:S1,doi:10.1016/j.jval.2016.11.016,10.1016/j.jval.2016.11.016,2017,1,EQ-5D-5L value set estimation for China using composite TTO data from urban residents in five cities,VALUE_SET_DEVELOPMENT,COMPLETED,RESULTS_REPORTED,VALUATION_METHOD_EVALUATION | VALUE_SET_DEVELOPMENT,China,QUANTITATIVE_EMPIRICAL,CROSS_SECTIONAL,BETWEEN_METHOD,RANDOMIZED,,,2012010 | 2016010,0,3,8,5,4,2
Pb99d1b9faf7f:S1,doi:10.1186/s41687-020-00251-4,10.1186/s41687-020-00251-4,2020,1,Development and measurement-property testing of the final TANDI for children aged 1–36 months,INSTRUMENT_VERSION_DEVELOPMENT,COMPLETED,RESULTS_REPORTED,INSTRUMENT_DEVELOPMENT | MEASUREMENT_PROPERTY_EVALUATION,South Africa,QUANTITATIVE_EMPIRICAL,,BETWEEN_GROUP | BETWEEN_INSTRUMENT,NOT_APPLICABLE,,,,2,6,13,8,5,1
Pb9f1061e680b:S1,doi:10.1177/0272989x17738754,10.1177/0272989x17738754,2017,1,Online experiment comparing four presentation approaches for DCE with duration choice sets valuing EQ-5D-5L in an Australian general population sample,METHODS_RESEARCH,COMPLETED,RESULTS_REPORTED,METHOD_OR_PROTOCOL_QUALITY | VALUATION_METHOD_EVALUATION,Australia,QUANTITATIVE_EMPIRICAL,CROSS_SECTIONAL,BETWEEN_METHOD,RANDOMIZED,,,2015360,0,2,7,7,5,0
Pba282d2cb3b7:S1,doi:10.1016/j.jval.2024.02.012,10.1016/j.jval.2024.02.012,2024,1,"Cross-sectional comparison of EQ-HWB, EQ-HWB-S, and EQ-5D-5L in China",MEASUREMENT_PROPERTY_EVALUATION,COMPLETED,RESULTS_REPORTED,MEASUREMENT_PROPERTY_EVALUATION,China,QUANTITATIVE_EMPIRICAL,CROSS_SECTIONAL,BETWEEN_GROUP | BETWEEN_INSTRUMENT,NOT_APPLICABLE,NOT_APPLICABLE,,,3,4,13,8,7,0
Pba506fefcf0f:S1,doi:10.1007/s40271-022-00572-0,10.1007/s40271-022-00572-0,2022,1,Determinants of cTTO health state valuations in the Egyptian EQ-5D-5L valuation study,HEALTH_PREFERENCE_RESEARCH,COMPLETED,RESULTS_REPORTED,OUTCOME_DESCRIPTION | PREFERENCE_COMPARISON,Egypt,QUANTITATIVE_EMPIRICAL,CROSS_SECTIONAL,BETWEEN_GROUP,NOT_APPLICABLE,NOT_APPLICABLE,,20180130,0,3,5,10,2,0
Pbaa3ae7f0192:study_main,doi:10.1371/journal.pmed.1004146,10.1371/journal.pmed.1004146,2023,1,Cross-sectional analysis of COVID-19-associated HRQoL change across 13 countries,HEALTH_OUTCOME_RESEARCH,COMPLETED,RESULTS_REPORTED,ECONOMIC_BURDEN_ESTIMATION | OUTCOME_DESCRIPTION,Australia | Brazil | Canada | China | France | Italy | Spain | United Kingdom | United States,QUANTITATIVE_EMPIRICAL,CROSS_SECTIONAL,WITHIN_PERSON,NOT_APPLICABLE,,,118-RA,0,1,7,9,7,1
Pbb982c1ddee4:st1,doi:10.1017/s0266462325103127,10.1017/s0266462325103127,2025,1,"Systematic conceptual mapping of HRQoL, QoL, and well-being",CONCEPTUAL_FRAMEWORK_DEVELOPMENT,COMPLETED,RESULTS_REPORTED,CONCEPTUAL_FRAMEWORK_DEVELOPMENT | EVIDENCE_SYNTHESIS,,,,,,,,1605-RA,2,1,5,5,0,3
Pbbbfbafb5be2:S1,doi:10.1007/s11136-015-1203-4,10.1007/s11136-015-1203-4,2015,1,Determinants of TTO valuations for EQ-5D-5L health states in the Canadian EQ-5D-5L valuation study,HEALTH_PREFERENCE_RESEARCH,COMPLETED,RESULTS_REPORTED,HEALTH_STATE_VALUATION | PREFERENCE_COMPARISON,Canada,QUANTITATIVE_EMPIRICAL,CROSS_SECTIONAL,BETWEEN_GROUP,NONRANDOMIZED,,,,0,4,5,5,5,0
Pbd73585beadd:study_1,doi:10.1016/j.jval.2026.06.004,10.1016/j.jval.2026.06.004,2026,1,Psychometric evaluation of modified and experimental EQ-HWB instruments in Chinese patients with anxiety and/or depression,MEASUREMENT_PROPERTY_EVALUATION,COMPLETED,RESULTS_REPORTED,MEASUREMENT_PROPERTY_EVALUATION,China,QUANTITATIVE_EMPIRICAL,,,NOT_APPLICABLE,,,1897-RA,2,8,20,8,7,0
Pbe44cc6b7e4a:S1,doi:10.1007/s11136-022-03329-2,10.1007/s11136-022-03329-2,2023,1,Evaluation of a time-based willingness-to-accept question for censored cTTO values,METHODS_RESEARCH,COMPLETED,RESULTS_REPORTED,METHOD_OR_PROTOCOL_QUALITY | VALUATION_METHOD_EVALUATION,Taiwan,QUANTITATIVE_EMPIRICAL,CROSS_SECTIONAL,BETWEEN_METHOD,NOT_APPLICABLE,NOT_APPLICABLE,,2016440,0,3,6,8,5,0
Pbefe47b9710c:S1,doi:10.1007/s40273-026-01589-1,10.1007/s40273-026-01589-1,2026,1,Targeted narrative review of adult and child perspectives in EQ-5D(-Y) valuation,EVIDENCE_SYNTHESIS,COMPLETED,RESULTS_REPORTED,EVIDENCE_SYNTHESIS | METHOD_OR_PROTOCOL_QUALITY,,,,,,,,,2,3,7,13,3,0
Pbf3b8214e807:S1,doi:10.1016/j.jval.2025.04.2151,10.1016/j.jval.2025.04.2151,2025,1,Psychometric evaluation of the modified Simplified Chinese EQ-HWB and EQ-HWB-S,MEASUREMENT_PROPERTY_EVALUATION,COMPLETED,RESULTS_REPORTED,MEASUREMENT_PROPERTY_EVALUATION,China,QUANTITATIVE_EMPIRICAL,CROSS_SECTIONAL,BETWEEN_INSTRUMENT,NOT_APPLICABLE,NOT_APPLICABLE,,,0,8,16,7,4,0
Pbf50d8f2fc1b:study_main,doi:10.1186/s12955-024-02323-1,10.1186/s12955-024-02323-1,2024,1,"Trinidad and Tobago EQ-5D-5L population norms and health inequality study, 2022-2023",POPULATION_REFERENCE_DESCRIPTION,COMPLETED,RESULTS_REPORTED,OUTCOME_DESCRIPTION | POPULATION_NORMS,,QUANTITATIVE_EMPIRICAL,VARIABLE_SOURCE_TIME,BETWEEN_CONTEXT,NOT_APPLICABLE,,,341-RA,4,3,8,7,5,1
Pbf88bf8d7f6f:S1,doi:10.1016/j.jhealeco.2025.103026,10.1016/j.jhealeco.2025.103026,2025,1,Online process-tracing comparison of TTO and SG health-state valuation,METHODS_RESEARCH,COMPLETED,RESULTS_REPORTED,HEALTH_STATE_VALUATION | PREFERENCE_COMPARISON | VALUATION_METHOD_EVALUATION,United Kingdom,QUANTITATIVE_EMPIRICAL,LONGITUDINAL_REPEATED,WITHIN_PERSON,RANDOMIZED,,,205-RA,3,4,8,7,4,0
Pc034700873bf:study_main,doi:10.1007/s11136-024-03754-5,10.1007/s11136-024-03754-5,2024,1,Discriminatory performance of the EQ-5D-5L Anxiety/Depression dimension,MEASUREMENT_PROPERTY_EVALUATION,COMPLETED,RESULTS_REPORTED,MEASUREMENT_PROPERTY_EVALUATION,Italy | Netherlands | Sweden | United Kingdom | United States,QUANTITATIVE_EMPIRICAL,CROSS_SECTIONAL,BETWEEN_GROUP,NOT_APPLICABLE,NOT_APPLICABLE,,243-RA,0,3,4,8,4,0
Pc0366f265fd4:S1,doi:10.1177/0272989x19847983,10.1177/0272989x19847983,2019,1,Development of two candidate respiratory bolt-on dimensions for the EQ-5D-5L and a Dutch pilot valuation study of the EQ-5D-5L+R,INSTRUMENT_VERSION_DEVELOPMENT,COMPLETED,RESULTS_REPORTED,CONTENT_VALIDITY_EVALUATION | HEALTH_STATE_VALUATION | INSTRUMENT_DEVELOPMENT | PREFERENCE_COMPARISON,Netherlands,,CROSS_SECTIONAL,,,NOT_APPLICABLE,SEQUENTIAL,2015020,2,16,12,10,5,2
Pc04a6c5ca773:study_main,doi:10.1016/j.jval.2025.10.008,10.1016/j.jval.2025.10.008,2025,1,Psychometric evaluation of five EQ-5D-5L bolt-ons in German adults with atopic dermatitis or psoriasis,MEASUREMENT_PROPERTY_EVALUATION,COMPLETED,RESULTS_REPORTED,MEASUREMENT_PROPERTY_EVALUATION,Germany,QUANTITATIVE_EMPIRICAL,CROSS_SECTIONAL,BETWEEN_GROUP,NOT_APPLICABLE,NOT_APPLICABLE,,1785-RA,2,13,8,8,8,0
Pc0a3c7c20f5b:S1,doi:10.1177/0272989x19851049,10.1177/0272989x19851049,2019,1,"FEDEV online DCE-TTO experiment manipulating the EQ-5D descriptive system (dimension order, splitting composite dimensions, bolting off dimensions) in self-report and valuation contexts",METHODS_RESEARCH,COMPLETED,RESULTS_REPORTED,HEALTH_STATE_VALUATION | MEASUREMENT_PROPERTY_EVALUATION | VALUATION_METHOD_EVALUATION,United Kingdom,QUANTITATIVE_EMPIRICAL,CROSS_SECTIONAL,BETWEEN_GROUP,RANDOMIZED,NOT_APPLICABLE,,,3,9,7,9,4,0
Pc2164ae4de5f:S1,doi:10.3390/ijerph191811420,10.3390/ijerph191811420,2022,1,Comparison of psychometric properties of the Spanish EQ-5D-Y-3L and EQ-5D-Y-5L in children with cancer,MEASUREMENT_PROPERTY_EVALUATION,COMPLETED,RESULTS_REPORTED,MEASUREMENT_PROPERTY_EVALUATION,Spain,QUANTITATIVE_EMPIRICAL,CROSS_SECTIONAL,BETWEEN_INSTRUMENT | WITHIN_PERSON,RANDOMIZED,,,,0,3,11,6,3,0
Pc2303b1b5ed9:study1,doi:10.1016/j.ssmph.2021.100913,10.1016/j.ssmph.2021.100913,2021,1,Eight-country early COVID-19 HRQoL and mental well-being survey,HEALTH_OUTCOME_RESEARCH,COMPLETED,RESULTS_REPORTED,OUTCOME_DESCRIPTION,Italy | Netherlands | South Africa | Sweden | United Kingdom | United States,QUANTITATIVE_EMPIRICAL,CROSS_SECTIONAL,BETWEEN_CONTEXT | BETWEEN_GROUP,NOT_APPLICABLE,NOT_APPLICABLE,,77-RA,0,3,5,6,5,0
Pc23f9c1c2e9a:s1,doi:10.1007/s10198-025-01821-3,10.1007/s10198-025-01821-3,2026,1,"Feasibility, attribute-order effects, and international preference similarity in DCE-with-duration valuation of EQ-HWB",METHODS_RESEARCH,COMPLETED,RESULTS_REPORTED,HEALTH_STATE_VALUATION | IMPLEMENTATION_EVALUATION | INSTRUMENT_DEVELOPMENT | METHOD_OR_PROTOCOL_QUALITY | PREFERENCE_COMPARISON,Australia | United Kingdom,,,,,,SEQUENTIAL,,3,6,11,9,4,3
Pc2494ee1b6cd:s1,doi:10.1007/s40271-025-00777-z,10.1007/s40271-025-00777-z,2025,1,Worse-than-dead preferences in Singapore cTTO interviews,HEALTH_PREFERENCE_RESEARCH,COMPLETED,RESULTS_REPORTED,HEALTH_STATE_VALUATION | OUTCOME_DESCRIPTION | PREFERENCE_COMPARISON,Singapore,,CROSS_SECTIONAL,,RANDOMIZED,,CONVERGENT_PARALLEL,1741-RA,2,2,7,7,5,0
Pc2ea2071ca5b:S1,doi:10.1002/hec.3846,10.1002/hec.3846,2019,1,"Randomized controlled DCE with five study arms testing attribute level overlap and color coding on task complexity, choice consistency, and dropout",METHODS_RESEARCH,COMPLETED,RESULTS_REPORTED,HEALTH_STATE_VALUATION | METHOD_OR_PROTOCOL_QUALITY | VALUATION_METHOD_EVALUATION,Netherlands,QUANTITATIVE_EMPIRICAL,CROSS_SECTIONAL,BETWEEN_GROUP,RANDOMIZED,NOT_APPLICABLE,,2015430,0,3,10,8,4,0
Pc3246dad1aec:S1,doi:10.1186/s12955-019-1243-5,10.1186/s12955-019-1243-5,2019,1,"Association of individual-level deprivation (CDI, ODI) with EQ-5D-5L health-related quality of life in the Alberta general adult population",HEALTH_OUTCOME_RESEARCH,COMPLETED,RESULTS_REPORTED,OUTCOME_DESCRIPTION,Canada,QUANTITATIVE_EMPIRICAL,CROSS_SECTIONAL,BETWEEN_GROUP,NOT_APPLICABLE,NOT_APPLICABLE,,,0,4,5,7,3,0
Pc392f9662bf5:S1,doi:10.1016/j.vhri.2021.10.003,10.1016/j.vhri.2021.10.003,2022,1,"Pakistani pilot of EQ-5D-3L valuation methods (cTTO and DCE) and the influence of literacy, culture and religion on preferences",METHODS_RESEARCH,COMPLETED,RESULTS_REPORTED,HEALTH_STATE_VALUATION | PREFERENCE_COMPARISON | VALUATION_METHOD_EVALUATION,Pakistan,,CROSS_SECTIONAL,BETWEEN_GROUP | BETWEEN_INSTRUMENT,NOT_APPLICABLE,NOT_APPLICABLE,CONVERGENT_PARALLEL,,2,5,19,10,5,2
Pc3cb299c01c3:study1,doi:10.1016/j.jval.2023.02.008,10.1016/j.jval.2023.02.008,2023,1,EQ-HWB-S valuation feasibility study and pilot United Kingdom value set,METHODS_RESEARCH,COMPLETED,RESULTS_REPORTED,HEALTH_STATE_VALUATION | VALUATION_METHOD_EVALUATION | VALUE_SET_DEVELOPMENT,United Kingdom,QUANTITATIVE_EMPIRICAL,CROSS_SECTIONAL,BETWEEN_METHOD,NOT_APPLICABLE,NOT_APPLICABLE,,20190310,0,6,7,7,6,1
Pc4b93c297af7:S1,doi:10.1007/s40258-021-00713-w,10.1007/s40258-021-00713-w,2022,1,Exploration of EQ-5D-Y-3L experience-based VAS values among Swedish adolescents aged 13-18 years,VALUE_SET_DEVELOPMENT,COMPLETED,RESULTS_REPORTED,HEALTH_STATE_VALUATION | VALUATION_METHOD_EVALUATION | VALUE_SET_DEVELOPMENT,Sweden,MODEL_BASED | QUANTITATIVE_EMPIRICAL,CROSS_SECTIONAL,BETWEEN_METHOD,NOT_APPLICABLE,NOT_APPLICABLE,,2015400,0,4,7,6,4,1
Pc50a7678598a:S1,doi:10.1016/j.jval.2021.07.006,10.1016/j.jval.2021.07.006,2021,1,Psychometric comparison of Spanish EQ-5D-Y-3L and EQ-5D-Y-5L in schoolchildren,MEASUREMENT_PROPERTY_EVALUATION,COMPLETED,RESULTS_REPORTED,MEASUREMENT_PROPERTY_EVALUATION,Spain,,,,,,,20170290,2,10,8,7,5,0
Pc537939af06b:study1,doi:10.1186/s13561-020-00297-6,10.1186/s13561-020-00297-6,2020,1,EQ-5D-5L and clinical-registry linkage study in advanced or metastatic colorectal cancer,HEALTH_OUTCOME_RESEARCH,COMPLETED,RESULTS_REPORTED,OUTCOME_DESCRIPTION,Germany,QUANTITATIVE_EMPIRICAL,CROSS_SECTIONAL,NONCOMPARATIVE,NOT_APPLICABLE,NOT_APPLICABLE,,2016530,0,4,3,11,4,0
Pc53dd4adbe97:S1,doi:10.1002/hec.3444,10.1002/hec.3444,2016,1,Cross-country analysis of transformation functions from DCE-derived latent utilities to TTO-derived health utilities using EQ-5D-5L valuation data from eight countries,METHODS_RESEARCH,COMPLETED,RESULTS_REPORTED,MAPPING_OR_CROSSWALK | PREFERENCE_COMPARISON | VALUATION_METHOD_EVALUATION,Canada | China | Japan | Netherlands | South Korea | Spain | Thailand | United Kingdom,QUANTITATIVE_EMPIRICAL,CROSS_SECTIONAL,BETWEEN_CONTEXT,NOT_APPLICABLE,,,2013180,0,3,6,5,5,1
Pc5fa68dfcef0:S1,doi:10.1007/s11136-024-03821-x,10.1007/s11136-024-03821-x,2025,1,QALY-MICI prospective cross-sectional survey of French adults with inflammatory bowel disease,HEALTH_OUTCOME_RESEARCH,COMPLETED,RESULTS_REPORTED,OUTCOME_DESCRIPTION,France,QUANTITATIVE_EMPIRICAL,CROSS_SECTIONAL,BETWEEN_GROUP,NOT_APPLICABLE,,,20190020,3,6,11,10,6,1
Pc60a10213040:S1,doi:10.1136/bmjopen-2021-051727,10.1136/bmjopen-2021-051727,2021,1,Egyptian adaptation and feasibility assessment of EQ-VT 2.1,METHODS_RESEARCH,COMPLETED,RESULTS_REPORTED,IMPLEMENTATION_EVALUATION | METHOD_OR_PROTOCOL_QUALITY | OUTCOME_DESCRIPTION,Egypt,QUANTITATIVE_EMPIRICAL,CROSS_SECTIONAL,NONCOMPARATIVE,NOT_APPLICABLE,NOT_APPLICABLE,,20180130,2,5,8,11,2,2
Pc627a3d284ad:S1,doi:10.1016/j.jval.2019.10.003,10.1016/j.jval.2019.10.003,2019,1,Comparison of DCE-TTO and TTO health state values modelled from an identical set of non-stopping TTO preference data (Norway),METHODS_RESEARCH,COMPLETED,RESULTS_REPORTED,PREFERENCE_COMPARISON | VALUATION_METHOD_EVALUATION,Norway,MODEL_BASED | QUANTITATIVE_EMPIRICAL,CROSS_SECTIONAL,BETWEEN_METHOD,RANDOMIZED,NOT_APPLICABLE,,,0,2,8,7,6,0
Pc694bfdad03c:s1,doi:10.1177/0272989x231171912,10.1177/0272989x231171912,2023,1,Comparison of online and face-to-face EQ-5D-5L discrete choice experiments,METHODS_RESEARCH,COMPLETED,RESULTS_REPORTED,METHOD_OR_PROTOCOL_QUALITY | PREFERENCE_COMPARISON,United States,QUANTITATIVE_EMPIRICAL,CROSS_SECTIONAL,BETWEEN_CONTEXT,NONRANDOMIZED,NOT_APPLICABLE,,,2,3,6,7,6,0
Pc6c2d4ec9970:study_1,doi:10.1186/s12955-025-02402-x,10.1186/s12955-025-02402-x,2025,1,Development of the Australian EQ-5D-Y-3L value set,VALUE_SET_DEVELOPMENT,COMPLETED,RESULTS_REPORTED,HEALTH_STATE_VALUATION | VALUATION_METHOD_EVALUATION | VALUE_SET_DEVELOPMENT,Australia,QUANTITATIVE_EMPIRICAL,CROSS_SECTIONAL,BETWEEN_METHOD,RANDOMIZED,,,83-VS,3,3,7,7,5,1
Pc6cb06badb33:s1,doi:10.1136/bmjopen-2020-039517,10.1136/bmjopen-2020-039517,2020,1,Development of an EQ-5D Value set for India using an Extended design (DEVINE) Study,VALUE_SET_DEVELOPMENT,PLANNED,NO_RESULTS_YET,HEALTH_STATE_VALUATION | POPULATION_NORMS | VALUATION_METHOD_EVALUATION | VALUE_SET_DEVELOPMENT,,,,,,,,20170520,3,4,9,0,2,3
Pc6ec0f32827b:S1,doi:10.1186/s12955-016-0540-5,10.1186/s12955-016-0540-5,2016,1,"Association of EQ-5D, wellbeing measures and social care needs in the Health Survey for England (abstract O13)",MEASUREMENT_PROPERTY_EVALUATION,COMPLETED,RESULTS_REPORTED,MEASUREMENT_PROPERTY_EVALUATION | OUTCOME_DESCRIPTION,United Kingdom,QUANTITATIVE_EMPIRICAL,CROSS_SECTIONAL,BETWEEN_INSTRUMENT,NOT_APPLICABLE,,,2015390,0,5,1,3,0,0
Pc768b260ff4e:S1,doi:10.1016/j.ctro.2022.09.008,10.1016/j.ctro.2022.09.008,2022,1,"Prognostic modelling of survival after palliative radiotherapy for painful bone metastases, replacing clinician-assessed performance status with patient-reported EQ-5D-3L",APPLIED_USE_RESEARCH,COMPLETED,RESULTS_REPORTED,DECISION_SUPPORT_DEVELOPMENT | OUTCOME_DESCRIPTION,Netherlands,MODEL_BASED | QUANTITATIVE_EMPIRICAL,LONGITUDINAL_REPEATED,BETWEEN_INSTRUMENT | BETWEEN_METHOD,NOT_APPLICABLE,NOT_APPLICABLE,,,0,4,7,6,7,1
Pc8449c90bb9c:S1,doi:10.1007/s11136-022-03107-0,10.1007/s11136-022-03107-0,2022,1,"Qualitative interview study of adolescents' and adults' perceptions of valuing children's health states with the standardised EQ-5D-Y-3L valuation protocol, Sweden",METHODS_RESEARCH,COMPLETED,RESULTS_REPORTED,HEALTH_STATE_VALUATION | VALUATION_METHOD_EVALUATION,Sweden,QUALITATIVE_INQUIRY,CROSS_SECTIONAL,BETWEEN_GROUP,NOT_APPLICABLE,NOT_APPLICABLE,,20190980,0,4,5,8,5,0
Pc8b4570d9107:S1,doi:10.1007/s40271-017-0278-0,10.1007/s40271-017-0278-0,2017,1,EQ-5D-5L valuation study in Hong Kong using EQ-VT 2.0 with feedback module,VALUE_SET_DEVELOPMENT,COMPLETED,RESULTS_REPORTED,PREFERENCE_COMPARISON | VALUATION_METHOD_EVALUATION | VALUE_SET_DEVELOPMENT,,QUANTITATIVE_EMPIRICAL,CROSS_SECTIONAL,BETWEEN_GROUP,RANDOMIZED,,,2012030,0,3,12,9,5,1
Pc8fd596456d9:S1,doi:10.1016/j.jval.2022.12.012,10.1016/j.jval.2022.12.012,2022,1,"Two-arm cTTO valuation experiment comparing cross-attribute level effects (CALE) models with conventional additive main-effects models for EQ-5D-5L, EQ-5D-5L self-care bolt-off (EQ-SC) and EQ-5D-5L vision bolt-on (EQ+VI) health states",METHODS_RESEARCH,COMPLETED,RESULTS_REPORTED,HEALTH_STATE_VALUATION | METHOD_OR_PROTOCOL_QUALITY | VALUATION_METHOD_EVALUATION,China,MODEL_BASED | QUANTITATIVE_EMPIRICAL,CROSS_SECTIONAL,BETWEEN_INSTRUMENT | BETWEEN_METHOD,RANDOMIZED,NOT_APPLICABLE,,20170640,2,4,8,8,5,0
Pc93a9d8741f5:S1,doi:10.1007/s11136-021-02922-1,10.1007/s11136-021-02922-1,2022,1,"Mokken scaling analysis of EQ-5D-5L items to justify and interpret a level summary score, using the Multi Instrument Comparison (MIC) data from six Western countries",METHODS_RESEARCH,COMPLETED,RESULTS_REPORTED,MEASUREMENT_PROPERTY_EVALUATION | METHOD_OR_PROTOCOL_QUALITY,Australia | Canada | Germany | Norway | United Kingdom | United States,QUANTITATIVE_EMPIRICAL,CROSS_SECTIONAL,BETWEEN_CONTEXT | BETWEEN_GROUP,NOT_APPLICABLE,NOT_APPLICABLE,,20170130,0,2,9,8,4,0
Pc9dafce32be7:study_1,doi:10.1016/j.jval.2025.05.015,10.1016/j.jval.2025.05.015,2025,1,Systematic review of cognition bolt-ons for EQ-5D-3L and EQ-5D-5L,EVIDENCE_SYNTHESIS,COMPLETED,RESULTS_REPORTED,EVIDENCE_SYNTHESIS | METHOD_OR_PROTOCOL_QUALITY,Belgium | China | Netherlands,EVIDENCE_SYNTHESIS,NOT_APPLICABLE,BETWEEN_INSTRUMENT,NOT_APPLICABLE,NARRATIVE_SYNTHESIS | SYSTEMATIC_REVIEW,,1700-RA,0,3,9,11,5,1
Pc9e31edc077a:S1,doi:10.1007/s10198-023-01612-8,10.1007/s10198-023-01612-8,2024,1,Duration and time preference effects on adult-child cTTO valuation differences,METHODS_RESEARCH,COMPLETED,RESULTS_REPORTED,HEALTH_STATE_VALUATION | PREFERENCE_COMPARISON | VALUATION_METHOD_EVALUATION,United Kingdom,QUANTITATIVE_EMPIRICAL,CROSS_SECTIONAL,WITHIN_PERSON,RANDOMIZED,,,237-RA,2,3,7,7,6,0
Pca479813d190:s1,doi:10.1186/s12955-024-02271-w,10.1186/s12955-024-02271-w,2024,1,Scale and rate heterogeneity in EQ-5D-5L valuation,METHODS_RESEARCH,COMPLETED,RESULTS_REPORTED,VALUATION_METHOD_EVALUATION,United States,QUANTITATIVE_EMPIRICAL,CROSS_SECTIONAL,BETWEEN_CONTEXT | BETWEEN_METHOD,NOT_APPLICABLE,NOT_APPLICABLE,,207-RA,2,2,5,8,3,0
Pcaebb26c2976:S1,doi:10.1186/s12955-022-02024-7,10.1186/s12955-022-02024-7,2022,1,Age-sex stratified analysis of socioeconomic inequalities in EQ-5D-5L HRQoL in England (Health Survey for England 2017-2018),HEALTH_OUTCOME_RESEARCH,COMPLETED,RESULTS_REPORTED,OUTCOME_DESCRIPTION,United Kingdom,QUANTITATIVE_EMPIRICAL,CROSS_SECTIONAL,BETWEEN_GROUP,NOT_APPLICABLE,NOT_APPLICABLE,,123-RA,0,2,6,8,5,0
Pcaec42eba640:study1,doi:10.1186/s12939-025-02520-4,10.1186/s12939-025-02520-4,2025,1,Socioeconomic inequalities across PROMs in Dutch hip and knee arthroplasty,HEALTH_OUTCOME_RESEARCH,COMPLETED,RESULTS_REPORTED,OUTCOME_DESCRIPTION,Netherlands,QUANTITATIVE_EMPIRICAL,LONGITUDINAL_REPEATED,BETWEEN_GROUP,NOT_APPLICABLE,NOT_APPLICABLE,,287-PHD,4,8,7,6,3,0
Pcb3368138711:study_1,doi:10.1007/s10198-023-01647-x,10.1007/s10198-023-01647-x,2023,1,"Head-to-head evaluation of non-stopping, open-ended, and composite TTO for EQ-5D-5L valuation",METHODS_RESEARCH,COMPLETED,RESULTS_REPORTED,HEALTH_STATE_VALUATION | VALUATION_METHOD_EVALUATION,China,QUANTITATIVE_EMPIRICAL,CROSS_SECTIONAL,BETWEEN_METHOD,NONRANDOMIZED,,,20190150R1,5,2,11,6,3,1
Pcbd98a81ff50:S1,doi:10.1136/archdischild-2025-329475,10.1136/archdischild-2025-329475,2026,1,Comparative psychometric performance of common paediatric P-PROMs across health conditions,MEASUREMENT_PROPERTY_EVALUATION,COMPLETED,RESULTS_REPORTED,MEASUREMENT_PROPERTY_EVALUATION,Australia,QUANTITATIVE_EMPIRICAL,LONGITUDINAL_REPEATED,BETWEEN_GROUP | BETWEEN_INSTRUMENT,RANDOMIZED,,,330-PHD | 361-RA,0,9,9,10,6,0
Pcc1d7988eb03:study_main,doi:10.1016/j.jval.2025.01.010,10.1016/j.jval.2025.01.010,2025,1,Qualitative investigation of worse-than-dead EQ-5D-5L valuation in composite time trade-off tasks,METHODS_RESEARCH,COMPLETED,RESULTS_REPORTED,METHOD_OR_PROTOCOL_QUALITY | VALUATION_METHOD_EVALUATION,Singapore,,CROSS_SECTIONAL,NONCOMPARATIVE,NONRANDOMIZED,,EMBEDDED,76-RA,2,4,7,9,3,0
Pcc480740e0bf:S1,doi:10.1007/s10198-024-01701-2,10.1007/s10198-024-01701-2,2025,1,Bermuda EQ-5D-3L valuation and EQ-5D-5L crosswalk study,VALUE_SET_DEVELOPMENT,COMPLETED,RESULTS_REPORTED,HEALTH_STATE_VALUATION | MAPPING_OR_CROSSWALK | VALUATION_METHOD_EVALUATION | VALUE_SET_DEVELOPMENT,,QUANTITATIVE_EMPIRICAL,CROSS_SECTIONAL,BETWEEN_METHOD,NOT_APPLICABLE,,,20180040R1,0,5,10,10,4,3
Pcc9a05193425:S1,doi:10.17269/s41997-021-00606-4,10.17269/s41997-021-00606-4,2022,1,"Impact of the COVID-19 pandemic on EQ-5D-5L health-related quality of life of adults visiting emergency departments and primary care settings in Alberta, Canada",HEALTH_OUTCOME_RESEARCH,COMPLETED,RESULTS_REPORTED,OUTCOME_DESCRIPTION,Canada,QUANTITATIVE_EMPIRICAL,CROSS_SECTIONAL,BETWEEN_CONTEXT | BETWEEN_GROUP,NOT_APPLICABLE,NOT_APPLICABLE,,102-RA,0,1,6,9,6,0
Pccbd660a1215:S1,doi:10.1177/0272989x241286477,10.1177/0272989x241286477,2024,1,Terror management theory framework for explaining TTO trading,CONCEPTUAL_FRAMEWORK_DEVELOPMENT,COMPLETED,RESULTS_REPORTED,CONCEPTUAL_FRAMEWORK_DEVELOPMENT,,,,,,,,115-RA,2,0,4,6,6,1
Pcd1b08ec9a14:ST1,doi:10.1186/s41687-021-00406-x,10.1186/s41687-021-00406-x,2022,1,Head-to-head psychometric comparison of the EQ-5D-5L and an EQ-5D-5L plus fatigue item in a Dutch general population sample,MEASUREMENT_PROPERTY_EVALUATION,COMPLETED,RESULTS_REPORTED,MEASUREMENT_PROPERTY_EVALUATION | OUTCOME_DESCRIPTION,Netherlands,QUANTITATIVE_EMPIRICAL,CROSS_SECTIONAL,BETWEEN_GROUP | BETWEEN_INSTRUMENT,NOT_APPLICABLE,NOT_APPLICABLE,,20180330,0,4,11,8,3,0
Pcd20c5611295:S1,doi:10.1186/s12955-026-02582-0,10.1186/s12955-026-02582-0,2026,1,"Hong Kong comparison of fatigue, tiredness, sleep, and vision EQ-5D-5L bolt-on variants",MEASUREMENT_PROPERTY_EVALUATION,COMPLETED,RESULTS_REPORTED,MEASUREMENT_PROPERTY_EVALUATION | TRANSLATION_AND_CULTURAL_ADAPTATION,,,,,,,,2351-BT,2,16,17,7,8,0
Pcd2d7dc96930:S1,doi:10.1136/bmjopen-2025-102509,10.1136/bmjopen-2025-102509,2025,1,Prospective mixed-method validation of EuroQol instruments in paediatric patients and caregivers in China,MEASUREMENT_PROPERTY_EVALUATION,DATA_COLLECTION_ACTIVE,NO_RESULTS_YET,CONTENT_VALIDITY_EVALUATION | MEASUREMENT_PROPERTY_EVALUATION | OUTCOME_DESCRIPTION,China,,,,,,EMBEDDED,1598-RA,2,9,11,0,4,1
Pcd3bb29a3546:S1,doi:10.1007/s11136-022-03141-y,10.1007/s11136-022-03141-y,2022,1,"Qualitative content validity of the EQ-5D-5L and the psoriasis-specific EQ-PSO bolt-ons (skin irritation, self-confidence) in Hungarian patients with psoriasis",MEASUREMENT_PROPERTY_EVALUATION,COMPLETED,RESULTS_REPORTED,CONTENT_VALIDITY_EVALUATION | MEASUREMENT_PROPERTY_EVALUATION,Hungary,QUALITATIVE_INQUIRY,CROSS_SECTIONAL,BETWEEN_INSTRUMENT,NOT_APPLICABLE,NOT_APPLICABLE,,119-RA,2,5,11,13,5,0
Pce00699b2224:S1,doi:10.1007/s40273-018-0642-5,10.1007/s40273-018-0642-5,2018,1,Systematic review comparing measurement properties of the EQ-5D-3L and EQ-5D-5L,EVIDENCE_SYNTHESIS,COMPLETED,RESULTS_REPORTED,EVIDENCE_SYNTHESIS | MEASUREMENT_PROPERTY_EVALUATION,Canada | China | Denmark | Germany | Hungary | Italy | Japan | Netherlands | Poland | Singapore | South Korea | Thailand | United Kingdom | United States,EVIDENCE_SYNTHESIS,VARIABLE_SOURCE_TIME,BETWEEN_INSTRUMENT,NOT_APPLICABLE,SYSTEMATIC_REVIEW,,2016170,0,5,9,8,4,0
Pce046f4c44c1:S1,doi:10.3390/jcm11216467,10.3390/jcm11216467,2022,1,POPCORN one-year longitudinal study of HRQoL and mental well-being during the COVID-19 pandemic in five countries,HEALTH_OUTCOME_RESEARCH,COMPLETED,RESULTS_REPORTED,OUTCOME_DESCRIPTION,Italy | Netherlands | United Kingdom | United States,QUANTITATIVE_EMPIRICAL,LONGITUDINAL_REPEATED,BETWEEN_CONTEXT | BETWEEN_GROUP | WITHIN_PERSON,NOT_APPLICABLE,NOT_APPLICABLE,,238-RA,0,3,10,13,4,0
Pce1c87a6422a:S1,doi:10.1186/s13690-023-01088-1,10.1186/s13690-023-01088-1,2023,1,Cross-country HRQoL during the first year of the COVID-19 pandemic,HEALTH_OUTCOME_RESEARCH,COMPLETED,RESULTS_REPORTED,OUTCOME_DESCRIPTION,Norway | Sweden | United States,QUANTITATIVE_EMPIRICAL,,BETWEEN_CONTEXT | BETWEEN_GROUP,NOT_APPLICABLE,,,246-RA | 84-RA,2,3,4,7,4,0
Pce64c5bb630d:study_ghana_vs,doi:10.1017/s0266462324001417,10.1017/s0266462324001417,2024,1,Development of the Ghanaian EQ-5D-5L value set,VALUE_SET_DEVELOPMENT,COMPLETED,RESULTS_REPORTED,HEALTH_STATE_VALUATION | VALUE_SET_DEVELOPMENT,,QUANTITATIVE_EMPIRICAL,CROSS_SECTIONAL,BETWEEN_METHOD,NOT_APPLICABLE,,,234-VS,0,1,3,7,0,1
Pcf3f633eb088:S1,doi:10.1016/j.jval.2021.12.014,10.1016/j.jval.2021.12.014,2022,1,"Think-aloud interview study of adults valuing EQ-5D-Y-3L health states for themselves, a 10-year-old child, and a 15-year-old adolescent",METHODS_RESEARCH,COMPLETED,RESULTS_REPORTED,HEALTH_STATE_VALUATION | PREFERENCE_COMPARISON | VALUATION_METHOD_EVALUATION,Netherlands,QUALITATIVE_INQUIRY,CROSS_SECTIONAL,WITHIN_PERSON,RANDOMIZED,NOT_APPLICABLE,,20190920,0,3,7,8,4,0
Pcf6c6fa55dfb:study_main,doi:10.1016/j.vhri.2025.101543,10.1016/j.vhri.2025.101543,2025,1,Indonesian EQ-HWB and EQ-HWB-9 psychometric evaluation,MEASUREMENT_PROPERTY_EVALUATION,COMPLETED,RESULTS_REPORTED,IMPLEMENTATION_EVALUATION | MEASUREMENT_PROPERTY_EVALUATION,Indonesia,QUANTITATIVE_EMPIRICAL,LONGITUDINAL_REPEATED,BETWEEN_CONTEXT | BETWEEN_GROUP | WITHIN_PERSON,NOT_APPLICABLE,NOT_APPLICABLE,,442-RA,6,6,10,8,5,2
Pcf9d62bb531a:study_pmic_fa,doi:10.3390/children10101604,10.3390/children10101604,2023,1,Feasibility and acceptability analysis of the Australian P-MIC study,METHODS_RESEARCH,COMPLETED,RESULTS_REPORTED,IMPLEMENTATION_EVALUATION | METHOD_OR_PROTOCOL_QUALITY,Australia,QUANTITATIVE_EMPIRICAL,LONGITUDINAL_REPEATED,BETWEEN_CONTEXT,RANDOMIZED,NOT_APPLICABLE,,330-PHD | 361-RA,2,9,6,9,4,0
Pd087f5cbf426:S1,doi:10.1016/j.jval.2026.03.008,10.1016/j.jval.2026.03.008,2026,1,United Kingdom EQ-5D-5L valuation study,VALUE_SET_DEVELOPMENT,COMPLETED,RESULTS_REPORTED,HEALTH_STATE_VALUATION | VALUATION_METHOD_EVALUATION | VALUE_SET_DEVELOPMENT,United Kingdom,QUANTITATIVE_EMPIRICAL,CROSS_SECTIONAL,BETWEEN_METHOD,NOT_APPLICABLE,NOT_APPLICABLE,,1524-VS,0,3,7,8,8,1
Pd149fbe405ff:S1,doi:10.1186/s41687-025-00985-z,10.1186/s41687-025-00985-z,2026,1,Translation and cultural adaptation of EQ-5D-Y-5L into Modern Standard Arabic for Egypt,INSTRUMENT_VERSION_DEVELOPMENT,COMPLETED,RESULTS_REPORTED,CONTENT_VALIDITY_EVALUATION | INSTRUMENT_DEVELOPMENT | TRANSLATION_AND_CULTURAL_ADAPTATION,Egypt,,,NONCOMPARATIVE,NOT_APPLICABLE,,SEQUENTIAL,1492-RA,2,4,7,6,3,1
Pd19ff4687be8:study_main,doi:10.1016/j.jval.2026.01.023,10.1016/j.jval.2026.01.023,2026,1,Feasibility of DCE and DCE with duration among Canadian adolescents,METHODS_RESEARCH,COMPLETED,RESULTS_REPORTED,HEALTH_STATE_VALUATION | METHOD_OR_PROTOCOL_QUALITY,Canada,,CROSS_SECTIONAL,NONCOMPARATIVE,NOT_APPLICABLE,NOT_APPLICABLE,CONVERGENT_PARALLEL,1704-RA,3,3,9,8,6,1
Pd1a847d531b3:S1,doi:10.1097/corr.0000000000000662,10.1097/corr.0000000000000662,2019,1,"Comparison of EQ-5D-3L and EQ-5D-5L measurement performance in patients awaiting THA or TKA in Alberta, Canada",MEASUREMENT_PROPERTY_EVALUATION,COMPLETED,RESULTS_REPORTED,MEASUREMENT_PROPERTY_EVALUATION | OUTCOME_DESCRIPTION,Canada,QUANTITATIVE_EMPIRICAL,CROSS_SECTIONAL,BETWEEN_GROUP | BETWEEN_INSTRUMENT,NONRANDOMIZED,NOT_APPLICABLE,,,0,3,12,8,5,0
Pd21c61eb7b4f:study_main,doi:10.1097/mlr.0000000000002200,10.1097/mlr.0000000000002200,2025,1,United States EQ-5D-Y-3L valuation with kaizen tasks and experience scaling,VALUE_SET_DEVELOPMENT,COMPLETED,RESULTS_REPORTED,HEALTH_STATE_VALUATION | IMPLEMENTATION_EVALUATION | PREFERENCE_COMPARISON | VALUATION_METHOD_EVALUATION | VALUE_SET_DEVELOPMENT,United States,,,,,,,304-PHD,2,2,11,9,4,1
Pd29c06f5ea46:study_main,doi:10.1186/s12955-026-02522-y,10.1186/s12955-026-02522-y,2026,1,Hong Kong EQ-5D-Y-3L value-set study,VALUE_SET_DEVELOPMENT,COMPLETED,RESULTS_REPORTED,HEALTH_STATE_VALUATION | VALUATION_METHOD_EVALUATION | VALUE_SET_DEVELOPMENT,,QUANTITATIVE_EMPIRICAL,CROSS_SECTIONAL,BETWEEN_METHOD,NOT_APPLICABLE,,,20180750,2,3,8,7,2,1
Pd2d13f8835dc:S1,doi:10.4102/sajp.v75i1.1335,10.4102/sajp.v75i1.1335,2019,1,"Cross-sectional evaluation of concurrent validity, known-group validity and feasibility of the self-report EQ-5D-Y-3L against the JAMAR and the PedsQL Rheumatology Module in children aged 8-15 years with Juvenile Idiopathic Arthritis attending three outpatient clinics in Cape Town, South Africa",MEASUREMENT_PROPERTY_EVALUATION,COMPLETED,RESULTS_REPORTED,IMPLEMENTATION_EVALUATION | MEASUREMENT_PROPERTY_EVALUATION | OUTCOME_DESCRIPTION,South Africa,QUANTITATIVE_EMPIRICAL,CROSS_SECTIONAL,BETWEEN_GROUP | BETWEEN_INSTRUMENT,NOT_APPLICABLE,NOT_APPLICABLE,,20170250,0,5,8,8,2,0
Pd314a592a18e:S1,doi:10.1007/s10198-004-0263-0,10.1007/s10198-004-0263-0,2004,1,Postal pilot comparing three versions of the EQ-5D valuation questionnaire in England,METHODS_RESEARCH,COMPLETED,RESULTS_REPORTED,INSTRUMENT_DEVELOPMENT | METHOD_OR_PROTOCOL_QUALITY | VALUATION_METHOD_EVALUATION,United Kingdom,QUANTITATIVE_EMPIRICAL,CROSS_SECTIONAL,BETWEEN_METHOD,RANDOMIZED,,,,0,3,11,10,5,1
Pd35da40e9a86:study-1,doi:10.1007/s11136-023-03372-7,10.1007/s11136-023-03372-7,2023,1,Psychometric comparison of composite and split EQ-5D-5L anxiety/depression dimensions,MEASUREMENT_PROPERTY_EVALUATION,COMPLETED,RESULTS_REPORTED,MEASUREMENT_PROPERTY_EVALUATION,Ethiopia,,,,,,EMBEDDED,229-RA,2,6,11,6,3,0
Pd371d74b22b9:study_main,doi:10.1177/0272989x261462936,10.1177/0272989x261462936,2026,1,Psychological distance and perspective-specific EQ-5D-Y-3L valuation experiment,METHODS_RESEARCH,COMPLETED,RESULTS_REPORTED,HEALTH_STATE_VALUATION | PREFERENCE_COMPARISON | VALUATION_METHOD_EVALUATION,United Kingdom,QUANTITATIVE_EMPIRICAL,CROSS_SECTIONAL,WITHIN_PERSON,RANDOMIZED,NOT_APPLICABLE,,416-RA,0,4,5,6,6,0
Pd38fe894edb2:S1,doi:10.1007/s10198-024-01688-w,10.1007/s10198-024-01688-w,2024,1,Mixed-methods evaluation of EQ-HWB-S in caregivers of young children experiencing adversity,MEASUREMENT_PROPERTY_EVALUATION,COMPLETED,RESULTS_REPORTED,CONTENT_VALIDITY_EVALUATION | MEASUREMENT_PROPERTY_EVALUATION | OUTCOME_DESCRIPTION,Australia,,,,,,SEQUENTIAL,295-RA,3,9,15,12,9,0
Pd3ad1050dc71:study_1,doi:10.1007/s10198-025-01812-4,10.1007/s10198-025-01812-4,2025,1,Episodic future thinking experiment for cTTO time-preference distortion,METHODS_RESEARCH,COMPLETED,RESULTS_REPORTED,HEALTH_STATE_VALUATION | METHOD_OR_PROTOCOL_QUALITY | PREFERENCE_COMPARISON | VALUATION_METHOD_EVALUATION,United Kingdom,QUANTITATIVE_EMPIRICAL,CROSS_SECTIONAL,BETWEEN_GROUP | BETWEEN_METHOD,RANDOMIZED,NOT_APPLICABLE,,435-RA,2,3,8,7,6,0
Pd40991843198:S1,doi:10.1016/j.jval.2021.01.011,10.1016/j.jval.2021.01.011,2021,1,Conceptual analysis of the perspective used for EQ-5D-Y health-state valuation,METHODS_RESEARCH,COMPLETED,RESULTS_REPORTED,METHOD_OR_PROTOCOL_QUALITY | VALUATION_METHOD_EVALUATION,,,,,,,,20190860,2,3,7,7,1,0
Pd40a70763833:STU1,doi:10.3389/frhs.2022.803109,10.3389/frhs.2022.803109,2022,1,Association between subjective life expectancy and EQ-5D-Y-3L time trade-off valuation with a proxy perspective (Dutch valuation study data),HEALTH_PREFERENCE_RESEARCH,COMPLETED,RESULTS_REPORTED,HEALTH_STATE_VALUATION | PREFERENCE_COMPARISON,Netherlands,QUANTITATIVE_EMPIRICAL,CROSS_SECTIONAL,WITHIN_PERSON,RANDOMIZED,NOT_APPLICABLE,,,0,3,6,8,6,0
Pd420e942a278:S1,doi:10.1016/j.jval.2017.03.013,10.1016/j.jval.2017.03.013,2017,1,Cross-validation comparison of additive 20-parameter and simplified multiplicative regression models for EQ-5D-5L C-TTO health state values,METHODS_RESEARCH,COMPLETED,RESULTS_REPORTED,METHOD_OR_PROTOCOL_QUALITY | VALUATION_METHOD_EVALUATION,China | Singapore | Spain,QUANTITATIVE_EMPIRICAL,CROSS_SECTIONAL,BETWEEN_METHOD,NOT_APPLICABLE,,,2015070,0,2,7,5,3,0
Pd44d1f7862a2:S1,doi:10.1007/s11136-021-03007-9,10.1007/s11136-021-03007-9,2022,1,Systematic review of EQ-5D-3L and EQ-5D-5L feasibility in the elderly population,EVIDENCE_SYNTHESIS,COMPLETED,RESULTS_REPORTED,EVIDENCE_SYNTHESIS | MEASUREMENT_PROPERTY_EVALUATION,Australia | Canada | Germany | Netherlands | South Africa | Spain | Sweden | United Kingdom,EVIDENCE_SYNTHESIS,NOT_APPLICABLE,BETWEEN_INSTRUMENT,NOT_APPLICABLE,SYSTEMATIC_REVIEW,,2015200,0,7,4,8,4,0
Pd462ba5488e6:S1,doi:10.1016/j.jval.2024.05.016,10.1016/j.jval.2024.05.016,2024,1,Direct comparison of DCE with duration and EQ-VT valuation methods in Trinidad and Tobago,METHODS_RESEARCH,COMPLETED,RESULTS_REPORTED,HEALTH_STATE_VALUATION | PREFERENCE_COMPARISON | VALUATION_METHOD_EVALUATION,,,,,,,,341-RA,3,3,9,8,5,0
Pd4ad2b88f325:S1,doi:10.1016/j.jval.2018.05.010,10.1016/j.jval.2018.05.010,2019,1,Overview and update of the international EQ-5D-5L valuation protocol (EQ-VT): lessons learned from versions 1.0 to 2.1,METHODS_RESEARCH,COMPLETED,RESULTS_REPORTED,METHOD_OR_PROTOCOL_QUALITY | VALUATION_METHOD_EVALUATION,Canada | China | Germany | Japan | Netherlands | Norway | Singapore | Spain | United Kingdom,CONCEPTUAL | QUANTITATIVE_EMPIRICAL,VARIABLE_SOURCE_TIME,BETWEEN_METHOD,NOT_REPORTED,NARRATIVE_SYNTHESIS,,2013320 | 2014060 | 2014070,0,3,11,9,6,3
Pd51cba4684ed:S1,doi:10.1007/s11136-015-1129-x,10.1007/s11136-015-1129-x,2015,1,Impact of demographic and cultural factors on EQ-5D-5L health state preferences in the China EQ-5D-5L valuation study,HEALTH_PREFERENCE_RESEARCH,COMPLETED,RESULTS_REPORTED,PREFERENCE_COMPARISON | VALUATION_METHOD_EVALUATION,China,QUANTITATIVE_EMPIRICAL,CROSS_SECTIONAL,BETWEEN_GROUP,NONRANDOMIZED,,,2012010,0,3,6,5,3,0
Pd58581f567ed:study1,doi:10.1007/s10198-025-01823-1,10.1007/s10198-025-01823-1,2025,1,Conceptual assessment of involving children in child health-state valuation,CONCEPTUAL_FRAMEWORK_DEVELOPMENT,COMPLETED,RESULTS_REPORTED,CONCEPTUAL_FRAMEWORK_DEVELOPMENT | METHOD_OR_PROTOCOL_QUALITY,,CONCEPTUAL,NOT_APPLICABLE,NONCOMPARATIVE,NOT_APPLICABLE,NARRATIVE_SYNTHESIS,,1462-PHD,0,1,2,5,5,1
Pd5b3899f6579:S1,doi:10.1007/s40271-017-0240-1,10.1007/s40271-017-0240-1,2017,1,UK general public survey on aspects of health not captured by the EQ-5D descriptive system,MEASUREMENT_PROPERTY_EVALUATION,COMPLETED,RESULTS_REPORTED,CONTENT_VALIDITY_EVALUATION | OUTCOME_DESCRIPTION,United Kingdom,QUALITATIVE_INQUIRY,CROSS_SECTIONAL,NONCOMPARATIVE,NOT_APPLICABLE,,,2015050,0,6,8,8,6,1
Pd5c0c3c14da7:S1,doi:10.1016/j.jval.2026.04.009,10.1016/j.jval.2026.04.009,2026,1,Empirical comparison of statistical models for EQ-5D treatment effects in randomized clinical trials,METHODS_RESEARCH,COMPLETED,RESULTS_REPORTED,METHOD_OR_PROTOCOL_QUALITY,Germany,QUANTITATIVE_EMPIRICAL,LONGITUDINAL_REPEATED,BETWEEN_METHOD,NOT_APPLICABLE,NOT_APPLICABLE,,,0,3,4,8,5,0
Pd5ee3ed10ae4:study_1,doi:10.1007/s11136-024-03851-5,10.1007/s11136-024-03851-5,2025,1,Qualitative systematic review of the impact of hearing on quality of life,EVIDENCE_SYNTHESIS,COMPLETED,RESULTS_REPORTED,CONTENT_VALIDITY_EVALUATION | EVIDENCE_SYNTHESIS,Australia | Brazil | Canada | China | United Kingdom | United States,,,,,,,116-RA,2,3,5,8,5,1
Pd62fc01371ee:study1,doi:10.3389/fpubh.2023.1234320,10.3389/fpubh.2023.1234320,2023,1,Sociodemographic differences in EQ-5D-5L health-state valuation in India,HEALTH_PREFERENCE_RESEARCH,COMPLETED,RESULTS_REPORTED,HEALTH_STATE_VALUATION | PREFERENCE_COMPARISON,,QUANTITATIVE_EMPIRICAL,CROSS_SECTIONAL,BETWEEN_GROUP,NOT_APPLICABLE,,,20170520,0,3,8,8,1,0
Pd630b7208f52:S1,doi:10.1007/s11136-011-9903-x,10.1007/s11136-011-9903-x,2011,1,Development and preliminary testing of the EQ-5D-5L descriptive system in UK English and Spanish,INSTRUMENT_VERSION_DEVELOPMENT,COMPLETED,RESULTS_REPORTED,CONTENT_VALIDITY_EVALUATION | INSTRUMENT_DEVELOPMENT | TRANSLATION_AND_CULTURAL_ADAPTATION,Spain | United Kingdom,PARTICIPATORY_DESIGN,CROSS_SECTIONAL,BETWEEN_CONTEXT,NONRANDOMIZED,,,,2,6,6,7,5,2
Pd6468420d903:S1,doi:10.1007/s40273-024-01354-2,10.1007/s40273-024-01354-2,2024,1,"Comparative psychometric evaluation of generic paediatric HRQoL instruments in children with ADHD, anxiety, or depression",MEASUREMENT_PROPERTY_EVALUATION,COMPLETED,RESULTS_REPORTED,MEASUREMENT_PROPERTY_EVALUATION,Australia,QUANTITATIVE_EMPIRICAL,LONGITUDINAL_REPEATED,BETWEEN_INSTRUMENT | WITHIN_PERSON,RANDOMIZED,NOT_APPLICABLE,,330-PHD | 361-RA,0,9,10,9,9,0
Pd69df5f71f18:study_qual_adapt,doi:10.1016/j.jval.2023.06.004,10.1016/j.jval.2023.06.004,2023,1,Qualitative development of an adapted proxy EQ-5D-Y-3L for children aged 2-4 years,INSTRUMENT_VERSION_DEVELOPMENT,COMPLETED,RESULTS_REPORTED,CONTENT_VALIDITY_EVALUATION | INSTRUMENT_DEVELOPMENT,Australia,,,,,NOT_APPLICABLE,SEQUENTIAL,111-RA,2,3,6,7,4,1
Pd6a34363a6ce:S1,doi:10.1186/s12955-022-02031-8,10.1186/s12955-022-02031-8,2022,1,"Comparison of theoretical and empirical measurement properties of the US EQ-5D-3L, US EQ-5D-5L and 5L-to-3L crosswalk value sets across the health continuum",MEASUREMENT_PROPERTY_EVALUATION,COMPLETED,RESULTS_REPORTED,MEASUREMENT_PROPERTY_EVALUATION | METHOD_OR_PROTOCOL_QUALITY,Denmark | Italy | Netherlands | Poland | United Kingdom | United States,MODEL_BASED | QUANTITATIVE_EMPIRICAL,CROSS_SECTIONAL,BETWEEN_METHOD | WITHIN_PERSON,NOT_APPLICABLE,NOT_APPLICABLE,,20190360,0,3,7,8,5,0
Pd6b0c34247d2:study_main,doi:10.1007/s40273-024-01382-y,10.1007/s40273-024-01382-y,2024,1,Dimensionality assessment of four generic paediatric HRQoL instruments,MEASUREMENT_PROPERTY_EVALUATION,COMPLETED,RESULTS_REPORTED,MEASUREMENT_PROPERTY_EVALUATION,Australia,QUANTITATIVE_EMPIRICAL,CROSS_SECTIONAL,BETWEEN_CONTEXT,NOT_APPLICABLE,,,361-RA,3,4,8,9,3,0
Pd79e2191e0da:S1,doi:10.1016/j.jval.2017.09.016,10.1016/j.jval.2017.09.016,2017,1,IAHPR predictive modeling competition using exploratory and confirmatory EQ-5D-5L paired-comparison surveys in US adults,METHODS_RESEARCH,COMPLETED,RESULTS_REPORTED,HEALTH_STATE_VALUATION | METHOD_OR_PROTOCOL_QUALITY | VALUATION_METHOD_EVALUATION,United States,QUANTITATIVE_EMPIRICAL,CROSS_SECTIONAL,BETWEEN_METHOD,NONRANDOMIZED,,,2016020,2,4,10,8,7,2
Pd85974f8308b:S1,doi:10.1007/s40271-019-00380-z,10.1007/s40271-019-00380-z,2019,1,"Analysis of device and internet-connection effects on participation, response quality and EQ-5D-5L utility values in two US online DCE health preference surveys",METHODS_RESEARCH,COMPLETED,RESULTS_REPORTED,HEALTH_STATE_VALUATION | METHOD_OR_PROTOCOL_QUALITY | VALUATION_METHOD_EVALUATION,United States,QUANTITATIVE_EMPIRICAL,CROSS_SECTIONAL,BETWEEN_CONTEXT | BETWEEN_GROUP,NONRANDOMIZED,NOT_APPLICABLE,,2016690,0,3,7,10,5,0
Pd871eba8f795:study_qolacc_agreement,doi:10.1186/s41687-024-00705-z,10.1186/s41687-024-00705-z,2024,1,QOL-ACC self-report and family-proxy interrater agreement study,MEASUREMENT_PROPERTY_EVALUATION,COMPLETED,RESULTS_REPORTED,MEASUREMENT_PROPERTY_EVALUATION | PREFERENCE_COMPARISON,Australia,QUANTITATIVE_EMPIRICAL,CROSS_SECTIONAL,WITHIN_DYAD,NOT_APPLICABLE,NOT_APPLICABLE,,194-RA,0,3,10,4,5,0
Pd8a9871db92a:ST1,doi:10.1186/s12891-019-2434-2,10.1186/s12891-019-2434-2,2019,1,"Pragmatic randomized controlled trial of an individualized PROM-based patient decision aid and surgeon report for patients considering total knee arthroplasty, Edmonton Bone and Joint Centre, Alberta, Canada",APPLIED_USE_RESEARCH,PLANNED,NO_RESULTS_YET,DECISION_SUPPORT_DEVELOPMENT | IMPLEMENTATION_EVALUATION | OUTCOME_DESCRIPTION,Canada,QUANTITATIVE_EMPIRICAL,LONGITUDINAL_REPEATED,BETWEEN_GROUP,RANDOMIZED,NOT_APPLICABLE,,2016030,0,10,10,4,6,2
Pd973a2060b41:S1,Pd973a2060b41,,2020,1,E-QALY Stage 3: international face and content validity testing of candidate items for a new generic preference-based measure,INSTRUMENT_VERSION_DEVELOPMENT,COMPLETED,RESULTS_REPORTED,CONTENT_VALIDITY_EVALUATION | INSTRUMENT_DEVELOPMENT | TRANSLATION_AND_CULTURAL_ADAPTATION,Australia | China | Germany | United Kingdom | United States,QUALITATIVE_INQUIRY | TRANSLATION_ADAPTATION_WORKFLOW,CROSS_SECTIONAL,BETWEEN_CONTEXT,NOT_APPLICABLE,,,20170660 | 20170670 | 20180010 | 20180060 | 20180080,0,3,4,7,0,1
Pd988aa68ef3e:study1,doi:10.1186/s41687-024-00770-4,10.1186/s41687-024-00770-4,2024,1,Within-person comparison of EQ-5D youth and adult descriptive systems in adolescents,MEASUREMENT_PROPERTY_EVALUATION,COMPLETED,RESULTS_REPORTED,IMPLEMENTATION_EVALUATION | MEASUREMENT_PROPERTY_EVALUATION,Ethiopia | South Africa,QUALITATIVE_INQUIRY | QUANTITATIVE_EMPIRICAL,CROSS_SECTIONAL,WITHIN_PERSON,RANDOMIZED,NOT_APPLICABLE,EMBEDDED,147-RA,2,9,12,9,6,0
Pd9ca6937af59:study1,doi:10.1016/j.jval.2025.04.2160,10.1016/j.jval.2025.04.2160,2025,1,"Comparative psychometric evaluation of EQ-HWB, EQ-HWB-S, EQ-5D-5L, and ICECAP-A in Ireland",MEASUREMENT_PROPERTY_EVALUATION,COMPLETED,RESULTS_REPORTED,MEASUREMENT_PROPERTY_EVALUATION,,QUANTITATIVE_EMPIRICAL,CROSS_SECTIONAL,BETWEEN_INSTRUMENT,NOT_APPLICABLE,NOT_APPLICABLE,,1676-RA,0,4,12,6,5,0
Pda4dd0296aa0:study1,doi:10.1007/s10198-025-01770-x,10.1007/s10198-025-01770-x,2025,1,"Brazilian comparison of EQ-5D-Y-3L, EQ-5D-Y-5L, and CHU9D measurement properties",MEASUREMENT_PROPERTY_EVALUATION,COMPLETED,RESULTS_REPORTED,MEASUREMENT_PROPERTY_EVALUATION,Brazil,QUANTITATIVE_EMPIRICAL,LONGITUDINAL_REPEATED,BETWEEN_GROUP | BETWEEN_INSTRUMENT | WITHIN_PERSON,RANDOMIZED,NOT_APPLICABLE,,218-RA,0,7,15,7,8,0
Pdb6a65ddab88:S1,doi:10.1007/s11136-020-02730-z,10.1007/s11136-020-02730-z,2021,1,Tunisian EQ-5D-3L valuation study,VALUE_SET_DEVELOPMENT,COMPLETED,RESULTS_REPORTED,HEALTH_STATE_VALUATION | VALUATION_METHOD_EVALUATION | VALUE_SET_DEVELOPMENT,,QUANTITATIVE_EMPIRICAL,CROSS_SECTIONAL,BETWEEN_METHOD,RANDOMIZED,NOT_APPLICABLE,,20190040,0,3,7,8,3,2
Pdb91becc0ce5:S1,doi:10.1186/s12955-022-02015-8,10.1186/s12955-022-02015-8,2022,1,Prediction of panel attrition in a three-wave online longitudinal HRQoL survey conducted in the US during the COVID-19 pandemic (April 2020 - March 2021),METHODS_RESEARCH,COMPLETED,RESULTS_REPORTED,METHOD_OR_PROTOCOL_QUALITY | OUTCOME_DESCRIPTION,United States,QUANTITATIVE_EMPIRICAL,LONGITUDINAL_REPEATED,BETWEEN_GROUP,NOT_APPLICABLE,NOT_APPLICABLE,,84-RA,0,8,7,11,6,0
Pdbf006e1c2a9:S1,doi:10.1007/s10198-026-01972-x,10.1007/s10198-026-01972-x,2026,1,Measurement properties and agreement of Tigrinya EQ-5D-Y-5L administration modes,MEASUREMENT_PROPERTY_EVALUATION,COMPLETED,RESULTS_REPORTED,IMPLEMENTATION_EVALUATION | MEASUREMENT_PROPERTY_EVALUATION,Ethiopia,QUANTITATIVE_EMPIRICAL,LONGITUDINAL_REPEATED,BETWEEN_METHOD | WITHIN_DYAD | WITHIN_PERSON,RANDOMIZED,NOT_APPLICABLE,,,0,5,18,8,6,0
Pdbf38afc9f3d:S1,doi:10.1016/j.jval.2022.01.015,10.1016/j.jval.2022.01.015,2022,1,Sensitivity and specificity of repeated and dominant choice tasks as internal validity tests in discrete choice experiments,METHODS_RESEARCH,COMPLETED,RESULTS_REPORTED,EVIDENCE_SYNTHESIS | METHOD_OR_PROTOCOL_QUALITY | PREFERENCE_COMPARISON,United States,QUANTITATIVE_EMPIRICAL,CROSS_SECTIONAL,BETWEEN_METHOD,,,,20191070,3,1,17,10,5,0
Pdc88e22d1afa:S1,doi:10.1186/s12955-025-02456-x,10.1186/s12955-025-02456-x,2025,1,Think-aloud feasibility study of DCE valuation for the adapted EQ-5D-Y-3L for ages 2–4,METHODS_RESEARCH,COMPLETED,RESULTS_REPORTED,HEALTH_STATE_VALUATION | VALUATION_METHOD_EVALUATION,Australia,,,,,,EMBEDDED,111-RA,2,4,7,9,6,0
Pdd3be61d6287:S1,doi:10.1080/08039488.2023.2289915,10.1080/08039488.2023.2289915,2023,1,Pulse width and HRQoL after electroconvulsive therapy,HEALTH_OUTCOME_RESEARCH,COMPLETED,RESULTS_REPORTED,OUTCOME_DESCRIPTION,Sweden,QUANTITATIVE_EMPIRICAL,LONGITUDINAL_REPEATED,BETWEEN_GROUP,NONRANDOMIZED,NOT_APPLICABLE,,,0,2,8,6,7,0
Pdd3d4c609f52:study_morocco_5l,doi:10.1007/s11136-025-03930-1,10.1007/s11136-025-03930-1,2025,1,Moroccan EQ-5D-5L valuation study,VALUE_SET_DEVELOPMENT,COMPLETED,RESULTS_REPORTED,HEALTH_STATE_VALUATION | VALUE_SET_DEVELOPMENT,Morocco,QUANTITATIVE_EMPIRICAL,CROSS_SECTIONAL,BETWEEN_METHOD,NOT_APPLICABLE,NOT_APPLICABLE,,1411-VS,0,3,9,8,2,1
Pddf0b2512838:study1,doi:10.1007/s40273-020-00994-4,10.1007/s40273-020-00994-4,2021,1,Slovenian EQ-5D-Y-3L valuation study,VALUE_SET_DEVELOPMENT,COMPLETED,RESULTS_REPORTED,HEALTH_STATE_VALUATION | VALUE_SET_DEVELOPMENT,Slovenia,,,,,,,20180510,2,5,7,4,4,1
Pde2f886274c3:study1,doi:10.1186/s41687-026-01113-1,10.1186/s41687-026-01113-1,2026,1,Comparison of experimental EQ-TIPS-3L and EQ-TIPS-5L performance in infants and toddlers with chronic conditions,MEASUREMENT_PROPERTY_EVALUATION,COMPLETED,RESULTS_REPORTED,MEASUREMENT_PROPERTY_EVALUATION,South Africa,QUANTITATIVE_EMPIRICAL,CROSS_SECTIONAL,WITHIN_PERSON,RANDOMIZED,NOT_APPLICABLE,,1681-RA,0,4,11,6,4,0
Pde6810fbd427:S1,doi:10.1016/j.jval.2021.11.1371,10.1016/j.jval.2021.11.1371,2022,1,"Qualitative review of quality-of-life domains for patients, social care users and informal carers to inform the EQ-HWB descriptive system",INSTRUMENT_VERSION_DEVELOPMENT,COMPLETED,RESULTS_REPORTED,CONCEPTUAL_FRAMEWORK_DEVELOPMENT | EVIDENCE_SYNTHESIS | INSTRUMENT_DEVELOPMENT,Australia | Canada | United Kingdom | United States,EVIDENCE_SYNTHESIS | PARTICIPATORY_DESIGN | QUALITATIVE_INQUIRY,NOT_APPLICABLE,NONCOMPARATIVE,NOT_APPLICABLE,NARRATIVE_SYNTHESIS,,,0,16,5,8,9,1
Pdeb1829a580c:S1,doi:10.1016/j.jval.2017.10.002,10.1016/j.jval.2017.10.002,2017,1,"Randomized five-arm DCE experiment on level overlap and color coding and attribute non-attendance (EQ-5D-5L, Dutch general population)",METHODS_RESEARCH,COMPLETED,RESULTS_REPORTED,METHOD_OR_PROTOCOL_QUALITY | VALUATION_METHOD_EVALUATION,Netherlands,QUANTITATIVE_EMPIRICAL,CROSS_SECTIONAL,BETWEEN_METHOD,RANDOMIZED,,,2015430,0,2,9,5,4,0
Pdf0647e304ac:study_main,doi:10.1177/0272989x20969686,10.1177/0272989x20969686,2021,1,Development and pairwise-choice evaluation of five EQ-5D-5L bolt-ons,METHODS_RESEARCH,COMPLETED,RESULTS_REPORTED,HEALTH_STATE_VALUATION | INSTRUMENT_DEVELOPMENT | PREFERENCE_COMPARISON | VALUATION_METHOD_EVALUATION,United Kingdom,,,,,,SEQUENTIAL,20170210,2,12,9,7,4,1
Pdfdf579023c4:S1,doi:10.1177/0272989x18765184,10.1177/0272989x18765184,2018,1,Literature review and scale-theoretic analysis of setting dead at zero in the QALY model,METHODS_RESEARCH,COMPLETED,RESULTS_REPORTED,CONCEPTUAL_FRAMEWORK_DEVELOPMENT | EVIDENCE_SYNTHESIS | VALUATION_METHOD_EVALUATION,,CONCEPTUAL,NOT_APPLICABLE,NONCOMPARATIVE,NOT_APPLICABLE,NARRATIVE_SYNTHESIS,,2015150,0,2,9,5,2,0
Pe06cdad313e9:st1,doi:10.1002/hec.4457,10.1002/hec.4457,2022,1,Bayesian latent class re-analysis of two Australian DCE-with-duration valuation datasets to test whether respondents use a multiplicative utility function,METHODS_RESEARCH,COMPLETED,RESULTS_REPORTED,METHOD_OR_PROTOCOL_QUALITY | VALUATION_METHOD_EVALUATION,Australia,MODEL_BASED | QUANTITATIVE_EMPIRICAL,CROSS_SECTIONAL,BETWEEN_INSTRUMENT | BETWEEN_METHOD,NOT_APPLICABLE,NOT_APPLICABLE,,,2,4,6,6,4,0
Pe0992ff81f11:S1,doi:10.1007/s40271-023-00657-4,10.1007/s40271-023-00657-4,2023,1,HRQoL measurement and caregiver burden in children dependent on breathing technology,MEASUREMENT_PROPERTY_EVALUATION,COMPLETED,RESULTS_REPORTED,MEASUREMENT_PROPERTY_EVALUATION | OUTCOME_DESCRIPTION,South Africa,,,,,,,426-RA,2,10,9,9,4,0
Pe09fb447badf:S1,doi:10.1186/s41687-022-00437-y,10.1186/s41687-022-00437-y,2022,1,Patient and public involvement and engagement (PPIE) within the development of the EQ Health and Wellbeing (EQ-HWB) measure in the Extending the QALY project,METHODS_RESEARCH,COMPLETED,RESULTS_REPORTED,CONTENT_VALIDITY_EVALUATION | IMPLEMENTATION_EVALUATION | INSTRUMENT_DEVELOPMENT,United Kingdom,PARTICIPATORY_DESIGN | QUALITATIVE_INQUIRY,LONGITUDINAL_REPEATED,NONCOMPARATIVE,NOT_APPLICABLE,NOT_APPLICABLE,,,0,2,5,6,5,1
Pe0db2a72d7a9:study_main,doi:10.1007/s11136-023-03394-1,10.1007/s11136-023-03394-1,2023,1,Urban-rural comparison of EQ-5D-5L health-state preferences in a multi-ethnic region of China,HEALTH_PREFERENCE_RESEARCH,COMPLETED,RESULTS_REPORTED,HEALTH_STATE_VALUATION | PREFERENCE_COMPARISON,China,,,,,,,,3,3,11,7,4,0
Pe11eddb44c0d:S1,doi:10.1007/s40273-025-01493-0,10.1007/s40273-025-01493-0,2025,1,Systematic review of child-versus-adult health-state valuation perspectives,EVIDENCE_SYNTHESIS,COMPLETED,RESULTS_REPORTED,EVIDENCE_SYNTHESIS | PREFERENCE_COMPARISON | VALUATION_METHOD_EVALUATION,Australia,EVIDENCE_SYNTHESIS,VARIABLE_SOURCE_TIME,BETWEEN_CONTEXT,NOT_APPLICABLE,NARRATIVE_SYNTHESIS | SYSTEMATIC_REVIEW,,348-PHD,0,7,12,11,6,1
Pe12aeb58dac7:S1,doi:10.1007/s40273-022-01172-4,10.1007/s40273-022-01172-4,2022,1,Head-to-head comparison of EQ-5D-3L and EQ-5D-5L responsiveness in German rehabilitation and Polish stroke patients using nine country-specific value set pairs plus a US methodological pair,MEASUREMENT_PROPERTY_EVALUATION,COMPLETED,RESULTS_REPORTED,MEASUREMENT_PROPERTY_EVALUATION,Germany | Poland,QUANTITATIVE_EMPIRICAL,LONGITUDINAL_REPEATED,BETWEEN_CONTEXT | BETWEEN_INSTRUMENT | WITHIN_PERSON,NOT_APPLICABLE,NOT_APPLICABLE,,20170600,0,5,10,12,9,0
Pe14134fb3e6c:S1,doi:10.1007/s11238-019-09707-6,10.1007/s11238-019-09707-6,2019,1,"Extended time trade-off experiment eliciting imprecise (fuzzy) utilities of EQ-5D-3L health states in 184 Polish students, with comparison of crisp, fuzzy-crisp and fuzzy-fuzzy modelling approaches",METHODS_RESEARCH,COMPLETED,RESULTS_REPORTED,HEALTH_STATE_VALUATION | VALUATION_METHOD_EVALUATION | VALUE_SET_DEVELOPMENT,Poland,MODEL_BASED | QUANTITATIVE_EMPIRICAL,CROSS_SECTIONAL,BETWEEN_METHOD,NOT_REPORTED,NOT_APPLICABLE,,2015320,0,3,12,17,8,1
Pe143ca57deaa:S1,doi:10.1007/s11136-022-03155-6,10.1007/s11136-022-03155-6,2022,1,"Threshold explanation for the apparent insensitivity of negative composite time trade-off values to health state severity, tested on Dutch EQ-5D-5L valuation data",METHODS_RESEARCH,COMPLETED,RESULTS_REPORTED,METHOD_OR_PROTOCOL_QUALITY | VALUATION_METHOD_EVALUATION,Netherlands,QUANTITATIVE_EMPIRICAL,CROSS_SECTIONAL,BETWEEN_GROUP,NOT_APPLICABLE,NOT_APPLICABLE,,20180340R1,0,2,6,6,3,0
Pe15be479d9d7:S1,doi:10.1007/s40258-025-00954-z,10.1007/s40258-025-00954-z,2025,1,Head-on comparison of EQ-VT- and crosswalk-based EQ-5D-5L value sets,METHODS_RESEARCH,COMPLETED,RESULTS_REPORTED,MAPPING_OR_CROSSWALK | PREFERENCE_COMPARISON | VALUATION_METHOD_EVALUATION,Canada | China | Denmark | France | Germany | Hungary | Italy | Japan | Netherlands | Poland | Romania | South Korea | Spain | Taiwan | Thailand | United States,,,,,,,1767-RA,3,7,18,7,1,0
Pe29f0c3a3e31:S1,doi:10.1016/j.jval.2022.07.013,10.1016/j.jval.2022.07.013,2022,1,Introduction and empirical evaluation of the garbage class mixed logit model for accounting for low-quality response patterns in discrete choice experiments,METHODS_RESEARCH,COMPLETED,RESULTS_REPORTED,METHOD_OR_PROTOCOL_QUALITY,United States,MODEL_BASED,CROSS_SECTIONAL,BETWEEN_METHOD,NOT_APPLICABLE,NOT_APPLICABLE,,1413-RA,0,1,11,6,6,0
Pe3968d5e397c:STU1,doi:10.1186/s41687-022-00474-7,10.1186/s41687-022-00474-7,2022,1,Comparative construct validity of the EQ-5D-5L and the CDC Healthy Days measures in the 2014 Alberta Community Health Survey,MEASUREMENT_PROPERTY_EVALUATION,COMPLETED,RESULTS_REPORTED,MEASUREMENT_PROPERTY_EVALUATION | OUTCOME_DESCRIPTION,Canada,QUANTITATIVE_EMPIRICAL,CROSS_SECTIONAL,BETWEEN_GROUP | BETWEEN_INSTRUMENT,NOT_APPLICABLE,NOT_APPLICABLE,,,0,4,10,9,3,0
Pe3a57f3f3f79:S1,doi:10.1016/j.jval.2018.10.002,10.1016/j.jval.2018.10.002,2018,1,Secondary analysis of composite TTO data from five EQ-5D-5L valuation studies to assess discriminative ability of negative (worse-than-death) values,METHODS_RESEARCH,COMPLETED,RESULTS_REPORTED,METHOD_OR_PROTOCOL_QUALITY | VALUATION_METHOD_EVALUATION,Canada | China | Netherlands | Singapore | Thailand,QUANTITATIVE_EMPIRICAL,CROSS_SECTIONAL,BETWEEN_METHOD,NOT_APPLICABLE,,,,0,1,6,4,1,0
Pe3cf8dfc1161:S1,doi:10.1186/s12955-023-02148-4,10.1186/s12955-023-02148-4,2023,1,"Caregiver eHealth literacy, financial well-being, mental health, and pediatric OI HRQoL survey",HEALTH_OUTCOME_RESEARCH,COMPLETED,RESULTS_REPORTED,OUTCOME_DESCRIPTION,China,QUANTITATIVE_EMPIRICAL,CROSS_SECTIONAL,BETWEEN_GROUP,NOT_APPLICABLE,NOT_APPLICABLE,,85-RA,0,4,5,8,3,0
Pe41bc275bbd7:S1,doi:10.1007/s40273-024-01351-5,10.1007/s40273-024-01351-5,2024,1,EQ-HWB-S validity in Australian parents of children with and without health conditions,MEASUREMENT_PROPERTY_EVALUATION,COMPLETED,RESULTS_REPORTED,MEASUREMENT_PROPERTY_EVALUATION,Australia,QUANTITATIVE_EMPIRICAL,CROSS_SECTIONAL,BETWEEN_GROUP,NOT_APPLICABLE,NOT_APPLICABLE,,,0,4,9,7,7,0
Pe4351b6a965f:s1,doi:10.1007/s10198-019-01156-w,10.1007/s10198-019-01156-w,2020,1,Vision bolt-on responsiveness in cataract surgery,MEASUREMENT_PROPERTY_EVALUATION,COMPLETED,RESULTS_REPORTED,MEASUREMENT_PROPERTY_EVALUATION,Singapore,QUANTITATIVE_EMPIRICAL,LONGITUDINAL_REPEATED,WITHIN_PERSON,RANDOMIZED,NOT_APPLICABLE,,2016310,0,8,8,6,4,0
Pe4d3834f8554:study1,doi:10.3389/fpubh.2022.959252,10.3389/fpubh.2022.959252,2023,1,Cross-country analysis of socio-demographic differences in EQ-5D-3L self-reported health,METHODS_RESEARCH,COMPLETED,RESULTS_REPORTED,METHOD_OR_PROTOCOL_QUALITY | OUTCOME_DESCRIPTION,Belgium | China | Denmark | France | Germany | Hungary | Italy | Netherlands | Slovenia | South Korea | Spain | Sweden | Thailand | United Kingdom | United States,,,,,,,,2,2,4,7,6,0
Pe4e588ef0cc3:S1,doi:10.1016/j.pmedr.2022.101977,10.1016/j.pmedr.2022.101977,2022,1,"National online cross-sectional survey of COVID-19 vaccine acceptance and coverage among US pregnant persons, May to July 2021",HEALTH_OUTCOME_RESEARCH,COMPLETED,RESULTS_REPORTED,OUTCOME_DESCRIPTION,United States,QUANTITATIVE_EMPIRICAL,CROSS_SECTIONAL,BETWEEN_GROUP,NOT_APPLICABLE,NOT_APPLICABLE,,260-RA,0,2,7,7,3,0
Pe55371719d20:S1,doi:10.1016/j.ocarto.2022.100286,10.1016/j.ocarto.2022.100286,2022,1,"Pragmatic randomized controlled trial of an online individualised EQ-5D-based patient decision aid plus surgeon report for patients considering total knee arthroplasty in routine care (Edmonton, Canada)",APPLIED_USE_RESEARCH,COMPLETED,RESULTS_REPORTED,DECISION_SUPPORT_DEVELOPMENT | IMPLEMENTATION_EVALUATION | OUTCOME_DESCRIPTION,Canada,QUANTITATIVE_EMPIRICAL,LONGITUDINAL_REPEATED,BETWEEN_GROUP,RANDOMIZED,NOT_APPLICABLE,,2016030,0,9,8,9,8,2
Pe5753c21a478:S1,doi:10.1007/s40273-014-0168-4,10.1007/s40273-014-0168-4,2014,1,Web-based Better than Dead valuation study of EQ-5D-3L health states in a Dutch general population sample,METHODS_RESEARCH,COMPLETED,RESULTS_REPORTED,HEALTH_STATE_VALUATION | METHOD_OR_PROTOCOL_QUALITY | VALUATION_METHOD_EVALUATION,Netherlands,QUANTITATIVE_EMPIRICAL,LONGITUDINAL_REPEATED,WITHIN_PERSON,RANDOMIZED,,,2013010,0,2,8,6,4,1
Pe590a6031e94:study_main,doi:10.1007/s40273-025-01530-y,10.1007/s40273-025-01530-y,2025,1,Canadian EQ-5D-Y-5L preference elicitation and anchoring study,METHODS_RESEARCH,COMPLETED,RESULTS_REPORTED,HEALTH_STATE_VALUATION | PREFERENCE_COMPARISON | VALUATION_METHOD_EVALUATION,Canada,QUANTITATIVE_EMPIRICAL,CROSS_SECTIONAL,BETWEEN_GROUP | BETWEEN_METHOD,RANDOMIZED,,,1404-RA,3,4,8,6,4,0
Pe5e3b7e1fec4:study1,doi:10.1186/s12955-024-02305-3,10.1186/s12955-024-02305-3,2024,1,Psychometric evaluation of the Amharic EQ-5D-5L in Ethiopian cervical cancer patients,MEASUREMENT_PROPERTY_EVALUATION,COMPLETED,RESULTS_REPORTED,MEASUREMENT_PROPERTY_EVALUATION | OUTCOME_DESCRIPTION,Ethiopia,QUANTITATIVE_EMPIRICAL,LONGITUDINAL_REPEATED,WITHIN_PERSON,NOT_APPLICABLE,NOT_APPLICABLE,,343-RA,0,8,14,7,4,0
Pe650b362c8a4:S1,doi:10.1016/j.jval.2019.10.013,10.1016/j.jval.2019.10.013,2020,1,Response and reanalysis of quality-assurance claims about the England EQ-5D-5L value set,METHODS_RESEARCH,COMPLETED,RESULTS_REPORTED,METHOD_OR_PROTOCOL_QUALITY | VALUATION_METHOD_EVALUATION,United Kingdom,,,,,,,2014020 | 2014025,2,2,9,12,0,0
Pe655df30ac00:study1,doi:10.3390/econometrics11010004,10.3390/econometrics11010004,2023,1,Simulation study of conditional logit estimates under preference heterogeneity,METHODS_RESEARCH,COMPLETED,RESULTS_REPORTED,METHOD_OR_PROTOCOL_QUALITY,,MODEL_BASED,NOT_APPLICABLE,BETWEEN_METHOD,NOT_APPLICABLE,NOT_APPLICABLE,,304-PHD,0,0,6,4,3,0
Pe744a4ae063e:S1,doi:10.1177/0272989x13480852,10.1177/0272989x13480852,2013,1,"Systematic review of EQ-5D valuation studies, meta-regression of observed TTO utilities, and development of the CREATE reporting checklist",EVIDENCE_SYNTHESIS,COMPLETED,RESULTS_REPORTED,EVIDENCE_SYNTHESIS | METHOD_OR_PROTOCOL_QUALITY | VALUATION_METHOD_EVALUATION,Canada | France | Germany | Japan | Netherlands | Poland | South Korea | United Kingdom | United States,,,,,,,2013230,3,5,5,8,3,1
Pe79fb0f257e1:S1,doi:10.3390/ijerph19138208,10.3390/ijerph19138208,2022,1,Cross-sectional secondary analysis of BURQOL-RD data on HRQOL and perceived burden of informal caregivers of rare-disease patients in six European countries,HEALTH_OUTCOME_RESEARCH,COMPLETED,RESULTS_REPORTED,MEASUREMENT_PROPERTY_EVALUATION | OUTCOME_DESCRIPTION,France | Germany | Italy | Spain | Sweden | United Kingdom,QUANTITATIVE_EMPIRICAL,CROSS_SECTIONAL,BETWEEN_GROUP,NOT_APPLICABLE,NOT_APPLICABLE,,2014210,0,5,9,12,5,0
Pe7c291a2ab75:S1,doi:10.1007/s40271-017-0292-2,10.1007/s40271-017-0292-2,2018,1,"Conceptual framework for classifying types of experience in health valuation, with literature review and classification of value sets",CONCEPTUAL_FRAMEWORK_DEVELOPMENT,COMPLETED,RESULTS_REPORTED,CONCEPTUAL_FRAMEWORK_DEVELOPMENT | EVIDENCE_SYNTHESIS | VALUATION_METHOD_EVALUATION,Denmark | Germany | Netherlands | Spain | Sweden | Thailand | United Kingdom | United States,CONCEPTUAL,NOT_APPLICABLE,BETWEEN_METHOD,NOT_APPLICABLE,NARRATIVE_SYNTHESIS,,2016460,0,5,7,5,5,1
Pe8f86ffb599b:S1,doi:10.1007/s10198-021-01412-y,10.1007/s10198-021-01412-y,2022,1,Reliability and known-group validity of the Amharic (Ethiopia) EQ-5D-5L in school-sample adolescents and adolescents with major mental health disorders,MEASUREMENT_PROPERTY_EVALUATION,COMPLETED,RESULTS_REPORTED,MEASUREMENT_PROPERTY_EVALUATION | OUTCOME_DESCRIPTION,Ethiopia,QUANTITATIVE_EMPIRICAL,LONGITUDINAL_REPEATED,BETWEEN_GROUP | WITHIN_PERSON,NOT_APPLICABLE,NOT_APPLICABLE,,20180500,0,3,9,8,4,0
Pe90165c50d0d:s1,doi:10.3390/cancers16091630,10.3390/cancers16091630,2024,1,"Prospective comparison of patient-reported outcomes after TURBT, TULA, and cystoscopy",HEALTH_OUTCOME_RESEARCH,COMPLETED,RESULTS_REPORTED,OUTCOME_DESCRIPTION,Denmark,QUANTITATIVE_EMPIRICAL,LONGITUDINAL_REPEATED,BETWEEN_GROUP,NONRANDOMIZED,NOT_APPLICABLE,,,0,5,9,5,4,0
Pe91f9e8bfcb1:study_1,doi:10.1007/s40273-023-01330-2,10.1007/s40273-023-01330-2,2024,1,Comparative psychometric evaluation of six generic paediatric HRQoL descriptive systems,MEASUREMENT_PROPERTY_EVALUATION,COMPLETED,RESULTS_REPORTED,MEASUREMENT_PROPERTY_EVALUATION,Australia,QUANTITATIVE_EMPIRICAL,LONGITUDINAL_REPEATED,BETWEEN_INSTRUMENT | WITHIN_PERSON,RANDOMIZED,NOT_APPLICABLE,,330-PHD | 361-RA,0,9,9,6,6,0
Pe9d83c188e6a:study_main,doi:10.1016/j.jval.2025.11.004,10.1016/j.jval.2025.11.004,2025,1,"UK study of perspective, duration, and views on death in valuations of severe EQ-5D-Y-3L health states",HEALTH_PREFERENCE_RESEARCH,COMPLETED,RESULTS_REPORTED,HEALTH_STATE_VALUATION | METHOD_OR_PROTOCOL_QUALITY | PREFERENCE_COMPARISON,United Kingdom,QUANTITATIVE_EMPIRICAL,CROSS_SECTIONAL,BETWEEN_GROUP | BETWEEN_METHOD | WITHIN_PERSON,RANDOMIZED,,,1602-RA,2,4,9,7,6,0
Pea4eebcab8d1:study1,doi:10.1186/s41687-020-00222-9,10.1186/s41687-020-00222-9,2020,1,Survey of terminology used for EQ-5D and its versions in published literature,METHODS_RESEARCH,COMPLETED,RESULTS_REPORTED,METHOD_OR_PROTOCOL_QUALITY,,,,,,,,,3,4,5,4,1,0
Peb0a649836e9:study1,doi:10.1097/mlr.0000000000002315,10.1097/mlr.0000000000002315,2026,1,Incremental predictive value of PROMs for unplanned hospital readmission,METHODS_RESEARCH,COMPLETED,RESULTS_REPORTED,DECISION_SUPPORT_DEVELOPMENT | METHOD_OR_PROTOCOL_QUALITY,Canada,QUANTITATIVE_EMPIRICAL,LONGITUDINAL_REPEATED,BETWEEN_METHOD,NOT_APPLICABLE,,,1787-RA,0,4,12,8,4,0
Peb11202f5b30:study_main,doi:10.1186/s12955-026-02497-w,10.1186/s12955-026-02497-w,2026,1,Cross-sectional analysis of anxiety/depression and physical-health reporting within EQ-5D-5L,HEALTH_OUTCOME_RESEARCH,COMPLETED,RESULTS_REPORTED,OUTCOME_DESCRIPTION,China,QUANTITATIVE_EMPIRICAL,CROSS_SECTIONAL,BETWEEN_GROUP,NOT_APPLICABLE,NOT_APPLICABLE,,,2,4,7,4,6,0
Pebb60c8575a8:study_main,doi:10.1007/s12144-025-07317-w,10.1007/s12144-025-07317-w,2025,1,"Basque adaptation and psychometric validation of BI, EQ-5D-5L, and PHQ-9",INSTRUMENT_VERSION_DEVELOPMENT,COMPLETED,RESULTS_REPORTED,MEASUREMENT_PROPERTY_EVALUATION | TRANSLATION_AND_CULTURAL_ADAPTATION,Spain,,,,,,SEQUENTIAL,,2,8,11,8,8,3
Pebe5a74ec27e:S1,doi:10.1371/journal.pone.0272252,10.1371/journal.pone.0272252,2022,1,"Cross-sectional web survey of health-related quality of life (EQ-5D-5L) and its social, occupational, and health-care-access determinants among New York City and New York State residents during the first COVID-19 wave (April–May 2020), analysed separately for healthy and diseased respondents",HEALTH_OUTCOME_RESEARCH,COMPLETED,RESULTS_REPORTED,OUTCOME_DESCRIPTION,United States,QUANTITATIVE_EMPIRICAL,CROSS_SECTIONAL,BETWEEN_GROUP,NOT_APPLICABLE,,,77-RA,0,3,8,8,5,0
Pec0c54209227:study_1,doi:10.1016/j.jval.2025.05.012,10.1016/j.jval.2025.05.012,2025,1,Psychometric performance of quality-of-life measures in residential aged care,MEASUREMENT_PROPERTY_EVALUATION,COMPLETED,RESULTS_REPORTED,IMPLEMENTATION_EVALUATION | MEASUREMENT_PROPERTY_EVALUATION,Australia,QUANTITATIVE_EMPIRICAL,CROSS_SECTIONAL,BETWEEN_GROUP | BETWEEN_INSTRUMENT | WITHIN_DYAD,RANDOMIZED,NOT_APPLICABLE,,150-RA,0,12,12,10,9,0
Pec7f33671032:study_main,doi:10.1186/s12955-020-1271-1,10.1186/s12955-020-1271-1,2020,1,Development of a proxy HRQoL item bank for children aged 0-3 years,INSTRUMENT_VERSION_DEVELOPMENT,COMPLETED,RESULTS_REPORTED,CONTENT_VALIDITY_EVALUATION | EVIDENCE_SYNTHESIS | INSTRUMENT_DEVELOPMENT,South Africa,,,,,,,2016180,3,3,10,5,2,1
Pedbf8703508d:S1,doi:10.1007/s11136-026-04242-8,10.1007/s11136-026-04242-8,2026,1,PROMIS-16 and EQ-5D-5L measurement-property comparison,MEASUREMENT_PROPERTY_EVALUATION,COMPLETED,RESULTS_REPORTED,MEASUREMENT_PROPERTY_EVALUATION,United States,QUANTITATIVE_EMPIRICAL,CROSS_SECTIONAL,BETWEEN_INSTRUMENT,NOT_APPLICABLE,NOT_APPLICABLE,,464-RA,0,3,8,6,6,0
Pedd9b7be8970:S1,doi:10.1007/s11136-026-04189-w,10.1007/s11136-026-04189-w,2026,1,Cognitive interview study of decision-making in DCE-with-duration health-state valuation tasks,METHODS_RESEARCH,COMPLETED,RESULTS_REPORTED,METHOD_OR_PROTOCOL_QUALITY | VALUATION_METHOD_EVALUATION,Australia,QUALITATIVE_INQUIRY,,,,,,,2,3,6,9,5,0
Peddf274fd6b2:S1,doi:10.1016/j.jval.2026.06.003,10.1016/j.jval.2026.06.003,2026,1,Systematic review of vision and hearing bolt-ons for EQ-5D-3L and EQ-5D-5L,EVIDENCE_SYNTHESIS,COMPLETED,RESULTS_REPORTED,EVIDENCE_SYNTHESIS,China | Hungary | Malaysia | Singapore | South Korea | United Kingdom,EVIDENCE_SYNTHESIS,NOT_APPLICABLE,BETWEEN_INSTRUMENT,NOT_APPLICABLE,NARRATIVE_SYNTHESIS | SYSTEMATIC_REVIEW,,2084-RA,2,10,21,12,8,0
Pedec05b943b5:study_1,doi:10.1007/s40273-022-01205-y,10.1007/s40273-022-01205-y,2023,1,Systematic review of psychometric properties of generic preference-weighted measures for children and adolescents,EVIDENCE_SYNTHESIS,COMPLETED,RESULTS_REPORTED,EVIDENCE_SYNTHESIS | MEASUREMENT_PROPERTY_EVALUATION,,EVIDENCE_SYNTHESIS,NOT_APPLICABLE,BETWEEN_INSTRUMENT,NOT_APPLICABLE,NARRATIVE_SYNTHESIS | SYSTEMATIC_REVIEW,,232-RA,0,6,5,9,4,0
Pf02567f35c42:S1,doi:10.1016/j.socscimed.2022.115370,10.1016/j.socscimed.2022.115370,2022,1,"Dimensionality of health, social care and wellbeing measures in the Australian OMS dataset and identification of candidate EQ-5D-5L bolt-ons",INSTRUMENT_VERSION_DEVELOPMENT,COMPLETED,RESULTS_REPORTED,CONCEPTUAL_FRAMEWORK_DEVELOPMENT | INSTRUMENT_DEVELOPMENT | MEASUREMENT_PROPERTY_EVALUATION,Australia,MODEL_BASED | QUALITATIVE_INQUIRY | QUANTITATIVE_EMPIRICAL,CROSS_SECTIONAL,BETWEEN_INSTRUMENT,NOT_APPLICABLE,NOT_APPLICABLE,SEQUENTIAL,99-RA,0,8,12,10,5,2
Pf05fd66710df:S1,doi:10.1186/s12955-017-0590-3,10.1186/s12955-017-0590-3,2017,1,"Longitudinal psychometric, feasibility and usefulness evaluation of the EQ-5D-Y self-report in children aged 8-12 with different health states, Western Cape, South Africa",MEASUREMENT_PROPERTY_EVALUATION,COMPLETED,RESULTS_REPORTED,IMPLEMENTATION_EVALUATION | MEASUREMENT_PROPERTY_EVALUATION,South Africa,,,,,,,,2,6,9,7,4,0
Pf074988f4a87:s1,doi:10.1016/j.jclinepi.2025.111982,10.1016/j.jclinepi.2025.111982,2025,1,Longitudinal head-to-head evaluation of five pediatric HRQoL instruments in heart disease,MEASUREMENT_PROPERTY_EVALUATION,COMPLETED,RESULTS_REPORTED,MEASUREMENT_PROPERTY_EVALUATION,Singapore,QUANTITATIVE_EMPIRICAL,LONGITUDINAL_REPEATED,BETWEEN_INSTRUMENT,RANDOMIZED,NOT_APPLICABLE,,389-RA,2,6,11,7,6,0
Pf09315e7534b:s1,doi:10.1016/j.jval.2026.06.010,10.1016/j.jval.2026.06.010,2026,1,Longitudinal psychometric evaluation of 15 bolt-ons for the EQ-5D-5L,MEASUREMENT_PROPERTY_EVALUATION,COMPLETED,RESULTS_REPORTED,MEASUREMENT_PROPERTY_EVALUATION,Italy | Netherlands | Sweden | United Kingdom | United States,QUANTITATIVE_EMPIRICAL,LONGITUDINAL_REPEATED,BETWEEN_INSTRUMENT,NOT_APPLICABLE,,,,4,24,19,8,9,0
Pf0a3c8c0941d:S1,doi:10.1016/j.jval.2024.07.004,10.1016/j.jval.2024.07.004,2024,1,Development and psychometric assessment of alternative EQ-5D-5L time frames and descriptors in obstructive airway diseases,INSTRUMENT_VERSION_DEVELOPMENT,COMPLETED,RESULTS_REPORTED,CONTENT_VALIDITY_EVALUATION | INSTRUMENT_DEVELOPMENT | MEASUREMENT_PROPERTY_EVALUATION | TRANSLATION_AND_CULTURAL_ADAPTATION,Singapore,,,,,,SEQUENTIAL,69-RA,2,10,17,11,8,4
Pf1941955c6a9:study_main,doi:10.2340/actadv.v105.42794,10.2340/actadv.v105.42794,2025,1,Determinants of dermatology-specific quality of life in adults with atopic dermatitis or psoriasis,HEALTH_OUTCOME_RESEARCH,COMPLETED,RESULTS_REPORTED,OUTCOME_DESCRIPTION,Germany,QUANTITATIVE_EMPIRICAL,CROSS_SECTIONAL,BETWEEN_GROUP,NOT_APPLICABLE,NOT_APPLICABLE,,1785-RA,2,8,7,6,5,0
Pf1b5005454a4:study_recall_review,doi:10.1007/s40271-022-00611-w,10.1007/s40271-022-00611-w,2023,1,Systematic review of one-day versus seven-day recall effects on PROMs,EVIDENCE_SYNTHESIS,COMPLETED,RESULTS_REPORTED,EVIDENCE_SYNTHESIS | METHOD_OR_PROTOCOL_QUALITY,,EVIDENCE_SYNTHESIS,NOT_APPLICABLE,BETWEEN_CONTEXT,NOT_APPLICABLE,NARRATIVE_SYNTHESIS | SYSTEMATIC_REVIEW,,224-RA,2,2,8,8,7,1
Pf1caacff78c3:S1,doi:10.3390/ijerph18147415,10.3390/ijerph18147415,2021,1,Romanian EQ-5D-3L valuation study,VALUE_SET_DEVELOPMENT,COMPLETED,RESULTS_REPORTED,HEALTH_STATE_VALUATION | PREFERENCE_COMPARISON | VALUE_SET_DEVELOPMENT,Romania,QUANTITATIVE_EMPIRICAL,CROSS_SECTIONAL,BETWEEN_CONTEXT,RANDOMIZED,NOT_APPLICABLE,,20180030R1,0,3,12,9,5,1
Pf2159c953786:S1,doi:10.1186/s12955-026-02521-z,10.1186/s12955-026-02521-z,2026,1,"Measurement performance of EQ-5D-5L, EQ-HWB, and EQ-HWB-9 during heatwaves",MEASUREMENT_PROPERTY_EVALUATION,COMPLETED,RESULTS_REPORTED,MEASUREMENT_PROPERTY_EVALUATION | OUTCOME_DESCRIPTION,China,QUANTITATIVE_EMPIRICAL,LONGITUDINAL_REPEATED,WITHIN_PERSON,NOT_APPLICABLE,NOT_APPLICABLE,,1599-RA,0,5,7,7,6,0
Pf2519feb3d07:S1,doi:10.1007/s11136-025-04077-9,10.1007/s11136-025-04077-9,2025,1,Systematic review of EQ-5D measurement properties in upper respiratory tract diseases,EVIDENCE_SYNTHESIS,COMPLETED,RESULTS_REPORTED,EVIDENCE_SYNTHESIS | MEASUREMENT_PROPERTY_EVALUATION,Canada | Germany | Japan | Spain | Thailand | United States,EVIDENCE_SYNTHESIS,VARIABLE_SOURCE_TIME,BETWEEN_INSTRUMENT,NOT_APPLICABLE,NARRATIVE_SYNTHESIS | SYSTEMATIC_REVIEW,,337-RA,2,3,10,8,5,0
Pf2fb15ee8123:S1,doi:10.1002/hec.1596,10.1002/hec.1596,2010,1,Feasibility study of the lead time TTO for valuing EQ-5D states better and worse than dead,METHODS_RESEARCH,COMPLETED,RESULTS_REPORTED,HEALTH_STATE_VALUATION | METHOD_OR_PROTOCOL_QUALITY | VALUATION_METHOD_EVALUATION,United Kingdom,,,,,,,,2,2,10,11,8,1
Pf354faad7060:S1,doi:10.1007/s11136-012-0200-0,10.1007/s11136-012-0200-0,2012,1,Response scaling study to develop the Chinese (China) EQ-5D-5L descriptive system,INSTRUMENT_VERSION_DEVELOPMENT,COMPLETED,RESULTS_REPORTED,INSTRUMENT_DEVELOPMENT | TRANSLATION_AND_CULTURAL_ADAPTATION | VALUATION_METHOD_EVALUATION,China,TRANSLATION_ADAPTATION_WORKFLOW,CROSS_SECTIONAL,BETWEEN_CONTEXT,NOT_APPLICABLE,,,,0,5,6,6,2,1
Pf36a197bce39:study_main,doi:10.1016/j.jval.2020.07.006,10.1016/j.jval.2020.07.006,2020,1,Parallel comparison of non-stopping TTO and composite TTO in Norway and Singapore,METHODS_RESEARCH,COMPLETED,RESULTS_REPORTED,HEALTH_STATE_VALUATION | VALUATION_METHOD_EVALUATION,Norway | Singapore,QUANTITATIVE_EMPIRICAL,CROSS_SECTIONAL,BETWEEN_METHOD,NONRANDOMIZED,NOT_APPLICABLE,,,2,2,10,9,2,1
Pf38f4b297171:S1,doi:10.1177/0272989x13475718,10.1177/0272989x13475718,2013,1,EQ-5D-5L valuation pilot: transforming DC latent utilities to TTO health utilities (Canada and UK),METHODS_RESEARCH,COMPLETED,RESULTS_REPORTED,MAPPING_OR_CROSSWALK | VALUATION_METHOD_EVALUATION,Canada | United Kingdom,QUANTITATIVE_EMPIRICAL,CROSS_SECTIONAL,BETWEEN_METHOD,NONRANDOMIZED,,,2013180,0,3,9,7,6,0
Pf43c5878914c:S1,doi:10.1177/0272989x19841587,10.1177/0272989x19841587,2019,1,"Pooled multilevel analysis of respondent-level TTO data from 28 EQ-5D valuation studies testing whether sociodemographic background, 3L/5L methodology and national cultural values explain between-country differences in the utility gap between mild and severe health states",HEALTH_PREFERENCE_RESEARCH,COMPLETED,RESULTS_REPORTED,PREFERENCE_COMPARISON | VALUATION_METHOD_EVALUATION,Australia | Brazil | Canada | China | Denmark | France | Germany | Indonesia | Italy | Japan | Netherlands | Poland | Singapore | Slovenia | South Korea | Spain | Taiwan | Thailand | United States,MODEL_BASED | QUANTITATIVE_EMPIRICAL,CROSS_SECTIONAL,BETWEEN_CONTEXT | BETWEEN_METHOD,NOT_APPLICABLE,NOT_APPLICABLE,,2015150,0,4,8,8,8,0
Pf4895027b8cf:st1,doi:10.3390/children11081034,10.3390/children11081034,2024,1,Age-related performance of the experimental EQ-TIPS in infants and toddlers with health conditions,MEASUREMENT_PROPERTY_EVALUATION,COMPLETED,RESULTS_REPORTED,MEASUREMENT_PROPERTY_EVALUATION,South Africa,QUANTITATIVE_EMPIRICAL,CROSS_SECTIONAL,BETWEEN_GROUP,NOT_APPLICABLE,NOT_APPLICABLE,,426-RA,0,2,6,6,3,0
Pf4a6083afb06:S1,doi:10.1007/s10198-025-01866-4,10.1007/s10198-025-01866-4,2026,1,Development and empirical evaluation of TTO follow-up questions for individual discounting,METHODS_RESEARCH,COMPLETED,RESULTS_REPORTED,HEALTH_STATE_VALUATION | METHOD_OR_PROTOCOL_QUALITY | VALUATION_METHOD_EVALUATION,Poland,,,,,,,431-RA,2,3,8,6,6,1
Pf53a5ee15eef:S1,doi:10.1016/j.vhri.2025.101121,10.1016/j.vhri.2025.101121,2025,1,Adaptation of the experimental EQ-5D-Y-5L into Bahasa Indonesia,INSTRUMENT_VERSION_DEVELOPMENT,COMPLETED,RESULTS_REPORTED,INSTRUMENT_DEVELOPMENT | TRANSLATION_AND_CULTURAL_ADAPTATION,Indonesia,TRANSLATION_ADAPTATION_WORKFLOW,CROSS_SECTIONAL,BETWEEN_INSTRUMENT,NOT_APPLICABLE,,,20180140,3,6,7,8,3,1
Pf59b1c101b73:S1,doi:10.1016/j.jval.2024.05.024,10.1016/j.jval.2024.05.024,2024,1,Development and evaluation of an updated EQ-VT discrete choice experiment design,METHODS_RESEARCH,COMPLETED,RESULTS_REPORTED,METHOD_OR_PROTOCOL_QUALITY | VALUATION_METHOD_EVALUATION,Canada | China | Denmark | Egypt | Ethiopia | France | Germany | Hungary | Indonesia | Italy | Malaysia | Netherlands | Poland | Romania | Singapore | South Korea | Spain | Sweden | Taiwan | United Kingdom | United States | Vietnam,,NOT_APPLICABLE,BETWEEN_METHOD,NOT_APPLICABLE,,,,2,1,9,7,3,1
Pf5a91e17d45d:study_main,doi:10.5617/njhe.8332,10.5617/njhe.8332,2021,1,Swedish population HRQoL before and during COVID-19,HEALTH_OUTCOME_RESEARCH,COMPLETED,RESULTS_REPORTED,ECONOMIC_BURDEN_ESTIMATION | OUTCOME_DESCRIPTION,Sweden,QUANTITATIVE_EMPIRICAL,CROSS_SECTIONAL,BETWEEN_GROUP,NOT_APPLICABLE,NOT_APPLICABLE,,246-RA,4,8,4,7,5,0
Pf6133c8f6ea1:S1,doi:10.1007/s10198-020-01195-8,10.1007/s10198-020-01195-8,2020,1,Review of national HTA guideline recommendations for multi-attribute utility instruments,EVIDENCE_SYNTHESIS,COMPLETED,RESULTS_REPORTED,EVIDENCE_SYNTHESIS,,EVIDENCE_SYNTHESIS,VARIABLE_SOURCE_TIME,BETWEEN_CONTEXT,NOT_APPLICABLE,NARRATIVE_SYNTHESIS,,,0,10,4,6,5,0
Pf73875a260e0:S1,doi:10.1007/s41669-021-00314-2,10.1007/s41669-021-00314-2,2022,1,Comparison of EQ-5D-5L composite time trade-off health preferences of Polish migrants and native Irish in Ireland using a smaller design valuation study,HEALTH_PREFERENCE_RESEARCH,COMPLETED,RESULTS_REPORTED,HEALTH_STATE_VALUATION | PREFERENCE_COMPARISON,Poland,MODEL_BASED | QUANTITATIVE_EMPIRICAL,CROSS_SECTIONAL,BETWEEN_GROUP,NOT_APPLICABLE,NOT_APPLICABLE,,,0,4,4,10,7,0
Pf7418aeefc40:study_main,doi:10.1186/s12891-020-03399-8,10.1186/s12891-020-03399-8,2020,1,Comparison of eight EQ-5D-3L value sets for ASA-class discrimination and HRQoL prediction after total hip replacement,METHODS_RESEARCH,COMPLETED,RESULTS_REPORTED,METHOD_OR_PROTOCOL_QUALITY | OUTCOME_DESCRIPTION,Sweden,QUANTITATIVE_EMPIRICAL,LONGITUDINAL_REPEATED,BETWEEN_GROUP | BETWEEN_METHOD,NOT_APPLICABLE,NOT_APPLICABLE,,2016480,0,4,4,6,3,0
Pf7962500106a:s1,doi:10.1007/s40273-025-01545-5,10.1007/s40273-025-01545-5,2025,1,Influence of perspective on EQ-5D-Y-3L valuation using OPUF and DCE,HEALTH_PREFERENCE_RESEARCH,COMPLETED,RESULTS_REPORTED,HEALTH_STATE_VALUATION | PREFERENCE_COMPARISON | VALUATION_METHOD_EVALUATION,United Kingdom,QUANTITATIVE_EMPIRICAL,CROSS_SECTIONAL,BETWEEN_GROUP | WITHIN_PERSON,RANDOMIZED,NOT_APPLICABLE,,432-RA,2,2,13,8,2,5
Pf7be2f8e60c7:study_qaly50,doi:10.1016/j.socscimed.2021.114653,10.1016/j.socscimed.2021.114653,2021,1,Fifty-year historical and methodological review of the QALY,EVIDENCE_SYNTHESIS,COMPLETED,RESULTS_REPORTED,CONCEPTUAL_FRAMEWORK_DEVELOPMENT | EVIDENCE_SYNTHESIS | METHOD_OR_PROTOCOL_QUALITY,,,,,,,,,3,4,14,9,4,0
Pf7fc5068ca4c:S1,doi:10.1186/s12955-025-02421-8,10.1186/s12955-025-02421-8,2025,1,Systematic review and meta-analysis of EQ-5D health-related quality of life in adults with COVID-19,EVIDENCE_SYNTHESIS,COMPLETED,RESULTS_REPORTED,EVIDENCE_SYNTHESIS | OUTCOME_DESCRIPTION,,EVIDENCE_SYNTHESIS,VARIABLE_SOURCE_TIME,BETWEEN_CONTEXT,NOT_APPLICABLE,META_ANALYSIS | NARRATIVE_SYNTHESIS | SYSTEMATIC_REVIEW,,1627-RA,0,3,7,10,6,1
Pf806efb0d890:S1,doi:10.1007/s10198-018-0987-x,10.1007/s10198-018-0987-x,2018,1,"Impact of EQ-5D utilities mapped from SF-12, and of SF-6D, on cost-effectiveness estimates in Markov models of haemodialysis versus peritoneal dialysis in Singapore",METHODS_RESEARCH,COMPLETED,RESULTS_REPORTED,ECONOMIC_EVALUATION | MAPPING_OR_CROSSWALK | VALUATION_METHOD_EVALUATION,Singapore,MODEL_BASED,CROSS_SECTIONAL,BETWEEN_METHOD,NOT_APPLICABLE,,,20170450,0,5,4,4,4,0
Pf82fba3787f2:study1,doi:10.3390/ijerph18116151,10.3390/ijerph18116151,2021,1,Vascular access complications and quality of life study,HEALTH_OUTCOME_RESEARCH,COMPLETED,RESULTS_REPORTED,OUTCOME_DESCRIPTION,Poland,,,,,,,,2,3,9,6,5,0
Pf86dde07ac65:s1,doi:10.1007/s11136-024-03817-7,10.1007/s11136-024-03817-7,2025,1,Psychometric evaluation of EQ-5D-5L respiratory bolt-ons in Australian adults,MEASUREMENT_PROPERTY_EVALUATION,COMPLETED,RESULTS_REPORTED,MEASUREMENT_PROPERTY_EVALUATION,Australia,QUANTITATIVE_EMPIRICAL,CROSS_SECTIONAL,BETWEEN_GROUP | BETWEEN_INSTRUMENT,NOT_APPLICABLE,,,466-RA,0,6,8,6,4,0
Pf8877d81bddc:S1,doi:10.1016/j.socscimed.2022.115046,10.1016/j.socscimed.2022.115046,2022,1,Systematic review of self- versus proxy-reported quality of life in older people assessed with preference-based instruments,EVIDENCE_SYNTHESIS,COMPLETED,RESULTS_REPORTED,EVIDENCE_SYNTHESIS | MEASUREMENT_PROPERTY_EVALUATION,Australia | United Kingdom,EVIDENCE_SYNTHESIS,VARIABLE_SOURCE_TIME,BETWEEN_INSTRUMENT | WITHIN_DYAD,NOT_APPLICABLE,NARRATIVE_SYNTHESIS | SYSTEMATIC_REVIEW,,194-RA,0,12,4,10,6,0
Pf8a24eb7c34f:study_uganda_5l,doi:10.1007/s40273-021-01101-x,10.1007/s40273-021-01101-x,2021,1,Uganda EQ-5D-5L value-set study using the lite valuation protocol,VALUE_SET_DEVELOPMENT,COMPLETED,RESULTS_REPORTED,HEALTH_STATE_VALUATION | VALUATION_METHOD_EVALUATION | VALUE_SET_DEVELOPMENT,,QUANTITATIVE_EMPIRICAL,CROSS_SECTIONAL,BETWEEN_METHOD,RANDOMIZED,NOT_APPLICABLE,,20180710,0,3,4,7,4,2
Pf8ecafebc7b0:S1,doi:10.1186/s12955-024-02266-7,10.1186/s12955-024-02266-7,2024,1,Trinidad and Tobago EQ-5D-5L valuation study,VALUE_SET_DEVELOPMENT,COMPLETED,RESULTS_REPORTED,HEALTH_STATE_VALUATION | PREFERENCE_COMPARISON | VALUE_SET_DEVELOPMENT,,QUANTITATIVE_EMPIRICAL,CROSS_SECTIONAL,BETWEEN_METHOD,RANDOMIZED,NOT_APPLICABLE,,341-RA,0,4,4,8,3,1
Pf9934601d450:S1,doi:10.1007/s10198-022-01449-7,10.1007/s10198-022-01449-7,2023,1,UK general-population valuation of beta-thalassemia health states,HEALTH_PREFERENCE_RESEARCH,COMPLETED,RESULTS_REPORTED,HEALTH_STATE_VALUATION | METHOD_OR_PROTOCOL_QUALITY | PREFERENCE_COMPARISON,United Kingdom,,,,,,,,3,3,14,8,6,1
Pf9a2185a9855:S1,doi:10.1007/s11136-015-0971-1,10.1007/s11136-015-0971-1,2015,1,"Three-country VAS study of the influence of respondent perspective (self, other adult, 10-year-old child) on values for EQ-5D-Y health states",METHODS_RESEARCH,COMPLETED,RESULTS_REPORTED,HEALTH_STATE_VALUATION | VALUATION_METHOD_EVALUATION,Germany | Spain | United Kingdom,QUANTITATIVE_EMPIRICAL,CROSS_SECTIONAL,BETWEEN_CONTEXT | BETWEEN_GROUP | WITHIN_PERSON,NONRANDOMIZED,,,2014160,0,5,7,7,5,0
Pf9a98cc3f8be:study1,doi:10.1007/s10198-021-01309-w,10.1007/s10198-021-01309-w,2021,1,Patient-caregiver agreement and test-retest reliability of Chinese EQ-5D-Y-3L and beta EQ-5D-Y-5L in paediatric haematological malignancies,MEASUREMENT_PROPERTY_EVALUATION,COMPLETED,RESULTS_REPORTED,MEASUREMENT_PROPERTY_EVALUATION,China,QUANTITATIVE_EMPIRICAL,LONGITUDINAL_REPEATED,,NOT_APPLICABLE,,,20170330,2,6,7,9,5,4
Pf9b39f8adbf8:S1,doi:10.1002/alz.089782,10.1002/alz.089782,2024,1,Baseline self- and proxy-rated EQ-5D-5L discrepancies in dementia-caregiver dyads,MEASUREMENT_PROPERTY_EVALUATION,COMPLETED,RESULTS_REPORTED,MEASUREMENT_PROPERTY_EVALUATION,Germany,QUANTITATIVE_EMPIRICAL,CROSS_SECTIONAL,WITHIN_DYAD,NOT_APPLICABLE,NOT_APPLICABLE,,1582-RA,0,3,2,4,0,0
Pf9e9605d0916:study_1,doi:10.2478/sjph-2020-0024,10.2478/sjph-2020-0024,2020,1,Development of the Slovenian interim EQ-5D-5L crosswalk value set,VALUE_SET_DEVELOPMENT,COMPLETED,RESULTS_REPORTED,MAPPING_OR_CROSSWALK | VALUE_SET_DEVELOPMENT,,MODEL_BASED,NOT_APPLICABLE,BETWEEN_INSTRUMENT,NOT_APPLICABLE,,,20170280,0,2,1,5,2,1
Pfaf954884694:study1,doi:10.1371/journal.pone.0283111,10.1371/journal.pone.0283111,2023,1,Thai multicenter observational study of quality of life before and after botulinum toxin A treatment for daily-life-affected benign essential blepharospasm,HEALTH_OUTCOME_RESEARCH,COMPLETED,RESULTS_REPORTED,OUTCOME_DESCRIPTION,Thailand,QUANTITATIVE_EMPIRICAL,LONGITUDINAL_REPEATED,WITHIN_PERSON,NOT_APPLICABLE,,,,0,3,3,8,4,0
Pfb01b4021843:S1,doi:10.1007/s11136-019-02115-x,10.1007/s11136-019-02115-x,2019,1,"Multinational development of an extended EQ-5D-Y descriptive system with more severity levels (EQ-5D-Y-5L), Germany, Spain, Sweden and the UK, 2014-2018",INSTRUMENT_VERSION_DEVELOPMENT,COMPLETED,RESULTS_REPORTED,CONTENT_VALIDITY_EVALUATION | INSTRUMENT_DEVELOPMENT,Germany | Spain | Sweden | United Kingdom,PARTICIPATORY_DESIGN | QUALITATIVE_INQUIRY | QUANTITATIVE_EMPIRICAL,CROSS_SECTIONAL,BETWEEN_CONTEXT | BETWEEN_INSTRUMENT,NOT_APPLICABLE,,SEQUENTIAL,2014160,4,7,10,10,4,2
Pfb091333bd7d:study_main,doi:10.1016/j.jval.2026.02.006,10.1016/j.jval.2026.02.006,2026,1,Psychometric evaluation of the experimental 2022 EQ-HWB-9 in the UK general population,MEASUREMENT_PROPERTY_EVALUATION,COMPLETED,RESULTS_REPORTED,MEASUREMENT_PROPERTY_EVALUATION,United Kingdom,QUANTITATIVE_EMPIRICAL,CROSS_SECTIONAL,BETWEEN_GROUP | BETWEEN_INSTRUMENT,NOT_APPLICABLE,NOT_APPLICABLE,,1665-RA,0,7,12,7,6,0
Pfb2d7b6e3469:study_main,doi:10.1186/s12955-021-01898-3,10.1186/s12955-021-01898-3,2021,1,Psychometric evaluation of the electronic Chinese (Hong Kong) EQ-5D-5L in routine outpatient practice,MEASUREMENT_PROPERTY_EVALUATION,COMPLETED,RESULTS_REPORTED,MEASUREMENT_PROPERTY_EVALUATION,,QUANTITATIVE_EMPIRICAL,LONGITUDINAL_REPEATED,BETWEEN_GROUP | WITHIN_PERSON,NOT_APPLICABLE,NOT_APPLICABLE,,,0,6,11,8,7,0
Pfb71afe7ddf0:study1,doi:10.3389/fmed.2023.1021255,10.3389/fmed.2023.1021255,2023,1,Multicenter randomized trial of 650 nm invasive laser acupuncture for non-specific chronic low back pain,HEALTH_OUTCOME_RESEARCH,PLANNED,NO_RESULTS_YET,OUTCOME_DESCRIPTION,South Korea,QUANTITATIVE_EMPIRICAL,LONGITUDINAL_REPEATED,BETWEEN_GROUP,RANDOMIZED,,,,0,4,7,0,3,0
Pfbd32803b70a:study1,doi:10.1016/j.jval.2025.05.017,10.1016/j.jval.2025.05.017,2025,1,Individually calibrated health-state valuation and priority-setting preference study,METHODS_RESEARCH,COMPLETED,RESULTS_REPORTED,HEALTH_STATE_VALUATION | METHOD_OR_PROTOCOL_QUALITY | PREFERENCE_COMPARISON,Norway,,,,,,,,2,6,5,10,8,1
Pfc006733c4d4:S1,doi:10.1007/s40273-021-01002-z,10.1007/s40273-021-01002-z,2021,1,Egyptian EQ-5D-5L valuation study,VALUE_SET_DEVELOPMENT,COMPLETED,RESULTS_REPORTED,HEALTH_STATE_VALUATION | METHOD_OR_PROTOCOL_QUALITY | VALUE_SET_DEVELOPMENT,Egypt,QUANTITATIVE_EMPIRICAL,CROSS_SECTIONAL,BETWEEN_METHOD,NOT_APPLICABLE,,,20180130,2,3,9,9,4,1
Pfc0faf9453e2:study_main,doi:10.1007/s11136-026-04285-x,10.1007/s11136-026-04285-x,2026,1,Six-country secondary analysis of socioeconomic inequalities in HRQoL during the first COVID-19 wave,HEALTH_OUTCOME_RESEARCH,COMPLETED,RESULTS_REPORTED,OUTCOME_DESCRIPTION,China | Italy | Netherlands | Sweden | United Kingdom | United States,QUANTITATIVE_EMPIRICAL,CROSS_SECTIONAL,BETWEEN_CONTEXT | BETWEEN_GROUP,NOT_APPLICABLE,NOT_APPLICABLE,,77-RA,0,2,5,8,9,0
Pfc1cd040b476:study1,doi:10.1007/s11136-021-02893-3,10.1007/s11136-021-02893-3,2021,1,Test-retest reliability of web-based EQ-5D-5L and reworded QOLIBRI-OS in three general populations,MEASUREMENT_PROPERTY_EVALUATION,COMPLETED,RESULTS_REPORTED,MEASUREMENT_PROPERTY_EVALUATION,Italy | Netherlands | United Kingdom,QUANTITATIVE_EMPIRICAL,LONGITUDINAL_REPEATED,BETWEEN_CONTEXT | BETWEEN_INSTRUMENT | WITHIN_PERSON,NOT_APPLICABLE,NOT_APPLICABLE,,141-RA,0,3,11,5,6,0
Pfc5aae8ca7e8:S1,doi:10.1016/j.socscimed.2014.05.026,10.1016/j.socscimed.2014.05.026,2014,1,DCE with duration (DCETTO) valuation of EQ-5D-5L states in a UK online panel: design and sampling tests,METHODS_RESEARCH,COMPLETED,RESULTS_REPORTED,HEALTH_STATE_VALUATION | METHOD_OR_PROTOCOL_QUALITY | VALUATION_METHOD_EVALUATION,United Kingdom,QUANTITATIVE_EMPIRICAL,CROSS_SECTIONAL,BETWEEN_METHOD,RANDOMIZED,,,,0,3,6,8,5,0
Pfc5d5d281041:S1,doi:10.1017/s0266462324001363,10.1017/s0266462324001363,2024,1,Comparison of three EQ-HWB-S preference-generation approaches,METHODS_RESEARCH,COMPLETED,RESULTS_REPORTED,HEALTH_STATE_VALUATION | PREFERENCE_COMPARISON | VALUATION_METHOD_EVALUATION,United Kingdom,QUALITATIVE_INQUIRY | QUANTITATIVE_EMPIRICAL,CROSS_SECTIONAL,BETWEEN_METHOD,NOT_APPLICABLE,,NOT_REPORTED,1508-RA | 20190310,3,1,8,6,0,3
Pfce85f248965:s1,doi:10.1007/s11136-025-04038-2,10.1007/s11136-025-04038-2,2025,1,Chinese laypeople quality-of-life framework and EQ-HWB comprehensiveness study,CONCEPTUAL_FRAMEWORK_DEVELOPMENT,COMPLETED,RESULTS_REPORTED,CONCEPTUAL_FRAMEWORK_DEVELOPMENT | CONTENT_VALIDITY_EVALUATION,China,QUALITATIVE_INQUIRY,CROSS_SECTIONAL,BETWEEN_INSTRUMENT,NOT_APPLICABLE,,,1485-RA,0,2,7,8,4,1
Pfd2aa62f57aa:S1,doi:10.1186/s12955-015-0356-8,10.1186/s12955-015-0356-8,2015,1,Comparison of EQ-5D-3L and EQ-5D-5L self-reported health status in representative English general population samples,MEASUREMENT_PROPERTY_EVALUATION,COMPLETED,RESULTS_REPORTED,MEASUREMENT_PROPERTY_EVALUATION | POPULATION_NORMS,United Kingdom,QUANTITATIVE_EMPIRICAL,CROSS_SECTIONAL,BETWEEN_INSTRUMENT,NOT_APPLICABLE,,,2014110,0,3,7,6,3,0
Pfe2730935c72:S1,doi:10.1186/s41687-026-01100-6,10.1186/s41687-026-01100-6,2026,1,Scoping review of HRQoL measurement tools in adult African populations,EVIDENCE_SYNTHESIS,COMPLETED,RESULTS_REPORTED,EVIDENCE_SYNTHESIS,,EVIDENCE_SYNTHESIS,VARIABLE_SOURCE_TIME,BETWEEN_CONTEXT,NOT_APPLICABLE,NARRATIVE_SYNTHESIS | SYSTEMATIC_REVIEW,,1591-RA,0,8,6,8,4,0
Pfe4100242754:study1,doi:10.1007/s40273-024-01404-9,10.1007/s40273-024-01404-9,2024,1,Brazilian EQ-5D-Y-3L valuation study,VALUE_SET_DEVELOPMENT,COMPLETED,RESULTS_REPORTED,HEALTH_STATE_VALUATION | VALUATION_METHOD_EVALUATION | VALUE_SET_DEVELOPMENT,Brazil,,,,,,,220-VS,3,3,11,6,6,1
Pff1d9e4e3c19:S1,doi:10.1007/s11136-022-03158-3,10.1007/s11136-022-03158-3,2022,1,"Feasibility, construct validity and known-groups validity of the EQ-5D-3L in adults aged 50+ across 15 European countries (SHARE Wave 4 secondary analysis)",MEASUREMENT_PROPERTY_EVALUATION,COMPLETED,RESULTS_REPORTED,MEASUREMENT_PROPERTY_EVALUATION,Belgium | Denmark | France | Germany | Hungary | Italy | Netherlands | Poland | Slovenia | Spain | Sweden,QUANTITATIVE_EMPIRICAL,CROSS_SECTIONAL,BETWEEN_CONTEXT | BETWEEN_GROUP,NOT_APPLICABLE,NOT_APPLICABLE,,155-RA,0,13,15,10,4,0
