person_id	display_name	family_name	given_names	orcid	openalex_id	euroqol_member_id	member_affiliation	member_profile_url	membership_observed_date	is_project_leader	is_euroqol_member	identity_status	candidate_openalex_id	entity_kind
person:leader:b6c238df2db2	Aaron Winn	Winn	Aaron	0000-0003-2906-3913	A5066367734					1	0	PROFILE_ACCEPTED		PERSON
person:leader:f6aec8a6037d	Abdelghafour MARFAK	MARFAK	Abdelghafour	0000-0002-4212-8438	A5024805890					1	0	PROFILE_ACCEPTED		PERSON
person:leader:bfeb5ef06782	Abdulhamid Musa	Musa	Abdulhamid							1	0	NO_EXTERNAL_PROFILE		PERSON
person:leader:6dd0ed1ee17e	Abdulmuminu Isah	Isah	Abdulmuminu	0000-0002-1349-6434	A5024575926					1	0	PROFILE_ACCEPTED		PERSON
person:leader:c00eb6bf5d72	Abdulrasheed Hassan Yusuf	Yusuf	Abdulrasheed Hassan		A5138651068					1	0	PROFILE_ACCEPTED		PERSON
person:leader:3722354a14bd	Abeer Al Rabayah	Rabayah	Abeer Al	0000-0003-2952-9103	A5058964513					1	0	PROFILE_ACCEPTED		PERSON
person:eqmember:17787	Abraham Gebregziabiher	Gebregziabiher	Abraham	0000-0003-4661-7287	A5061701004	17787	1School of Pharmacy, College of Health Science, Mekelle University.	https://euroqol.org/about-us/our-members/member-detail/?memberid=17787	2026-08-21	1	1	PROFILE_ACCEPTED		PERSON
person:leader:a0721a90a44f	Ademola Itiola	Itiola	Ademola		A5093433205					1	0	PROFILE_ACCEPTED		PERSON
person:leader:7cc6d6bc4d21	Afewerki Gebremeskel	Gebremeskel	Afewerki							1	0	NO_EXTERNAL_PROFILE		PERSON
person:eqmember:17789	Agota Szende	Szende	Agota	0000-0002-5880-3354	A5002095623	17789	Covance Health Economics & Outcomes Services	https://euroqol.org/about-us/our-members/member-detail/?memberid=17789	2026-08-21	1	1	PROFILE_ACCEPTED		PERSON
person:leader:b1d2e25ed336	Ahmed Hamdan AlJedai	AlJedai	Ahmed Hamdan							1	0	NO_EXTERNAL_PROFILE		PERSON
person:leader:db0cd1478ab2	Akanksha Akanksha	Akanksha	Akanksha	0000-0002-4899-7538	A5031359113					1	0	PROFILE_NOT_ACCEPTED_FOR_DISCOVERY	A5101596594	PERSON
person:eqmember:17790	Aki Tsuchiya	Tsuchiya	Aki	0000-0003-4245-5399	A5015417862	17790	University of Sheffield	https://euroqol.org/about-us/our-members/member-detail/?memberid=17790	2026-08-21	1	1	PROFILE_ACCEPTED		PERSON
person:leader:5f455f61d442	Alex Bató	Bató	Alex	0000-0002-1450-4790	A5009546494					1	0	PROFILE_ACCEPTED		PERSON
person:leader:3063ea56e68a	Alexander Arons	Arons	Alexander		A5044999875					1	0	PROFILE_ACCEPTED		PERSON
person:leader:81812806310c	Alexander Geissler	Geissler	Alexander	0000-0002-7445-2929						1	0	PROFILE_NOT_ACCEPTED_FOR_DISCOVERY	A5089010455	PERSON
person:leader:1ed27ee96b5d	Alexander van Heusden	Heusden	Alexander van	0009-0007-8055-5450	A5070658848					1	0	PROFILE_NOT_ACCEPTED_FOR_DISCOVERY	A5070658848	PERSON
person:eqmember:21551	Alice Yu	Yu	Alice	0000-0003-2444-0505		21551	Centre for Health Economics and Research Evaluation (CHERE)	https://euroqol.org/about-us/our-members/member-detail/?memberid=21551	2026-08-21	1	1	PROFILE_NOT_ACCEPTED_FOR_DISCOVERY	A5055148154	PERSON
person:leader:b95f9aa0caf2	Andrea L. Monteiro	Monteiro	Andrea L.	0000-0001-9763-3485	A5024494805					1	0	PROFILE_ACCEPTED		PERSON
person:leader:a7d2d90e410a	Andrew Lenny	Lenny	Andrew	0000-0002-9325-0062	A5029564514					1	0	PROFILE_ACCEPTED		PERSON
person:eqmember:17791	Andrew Lloyd	Lloyd	Andrew	0000-0002-7597-6556	A5031114648	17791	Acaster Lloyd	https://euroqol.org/about-us/our-members/member-detail/?memberid=17791	2026-08-21	1	1	PROFILE_ACCEPTED		PERSON
person:leader:c52a5fd501e9	Ann Charlotte Egmar	Egmar	Ann Charlotte	0000-0003-2504-343x	A5037683865					1	0	PROFILE_ACCEPTED		PERSON
person:eqmember:17793	Anna Krabbe-Lugner	Krabbe-Lugner	Anna		A5047866823	17793	Ministry of Infrastructure and Water Management, the Netherlands	https://euroqol.org/about-us/our-members/member-detail/?memberid=17793	2026-08-21	1	1	PROFILE_ACCEPTED		PERSON
person:leader:eb823a3d3fe9	Annette Regan	Regan	Annette	0000-0002-3879-6193	A5010948852					1	0	PROFILE_ACCEPTED		PERSON
person:leader:da2b6bcaceb6	Annushiah Vasan Thakumar	Thakumar	Annushiah Vasan	0000-0001-7261-1255	A5007225491					1	0	PROFILE_ACCEPTED		PERSON
person:leader:ad85e8f1703b	Antony Martin	Martin	Antony	0000-0003-4383-6038						1	0	PROFILE_NOT_ACCEPTED_FOR_DISCOVERY	A5070568819	PERSON
person:leader:c2ede8bddc17	Arjun Bhadhuri	Bhadhuri	Arjun	0000-0003-1220-0731	A5064578943					1	0	PROFILE_ACCEPTED		PERSON
person:leader:78f0dc6cb8d8	Arthur Attema	Attema	Arthur	0000-0003-3607-6579	A5082166488					1	0	PROFILE_ACCEPTED		PERSON
person:eqmember:17795	Arto Ohinmaa	Ohinmaa	Arto	0000-0002-7094-1573	A5087246819	17795	School of Public Health, University of Alberta, Edmonton, Canada	https://euroqol.org/about-us/our-members/member-detail/?memberid=17795	2026-08-21	1	1	PROFILE_ACCEPTED		PERSON
person:leader:09fa3c498378	Asrul Shafie	Shafie	Asrul	0000-0002-5629-9270	A5089160643					1	0	PROFILE_ACCEPTED		PERSON
person:eqmember:17797	Ataru Igarashi	Igarashi	Ataru	0000-0001-6307-6916	A5071771037	17797	The University of Tokyo	https://euroqol.org/about-us/our-members/member-detail/?memberid=17797	2026-08-21	0	1	PROFILE_NOT_ACCEPTED_FOR_DISCOVERY	A5071771037	PERSON
person:eqmember:19003	Aureliano Finch	Finch	Aureliano	0000-0003-1438-321x	A5055927783	19003	EuroQol Office, EuroQol Research Foundation	https://euroqol.org/about-us/our-members/member-detail/?memberid=19003	2026-08-21	1	1	PROFILE_ACCEPTED		PERSON
person:leader:45e0db20f70b	Ava Hoogenboom	Hoogenboom	Ava	0009-0004-2252-454x	A5117116214					1	0	PROFILE_ACCEPTED		PERSON
person:leader:cc619763f8c9	Aysenur Ahsen	Ahsen	Aysenur							1	0	NO_EXTERNAL_PROFILE		PERSON
person:eqmember:17798	Barbara Spady	Spady	Barbara	0000-0001-5674-4795	A5032609556	17798	University of Calgary	https://euroqol.org/about-us/our-members/member-detail/?memberid=17798	2026-08-21	0	1	PROFILE_ACCEPTED		PERSON
person:eqmember:19005	Bas Janssen	Janssen	Bas	0000-0001-6602-6949	A5020933378	19005		https://euroqol.org/about-us/our-members/member-detail/?memberid=19005	2026-08-21	1	1	PROFILE_NOT_ACCEPTED_FOR_DISCOVERY	A5020933378	PERSON
person:leader:a850393650ee	Beata Koń	Koń	Beata	0000-0003-2190-4546	A5070682056					1	0	PROFILE_ACCEPTED		PERSON
person:leader:ece94cf47888	Begashaw Melaku Gebresillassie	Gebresillassie	Begashaw Melaku	0000-0003-0071-732x	A5013305477					1	0	PROFILE_ACCEPTED		PERSON
person:eqmember:17799	Ben Van Hout	Hout	Ben Van	0000-0001-9698-6094	A5032690231	17799	Open Health/University of Sheffield	https://euroqol.org/about-us/our-members/member-detail/?memberid=17799	2026-08-21	1	1	PROFILE_ACCEPTED		PERSON
person:leader:fd46e61b3734	Benedicte Lescrauwaet	Lescrauwaet	Benedicte	0000-0002-7976-0330	A5076552397					1	0	PROFILE_ACCEPTED		PERSON
person:eqmember:19813	Benjamin Matthew Craig	Craig	Benjamin Matthew	0000-0003-1121-1316	A5029949490	19813	University of South Florida, Tampa, USA	https://euroqol.org/about-us/our-members/member-detail/?memberid=19813	2026-08-21	1	1	PROFILE_ACCEPTED		PERSON
person:eqmember:17803	Bernhard Michalowsky	Michalowsky	Bernhard	0000-0002-3425-0089	A5088093819	17803	German Center for Neurodegenerative Diseases (DZNE), Greifswald, Germany & McMaster University, Hamilton, Canada	https://euroqol.org/about-us/our-members/member-detail/?memberid=17803	2026-08-21	1	1	PROFILE_ACCEPTED		PERSON
person:leader:e670fd71e94e	Bernhard Slaap	Slaap	Bernhard	0000-0002-4301-4790	A5001372652					1	0	PROFILE_ACCEPTED		PERSON
person:leader:e1f7f2dac043	Birol Yetim	Yetim	Birol	0000-0002-1294-1874	A5048427287					1	0	PROFILE_ACCEPTED		PERSON
person:leader:d5cba38082b1	Bosiljka Djikanovic	Djikanovic	Bosiljka							1	0	NO_EXTERNAL_PROFILE		PERSON
person:eqmember:17805	Bram Roudijk	Roudijk	Bram	0000-0001-5000-0875	A5028508726	17805	EuroQol Research Foundation	https://euroqol.org/about-us/our-members/member-detail/?memberid=17805	2026-08-21	1	1	PROFILE_ACCEPTED		PERSON
person:eqmember:17807	Brendan Mulhern	Mulhern	Brendan	0000-0003-3656-8063	A5090013218	17807	University of Technology Sydney	https://euroqol.org/about-us/our-members/member-detail/?memberid=17807	2026-08-21	1	1	PROFILE_ACCEPTED		PERSON
person:leader:1064c67128ac	Brigitte Essers	Essers	Brigitte	0000-0002-7703-7114	A5056962219					1	0	PROFILE_ACCEPTED		PERSON
person:eqmember:17809	Caitlyn Solem	Solem	Caitlyn		A5090387330	17809	GSK	https://euroqol.org/about-us/our-members/member-detail/?memberid=17809	2026-08-21	0	1	PROFILE_ACCEPTED		PERSON
person:leader:d3568854a78c	Camilla Falivena	Falivena	Camilla	0000-0003-3259-095x	A5014952669					1	0	PROFILE_ACCEPTED		PERSON
person:eqmember:17811	Carlos Wong	Wong	Carlos	0000-0002-6895-6071	A5041610413	17811	London School Hygiene & Tropical Medicine	https://euroqol.org/about-us/our-members/member-detail/?memberid=17811	2026-08-21	1	1	PROFILE_ACCEPTED		PERSON
person:leader:22c287b45ebd	Carrie-Anne Ng	Ng	Carrie-Anne	0000-0001-9326-8492	A5035818265					1	0	PROFILE_NOT_ACCEPTED_FOR_DISCOVERY	A5035818265	PERSON
person:eqmember:21677	Cate Bailey	Bailey	Cate	0000-0001-5030-430x	A5020867003	21677	University of Melbourne	https://euroqol.org/about-us/our-members/member-detail/?memberid=21677	2026-08-21	1	1	PROFILE_ACCEPTED		PERSON
person:leader:35b2f2d48116	Cathrine Elgaard Jensen	Jensen	Cathrine Elgaard	0000-0001-7300-254x	A5102727513					1	0	PROFILE_ACCEPTED		PERSON
person:leader:6c1ce204e291	Chris Flood	Flood	Chris							1	0	NO_EXTERNAL_PROFILE		PERSON
person:eqmember:17815	Chris Sampson	Sampson	Chris	0000-0001-9470-2369	A5002636040	17815	Office of Health Economics	https://euroqol.org/about-us/our-members/member-detail/?memberid=17815	2026-08-21	1	1	PROFILE_ACCEPTED		PERSON
person:leader:b0332ff4018d	Christine Mpundu-Kaambwa	Mpundu-Kaambwa	Christine	0000-0002-8152-6068	A5020619329					1	0	PROFILE_ACCEPTED		PERSON
person:leader:33ce5d686145	Ciaran O'Neill	O'Neill	Ciaran	0000-0001-7668-3934	A5016414995					1	0	PROFILE_ACCEPTED		PERSON
person:eqmember:17817	Claire Gudex	Gudex	Claire	0000-0003-3881-9890	A5047944478	17817	University of Southern Denmark	https://euroqol.org/about-us/our-members/member-detail/?memberid=17817	2026-08-21	1	1	PROFILE_ACCEPTED		PERSON
person:eqmember:17819	Clara Mukuria	Mukuria	Clara	0000-0003-4318-1481	A5043083823	17819	University of Sheffield	https://euroqol.org/about-us/our-members/member-detail/?memberid=17819	2026-08-21	1	1	PROFILE_ACCEPTED		PERSON
person:leader:43591e890911	Clement Cheuk Wai Ng	Ng	Clement Cheuk Wai							1	0	PROFILE_NOT_ACCEPTED_FOR_DISCOVERY	A5102680222	PERSON
person:leader:11e9ccc1a058	Corneliu Bolbocean	Bolbocean	Corneliu	0000-0001-5782-1844	A5018646670					1	0	PROFILE_ACCEPTED		PERSON
person:leader:ed61cee9d2ba	Cristina Guttierez	Guttierez	Cristina							1	0	NO_EXTERNAL_PROFILE		PERSON
person:leader:41a7c337ba63	Cynthia L. Gong	Gong	Cynthia L.	0000-0003-0159-1335	A5101451604					1	0	PROFILE_ACCEPTED		PERSON
person:leader:79b180e028d2	Daliya Kaskirbayeva	Kaskirbayeva	Daliya							1	0	NO_EXTERNAL_PROFILE		PERSON
person:leader:ff8b4f185128	Darshini Govindasamy	Govindasamy	Darshini	0000-0001-5984-3588	A5050754442					1	0	PROFILE_ACCEPTED		PERSON
person:eqmember:17821	David Mott	Mott	David	0000-0001-5959-8447	A5009132187	17821	Office of Health Economics	https://euroqol.org/about-us/our-members/member-detail/?memberid=17821	2026-08-21	1	1	PROFILE_NOT_ACCEPTED_FOR_DISCOVERY	A5009132187	PERSON
person:eqmember:17823	David Parkin	Parkin	David	0000-0002-9990-8208	A5081956728	17823		https://euroqol.org/about-us/our-members/member-detail/?memberid=17823	2026-08-21	1	1	PROFILE_NOT_ACCEPTED_FOR_DISCOVERY	A5081956728	PERSON
person:eqmember:17825	David Whitehurst	Whitehurst	David	0000-0002-7890-6756	A5045933977	17825	Simon Fraser University	https://euroqol.org/about-us/our-members/member-detail/?memberid=17825	2026-08-21	1	1	PROFILE_ACCEPTED		PERSON
person:leader:6998de5ea5d5	Deborah Marshall	Marshall	Deborah	0000-0002-8467-8008	A5049401142					1	0	PROFILE_ACCEPTED		PERSON
person:eqmember:17827	Deborah Street	Street	Deborah	0000-0002-4476-0656	A5053497885	17827	University of Technology Sydney	https://euroqol.org/about-us/our-members/member-detail/?memberid=17827	2026-08-21	1	1	PROFILE_ACCEPTED		PERSON
person:eqmember:17829	Des Scott	Scott	Des	0000-0003-3943-7392	A5038664789	17829	University of Cape Town	https://euroqol.org/about-us/our-members/member-detail/?memberid=17829	2026-08-21	1	1	PROFILE_ACCEPTED		PERSON
person:eqmember:17831	Dominik Golicki	Golicki	Dominik	0000-0001-7741-4760	A5035126117	17831	Medical Univeristy of Warsaw	https://euroqol.org/about-us/our-members/member-detail/?memberid=17831	2026-08-21	1	1	PROFILE_ACCEPTED		PERSON
person:eqmember:17833	Donna Rowen	Rowen	Donna	0000-0003-3018-5109	A5067226056	17833	University of Sheffield	https://euroqol.org/about-us/our-members/member-detail/?memberid=17833	2026-08-21	1	1	PROFILE_ACCEPTED		PERSON
person:eqmember:18646	Edward Webb	Webb	Edward	0000-0001-7918-839x	A5011344482	18646	University of Leeds	https://euroqol.org/about-us/our-members/member-detail/?memberid=18646	2026-08-21	1	1	PROFILE_NOT_ACCEPTED_FOR_DISCOVERY	A5011344482	PERSON
person:leader:7cbcaccdbedd	Edwine Barasa	Barasa	Edwine							1	0	NO_EXTERNAL_PROFILE		PERSON
person:eqmember:17835	Eleanor Pullenayegum	Pullenayegum	Eleanor	0000-0003-4265-1330	A5029465719	17835	The Hospital for Sick Children	https://euroqol.org/about-us/our-members/member-detail/?memberid=17835	2026-08-21	1	1	PROFILE_ACCEPTED		PERSON
person:leader:fa9a063b5705	Elena Olariu	Olariu	Elena	0000-0002-8718-5516	A5018887750					1	0	PROFILE_ACCEPTED		PERSON
person:leader:31a5417532b0	Eliza Wong	Wong	Eliza	0000-0001-9983-6219	A5033480820					1	0	PROFILE_ACCEPTED		PERSON
person:leader:2a625746ba9f	Elizabeth Tompkins	Tompkins	Elizabeth							1	0	NO_EXTERNAL_PROFILE		PERSON
person:eqmember:17837	Elly Stolk	Stolk	Elly	0000-0001-5968-0416	A5033903811	17837	EuroQol Research Foundation	https://euroqol.org/about-us/our-members/member-detail/?memberid=17837	2026-08-21	1	1	PROFILE_ACCEPTED		PERSON
person:leader:bfbf7cf35751	Elske van den Akker-van Marle	Marle	Elske van den Akker-van	0000-0002-5269-509x	A5032469209					1	0	PROFILE_ACCEPTED		PERSON
person:leader:602c131b5ab8	Emelie Heintz	Heintz	Emelie	0000-0002-0715-7591	A5052327641					1	0	PROFILE_ACCEPTED		PERSON
person:leader:4a5cd1710c94	Emily McDool	McDool	Emily	0000-0002-3530-7921	A5006458172					1	0	PROFILE_ACCEPTED		PERSON
person:leader:55f142e2e36b	Emma Pleeging	Pleeging	Emma							1	0	NO_EXTERNAL_PROFILE		PERSON
person:leader:6aff23c41f98	Eri Hoshino	Hoshino	Eri	0000-0003-2308-2048						1	0	PROFILE_NOT_ACCEPTED_FOR_DISCOVERY	A5068533812	PERSON
person:eqmember:17839	Erica Lubetkin	Lubetkin	Erica	0000-0001-9962-7775	A5037314317	17839	City University of New York School of Medicine	https://euroqol.org/about-us/our-members/member-detail/?memberid=17839	2026-08-21	0	1	PROFILE_ACCEPTED		PERSON
person:eqmember:17841	Ernest Law	Law	Ernest	0000-0002-6111-8008	A5040405517	17841	Pfizer	https://euroqol.org/about-us/our-members/member-detail/?memberid=17841	2026-08-21	0	1	PROFILE_ACCEPTED		PERSON
person:leader:27feb927c5f2	Erwin Birnie	Birnie	Erwin	0000-0002-4534-4857	A5023843843					1	0	PROFILE_ACCEPTED		PERSON
person:leader:b80c06c3de7d	Esther de Bekker-Grob	Bekker-Grob	Esther de							1	0	PROFILE_NOT_ACCEPTED_FOR_DISCOVERY	A5007711014	PERSON
person:leader:2cb6b74c1c35	Eszter Szlávicz	Szlávicz	Eszter	0000-0002-1083-0994	A5086041403					1	0	PROFILE_ACCEPTED		PERSON
person:eqmember:17843	Fan Yang	Yang	Fan	0000-0003-4689-265x	A5056976700	17843	Analysis Group	https://euroqol.org/about-us/our-members/member-detail/?memberid=17843	2026-08-21	0	1	PROFILE_NOT_ACCEPTED_FOR_DISCOVERY	A5056976700	PERSON
person:eqmember:17845	Fanni Rencz	Rencz	Fanni	0000-0001-9674-620x	A5024021740	17845	Corvinus University of Budapest, Department of Health Policy	https://euroqol.org/about-us/our-members/member-detail/?memberid=17845	2026-08-21	1	1	PROFILE_ACCEPTED		PERSON
person:eqmember:17847	Fatima Al Sayah	Sayah	Fatima Al	0000-0003-3891-5452	A5026033494	17847	University of Alberta (Canada), Centre for Clinical, Health Economics, and Outcomes Research, CCHO (Lebanon, UAE, KSA)	https://euroqol.org/about-us/our-members/member-detail/?memberid=17847	2026-08-21	1	1	PROFILE_ACCEPTED		PERSON
person:eqmember:17849	Federico Augustovski	Augustovski	Federico	0000-0002-2914-5022	A5053077563	17849	Institute for Clinical Effectiveness and Health Policy (IECS)	https://euroqol.org/about-us/our-members/member-detail/?memberid=17849	2026-08-21	1	1	PROFILE_ACCEPTED		PERSON
person:leader:b35bfd45b345	Felix Masiye	Masiye	Felix							1	0	NO_EXTERNAL_PROFILE		PERSON
person:eqmember:17851	Feng Xie	Xie	Feng	0000-0003-3454-6266	A5102994482	17851	McMaster University	https://euroqol.org/about-us/our-members/member-detail/?memberid=17851	2026-08-21	1	1	PROFILE_NOT_ACCEPTED_FOR_DISCOVERY	A5102994482	PERSON
person:leader:dd5e12d302df	Fernando Argento	Argento	Fernando	0000-0002-2492-8933	A5021426515					1	0	PROFILE_ACCEPTED		PERSON
person:eqmember:17853	Frank De Charro	Charro	Frank De			17853		https://euroqol.org/about-us/our-members/member-detail/?memberid=17853	2026-08-21	1	1	PROFILE_NOT_ACCEPTED_FOR_DISCOVERY	A5080909830	PERSON
person:eqmember:17855	Fredrick Purba	Purba	Fredrick	0000-0002-7336-3043	A5059806422	17855	Universitas Padjadjaran	https://euroqol.org/about-us/our-members/member-detail/?memberid=17855	2026-08-21	1	1	PROFILE_ACCEPTED		PERSON
person:leader:942313d653a7	Gerard De Pouvourville	Pouvourville	Gerard De	0000-0002-5941-6823	A5085975930					1	0	PROFILE_ACCEPTED		PERSON
person:leader:49d1d576ca39	Gerkens Sophie	Sophie	Gerkens	0000-0001-6211-3471	A5063513647					1	0	PROFILE_ACCEPTED		PERSON
person:leader:5fdc94f27d8c	Girma Tekle Gebremariam	Gebremariam	Girma Tekle	0000-0002-2747-7955	A5008650274					1	0	PROFILE_ACCEPTED		PERSON
person:leader:82320ccd878a	Gisela Cristiane Miyamoto	Miyamoto	Gisela Cristiane	0000-0002-6826-4278	A5024629360					1	0	PROFILE_ACCEPTED		PERSON
person:leader:6cc4c9299d70	Goitom Molalign Takele	Takele	Goitom Molalign	0000-0002-9344-3390	A5009462612					1	0	PROFILE_ACCEPTED		PERSON
person:leader:4a3a47051430	Gordon Liu	Liu	Gordon							1	0	PROFILE_NOT_ACCEPTED_FOR_DISCOVERY	A5074307362	PERSON
person:eqmember:17861	Gouke Bonsel	Bonsel	Gouke	0000-0002-8364-1086	A5047977076	17861	EuroQol Research Foundation	https://euroqol.org/about-us/our-members/member-detail/?memberid=17861	2026-08-21	1	1	PROFILE_ACCEPTED		PERSON
person:leader:c4a44baaa49e	Guangjie Zhang	Zhang	Guangjie	0000-0003-1311-8510	A5030831609					1	0	PROFILE_NOT_ACCEPTED_FOR_DISCOVERY	A5030831609	PERSON
person:leader:7709fc0eb80b	Hajer Falfel	Falfel	Hajer							1	0	NO_EXTERNAL_PROFILE		PERSON
person:leader:d772564e6aa2	Hannah Hussain	Hussain	Hannah	0009-0002-5645-184x	A5015275165					1	0	PROFILE_ACCEPTED		PERSON
person:eqmember:17863	Hannah Penton	Penton	Hannah	0000-0001-9492-7875	A5056335393	17863		https://euroqol.org/about-us/our-members/member-detail/?memberid=17863	2026-08-21	1	1	PROFILE_ACCEPTED		PERSON
person:leader:521652db691b	Haode Wang	Wang	Haode	0000-0002-0759-7087	A5073060343					1	0	PROFILE_ACCEPTED		PERSON
person:eqmember:17865	Harri Sintonen	Sintonen	Harri	0000-0003-1252-0946	A5032927955	17865	University of Helsinki/Department of Public Health	https://euroqol.org/about-us/our-members/member-detail/?memberid=17865	2026-08-21	0	1	PROFILE_ACCEPTED		PERSON
person:leader:659c3176bede	Helen Harcombe	Harcombe	Helen	0000-0002-2612-1789	A5081829233					1	0	PROFILE_ACCEPTED		PERSON
person:eqmember:17867	Henry Bailey	Bailey	Henry	0000-0002-4479-9948	A5090969739	17867	The University of the West Indies	https://euroqol.org/about-us/our-members/member-detail/?memberid=17867	2026-08-21	1	1	PROFILE_ACCEPTED		PERSON
person:leader:647ca7dfed2e	Hesam Ghiasvand	Ghiasvand	Hesam	0000-0002-3110-6954	A5011771775					1	0	PROFILE_ACCEPTED		PERSON
person:leader:c776fcba6574	Hilton Lam	Lam	Hilton	0000-0003-4042-5997	A5071601943					1	0	PROFILE_ACCEPTED		PERSON
person:leader:1a4259c27e31	Hoang Van Mi	Mi	Hoang Van							1	0	NO_EXTERNAL_PROFILE		PERSON
person:leader:53444d26184b	Hsiang-Wen Lin	Lin	Hsiang-Wen	0000-0002-6771-6746	A5003956817					1	0	PROFILE_ACCEPTED		PERSON
person:leader:3e574b51f63b	Ilan Koppen	Koppen	Ilan	0000-0002-1856-0968	A5031557006					1	0	PROFILE_ACCEPTED		PERSON
person:leader:c05d651d6895	Ilias Goranitis	Goranitis	Ilias	0000-0001-7946-8324	A5023451391					1	0	PROFILE_ACCEPTED		PERSON
person:eqmember:17869	Ines Buchholz	Buchholz	Ines	0000-0001-9729-6992	A5043257626	17869	None	https://euroqol.org/about-us/our-members/member-detail/?memberid=17869	2026-08-21	1	1	PROFILE_ACCEPTED		PERSON
person:leader:206cc1095a3f	Irina Kinchin	Kinchin	Irina	0000-0003-0133-2763	A5054485095					1	0	PROFILE_ACCEPTED		PERSON
person:leader:0528d2bef677	Iwan van der Horst	Horst	Iwan van der	0000-0003-3891-8522	A5024802434					1	0	PROFILE_ACCEPTED		PERSON
person:leader:f832ce9d79bc	Jahangir Khan	Khan	Jahangir	0000-0002-6151-764x						1	0	PROFILE_NOT_ACCEPTED_FOR_DISCOVERY	A5052565475	PERSON
person:eqmember:17871	James Shaw	Shaw	James	0000-0002-7019-3720	A5055862397	17871	Takeda Pharmaceuticals	https://euroqol.org/about-us/our-members/member-detail/?memberid=17871	2026-08-21	0	1	PROFILE_NOT_ACCEPTED_FOR_DISCOVERY	A5055862397	PERSON
person:eqmember:17873	Jan Abel Olsen	Olsen	Jan Abel	0000-0001-9472-2669	A5052181611	17873	Department of Community Medicine, UiT The Arctic University of Norway	https://euroqol.org/about-us/our-members/member-detail/?memberid=17873	2026-08-21	1	1	PROFILE_ACCEPTED		PERSON
person:eqmember:17875	Jan Busschbach	Busschbach	Jan	0000-0002-8602-0381	A5020122364	17875	Erasmus MC	https://euroqol.org/about-us/our-members/member-detail/?memberid=17875	2026-08-21	1	1	PROFILE_ACCEPTED		PERSON
person:leader:e26a260838e7	Jan Faller	Faller	Jan	0000-0001-7645-2079	A5043601549					1	0	PROFILE_ACCEPTED		PERSON
person:leader:2a71a5f6076e	Jan Heijdra Suasnabar	Suasnabar	Jan Heijdra	0000-0002-8057-1318	A5050459768					1	0	PROFILE_ACCEPTED		PERSON
person:leader:7c20f6644adc	Jan Henrik Terheyden	Terheyden	Jan Henrik	0000-0002-0174-4066	A5069023369					1	0	PROFILE_ACCEPTED		PERSON
person:leader:a1381fb1821a	Jan Verhaar	Verhaar	Jan	0000-0003-3016-9600	A5035697100					1	0	PROFILE_ACCEPTED		PERSON
person:leader:2f6e9bb0322d	Janine van Til	Til	Janine van	0000-0002-5416-5893	A5070605387					1	0	PROFILE_ACCEPTED		PERSON
person:eqmember:17877	Janine Verstraete	Verstraete	Janine	0000-0002-1148-4747	A5006452129	17877	University of Cape Town	https://euroqol.org/about-us/our-members/member-detail/?memberid=17877	2026-08-21	1	1	PROFILE_ACCEPTED		PERSON
person:leader:adaf068280a4	Jarinne Woudstra-de Jong	Jong	Jarinne Woudstra-de							1	0	NO_EXTERNAL_PROFILE		PERSON
person:eqmember:17879	Jeffrey Johnson	Johnson	Jeffrey	0000-0001-8290-2857	A5067514299	17879	University of Alberta	https://euroqol.org/about-us/our-members/member-detail/?memberid=17879	2026-08-21	1	1	PROFILE_NOT_ACCEPTED_FOR_DISCOVERY	A5067514299	PERSON
person:eqmember:17881	Jennifer Jelsma	Jelsma	Jennifer	0000-0003-4049-8395	A5064611767	17881	University of Cape Town	https://euroqol.org/about-us/our-members/member-detail/?memberid=17881	2026-08-21	1	1	PROFILE_ACCEPTED		PERSON
person:leader:0687af044b11	Jenny Downs	Downs	Jenny	0000-0001-7358-9037	A5045593878					1	0	PROFILE_ACCEPTED		PERSON
person:leader:5254d920d75f	Jeremy Dietz	Dietz	Jeremy		A5078556304					1	0	PROFILE_ACCEPTED		PERSON
person:leader:efeacb8233a1	Jermaine Dambi	Dambi	Jermaine	0000-0002-2446-7903	A5081348197					1	0	PROFILE_ACCEPTED		PERSON
person:leader:b35887d0a9b8	Jeshika Singh	Singh	Jeshika	0000-0003-3321-5481	A5036902866					1	0	PROFILE_ACCEPTED		PERSON
person:leader:33e259cba916	Jessica Roydhouse	Roydhouse	Jessica	0000-0002-8025-5841	A5010221662					1	0	PROFILE_ACCEPTED		PERSON
person:leader:bb6a8ddff5d8	Jia Jia Lee	Lee	Jia Jia	0000-0001-7821-9131	A5050544932					1	0	PROFILE_ACCEPTED		PERSON
person:leader:1e73a1e0f92c	Jiabi Wen	Wen	Jiabi	0000-0001-9579-9625	A5001767251					1	0	PROFILE_ACCEPTED		PERSON
person:leader:63cb6b329986	Jill Carlton	Carlton	Jill	0000-0002-9373-7663	A5051490866					1	0	PROFILE_ACCEPTED		PERSON
person:leader:f7fda3adfcf0	Jiyoung Park	Park	Jiyoung	0000-0003-1374-9187						1	0	PROFILE_NOT_ACCEPTED_FOR_DISCOVERY	A5100409602	PERSON
person:eqmember:17883	Johannes Clouth	Clouth	Johannes			17883	Retired	https://euroqol.org/about-us/our-members/member-detail/?memberid=17883	2026-08-21	0	1	PROFILE_NOT_ACCEPTED_FOR_DISCOVERY	A5029021088	PERSON
person:eqmember:17885	John Brazier	Brazier	John	0000-0001-8645-4780	A5007276743	17885	University of Sheffield	https://euroqol.org/about-us/our-members/member-detail/?memberid=17885	2026-08-21	1	1	PROFILE_NOT_ACCEPTED_FOR_DISCOVERY	A5007276743	PERSON
person:eqmember:17887	John Hartman	Hartman	John			17887	GSK	https://euroqol.org/about-us/our-members/member-detail/?memberid=17887	2026-08-21	1	1	PROFILE_NOT_ACCEPTED_FOR_DISCOVERY	A5108501222	PERSON
person:eqmember:17889	John Yfantopoulos	Yfantopoulos	John	0000-0003-0424-6887	A5050078092	17889	University of Athens	https://euroqol.org/about-us/our-members/member-detail/?memberid=17889	2026-08-21	1	1	PROFILE_ACCEPTED		PERSON
person:leader:6b971e7fb4c3	Jonathan Nazari	Nazari	Jonathan							1	0	PROFILE_NOT_ACCEPTED_FOR_DISCOVERY	A5076426425	PERSON
person:leader:69d083490dab	Jose Luis Pinto-Prades	Pinto-Prades	Jose Luis	0000-0002-9684-3410	A5017788431					1	0	PROFILE_ACCEPTED		PERSON
person:leader:4c5021828c2c	Josephine Walker	Walker	Josephine	0000-0002-9732-5738						1	0	PROFILE_NOT_ACCEPTED_FOR_DISCOVERY	A5038317615	PERSON
person:leader:c2d00c5008f7	Joshua Bonsel	Bonsel	Joshua	0000-0002-9143-5506	A5090783923					1	0	PROFILE_ACCEPTED		PERSON
person:eqmember:17891	Juan Cabasés	Cabasés	Juan	0000-0003-0207-4137	A5039017875	17891	Department of Economics, Universidad Pública de Navarra	https://euroqol.org/about-us/our-members/member-detail/?memberid=17891	2026-08-21	0	1	PROFILE_ACCEPTED		PERSON
person:eqmember:17893	Juan M. Ramos-Goñi	Ramos-Goñi	Juan M.	0000-0002-9568-5190	A5047957689	17893	Maths in Health	https://euroqol.org/about-us/our-members/member-detail/?memberid=17893	2026-08-21	1	1	PROFILE_ACCEPTED		PERSON
person:leader:80409a103005	Juan Pedro Alonso	Alonso	Juan Pedro							1	0	PROFILE_NOT_ACCEPTED_FOR_DISCOVERY	A5109481311	PERSON
person:eqmember:17895	Juanita Haagsma	Haagsma	Juanita	0000-0002-2055-548x	A5060133399	17895	Erasmus MC	https://euroqol.org/about-us/our-members/member-detail/?memberid=17895	2026-08-21	1	1	PROFILE_ACCEPTED		PERSON
person:leader:c39630e8495b	Judith Bosmans	Bosmans	Judith	0000-0002-1443-1026						1	0	PROFILE_NOT_ACCEPTED_FOR_DISCOVERY	A5016039203	PERSON
person:leader:f16894fd3cc6	Julia Fox-Rushby	Fox-Rushby	Julia							1	0	NO_EXTERNAL_PROFILE		PERSON
person:leader:d6add53f5977	Julie Ratcliffe	Ratcliffe	Julie	0000-0001-7365-1988	A5070505553					1	0	PROFILE_ACCEPTED		PERSON
person:leader:ad6bbe401f11	Juntana Pattanaphesaj	Pattanaphesaj	Juntana	0000-0003-1426-6777	A5040546783					1	0	PROFILE_ACCEPTED		PERSON
person:leader:4a644920a969	Katie Page	Page	Katie	0000-0001-9183-9175						1	0	PROFILE_NOT_ACCEPTED_FOR_DISCOVERY	A5103147397	PERSON
person:leader:b37527295362	Katie Spencer	Spencer	Katie	0000-0002-6846-4341	A5073760994					1	0	PROFILE_ACCEPTED		PERSON
person:leader:78acf91f717f	Katy Gallop	Gallop	Katy	0000-0002-6826-3865	A5091811569					1	0	PROFILE_ACCEPTED		PERSON
person:leader:c2ff91e5ac8a	Kelly de Ligt	Ligt	Kelly de	0000-0001-9218-617x	A5000687889					1	0	PROFILE_ACCEPTED		PERSON
person:leader:7fbd807010a1	Kidu Gidey	Gidey	Kidu	0000-0002-7363-1327	A5040157120					1	0	PROFILE_ACCEPTED		PERSON
person:leader:50cca9cff5d9	Kim Dalziel	Dalziel	Kim	0000-0003-4972-8871	A5078953009					1	0	PROFILE_ACCEPTED		PERSON
person:eqmember:17897	Kim Rand	Rand	Kim	0000-0001-7692-4099	A5041551368	17897	Maths in Health and the Health Services Research Centre, Akershus University Hospital	https://euroqol.org/about-us/our-members/member-detail/?memberid=17897	2026-08-21	1	1	PROFILE_ACCEPTED		PERSON
person:leader:ba7c286781f3	Klas Goran Sahlen	Sahlen	Klas Goran	0000-0002-3975-4868	A5069574274					1	0	PROFILE_ACCEPTED		PERSON
person:leader:2457503d9523	KM Vermeulen	Vermeulen	KM		A5110324582					1	0	PROFILE_ACCEPTED		PERSON
person:eqmember:17899	Knut Stavem	Stavem	Knut	0000-0003-4512-8000	A5033845511	17899	Akershus University Hospital	https://euroqol.org/about-us/our-members/member-detail/?memberid=17899	2026-08-21	1	1	PROFILE_ACCEPTED		PERSON
person:leader:04cf56c7a04c	Kompal Sinha	Sinha	Kompal	0000-0003-4318-6100	A5026880787					1	0	PROFILE_ACCEPTED		PERSON
person:eqmember:17901	Koonal Shah	Shah	Koonal	0000-0002-4927-7858	A5083575745	17901	NICE	https://euroqol.org/about-us/our-members/member-detail/?memberid=17901	2026-08-21	1	1	PROFILE_ACCEPTED		PERSON
person:leader:5b6527858de5	Kristina Burström	Burström	Kristina	0000-0001-9996-4317	A5005862614					1	0	PROFILE_ACCEPTED		PERSON
person:eqmember:17905	Kristina Ludwig	Ludwig	Kristina	0000-0002-4306-4667	A5035184665	17905	(1) Department of Health Economics & Health Care Management, School of Public Health, Bielefeld University, Germany; (2) EuroQol Research Foundation	https://euroqol.org/about-us/our-members/member-detail/?memberid=17905	2026-08-21	1	1	PROFILE_NOT_ACCEPTED_FOR_DISCOVERY	A5035184665	PERSON
person:eqmember:17907	Kristina Secnik Boye	Boye	Kristina Secnik	0000-0002-5953-5929	A5039006946	17907	Eli Lilly and Company	https://euroqol.org/about-us/our-members/member-detail/?memberid=17907	2026-08-21	0	1	PROFILE_ACCEPTED		PERSON
person:leader:f05e8daa6389	Lan Gao	Gao	Lan	0000-0001-9734-1140						1	0	PROFILE_NOT_ACCEPTED_FOR_DISCOVERY	A5043687438	PERSON
person:leader:8b1b3321c511	Lars Ehlers	Ehlers	Lars	0000-0001-6512-5566	A5054828864					1	0	PROFILE_NOT_ACCEPTED_FOR_DISCOVERY	A5054828864	PERSON
person:eqmember:17909	Leida Lamers	Lamers	Leida			17909	Ministry of Health, Welfare and Sports	https://euroqol.org/about-us/our-members/member-detail/?memberid=17909	2026-08-21	0	1	PROFILE_NOT_ACCEPTED_FOR_DISCOVERY	A5091647381	PERSON
person:eqmember:17911	Lidia Engel	Engel	Lidia	0000-0002-7959-3149	A5039737173	17911	Monash University	https://euroqol.org/about-us/our-members/member-detail/?memberid=17911	2026-08-21	1	1	PROFILE_ACCEPTED		PERSON
person:leader:5cc7e060e9e2	Lina Maria Serna Higuita	Higuita	Lina Maria Serna	0000-0001-5182-8295						1	0	PROFILE_NOT_ACCEPTED_FOR_DISCOVERY	A5022647682	PERSON
person:eqmember:19028	Ling Jie Cheng	Cheng	Ling Jie	0000-0002-5338-578x	A5082193621	19028	University of Oxford	https://euroqol.org/about-us/our-members/member-detail/?memberid=19028	2026-08-21	1	1	PROFILE_NOT_ACCEPTED_FOR_DISCOVERY	A5082193621	PERSON
person:eqmember:17913	Ling-Hsiang Chuang	Chuang	Ling-Hsiang	0000-0001-8043-0411	A5057802030	17913		https://euroqol.org/about-us/our-members/member-detail/?memberid=17913	2026-08-21	1	1	PROFILE_ACCEPTED		PERSON
person:eqmember:17914	Liv Ariane Augestad	Augestad	Liv Ariane	0000-0003-3330-5081	A5054297438	17914	University of Oslo	https://euroqol.org/about-us/our-members/member-detail/?memberid=17914	2026-08-21	0	1	PROFILE_ACCEPTED		PERSON
person:eqmember:17916	Louise Longworth	Longworth	Louise	0000-0003-2512-4862	A5046647690	17916	Arrow Health Economics	https://euroqol.org/about-us/our-members/member-detail/?memberid=17916	2026-08-21	1	1	PROFILE_ACCEPTED		PERSON
person:eqmember:17918	Lucila Rey Ares	Ares	Lucila Rey		A5045433583	17918		https://euroqol.org/about-us/our-members/member-detail/?memberid=17918	2026-08-21	1	1	PROFILE_ACCEPTED		PERSON
person:leader:510242c8d95e	Lucky Ngwira	Ngwira	Lucky	0000-0002-2695-8917	A5063482306					1	0	PROFILE_ACCEPTED		PERSON
person:leader:44719d5c83d6	Luis Rajmil	Rajmil	Luis	0000-0002-6625-0649	A5000326162					1	0	PROFILE_ACCEPTED		PERSON
person:leader:9c090ecdc8b1	Lyazzat Kosherbayeva	Kosherbayeva	Lyazzat							1	0	NO_EXTERNAL_PROFILE		PERSON
person:leader:da1bac7dcc2d	madeeha malik	malik	madeeha	0000-0001-5824-9405	A5053689562					1	0	PROFILE_ACCEPTED		PERSON
person:eqmember:19030	Maja Kuharic	Kuharic	Maja	0000-0003-3696-9086	A5007210675	19030	Northwestern University	https://euroqol.org/about-us/our-members/member-detail/?memberid=19030	2026-08-21	1	1	PROFILE_ACCEPTED		PERSON
person:leader:6fe4e81455db	Maksat Jumamyradov	Jumamyradov	Maksat	0009-0008-0180-7224	A5067862987					1	0	PROFILE_ACCEPTED		PERSON
person:leader:97c18766e2ad	Malin Regardt	Regardt	Malin	0000-0002-1908-5708	A5010406225					1	0	PROFILE_ACCEPTED		PERSON
person:eqmember:17920	Marcel Jonker	Jonker	Marcel	0000-0001-8433-1402	A5063358434	17920		https://euroqol.org/about-us/our-members/member-detail/?memberid=17920	2026-08-21	1	1	PROFILE_ACCEPTED		PERSON
person:leader:b74a5997703c	Maresa Buchholz	Buchholz	Maresa	0000-0002-4486-8632	A5061680498					1	0	PROFILE_NOT_ACCEPTED_FOR_DISCOVERY	A5061680498	PERSON
person:leader:ac6298b56f5c	Margreet Franken	Franken	Margreet	0000-0003-4207-510x	A5089696059					1	0	PROFILE_ACCEPTED		PERSON
person:leader:320b99af03c2	María Belizán	Belizán	María	0000-0002-8739-5249	A5058351382					1	0	PROFILE_ACCEPTED		PERSON
person:eqmember:17922	Marisa Da Santos	Santos	Marisa Da	0000-0002-2174-6800	A5070231679	17922	Instituto Nacional de Cardiologia	https://euroqol.org/about-us/our-members/member-detail/?memberid=17922	2026-08-21	1	1	PROFILE_ACCEPTED		PERSON
person:eqmember:17924	Mark Oppe	Oppe	Mark	0000-0003-4286-8855	A5023709885	17924	EuroQol Research Foundation	https://euroqol.org/about-us/our-members/member-detail/?memberid=17924	2026-08-21	1	1	PROFILE_ACCEPTED		PERSON
person:leader:681e21cecf79	Mark Sculpher	Sculpher	Mark	0000-0003-3746-9913	A5060049178					1	0	PROFILE_ACCEPTED		PERSON
person:eqmember:19179	Márta Péntek	Péntek	Márta	0000-0001-9636-6012	A5064557440	19179	Obuda University	https://euroqol.org/about-us/our-members/member-detail/?memberid=19179	2026-08-21	0	1	PROFILE_ACCEPTED		PERSON
person:leader:676057ab3f0a	Martijn Doeleman	Doeleman	Martijn	0000-0003-4786-4108	A5038383689					1	0	PROFILE_ACCEPTED		PERSON
person:leader:b9c067658879	Martin Härter	Härter	Martin	0000-0001-7443-9890	A5048738092					1	0	PROFILE_ACCEPTED		PERSON
person:leader:8d300fb068fd	Martine Hoogendoorn	Hoogendoorn	Martine	0000-0002-7122-9780	A5033706754					1	0	PROFILE_ACCEPTED		PERSON
person:leader:1b524ab3f1ea	Marufa Sultana	Sultana	Marufa	0000-0003-2475-6497	A5035318354					1	0	PROFILE_ACCEPTED		PERSON
person:eqmember:17928	Matthijs Versteegh	Versteegh	Matthijs	0000-0003-4804-235x	A5086031530	17928	Huygens & Versteegh	https://euroqol.org/about-us/our-members/member-detail/?memberid=17928	2026-08-21	1	1	PROFILE_ACCEPTED		PERSON
person:leader:5c39051179f9	Maureen Rutten-van Molken	Molken	Maureen Rutten-van	0000-0001-8706-3159	A5010272673					1	0	PROFILE_ACCEPTED		PERSON
person:leader:f5a715e2f518	Meixia Liao	Liao	Meixia	0000-0001-7859-3684	A5079423723					1	0	PROFILE_ACCEPTED		PERSON
person:leader:45165c7286a7	Meles Tekie	Tekie	Meles							1	0	NO_EXTERNAL_PROFILE		PERSON
person:leader:2ca10efb7941	Merhawit Gerezgiher	Gerezgiher	Merhawit							1	0	NO_EXTERNAL_PROFILE		PERSON
person:eqmember:17930	Michael Herdman	Herdman	Michael	0000-0002-8189-5357	A5006750775	17930	Insight Consulting & Research	https://euroqol.org/about-us/our-members/member-detail/?memberid=17930	2026-08-21	1	1	PROFILE_ACCEPTED		PERSON
person:eqmember:17934	Michał Jakubczyk	Jakubczyk	Michał	0000-0002-0006-6769	A5015781187	17934	SGH Warsaw School of Economics, Poland	https://euroqol.org/about-us/our-members/member-detail/?memberid=17934	2026-08-21	1	1	PROFILE_ACCEPTED		PERSON
person:leader:fc07b6540d1a	Michela Meregaglia	Meregaglia	Michela	0000-0003-0092-5970	A5038451583					1	0	PROFILE_ACCEPTED		PERSON
person:eqmember:17936	Mihir Gandhi	Gandhi	Mihir	0000-0002-8902-2710	A5112963139	17936	Duke-NUS Medical School	https://euroqol.org/about-us/our-members/member-detail/?memberid=17936	2026-08-21	1	1	PROFILE_NOT_ACCEPTED_FOR_DISCOVERY	A5087601665	PERSON
person:leader:fa2f4d6479ec	Mihretab Gebreslassie	Gebreslassie	Mihretab	0000-0001-9556-0075	A5085631323					1	0	PROFILE_ACCEPTED		PERSON
person:eqmember:17937	Milad Karimi	Karimi	Milad	0000-0002-5298-174x	A5076374306	17937		https://euroqol.org/about-us/our-members/member-detail/?memberid=17937	2026-08-21	1	1	PROFILE_NOT_ACCEPTED_FOR_DISCOVERY	A5076374306	PERSON
person:eqmember:17938	Mimmi Åström	Åström	Mimmi	0000-0002-6711-5262	A5055089597	17938	Karolinska Institutet	https://euroqol.org/about-us/our-members/member-detail/?memberid=17938	2026-08-21	1	1	PROFILE_ACCEPTED		PERSON
person:leader:d2015a3f2b80	Min-Joo Woo	Woo	Min-Joo	0000-0002-4630-9922						1	0	PROFILE_NOT_ACCEPTED_FOR_DISCOVERY	A5028665396	PERSON
person:eqmember:17940	Min-Woo Jo	Jo	Min-Woo	0000-0002-4574-1318	A5015763173	17940	Department of Preventive Medicine, University of Ulsan College of Medicine	https://euroqol.org/about-us/our-members/member-detail/?memberid=17940	2026-08-21	0	1	PROFILE_ACCEPTED		PERSON
person:eqmember:19032	Mina Bahrampour	Bahrampour	Mina	0000-0002-6915-1865	A5068470091	19032	University of Technology Sydney	https://euroqol.org/about-us/our-members/member-detail/?memberid=19032	2026-08-21	1	1	PROFILE_ACCEPTED		PERSON
person:eqmember:17942	Minghui Li	Li	Minghui	0000-0003-3673-5925		17942	University of Tennessee	https://euroqol.org/about-us/our-members/member-detail/?memberid=17942	2026-08-21	1	1	PROFILE_NOT_ACCEPTED_FOR_DISCOVERY	A5100400064	PERSON
person:leader:086bfe1b27fe	Minh Pham	Pham	Minh	0000-0003-2974-3484	A5088028488					1	0	PROFILE_NOT_ACCEPTED_FOR_DISCOVERY	A5077706356	PERSON
person:leader:570ea90166a5	Nadine Zawadzkli	Zawadzkli	Nadine							1	0	NO_EXTERNAL_PROFILE		PERSON
person:eqmember:17944	Nan Luo	Luo	Nan	0000-0001-7980-6979	A5064398143	17944	National University of Singapore	https://euroqol.org/about-us/our-members/member-detail/?memberid=17944	2026-08-21	1	1	PROFILE_NOT_ACCEPTED_FOR_DISCOVERY	A5064398143	PERSON
person:eqmember:17946	Nancy Devlin	Devlin	Nancy	0000-0002-1561-5361	A5103206776	17946	University of Melbourne	https://euroqol.org/about-us/our-members/member-detail/?memberid=17946	2026-08-21	1	1	PROFILE_ACCEPTED		PERSON
person:eqmember:17948	Narcis Gusi	Gusi	Narcis	0000-0002-1001-8883	A5042480120	17948	University of Extremadura (Spain)	https://euroqol.org/about-us/our-members/member-detail/?memberid=17948	2026-08-21	1	1	PROFILE_ACCEPTED		PERSON
person:leader:46d6ae1ea3cd	Nicholas Smeele	Smeele	Nicholas							1	0	NO_EXTERNAL_PROFILE		PERSON
person:eqmember:17952	Nick Bansback	Bansback	Nick	0000-0002-1510-3462	A5052496992	17952	School of Population and Public Health	https://euroqol.org/about-us/our-members/member-detail/?memberid=17952	2026-08-21	1	1	PROFILE_ACCEPTED		PERSON
person:eqmember:17954	Nils Gutacker	Gutacker	Nils	0000-0002-2833-0621	A5023093255	17954	Centre for Health Economics, University of York	https://euroqol.org/about-us/our-members/member-detail/?memberid=17954	2026-08-21	1	1	PROFILE_ACCEPTED		PERSON
person:eqmember:17956	Ning Yan Gu	Gu	Ning Yan	0000-0002-1250-7605	A5063972558	17956	University of San Francisco	https://euroqol.org/about-us/our-members/member-detail/?memberid=17956	2026-08-21	1	1	PROFILE_NOT_ACCEPTED_FOR_DISCOVERY	A5063972558	PERSON
person:leader:fe69a449d6e0	Norma Bulamu	Bulamu	Norma							1	0	NO_EXTERNAL_PROFILE		PERSON
person:leader:fb586bce648f	Nyantara Wickramasekera	Wickramasekera	Nyantara	0000-0002-6552-5153	A5077076014					1	0	PROFILE_ACCEPTED		PERSON
person:eqmember:17958	Ole Marten	Marten	Ole	0000-0002-2576-9110	A5033160244	17958	Bielefeld University	https://euroqol.org/about-us/our-members/member-detail/?memberid=17958	2026-08-21	1	1	PROFILE_ACCEPTED		PERSON
person:eqmember:17960	Oliver Rivero-Arias	Rivero-Arias	Oliver	0000-0003-2233-6544	A5121462085	17960	University of Oxford	https://euroqol.org/about-us/our-members/member-detail/?memberid=17960	2026-08-21	1	1	PROFILE_ACCEPTED		PERSON
person:leader:4fa690feeeb8	Oriana Ciani	Ciani	Oriana	0000-0002-3607-0508	A5008052793					1	0	PROFILE_ACCEPTED		PERSON
person:leader:dc2e8227c8a1	Patricia Cubi-Molla	Cubi-Molla	Patricia	0000-0002-2803-7337	A5087726711					1	0	PROFILE_ACCEPTED		PERSON
person:eqmember:17962	Paul Kind	Kind	Paul	0000-0003-2377-1652	A5013594779	17962	Health Economics Policy Lab (HEPL), University College London	https://euroqol.org/about-us/our-members/member-detail/?memberid=17962	2026-08-21	1	1	PROFILE_ACCEPTED		PERSON
person:eqmember:17964	Paul Krabbe	Krabbe	Paul	0000-0001-6042-1243	A5061371202	17964	University Medical Center Groningen	https://euroqol.org/about-us/our-members/member-detail/?memberid=17964	2026-08-21	1	1	PROFILE_ACCEPTED		PERSON
person:leader:0a4ba2690908	Paul Schneider	Schneider	Paul	0000-0003-3552-1087	A5007136182					1	0	PROFILE_NOT_ACCEPTED_FOR_DISCOVERY	A5086411644	PERSON
person:eqmember:17966	Paula Lorgelly	Lorgelly	Paula	0000-0002-8990-9514	A5027424571	17966	University of Auckland | Waipapa Taumata Rau	https://euroqol.org/about-us/our-members/member-detail/?memberid=17966	2026-08-21	1	1	PROFILE_ACCEPTED		PERSON
person:leader:0e9ad499d04b	Pedro Ferreira	Ferreira	Pedro	0000-0002-9448-9542						1	0	PROFILE_NOT_ACCEPTED_FOR_DISCOVERY	A5048178253	PERSON
person:eqmember:17968	Peep Stalmeier	Stalmeier	Peep	0000-0002-7553-562x	A5013523692	17968	Radboudumc	https://euroqol.org/about-us/our-members/member-detail/?memberid=17968	2026-08-21	1	1	PROFILE_ACCEPTED		PERSON
person:leader:fa3dd095d626	pei wang	wang	pei	0000-0003-3661-3944	A5100462659					1	0	PROFILE_NOT_ACCEPTED_FOR_DISCOVERY	A5100462615	PERSON
person:leader:c4ed61eb8dc6	Philip Clarke	Clarke	Philip	0000-0002-7555-5348						1	0	PROFILE_NOT_ACCEPTED_FOR_DISCOVERY	A5072230333	PERSON
person:leader:e448059d8472	Philip Powell	Powell	Philip	0000-0003-1169-3431	A5072704582					1	0	PROFILE_ACCEPTED		PERSON
person:leader:a1e1c0434133	Piyameth Dilokthornsakul	Dilokthornsakul	Piyameth	0000-0002-6981-1771	A5013970219					1	0	PROFILE_ACCEPTED		PERSON
person:leader:16c3b78cea49	Priyanka Banik	Banik	Priyanka							1	0	NO_EXTERNAL_PROFILE		PERSON
person:leader:fe53e5b0d472	Prudence Cheung	Cheung	Prudence	0000-0002-3213-7373	A5011025629					1	0	PROFILE_ACCEPTED		PERSON
person:eqmember:18648	Rachel Tan	Tan	Rachel	0000-0002-4610-1195	A5047279366	18648	IQVIA	https://euroqol.org/about-us/our-members/member-detail/?memberid=18648	2026-08-21	0	1	PROFILE_NOT_ACCEPTED_FOR_DISCOVERY	A5047279366	PERSON
person:leader:509e281c560b	Raf Van Gestel	Gestel	Raf Van							1	0	NO_EXTERNAL_PROFILE		PERSON
person:leader:a88a6c88814a	Rainer Reile	Reile	Rainer	0000-0001-9488-887x	A5036883637					1	0	PROFILE_ACCEPTED		PERSON
person:leader:3a021deb0a29	Rebecca Addo	Addo	Rebecca	0000-0002-5970-1122	A5005424373					1	0	PROFILE_ACCEPTED		PERSON
person:eqmember:17973	Richard Brooks	Brooks	Richard			17973	Retirement Association	https://euroqol.org/about-us/our-members/member-detail/?memberid=17973	2026-08-21	0	1	PROFILE_NOT_ACCEPTED_FOR_DISCOVERY	A5112107099	PERSON
person:eqmember:17974	Richard Norman	Norman	Richard	0000-0002-3112-3893	A5101841802	17974	Curtin University	https://euroqol.org/about-us/our-members/member-detail/?memberid=17974	2026-08-21	1	1	PROFILE_ACCEPTED		PERSON
person:eqmember:21678	Richard Xu	Xu	Richard	0000-0002-4720-5172	A5057171540	21678	The Hong Kong Polytechnic University	https://euroqol.org/about-us/our-members/member-detail/?memberid=21678	2026-08-21	1	1	PROFILE_NOT_ACCEPTED_FOR_DISCOVERY	A5057171540	PERSON
person:leader:58f9f9b702a9	Rini Noviyani	Noviyani	Rini							1	0	NO_EXTERNAL_PROFILE		PERSON
person:eqmember:17976	Rosalie Viney	Viney	Rosalie	0000-0002-0039-9635	A5076742980	17976	University of Technology Sydney	https://euroqol.org/about-us/our-members/member-detail/?memberid=17976	2026-08-21	1	1	PROFILE_ACCEPTED		PERSON
person:eqmember:17978	Rosalind de Charro	Charro	Rosalind de			17978		https://euroqol.org/about-us/our-members/member-detail/?memberid=17978	2026-08-21	0	1	PROFILE_NOT_ACCEPTED_FOR_DISCOVERY	A5080909830	PERSON
person:eqmember:17980	Ruixuan Jiang	Jiang	Ruixuan	0000-0003-1737-2989	A5049026946	17980	Merck & Co., Inc.,	https://euroqol.org/about-us/our-members/member-detail/?memberid=17980	2026-08-21	0	1	PROFILE_NOT_ACCEPTED_FOR_DISCOVERY	A5049026946	PERSON
person:leader:39e3bb2019e3	Samar Farid	Farid	Samar	0000-0002-6048-847x	A5091305227					1	0	PROFILE_NOT_ACCEPTED_FOR_DISCOVERY	A5091305227	PERSON
person:leader:d1d5bf1eb595	Sander van Kuijk	Kuijk	Sander van	0000-0003-2796-729x	A5087173002					1	0	PROFILE_ACCEPTED		PERSON
person:leader:9298090f50fe	Sandjar Djalalov	Djalalov	Sandjar							1	0	NO_EXTERNAL_PROFILE		PERSON
person:eqmember:17982	Sarah Derrett	Derrett	Sarah	0000-0003-2867-0498	A5021576811	17982	University of Otago	https://euroqol.org/about-us/our-members/member-detail/?memberid=17982	2026-08-21	1	1	PROFILE_ACCEPTED		PERSON
person:eqmember:17984	Sarah Dewilde	Dewilde	Sarah	0000-0002-7315-3230	A5043932217	17984	SHE	https://euroqol.org/about-us/our-members/member-detail/?memberid=17984	2026-08-21	1	1	PROFILE_ACCEPTED		PERSON
person:leader:db2b81f67ca6	Sarega Gurudas	Gurudas	Sarega	0000-0002-2656-0570	A5067968462					1	0	PROFILE_ACCEPTED		PERSON
person:leader:f7a23dbb0eb8	Sayem Ahmed	Ahmed	Sayem	0000-0001-9499-1500	A5011474576					1	0	PROFILE_ACCEPTED		PERSON
person:leader:b101d0407270	Sesil Lim	Lim	Sesil	0000-0002-2227-8906	A5010929980					1	0	NO_EXTERNAL_PROFILE		PERSON
person:leader:ff5ebc6fc226	Seungjin Bae	Bae	Seungjin	0000-0002-8993-8884	A5038405248					1	0	PROFILE_ACCEPTED		PERSON
person:leader:fcc3440e8385	Shankar Prinja	Prinja	Shankar	0000-0001-7719-6986	A5071690494					1	0	PROFILE_ACCEPTED		PERSON
person:leader:e441983c0a65	Shitong Xie	Xie	Shitong		A5113241600					1	0	PROFILE_ACCEPTED		PERSON
person:leader:557995e71b4d	Shunya Ikeda	Ikeda	Shunya	0000-0002-1866-2155	A5064794823					1	0	PROFILE_NOT_ACCEPTED_FOR_DISCOVERY	A5064794823	PERSON
person:eqmember:17988	Simon Pickard	Pickard	Simon	0000-0001-5645-7091	A5058888906	17988	University of Illinois - Chicago	https://euroqol.org/about-us/our-members/member-detail/?memberid=17988	2026-08-21	1	1	PROFILE_ACCEPTED		PERSON
person:eqmember:17990	Simone Schieskow	Schieskow	Simone		A5117152200	17990	Bielefeld University, School of Public Health, Department of Health Economics and Health Care Management	https://euroqol.org/about-us/our-members/member-detail/?memberid=17990	2026-08-21	1	1	PROFILE_ACCEPTED		PERSON
person:leader:2fd1b3a52d2e	Sofia Vallejo	Vallejo	Sofia							1	0	NO_EXTERNAL_PROFILE		PERSON
person:leader:697a63a74011	Soumana Chamoun Nasser	Nasser	Soumana Chamoun	0000-0003-4202-7116	A5029600163					1	0	PROFILE_ACCEPTED		PERSON
person:eqmember:17992	Stefan Lipman	Lipman	Stefan	0000-0002-8784-9650	A5078862538	17992	Erasmus School of Health Policy & Management (ESHPM), Erasmus University Rotterdam	https://euroqol.org/about-us/our-members/member-detail/?memberid=17992	2026-08-21	1	1	PROFILE_ACCEPTED		PERSON
person:leader:17f6764f4e92	Stella Heemskerk	Heemskerk	Stella	0000-0002-1320-8084	A5025807986					1	0	PROFILE_ACCEPTED		PERSON
person:leader:e349178eacdd	Stephen Coons	Coons	Stephen	0000-0001-7977-5156	A5052220528					1	0	PROFILE_ACCEPTED		PERSON
person:leader:606823d7ed51	Stevanus Pangestu	Pangestu	Stevanus	0000-0003-2546-9449	A5033743427					1	0	PROFILE_ACCEPTED		PERSON
person:eqmember:17994	Stirling Bryan	Bryan	Stirling	0000-0001-7093-3058	A5015667412	17994	University of British Columbia	https://euroqol.org/about-us/our-members/member-detail/?memberid=17994	2026-08-21	1	1	PROFILE_ACCEPTED		PERSON
person:eqmember:17996	Sun Sun	Sun	Sun	0000-0001-5948-3025	A5081188742	17996	Parexel/Umeå University	https://euroqol.org/about-us/our-members/member-detail/?memberid=17996	2026-08-21	1	1	PROFILE_NOT_ACCEPTED_FOR_DISCOVERY	A5081188742	PERSON
person:leader:9f2c2404b4d6	Suzana Karim	Karim	Suzana	0000-0002-3370-1554	A5003389681					1	0	PROFILE_ACCEPTED		PERSON
person:leader:08f441c510b7	Taavi Lai	Lai	Taavi		A5109074641					1	0	PROFILE_ACCEPTED		PERSON
person:leader:4001f58df21c	Takeru Shiroiwa	Shiroiwa	Takeru	0000-0003-3055-9932	A5007564965					1	0	PROFILE_ACCEPTED		PERSON
person:leader:c3e60eaa5362	Teresa Bago d'Uva	d'Uva	Teresa Bago							1	0	NO_EXTERNAL_PROFILE		PERSON
person:leader:bc605a168c15	Teresa Tsui	Tsui	Teresa	0000-0002-9806-9393	A5089652474					1	0	PROFILE_ACCEPTED		PERSON
person:eqmember:17998	Tessa Peasgood	Peasgood	Tessa	0000-0001-8024-7801	A5022446221	17998	University of Sheffield	https://euroqol.org/about-us/our-members/member-detail/?memberid=17998	2026-08-21	1	1	PROFILE_ACCEPTED		PERSON
person:leader:ed94eca24d3c	Thao Thai	Thai	Thao							1	0	PROFILE_NOT_ACCEPTED_FOR_DISCOVERY	A5050171927	PERSON
person:eqmember:18000	thomas kohlmann	kohlmann	thomas	0000-0002-5956-8309	A5031953969	18000	University of Greifswald	https://euroqol.org/about-us/our-members/member-detail/?memberid=18000	2026-08-21	1	1	PROFILE_ACCEPTED		PERSON
person:eqmember:18002	Tianxin Pan	Pan	Tianxin	0000-0002-2243-8818	A5044860561	18002		https://euroqol.org/about-us/our-members/member-detail/?memberid=18002	2026-08-21	1	1	PROFILE_ACCEPTED		PERSON
person:leader:c9be2e978859	Tie Parma Yamato	Yamato	Tie Parma	0000-0002-5228-1292	A5034831401					1	0	PROFILE_ACCEPTED		PERSON
person:leader:fbb9eb69f451	Titi Fitriana	Fitriana	Titi	0000-0001-5062-6886	A5049547434					1	0	PROFILE_ACCEPTED		PERSON
person:leader:5c483f3c95b6	Tomos Robinson	Robinson	Tomos	0000-0001-8695-9738	A5048830550					1	0	PROFILE_ACCEPTED		PERSON
person:eqmember:18004	Trudy Sullivan	Sullivan	Trudy	0000-0001-8452-2591	A5022698267	18004	University of Otago	https://euroqol.org/about-us/our-members/member-detail/?memberid=18004	2026-08-21	1	1	PROFILE_ACCEPTED		PERSON
person:eqmember:21548	Ulrike Ravens-Sieberer	Ravens-Sieberer	Ulrike	0000-0002-2031-095x	A5049804622	21548	University Medical Center Hamburg-Eppendorf	https://euroqol.org/about-us/our-members/member-detail/?memberid=21548	2026-08-21	1	1	PROFILE_ACCEPTED		PERSON
person:eqmember:18006	Valentina Prevolnik Rupel	Rupel	Valentina Prevolnik	0000-0002-1238-7156	A5091343801	18006	Institute for Economic Research	https://euroqol.org/about-us/our-members/member-detail/?memberid=18006	2026-08-21	1	1	PROFILE_ACCEPTED		PERSON
person:eqmember:18008	victor zarate	zarate	victor	0000-0001-9145-3694	A5074565937	18008	MSD	https://euroqol.org/about-us/our-members/member-detail/?memberid=18008	2026-08-21	1	1	PROFILE_ACCEPTED		PERSON
person:leader:ef46534448d4	Vincent Lau	Lau	Vincent	0000-0002-9939-7348	A5022213392					1	0	PROFILE_ACCEPTED		PERSON
person:leader:8677f310bcd0	Vivian Reckers-Droog	Reckers-Droog	Vivian	0000-0001-8722-3431	A5121459836					1	0	PROFILE_ACCEPTED		PERSON
person:leader:73598c4735dd	Wenjing Zhou	Zhou	Wenjing	0000-0003-0770-4564	A5080372262					1	0	PROFILE_ACCEPTED		PERSON
person:leader:b939f54e06af	Willem van Veghel	Veghel	Willem van		A5003208889					1	0	PROFILE_ACCEPTED		PERSON
person:leader:083cccd0472d	Wojciech Trzebiński	Trzebiński	Wojciech							1	0	NO_EXTERNAL_PROFILE		PERSON
person:eqmember:18010	Wolfgang Greiner	Greiner	Wolfgang	0000-0001-9552-6969	A5001823062	18010	Bielefeld University	https://euroqol.org/about-us/our-members/member-detail/?memberid=18010	2026-08-21	1	1	PROFILE_ACCEPTED		PERSON
person:leader:8d9ce63b49ad	Xin Zhang	Zhang	Xin	0000-0003-0894-9520						1	0	PROFILE_NOT_ACCEPTED_FOR_DISCOVERY	A5100427821	PERSON
person:eqmember:18012	Xuejing Jin	Jin	Xuejing	0000-0003-3513-2364	A5008581679	18012	Beijing University of Chinese Medicine	https://euroqol.org/about-us/our-members/member-detail/?memberid=18012	2026-08-21	1	1	PROFILE_ACCEPTED		PERSON
person:eqmember:18014	yaling Yang	Yang	yaling			18014	Oxford University	https://euroqol.org/about-us/our-members/member-detail/?memberid=18014	2026-08-21	1	1	PROFILE_NOT_ACCEPTED_FOR_DISCOVERY	A5008455417	PERSON
person:eqmember:18016	Yan Feng	Feng	Yan	0000-0001-8663-6859	A5027316988	18016	Queen Mary University of London	https://euroqol.org/about-us/our-members/member-detail/?memberid=18016	2026-08-21	1	1	PROFILE_NOT_ACCEPTED_FOR_DISCOVERY	A5053760337	PERSON
person:leader:319f4d5520bf	Yap Xin Yi	Yi	Yap Xin	0000-0002-7135-6325						1	0	PROFILE_NOT_ACCEPTED_FOR_DISCOVERY	A5058382403	PERSON
person:leader:d9674d98607b	Yared Belete Belay	Belay	Yared Belete	0000-0001-5473-3857	A5086002810					1	0	PROFILE_ACCEPTED		PERSON
person:leader:8873fe2331bf	Yifan Ding	Ding	Yifan	0009-0006-8112-628x	A5076822287					1	0	PROFILE_ACCEPTED		PERSON
person:leader:708432e727df	Yirga Legesse Niriayo	Niriayo	Yirga Legesse	0000-0002-6943-753x	A5025678242					1	0	PROFILE_ACCEPTED		PERSON
person:leader:0e64036a4445	Yiting Luo	Luo	Yiting							1	0	PROFILE_NOT_ACCEPTED_FOR_DISCOVERY	A5101270824	PERSON
person:eqmember:18018	You-Shan Feng	Feng	You-Shan	0000-0003-1509-3409	A5091571513	18018	Medical University Tübingen, Germany	https://euroqol.org/about-us/our-members/member-detail/?memberid=18018	2026-08-21	1	1	PROFILE_ACCEPTED		PERSON
person:eqmember:18019	Zhihao Yang	Yang	Zhihao	0000-0001-5468-0847	A5028809099	18019	Guizhou Medical University	https://euroqol.org/about-us/our-members/member-detail/?memberid=18019	2026-08-21	1	1	PROFILE_NOT_ACCEPTED_FOR_DISCOVERY	A5028809099	PERSON
person:eqmember:18021	Zhuxin Mao	Mao	Zhuxin	0000-0002-7444-1584	A5002022038	18021	University of Antwerp	https://euroqol.org/about-us/our-members/member-detail/?memberid=18021	2026-08-21	1	1	PROFILE_ACCEPTED		PERSON
group:eq-daphnie-project-team	the EQ-DAPHNIE Project TeamJohnsonJeffreyJanssenMathieu F.Al SayahFatimaBaileyHenryGhandiMihirGolickiDominikGutackerNilsMulhernBrendenPurbaFredrickScottDesSullivanTrudyYangZhihaoZarateVictorShortHilary									0	0	AUTHOR_EXTERNAL_ID		GROUP
group:esmi-study-group	The ESMI study group									0	0	AUTHOR_EXTERNAL_ID		GROUP
group:eurosca-study-group	The EUROSCA study group									0	0	AUTHOR_EXTERNAL_ID		GROUP
group:impact-hta-hrqol-group	IMPACT HTA HRQoL Group									0	0	AUTHOR_EXTERNAL_ID		GROUP
group:quokka-project-team	in collaboration with the Quality Of Life in Kids: Key evidence to strengthen decisions in Australia (QUOKKA) project team									0	0	AUTHOR_EXTERNAL_ID		GROUP
group:swedish-quality-register-study-group	The Swedish Quality Register (SWEQR) Study Group									0	0	AUTHOR_EXTERNAL_ID		GROUP
person:author:doi:10.1007/s11136-025-03996-x:10	Abby Palmer	Palmer	Abby							0	0	AUTHOR_LOCAL		PERSON
person:author:doi:10.1007/s11136-025-03996-x:11	Tanya Wolfe	Wolfe	Tanya							0	0	AUTHOR_LOCAL		PERSON
person:author:doi:10.1007/s11136-025-03996-x:12	Penny Richards Fowler	Fowler	Penny Richards							0	0	AUTHOR_LOCAL		PERSON
person:author:doi:10.1007/s11136-025-03996-x:14	Max Pini	Pini	Max							0	0	AUTHOR_LOCAL		PERSON
person:author:doi:10.1038/s41433-023-02860-x:11	Shivaa S R Ramsewak	Ramsewak	Shivaa S R							0	0	AUTHOR_LOCAL		PERSON
person:author:doi:10.1038/s41433-023-02860-x:7	Samuel S R Ramsewak	Ramsewak	Samuel S R							0	0	AUTHOR_LOCAL		PERSON
person:author:doi:10.1186/s12955-024-02305-3:5	Alemu Belayneh	Belayneh	Alemu							0	0	AUTHOR_LOCAL		PERSON
person:author:doi:10.1371/journal.pone.0200966:8	Chung-Ying Lin	Lin	Chung-Ying							0	0	AUTHOR_LOCAL		PERSON
person:author:doi:10.2196/27669:10	Thomas Poder	Poder	Thomas							0	0	AUTHOR_LOCAL		PERSON
person:author:doi:10.2196/27669:8	Gunther Eysenbach	Eysenbach	Gunther							0	0	AUTHOR_LOCAL		PERSON
person:author:doi:10.2196/27669:9	Kristiann Heesch	Heesch	Kristiann							0	0	AUTHOR_LOCAL		PERSON
person:author:doi:10.3390/children8080714:10	Wendy J Ungar	Ungar	Wendy J							0	0	AUTHOR_LOCAL		PERSON
person:author:doi:10.4314/ahs.v23i4.63:2	Razia Amien	Amien	Razia							0	0	AUTHOR_LOCAL		PERSON
person:author:doi:10.5492/wjccm.v11.i4.236:19	Deborah J Cook	Cook	Deborah J							0	0	AUTHOR_LOCAL		PERSON
person:openalex:A5011128673	Shirley Y.W. Liu	Liu	Shirley YW		A5011128673					0	0	AUTHOR_EXTERNAL_ID		PERSON
person:openalex:A5011340679	Margareta Lindén‐Boström	Lindén-Boström	Margareta		A5011340679					0	0	AUTHOR_EXTERNAL_ID		PERSON
person:openalex:A5012652576	Yu Cho Woo	Woo	Yu Cho		A5012652576					0	0	AUTHOR_EXTERNAL_ID		PERSON
person:openalex:A5013588948	Shilana Yip	Yip	Shilana		A5013588948					0	0	AUTHOR_EXTERNAL_ID		PERSON
person:openalex:A5013644553	Katarzyna Graczyk	Graczyk	Katarzyna		A5013644553					0	0	AUTHOR_EXTERNAL_ID		PERSON
person:openalex:A5014702512	Amal Boutib	Boutib	Amal		A5014702512					0	0	AUTHOR_EXTERNAL_ID		PERSON
person:openalex:A5014870235	Rina Rahmatika	Rahmatika	Rina		A5014870235					0	0	AUTHOR_EXTERNAL_ID		PERSON
person:openalex:A5018364694	Victoria Lee He	He	Vicky		A5018364694					0	0	AUTHOR_EXTERNAL_ID		PERSON
person:openalex:A5019640605	Sahar Al Shabasy	Al Shabasy	Sahar		A5019640605					0	0	AUTHOR_EXTERNAL_ID		PERSON
person:openalex:A5031125763	Millie Gaydon	Gaydon	Millie		A5031125763					0	0	AUTHOR_EXTERNAL_ID		PERSON
person:openalex:A5032068645	Krista Brower	Brower	Krista		A5032068645					0	0	AUTHOR_EXTERNAL_ID		PERSON
person:openalex:A5035696719	Irene Florentino-Fariñas	Florentino-Fariñas	Irene		A5035696719					0	0	AUTHOR_EXTERNAL_ID		PERSON
person:openalex:A5040717022	Lisa Warner	Warner	Lisa		A5040717022					0	0	AUTHOR_EXTERNAL_ID		PERSON
person:openalex:A5045399261	John Yfantopolous	Yfantopolous	John N		A5045399261					0	0	AUTHOR_EXTERNAL_ID		PERSON
person:openalex:A5046103327	Hubert Wong	Wong	Hubert		A5046103327					0	0	AUTHOR_EXTERNAL_ID		PERSON
person:openalex:A5048456007	Xinyu Qian	Qian	Xinyu		A5048456007					0	0	AUTHOR_EXTERNAL_ID		PERSON
person:openalex:A5050491421	Abdu Mengesha	Mengesha	Abdu		A5050491421					0	0	AUTHOR_EXTERNAL_ID		PERSON
person:openalex:A5053842557	Xingju Qi	Qi	Xingju		A5053842557					0	0	AUTHOR_EXTERNAL_ID		PERSON
person:openalex:A5054412185	David M. Bartholomew	Bartholomew	D		A5054412185					0	0	AUTHOR_EXTERNAL_ID		PERSON
person:openalex:A5054515213	Mariska de Jongh	de Jongh	Mariska		A5054515213					0	0	AUTHOR_EXTERNAL_ID		PERSON
person:openalex:A5058173329	Lena Cuthbertson	Cuthbertson	Lena		A5058173329					0	0	AUTHOR_EXTERNAL_ID		PERSON
person:openalex:A5058639972	Eileen Keogh	Keogh	Eileen		A5058639972					0	0	AUTHOR_EXTERNAL_ID		PERSON
person:openalex:A5061247569	Ma-Ann M. Zarsuelo	Zarsuelo	Ma-Ann		A5061247569					0	0	AUTHOR_EXTERNAL_ID		PERSON
person:openalex:A5062656907	H. M. Leonard	Leonard	Helen		A5062656907					0	0	AUTHOR_EXTERNAL_ID		PERSON
person:openalex:A5062956353	Kristy McGregor	McGregor	Kristy		A5062956353					0	0	AUTHOR_EXTERNAL_ID		PERSON
person:openalex:A5063917571	Gashaw Arega	Arega	Gashaw		A5063917571					0	0	AUTHOR_EXTERNAL_ID		PERSON
person:openalex:A5069067858	Anne Julienne Genuino-Marfori	Genuino-Marfori	Anne Julienne		A5069067858					0	0	AUTHOR_EXTERNAL_ID		PERSON
person:openalex:A5072165119	Wondemagegnhu Tigneh	Tigneh	Wondemagegnhu		A5072165119					0	0	AUTHOR_EXTERNAL_ID		PERSON
person:openalex:A5072547675	Bhash Naidoo	Naidoo	Bhash		A5072547675					0	0	AUTHOR_EXTERNAL_ID		PERSON
person:openalex:A5073821926	Galina Opikova	Opikova	Galina		A5073821926					0	0	AUTHOR_EXTERNAL_ID		PERSON
person:openalex:A5074077987	Jake Hitch	Hitch	Jake		A5074077987					0	0	AUTHOR_EXTERNAL_ID		PERSON
person:openalex:A5077284198	Andrew Tuan Phuong Dao	Dao	Andrew Tuan Phuong		A5077284198					0	0	AUTHOR_EXTERNAL_ID		PERSON
person:openalex:A5078510482	Anle Shen	Shen	Anle		A5078510482					0	0	AUTHOR_EXTERNAL_ID		PERSON
person:openalex:A5080215797	Frank Deomansingh	Deomansingh	F		A5080215797					0	0	AUTHOR_EXTERNAL_ID		PERSON
person:openalex:A5086528283	Li Huang	Huang	Li		A5086528283					0	0	AUTHOR_EXTERNAL_ID		PERSON
person:openalex:A5087010532	V. Maharaj	Maharaj	V		A5087010532					0	0	AUTHOR_EXTERNAL_ID		PERSON
person:openalex:A5087311184	Xueyun Zeng	Zeng	Xueyun		A5087311184					0	0	AUTHOR_EXTERNAL_ID		PERSON
person:openalex:A5088417854	A. Rogier T. Donders	Donders	A. Rogier T.		A5088417854					0	0	AUTHOR_EXTERNAL_ID		PERSON
person:openalex:A5090671455	Anna-Katrine Sussex	Sussex	Anna-Katrine		A5090671455					0	0	AUTHOR_EXTERNAL_ID		PERSON
person:openalex:A5091194414	Alfons G. M. Olde Loohuis	Olde Loohuis	Alfons G. M.		A5091194414					0	0	AUTHOR_EXTERNAL_ID		PERSON
person:openalex:A5102432342	Wendy WL Chan	Chan	Wendy WL		A5102432342					0	0	AUTHOR_EXTERNAL_ID		PERSON
person:openalex:A5102623414	Shakib Rahman	Rahman	Shakib		A5102623414					0	0	AUTHOR_EXTERNAL_ID		PERSON
person:openalex:A5104134946	Kathe Holmes	Holmes	Kathe		A5104134946					0	0	AUTHOR_EXTERNAL_ID		PERSON
person:openalex:A5108557660	Adele Berry	Berry	Adele		A5108557660					0	0	AUTHOR_EXTERNAL_ID		PERSON
person:openalex:A5108712913	Al‐Bakir Ali	Ali	Al‐Bakir		A5108712913					0	0	AUTHOR_EXTERNAL_ID		PERSON
person:openalex:A5109331936	Anna Melissa Guerrero	Guerrero	Anna Melissa		A5109331936					0	0	AUTHOR_EXTERNAL_ID		PERSON
person:openalex:A5109630235	Matrix MH Fung	Fung	Matrix MH		A5109630235					0	0	AUTHOR_EXTERNAL_ID		PERSON
person:openalex:A5109778098	D. Singh	Singh	D		A5109778098					0	0	AUTHOR_EXTERNAL_ID		PERSON
person:openalex:A5110068367	Churn‐Shiouh Gau	Gau	Churn-Shiouh		A5110068367					0	0	AUTHOR_EXTERNAL_ID		PERSON
person:openalex:A5110255509	Mike Herdman	Herdman	Mike		A5110255509					0	0	AUTHOR_EXTERNAL_ID		PERSON
person:openalex:A5111023994	Alex HY Suen	Suen	Alex HY		A5111023994					0	0	AUTHOR_EXTERNAL_ID		PERSON
person:openalex:A5111246879	Caique Melo Espirito Santo	Espirito Santo	Caique Melo		A5111246879					0	0	AUTHOR_EXTERNAL_ID		PERSON
person:openalex:A5111788632	Rosemary Lovett	Lovett	Rosemary		A5111788632					0	0	AUTHOR_EXTERNAL_ID		PERSON
person:openalex:A5111900822	Andrew Briggs	Briggs	Andrew		A5111900822					0	0	AUTHOR_EXTERNAL_ID		PERSON
person:openalex:A5112406075	Chia-Ing Li	Li	Chia-Ing		A5112406075					0	0	AUTHOR_EXTERNAL_ID		PERSON
person:openalex:A5112728116	Pallavi Aytha Swathi	Swathi	Pallavi Aytha		A5112728116					0	0	AUTHOR_EXTERNAL_ID		PERSON
person:openalex:A5112901636	Niklas Weber	Weber	Niklas		A5112901636					0	0	AUTHOR_EXTERNAL_ID		PERSON
person:openalex:A5113535557	Joke A. M. Hunfeld	Hunfeld	Joke A. M.		A5113535557					0	0	AUTHOR_EXTERNAL_ID		PERSON
person:openalex:A5114202758	Yue Sun	Sun	Yue		A5114202758					0	0	AUTHOR_EXTERNAL_ID		PERSON
person:openalex:A5114345756	Laura Lüdtke	Lüdtke	Laura		A5114345756					0	0	AUTHOR_EXTERNAL_ID		PERSON
person:openalex:A5117455132	Johann Saavaste	Saavaste	Johann		A5117455132					0	0	AUTHOR_EXTERNAL_ID		PERSON
person:openalex:A5117715736	Elena J. Zhou	Zhou	Elena J		A5117715736					0	0	AUTHOR_EXTERNAL_ID		PERSON
person:openalex:A5117785012	Kirsten Pini	Pini	Kirsten		A5117785012					0	0	AUTHOR_EXTERNAL_ID		PERSON
person:openalex:A5117785013	Einat Martonovich-Lantsberg	Martonovich-Lantsberg	Einat		A5117785013					0	0	AUTHOR_EXTERNAL_ID		PERSON
person:openalex:A5118390306	Bai Guannan	Guannan	Bai		A5118390306					0	0	AUTHOR_EXTERNAL_ID		PERSON
person:openalex:A5119599136	Bradely Sugden	Sugden	Bradley		A5119599136					0	0	AUTHOR_EXTERNAL_ID		PERSON
person:openalex:A5122353169	S. Schieskow	Schieskow	S.		A5122353169					0	0	AUTHOR_EXTERNAL_ID		PERSON
person:openalex:A5122380022	E. Bidgood	Bidgood	E.		A5122380022					0	0	AUTHOR_EXTERNAL_ID		PERSON
person:openalex:A5122382176	J. Jelsma	Jelsma	J.		A5122382176					0	0	AUTHOR_EXTERNAL_ID		PERSON
person:openalex:A5122911844	Bastiaan T. Rutjens	Rutjens	Bastiaan		A5122911844					0	0	AUTHOR_EXTERNAL_ID		PERSON
person:openalex:A5123867361	Andrew JO Whitehouse	Whitehouse	Andrew JO		A5123867361					0	0	AUTHOR_EXTERNAL_ID		PERSON
person:openalex:A5124253158	P. Jacoby	Jacoby	Peter		A5124253158					0	0	AUTHOR_EXTERNAL_ID		PERSON
person:openalex:A5125700763	Fatma S. E. Ebeid	Ebeid	Fatma S. E.		A5125700763					0	0	AUTHOR_EXTERNAL_ID		PERSON
person:openalex:A5125757955	Manar G. Elgaar	Elgaar	Manar G.		A5125757955					0	0	AUTHOR_EXTERNAL_ID		PERSON
person:openalex:A5129360275	Jianjun Xiang	Xiang	Jianjun		A5129360275					0	0	AUTHOR_EXTERNAL_ID		PERSON
person:openalex:A5130219809	Rick Sawatzky	Sawatzky	Rick		A5130219809					0	0	AUTHOR_EXTERNAL_ID		PERSON
person:openalex:A5132638343	M. F. Bas Janssen	Janssen	M F Bas		A5132638343					0	0	AUTHOR_EXTERNAL_ID		PERSON
person:openalex:A5132705166	Margo Bryan	Bryan	Margo		A5132705166					0	0	AUTHOR_EXTERNAL_ID		PERSON
person:openalex:A5138142464	Joëlle Eijkens	Eijkens	Joëlle		A5138142464					0	0	AUTHOR_EXTERNAL_ID		PERSON
person:orcid:0000-0001-5091-3180	Hari Setyowibowo	Setyowibowo	Hari	0000-0001-5091-3180	A5046364454					0	0	AUTHOR_EXTERNAL_ID		PERSON
person:orcid:0000-0001-5099-3483	Zhi Min Ng	Ng	Zhi Min	0000-0001-5099-3483	A5005876438					0	0	AUTHOR_EXTERNAL_ID		PERSON
person:orcid:0000-0001-5126-9104	Sawitri S. Sadarjoen	Sadarjoen	Sawitri S.	0000-0001-5126-9104	A5014483970					0	0	AUTHOR_EXTERNAL_ID		PERSON
person:orcid:0000-0001-5193-918x	B. M. Morrow	Morrow	B. M.	0000-0001-5193-918x	A5122377113					0	0	AUTHOR_EXTERNAL_ID		PERSON
person:orcid:0000-0001-5307-0692	Kelly Muzyczka	Muzyczka	Kelly	0000-0001-5307-0692	A5117554996					0	0	AUTHOR_EXTERNAL_ID		PERSON
person:orcid:0000-0001-5374-5100	Marcianna Nosek	Nosek	Marcianna	0000-0001-5374-5100	A5111744360					0	0	AUTHOR_EXTERNAL_ID		PERSON
person:orcid:0000-0001-5396-0265	Sebastian K. King	King	Sebastian	0000-0001-5396-0265	A5070819422					0	0	AUTHOR_EXTERNAL_ID		PERSON
person:orcid:0000-0001-5416-042x	Robbin H. Ophuis	Ophuis	Robbin H.	0000-0001-5416-042x	A5079118485					0	0	AUTHOR_EXTERNAL_ID		PERSON
person:orcid:0000-0001-5430-9810	Marit Sijbrandij	Sijbrandij	Marit	0000-0001-5430-9810	A5002846176					0	0	AUTHOR_EXTERNAL_ID		PERSON
person:orcid:0000-0001-5541-5930	Shreya Chatterjee	Chatterjee	Shreya	0000-0001-5541-5930	A5086268973					0	0	AUTHOR_EXTERNAL_ID		PERSON
person:orcid:0000-0001-5559-2574	Yanming Lu	Lu	Yanming	0000-0001-5559-2574	A5101609487					0	0	AUTHOR_EXTERNAL_ID		PERSON
person:orcid:0000-0001-5823-7375	Margriet E. van Baar	van Baar	M. E.	0000-0001-5823-7375	A5003131836					0	0	AUTHOR_EXTERNAL_ID		PERSON
person:orcid:0000-0001-5913-0297	Kaushalendra Kumar	Kumar	Kaushalendra	0000-0001-5913-0297	A5035192108					0	0	AUTHOR_EXTERNAL_ID		PERSON
person:orcid:0000-0001-6121-5409	Tim Luckett	Luckett	Tim	0000-0001-6121-5409	A5081215319					0	0	AUTHOR_EXTERNAL_ID		PERSON
person:orcid:0000-0001-6159-2482	Janel Hanmer	Hanmer	Janel	0000-0001-6159-2482	A5022672409					0	0	AUTHOR_EXTERNAL_ID		PERSON
person:orcid:0000-0001-6174-5442	Thomas Klockgether	Klockgether	Thomas	0000-0001-6174-5442	A5037328125					0	0	AUTHOR_EXTERNAL_ID		PERSON
person:orcid:0000-0001-6241-0249	Krystallia Pantiri	Pantiri	Krystallia	0000-0001-6241-0249	A5021997891					0	0	AUTHOR_EXTERNAL_ID		PERSON
person:orcid:0000-0001-6404-1117	Kath Feely	Feely	Kath	0000-0001-6404-1117	A5091956404					0	0	AUTHOR_EXTERNAL_ID		PERSON
person:orcid:0000-0001-6489-171x	Raluca Căplescu	Caplescu	Raluca	0000-0001-6489-171x	A5054647242					0	0	AUTHOR_EXTERNAL_ID		PERSON
person:orcid:0000-0001-6534-1242	Ola Rolfson	Rolfson	Ola	0000-0001-6534-1242	A5044372933					0	0	AUTHOR_EXTERNAL_ID		PERSON
person:orcid:0000-0001-6610-3369	Kimberley Lewis	Lewis	Kimberley A	0000-0001-6610-3369	A5109576149					0	0	AUTHOR_EXTERNAL_ID		PERSON
person:orcid:0000-0001-6638-421x	Admassu N. Lamu	Lamu	Admassu N.	0000-0001-6638-421x	A5073774833					0	0	AUTHOR_EXTERNAL_ID		PERSON
person:orcid:0000-0001-6660-5246	J Chang	Chang	Jen-Yu	0000-0001-6660-5246	A5079399532					0	0	AUTHOR_EXTERNAL_ID		PERSON
person:orcid:0000-0001-6699-6072	Riski Muhaimin	Muhaimin	Riski	0000-0001-6699-6072	A5108017545					0	0	AUTHOR_EXTERNAL_ID		PERSON
person:orcid:0000-0001-6712-5535	Julian Thumboo	Thumboo	Julian	0000-0001-6712-5535	A5039986019					0	0	AUTHOR_EXTERNAL_ID		PERSON
person:orcid:0000-0001-6780-0019	Dennis A. Revicki	Revicki	Dennis	0000-0001-6780-0019	A5001054264					0	0	AUTHOR_EXTERNAL_ID		PERSON
person:orcid:0000-0001-6783-0023	Luiz Flavio Andrade	Andrade	Luiz Flavio	0000-0001-6783-0023	A5001433251					0	0	AUTHOR_EXTERNAL_ID		PERSON
person:orcid:0000-0001-6962-0564	Vu Quynh	Mai	Vu Quynh	0000-0001-6962-0564	A5065576118					0	0	AUTHOR_EXTERNAL_ID		PERSON
person:orcid:0000-0001-6983-0166	Misel Trajanovska	Trajanovska	Misel	0000-0001-6983-0166	A5039674186					0	0	AUTHOR_EXTERNAL_ID		PERSON
person:orcid:0000-0001-7058-5102	Jashvant Poeran	Poeran	Jashvant	0000-0001-7058-5102	A5002493085					0	0	AUTHOR_EXTERNAL_ID		PERSON
person:orcid:0000-0001-7147-2222	Kali Barrett	Barrett	Kali	0000-0001-7147-2222	A5016809145					0	0	AUTHOR_EXTERNAL_ID		PERSON
person:orcid:0000-0001-7161-6767	M. Mercédesz Angyal	Angyal	M Mercédesz	0000-0001-7161-6767	A5003468874					0	0	AUTHOR_EXTERNAL_ID		PERSON
person:orcid:0000-0001-7335-4852	V. D. Sokolova	Sokolova	Valeriia	0000-0001-7335-4852	A5079589572					0	0	AUTHOR_EXTERNAL_ID		PERSON
person:orcid:0000-0001-7458-6460	Surrey M. Walton	Walton	Surrey	0000-0001-7458-6460	A5004621550					0	0	AUTHOR_EXTERNAL_ID		PERSON
person:orcid:0000-0001-7470-528x	Chien‐Ning Hsu	Hsu	Chien-Ning	0000-0001-7470-528x	A5020538411					0	0	AUTHOR_EXTERNAL_ID		PERSON
person:orcid:0000-0001-7472-2039	Victoria Gale	Gale	Victoria	0000-0001-7472-2039	A5092392626					0	0	AUTHOR_EXTERNAL_ID		PERSON
person:orcid:0000-0001-7536-8481	Cindy Lo Kuen Lam	Lam	Cindy LK	0000-0001-7536-8481	A5015626145					0	0	AUTHOR_EXTERNAL_ID		PERSON
person:orcid:0000-0001-7548-1775	Emily Stella Scott	Scott	Emily Stella	0000-0001-7548-1775	A5067948587					0	0	AUTHOR_EXTERNAL_ID		PERSON
person:orcid:0000-0001-7644-8088	Jeehee Pyo	Pyo	Jeehee	0000-0001-7644-8088	A5056854306					0	0	AUTHOR_EXTERNAL_ID		PERSON
person:orcid:0000-0001-7928-1260	Mingxia Jing	Jing	Mingxia	0000-0001-7928-1260	A5102780130					0	0	AUTHOR_EXTERNAL_ID		PERSON
person:orcid:0000-0001-8076-9626	Waleed Alhazzani	Alhazzani	Waleed	0000-0001-8076-9626	A5020157030					0	0	AUTHOR_EXTERNAL_ID		PERSON
person:orcid:0000-0001-8144-6220	Shunping Li	Li	Shunping	0000-0001-8144-6220	A5043629216					0	0	AUTHOR_EXTERNAL_ID		PERSON
person:orcid:0000-0001-8574-8429	Luke Vale	Vale	Luke	0000-0001-8574-8429	A5000940073					0	0	AUTHOR_EXTERNAL_ID		PERSON
person:orcid:0000-0001-8685-3212	Lisa M. Lix	Lix	Lisa	0000-0001-8685-3212	A5082999537					0	0	AUTHOR_EXTERNAL_ID		PERSON
person:orcid:0000-0001-8771-6578	Bo Ding	Ding	Bo	0000-0001-8771-6578	A5088184178					0	0	AUTHOR_EXTERNAL_ID		PERSON
person:orcid:0000-0001-8778-5055	Anabel Estévez-Carrillo	Estévez-Carrillo	Anabel	0000-0001-8778-5055	A5059117288					0	0	AUTHOR_EXTERNAL_ID		PERSON
person:orcid:0000-0001-9005-9185	Mariska A. C. de Jongh	de Jongh	M. A. C.	0000-0001-9005-9185	A5015764426					0	0	AUTHOR_EXTERNAL_ID		PERSON
person:orcid:0000-0001-9071-2842	Stacey Rand	Rand	Stacey	0000-0001-9071-2842	A5079445531					0	0	AUTHOR_EXTERNAL_ID		PERSON
person:orcid:0000-0001-9074-7359	Ademola Joshua Itiola	Itiola	Ademola Joshua	0000-0001-9074-7359	A5009099235					0	0	AUTHOR_EXTERNAL_ID		PERSON
person:orcid:0000-0001-9125-1697	Anna Selivanova	Selivanova	Anna	0000-0001-9125-1697	A5112390873					0	0	AUTHOR_EXTERNAL_ID		PERSON
person:orcid:0000-0001-9364-5788	Brittany Humphries	Humphries	Brittany	0000-0001-9364-5788	A5037182915					0	0	AUTHOR_EXTERNAL_ID		PERSON
person:orcid:0000-0001-9502-4678	Darrin Baines	Baines	Darrin	0000-0001-9502-4678	A5049552804					0	0	AUTHOR_EXTERNAL_ID		PERSON
person:orcid:0000-0001-9558-304x	Bin Zheng	Zheng	Bin	0000-0001-9558-304x	A5027996110					0	0	AUTHOR_EXTERNAL_ID		PERSON
person:orcid:0000-0001-9571-576x	Inge Spronk	Spronk	I.	0000-0001-9571-576x	A5048316196					0	0	AUTHOR_EXTERNAL_ID		PERSON
person:orcid:0000-0001-9610-8507	Chakib Nejjari	Nejjari	Chakib	0000-0001-9610-8507	A5025677569					0	0	AUTHOR_EXTERNAL_ID		PERSON
person:orcid:0000-0001-9749-1747	John Basmaji	Basmaji	John	0000-0001-9749-1747	A5007375599					0	0	AUTHOR_EXTERNAL_ID		PERSON
person:orcid:0000-0001-9784-6472	Dong Dong	Dong	Dong	0000-0001-9784-6472	A5100318622					0	0	AUTHOR_EXTERNAL_ID		PERSON
person:orcid:0000-0001-9937-4149	Le Ann Chen	Chen	Le Ann	0000-0001-9937-4149	A5003942201					0	0	AUTHOR_EXTERNAL_ID		PERSON
person:orcid:0000-0001-9949-9224	Minsu Ock	Ock	Minsu	0000-0001-9949-9224	A5066116202					0	0	AUTHOR_EXTERNAL_ID		PERSON
person:orcid:0000-0001-9970-3045	Marko Ogorevc	Ogorevc	Marko	0000-0001-9970-3045	A5055015672					0	0	AUTHOR_EXTERNAL_ID		PERSON
person:orcid:0000-0002-0109-3283	Madelon B. Bronner	Bronner	Madelon B.	0000-0002-0109-3283	A5079763600					0	0	AUTHOR_EXTERNAL_ID		PERSON
person:orcid:0000-0002-0113-6917	Raoh‐Fang Pwu	Pwu	Raoh-Fang	0000-0002-0113-6917	A5023025376					0	0	AUTHOR_EXTERNAL_ID		PERSON
person:orcid:0000-0002-0115-9596	Espen Walderhaug	Walderhaug	Espen	0000-0002-0115-9596	A5078816855					0	0	AUTHOR_EXTERNAL_ID		PERSON
person:orcid:0000-0002-0122-0123	Kathleen Doherty	Doherty	Kathleen	0000-0002-0122-0123	A5023707610					0	0	AUTHOR_EXTERNAL_ID		PERSON
person:orcid:0000-0002-0138-9252	Renata Linertová	Linertová	Renata	0000-0002-0138-9252	A5004062547					0	0	AUTHOR_EXTERNAL_ID		PERSON
person:orcid:0000-0002-0177-0192	Jeonghoon Ahn	Ahn	Jeonghoon	0000-0002-0177-0192	A5005167530					0	0	AUTHOR_EXTERNAL_ID		PERSON
person:orcid:0000-0002-0178-7007	Jiaxing Zhang	Zhang	Jiaxing	0000-0002-0178-7007	A5100628332					0	0	AUTHOR_EXTERNAL_ID		PERSON
person:orcid:0000-0002-0245-9849	Francesco Malandrini	Malandrini	Francesco	0000-0002-0245-9849	A5083810753					0	0	AUTHOR_EXTERNAL_ID		PERSON
person:orcid:0000-0002-0273-824x	Sabine Siesling	Siesling	Sabine	0000-0002-0273-824x	A5075329771					0	0	AUTHOR_EXTERNAL_ID		PERSON
person:orcid:0000-0002-0360-3427	François Lamontagne	Lamontagne	Francois	0000-0002-0360-3427	A5037956429					0	0	AUTHOR_EXTERNAL_ID		PERSON
person:orcid:0000-0002-0377-3389	Carmen D. Dirksen	Dirksen	Carmen	0000-0002-0377-3389	A5055643997					0	0	AUTHOR_EXTERNAL_ID		PERSON
person:orcid:0000-0002-0412-4276	Bas Donkers	Donkers	Bas	0000-0002-0412-4276	A5033508635					0	0	AUTHOR_EXTERNAL_ID		PERSON
person:orcid:0000-0002-0457-2175	Fredrik Norström	Norström	Fredrik	0000-0002-0457-2175	A5069767747					0	0	AUTHOR_EXTERNAL_ID		PERSON
person:orcid:0000-0002-0476-8397	Werner Brouwer	Brouwer	Werner	0000-0002-0476-8397	A5053906209					0	0	AUTHOR_EXTERNAL_ID		PERSON
person:orcid:0000-0002-0484-1419	Rogier Donders	Donders	Rogier	0000-0002-0484-1419	A5017199089					0	0	AUTHOR_EXTERNAL_ID		PERSON
person:orcid:0000-0002-0525-8516	Andrew Simon Gilbert	Gilbert	Andrew S.	0000-0002-0525-8516	A5028331339					0	0	AUTHOR_EXTERNAL_ID		PERSON
person:orcid:0000-0002-0680-7353	Juan Carlos Rejón-Parrilla	Rejon-Parrilla	Juan Carlos	0000-0002-0680-7353	A5076030034					0	0	AUTHOR_EXTERNAL_ID		PERSON
person:orcid:0000-0002-0702-1715	Marian Sorin Paveliu	Paveliu	Marian Sorin	0000-0002-0702-1715	A5077743133					0	0	AUTHOR_EXTERNAL_ID		PERSON
person:orcid:0000-0002-0918-7540	Kirsten Howard	Howard	Kirsten	0000-0002-0918-7540	A5077107645					0	0	AUTHOR_EXTERNAL_ID		PERSON
person:orcid:0000-0002-1000-4780	AM Garratt	Garratt	Andrew M.	0000-0002-1000-4780	A5079625782					0	0	AUTHOR_EXTERNAL_ID		PERSON
person:orcid:0000-0002-1002-2989	Robert Fowler	Fowler	Robert	0000-0002-1002-2989	A5101640408					0	0	AUTHOR_EXTERNAL_ID		PERSON
person:orcid:0000-0002-1175-2211	Caique de Melo do Espírito Santo	Espirito Santo	Caique de Melo do	0000-0002-1175-2211	A5042363960					0	0	AUTHOR_EXTERNAL_ID		PERSON
person:orcid:0000-0002-1323-4223	Xiuqin Xiong	Xiong	Xiuqin	0000-0002-1323-4223	A5089476882					0	0	AUTHOR_EXTERNAL_ID		PERSON
person:orcid:0000-0002-1332-0500	A. J. L. M. Geraerds	Geraerds	A. J. L. M.	0000-0002-1332-0500	A5065319610					0	0	AUTHOR_EXTERNAL_ID		PERSON
person:orcid:0000-0002-1336-5899	Annie Hawton	Hawton	Annie	0000-0002-1336-5899	A5055528451					0	0	AUTHOR_EXTERNAL_ID		PERSON
person:orcid:0000-0002-1387-8686	Olga Husson	Husson	Olga	0000-0002-1387-8686	A5062636955					0	0	AUTHOR_EXTERNAL_ID		PERSON
person:orcid:0000-0002-1433-818x	Verônica Souza Santos	Santos	Verônica Souza	0000-0002-1433-818x	A5086352962					0	0	AUTHOR_EXTERNAL_ID		PERSON
person:orcid:0000-0002-1502-0659	Lisa Wozniak	Wozniak	Lisa A	0000-0002-1502-0659	A5019279420					0	0	AUTHOR_EXTERNAL_ID		PERSON
person:orcid:0000-0002-1541-3989	Yolanda Ramallo‐Fariña	Ramallo-Fariña	Yolanda	0000-0002-1541-3989	A5066034131					0	0	AUTHOR_EXTERNAL_ID		PERSON
person:orcid:0000-0002-1633-2179	Lars Lindholm	Lindholm	Lars	0000-0002-1633-2179	A5019500608					0	0	AUTHOR_EXTERNAL_ID		PERSON
person:orcid:0000-0002-1686-4458	Katrina Williams	Williams	Katrina J	0000-0002-1686-4458	A5036875819					0	0	AUTHOR_EXTERNAL_ID		PERSON
person:orcid:0000-0002-1716-9123	Anouk S. Huberts	Huberts	Anouk S.	0000-0002-1716-9123	A5079012811					0	0	AUTHOR_EXTERNAL_ID		PERSON
person:orcid:0000-0002-1998-9408	David Feeny	Feeny	David	0000-0002-1998-9408	A5035248555					0	0	AUTHOR_EXTERNAL_ID		PERSON
person:orcid:0000-0002-2013-6963	Sarah C. Smith	Smith	Sarah C	0000-0002-2013-6963	A5067989104					0	0	AUTHOR_EXTERNAL_ID		PERSON
person:orcid:0000-0002-2022-4939	Maggie Yu	Yu	Maggie	0000-0002-2022-4939	A5043862933					0	0	AUTHOR_EXTERNAL_ID		PERSON
person:orcid:0000-0002-2115-2447	Mark Harrison	Harrison	Mark	0000-0002-2115-2447	A5059399152					0	0	AUTHOR_EXTERNAL_ID		PERSON
person:orcid:0000-0002-2130-4420	Rod Middleton	Middleton	Rod	0000-0002-2130-4420	A5001251972					0	0	AUTHOR_EXTERNAL_ID		PERSON
person:orcid:0000-0002-2399-6942	Zhongyu Lang	Lang	Zhongyu	0000-0002-2399-6942	A5038625794					0	0	AUTHOR_EXTERNAL_ID		PERSON
person:orcid:0000-0002-2485-505x	Gebremedhin Beedemariam Gebretekle	Gebretekle	Gebremedhin Beedemariam	0000-0002-2485-505x	A5040701844					0	0	AUTHOR_EXTERNAL_ID		PERSON
person:orcid:0000-0002-2501-3057	Kelvin Chan	Chan	Kelvin K W	0000-0002-2501-3057	A5008282524					0	0	AUTHOR_EXTERNAL_ID		PERSON
person:orcid:0000-0002-2559-6483	Adam Martin	Martin	Adam	0000-0002-2559-6483	A5023608008					0	0	AUTHOR_EXTERNAL_ID		PERSON
person:orcid:0000-0002-2570-1685	Mona Aghdaee	Aghdaee	Mona	0000-0002-2570-1685	A5063120574					0	0	AUTHOR_EXTERNAL_ID		PERSON
person:orcid:0000-0002-2592-8310	Xiaodong Liu	Liu	Xiaodong	0000-0002-2592-8310	A5100374778					0	0	AUTHOR_EXTERNAL_ID		PERSON
person:orcid:0000-0002-2635-7484	Red Thaddeus D. Miguel	Miguel	Red Thaddeus D	0000-0002-2635-7484	A5067876565					0	0	AUTHOR_EXTERNAL_ID		PERSON
person:orcid:0000-0002-2739-6995	Jie Jiang	Jiang	Jie	0000-0002-2739-6995	A5010029872					0	0	AUTHOR_EXTERNAL_ID		PERSON
person:orcid:0000-0002-2791-9960	Gayathri S. Kumar	Kumar	Gayathri	0000-0002-2791-9960	A5042834834					0	0	AUTHOR_EXTERNAL_ID		PERSON
person:orcid:0000-0002-2862-2990	Claudio Jommi	Jommi	Claudio	0000-0002-2862-2990	A5071078329					0	0	AUTHOR_EXTERNAL_ID		PERSON
person:orcid:0000-0002-2874-8948	Simon Oczkowski	Oczkowski	Simon J W	0000-0002-2874-8948	A5088664027					0	0	AUTHOR_EXTERNAL_ID		PERSON
person:orcid:0000-0002-2903-1631	Margaret S. Herridge	Herridge	Margaret	0000-0002-2903-1631	A5052266669					0	0	AUTHOR_EXTERNAL_ID		PERSON
person:orcid:0000-0002-3025-4066	Tasanee Braithwaite	Braithwaite	T	0000-0002-3025-4066	A5082582215					0	0	AUTHOR_EXTERNAL_ID		PERSON
person:orcid:0000-0002-3216-9076	Samar Farid	Farid	Samar F.	0000-0002-3216-9076	A5001251189					0	0	AUTHOR_EXTERNAL_ID		PERSON
person:orcid:0000-0002-3288-036x	Ekaterina Bogatyreva	Bogatyreva	Ekaterina	0000-0002-3288-036x	A5025954491					0	0	AUTHOR_EXTERNAL_ID		PERSON
person:orcid:0000-0002-3379-2433	Carina Persson	Persson	Carina	0000-0002-3379-2433	A5076665198					0	0	AUTHOR_EXTERNAL_ID		PERSON
person:orcid:0000-0002-3405-6577	Doha Achak	Achak	Doha	0000-0002-3405-6577	A5008093471					0	0	AUTHOR_EXTERNAL_ID		PERSON
person:orcid:0000-0002-3531-0389	Slavica Kochovska	Kochovska	Slavica	0000-0002-3531-0389	A5059680031					0	0	AUTHOR_EXTERNAL_ID		PERSON
person:orcid:0000-0002-3581-6451	Eskinder Eshetu Ali	Ali	Eskinder Eshetu	0000-0002-3581-6451	A5019890398					0	0	AUTHOR_EXTERNAL_ID		PERSON
person:orcid:0000-0002-3614-2401	Biruck Gashawbeza	Gashawbeza	Biruck	0000-0002-3614-2401	A5057552039					0	0	AUTHOR_EXTERNAL_ID		PERSON
person:orcid:0000-0002-3730-1996	Maciej Niewada	Niewada	Maciej	0000-0002-3730-1996	A5068277876					0	0	AUTHOR_EXTERNAL_ID		PERSON
person:orcid:0000-0002-3745-4060	J.﻿-﻿Matthias Graf von der Schulenburg	Graf von der Schulenburg	J-Matthias	0000-0002-3745-4060	A5018451810					0	0	AUTHOR_EXTERNAL_ID		PERSON
person:orcid:0000-0002-3797-949x	Fabianna Resende de Jesus‐Moraleida	de Jesus-Moraleida	Fabianna Resende	0000-0002-3797-949x	A5021624866					0	0	AUTHOR_EXTERNAL_ID		PERSON
person:orcid:0000-0002-3816-9106	Yuanyuan Gu	Gu	Yuanyuan	0000-0002-3816-9106	A5024956914					0	0	AUTHOR_EXTERNAL_ID		PERSON
person:orcid:0000-0002-3948-6488	Péter L. Lakatos	Lakatos	Péter L	0000-0002-3948-6488	A5005601386					0	0	AUTHOR_EXTERNAL_ID		PERSON
person:orcid:0000-0002-4186-314x	Briony Dow	Dow	Briony	0000-0002-4186-314x	A5004840956					0	0	AUTHOR_EXTERNAL_ID		PERSON
person:orcid:0000-0002-4290-4863	Jessica Taranto	Taranto	Jessica	0000-0002-4290-4863	A5015914274					0	0	AUTHOR_EXTERNAL_ID		PERSON
person:orcid:0000-0002-4331-3141	Suzanne Polinder	Polinder	Suzanne	0000-0002-4331-3141	A5068551112					0	0	AUTHOR_EXTERNAL_ID		PERSON
person:orcid:0000-0002-4441-6687	Carlotta Varriale	Varriale	Carlotta	0000-0002-4441-6687	A5049309526					0	0	AUTHOR_EXTERNAL_ID		PERSON
person:orcid:0000-0002-4601-0955	Takashi Fukuda	Fukuda	Takashi	0000-0002-4601-0955	A5102876935					0	0	AUTHOR_EXTERNAL_ID		PERSON
person:orcid:0000-0002-4749-5536	Hoàng Văn Minh	Minh	Hoang Van	0000-0002-4749-5536	A5059651488					0	0	AUTHOR_EXTERNAL_ID		PERSON
person:orcid:0000-0002-4758-7588	Jonathan Nazari	Nazari	Jonathan L	0000-0002-4758-7588	A5076426425					0	0	AUTHOR_EXTERNAL_ID		PERSON
person:orcid:0000-0002-4832-7833	Simone Kreimeier	Kreimeier	Simone	0000-0002-4832-7833	A5033965888					0	0	AUTHOR_EXTERNAL_ID		PERSON
person:orcid:0000-0002-4867-929x	Bin Wu	Wu	Bin	0000-0002-4867-929x	A5101514432					0	0	AUTHOR_EXTERNAL_ID		PERSON
person:orcid:0000-0002-4875-5379	Karin Groothuis‐Oudshoorn	Groothuis-Oudshoorn	Catharina G M	0000-0002-4875-5379	A5044375482					0	0	AUTHOR_EXTERNAL_ID		PERSON
person:orcid:0000-0002-4949-9303	P.P.M. Rood	Rood	Pleunie P. M.	0000-0002-4949-9303	A5009664731					0	0	AUTHOR_EXTERNAL_ID		PERSON
person:orcid:0000-0002-5332-5226	Renee Jones	Jones	Renee	0000-0002-5332-5226	A5066738880					0	0	AUTHOR_EXTERNAL_ID		PERSON
person:orcid:0000-0002-5373-410x	Pedro Serrano‐Aguilar	Serrano-Aguilar	Pedro	0000-0002-5373-410x	A5006980504					0	0	AUTHOR_EXTERNAL_ID		PERSON
person:orcid:0000-0002-5416-5658	Asmaa Azizi	Azizi	Asmaa	0000-0002-5416-5658	A5008347262					0	0	AUTHOR_EXTERNAL_ID		PERSON
person:orcid:0000-0002-5473-1592	Azhar Hussain	Hussain	Azhar	0000-0002-5473-1592	A5101501282					0	0	AUTHOR_EXTERNAL_ID		PERSON
person:orcid:0000-0002-5569-3188	M.J.M. Panneman	Panneman	Martien J.	0000-0002-5569-3188	A5000650976					0	0	AUTHOR_EXTERNAL_ID		PERSON
person:orcid:0000-0002-5599-2209	Natalie Carvalho	Carvalho	Natalie	0000-0002-5599-2209	A5083477903					0	0	AUTHOR_EXTERNAL_ID		PERSON
person:orcid:0000-0002-5626-8116	Lidia García‐Pérez	García-Pérez	Lidia	0000-0002-5626-8116	A5007295820					0	0	AUTHOR_EXTERNAL_ID		PERSON
person:orcid:0000-0002-5649-6768	Manuela Joore	Joore	Manuela	0000-0002-5649-6768	A5021404933					0	0	AUTHOR_EXTERNAL_ID		PERSON
person:orcid:0000-0002-5692-8882	Lee Constable	Constable	Lee	0000-0002-5692-8882	A5057363004					0	0	AUTHOR_EXTERNAL_ID		PERSON
person:orcid:0000-0002-5882-6070	Liying Zhang	Zhang	Liying	0000-0002-5882-6070	A5100357092					0	0	AUTHOR_EXTERNAL_ID		PERSON
person:orcid:0000-0002-5956-8990	Maggie Abbassi	Abbassi	Maggie	0000-0002-5956-8990	A5032499712					0	0	AUTHOR_EXTERNAL_ID		PERSON
person:orcid:0000-0002-6012-2785	Jing Wu	Wu	Jing	0000-0002-6012-2785	A5051441138					0	0	AUTHOR_EXTERNAL_ID		PERSON
person:orcid:0000-0002-6048-521x	Sabrina Storgaard Sørensen	Sørensen	Sabrina Storgaard	0000-0002-6048-521x	A5101968333					0	0	AUTHOR_EXTERNAL_ID		PERSON
person:orcid:0000-0002-6095-2295	Valentin Brodszky	Brodszky	Valentin	0000-0002-6095-2295	A5034446187					0	0	AUTHOR_EXTERNAL_ID		PERSON
person:orcid:0000-0002-6143-1555	Allison Soprovich	Soprovich	Allison L.	0000-0002-6143-1555	A5019735060					0	0	AUTHOR_EXTERNAL_ID		PERSON
person:orcid:0000-0002-6182-499x	Fitsum Sebsibe Teni	Teni	Fitsum Sebsibe	0000-0002-6182-499x	A5087900341					0	0	AUTHOR_EXTERNAL_ID		PERSON
person:orcid:0000-0002-6213-5264	Niall D. Ferguson	Ferguson	Niall D	0000-0002-6213-5264	A5005422010					0	0	AUTHOR_EXTERNAL_ID		PERSON
person:orcid:0000-0002-6359-8797	Wolfgang Hoffmann	Hoffmann	Wolfgang	0000-0002-6359-8797	A5056236835					0	0	AUTHOR_EXTERNAL_ID		PERSON
person:orcid:0000-0002-6399-5741	Logan Trenaman	Trenaman	Logan	0000-0002-6399-5741	A5011858857					0	0	AUTHOR_EXTERNAL_ID		PERSON
person:orcid:0000-0002-6451-2713	Rachel O’Loughlin	O’Loughlin	Rachel	0000-0002-6451-2713	A5016874302					0	0	AUTHOR_EXTERNAL_ID		PERSON
person:orcid:0000-0002-6463-1106	Erik Buskens	Buskens	Erik	0000-0002-6463-1106	A5077488640					0	0	AUTHOR_EXTERNAL_ID		PERSON
person:orcid:0000-0002-6530-5513	François Lauzier	Lauzier	Francois	0000-0002-6530-5513	A5011601803					0	0	AUTHOR_EXTERNAL_ID		PERSON
person:orcid:0000-0002-6555-8916	Stephan Devriese	Devriese	Stephan	0000-0002-6555-8916	A5020919441					0	0	AUTHOR_EXTERNAL_ID		PERSON
person:orcid:0000-0002-6891-2650	Jie Jiang	Jiang	Jie	0000-0002-6891-2650						0	0	AUTHOR_EXTERNAL_ID		PERSON
person:orcid:0000-0002-6952-7770	Shinichi Noto	Noto	Shinichi	0000-0002-6952-7770	A5042163989					0	0	AUTHOR_EXTERNAL_ID		PERSON
person:orcid:0000-0002-6986-3969	Heike Jacobi	Jacobi	Heike	0000-0002-6986-3969	A5070361492					0	0	AUTHOR_EXTERNAL_ID		PERSON
person:orcid:0000-0002-7127-9462	Cathrine Mihalopoulos	Mihalopoulos	Cathrine	0000-0002-7127-9462	A5006657549					0	0	AUTHOR_EXTERNAL_ID		PERSON
person:orcid:0000-0002-7142-3364	Hilary Short	Short	Hilary	0000-0002-7142-3364	A5022113389					0	0	AUTHOR_EXTERNAL_ID		PERSON
person:orcid:0000-0002-7299-6594	Kirsten M. Fiest	Fiest	Kirsten M	0000-0002-7299-6594	A5048091736					0	0	AUTHOR_EXTERNAL_ID		PERSON
person:orcid:0000-0002-7302-7293	Frances Batchelor	Batchelor	Frances	0000-0002-7302-7293	A5060708607					0	0	AUTHOR_EXTERNAL_ID		PERSON
person:orcid:0000-0002-7319-7188	Jan Passchier	Passchier	Jan	0000-0002-7319-7188	A5026470404					0	0	AUTHOR_EXTERNAL_ID		PERSON
person:orcid:0000-0002-7375-4845	Hendramoorthy Maheswaran	Maheswaran	Hendramoorthy	0000-0002-7375-4845	A5033232150					0	0	AUTHOR_EXTERNAL_ID		PERSON
person:orcid:0000-0002-7753-4233	Hugh Gravelle	Gravelle	Hugh	0000-0002-7753-4233	A5018997782					0	0	AUTHOR_EXTERNAL_ID		PERSON
person:orcid:0000-0002-7797-4722	Samir Ahid	Ahid	Samir	0000-0002-7797-4722	A5022894428					0	0	AUTHOR_EXTERNAL_ID		PERSON
person:orcid:0000-0002-7913-7274	Joanna Lawrence	Lawrence	Joanna	0000-0002-7913-7274	A5078078627					0	0	AUTHOR_EXTERNAL_ID		PERSON
person:orcid:0000-0002-8169-1645	Rupert Bourne	Bourne	R R A	0000-0002-8169-1645	A5045824020					0	0	AUTHOR_EXTERNAL_ID		PERSON
person:orcid:0000-0002-8222-0781	Kjeld Møller Pedersen	Pedersen	Kjeld Møller	0000-0002-8222-0781	A5006620707					0	0	AUTHOR_EXTERNAL_ID		PERSON
person:orcid:0000-0002-8229-4369	Hanish Kodali	Kodali	Hanish	0000-0002-8229-4369	A5084065579					0	0	AUTHOR_EXTERNAL_ID		PERSON
person:orcid:0000-0002-8249-7481	Fang‐Ju Lin	Lin	Fang- Ju	0000-0002-8249-7481	A5024055768					0	0	AUTHOR_EXTERNAL_ID		PERSON
person:orcid:0000-0002-8293-7061	Bram Rochwerg	Rochwerg	Bram	0000-0002-8293-7061	A5048385516					0	0	AUTHOR_EXTERNAL_ID		PERSON
person:orcid:0000-0002-8314-8259	Bin Wu	Wu	Bin	0000-0002-8314-8259	A5103219361					0	0	AUTHOR_EXTERNAL_ID		PERSON
person:orcid:0000-0002-8385-5965	Gang Chen	Chen	Gang	0000-0002-8385-5965	A5091495489					0	0	AUTHOR_EXTERNAL_ID		PERSON
person:orcid:0000-0002-8438-2901	Karen McLean	McLean	Karen	0000-0002-8438-2901	A5008464651					0	0	AUTHOR_EXTERNAL_ID		PERSON
person:orcid:0000-0002-8639-5191	Louis Niessen	Niessen	Louis	0000-0002-8639-5191	A5048876130					0	0	AUTHOR_EXTERNAL_ID		PERSON
person:orcid:0000-0002-8756-8699	Aírton Tetelbom Stein	Stein	Airton Tetelbom	0000-0002-8756-8699	A5038489315					0	0	AUTHOR_EXTERNAL_ID		PERSON
person:orcid:0000-0002-8773-2786	Carolien Verheij	Verheij	Carolien	0000-0002-8773-2786	A5028001428					0	0	AUTHOR_EXTERNAL_ID		PERSON
person:orcid:0000-0002-8859-926x	Udeni De Silva Perera	De Silva Perera	Udeni	0000-0002-8859-926x	A5053139067					0	0	AUTHOR_EXTERNAL_ID		PERSON
person:orcid:0000-0002-8931-4086	Kent Jason G. Cheng	Cheng	Kent Jason G	0000-0002-8931-4086	A5010785476					0	0	AUTHOR_EXTERNAL_ID		PERSON
person:orcid:0000-0002-8934-7267	Natasha N. Ludwig	Ludwig	Natasha N	0000-0002-8934-7267	A5055501906					0	0	AUTHOR_EXTERNAL_ID		PERSON
person:orcid:0000-0002-9062-9624	Nur Melani Sari	Sari	Nur Melani	0000-0002-9062-9624	A5034380977					0	0	AUTHOR_EXTERNAL_ID		PERSON
person:orcid:0000-0002-9264-7797	Rebecca E. Mercer	Mercer	Rebecca E	0000-0002-9264-7797	A5035467493					0	0	AUTHOR_EXTERNAL_ID		PERSON
person:orcid:0000-0002-9362-0086	Brian Hung‐Hin Lang	Lang	Brian HH	0000-0002-9362-0086	A5065860606					0	0	AUTHOR_EXTERNAL_ID		PERSON
person:orcid:0000-0002-9455-0104	Morten Berg Jensen	Jensen	Morten Berg	0000-0002-9455-0104	A5014493050					0	0	AUTHOR_EXTERNAL_ID		PERSON
person:orcid:0000-0002-9526-6922	Aulia Iskandarsyah	Iskandarsyah	Aulia	0000-0002-9526-6922	A5037744802					0	0	AUTHOR_EXTERNAL_ID		PERSON
person:orcid:0000-0002-9527-0577	Daniel J. Niven	Niven	Daniel J	0000-0002-9527-0577	A5016206619					0	0	AUTHOR_EXTERNAL_ID		PERSON
person:orcid:0000-0002-9625-6902	Christopher Smith	Smith	Christopher	0000-0002-9625-6902	A5035942115					0	0	AUTHOR_EXTERNAL_ID		PERSON
person:orcid:0000-0002-9768-5389	Aisha Moolla	Moolla	Aisha	0000-0002-9768-5389	A5071945598					0	0	AUTHOR_EXTERNAL_ID		PERSON
person:orcid:0000-0002-9853-1592	Ibtissam Youlyouz‐Marfak	Youlyouz-Marfak	Ibtissam	0000-0002-9853-1592	A5010461857					0	0	AUTHOR_EXTERNAL_ID		PERSON
person:orcid:0000-0002-9891-8279	Yemi Oluboyede	Oluboyede	Yemi	0000-0002-9891-8279	A5056957640					0	0	AUTHOR_EXTERNAL_ID		PERSON
person:orcid:0000-0003-0131-1444	Annemieke de Groot	de Groot	Annemieke	0000-0003-0131-1444	A5006394311					0	0	AUTHOR_EXTERNAL_ID		PERSON
person:orcid:0000-0003-0221-9914	Abderraouf Hilali	Hilali	Abderraouf	0000-0003-0221-9914	A5053654153					0	0	AUTHOR_EXTERNAL_ID		PERSON
person:orcid:0000-0003-0239-7278	Alastair Gray	Gray	A	0000-0003-0239-7278	A5027337947					0	0	AUTHOR_EXTERNAL_ID		PERSON
person:orcid:0000-0003-0331-5182	M. Elizabeth Wilcox	Wilcox	M Elizabeth	0000-0003-0331-5182	A5082185641					0	0	AUTHOR_EXTERNAL_ID		PERSON
person:orcid:0000-0003-0370-4903	Wael Mohammed	Mohammed	Wael	0000-0003-0370-4903	A5037446166					0	0	AUTHOR_EXTERNAL_ID		PERSON
person:orcid:0000-0003-0517-7625	Yin Bun Cheung	Cheung	Yin Bun	0000-0003-0517-7625	A5000367184					0	0	AUTHOR_EXTERNAL_ID		PERSON
person:orcid:0000-0003-0519-509x	Adeladlew Kassie Netere	Netere	Adeladlew Kassie	0000-0003-0519-509x	A5064571617					0	0	AUTHOR_EXTERNAL_ID		PERSON
person:orcid:0000-0003-0545-1567	Chao‐Hsiun Tang	Tang	Chao-Hsiun	0000-0003-0545-1567	A5017550412					0	0	AUTHOR_EXTERNAL_ID		PERSON
person:orcid:0000-0003-0634-8756	Anika Rädke	Rädke	Anika	0000-0003-0634-8756	A5024031603					0	0	AUTHOR_EXTERNAL_ID		PERSON
person:orcid:0000-0003-0666-7431	Subash Sharma	Sharma	S	0000-0003-0666-7431	A5073996936					0	0	AUTHOR_EXTERNAL_ID		PERSON
person:orcid:0000-0003-0804-3307	Solomon Weldegebreal Asgedom	Asgedom	Solomon Weldegebreal	0000-0003-0804-3307	A5078486897					0	0	AUTHOR_EXTERNAL_ID		PERSON
person:orcid:0000-0003-0851-8341	Karen Jones	Jones	Karen	0000-0003-0851-8341	A5044553114					0	0	AUTHOR_EXTERNAL_ID		PERSON
person:orcid:0000-0003-1026-570x	Silvia Evers	Evers	Silvia	0000-0003-1026-570x	A5010411606					0	0	AUTHOR_EXTERNAL_ID		PERSON
person:orcid:0000-0003-1071-0017	Espen Ajo Arnevik	Arnevik	Espen Ajo	0000-0003-1071-0017	A5082703972					0	0	AUTHOR_EXTERNAL_ID		PERSON
person:orcid:0000-0003-1079-5655	Emma Nauclér	Nauclér	Emma	0000-0003-1079-5655	A5061454592					0	0	AUTHOR_EXTERNAL_ID		PERSON
person:orcid:0000-0003-1200-9961	Stephanie C. E. Schuit	Schuit	Stephanie C. E.	0000-0003-1200-9961	A5052229575					0	0	AUTHOR_EXTERNAL_ID		PERSON
person:orcid:0000-0003-1231-1490	Henry T. Stelfox	Stelfox	Henry T	0000-0003-1231-1490	A5046035017					0	0	AUTHOR_EXTERNAL_ID		PERSON
person:orcid:0000-0003-1351-9170	Elizabeth Goodwin	Goodwin	Elizabeth	0000-0003-1351-9170	A5091619938					0	0	AUTHOR_EXTERNAL_ID		PERSON
person:orcid:0000-0003-1369-2483	David Meads	Meads	David	0000-0003-1369-2483	A5086640521					0	0	AUTHOR_EXTERNAL_ID		PERSON
person:orcid:0000-0003-1604-5353	Gurdas V. Singh	Singh	Gurdas	0000-0003-1604-5353	A5030616812					0	0	AUTHOR_EXTERNAL_ID		PERSON
person:orcid:0000-0003-1681-698x	Alison Fraser	Fraser	A	0000-0003-1681-698x	A5037111300					0	0	AUTHOR_EXTERNAL_ID		PERSON
person:orcid:0000-0003-1944-6777	Linetta B. Koppert	Koppert	Linetta B.	0000-0003-1944-6777	A5085458371					0	0	AUTHOR_EXTERNAL_ID		PERSON
person:orcid:0000-0003-1988-1250	David C. Currow	Currow	David C.	0000-0003-1988-1250	A5007993808					0	0	AUTHOR_EXTERNAL_ID		PERSON
person:orcid:0000-0003-2029-6331	Valerie Sung	Sung	Valerie	0000-0003-2029-6331	A5017249857					0	0	AUTHOR_EXTERNAL_ID		PERSON
person:orcid:0000-0003-2290-0205	Kim Bảo Giang	Giang	Kim Bao	0000-0003-2290-0205	A5091415159					0	0	AUTHOR_EXTERNAL_ID		PERSON
person:orcid:0000-0003-2359-6823	Yong Yi Lee	Lee	Yong Yi	0000-0003-2359-6823	A5080595847					0	0	AUTHOR_EXTERNAL_ID		PERSON
person:orcid:0000-0003-2449-2516	Anthea Sutton	Sutton	Anthea	0000-0003-2449-2516	A5018481496					0	0	AUTHOR_EXTERNAL_ID		PERSON
person:orcid:0000-0003-2513-8957	Nicolas Bouckaert	Bouckaert	Nicolas	0000-0003-2513-8957	A5052326586					0	0	AUTHOR_EXTERNAL_ID		PERSON
person:orcid:0000-0003-2533-0818	Adovich S. Rivera	Rivera	Adovich S	0000-0003-2533-0818	A5052048899					0	0	AUTHOR_EXTERNAL_ID		PERSON
person:orcid:0000-0003-2798-4735	Weidong Huang	Huang	Weidong	0000-0003-2798-4735	A5083535676					0	0	AUTHOR_EXTERNAL_ID		PERSON
person:orcid:0000-0003-2802-2810	Katie Churchill	Churchill	Katie	0000-0003-2802-2810	A5026943664					0	0	AUTHOR_EXTERNAL_ID		PERSON
person:orcid:0000-0003-2902-1641	Ileana Gabriela Niculescu-Aron	Niculescu-Aron	Ileana Gabriela	0000-0003-2902-1641	A5086290664					0	0	AUTHOR_EXTERNAL_ID		PERSON
person:orcid:0000-0003-3017-2770	Harriet Hiscock	Hiscock	Harriet	0000-0003-3017-2770	A5065534878					0	0	AUTHOR_EXTERNAL_ID		PERSON
person:orcid:0000-0003-3113-3079	Eliza Brożek-Mądry	Brożek-Mądry	Eliza	0000-0003-3113-3079	A5012212375					0	0	AUTHOR_EXTERNAL_ID		PERSON
person:orcid:0000-0003-3121-6050	Stavros Petrou	Petrou	Stavros	0000-0003-3121-6050	A5089167457					0	0	AUTHOR_EXTERNAL_ID		PERSON
person:orcid:0000-0003-3187-2007	Yu Fang	Fang	Yu	0000-0003-3187-2007	A5050744717					0	0	AUTHOR_EXTERNAL_ID		PERSON
person:orcid:0000-0003-3265-0262	Jennifer Faber	Faber	Jennifer	0000-0003-3265-0262	A5059290458					0	0	AUTHOR_EXTERNAL_ID		PERSON
person:orcid:0000-0003-3274-0292	Gabrielle Conecker	Conecker	Gabrielle	0000-0003-3274-0292	A5064611355					0	0	AUTHOR_EXTERNAL_ID		PERSON
person:orcid:0000-0003-3483-5658	Xiaoyan Yang	Yang	Xiaoyan	0000-0003-3483-5658	A5101424015					0	0	AUTHOR_EXTERNAL_ID		PERSON
person:orcid:0000-0003-3550-990x	Saskia Knies	Knies	Saskia	0000-0003-3550-990x	A5012179966					0	0	AUTHOR_EXTERNAL_ID		PERSON
person:orcid:0000-0003-3571-3871	Oleksa Rewa	Rewa	Oleksa G	0000-0003-3571-3871	A5035704791					0	0	AUTHOR_EXTERNAL_ID		PERSON
person:orcid:0000-0003-3619-5367	Todd A. Lee	Lee	Todd A.	0000-0003-3619-5367	A5046614364					0	0	AUTHOR_EXTERNAL_ID		PERSON
person:orcid:0000-0003-3621-1339	Elmadani Saad	Saad	Elmadani	0000-0003-3621-1339	A5005220728					0	0	AUTHOR_EXTERNAL_ID		PERSON
person:orcid:0000-0003-3633-6596	Sean M. Bagshaw	Bagshaw	Sean M	0000-0003-3633-6596	A5036301763					0	0	AUTHOR_EXTERNAL_ID		PERSON
person:orcid:0000-0003-3634-7906	Dinah Reddihough	Reddihough	Dinah S	0000-0003-3634-7906	A5037576805					0	0	AUTHOR_EXTERNAL_ID		PERSON
person:orcid:0000-0003-3705-5323	Melissa K. Licari	Licari	Melissa K	0000-0003-3705-5323	A5003236270					0	0	AUTHOR_EXTERNAL_ID		PERSON
person:orcid:0000-0003-3897-2908	Karen Wills	Wills	Karen	0000-0003-3897-2908	A5128564221					0	0	AUTHOR_EXTERNAL_ID		PERSON
person:orcid:0000-0003-3906-2316	Vladimir Sergeevich Gordeev	Gordeev	Vladimir Sergeevich	0000-0003-3906-2316	A5060675696					0	0	AUTHOR_EXTERNAL_ID		PERSON
person:orcid:0000-0003-3941-4553	Azhar Hussain	Hussain	Azhar	0000-0003-3941-4553	A5015174016					0	0	AUTHOR_EXTERNAL_ID		PERSON
person:orcid:0000-0003-4007-8243	Diana Truong	Truong	Diana	0000-0003-4007-8243	A5037889272					0	0	AUTHOR_EXTERNAL_ID		PERSON
person:orcid:0000-0003-4196-8686	Eric Ho Man Tang	Tang	Eric HM	0000-0003-4196-8686	A5048766394					0	0	AUTHOR_EXTERNAL_ID		PERSON
person:orcid:0000-0003-4212-2658	Vrijesh Tripathi	Tripathi	V	0000-0003-4212-2658	A5055210774					0	0	AUTHOR_EXTERNAL_ID		PERSON
person:orcid:0000-0003-4380-620x	Susan M. Jack	Jack	Susan M	0000-0003-4380-620x	A5039868255					0	0	AUTHOR_EXTERNAL_ID		PERSON
person:orcid:0000-0003-4392-6850	Miguel Ángel Pérez-Sousa	Perez-Sousa	Miguel A	0000-0003-4392-6850	A5033363054					0	0	AUTHOR_EXTERNAL_ID		PERSON
person:orcid:0000-0003-4392-760x	Da Feng	Feng	Da	0000-0003-4392-760x	A5101454822					0	0	AUTHOR_EXTERNAL_ID		PERSON
person:orcid:0000-0003-4402-9211	Axel Mühlbacher	Mühlbacher	Axel	0000-0003-4402-9211	A5054826547					0	0	AUTHOR_EXTERNAL_ID		PERSON
person:orcid:0000-0003-4479-8950	Irina Cleemput	Cleemput	Irina	0000-0003-4479-8950	A5063227963					0	0	AUTHOR_EXTERNAL_ID		PERSON
person:orcid:0000-0003-4509-1308	Xiaoyu Xi	Xi	Xiaoyu	0000-0003-4509-1308	A5103185016					0	0	AUTHOR_EXTERNAL_ID		PERSON
person:orcid:0000-0003-4535-442x	Ashwini De Silva	De Silva	Ashwini	0000-0003-4535-442x	A5082448286					0	0	AUTHOR_EXTERNAL_ID		PERSON
person:orcid:0000-0003-4609-3911	Janice Connell	Connell	Janice	0000-0003-4609-3911	A5037958944					0	0	AUTHOR_EXTERNAL_ID		PERSON
person:orcid:0000-0003-4780-8333	Leona Kosowicz	Kosowicz	Leona	0000-0003-4780-8333	A5033164608					0	0	AUTHOR_EXTERNAL_ID		PERSON
person:orcid:0000-0003-4793-9026	Ângela Jornada Ben	Ben	Ângela Jornada	0000-0003-4793-9026	A5063359430					0	0	AUTHOR_EXTERNAL_ID		PERSON
person:orcid:0000-0003-4833-5937	Tanja Schmitz‐Hübsch	Schmitz-Hübsch	Tanja	0000-0003-4833-5937	A5072290180					0	0	AUTHOR_EXTERNAL_ID		PERSON
person:orcid:0000-0003-4833-7967	Cristina Valcárcel‐Nazco	Valcárcel-Nazco	Cristina	0000-0003-4833-7967	A5067175379					0	0	AUTHOR_EXTERNAL_ID		PERSON
person:orcid:0000-0003-4871-1840	Qingqing Chai	Chai	Qingqing	0000-0003-4871-1840	A5073921106					0	0	AUTHOR_EXTERNAL_ID		PERSON
person:orcid:0000-0003-4933-9569	Ari Samaranayaka	Samaranayaka	Ari	0000-0003-4933-9569	A5016114433					0	0	AUTHOR_EXTERNAL_ID		PERSON
person:orcid:0009-0000-4173-3487	Peiwen Jiang	Jiang	Peiwen	0009-0000-4173-3487	A5051422828					0	0	AUTHOR_EXTERNAL_ID		PERSON
person:orcid:0009-0001-2704-5044	JayEtta Hecker	Hecker	JayEtta	0009-0001-2704-5044	A5084400086					0	0	AUTHOR_EXTERNAL_ID		PERSON
person:orcid:0009-0002-6616-3657	Yaqin Li	Li	Yaqin	0009-0002-6616-3657	A5101897221					0	0	AUTHOR_EXTERNAL_ID		PERSON
person:orcid:0009-0003-3441-7795	Rahul K. Desai	Desai	Rahul K	0009-0003-3441-7795						0	0	AUTHOR_EXTERNAL_ID		PERSON
person:orcid:0009-0003-4264-0946	Giovanni Andrulli	Andrulli	Giovanni	0009-0003-4264-0946	A5094046394					0	0	AUTHOR_EXTERNAL_ID		PERSON
person:orcid:0009-0003-6953-6997	Curtis Y. L. Yeung	Yeung	Curtis Y L	0009-0003-6953-6997						0	0	AUTHOR_EXTERNAL_ID		PERSON
person:orcid:0009-0004-5019-9094	Angela Zhao	Zhao	Angela	0009-0004-5019-9094	A5060516605					0	0	AUTHOR_EXTERNAL_ID		PERSON
person:orcid:0009-0005-4800-6182	Rebecca Hommer	Hommer	Rebecca	0009-0005-4800-6182	A5102915342					0	0	AUTHOR_EXTERNAL_ID		PERSON
person:orcid:0009-0005-5260-4652	Giselle Abangma	Abangma	Giselle	0009-0005-5260-4652	A5093565451					0	0	AUTHOR_EXTERNAL_ID		PERSON
person:orcid:0009-0006-5595-0419	Mary Wojnaroski	Wojnaroski	Mary	0009-0006-5595-0419	A5005836129					0	0	AUTHOR_EXTERNAL_ID		PERSON
person:orcid:0009-0007-1555-7169	Aleksandra Dudzisz	Dudzisz	Aleksandra	0009-0007-1555-7169	A5050497223					0	0	AUTHOR_EXTERNAL_ID		PERSON
person:orcid:0009-0007-3558-3946	Noëlle J. M. C. Vrancken Peeters	Vrancken Peeters	Noëlle J. M. C.	0009-0007-3558-3946	A5027300986					0	0	AUTHOR_EXTERNAL_ID		PERSON
person:orcid:0009-0008-6782-4182	Y. Lu	Lu	Yanming	0009-0008-6782-4182	A5101313577					0	0	AUTHOR_EXTERNAL_ID		PERSON
person:orcid:0009-0009-2934-8362	Yasmin Brasileiro de Souza	Souza	Yasmin Brasileiro de	0009-0009-2934-8362	A5117121468					0	0	AUTHOR_EXTERNAL_ID		PERSON
person:orcid:0009-0009-4958-1276	Nadja Alexandrov	Alexandrov	Nadja	0009-0009-4958-1276	A5094513930					0	0	AUTHOR_EXTERNAL_ID		PERSON
person:orcid:0009-0009-9829-5647	Laura Brand	Brand	Laura	0009-0009-9829-5647	A5048092082					0	0	AUTHOR_EXTERNAL_ID		PERSON
person:author:b27c6ab473e42c53	Ruinan Xie	Xie	Ruinan							0	0	PUBLICATION_LOCAL		PERSON
person:author:f71bb2323624605d	Ziran Yin	Yin	Ziran							0	0	PUBLICATION_LOCAL		PERSON
person:openalex:A5000298893	Shannon K. Runge	Runge	Runge SK	0000-0003-4587-3000	A5000298893					0	0	NEW_EXTERNAL_IDENTITY		PERSON
person:openalex:A5001166372	Marco Zampoli	Zampoli	Marco	0000-0002-6899-6137	A5001166372					0	0	NEW_EXTERNAL_IDENTITY		PERSON
person:openalex:A5001502711	Mirna Metni	Metni	Mirna		A5001502711					0	0	NEW_EXTERNAL_IDENTITY		PERSON
person:openalex:A5003148807	Jo M. Wilmshurst	Wilmshurst	Jo M.	0000-0001-7328-1796	A5003148807					0	0	NEW_EXTERNAL_IDENTITY		PERSON
person:openalex:A5008674497	Natalí Ini	Ini	Natalí	0009-0002-9411-0851	A5008674497					0	0	NEW_EXTERNAL_IDENTITY		PERSON
person:openalex:A5008794902	Murray Krahn	Krahn	Murray D.	0000-0001-5836-397x	A5008794902					0	0	NEW_EXTERNAL_IDENTITY		PERSON
person:openalex:A5010304307	Grace Helena Firmansyah Putri	Putri	Grace Helena Firmansyah		A5010304307					0	0	NEW_EXTERNAL_IDENTITY		PERSON
person:openalex:A5010988882	Julieta Galante	Galante	Julieta	0000-0002-4108-5341	A5010988882					0	0	NEW_EXTERNAL_IDENTITY		PERSON
person:openalex:A5012208098	Mignon McCulloch	McCulloch	Mignon	0000-0003-2876-4785	A5012208098					0	0	NEW_EXTERNAL_IDENTITY		PERSON
person:openalex:A5012881493	Luz Gibbons	Gibbons	Luz	0000-0002-0235-1635	A5012881493					0	0	NEW_EXTERNAL_IDENTITY		PERSON
person:openalex:A5012904054	Preston Tse	Tse	Preston	0009-0001-9273-1366	A5012904054					0	0	NEW_EXTERNAL_IDENTITY		PERSON
person:openalex:A5016055826	Lasse Herdien	Herdien	Lasse	0000-0001-5961-8962	A5016055826					0	0	NEW_EXTERNAL_IDENTITY		PERSON
person:openalex:A5021581627	Romina A. Tejada	Tejada	Romina A.	0000-0003-4420-5289	A5021581627					0	0	NEW_EXTERNAL_IDENTITY		PERSON
person:openalex:A5024974446	Katarzyna Młyńczak	Młyńczak	Katarzyna	0000-0002-0877-5623	A5024974446					0	0	NEW_EXTERNAL_IDENTITY		PERSON
person:openalex:A5025255902	Yohana Azhar	Azhar	Yohana	0000-0003-2148-0202	A5025255902					0	0	NEW_EXTERNAL_IDENTITY		PERSON
person:openalex:A5025774387	William H. Greene	Greene	William H.		A5025774387					0	0	NEW_EXTERNAL_IDENTITY		PERSON
person:openalex:A5026068062	Xiang JianJun	Xiang	Jianjun		A5026068062					0	0	NEW_EXTERNAL_IDENTITY		PERSON
person:openalex:A5026503701	G Ruzsa	Ruzsa	Gábor	0000-0002-6817-6454	A5026503701					0	0	NEW_EXTERNAL_IDENTITY		PERSON
person:openalex:A5026943307	Nora Reyes Puma	Reyes	Nora	0000-0003-1671-5169	A5026943307					0	0	NEW_EXTERNAL_IDENTITY		PERSON
person:openalex:A5026959850	Jiajun Yan	Yan	Jiajun	0000-0001-8966-8709	A5026959850					0	0	NEW_EXTERNAL_IDENTITY		PERSON
person:openalex:A5028373695	Shun Fu Lee	Lee	Shun Fu	0000-0001-9795-1045	A5028373695					0	0	NEW_EXTERNAL_IDENTITY		PERSON
person:openalex:A5028609651	Nicholas T. Van Dam	Van Dam	Nicholas T.	0000-0002-1131-0739	A5028609651					0	0	NEW_EXTERNAL_IDENTITY		PERSON
person:openalex:A5030081818	Shuling Kang	Kang	Shuling		A5030081818					0	0	NEW_EXTERNAL_IDENTITY		PERSON
person:openalex:A5031673823	Ronalda De Lacy	Lacy	Ronalda De		A5031673823					0	0	NEW_EXTERNAL_IDENTITY		PERSON
person:openalex:A5032844648	Beate Sander	Sander	Beate	0000-0003-2128-9133	A5032844648					0	0	NEW_EXTERNAL_IDENTITY		PERSON
person:openalex:A5037261695	Amanda Cole	Cole	Amanda	0000-0001-6179-7752	A5037261695					0	0	NEW_EXTERNAL_IDENTITY		PERSON
person:openalex:A5039308938	Sha Diao	Diao	Sha	0000-0003-4523-8509	A5039308938					0	0	NEW_EXTERNAL_IDENTITY		PERSON
person:openalex:A5041379430	D.S. Reddy	Reddy	D.S.	0000-0001-5575-7586	A5041379430					0	0	NEW_EXTERNAL_IDENTITY		PERSON
person:openalex:A5043889398	Jonas Crèvecoeur	Crèvecoeur	Jonas	0000-0002-2983-8857	A5043889398					0	0	NEW_EXTERNAL_IDENTITY		PERSON
person:openalex:A5045403219	Yasmin Goga	Goga	Yasmin	0000-0002-6740-2376	A5045403219					0	0	NEW_EXTERNAL_IDENTITY		PERSON
person:openalex:A5047192551	Justice Nonvignon	Nonvignon	Justice	0000-0002-5265-2209	A5047192551					0	0	NEW_EXTERNAL_IDENTITY		PERSON
person:openalex:A5047819061	Koen Pepermans	Pepermans	Koen	0000-0001-7294-9491	A5047819061					0	0	NEW_EXTERNAL_IDENTITY		PERSON
person:openalex:A5049910190	Jonathan N. Davies	Davies	Jonathan N.	0000-0001-7838-126x	A5049910190					0	0	NEW_EXTERNAL_IDENTITY		PERSON
person:openalex:A5050912692	Yan Lin	Lin	Yan	0000-0002-0585-6671	A5050912692					0	0	NEW_EXTERNAL_IDENTITY		PERSON
person:openalex:A5051372183	Marc Hendricks	Hendricks	Marc	0000-0002-3636-0994	A5051372183					0	0	NEW_EXTERNAL_IDENTITY		PERSON
person:openalex:A5051988707	Alan Davidson	Davidson	Alan	0000-0002-4646-4332	A5051988707					0	0	NEW_EXTERNAL_IDENTITY		PERSON
person:openalex:A5052119079	Thomas Neyens	Neyens	Thomas	0000-0003-2364-7555	A5052119079					0	0	NEW_EXTERNAL_IDENTITY		PERSON
person:openalex:A5052884545	Jing Cai	Cai	Jing	0000-0001-6934-0108	A5052884545					0	0	NEW_EXTERNAL_IDENTITY		PERSON
person:openalex:A5053892909	Iffat Elbarazi	Elbarazi	Iffat	0000-0001-7151-2175	A5053892909					0	0	NEW_EXTERNAL_IDENTITY		PERSON
person:openalex:A5059507519	Philippe Beutels	Beutels	Philippe	0000-0001-5034-3595	A5059507519					0	0	NEW_EXTERNAL_IDENTITY		PERSON
person:openalex:A5060090179	Quan Zhou	Zhou	Quan	0000-0002-7017-8192	A5060090179					0	0	NEW_EXTERNAL_IDENTITY		PERSON
person:openalex:A5063084519	Murat K. Munkin	Munkin	Murat	0000-0001-8929-3572	A5063084519					0	0	NEW_EXTERNAL_IDENTITY		PERSON
person:openalex:A5063736885	S Al Dallal	Dallal	Sara		A5063736885					0	0	NEW_EXTERNAL_IDENTITY		PERSON
person:openalex:A5065396071	Chloe Elizabeth Grace Rose	Grace Rose	Chloe Elizabeth		A5065396071					0	0	NEW_EXTERNAL_IDENTITY		PERSON
person:openalex:A5067715763	Nicole Alia Salis Reyes	Reyes	Nicole	0000-0003-2740-0293	A5067715763					0	0	NEW_EXTERNAL_IDENTITY		PERSON
person:openalex:A5069811479	Glenn Phillips	Phillips	Glenn	0000-0002-9676-1909	A5069811479					0	0	NEW_EXTERNAL_IDENTITY		PERSON
person:openalex:A5075102472	Helder De Quintal	Quintal	Helder De	0000-0003-3796-4420	A5075102472					0	0	NEW_EXTERNAL_IDENTITY		PERSON
person:openalex:A5075263122	Mohamed El Sadig	El Sadig	Mohamed	0000-0001-5795-8189	A5075263122					0	0	NEW_EXTERNAL_IDENTITY		PERSON
person:openalex:A5075516243	Shivanthan Shanthikumar	Shanthikumar	Shivanthan	0000-0001-6000-3180	A5075516243					0	0	NEW_EXTERNAL_IDENTITY		PERSON
person:openalex:A5077201683	Samer A. Kharroubi	Kharroubi	Samer A.	0000-0002-2355-2719	A5077201683					0	0	NEW_EXTERNAL_IDENTITY		PERSON
person:openalex:A5079545906	Robin S. Turpin	Turpin	Robin S.		A5079545906					0	0	NEW_EXTERNAL_IDENTITY		PERSON
person:openalex:A5080066908	Mihiri Jacintha Silva	Silva	Mihiri	0000-0002-5950-3978	A5080066908					0	0	NEW_EXTERNAL_IDENTITY		PERSON
person:openalex:A5080865059	Lisa K. Sharp	Sharp	Lisa K.	0000-0002-7809-9042	A5080865059					0	0	NEW_EXTERNAL_IDENTITY		PERSON
person:openalex:A5081675787	Fanny Kapakasa	Kapakasa	Fanny		A5081675787					0	0	NEW_EXTERNAL_IDENTITY		PERSON
person:openalex:A5082190751	Karen Trapani	Trapani	Karen	0000-0002-3257-9147	A5082190751					0	0	NEW_EXTERNAL_IDENTITY		PERSON
person:openalex:A5085348599	Nathan S. McClure	McClure	Nathan S.	0000-0003-2273-1245	A5085348599					0	0	NEW_EXTERNAL_IDENTITY		PERSON
person:openalex:A5086557976	László Gulàcsi	Gulácsi	László	0000-0002-9285-8746	A5086557976					0	0	NEW_EXTERNAL_IDENTITY		PERSON
person:openalex:A5091770714	Richmond Owusu	Owusu	Richmond	0000-0002-0066-3491	A5091770714					0	0	NEW_EXTERNAL_IDENTITY		PERSON
person:openalex:A5093786284	Elizabeth Walkley	Walkley	Elizabeth		A5093786284					0	0	NEW_EXTERNAL_IDENTITY		PERSON
person:openalex:A5100400360	Yifeng Chen	Chen	Yifeng	0000-0003-1358-3367	A5100400360					0	0	NEW_EXTERNAL_IDENTITY		PERSON
person:openalex:A5100758235	Yilin Zhang	Zhang	Yilin	0000-0002-7059-2553	A5100758235					0	0	NEW_EXTERNAL_IDENTITY		PERSON
person:openalex:A5100858517	Zhihong Xiao	Xiao	Zhihong		A5100858517					0	0	NEW_EXTERNAL_IDENTITY		PERSON
person:openalex:A5101422734	Jie Jiang	Jiang	Jie		A5101422734					0	0	AMBIGUOUS_EXTERNAL_IDENTIFIER		PERSON
person:openalex:A5101821097	Meixuan Li	Li	Meixuan	0000-0001-9373-4086	A5101821097					0	0	NEW_EXTERNAL_IDENTITY		PERSON
person:openalex:A5103487818	AS Pickard	Pickard	A. Simon		A5103487818					0	0	NEW_EXTERNAL_IDENTITY		PERSON
person:openalex:A5106693152	Ludwig Kristina	Kristina	Ludwig		A5106693152					0	0	NEW_EXTERNAL_IDENTITY		PERSON
person:openalex:A5106693153	Rupel Valentina	Valentina	Rupel		A5106693153					0	0	NEW_EXTERNAL_IDENTITY		PERSON
person:openalex:A5108286749	Kreimeier Simone	Simone	Kreimeier		A5108286749					0	0	NEW_EXTERNAL_IDENTITY		PERSON
person:openalex:A5111188223	Mohamed Farghaly	Farghaly	Mohamad N.		A5111188223					0	0	NEW_EXTERNAL_IDENTITY		PERSON
person:openalex:A5111502485	Gillian Riordan	Riordan	Gillian	0000-0003-2698-9948	A5111502485					0	0	NEW_EXTERNAL_IDENTITY		PERSON
person:openalex:A5112697096	Alvin Ndondo	Ndondo	Alvin		A5112697096					0	0	NEW_EXTERNAL_IDENTITY		PERSON
person:openalex:A5115594934	Zhenyan Bo	Bo	Zhenyan		A5115594934					0	0	NEW_EXTERNAL_IDENTITY		PERSON
person:openalex:A5116048522	Asma Al Mannaei	Al Mannaei	Asma		A5116048522					0	0	NEW_EXTERNAL_IDENTITY		PERSON
person:openalex:A5116048523	Rima Kaddoura	Kaddoura	Rima		A5116048523					0	0	NEW_EXTERNAL_IDENTITY		PERSON
person:openalex:A5117113297	Putu Getsha Pradnyan Rarasati Mudita	Mudita	Putu Getsha Pradnyan Rarasati		A5117113297					0	0	NEW_EXTERNAL_IDENTITY		PERSON
person:openalex:A5123188413	Chenxi Yang	Yang	Chenxi		A5123188413					0	0	NEW_EXTERNAL_IDENTITY		PERSON
person:openalex:A5128706397	Richard H. Xu	Xu	Richard H.		A5128706397					0	0	NEW_EXTERNAL_IDENTITY		PERSON
person:openalex:A5130590408	Katherine Chen	Chen	Katherine		A5130590408					0	0	NEW_EXTERNAL_IDENTITY		PERSON
person:openalex:A5130602985	Mary White	White	Mary	0000-0002-8636-239x	A5130602985					0	0	NEW_EXTERNAL_IDENTITY		PERSON
person:openalex:A5137930146	Justin Yu	Yu	Justin		A5137930146					0	0	NEW_EXTERNAL_IDENTITY		PERSON
