project_id	person_id	role	source_name	resolution_method	resolution_status
100-RA	person:eqmember:17805	PRINCIPAL_INVESTIGATOR	Bram Roudijk	CANONICAL_PROJECT_SOURCE	ACCEPTED
102-RA	person:eqmember:17847	PRINCIPAL_INVESTIGATOR	Fatima Al Sayah	CANONICAL_PROJECT_SOURCE	ACCEPTED
103-RA	person:eqmember:18021	PRINCIPAL_INVESTIGATOR	Zhuxin Mao	CANONICAL_PROJECT_SOURCE	ACCEPTED
104-RA	person:eqmember:17821	PRINCIPAL_INVESTIGATOR	David Mott	CANONICAL_PROJECT_SOURCE	ACCEPTED
109-RA	person:eqmember:17835	PRINCIPAL_INVESTIGATOR	Eleanor Pullenayegum	CANONICAL_PROJECT_SOURCE	ACCEPTED
111-RA	person:leader:50cca9cff5d9	PRINCIPAL_INVESTIGATOR	Kim Dalziel	CANONICAL_PROJECT_SOURCE	ACCEPTED
115-RA	person:eqmember:17968	PRINCIPAL_INVESTIGATOR	Peep Stalmeier	CANONICAL_PROJECT_SOURCE	ACCEPTED
116-RA	person:eqmember:17815	PRINCIPAL_INVESTIGATOR	Chris Sampson	CANONICAL_PROJECT_SOURCE	ACCEPTED
117-RA	person:eqmember:17901	PRINCIPAL_INVESTIGATOR	Koonal Shah	CANONICAL_PROJECT_SOURCE	ACCEPTED
118-RA	person:leader:c4ed61eb8dc6	PRINCIPAL_INVESTIGATOR	Philip Clarke	CANONICAL_PROJECT_SOURCE	ACCEPTED
119-RA	person:eqmember:17845	PRINCIPAL_INVESTIGATOR	Fanni Rencz	CANONICAL_PROJECT_SOURCE	ACCEPTED
120-RA	person:eqmember:17992	PRINCIPAL_INVESTIGATOR	Stefan A. Lipman	CANONICAL_PROJECT_SOURCE	ACCEPTED
122-RA	person:eqmember:19003	PRINCIPAL_INVESTIGATOR	Aureliano Paolo Finch	CANONICAL_PROJECT_SOURCE	ACCEPTED
123-RA	person:eqmember:17954	PRINCIPAL_INVESTIGATOR	Nils Gutacker	CANONICAL_PROJECT_SOURCE	ACCEPTED
124-VS	person:eqmember:17984	PRINCIPAL_INVESTIGATOR	Dewilde Sarah	CANONICAL_PROJECT_SOURCE	ACCEPTED
127-RA	person:eqmember:18018	PRINCIPAL_INVESTIGATOR	You-Shan Feng	CANONICAL_PROJECT_SOURCE	ACCEPTED
128-RA	person:eqmember:17944	PRINCIPAL_INVESTIGATOR	Luo Nan	CANONICAL_PROJECT_SOURCE	ACCEPTED
133-RA	person:eqmember:17787	PRINCIPAL_INVESTIGATOR	Abraham Gebregziabiher Welie	CANONICAL_PROJECT_SOURCE	ACCEPTED
134-RA	person:eqmember:17833	PRINCIPAL_INVESTIGATOR	Donna Rowen	CANONICAL_PROJECT_SOURCE	ACCEPTED
137-RA	person:eqmember:17851	PRINCIPAL_INVESTIGATOR	Feng Xie	CANONICAL_PROJECT_SOURCE	ACCEPTED
138-RA	person:leader:9f2c2404b4d6	PRINCIPAL_INVESTIGATOR	Suzana Karim	CANONICAL_PROJECT_SOURCE	ACCEPTED
139-RA	person:leader:9f2c2404b4d6	PRINCIPAL_INVESTIGATOR	Suzana Karim	CANONICAL_PROJECT_SOURCE	ACCEPTED
140-RA	person:leader:570ea90166a5	PRINCIPAL_INVESTIGATOR	Nadine Zawadzkli	CANONICAL_PROJECT_SOURCE	ACCEPTED
1404-RA	person:eqmember:17946	PRINCIPAL_INVESTIGATOR	Nancy Devlin	CANONICAL_PROJECT_SOURCE	ACCEPTED
141-RA	person:eqmember:17895	PRINCIPAL_INVESTIGATOR	Juanita Haagsma	CANONICAL_PROJECT_SOURCE	ACCEPTED
1411-VS	person:leader:f6aec8a6037d	PRINCIPAL_INVESTIGATOR	Abdelghafour MARFAK	CANONICAL_PROJECT_SOURCE	ACCEPTED
1413-RA	person:eqmember:17920	PRINCIPAL_INVESTIGATOR	Marcel Jonker	CANONICAL_PROJECT_SOURCE	ACCEPTED
1414-EO	person:eqmember:17867	PRINCIPAL_INVESTIGATOR	Henry Bailey	CANONICAL_PROJECT_SOURCE	ACCEPTED
1415-RA	person:leader:c4ed61eb8dc6	PRINCIPAL_INVESTIGATOR	Professor Philip Clarke	CANONICAL_PROJECT_SOURCE	ACCEPTED
142-RA	person:eqmember:17877	PRINCIPAL_INVESTIGATOR	Janine Verstraete	CANONICAL_PROJECT_SOURCE	ACCEPTED
144-RA	person:leader:ff8b4f185128	PRINCIPAL_INVESTIGATOR	Darshini Govindasamy	CANONICAL_PROJECT_SOURCE	ACCEPTED
1445-RA	person:eqmember:17922	PRINCIPAL_INVESTIGATOR	Marisa Santos	CANONICAL_PROJECT_SOURCE	ACCEPTED
1447-RA	person:leader:bfbf7cf35751	PRINCIPAL_INVESTIGATOR	M. Elske van den Akker-van Marle	CANONICAL_PROJECT_SOURCE	ACCEPTED
145-RA	person:leader:c2d00c5008f7	PRINCIPAL_INVESTIGATOR	Joshua Bonsel	CANONICAL_PROJECT_SOURCE	ACCEPTED
1453-RA	person:eqmember:17863	PRINCIPAL_INVESTIGATOR	Hannah Penton	CANONICAL_PROJECT_SOURCE	ACCEPTED
1455-RA	person:leader:4a5cd1710c94	PRINCIPAL_INVESTIGATOR	Emily McDool	CANONICAL_PROJECT_SOURCE	ACCEPTED
1456-PD	person:leader:bc605a168c15	PRINCIPAL_INVESTIGATOR	Teresa Tsui	CANONICAL_PROJECT_SOURCE	ACCEPTED
1462-PHD	person:leader:8677f310bcd0	PRINCIPAL_INVESTIGATOR	Vivian Reckers-Droog	CANONICAL_PROJECT_SOURCE	ACCEPTED
1463-PHD	person:leader:c3e60eaa5362	PRINCIPAL_INVESTIGATOR	Teresa Bago d'Uva	CANONICAL_PROJECT_SOURCE	ACCEPTED
1465-VS	person:eqmember:17847	PRINCIPAL_INVESTIGATOR	Fatima Al Sayah	CANONICAL_PROJECT_SOURCE	ACCEPTED
1468-RA	person:leader:3e574b51f63b	PRINCIPAL_INVESTIGATOR	Ilan Koppen	CANONICAL_PROJECT_SOURCE	ACCEPTED
147-RA	person:eqmember:17877	PRINCIPAL_INVESTIGATOR	Janine Verstraete	CANONICAL_PROJECT_SOURCE	ACCEPTED
1472-PD	person:eqmember:18002	PRINCIPAL_INVESTIGATOR	Tianxin Pan	CANONICAL_PROJECT_SOURCE	ACCEPTED
1475-RA	person:eqmember:17791	PRINCIPAL_INVESTIGATOR	Andrew Lloyd	CANONICAL_PROJECT_SOURCE	ACCEPTED
1479-TVG	person:eqmember:17954	PRINCIPAL_INVESTIGATOR	Nils Gutacker	CANONICAL_PROJECT_SOURCE	ACCEPTED
148-RA	person:eqmember:17976	PRINCIPAL_INVESTIGATOR	Rosalie Viney	CANONICAL_PROJECT_SOURCE	ACCEPTED
1481-PHD	person:eqmember:17911	PRINCIPAL_INVESTIGATOR	Lidia Engel	CANONICAL_PROJECT_SOURCE	ACCEPTED
1482-RA	person:eqmember:17913	PRINCIPAL_INVESTIGATOR	Ling-Hsiang Chuang	CANONICAL_PROJECT_SOURCE	ACCEPTED
1483-TVG	person:leader:c2d00c5008f7	PRINCIPAL_INVESTIGATOR	Joshua Bonsel	CANONICAL_PROJECT_SOURCE	ACCEPTED
1484-RA	person:eqmember:17920	PRINCIPAL_INVESTIGATOR	Marcel Jonker, PhD	CANONICAL_PROJECT_SOURCE	ACCEPTED
1485-RA	person:eqmember:18019	PRINCIPAL_INVESTIGATOR	Zhihao Yang	CANONICAL_PROJECT_SOURCE	ACCEPTED
1487-RA	person:eqmember:17968	PRINCIPAL_INVESTIGATOR	Peep FM Stalmeier	CANONICAL_PROJECT_SOURCE	ACCEPTED
1489-RA	person:eqmember:17920	PRINCIPAL_INVESTIGATOR	Marcel Jonker, PhD	CANONICAL_PROJECT_SOURCE	ACCEPTED
1490-RA	person:leader:2ca10efb7941	PRINCIPAL_INVESTIGATOR	Merhawit Gerezgiher	CANONICAL_PROJECT_SOURCE	ACCEPTED
1492-RA	person:leader:39e3bb2019e3	PRINCIPAL_INVESTIGATOR	Samar Farid	CANONICAL_PROJECT_SOURCE	ACCEPTED
1493-RA	person:eqmember:17863	PRINCIPAL_INVESTIGATOR	Hannah Penton	CANONICAL_PROJECT_SOURCE	ACCEPTED
1494-RA	person:eqmember:17863	PRINCIPAL_INVESTIGATOR	Hannah Penton	CANONICAL_PROJECT_SOURCE	ACCEPTED
1495-RA	person:eqmember:21678	PRINCIPAL_INVESTIGATOR	Richard Huan Xu	CANONICAL_PROJECT_SOURCE	ACCEPTED
1497-RA	person:eqmember:17946	PRINCIPAL_INVESTIGATOR	Nancy Devlin	CANONICAL_PROJECT_SOURCE	ACCEPTED
1498-PHD	person:eqmember:17895	PRINCIPAL_INVESTIGATOR	Juanita Haagsma	CANONICAL_PROJECT_SOURCE	ACCEPTED
150-RA	person:eqmember:17911	PRINCIPAL_INVESTIGATOR	Lidia Engel	CANONICAL_PROJECT_SOURCE	ACCEPTED
1504-RA	person:eqmember:17944	PRINCIPAL_INVESTIGATOR	Nan LUO	CANONICAL_PROJECT_SOURCE	ACCEPTED
1505-RA	person:eqmember:17944	PRINCIPAL_INVESTIGATOR	Nan Luo	CANONICAL_PROJECT_SOURCE	ACCEPTED
1507-VS	person:eqmember:17897	PRINCIPAL_INVESTIGATOR	Kim Rand	CANONICAL_PROJECT_SOURCE	ACCEPTED
1508-RA	person:leader:0a4ba2690908	PRINCIPAL_INVESTIGATOR	Paul Schneider	CANONICAL_PROJECT_SOURCE	ACCEPTED
151-RA	person:eqmember:17895	PRINCIPAL_INVESTIGATOR	Juanita Haagsma	CANONICAL_PROJECT_SOURCE	ACCEPTED
1514-RA	person:eqmember:19030	PRINCIPAL_INVESTIGATOR	Maja Kuharic	CANONICAL_PROJECT_SOURCE	ACCEPTED
1517-RA	person:eqmember:17944	PRINCIPAL_INVESTIGATOR	Nan Luo	CANONICAL_PROJECT_SOURCE	ACCEPTED
152-RA	person:eqmember:17803	PRINCIPAL_INVESTIGATOR	Bernhard Michalowsky	CANONICAL_PROJECT_SOURCE	ACCEPTED
1522-RA	person:eqmember:17944	PRINCIPAL_INVESTIGATOR	Nan Luo	CANONICAL_PROJECT_SOURCE	ACCEPTED
1524-VS	person:eqmember:17833	PRINCIPAL_INVESTIGATOR	Donna Rowen	CANONICAL_PROJECT_SOURCE	ACCEPTED
1530-RA	person:eqmember:17934	PRINCIPAL_INVESTIGATOR	Michał Jakubczyk	CANONICAL_PROJECT_SOURCE	ACCEPTED
1534-EO	person:eqmember:18019	PRINCIPAL_INVESTIGATOR	Zhihao Yang	CANONICAL_PROJECT_SOURCE	ACCEPTED
1535-RA	person:eqmember:17944	PRINCIPAL_INVESTIGATOR	Nan Luo	CANONICAL_PROJECT_SOURCE	ACCEPTED
1539-SG	person:leader:0528d2bef677	PRINCIPAL_INVESTIGATOR	Iwan van der Horst	CANONICAL_PROJECT_SOURCE	ACCEPTED
1543-RA	person:eqmember:17982	PRINCIPAL_INVESTIGATOR	Sarah Derrett	CANONICAL_PROJECT_SOURCE	ACCEPTED
1549-RA	person:eqmember:21678	PRINCIPAL_INVESTIGATOR	Richard Huan XU	CANONICAL_PROJECT_SOURCE	ACCEPTED
155-RA	person:eqmember:19005	PRINCIPAL_INVESTIGATOR	Bas (MF) Janssen	CANONICAL_PROJECT_SOURCE	ACCEPTED
1557-RA	person:leader:33e259cba916	PRINCIPAL_INVESTIGATOR	Jessica Roydhouse	CANONICAL_PROJECT_SOURCE	ACCEPTED
1559-RA	person:eqmember:21677	PRINCIPAL_INVESTIGATOR	Dr Cate Bailey	CANONICAL_PROJECT_SOURCE	ACCEPTED
1561-RA	person:eqmember:17996	PRINCIPAL_INVESTIGATOR	Sun Sun	CANONICAL_PROJECT_SOURCE	ACCEPTED
1566-RA	person:eqmember:21677	PRINCIPAL_INVESTIGATOR	Cate Bailey	CANONICAL_PROJECT_SOURCE	ACCEPTED
1569-RA	person:leader:d1d5bf1eb595	PRINCIPAL_INVESTIGATOR	Sander van Kuijk	CANONICAL_PROJECT_SOURCE	ACCEPTED
157-RA	person:eqmember:19005	PRINCIPAL_INVESTIGATOR	Bas Janssen	CANONICAL_PROJECT_SOURCE	ACCEPTED
1572-RA	person:leader:2a625746ba9f	PRINCIPAL_INVESTIGATOR	Elizabeth Tompkins (known as Elizabeth Goodwin)	CANONICAL_PROJECT_SOURCE	ACCEPTED
1573-RA	person:eqmember:17966	PRINCIPAL_INVESTIGATOR	Paula Lorgelly	CANONICAL_PROJECT_SOURCE	ACCEPTED
1574-RA	person:eqmember:17934	PRINCIPAL_INVESTIGATOR	Michał Jakubczyk	CANONICAL_PROJECT_SOURCE	ACCEPTED
1575-VS	person:eqmember:17831	PRINCIPAL_INVESTIGATOR	Dominik Golicki	CANONICAL_PROJECT_SOURCE	ACCEPTED
1578-RA	person:eqmember:17974	PRINCIPAL_INVESTIGATOR	Richard Norman	CANONICAL_PROJECT_SOURCE	ACCEPTED
1580-RA	person:eqmember:18021	PRINCIPAL_INVESTIGATOR	Zhuxin Mao	CANONICAL_PROJECT_SOURCE	ACCEPTED
1582-RA	person:leader:b74a5997703c	PRINCIPAL_INVESTIGATOR	Maresa Buchholz	CANONICAL_PROJECT_SOURCE	ACCEPTED
1583-RA	person:eqmember:17962	PRINCIPAL_INVESTIGATOR	Paul Kind	CANONICAL_PROJECT_SOURCE	ACCEPTED
1584-SG	person:leader:b939f54e06af	PRINCIPAL_INVESTIGATOR	W.H.P. (Willem) van Veghel, MSc	CANONICAL_PROJECT_SOURCE	ACCEPTED
1585-RA	person:eqmember:17934	PRINCIPAL_INVESTIGATOR	Michał Jakubczyk	CANONICAL_PROJECT_SOURCE	ACCEPTED
1587-TVG	person:eqmember:17851	PRINCIPAL_INVESTIGATOR	Feng Xie	CANONICAL_PROJECT_SOURCE	ACCEPTED
1588-RA	person:eqmember:18021	PRINCIPAL_INVESTIGATOR	Zhuxin Mao	CANONICAL_PROJECT_SOURCE	ACCEPTED
1591-RA	person:leader:ece94cf47888	PRINCIPAL_INVESTIGATOR	Begashaw Melaku Gebresillassie	CANONICAL_PROJECT_SOURCE	ACCEPTED
1592-RA	person:eqmember:17803	PRINCIPAL_INVESTIGATOR	Bernhard Michalowsky	CANONICAL_PROJECT_SOURCE	ACCEPTED
1593-RA	person:eqmember:18018	PRINCIPAL_INVESTIGATOR	You-Shan Feng	CANONICAL_PROJECT_SOURCE	ACCEPTED
1594-RA	person:leader:39e3bb2019e3	PRINCIPAL_INVESTIGATOR	Samar Farid	CANONICAL_PROJECT_SOURCE	ACCEPTED
1596-RA	person:leader:0a4ba2690908	PRINCIPAL_INVESTIGATOR	Paul Schneider	CANONICAL_PROJECT_SOURCE	ACCEPTED
1598-RA	person:eqmember:18019	PRINCIPAL_INVESTIGATOR	Zhihao Yang	CANONICAL_PROJECT_SOURCE	ACCEPTED
1599-RA	person:eqmember:17944	PRINCIPAL_INVESTIGATOR	Nan Luo	CANONICAL_PROJECT_SOURCE	ACCEPTED
1600-RA	person:eqmember:18018	PRINCIPAL_INVESTIGATOR	You-Shan Feng, PhD	CANONICAL_PROJECT_SOURCE	ACCEPTED
1601-RA	person:eqmember:17984	PRINCIPAL_INVESTIGATOR	Dewilde Sarah	CANONICAL_PROJECT_SOURCE	ACCEPTED
1602-RA	person:leader:78f0dc6cb8d8	PRINCIPAL_INVESTIGATOR	Arthur Attema	CANONICAL_PROJECT_SOURCE	ACCEPTED
1603-RA	person:eqmember:18010	PRINCIPAL_INVESTIGATOR	Prof. Dr. Wolfgang Greiner	CANONICAL_PROJECT_SOURCE	ACCEPTED
1604-RA	person:eqmember:17895	PRINCIPAL_INVESTIGATOR	Juanita Haagsma	CANONICAL_PROJECT_SOURCE	ACCEPTED
1605-RA	person:eqmember:17849	PRINCIPAL_INVESTIGATOR	Federico Augustovski	CANONICAL_PROJECT_SOURCE	ACCEPTED
1606-RA	person:leader:35b2f2d48116	PRINCIPAL_INVESTIGATOR	Cathrine Elgaard Jensen	CANONICAL_PROJECT_SOURCE	ACCEPTED
1608-RA	person:eqmember:17944	PRINCIPAL_INVESTIGATOR	Nan Luo	CANONICAL_PROJECT_SOURCE	ACCEPTED
161-RA	person:leader:b95f9aa0caf2	PRINCIPAL_INVESTIGATOR	Andrea L. Monteiro	CANONICAL_PROJECT_SOURCE	ACCEPTED
1611-RA	person:eqmember:17920	PRINCIPAL_INVESTIGATOR	Marcel Jonker	CANONICAL_PROJECT_SOURCE	ACCEPTED
1612-RA	person:eqmember:17920	PRINCIPAL_INVESTIGATOR	Marcel Jonker	CANONICAL_PROJECT_SOURCE	ACCEPTED
1624-EO	person:eqmember:17952	PRINCIPAL_INVESTIGATOR	Nick Bansback	CANONICAL_PROJECT_SOURCE	ACCEPTED
1627-RA	person:leader:7fbd807010a1	PRINCIPAL_INVESTIGATOR	Kidu Gidey	CANONICAL_PROJECT_SOURCE	ACCEPTED
163-RA	person:eqmember:17920	PRINCIPAL_INVESTIGATOR	Marcel Jonker	CANONICAL_PROJECT_SOURCE	ACCEPTED
164-RA	person:eqmember:17994	PRINCIPAL_INVESTIGATOR	Stirling Bryan	CANONICAL_PROJECT_SOURCE	ACCEPTED
1644-RA	person:eqmember:17855	PRINCIPAL_INVESTIGATOR	Fredrick Dermawan Purba, PhD	CANONICAL_PROJECT_SOURCE	ACCEPTED
1646-RA	person:leader:1b524ab3f1ea	PRINCIPAL_INVESTIGATOR	Marufa Sultana	CANONICAL_PROJECT_SOURCE	ACCEPTED
1650-RA	person:eqmember:18016	PRINCIPAL_INVESTIGATOR	Yan Feng	CANONICAL_PROJECT_SOURCE	ACCEPTED
1654-TVG	person:leader:73598c4735dd	PRINCIPAL_INVESTIGATOR	Wenjing Zhou	CANONICAL_PROJECT_SOURCE	ACCEPTED
1655-EO	person:eqmember:17966	PRINCIPAL_INVESTIGATOR	Paula Lorgelly	CANONICAL_PROJECT_SOURCE	ACCEPTED
1663-TVG	person:eqmember:19028	PRINCIPAL_INVESTIGATOR	Ling Jie Cheng	CANONICAL_PROJECT_SOURCE	ACCEPTED
1665-RA	person:leader:4a5cd1710c94	PRINCIPAL_INVESTIGATOR	Emily McDool	CANONICAL_PROJECT_SOURCE	ACCEPTED
1666-VS	person:leader:b1d2e25ed336	PRINCIPAL_INVESTIGATOR	Professor Ahmed Hamdan AlJedai	CANONICAL_PROJECT_SOURCE	ACCEPTED
1669-VS	person:leader:f832ce9d79bc	PRINCIPAL_INVESTIGATOR	Jahangir Khan	CANONICAL_PROJECT_SOURCE	ACCEPTED
1670-VS	person:leader:da1bac7dcc2d	PRINCIPAL_INVESTIGATOR	Madeeha Malik	CANONICAL_PROJECT_SOURCE	ACCEPTED
1672-SG	person:leader:509e281c560b	PRINCIPAL_INVESTIGATOR	Raf Van Gestel	CANONICAL_PROJECT_SOURCE	ACCEPTED
1676-RA	person:leader:206cc1095a3f	PRINCIPAL_INVESTIGATOR	Irina Kinchin	CANONICAL_PROJECT_SOURCE	ACCEPTED
1679-RA	person:eqmember:17920	PRINCIPAL_INVESTIGATOR	Marcel Jonker	CANONICAL_PROJECT_SOURCE	ACCEPTED
1680-RA	person:eqmember:17966	PRINCIPAL_INVESTIGATOR	Paula Lorgelly	CANONICAL_PROJECT_SOURCE	ACCEPTED
1681-RA	person:eqmember:17877	PRINCIPAL_INVESTIGATOR	Janine Verstraete	CANONICAL_PROJECT_SOURCE	ACCEPTED
1687-RA	person:eqmember:18006	PRINCIPAL_INVESTIGATOR	Valentina Prevolnik Rupel	CANONICAL_PROJECT_SOURCE	ACCEPTED
1689-RA	person:eqmember:17934	PRINCIPAL_INVESTIGATOR	Michał Jakubczyk	CANONICAL_PROJECT_SOURCE	ACCEPTED
169-RA	person:eqmember:17805	PRINCIPAL_INVESTIGATOR	Bram Roudijk	CANONICAL_PROJECT_SOURCE	ACCEPTED
1691-RA	person:leader:43591e890911	PRINCIPAL_INVESTIGATOR	Clement Cheuk Wai Ng	CANONICAL_PROJECT_SOURCE	ACCEPTED
1693-RA	person:eqmember:17920	PRINCIPAL_INVESTIGATOR	Marcel Jonker	CANONICAL_PROJECT_SOURCE	ACCEPTED
1694-RA	person:eqmember:17805	PRINCIPAL_INVESTIGATOR	Bram Roudijk	CANONICAL_PROJECT_SOURCE	ACCEPTED
1695-RA	person:eqmember:17920	PRINCIPAL_INVESTIGATOR	Marcel Jonker	CANONICAL_PROJECT_SOURCE	ACCEPTED
1696-RA	person:eqmember:17847	PRINCIPAL_INVESTIGATOR	Fatima Al Sayah	CANONICAL_PROJECT_SOURCE	ACCEPTED
1698-RA	person:leader:083cccd0472d	PRINCIPAL_INVESTIGATOR	Wojciech Trzebiński	CANONICAL_PROJECT_SOURCE	ACCEPTED
1700-RA	person:eqmember:17845	PRINCIPAL_INVESTIGATOR	Fanni Rencz	CANONICAL_PROJECT_SOURCE	ACCEPTED
1703-RA	person:leader:43591e890911	PRINCIPAL_INVESTIGATOR	Clement Cheuk Wai Ng	CANONICAL_PROJECT_SOURCE	ACCEPTED
1704-RA	person:eqmember:17851	PRINCIPAL_INVESTIGATOR	FENG XIE	CANONICAL_PROJECT_SOURCE	ACCEPTED
1709-RA	person:leader:b0332ff4018d	PRINCIPAL_INVESTIGATOR	Dr Christine Mpundu-Kaambwa	CANONICAL_PROJECT_SOURCE	ACCEPTED
1710-VS	person:eqmember:17889	PRINCIPAL_INVESTIGATOR	John (Yannis) Yfantopoulos	CANONICAL_PROJECT_SOURCE	ACCEPTED
1711-RA	person:leader:e448059d8472	PRINCIPAL_INVESTIGATOR	Philip Powell	CANONICAL_PROJECT_SOURCE	ACCEPTED
1713-RA	person:eqmember:17881	PRINCIPAL_INVESTIGATOR	Jennifer Jelsma	CANONICAL_PROJECT_SOURCE	ACCEPTED
1716-TVG	person:leader:6fe4e81455db	PRINCIPAL_INVESTIGATOR	Maksat Jumamyradov	CANONICAL_PROJECT_SOURCE	ACCEPTED
1719-RA	person:leader:b9c067658879	PRINCIPAL_INVESTIGATOR	Martin Härter	CANONICAL_PROJECT_SOURCE	ACCEPTED
1721-RA	person:eqmember:17837	PRINCIPAL_INVESTIGATOR	Elly Stolk	CANONICAL_PROJECT_SOURCE	ACCEPTED
1731-VS	person:leader:c00eb6bf5d72	PRINCIPAL_INVESTIGATOR	Abdulrasheed Hassan Yusuf	CANONICAL_PROJECT_SOURCE	ACCEPTED
1732-VS	person:leader:4c5021828c2c	PRINCIPAL_INVESTIGATOR	Josephine Walker	CANONICAL_PROJECT_SOURCE	ACCEPTED
1734-TVG	person:leader:510242c8d95e	PRINCIPAL_INVESTIGATOR	Lucky Ngwira	CANONICAL_PROJECT_SOURCE	ACCEPTED
1735-RA	person:leader:6cc4c9299d70	PRINCIPAL_INVESTIGATOR	Goitom Molalign	CANONICAL_PROJECT_SOURCE	ACCEPTED
1738-TVG	person:eqmember:17944	PRINCIPAL_INVESTIGATOR	Nan Luo	CANONICAL_PROJECT_SOURCE	ACCEPTED
1739-EO	person:leader:1ed27ee96b5d	PRINCIPAL_INVESTIGATOR	Alexander van Heusden	CANONICAL_PROJECT_SOURCE	ACCEPTED
1741-RA	person:eqmember:17944	PRINCIPAL_INVESTIGATOR	Nan Luo	CANONICAL_PROJECT_SOURCE	ACCEPTED
1742-EO	person:leader:73598c4735dd	PRINCIPAL_INVESTIGATOR	Wenjing Zhou	CANONICAL_PROJECT_SOURCE	ACCEPTED
1744-EO	person:eqmember:17795	PRINCIPAL_INVESTIGATOR	Arto Ohinmaa	CANONICAL_PROJECT_SOURCE	ACCEPTED
1752-RA	person:leader:6998de5ea5d5	PRINCIPAL_INVESTIGATOR	Deborah Marshall	CANONICAL_PROJECT_SOURCE	ACCEPTED
1753-PHD	person:leader:a0721a90a44f	PRINCIPAL_INVESTIGATOR	Ademola Itiola	CANONICAL_PROJECT_SOURCE	ACCEPTED
1758-EO	person:leader:c4a44baaa49e	PRINCIPAL_INVESTIGATOR	Guangjie Zhang	CANONICAL_PROJECT_SOURCE	ACCEPTED
1761-EO	person:eqmember:17837	PRINCIPAL_INVESTIGATOR	Elly Stolk	CANONICAL_PROJECT_SOURCE	ACCEPTED
1762-RA	person:eqmember:17905	PRINCIPAL_INVESTIGATOR	Kristina Ludwig	CANONICAL_PROJECT_SOURCE	ACCEPTED
1767-RA	person:eqmember:17867	PRINCIPAL_INVESTIGATOR	Henry Bailey	CANONICAL_PROJECT_SOURCE	ACCEPTED
1769-RA	person:eqmember:19813	PRINCIPAL_INVESTIGATOR	Benjamin M. Craig	CANONICAL_PROJECT_SOURCE	ACCEPTED
1771-RA	person:leader:f05e8daa6389	PRINCIPAL_INVESTIGATOR	Lan Gao	CANONICAL_PROJECT_SOURCE	ACCEPTED
1772-RA	person:eqmember:21677	PRINCIPAL_INVESTIGATOR	Cate Bailey	CANONICAL_PROJECT_SOURCE	ACCEPTED
1776-RA	person:eqmember:17938	PRINCIPAL_INVESTIGATOR	Mimmi Åström	CANONICAL_PROJECT_SOURCE	ACCEPTED
1781-RA	person:leader:fa2f4d6479ec	PRINCIPAL_INVESTIGATOR	Mihretab Gebreslassie	CANONICAL_PROJECT_SOURCE	ACCEPTED
1783-RA	person:eqmember:17992	PRINCIPAL_INVESTIGATOR	Stefan Lipman	CANONICAL_PROJECT_SOURCE	ACCEPTED
1785-RA	person:eqmember:17869	PRINCIPAL_INVESTIGATOR	Ines Buchholz	CANONICAL_PROJECT_SOURCE	ACCEPTED
1786-RA	person:eqmember:17962	PRINCIPAL_INVESTIGATOR	Paul Kind	CANONICAL_PROJECT_SOURCE	ACCEPTED
1787-RA	person:eqmember:17994	PRINCIPAL_INVESTIGATOR	Stirling Bryan	CANONICAL_PROJECT_SOURCE	ACCEPTED
1791-RA	person:eqmember:17803	PRINCIPAL_INVESTIGATOR	Bernhard Michalowsky	CANONICAL_PROJECT_SOURCE	ACCEPTED
1792-SG	person:leader:bfbf7cf35751	PRINCIPAL_INVESTIGATOR	M. Elske van den Akker-van Marle	CANONICAL_PROJECT_SOURCE	ACCEPTED
1793-RA	person:eqmember:17851	PRINCIPAL_INVESTIGATOR	Feng Xie	CANONICAL_PROJECT_SOURCE	ACCEPTED
1796-RA	person:leader:eb823a3d3fe9	PRINCIPAL_INVESTIGATOR	Annette Regan	CANONICAL_PROJECT_SOURCE	ACCEPTED
1797-RA	person:leader:ed94eca24d3c	PRINCIPAL_INVESTIGATOR	Thao Thai	CANONICAL_PROJECT_SOURCE	ACCEPTED
1798-RA	person:eqmember:17787	PRINCIPAL_INVESTIGATOR	Abraham Gebregziabiher	CANONICAL_PROJECT_SOURCE	ACCEPTED
1799-RA	person:leader:db0cd1478ab2	PRINCIPAL_INVESTIGATOR	Akanksha Akanksha	CANONICAL_PROJECT_SOURCE	ACCEPTED
180-RA	person:eqmember:17944	PRINCIPAL_INVESTIGATOR	Nan Luo	CANONICAL_PROJECT_SOURCE	ACCEPTED
1800-RA	person:eqmember:17845	PRINCIPAL_INVESTIGATOR	Fanni Rencz	CANONICAL_PROJECT_SOURCE	ACCEPTED
1804-RA	person:eqmember:21678	PRINCIPAL_INVESTIGATOR	Richard Xu	CANONICAL_PROJECT_SOURCE	ACCEPTED
1806-RA	person:eqmember:17791	PRINCIPAL_INVESTIGATOR	Andrew Lloyd	CANONICAL_PROJECT_SOURCE	ACCEPTED
1807-RA	person:eqmember:18014	PRINCIPAL_INVESTIGATOR	Yaling yang	CANONICAL_PROJECT_SOURCE	ACCEPTED
1808-RA	person:leader:fe53e5b0d472	PRINCIPAL_INVESTIGATOR	Prudence Cheung	CANONICAL_PROJECT_SOURCE	ACCEPTED
1811-RA	person:eqmember:19030	PRINCIPAL_INVESTIGATOR	Maja Kuharic	CANONICAL_PROJECT_SOURCE	ACCEPTED
1812-PHD	person:eqmember:17982	PRINCIPAL_INVESTIGATOR	Sarah Derrett	CANONICAL_PROJECT_SOURCE	ACCEPTED
1816-RA	person:eqmember:17899	PRINCIPAL_INVESTIGATOR	Knut Stavem	CANONICAL_PROJECT_SOURCE	ACCEPTED
1818-RA	person:eqmember:17944	PRINCIPAL_INVESTIGATOR	Nan Luo	CANONICAL_PROJECT_SOURCE	ACCEPTED
1823-RA	person:eqmember:17998	PRINCIPAL_INVESTIGATOR	Tessa Peasgood	CANONICAL_PROJECT_SOURCE	ACCEPTED
1830-RA	person:eqmember:17873	PRINCIPAL_INVESTIGATOR	Jan Abel Olsen	CANONICAL_PROJECT_SOURCE	ACCEPTED
1846-EO	person:leader:d9674d98607b	PRINCIPAL_INVESTIGATOR	Yared Belete Belay	CANONICAL_PROJECT_SOURCE	ACCEPTED
1850-RA	person:eqmember:19813	PRINCIPAL_INVESTIGATOR	Benjamin M. Craig	CANONICAL_PROJECT_SOURCE	ACCEPTED
1851-TVG	person:leader:e26a260838e7	PRINCIPAL_INVESTIGATOR	Jan Faller	CANONICAL_PROJECT_SOURCE	ACCEPTED
1854-EO	person:eqmember:17897	PRINCIPAL_INVESTIGATOR	Kim Rand	CANONICAL_PROJECT_SOURCE	ACCEPTED
1859-TVG	person:eqmember:17877	PRINCIPAL_INVESTIGATOR	Janine Verstraete	CANONICAL_PROJECT_SOURCE	ACCEPTED
1863-RA	person:leader:fa3dd095d626	PRINCIPAL_INVESTIGATOR	Pei wang	CANONICAL_PROJECT_SOURCE	ACCEPTED
1867-RA	person:leader:0e64036a4445	PRINCIPAL_INVESTIGATOR	Yiting Luo	CANONICAL_PROJECT_SOURCE	ACCEPTED
1869-SG	person:leader:11e9ccc1a058	PRINCIPAL_INVESTIGATOR	Corneliu Bolbocean	CANONICAL_PROJECT_SOURCE	ACCEPTED
1871-RA	person:eqmember:17879	PRINCIPAL_INVESTIGATOR	Jeffrey Johnson	CANONICAL_PROJECT_SOURCE	ACCEPTED
1872-RA	person:eqmember:21677	PRINCIPAL_INVESTIGATOR	Cate Bailey	CANONICAL_PROJECT_SOURCE	ACCEPTED
1874-TVG	person:leader:73598c4735dd	PRINCIPAL_INVESTIGATOR	Wenjing Zhou	CANONICAL_PROJECT_SOURCE	ACCEPTED
1877-RA	person:leader:e448059d8472	PRINCIPAL_INVESTIGATOR	Philip Powell	CANONICAL_PROJECT_SOURCE	ACCEPTED
1879-EO	person:leader:5254d920d75f	PRINCIPAL_INVESTIGATOR	Jeremy Dietz	CANONICAL_PROJECT_SOURCE	ACCEPTED
188-RA	person:eqmember:17944	PRINCIPAL_INVESTIGATOR	Nan Luo	CANONICAL_PROJECT_SOURCE	ACCEPTED
1880-TVG	person:eqmember:17952	PRINCIPAL_INVESTIGATOR	Nick Bansback	CANONICAL_PROJECT_SOURCE	ACCEPTED
1881-RA	person:eqmember:17966	PRINCIPAL_INVESTIGATOR	Paula Lorgelly	CANONICAL_PROJECT_SOURCE	ACCEPTED
1883-RA	person:leader:606823d7ed51	PRINCIPAL_INVESTIGATOR	Stevanus Pangestu	CANONICAL_PROJECT_SOURCE	ACCEPTED
1884-RA	person:leader:78acf91f717f	PRINCIPAL_INVESTIGATOR	Katy Gallop	CANONICAL_PROJECT_SOURCE	ACCEPTED
1885-RA	person:leader:320b99af03c2	PRINCIPAL_INVESTIGATOR	María Belizán	CANONICAL_PROJECT_SOURCE	ACCEPTED
1887-RA	person:leader:ed94eca24d3c	PRINCIPAL_INVESTIGATOR	Thao Thai	CANONICAL_PROJECT_SOURCE	ACCEPTED
1888-RA	person:eqmember:21551	PRINCIPAL_INVESTIGATOR	Alice Yu	CANONICAL_PROJECT_SOURCE	ACCEPTED
1890-RA	person:eqmember:21551	PRINCIPAL_INVESTIGATOR	Alice Yu	CANONICAL_PROJECT_SOURCE	ACCEPTED
1891-RA	person:eqmember:17849	PRINCIPAL_INVESTIGATOR	Federico Augustovski	CANONICAL_PROJECT_SOURCE	ACCEPTED
1892-RA	person:eqmember:17819	PRINCIPAL_INVESTIGATOR	Clara Mukuria	CANONICAL_PROJECT_SOURCE	ACCEPTED
1896-RA	person:leader:ed94eca24d3c	PRINCIPAL_INVESTIGATOR	Thao Thai	CANONICAL_PROJECT_SOURCE	ACCEPTED
1897-RA	person:eqmember:21678	PRINCIPAL_INVESTIGATOR	Richard Xu	CANONICAL_PROJECT_SOURCE	ACCEPTED
1898-RA	person:eqmember:18018	PRINCIPAL_INVESTIGATOR	You-Shan Feng	CANONICAL_PROJECT_SOURCE	ACCEPTED
1899-RA	person:leader:3a021deb0a29	PRINCIPAL_INVESTIGATOR	Rebecca Addo	CANONICAL_PROJECT_SOURCE	ACCEPTED
1901-RA	person:eqmember:18018	PRINCIPAL_INVESTIGATOR	You-Shan Feng	CANONICAL_PROJECT_SOURCE	ACCEPTED
1902-RA	person:eqmember:18018	PRINCIPAL_INVESTIGATOR	You-Shan Feng	CANONICAL_PROJECT_SOURCE	ACCEPTED
1903-RA	person:eqmember:17807	PRINCIPAL_INVESTIGATOR	Brendan Mulhern	CANONICAL_PROJECT_SOURCE	ACCEPTED
1910-RA	person:eqmember:17855	PRINCIPAL_INVESTIGATOR	Fredrick Dermawan Purba	CANONICAL_PROJECT_SOURCE	ACCEPTED
1912-RA	person:leader:206cc1095a3f	PRINCIPAL_INVESTIGATOR	Irina Kinchin	CANONICAL_PROJECT_SOURCE	ACCEPTED
1914-RA	person:eqmember:17855	PRINCIPAL_INVESTIGATOR	Fredrick Dermawan Purba	CANONICAL_PROJECT_SOURCE	ACCEPTED
1915-RA	person:eqmember:19030	PRINCIPAL_INVESTIGATOR	Maja Kuharic	CANONICAL_PROJECT_SOURCE	ACCEPTED
1916-RA	person:eqmember:17998	PRINCIPAL_INVESTIGATOR	Tessa Peasgood	CANONICAL_PROJECT_SOURCE	ACCEPTED
1919-RA	person:eqmember:17920	PRINCIPAL_INVESTIGATOR	Marcel Jonker	CANONICAL_PROJECT_SOURCE	ACCEPTED
192-VS	person:eqmember:17845	PRINCIPAL_INVESTIGATOR	Fanni Rencz	CANONICAL_PROJECT_SOURCE	ACCEPTED
1923-RA	person:eqmember:17805	PRINCIPAL_INVESTIGATOR	Bram Roudijk	CANONICAL_PROJECT_SOURCE	ACCEPTED
1925-TVG	person:eqmember:17954	PRINCIPAL_INVESTIGATOR	Nils Gutacker	CANONICAL_PROJECT_SOURCE	ACCEPTED
1926-RA	person:eqmember:17807	PRINCIPAL_INVESTIGATOR	Brendan Mulhern	CANONICAL_PROJECT_SOURCE	ACCEPTED
1927-RA	person:eqmember:19003	PRINCIPAL_INVESTIGATOR	Aureliano Finch	CANONICAL_PROJECT_SOURCE	ACCEPTED
1928-RA	person:eqmember:17877	PRINCIPAL_INVESTIGATOR	Janine Verstraete	CANONICAL_PROJECT_SOURCE	ACCEPTED
1930-RA	person:eqmember:17934	PRINCIPAL_INVESTIGATOR	Michał Jakubczyk	CANONICAL_PROJECT_SOURCE	ACCEPTED
1931-RA	person:eqmember:17847	PRINCIPAL_INVESTIGATOR	Fatima Al Sayah	CANONICAL_PROJECT_SOURCE	ACCEPTED
1934-TVG	person:leader:45e0db20f70b	PRINCIPAL_INVESTIGATOR	Ava Hoogenboom	CANONICAL_PROJECT_SOURCE	ACCEPTED
194-RA	person:leader:d6add53f5977	PRINCIPAL_INVESTIGATOR	Julie Ratcliffe	CANONICAL_PROJECT_SOURCE	ACCEPTED
1941-RA	person:eqmember:18019	PRINCIPAL_INVESTIGATOR	Zhihao Yang	CANONICAL_PROJECT_SOURCE	ACCEPTED
1943-EO	person:leader:510242c8d95e	PRINCIPAL_INVESTIGATOR	Lucky Ngwira	CANONICAL_PROJECT_SOURCE	ACCEPTED
1951-RA	person:eqmember:17958	PRINCIPAL_INVESTIGATOR	Ole Marten	CANONICAL_PROJECT_SOURCE	ACCEPTED
1954-RA	person:eqmember:17895	PRINCIPAL_INVESTIGATOR	Juanita Haagsma	CANONICAL_PROJECT_SOURCE	ACCEPTED
196-RA	person:leader:ac6298b56f5c	PRINCIPAL_INVESTIGATOR	Margreet Franken	CANONICAL_PROJECT_SOURCE	ACCEPTED
1960-RA	person:leader:a88a6c88814a	PRINCIPAL_INVESTIGATOR	Rainer Reile	CANONICAL_PROJECT_SOURCE	ACCEPTED
1961-EO	person:eqmember:19028	PRINCIPAL_INVESTIGATOR	Ling Jie Cheng	CANONICAL_PROJECT_SOURCE	ACCEPTED
1963-RA	person:leader:521652db691b	PRINCIPAL_INVESTIGATOR	Haode Wang	CANONICAL_PROJECT_SOURCE	ACCEPTED
1967-RA	person:leader:d772564e6aa2	PRINCIPAL_INVESTIGATOR	Hannah Hussain	CANONICAL_PROJECT_SOURCE	ACCEPTED
1970-RA	person:leader:086bfe1b27fe	PRINCIPAL_INVESTIGATOR	Minh Pham	CANONICAL_PROJECT_SOURCE	ACCEPTED
1971-EO	person:leader:bb6a8ddff5d8	PRINCIPAL_INVESTIGATOR	Jia Jia Lee	CANONICAL_PROJECT_SOURCE	ACCEPTED
1972-RA	person:leader:8d9ce63b49ad	PRINCIPAL_INVESTIGATOR	Xin Zhang	CANONICAL_PROJECT_SOURCE	ACCEPTED
1973-TVG	person:eqmember:17873	PRINCIPAL_INVESTIGATOR	Jan Abel Olsen	CANONICAL_PROJECT_SOURCE	ACCEPTED
1974-VS	person:eqmember:17847	PRINCIPAL_INVESTIGATOR	Fatima Al Sayah	CANONICAL_PROJECT_SOURCE	ACCEPTED
1976-TVG	person:eqmember:17807	PRINCIPAL_INVESTIGATOR	Brendan Mulhern	CANONICAL_PROJECT_SOURCE	ACCEPTED
1979-EO	person:leader:f5a715e2f518	PRINCIPAL_INVESTIGATOR	Meixia Liao	CANONICAL_PROJECT_SOURCE	ACCEPTED
198-RA	person:leader:f05e8daa6389	PRINCIPAL_INVESTIGATOR	Lan Gao	CANONICAL_PROJECT_SOURCE	ACCEPTED
1982-VS	person:leader:a1e1c0434133	PRINCIPAL_INVESTIGATOR	Piyameth Dilokthornsakul	CANONICAL_PROJECT_SOURCE	ACCEPTED
1983-PHD	person:leader:d1d5bf1eb595	PRINCIPAL_INVESTIGATOR	Sander van Kuijk	CANONICAL_PROJECT_SOURCE	ACCEPTED
1984-RA	person:eqmember:17847	PRINCIPAL_INVESTIGATOR	Fatima Al Sayah	CANONICAL_PROJECT_SOURCE	ACCEPTED
1985-EO	person:leader:c4a44baaa49e	PRINCIPAL_INVESTIGATOR	Guangjie Zhang	CANONICAL_PROJECT_SOURCE	ACCEPTED
1987-SG	person:leader:a88a6c88814a	PRINCIPAL_INVESTIGATOR	Rainer Reile	CANONICAL_PROJECT_SOURCE	ACCEPTED
1988-RA	person:leader:63cb6b329986	PRINCIPAL_INVESTIGATOR	Jill Carlton	CANONICAL_PROJECT_SOURCE	ACCEPTED
1989-SG	person:eqmember:17879	PRINCIPAL_INVESTIGATOR	Jeffrey A Johnson	CANONICAL_PROJECT_SOURCE	ACCEPTED
1992-RA	person:eqmember:17992	PRINCIPAL_INVESTIGATOR	Stefan Lipman	CANONICAL_PROJECT_SOURCE	ACCEPTED
200-RA	person:leader:a1381fb1821a	PRINCIPAL_INVESTIGATOR	Jan Verhaar	CANONICAL_PROJECT_SOURCE	ACCEPTED
2000-RA	person:eqmember:17845	PRINCIPAL_INVESTIGATOR	Fanni Rencz	CANONICAL_PROJECT_SOURCE	ACCEPTED
2002-RA	person:eqmember:17803	PRINCIPAL_INVESTIGATOR	Bernhard Michalowsky	CANONICAL_PROJECT_SOURCE	ACCEPTED
2003-RA	person:leader:606823d7ed51	PRINCIPAL_INVESTIGATOR	Stevanus Pangestu	CANONICAL_PROJECT_SOURCE	ACCEPTED
2005-SG	person:leader:6c1ce204e291	PRINCIPAL_INVESTIGATOR	Professor Chris Flood	CANONICAL_PROJECT_SOURCE	ACCEPTED
2008-RA	person:eqmember:17911	PRINCIPAL_INVESTIGATOR	Lidia Engel	CANONICAL_PROJECT_SOURCE	ACCEPTED
2009-RA	person:eqmember:17934	PRINCIPAL_INVESTIGATOR	Michał Jakubczyk	CANONICAL_PROJECT_SOURCE	ACCEPTED
2009018	person:eqmember:17962	PRINCIPAL_INVESTIGATOR	Paul Kind	CANONICAL_PROJECT_SOURCE	ACCEPTED
2010011	person:eqmember:17962	PRINCIPAL_INVESTIGATOR	Paul Kind	CANONICAL_PROJECT_SOURCE	ACCEPTED
2011-RA	person:leader:78acf91f717f	PRINCIPAL_INVESTIGATOR	Katy Gallop	CANONICAL_PROJECT_SOURCE	ACCEPTED
2012-RA	person:eqmember:17849	PRINCIPAL_INVESTIGATOR	Federico Augustovski	CANONICAL_PROJECT_SOURCE	ACCEPTED
2012010	person:leader:4a3a47051430	PRINCIPAL_INVESTIGATOR	Gordon Liu	CANONICAL_PROJECT_SOURCE	ACCEPTED
2012020	person:eqmember:18010	PRINCIPAL_INVESTIGATOR	Wolfgang Greiner	CANONICAL_PROJECT_SOURCE	ACCEPTED
2012030	person:eqmember:17811	PRINCIPAL_INVESTIGATOR	Carlos Wong	CANONICAL_PROJECT_SOURCE	ACCEPTED
2012040	person:eqmember:19005	PRINCIPAL_INVESTIGATOR	Bas Janssen	CANONICAL_PROJECT_SOURCE	ACCEPTED
2012050	person:eqmember:17946	PRINCIPAL_INVESTIGATOR	Nancy Devlin	CANONICAL_PROJECT_SOURCE	ACCEPTED
2012060	person:eqmember:17944	PRINCIPAL_INVESTIGATOR	Nan Luo	CANONICAL_PROJECT_SOURCE	ACCEPTED
2013-RA	person:leader:79b180e028d2	PRINCIPAL_INVESTIGATOR	Daliya Kaskirbayeva	CANONICAL_PROJECT_SOURCE	ACCEPTED
2013010	person:eqmember:17968	PRINCIPAL_INVESTIGATOR	Peep Stalmeier	CANONICAL_PROJECT_SOURCE	ACCEPTED
2013020	person:leader:d2015a3f2b80	PRINCIPAL_INVESTIGATOR	Min-Joo Woo	CANONICAL_PROJECT_SOURCE	ACCEPTED
2013030	person:leader:ad6bbe401f11	PRINCIPAL_INVESTIGATOR	Juntana Pattanaphesaj	CANONICAL_PROJECT_SOURCE	ACCEPTED
2013040	person:eqmember:17946	PRINCIPAL_INVESTIGATOR	Nancy Devlin	CANONICAL_PROJECT_SOURCE	ACCEPTED
2013050	person:eqmember:17851	PRINCIPAL_INVESTIGATOR	Feng Xie	CANONICAL_PROJECT_SOURCE	ACCEPTED
2013060	person:leader:c52a5fd501e9	PRINCIPAL_INVESTIGATOR	Ann Charlotte Egmar	CANONICAL_PROJECT_SOURCE	ACCEPTED
2013070	person:eqmember:17849	PRINCIPAL_INVESTIGATOR	Federico Augustovski	CANONICAL_PROJECT_SOURCE	ACCEPTED
2013080	person:eqmember:17853	PRINCIPAL_INVESTIGATOR	Frank De Charro	CANONICAL_PROJECT_SOURCE	ACCEPTED
2013090	person:eqmember:17837	PRINCIPAL_INVESTIGATOR	Elly Stolk	CANONICAL_PROJECT_SOURCE	ACCEPTED
2013100	person:eqmember:19813	PRINCIPAL_INVESTIGATOR	Benjamin Craig	CANONICAL_PROJECT_SOURCE	ACCEPTED
2013110	person:eqmember:17881	PRINCIPAL_INVESTIGATOR	Jennifer Jelsma	CANONICAL_PROJECT_SOURCE	ACCEPTED
2013120	person:leader:3063ea56e68a	PRINCIPAL_INVESTIGATOR	Alexander Arons	CANONICAL_PROJECT_SOURCE	ACCEPTED
2013130	person:eqmember:19813	PRINCIPAL_INVESTIGATOR	Benjamin Craig	CANONICAL_PROJECT_SOURCE	ACCEPTED
2013140	person:leader:557995e71b4d	PRINCIPAL_INVESTIGATOR	Shunya Ikeda	CANONICAL_PROJECT_SOURCE	ACCEPTED
2013150	person:eqmember:17861	PRINCIPAL_INVESTIGATOR	Gouke Bonsel	CANONICAL_PROJECT_SOURCE	ACCEPTED
2013160	person:eqmember:18006	PRINCIPAL_INVESTIGATOR	Valentina Prevolnik Rupel	CANONICAL_PROJECT_SOURCE	ACCEPTED
2013170	person:eqmember:17790	PRINCIPAL_INVESTIGATOR	Aki Tsuchiya	CANONICAL_PROJECT_SOURCE	ACCEPTED
2013180	person:eqmember:17851	PRINCIPAL_INVESTIGATOR	Feng Xie	CANONICAL_PROJECT_SOURCE	ACCEPTED
2013190	person:eqmember:17916	PRINCIPAL_INVESTIGATOR	Louise Longworth	CANONICAL_PROJECT_SOURCE	ACCEPTED
2013200	person:eqmember:18010	PRINCIPAL_INVESTIGATOR	Wolfgang Greiner	CANONICAL_PROJECT_SOURCE	ACCEPTED
2013210	person:eqmember:18006	PRINCIPAL_INVESTIGATOR	Valentina Prevolnik Rupel	CANONICAL_PROJECT_SOURCE	ACCEPTED
2013220	person:eqmember:17924	PRINCIPAL_INVESTIGATOR	Mark Oppe	CANONICAL_PROJECT_SOURCE	ACCEPTED
2013230	person:eqmember:17851	PRINCIPAL_INVESTIGATOR	Feng Xie	CANONICAL_PROJECT_SOURCE	ACCEPTED
2013240	person:eqmember:17875	PRINCIPAL_INVESTIGATOR	Jan Busschbach	CANONICAL_PROJECT_SOURCE	ACCEPTED
2013250	person:leader:3063ea56e68a	PRINCIPAL_INVESTIGATOR	Alexander Arons	CANONICAL_PROJECT_SOURCE	ACCEPTED
2013260	person:leader:3063ea56e68a	PRINCIPAL_INVESTIGATOR	Alexander Arons	CANONICAL_PROJECT_SOURCE	ACCEPTED
2013270	person:eqmember:17851	PRINCIPAL_INVESTIGATOR	Feng Xie	CANONICAL_PROJECT_SOURCE	ACCEPTED
2013280	person:leader:33ce5d686145	PRINCIPAL_INVESTIGATOR	Ciaran O'Neill	CANONICAL_PROJECT_SOURCE	ACCEPTED
2013290	person:eqmember:17952	PRINCIPAL_INVESTIGATOR	Nick Bansback	CANONICAL_PROJECT_SOURCE	ACCEPTED
2013300	person:eqmember:17837	PRINCIPAL_INVESTIGATOR	Elly Stolk	CANONICAL_PROJECT_SOURCE	ACCEPTED
2013310	person:eqmember:17928	PRINCIPAL_INVESTIGATOR	Matthijs Versteegh	CANONICAL_PROJECT_SOURCE	ACCEPTED
2013320	person:eqmember:17893	PRINCIPAL_INVESTIGATOR	Juan M. Ramos-Goñi	CANONICAL_PROJECT_SOURCE	ACCEPTED
2014-RA	person:leader:78acf91f717f	PRINCIPAL_INVESTIGATOR	Katy Gallop	CANONICAL_PROJECT_SOURCE	ACCEPTED
2014010	person:eqmember:17807	PRINCIPAL_INVESTIGATOR	Brendan Mulhern	CANONICAL_PROJECT_SOURCE	ACCEPTED
2014020	person:eqmember:17946	PRINCIPAL_INVESTIGATOR	Nancy Devlin	CANONICAL_PROJECT_SOURCE	ACCEPTED
2014025	person:eqmember:17799	PRINCIPAL_INVESTIGATOR	Ben Van Hout	CANONICAL_PROJECT_SOURCE	ACCEPTED
2014030	person:eqmember:18010	PRINCIPAL_INVESTIGATOR	Wolfgang Greiner	CANONICAL_PROJECT_SOURCE	ACCEPTED
2014040	person:leader:557995e71b4d	PRINCIPAL_INVESTIGATOR	Shunya Ikeda	CANONICAL_PROJECT_SOURCE	ACCEPTED
2014050	person:eqmember:17811	PRINCIPAL_INVESTIGATOR	Carlos Wong	CANONICAL_PROJECT_SOURCE	ACCEPTED
2014060	person:eqmember:17837	PRINCIPAL_INVESTIGATOR	Elly Stolk	CANONICAL_PROJECT_SOURCE	ACCEPTED
2014070	person:eqmember:17897	PRINCIPAL_INVESTIGATOR	Kim Rand	CANONICAL_PROJECT_SOURCE	ACCEPTED
2014080	person:eqmember:17885	PRINCIPAL_INVESTIGATOR	John Brazier	CANONICAL_PROJECT_SOURCE	ACCEPTED
2014090	person:eqmember:17861	PRINCIPAL_INVESTIGATOR	Gouke Bonsel	CANONICAL_PROJECT_SOURCE	ACCEPTED
2014100	person:eqmember:17944	PRINCIPAL_INVESTIGATOR	Nan Luo	CANONICAL_PROJECT_SOURCE	ACCEPTED
2014110	person:eqmember:17930	PRINCIPAL_INVESTIGATOR	Michael Herdman	CANONICAL_PROJECT_SOURCE	ACCEPTED
2014120	person:eqmember:17962	PRINCIPAL_INVESTIGATOR	Paul Kind	CANONICAL_PROJECT_SOURCE	ACCEPTED
2014130	person:eqmember:17988	PRINCIPAL_INVESTIGATOR	Simon Pickard	CANONICAL_PROJECT_SOURCE	ACCEPTED
2014140	person:leader:3063ea56e68a	PRINCIPAL_INVESTIGATOR	Alexander Arons	CANONICAL_PROJECT_SOURCE	ACCEPTED
2014150	person:eqmember:17964	PRINCIPAL_INVESTIGATOR	Paul Krabbe	CANONICAL_PROJECT_SOURCE	ACCEPTED
2014160	person:eqmember:18010	PRINCIPAL_INVESTIGATOR	Wolfgang Greiner	CANONICAL_PROJECT_SOURCE	ACCEPTED
2014170	person:eqmember:17946	PRINCIPAL_INVESTIGATOR	Nancy Devlin	CANONICAL_PROJECT_SOURCE	ACCEPTED
2014180	person:leader:e349178eacdd	PRINCIPAL_INVESTIGATOR	Stephen Coons	CANONICAL_PROJECT_SOURCE	ACCEPTED
2014190	person:eqmember:17982	PRINCIPAL_INVESTIGATOR	Sarah Derrett	CANONICAL_PROJECT_SOURCE	ACCEPTED
2014200	person:eqmember:17881	PRINCIPAL_INVESTIGATOR	Jennifer Jelsma	CANONICAL_PROJECT_SOURCE	ACCEPTED
2014210	person:eqmember:17893	PRINCIPAL_INVESTIGATOR	Juan M. Ramos-Goñi	CANONICAL_PROJECT_SOURCE	ACCEPTED
2014220	person:eqmember:17962	PRINCIPAL_INVESTIGATOR	Paul Kind	CANONICAL_PROJECT_SOURCE	ACCEPTED
2015-RA	person:eqmember:17849	PRINCIPAL_INVESTIGATOR	Federico Augustovski	CANONICAL_PROJECT_SOURCE	ACCEPTED
2015010	person:eqmember:17793	PRINCIPAL_INVESTIGATOR	Anna Lugner	CANONICAL_PROJECT_SOURCE	ACCEPTED
2015020	person:leader:5c39051179f9	PRINCIPAL_INVESTIGATOR	Maureen Rutten-van Molken	CANONICAL_PROJECT_SOURCE	ACCEPTED
2015030	person:eqmember:19813	PRINCIPAL_INVESTIGATOR	Benjamin Craig	CANONICAL_PROJECT_SOURCE	ACCEPTED
2015040	person:eqmember:17952	PRINCIPAL_INVESTIGATOR	Nick Bansback	CANONICAL_PROJECT_SOURCE	ACCEPTED
2015050	person:eqmember:17901	PRINCIPAL_INVESTIGATOR	Koonal Shah	CANONICAL_PROJECT_SOURCE	ACCEPTED
2015060	person:eqmember:17946	PRINCIPAL_INVESTIGATOR	Nancy Devlin	CANONICAL_PROJECT_SOURCE	ACCEPTED
2015070	person:eqmember:17897	PRINCIPAL_INVESTIGATOR	Kim Rand	CANONICAL_PROJECT_SOURCE	ACCEPTED
2015090	person:eqmember:18016	PRINCIPAL_INVESTIGATOR	Yan Feng	CANONICAL_PROJECT_SOURCE	ACCEPTED
2015100	person:eqmember:17946	PRINCIPAL_INVESTIGATOR	Nancy Devlin	CANONICAL_PROJECT_SOURCE	ACCEPTED
2015110	person:leader:0e9ad499d04b	PRINCIPAL_INVESTIGATOR	Pedro Ferreira	CANONICAL_PROJECT_SOURCE	ACCEPTED
2015120	person:eqmember:17851	PRINCIPAL_INVESTIGATOR	Feng Xie	CANONICAL_PROJECT_SOURCE	ACCEPTED
2015130	person:eqmember:17835	PRINCIPAL_INVESTIGATOR	Eleanor Pullenayegum	CANONICAL_PROJECT_SOURCE	ACCEPTED
2015140	person:eqmember:17835	PRINCIPAL_INVESTIGATOR	Eleanor Pullenayegum	CANONICAL_PROJECT_SOURCE	ACCEPTED
2015150	person:eqmember:17968	PRINCIPAL_INVESTIGATOR	Peep Stalmeier	CANONICAL_PROJECT_SOURCE	ACCEPTED
2015160	person:leader:659c3176bede	PRINCIPAL_INVESTIGATOR	Helen Harcombe	CANONICAL_PROJECT_SOURCE	ACCEPTED
2015170	person:eqmember:17982	PRINCIPAL_INVESTIGATOR	Sarah Derrett	CANONICAL_PROJECT_SOURCE	ACCEPTED
2015180	person:eqmember:17790	PRINCIPAL_INVESTIGATOR	Aki Tsuchiya	CANONICAL_PROJECT_SOURCE	ACCEPTED
2015190	person:eqmember:17988	PRINCIPAL_INVESTIGATOR	Simon Pickard	CANONICAL_PROJECT_SOURCE	ACCEPTED
2015200	person:eqmember:18010	PRINCIPAL_INVESTIGATOR	Wolfgang Greiner	CANONICAL_PROJECT_SOURCE	ACCEPTED
2015210	person:leader:69d083490dab	PRINCIPAL_INVESTIGATOR	Jose Luis Pinto-Prades	CANONICAL_PROJECT_SOURCE	ACCEPTED
2015220	person:eqmember:17944	PRINCIPAL_INVESTIGATOR	Nan Luo	CANONICAL_PROJECT_SOURCE	ACCEPTED
2015230	person:eqmember:17875	PRINCIPAL_INVESTIGATOR	Jan Busschbach	CANONICAL_PROJECT_SOURCE	ACCEPTED
2015240	person:eqmember:17831	PRINCIPAL_INVESTIGATOR	Dominik Golicki	CANONICAL_PROJECT_SOURCE	ACCEPTED
2015250	person:eqmember:17897	PRINCIPAL_INVESTIGATOR	Kim Rand	CANONICAL_PROJECT_SOURCE	ACCEPTED
2015260	person:eqmember:17897	PRINCIPAL_INVESTIGATOR	Kim Rand	CANONICAL_PROJECT_SOURCE	ACCEPTED
2015270	person:eqmember:17897	PRINCIPAL_INVESTIGATOR	Kim Rand	CANONICAL_PROJECT_SOURCE	ACCEPTED
2015280	person:eqmember:17831	PRINCIPAL_INVESTIGATOR	Dominik Golicki	CANONICAL_PROJECT_SOURCE	ACCEPTED
2015290	person:eqmember:19813	PRINCIPAL_INVESTIGATOR	Benjamin Craig	CANONICAL_PROJECT_SOURCE	ACCEPTED
2015300	person:eqmember:17924	PRINCIPAL_INVESTIGATOR	Mark Oppe	CANONICAL_PROJECT_SOURCE	ACCEPTED
2015310	person:eqmember:17974	PRINCIPAL_INVESTIGATOR	Richard Norman	CANONICAL_PROJECT_SOURCE	ACCEPTED
2015320	person:eqmember:17934	PRINCIPAL_INVESTIGATOR	Michał Jakubczyk	CANONICAL_PROJECT_SOURCE	ACCEPTED
2015330	person:eqmember:18016	PRINCIPAL_INVESTIGATOR	Yan Feng	CANONICAL_PROJECT_SOURCE	ACCEPTED
2015340	person:eqmember:17918	PRINCIPAL_INVESTIGATOR	Lucila Rey Ares	CANONICAL_PROJECT_SOURCE	ACCEPTED
2015350	person:eqmember:17962	PRINCIPAL_INVESTIGATOR	Paul Kind	CANONICAL_PROJECT_SOURCE	ACCEPTED
2015360	person:eqmember:17976	PRINCIPAL_INVESTIGATOR	Rosalie Viney	CANONICAL_PROJECT_SOURCE	ACCEPTED
2015370	person:eqmember:18008	PRINCIPAL_INVESTIGATOR	victor zarate	CANONICAL_PROJECT_SOURCE	ACCEPTED
2015380	person:eqmember:17795	PRINCIPAL_INVESTIGATOR	Arto Ohinmaa	CANONICAL_PROJECT_SOURCE	ACCEPTED
2015390	person:leader:b35887d0a9b8	PRINCIPAL_INVESTIGATOR	Jeshika Singh	CANONICAL_PROJECT_SOURCE	ACCEPTED
2015400	person:eqmember:17938	PRINCIPAL_INVESTIGATOR	Mimmi Åström	CANONICAL_PROJECT_SOURCE	ACCEPTED
2015410	person:eqmember:17944	PRINCIPAL_INVESTIGATOR	Nan Luo	CANONICAL_PROJECT_SOURCE	ACCEPTED
2015420	person:eqmember:17962	PRINCIPAL_INVESTIGATOR	Paul Kind	CANONICAL_PROJECT_SOURCE	ACCEPTED
2015430	person:eqmember:17837	PRINCIPAL_INVESTIGATOR	Elly Stolk	CANONICAL_PROJECT_SOURCE	ACCEPTED
2015440	person:eqmember:17901	PRINCIPAL_INVESTIGATOR	Koonal Shah	CANONICAL_PROJECT_SOURCE	ACCEPTED
2015450	person:eqmember:19005	PRINCIPAL_INVESTIGATOR	Bas Janssen	CANONICAL_PROJECT_SOURCE	ACCEPTED
2015460	person:eqmember:17807	PRINCIPAL_INVESTIGATOR	Brendan Mulhern	CANONICAL_PROJECT_SOURCE	ACCEPTED
2015470	person:eqmember:17789	PRINCIPAL_INVESTIGATOR	Agota Szende	CANONICAL_PROJECT_SOURCE	ACCEPTED
2016-RA	person:eqmember:17851	PRINCIPAL_INVESTIGATOR	Feng Xie	CANONICAL_PROJECT_SOURCE	ACCEPTED
2016010	person:eqmember:17944	PRINCIPAL_INVESTIGATOR	Nan Luo	CANONICAL_PROJECT_SOURCE	ACCEPTED
2016020	person:eqmember:19813	PRINCIPAL_INVESTIGATOR	Benjamin Craig	CANONICAL_PROJECT_SOURCE	ACCEPTED
2016030	person:eqmember:17952	PRINCIPAL_INVESTIGATOR	Nick Bansback	CANONICAL_PROJECT_SOURCE	ACCEPTED
2016040	person:eqmember:17875	PRINCIPAL_INVESTIGATOR	Jan Busschbach	CANONICAL_PROJECT_SOURCE	ACCEPTED
2016050	person:eqmember:17962	PRINCIPAL_INVESTIGATOR	Paul Kind	CANONICAL_PROJECT_SOURCE	ACCEPTED
2016060	person:eqmember:17851	PRINCIPAL_INVESTIGATOR	Feng Xie	CANONICAL_PROJECT_SOURCE	ACCEPTED
2016070	person:eqmember:17944	PRINCIPAL_INVESTIGATOR	Nan Luo	CANONICAL_PROJECT_SOURCE	ACCEPTED
2016080	person:eqmember:17851	PRINCIPAL_INVESTIGATOR	Feng Xie	CANONICAL_PROJECT_SOURCE	ACCEPTED
2016090	person:eqmember:17988	PRINCIPAL_INVESTIGATOR	Simon Pickard	CANONICAL_PROJECT_SOURCE	ACCEPTED
2016100	person:leader:09fa3c498378	PRINCIPAL_INVESTIGATOR	Asrul Shafie	CANONICAL_PROJECT_SOURCE	ACCEPTED
2016110	person:eqmember:17831	PRINCIPAL_INVESTIGATOR	Dominik Golicki	CANONICAL_PROJECT_SOURCE	ACCEPTED
2016120	person:eqmember:17881	PRINCIPAL_INVESTIGATOR	Jennifer Jelsma	CANONICAL_PROJECT_SOURCE	ACCEPTED
2016130	person:eqmember:17944	PRINCIPAL_INVESTIGATOR	Nan Luo	CANONICAL_PROJECT_SOURCE	ACCEPTED
2016140	person:eqmember:17924	PRINCIPAL_INVESTIGATOR	Mark Oppe	CANONICAL_PROJECT_SOURCE	ACCEPTED
2016150	person:eqmember:17901	PRINCIPAL_INVESTIGATOR	Koonal Shah	CANONICAL_PROJECT_SOURCE	ACCEPTED
2016160	person:eqmember:17861	PRINCIPAL_INVESTIGATOR	Gouke Bonsel	CANONICAL_PROJECT_SOURCE	ACCEPTED
2016170	person:eqmember:17869	PRINCIPAL_INVESTIGATOR	Ines Buchholz	CANONICAL_PROJECT_SOURCE	ACCEPTED
2016180	person:eqmember:17881	PRINCIPAL_INVESTIGATOR	Jennifer Jelsma	CANONICAL_PROJECT_SOURCE	ACCEPTED
2016190	person:leader:09fa3c498378	PRINCIPAL_INVESTIGATOR	Asrul Shafie	CANONICAL_PROJECT_SOURCE	ACCEPTED
2016200	person:eqmember:17962	PRINCIPAL_INVESTIGATOR	Paul Kind	CANONICAL_PROJECT_SOURCE	ACCEPTED
2016210	person:eqmember:17988	PRINCIPAL_INVESTIGATOR	Simon Pickard	CANONICAL_PROJECT_SOURCE	ACCEPTED
2016220	person:leader:3063ea56e68a	PRINCIPAL_INVESTIGATOR	Alexander Arons	CANONICAL_PROJECT_SOURCE	ACCEPTED
2016230	person:eqmember:17944	PRINCIPAL_INVESTIGATOR	Nan Luo	CANONICAL_PROJECT_SOURCE	ACCEPTED
2016240	person:eqmember:17819	PRINCIPAL_INVESTIGATOR	Clara Mukuria	CANONICAL_PROJECT_SOURCE	ACCEPTED
2016250	person:eqmember:17974	PRINCIPAL_INVESTIGATOR	Richard Norman	CANONICAL_PROJECT_SOURCE	ACCEPTED
2016260	person:eqmember:17807	PRINCIPAL_INVESTIGATOR	Brendan Mulhern	CANONICAL_PROJECT_SOURCE	ACCEPTED
2016270	person:eqmember:21548	PRINCIPAL_INVESTIGATOR	Ulrike Ravens-Sieberer Ravens-Sieberer	CANONICAL_PROJECT_SOURCE	ACCEPTED
2016280	person:eqmember:17976	PRINCIPAL_INVESTIGATOR	Rosalie Viney	CANONICAL_PROJECT_SOURCE	ACCEPTED
2016290	person:eqmember:17944	PRINCIPAL_INVESTIGATOR	Nan Luo	CANONICAL_PROJECT_SOURCE	ACCEPTED
2016300	person:eqmember:17916	PRINCIPAL_INVESTIGATOR	Louise Longworth	CANONICAL_PROJECT_SOURCE	ACCEPTED
2016310	person:eqmember:17944	PRINCIPAL_INVESTIGATOR	Nan Luo	CANONICAL_PROJECT_SOURCE	ACCEPTED
2016320	person:eqmember:17946	PRINCIPAL_INVESTIGATOR	Nancy Devlin	CANONICAL_PROJECT_SOURCE	ACCEPTED
2016330	person:eqmember:18016	PRINCIPAL_INVESTIGATOR	Yan Feng	CANONICAL_PROJECT_SOURCE	ACCEPTED
2016340	person:eqmember:17918	PRINCIPAL_INVESTIGATOR	Lucila Rey Ares	CANONICAL_PROJECT_SOURCE	ACCEPTED
2016350	person:eqmember:17825	PRINCIPAL_INVESTIGATOR	David Whitehurst	CANONICAL_PROJECT_SOURCE	ACCEPTED
2016360	person:eqmember:17849	PRINCIPAL_INVESTIGATOR	Federico Augustovski	CANONICAL_PROJECT_SOURCE	ACCEPTED
2016370	person:eqmember:17901	PRINCIPAL_INVESTIGATOR	Koonal Shah	CANONICAL_PROJECT_SOURCE	ACCEPTED
2016380	person:eqmember:18008	PRINCIPAL_INVESTIGATOR	victor zarate	CANONICAL_PROJECT_SOURCE	ACCEPTED
2016390	person:eqmember:18008	PRINCIPAL_INVESTIGATOR	victor zarate	CANONICAL_PROJECT_SOURCE	ACCEPTED
2016410	person:eqmember:17837	PRINCIPAL_INVESTIGATOR	Elly Stolk	CANONICAL_PROJECT_SOURCE	ACCEPTED
2016420	person:eqmember:17855	PRINCIPAL_INVESTIGATOR	Fredrick Purba	CANONICAL_PROJECT_SOURCE	ACCEPTED
2016421	person:eqmember:17875	PRINCIPAL_INVESTIGATOR	Jan Busschbach	CANONICAL_PROJECT_SOURCE	ACCEPTED
2016430	person:eqmember:17893	PRINCIPAL_INVESTIGATOR	Juan M. Ramos-Goñi	CANONICAL_PROJECT_SOURCE	ACCEPTED
2016440	person:leader:53444d26184b	PRINCIPAL_INVESTIGATOR	Hsiang-Wen Lin	CANONICAL_PROJECT_SOURCE	ACCEPTED
2016450	person:eqmember:17954	PRINCIPAL_INVESTIGATOR	Nils Gutacker	CANONICAL_PROJECT_SOURCE	ACCEPTED
2016460	person:leader:dc2e8227c8a1	PRINCIPAL_INVESTIGATOR	Patricia Cubi-Molla	CANONICAL_PROJECT_SOURCE	ACCEPTED
2016470	person:eqmember:17988	PRINCIPAL_INVESTIGATOR	Simon Pickard	CANONICAL_PROJECT_SOURCE	ACCEPTED
2016480	person:leader:5b6527858de5	PRINCIPAL_INVESTIGATOR	Kristina Burström	CANONICAL_PROJECT_SOURCE	ACCEPTED
2016490	person:leader:44719d5c83d6	PRINCIPAL_INVESTIGATOR	Luis Rajmil	CANONICAL_PROJECT_SOURCE	ACCEPTED
2016500	person:eqmember:17879	PRINCIPAL_INVESTIGATOR	Jeffrey Johnson	CANONICAL_PROJECT_SOURCE	ACCEPTED
2016510	person:eqmember:17893	PRINCIPAL_INVESTIGATOR	Juan M. Ramos-Goñi	CANONICAL_PROJECT_SOURCE	ACCEPTED
2016520	person:eqmember:17879	PRINCIPAL_INVESTIGATOR	Jeffrey Johnson	CANONICAL_PROJECT_SOURCE	ACCEPTED
2016530	person:eqmember:18010	PRINCIPAL_INVESTIGATOR	Wolfgang Greiner	CANONICAL_PROJECT_SOURCE	ACCEPTED
2016540	person:eqmember:17851	PRINCIPAL_INVESTIGATOR	Feng Xie	CANONICAL_PROJECT_SOURCE	ACCEPTED
2016560	person:eqmember:17937	PRINCIPAL_INVESTIGATOR	Milad Karimi	CANONICAL_PROJECT_SOURCE	ACCEPTED
2016570	person:eqmember:17946	PRINCIPAL_INVESTIGATOR	Nancy Devlin	CANONICAL_PROJECT_SOURCE	ACCEPTED
2016571	person:eqmember:17946	PRINCIPAL_INVESTIGATOR	Nancy Devlin	CANONICAL_PROJECT_SOURCE	ACCEPTED
2016580	person:eqmember:17942	PRINCIPAL_INVESTIGATOR	Minghui Li	CANONICAL_PROJECT_SOURCE	ACCEPTED
2016590	person:eqmember:17924	PRINCIPAL_INVESTIGATOR	Mark Oppe	CANONICAL_PROJECT_SOURCE	ACCEPTED
2016600	person:eqmember:17944	PRINCIPAL_INVESTIGATOR	Nan Luo	CANONICAL_PROJECT_SOURCE	ACCEPTED
2016610	person:eqmember:17893	PRINCIPAL_INVESTIGATOR	Juan M. Ramos-Goñi	CANONICAL_PROJECT_SOURCE	ACCEPTED
2016620	person:eqmember:19005	PRINCIPAL_INVESTIGATOR	Bas Janssen	CANONICAL_PROJECT_SOURCE	ACCEPTED
2016630	person:eqmember:17946	PRINCIPAL_INVESTIGATOR	Nancy Devlin	CANONICAL_PROJECT_SOURCE	ACCEPTED
2016631	person:eqmember:17946	PRINCIPAL_INVESTIGATOR	Nancy Devlin	CANONICAL_PROJECT_SOURCE	ACCEPTED
2016640	person:eqmember:17934	PRINCIPAL_INVESTIGATOR	Michał Jakubczyk	CANONICAL_PROJECT_SOURCE	ACCEPTED
2016650	person:eqmember:17807	PRINCIPAL_INVESTIGATOR	Brendan Mulhern	CANONICAL_PROJECT_SOURCE	ACCEPTED
2016660	person:eqmember:17885	PRINCIPAL_INVESTIGATOR	John Brazier	CANONICAL_PROJECT_SOURCE	ACCEPTED
2016670	person:eqmember:17861	PRINCIPAL_INVESTIGATOR	Gouke Bonsel	CANONICAL_PROJECT_SOURCE	ACCEPTED
2016680	person:eqmember:17887	PRINCIPAL_INVESTIGATOR	John Hartman	CANONICAL_PROJECT_SOURCE	ACCEPTED
2016690	person:eqmember:17887	PRINCIPAL_INVESTIGATOR	John Hartman	CANONICAL_PROJECT_SOURCE	ACCEPTED
2016700	person:leader:2457503d9523	PRINCIPAL_INVESTIGATOR	KM Vermeulen	CANONICAL_PROJECT_SOURCE	ACCEPTED
2016710	person:eqmember:17885	PRINCIPAL_INVESTIGATOR	John Brazier	CANONICAL_PROJECT_SOURCE	ACCEPTED
2016720	person:eqmember:19813	PRINCIPAL_INVESTIGATOR	Benjamin Craig	CANONICAL_PROJECT_SOURCE	ACCEPTED
2016730	person:eqmember:17930	PRINCIPAL_INVESTIGATOR	Michael Herdman	CANONICAL_PROJECT_SOURCE	ACCEPTED
2016740	person:leader:1064c67128ac	PRINCIPAL_INVESTIGATOR	Brigitte Essers	CANONICAL_PROJECT_SOURCE	ACCEPTED
2016750	person:eqmember:17861	PRINCIPAL_INVESTIGATOR	Gouke Bonsel	CANONICAL_PROJECT_SOURCE	ACCEPTED
2017-RA	person:leader:50cca9cff5d9	PRINCIPAL_INVESTIGATOR	Kim Dalziel	CANONICAL_PROJECT_SOURCE	ACCEPTED
20170010	person:eqmember:17946	PRINCIPAL_INVESTIGATOR	Nancy Devlin	CANONICAL_PROJECT_SOURCE	ACCEPTED
20170020	person:eqmember:18010	PRINCIPAL_INVESTIGATOR	Wolfgang Greiner	CANONICAL_PROJECT_SOURCE	ACCEPTED
20170100	person:eqmember:17851	PRINCIPAL_INVESTIGATOR	Feng Xie	CANONICAL_PROJECT_SOURCE	ACCEPTED
20170130	person:eqmember:18000	PRINCIPAL_INVESTIGATOR	thomas kohlmann	CANONICAL_PROJECT_SOURCE	ACCEPTED
20170160	person:eqmember:17875	PRINCIPAL_INVESTIGATOR	Jan Busschbach	CANONICAL_PROJECT_SOURCE	ACCEPTED
20170170	person:eqmember:17849	PRINCIPAL_INVESTIGATOR	Federico Augustovski	CANONICAL_PROJECT_SOURCE	ACCEPTED
20170180	person:eqmember:17936	PRINCIPAL_INVESTIGATOR	Mihir Gandhi	CANONICAL_PROJECT_SOURCE	ACCEPTED
20170210	person:eqmember:19003	PRINCIPAL_INVESTIGATOR	A Finch	CANONICAL_PROJECT_SOURCE	ACCEPTED
20170220	person:leader:1a4259c27e31	PRINCIPAL_INVESTIGATOR	Hoang Van Mi	CANONICAL_PROJECT_SOURCE	ACCEPTED
20170230	person:leader:c776fcba6574	PRINCIPAL_INVESTIGATOR	Hilton Lam	CANONICAL_PROJECT_SOURCE	ACCEPTED
20170250	person:eqmember:17881	PRINCIPAL_INVESTIGATOR	Jennifer Jelsma	CANONICAL_PROJECT_SOURCE	ACCEPTED
20170260	person:eqmember:19813	PRINCIPAL_INVESTIGATOR	Benjamin Craig	CANONICAL_PROJECT_SOURCE	ACCEPTED
20170280	person:eqmember:18006	PRINCIPAL_INVESTIGATOR	Valentina Rupel	CANONICAL_PROJECT_SOURCE	ACCEPTED
20170290	person:eqmember:17948	PRINCIPAL_INVESTIGATOR	Narcis Gusi	CANONICAL_PROJECT_SOURCE	ACCEPTED
20170310R2	person:eqmember:17893	PRINCIPAL_INVESTIGATOR	Juan M. Ramos-Goñi	CANONICAL_PROJECT_SOURCE	ACCEPTED
20170330	person:eqmember:17944	PRINCIPAL_INVESTIGATOR	Nan Luo	CANONICAL_PROJECT_SOURCE	ACCEPTED
20170360	person:eqmember:17861	PRINCIPAL_INVESTIGATOR	Gouke Bonsel	CANONICAL_PROJECT_SOURCE	ACCEPTED
20170390	person:eqmember:17867	PRINCIPAL_INVESTIGATOR	Henry Bailey	CANONICAL_PROJECT_SOURCE	ACCEPTED
20170400	person:eqmember:17817	PRINCIPAL_INVESTIGATOR	Claire Gudex	CANONICAL_PROJECT_SOURCE	ACCEPTED
20170401	person:leader:8b1b3321c511	PRINCIPAL_INVESTIGATOR	Lars Ehlers	CANONICAL_PROJECT_SOURCE	ACCEPTED
20170410	person:eqmember:17974	PRINCIPAL_INVESTIGATOR	Richard Norman	CANONICAL_PROJECT_SOURCE	ACCEPTED
20170430	person:eqmember:17944	PRINCIPAL_INVESTIGATOR	Nan Luo	CANONICAL_PROJECT_SOURCE	ACCEPTED
20170440	person:eqmember:17823	PRINCIPAL_INVESTIGATOR	David Parkin	CANONICAL_PROJECT_SOURCE	ACCEPTED
20170450	person:eqmember:17944	PRINCIPAL_INVESTIGATOR	Nan Luo	CANONICAL_PROJECT_SOURCE	ACCEPTED
20170460	person:eqmember:17944	PRINCIPAL_INVESTIGATOR	Nan Luo	CANONICAL_PROJECT_SOURCE	ACCEPTED
20170470	person:eqmember:18008	PRINCIPAL_INVESTIGATOR	victor zarate	CANONICAL_PROJECT_SOURCE	ACCEPTED
20170480	person:eqmember:17787	PRINCIPAL_INVESTIGATOR	Abraham Gebregziabiher	CANONICAL_PROJECT_SOURCE	ACCEPTED
20170491	person:leader:49d1d576ca39	PRINCIPAL_INVESTIGATOR	Gerkens Sophie	CANONICAL_PROJECT_SOURCE	ACCEPTED
20170500	person:eqmember:17845	PRINCIPAL_INVESTIGATOR	Fanni Rencz	CANONICAL_PROJECT_SOURCE	ACCEPTED
20170510	person:leader:942313d653a7	PRINCIPAL_INVESTIGATOR	Gerard De Pouvourville	CANONICAL_PROJECT_SOURCE	ACCEPTED
20170520	person:leader:fcc3440e8385	PRINCIPAL_INVESTIGATOR	Shankar Prinja	CANONICAL_PROJECT_SOURCE	ACCEPTED
20170530	person:leader:fa3dd095d626	PRINCIPAL_INVESTIGATOR	pei wang	CANONICAL_PROJECT_SOURCE	ACCEPTED
20170540	person:eqmember:17881	PRINCIPAL_INVESTIGATOR	Jennifer Jelsma	CANONICAL_PROJECT_SOURCE	ACCEPTED
20170560	person:eqmember:17974	PRINCIPAL_INVESTIGATOR	Richard Norman	CANONICAL_PROJECT_SOURCE	ACCEPTED
20170600	person:eqmember:19005	PRINCIPAL_INVESTIGATOR	Bas Janssen	CANONICAL_PROJECT_SOURCE	ACCEPTED
20170610	person:eqmember:17879	PRINCIPAL_INVESTIGATOR	Jeffrey Johnson	CANONICAL_PROJECT_SOURCE	ACCEPTED
20170630	person:eqmember:18008	PRINCIPAL_INVESTIGATOR	victor zarate	CANONICAL_PROJECT_SOURCE	ACCEPTED
20170640	person:eqmember:17944	PRINCIPAL_INVESTIGATOR	Nan Luo	CANONICAL_PROJECT_SOURCE	ACCEPTED
20170650	person:eqmember:17881	PRINCIPAL_INVESTIGATOR	Jennifer Jelsma	CANONICAL_PROJECT_SOURCE	ACCEPTED
20170660	person:eqmember:17849	PRINCIPAL_INVESTIGATOR	Federico Augustovski	CANONICAL_PROJECT_SOURCE	ACCEPTED
20170670	person:eqmember:17807	PRINCIPAL_INVESTIGATOR	Brendan Mulhern	CANONICAL_PROJECT_SOURCE	ACCEPTED
20180010	person:eqmember:18010	PRINCIPAL_INVESTIGATOR	Wolfgang Greiner	CANONICAL_PROJECT_SOURCE	ACCEPTED
20180030R1	person:leader:fa9a063b5705	PRINCIPAL_INVESTIGATOR	Elena Olariu	CANONICAL_PROJECT_SOURCE	ACCEPTED
20180040R1	person:eqmember:17867	PRINCIPAL_INVESTIGATOR	Henry Bailey	CANONICAL_PROJECT_SOURCE	ACCEPTED
20180060	person:eqmember:17944	PRINCIPAL_INVESTIGATOR	Nan Luo	CANONICAL_PROJECT_SOURCE	ACCEPTED
20180070R1	person:eqmember:18019	PRINCIPAL_INVESTIGATOR	Zhihao Yang	CANONICAL_PROJECT_SOURCE	ACCEPTED
20180080	person:eqmember:17988	PRINCIPAL_INVESTIGATOR	Simon Pickard	CANONICAL_PROJECT_SOURCE	ACCEPTED
20180130	person:leader:39e3bb2019e3	PRINCIPAL_INVESTIGATOR	Samar Farid	CANONICAL_PROJECT_SOURCE	ACCEPTED
20180140	person:eqmember:17855	PRINCIPAL_INVESTIGATOR	Fredrick Purba	CANONICAL_PROJECT_SOURCE	ACCEPTED
20180150	person:eqmember:21551	PRINCIPAL_INVESTIGATOR	Alice Yu	CANONICAL_PROJECT_SOURCE	ACCEPTED
20180160	person:eqmember:17944	PRINCIPAL_INVESTIGATOR	Nan Luo	CANONICAL_PROJECT_SOURCE	ACCEPTED
20180170R1	person:eqmember:17879	PRINCIPAL_INVESTIGATOR	Jeffrey Johnson	CANONICAL_PROJECT_SOURCE	ACCEPTED
20180190	person:leader:dc2e8227c8a1	PRINCIPAL_INVESTIGATOR	Patricia Cubi-Molla	CANONICAL_PROJECT_SOURCE	ACCEPTED
20180210	person:eqmember:17946	PRINCIPAL_INVESTIGATOR	Nancy Devlin	CANONICAL_PROJECT_SOURCE	ACCEPTED
20180230	person:eqmember:18019	PRINCIPAL_INVESTIGATOR	Zhihao Yang	CANONICAL_PROJECT_SOURCE	ACCEPTED
20180240	person:eqmember:17960	PRINCIPAL_INVESTIGATOR	Oliver Rivero-Arias	CANONICAL_PROJECT_SOURCE	ACCEPTED
20180250	person:eqmember:17944	PRINCIPAL_INVESTIGATOR	Nan Luo	CANONICAL_PROJECT_SOURCE	ACCEPTED
20180260	person:eqmember:18010	PRINCIPAL_INVESTIGATOR	Wolfgang Greiner	CANONICAL_PROJECT_SOURCE	ACCEPTED
20180270	person:eqmember:17944	PRINCIPAL_INVESTIGATOR	Nan Luo	CANONICAL_PROJECT_SOURCE	ACCEPTED
20180280	person:leader:4001f58df21c	PRINCIPAL_INVESTIGATOR	Takeru Shiroiwa	CANONICAL_PROJECT_SOURCE	ACCEPTED
20180290	person:leader:ed61cee9d2ba	PRINCIPAL_INVESTIGATOR	Cristina Guttierez	CANONICAL_PROJECT_SOURCE	ACCEPTED
20180300	person:eqmember:17807	PRINCIPAL_INVESTIGATOR	Brendan Mulhern	CANONICAL_PROJECT_SOURCE	ACCEPTED
20180301	person:leader:4a644920a969	PRINCIPAL_INVESTIGATOR	Katie Page	CANONICAL_PROJECT_SOURCE	ACCEPTED
20180310	person:eqmember:17851	PRINCIPAL_INVESTIGATOR	Feng Xie	CANONICAL_PROJECT_SOURCE	ACCEPTED
20180320	person:eqmember:17920	PRINCIPAL_INVESTIGATOR	Marcel Jonker	CANONICAL_PROJECT_SOURCE	ACCEPTED
20180330	person:eqmember:17895	PRINCIPAL_INVESTIGATOR	Juanita Haagsma	CANONICAL_PROJECT_SOURCE	ACCEPTED
20180340R1	person:eqmember:17805	PRINCIPAL_INVESTIGATOR	Bram Roudijk	CANONICAL_PROJECT_SOURCE	ACCEPTED
20180350	person:eqmember:17998	PRINCIPAL_INVESTIGATOR	Tessa Peasgood	CANONICAL_PROJECT_SOURCE	ACCEPTED
20180380	person:eqmember:17895	PRINCIPAL_INVESTIGATOR	Juanita Haagsma	CANONICAL_PROJECT_SOURCE	ACCEPTED
20180420	person:leader:b101d0407270	PRINCIPAL_INVESTIGATOR	Sesil Lim	CANONICAL_PROJECT_SOURCE	ACCEPTED
20180430	person:eqmember:17855	PRINCIPAL_INVESTIGATOR	Fredrick Purba	CANONICAL_PROJECT_SOURCE	ACCEPTED
20180450	person:eqmember:17990	PRINCIPAL_INVESTIGATOR	Simone Schieskow	CANONICAL_PROJECT_SOURCE	ACCEPTED
20180460	person:eqmember:17807	PRINCIPAL_INVESTIGATOR	Brendan Mulhern	CANONICAL_PROJECT_SOURCE	ACCEPTED
20180470	person:eqmember:18004	PRINCIPAL_INVESTIGATOR	Trudy Sullivan	CANONICAL_PROJECT_SOURCE	ACCEPTED
20180490	person:leader:fbb9eb69f451	PRINCIPAL_INVESTIGATOR	Titi Fitriana	CANONICAL_PROJECT_SOURCE	ACCEPTED
20180500	person:eqmember:17787	PRINCIPAL_INVESTIGATOR	Abraham Gebregziabiher	CANONICAL_PROJECT_SOURCE	ACCEPTED
20180510	person:eqmember:18010	PRINCIPAL_INVESTIGATOR	Wolfgang Greiner	CANONICAL_PROJECT_SOURCE	ACCEPTED
20180520	person:eqmember:17988	PRINCIPAL_INVESTIGATOR	Simon Pickard	CANONICAL_PROJECT_SOURCE	ACCEPTED
20180530	person:eqmember:17811	PRINCIPAL_INVESTIGATOR	Carlos Wong	CANONICAL_PROJECT_SOURCE	ACCEPTED
20180560	person:eqmember:17887	PRINCIPAL_INVESTIGATOR	John Hartman	CANONICAL_PROJECT_SOURCE	ACCEPTED
20180580	person:eqmember:17849	PRINCIPAL_INVESTIGATOR	Federico Augustovski	CANONICAL_PROJECT_SOURCE	ACCEPTED
20180600	person:eqmember:17944	PRINCIPAL_INVESTIGATOR	Nan Luo	CANONICAL_PROJECT_SOURCE	ACCEPTED
20180610	person:eqmember:18019	PRINCIPAL_INVESTIGATOR	Zhihao Yang	CANONICAL_PROJECT_SOURCE	ACCEPTED
20180620	person:eqmember:17942	PRINCIPAL_INVESTIGATOR	Minghui Li	CANONICAL_PROJECT_SOURCE	ACCEPTED
20180630	person:eqmember:17895	PRINCIPAL_INVESTIGATOR	Juanita Haagsma	CANONICAL_PROJECT_SOURCE	ACCEPTED
20180640	person:eqmember:17984	PRINCIPAL_INVESTIGATOR	Sarah Dewilde	CANONICAL_PROJECT_SOURCE	ACCEPTED
20180641	person:eqmember:17984	PRINCIPAL_INVESTIGATOR	Sarah Dewilde	CANONICAL_PROJECT_SOURCE	ACCEPTED
20180650	person:eqmember:17946	PRINCIPAL_INVESTIGATOR	Nancy Devlin	CANONICAL_PROJECT_SOURCE	ACCEPTED
20180660	person:leader:da1bac7dcc2d	PRINCIPAL_INVESTIGATOR	madeeha malik	CANONICAL_PROJECT_SOURCE	ACCEPTED
20180670	person:leader:b37527295362	PRINCIPAL_INVESTIGATOR	Katie Spencer	CANONICAL_PROJECT_SOURCE	ACCEPTED
20180710	person:leader:681e21cecf79	PRINCIPAL_INVESTIGATOR	Mark Sculpher	CANONICAL_PROJECT_SOURCE	ACCEPTED
20180730	person:eqmember:17877	PRINCIPAL_INVESTIGATOR	Janine Verstraete	CANONICAL_PROJECT_SOURCE	ACCEPTED
20180740	person:eqmember:18016	PRINCIPAL_INVESTIGATOR	Yan Feng	CANONICAL_PROJECT_SOURCE	ACCEPTED
20180750	person:leader:31a5417532b0	PRINCIPAL_INVESTIGATOR	Eliza Wong	CANONICAL_PROJECT_SOURCE	ACCEPTED
20180760	person:leader:602c131b5ab8	PRINCIPAL_INVESTIGATOR	Emelie Heintz	CANONICAL_PROJECT_SOURCE	ACCEPTED
20180770	person:leader:ba7c286781f3	PRINCIPAL_INVESTIGATOR	Klas Goran Sahlen	CANONICAL_PROJECT_SOURCE	ACCEPTED
2019-EO	person:eqmember:17944	PRINCIPAL_INVESTIGATOR	Nan Luo	CANONICAL_PROJECT_SOURCE	ACCEPTED
20190010	person:eqmember:17944	PRINCIPAL_INVESTIGATOR	Nan Luo	CANONICAL_PROJECT_SOURCE	ACCEPTED
20190020	person:leader:942313d653a7	PRINCIPAL_INVESTIGATOR	Gerard De Pouvourville	CANONICAL_PROJECT_SOURCE	ACCEPTED
20190030	person:eqmember:17881	PRINCIPAL_INVESTIGATOR	Jennifer Jelsma	CANONICAL_PROJECT_SOURCE	ACCEPTED
20190040	person:leader:7709fc0eb80b	PRINCIPAL_INVESTIGATOR	Hajer Falfel	CANONICAL_PROJECT_SOURCE	ACCEPTED
20190050	person:eqmember:17847	PRINCIPAL_INVESTIGATOR	Fatima Al Sayah	CANONICAL_PROJECT_SOURCE	ACCEPTED
20190070	person:eqmember:17934	PRINCIPAL_INVESTIGATOR	Michał Jakubczyk	CANONICAL_PROJECT_SOURCE	ACCEPTED
20190080R1	person:eqmember:17992	PRINCIPAL_INVESTIGATOR	Stefan Lipman	CANONICAL_PROJECT_SOURCE	ACCEPTED
20190120	person:eqmember:17895	PRINCIPAL_INVESTIGATOR	Juanita Haagsma	CANONICAL_PROJECT_SOURCE	ACCEPTED
20190130	person:eqmember:17855	PRINCIPAL_INVESTIGATOR	Fredrick Purba	CANONICAL_PROJECT_SOURCE	ACCEPTED
20190140	person:eqmember:17833	PRINCIPAL_INVESTIGATOR	Donna Rowen	CANONICAL_PROJECT_SOURCE	ACCEPTED
20190150R1	person:eqmember:18019	PRINCIPAL_INVESTIGATOR	Zhihao Yang	CANONICAL_PROJECT_SOURCE	ACCEPTED
20190151	person:eqmember:18019	PRINCIPAL_INVESTIGATOR	Zhihao Yang	CANONICAL_PROJECT_SOURCE	ACCEPTED
20190170	person:eqmember:17920	PRINCIPAL_INVESTIGATOR	Marcel Jonker	CANONICAL_PROJECT_SOURCE	ACCEPTED
20190200	person:eqmember:17877	PRINCIPAL_INVESTIGATOR	Janine Verstraete	CANONICAL_PROJECT_SOURCE	ACCEPTED
20190220	person:eqmember:17946	PRINCIPAL_INVESTIGATOR	Nancy Devlin	CANONICAL_PROJECT_SOURCE	ACCEPTED
20190230R1	person:leader:9f2c2404b4d6	PRINCIPAL_INVESTIGATOR	Suzana Karim	CANONICAL_PROJECT_SOURCE	ACCEPTED
20190250	person:eqmember:17811	PRINCIPAL_INVESTIGATOR	Carlos Wong	CANONICAL_PROJECT_SOURCE	ACCEPTED
20190260	person:eqmember:17998	PRINCIPAL_INVESTIGATOR	Tessa Peasgood	CANONICAL_PROJECT_SOURCE	ACCEPTED
20190270	person:eqmember:17835	PRINCIPAL_INVESTIGATOR	Eleanor Pullenayegum	CANONICAL_PROJECT_SOURCE	ACCEPTED
20190290	person:leader:09fa3c498378	PRINCIPAL_INVESTIGATOR	Asrul Shafie	CANONICAL_PROJECT_SOURCE	ACCEPTED
20190310	person:eqmember:17819	PRINCIPAL_INVESTIGATOR	Clara Mukuria	CANONICAL_PROJECT_SOURCE	ACCEPTED
20190350	person:eqmember:17827	PRINCIPAL_INVESTIGATOR	Deborah Street	CANONICAL_PROJECT_SOURCE	ACCEPTED
20190360	person:eqmember:17988	PRINCIPAL_INVESTIGATOR	Simon Pickard	CANONICAL_PROJECT_SOURCE	ACCEPTED
20190370	person:eqmember:18019	PRINCIPAL_INVESTIGATOR	Zhihao Yang	CANONICAL_PROJECT_SOURCE	ACCEPTED
20190410	person:eqmember:17988	PRINCIPAL_INVESTIGATOR	Simon Pickard	CANONICAL_PROJECT_SOURCE	ACCEPTED
20190430	person:eqmember:17835	PRINCIPAL_INVESTIGATOR	Eleanor Pullenayegum	CANONICAL_PROJECT_SOURCE	ACCEPTED
20190440	person:eqmember:17855	PRINCIPAL_INVESTIGATOR	Fredrick Purba	CANONICAL_PROJECT_SOURCE	ACCEPTED
20190460	person:eqmember:19003	PRINCIPAL_INVESTIGATOR	Aureliano Paolo Finch	CANONICAL_PROJECT_SOURCE	ACCEPTED
20190470	person:eqmember:17952	PRINCIPAL_INVESTIGATOR	Nick Bansback	CANONICAL_PROJECT_SOURCE	ACCEPTED
20190490	person:eqmember:17901	PRINCIPAL_INVESTIGATOR	Koonal Shah	CANONICAL_PROJECT_SOURCE	ACCEPTED
20190500	person:eqmember:17881	PRINCIPAL_INVESTIGATOR	Jennifer Jelsma	CANONICAL_PROJECT_SOURCE	ACCEPTED
20190510	person:eqmember:17791	PRINCIPAL_INVESTIGATOR	Andrew Lloyd	CANONICAL_PROJECT_SOURCE	ACCEPTED
20190550	person:eqmember:17937	PRINCIPAL_INVESTIGATOR	Milad Karimi	CANONICAL_PROJECT_SOURCE	ACCEPTED
20190580	person:eqmember:17897	PRINCIPAL_INVESTIGATOR	Kim Rand	CANONICAL_PROJECT_SOURCE	ACCEPTED
20190600	person:eqmember:17944	PRINCIPAL_INVESTIGATOR	Nan Luo	CANONICAL_PROJECT_SOURCE	ACCEPTED
20190630	person:eqmember:17922	PRINCIPAL_INVESTIGATOR	MARISA SANTOS	CANONICAL_PROJECT_SOURCE	ACCEPTED
20190660	person:eqmember:17901	PRINCIPAL_INVESTIGATOR	Koonal Shah	CANONICAL_PROJECT_SOURCE	ACCEPTED
20190670	person:eqmember:17877	PRINCIPAL_INVESTIGATOR	Janine Verstraete	CANONICAL_PROJECT_SOURCE	ACCEPTED
20190690	person:eqmember:17879	PRINCIPAL_INVESTIGATOR	Jeffrey Johnson	CANONICAL_PROJECT_SOURCE	ACCEPTED
20190780	person:eqmember:17805	PRINCIPAL_INVESTIGATOR	Bram Roudijk	CANONICAL_PROJECT_SOURCE	ACCEPTED
20190800	person:eqmember:17988	PRINCIPAL_INVESTIGATOR	Simon Pickard	CANONICAL_PROJECT_SOURCE	ACCEPTED
20190810	person:eqmember:17879	PRINCIPAL_INVESTIGATOR	Jeffrey Johnson	CANONICAL_PROJECT_SOURCE	ACCEPTED
20190820	person:eqmember:17944	PRINCIPAL_INVESTIGATOR	Nan Luo	CANONICAL_PROJECT_SOURCE	ACCEPTED
20190830	person:eqmember:17944	PRINCIPAL_INVESTIGATOR	Nan Luo	CANONICAL_PROJECT_SOURCE	ACCEPTED
20190840	person:eqmember:17790	PRINCIPAL_INVESTIGATOR	Aki Tsuchiya	CANONICAL_PROJECT_SOURCE	ACCEPTED
20190850	person:leader:8d300fb068fd	PRINCIPAL_INVESTIGATOR	Martine Hoogendoorn	CANONICAL_PROJECT_SOURCE	ACCEPTED
20190860	person:eqmember:17992	PRINCIPAL_INVESTIGATOR	Stefan Lipman	CANONICAL_PROJECT_SOURCE	ACCEPTED
20190890	person:eqmember:17992	PRINCIPAL_INVESTIGATOR	Stefan Lipman	CANONICAL_PROJECT_SOURCE	ACCEPTED
20190900	person:eqmember:18019	PRINCIPAL_INVESTIGATOR	Zhihao Yang	CANONICAL_PROJECT_SOURCE	ACCEPTED
20190910	person:eqmember:17954	PRINCIPAL_INVESTIGATOR	Nils Gutacker	CANONICAL_PROJECT_SOURCE	ACCEPTED
20190920	person:leader:8677f310bcd0	PRINCIPAL_INVESTIGATOR	Vivian Reckers-Droog	CANONICAL_PROJECT_SOURCE	ACCEPTED
20190940	person:eqmember:17799	PRINCIPAL_INVESTIGATOR	Ben Van Hout	CANONICAL_PROJECT_SOURCE	ACCEPTED
20190960	person:eqmember:17911	PRINCIPAL_INVESTIGATOR	Lidia Engel	CANONICAL_PROJECT_SOURCE	ACCEPTED
20190980	person:eqmember:17938	PRINCIPAL_INVESTIGATOR	Mimmi Åström	CANONICAL_PROJECT_SOURCE	ACCEPTED
20190990	person:eqmember:18021	PRINCIPAL_INVESTIGATOR	Zhuxin Mao	CANONICAL_PROJECT_SOURCE	ACCEPTED
20191000	person:eqmember:18021	PRINCIPAL_INVESTIGATOR	Zhuxin Mao	CANONICAL_PROJECT_SOURCE	ACCEPTED
20191010	person:eqmember:17787	PRINCIPAL_INVESTIGATOR	Abraham Gebregziabiher	CANONICAL_PROJECT_SOURCE	ACCEPTED
20191020	person:eqmember:18019	PRINCIPAL_INVESTIGATOR	Zhihao Yang	CANONICAL_PROJECT_SOURCE	ACCEPTED
20191030	person:eqmember:17966	PRINCIPAL_INVESTIGATOR	Paula Lorgelly	CANONICAL_PROJECT_SOURCE	ACCEPTED
20191040	person:eqmember:17962	PRINCIPAL_INVESTIGATOR	Paul Kind	CANONICAL_PROJECT_SOURCE	ACCEPTED
20191050	person:eqmember:17962	PRINCIPAL_INVESTIGATOR	Paul Kind	CANONICAL_PROJECT_SOURCE	ACCEPTED
20191070	person:eqmember:17920	PRINCIPAL_INVESTIGATOR	Marcel Jonker	CANONICAL_PROJECT_SOURCE	ACCEPTED
20191110	person:eqmember:17851	PRINCIPAL_INVESTIGATOR	Feng Xie	CANONICAL_PROJECT_SOURCE	ACCEPTED
20191120	person:eqmember:17789	PRINCIPAL_INVESTIGATOR	Agota Szende	CANONICAL_PROJECT_SOURCE	ACCEPTED
20191180	person:eqmember:17920	PRINCIPAL_INVESTIGATOR	Marcel Jonker	CANONICAL_PROJECT_SOURCE	ACCEPTED
20191190	person:eqmember:17897	PRINCIPAL_INVESTIGATOR	Kim Rand	CANONICAL_PROJECT_SOURCE	ACCEPTED
20191210	person:eqmember:17881	PRINCIPAL_INVESTIGATOR	Jennifer Jelsma	CANONICAL_PROJECT_SOURCE	ACCEPTED
202-RA	person:eqmember:17946	PRINCIPAL_INVESTIGATOR	Nancy Devlin	CANONICAL_PROJECT_SOURCE	ACCEPTED
20200010	person:leader:fbb9eb69f451	PRINCIPAL_INVESTIGATOR	Titi Fitriana	CANONICAL_PROJECT_SOURCE	ACCEPTED
20200020	person:eqmember:17916	PRINCIPAL_INVESTIGATOR	Louise Longworth	CANONICAL_PROJECT_SOURCE	ACCEPTED
20200030	person:leader:510242c8d95e	PRINCIPAL_INVESTIGATOR	Lucky Ngwira	CANONICAL_PROJECT_SOURCE	ACCEPTED
20200050	person:leader:e670fd71e94e	PRINCIPAL_INVESTIGATOR	Bernhard Slaap	CANONICAL_PROJECT_SOURCE	ACCEPTED
20200060	person:leader:27feb927c5f2	PRINCIPAL_INVESTIGATOR	Erwin Birnie	CANONICAL_PROJECT_SOURCE	ACCEPTED
2021-RA	person:eqmember:17960	PRINCIPAL_INVESTIGATOR	Oliver Rivero-Arias	CANONICAL_PROJECT_SOURCE	ACCEPTED
20210010	person:leader:bfeb5ef06782	PRINCIPAL_INVESTIGATOR	Abdulhamid Musa	CANONICAL_PROJECT_SOURCE	ACCEPTED
2023-RA	person:eqmember:17851	PRINCIPAL_INVESTIGATOR	Feng Xie	CANONICAL_PROJECT_SOURCE	ACCEPTED
2024-RA	person:eqmember:17958	PRINCIPAL_INVESTIGATOR	Ole Marten	CANONICAL_PROJECT_SOURCE	ACCEPTED
2025-RA	person:leader:510242c8d95e	PRINCIPAL_INVESTIGATOR	Lucky Gift Ngwira	CANONICAL_PROJECT_SOURCE	ACCEPTED
2032-RA	person:eqmember:21677	PRINCIPAL_INVESTIGATOR	Cate Bailey	CANONICAL_PROJECT_SOURCE	ACCEPTED
2033-RA	person:leader:fcc3440e8385	PRINCIPAL_INVESTIGATOR	Shankar Prinja	CANONICAL_PROJECT_SOURCE	ACCEPTED
2035-RA	person:eqmember:17855	PRINCIPAL_INVESTIGATOR	Fredrick Dermawan Purba	CANONICAL_PROJECT_SOURCE	ACCEPTED
2036-RA	person:leader:0e64036a4445	PRINCIPAL_INVESTIGATOR	Yiting Luo	CANONICAL_PROJECT_SOURCE	ACCEPTED
2037-RA	person:eqmember:19030	PRINCIPAL_INVESTIGATOR	Maja Kuharic	CANONICAL_PROJECT_SOURCE	ACCEPTED
2038-RA	person:eqmember:17831	PRINCIPAL_INVESTIGATOR	Dominik Golicki	CANONICAL_PROJECT_SOURCE	ACCEPTED
2040-RA	person:eqmember:19030	PRINCIPAL_INVESTIGATOR	Maja Kuharic	CANONICAL_PROJECT_SOURCE	ACCEPTED
2042-RA	person:eqmember:19030	PRINCIPAL_INVESTIGATOR	Maja Kuharic	CANONICAL_PROJECT_SOURCE	ACCEPTED
2043-RA	person:leader:fc07b6540d1a	PRINCIPAL_INVESTIGATOR	Michela Meregaglia	CANONICAL_PROJECT_SOURCE	ACCEPTED
205-RA	person:eqmember:17992	PRINCIPAL_INVESTIGATOR	Stefan A. Lipman	CANONICAL_PROJECT_SOURCE	ACCEPTED
2053-EO	person:eqmember:17966	PRINCIPAL_INVESTIGATOR	Paula Lorgelly	CANONICAL_PROJECT_SOURCE	ACCEPTED
2057-TVG	person:leader:b74a5997703c	PRINCIPAL_INVESTIGATOR	Maresa Buchholz	CANONICAL_PROJECT_SOURCE	ACCEPTED
206-RA	person:eqmember:17960	PRINCIPAL_INVESTIGATOR	Oliver Rivero-Arias	CANONICAL_PROJECT_SOURCE	ACCEPTED
2063-RA	person:leader:39e3bb2019e3	PRINCIPAL_INVESTIGATOR	Samar Farid	CANONICAL_PROJECT_SOURCE	ACCEPTED
207-RA	person:leader:6fe4e81455db	PRINCIPAL_INVESTIGATOR	Maksat Jumamyradov	CANONICAL_PROJECT_SOURCE	ACCEPTED
2075-EOI	person:eqmember:19032	PRINCIPAL_INVESTIGATOR	Mina Bahrampour	CANONICAL_PROJECT_SOURCE	ACCEPTED
2078-RA	person:eqmember:19028	PRINCIPAL_INVESTIGATOR	Ling Jie Cheng	CANONICAL_PROJECT_SOURCE	ACCEPTED
2084-RA	person:eqmember:18021	PRINCIPAL_INVESTIGATOR	Zhuxin Mao	CANONICAL_PROJECT_SOURCE	ACCEPTED
2085-VS	person:leader:6aff23c41f98	PRINCIPAL_INVESTIGATOR	Eri Hoshino	CANONICAL_PROJECT_SOURCE	ACCEPTED
209-RA	person:eqmember:17897	PRINCIPAL_INVESTIGATOR	Kim Rand	CANONICAL_PROJECT_SOURCE	ACCEPTED
2095-EO	person:leader:b80c06c3de7d	PRINCIPAL_INVESTIGATOR	Esther de Bekker-Grob	CANONICAL_PROJECT_SOURCE	ACCEPTED
2096-RA	person:eqmember:21677	PRINCIPAL_INVESTIGATOR	Cate Bailey	CANONICAL_PROJECT_SOURCE	ACCEPTED
2097-RA	person:leader:4a5cd1710c94	PRINCIPAL_INVESTIGATOR	Emily McDool	CANONICAL_PROJECT_SOURCE	ACCEPTED
2098-RA	person:leader:4001f58df21c	PRINCIPAL_INVESTIGATOR	Takeru Shiroiwa	CANONICAL_PROJECT_SOURCE	ACCEPTED
2100-EOI	person:eqmember:17831	PRINCIPAL_INVESTIGATOR	Dominik Golicki	CANONICAL_PROJECT_SOURCE	ACCEPTED
2101-EO	person:leader:676057ab3f0a	PRINCIPAL_INVESTIGATOR	Martijn Doeleman	CANONICAL_PROJECT_SOURCE	ACCEPTED
2102-RA	person:leader:fb586bce648f	PRINCIPAL_INVESTIGATOR	Nyantara Wickramasekera	CANONICAL_PROJECT_SOURCE	ACCEPTED
2106-RA	person:leader:1b524ab3f1ea	PRINCIPAL_INVESTIGATOR	Marufa Sultana	CANONICAL_PROJECT_SOURCE	ACCEPTED
2107-TVG	person:leader:521652db691b	PRINCIPAL_INVESTIGATOR	Haode Wang	CANONICAL_PROJECT_SOURCE	ACCEPTED
2109-RA	person:leader:f16894fd3cc6	PRINCIPAL_INVESTIGATOR	Professor Julia Fox-Rushby	CANONICAL_PROJECT_SOURCE	ACCEPTED
211-RA	person:leader:43591e890911	PRINCIPAL_INVESTIGATOR	Clement Cheuk Wai Ng	CANONICAL_PROJECT_SOURCE	ACCEPTED
2112-EOI	person:eqmember:17815	PRINCIPAL_INVESTIGATOR	Chris Sampson	CANONICAL_PROJECT_SOURCE	ACCEPTED
2113-EOI	person:eqmember:17855	PRINCIPAL_INVESTIGATOR	Fredrick Purba	CANONICAL_PROJECT_SOURCE	ACCEPTED
2115-EOI	person:eqmember:17916	PRINCIPAL_INVESTIGATOR	Louise Longworth	CANONICAL_PROJECT_SOURCE	ACCEPTED
2116-EOI	person:eqmember:17847	PRINCIPAL_INVESTIGATOR	Fatima Al Sayah	CANONICAL_PROJECT_SOURCE	ACCEPTED
2119-RA	person:eqmember:17849	PRINCIPAL_INVESTIGATOR	Federico Augustovski	CANONICAL_PROJECT_SOURCE	ACCEPTED
212-RA	person:leader:efeacb8233a1	PRINCIPAL_INVESTIGATOR	Jermaine Dambi	CANONICAL_PROJECT_SOURCE	ACCEPTED
2120-RA	person:eqmember:17944	PRINCIPAL_INVESTIGATOR	Luo Nan	CANONICAL_PROJECT_SOURCE	ACCEPTED
2124-RA	person:eqmember:17787	PRINCIPAL_INVESTIGATOR	Abraham Welie	CANONICAL_PROJECT_SOURCE	ACCEPTED
2125-RA	person:leader:bb6a8ddff5d8	PRINCIPAL_INVESTIGATOR	Jia Jia Lee	CANONICAL_PROJECT_SOURCE	ACCEPTED
2128-VS	person:leader:d5cba38082b1	PRINCIPAL_INVESTIGATOR	Bosiljka Djikanovic	CANONICAL_PROJECT_SOURCE	ACCEPTED
2129-RA	person:leader:b0332ff4018d	PRINCIPAL_INVESTIGATOR	Christine Mpundu-Kaambwa	CANONICAL_PROJECT_SOURCE	ACCEPTED
2130-PHD	person:eqmember:18014	PRINCIPAL_INVESTIGATOR	yaling Yang	CANONICAL_PROJECT_SOURCE	ACCEPTED
2132-RA	person:eqmember:17934	PRINCIPAL_INVESTIGATOR	Michał Jakubczyk	CANONICAL_PROJECT_SOURCE	ACCEPTED
2133-TVG	person:eqmember:17952	PRINCIPAL_INVESTIGATOR	Nick Bansback	CANONICAL_PROJECT_SOURCE	ACCEPTED
2134-RA	person:leader:33e259cba916	PRINCIPAL_INVESTIGATOR	Jessica Roydhouse	CANONICAL_PROJECT_SOURCE	ACCEPTED
2136-TVG	person:leader:086bfe1b27fe	PRINCIPAL_INVESTIGATOR	Minh Pham	CANONICAL_PROJECT_SOURCE	ACCEPTED
2138-TR	person:eqmember:17837	PRINCIPAL_INVESTIGATOR	Elly Stolk	CANONICAL_PROJECT_SOURCE	ACCEPTED
2139-RA	person:leader:db2b81f67ca6	PRINCIPAL_INVESTIGATOR	Sarega Gurudas	CANONICAL_PROJECT_SOURCE	ACCEPTED
214-RA	person:eqmember:17831	PRINCIPAL_INVESTIGATOR	Dominik Golicki	CANONICAL_PROJECT_SOURCE	ACCEPTED
2141-RA	person:leader:f05e8daa6389	PRINCIPAL_INVESTIGATOR	Lan Gao	CANONICAL_PROJECT_SOURCE	ACCEPTED
2143-RA	person:eqmember:17934	PRINCIPAL_INVESTIGATOR	Michal Jakubczyk	CANONICAL_PROJECT_SOURCE	ACCEPTED
2144-RA	person:eqmember:17934	PRINCIPAL_INVESTIGATOR	Michał Jakubczyk	CANONICAL_PROJECT_SOURCE	ACCEPTED
2145-RA	person:leader:39e3bb2019e3	PRINCIPAL_INVESTIGATOR	Samar Farid	CANONICAL_PROJECT_SOURCE	ACCEPTED
2148-RA	person:leader:63cb6b329986	PRINCIPAL_INVESTIGATOR	Jill Carlton	CANONICAL_PROJECT_SOURCE	ACCEPTED
215-2020RA	person:eqmember:18019	PRINCIPAL_INVESTIGATOR	Zhihao Yang	CANONICAL_PROJECT_SOURCE	ACCEPTED
2152-RA	person:leader:73598c4735dd	PRINCIPAL_INVESTIGATOR	Wenjing Zhou	CANONICAL_PROJECT_SOURCE	ACCEPTED
2154-RA	person:leader:8677f310bcd0	PRINCIPAL_INVESTIGATOR	Vivian Reckers - Droog	CANONICAL_PROJECT_SOURCE	ACCEPTED
2157-RA	person:leader:22c287b45ebd	PRINCIPAL_INVESTIGATOR	Carrie-Anne Ng	CANONICAL_PROJECT_SOURCE	ACCEPTED
2159-RA	person:eqmember:17895	PRINCIPAL_INVESTIGATOR	Juanita Haagsma	CANONICAL_PROJECT_SOURCE	ACCEPTED
216-RA	person:eqmember:17879	PRINCIPAL_INVESTIGATOR	Jeff Johnson	CANONICAL_PROJECT_SOURCE	ACCEPTED
2167-RA	person:eqmember:17984	PRINCIPAL_INVESTIGATOR	Sarah Dewilde	CANONICAL_PROJECT_SOURCE	ACCEPTED
2169-RA	person:leader:dd5e12d302df	PRINCIPAL_INVESTIGATOR	Fernando Argento	CANONICAL_PROJECT_SOURCE	ACCEPTED
217-EO	person:eqmember:18012	PRINCIPAL_INVESTIGATOR	Xuejing Jin	CANONICAL_PROJECT_SOURCE	ACCEPTED
2170-RA	person:eqmember:17851	PRINCIPAL_INVESTIGATOR	Feng Xie	CANONICAL_PROJECT_SOURCE	ACCEPTED
2171-RA	person:leader:dd5e12d302df	PRINCIPAL_INVESTIGATOR	Fernando Argento	CANONICAL_PROJECT_SOURCE	ACCEPTED
2172-RA	person:eqmember:18014	PRINCIPAL_INVESTIGATOR	Yaling Yang	CANONICAL_PROJECT_SOURCE	ACCEPTED
2173-RA	person:eqmember:17911	PRINCIPAL_INVESTIGATOR	Lidia Engel	CANONICAL_PROJECT_SOURCE	ACCEPTED
2176-RA	person:eqmember:17944	PRINCIPAL_INVESTIGATOR	Nan Luo	CANONICAL_PROJECT_SOURCE	ACCEPTED
2177-RA	person:eqmember:17855	PRINCIPAL_INVESTIGATOR	Fredrick Purba	CANONICAL_PROJECT_SOURCE	ACCEPTED
2178-RA	person:eqmember:17920	PRINCIPAL_INVESTIGATOR	Marcel Jonker	CANONICAL_PROJECT_SOURCE	ACCEPTED
2179-RA	person:leader:bb6a8ddff5d8	PRINCIPAL_INVESTIGATOR	Jia Jia Lee	CANONICAL_PROJECT_SOURCE	ACCEPTED
218-RA	person:leader:c9be2e978859	PRINCIPAL_INVESTIGATOR	Tie Parma Yamato	CANONICAL_PROJECT_SOURCE	ACCEPTED
2180-RA	person:eqmember:18019	PRINCIPAL_INVESTIGATOR	Zhihao Yang	CANONICAL_PROJECT_SOURCE	ACCEPTED
2181-RA	person:eqmember:21678	PRINCIPAL_INVESTIGATOR	Richard Xu	CANONICAL_PROJECT_SOURCE	ACCEPTED
2183-RA	person:eqmember:21678	PRINCIPAL_INVESTIGATOR	Richard Xu	CANONICAL_PROJECT_SOURCE	ACCEPTED
2184-RA	person:eqmember:21678	PRINCIPAL_INVESTIGATOR	Richard Xu	CANONICAL_PROJECT_SOURCE	ACCEPTED
2186-RA	person:leader:55f142e2e36b	PRINCIPAL_INVESTIGATOR	Dr. Emma Pleeging	CANONICAL_PROJECT_SOURCE	ACCEPTED
2188-TVG	person:leader:8873fe2331bf	PRINCIPAL_INVESTIGATOR	Yifan Ding	CANONICAL_PROJECT_SOURCE	ACCEPTED
2192-RA	person:eqmember:17954	PRINCIPAL_INVESTIGATOR	Nils Gutacker	CANONICAL_PROJECT_SOURCE	ACCEPTED
2196-RA	person:leader:5c483f3c95b6	PRINCIPAL_INVESTIGATOR	Tomos Robinson	CANONICAL_PROJECT_SOURCE	ACCEPTED
2197-EO	person:leader:e26a260838e7	PRINCIPAL_INVESTIGATOR	Jan Faller	CANONICAL_PROJECT_SOURCE	ACCEPTED
220-VS	person:leader:c9be2e978859	PRINCIPAL_INVESTIGATOR	Tie Parma Yamato	CANONICAL_PROJECT_SOURCE	ACCEPTED
2200-RA	person:eqmember:18018	PRINCIPAL_INVESTIGATOR	You-Shan Feng	CANONICAL_PROJECT_SOURCE	ACCEPTED
2201-RA	person:eqmember:17833	PRINCIPAL_INVESTIGATOR	Donna Rowen	CANONICAL_PROJECT_SOURCE	ACCEPTED
2202-VS	person:leader:f7a23dbb0eb8	PRINCIPAL_INVESTIGATOR	Sayem Ahmed	CANONICAL_PROJECT_SOURCE	ACCEPTED
2203-RA	person:eqmember:17855	PRINCIPAL_INVESTIGATOR	Fredrick Purba	CANONICAL_PROJECT_SOURCE	ACCEPTED
2204-RA	person:eqmember:17920	PRINCIPAL_INVESTIGATOR	Marcel Jonker	CANONICAL_PROJECT_SOURCE	ACCEPTED
2205-RA	person:leader:fe69a449d6e0	PRINCIPAL_INVESTIGATOR	Dr Norma Bulamu	CANONICAL_PROJECT_SOURCE	ACCEPTED
2206-RA	person:leader:cc619763f8c9	PRINCIPAL_INVESTIGATOR	Aysenur Ahsen	CANONICAL_PROJECT_SOURCE	ACCEPTED
2207-RA	person:eqmember:17998	PRINCIPAL_INVESTIGATOR	Tessa Peasgood	CANONICAL_PROJECT_SOURCE	ACCEPTED
2209-RA	person:leader:e441983c0a65	PRINCIPAL_INVESTIGATOR	Shitong Xie	CANONICAL_PROJECT_SOURCE	ACCEPTED
221-RA	person:eqmember:18019	PRINCIPAL_INVESTIGATOR	Zhihao Yang	CANONICAL_PROJECT_SOURCE	ACCEPTED
2211-RA	person:leader:e441983c0a65	PRINCIPAL_INVESTIGATOR	Shitong Xie	CANONICAL_PROJECT_SOURCE	ACCEPTED
2217-TR	person:eqmember:17819	PRINCIPAL_INVESTIGATOR	Clara Mukuria	CANONICAL_PROJECT_SOURCE	ACCEPTED
2219-PCG	person:eqmember:17837	PRINCIPAL_INVESTIGATOR	Elly Stolk	CANONICAL_PROJECT_SOURCE	ACCEPTED
222-RA	person:eqmember:17833	PRINCIPAL_INVESTIGATOR	Donna Rowen	CANONICAL_PROJECT_SOURCE	ACCEPTED
2220-VS	person:leader:fcc3440e8385	PRINCIPAL_INVESTIGATOR	Shankar Prinja	CANONICAL_PROJECT_SOURCE	ACCEPTED
2222-EO	person:eqmember:17944	PRINCIPAL_INVESTIGATOR	Nan Luo	CANONICAL_PROJECT_SOURCE	ACCEPTED
2224-RA	person:eqmember:17936	PRINCIPAL_INVESTIGATOR	Mihir Gandhi	CANONICAL_PROJECT_SOURCE	ACCEPTED
2225-BT	person:eqmember:18019	PRINCIPAL_INVESTIGATOR	Zhihao Yang	CANONICAL_PROJECT_SOURCE	ACCEPTED
2226-TR	person:eqmember:17877	PRINCIPAL_INVESTIGATOR	Janine Verstraete	CANONICAL_PROJECT_SOURCE	ACCEPTED
2229-TR	person:eqmember:17982	PRINCIPAL_INVESTIGATOR	Sarah Derrett	CANONICAL_PROJECT_SOURCE	ACCEPTED
223-RA	person:leader:45165c7286a7	PRINCIPAL_INVESTIGATOR	Meles Tekie	CANONICAL_PROJECT_SOURCE	ACCEPTED
2232-VS	person:leader:9c090ecdc8b1	PRINCIPAL_INVESTIGATOR	Lyazzat Kosherbayeva	CANONICAL_PROJECT_SOURCE	ACCEPTED
2233-VS	person:leader:7cbcaccdbedd	PRINCIPAL_INVESTIGATOR	Edwine Barasa	CANONICAL_PROJECT_SOURCE	ACCEPTED
2234-TVG	person:eqmember:17819	PRINCIPAL_INVESTIGATOR	Clara Mukuria	CANONICAL_PROJECT_SOURCE	ACCEPTED
2236-VS	person:leader:6dd0ed1ee17e	PRINCIPAL_INVESTIGATOR	Abdulmuminu Isah	CANONICAL_PROJECT_SOURCE	ACCEPTED
2238-VS	person:leader:b35bfd45b345	PRINCIPAL_INVESTIGATOR	Felix Masiye	CANONICAL_PROJECT_SOURCE	ACCEPTED
224-RA	person:eqmember:17998	PRINCIPAL_INVESTIGATOR	Peasgood	CANONICAL_PROJECT_SOURCE	ACCEPTED
2246-EO	person:eqmember:19028	PRINCIPAL_INVESTIGATOR	Ling Jie Cheng	CANONICAL_PROJECT_SOURCE	ACCEPTED
2247-VS	person:leader:e1f7f2dac043	PRINCIPAL_INVESTIGATOR	Birol Yetim	CANONICAL_PROJECT_SOURCE	ACCEPTED
2248-TR	person:eqmember:17829	PRINCIPAL_INVESTIGATOR	Desiree Scott	CANONICAL_PROJECT_SOURCE	ACCEPTED
225-RA	person:eqmember:17787	PRINCIPAL_INVESTIGATOR	Abraham Gebregziabiher	CANONICAL_PROJECT_SOURCE	ACCEPTED
2252-EO	person:leader:510242c8d95e	PRINCIPAL_INVESTIGATOR	Lucky Ngwira	CANONICAL_PROJECT_SOURCE	ACCEPTED
2257-RA	person:eqmember:17879	PRINCIPAL_INVESTIGATOR	Jeffrey Johnson	CANONICAL_PROJECT_SOURCE	ACCEPTED
2260-RA	person:leader:5f455f61d442	PRINCIPAL_INVESTIGATOR	Alex Bató	CANONICAL_PROJECT_SOURCE	ACCEPTED
2262-RA	person:eqmember:17837	PRINCIPAL_INVESTIGATOR	Elly Stolk	CANONICAL_PROJECT_SOURCE	ACCEPTED
2264-EO	person:leader:6b971e7fb4c3	PRINCIPAL_INVESTIGATOR	Jonathan Nazari	CANONICAL_PROJECT_SOURCE	ACCEPTED
2265-EO	person:leader:2a71a5f6076e	PRINCIPAL_INVESTIGATOR	Jan Heijdra Suasnabar	CANONICAL_PROJECT_SOURCE	ACCEPTED
2266-TVG	person:eqmember:19813	PRINCIPAL_INVESTIGATOR	Benjamin Craig	CANONICAL_PROJECT_SOURCE	ACCEPTED
2267-EO	person:eqmember:19028	PRINCIPAL_INVESTIGATOR	Ling Jie Cheng	CANONICAL_PROJECT_SOURCE	ACCEPTED
227-RA	person:leader:6cc4c9299d70	PRINCIPAL_INVESTIGATOR	Goitom Molalign	CANONICAL_PROJECT_SOURCE	ACCEPTED
2274-TVG	person:eqmember:17946	PRINCIPAL_INVESTIGATOR	Nancy Devlin	CANONICAL_PROJECT_SOURCE	ACCEPTED
2276-RA	person:eqmember:18019	PRINCIPAL_INVESTIGATOR	Zhihao Yang	CANONICAL_PROJECT_SOURCE	ACCEPTED
2284-BT	person:eqmember:18002	PRINCIPAL_INVESTIGATOR	Tianxin Pan	CANONICAL_PROJECT_SOURCE	ACCEPTED
2288-EO	person:leader:1e73a1e0f92c	PRINCIPAL_INVESTIGATOR	Jiabi Wen	CANONICAL_PROJECT_SOURCE	ACCEPTED
2289-BT	person:leader:adaf068280a4	PRINCIPAL_INVESTIGATOR	Jarinne Woudstra-de Jong	CANONICAL_PROJECT_SOURCE	ACCEPTED
229-RA	person:leader:d9674d98607b	PRINCIPAL_INVESTIGATOR	Yared Belete Belay	CANONICAL_PROJECT_SOURCE	ACCEPTED
2290-EO	person:leader:319f4d5520bf	PRINCIPAL_INVESTIGATOR	Yap Xin Yi	CANONICAL_PROJECT_SOURCE	ACCEPTED
2295-RA	person:eqmember:17873	PRINCIPAL_INVESTIGATOR	Professor Jan Abel Olsen	CANONICAL_PROJECT_SOURCE	ACCEPTED
2297-EO	person:leader:da2b6bcaceb6	PRINCIPAL_INVESTIGATOR	Annushiah Vasan Thakumar	CANONICAL_PROJECT_SOURCE	ACCEPTED
2299-EO	person:leader:bb6a8ddff5d8	PRINCIPAL_INVESTIGATOR	Jia Jia Lee	CANONICAL_PROJECT_SOURCE	ACCEPTED
2301-RA	person:leader:2a71a5f6076e	PRINCIPAL_INVESTIGATOR	Jan Heijdra Suasnabar	CANONICAL_PROJECT_SOURCE	ACCEPTED
2305-BT	person:leader:086bfe1b27fe	PRINCIPAL_INVESTIGATOR	Minh Pham	CANONICAL_PROJECT_SOURCE	ACCEPTED
2308-VS	person:leader:82320ccd878a	PRINCIPAL_INVESTIGATOR	Gisela Cristiane Miyamoto	CANONICAL_PROJECT_SOURCE	ACCEPTED
2312-BT	person:eqmember:18018	PRINCIPAL_INVESTIGATOR	You-Shan Feng	CANONICAL_PROJECT_SOURCE	ACCEPTED
2316-RA	person:eqmember:18646	PRINCIPAL_INVESTIGATOR	Edward JD Webb	CANONICAL_PROJECT_SOURCE	ACCEPTED
2317-RA	person:leader:c2ff91e5ac8a	PRINCIPAL_INVESTIGATOR	Kelly de Ligt	CANONICAL_PROJECT_SOURCE	ACCEPTED
232-RA	person:eqmember:17944	PRINCIPAL_INVESTIGATOR	Nan Luo	CANONICAL_PROJECT_SOURCE	ACCEPTED
2320-TR	person:leader:46d6ae1ea3cd	PRINCIPAL_INVESTIGATOR	Nicholas Smeele	CANONICAL_PROJECT_SOURCE	ACCEPTED
2323-RA	person:leader:606823d7ed51	PRINCIPAL_INVESTIGATOR	Stevanus Pangestu	CANONICAL_PROJECT_SOURCE	ACCEPTED
2326-RA	person:leader:adaf068280a4	PRINCIPAL_INVESTIGATOR	Jarinne Woudstra-de Jong	CANONICAL_PROJECT_SOURCE	ACCEPTED
2329-RA	person:eqmember:19028	PRINCIPAL_INVESTIGATOR	Ling Jie Cheng	CANONICAL_PROJECT_SOURCE	ACCEPTED
233-RA	person:eqmember:18002	PRINCIPAL_INVESTIGATOR	Tianxin Pan	CANONICAL_PROJECT_SOURCE	ACCEPTED
2335-RA	person:eqmember:21551	PRINCIPAL_INVESTIGATOR	Alice Yu	CANONICAL_PROJECT_SOURCE	ACCEPTED
2337-RA	person:eqmember:19813	PRINCIPAL_INVESTIGATOR	Benjamin M. Craig	CANONICAL_PROJECT_SOURCE	ACCEPTED
2338-RA	person:leader:5cc7e060e9e2	PRINCIPAL_INVESTIGATOR	Lina Maria Serna Higuita	CANONICAL_PROJECT_SOURCE	ACCEPTED
2339-BT	person:leader:8d300fb068fd	PRINCIPAL_INVESTIGATOR	Martine Hoogendoorn-Lips	CANONICAL_PROJECT_SOURCE	ACCEPTED
234-VS	person:eqmember:17807	PRINCIPAL_INVESTIGATOR	Brendan Mulhern	CANONICAL_PROJECT_SOURCE	ACCEPTED
2340-RA	person:eqmember:17835	PRINCIPAL_INVESTIGATOR	Eleanor Pullenayegum	CANONICAL_PROJECT_SOURCE	ACCEPTED
2341-RA	person:leader:39e3bb2019e3	PRINCIPAL_INVESTIGATOR	Samar Farid, Ph.D.	CANONICAL_PROJECT_SOURCE	ACCEPTED
2343-RA	person:leader:083cccd0472d	PRINCIPAL_INVESTIGATOR	Wojciech Trzebiński	CANONICAL_PROJECT_SOURCE	ACCEPTED
2347-RA	person:eqmember:18002	PRINCIPAL_INVESTIGATOR	Tianxin Pan	CANONICAL_PROJECT_SOURCE	ACCEPTED
2348-BT	person:eqmember:18019	PRINCIPAL_INVESTIGATOR	Zhihao Yang	CANONICAL_PROJECT_SOURCE	ACCEPTED
2349-BT	person:leader:b6c238df2db2	PRINCIPAL_INVESTIGATOR	Aaron Winn	CANONICAL_PROJECT_SOURCE	ACCEPTED
235-RA	person:leader:206cc1095a3f	PRINCIPAL_INVESTIGATOR	Irina Kinchin	CANONICAL_PROJECT_SOURCE	ACCEPTED
2351-BT	person:eqmember:21678	PRINCIPAL_INVESTIGATOR	Richard Xu	CANONICAL_PROJECT_SOURCE	ACCEPTED
2357-BT	person:leader:7c20f6644adc	PRINCIPAL_INVESTIGATOR	Terheyden, Jan Henrik	CANONICAL_PROJECT_SOURCE	ACCEPTED
2359-PHD	person:eqmember:17928	PRINCIPAL_INVESTIGATOR	Matthijs Versteegh	CANONICAL_PROJECT_SOURCE	ACCEPTED
236-RA	person:leader:78f0dc6cb8d8	PRINCIPAL_INVESTIGATOR	Arthur Attema	CANONICAL_PROJECT_SOURCE	ACCEPTED
2362-BT	person:eqmember:17944	PRINCIPAL_INVESTIGATOR	Nan Luo	CANONICAL_PROJECT_SOURCE	ACCEPTED
2363-BT	person:leader:f05e8daa6389	PRINCIPAL_INVESTIGATOR	Lan Gao	CANONICAL_PROJECT_SOURCE	ACCEPTED
2366-EO	person:eqmember:17998	PRINCIPAL_INVESTIGATOR	Tessa Peasgood	CANONICAL_PROJECT_SOURCE	ACCEPTED
2368-RA	person:leader:d1d5bf1eb595	PRINCIPAL_INVESTIGATOR	Sander van Kuijk	CANONICAL_PROJECT_SOURCE	ACCEPTED
237-RA	person:leader:78f0dc6cb8d8	PRINCIPAL_INVESTIGATOR	Arthur Attema	CANONICAL_PROJECT_SOURCE	ACCEPTED
2373-RA	person:eqmember:18018	PRINCIPAL_INVESTIGATOR	You-Shan Feng	CANONICAL_PROJECT_SOURCE	ACCEPTED
2375-RA	person:eqmember:21678	PRINCIPAL_INVESTIGATOR	Richard Xu	CANONICAL_PROJECT_SOURCE	ACCEPTED
238-RA	person:eqmember:17861	PRINCIPAL_INVESTIGATOR	Gouke Bonsel	CANONICAL_PROJECT_SOURCE	ACCEPTED
239-RA	person:leader:a7d2d90e410a	PRINCIPAL_INVESTIGATOR	Andrew Lenny	CANONICAL_PROJECT_SOURCE	ACCEPTED
240-RA	person:eqmember:19005	PRINCIPAL_INVESTIGATOR	Bas Janssen	CANONICAL_PROJECT_SOURCE	ACCEPTED
2400-RA	person:leader:2cb6b74c1c35	PRINCIPAL_INVESTIGATOR	Eszter Szlávicz	CANONICAL_PROJECT_SOURCE	ACCEPTED
2402-BT	person:leader:39e3bb2019e3	PRINCIPAL_INVESTIGATOR	Samar Farid	CANONICAL_PROJECT_SOURCE	ACCEPTED
2403-BT	person:leader:fd46e61b3734	PRINCIPAL_INVESTIGATOR	Benedicte Lescrauwaet	CANONICAL_PROJECT_SOURCE	ACCEPTED
2404-RA	person:eqmember:17992	PRINCIPAL_INVESTIGATOR	Stefan Lipman	CANONICAL_PROJECT_SOURCE	ACCEPTED
2407-BT	person:eqmember:17913	PRINCIPAL_INVESTIGATOR	Ling-Hsiang Chuang	CANONICAL_PROJECT_SOURCE	ACCEPTED
2408-RA	person:leader:bfbf7cf35751	PRINCIPAL_INVESTIGATOR	Elske van den Akker-van Marle	CANONICAL_PROJECT_SOURCE	ACCEPTED
2409-RA	person:eqmember:21678	PRINCIPAL_INVESTIGATOR	Richard Xu	CANONICAL_PROJECT_SOURCE	ACCEPTED
241-RA	person:eqmember:17913	PRINCIPAL_INVESTIGATOR	Ling-Hsiang Chuang	CANONICAL_PROJECT_SOURCE	ACCEPTED
2410-RA	person:leader:82320ccd878a	PRINCIPAL_INVESTIGATOR	Gisela Cristiane Miyamoto	CANONICAL_PROJECT_SOURCE	ACCEPTED
2412-BT	person:leader:320b99af03c2	PRINCIPAL_INVESTIGATOR	María Belizán	CANONICAL_PROJECT_SOURCE	ACCEPTED
2413-RA	person:eqmember:17847	PRINCIPAL_INVESTIGATOR	Fatima Al Sayah	CANONICAL_PROJECT_SOURCE	ACCEPTED
2414-RA	person:leader:6b971e7fb4c3	PRINCIPAL_INVESTIGATOR	Jonathan Nazari	CANONICAL_PROJECT_SOURCE	ACCEPTED
2415-TVG	person:eqmember:17954	PRINCIPAL_INVESTIGATOR	Nils Gutacker	CANONICAL_PROJECT_SOURCE	ACCEPTED
2416-BT	person:eqmember:19032	PRINCIPAL_INVESTIGATOR	Mina Bahrampour	CANONICAL_PROJECT_SOURCE	ACCEPTED
2417-RA	person:leader:1b524ab3f1ea	PRINCIPAL_INVESTIGATOR	Marufa Sultana	CANONICAL_PROJECT_SOURCE	ACCEPTED
2418-BT	person:eqmember:17944	PRINCIPAL_INVESTIGATOR	Nan Luo	CANONICAL_PROJECT_SOURCE	ACCEPTED
242-RA	person:eqmember:17855	PRINCIPAL_INVESTIGATOR	Fredrick Dermawan Purba	CANONICAL_PROJECT_SOURCE	ACCEPTED
2420-BT	person:leader:bfbf7cf35751	PRINCIPAL_INVESTIGATOR	Elske van den Akker-van Marle	CANONICAL_PROJECT_SOURCE	ACCEPTED
2421-RA	person:eqmember:17811	PRINCIPAL_INVESTIGATOR	Carlos Wong	CANONICAL_PROJECT_SOURCE	ACCEPTED
2422-RA	person:eqmember:18021	PRINCIPAL_INVESTIGATOR	Zhuxin Mao	CANONICAL_PROJECT_SOURCE	ACCEPTED
2423-BT	person:leader:647ca7dfed2e	PRINCIPAL_INVESTIGATOR	Hesam Ghiasvand	CANONICAL_PROJECT_SOURCE	ACCEPTED
2426-PHD	person:eqmember:17895	PRINCIPAL_INVESTIGATOR	Juanita Haagsma	CANONICAL_PROJECT_SOURCE	ACCEPTED
2428-RA	person:leader:6fe4e81455db	PRINCIPAL_INVESTIGATOR	Maksat Jumamyradov	CANONICAL_PROJECT_SOURCE	ACCEPTED
243-RA	person:eqmember:17895	PRINCIPAL_INVESTIGATOR	Juanita Haagsma	CANONICAL_PROJECT_SOURCE	ACCEPTED
2432-BT	person:leader:78acf91f717f	PRINCIPAL_INVESTIGATOR	Katy Gallop	CANONICAL_PROJECT_SOURCE	ACCEPTED
2433-RA	person:eqmember:18010	PRINCIPAL_INVESTIGATOR	Wolfgang Greiner	CANONICAL_PROJECT_SOURCE	ACCEPTED
2436-RA	person:leader:dd5e12d302df	PRINCIPAL_INVESTIGATOR	Fernando Argento	CANONICAL_PROJECT_SOURCE	ACCEPTED
2439-RA	person:eqmember:21677	PRINCIPAL_INVESTIGATOR	Cate Bailey	CANONICAL_PROJECT_SOURCE	ACCEPTED
244-RA	person:eqmember:17803	PRINCIPAL_INVESTIGATOR	Michalowsky, Bernhard	CANONICAL_PROJECT_SOURCE	ACCEPTED
2440-RA	person:eqmember:21677	PRINCIPAL_INVESTIGATOR	Cate Bailey	CANONICAL_PROJECT_SOURCE	ACCEPTED
2441-RA	person:leader:5f455f61d442	PRINCIPAL_INVESTIGATOR	Alex Bató	CANONICAL_PROJECT_SOURCE	ACCEPTED
2443-BT	person:eqmember:17966	PRINCIPAL_INVESTIGATOR	Paula Lorgelly	CANONICAL_PROJECT_SOURCE	ACCEPTED
2444-RA	person:leader:fbb9eb69f451	PRINCIPAL_INVESTIGATOR	Titi Fitriana	CANONICAL_PROJECT_SOURCE	ACCEPTED
245-RA	person:eqmember:17992	PRINCIPAL_INVESTIGATOR	Stefan A. Lipman	CANONICAL_PROJECT_SOURCE	ACCEPTED
2450-RA	person:leader:f7fda3adfcf0	PRINCIPAL_INVESTIGATOR	Jiyoung Park	CANONICAL_PROJECT_SOURCE	ACCEPTED
2451-RA	person:eqmember:17944	PRINCIPAL_INVESTIGATOR	Nan Luo	CANONICAL_PROJECT_SOURCE	ACCEPTED
2453-RA	person:eqmember:17911	PRINCIPAL_INVESTIGATOR	Lidia Engel	CANONICAL_PROJECT_SOURCE	ACCEPTED
2454-RA	person:leader:fa3dd095d626	PRINCIPAL_INVESTIGATOR	pei wang	CANONICAL_PROJECT_SOURCE	ACCEPTED
2455-PHD	person:eqmember:17944	PRINCIPAL_INVESTIGATOR	Nan Luo	CANONICAL_PROJECT_SOURCE	ACCEPTED
2456-BT	person:eqmember:17895	PRINCIPAL_INVESTIGATOR	Juanita Haagsma	CANONICAL_PROJECT_SOURCE	ACCEPTED
2458-RA	person:leader:0e64036a4445	PRINCIPAL_INVESTIGATOR	Yiting Luo	CANONICAL_PROJECT_SOURCE	ACCEPTED
246-RA	person:eqmember:17956	PRINCIPAL_INVESTIGATOR	Ning Yan Gu	CANONICAL_PROJECT_SOURCE	ACCEPTED
2463-RA	person:eqmember:17855	PRINCIPAL_INVESTIGATOR	Fredrick Purba	CANONICAL_PROJECT_SOURCE	ACCEPTED
2466-RA	person:eqmember:17855	PRINCIPAL_INVESTIGATOR	Fredrick Purba	CANONICAL_PROJECT_SOURCE	ACCEPTED
2468-RA	person:leader:82320ccd878a	PRINCIPAL_INVESTIGATOR	Gisela Cristiane Miyamoto	CANONICAL_PROJECT_SOURCE	ACCEPTED
2470-RA	person:eqmember:17998	PRINCIPAL_INVESTIGATOR	Tessa Peasgood	CANONICAL_PROJECT_SOURCE	ACCEPTED
2471-RA	person:eqmember:17897	PRINCIPAL_INVESTIGATOR	Kim Rand	CANONICAL_PROJECT_SOURCE	ACCEPTED
2479-RA	person:eqmember:17831	PRINCIPAL_INVESTIGATOR	Dominik Golicki	CANONICAL_PROJECT_SOURCE	ACCEPTED
2480-EO	person:leader:f832ce9d79bc	PRINCIPAL_INVESTIGATOR	Jahangir Khan	CANONICAL_PROJECT_SOURCE	ACCEPTED
2482-EO	person:leader:82320ccd878a	PRINCIPAL_INVESTIGATOR	Gisela Cristiane Miyamoto	CANONICAL_PROJECT_SOURCE	ACCEPTED
2487-TVG	person:eqmember:17847	PRINCIPAL_INVESTIGATOR	Fatima Al Sayah	CANONICAL_PROJECT_SOURCE	ACCEPTED
2488-TVG	person:eqmember:17998	PRINCIPAL_INVESTIGATOR	Tessa Peasgood	CANONICAL_PROJECT_SOURCE	ACCEPTED
2490-EO	person:eqmember:17847	PRINCIPAL_INVESTIGATOR	Fatima Al Sayah	CANONICAL_PROJECT_SOURCE	ACCEPTED
2492-RA	person:leader:39e3bb2019e3	PRINCIPAL_INVESTIGATOR	Samar Farid	CANONICAL_PROJECT_SOURCE	ACCEPTED
2493-RA	person:eqmember:17998	PRINCIPAL_INVESTIGATOR	Tessa Peasgood	CANONICAL_PROJECT_SOURCE	ACCEPTED
2500-RA	person:leader:606823d7ed51	PRINCIPAL_INVESTIGATOR	Stevanus Pangestu	CANONICAL_PROJECT_SOURCE	ACCEPTED
2501-RA	person:eqmember:19813	PRINCIPAL_INVESTIGATOR	Benjamin M. Craig	CANONICAL_PROJECT_SOURCE	ACCEPTED
2506-RA	person:leader:c2ede8bddc17	PRINCIPAL_INVESTIGATOR	Arjun Bhadhuri	CANONICAL_PROJECT_SOURCE	ACCEPTED
2510-VS	person:leader:ff5ebc6fc226	PRINCIPAL_INVESTIGATOR	Seungjin Bae	CANONICAL_PROJECT_SOURCE	ACCEPTED
2511-RA	person:leader:db0cd1478ab2	PRINCIPAL_INVESTIGATOR	Akanksha Akanksha	CANONICAL_PROJECT_SOURCE	ACCEPTED
2517-RA	person:leader:2fd1b3a52d2e	PRINCIPAL_INVESTIGATOR	Sofia Vallejo	CANONICAL_PROJECT_SOURCE	ACCEPTED
2522-EO	person:leader:39e3bb2019e3	PRINCIPAL_INVESTIGATOR	Samar Farid	CANONICAL_PROJECT_SOURCE	ACCEPTED
2530-RA	person:leader:16c3b78cea49	PRINCIPAL_INVESTIGATOR	Priyanka Banik	CANONICAL_PROJECT_SOURCE	ACCEPTED
2531-EO	person:eqmember:19028	PRINCIPAL_INVESTIGATOR	Ling Jie Cheng	CANONICAL_PROJECT_SOURCE	ACCEPTED
2540-EO	person:eqmember:17897	PRINCIPAL_INVESTIGATOR	Kim Rand	CANONICAL_PROJECT_SOURCE	ACCEPTED
2544-RA	person:eqmember:18018	PRINCIPAL_INVESTIGATOR	You-Shan Feng	CANONICAL_PROJECT_SOURCE	ACCEPTED
2553-RA	person:eqmember:17879	PRINCIPAL_INVESTIGATOR	Jeffrey A. Johnson	CANONICAL_PROJECT_SOURCE	ACCEPTED
2560-RA	person:eqmember:17847	PRINCIPAL_INVESTIGATOR	Fatima Al Sayah	CANONICAL_PROJECT_SOURCE	ACCEPTED
2563-RA	person:leader:708432e727df	PRINCIPAL_INVESTIGATOR	Yirga Legesse Niriayo	CANONICAL_PROJECT_SOURCE	ACCEPTED
2564-RA	person:leader:fa2f4d6479ec	PRINCIPAL_INVESTIGATOR	Mihretab Gebreslassie	CANONICAL_PROJECT_SOURCE	ACCEPTED
2566-RA	person:eqmember:17851	PRINCIPAL_INVESTIGATOR	Feng Xie	CANONICAL_PROJECT_SOURCE	ACCEPTED
2569-RA	person:leader:a88a6c88814a	PRINCIPAL_INVESTIGATOR	Rainer Reile	CANONICAL_PROJECT_SOURCE	ACCEPTED
2582-SG	person:leader:0a4ba2690908	PRINCIPAL_INVESTIGATOR	Paul Schneider	CANONICAL_PROJECT_SOURCE	ACCEPTED
2583-EO	person:leader:6b971e7fb4c3	PRINCIPAL_INVESTIGATOR	Jonathan Nazari	CANONICAL_PROJECT_SOURCE	ACCEPTED
2584-RA	person:eqmember:21551	PRINCIPAL_INVESTIGATOR	Alice Yu	CANONICAL_PROJECT_SOURCE	ACCEPTED
2585-RA	person:leader:697a63a74011	PRINCIPAL_INVESTIGATOR	Soumana Chamoun Nasser	CANONICAL_PROJECT_SOURCE	ACCEPTED
2588-TR	person:eqmember:17893	PRINCIPAL_INVESTIGATOR	Juan M. Ramos-Goñi	CANONICAL_PROJECT_SOURCE	ACCEPTED
2589-RA	person:leader:320b99af03c2	PRINCIPAL_INVESTIGATOR	María Belizan	CANONICAL_PROJECT_SOURCE	ACCEPTED
2592-RA	person:leader:80409a103005	PRINCIPAL_INVESTIGATOR	Juan Pedro Alonso	CANONICAL_PROJECT_SOURCE	ACCEPTED
2593-RA	person:eqmember:17851	PRINCIPAL_INVESTIGATOR	Feng Xie	CANONICAL_PROJECT_SOURCE	ACCEPTED
2594-RA	person:eqmember:19005	PRINCIPAL_INVESTIGATOR	Bas Janssen	CANONICAL_PROJECT_SOURCE	ACCEPTED
2598-RA	person:leader:58f9f9b702a9	PRINCIPAL_INVESTIGATOR	Rini Noviyani	CANONICAL_PROJECT_SOURCE	ACCEPTED
260-RA	person:leader:eb823a3d3fe9	PRINCIPAL_INVESTIGATOR	Annette Regan	CANONICAL_PROJECT_SOURCE	ACCEPTED
2602-SG	person:leader:08f441c510b7	PRINCIPAL_INVESTIGATOR	Taavi Lai	CANONICAL_PROJECT_SOURCE	ACCEPTED
2605-RA	person:eqmember:19028	PRINCIPAL_INVESTIGATOR	Ling Jie Cheng	CANONICAL_PROJECT_SOURCE	ACCEPTED
2621-VS	person:leader:a88a6c88814a	PRINCIPAL_INVESTIGATOR	Rainer Reile	CANONICAL_PROJECT_SOURCE	ACCEPTED
2623-RA	person:eqmember:17958	PRINCIPAL_INVESTIGATOR	Ole Marten	CANONICAL_PROJECT_SOURCE	ACCEPTED
2626-RA	person:eqmember:17897	PRINCIPAL_INVESTIGATOR	Kim Rand	CANONICAL_PROJECT_SOURCE	ACCEPTED
2629-RA	person:leader:da2b6bcaceb6	PRINCIPAL_INVESTIGATOR	Annushiah Vasan Thakumar	CANONICAL_PROJECT_SOURCE	ACCEPTED
2633-TVG	person:eqmember:17877	PRINCIPAL_INVESTIGATOR	Janine Verstraete	CANONICAL_PROJECT_SOURCE	ACCEPTED
2638-RA	person:leader:17f6764f4e92	PRINCIPAL_INVESTIGATOR	Stella Heemskerk	CANONICAL_PROJECT_SOURCE	ACCEPTED
2644-EO	person:eqmember:17837	PRINCIPAL_INVESTIGATOR	Elly Stolk	CANONICAL_PROJECT_SOURCE	ACCEPTED
2647-RA	person:eqmember:17805	PRINCIPAL_INVESTIGATOR	Bram Roudijk	CANONICAL_PROJECT_SOURCE	ACCEPTED
2649-EO	person:leader:8d9ce63b49ad	PRINCIPAL_INVESTIGATOR	Xin Zhang	CANONICAL_PROJECT_SOURCE	ACCEPTED
2653-TVG	person:eqmember:17954	PRINCIPAL_INVESTIGATOR	Nils Gutacker	CANONICAL_PROJECT_SOURCE	ACCEPTED
274-RA	person:eqmember:17944	PRINCIPAL_INVESTIGATOR	Nan Luo	CANONICAL_PROJECT_SOURCE	ACCEPTED
282-RA	person:eqmember:17998	PRINCIPAL_INVESTIGATOR	Tessa Peasgood	CANONICAL_PROJECT_SOURCE	ACCEPTED
285-PHD	person:leader:2f6e9bb0322d	PRINCIPAL_INVESTIGATOR	Janine van Til	CANONICAL_PROJECT_SOURCE	ACCEPTED
287-PHD	person:leader:c2d00c5008f7	PRINCIPAL_INVESTIGATOR	Joshua Bonsel	CANONICAL_PROJECT_SOURCE	ACCEPTED
289-RA	person:eqmember:18646	PRINCIPAL_INVESTIGATOR	Edward Webb	CANONICAL_PROJECT_SOURCE	ACCEPTED
291-RA	person:eqmember:17966	PRINCIPAL_INVESTIGATOR	Paula Lorgelly	CANONICAL_PROJECT_SOURCE	ACCEPTED
295-RA	person:eqmember:21677	PRINCIPAL_INVESTIGATOR	Cate Bailey	CANONICAL_PROJECT_SOURCE	ACCEPTED
299-RA	person:leader:ef46534448d4	PRINCIPAL_INVESTIGATOR	Vincent Lau	CANONICAL_PROJECT_SOURCE	ACCEPTED
301-SG	person:leader:81812806310c	PRINCIPAL_INVESTIGATOR	Alexander Geissler	CANONICAL_PROJECT_SOURCE	ACCEPTED
302-EO	person:eqmember:19813	PRINCIPAL_INVESTIGATOR	Benjamin Craig	CANONICAL_PROJECT_SOURCE	ACCEPTED
304-PHD	person:eqmember:19813	PRINCIPAL_INVESTIGATOR	Benjamin Craig	CANONICAL_PROJECT_SOURCE	ACCEPTED
307-RA	person:leader:e448059d8472	PRINCIPAL_INVESTIGATOR	Philip Powell	CANONICAL_PROJECT_SOURCE	ACCEPTED
309-RA	person:eqmember:17897	PRINCIPAL_INVESTIGATOR	Kim Rand	CANONICAL_PROJECT_SOURCE	ACCEPTED
310-RA	person:leader:c4ed61eb8dc6	PRINCIPAL_INVESTIGATOR	Professor Philip Clarke	CANONICAL_PROJECT_SOURCE	ACCEPTED
313-PHD	person:eqmember:17787	PRINCIPAL_INVESTIGATOR	Abraham Gebregziabiher	CANONICAL_PROJECT_SOURCE	ACCEPTED
315-RA	person:eqmember:17895	PRINCIPAL_INVESTIGATOR	Juanita Haagsma	CANONICAL_PROJECT_SOURCE	ACCEPTED
316-EO	person:leader:4fa690feeeb8	PRINCIPAL_INVESTIGATOR	Oriana Ciani	CANONICAL_PROJECT_SOURCE	ACCEPTED
317-RA	person:leader:6cc4c9299d70	PRINCIPAL_INVESTIGATOR	goitom molalign	CANONICAL_PROJECT_SOURCE	ACCEPTED
318-RA	person:eqmember:18012	PRINCIPAL_INVESTIGATOR	Xuejing Jin	CANONICAL_PROJECT_SOURCE	ACCEPTED
319-RA	person:leader:ad85e8f1703b	PRINCIPAL_INVESTIGATOR	Antony Martin	CANONICAL_PROJECT_SOURCE	ACCEPTED
320-VS	person:eqmember:17944	PRINCIPAL_INVESTIGATOR	Nan Luo	CANONICAL_PROJECT_SOURCE	ACCEPTED
321-VS	person:eqmember:17944	PRINCIPAL_INVESTIGATOR	Nan Luo	CANONICAL_PROJECT_SOURCE	ACCEPTED
322-RA	person:eqmember:17807	PRINCIPAL_INVESTIGATOR	Brendan Mulhern	CANONICAL_PROJECT_SOURCE	ACCEPTED
323-RA	person:leader:d9674d98607b	PRINCIPAL_INVESTIGATOR	Yared Belete Belay	CANONICAL_PROJECT_SOURCE	ACCEPTED
326-RA	person:eqmember:17819	PRINCIPAL_INVESTIGATOR	Clara Mukuria	CANONICAL_PROJECT_SOURCE	ACCEPTED
327-RA	person:leader:d9674d98607b	PRINCIPAL_INVESTIGATOR	Yared Belete Belay	CANONICAL_PROJECT_SOURCE	ACCEPTED
328-RA	person:leader:41a7c337ba63	PRINCIPAL_INVESTIGATOR	Cynthia L. Gong	CANONICAL_PROJECT_SOURCE	ACCEPTED
329-RA	person:eqmember:18018	PRINCIPAL_INVESTIGATOR	You-Shan Feng	CANONICAL_PROJECT_SOURCE	ACCEPTED
330-PHD	person:leader:50cca9cff5d9	PRINCIPAL_INVESTIGATOR	Kim Dalziel	CANONICAL_PROJECT_SOURCE	ACCEPTED
333-RA	person:eqmember:17811	PRINCIPAL_INVESTIGATOR	Carlos Wong	CANONICAL_PROJECT_SOURCE	ACCEPTED
335-RA	person:leader:39e3bb2019e3	PRINCIPAL_INVESTIGATOR	Samar Farid	CANONICAL_PROJECT_SOURCE	ACCEPTED
337-RA	person:eqmember:17831	PRINCIPAL_INVESTIGATOR	Dominik Golicki	CANONICAL_PROJECT_SOURCE	ACCEPTED
338-EO	person:leader:39e3bb2019e3	PRINCIPAL_INVESTIGATOR	Samar Farid	CANONICAL_PROJECT_SOURCE	ACCEPTED
339-RA	person:eqmember:17831	PRINCIPAL_INVESTIGATOR	Dominik Golicki	CANONICAL_PROJECT_SOURCE	ACCEPTED
340-RA	person:eqmember:17787	PRINCIPAL_INVESTIGATOR	Abraham Gebregziabiher	CANONICAL_PROJECT_SOURCE	ACCEPTED
341-RA	person:eqmember:17867	PRINCIPAL_INVESTIGATOR	Henry Bailey	CANONICAL_PROJECT_SOURCE	ACCEPTED
342-RA	person:eqmember:17851	PRINCIPAL_INVESTIGATOR	Feng Xie	CANONICAL_PROJECT_SOURCE	ACCEPTED
343-RA	person:leader:5fdc94f27d8c	PRINCIPAL_INVESTIGATOR	Girma  Tekle Gebremariam	CANONICAL_PROJECT_SOURCE	ACCEPTED
344-VS	person:leader:da1bac7dcc2d	PRINCIPAL_INVESTIGATOR	madeeha malik	CANONICAL_PROJECT_SOURCE	ACCEPTED
345-PHD	person:eqmember:17851	PRINCIPAL_INVESTIGATOR	Feng Xie	CANONICAL_PROJECT_SOURCE	ACCEPTED
348-PHD	person:eqmember:17998	PRINCIPAL_INVESTIGATOR	Tessa Peasgood	CANONICAL_PROJECT_SOURCE	ACCEPTED
349-RA	person:eqmember:17803	PRINCIPAL_INVESTIGATOR	Bernhard Michalowsky	CANONICAL_PROJECT_SOURCE	ACCEPTED
351-RA	person:leader:fc07b6540d1a	PRINCIPAL_INVESTIGATOR	Michela Meregaglia	CANONICAL_PROJECT_SOURCE	ACCEPTED
352-RA	person:leader:97c18766e2ad	PRINCIPAL_INVESTIGATOR	Malin Regardt	CANONICAL_PROJECT_SOURCE	ACCEPTED
353-RA	person:eqmember:18019	PRINCIPAL_INVESTIGATOR	Zhihao Yang	CANONICAL_PROJECT_SOURCE	ACCEPTED
354-RA	person:leader:d3568854a78c	PRINCIPAL_INVESTIGATOR	Camilla Falivena	CANONICAL_PROJECT_SOURCE	ACCEPTED
355-RA	person:eqmember:17948	PRINCIPAL_INVESTIGATOR	Narcis Gusi	CANONICAL_PROJECT_SOURCE	ACCEPTED
356-PHD	person:eqmember:17920	PRINCIPAL_INVESTIGATOR	Marcel Jonker	CANONICAL_PROJECT_SOURCE	ACCEPTED
357-RA	person:eqmember:17867	PRINCIPAL_INVESTIGATOR	Henry Bailey	CANONICAL_PROJECT_SOURCE	ACCEPTED
358-RA	person:eqmember:17956	PRINCIPAL_INVESTIGATOR	Ning Yan Gu	CANONICAL_PROJECT_SOURCE	ACCEPTED
361-RA	person:leader:50cca9cff5d9	PRINCIPAL_INVESTIGATOR	Kim Dalziel	CANONICAL_PROJECT_SOURCE	ACCEPTED
364-RA	person:eqmember:17944	PRINCIPAL_INVESTIGATOR	Nan Luo	CANONICAL_PROJECT_SOURCE	ACCEPTED
365-RA	person:eqmember:17877	PRINCIPAL_INVESTIGATOR	Janine Verstraete	CANONICAL_PROJECT_SOURCE	ACCEPTED
367-RA	person:eqmember:17879	PRINCIPAL_INVESTIGATOR	Jeff Johnson	CANONICAL_PROJECT_SOURCE	ACCEPTED
370-RA	person:eqmember:17946	PRINCIPAL_INVESTIGATOR	Nancy Devlin	CANONICAL_PROJECT_SOURCE	ACCEPTED
377-VS	person:eqmember:18006	PRINCIPAL_INVESTIGATOR	Valentina Prevolnik Rupel	CANONICAL_PROJECT_SOURCE	ACCEPTED
384-RA	person:leader:eb823a3d3fe9	PRINCIPAL_INVESTIGATOR	Annette Regan	CANONICAL_PROJECT_SOURCE	ACCEPTED
389-RA	person:eqmember:17936	PRINCIPAL_INVESTIGATOR	Mihir Gandhi	CANONICAL_PROJECT_SOURCE	ACCEPTED
396-RA	person:leader:7cc6d6bc4d21	PRINCIPAL_INVESTIGATOR	Afewerki Gebremeskel	CANONICAL_PROJECT_SOURCE	ACCEPTED
398-RA	person:eqmember:18021	PRINCIPAL_INVESTIGATOR	Zhuxin Mao	CANONICAL_PROJECT_SOURCE	ACCEPTED
399-RA	person:eqmember:17946	PRINCIPAL_INVESTIGATOR	Nancy Devlin	CANONICAL_PROJECT_SOURCE	ACCEPTED
401-RA	person:leader:fa3dd095d626	PRINCIPAL_INVESTIGATOR	pei wang	CANONICAL_PROJECT_SOURCE	ACCEPTED
402-RA	person:eqmember:17944	PRINCIPAL_INVESTIGATOR	Nan Luo	CANONICAL_PROJECT_SOURCE	ACCEPTED
404-RA	person:eqmember:17934	PRINCIPAL_INVESTIGATOR	Michał Jakubczyk	CANONICAL_PROJECT_SOURCE	ACCEPTED
409-RA	person:eqmember:17956	PRINCIPAL_INVESTIGATOR	Ning Yan Gu	CANONICAL_PROJECT_SOURCE	ACCEPTED
414-PHD	person:eqmember:19030	PRINCIPAL_INVESTIGATOR	Maja Kuharic	CANONICAL_PROJECT_SOURCE	ACCEPTED
415-RA	person:eqmember:17920	PRINCIPAL_INVESTIGATOR	Marcel Jonker	CANONICAL_PROJECT_SOURCE	ACCEPTED
416-RA	person:eqmember:17992	PRINCIPAL_INVESTIGATOR	Stefan Lipman	CANONICAL_PROJECT_SOURCE	ACCEPTED
417-RA	person:eqmember:17992	PRINCIPAL_INVESTIGATOR	Stefan Lipman	CANONICAL_PROJECT_SOURCE	ACCEPTED
420-RA	person:eqmember:17895	PRINCIPAL_INVESTIGATOR	Juanita Haagsma	CANONICAL_PROJECT_SOURCE	ACCEPTED
425-RA	person:eqmember:17877	PRINCIPAL_INVESTIGATOR	Janine Verstraete	CANONICAL_PROJECT_SOURCE	ACCEPTED
426-RA	person:eqmember:17877	PRINCIPAL_INVESTIGATOR	Janine Verstraete	CANONICAL_PROJECT_SOURCE	ACCEPTED
427-RA	person:eqmember:17815	PRINCIPAL_INVESTIGATOR	Chris Sampson	CANONICAL_PROJECT_SOURCE	ACCEPTED
428-RA	person:eqmember:18002	PRINCIPAL_INVESTIGATOR	Tianxin Pan	CANONICAL_PROJECT_SOURCE	ACCEPTED
429-RA	person:leader:0687af044b11	PRINCIPAL_INVESTIGATOR	Jenny Downs	CANONICAL_PROJECT_SOURCE	ACCEPTED
430-RA	person:leader:04cf56c7a04c	PRINCIPAL_INVESTIGATOR	Kompal Sinha	CANONICAL_PROJECT_SOURCE	ACCEPTED
431-RA	person:eqmember:17934	PRINCIPAL_INVESTIGATOR	Michał Jakubczyk	CANONICAL_PROJECT_SOURCE	ACCEPTED
432-RA	person:eqmember:17821	PRINCIPAL_INVESTIGATOR	David Mott	CANONICAL_PROJECT_SOURCE	ACCEPTED
435-RA	person:leader:78f0dc6cb8d8	PRINCIPAL_INVESTIGATOR	Arthur Attema	CANONICAL_PROJECT_SOURCE	ACCEPTED
436-RA	person:leader:ece94cf47888	PRINCIPAL_INVESTIGATOR	Begashaw Melaku Gebresillassie	CANONICAL_PROJECT_SOURCE	ACCEPTED
439-PHD	person:eqmember:17944	PRINCIPAL_INVESTIGATOR	Nan Luo	CANONICAL_PROJECT_SOURCE	ACCEPTED
441-RA	person:eqmember:18004	PRINCIPAL_INVESTIGATOR	Trudy Sullivan	CANONICAL_PROJECT_SOURCE	ACCEPTED
442-RA	person:eqmember:17855	PRINCIPAL_INVESTIGATOR	Fredrick Dermawan Purba	CANONICAL_PROJECT_SOURCE	ACCEPTED
444-RA	person:eqmember:21678	PRINCIPAL_INVESTIGATOR	Ricahrd Xu	CANONICAL_PROJECT_SOURCE	ACCEPTED
445-RA	person:eqmember:17879	PRINCIPAL_INVESTIGATOR	Jeffrey Johnson	CANONICAL_PROJECT_SOURCE	ACCEPTED
449-RA	person:leader:6cc4c9299d70	PRINCIPAL_INVESTIGATOR	Goitom Molalign Takele	CANONICAL_PROJECT_SOURCE	ACCEPTED
450-RA	person:eqmember:17893	PRINCIPAL_INVESTIGATOR	Juan M. Ramos-Goñi	CANONICAL_PROJECT_SOURCE	ACCEPTED
452-RA	person:eqmember:17924	PRINCIPAL_INVESTIGATOR	Mark Oppe	CANONICAL_PROJECT_SOURCE	ACCEPTED
454-RA	person:leader:c05d651d6895	PRINCIPAL_INVESTIGATOR	Ilias Goranitis	CANONICAL_PROJECT_SOURCE	ACCEPTED
456-RA	person:eqmember:18019	PRINCIPAL_INVESTIGATOR	Zhihao Yang	CANONICAL_PROJECT_SOURCE	ACCEPTED
458-RA	person:eqmember:19005	PRINCIPAL_INVESTIGATOR	Bas Janssen	CANONICAL_PROJECT_SOURCE	ACCEPTED
460-RA	person:eqmember:17895	PRINCIPAL_INVESTIGATOR	Juanita Haagsma	CANONICAL_PROJECT_SOURCE	ACCEPTED
461-RA	person:eqmember:19005	PRINCIPAL_INVESTIGATOR	Bas Janssen	CANONICAL_PROJECT_SOURCE	ACCEPTED
462-RA	person:eqmember:18008	PRINCIPAL_INVESTIGATOR	Victor Zarate	CANONICAL_PROJECT_SOURCE	ACCEPTED
464-RA	person:eqmember:19813	PRINCIPAL_INVESTIGATOR	Benjamin M. Craig	CANONICAL_PROJECT_SOURCE	ACCEPTED
466-RA	person:eqmember:19032	PRINCIPAL_INVESTIGATOR	Mina Bahrampour	CANONICAL_PROJECT_SOURCE	ACCEPTED
512-RA	person:eqmember:17861	PRINCIPAL_INVESTIGATOR	Gouke Bonsel	CANONICAL_PROJECT_SOURCE	ACCEPTED
59-VS	person:leader:9298090f50fe	PRINCIPAL_INVESTIGATOR	Sandjar Djalalov	CANONICAL_PROJECT_SOURCE	ACCEPTED
60-VS	person:leader:3722354a14bd	PRINCIPAL_INVESTIGATOR	Abeer Al Rabayah	CANONICAL_PROJECT_SOURCE	ACCEPTED
645-RA	person:eqmember:17861	PRINCIPAL_INVESTIGATOR	Gouke Bonsel	CANONICAL_PROJECT_SOURCE	ACCEPTED
69-RA	person:eqmember:17944	PRINCIPAL_INVESTIGATOR	Nan Luo	CANONICAL_PROJECT_SOURCE	ACCEPTED
71-RA	person:leader:c39630e8495b	PRINCIPAL_INVESTIGATOR	Judith Bosmans	CANONICAL_PROJECT_SOURCE	ACCEPTED
74-RA	person:eqmember:17893	PRINCIPAL_INVESTIGATOR	Juan Manuel Ramos-Goñi	CANONICAL_PROJECT_SOURCE	ACCEPTED
75-EO	person:eqmember:18019	PRINCIPAL_INVESTIGATOR	Zhihao Yang	CANONICAL_PROJECT_SOURCE	ACCEPTED
76-RA	person:eqmember:17944	PRINCIPAL_INVESTIGATOR	Nan Luo	CANONICAL_PROJECT_SOURCE	ACCEPTED
77-RA	person:eqmember:17895	PRINCIPAL_INVESTIGATOR	Juanita Haagsma	CANONICAL_PROJECT_SOURCE	ACCEPTED
78-RA	person:eqmember:17962	PRINCIPAL_INVESTIGATOR	Paul Kind	CANONICAL_PROJECT_SOURCE	ACCEPTED
79-RA	person:leader:d9674d98607b	PRINCIPAL_INVESTIGATOR	Yared Belete Belay	CANONICAL_PROJECT_SOURCE	ACCEPTED
82-RA	person:eqmember:17901	PRINCIPAL_INVESTIGATOR	Koonal Shah	CANONICAL_PROJECT_SOURCE	ACCEPTED
83-VS	person:eqmember:17974	PRINCIPAL_INVESTIGATOR	Richard Norman	CANONICAL_PROJECT_SOURCE	ACCEPTED
84-RA	person:eqmember:17956	PRINCIPAL_INVESTIGATOR	Ning Yan Gu	CANONICAL_PROJECT_SOURCE	ACCEPTED
85-RA	person:eqmember:21678	PRINCIPAL_INVESTIGATOR	Richard Huan XU	CANONICAL_PROJECT_SOURCE	ACCEPTED
89-RA	person:eqmember:17787	PRINCIPAL_INVESTIGATOR	Abraham Gebregziabiher	CANONICAL_PROJECT_SOURCE	ACCEPTED
91-RA	person:leader:a850393650ee	PRINCIPAL_INVESTIGATOR	Beata Koń	CANONICAL_PROJECT_SOURCE	ACCEPTED
92-2020RA	person:eqmember:18019	PRINCIPAL_INVESTIGATOR	Zhihao Yang	CANONICAL_PROJECT_SOURCE	ACCEPTED
96-EO	person:eqmember:17847	PRINCIPAL_INVESTIGATOR	Fatima Al Sayah	CANONICAL_PROJECT_SOURCE	ACCEPTED
99-RA	person:eqmember:17807	PRINCIPAL_INVESTIGATOR	Brendan Mulhern	CANONICAL_PROJECT_SOURCE	ACCEPTED
