publication_id	author_order	source_person_id	resolved_person_id	source_name	source_orcid	openalex_id	openalex_name	openalex_orcid	resolution_method	resolution_status	note
doi:10.1002/hec.4529	1	author:doi:10.1002/hec.4529:1	person:eqmember:17992	Stefan A Lipman		A5078862538	Stefan A. Lipman	0000-0002-8784-9650	CANONICAL_ORCID	ACCEPTED	
doi:10.1002/hec.4529	2	author:doi:10.1002/hec.4529:2	person:leader:78f0dc6cb8d8	Arthur E Attema		A5082166488	Arthur E. Attema	0000-0003-3607-6579	CANONICAL_ORCID	ACCEPTED	
doi:10.1002/hec.4529	3	author:doi:10.1002/hec.4529:3	person:eqmember:17928	Matthijs M Versteegh		A5086031530	Matthijs Versteegh	0000-0003-4804-235x	CANONICAL_ORCID	ACCEPTED	
doi:10.1002/hsr2.70308	1	orcid:0000-0002-6143-1555	person:orcid:0000-0002-6143-1555	Allison L. Soprovich	0000-0002-6143-1555	A5019735060	Allison Soprovich	0000-0002-6143-1555	AUTHOR_ORCID	ACCEPTED	
doi:10.1002/hsr2.70308	2	author:doi:10.1002/hsr2.70308:2	person:orcid:0000-0002-7142-3364	Hilary Short		A5022113389	Hilary Short	0000-0002-7142-3364	AUTHOR_ORCID	ACCEPTED	
doi:10.1002/hsr2.70308	3	author:doi:10.1002/hsr2.70308:3	person:openalex:A5108712913	Al‐Bakir Ali		A5108712913	Al‐Bakir Ali		AUTHOR_OPENALEX_ID	ACCEPTED	
doi:10.1002/hsr2.70308	4	author:doi:10.1002/hsr2.70308:4	person:openalex:A5032068645	Krista Brower		A5032068645	Krista Brower		AUTHOR_OPENALEX_ID	ACCEPTED	
doi:10.1002/hsr2.70308	5	author:doi:10.1002/hsr2.70308:5	person:eqmember:17795	Arto Ohinmaa		A5087246819	Arto Öhinmaa	0000-0002-7094-1573	CANONICAL_ORCID	ACCEPTED	
doi:10.1002/hsr2.70308	6	author:doi:10.1002/hsr2.70308:6	person:eqmember:17879	Jeffrey A. Johnson		A5067514299	Jeffrey Johnson	0000-0001-8290-2857	CANONICAL_NAME_AND_LINKED_PROJECT	ACCEPTED	
doi:10.1002/ppul.71031	1	author:doi:10.1002/ppul.71031:1	person:leader:73598c4735dd	Wenjing Zhou		A5080372262	Wenjing Zhou	0000-0003-0770-4564	CANONICAL_ORCID	ACCEPTED	
doi:10.1002/ppul.71031	2	author:doi:10.1002/ppul.71031:2	person:eqmember:17930	Michael Herdman		A5006750775	Michael Herdman	0000-0002-8189-5357	CANONICAL_ORCID	ACCEPTED	
doi:10.1002/ppul.71031	3	author:doi:10.1002/ppul.71031:3	person:eqmember:18019	Zhihao Yang		A5028809099	Zhihao Yang	0000-0001-5468-0847	CANONICAL_ORCID	ACCEPTED	
doi:10.1002/ppul.71031	4	author:doi:10.1002/ppul.71031:4	person:orcid:0000-0002-8314-8259	Bin Wu		A5103219361	Bin Wu	0000-0002-8314-8259	AUTHOR_ORCID	ACCEPTED	
doi:10.1002/ppul.71031	5	author:doi:10.1002/ppul.71031:5	person:leader:fa3dd095d626	Pei Wang		A5100462659	Pei Wang	0000-0003-3661-3944	CANONICAL_PROPAGATED_OPENALEX	ACCEPTED	same OpenAlex author occurs in a source-confirmed canonical paper
doi:10.1002/ppul.71031	6	author:doi:10.1002/ppul.71031:6	person:eqmember:17875	Jan Busschbach		A5020122364	Jan J.V. Busschbach	0000-0002-8602-0381	CANONICAL_ORCID	ACCEPTED	
doi:10.1002/ppul.71031	7	author:doi:10.1002/ppul.71031:7	person:orcid:0000-0001-5559-2574	Yanming Lu		A5101609487	Yanming Lu	0000-0001-5559-2574	AUTHOR_ORCID	ACCEPTED	
doi:10.1002/ppul.71031	8	author:doi:10.1002/ppul.71031:8	person:eqmember:17944	Nan Luo		A5064398143	Nan Luo	0000-0001-7980-6979	CANONICAL_ORCID	ACCEPTED	
doi:10.1007/s10198-018-0987-x	1	author:doi:10.1007/s10198-018-0987-x:1	person:eqmember:17843	Fan Yang		A5056976700	Fan Yang	0000-0003-4689-265x	CANONICAL_ORCID	ACCEPTED	
doi:10.1007/s10198-018-0987-x	2	author:doi:10.1007/s10198-018-0987-x:2	person:eqmember:17946	Nancy Devlin		A5103206776	Nancy Devlin	0000-0002-1561-5361	CANONICAL_ORCID	ACCEPTED	
doi:10.1007/s10198-018-0987-x	3	author:doi:10.1007/s10198-018-0987-x:3	person:eqmember:17944	Nan Luo		A5064398143	Nan Luo	0000-0001-7980-6979	CANONICAL_ORCID	ACCEPTED	
doi:10.1007/s10198-018-0993-z	1	author:doi:10.1007/s10198-018-0993-z:1	person:eqmember:17946	Nancy J Devlin		A5103206776	Nancy Devlin	0000-0002-1561-5361	CANONICAL_ORCID	ACCEPTED	
doi:10.1007/s10198-018-0993-z	2	author:doi:10.1007/s10198-018-0993-z:2	person:eqmember:17901	Koonal K Shah		A5083575745	Koonal Shah	0000-0002-4927-7858	CANONICAL_ORCID	ACCEPTED	
doi:10.1007/s10198-018-0993-z	3	author:doi:10.1007/s10198-018-0993-z:3	person:eqmember:17807	Brendan J Mulhern		A5090013218	Brendan Mulhern	0000-0003-3656-8063	CANONICAL_ORCID	ACCEPTED	
doi:10.1007/s10198-018-0993-z	4	author:doi:10.1007/s10198-018-0993-z:4	person:orcid:0000-0001-6241-0249	Krystallia Pantiri		A5021997891	Krystallia Pantiri	0000-0001-6241-0249	AUTHOR_ORCID	ACCEPTED	
doi:10.1007/s10198-018-0993-z	5	author:doi:10.1007/s10198-018-0993-z:5	person:eqmember:17799	Ben van Hout		A5032690231	Ben van Hout	0000-0001-9698-6094	CANONICAL_ORCID	ACCEPTED	
doi:10.1007/s10198-020-01205-9	1	author:doi:10.1007/s10198-020-01205-9:1	person:eqmember:17901	Koonal K Shah		A5083575745	Koonal Shah	0000-0002-4927-7858	CANONICAL_ORCID	ACCEPTED	
doi:10.1007/s10198-020-01205-9	2	author:doi:10.1007/s10198-020-01205-9:2	person:eqmember:17893	Juan Manuel Ramos-Goñi		A5047957689	Juan Manuel Ramos-Goñi	0000-0002-9568-5190	CANONICAL_ORCID	ACCEPTED	
doi:10.1007/s10198-020-01205-9	3	author:doi:10.1007/s10198-020-01205-9:3	person:orcid:0000-0002-4832-7833	Simone Kreimeier		A5033965888	Simone Kreimeier	0000-0002-4832-7833	AUTHOR_ORCID	ACCEPTED	
doi:10.1007/s10198-020-01205-9	4	author:doi:10.1007/s10198-020-01205-9:4	person:eqmember:17946	Nancy J Devlin		A5103206776	Nancy Devlin	0000-0002-1561-5361	CANONICAL_ORCID	ACCEPTED	
doi:10.1007/s10198-021-01306-z	1	orcid:0000-0001-8024-7801	person:eqmember:17998	Tessa Peasgood	0000-0001-8024-7801	A5022446221	Tessa Peasgood	0000-0001-8024-7801	CANONICAL_ORCID	ACCEPTED	
doi:10.1007/s10198-021-01306-z	2	author:doi:10.1007/s10198-021-01306-z:2	person:eqmember:17819	Clara Mukuria		A5043083823	Clara Mukuria	0000-0003-4318-1481	CANONICAL_ORCID	ACCEPTED	
doi:10.1007/s10198-021-01306-z	3	author:doi:10.1007/s10198-021-01306-z:3	person:leader:63cb6b329986	Jill Carlton		A5051490866	Jill Carlton	0000-0002-9373-7663	CANONICAL_ORCID	ACCEPTED	
doi:10.1007/s10198-021-01306-z	4	author:doi:10.1007/s10198-021-01306-z:4	person:orcid:0000-0003-4609-3911	Janice Connell		A5037958944	Janice Connell	0000-0003-4609-3911	AUTHOR_ORCID	ACCEPTED	
doi:10.1007/s10198-021-01306-z	5	author:doi:10.1007/s10198-021-01306-z:5	person:eqmember:17946	Nancy Devlin		A5103206776	Nancy Devlin	0000-0002-1561-5361	CANONICAL_ORCID	ACCEPTED	
doi:10.1007/s10198-021-01306-z	6	author:doi:10.1007/s10198-021-01306-z:6	person:orcid:0000-0003-0851-8341	Karen Jones		A5044553114	Karen Jones	0000-0003-0851-8341	AUTHOR_ORCID	ACCEPTED	
doi:10.1007/s10198-021-01306-z	7	author:doi:10.1007/s10198-021-01306-z:7	person:openalex:A5111788632	Rosemary Lovett		A5111788632	Rosemary Lovett		AUTHOR_OPENALEX_ID	ACCEPTED	
doi:10.1007/s10198-021-01306-z	8	author:doi:10.1007/s10198-021-01306-z:8	person:openalex:A5072547675	Bhash Naidoo		A5072547675	Bhash Naidoo		AUTHOR_OPENALEX_ID	ACCEPTED	
doi:10.1007/s10198-021-01306-z	9	author:doi:10.1007/s10198-021-01306-z:9	person:orcid:0000-0001-9071-2842	Stacey Rand		A5079445531	Stacey Rand	0000-0001-9071-2842	AUTHOR_ORCID	ACCEPTED	
doi:10.1007/s10198-021-01306-z	10	author:doi:10.1007/s10198-021-01306-z:10	person:orcid:0000-0002-0680-7353	Juan Carlos Rejon-Parrilla		A5076030034	Juan Carlos Rejón-Parrilla	0000-0002-0680-7353	AUTHOR_ORCID	ACCEPTED	
doi:10.1007/s10198-021-01306-z	11	author:doi:10.1007/s10198-021-01306-z:11	person:eqmember:17833	Donna Rowen		A5067226056	Donna Rowen	0000-0003-3018-5109	CANONICAL_ORCID	ACCEPTED	
doi:10.1007/s10198-021-01306-z	12	author:doi:10.1007/s10198-021-01306-z:12	person:eqmember:17790	Aki Tsuchiya		A5015417862	Aki Tsuchiya	0000-0003-4245-5399	CANONICAL_ORCID	ACCEPTED	
doi:10.1007/s10198-021-01306-z	13	author:doi:10.1007/s10198-021-01306-z:13	person:eqmember:17885	John Brazier		A5007276743	John Brazier	0000-0001-8645-4780	CANONICAL_ORCID	ACCEPTED	
doi:10.1007/s10198-021-01309-w	1	author:doi:10.1007/s10198-021-01309-w:1	person:leader:73598c4735dd	Wenjing Zhou		A5101270720	Wenjing Zhou		CANONICAL_PROPAGATED_EXACT_NAME	ACCEPTED	exact name recurs after source-confirmed canonical linkage
doi:10.1007/s10198-021-01309-w	2	author:doi:10.1007/s10198-021-01309-w:2	person:openalex:A5078510482	Anle Shen		A5078510482	Anle Shen		AUTHOR_OPENALEX_ID	ACCEPTED	
doi:10.1007/s10198-021-01309-w	3	author:doi:10.1007/s10198-021-01309-w:3	person:eqmember:18019	Zhihao Yang		A5028809099	Zhihao Yang	0000-0001-5468-0847	CANONICAL_ORCID	ACCEPTED	
doi:10.1007/s10198-021-01309-w	4	author:doi:10.1007/s10198-021-01309-w:4	person:leader:fa3dd095d626	Pei Wang		A5100462659	Pei Wang	0000-0003-3661-3944	CANONICAL_PROPAGATED_OPENALEX	ACCEPTED	same OpenAlex author occurs in a source-confirmed canonical paper
doi:10.1007/s10198-021-01309-w	5	author:doi:10.1007/s10198-021-01309-w:5	person:orcid:0000-0002-8314-8259	Bin Wu		A5103219361	Bin Wu	0000-0002-8314-8259	AUTHOR_ORCID	ACCEPTED	
doi:10.1007/s10198-021-01309-w	6	author:doi:10.1007/s10198-021-01309-w:6	person:eqmember:17930	Michael Herdman		A5006750775	Michael Herdman	0000-0002-8189-5357	CANONICAL_ORCID	ACCEPTED	
doi:10.1007/s10198-021-01309-w	7	author:doi:10.1007/s10198-021-01309-w:7	person:eqmember:17944	Nan Luo		A5064398143	Nan Luo	0000-0001-7980-6979	CANONICAL_ORCID	ACCEPTED	
doi:10.1007/s10198-021-01377-y	1	orcid:0000-0002-8784-9650	person:eqmember:17992	S. A. Lipman	0000-0002-8784-9650	A5078862538	Stefan A. Lipman	0000-0002-8784-9650	CANONICAL_ORCID	ACCEPTED	
doi:10.1007/s10198-021-01377-y	2	author:doi:10.1007/s10198-021-01377-y:2	person:leader:8677f310bcd0	V. T. Reckers-Droog		A5011536590	Vivian Reckers‐Droog	0000-0001-8722-3431	REVIEWED_AUTHORSHIP_MERGE	ACCEPTED	Exact surname and initials with the same ORCID as the project leader
doi:10.1007/s10198-021-01377-y	3	author:doi:10.1007/s10198-021-01377-y:3	person:eqmember:17937	M. Karimi		A5076374306	Milad Karimi	0000-0002-5298-174x	CANONICAL_ORCID	ACCEPTED	
doi:10.1007/s10198-021-01377-y	4	author:doi:10.1007/s10198-021-01377-y:4	person:eqmember:17934	M. Jakubczyk		A5015781187	Michał Jakubczyk	0000-0002-0006-6769	CANONICAL_ORCID	ACCEPTED	
doi:10.1007/s10198-021-01377-y	5	author:doi:10.1007/s10198-021-01377-y:5	person:leader:78f0dc6cb8d8	A. E. Attema		A5082166488	Arthur E. Attema	0000-0003-3607-6579	CANONICAL_ORCID	ACCEPTED	
doi:10.1007/s10198-022-01481-7	1	orcid:0000-0002-8718-5516	person:leader:fa9a063b5705	Elena Olariu	0000-0002-8718-5516	A5018887750	Elena Olariu	0000-0002-8718-5516	CANONICAL_ORCID	ACCEPTED	
doi:10.1007/s10198-022-01481-7	2	orcid:0000-0003-0370-4903	person:orcid:0000-0003-0370-4903	Wael Mohammed	0000-0003-0370-4903	A5037446166	Wael Mohammed	0000-0003-0370-4903	AUTHOR_ORCID	ACCEPTED	
doi:10.1007/s10198-022-01481-7	3	orcid:0000-0002-9891-8279	person:orcid:0000-0002-9891-8279	Yemi Oluboyede	0000-0002-9891-8279	A5056957640	Yemi Oluboyede	0000-0002-9891-8279	AUTHOR_ORCID	ACCEPTED	
doi:10.1007/s10198-022-01481-7	4	orcid:0000-0001-6489-171x	person:orcid:0000-0001-6489-171x	Raluca Caplescu	0000-0001-6489-171x	A5054647242	Raluca Căplescu	0000-0001-6489-171x	AUTHOR_ORCID	ACCEPTED	
doi:10.1007/s10198-022-01481-7	5	orcid:0000-0003-2902-1641	person:orcid:0000-0003-2902-1641	Ileana Gabriela Niculescu-Aron	0000-0003-2902-1641	A5086290664	Ileana Gabriela Niculescu-Aron	0000-0003-2902-1641	AUTHOR_ORCID	ACCEPTED	
doi:10.1007/s10198-022-01481-7	6	orcid:0000-0002-0702-1715	person:orcid:0000-0002-0702-1715	Marian Sorin Paveliu	0000-0002-0702-1715	A5077743133	Marian Sorin Paveliu	0000-0002-0702-1715	AUTHOR_ORCID	ACCEPTED	
doi:10.1007/s10198-022-01481-7	7	orcid:0000-0001-8574-8429	person:orcid:0000-0001-8574-8429	Luke Vale	0000-0001-8574-8429	A5000940073	Luke Vale	0000-0001-8574-8429	AUTHOR_ORCID	ACCEPTED	
doi:10.1007/s10198-023-01569-8	1	orcid:0000-0001-7918-839x	person:eqmember:18646	Edward J. D. Webb	0000-0001-7918-839x	A5011344482	Edward Webb	0000-0001-7918-839x	CANONICAL_ORCID	ACCEPTED	
doi:10.1007/s10198-023-01569-8	2	author:doi:10.1007/s10198-023-01569-8:2	person:eqmember:17962	Paul Kind		A5013594779	Paul Kind	0000-0003-2377-1652	CANONICAL_ORCID	ACCEPTED	
doi:10.1007/s10198-023-01569-8	3	author:doi:10.1007/s10198-023-01569-8:3	person:orcid:0000-0003-1369-2483	David Meads		A5086640521	David Meads	0000-0003-1369-2483	AUTHOR_ORCID	ACCEPTED	
doi:10.1007/s10198-023-01569-8	4	author:doi:10.1007/s10198-023-01569-8:4	person:orcid:0000-0002-2559-6483	Adam Martin		A5023608008	Adam Martin	0000-0002-2559-6483	AUTHOR_ORCID	ACCEPTED	
doi:10.1007/s10198-023-01612-8	1	orcid:0000-0002-2399-6942	person:orcid:0000-0002-2399-6942	Zhongyu Lang	0000-0002-2399-6942	A5038625794	Zhongyu Lang	0000-0002-2399-6942	AUTHOR_ORCID	ACCEPTED	
doi:10.1007/s10198-023-01612-8	2	author:doi:10.1007/s10198-023-01612-8:2	person:leader:78f0dc6cb8d8	Arthur E. Attema		A5082166488	Arthur E. Attema	0000-0003-3607-6579	CANONICAL_ORCID	ACCEPTED	
doi:10.1007/s10198-023-01612-8	3	author:doi:10.1007/s10198-023-01612-8:3	person:eqmember:17992	Stefan A. Lipman		A5078862538	Stefan A. Lipman	0000-0002-8784-9650	CANONICAL_ORCID	ACCEPTED	
doi:10.1007/s10198-023-01668-6	1	author:doi:10.1007/s10198-023-01668-6:1	person:eqmember:17992	Stefan A Lipman		A5078862538	Stefan A. Lipman	0000-0002-8784-9650	CANONICAL_ORCID	ACCEPTED	
doi:10.1007/s10198-023-01668-6	2	author:doi:10.1007/s10198-023-01668-6:2	person:leader:8677f310bcd0	Vivian T Reckers-Droog		A5011536590	Vivian Reckers‐Droog	0000-0001-8722-3431	REVIEWED_AUTHORSHIP_MERGE	ACCEPTED	Exact full name with the same ORCID as the project leader
doi:10.1007/s10198-024-01682-2	1	orcid:0000-0002-4720-5172	person:eqmember:21678	Richard Huan Xu	0000-0002-4720-5172	A5057171540	Richard Huan Xu	0000-0002-4720-5172	CANONICAL_NAME_AND_LINKED_PROJECT	ACCEPTED	
doi:10.1007/s10198-024-01682-2	2	author:doi:10.1007/s10198-024-01682-2:2	person:eqmember:17944	Nan Luo		A5064398143	Nan Luo	0000-0001-7980-6979	CANONICAL_ORCID	ACCEPTED	
doi:10.1007/s10198-024-01682-2	3	orcid:0000-0001-9784-6472	person:orcid:0000-0001-9784-6472	Dong Dong	0000-0001-9784-6472	A5100318622	Dong Dong	0000-0001-9784-6472	AUTHOR_ORCID	ACCEPTED	
doi:10.1007/s10198-024-01710-1	1	orcid:0000-0003-0770-4564	person:leader:73598c4735dd	Wenjing Zhou	0000-0003-0770-4564	A5080372262	Wenjing Zhou	0000-0003-0770-4564	CANONICAL_ORCID	ACCEPTED	
doi:10.1007/s10198-024-01710-1	2	author:doi:10.1007/s10198-024-01710-1:2	person:orcid:0009-0002-6616-3657	Yaqin Li		A5101897221	Yaqin Li	0009-0002-6616-3657	AUTHOR_ORCID	ACCEPTED	
doi:10.1007/s10198-024-01710-1	3	orcid:0000-0002-8602-0381	person:eqmember:17875	Jan Busschbach	0000-0002-8602-0381	A5020122364	Jan J.V. Busschbach	0000-0002-8602-0381	CANONICAL_ORCID	ACCEPTED	
doi:10.1007/s10198-024-01710-1	4	author:doi:10.1007/s10198-024-01710-1:4	person:eqmember:17930	Michael Herdman		A5101442953	Michael Herdman	0000-0003-0423-6005	CANONICAL_NAME_AND_AFFILIATION	ACCEPTED	
doi:10.1007/s10198-024-01710-1	5	orcid:0000-0001-5468-0847	person:eqmember:18019	Zhihao Yang	0000-0001-5468-0847	A5028809099	Zhihao Yang	0000-0001-5468-0847	CANONICAL_ORCID	ACCEPTED	
doi:10.1007/s10198-024-01710-1	6	orcid:0009-0008-6782-4182	person:orcid:0009-0008-6782-4182	Yanming Lu	0009-0008-6782-4182	A5101313577	Y. Lu	0009-0008-6782-4182	AUTHOR_ORCID	ACCEPTED	
doi:10.1007/s10198-024-01719-6	1	author:doi:10.1007/s10198-024-01719-6:1	person:orcid:0000-0001-7161-6767	M Mercédesz Angyal		A5003468874	M. Mercédesz Angyal	0000-0001-7161-6767	AUTHOR_ORCID	ACCEPTED	
doi:10.1007/s10198-024-01719-6	2	author:doi:10.1007/s10198-024-01719-6:2	person:eqmember:19005	Mathieu F Janssen		A5020933378	Mathieu F. Janssen	0000-0001-6602-6949	CANONICAL_ORCID	ACCEPTED	
doi:10.1007/s10198-024-01719-6	3	author:doi:10.1007/s10198-024-01719-6:3	person:orcid:0000-0002-3948-6488	Péter L Lakatos		A5005601386	Péter L. Lakatos	0000-0002-3948-6488	AUTHOR_ORCID	ACCEPTED	
doi:10.1007/s10198-024-01719-6	4	author:doi:10.1007/s10198-024-01719-6:4	person:orcid:0000-0002-6095-2295	Valentin Brodszky		A5034446187	Valentin Brodszky	0000-0002-6095-2295	AUTHOR_ORCID	ACCEPTED	
doi:10.1007/s10198-024-01719-6	5	author:doi:10.1007/s10198-024-01719-6:5	person:eqmember:17845	Fanni Rencz		A5024021740	Fanni Rencz	0000-0001-9674-620x	CANONICAL_ORCID	ACCEPTED	
doi:10.1007/s10198-025-01769-4	1	orcid:0000-0002-9768-5389	person:orcid:0000-0002-9768-5389	Aisha Moolla	0000-0002-9768-5389	A5071945598	Aisha Moolla	0000-0002-9768-5389	AUTHOR_ORCID	ACCEPTED	
doi:10.1007/s10198-025-01769-4	2	author:doi:10.1007/s10198-025-01769-4:2	person:leader:0a4ba2690908	Paul Schneider		A5007136182	P. Schneider	0000-0003-3552-1087	CANONICAL_NAME_AND_LINKED_PROJECT	ACCEPTED	
doi:10.1007/s10198-025-01769-4	3	author:doi:10.1007/s10198-025-01769-4:3	person:eqmember:17958	Ole Marten		A5033160244	Ole Marten	0000-0002-2576-9110	CANONICAL_ORCID	ACCEPTED	
doi:10.1007/s10198-025-01769-4	4	author:doi:10.1007/s10198-025-01769-4:4	person:eqmember:17819	Clara Mukuria		A5043083823	Clara Mukuria	0000-0003-4318-1481	CANONICAL_ORCID	ACCEPTED	
doi:10.1007/s10198-025-01769-4	5	author:doi:10.1007/s10198-025-01769-4:5	person:eqmember:17998	Tessa Peasgood		A5022446221	Tessa Peasgood	0000-0001-8024-7801	CANONICAL_ORCID	ACCEPTED	
doi:10.1007/s10198-025-01770-x	1	author:doi:10.1007/s10198-025-01770-x:1	person:orcid:0000-0002-1175-2211	Caique de Melo do Espirito Santo		A5042363960	Caique de Melo do Espírito Santo	0000-0002-1175-2211	AUTHOR_ORCID	ACCEPTED	
doi:10.1007/s10198-025-01770-x	2	author:doi:10.1007/s10198-025-01770-x:2	person:orcid:0000-0002-1433-818x	Verônica Souza Santos		A5086352962	Verônica Souza Santos	0000-0002-1433-818x	AUTHOR_ORCID	ACCEPTED	
doi:10.1007/s10198-025-01770-x	3	author:doi:10.1007/s10198-025-01770-x:3	person:orcid:0009-0009-2934-8362	Yasmin Brasileiro de Souza		A5117121468	Yasmin Brasileiro de Souza	0009-0009-2934-8362	AUTHOR_ORCID	ACCEPTED	
doi:10.1007/s10198-025-01770-x	4	author:doi:10.1007/s10198-025-01770-x:4	person:eqmember:19003	Aureliano Paolo Finch		A5055927783	Aureliano Paolo Finch	0000-0003-1438-321x	CANONICAL_ORCID	ACCEPTED	
doi:10.1007/s10198-025-01770-x	5	author:doi:10.1007/s10198-025-01770-x:5	person:eqmember:17877	Janine Verstraete		A5006452129	Janine Verstraete	0000-0002-1148-4747	CANONICAL_ORCID	ACCEPTED	
doi:10.1007/s10198-025-01770-x	6	author:doi:10.1007/s10198-025-01770-x:6	person:leader:82320ccd878a	Gisela Cristiane Miyamoto		A5024629360	Gisela Cristiane Miyamoto	0000-0002-6826-4278	CANONICAL_ORCID	ACCEPTED	
doi:10.1007/s10198-025-01770-x	7	author:doi:10.1007/s10198-025-01770-x:7	person:leader:c9be2e978859	Tiê P Yamato		A5034831401	Tiê Parma Yamato	0000-0002-5228-1292	CANONICAL_ORCID	ACCEPTED	
doi:10.1007/s10198-025-01804-4	1	author:doi:10.1007/s10198-025-01804-4:1	person:eqmember:18002	Tianxin Pan		A5044860561	Tianxin Pan	0000-0002-2243-8818	CANONICAL_ORCID	ACCEPTED	
doi:10.1007/s10198-025-01804-4	2	author:doi:10.1007/s10198-025-01804-4:2	person:openalex:A5086528283	Li Huang		A5130215476	Li Huang		REVIEWED_AUTHORSHIP_MERGE	ACCEPTED	OpenAlex split; exact full name and the same Melbourne child-health economics unit and research area
doi:10.1007/s10198-025-01804-4	3	author:doi:10.1007/s10198-025-01804-4:3	person:openalex:A5018364694	Vicky He		A5018364694	Victoria Lee He		AUTHOR_OPENALEX_ID	ACCEPTED	
doi:10.1007/s10198-025-01804-4	4	author:doi:10.1007/s10198-025-01804-4:4	person:eqmember:17877	Janine Verstraete		A5006452129	Janine Verstraete	0000-0002-1148-4747	CANONICAL_ORCID	ACCEPTED	
doi:10.1007/s10198-025-01804-4	5	author:doi:10.1007/s10198-025-01804-4:5	person:eqmember:17946	Nancy Devlin		A5103206776	Nancy Devlin	0000-0002-1561-5361	CANONICAL_ORCID	ACCEPTED	
doi:10.1007/s10198-025-01804-4	6	author:doi:10.1007/s10198-025-01804-4:6	person:openalex:A5110255509	Mike Herdman		A5110255509	Mike Herdman		AUTHOR_OPENALEX_ID	ACCEPTED	
doi:10.1007/s10198-025-01804-4	7	author:doi:10.1007/s10198-025-01804-4:7	person:leader:50cca9cff5d9	Kim Dalziel		A5078953009	Kim Dalziel	0000-0003-4972-8871	CANONICAL_ORCID	ACCEPTED	
doi:10.1007/s10198-025-01804-4	8	author:doi:10.1007/s10198-025-01804-4:8	group:quokka-project-team	in collaboration with the Quality Of Life in Kids: Key evidence to strengthen decisions in Australia (QUOKKA) project team					COLLECTIVE_AUTHOR	ACCEPTED	
doi:10.1007/s10198-025-01812-4	1	orcid:0000-0002-2399-6942	person:orcid:0000-0002-2399-6942	Zhongyu Lang	0000-0002-2399-6942	A5038625794	Zhongyu Lang	0000-0002-2399-6942	AUTHOR_ORCID	ACCEPTED	
doi:10.1007/s10198-025-01812-4	2	author:doi:10.1007/s10198-025-01812-4:2	person:orcid:0000-0002-5882-6070	Liying Zhang		A5100357092	Liying Zhang	0000-0002-5882-6070	AUTHOR_ORCID	ACCEPTED	
doi:10.1007/s10198-025-01812-4	3	author:doi:10.1007/s10198-025-01812-4:3	person:eqmember:17992	Stefan A. Lipman		A5078862538	Stefan A. Lipman	0000-0002-8784-9650	CANONICAL_ORCID	ACCEPTED	
doi:10.1007/s10198-025-01812-4	4	author:doi:10.1007/s10198-025-01812-4:4	person:openalex:A5119599136	Bradley Sugden		A5119599136	Bradely Sugden		AUTHOR_OPENALEX_ID	ACCEPTED	
doi:10.1007/s10198-025-01812-4	5	author:doi:10.1007/s10198-025-01812-4:5	person:eqmember:17897	Kim Rand			Kim Rand		CANONICAL_NAME_AND_AFFILIATION	ACCEPTED	
doi:10.1007/s10198-025-01812-4	6	author:doi:10.1007/s10198-025-01812-4:6	person:leader:78f0dc6cb8d8	Arthur E. Attema		A5082166488	Arthur E. Attema	0000-0003-3607-6579	CANONICAL_ORCID	ACCEPTED	
doi:10.1007/s10198-025-01823-1	1	author:doi:10.1007/s10198-025-01823-1:1	person:leader:45e0db20f70b	Ava Hoogenboom		A5117116214	Ava F H Hoogenboom	0009-0004-2252-454x	CANONICAL_ORCID	ACCEPTED	
doi:10.1007/s10198-025-01823-1	2	author:doi:10.1007/s10198-025-01823-1:2	person:leader:8677f310bcd0	Vivian Reckers-Droog		A5011536590	Vivian Reckers‐Droog	0000-0001-8722-3431	CANONICAL_NAME_AND_LINKED_PROJECT	ACCEPTED	
doi:10.1007/s10198-025-01823-1	3	author:doi:10.1007/s10198-025-01823-1:3	person:eqmember:17992	Stefan Lipman		A5078862538	Stefan A. Lipman	0000-0002-8784-9650	CANONICAL_ORCID	ACCEPTED	
doi:10.1007/s10198-025-01823-1	4	author:doi:10.1007/s10198-025-01823-1:4	person:orcid:0000-0002-0476-8397	Werner Brouwer		A5053906209	Werner Brouwer	0000-0002-0476-8397	AUTHOR_ORCID	ACCEPTED	
doi:10.1007/s10198-025-01852-w	1	orcid:0000-0001-5000-0875	person:eqmember:17805	Bram Roudijk	0000-0001-5000-0875	A5028508726	Bram Roudijk	0000-0001-5000-0875	CANONICAL_ORCID	ACCEPTED	
doi:10.1007/s10198-025-01852-w	2	author:doi:10.1007/s10198-025-01852-w:2	person:eqmember:18002	Tianxin Pan		A5044860561	Tianxin Pan	0000-0002-2243-8818	CANONICAL_ORCID	ACCEPTED	
doi:10.1007/s10198-025-01852-w	3	author:doi:10.1007/s10198-025-01852-w:3	person:eqmember:17873	Jan Abel Olsen		A5052181611	Jan Abel Olsen	0000-0001-9472-2669	CANONICAL_ORCID	ACCEPTED	
doi:10.1007/s10198-025-01852-w	4	author:doi:10.1007/s10198-025-01852-w:4	person:eqmember:17946	Nancy Devlin		A5108295899	Nancy Devlin		CANONICAL_NAME_AND_LINKED_PROJECT	ACCEPTED	
doi:10.1007/s10198-025-01857-5	1	author:doi:10.1007/s10198-025-01857-5:1	person:leader:606823d7ed51	Stevanus Pangestu		A5033743427	Stevanus Pangestu	0000-0003-2546-9449	CANONICAL_ORCID	ACCEPTED	
doi:10.1007/s10198-025-01857-5	2	author:doi:10.1007/s10198-025-01857-5:2	person:eqmember:17805	Bram Roudijk		A5028508726	Bram Roudijk	0000-0001-5000-0875	CANONICAL_ORCID	ACCEPTED	
doi:10.1007/s10198-025-01857-5	3	author:doi:10.1007/s10198-025-01857-5:3	person:eqmember:17845	Fanni Rencz		A5024021740	Fanni Rencz	0000-0001-9674-620x	CANONICAL_ORCID	ACCEPTED	
doi:10.1007/s10198-025-01857-5	4	author:doi:10.1007/s10198-025-01857-5:4	person:eqmember:17992	Stefan A Lipman		A5078862538	Stefan A. Lipman	0000-0002-8784-9650	CANONICAL_ORCID	ACCEPTED	
doi:10.1007/s11136-016-1445-9	1	author:doi:10.1007/s11136-016-1445-9:1	person:eqmember:17855	Fredrick Dermawan Purba		A5059806422	Fredrick Dermawan Purba	0000-0002-7336-3043	CANONICAL_ORCID	ACCEPTED	
doi:10.1007/s11136-016-1445-9	2	author:doi:10.1007/s11136-016-1445-9:2	person:openalex:A5113535557	Joke A. M. Hunfeld		A5113535557	Joke A. M. Hunfeld		AUTHOR_OPENALEX_ID	ACCEPTED	
doi:10.1007/s11136-016-1445-9	3	author:doi:10.1007/s11136-016-1445-9:3	person:orcid:0000-0002-9526-6922	Aulia Iskandarsyah		A5037744802	Aulia Iskandarsyah	0000-0002-9526-6922	AUTHOR_ORCID	ACCEPTED	
doi:10.1007/s11136-016-1445-9	4	author:doi:10.1007/s11136-016-1445-9:4	person:leader:fbb9eb69f451	Titi Sahidah Fitriana		A5049547434	Titi Sahidah Fitriana	0000-0001-5062-6886	CANONICAL_ORCID	ACCEPTED	
doi:10.1007/s11136-016-1445-9	5	author:doi:10.1007/s11136-016-1445-9:5	person:orcid:0000-0001-5126-9104	Sawitri S. Sadarjoen		A5014483970	Sawitri S. Sadarjoen	0000-0001-5126-9104	AUTHOR_ORCID	ACCEPTED	
doi:10.1007/s11136-016-1445-9	6	author:doi:10.1007/s11136-016-1445-9:6	person:orcid:0000-0002-7319-7188	Jan Passchier		A5026470404	Jan Passchier	0000-0002-7319-7188	AUTHOR_ORCID	ACCEPTED	
doi:10.1007/s11136-016-1445-9	7	author:doi:10.1007/s11136-016-1445-9:7	person:eqmember:17875	Jan J. V. Busschbach		A5020122364	Jan J.V. Busschbach	0000-0002-8602-0381	CANONICAL_ORCID	ACCEPTED	
doi:10.1007/s11136-017-1512-x	1	author:doi:10.1007/s11136-017-1512-x:1	person:eqmember:17805	Bram Roudijk		A5028508726	Bram Roudijk	0000-0001-5000-0875	CANONICAL_ORCID	ACCEPTED	
doi:10.1007/s11136-017-1512-x	2	author:doi:10.1007/s11136-017-1512-x:2	person:orcid:0000-0002-0484-1419	Rogier Donders		A5017199089	Rogier Donders	0000-0002-0484-1419	AUTHOR_ORCID	ACCEPTED	
doi:10.1007/s11136-017-1512-x	3	author:doi:10.1007/s11136-017-1512-x:3	person:eqmember:17968	Peep Stalmeier		A5013523692	Peep F. M. Stalmeier	0000-0002-7553-562x	CANONICAL_ORCID	ACCEPTED	
doi:10.1007/s11136-018-1985-2	1	orcid:0000-0002-6711-5262	person:eqmember:17938	Mimmi Åström	0000-0002-6711-5262	A5055089597	Mimmi Åström	0000-0002-6711-5262	CANONICAL_ORCID	ACCEPTED	
doi:10.1007/s11136-018-1985-2	2	author:doi:10.1007/s11136-018-1985-2:2	person:orcid:0000-0002-3379-2433	Carina Persson		A5076665198	Carina Persson	0000-0002-3379-2433	AUTHOR_ORCID	ACCEPTED	
doi:10.1007/s11136-018-1985-2	3	author:doi:10.1007/s11136-018-1985-2:3	person:openalex:A5011340679	Margareta Lindén-Boström		A5011340679	Margareta Lindén‐Boström		AUTHOR_OPENALEX_ID	ACCEPTED	
doi:10.1007/s11136-018-1985-2	4	author:doi:10.1007/s11136-018-1985-2:4	person:orcid:0000-0001-6534-1242	Ola Rolfson		A5044372933	Ola Rolfson	0000-0001-6534-1242	AUTHOR_ORCID	ACCEPTED	
doi:10.1007/s11136-018-1985-2	5	author:doi:10.1007/s11136-018-1985-2:5	person:leader:5b6527858de5	Kristina Burström		A5005862614	Kristina Burström	0000-0001-9996-4317	CANONICAL_ORCID	ACCEPTED	
doi:10.1007/s11136-019-02115-x	1	author:doi:10.1007/s11136-019-02115-x:1	person:orcid:0000-0002-4832-7833	Simone Kreimeier		A5033965888	Simone Kreimeier	0000-0002-4832-7833	AUTHOR_ORCID	ACCEPTED	
doi:10.1007/s11136-019-02115-x	2	author:doi:10.1007/s11136-019-02115-x:2	person:eqmember:17938	Mimmi Åström		A5055089597	Mimmi Åström	0000-0002-6711-5262	CANONICAL_ORCID	ACCEPTED	
doi:10.1007/s11136-019-02115-x	3	author:doi:10.1007/s11136-019-02115-x:3	person:leader:5b6527858de5	Kristina Burström		A5005862614	Kristina Burström	0000-0001-9996-4317	CANONICAL_ORCID	ACCEPTED	
doi:10.1007/s11136-019-02115-x	4	author:doi:10.1007/s11136-019-02115-x:4	person:leader:c52a5fd501e9	Ann-Charlotte Egmar		A5037683865	Ann‐Charlotte Egmar	0000-0003-2504-343x	CANONICAL_ORCID	ACCEPTED	
doi:10.1007/s11136-019-02115-x	5	author:doi:10.1007/s11136-019-02115-x:5	person:eqmember:17948	Narcis Gusi		A5042480120	Narcís Gusi	0000-0002-1001-8883	CANONICAL_ORCID	ACCEPTED	
doi:10.1007/s11136-019-02115-x	6	author:doi:10.1007/s11136-019-02115-x:6	person:eqmember:17930	Michael Herdman		A5006750775	Michael Herdman	0000-0002-8189-5357	CANONICAL_ORCID	ACCEPTED	
doi:10.1007/s11136-019-02115-x	7	author:doi:10.1007/s11136-019-02115-x:7	person:eqmember:17962	Paul Kind		A5013594779	Paul Kind	0000-0003-2377-1652	CANONICAL_ORCID	ACCEPTED	
doi:10.1007/s11136-019-02115-x	8	author:doi:10.1007/s11136-019-02115-x:8	person:orcid:0000-0003-4392-6850	Miguel A Perez-Sousa		A5033363054	Miguel Ángel Pérez-Sousa	0000-0003-4392-6850	AUTHOR_ORCID	ACCEPTED	
doi:10.1007/s11136-019-02115-x	9	author:doi:10.1007/s11136-019-02115-x:9	person:eqmember:18010	Wolfgang Greiner		A5001823062	Wolfgang Greiner	0000-0001-9552-6969	CANONICAL_ORCID	ACCEPTED	
doi:10.1007/s11136-019-02156-2	1	author:doi:10.1007/s11136-019-02156-2:1	person:orcid:0000-0001-5416-042x	Robbin H. Ophuis		A5079118485	Robbin H. Ophuis	0000-0001-5416-042x	AUTHOR_ORCID	ACCEPTED	
doi:10.1007/s11136-019-02156-2	2	author:doi:10.1007/s11136-019-02156-2:2	person:eqmember:19005	Mathieu F. Janssen		A5020933378	Mathieu F. Janssen	0000-0001-6602-6949	CANONICAL_ORCID	ACCEPTED	
doi:10.1007/s11136-019-02156-2	3	author:doi:10.1007/s11136-019-02156-2:3	person:eqmember:17861	Gouke J. Bonsel		A5047977076	Gouke J. Bonsel	0000-0002-8364-1086	CANONICAL_ORCID	ACCEPTED	
doi:10.1007/s11136-019-02156-2	4	author:doi:10.1007/s11136-019-02156-2:4	person:orcid:0000-0002-5569-3188	Martien J. Panneman		A5000650976	M.J.M. Panneman	0000-0002-5569-3188	AUTHOR_ORCID	ACCEPTED	
doi:10.1007/s11136-019-02156-2	5	author:doi:10.1007/s11136-019-02156-2:5	person:orcid:0000-0002-4331-3141	Suzanne Polinder		A5068551112	Suzanne Polinder	0000-0002-4331-3141	AUTHOR_ORCID	ACCEPTED	
doi:10.1007/s11136-019-02156-2	6	author:doi:10.1007/s11136-019-02156-2:6	person:eqmember:17895	Juanita A. Haagsma		A5060133399	Juanita A. Haagsma	0000-0002-2055-548x	CANONICAL_ORCID	ACCEPTED	
doi:10.1007/s11136-019-02256-z	1	orcid:0000-0001-9571-576x	person:orcid:0000-0001-9571-576x	I. Spronk	0000-0001-9571-576x	A5048316196	Inge Spronk	0000-0001-9571-576x	AUTHOR_ORCID	ACCEPTED	
doi:10.1007/s11136-019-02256-z	2	author:doi:10.1007/s11136-019-02256-z:2	person:orcid:0000-0002-1332-0500	A. J. L. M. Geraerds		A5065319610	A. J. L. M. Geraerds	0000-0002-1332-0500	AUTHOR_ORCID	ACCEPTED	
doi:10.1007/s11136-019-02256-z	3	orcid:0000-0002-8364-1086	person:eqmember:17861	G. J. Bonsel	0000-0002-8364-1086	A5047977076	Gouke J. Bonsel	0000-0002-8364-1086	CANONICAL_ORCID	ACCEPTED	
doi:10.1007/s11136-019-02256-z	4	author:doi:10.1007/s11136-019-02256-z:4	person:orcid:0000-0001-9005-9185	M. A. C. de Jongh		A5015764426	Mariska A. C. de Jongh	0000-0001-9005-9185	AUTHOR_ORCID	ACCEPTED	
doi:10.1007/s11136-019-02256-z	5	author:doi:10.1007/s11136-019-02256-z:5	person:orcid:0000-0002-4331-3141	S. Polinder		A5068551112	Suzanne Polinder	0000-0002-4331-3141	AUTHOR_ORCID	ACCEPTED	
doi:10.1007/s11136-019-02256-z	6	orcid:0000-0002-2055-548x	person:eqmember:17895	J. A. Haagsma	0000-0002-2055-548x	A5060133399	Juanita A. Haagsma	0000-0002-2055-548x	CANONICAL_ORCID	ACCEPTED	
doi:10.1007/s11136-020-02469-7	1	orcid:0000-0001-6962-0564	person:orcid:0000-0001-6962-0564	Vu Quynh Mai	0000-0001-6962-0564	A5065576118	Vu Quynh	0000-0001-6962-0564	AUTHOR_ORCID	ACCEPTED	
doi:10.1007/s11136-020-02469-7	2	orcid:0000-0001-5948-3025	person:eqmember:17996	Sun Sun	0000-0001-5948-3025	A5081188742	Sun Sun	0000-0001-5948-3025	CANONICAL_ORCID	ACCEPTED	
doi:10.1007/s11136-020-02469-7	3	orcid:0000-0002-4749-5536	person:orcid:0000-0002-4749-5536	Hoang Van Minh	0000-0002-4749-5536	A5059651488	Hoàng Văn Minh	0000-0002-4749-5536	AUTHOR_ORCID	ACCEPTED	
doi:10.1007/s11136-020-02469-7	4	orcid:0000-0001-7980-6979	person:eqmember:17944	Nan Luo	0000-0001-7980-6979	A5064398143	Nan Luo	0000-0001-7980-6979	CANONICAL_ORCID	ACCEPTED	
doi:10.1007/s11136-020-02469-7	5	orcid:0000-0003-2290-0205	person:orcid:0000-0003-2290-0205	Kim Bao Giang	0000-0003-2290-0205	A5091415159	Kim Bảo Giang	0000-0003-2290-0205	AUTHOR_ORCID	ACCEPTED	
doi:10.1007/s11136-020-02469-7	6	orcid:0000-0002-1633-2179	person:orcid:0000-0002-1633-2179	Lars Lindholm	0000-0002-1633-2179	A5019500608	Lars Lindholm	0000-0002-1633-2179	AUTHOR_ORCID	ACCEPTED	
doi:10.1007/s11136-020-02469-7	7	orcid:0000-0002-3975-4868	person:leader:ba7c286781f3	Klas Goran Sahlen	0000-0002-3975-4868	A5069574274	Klas-Göran Sahlèn	0000-0002-3975-4868	CANONICAL_ORCID	ACCEPTED	
doi:10.1007/s11136-020-02496-4	1	author:doi:10.1007/s11136-020-02496-4:1	person:orcid:0000-0002-1332-0500	A. J. L. M. Geraerds		A5065319610	A. J. L. M. Geraerds	0000-0002-1332-0500	AUTHOR_ORCID	ACCEPTED	
doi:10.1007/s11136-020-02496-4	2	author:doi:10.1007/s11136-020-02496-4:2	person:eqmember:17861	Gouke J. Bonsel		A5047977076	Gouke J. Bonsel	0000-0002-8364-1086	CANONICAL_ORCID	ACCEPTED	
doi:10.1007/s11136-020-02496-4	3	author:doi:10.1007/s11136-020-02496-4:3	person:orcid:0000-0002-4331-3141	Suzanne Polinder		A5068551112	Suzanne Polinder	0000-0002-4331-3141	AUTHOR_ORCID	ACCEPTED	
doi:10.1007/s11136-020-02496-4	4	author:doi:10.1007/s11136-020-02496-4:4	person:orcid:0000-0002-5569-3188	M. J. M. Panneman		A5000650976	M.J.M. Panneman	0000-0002-5569-3188	AUTHOR_ORCID	ACCEPTED	
doi:10.1007/s11136-020-02496-4	5	author:doi:10.1007/s11136-020-02496-4:5	person:eqmember:19005	M. F. Janssen		A5020933378	Mathieu F. Janssen	0000-0001-6602-6949	CANONICAL_ORCID	ACCEPTED	
doi:10.1007/s11136-020-02496-4	6	author:doi:10.1007/s11136-020-02496-4:6	person:eqmember:17895	Juanita A. Haagsma		A5060133399	Juanita A. Haagsma	0000-0002-2055-548x	CANONICAL_ORCID	ACCEPTED	
doi:10.1007/s11136-020-02688-y	1	orcid:0000-0003-1509-3409	person:eqmember:18018	You-Shan Feng	0000-0003-1509-3409	A5091571513	You‐Shan Feng	0000-0003-1509-3409	CANONICAL_ORCID	ACCEPTED	
doi:10.1007/s11136-020-02688-y	2	author:doi:10.1007/s11136-020-02688-y:2	person:eqmember:18000	Thomas Kohlmann		A5031953969	Thomas Kohlmann	0000-0002-5956-8309	CANONICAL_ORCID	ACCEPTED	
doi:10.1007/s11136-020-02688-y	3	orcid:0000-0001-6602-6949	person:eqmember:19005	Mathieu F. Janssen	0000-0001-6602-6949	A5020933378	Mathieu F. Janssen	0000-0001-6602-6949	CANONICAL_ORCID	ACCEPTED	
doi:10.1007/s11136-020-02688-y	4	orcid:0000-0001-9729-6992	person:eqmember:17869	Ines Buchholz	0000-0001-9729-6992	A5043257626	Ines Buchholz	0000-0001-9729-6992	CANONICAL_ORCID	ACCEPTED	
doi:10.1007/s11136-020-02712-1	1	author:doi:10.1007/s11136-020-02712-1:1	person:eqmember:17980	Ruixuan Jiang		A5049026946	Ruixuan Jiang	0000-0003-1737-2989	CANONICAL_ORCID	ACCEPTED	
doi:10.1007/s11136-020-02712-1	2	author:doi:10.1007/s11136-020-02712-1:2	person:eqmember:17871	James Shaw		A5055862397	James W. Shaw	0000-0002-7019-3720	CANONICAL_ORCID	ACCEPTED	
doi:10.1007/s11136-020-02712-1	3	author:doi:10.1007/s11136-020-02712-1:3	person:orcid:0000-0003-4402-9211	Axel Mühlbacher		A5054826547	Axel Mühlbacher	0000-0003-4402-9211	AUTHOR_ORCID	ACCEPTED	
doi:10.1007/s11136-020-02712-1	4	author:doi:10.1007/s11136-020-02712-1:4	person:orcid:0000-0003-3619-5367	Todd A. Lee		A5046614364	Todd A. Lee	0000-0003-3619-5367	AUTHOR_ORCID	ACCEPTED	
doi:10.1007/s11136-020-02712-1	5	author:doi:10.1007/s11136-020-02712-1:5	person:orcid:0000-0001-7458-6460	Surrey Walton		A5004621550	Surrey M. Walton	0000-0001-7458-6460	AUTHOR_ORCID	ACCEPTED	
doi:10.1007/s11136-020-02712-1	6	author:doi:10.1007/s11136-020-02712-1:6	person:eqmember:18000	Thomas Kohlmann		A5031953969	Thomas Kohlmann	0000-0002-5956-8309	CANONICAL_ORCID	ACCEPTED	
doi:10.1007/s11136-020-02712-1	7	author:doi:10.1007/s11136-020-02712-1:7	person:eqmember:17974	Richard Norman		A5101841802	Richard Norman	0000-0002-3112-3893	CANONICAL_ORCID	ACCEPTED	
doi:10.1007/s11136-020-02712-1	8	orcid:0000-0001-5645-7091	person:eqmember:17988	A. Simon Pickard	0000-0001-5645-7091	A5058888906	A. Simon Pickard	0000-0001-5645-7091	CANONICAL_ORCID	ACCEPTED	
doi:10.1007/s11136-020-02718-9	1	orcid:0000-0001-8024-7801	person:eqmember:17998	Tessa Peasgood	0000-0001-8024-7801	A5022446221	Tessa Peasgood	0000-0001-8024-7801	CANONICAL_ORCID	ACCEPTED	
doi:10.1007/s11136-020-02718-9	2	author:doi:10.1007/s11136-020-02718-9:2	person:eqmember:17819	Clara Mukuria		A5043083823	Clara Mukuria	0000-0003-4318-1481	CANONICAL_ORCID	ACCEPTED	
doi:10.1007/s11136-020-02718-9	3	author:doi:10.1007/s11136-020-02718-9:3	person:leader:63cb6b329986	Jill Carlton		A5051490866	Jill Carlton	0000-0002-9373-7663	CANONICAL_ORCID	ACCEPTED	
doi:10.1007/s11136-020-02718-9	4	author:doi:10.1007/s11136-020-02718-9:4	person:orcid:0000-0003-4609-3911	Janice Connell		A5037958944	Janice Connell	0000-0003-4609-3911	AUTHOR_ORCID	ACCEPTED	
doi:10.1007/s11136-020-02718-9	5	author:doi:10.1007/s11136-020-02718-9:5	person:eqmember:17885	John Brazier		A5007276743	John Brazier	0000-0001-8645-4780	CANONICAL_ORCID	ACCEPTED	
doi:10.1007/s11136-021-02922-1	1	orcid:0000-0003-1509-3409	person:eqmember:18018	You-Shan Feng	0000-0003-1509-3409	A5091571513	You‐Shan Feng	0000-0003-1509-3409	CANONICAL_ORCID	ACCEPTED	
doi:10.1007/s11136-021-02922-1	2	author:doi:10.1007/s11136-021-02922-1:2	person:eqmember:17980	Ruixuan Jiang		A5049026946	Ruixuan Jiang	0000-0003-1737-2989	CANONICAL_ORCID	ACCEPTED	
doi:10.1007/s11136-021-02922-1	3	author:doi:10.1007/s11136-021-02922-1:3	person:eqmember:17988	A. Simon Pickard		A5058888906	A. Simon Pickard	0000-0001-5645-7091	CANONICAL_ORCID	ACCEPTED	
doi:10.1007/s11136-021-02922-1	4	author:doi:10.1007/s11136-021-02922-1:4	person:eqmember:18000	Thomas Kohlmann		A5031953969	Thomas Kohlmann	0000-0002-5956-8309	CANONICAL_ORCID	ACCEPTED	
doi:10.1007/s11136-021-03007-9	1	orcid:0000-0002-2576-9110	person:eqmember:17958	Ole Marten	0000-0002-2576-9110	A5033160244	Ole Marten	0000-0002-2576-9110	CANONICAL_ORCID	ACCEPTED	
doi:10.1007/s11136-021-03007-9	2	author:doi:10.1007/s11136-021-03007-9:2	person:orcid:0009-0009-9829-5647	Laura Brand		A5048092082	Laura Brand	0009-0009-9829-5647	AUTHOR_ORCID	ACCEPTED	
doi:10.1007/s11136-021-03007-9	3	orcid:0000-0001-9552-6969	person:eqmember:18010	Wolfgang Greiner	0000-0001-9552-6969	A5001823062	Wolfgang Greiner	0000-0001-9552-6969	CANONICAL_ORCID	ACCEPTED	
doi:10.1007/s11136-021-03069-9	1	orcid:0000-0002-1332-0500	person:orcid:0000-0002-1332-0500	A. J. L. M. Geraerds	0000-0002-1332-0500	A5065319610	A. J. L. M. Geraerds	0000-0002-1332-0500	AUTHOR_ORCID	ACCEPTED	
doi:10.1007/s11136-021-03069-9	2	author:doi:10.1007/s11136-021-03069-9:2	person:orcid:0000-0002-4331-3141	Suzanne Polinder		A5068551112	Suzanne Polinder	0000-0002-4331-3141	AUTHOR_ORCID	ACCEPTED	
doi:10.1007/s11136-021-03069-9	3	author:doi:10.1007/s11136-021-03069-9:3	person:orcid:0000-0001-9571-576x	Inge Spronk		A5048316196	Inge Spronk	0000-0001-9571-576x	AUTHOR_ORCID	ACCEPTED	
doi:10.1007/s11136-021-03069-9	4	author:doi:10.1007/s11136-021-03069-9:4	person:openalex:A5091194414	Alfons G. M. Olde Loohuis		A5091194414	Alfons G. M. Olde Loohuis		AUTHOR_OPENALEX_ID	ACCEPTED	
doi:10.1007/s11136-021-03069-9	5	author:doi:10.1007/s11136-021-03069-9:5	person:orcid:0000-0003-0131-1444	Annemieke de Groot		A5006394311	Annemieke de Groot	0000-0003-0131-1444	AUTHOR_ORCID	ACCEPTED	
doi:10.1007/s11136-021-03069-9	6	author:doi:10.1007/s11136-021-03069-9:6	person:orcid:0000-0002-0109-3283	Madelon B. Bronner		A5079763600	Madelon B. Bronner	0000-0002-0109-3283	AUTHOR_ORCID	ACCEPTED	
doi:10.1007/s11136-021-03069-9	7	author:doi:10.1007/s11136-021-03069-9:7	person:eqmember:17895	Juanita A. Haagsma		A5060133399	Juanita A. Haagsma	0000-0002-2055-548x	CANONICAL_ORCID	ACCEPTED	
doi:10.1007/s11136-021-03075-x	1	author:doi:10.1007/s11136-021-03075-x:1	person:eqmember:18019	Zhihao Yang		A5028809099	Zhihao Yang	0000-0001-5468-0847	CANONICAL_ORCID	ACCEPTED	
doi:10.1007/s11136-021-03075-x	2	author:doi:10.1007/s11136-021-03075-x:2	person:eqmember:17855	Fredrick Dermawan Purba		A5059806422	Fredrick Dermawan Purba	0000-0002-7336-3043	CANONICAL_ORCID	ACCEPTED	
doi:10.1007/s11136-021-03075-x	3	author:doi:10.1007/s11136-021-03075-x:3	person:leader:09fa3c498378	Asrul Akmal Shafie		A5089160643	Asrul Akmal Shafie	0000-0002-5629-9270	CANONICAL_ORCID	ACCEPTED	
doi:10.1007/s11136-021-03075-x	4	author:doi:10.1007/s11136-021-03075-x:4	person:eqmember:17797	Ataru Igarashi		A5071771037	Ataru Igarashi	0000-0001-6307-6916	CANONICAL_ORCID	ACCEPTED	
doi:10.1007/s11136-021-03075-x	5	author:doi:10.1007/s11136-021-03075-x:5	person:leader:31a5417532b0	Eliza Lai-Yi Wong		A5033480820	Eliza Lai‐Yi Wong	0000-0001-9983-6219	CANONICAL_ORCID	ACCEPTED	
doi:10.1007/s11136-021-03075-x	6	author:doi:10.1007/s11136-021-03075-x:6	person:leader:c776fcba6574	Hilton Lam		A5071601943	Hilton Y. Lam	0000-0003-4042-5997	CANONICAL_ORCID	ACCEPTED	
doi:10.1007/s11136-021-03075-x	7	author:doi:10.1007/s11136-021-03075-x:7	person:orcid:0000-0002-4749-5536	Hoang Van Minh		A5059651488	Hoàng Văn Minh	0000-0002-4749-5536	AUTHOR_ORCID	ACCEPTED	
doi:10.1007/s11136-021-03075-x	8	author:doi:10.1007/s11136-021-03075-x:8	person:leader:53444d26184b	Hsiang-Wen Lin		A5003956817	Hsiang‐Wen Lin	0000-0002-6771-6746	CANONICAL_ORCID	ACCEPTED	
doi:10.1007/s11136-021-03075-x	9	author:doi:10.1007/s11136-021-03075-x:9	person:orcid:0000-0002-0177-0192	Jeonghoon Ahn		A5005167530	Jeonghoon Ahn	0000-0002-0177-0192	AUTHOR_ORCID	ACCEPTED	
doi:10.1007/s11136-021-03075-x	10	author:doi:10.1007/s11136-021-03075-x:10	person:leader:ad6bbe401f11	Juntana Pattanaphesaj		A5040546783	Juntana Pattanaphesaj	0000-0003-1426-6777	CANONICAL_ORCID	ACCEPTED	
doi:10.1007/s11136-021-03075-x	11	author:doi:10.1007/s11136-021-03075-x:11	person:eqmember:17940	Min-Woo Jo		A5015763173	Min‐Woo Jo	0000-0002-4574-1318	CANONICAL_ORCID	ACCEPTED	
doi:10.1007/s11136-021-03075-x	12	author:doi:10.1007/s11136-021-03075-x:12	person:orcid:0000-0001-6962-0564	Vu Quynh Mai			Vu Quynh Mai		REVIEWED_AUTHORSHIP_MERGE	ACCEPTED	Exact full name and the same Hanoi population-health affiliation as the ORCID-identified author
doi:10.1007/s11136-021-03075-x	13	author:doi:10.1007/s11136-021-03075-x:13	person:eqmember:17875	Jan Busschbach		A5020122364	Jan J.V. Busschbach	0000-0002-8602-0381	CANONICAL_ORCID	ACCEPTED	
doi:10.1007/s11136-021-03075-x	14	author:doi:10.1007/s11136-021-03075-x:14	person:eqmember:17944	Nan Luo		A5064398143	Nan Luo	0000-0001-7980-6979	CANONICAL_ORCID	ACCEPTED	
doi:10.1007/s11136-021-03075-x	15	orcid:0000-0002-6891-2650	person:orcid:0000-0002-6891-2650	Jie Jiang	0000-0002-6891-2650		Jie Jiang	0000-0002-6891-2650	AUTHOR_ORCID	ACCEPTED	
doi:10.1007/s11136-022-03143-w	1	author:doi:10.1007/s11136-022-03143-w:1	person:orcid:0000-0002-2635-7484	Red Thaddeus D Miguel		A5067876565	Red Thaddeus D. Miguel	0000-0002-2635-7484	AUTHOR_ORCID	ACCEPTED	
doi:10.1007/s11136-022-03143-w	2	author:doi:10.1007/s11136-022-03143-w:2	person:orcid:0000-0003-2533-0818	Adovich S Rivera		A5052048899	Adovich S. Rivera	0000-0003-2533-0818	AUTHOR_ORCID	ACCEPTED	
doi:10.1007/s11136-022-03143-w	3	author:doi:10.1007/s11136-022-03143-w:3	person:orcid:0000-0002-8931-4086	Kent Jason G Cheng		A5010785476	Kent Jason G. Cheng	0000-0002-8931-4086	AUTHOR_ORCID	ACCEPTED	
doi:10.1007/s11136-022-03143-w	4	author:doi:10.1007/s11136-022-03143-w:4	person:eqmember:17897	Kim Rand		A5041551368	Kim Rand	0000-0001-7692-4099	CANONICAL_ORCID	ACCEPTED	
doi:10.1007/s11136-022-03143-w	5	author:doi:10.1007/s11136-022-03143-w:5	person:eqmember:17855	Fredrick Dermawan Purba		A5059806422	Fredrick Dermawan Purba	0000-0002-7336-3043	CANONICAL_ORCID	ACCEPTED	
doi:10.1007/s11136-022-03143-w	6	author:doi:10.1007/s11136-022-03143-w:6	person:eqmember:17944	Nan Luo		A5064398143	Nan Luo	0000-0001-7980-6979	CANONICAL_ORCID	ACCEPTED	
doi:10.1007/s11136-022-03143-w	7	author:doi:10.1007/s11136-022-03143-w:7	person:openalex:A5061247569	Ma-Ann Zarsuelo		A5061247569	Ma-Ann M. Zarsuelo		AUTHOR_OPENALEX_ID	ACCEPTED	
doi:10.1007/s11136-022-03143-w	8	author:doi:10.1007/s11136-022-03143-w:8	person:openalex:A5069067858	Anne Julienne Genuino-Marfori		A5069067858	Anne Julienne Genuino-Marfori		AUTHOR_OPENALEX_ID	ACCEPTED	
doi:10.1007/s11136-022-03143-w	9	author:doi:10.1007/s11136-022-03143-w:9	person:openalex:A5035696719	Irene Florentino-Fariñas		A5035696719	Irene Florentino-Fariñas		AUTHOR_OPENALEX_ID	ACCEPTED	
doi:10.1007/s11136-022-03143-w	10	author:doi:10.1007/s11136-022-03143-w:10	person:openalex:A5109331936	Anna Melissa Guerrero		A5109331936	Anna Melissa Guerrero		AUTHOR_OPENALEX_ID	ACCEPTED	
doi:10.1007/s11136-022-03143-w	11	author:doi:10.1007/s11136-022-03143-w:11	person:leader:c776fcba6574	Hilton Y Lam		A5071601943	Hilton Y. Lam	0000-0003-4042-5997	CANONICAL_ORCID	ACCEPTED	
doi:10.1007/s11136-022-03304-x	1	orcid:0000-0003-1169-3431	person:leader:e448059d8472	Philip A. Powell	0000-0003-1169-3431	A5072704582	Philip A. Powell	0000-0003-1169-3431	CANONICAL_ORCID	ACCEPTED	
doi:10.1007/s11136-022-03304-x	2	author:doi:10.1007/s11136-022-03304-x:2	person:eqmember:17937	Milad Karimi		A5076374306	Milad Karimi	0000-0002-5298-174x	CANONICAL_ORCID	ACCEPTED	
doi:10.1007/s11136-022-03304-x	3	author:doi:10.1007/s11136-022-03304-x:3	person:eqmember:17833	Donna Rowen		A5067226056	Donna Rowen	0000-0003-3018-5109	CANONICAL_ORCID	ACCEPTED	
doi:10.1007/s11136-022-03304-x	4	author:doi:10.1007/s11136-022-03304-x:4	person:eqmember:17946	Nancy Devlin		A5103206776	Nancy Devlin	0000-0002-1561-5361	CANONICAL_ORCID	ACCEPTED	
doi:10.1007/s11136-022-03304-x	5	author:doi:10.1007/s11136-022-03304-x:5	person:eqmember:17799	Ben van Hout		A5032690231	Ben van Hout	0000-0001-9698-6094	CANONICAL_ORCID	ACCEPTED	
doi:10.1007/s11136-022-03304-x	6	author:doi:10.1007/s11136-022-03304-x:6	person:eqmember:17885	John E. Brazier		A5007276743	John Brazier	0000-0001-8645-4780	CANONICAL_ORCID	ACCEPTED	
doi:10.1007/s11136-023-03372-7	1	author:doi:10.1007/s11136-023-03372-7:1	person:leader:d9674d98607b	Yared Belete Belay		A5086002810	Yared Belete Belay	0000-0001-5473-3857	CANONICAL_ORCID	ACCEPTED	
doi:10.1007/s11136-023-03372-7	2	author:doi:10.1007/s11136-023-03372-7:2	person:orcid:0000-0002-7127-9462	Cathrine Mihalopoulos		A5006657549	Cathrine Mihalopoulos	0000-0002-7127-9462	AUTHOR_ORCID	ACCEPTED	
doi:10.1007/s11136-023-03372-7	3	author:doi:10.1007/s11136-023-03372-7:3	person:orcid:0000-0003-2359-6823	Yong Yi Lee		A5080595847	Yong Yi Lee	0000-0003-2359-6823	AUTHOR_ORCID	ACCEPTED	
doi:10.1007/s11136-023-03372-7	4	author:doi:10.1007/s11136-023-03372-7:4	person:eqmember:17807	Brendan Mulhern		A5090013218	Brendan Mulhern	0000-0003-3656-8063	CANONICAL_ORCID	ACCEPTED	
doi:10.1007/s11136-023-03372-7	5	author:doi:10.1007/s11136-023-03372-7:5	person:eqmember:17911	Lidia Engel		A5039737173	Lidia Engel	0000-0002-7959-3149	CANONICAL_ORCID	ACCEPTED	
doi:10.1007/s11136-023-03509-8	1	orcid:0000-0001-9674-620x	person:eqmember:17845	Fanni Rencz	0000-0001-9674-620x	A5024021740	Fanni Rencz	0000-0001-9674-620x	CANONICAL_ORCID	ACCEPTED	
doi:10.1007/s11136-023-03509-8	2	orcid:0000-0001-6602-6949	person:eqmember:19005	Mathieu F. Janssen	0000-0001-6602-6949	A5020933378	Mathieu F. Janssen	0000-0001-6602-6949	CANONICAL_ORCID	ACCEPTED	
doi:10.1007/s11136-024-03618-y	1	author:doi:10.1007/s11136-024-03618-y:1	person:eqmember:17851	Feng Xie		A5102994482	Feng Xie	0000-0003-3454-6266	CANONICAL_ORCID	ACCEPTED	
doi:10.1007/s11136-024-03618-y	2	author:doi:10.1007/s11136-024-03618-y:2	person:leader:e441983c0a65	Shitong Xie		A5113241600	Shitong Xie		CANONICAL_OPENALEX_ID	ACCEPTED	
doi:10.1007/s11136-024-03618-y	3	author:doi:10.1007/s11136-024-03618-y:3	person:eqmember:17835	Eleanor Pullenayegum		A5029465719	Eleanor Pullenayegum	0000-0003-4265-1330	CANONICAL_ORCID	ACCEPTED	
doi:10.1007/s11136-024-03618-y	4	author:doi:10.1007/s11136-024-03618-y:4	person:eqmember:17795	Arto Ohinmaa		A5087246819	Arto Öhinmaa	0000-0002-7094-1573	CANONICAL_ORCID	ACCEPTED	
doi:10.1007/s11136-024-03754-5	1	author:doi:10.1007/s11136-024-03754-5:1	person:orcid:0000-0001-7548-1775	Emily Stella Scott		A5067948587	Emily Stella Scott	0000-0001-7548-1775	AUTHOR_ORCID	ACCEPTED	
doi:10.1007/s11136-024-03754-5	2	author:doi:10.1007/s11136-024-03754-5:2	person:eqmember:17839	Erica I Lubetkin		A5037314317	Erica I. Lubetkin	0000-0001-9962-7775	CANONICAL_ORCID	ACCEPTED	
doi:10.1007/s11136-024-03754-5	3	author:doi:10.1007/s11136-024-03754-5:3	person:eqmember:19005	Mathieu F Janssen		A5020933378	Mathieu F. Janssen	0000-0001-6602-6949	CANONICAL_ORCID	ACCEPTED	
doi:10.1007/s11136-024-03754-5	4	author:doi:10.1007/s11136-024-03754-5:4	person:openalex:A5045399261	John N Yfantopolous		A5045399261	John Yfantopolous		AUTHOR_OPENALEX_ID	ACCEPTED	
doi:10.1007/s11136-024-03754-5	5	author:doi:10.1007/s11136-024-03754-5:5	person:eqmember:17861	Gouke J Bonsel		A5047977076	Gouke J. Bonsel	0000-0002-8364-1086	CANONICAL_ORCID	ACCEPTED	
doi:10.1007/s11136-024-03754-5	6	author:doi:10.1007/s11136-024-03754-5:6	person:eqmember:17895	Juanita A Haagsma		A5060133399	Juanita A. Haagsma	0000-0002-2055-548x	CANONICAL_ORCID	ACCEPTED	
doi:10.1007/s11136-024-03770-5	1	orcid:0000-0001-8433-1402	person:eqmember:17920	Marcel F. Jonker	0000-0001-8433-1402	A5063358434	Marcel F. Jonker	0000-0001-8433-1402	CANONICAL_ORCID	ACCEPTED	
doi:10.1007/s11136-024-03817-7	1	orcid:0000-0002-6915-1865	person:eqmember:19032	Mina Bahrampour	0000-0002-6915-1865	A5068470091	Mina Bahrampour	0000-0002-6915-1865	CANONICAL_ORCID	ACCEPTED	
doi:10.1007/s11136-024-03817-7	2	orcid:0000-0002-3531-0389	person:orcid:0000-0002-3531-0389	Slavica Kochovska	0000-0002-3531-0389	A5059680031	Slavica Kochovska	0000-0002-3531-0389	AUTHOR_ORCID	ACCEPTED	
doi:10.1007/s11136-024-03817-7	3	orcid:0000-0003-1988-1250	person:orcid:0000-0003-1988-1250	David C. Currow	0000-0003-1988-1250	A5007993808	David C. Currow	0000-0003-1988-1250	AUTHOR_ORCID	ACCEPTED	
doi:10.1007/s11136-024-03817-7	4	orcid:0000-0002-0039-9635	person:eqmember:17976	Rosalie Viney	0000-0002-0039-9635	A5076742980	Rosalie Viney	0000-0002-0039-9635	CANONICAL_ORCID	ACCEPTED	
doi:10.1007/s11136-024-03817-7	5	orcid:0000-0003-3656-8063	person:eqmember:17807	Brendan Mulhern	0000-0003-3656-8063	A5090013218	Brendan Mulhern	0000-0003-3656-8063	CANONICAL_ORCID	ACCEPTED	
doi:10.1007/s11136-024-03875-x	1	author:doi:10.1007/s11136-024-03875-x:1	person:openalex:A5090671455	Anna-Katrine Sussex		A5090671455	Anna-Katrine Sussex		AUTHOR_OPENALEX_ID	ACCEPTED	
doi:10.1007/s11136-024-03875-x	2	author:doi:10.1007/s11136-024-03875-x:2	person:eqmember:17845	Fanni Rencz		A5024021740	Fanni Rencz	0000-0001-9674-620x	CANONICAL_ORCID	ACCEPTED	
doi:10.1007/s11136-024-03875-x	3	author:doi:10.1007/s11136-024-03875-x:3	person:openalex:A5031125763	Millie Gaydon		A5031125763	Millie Gaydon		AUTHOR_OPENALEX_ID	ACCEPTED	
doi:10.1007/s11136-024-03875-x	4	author:doi:10.1007/s11136-024-03875-x:4	person:eqmember:17791	Andrew Lloyd		A5035121844	Andrew Lloyd	0000-0002-2253-1342	CANONICAL_NAME_AND_LINKED_PROJECT	ACCEPTED	
doi:10.1007/s11136-024-03875-x	5	orcid:0000-0002-6826-3865	person:leader:78acf91f717f	Katy Gallop	0000-0002-6826-3865	A5091811569	Katy Gallop	0000-0002-6826-3865	CANONICAL_ORCID	ACCEPTED	
doi:10.1007/s11136-025-03917-y	1	author:doi:10.1007/s11136-025-03917-y:1	person:leader:8873fe2331bf	Yifan Ding		A5076822287	Yifan Ding	0009-0006-8112-628x	CANONICAL_ORCID	ACCEPTED	
doi:10.1007/s11136-025-03917-y	2	author:doi:10.1007/s11136-025-03917-y:2	person:leader:c4a44baaa49e	Guangjie Zhang		A5030831609	Guangjie Zhang	0000-0003-1311-8510	CANONICAL_ORCID	ACCEPTED	
doi:10.1007/s11136-025-03917-y	3	author:doi:10.1007/s11136-025-03917-y:3	person:eqmember:18019	Zhihao Yang		A5028809099	Zhihao Yang	0000-0001-5468-0847	CANONICAL_ORCID	ACCEPTED	
doi:10.1007/s11136-025-03917-y	4	author:doi:10.1007/s11136-025-03917-y:4	person:openalex:A5114202758	Yue Sun		A5114202758	Yue Sun		AUTHOR_OPENALEX_ID	ACCEPTED	
doi:10.1007/s11136-025-03917-y	5	author:doi:10.1007/s11136-025-03917-y:5	person:openalex:A5078510482	Anle Shen		A5078510482	Anle Shen		AUTHOR_OPENALEX_ID	ACCEPTED	
doi:10.1007/s11136-025-03917-y	6	author:doi:10.1007/s11136-025-03917-y:6	person:eqmember:18021	Zhuxin Mao		A5002022038	Zhuxin Mao	0000-0002-7444-1584	CANONICAL_ORCID	ACCEPTED	
doi:10.1007/s11136-025-03917-y	7	orcid:0000-0003-3661-3944	person:leader:fa3dd095d626	Pei Wang	0000-0003-3661-3944	A5100462659	Pei Wang	0000-0003-3661-3944	CANONICAL_NAME_AND_LINKED_PROJECT	ACCEPTED	
doi:10.1007/s11136-025-03917-y	8	author:doi:10.1007/s11136-025-03917-y:8	person:eqmember:17875	Jan Busschbach		A5020122364	Jan J.V. Busschbach	0000-0002-8602-0381	CANONICAL_ORCID	ACCEPTED	
doi:10.1007/s11136-025-03925-y	1	orcid:0000-0003-2546-9449	person:leader:606823d7ed51	Stevanus Pangestu	0000-0003-2546-9449	A5033743427	Stevanus Pangestu	0000-0003-2546-9449	CANONICAL_ORCID	ACCEPTED	
doi:10.1007/s11136-025-03925-y	2	orcid:0000-0002-7336-3043	person:eqmember:17855	Fredrick Dermawan Purba	0000-0002-7336-3043	A5059806422	Fredrick Dermawan Purba	0000-0002-7336-3043	CANONICAL_ORCID	ACCEPTED	
doi:10.1007/s11136-025-03925-y	3	orcid:0000-0001-5091-3180	person:orcid:0000-0001-5091-3180	Hari Setyowibowo	0000-0001-5091-3180	A5046364454	Hari Setyowibowo	0000-0001-5091-3180	AUTHOR_ORCID	ACCEPTED	
doi:10.1007/s11136-025-03925-y	4	orcid:0000-0003-4318-1481	person:eqmember:17819	Clara Mukuria	0000-0003-4318-1481	A5043083823	Clara Mukuria	0000-0003-4318-1481	CANONICAL_ORCID	ACCEPTED	
doi:10.1007/s11136-025-03925-y	5	orcid:0000-0001-9674-620x	person:eqmember:17845	Fanni Rencz	0000-0001-9674-620x	A5024021740	Fanni Rencz	0000-0001-9674-620x	CANONICAL_ORCID	ACCEPTED	
doi:10.1007/s11136-025-03930-1	1	author:doi:10.1007/s11136-025-03930-1:1	person:orcid:0000-0002-5416-5658	Asmaa Azizi		A5008347262	Asmaa Azizi	0000-0002-5416-5658	AUTHOR_ORCID	ACCEPTED	
doi:10.1007/s11136-025-03930-1	2	author:doi:10.1007/s11136-025-03930-1:2	person:openalex:A5014702512	Amal Boutib		A5014702512	Amal Boutib		AUTHOR_OPENALEX_ID	ACCEPTED	
doi:10.1007/s11136-025-03930-1	3	author:doi:10.1007/s11136-025-03930-1:3	person:orcid:0000-0002-3405-6577	Doha Achak		A5008093471	Doha Achak	0000-0002-3405-6577	AUTHOR_ORCID	ACCEPTED	
doi:10.1007/s11136-025-03930-1	4	author:doi:10.1007/s11136-025-03930-1:4	person:eqmember:17855	Fredrick Dermawan Purba		A5059806422	Fredrick Dermawan Purba	0000-0002-7336-3043	CANONICAL_ORCID	ACCEPTED	
doi:10.1007/s11136-025-03930-1	5	author:doi:10.1007/s11136-025-03930-1:5	person:eqmember:17845	Fanni Rencz		A5024021740	Fanni Rencz	0000-0001-9674-620x	CANONICAL_ORCID	ACCEPTED	
doi:10.1007/s11136-025-03930-1	6	author:doi:10.1007/s11136-025-03930-1:6	person:orcid:0000-0003-3621-1339	Elmadani Saad		A5005220728	Elmadani Saad	0000-0003-3621-1339	AUTHOR_ORCID	ACCEPTED	
doi:10.1007/s11136-025-03930-1	7	author:doi:10.1007/s11136-025-03930-1:7	person:orcid:0000-0003-0221-9914	Abderraouf Hilali		A5053654153	Abderraouf Hilali	0000-0003-0221-9914	AUTHOR_ORCID	ACCEPTED	
doi:10.1007/s11136-025-03930-1	8	author:doi:10.1007/s11136-025-03930-1:8	person:orcid:0000-0002-7797-4722	Samir Ahid		A5022894428	Samir Ahid	0000-0002-7797-4722	AUTHOR_ORCID	ACCEPTED	
doi:10.1007/s11136-025-03930-1	9	author:doi:10.1007/s11136-025-03930-1:9	person:orcid:0000-0001-9610-8507	Chakib Nejjari		A5025677569	Chakib Nejjari	0000-0001-9610-8507	AUTHOR_ORCID	ACCEPTED	
doi:10.1007/s11136-025-03930-1	10	author:doi:10.1007/s11136-025-03930-1:10	person:eqmember:17837	Elly A Stolk		A5033903811	Elly Stolk	0000-0001-5968-0416	CANONICAL_ORCID	ACCEPTED	
doi:10.1007/s11136-025-03930-1	11	author:doi:10.1007/s11136-025-03930-1:11	person:eqmember:17805	Bram Roudijk		A5028508726	Bram Roudijk	0000-0001-5000-0875	CANONICAL_ORCID	ACCEPTED	
doi:10.1007/s11136-025-03930-1	12	author:doi:10.1007/s11136-025-03930-1:12	person:orcid:0000-0002-9853-1592	Ibtissam Youlyouz-Marfak		A5010461857	Ibtissam Youlyouz‐Marfak	0000-0002-9853-1592	AUTHOR_ORCID	ACCEPTED	
doi:10.1007/s11136-025-03930-1	13	author:doi:10.1007/s11136-025-03930-1:13	person:leader:f6aec8a6037d	Abdelghafour Marfak		A5024805890	Abdelghafour Marfak	0000-0002-4212-8438	CANONICAL_ORCID	ACCEPTED	
doi:10.1007/s11136-025-03983-2	1	author:doi:10.1007/s11136-025-03983-2:1	person:eqmember:17879	Jeffrey A Johnson		A5067514299	Jeffrey Johnson	0000-0001-8290-2857	CANONICAL_NAME_AND_LINKED_PROJECT	ACCEPTED	
doi:10.1007/s11136-025-03983-2	2	author:doi:10.1007/s11136-025-03983-2:2	person:eqmember:19005	Mathieu F Janssen		A5020933378	Mathieu F. Janssen	0000-0001-6602-6949	CANONICAL_ORCID	ACCEPTED	
doi:10.1007/s11136-025-03983-2	3	author:doi:10.1007/s11136-025-03983-2:3	person:eqmember:17847	Fatima Al Sayah		A5026033494	Fatima Al Sayah	0000-0003-3891-5452	CANONICAL_ORCID	ACCEPTED	
doi:10.1007/s11136-025-03983-2	4	author:doi:10.1007/s11136-025-03983-2:4	person:eqmember:17867	Henry Bailey		A5090969739	Henry Bailey	0000-0002-4479-9948	CANONICAL_ORCID	ACCEPTED	
doi:10.1007/s11136-025-03983-2	5	author:doi:10.1007/s11136-025-03983-2:5	person:eqmember:17936	Mihir Gandhi		A5112963139	Mihir Gandhi		CANONICAL_NAME_AND_AFFILIATION	ACCEPTED	
doi:10.1007/s11136-025-03983-2	6	author:doi:10.1007/s11136-025-03983-2:6	person:eqmember:17831	Dominik Golicki		A5035126117	Dominik Golicki	0000-0001-7741-4760	CANONICAL_ORCID	ACCEPTED	
doi:10.1007/s11136-025-03983-2	7	author:doi:10.1007/s11136-025-03983-2:7	person:eqmember:17954	Nils Gutacker		A5023093255	Nils Gutacker	0000-0002-2833-0621	CANONICAL_ORCID	ACCEPTED	
doi:10.1007/s11136-025-03983-2	8	author:doi:10.1007/s11136-025-03983-2:8	person:eqmember:17839	Erica Lubetkin		A5037314317	Erica I. Lubetkin	0000-0001-9962-7775	CANONICAL_ORCID	ACCEPTED	
doi:10.1007/s11136-025-03983-2	9	author:doi:10.1007/s11136-025-03983-2:9	person:eqmember:17807	Brendan Mulhern		A5090013218	Brendan Mulhern	0000-0003-3656-8063	CANONICAL_ORCID	ACCEPTED	
doi:10.1007/s11136-025-03983-2	10	author:doi:10.1007/s11136-025-03983-2:10	person:eqmember:17855	Fredrick Dermawan Purba		A5059806422	Fredrick Dermawan Purba	0000-0002-7336-3043	CANONICAL_ORCID	ACCEPTED	
doi:10.1007/s11136-025-03983-2	11	author:doi:10.1007/s11136-025-03983-2:11	person:eqmember:17893	Juan M Ramos-Goñi		A5047957689	Juan Manuel Ramos-Goñi	0000-0002-9568-5190	CANONICAL_ORCID	ACCEPTED	
doi:10.1007/s11136-025-03983-2	12	author:doi:10.1007/s11136-025-03983-2:12	person:eqmember:17829	Desiree Scott		A5038664789	Des Scott	0000-0003-3943-7392	CANONICAL_ORCID	ACCEPTED	
doi:10.1007/s11136-025-03983-2	13	author:doi:10.1007/s11136-025-03983-2:13	person:orcid:0000-0002-7142-3364	Hilary Short		A5022113389	Hilary Short	0000-0002-7142-3364	AUTHOR_ORCID	ACCEPTED	
doi:10.1007/s11136-025-03983-2	14	author:doi:10.1007/s11136-025-03983-2:14	person:eqmember:18004	Trudy Sullivan		A5022698267	Trudy Sullivan	0000-0001-8452-2591	CANONICAL_ORCID	ACCEPTED	
doi:10.1007/s11136-025-03983-2	15	author:doi:10.1007/s11136-025-03983-2:15	person:eqmember:17976	Rosalie Viney		A5076742980	Rosalie Viney	0000-0002-0039-9635	CANONICAL_ORCID	ACCEPTED	
doi:10.1007/s11136-025-03983-2	16	author:doi:10.1007/s11136-025-03983-2:16	person:eqmember:18019	Zhihao Yang		A5028809099	Zhihao Yang	0000-0001-5468-0847	CANONICAL_ORCID	ACCEPTED	
doi:10.1007/s11136-025-03983-2	17	author:doi:10.1007/s11136-025-03983-2:17	person:eqmember:18008	Victor Zárate		A5074565937	V Zárate	0000-0001-9145-3694	CANONICAL_ORCID	ACCEPTED	
doi:10.1007/s11136-025-03989-w	1	author:doi:10.1007/s11136-025-03989-w:1	person:eqmember:17998	Tessa Peasgood		A5022446221	Tessa Peasgood	0000-0001-8024-7801	CANONICAL_ORCID	ACCEPTED	
doi:10.1007/s11136-025-03989-w	2	author:doi:10.1007/s11136-025-03989-w:2	person:eqmember:17946	Nancy Devlin		A5103206776	Nancy Devlin	0000-0002-1561-5361	CANONICAL_ORCID	ACCEPTED	
doi:10.1007/s11136-025-03989-w	3	author:doi:10.1007/s11136-025-03989-w:3	person:eqmember:17905	Kristina Ludwig		A5035184665	Kristina Ludwig	0000-0002-4306-4667	CANONICAL_ORCID	ACCEPTED	
doi:10.1007/s11136-025-03989-w	4	author:doi:10.1007/s11136-025-03989-w:4	person:eqmember:17958	Ole Marten		A5033160244	Ole Marten	0000-0002-2576-9110	CANONICAL_ORCID	ACCEPTED	
doi:10.1007/s11136-025-03989-w	5	author:doi:10.1007/s11136-025-03989-w:5	person:leader:4a5cd1710c94	Emily McDool		A5006458172	Emily McDool	0000-0002-3530-7921	CANONICAL_ORCID	ACCEPTED	
doi:10.1007/s11136-025-03989-w	6	author:doi:10.1007/s11136-025-03989-w:6	person:leader:0a4ba2690908	Paul Schneider		A5007136182	P. Schneider	0000-0003-3552-1087	CANONICAL_NAME_AND_LINKED_PROJECT	ACCEPTED	
doi:10.1007/s11136-025-03989-w	7	author:doi:10.1007/s11136-025-03989-w:7	person:eqmember:17901	Koonal Shah		A5083575745	Koonal Shah	0000-0002-4927-7858	CANONICAL_ORCID	ACCEPTED	
doi:10.1007/s11136-025-03989-w	8	author:doi:10.1007/s11136-025-03989-w:8	person:eqmember:17819	Clara Mukuria		A5043083823	Clara Mukuria	0000-0003-4318-1481	CANONICAL_ORCID	ACCEPTED	
doi:10.1007/s11136-025-03990-3	1	orcid:0000-0002-5332-5226	person:orcid:0000-0002-5332-5226	Renee Jones	0000-0002-5332-5226	A5066738880	Renee Jones	0000-0002-5332-5226	AUTHOR_ORCID	ACCEPTED	
doi:10.1007/s11136-025-03990-3	2	orcid:0000-0003-4972-8871	person:leader:50cca9cff5d9	Kim Dalziel	0000-0003-4972-8871	A5078953009	Kim Dalziel	0000-0003-4972-8871	CANONICAL_ORCID	ACCEPTED	
doi:10.1007/s11136-025-03990-3	3	orcid:0000-0003-3017-2770	person:orcid:0000-0003-3017-2770	Harriet Hiscock	0000-0003-3017-2770	A5065534878	Harriet Hiscock	0000-0003-3017-2770	AUTHOR_ORCID	ACCEPTED	
doi:10.1007/s11136-025-03990-3	4	orcid:0009-0007-8055-5450	person:leader:1ed27ee96b5d	Alexander van Heudsen	0009-0007-8055-5450	A5070658848	Alexander van Heusden	0009-0007-8055-5450	CANONICAL_ORCID	ACCEPTED	
doi:10.1007/s11136-025-03990-3	5	orcid:0000-0002-1561-5361	person:eqmember:17946	Nancy Devlin	0000-0002-1561-5361	A5103206776	Nancy Devlin	0000-0002-1561-5361	CANONICAL_ORCID	ACCEPTED	
doi:10.1007/s11136-025-03996-x	1	author:doi:10.1007/s11136-025-03996-x:1	person:orcid:0000-0002-5332-5226	Renee Jones		A5066738880	Renee Jones	0000-0002-5332-5226	AUTHOR_ORCID	ACCEPTED	
doi:10.1007/s11136-025-03996-x	2	author:doi:10.1007/s11136-025-03996-x:2	person:leader:50cca9cff5d9	Kim Dalziel		A5078953009	Kim Dalziel	0000-0003-4972-8871	CANONICAL_ORCID	ACCEPTED	
doi:10.1007/s11136-025-03996-x	3	author:doi:10.1007/s11136-025-03996-x:3	person:orcid:0000-0003-3017-2770	Harriet Hiscock		A5065534878	Harriet Hiscock	0000-0003-3017-2770	AUTHOR_ORCID	ACCEPTED	
doi:10.1007/s11136-025-03996-x	4	author:doi:10.1007/s11136-025-03996-x:4	person:orcid:0000-0002-8438-2901	Karen McLean		A5008464651	Karen McLean	0000-0002-8438-2901	AUTHOR_ORCID	ACCEPTED	
doi:10.1007/s11136-025-03996-x	5	author:doi:10.1007/s11136-025-03996-x:5	person:orcid:0000-0003-4007-8243	Diana Truong		A5037889272	Diana Truong	0000-0003-4007-8243	AUTHOR_ORCID	ACCEPTED	
doi:10.1007/s11136-025-03996-x	6	author:doi:10.1007/s11136-025-03996-x:6	person:openalex:A5077284198	Andrew Tuan Phuong Dao		A5077284198	Andrew Tuan Phuong Dao		AUTHOR_OPENALEX_ID	ACCEPTED	
doi:10.1007/s11136-025-03996-x	7	author:doi:10.1007/s11136-025-03996-x:7	person:openalex:A5104134946	Kathe Holmes		A5104134946	Kathe Holmes		AUTHOR_OPENALEX_ID	ACCEPTED	
doi:10.1007/s11136-025-03996-x	8	author:doi:10.1007/s11136-025-03996-x:8	person:orcid:0000-0001-6404-1117	Kath Feely		A5091956404	Kath Feely	0000-0001-6404-1117	AUTHOR_ORCID	ACCEPTED	
doi:10.1007/s11136-025-03996-x	9	author:doi:10.1007/s11136-025-03996-x:9	person:orcid:0000-0002-4290-4863	Jessica Taranto		A5015914274	Jessica Taranto	0000-0002-4290-4863	AUTHOR_ORCID	ACCEPTED	
doi:10.1007/s11136-025-03996-x	10	author:doi:10.1007/s11136-025-03996-x:10	person:author:doi:10.1007/s11136-025-03996-x:10	Abby Palmer			Abby Palmer		PUBLICATION_LOCAL	UNRESOLVED	
doi:10.1007/s11136-025-03996-x	11	author:doi:10.1007/s11136-025-03996-x:11	person:author:doi:10.1007/s11136-025-03996-x:11	Tanya Wolfe			Tanya Wolfe		PUBLICATION_LOCAL	UNRESOLVED	
doi:10.1007/s11136-025-03996-x	12	author:doi:10.1007/s11136-025-03996-x:12	person:author:doi:10.1007/s11136-025-03996-x:12	Penny Richards Fowler			Penny Richards Fowler		PUBLICATION_LOCAL	UNRESOLVED	
doi:10.1007/s11136-025-03996-x	13	author:doi:10.1007/s11136-025-03996-x:13	person:openalex:A5117785012	Kirsten Pini		A5117785012	Kirsten Pini		AUTHOR_OPENALEX_ID	ACCEPTED	
doi:10.1007/s11136-025-03996-x	14	author:doi:10.1007/s11136-025-03996-x:14	person:author:doi:10.1007/s11136-025-03996-x:14	Max Pini			Max Pini		PUBLICATION_LOCAL	UNRESOLVED	
doi:10.1007/s11136-025-03996-x	15	author:doi:10.1007/s11136-025-03996-x:15	person:openalex:A5117785013	Einat Martonovich-Lantsberg		A5117785013	Einat Martonovich-Lantsberg		AUTHOR_OPENALEX_ID	ACCEPTED	
doi:10.1007/s11136-025-03996-x	16	author:doi:10.1007/s11136-025-03996-x:16	person:orcid:0000-0002-7913-7274	Joanna Lawrence		A5078078627	Joanna Lawrence	0000-0002-7913-7274	AUTHOR_ORCID	ACCEPTED	
doi:10.1007/s11136-025-03996-x	17	author:doi:10.1007/s11136-025-03996-x:17	person:orcid:0000-0001-6983-0166	Misel Trajanovska		A5039674186	Misel Trajanovska	0000-0001-6983-0166	AUTHOR_ORCID	ACCEPTED	
doi:10.1007/s11136-025-03996-x	18	author:doi:10.1007/s11136-025-03996-x:18	person:openalex:A5108557660	Adele Berry		A5108557660	Adele Berry		AUTHOR_OPENALEX_ID	ACCEPTED	
doi:10.1007/s11136-025-03996-x	19	author:doi:10.1007/s11136-025-03996-x:19	person:orcid:0000-0003-2029-6331	Valerie Sung		A5017249857	Valerie Sung	0000-0003-2029-6331	AUTHOR_ORCID	ACCEPTED	
doi:10.1007/s11136-025-03996-x	20	author:doi:10.1007/s11136-025-03996-x:20	person:orcid:0000-0001-5396-0265	Sebastian King		A5070819422	Sebastian K. King	0000-0001-5396-0265	AUTHOR_ORCID	ACCEPTED	
doi:10.1007/s11136-025-03996-x	21	author:doi:10.1007/s11136-025-03996-x:21	person:eqmember:17946	Nancy Devlin		A5103206776	Nancy Devlin	0000-0002-1561-5361	CANONICAL_ORCID	ACCEPTED	
doi:10.1007/s11136-025-04003-z	1	author:doi:10.1007/s11136-025-04003-z:1	person:leader:697a63a74011	Soumana C Nasser		A5029600163	Soumana C. Nasser	0000-0003-4202-7116	CANONICAL_ORCID	ACCEPTED	
doi:10.1007/s11136-025-04003-z	2	author:doi:10.1007/s11136-025-04003-z:2	person:eqmember:17988	A Simon Pickard		A5058888906	A. Simon Pickard	0000-0001-5645-7091	CANONICAL_ORCID	ACCEPTED	
doi:10.1007/s11136-025-04003-z	3	author:doi:10.1007/s11136-025-04003-z:3	person:orcid:0000-0002-4758-7588	Jonathan L Nazari		A5076426425	Jonathan Nazari	0000-0002-4758-7588	AUTHOR_ORCID	ACCEPTED	
doi:10.1007/s11136-025-04003-z	4	author:doi:10.1007/s11136-025-04003-z:4	person:eqmember:19030	Maja Kuharic		A5007210675	Maja Kuharić	0000-0003-3696-9086	CANONICAL_ORCID	ACCEPTED	
doi:10.1007/s11136-025-04038-2	1	author:doi:10.1007/s11136-025-04038-2:1	person:leader:c4a44baaa49e	Guangjie Zhang		A5030831609	Guangjie Zhang	0000-0003-1311-8510	CANONICAL_ORCID	ACCEPTED	
doi:10.1007/s11136-025-04038-2	2	author:doi:10.1007/s11136-025-04038-2:2	person:leader:8873fe2331bf	Yifan Ding		A5076822287	Yifan Ding	0009-0006-8112-628x	CANONICAL_ORCID	ACCEPTED	
doi:10.1007/s11136-025-04038-2	3	author:doi:10.1007/s11136-025-04038-2:3	person:eqmember:18021	Zhuxin Mao		A5002022038	Zhuxin Mao	0000-0002-7444-1584	CANONICAL_ORCID	ACCEPTED	
doi:10.1007/s11136-025-04038-2	4	orcid:0000-0001-5468-0847	person:eqmember:18019	Zhihao Yang	0000-0001-5468-0847	A5028809099	Zhihao Yang	0000-0001-5468-0847	CANONICAL_ORCID	ACCEPTED	
doi:10.1007/s11136-025-04038-2	5	author:doi:10.1007/s11136-025-04038-2:5	person:eqmember:17944	Nan Luo		A5064398143	Nan Luo	0000-0001-7980-6979	CANONICAL_ORCID	ACCEPTED	
doi:10.1007/s11136-025-04038-2	6	author:doi:10.1007/s11136-025-04038-2:6	person:eqmember:17875	Jan Busschbach		A5020122364	Jan J.V. Busschbach	0000-0002-8602-0381	CANONICAL_ORCID	ACCEPTED	
doi:10.1007/s11136-025-04053-3	1	author:doi:10.1007/s11136-025-04053-3:1	person:leader:086bfe1b27fe	Minh Pham		A5088028488	Minh Pham	0000-0003-3981-0951	CANONICAL_NAME_AND_LINKED_PROJECT	ACCEPTED	
doi:10.1007/s11136-025-04053-3	2	author:doi:10.1007/s11136-025-04053-3:2	person:eqmember:19813	Benjamin M Craig		A5029949490	Benjamin M. Craig	0000-0003-1121-1316	CANONICAL_ORCID	ACCEPTED	
doi:10.1007/s11136-025-04053-3	3	author:doi:10.1007/s11136-025-04053-3:3	person:eqmember:17845	Fanni Rencz		A5024021740	Fanni Rencz	0000-0001-9674-620x	CANONICAL_ORCID	ACCEPTED	
doi:10.1007/s11136-025-04074-y	1	author:doi:10.1007/s11136-025-04074-y:1	person:eqmember:17847	Fatima Al Sayah					CANONICAL_NAME_AND_AFFILIATION	ACCEPTED	
doi:10.1007/s11136-025-04074-y	2	author:doi:10.1007/s11136-025-04074-y:2	person:orcid:0000-0002-7142-3364	Hilary Short					REVIEWED_AUTHORSHIP_MERGE	ACCEPTED	Exact full name and the same Alberta APERSU affiliation as the ORCID-identified author
doi:10.1007/s11136-025-04074-y	3	author:doi:10.1007/s11136-025-04074-y:3	person:eqmember:17893	Juan M. Ramos-Goñi		A5047957689	Juan Manuel Ramos-Goñi	0000-0002-9568-5190	CANONICAL_ORCID	ACCEPTED	
doi:10.1007/s11136-025-04074-y	4	author:doi:10.1007/s11136-025-04074-y:4	person:eqmember:17976	Rosalie Viney		A5076742980	Rosalie Viney	0000-0002-0039-9635	CANONICAL_ORCID	ACCEPTED	
doi:10.1007/s11136-025-04074-y	5	author:doi:10.1007/s11136-025-04074-y:5	person:eqmember:17839	Erica I. Lubetkin		A5037314317	Erica I. Lubetkin	0000-0001-9962-7775	CANONICAL_ORCID	ACCEPTED	
doi:10.1007/s11136-025-04074-y	6	author:doi:10.1007/s11136-025-04074-y:6	person:eqmember:19005	Mathieu F. Janssen					CANONICAL_PROPAGATED_EXACT_NAME	ACCEPTED	exact name recurs after source-confirmed canonical linkage
doi:10.1007/s11136-025-04074-y	7	author:doi:10.1007/s11136-025-04074-y:7	person:eqmember:17879	Jeffrey A. Johnson		A5067514299	Jeffrey Johnson	0000-0001-8290-2857	CANONICAL_NAME_AND_LINKED_PROJECT	ACCEPTED	
doi:10.1007/s11136-025-04074-y	8	author:doi:10.1007/s11136-025-04074-y:8	group:eq-daphnie-project-team	the EQ-DAPHNIE Project TeamJohnsonJeffreyJanssenMathieu F.Al SayahFatimaBaileyHenryGhandiMihirGolickiDominikGutackerNilsMulhernBrendenPurbaFredrickScottDesSullivanTrudyYangZhihaoZarateVictorShortHilary					COLLECTIVE_AUTHOR	ACCEPTED	
doi:10.1007/s11136-025-04077-9	1	orcid:0009-0007-1555-7169	person:orcid:0009-0007-1555-7169	Aleksandra Dudzisz	0009-0007-1555-7169	A5050497223	Aleksandra Dudzisz		AUTHOR_ORCID	ACCEPTED	
doi:10.1007/s11136-025-04077-9	2	orcid:0000-0003-3113-3079	person:orcid:0000-0003-3113-3079	Eliza Brożek-Mądry	0000-0003-3113-3079	A5012212375	Eliza Brożek-Mądry	0000-0003-3113-3079	AUTHOR_ORCID	ACCEPTED	
doi:10.1007/s11136-025-04077-9	3	orcid:0000-0001-7741-4760	person:eqmember:17831	Dominik Golicki	0000-0001-7741-4760	A5035126117	Dominik Golicki	0000-0001-7741-4760	CANONICAL_ORCID	ACCEPTED	
doi:10.1007/s11136-025-04133-4	1	orcid:0000-0003-4512-8000	person:eqmember:17899	Knut Stavem	0000-0003-4512-8000	A5033845511	Knut Stavem	0000-0003-4512-8000	CANONICAL_ORCID	ACCEPTED	
doi:10.1007/s11136-025-04133-4	2	orcid:0000-0002-1000-4780	person:orcid:0000-0002-1000-4780	Andrew M. Garratt	0000-0002-1000-4780	A5079625782	AM Garratt		AUTHOR_ORCID	ACCEPTED	
doi:10.1007/s11136-025-04145-0	1	author:doi:10.1007/s11136-025-04145-0:1	person:eqmember:17968	Peep Stalmeier		A5013523692	Peep F. M. Stalmeier	0000-0002-7553-562x	CANONICAL_ORCID	ACCEPTED	
doi:10.1007/s11136-025-04145-0	2	author:doi:10.1007/s11136-025-04145-0:2	person:eqmember:17845	Fanni Rencz		A5124885266	Fanni Rencz		CANONICAL_NAME_AND_AFFILIATION	ACCEPTED	
doi:10.1007/s11136-025-04145-0	3	author:doi:10.1007/s11136-025-04145-0:3	person:openalex:A5122911844	Bastiaan Rutjens		A5122911844	Bastiaan T. Rutjens		AUTHOR_OPENALEX_ID	ACCEPTED	
doi:10.1007/s11136-025-04145-0	4	author:doi:10.1007/s11136-025-04145-0:4	person:eqmember:17805	Bram Roudijk		A5028508726	Bram Roudijk	0000-0001-5000-0875	CANONICAL_ORCID	ACCEPTED	
doi:10.1007/s11136-025-04150-3	1	orcid:0000-0002-1148-4747	person:eqmember:17877	J. Verstraete	0000-0002-1148-4747	A5122371586	J. Verstraete		CANONICAL_ORCID	ACCEPTED	
doi:10.1007/s11136-025-04150-3	2	author:doi:10.1007/s11136-025-04150-3:2	person:openalex:A5122380022	E. Bidgood		A5122380022	E. Bidgood		AUTHOR_OPENALEX_ID	ACCEPTED	
doi:10.1007/s11136-025-04150-3	3	orcid:0000-0003-4972-8871	person:leader:50cca9cff5d9	K. Dalziel	0000-0003-4972-8871	A5122330159	K. Dalziel		CANONICAL_ORCID	ACCEPTED	
doi:10.1007/s11136-025-04150-3	4	orcid:0000-0002-1561-5361	person:eqmember:17946	N. Devlin	0000-0002-1561-5361	A5122364749	N. Devlin		CANONICAL_ORCID	ACCEPTED	
doi:10.1007/s11136-025-04150-3	5	orcid:0000-0001-5193-918x	person:orcid:0000-0001-5193-918x	B. M. Morrow	0000-0001-5193-918x	A5122377113	B. M. Morrow		AUTHOR_ORCID	ACCEPTED	
doi:10.1007/s11136-025-04150-3	6	author:doi:10.1007/s11136-025-04150-3:6	person:openalex:A5122382176	J. Jelsma		A5122382176	J. Jelsma		AUTHOR_OPENALEX_ID	ACCEPTED	
doi:10.1007/s11136-025-04150-3	7	author:doi:10.1007/s11136-025-04150-3:7	person:openalex:A5122353169	S. Schieskow		A5122353169	S. Schieskow		AUTHOR_OPENALEX_ID	ACCEPTED	
doi:10.1007/s11136-025-04150-3	8	author:doi:10.1007/s11136-025-04150-3:8	person:eqmember:17930	M. Herdman		A5122382360	M. Herdman		REVIEWED_AUTHORSHIP_MERGE	ACCEPTED	OpenAlex profile split; exact name and repeated EuroQol co-author context identify Michael Herdman
doi:10.1007/s11136-026-04223-x	1	author:doi:10.1007/s11136-026-04223-x:1	person:orcid:0000-0003-3705-5323	Melissa K Licari		A5003236270	Melissa K. Licari	0000-0003-3705-5323	AUTHOR_ORCID	ACCEPTED	
doi:10.1007/s11136-026-04223-x	2	author:doi:10.1007/s11136-026-04223-x:2	person:openalex:A5123867361	Andrew JO Whitehouse		A5123867361	Andrew JO Whitehouse		AUTHOR_OPENALEX_ID	ACCEPTED	
doi:10.1007/s11136-026-04223-x	3	author:doi:10.1007/s11136-026-04223-x:3	person:orcid:0000-0002-8934-7267	Natasha N Ludwig		A5055501906	Natasha N. Ludwig	0000-0002-8934-7267	AUTHOR_ORCID	ACCEPTED	
doi:10.1007/s11136-026-04223-x	4	author:doi:10.1007/s11136-026-04223-x:4	person:orcid:0009-0006-5595-0419	Mary Wojnaroski		A5005836129	Mary Wojnaroski	0009-0006-5595-0419	AUTHOR_ORCID	ACCEPTED	
doi:10.1007/s11136-026-04223-x	5	author:doi:10.1007/s11136-026-04223-x:5	person:orcid:0009-0005-4800-6182	Rebecca Hommer		A5102915342	Rebecca Hommer	0009-0005-4800-6182	AUTHOR_ORCID	ACCEPTED	
doi:10.1007/s11136-026-04223-x	6	author:doi:10.1007/s11136-026-04223-x:6	person:orcid:0000-0003-3274-0292	Gabrielle Conecker		A5064611355	Gabrielle Conecker	0000-0003-3274-0292	AUTHOR_ORCID	ACCEPTED	
doi:10.1007/s11136-026-04223-x	7	author:doi:10.1007/s11136-026-04223-x:7	person:orcid:0009-0001-2704-5044	JayEtta Hecker		A5084400086	JayEtta Hecker	0009-0001-2704-5044	AUTHOR_ORCID	ACCEPTED	
doi:10.1007/s11136-026-04223-x	8	author:doi:10.1007/s11136-026-04223-x:8	person:orcid:0000-0001-5307-0692	Kelly Muzyczka		A5117554996	Kelly Muzyczka	0000-0001-5307-0692	AUTHOR_ORCID	ACCEPTED	
doi:10.1007/s11136-026-04223-x	9	author:doi:10.1007/s11136-026-04223-x:9	person:openalex:A5062656907	Helen Leonard		A5062656907	H. M. Leonard		AUTHOR_OPENALEX_ID	ACCEPTED	
doi:10.1007/s11136-026-04223-x	10	author:doi:10.1007/s11136-026-04223-x:10	person:orcid:0000-0002-1686-4458	Katrina J Williams		A5036875819	Katrina Williams	0000-0002-1686-4458	AUTHOR_ORCID	ACCEPTED	
doi:10.1007/s11136-026-04223-x	11	author:doi:10.1007/s11136-026-04223-x:11	person:orcid:0000-0003-3634-7906	Dinah S Reddihough		A5037576805	Dinah Reddihough	0000-0003-3634-7906	AUTHOR_ORCID	ACCEPTED	
doi:10.1007/s11136-026-04223-x	12	author:doi:10.1007/s11136-026-04223-x:12	person:leader:0687af044b11	Jenny Downs		A5124206108	J. Downs		CANONICAL_NAME_AND_LINKED_PROJECT	ACCEPTED	
doi:10.1007/s11136-026-04223-x	13	author:doi:10.1007/s11136-026-04223-x:13	person:openalex:A5124253158	Peter Jacoby		A5124253158	P. Jacoby		AUTHOR_OPENALEX_ID	ACCEPTED	
doi:10.1007/s11136-026-04226-8	1	author:doi:10.1007/s11136-026-04226-8:1	person:eqmember:17869	Ines Buchholz		A5043257626	Ines Buchholz	0000-0001-9729-6992	CANONICAL_ORCID	ACCEPTED	
doi:10.1007/s11136-026-04226-8	2	author:doi:10.1007/s11136-026-04226-8:2	person:openalex:A5114345756	Laura Lüdtke		A5114345756	Laura Lüdtke		AUTHOR_OPENALEX_ID	ACCEPTED	
doi:10.1007/s11136-026-04226-8	3	author:doi:10.1007/s11136-026-04226-8:3	person:leader:b9c067658879	Martin Härter		A5132559868	Martin Härter		CANONICAL_NAME_AND_LINKED_PROJECT	ACCEPTED	
doi:10.1007/s11136-026-04226-8	4	author:doi:10.1007/s11136-026-04226-8:4	person:openalex:A5132638343	M F Bas Janssen		A5132638343	M. F. Bas Janssen		AUTHOR_OPENALEX_ID	ACCEPTED	
doi:10.1007/s11136-026-04229-5	1	author:doi:10.1007/s11136-026-04229-5:1	person:orcid:0000-0003-1351-9170	Elizabeth Goodwin		A5091619938	Elizabeth Goodwin	0000-0003-1351-9170	AUTHOR_ORCID	ACCEPTED	
doi:10.1007/s11136-026-04229-5	2	author:doi:10.1007/s11136-026-04229-5:2	person:eqmember:17803	Bernhard Michalowsky		A5132642210	Bernhard Michalowsky		CANONICAL_NAME_AND_AFFILIATION	ACCEPTED	
doi:10.1007/s11136-026-04229-5	3	author:doi:10.1007/s11136-026-04229-5:3	person:orcid:0000-0002-2130-4420	Rod Middleton		A5001251972	Rod Middleton	0000-0002-2130-4420	AUTHOR_ORCID	ACCEPTED	
doi:10.1007/s11136-026-04229-5	4	author:doi:10.1007/s11136-026-04229-5:4	person:orcid:0000-0002-1336-5899	Annie Hawton		A5055528451	Annie Hawton	0000-0002-1336-5899	AUTHOR_ORCID	ACCEPTED	
doi:10.1007/s11136-026-04230-y	1	orcid:0000-0001-9326-8492	person:leader:22c287b45ebd	Carrie-Anne Ng	0000-0001-9326-8492	A5035818265	Carrie‐Anne Ng	0000-0001-9326-8492	CANONICAL_NAME_AND_AFFILIATION	ACCEPTED	
doi:10.1007/s11136-026-04230-y	2	orcid:0000-0002-0122-0123	person:orcid:0000-0002-0122-0123	Kathleen Doherty	0000-0002-0122-0123	A5023707610	Kathleen Doherty	0000-0002-0122-0123	AUTHOR_ORCID	ACCEPTED	
doi:10.1007/s11136-026-04230-y	3	author:doi:10.1007/s11136-026-04230-y:3	person:openalex:A5132705166	Margo Bryan		A5132705166	Margo Bryan		AUTHOR_OPENALEX_ID	ACCEPTED	
doi:10.1007/s11136-026-04230-y	4	orcid:0000-0002-9373-7663	person:leader:63cb6b329986	Jill Carlton	0000-0002-9373-7663	A5003198517	J. Carlton		CANONICAL_ORCID	ACCEPTED	
doi:10.1007/s11136-026-04230-y	5	orcid:0000-0001-6121-5409	person:orcid:0000-0001-6121-5409	Tim Luckett	0000-0001-6121-5409	A5081215319	Tim Luckett	0000-0001-6121-5409	AUTHOR_ORCID	ACCEPTED	
doi:10.1007/s11136-026-04230-y	6	orcid:0000-0003-3656-8063	person:eqmember:17807	Brendan Mulhern	0000-0003-3656-8063	A5090013218	Brendan Mulhern	0000-0003-3656-8063	CANONICAL_ORCID	ACCEPTED	
doi:10.1007/s11136-026-04230-y	7	orcid:0000-0002-3112-3893	person:eqmember:17974	Richard Norman	0000-0002-3112-3893	A5132592218	Richard Norman		CANONICAL_ORCID	ACCEPTED	
doi:10.1007/s11136-026-04230-y	8	orcid:0000-0003-3897-2908	person:orcid:0000-0003-3897-2908	Karen Wills	0000-0003-3897-2908	A5128564221	Karen Wills		AUTHOR_ORCID	ACCEPTED	
doi:10.1007/s11136-026-04230-y	9	orcid:0000-0002-8025-5841	person:leader:33e259cba916	Jessica Roydhouse	0000-0002-8025-5841	A5010221662	Jessica Roydhouse	0000-0002-8025-5841	CANONICAL_ORCID	ACCEPTED	
doi:10.1007/s11136-026-04242-8	1	author:doi:10.1007/s11136-026-04242-8:1	person:leader:086bfe1b27fe	Minh Pham		A5135071520	Minh Pham		CANONICAL_PROPAGATED_EXACT_NAME	ACCEPTED	exact name recurs after source-confirmed canonical linkage
doi:10.1007/s11136-026-04242-8	2	orcid:0000-0003-1121-1316	person:eqmember:19813	Benjamin M. Craig	0000-0003-1121-1316	A5029949490	Benjamin M. Craig	0000-0003-1121-1316	CANONICAL_ORCID	ACCEPTED	
doi:10.1007/s11136-026-04242-8	3	orcid:0000-0001-8024-7801	person:eqmember:17998	Tessa Peasgood	0000-0001-8024-7801	A5022446221	Tessa Peasgood	0000-0001-8024-7801	CANONICAL_ORCID	ACCEPTED	
doi:10.1007/s11136-026-04242-8	4	orcid:0000-0001-9674-620x	person:eqmember:17845	Fanni Rencz	0000-0001-9674-620x	A5076618112	F Rencz		CANONICAL_ORCID	ACCEPTED	
doi:10.1007/s11136-026-04246-4	1	orcid:0000-0002-5692-8882	person:orcid:0000-0002-5692-8882	Lee Constable	0000-0002-5692-8882	A5057363004	Lee Constable		AUTHOR_ORCID	ACCEPTED	
doi:10.1007/s11136-026-04246-4	2	orcid:0000-0002-6451-2713	person:orcid:0000-0002-6451-2713	Rachel O’Loughlin	0000-0002-6451-2713	A5016874302	Rachel O’Loughlin	0000-0002-6451-2713	AUTHOR_ORCID	ACCEPTED	
doi:10.1007/s11136-026-04246-4	3	orcid:0000-0002-5332-5226	person:orcid:0000-0002-5332-5226	Renee Jones	0000-0002-5332-5226	A5066738880	Renee Jones	0000-0002-5332-5226	AUTHOR_ORCID	ACCEPTED	
doi:10.1007/s11136-026-04246-4	4	orcid:0000-0003-3017-2770	person:orcid:0000-0003-3017-2770	Harriet Hiscock	0000-0003-3017-2770	A5135302134	Harriet Hiscock	0000-0003-3017-2770	AUTHOR_ORCID	ACCEPTED	
doi:10.1007/s11136-026-04246-4	5	orcid:0000-0003-4972-8871	person:leader:50cca9cff5d9	Kim Dalziel	0000-0003-4972-8871	A5138004883	Kim Dalziel	0000-0003-4972-8871	CANONICAL_ORCID	ACCEPTED	
doi:10.1007/s11136-026-04246-4	6	author:doi:10.1007/s11136-026-04246-4:6	group:quokka-project-team	Quality of Life in Kids: Key evidence to strengthen decisions in Australia (QUOKKA) project teamNormanRichardVineyRosalieRatcliffeJulie					COLLECTIVE_AUTHOR	ACCEPTED	
doi:10.1007/s11136-026-04285-x	1	author:doi:10.1007/s11136-026-04285-x:1	person:openalex:A5138142464	Joëlle Eijkens		A5138142464	Joëlle Eijkens		AUTHOR_OPENALEX_ID	ACCEPTED	
doi:10.1007/s11136-026-04285-x	2	author:doi:10.1007/s11136-026-04285-x:2	person:leader:c2d00c5008f7	Joshua M Bonsel		A5090783923	Joshua M. Bonsel	0000-0002-9143-5506	CANONICAL_ORCID	ACCEPTED	
doi:10.1007/s11136-026-04285-x	3	author:doi:10.1007/s11136-026-04285-x:3	person:eqmember:18018	You-Shan Feng		A5091571513	You‐Shan Feng	0000-0003-1509-3409	CANONICAL_ORCID	ACCEPTED	
doi:10.1007/s11136-026-04285-x	4	author:doi:10.1007/s11136-026-04285-x:4	person:openalex:A5132638343	M F Bas Janssen		A5132638343	M. F. Bas Janssen		AUTHOR_OPENALEX_ID	ACCEPTED	
doi:10.1007/s11136-026-04285-x	5	author:doi:10.1007/s11136-026-04285-x:5	person:eqmember:17839	Erica I Lubetkin		A5138147876	Erica I. Lubetkin		CANONICAL_NAME_AND_AFFILIATION	ACCEPTED	
doi:10.1007/s11136-026-04285-x	6	author:doi:10.1007/s11136-026-04285-x:6	person:eqmember:17895	Juanita A Haagsma		A5138175377	Juanita A. Haagsma	0000-0002-2055-548x	CANONICAL_ORCID	ACCEPTED	
doi:10.1007/s11136-026-04294-w	1	orcid:0000-0001-6638-421x	person:orcid:0000-0001-6638-421x	Admassu N. Lamu	0000-0001-6638-421x	A5073774833	Admassu N. Lamu	0000-0001-6638-421x	AUTHOR_ORCID	ACCEPTED	
doi:10.1007/s11136-026-04294-w	2	orcid:0000-0002-8385-5965	person:orcid:0000-0002-8385-5965	Gang Chen	0000-0002-8385-5965	A5091495489	Gang Chen	0000-0002-8385-5965	AUTHOR_ORCID	ACCEPTED	
doi:10.1007/s11136-026-04294-w	3	orcid:0000-0002-5338-578x	person:eqmember:19028	Ling Jie Cheng	0000-0002-5338-578x	A5082193621	Ling Jie Cheng	0000-0002-5338-578x	CANONICAL_ORCID	ACCEPTED	
doi:10.1007/s11136-026-04294-w	4	orcid:0000-0001-9472-2669	person:eqmember:17873	Jan Abel Olsen	0000-0001-9472-2669	A5052181611	Jan Abel Olsen	0000-0001-9472-2669	CANONICAL_ORCID	ACCEPTED	
doi:10.1007/s11136-026-04315-8	1	orcid:0000-0002-6915-1865	person:eqmember:19032	Mina Bahrampour	0000-0002-6915-1865	A5068470091	Mina Bahrampour	0000-0002-6915-1865	CANONICAL_ORCID	ACCEPTED	
doi:10.1007/s11136-026-04315-8	2	orcid:0000-0002-4899-7538	person:leader:db0cd1478ab2	Akanksha Akanksha	0000-0002-4899-7538	A5031359113	A Akanksha	0000-0002-4899-7538	CANONICAL_NAME_AND_LINKED_PROJECT	ACCEPTED	
doi:10.1007/s11136-026-04315-8	3	orcid:0000-0003-3696-9086	person:eqmember:19030	Maja Kuharic	0000-0003-3696-9086	A5007210675	Maja Kuharić	0000-0003-3696-9086	CANONICAL_ORCID	ACCEPTED	
doi:10.1007/s11136-026-04315-8	4	orcid:0000-0002-0039-9635	person:eqmember:17976	Rosalie Viney	0000-0002-0039-9635	A5076742980	Rosalie Viney	0000-0002-0039-9635	CANONICAL_ORCID	ACCEPTED	
doi:10.1007/s11136-026-04315-8	5	orcid:0000-0003-3656-8063	person:eqmember:17807	Brendan Mulhern	0000-0003-3656-8063	A5090013218	Brendan Mulhern	0000-0003-3656-8063	CANONICAL_ORCID	ACCEPTED	
doi:10.1007/s12311-023-01597-3	1	author:doi:10.1007/s12311-023-01597-3:1	person:leader:b74a5997703c	Maresa Buchholz		A5061680498	Maresa Buchholz	0000-0002-4486-8632	CANONICAL_NAME_AND_AFFILIATION	ACCEPTED	
doi:10.1007/s12311-023-01597-3	2	author:doi:10.1007/s12311-023-01597-3:2	person:openalex:A5112901636	Niklas Weber		A5112901636	Niklas Weber		AUTHOR_OPENALEX_ID	ACCEPTED	
doi:10.1007/s12311-023-01597-3	3	author:doi:10.1007/s12311-023-01597-3:3	person:orcid:0000-0003-0634-8756	Anika Rädke		A5024031603	Anika Rädke	0000-0003-0634-8756	AUTHOR_ORCID	ACCEPTED	
doi:10.1007/s12311-023-01597-3	4	author:doi:10.1007/s12311-023-01597-3:4	person:orcid:0000-0003-3265-0262	Jennifer Faber		A5059290458	Jennifer Faber	0000-0003-3265-0262	AUTHOR_ORCID	ACCEPTED	
doi:10.1007/s12311-023-01597-3	5	author:doi:10.1007/s12311-023-01597-3:5	person:orcid:0000-0003-4833-5937	Tanja Schmitz-Hübsch		A5072290180	Tanja Schmitz‐Hübsch	0000-0003-4833-5937	AUTHOR_ORCID	ACCEPTED	
doi:10.1007/s12311-023-01597-3	6	author:doi:10.1007/s12311-023-01597-3:6	person:orcid:0000-0002-6986-3969	Heike Jacobi		A5070361492	Heike Jacobi	0000-0002-6986-3969	AUTHOR_ORCID	ACCEPTED	
doi:10.1007/s12311-023-01597-3	7	author:doi:10.1007/s12311-023-01597-3:7	person:eqmember:17851	Feng Xie		A5102994482	Feng Xie	0000-0003-3454-6266	CANONICAL_ORCID	ACCEPTED	
doi:10.1007/s12311-023-01597-3	8	author:doi:10.1007/s12311-023-01597-3:8	person:orcid:0000-0001-6174-5442	Thomas Klockgether		A5037328125	Thomas Klockgether	0000-0001-6174-5442	AUTHOR_ORCID	ACCEPTED	
doi:10.1007/s12311-023-01597-3	9	author:doi:10.1007/s12311-023-01597-3:9	person:eqmember:17803	Bernhard Michalowsky		A5088093819	Bernhard Michalowsky	0000-0002-3425-0089	CANONICAL_ORCID	ACCEPTED	
doi:10.1007/s12311-023-01597-3	10	author:doi:10.1007/s12311-023-01597-3:10	group:eurosca-study-group	The EUROSCA study group			The EUROSCA study group		COLLECTIVE_AUTHOR	ACCEPTED	
doi:10.1007/s12311-023-01597-3	11	author:doi:10.1007/s12311-023-01597-3:11	group:esmi-study-group	The ESMI study group			The ESMI study group		COLLECTIVE_AUTHOR	ACCEPTED	
doi:10.1007/s12311-024-01657-2	1	author:doi:10.1007/s12311-024-01657-2:1	person:openalex:A5112901636	Niklas Weber		A5112901636	Niklas Weber		AUTHOR_OPENALEX_ID	ACCEPTED	
doi:10.1007/s12311-024-01657-2	2	author:doi:10.1007/s12311-024-01657-2:2	person:leader:b74a5997703c	Maresa Buchholz		A5061680498	Maresa Buchholz	0000-0002-4486-8632	CANONICAL_NAME_AND_AFFILIATION	ACCEPTED	
doi:10.1007/s12311-024-01657-2	3	author:doi:10.1007/s12311-024-01657-2:3	person:orcid:0000-0003-0634-8756	Anika Rädke		A5024031603	Anika Rädke	0000-0003-0634-8756	AUTHOR_ORCID	ACCEPTED	
doi:10.1007/s12311-024-01657-2	4	author:doi:10.1007/s12311-024-01657-2:4	person:orcid:0000-0003-3265-0262	Jennifer Faber		A5059290458	Jennifer Faber	0000-0003-3265-0262	AUTHOR_ORCID	ACCEPTED	
doi:10.1007/s12311-024-01657-2	5	author:doi:10.1007/s12311-024-01657-2:5	person:orcid:0000-0003-4833-5937	Tanja Schmitz-Hübsch		A5072290180	Tanja Schmitz‐Hübsch	0000-0003-4833-5937	AUTHOR_ORCID	ACCEPTED	
doi:10.1007/s12311-024-01657-2	6	author:doi:10.1007/s12311-024-01657-2:6	person:orcid:0000-0002-6986-3969	Heike Jacobi		A5070361492	Heike Jacobi	0000-0002-6986-3969	AUTHOR_ORCID	ACCEPTED	
doi:10.1007/s12311-024-01657-2	7	author:doi:10.1007/s12311-024-01657-2:7	person:orcid:0000-0001-6174-5442	Thomas Klockgether		A5037328125	Thomas Klockgether	0000-0001-6174-5442	AUTHOR_ORCID	ACCEPTED	
doi:10.1007/s12311-024-01657-2	8	author:doi:10.1007/s12311-024-01657-2:8	person:orcid:0000-0002-6359-8797	Wolfgang Hoffmann		A5056236835	Wolfgang Hoffmann	0000-0002-6359-8797	AUTHOR_ORCID	ACCEPTED	
doi:10.1007/s12311-024-01657-2	9	author:doi:10.1007/s12311-024-01657-2:9	person:eqmember:17803	Bernhard Michalowsky		A5088093819	Bernhard Michalowsky	0000-0002-3425-0089	CANONICAL_ORCID	ACCEPTED	
doi:10.1007/s12311-024-01657-2	10	author:doi:10.1007/s12311-024-01657-2:10	group:eurosca-study-group	the EUROSCA study group			the EUROSCA study group		COLLECTIVE_AUTHOR	ACCEPTED	
doi:10.1007/s12311-024-01657-2	11	author:doi:10.1007/s12311-024-01657-2:11	group:esmi-study-group	the ESMI study group			the ESMI study group		COLLECTIVE_AUTHOR	ACCEPTED	
doi:10.1007/s40258-021-00639-3	1	author:doi:10.1007/s40258-021-00639-3:1	person:leader:35b2f2d48116	Cathrine Elgaard Jensen		A5102727513	Cathrine Elgaard Jensen	0000-0001-7300-254x	CANONICAL_ORCID	ACCEPTED	
doi:10.1007/s40258-021-00639-3	2	author:doi:10.1007/s40258-021-00639-3:2	person:orcid:0000-0002-6048-521x	Sabrina Storgaard Sørensen		A5101968333	Sabrina Storgaard Sørensen	0000-0002-6048-521x	AUTHOR_ORCID	ACCEPTED	
doi:10.1007/s40258-021-00639-3	3	author:doi:10.1007/s40258-021-00639-3:3	person:eqmember:17817	Claire Gudex		A5047944478	Claire Gudex	0000-0003-3881-9890	CANONICAL_ORCID	ACCEPTED	
doi:10.1007/s40258-021-00639-3	4	author:doi:10.1007/s40258-021-00639-3:4	person:orcid:0000-0002-9455-0104	Morten Berg Jensen		A5014493050	Morten Berg Jensen	0000-0002-9455-0104	AUTHOR_ORCID	ACCEPTED	
doi:10.1007/s40258-021-00639-3	5	author:doi:10.1007/s40258-021-00639-3:5	person:orcid:0000-0002-8222-0781	Kjeld Møller Pedersen		A5006620707	Kjeld Møller Pedersen	0000-0002-8222-0781	AUTHOR_ORCID	ACCEPTED	
doi:10.1007/s40258-021-00639-3	6	author:doi:10.1007/s40258-021-00639-3:6	person:leader:8b1b3321c511	Lars Holger Ehlers		A5054828864	Lars Holger Ehlers	0000-0001-6512-5566	CANONICAL_ORCID	ACCEPTED	
doi:10.1007/s40258-022-00772-7	1	author:doi:10.1007/s40258-022-00772-7:1	person:leader:fc07b6540d1a	Michela Meregaglia		A5038451583	Michela Meregaglia	0000-0003-0092-5970	CANONICAL_ORCID	ACCEPTED	
doi:10.1007/s40258-022-00772-7	2	author:doi:10.1007/s40258-022-00772-7:2	person:orcid:0000-0002-0245-9849	Francesco Malandrini		A5083810753	Francesco Malandrini	0000-0002-0245-9849	AUTHOR_ORCID	ACCEPTED	
doi:10.1007/s40258-022-00772-7	3	author:doi:10.1007/s40258-022-00772-7:3	person:eqmember:19003	Aureliano Paolo Finch		A5055927783	Aureliano Paolo Finch	0000-0003-1438-321x	CANONICAL_ORCID	ACCEPTED	
doi:10.1007/s40258-022-00772-7	4	author:doi:10.1007/s40258-022-00772-7:4	person:leader:4fa690feeeb8	Oriana Ciani		A5008052793	Oriana Ciani	0000-0002-3607-0508	CANONICAL_ORCID	ACCEPTED	
doi:10.1007/s40258-022-00772-7	5	author:doi:10.1007/s40258-022-00772-7:5	person:orcid:0000-0002-2862-2990	Claudio Jommi		A5071078329	Claudio Jommi	0000-0002-2862-2990	AUTHOR_ORCID	ACCEPTED	
doi:10.1007/s40258-023-00798-5	1	orcid:0000-0002-3879-6193	person:leader:eb823a3d3fe9	Annette K. Regan	0000-0002-3879-6193	A5010948852	Annette K. Regan	0000-0002-3879-6193	CANONICAL_ORCID	ACCEPTED	
doi:10.1007/s40258-023-00798-5	2	author:doi:10.1007/s40258-023-00798-5:2	person:openalex:A5112728116	Pallavi Aytha Swathi		A5112728116	Pallavi Aytha Swathi		AUTHOR_OPENALEX_ID	ACCEPTED	
doi:10.1007/s40258-023-00798-5	3	author:doi:10.1007/s40258-023-00798-5:3	person:orcid:0000-0001-5374-5100	Marcianna Nosek		A5111744360	Marcianna Nosek	0000-0001-5374-5100	AUTHOR_ORCID	ACCEPTED	
doi:10.1007/s40258-023-00798-5	4	author:doi:10.1007/s40258-023-00798-5:4	person:eqmember:17956	Ning Yan Gu		A5063972558	Ning Yan Gu	0000-0002-1250-7605	CANONICAL_ORCID	ACCEPTED	
doi:10.1007/s40258-025-00954-z	1	author:doi:10.1007/s40258-025-00954-z:1	person:eqmember:17867	Henry Bailey		A5090969739	Henry Bailey	0000-0002-4479-9948	CANONICAL_ORCID	ACCEPTED	
doi:10.1007/s40258-025-00954-z	2	author:doi:10.1007/s40258-025-00954-z:2	person:eqmember:17805	Bram Roudijk		A5028508726	Bram Roudijk	0000-0001-5000-0875	CANONICAL_ORCID	ACCEPTED	
doi:10.1007/s40271-020-00490-z	1	author:doi:10.1007/s40271-020-00490-z:1	person:eqmember:17992	Stefan A Lipman		A5078862538	Stefan A. Lipman	0000-0002-8784-9650	CANONICAL_ORCID	ACCEPTED	
doi:10.1007/s40271-022-00572-0	1	author:doi:10.1007/s40271-022-00572-0:1	person:openalex:A5019640605	Sahar Al Shabasy		A5019640605	Sahar Al Shabasy		AUTHOR_OPENALEX_ID	ACCEPTED	
doi:10.1007/s40271-022-00572-0	2	author:doi:10.1007/s40271-022-00572-0:2	person:eqmember:17847	Fatima Al Sayah		A5026033494	Fatima Al Sayah	0000-0003-3891-5452	CANONICAL_ORCID	ACCEPTED	
doi:10.1007/s40271-022-00572-0	3	author:doi:10.1007/s40271-022-00572-0:3	person:orcid:0000-0002-5956-8990	Maggie Abbassi		A5032499712	Maggie Abbassi	0000-0002-5956-8990	AUTHOR_ORCID	ACCEPTED	
doi:10.1007/s40271-022-00572-0	4	author:doi:10.1007/s40271-022-00572-0:4	person:leader:39e3bb2019e3	Samar Farid		A5091305227	Samar Farid	0000-0002-6048-847x	CANONICAL_NAME_AND_LINKED_PROJECT	ACCEPTED	
doi:10.1007/s40271-022-00573-z	1	author:doi:10.1007/s40271-022-00573-z:1	person:orcid:0000-0001-8778-5055	Anabel Estévez-Carrillo		A5059117288	Anabel Estévez-Carrillo	0000-0001-8778-5055	AUTHOR_ORCID	ACCEPTED	
doi:10.1007/s40271-022-00573-z	2	author:doi:10.1007/s40271-022-00573-z:2	person:eqmember:17984	Sarah Dewilde		A5043932217	Sarah Dewilde	0000-0002-7315-3230	CANONICAL_ORCID	ACCEPTED	
doi:10.1007/s40271-022-00573-z	3	author:doi:10.1007/s40271-022-00573-z:3	person:eqmember:17924	Mark Oppe		A5023709885	Mark Oppe	0000-0003-4286-8855	CANONICAL_ORCID	ACCEPTED	
doi:10.1007/s40271-022-00573-z	4	author:doi:10.1007/s40271-022-00573-z:4	person:eqmember:17893	Juan M Ramos-Goñi		A5047957689	Juan Manuel Ramos-Goñi	0000-0002-9568-5190	CANONICAL_ORCID	ACCEPTED	
doi:10.1007/s40271-023-00647-6	1	orcid:0000-0002-7959-3149	person:eqmember:17911	Lidia Engel	0000-0002-7959-3149	A5039737173	Lidia Engel	0000-0002-7959-3149	CANONICAL_ORCID	ACCEPTED	
doi:10.1007/s40271-023-00647-6	2	author:doi:10.1007/s40271-023-00647-6:2	person:orcid:0000-0003-4780-8333	Leona Kosowicz		A5033164608	Leona Kosowicz	0000-0003-4780-8333	AUTHOR_ORCID	ACCEPTED	
doi:10.1007/s40271-023-00647-6	3	author:doi:10.1007/s40271-023-00647-6:3	person:orcid:0000-0002-3288-036x	Ekaterina Bogatyreva		A5025954491	Ekaterina Bogatyreva	0000-0002-3288-036x	AUTHOR_ORCID	ACCEPTED	
doi:10.1007/s40271-023-00647-6	4	author:doi:10.1007/s40271-023-00647-6:4	person:orcid:0000-0002-7302-7293	Frances Batchelor		A5060708607	Frances Batchelor	0000-0002-7302-7293	AUTHOR_ORCID	ACCEPTED	
doi:10.1007/s40271-023-00647-6	5	author:doi:10.1007/s40271-023-00647-6:5	person:eqmember:17946	Nancy Devlin		A5103206776	Nancy Devlin	0000-0002-1561-5361	CANONICAL_ORCID	ACCEPTED	
doi:10.1007/s40271-023-00647-6	6	author:doi:10.1007/s40271-023-00647-6:6	person:orcid:0000-0002-4186-314x	Briony Dow		A5004840956	Briony Dow	0000-0002-4186-314x	AUTHOR_ORCID	ACCEPTED	
doi:10.1007/s40271-023-00647-6	7	author:doi:10.1007/s40271-023-00647-6:7	person:orcid:0000-0002-0525-8516	Andrew S. Gilbert		A5028331339	Andrew Simon Gilbert	0000-0002-0525-8516	AUTHOR_ORCID	ACCEPTED	
doi:10.1007/s40271-023-00647-6	8	author:doi:10.1007/s40271-023-00647-6:8	person:eqmember:17807	Brendan Mulhern		A5090013218	Brendan Mulhern	0000-0003-3656-8063	CANONICAL_ORCID	ACCEPTED	
doi:10.1007/s40271-023-00647-6	9	author:doi:10.1007/s40271-023-00647-6:9	person:eqmember:17998	Tessa Peasgood		A5022446221	Tessa Peasgood	0000-0001-8024-7801	CANONICAL_ORCID	ACCEPTED	
doi:10.1007/s40271-023-00647-6	10	author:doi:10.1007/s40271-023-00647-6:10	person:eqmember:17976	Rosalie Viney		A5076742980	Rosalie Viney	0000-0002-0039-9635	CANONICAL_ORCID	ACCEPTED	
doi:10.1007/s40271-024-00708-4	1	author:doi:10.1007/s40271-024-00708-4:1	person:eqmember:19813	Benjamin Matthew Craig		A5029949490	Benjamin M. Craig	0000-0003-1121-1316	CANONICAL_ORCID	ACCEPTED	
doi:10.1007/s40271-024-00708-4	2	author:doi:10.1007/s40271-024-00708-4:2	person:leader:6fe4e81455db	Maksat Jumamyradov		A5067862987	Maksat Jumamyradov	0009-0008-0180-7224	CANONICAL_ORCID	ACCEPTED	
doi:10.1007/s40271-024-00708-4	3	author:doi:10.1007/s40271-024-00708-4:3	person:eqmember:17960	Oliver Rivero-Arias		A5014510851	Oliver Rivero‐Arias	0000-0003-2233-6544	CANONICAL_NAME_AND_AFFILIATION	ACCEPTED	
doi:10.1007/s40271-024-00715-5	1	author:doi:10.1007/s40271-024-00715-5:1	person:eqmember:17911	Lidia Engel		A5039737173	Lidia Engel	0000-0002-7959-3149	CANONICAL_ORCID	ACCEPTED	
doi:10.1007/s40271-024-00715-5	2	author:doi:10.1007/s40271-024-00715-5:2	person:eqmember:21677	Cate Bailey		A5020867003	Cate Bailey	0000-0001-5030-430x	CANONICAL_ORCID	ACCEPTED	
doi:10.1007/s40271-024-00715-5	3	author:doi:10.1007/s40271-024-00715-5:3	person:orcid:0000-0002-3288-036x	Ekaterina Bogatyreva		A5025954491	Ekaterina Bogatyreva	0000-0002-3288-036x	AUTHOR_ORCID	ACCEPTED	
doi:10.1007/s40271-024-00715-5	4	author:doi:10.1007/s40271-024-00715-5:4	person:orcid:0000-0002-7302-7293	Frances Batchelor		A5060708607	Frances Batchelor	0000-0002-7302-7293	AUTHOR_ORCID	ACCEPTED	
doi:10.1007/s40271-024-00715-5	5	author:doi:10.1007/s40271-024-00715-5:5	person:eqmember:17946	Nancy Devlin		A5103206776	Nancy Devlin	0000-0002-1561-5361	CANONICAL_ORCID	ACCEPTED	
doi:10.1007/s40271-024-00715-5	6	author:doi:10.1007/s40271-024-00715-5:6	person:orcid:0000-0002-4186-314x	Briony Dow		A5004840956	Briony Dow	0000-0002-4186-314x	AUTHOR_ORCID	ACCEPTED	
doi:10.1007/s40271-024-00715-5	7	author:doi:10.1007/s40271-024-00715-5:7	person:orcid:0000-0002-0525-8516	Andrew S Gilbert		A5028331339	Andrew Simon Gilbert	0000-0002-0525-8516	AUTHOR_ORCID	ACCEPTED	
doi:10.1007/s40271-024-00715-5	8	author:doi:10.1007/s40271-024-00715-5:8	person:eqmember:17807	Brendan Mulhern		A5090013218	Brendan Mulhern	0000-0003-3656-8063	CANONICAL_ORCID	ACCEPTED	
doi:10.1007/s40271-024-00715-5	9	author:doi:10.1007/s40271-024-00715-5:9	person:eqmember:17976	Rosalie Viney		A5076742980	Rosalie Viney	0000-0002-0039-9635	CANONICAL_ORCID	ACCEPTED	
doi:10.1007/s40271-024-00715-5	10	author:doi:10.1007/s40271-024-00715-5:10	person:eqmember:17998	Tessa Peasgood		A5022446221	Tessa Peasgood	0000-0001-8024-7801	CANONICAL_ORCID	ACCEPTED	
doi:10.1007/s40271-025-00729-7	1	author:doi:10.1007/s40271-025-00729-7:1	person:orcid:0000-0002-0525-8516	Andrew Simon Gilbert		A5028331339	Andrew Simon Gilbert	0000-0002-0525-8516	AUTHOR_ORCID	ACCEPTED	
doi:10.1007/s40271-025-00729-7	2	author:doi:10.1007/s40271-025-00729-7:2	person:orcid:0000-0002-7302-7293	Frances Batchelor		A5060708607	Frances Batchelor	0000-0002-7302-7293	AUTHOR_ORCID	ACCEPTED	
doi:10.1007/s40271-025-00729-7	3	author:doi:10.1007/s40271-025-00729-7:3	person:eqmember:17946	Nancy Devlin		A5103206776	Nancy Devlin	0000-0002-1561-5361	CANONICAL_ORCID	ACCEPTED	
doi:10.1007/s40271-025-00729-7	4	author:doi:10.1007/s40271-025-00729-7:4	person:orcid:0000-0002-4186-314x	Briony Dow		A5004840956	Briony Dow	0000-0002-4186-314x	AUTHOR_ORCID	ACCEPTED	
doi:10.1007/s40271-025-00729-7	5	author:doi:10.1007/s40271-025-00729-7:5	person:eqmember:17807	Brendan Mulhern		A5090013218	Brendan Mulhern	0000-0003-3656-8063	CANONICAL_ORCID	ACCEPTED	
doi:10.1007/s40271-025-00729-7	6	author:doi:10.1007/s40271-025-00729-7:6	person:eqmember:17976	Rosalie Viney		A5076742980	Rosalie Viney	0000-0002-0039-9635	CANONICAL_ORCID	ACCEPTED	
doi:10.1007/s40271-025-00729-7	7	author:doi:10.1007/s40271-025-00729-7:7	person:eqmember:17998	Tessa Peasgood		A5022446221	Tessa Peasgood	0000-0001-8024-7801	CANONICAL_ORCID	ACCEPTED	
doi:10.1007/s40271-025-00729-7	8	author:doi:10.1007/s40271-025-00729-7:8	person:eqmember:17911	Lidia Engel		A5039737173	Lidia Engel	0000-0002-7959-3149	CANONICAL_ORCID	ACCEPTED	
doi:10.1007/s40271-025-00735-9	1	orcid:0009-0000-4173-3487	person:orcid:0009-0000-4173-3487	Peiwen Jiang	0009-0000-4173-3487	A5051422828	Peiwen Jiang	0009-0000-4173-3487	AUTHOR_ORCID	ACCEPTED	
doi:10.1007/s40271-025-00735-9	2	orcid:0000-0002-4476-0656	person:eqmember:17827	Deborah Street	0000-0002-4476-0656	A5053497885	Deborah J. Street	0000-0002-4476-0656	CANONICAL_ORCID	ACCEPTED	
doi:10.1007/s40271-025-00735-9	3	orcid:0000-0002-8210-9936	person:eqmember:17974	Richard Norman	0000-0002-8210-9936	A5057393757	Richard Norman	0000-0002-8210-9936	CANONICAL_NAME_AND_AFFILIATION	ACCEPTED	
doi:10.1007/s40271-025-00735-9	4	orcid:0000-0002-0039-9635	person:eqmember:17976	Rosalie Viney	0000-0002-0039-9635	A5076742980	Rosalie Viney	0000-0002-0039-9635	CANONICAL_ORCID	ACCEPTED	
doi:10.1007/s40271-025-00735-9	5	orcid:0000-0003-4286-8855	person:eqmember:17924	Mark Oppe	0000-0003-4286-8855	A5023709885	Mark Oppe	0000-0003-4286-8855	CANONICAL_ORCID	ACCEPTED	
doi:10.1007/s40271-025-00735-9	6	orcid:0000-0003-3656-8063	person:eqmember:17807	Brendan Mulhern	0000-0003-3656-8063	A5090013218	Brendan Mulhern	0000-0003-3656-8063	CANONICAL_ORCID	ACCEPTED	
doi:10.1007/s40271-025-00749-3	1	orcid:0000-0001-5030-430x	person:eqmember:21677	Cate Bailey	0000-0001-5030-430x	A5020867003	Cate Bailey	0000-0001-5030-430x	CANONICAL_ORCID	ACCEPTED	
doi:10.1007/s40271-025-00749-3	2	orcid:0000-0001-8024-7801	person:eqmember:17998	Tessa Peasgood	0000-0001-8024-7801	A5022446221	Tessa Peasgood	0000-0001-8024-7801	CANONICAL_ORCID	ACCEPTED	
doi:10.1007/s40271-025-00787-x	1	orcid:0000-0002-7959-3149	person:eqmember:17911	Lidia Engel	0000-0002-7959-3149	A5039737173	Lidia Engel	0000-0002-7959-3149	CANONICAL_ORCID	ACCEPTED	
doi:10.1007/s40271-025-00787-x	2	author:doi:10.1007/s40271-025-00787-x:2	person:eqmember:17946	Nancy Devlin		A5103206776	Nancy Devlin	0000-0002-1561-5361	CANONICAL_ORCID	ACCEPTED	
doi:10.1007/s40271-025-00787-x	3	author:doi:10.1007/s40271-025-00787-x:3	person:orcid:0000-0002-4186-314x	Briony Dow		A5004840956	Briony Dow	0000-0002-4186-314x	AUTHOR_ORCID	ACCEPTED	
doi:10.1007/s40271-025-00787-x	4	author:doi:10.1007/s40271-025-00787-x:4	person:orcid:0000-0002-0525-8516	Andrew Gilbert		A5028331339	Andrew Simon Gilbert	0000-0002-0525-8516	AUTHOR_ORCID	ACCEPTED	
doi:10.1007/s40271-025-00787-x	5	author:doi:10.1007/s40271-025-00787-x:5	person:eqmember:17807	Brendan Mulhern		A5090013218	Brendan Mulhern	0000-0003-3656-8063	CANONICAL_ORCID	ACCEPTED	
doi:10.1007/s40271-025-00787-x	6	author:doi:10.1007/s40271-025-00787-x:6	person:eqmember:17998	Tessa Peasgood		A5022446221	Tessa Peasgood	0000-0001-8024-7801	CANONICAL_ORCID	ACCEPTED	
doi:10.1007/s40271-025-00787-x	7	author:doi:10.1007/s40271-025-00787-x:7	person:eqmember:17976	Rosalie Viney		A5076742980	Rosalie Viney	0000-0002-0039-9635	CANONICAL_ORCID	ACCEPTED	
doi:10.1007/s40271-025-00787-x	8	author:doi:10.1007/s40271-025-00787-x:8	person:orcid:0000-0002-7302-7293	Frances Batchelor		A5060708607	Frances Batchelor	0000-0002-7302-7293	AUTHOR_ORCID	ACCEPTED	
doi:10.1007/s40273-015-0292-9	1	author:doi:10.1007/s40273-015-0292-9:1	person:eqmember:17851	Feng Xie		A5102994482	Feng Xie	0000-0003-3454-6266	CANONICAL_ORCID	ACCEPTED	
doi:10.1007/s40273-015-0292-9	2	author:doi:10.1007/s40273-015-0292-9:2	person:eqmember:17988	A Simon Pickard		A5058888906	A. Simon Pickard	0000-0001-5645-7091	CANONICAL_ORCID	ACCEPTED	
doi:10.1007/s40273-015-0292-9	3	author:doi:10.1007/s40273-015-0292-9:3	person:eqmember:17964	Paul F M Krabbe		A5061371202	Paul F. M. Krabbe	0000-0001-6042-1243	CANONICAL_ORCID	ACCEPTED	
doi:10.1007/s40273-015-0292-9	4	author:doi:10.1007/s40273-015-0292-9:4	person:orcid:0000-0001-6780-0019	Dennis Revicki		A5001054264	Dennis A. Revicki	0000-0001-6780-0019	AUTHOR_ORCID	ACCEPTED	
doi:10.1007/s40273-015-0292-9	5	author:doi:10.1007/s40273-015-0292-9:5	person:eqmember:17976	Rosalie Viney		A5076742980	Rosalie Viney	0000-0002-0039-9635	CANONICAL_ORCID	ACCEPTED	
doi:10.1007/s40273-015-0292-9	6	author:doi:10.1007/s40273-015-0292-9:6	person:eqmember:17946	Nancy Devlin		A5103206776	Nancy Devlin	0000-0002-1561-5361	CANONICAL_ORCID	ACCEPTED	
doi:10.1007/s40273-015-0292-9	7	author:doi:10.1007/s40273-015-0292-9:7	person:orcid:0000-0002-1998-9408	David Feeny		A5035248555	David Feeny	0000-0002-1998-9408	AUTHOR_ORCID	ACCEPTED	
doi:10.1007/s40273-016-0404-1	1	author:doi:10.1007/s40273-016-0404-1:1	person:eqmember:17924	Mark Oppe		A5023709885	Mark Oppe	0000-0003-4286-8855	CANONICAL_ORCID	ACCEPTED	
doi:10.1007/s40273-016-0404-1	2	author:doi:10.1007/s40273-016-0404-1:2	person:eqmember:17897	Kim Rand-Hendriksen		A5041551368	Kim Rand	0000-0001-7692-4099	CANONICAL_ORCID	ACCEPTED	
doi:10.1007/s40273-016-0404-1	3	author:doi:10.1007/s40273-016-0404-1:3	person:eqmember:17901	Koonal Shah		A5083575745	Koonal Shah	0000-0002-4927-7858	CANONICAL_ORCID	ACCEPTED	
doi:10.1007/s40273-016-0404-1	4	author:doi:10.1007/s40273-016-0404-1:4	person:eqmember:17893	Juan M Ramos‐Goñi		A5047957689	Juan Manuel Ramos-Goñi	0000-0002-9568-5190	CANONICAL_ORCID	ACCEPTED	
doi:10.1007/s40273-016-0404-1	5	author:doi:10.1007/s40273-016-0404-1:5	person:eqmember:17944	Nan Luo		A5064398143	Nan Luo	0000-0001-7980-6979	CANONICAL_ORCID	ACCEPTED	
doi:10.1007/s40273-017-0538-9	1	author:doi:10.1007/s40273-017-0538-9:1	person:eqmember:17855	Fredrick Dermawan Purba		A5059806422	Fredrick Dermawan Purba	0000-0002-7336-3043	CANONICAL_ORCID	ACCEPTED	
doi:10.1007/s40273-017-0538-9	2	author:doi:10.1007/s40273-017-0538-9:2	person:openalex:A5113535557	Joke A M Hunfeld		A5113535557	Joke A. M. Hunfeld		AUTHOR_OPENALEX_ID	ACCEPTED	
doi:10.1007/s40273-017-0538-9	3	author:doi:10.1007/s40273-017-0538-9:3	person:orcid:0000-0002-9526-6922	Aulia Iskandarsyah		A5037744802	Aulia Iskandarsyah	0000-0002-9526-6922	AUTHOR_ORCID	ACCEPTED	
doi:10.1007/s40273-017-0538-9	4	author:doi:10.1007/s40273-017-0538-9:4	person:leader:fbb9eb69f451	Titi Sahidah Fitriana		A5049547434	Titi Sahidah Fitriana	0000-0001-5062-6886	CANONICAL_ORCID	ACCEPTED	
doi:10.1007/s40273-017-0538-9	5	author:doi:10.1007/s40273-017-0538-9:5	person:orcid:0000-0001-5126-9104	Sawitri Supardi Sadarjoen		A5014483970	Sawitri S. Sadarjoen	0000-0001-5126-9104	AUTHOR_ORCID	ACCEPTED	
doi:10.1007/s40273-017-0538-9	6	author:doi:10.1007/s40273-017-0538-9:6	person:eqmember:17893	Juan Manuel Ramos-Goñi		A5047957689	Juan Manuel Ramos-Goñi	0000-0002-9568-5190	CANONICAL_ORCID	ACCEPTED	
doi:10.1007/s40273-017-0538-9	7	author:doi:10.1007/s40273-017-0538-9:7	person:orcid:0000-0002-7319-7188	Jan Passchier		A5026470404	Jan Passchier	0000-0002-7319-7188	AUTHOR_ORCID	ACCEPTED	
doi:10.1007/s40273-017-0538-9	8	author:doi:10.1007/s40273-017-0538-9:8	person:eqmember:17875	Jan J V Busschbach		A5020122364	Jan J.V. Busschbach	0000-0002-8602-0381	CANONICAL_ORCID	ACCEPTED	
doi:10.1007/s40273-018-0615-8	1	author:doi:10.1007/s40273-018-0615-8:1	person:eqmember:17905	Kristina Ludwig		A5035184665	Kristina Ludwig	0000-0002-4306-4667	CANONICAL_ORCID	ACCEPTED	
doi:10.1007/s40273-018-0615-8	2	author:doi:10.1007/s40273-018-0615-8:2	person:orcid:0000-0002-3745-4060	J-Matthias Graf von der Schulenburg		A5018451810	J.﻿-﻿Matthias Graf von der Schulenburg	0000-0002-3745-4060	AUTHOR_ORCID	ACCEPTED	
doi:10.1007/s40273-018-0615-8	3	author:doi:10.1007/s40273-018-0615-8:3	person:eqmember:18010	Wolfgang Greiner		A5001823062	Wolfgang Greiner	0000-0001-9552-6969	CANONICAL_ORCID	ACCEPTED	
doi:10.1007/s40273-018-0623-8	1	author:doi:10.1007/s40273-018-0623-8:1	person:eqmember:19005	Mathieu F Janssen		A5020933378	Mathieu F. Janssen	0000-0001-6602-6949	CANONICAL_ORCID	ACCEPTED	
doi:10.1007/s40273-018-0623-8	2	author:doi:10.1007/s40273-018-0623-8:2	person:eqmember:17861	Gouke J Bonsel		A5047977076	Gouke J. Bonsel	0000-0002-8364-1086	CANONICAL_ORCID	ACCEPTED	
doi:10.1007/s40273-018-0623-8	3	author:doi:10.1007/s40273-018-0623-8:3	person:eqmember:17944	Nan Luo		A5064398143	Nan Luo	0000-0001-7980-6979	CANONICAL_ORCID	ACCEPTED	
doi:10.1007/s40273-018-0642-5	1	orcid:0000-0001-9729-6992	person:eqmember:17869	Ines Buchholz	0000-0001-9729-6992	A5043257626	Ines Buchholz	0000-0001-9729-6992	CANONICAL_ORCID	ACCEPTED	
doi:10.1007/s40273-018-0642-5	2	author:doi:10.1007/s40273-018-0642-5:2	person:eqmember:19005	Mathieu F. Janssen		A5020933378	Mathieu F. Janssen	0000-0001-6602-6949	CANONICAL_ORCID	ACCEPTED	
doi:10.1007/s40273-018-0642-5	3	author:doi:10.1007/s40273-018-0642-5:3	person:eqmember:18000	Thomas Kohlmann		A5031953969	Thomas Kohlmann	0000-0002-5956-8309	CANONICAL_ORCID	ACCEPTED	
doi:10.1007/s40273-018-0642-5	4	author:doi:10.1007/s40273-018-0642-5:4	person:eqmember:18018	You-Shan Feng		A5091571513	You‐Shan Feng	0000-0003-1509-3409	CANONICAL_ORCID	ACCEPTED	
doi:10.1007/s40273-018-0647-0	1	orcid:0000-0001-9125-1697	person:orcid:0000-0001-9125-1697	Anna Selivanova	0000-0001-9125-1697	A5112390873	Anna Selivanova		AUTHOR_ORCID	ACCEPTED	
doi:10.1007/s40273-018-0647-0	2	author:doi:10.1007/s40273-018-0647-0:2	person:orcid:0000-0002-6463-1106	Erik Buskens		A5077488640	Erik Buskens	0000-0002-6463-1106	AUTHOR_ORCID	ACCEPTED	
doi:10.1007/s40273-018-0647-0	3	author:doi:10.1007/s40273-018-0647-0:3	person:eqmember:17964	Paul F. M. Krabbe		A5061371202	Paul F. M. Krabbe	0000-0001-6042-1243	CANONICAL_ORCID	ACCEPTED	
doi:10.1007/s40273-018-0694-6	1	orcid:0000-0002-2227-8906	person:leader:b101d0407270	Sesil Lim	0000-0002-2227-8906	A5010929980	Sesil Lim	0000-0002-2227-8906	REVIEWED_AUTHORSHIP_MERGE	ACCEPTED	Exact uncommon name plus EuroQol project and publication evidence in the same specialized DCE research program
doi:10.1007/s40273-018-0694-6	2	author:doi:10.1007/s40273-018-0694-6:2	person:eqmember:17920	Marcel F. Jonker		A5063358434	Marcel F. Jonker	0000-0001-8433-1402	CANONICAL_ORCID	ACCEPTED	
doi:10.1007/s40273-018-0694-6	3	author:doi:10.1007/s40273-018-0694-6:3	person:eqmember:17924	Mark Oppe		A5023709885	Mark Oppe	0000-0003-4286-8855	CANONICAL_ORCID	ACCEPTED	
doi:10.1007/s40273-018-0694-6	4	author:doi:10.1007/s40273-018-0694-6:4	person:orcid:0000-0002-0412-4276	Bas Donkers		A5033508635	Bas Donkers	0000-0002-0412-4276	AUTHOR_ORCID	ACCEPTED	
doi:10.1007/s40273-018-0694-6	5	author:doi:10.1007/s40273-018-0694-6:5	person:eqmember:17837	Elly Stolk		A5033903811	Elly Stolk	0000-0001-5968-0416	CANONICAL_ORCID	ACCEPTED	
doi:10.1007/s40273-019-00811-7	1	author:doi:10.1007/s40273-019-00811-7:1	person:eqmember:17831	Dominik Golicki		A5035126117	Dominik Golicki	0000-0001-7741-4760	CANONICAL_ORCID	ACCEPTED	
doi:10.1007/s40273-019-00811-7	2	author:doi:10.1007/s40273-019-00811-7:2	person:eqmember:17934	Michał Jakubczyk		A5015781187	Michał Jakubczyk	0000-0002-0006-6769	CANONICAL_ORCID	ACCEPTED	
doi:10.1007/s40273-019-00811-7	3	author:doi:10.1007/s40273-019-00811-7:3	person:openalex:A5013644553	Katarzyna Graczyk		A5013644553	Katarzyna Graczyk		AUTHOR_OPENALEX_ID	ACCEPTED	
doi:10.1007/s40273-019-00811-7	4	author:doi:10.1007/s40273-019-00811-7:4	person:orcid:0000-0002-3730-1996	Maciej Niewada		A5068277876	Maciej Niewada	0000-0002-3730-1996	AUTHOR_ORCID	ACCEPTED	
doi:10.1007/s40273-019-00854-w	1	author:doi:10.1007/s40273-019-00854-w:1	person:openalex:A5048456007	Xinyu Qian		A5048456007	Xinyu Qian		AUTHOR_OPENALEX_ID	ACCEPTED	
doi:10.1007/s40273-019-00854-w	2	author:doi:10.1007/s40273-019-00854-w:2	person:eqmember:18648	Rachel Lee-Yin Tan		A5047279366	Rachel Lee-Yin Tan	0000-0002-4610-1195	CANONICAL_ORCID	ACCEPTED	
doi:10.1007/s40273-019-00854-w	3	author:doi:10.1007/s40273-019-00854-w:3	person:eqmember:17913	Ling-Hsiang Chuang		A5057802030	Ling‐Hsiang Chuang		CANONICAL_OPENALEX_ID	ACCEPTED	
doi:10.1007/s40273-019-00854-w	4	author:doi:10.1007/s40273-019-00854-w:4	person:eqmember:17944	Nan Luo		A5064398143	Nan Luo	0000-0001-7980-6979	CANONICAL_ORCID	ACCEPTED	
doi:10.1007/s40273-019-00876-4	1	author:doi:10.1007/s40273-019-00876-4:1	person:orcid:0000-0001-6783-0023	Luiz Flavio Andrade		A5001433251	Luiz Flavio Andrade	0000-0001-6783-0023	AUTHOR_ORCID	ACCEPTED	
doi:10.1007/s40273-019-00876-4	2	author:doi:10.1007/s40273-019-00876-4:2	person:eqmember:17905	Kristina Ludwig		A5035184665	Kristina Ludwig	0000-0002-4306-4667	CANONICAL_ORCID	ACCEPTED	
doi:10.1007/s40273-019-00876-4	3	author:doi:10.1007/s40273-019-00876-4:3	person:eqmember:17893	Juan Manuel Ramos Goni		A5049678494	Juan Manuel Ramos Goñi		CANONICAL_PROPAGATED_EXACT_NAME	ACCEPTED	exact name recurs after source-confirmed canonical linkage
doi:10.1007/s40273-019-00876-4	4	author:doi:10.1007/s40273-019-00876-4:4	person:eqmember:17924	Mark Oppe		A5023709885	Mark Oppe	0000-0003-4286-8855	CANONICAL_ORCID	ACCEPTED	
doi:10.1007/s40273-019-00876-4	5	orcid:0000-0002-5941-6823	person:leader:942313d653a7	Gérard de Pouvourville	0000-0002-5941-6823	A5085975930	Gérard de Pouvourville	0000-0002-5941-6823	CANONICAL_ORCID	ACCEPTED	
doi:10.1007/s40273-020-00994-4	1	author:doi:10.1007/s40273-020-00994-4:1	person:eqmember:18006	Valentina Prevolnik Rupel		A5091343801	Valentina Prevolnik Rupel	0000-0002-1238-7156	CANONICAL_ORCID	ACCEPTED	
doi:10.1007/s40273-020-00994-4	2	author:doi:10.1007/s40273-020-00994-4:2	person:orcid:0000-0001-9970-3045	Marko Ogorevc		A5055015672	Marko Ogorevc	0000-0001-9970-3045	AUTHOR_ORCID	ACCEPTED	
doi:10.1007/s40273-020-00994-4	3	author:doi:10.1007/s40273-020-00994-4:3	group:impact-hta-hrqol-group	IMPACT HTA HRQoL Group			IMPACT HTA HRQoL Group		COLLECTIVE_AUTHOR	ACCEPTED	
doi:10.1007/s40273-021-01002-z	1	author:doi:10.1007/s40273-021-01002-z:1	person:openalex:A5019640605	Sahar A Al Shabasy		A5019640605	Sahar Al Shabasy		AUTHOR_OPENALEX_ID	ACCEPTED	
doi:10.1007/s40273-021-01002-z	2	author:doi:10.1007/s40273-021-01002-z:2	person:orcid:0000-0002-5956-8990	Maggie M Abbassi		A5032499712	Maggie Abbassi	0000-0002-5956-8990	AUTHOR_ORCID	ACCEPTED	
doi:10.1007/s40273-021-01002-z	3	author:doi:10.1007/s40273-021-01002-z:3	person:eqmember:19003	Aureliano Paolo Finch		A5055927783	Aureliano Paolo Finch	0000-0003-1438-321x	CANONICAL_ORCID	ACCEPTED	
doi:10.1007/s40273-021-01002-z	4	author:doi:10.1007/s40273-021-01002-z:4	person:orcid:0000-0001-9502-4678	Darrin Baines		A5049552804	Darrin Baines	0000-0001-9502-4678	AUTHOR_ORCID	ACCEPTED	
doi:10.1007/s40273-021-01002-z	5	author:doi:10.1007/s40273-021-01002-z:5	person:leader:39e3bb2019e3	Samar F Farid		A5091305227	Samar Farid	0000-0002-6048-847x	REVIEWED_AUTHORSHIP_MERGE	ACCEPTED	Exact name variant with the same ORCID and OpenAlex identity as the project leader
doi:10.1007/s40273-021-01100-y	1	author:doi:10.1007/s40273-021-01100-y:1	person:openalex:A5019640605	Sahar Al Shabasy		A5019640605	Sahar Al Shabasy		AUTHOR_OPENALEX_ID	ACCEPTED	
doi:10.1007/s40273-021-01100-y	2	author:doi:10.1007/s40273-021-01100-y:2	person:orcid:0000-0002-5956-8990	Maggie Abbassi		A5032499712	Maggie Abbassi	0000-0002-5956-8990	AUTHOR_ORCID	ACCEPTED	
doi:10.1007/s40273-021-01100-y	3	author:doi:10.1007/s40273-021-01100-y:3	person:eqmember:19003	Aureliano Finch		A5055927783	Aureliano Paolo Finch	0000-0003-1438-321x	CANONICAL_ORCID	ACCEPTED	
doi:10.1007/s40273-021-01100-y	4	author:doi:10.1007/s40273-021-01100-y:4	person:eqmember:17805	Bram Roudijk		A5028508726	Bram Roudijk	0000-0001-5000-0875	CANONICAL_ORCID	ACCEPTED	
doi:10.1007/s40273-021-01100-y	5	author:doi:10.1007/s40273-021-01100-y:5	person:orcid:0000-0001-9502-4678	Darrin Baines		A5049552804	Darrin Baines	0000-0001-9502-4678	AUTHOR_ORCID	ACCEPTED	
doi:10.1007/s40273-021-01100-y	6	author:doi:10.1007/s40273-021-01100-y:6	person:leader:39e3bb2019e3	Samar Farid		A5091305227	Samar Farid	0000-0002-6048-847x	CANONICAL_NAME_AND_LINKED_PROJECT	ACCEPTED	
doi:10.1007/s40273-021-01109-3	1	author:doi:10.1007/s40273-021-01109-3:1	person:eqmember:18002	Tianxin Pan		A5044860561	Tianxin Pan	0000-0002-2243-8818	CANONICAL_ORCID	ACCEPTED	
doi:10.1007/s40273-021-01109-3	2	author:doi:10.1007/s40273-021-01109-3:2	person:eqmember:17807	Brendan Mulhern		A5090013218	Brendan Mulhern	0000-0003-3656-8063	CANONICAL_ORCID	ACCEPTED	
doi:10.1007/s40273-021-01109-3	3	author:doi:10.1007/s40273-021-01109-3:3	person:eqmember:17976	Rosalie Viney		A5076742980	Rosalie Viney	0000-0002-0039-9635	CANONICAL_ORCID	ACCEPTED	
doi:10.1007/s40273-021-01109-3	4	author:doi:10.1007/s40273-021-01109-3:4	person:eqmember:17974	Richard Norman		A5101841802	Richard Norman	0000-0002-3112-3893	CANONICAL_ORCID	ACCEPTED	
doi:10.1007/s40273-021-01109-3	5	author:doi:10.1007/s40273-021-01109-3:5	person:orcid:0000-0001-6159-2482	Janel Hanmer		A5022672409	Janel Hanmer	0000-0001-6159-2482	AUTHOR_ORCID	ACCEPTED	
doi:10.1007/s40273-021-01109-3	6	author:doi:10.1007/s40273-021-01109-3:6	person:eqmember:17946	Nancy Devlin		A5103206776	Nancy Devlin	0000-0002-1561-5361	CANONICAL_ORCID	ACCEPTED	
doi:10.1007/s40273-022-01143-9	1	author:doi:10.1007/s40273-022-01143-9:1	person:orcid:0000-0002-4832-7833	Simone Kreimeier		A5033965888	Simone Kreimeier	0000-0002-4832-7833	AUTHOR_ORCID	ACCEPTED	
doi:10.1007/s40273-022-01143-9	2	author:doi:10.1007/s40273-022-01143-9:2	person:eqmember:17821	David Mott		A5009132187	David Mott	0000-0001-5959-8447	CANONICAL_ORCID	ACCEPTED	
doi:10.1007/s40273-022-01143-9	3	author:doi:10.1007/s40273-022-01143-9:3	person:eqmember:17905	Kristina Ludwig		A5035184665	Kristina Ludwig	0000-0002-4306-4667	CANONICAL_ORCID	ACCEPTED	
doi:10.1007/s40273-022-01143-9	4	author:doi:10.1007/s40273-022-01143-9:4	person:eqmember:18010	Wolfgang Greiner		A5001823062	Wolfgang Greiner	0000-0001-9552-6969	CANONICAL_ORCID	ACCEPTED	
doi:10.1007/s40273-022-01143-9	5	author:doi:10.1007/s40273-022-01143-9:5	group:impact-hta-hrqol-group	IMPACT HTA HRQoL Group			IMPACT HTA HRQoL Group		COLLECTIVE_AUTHOR	ACCEPTED	
doi:10.1007/s40273-022-01172-4	1	author:doi:10.1007/s40273-022-01172-4:1	person:eqmember:19005	Mathieu F Janssen		A5020933378	Mathieu F. Janssen	0000-0001-6602-6949	CANONICAL_ORCID	ACCEPTED	
doi:10.1007/s40273-022-01172-4	2	author:doi:10.1007/s40273-022-01172-4:2	person:eqmember:17869	Ines Buchholz		A5043257626	Ines Buchholz	0000-0001-9729-6992	CANONICAL_ORCID	ACCEPTED	
doi:10.1007/s40273-022-01172-4	3	author:doi:10.1007/s40273-022-01172-4:3	person:eqmember:17831	Dominik Golicki		A5035126117	Dominik Golicki	0000-0001-7741-4760	CANONICAL_ORCID	ACCEPTED	
doi:10.1007/s40273-022-01172-4	4	author:doi:10.1007/s40273-022-01172-4:4	person:eqmember:17861	Gouke J Bonsel		A5047977076	Gouke J. Bonsel	0000-0002-8364-1086	CANONICAL_ORCID	ACCEPTED	
doi:10.1007/s40273-022-01208-9	1	author:doi:10.1007/s40273-022-01208-9:1	person:openalex:A5019640605	Sahar Al Shabasy		A5019640605	Sahar Al Shabasy		AUTHOR_OPENALEX_ID	ACCEPTED	
doi:10.1007/s40273-022-01208-9	2	author:doi:10.1007/s40273-022-01208-9:2	person:eqmember:17805	Bram Roudijk		A5028508726	Bram Roudijk	0000-0001-5000-0875	CANONICAL_ORCID	ACCEPTED	
doi:10.1007/s40273-022-01208-9	3	author:doi:10.1007/s40273-022-01208-9:3	person:orcid:0000-0002-5956-8990	Maggie Abbassi		A5032499712	Maggie Abbassi	0000-0002-5956-8990	AUTHOR_ORCID	ACCEPTED	
doi:10.1007/s40273-022-01208-9	4	author:doi:10.1007/s40273-022-01208-9:4	person:eqmember:19003	Aureliano Finch		A5055927783	Aureliano Paolo Finch	0000-0003-1438-321x	CANONICAL_ORCID	ACCEPTED	
doi:10.1007/s40273-022-01208-9	5	author:doi:10.1007/s40273-022-01208-9:5	person:eqmember:17837	Elly Stolk		A5033903811	Elly Stolk	0000-0001-5968-0416	CANONICAL_ORCID	ACCEPTED	
doi:10.1007/s40273-022-01208-9	6	orcid:0000-0002-6048-847x	person:leader:39e3bb2019e3	Samar Farid	0000-0002-6048-847x	A5091305227	Samar Farid	0000-0002-6048-847x	CANONICAL_NAME_AND_LINKED_PROJECT	ACCEPTED	
doi:10.1007/s40273-022-01210-1	1	orcid:0000-0001-5062-6886	person:leader:fbb9eb69f451	Titi Sahidah Fitriana	0000-0001-5062-6886	A5049547434	Titi Sahidah Fitriana	0000-0001-5062-6886	CANONICAL_ORCID	ACCEPTED	
doi:10.1007/s40273-022-01210-1	2	author:doi:10.1007/s40273-022-01210-1:2	person:eqmember:17805	Bram Roudijk		A5028508726	Bram Roudijk	0000-0001-5000-0875	CANONICAL_ORCID	ACCEPTED	
doi:10.1007/s40273-022-01210-1	3	author:doi:10.1007/s40273-022-01210-1:3	person:eqmember:17855	Fredrick Dermawan Purba		A5059806422	Fredrick Dermawan Purba	0000-0002-7336-3043	CANONICAL_ORCID	ACCEPTED	
doi:10.1007/s40273-022-01210-1	4	author:doi:10.1007/s40273-022-01210-1:4	person:eqmember:17875	Jan J. V. Busschbach		A5020122364	Jan J.V. Busschbach	0000-0002-8602-0381	CANONICAL_ORCID	ACCEPTED	
doi:10.1007/s40273-022-01210-1	5	author:doi:10.1007/s40273-022-01210-1:5	person:eqmember:17837	Elly Stolk		A5033903811	Elly Stolk	0000-0001-5968-0416	CANONICAL_ORCID	ACCEPTED	
doi:10.1007/s40273-022-01216-9	1	author:doi:10.1007/s40273-022-01216-9:1	person:eqmember:18019	Zhihao Yang		A5028809099	Zhihao Yang	0000-0001-5468-0847	CANONICAL_ORCID	ACCEPTED	
doi:10.1007/s40273-022-01216-9	2	author:doi:10.1007/s40273-022-01216-9:2	person:orcid:0000-0002-2739-6995	Jie Jiang		A5010029872	Jie Jiang	0000-0002-2739-6995	AUTHOR_ORCID	ACCEPTED	
doi:10.1007/s40273-022-01216-9	3	author:doi:10.1007/s40273-022-01216-9:3	person:leader:fa3dd095d626	Pei Wang		A5100462659	Pei Wang	0000-0003-3661-3944	CANONICAL_PROPAGATED_OPENALEX	ACCEPTED	same OpenAlex author occurs in a source-confirmed canonical paper
doi:10.1007/s40273-022-01216-9	4	author:doi:10.1007/s40273-022-01216-9:4	person:eqmember:18012	Xuejing Jin		A5008581679	Xuejing Jin	0000-0003-3513-2364	CANONICAL_ORCID	ACCEPTED	
doi:10.1007/s40273-022-01216-9	5	author:doi:10.1007/s40273-022-01216-9:5	person:orcid:0000-0002-6012-2785	Jing Wu		A5051441138	Jing Wu	0000-0002-6012-2785	AUTHOR_ORCID	ACCEPTED	
doi:10.1007/s40273-022-01216-9	6	author:doi:10.1007/s40273-022-01216-9:6	person:orcid:0000-0003-3187-2007	Yu Fang		A5050744717	Yu Fang	0000-0003-3187-2007	AUTHOR_ORCID	ACCEPTED	
doi:10.1007/s40273-022-01216-9	7	author:doi:10.1007/s40273-022-01216-9:7	person:orcid:0000-0003-4392-760x	Da Feng		A5101454822	Da Feng	0000-0003-4392-760x	AUTHOR_ORCID	ACCEPTED	
doi:10.1007/s40273-022-01216-9	8	author:doi:10.1007/s40273-022-01216-9:8	person:orcid:0000-0003-4509-1308	Xiaoyu Xi		A5103185016	Xiaoyu Xi	0000-0003-4509-1308	AUTHOR_ORCID	ACCEPTED	
doi:10.1007/s40273-022-01216-9	9	author:doi:10.1007/s40273-022-01216-9:9	person:orcid:0000-0001-8144-6220	Shunping Li		A5043629216	Shunping Li	0000-0001-8144-6220	AUTHOR_ORCID	ACCEPTED	
doi:10.1007/s40273-022-01216-9	10	author:doi:10.1007/s40273-022-01216-9:10	person:orcid:0000-0001-7928-1260	Mingxia Jing		A5102780130	Mingxia Jing	0000-0001-7928-1260	AUTHOR_ORCID	ACCEPTED	
doi:10.1007/s40273-022-01216-9	11	author:doi:10.1007/s40273-022-01216-9:11	person:orcid:0000-0001-9558-304x	Bin Zheng		A5027996110	Bin Zheng	0000-0001-9558-304x	AUTHOR_ORCID	ACCEPTED	
doi:10.1007/s40273-022-01216-9	12	author:doi:10.1007/s40273-022-01216-9:12	person:orcid:0000-0003-2798-4735	Weidong Huang		A5083535676	Weidong Huang	0000-0003-2798-4735	AUTHOR_ORCID	ACCEPTED	
doi:10.1007/s40273-022-01216-9	13	author:doi:10.1007/s40273-022-01216-9:13	person:eqmember:17944	Nan Luo		A5064398143	Nan Luo	0000-0001-7980-6979	CANONICAL_ORCID	ACCEPTED	
doi:10.1007/s40273-022-01222-x	1	author:doi:10.1007/s40273-022-01222-x:1	person:orcid:0000-0002-4758-7588	Jonathan L. Nazari		A5083342500	Jonathan L. Nazari		REVIEWED_AUTHORSHIP_MERGE	ACCEPTED	OpenAlex split; exact full name and the same University of Illinois Chicago unit
doi:10.1007/s40273-022-01222-x	2	author:doi:10.1007/s40273-022-01222-x:2	person:eqmember:17988	A. Simon Pickard		A5058888906	A. Simon Pickard	0000-0001-5645-7091	CANONICAL_ORCID	ACCEPTED	
doi:10.1007/s40273-022-01222-x	3	orcid:0000-0002-1250-7605	person:eqmember:17956	Ning Yan Gu	0000-0002-1250-7605	A5063972558	Ning Yan Gu	0000-0002-1250-7605	CANONICAL_ORCID	ACCEPTED	
doi:10.1007/s40273-023-01280-9	1	orcid:0000-0002-1238-7156	person:eqmember:18006	Valentina Prevolnik Rupel	0000-0002-1238-7156	A5091343801	Valentina Prevolnik Rupel	0000-0002-1238-7156	CANONICAL_ORCID	ACCEPTED	
doi:10.1007/s40273-023-01280-9	2	orcid:0000-0001-9970-3045	person:orcid:0000-0001-9970-3045	Marko Ogorevc	0000-0001-9970-3045	A5055015672	Marko Ogorevc	0000-0001-9970-3045	AUTHOR_ORCID	ACCEPTED	
doi:10.1007/s40273-023-01330-2	1	orcid:0000-0002-5332-5226	person:orcid:0000-0002-5332-5226	Renee Jones	0000-0002-5332-5226	A5066738880	Renee Jones	0000-0002-5332-5226	AUTHOR_ORCID	ACCEPTED	
doi:10.1007/s40273-023-01330-2	2	orcid:0000-0002-6451-2713	person:orcid:0000-0002-6451-2713	Rachel O’Loughlin	0000-0002-6451-2713	A5016874302	Rachel O’Loughlin	0000-0002-6451-2713	AUTHOR_ORCID	ACCEPTED	
doi:10.1007/s40273-023-01330-2	3	orcid:0000-0002-1323-4223	person:orcid:0000-0002-1323-4223	Xiuqin Xiong	0000-0002-1323-4223	A5089476882	Xiuqin Xiong	0000-0002-1323-4223	AUTHOR_ORCID	ACCEPTED	
doi:10.1007/s40273-023-01330-2	4	orcid:0000-0002-6915-1865	person:eqmember:19032	Mina Bahrampour	0000-0002-6915-1865	A5068470091	Mina Bahrampour	0000-0002-6915-1865	CANONICAL_ORCID	ACCEPTED	
doi:10.1007/s40273-023-01330-2	5	orcid:0000-0002-1561-5361	person:eqmember:17946	Nancy Devlin	0000-0002-1561-5361	A5103206776	Nancy Devlin	0000-0002-1561-5361	CANONICAL_ORCID	ACCEPTED	
doi:10.1007/s40273-023-01330-2	6	orcid:0000-0003-3017-2770	person:orcid:0000-0003-3017-2770	Harriet Hiscock	0000-0003-3017-2770	A5065534878	Harriet Hiscock	0000-0003-3017-2770	AUTHOR_ORCID	ACCEPTED	
doi:10.1007/s40273-023-01330-2	7	orcid:0000-0002-8385-5965	person:orcid:0000-0002-8385-5965	Gang Chen	0000-0002-8385-5965	A5091495489	Gang Chen	0000-0002-8385-5965	AUTHOR_ORCID	ACCEPTED	
doi:10.1007/s40273-023-01330-2	8	orcid:0000-0003-3656-8063	person:eqmember:17807	Brendan Mulhern	0000-0003-3656-8063	A5090013218	Brendan Mulhern	0000-0003-3656-8063	CANONICAL_ORCID	ACCEPTED	
doi:10.1007/s40273-023-01330-2	9	orcid:0000-0003-4972-8871	person:leader:50cca9cff5d9	Kim Dalziel	0000-0003-4972-8871	A5078953009	Kim Dalziel	0000-0003-4972-8871	CANONICAL_ORCID	ACCEPTED	
doi:10.1007/s40273-023-01330-2	10	author:doi:10.1007/s40273-023-01330-2:10	group:quokka-project-team	on behalf of the Quality of Life in Kids: Key Evidence to Strengthen Decisions in Australia (QUOKKA) Project Team			on behalf of the Quality of Life in Kids: Key Evidence to Strengthen Decisions in Australia (QUOKKA) Project Team		COLLECTIVE_AUTHOR	ACCEPTED	
doi:10.1007/s40273-024-01354-2	1	orcid:0000-0002-6451-2713	person:orcid:0000-0002-6451-2713	Rachel O’Loughlin	0000-0002-6451-2713	A5016874302	Rachel O’Loughlin	0000-0002-6451-2713	AUTHOR_ORCID	ACCEPTED	
doi:10.1007/s40273-024-01354-2	2	orcid:0000-0002-5332-5226	person:orcid:0000-0002-5332-5226	Renee Jones	0000-0002-5332-5226	A5066738880	Renee Jones	0000-0002-5332-5226	AUTHOR_ORCID	ACCEPTED	
doi:10.1007/s40273-024-01354-2	3	orcid:0000-0002-8385-5965	person:orcid:0000-0002-8385-5965	Gang Chen	0000-0002-8385-5965	A5091495489	Gang Chen	0000-0002-8385-5965	AUTHOR_ORCID	ACCEPTED	
doi:10.1007/s40273-024-01354-2	4	orcid:0000-0003-3656-8063	person:eqmember:17807	Brendan Mulhern	0000-0003-3656-8063	A5090013218	Brendan Mulhern	0000-0003-3656-8063	CANONICAL_ORCID	ACCEPTED	
doi:10.1007/s40273-024-01354-2	5	orcid:0000-0003-3017-2770	person:orcid:0000-0003-3017-2770	Harriet Hiscock	0000-0003-3017-2770	A5065534878	Harriet Hiscock	0000-0003-3017-2770	AUTHOR_ORCID	ACCEPTED	
doi:10.1007/s40273-024-01354-2	6	orcid:0000-0002-1561-5361	person:eqmember:17946	Nancy Devlin	0000-0002-1561-5361	A5103206776	Nancy Devlin	0000-0002-1561-5361	CANONICAL_ORCID	ACCEPTED	
doi:10.1007/s40273-024-01354-2	7	orcid:0000-0003-4972-8871	person:leader:50cca9cff5d9	Kim Dalziel	0000-0003-4972-8871	A5078953009	Kim Dalziel	0000-0003-4972-8871	CANONICAL_ORCID	ACCEPTED	
doi:10.1007/s40273-024-01354-2	8	author:doi:10.1007/s40273-024-01354-2:8	group:quokka-project-team	in collaboration with the Quality Of Life in Kids: Key evidence to strengthen decisions in Australia (QUOKKA) project team					COLLECTIVE_AUTHOR	ACCEPTED	
doi:10.1007/s40273-024-01355-1	1	orcid:0000-0002-1323-4223	person:orcid:0000-0002-1323-4223	Xiuqin Xiong	0000-0002-1323-4223	A5089476882	Xiuqin Xiong	0000-0002-1323-4223	AUTHOR_ORCID	ACCEPTED	
doi:10.1007/s40273-024-01355-1	2	author:doi:10.1007/s40273-024-01355-1:2	person:orcid:0000-0002-5599-2209	Natalie Carvalho		A5083477903	Natalie Carvalho	0000-0002-5599-2209	AUTHOR_ORCID	ACCEPTED	
doi:10.1007/s40273-024-01355-1	3	author:doi:10.1007/s40273-024-01355-1:3	person:openalex:A5086528283	Li Huang		A5086528283	Li Huang		AUTHOR_OPENALEX_ID	ACCEPTED	
doi:10.1007/s40273-024-01355-1	4	author:doi:10.1007/s40273-024-01355-1:4	person:orcid:0000-0002-8385-5965	Gang Chen		A5091495489	Gang Chen	0000-0002-8385-5965	AUTHOR_ORCID	ACCEPTED	
doi:10.1007/s40273-024-01355-1	5	author:doi:10.1007/s40273-024-01355-1:5	person:orcid:0000-0002-5332-5226	Renee Jones		A5066738880	Renee Jones	0000-0002-5332-5226	AUTHOR_ORCID	ACCEPTED	
doi:10.1007/s40273-024-01355-1	6	author:doi:10.1007/s40273-024-01355-1:6	person:eqmember:17946	Nancy Devlin		A5103206776	Nancy Devlin	0000-0002-1561-5361	CANONICAL_ORCID	ACCEPTED	
doi:10.1007/s40273-024-01355-1	7	author:doi:10.1007/s40273-024-01355-1:7	person:eqmember:17807	Brendan Mulhern		A5090013218	Brendan Mulhern	0000-0003-3656-8063	CANONICAL_ORCID	ACCEPTED	
doi:10.1007/s40273-024-01355-1	8	orcid:0000-0003-4972-8871	person:leader:50cca9cff5d9	Kim Dalziel	0000-0003-4972-8871	A5078953009	Kim Dalziel	0000-0003-4972-8871	CANONICAL_ORCID	ACCEPTED	
doi:10.1007/s40273-024-01404-9	1	author:doi:10.1007/s40273-024-01404-9:1	person:openalex:A5111246879	Caique Melo Espirito Santo		A5111246879	Caique Melo Espirito Santo		AUTHOR_OPENALEX_ID	ACCEPTED	
doi:10.1007/s40273-024-01404-9	2	author:doi:10.1007/s40273-024-01404-9:2	person:leader:82320ccd878a	Gisela Cristiane Miyamoto		A5024629360	Gisela Cristiane Miyamoto	0000-0002-6826-4278	CANONICAL_ORCID	ACCEPTED	
doi:10.1007/s40273-024-01404-9	3	author:doi:10.1007/s40273-024-01404-9:3	person:orcid:0000-0002-1433-818x	Verônica Souza Santos		A5086352962	Verônica Souza Santos	0000-0002-1433-818x	AUTHOR_ORCID	ACCEPTED	
doi:10.1007/s40273-024-01404-9	4	author:doi:10.1007/s40273-024-01404-9:4	person:orcid:0000-0003-4793-9026	Ângela Jornada Ben		A5063359430	Ângela Jornada Ben	0000-0003-4793-9026	AUTHOR_ORCID	ACCEPTED	
doi:10.1007/s40273-024-01404-9	5	author:doi:10.1007/s40273-024-01404-9:5	person:eqmember:19003	Aureliano Paolo Finch		A5055927783	Aureliano Paolo Finch	0000-0003-1438-321x	CANONICAL_ORCID	ACCEPTED	
doi:10.1007/s40273-024-01404-9	6	author:doi:10.1007/s40273-024-01404-9:6	person:eqmember:17805	Bram Roudijk		A5028508726	Bram Roudijk	0000-0001-5000-0875	CANONICAL_ORCID	ACCEPTED	
doi:10.1007/s40273-024-01404-9	7	author:doi:10.1007/s40273-024-01404-9:7	person:orcid:0000-0002-3797-949x	Fabianna Resende de Jesus-Moraleida		A5021624866	Fabianna Resende de Jesus‐Moraleida	0000-0002-3797-949x	AUTHOR_ORCID	ACCEPTED	
doi:10.1007/s40273-024-01404-9	8	author:doi:10.1007/s40273-024-01404-9:8	person:orcid:0000-0002-8756-8699	Airton Tetelbom Stein		A5038489315	Aírton Tetelbom Stein	0000-0002-8756-8699	AUTHOR_ORCID	ACCEPTED	
doi:10.1007/s40273-024-01404-9	9	author:doi:10.1007/s40273-024-01404-9:9	person:eqmember:17922	Marisa Santos		A5070231679	Marisa Santos	0000-0002-2174-6800	CANONICAL_ORCID	ACCEPTED	
doi:10.1007/s40273-024-01404-9	10	author:doi:10.1007/s40273-024-01404-9:10	person:leader:c9be2e978859	Tiê Parma Yamato		A5034831401	Tiê Parma Yamato	0000-0002-5228-1292	CANONICAL_ORCID	ACCEPTED	
doi:10.1007/s40273-024-01444-1	1	orcid:0009-0008-0180-7224	person:leader:6fe4e81455db	Maksat Jumamyradov	0009-0008-0180-7224	A5067862987	Maksat Jumamyradov	0009-0008-0180-7224	CANONICAL_ORCID	ACCEPTED	
doi:10.1007/s40273-024-01444-1	2	orcid:0000-0003-1121-1316	person:eqmember:19813	Benjamin M. Craig	0000-0003-1121-1316	A5029949490	Benjamin M. Craig	0000-0003-1121-1316	CANONICAL_ORCID	ACCEPTED	
doi:10.1007/s40273-025-01473-4	1	author:doi:10.1007/s40273-025-01473-4:1	person:leader:73598c4735dd	Wenjing Zhou		A5080372262	Wenjing Zhou	0000-0003-0770-4564	CANONICAL_ORCID	ACCEPTED	
doi:10.1007/s40273-025-01473-4	2	author:doi:10.1007/s40273-025-01473-4:2	person:orcid:0000-0001-8771-6578	Bo Ding		A5088184178	Bo Ding	0000-0001-8771-6578	AUTHOR_ORCID	ACCEPTED	
doi:10.1007/s40273-025-01473-4	3	author:doi:10.1007/s40273-025-01473-4:3	person:eqmember:17875	Jan Busschbach		A5020122364	Jan J.V. Busschbach	0000-0002-8602-0381	CANONICAL_ORCID	ACCEPTED	
doi:10.1007/s40273-025-01473-4	4	author:doi:10.1007/s40273-025-01473-4:4	person:eqmember:17930	Michael Herdman		A5101442953	Michael Herdman	0000-0003-0423-6005	CANONICAL_NAME_AND_AFFILIATION	ACCEPTED	
doi:10.1007/s40273-025-01473-4	5	orcid:0000-0001-5468-0847	person:eqmember:18019	Zhihao Yang	0000-0001-5468-0847	A5028809099	Zhihao Yang	0000-0001-5468-0847	CANONICAL_ORCID	ACCEPTED	
doi:10.1007/s40273-025-01473-4	6	author:doi:10.1007/s40273-025-01473-4:6	person:orcid:0000-0001-5559-2574	Yanming Lu		A5101609487	Yanming Lu	0000-0001-5559-2574	AUTHOR_ORCID	ACCEPTED	
doi:10.1007/s40273-025-01476-1	1	orcid:0000-0002-3112-3893	person:eqmember:17974	Richard Norman	0000-0002-3112-3893	A5101841802	Richard Norman	0000-0002-3112-3893	CANONICAL_ORCID	ACCEPTED	
doi:10.1007/s40273-025-01476-1	2	author:doi:10.1007/s40273-025-01476-1:2	person:eqmember:17805	Bram Roudijk		A5028508726	Bram Roudijk	0000-0001-5000-0875	CANONICAL_ORCID	ACCEPTED	
doi:10.1007/s40273-025-01476-1	3	author:doi:10.1007/s40273-025-01476-1:3	person:eqmember:17920	Marcel Jonker		A5063358434	Marcel F. Jonker	0000-0001-8433-1402	CANONICAL_ORCID	ACCEPTED	
doi:10.1007/s40273-025-01476-1	4	author:doi:10.1007/s40273-025-01476-1:4	person:eqmember:17837	Elly Stolk		A5033903811	Elly Stolk	0000-0001-5968-0416	CANONICAL_ORCID	ACCEPTED	
doi:10.1007/s40273-025-01476-1	5	author:doi:10.1007/s40273-025-01476-1:5	person:orcid:0000-0003-3550-990x	Saskia Knies		A5012179966	Saskia Knies	0000-0003-3550-990x	AUTHOR_ORCID	ACCEPTED	
doi:10.1007/s40273-025-01476-1	6	author:doi:10.1007/s40273-025-01476-1:6	person:orcid:0000-0002-0113-6917	Raoh-Fang Pwu		A5023025376	Raoh‐Fang Pwu	0000-0002-0113-6917	AUTHOR_ORCID	ACCEPTED	
doi:10.1007/s40273-025-01476-1	7	author:doi:10.1007/s40273-025-01476-1:7	person:leader:33ce5d686145	Ciaran O’Neill		A5016414995	Ciarán O’Neill	0000-0001-7668-3934	CANONICAL_ORCID	ACCEPTED	
doi:10.1007/s40273-025-01476-1	8	author:doi:10.1007/s40273-025-01476-1:8	person:orcid:0000-0002-0918-7540	Kirsten Howard		A5077107645	Kirsten Howard	0000-0002-0918-7540	AUTHOR_ORCID	ACCEPTED	
doi:10.1007/s40273-025-01476-1	9	author:doi:10.1007/s40273-025-01476-1:9	person:eqmember:17946	Nancy Devlin		A5103206776	Nancy Devlin	0000-0002-1561-5361	CANONICAL_ORCID	ACCEPTED	
doi:10.1007/s40273-025-01493-0	1	orcid:0000-0003-4535-442x	person:orcid:0000-0003-4535-442x	Ashwini De Silva	0000-0003-4535-442x	A5082448286	Ashwini De Silva	0000-0003-4535-442x	AUTHOR_ORCID	ACCEPTED	
doi:10.1007/s40273-025-01493-0	2	orcid:0009-0007-8055-5450	person:leader:1ed27ee96b5d	Alexander van Heusden	0009-0007-8055-5450	A5070658848	Alexander van Heusden	0009-0007-8055-5450	CANONICAL_ORCID	ACCEPTED	
doi:10.1007/s40273-025-01493-0	3	orcid:0000-0002-2399-6942	person:orcid:0000-0002-2399-6942	Zhongyu Lang	0000-0002-2399-6942	A5038625794	Zhongyu Lang	0000-0002-2399-6942	AUTHOR_ORCID	ACCEPTED	
doi:10.1007/s40273-025-01493-0	4	orcid:0000-0002-1561-5361	person:eqmember:17946	Nancy Devlin	0000-0002-1561-5361	A5103206776	Nancy Devlin	0000-0002-1561-5361	CANONICAL_ORCID	ACCEPTED	
doi:10.1007/s40273-025-01493-0	5	orcid:0000-0002-3112-3893	person:eqmember:17974	Richard Norman	0000-0002-3112-3893	A5101841802	Richard Norman	0000-0002-3112-3893	CANONICAL_ORCID	ACCEPTED	
doi:10.1007/s40273-025-01493-0	6	orcid:0000-0003-4972-8871	person:leader:50cca9cff5d9	Kim Dalziel	0000-0003-4972-8871	A5078953009	Kim Dalziel	0000-0003-4972-8871	CANONICAL_ORCID	ACCEPTED	
doi:10.1007/s40273-025-01493-0	7	orcid:0000-0001-8024-7801	person:eqmember:17998	Tessa Peasgood	0000-0001-8024-7801	A5022446221	Tessa Peasgood	0000-0001-8024-7801	CANONICAL_ORCID	ACCEPTED	
doi:10.1007/s40273-025-01493-0	8	orcid:0000-0002-2243-8818	person:eqmember:18002	Tianxin Pan	0000-0002-2243-8818	A5044860561	Tianxin Pan	0000-0002-2243-8818	CANONICAL_ORCID	ACCEPTED	
doi:10.1007/s40273-025-01509-9	1	orcid:0000-0001-7645-2079	person:leader:e26a260838e7	Jan Faller	0000-0001-7645-2079	A5043601549	Jan Faller	0000-0001-7645-2079	CANONICAL_ORCID	ACCEPTED	
doi:10.1007/s40273-025-01509-9	2	orcid:0000-0001-7335-4852	person:orcid:0000-0001-7335-4852	Valeriia Sokolova	0000-0001-7335-4852	A5079589572	V. D. Sokolova	0000-0001-7335-4852	AUTHOR_ORCID	ACCEPTED	
doi:10.1007/s40273-025-01509-9	3	orcid:0000-0001-5473-3857	person:leader:d9674d98607b	Yared Belete Belay	0000-0001-5473-3857	A5086002810	Yared Belete Belay	0000-0001-5473-3857	CANONICAL_ORCID	ACCEPTED	
doi:10.1007/s40273-025-01509-9	4	orcid:0000-0002-8385-5965	person:orcid:0000-0002-8385-5965	Gang Chen	0000-0002-8385-5965	A5091495489	Gang Chen	0000-0002-8385-5965	AUTHOR_ORCID	ACCEPTED	
doi:10.1007/s40273-025-01509-9	5	orcid:0000-0002-7127-9462	person:orcid:0000-0002-7127-9462	Cathrine Mihalopoulos	0000-0002-7127-9462	A5006657549	Cathrine Mihalopoulos	0000-0002-7127-9462	AUTHOR_ORCID	ACCEPTED	
doi:10.1007/s40273-025-01509-9	6	orcid:0000-0003-3656-8063	person:eqmember:17807	Brendan Mulhern	0000-0003-3656-8063	A5090013218	Brendan Mulhern	0000-0003-3656-8063	CANONICAL_ORCID	ACCEPTED	
doi:10.1007/s40273-025-01509-9	7	orcid:0000-0002-7959-3149	person:eqmember:17911	Lidia Engel	0000-0002-7959-3149	A5039737173	Lidia Engel	0000-0002-7959-3149	CANONICAL_ORCID	ACCEPTED	
doi:10.1007/s40273-025-01519-7	1	orcid:0000-0001-7980-6979	person:eqmember:17944	Nan Luo	0000-0001-7980-6979	A5064398143	Nan Luo	0000-0001-7980-6979	CANONICAL_ORCID	ACCEPTED	
doi:10.1007/s40273-025-01519-7	2	orcid:0000-0001-7261-1255	person:leader:da2b6bcaceb6	Annushiah Vasan Thakumar	0000-0001-7261-1255	A5007225491	Annushiah Vasan Thakumar	0000-0001-7261-1255	CANONICAL_ORCID	ACCEPTED	
doi:10.1007/s40273-025-01519-7	3	orcid:0000-0002-5338-578x	person:eqmember:19028	Ling Jie Cheng	0000-0002-5338-578x	A5082193621	Ling Jie Cheng	0000-0002-5338-578x	CANONICAL_ORCID	ACCEPTED	
doi:10.1007/s40273-025-01519-7	4	orcid:0000-0001-5468-0847	person:eqmember:18019	Zhihao Yang	0000-0001-5468-0847	A5028809099	Zhihao Yang	0000-0001-5468-0847	CANONICAL_ORCID	ACCEPTED	
doi:10.1007/s40273-025-01519-7	5	orcid:0000-0001-7692-4099	person:eqmember:17897	Kim Rand	0000-0001-7692-4099	A5041551368	Kim Rand	0000-0001-7692-4099	CANONICAL_ORCID	ACCEPTED	
doi:10.1007/s40273-025-01519-7	6	orcid:0000-0003-0517-7625	person:orcid:0000-0003-0517-7625	Yin Bun Cheung	0000-0003-0517-7625	A5000367184	Yin Bun Cheung	0000-0003-0517-7625	AUTHOR_ORCID	ACCEPTED	
doi:10.1007/s40273-025-01519-7	7	orcid:0000-0001-6712-5535	person:orcid:0000-0001-6712-5535	Julian Thumboo	0000-0001-6712-5535	A5039986019	Julian Thumboo	0000-0001-6712-5535	AUTHOR_ORCID	ACCEPTED	
doi:10.1007/s40273-025-01545-5	1	author:doi:10.1007/s40273-025-01545-5:1	person:openalex:A5074077987	Jake Hitch		A5074077987	Jake Hitch		AUTHOR_OPENALEX_ID	ACCEPTED	
doi:10.1007/s40273-025-01545-5	2	author:doi:10.1007/s40273-025-01545-5:2	person:orcid:0000-0002-2791-9960	Gayathri Kumar		A5042834834	Gayathri S. Kumar	0000-0002-2791-9960	AUTHOR_ORCID	ACCEPTED	
doi:10.1007/s40273-025-01545-5	3	author:doi:10.1007/s40273-025-01545-5:3	person:leader:0a4ba2690908	Paul Schneider		A5007136182	P. Schneider	0000-0003-3552-1087	CANONICAL_PROPAGATED_OPENALEX	ACCEPTED	same OpenAlex author occurs in a source-confirmed canonical paper
doi:10.1007/s40273-025-01545-5	4	author:doi:10.1007/s40273-025-01545-5:4	person:eqmember:17946	Nancy Devlin		A5108295899	Nancy Devlin		CANONICAL_NAME_AND_AFFILIATION	ACCEPTED	
doi:10.1007/s40273-025-01545-5	5	author:doi:10.1007/s40273-025-01545-5:5	person:eqmember:17901	Koonal Shah		A5083575745	Koonal Shah	0000-0002-4927-7858	CANONICAL_ORCID	ACCEPTED	
doi:10.1007/s40273-025-01545-5	6	author:doi:10.1007/s40273-025-01545-5:6	person:eqmember:17821	David Mott		A5009132187	David Mott	0000-0001-5959-8447	CANONICAL_ORCID	ACCEPTED	
doi:10.1007/s40273-025-01550-8	1	author:doi:10.1007/s40273-025-01550-8:1	person:leader:e448059d8472	Philip A Powell		A5072704582	Philip A. Powell	0000-0003-1169-3431	CANONICAL_ORCID	ACCEPTED	
doi:10.1007/s40273-025-01550-8	2	author:doi:10.1007/s40273-025-01550-8:2	person:orcid:0000-0001-7472-2039	Victoria Gale		A5092392626	Victoria Gale	0000-0001-7472-2039	AUTHOR_ORCID	ACCEPTED	
doi:10.1007/s40273-025-01550-8	3	author:doi:10.1007/s40273-025-01550-8:3	person:orcid:0000-0003-1604-5353	Gurdas Singh		A5030616812	Gurdas V. Singh	0000-0003-1604-5353	AUTHOR_ORCID	ACCEPTED	
doi:10.1007/s40273-025-01550-8	4	author:doi:10.1007/s40273-025-01550-8:4	person:orcid:0000-0003-2449-2516	Anthea Sutton		A5018481496	Anthea Sutton	0000-0003-2449-2516	AUTHOR_ORCID	ACCEPTED	
doi:10.1007/s40273-025-01550-8	5	author:doi:10.1007/s40273-025-01550-8:5	person:eqmember:17877	Janine Verstraete		A5006452129	Janine Verstraete	0000-0002-1148-4747	CANONICAL_ORCID	ACCEPTED	
doi:10.1007/s40273-025-01550-8	6	author:doi:10.1007/s40273-025-01550-8:6	person:eqmember:17946	Nancy Devlin		A5103206776	Nancy Devlin	0000-0002-1561-5361	CANONICAL_ORCID	ACCEPTED	
doi:10.1007/s40273-025-01550-8	7	author:doi:10.1007/s40273-025-01550-8:7	person:eqmember:17930	Michael Herdman		A5006750775	Michael Herdman	0000-0002-8189-5357	CANONICAL_ORCID	ACCEPTED	
doi:10.1007/s40273-025-01550-8	8	author:doi:10.1007/s40273-025-01550-8:8	person:eqmember:17990	Simone Schieskow		A5117152200	Simone Schieskow		CANONICAL_OPENALEX_ID	ACCEPTED	
doi:10.1007/s40273-025-01550-8	9	author:doi:10.1007/s40273-025-01550-8:9	person:leader:63cb6b329986	Jill Carlton		A5051490866	Jill Carlton	0000-0002-9373-7663	CANONICAL_ORCID	ACCEPTED	
doi:10.1007/s41669-022-00353-3	1	author:doi:10.1007/s41669-022-00353-3:1	person:orcid:0000-0003-2513-8957	Nicolas Bouckaert		A5052326586	Nicolas Bouckaert	0000-0003-2513-8957	AUTHOR_ORCID	ACCEPTED	
doi:10.1007/s41669-022-00353-3	2	author:doi:10.1007/s41669-022-00353-3:2	person:orcid:0000-0003-4479-8950	Irina Cleemput		A5063227963	Irina Cleemput	0000-0003-4479-8950	AUTHOR_ORCID	ACCEPTED	
doi:10.1007/s41669-022-00353-3	3	author:doi:10.1007/s41669-022-00353-3:3	person:orcid:0000-0002-6555-8916	Stephan Devriese		A5020919441	Stephan Devriese	0000-0002-6555-8916	AUTHOR_ORCID	ACCEPTED	
doi:10.1007/s41669-022-00353-3	4	author:doi:10.1007/s41669-022-00353-3:4	person:leader:49d1d576ca39	Sophie Gerkens		A5063513647	Sophie Gerkens	0000-0001-6211-3471	CANONICAL_ORCID	ACCEPTED	
doi:10.1007/s41669-023-00437-8	1	author:doi:10.1007/s41669-023-00437-8:1	person:leader:da1bac7dcc2d	Madeeha Malik		A5053689562	Madeeha Malik	0000-0001-5824-9405	CANONICAL_ORCID	ACCEPTED	
doi:10.1007/s41669-023-00437-8	2	author:doi:10.1007/s41669-023-00437-8:2	person:eqmember:17956	Ning Yan Gu		A5063972558	Ning Yan Gu	0000-0002-1250-7605	CANONICAL_ORCID	ACCEPTED	
doi:10.1007/s41669-023-00437-8	3	author:doi:10.1007/s41669-023-00437-8:3	person:orcid:0000-0003-3941-4553	Azhar Hussain		A5015174016	Azhar Hussain	0000-0003-3941-4553	AUTHOR_ORCID	ACCEPTED	
doi:10.1007/s41669-023-00437-8	4	author:doi:10.1007/s41669-023-00437-8:4	person:eqmember:17805	Bram Roudijk		A5028508726	Bram Roudijk	0000-0001-5000-0875	CANONICAL_ORCID	ACCEPTED	
doi:10.1007/s41669-023-00437-8	5	author:doi:10.1007/s41669-023-00437-8:5	person:eqmember:17855	Fredrick Dermawan Purba		A5059806422	Fredrick Dermawan Purba	0000-0002-7336-3043	CANONICAL_ORCID	ACCEPTED	
doi:10.1007/s41669-024-00486-7	1	orcid:0000-0002-4441-6687	person:orcid:0000-0002-4441-6687	Carlotta Varriale	0000-0002-4441-6687	A5049309526	Carlotta Varriale	0000-0002-4441-6687	AUTHOR_ORCID	ACCEPTED	
doi:10.1007/s41669-024-00486-7	2	orcid:0009-0003-4264-0946	person:orcid:0009-0003-4264-0946	Giovanni Andrulli	0009-0003-4264-0946	A5094046394	Giovanni Andrulli	0009-0003-4264-0946	AUTHOR_ORCID	ACCEPTED	
doi:10.1007/s41669-024-00486-7	3	orcid:0000-0003-0092-5970	person:leader:fc07b6540d1a	Michela Meregaglia	0000-0003-0092-5970	A5038451583	Michela Meregaglia	0000-0003-0092-5970	CANONICAL_ORCID	ACCEPTED	
doi:10.1007/s41669-024-00486-7	4	orcid:0000-0001-9674-620x	person:eqmember:17845	Fanni Rencz	0000-0001-9674-620x	A5024021740	Fanni Rencz	0000-0001-9674-620x	CANONICAL_ORCID	ACCEPTED	
doi:10.1007/s41669-024-00486-7	5	orcid:0000-0003-1438-321x	person:eqmember:19003	Aureliano Paolo Finch	0000-0003-1438-321x	A5055927783	Aureliano Paolo Finch	0000-0003-1438-321x	CANONICAL_ORCID	ACCEPTED	
doi:10.1016/j.jval.2021.03.019	1	author:doi:10.1016/j.jval.2021.03.019:1	person:eqmember:18006	Valentina Prevolnik Rupel		A5091343801	Valentina Prevolnik Rupel	0000-0002-1238-7156	CANONICAL_ORCID	ACCEPTED	
doi:10.1016/j.jval.2021.03.019	2	author:doi:10.1016/j.jval.2021.03.019:2	person:eqmember:17893	Juan M Ramos-Goñi		A5047957689	Juan Manuel Ramos-Goñi	0000-0002-9568-5190	CANONICAL_ORCID	ACCEPTED	
doi:10.1016/j.jval.2021.03.019	3	author:doi:10.1016/j.jval.2021.03.019:3	person:orcid:0000-0001-9970-3045	Marko Ogorevc		A5055015672	Marko Ogorevc	0000-0001-9970-3045	AUTHOR_ORCID	ACCEPTED	
doi:10.1016/j.jval.2021.03.019	4	author:doi:10.1016/j.jval.2021.03.019:4	person:orcid:0000-0002-4832-7833	Simone Kreimeier		A5033965888	Simone Kreimeier	0000-0002-4832-7833	AUTHOR_ORCID	ACCEPTED	
doi:10.1016/j.jval.2021.03.019	5	author:doi:10.1016/j.jval.2021.03.019:5	person:eqmember:17905	Kristina Ludwig		A5035184665	Kristina Ludwig	0000-0002-4306-4667	CANONICAL_ORCID	ACCEPTED	
doi:10.1016/j.jval.2021.03.019	6	author:doi:10.1016/j.jval.2021.03.019:6	person:eqmember:18010	Wolfgang Greiner		A5001823062	Wolfgang Greiner	0000-0001-9552-6969	CANONICAL_ORCID	ACCEPTED	
doi:10.1016/j.pecinn.2025.100421	1	author:doi:10.1016/j.pecinn.2025.100421:1	person:eqmember:17879	Jeffrey A Johnson		A5067514299	Jeffrey Johnson	0000-0001-8290-2857	CANONICAL_NAME_AND_LINKED_PROJECT	ACCEPTED	
doi:10.1016/j.pecinn.2025.100421	2	author:doi:10.1016/j.pecinn.2025.100421:2	person:orcid:0000-0001-9074-7359	Ademola Joshua Itiola		A5009099235	Ademola Joshua Itiola	0000-0001-9074-7359	AUTHOR_ORCID	ACCEPTED	
doi:10.1016/j.pecinn.2025.100421	3	author:doi:10.1016/j.pecinn.2025.100421:3	person:openalex:A5102623414	Shakib Rahman		A5102623414	Shakib Rahman		AUTHOR_OPENALEX_ID	ACCEPTED	
doi:10.1016/j.pecinn.2025.100421	4	author:doi:10.1016/j.pecinn.2025.100421:4	person:orcid:0000-0002-9625-6902	Christopher Smith		A5035942115	Christopher Smith	0000-0002-9625-6902	AUTHOR_ORCID	ACCEPTED	
doi:10.1016/j.pecinn.2025.100421	5	author:doi:10.1016/j.pecinn.2025.100421:5	person:orcid:0000-0002-6143-1555	Allison Soprovich		A5019735060	Allison Soprovich	0000-0002-6143-1555	AUTHOR_ORCID	ACCEPTED	
doi:10.1016/j.pecinn.2025.100421	6	author:doi:10.1016/j.pecinn.2025.100421:6	person:orcid:0000-0002-1502-0659	Lisa A Wozniak		A5019279420	Lisa Wozniak	0000-0002-1502-0659	AUTHOR_ORCID	ACCEPTED	
doi:10.1016/j.pecinn.2025.100421	7	author:doi:10.1016/j.pecinn.2025.100421:7	person:leader:6998de5ea5d5	Deborah A Marshall		A5049401142	Deborah A. Marshall	0000-0002-8467-8008	CANONICAL_ORCID	ACCEPTED	
doi:10.1017/s0266462326103602	1	author:doi:10.1017/s0266462326103602:1	person:leader:da2b6bcaceb6	Annushiah Vasan Thakumar		A5007225491	Annushiah Vasan Thakumar	0000-0001-7261-1255	CANONICAL_ORCID	ACCEPTED	
doi:10.1017/s0266462326103602	2	author:doi:10.1017/s0266462326103602:2	person:eqmember:17966	Paula Lorgelly		A5003004412	Paula Lorgelly		CANONICAL_NAME_AND_AFFILIATION	ACCEPTED	
doi:10.1017/s0266462326103602	3	author:doi:10.1017/s0266462326103602:3	person:eqmember:17916	Louise Longworth		A5046647690	Louise Longworth	0000-0003-2512-4862	CANONICAL_ORCID	ACCEPTED	
doi:10.1017/s0266462326103602	4	author:doi:10.1017/s0266462326103602:4	person:eqmember:17918	Lucila Rey-Ares		A5121517102	Lucila Rey-Ares		CANONICAL_NAME_AND_AFFILIATION	ACCEPTED	
doi:10.1017/s0266462326103602	5	author:doi:10.1017/s0266462326103602:5	person:eqmember:17855	Fredrick Purba		A5126954425	Fredrick Purba		CANONICAL_NAME_AND_AFFILIATION	ACCEPTED	
doi:10.1017/s0266462326103602	6	author:doi:10.1017/s0266462326103602:6	person:eqmember:17831	Dominik Golicki		A5035126117	Dominik Golicki	0000-0001-7741-4760	CANONICAL_ORCID	ACCEPTED	
doi:10.1017/s0266462326103602	7	author:doi:10.1017/s0266462326103602:7	person:eqmember:17849	Federico Augustovski		A5126969419	Federico Augustovski		CANONICAL_NAME_AND_AFFILIATION	ACCEPTED	
doi:10.1017/s0266462326103602	8	author:doi:10.1017/s0266462326103602:8	person:eqmember:17897	Kim Rand		A5041551368	Kim Rand	0000-0001-7692-4099	CANONICAL_ORCID	ACCEPTED	
doi:10.1017/s0266462326103602	9	author:doi:10.1017/s0266462326103602:9	person:eqmember:17976	Rosalie Viney		A5137922693	Rosalie Viney		CANONICAL_NAME_AND_AFFILIATION	ACCEPTED	
doi:10.1017/s0266462326103602	10	author:doi:10.1017/s0266462326103602:10	person:eqmember:17952	Nick Bansback		A5108322539	Nick Bansback		CANONICAL_NAME_AND_AFFILIATION	ACCEPTED	
doi:10.1017/s0266462326103602	11	author:doi:10.1017/s0266462326103602:11	person:eqmember:17944	Nan Luo		A5126954647	Nan Luo		CANONICAL_NAME_AND_LINKED_PROJECT	ACCEPTED	
doi:10.1038/s41433-023-02860-x	1	author:doi:10.1038/s41433-023-02860-x:1	person:orcid:0000-0002-3025-4066	T Braithwaite		A5082582215	Tasanee Braithwaite	0000-0002-3025-4066	AUTHOR_ORCID	ACCEPTED	
doi:10.1038/s41433-023-02860-x	2	author:doi:10.1038/s41433-023-02860-x:2	person:eqmember:17867	H Bailey		A5090969739	Henry Bailey	0000-0002-4479-9948	CANONICAL_ORCID	ACCEPTED	
doi:10.1038/s41433-023-02860-x	3	author:doi:10.1038/s41433-023-02860-x:3	person:openalex:A5054412185	D Bartholomew		A5054412185	David M. Bartholomew		AUTHOR_OPENALEX_ID	ACCEPTED	
doi:10.1038/s41433-023-02860-x	4	author:doi:10.1038/s41433-023-02860-x:4	person:openalex:A5087010532	V Maharaj		A5087010532	V. Maharaj		AUTHOR_OPENALEX_ID	ACCEPTED	
doi:10.1038/s41433-023-02860-x	5	author:doi:10.1038/s41433-023-02860-x:5	person:orcid:0000-0003-1681-698x	A Fraser		A5037111300	Alison Fraser	0000-0003-1681-698x	AUTHOR_ORCID	ACCEPTED	
doi:10.1038/s41433-023-02860-x	6	author:doi:10.1038/s41433-023-02860-x:6	person:openalex:A5080215797	F Deomansingh		A5080215797	Frank Deomansingh		AUTHOR_OPENALEX_ID	ACCEPTED	
doi:10.1038/s41433-023-02860-x	7	author:doi:10.1038/s41433-023-02860-x:7	person:author:doi:10.1038/s41433-023-02860-x:7	S S Ramsewak					SOURCE_DISTINCT_SAME_NAME	ACCEPTED	The source lists two separate authors with the same initials; affiliation and contribution text identify this author as Samuel
doi:10.1038/s41433-023-02860-x	8	author:doi:10.1038/s41433-023-02860-x:8	person:orcid:0000-0003-4212-2658	V Tripathi		A5055210774	Vrijesh Tripathi	0000-0003-4212-2658	AUTHOR_ORCID	ACCEPTED	
doi:10.1038/s41433-023-02860-x	9	author:doi:10.1038/s41433-023-02860-x:9	person:orcid:0000-0003-0666-7431	S Sharma		A5073996936	Subash Sharma	0000-0003-0666-7431	AUTHOR_ORCID	ACCEPTED	
doi:10.1038/s41433-023-02860-x	10	author:doi:10.1038/s41433-023-02860-x:10	person:openalex:A5109778098	D Singh		A5109778098	D. Singh		AUTHOR_OPENALEX_ID	ACCEPTED	
doi:10.1038/s41433-023-02860-x	11	author:doi:10.1038/s41433-023-02860-x:11	person:author:doi:10.1038/s41433-023-02860-x:11	S S Ramsewak					SOURCE_DISTINCT_SAME_NAME	ACCEPTED	The source lists two separate authors with the same initials; affiliation and contribution text identify this author as Shivaa
doi:10.1038/s41433-023-02860-x	12	author:doi:10.1038/s41433-023-02860-x:12	person:orcid:0000-0002-8169-1645	R R A Bourne		A5045824020	Rupert Bourne	0000-0002-8169-1645	AUTHOR_ORCID	ACCEPTED	
doi:10.1038/s41433-023-02860-x	13	author:doi:10.1038/s41433-023-02860-x:13	person:orcid:0000-0003-0239-7278	A Gray		A5027337947	Alastair Gray	0000-0003-0239-7278	AUTHOR_ORCID	ACCEPTED	
doi:10.1097/mlr.0000000000002200	1	orcid:0009-0008-0180-7224	person:leader:6fe4e81455db	Maksat Jumamyradov	0009-0008-0180-7224	A5067862987	Maksat Jumamyradov	0009-0008-0180-7224	CANONICAL_ORCID	ACCEPTED	
doi:10.1097/mlr.0000000000002200	2	author:doi:10.1097/mlr.0000000000002200:2	person:eqmember:19813	Benjamin M. Craig		A5029949490	Benjamin M. Craig	0000-0003-1121-1316	CANONICAL_ORCID	ACCEPTED	
doi:10.1097/mlr.0000000000002200	3	author:doi:10.1097/mlr.0000000000002200:3	person:eqmember:17934	Michał Jakubczyk		A5015781187	Michał Jakubczyk	0000-0002-0006-6769	CANONICAL_ORCID	ACCEPTED	
doi:10.1097/mlr.0000000000002315	1	author:doi:10.1097/mlr.0000000000002315:1	person:orcid:0000-0002-2022-4939	Maggie Yu		A5043862933	Maggie Yu	0000-0002-2022-4939	AUTHOR_ORCID	ACCEPTED	
doi:10.1097/mlr.0000000000002315	2	author:doi:10.1097/mlr.0000000000002315:2	person:orcid:0000-0002-2115-2447	Mark Harrison		A5059399152	Mark Harrison	0000-0002-2115-2447	AUTHOR_ORCID	ACCEPTED	
doi:10.1097/mlr.0000000000002315	3	author:doi:10.1097/mlr.0000000000002315:3	person:openalex:A5046103327	Hubert Wong		A5046103327	Hubert Wong		AUTHOR_OPENALEX_ID	ACCEPTED	
doi:10.1097/mlr.0000000000002315	4	author:doi:10.1097/mlr.0000000000002315:4	person:orcid:0000-0002-6399-5741	Logan Trenaman		A5011858857	Logan Trenaman	0000-0002-6399-5741	AUTHOR_ORCID	ACCEPTED	
doi:10.1097/mlr.0000000000002315	5	author:doi:10.1097/mlr.0000000000002315:5	person:eqmember:17994	Stirling Bryan		A5015667412	Stirling Bryan	0000-0001-7093-3058	CANONICAL_ORCID	ACCEPTED	
doi:10.1097/mlr.0000000000002315	6	author:doi:10.1097/mlr.0000000000002315:6	person:orcid:0000-0001-8685-3212	Lisa Lix		A5082999537	Lisa M. Lix	0000-0001-8685-3212	AUTHOR_ORCID	ACCEPTED	
doi:10.1097/mlr.0000000000002315	7	author:doi:10.1097/mlr.0000000000002315:7	person:openalex:A5130219809	Rick Sawatzky		A5130219809	Rick Sawatzky		AUTHOR_OPENALEX_ID	ACCEPTED	
doi:10.1097/mlr.0000000000002315	8	author:doi:10.1097/mlr.0000000000002315:8	person:openalex:A5058173329	Lena Cuthbertson		A5058173329	Lena Cuthbertson		AUTHOR_OPENALEX_ID	ACCEPTED	
doi:10.1097/mlr.0000000000002315	9	author:doi:10.1097/mlr.0000000000002315:9	person:eqmember:17847	Fatima Al Sayah		A5130247173	Fatima Al Sayah		CANONICAL_NAME_AND_AFFILIATION	ACCEPTED	
doi:10.1097/mlr.0000000000002315	10	author:doi:10.1097/mlr.0000000000002315:10	person:eqmember:17952	Nick Bansback		A5052496992	Nick Bansback	0000-0002-1510-3462	CANONICAL_ORCID	ACCEPTED	
doi:10.1136/bmjopen-2020-048176	1	author:doi:10.1136/bmjopen-2020-048176:1	person:orcid:0000-0002-6182-499x	Fitsum Sebsibe Teni		A5087900341	Fitsum Sebsibe Teni	0000-0002-6182-499x	AUTHOR_ORCID	ACCEPTED	
doi:10.1136/bmjopen-2020-048176	2	author:doi:10.1136/bmjopen-2020-048176:2	person:orcid:0000-0001-6534-1242	Ola Rolfson		A5044372933	Ola Rolfson	0000-0001-6534-1242	AUTHOR_ORCID	ACCEPTED	
doi:10.1136/bmjopen-2020-048176	3	author:doi:10.1136/bmjopen-2020-048176:3	person:eqmember:17946	Nancy Devlin		A5103206776	Nancy Devlin	0000-0002-1561-5361	CANONICAL_ORCID	ACCEPTED	
doi:10.1136/bmjopen-2020-048176	4	author:doi:10.1136/bmjopen-2020-048176:4	person:eqmember:17823	David Parkin		A5081956728	David Parkin	0000-0002-9990-8208	CANONICAL_ORCID	ACCEPTED	
doi:10.1136/bmjopen-2020-048176	5	author:doi:10.1136/bmjopen-2020-048176:5	person:orcid:0000-0003-1079-5655	Emma Nauclér		A5061454592	Emma Nauclér	0000-0003-1079-5655	AUTHOR_ORCID	ACCEPTED	
doi:10.1136/bmjopen-2020-048176	6	author:doi:10.1136/bmjopen-2020-048176:6	person:leader:5b6527858de5	Kristina Burström		A5005862614	Kristina Burström	0000-0001-9996-4317	CANONICAL_ORCID	ACCEPTED	
doi:10.1136/bmjopen-2020-048176	7	author:doi:10.1136/bmjopen-2020-048176:7	group:swedish-quality-register-study-group	The Swedish Quality Register (SWEQR) Study Group					COLLECTIVE_AUTHOR	ACCEPTED	
doi:10.1136/bmjopen-2021-051727	1	author:doi:10.1136/bmjopen-2021-051727:1	person:openalex:A5019640605	Sahar Al Shabasy		A5019640605	Sahar Al Shabasy		AUTHOR_OPENALEX_ID	ACCEPTED	
doi:10.1136/bmjopen-2021-051727	2	author:doi:10.1136/bmjopen-2021-051727:2	person:orcid:0000-0002-5956-8990	Maggie Abbassi		A5032499712	Maggie Abbassi	0000-0002-5956-8990	AUTHOR_ORCID	ACCEPTED	
doi:10.1136/bmjopen-2021-051727	3	author:doi:10.1136/bmjopen-2021-051727:3	person:leader:39e3bb2019e3	Samar Farid		A5091305227	Samar Farid	0000-0002-6048-847x	CANONICAL_NAME_AND_LINKED_PROJECT	ACCEPTED	
doi:10.1136/bmjopen-2023-077256	1	author:doi:10.1136/bmjopen-2023-077256:1	person:leader:6fe4e81455db	Maksat Jumamyradov		A5067862987	Maksat Jumamyradov	0009-0008-0180-7224	CANONICAL_ORCID	ACCEPTED	
doi:10.1136/bmjopen-2023-077256	2	orcid:0000-0003-1121-1316	person:eqmember:19813	Benjamin Matthew Craig	0000-0003-1121-1316	A5029949490	Benjamin M. Craig	0000-0003-1121-1316	CANONICAL_ORCID	ACCEPTED	
doi:10.1136/bmjopen-2023-077256	3	orcid:0000-0003-2233-6544	person:eqmember:17960	Oliver Rivero-Arias	0000-0003-2233-6544	A5014510851	Oliver Rivero‐Arias	0000-0003-2233-6544	CANONICAL_NAME_AND_AFFILIATION	ACCEPTED	
doi:10.1136/bmjopen-2023-077256	4	author:doi:10.1136/bmjopen-2023-077256:4	person:eqmember:17934	Michał Jakubczyk		A5015781187	Michał Jakubczyk	0000-0002-0006-6769	CANONICAL_ORCID	ACCEPTED	
doi:10.1136/bmjopen-2023-080985	1	orcid:0000-0003-4318-6100	person:leader:04cf56c7a04c	Kompal Sinha	0000-0003-4318-6100	A5026880787	Kompal Sinha	0000-0003-4318-6100	CANONICAL_ORCID	ACCEPTED	
doi:10.1136/bmjopen-2023-080985	2	orcid:0000-0002-2833-0621	person:eqmember:17954	Nils Gutacker	0000-0002-2833-0621	A5023093255	Nils Gutacker	0000-0002-2833-0621	CANONICAL_ORCID	ACCEPTED	
doi:10.1136/bmjopen-2023-080985	3	orcid:0000-0002-3816-9106	person:orcid:0000-0002-3816-9106	Yuanyuan Gu	0000-0002-3816-9106	A5024956914	Yuanyuan Gu	0000-0002-3816-9106	AUTHOR_ORCID	ACCEPTED	
doi:10.1136/bmjopen-2023-080985	4	orcid:0000-0002-2055-548x	person:eqmember:17895	Juanita Haagsma	0000-0002-2055-548x	A5060133399	Juanita A. Haagsma	0000-0002-2055-548x	CANONICAL_ORCID	ACCEPTED	
doi:10.1136/bmjopen-2023-080985	5	orcid:0000-0001-5913-0297	person:orcid:0000-0001-5913-0297	Kaushalendra Kumar	0000-0001-5913-0297	A5035192108	Kaushalendra Kumar	0000-0001-5913-0297	AUTHOR_ORCID	ACCEPTED	
doi:10.1136/bmjopen-2023-080985	6	orcid:0000-0002-2570-1685	person:orcid:0000-0002-2570-1685	Mona Aghdaee	0000-0002-2570-1685	A5063120574	Mona Aghdaee	0000-0002-2570-1685	AUTHOR_ORCID	ACCEPTED	
doi:10.1136/bmjopen-2024-084440	1	author:doi:10.1136/bmjopen-2024-084440:1	person:eqmember:18016	Yan Feng		A5027316988	Yan Feng	0000-0003-4436-1126	CANONICAL_NAME_AND_AFFILIATION	ACCEPTED	
doi:10.1136/bmjopen-2024-084440	2	author:doi:10.1136/bmjopen-2024-084440:2	person:orcid:0000-0002-7753-4233	Hugh Gravelle		A5018997782	Hugh Gravelle	0000-0002-7753-4233	AUTHOR_ORCID	ACCEPTED	
doi:10.1136/bmjopen-2024-084440	3	author:doi:10.1136/bmjopen-2024-084440:3	person:orcid:0000-0003-3906-2316	Vladimir Sergeevich Gordeev		A5060675696	Vladimir Sergeevich Gordeev	0000-0003-3906-2316	AUTHOR_ORCID	ACCEPTED	
doi:10.1136/bmjopen-2024-091097	1	author:doi:10.1136/bmjopen-2024-091097:1	person:eqmember:19813	Benjamin Matthew Craig		A5029949490	Benjamin M. Craig	0000-0003-1121-1316	CANONICAL_ORCID	ACCEPTED	
doi:10.1136/bmjopen-2024-097598	1	orcid:0000-0001-9364-5788	person:orcid:0000-0001-9364-5788	Brittany Humphries	0000-0001-9364-5788	A5037182915	Brittany Humphries	0000-0001-9364-5788	AUTHOR_ORCID	ACCEPTED	
doi:10.1136/bmjopen-2024-097598	2	author:doi:10.1136/bmjopen-2024-097598:2	person:eqmember:17835	Eleanor Pullenayegum		A5029465719	Eleanor Pullenayegum	0000-0003-4265-1330	CANONICAL_ORCID	ACCEPTED	
doi:10.1136/bmjopen-2024-097598	3	author:doi:10.1136/bmjopen-2024-097598:3	person:eqmember:17795	Arto Ohinmaa		A5087246819	Arto Öhinmaa	0000-0002-7094-1573	CANONICAL_ORCID	ACCEPTED	
doi:10.1136/bmjopen-2024-097598	4	author:doi:10.1136/bmjopen-2024-097598:4	person:orcid:0000-0003-4380-620x	Susan M Jack		A5039868255	Susan M. Jack	0000-0003-4380-620x	AUTHOR_ORCID	ACCEPTED	
doi:10.1136/bmjopen-2024-097598	5	orcid:0000-0003-3454-6266	person:eqmember:17851	Feng Xie	0000-0003-3454-6266	A5102994482	Feng Xie	0000-0003-3454-6266	CANONICAL_ORCID	ACCEPTED	
doi:10.1136/bmjopen-2025-100897	1	orcid:0000-0003-1121-1316	person:eqmember:19813	Benjamin Matthew Craig	0000-0003-1121-1316	A5029949490	Benjamin M. Craig	0000-0003-1121-1316	CANONICAL_ORCID	ACCEPTED	
doi:10.1136/bmjopen-2025-100897	2	orcid:0000-0003-2233-6544	person:eqmember:17960	Oliver Rivero-Arias	0000-0003-2233-6544	A5014510851	Oliver Rivero‐Arias	0000-0003-2233-6544	CANONICAL_NAME_AND_AFFILIATION	ACCEPTED	
doi:10.1136/bmjopen-2025-100897	3	author:doi:10.1136/bmjopen-2025-100897:3	person:eqmember:17946	Nancy Devlin		A5103206776	Nancy Devlin	0000-0002-1561-5361	CANONICAL_ORCID	ACCEPTED	
doi:10.1136/bmjopen-2025-100897	4	author:doi:10.1136/bmjopen-2025-100897:4	person:eqmember:17877	Janine Verstraete		A5006452129	Janine Verstraete	0000-0002-1148-4747	CANONICAL_ORCID	ACCEPTED	
doi:10.1136/bmjopen-2025-102509	1	author:doi:10.1136/bmjopen-2025-102509:1	person:openalex:A5053842557	Xingju Qi		A5053842557	Xingju Qi		AUTHOR_OPENALEX_ID	ACCEPTED	
doi:10.1136/bmjopen-2025-102509	2	orcid:0000-0003-0770-4564	person:leader:73598c4735dd	Wenjing Zhou	0000-0003-0770-4564	A5080372262	Wenjing Zhou	0000-0003-0770-4564	CANONICAL_ORCID	ACCEPTED	
doi:10.1136/bmjopen-2025-102509	3	author:doi:10.1136/bmjopen-2025-102509:3	person:eqmember:18019	Zhihao Yang		A5028809099	Zhihao Yang	0000-0001-5468-0847	CANONICAL_ORCID	ACCEPTED	
doi:10.1136/bmjopen-2025-102509	4	author:doi:10.1136/bmjopen-2025-102509:4	person:openalex:A5118390306	Bai Guannan		A5118390306	Bai Guannan		AUTHOR_OPENALEX_ID	ACCEPTED	
doi:10.1136/bmjopen-2025-102509	5	author:doi:10.1136/bmjopen-2025-102509:5	person:orcid:0000-0003-3483-5658	Xiaoyan Yang		A5101424015	Xiaoyan Yang	0000-0003-3483-5658	AUTHOR_ORCID	ACCEPTED	
doi:10.1136/bmjopen-2025-102509	6	orcid:0000-0002-0178-7007	person:orcid:0000-0002-0178-7007	Jiaxing Zhang	0000-0002-0178-7007	A5100628332	Jiaxing Zhang	0000-0002-0178-7007	AUTHOR_ORCID	ACCEPTED	
doi:10.1136/bmjopen-2025-102509	7	author:doi:10.1136/bmjopen-2025-102509:7	person:eqmember:17875	Jan Busschbach		A5020122364	Jan J.V. Busschbach	0000-0002-8602-0381	CANONICAL_ORCID	ACCEPTED	
doi:10.1177/0272989x18765184	1	author:doi:10.1177/0272989x18765184:1	person:eqmember:17805	Bram Roudijk		A5028508726	Bram Roudijk	0000-0001-5000-0875	CANONICAL_ORCID	ACCEPTED	
doi:10.1177/0272989x18765184	2	author:doi:10.1177/0272989x18765184:2	person:openalex:A5088417854	A. Rogier T. Donders		A5088417854	A. Rogier T. Donders		AUTHOR_OPENALEX_ID	ACCEPTED	
doi:10.1177/0272989x18765184	3	author:doi:10.1177/0272989x18765184:3	person:eqmember:17968	Peep F.M. Stalmeier		A5013523692	Peep F. M. Stalmeier	0000-0002-7553-562x	CANONICAL_ORCID	ACCEPTED	
doi:10.1177/0272989x19841587	1	orcid:0000-0001-5000-0875	person:eqmember:17805	Bram Roudijk	0000-0001-5000-0875	A5028508726	Bram Roudijk	0000-0001-5000-0875	CANONICAL_ORCID	ACCEPTED	
doi:10.1177/0272989x19841587	2	author:doi:10.1177/0272989x19841587:2	person:openalex:A5088417854	A. Rogier T. Donders		A5088417854	A. Rogier T. Donders		AUTHOR_OPENALEX_ID	ACCEPTED	
doi:10.1177/0272989x19841587	3	author:doi:10.1177/0272989x19841587:3	person:eqmember:17968	Peep F. M. Stalmeier		A5013523692	Peep F. M. Stalmeier	0000-0002-7553-562x	CANONICAL_ORCID	ACCEPTED	
doi:10.1177/0272989x20969686	1	orcid:0000-0003-3950-9210	person:eqmember:19003	Aureliano Paolo Finch	0000-0003-3950-9210	A5055927783	Aureliano Paolo Finch	0000-0003-1438-321x	CANONICAL_OPENALEX_ID	ACCEPTED	
doi:10.1177/0272989x20969686	2	author:doi:10.1177/0272989x20969686:2	person:eqmember:17885	John Brazier		A5007276743	John Brazier	0000-0001-8645-4780	CANONICAL_ORCID	ACCEPTED	
doi:10.1177/0272989x20969686	3	author:doi:10.1177/0272989x20969686:3	person:eqmember:17819	Clara Mukuria		A5043083823	Clara Mukuria	0000-0003-4318-1481	CANONICAL_ORCID	ACCEPTED	
doi:10.1177/0272989x211001859	1	author:doi:10.1177/0272989x211001859:1	person:leader:4001f58df21c	Takeru Shiroiwa		A5007564965	Takeru Shiroiwa	0000-0003-3055-9932	CANONICAL_ORCID	ACCEPTED	
doi:10.1177/0272989x211001859	2	author:doi:10.1177/0272989x211001859:2	person:leader:557995e71b4d	Shunya Ikeda		A5064794823	Shunya Ikeda	0000-0002-1866-2155	CANONICAL_ORCID	ACCEPTED	
doi:10.1177/0272989x211001859	3	author:doi:10.1177/0272989x211001859:3	person:orcid:0000-0002-6952-7770	Shinichi Noto		A5042163989	Shinichi Noto	0000-0002-6952-7770	AUTHOR_ORCID	ACCEPTED	
doi:10.1177/0272989x211001859	4	author:doi:10.1177/0272989x211001859:4	person:orcid:0000-0002-4601-0955	Takashi Fukuda		A5102876935	Takashi Fukuda	0000-0002-4601-0955	AUTHOR_ORCID	ACCEPTED	
doi:10.1177/0272989x211001859	5	author:doi:10.1177/0272989x211001859:5	person:eqmember:17837	Elly Stolk		A5033903811	Elly Stolk	0000-0001-5968-0416	CANONICAL_ORCID	ACCEPTED	
doi:10.1177/0272989x21999607	1	orcid:0000-0001-5959-8447	person:eqmember:17821	David J. Mott	0000-0001-5959-8447	A5009132187	David Mott	0000-0001-5959-8447	CANONICAL_ORCID	ACCEPTED	
doi:10.1177/0272989x21999607	2	orcid:0000-0002-4927-7858	person:eqmember:17901	Koonal K. Shah	0000-0002-4927-7858	A5083575745	Koonal Shah	0000-0002-4927-7858	CANONICAL_ORCID	ACCEPTED	
doi:10.1177/0272989x21999607	3	author:doi:10.1177/0272989x21999607:3	person:eqmember:17893	Juan Manuel Ramos-Goñi		A5047957689	Juan Manuel Ramos-Goñi	0000-0002-9568-5190	CANONICAL_ORCID	ACCEPTED	
doi:10.1177/0272989x21999607	4	author:doi:10.1177/0272989x21999607:4	person:eqmember:17946	Nancy J. Devlin		A5103206776	Nancy Devlin	0000-0002-1561-5361	CANONICAL_ORCID	ACCEPTED	
doi:10.1177/0272989x21999607	5	orcid:0000-0003-2233-6544	person:eqmember:17960	Oliver Rivero-Arias	0000-0003-2233-6544	A5014510851	Oliver Rivero‐Arias	0000-0003-2233-6544	CANONICAL_PROPAGATED_OPENALEX	ACCEPTED	same OpenAlex author occurs in a source-confirmed canonical paper
doi:10.1177/0272989x251325828	1	author:doi:10.1177/0272989x251325828:1	person:eqmember:17835	Eleanor M Pullenayegum		A5029465719	Eleanor Pullenayegum	0000-0003-4265-1330	CANONICAL_ORCID	ACCEPTED	
doi:10.1177/0272989x251325828	2	author:doi:10.1177/0272989x251325828:2	person:eqmember:17920	Marcel F Jonker		A5063358434	Marcel F. Jonker	0000-0001-8433-1402	CANONICAL_ORCID	ACCEPTED	
doi:10.1177/0272989x251325828	3	author:doi:10.1177/0272989x251325828:3	person:eqmember:17867	Henry Bailey		A5090969739	Henry Bailey	0000-0002-4479-9948	CANONICAL_ORCID	ACCEPTED	
doi:10.1177/0272989x251325828	4	author:doi:10.1177/0272989x251325828:4	person:eqmember:17805	Bram Roudijk		A5028508726	Bram Roudijk	0000-0001-5000-0875	CANONICAL_ORCID	ACCEPTED	
doi:10.1177/0272989x251380556	1	author:doi:10.1177/0272989x251380556:1	person:eqmember:17823	David Parkin		A5081956728	David Parkin	0000-0002-9990-8208	CANONICAL_ORCID	ACCEPTED	
doi:10.1177/0272989x251380556	2	author:doi:10.1177/0272989x251380556:2	person:openalex:A5111900822	Andrew Briggs		A5111900822	Andrew Briggs		AUTHOR_OPENALEX_ID	ACCEPTED	
doi:10.1177/0272989x251380556	3	author:doi:10.1177/0272989x251380556:3	person:orcid:0009-0005-5260-4652	Giselle Abangma		A5093565451	Giselle Abangma	0009-0005-5260-4652	AUTHOR_ORCID	ACCEPTED	
doi:10.1177/0272989x251380556	4	author:doi:10.1177/0272989x251380556:4	person:eqmember:17791	Andrew Lloyd		A5031114648	Andrew Lloyd	0000-0002-7597-6556	CANONICAL_ORCID	ACCEPTED	
doi:10.1177/0272989x251380556	5	author:doi:10.1177/0272989x251380556:5	person:eqmember:17946	Nancy Devlin		A5029151069	Nancy Devlin		CANONICAL_NAME_AND_LINKED_PROJECT	ACCEPTED	
doi:10.1186/s12889-018-5706-0	1	author:doi:10.1186/s12889-018-5706-0:1	person:eqmember:17855	Fredrick Dermawan Purba		A5059806422	Fredrick Dermawan Purba	0000-0002-7336-3043	CANONICAL_ORCID	ACCEPTED	
doi:10.1186/s12889-018-5706-0	2	author:doi:10.1186/s12889-018-5706-0:2	person:openalex:A5113535557	Joke A M Hunfeld		A5113535557	Joke A. M. Hunfeld		AUTHOR_OPENALEX_ID	ACCEPTED	
doi:10.1186/s12889-018-5706-0	3	author:doi:10.1186/s12889-018-5706-0:3	person:leader:fbb9eb69f451	Titi Sahidah Fitriana		A5049547434	Titi Sahidah Fitriana	0000-0001-5062-6886	CANONICAL_ORCID	ACCEPTED	
doi:10.1186/s12889-018-5706-0	4	author:doi:10.1186/s12889-018-5706-0:4	person:orcid:0000-0002-9526-6922	Aulia Iskandarsyah		A5037744802	Aulia Iskandarsyah	0000-0002-9526-6922	AUTHOR_ORCID	ACCEPTED	
doi:10.1186/s12889-018-5706-0	5	author:doi:10.1186/s12889-018-5706-0:5	person:orcid:0000-0001-5126-9104	Sawitri S Sadarjoen		A5014483970	Sawitri S. Sadarjoen	0000-0001-5126-9104	AUTHOR_ORCID	ACCEPTED	
doi:10.1186/s12889-018-5706-0	6	author:doi:10.1186/s12889-018-5706-0:6	person:eqmember:17875	Jan J V Busschbach		A5020122364	Jan J.V. Busschbach	0000-0002-8602-0381	CANONICAL_ORCID	ACCEPTED	
doi:10.1186/s12889-018-5706-0	7	author:doi:10.1186/s12889-018-5706-0:7	person:orcid:0000-0002-7319-7188	Jan Passchier		A5026470404	Jan Passchier	0000-0002-7319-7188	AUTHOR_ORCID	ACCEPTED	
doi:10.1186/s12891-024-07304-5	1	author:doi:10.1186/s12891-024-07304-5:1	person:eqmember:17879	Jeffrey A Johnson		A5067514299	Jeffrey Johnson	0000-0001-8290-2857	CANONICAL_NAME_AND_LINKED_PROJECT	ACCEPTED	
doi:10.1186/s12891-024-07304-5	2	author:doi:10.1186/s12891-024-07304-5:2	person:leader:a0721a90a44f	Ademola Itiola		A5093433205	Ademola Itiola		CANONICAL_OPENALEX_ID	ACCEPTED	
doi:10.1186/s12891-024-07304-5	3	author:doi:10.1186/s12891-024-07304-5:3	person:openalex:A5102623414	Shakib Rahman		A5102623414	Shakib Rahman		AUTHOR_OPENALEX_ID	ACCEPTED	
doi:10.1186/s12891-024-07304-5	4	author:doi:10.1186/s12891-024-07304-5:4	person:orcid:0000-0002-9625-6902	Christopher Smith		A5035942115	Christopher Smith	0000-0002-9625-6902	AUTHOR_ORCID	ACCEPTED	
doi:10.1186/s12891-024-07304-5	5	author:doi:10.1186/s12891-024-07304-5:5	person:orcid:0000-0002-6143-1555	Allison Soprovich		A5019735060	Allison Soprovich	0000-0002-6143-1555	AUTHOR_ORCID	ACCEPTED	
doi:10.1186/s12891-024-07304-5	6	author:doi:10.1186/s12891-024-07304-5:6	person:orcid:0000-0002-1502-0659	Lisa A Wozniak		A5019279420	Lisa Wozniak	0000-0002-1502-0659	AUTHOR_ORCID	ACCEPTED	
doi:10.1186/s12891-024-07304-5	7	author:doi:10.1186/s12891-024-07304-5:7	person:leader:6998de5ea5d5	Deborah A Marshall		A5049401142	Deborah A. Marshall	0000-0002-8467-8008	CANONICAL_ORCID	ACCEPTED	
doi:10.1186/s12955-017-0617-9	1	author:doi:10.1186/s12955-017-0617-9:1	person:eqmember:17905	Kristina Ludwig		A5035184665	Kristina Ludwig	0000-0002-4306-4667	CANONICAL_ORCID	ACCEPTED	
doi:10.1186/s12955-017-0617-9	2	author:doi:10.1186/s12955-017-0617-9:2	person:orcid:0000-0002-3745-4060	J.-Matthias Graf von der Schulenburg		A5018451810	J.﻿-﻿Matthias Graf von der Schulenburg	0000-0002-3745-4060	AUTHOR_ORCID	ACCEPTED	
doi:10.1186/s12955-017-0617-9	3	author:doi:10.1186/s12955-017-0617-9:3	person:eqmember:18010	Wolfgang Greiner		A5001823062	Wolfgang Greiner	0000-0001-9552-6969	CANONICAL_ORCID	ACCEPTED	
doi:10.1186/s12955-019-1139-4	1	author:doi:10.1186/s12955-019-1139-4:1	person:eqmember:17895	Juanita Haagsma		A5060133399	Juanita A. Haagsma	0000-0002-2055-548x	CANONICAL_ORCID	ACCEPTED	
doi:10.1186/s12955-019-1139-4	2	author:doi:10.1186/s12955-019-1139-4:2	person:eqmember:17861	Gouke Bonsel		A5047977076	Gouke J. Bonsel	0000-0002-8364-1086	CANONICAL_ORCID	ACCEPTED	
doi:10.1186/s12955-019-1139-4	3	author:doi:10.1186/s12955-019-1139-4:3	person:openalex:A5054515213	Mariska de Jongh		A5054515213	Mariska de Jongh		AUTHOR_OPENALEX_ID	ACCEPTED	
doi:10.1186/s12955-019-1139-4	4	author:doi:10.1186/s12955-019-1139-4:4	person:orcid:0000-0002-4331-3141	Suzanne Polinder		A5107870629	Suzanne Polinder		REVIEWED_AUTHORSHIP_MERGE	ACCEPTED	OpenAlex split; exact full name and the same Erasmus MC public-health affiliation
doi:10.1186/s12955-020-01394-0	1	orcid:0000-0001-9571-576x	person:orcid:0000-0001-9571-576x	I. Spronk	0000-0001-9571-576x	A5048316196	Inge Spronk	0000-0001-9571-576x	AUTHOR_ORCID	ACCEPTED	
doi:10.1186/s12955-020-01394-0	2	author:doi:10.1186/s12955-020-01394-0:2	person:eqmember:17861	G. J. Bonsel		A5047977076	Gouke J. Bonsel	0000-0002-8364-1086	CANONICAL_ORCID	ACCEPTED	
doi:10.1186/s12955-020-01394-0	3	author:doi:10.1186/s12955-020-01394-0:3	person:orcid:0000-0002-4331-3141	S. Polinder		A5068551112	Suzanne Polinder	0000-0002-4331-3141	AUTHOR_ORCID	ACCEPTED	
doi:10.1186/s12955-020-01394-0	4	author:doi:10.1186/s12955-020-01394-0:4	person:orcid:0000-0001-5823-7375	M. E. van Baar		A5003131836	Margriet E. van Baar	0000-0001-5823-7375	AUTHOR_ORCID	ACCEPTED	
doi:10.1186/s12955-020-01394-0	5	author:doi:10.1186/s12955-020-01394-0:5	person:eqmember:19005	M. F. Janssen		A5020933378	Mathieu F. Janssen	0000-0001-6602-6949	CANONICAL_ORCID	ACCEPTED	
doi:10.1186/s12955-020-01394-0	6	author:doi:10.1186/s12955-020-01394-0:6	person:eqmember:17895	J. A. Haagsma		A5060133399	Juanita A. Haagsma	0000-0002-2055-548x	CANONICAL_ORCID	ACCEPTED	
doi:10.1186/s12955-020-01404-1	1	author:doi:10.1186/s12955-020-01404-1:1	person:eqmember:17895	Juanita A. Haagsma		A5060133399	Juanita A. Haagsma	0000-0002-2055-548x	CANONICAL_ORCID	ACCEPTED	
doi:10.1186/s12955-020-01404-1	2	author:doi:10.1186/s12955-020-01404-1:2	person:orcid:0000-0001-9571-576x	Inge Spronk		A5048316196	Inge Spronk	0000-0001-9571-576x	AUTHOR_ORCID	ACCEPTED	
doi:10.1186/s12955-020-01404-1	3	author:doi:10.1186/s12955-020-01404-1:3	person:orcid:0000-0001-9005-9185	Mariska A. C. de Jongh		A5015764426	Mariska A. C. de Jongh	0000-0001-9005-9185	AUTHOR_ORCID	ACCEPTED	
doi:10.1186/s12955-020-01404-1	4	author:doi:10.1186/s12955-020-01404-1:4	person:eqmember:17861	Gouke J. Bonsel		A5047977076	Gouke J. Bonsel	0000-0002-8364-1086	CANONICAL_ORCID	ACCEPTED	
doi:10.1186/s12955-020-01404-1	5	author:doi:10.1186/s12955-020-01404-1:5	person:orcid:0000-0002-4331-3141	Suzanne Polinder		A5068551112	Suzanne Polinder	0000-0002-4331-3141	AUTHOR_ORCID	ACCEPTED	
doi:10.1186/s12955-020-01410-3	1	orcid:0000-0002-1148-4747	person:eqmember:17877	Janine Verstraete	0000-0002-1148-4747	A5006452129	Janine Verstraete	0000-0002-1148-4747	CANONICAL_ORCID	ACCEPTED	
doi:10.1186/s12955-020-01410-3	2	author:doi:10.1186/s12955-020-01410-3:2	person:eqmember:17791	Andrew Lloyd		A5031114648	Andrew Lloyd	0000-0002-7597-6556	CANONICAL_ORCID	ACCEPTED	
doi:10.1186/s12955-020-01410-3	3	author:doi:10.1186/s12955-020-01410-3:3	person:eqmember:17829	Des Scott		A5038664789	Des Scott	0000-0003-3943-7392	CANONICAL_ORCID	ACCEPTED	
doi:10.1186/s12955-020-01410-3	4	author:doi:10.1186/s12955-020-01410-3:4	person:eqmember:17881	Jennifer Jelsma		A5064611767	Jennifer Jelsma	0000-0003-4049-8395	CANONICAL_ORCID	ACCEPTED	
doi:10.1186/s12955-021-01719-7	1	orcid:0000-0002-2576-9110	person:eqmember:17958	Ole Marten	0000-0002-2576-9110	A5033160244	Ole Marten	0000-0002-2576-9110	CANONICAL_ORCID	ACCEPTED	
doi:10.1186/s12955-021-01719-7	2	orcid:0000-0001-9552-6969	person:eqmember:18010	Wolfgang Greiner	0000-0001-9552-6969	A5001823062	Wolfgang Greiner	0000-0001-9552-6969	CANONICAL_ORCID	ACCEPTED	
doi:10.1186/s12955-021-01771-3	1	orcid:0000-0001-9571-576x	person:orcid:0000-0001-9571-576x	I. Spronk	0000-0001-9571-576x	A5048316196	Inge Spronk	0000-0001-9571-576x	AUTHOR_ORCID	ACCEPTED	
doi:10.1186/s12955-021-01771-3	2	orcid:0000-0002-4331-3141	person:orcid:0000-0002-4331-3141	S. Polinder	0000-0002-4331-3141	A5068551112	Suzanne Polinder	0000-0002-4331-3141	AUTHOR_ORCID	ACCEPTED	
doi:10.1186/s12955-021-01771-3	3	orcid:0000-0002-8364-1086	person:eqmember:17861	G. J. Bonsel	0000-0002-8364-1086	A5047977076	Gouke J. Bonsel	0000-0002-8364-1086	CANONICAL_ORCID	ACCEPTED	
doi:10.1186/s12955-021-01771-3	4	author:doi:10.1186/s12955-021-01771-3:4	person:eqmember:19005	M. F. Janssen		A5020933378	Mathieu F. Janssen	0000-0001-6602-6949	CANONICAL_ORCID	ACCEPTED	
doi:10.1186/s12955-021-01771-3	5	orcid:0000-0002-2055-548x	person:eqmember:17895	J. A. Haagsma	0000-0002-2055-548x	A5060133399	Juanita A. Haagsma	0000-0002-2055-548x	CANONICAL_ORCID	ACCEPTED	
doi:10.1186/s12955-021-01858-x	1	author:doi:10.1186/s12955-021-01858-x:1	person:leader:e448059d8472	Philip A Powell		A5072704582	Philip A. Powell	0000-0003-1169-3431	CANONICAL_ORCID	ACCEPTED	
doi:10.1186/s12955-021-01858-x	2	author:doi:10.1186/s12955-021-01858-x:2	person:eqmember:17833	Donna Rowen		A5067226056	Donna Rowen	0000-0003-3018-5109	CANONICAL_ORCID	ACCEPTED	
doi:10.1186/s12955-021-01858-x	3	author:doi:10.1186/s12955-021-01858-x:3	person:eqmember:17960	Oliver Rivero-Arias		A5014510851	Oliver Rivero‐Arias	0000-0003-2233-6544	CANONICAL_NAME_AND_AFFILIATION	ACCEPTED	
doi:10.1186/s12955-021-01858-x	4	author:doi:10.1186/s12955-021-01858-x:4	person:eqmember:17790	Aki Tsuchiya		A5015417862	Aki Tsuchiya	0000-0003-4245-5399	CANONICAL_ORCID	ACCEPTED	
doi:10.1186/s12955-021-01858-x	5	author:doi:10.1186/s12955-021-01858-x:5	person:eqmember:17885	John E Brazier		A5007276743	John Brazier	0000-0001-8645-4780	CANONICAL_ORCID	ACCEPTED	
doi:10.1186/s12955-021-01889-4	1	orcid:0000-0001-5062-6886	person:leader:fbb9eb69f451	Titi Sahidah Fitriana	0000-0001-5062-6886	A5049547434	Titi Sahidah Fitriana	0000-0001-5062-6886	CANONICAL_ORCID	ACCEPTED	
doi:10.1186/s12955-021-01889-4	2	author:doi:10.1186/s12955-021-01889-4:2	person:eqmember:17855	Fredrick Dermawan Purba		A5059806422	Fredrick Dermawan Purba	0000-0002-7336-3043	CANONICAL_ORCID	ACCEPTED	
doi:10.1186/s12955-021-01889-4	3	author:doi:10.1186/s12955-021-01889-4:3	person:openalex:A5014870235	Rina Rahmatika		A5014870235	Rina Rahmatika		AUTHOR_OPENALEX_ID	ACCEPTED	
doi:10.1186/s12955-021-01889-4	4	author:doi:10.1186/s12955-021-01889-4:4	person:orcid:0000-0001-6699-6072	Riski Muhaimin		A5108017545	Riski Muhaimin	0000-0001-6699-6072	AUTHOR_ORCID	ACCEPTED	
doi:10.1186/s12955-021-01889-4	5	author:doi:10.1186/s12955-021-01889-4:5	person:orcid:0000-0002-9062-9624	Nur Melani Sari		A5034380977	Nur Melani Sari	0000-0002-9062-9624	AUTHOR_ORCID	ACCEPTED	
doi:10.1186/s12955-021-01889-4	6	author:doi:10.1186/s12955-021-01889-4:6	person:eqmember:17861	Gouke Bonsel		A5047977076	Gouke J. Bonsel	0000-0002-8364-1086	CANONICAL_ORCID	ACCEPTED	
doi:10.1186/s12955-021-01889-4	7	author:doi:10.1186/s12955-021-01889-4:7	person:eqmember:17837	Elly Stolk		A5033903811	Elly Stolk	0000-0001-5968-0416	CANONICAL_ORCID	ACCEPTED	
doi:10.1186/s12955-021-01889-4	8	author:doi:10.1186/s12955-021-01889-4:8	person:eqmember:17875	Jan J. V. Busschbach		A5020122364	Jan J.V. Busschbach	0000-0002-8602-0381	CANONICAL_ORCID	ACCEPTED	
doi:10.1186/s12955-022-01989-9	1	author:doi:10.1186/s12955-022-01989-9:1	person:leader:9f2c2404b4d6	Suzana Karim		A5003389681	Suzana Karim	0000-0002-3370-1554	CANONICAL_ORCID	ACCEPTED	
doi:10.1186/s12955-022-01989-9	2	author:doi:10.1186/s12955-022-01989-9:2	person:eqmember:19813	Benjamin M Craig		A5029949490	Benjamin M. Craig	0000-0003-1121-1316	CANONICAL_ORCID	ACCEPTED	
doi:10.1186/s12955-022-01989-9	3	author:doi:10.1186/s12955-022-01989-9:3	person:orcid:0000-0002-4875-5379	Catharina G M Groothuis-Oudshoorn		A5044375482	Karin Groothuis‐Oudshoorn	0000-0002-4875-5379	AUTHOR_ORCID	ACCEPTED	
doi:10.1186/s12955-022-01996-w	1	author:doi:10.1186/s12955-022-01996-w:1	person:leader:fbb9eb69f451	Titi Sahidah Fitriana		A5049547434	Titi Sahidah Fitriana	0000-0001-5062-6886	CANONICAL_ORCID	ACCEPTED	
doi:10.1186/s12955-022-01996-w	2	author:doi:10.1186/s12955-022-01996-w:2	person:eqmember:17855	Fredrick Dermawan Purba		A5059806422	Fredrick Dermawan Purba	0000-0002-7336-3043	CANONICAL_ORCID	ACCEPTED	
doi:10.1186/s12955-022-01996-w	3	author:doi:10.1186/s12955-022-01996-w:3	person:eqmember:17837	Elly Stolk		A5033903811	Elly Stolk	0000-0001-5968-0416	CANONICAL_ORCID	ACCEPTED	
doi:10.1186/s12955-022-01996-w	4	author:doi:10.1186/s12955-022-01996-w:4	person:eqmember:17875	Jan J. V. Busschbach		A5020122364	Jan J.V. Busschbach	0000-0002-8602-0381	CANONICAL_ORCID	ACCEPTED	
doi:10.1186/s12955-022-02031-8	1	orcid:0000-0003-1737-2989	person:eqmember:17980	Ruixuan Jiang	0000-0003-1737-2989	A5049026946	Ruixuan Jiang	0000-0003-1737-2989	CANONICAL_ORCID	ACCEPTED	
doi:10.1186/s12955-022-02031-8	2	author:doi:10.1186/s12955-022-02031-8:2	person:eqmember:17897	Kim Rand			Kim Rand		CANONICAL_NAME_AND_AFFILIATION	ACCEPTED	
doi:10.1186/s12955-022-02031-8	3	author:doi:10.1186/s12955-022-02031-8:3	person:eqmember:19030	Maja Kuharic		A5007210675	Maja Kuharić	0000-0003-3696-9086	CANONICAL_ORCID	ACCEPTED	
doi:10.1186/s12955-022-02031-8	4	author:doi:10.1186/s12955-022-02031-8:4	person:eqmember:17988	A. Simon Pickard		A5058888906	A. Simon Pickard	0000-0001-5645-7091	CANONICAL_ORCID	ACCEPTED	
doi:10.1186/s12955-022-02083-w	1	orcid:0000-0001-5948-3025	person:eqmember:17996	Sun Sun	0000-0001-5948-3025	A5081188742	Sun Sun	0000-0001-5948-3025	CANONICAL_ORCID	ACCEPTED	
doi:10.1186/s12955-022-02083-w	2	orcid:0000-0001-8043-0411	person:eqmember:17913	Ling-Hsiang Chuang	0000-0001-8043-0411	A5057802030	Ling‐Hsiang Chuang		CANONICAL_OPENALEX_ID	ACCEPTED	
doi:10.1186/s12955-022-02083-w	3	orcid:0000-0002-3975-4868	person:leader:ba7c286781f3	Klas-Göran Sahlén	0000-0002-3975-4868	A5069574274	Klas-Göran Sahlèn	0000-0002-3975-4868	CANONICAL_ORCID	ACCEPTED	
doi:10.1186/s12955-022-02083-w	4	orcid:0000-0002-1633-2179	person:orcid:0000-0002-1633-2179	Lars Lindholm	0000-0002-1633-2179	A5019500608	Lars Lindholm	0000-0002-1633-2179	AUTHOR_ORCID	ACCEPTED	
doi:10.1186/s12955-022-02083-w	5	orcid:0000-0002-0457-2175	person:orcid:0000-0002-0457-2175	Fredrik Norström	0000-0002-0457-2175	A5069767747	Fredrik Norström	0000-0002-0457-2175	AUTHOR_ORCID	ACCEPTED	
doi:10.1186/s12955-023-02115-z	1	author:doi:10.1186/s12955-023-02115-z:1	person:orcid:0000-0002-6182-499x	Fitsum Sebsibe Teni		A5087900341	Fitsum Sebsibe Teni	0000-0002-6182-499x	AUTHOR_ORCID	ACCEPTED	
doi:10.1186/s12955-023-02115-z	2	author:doi:10.1186/s12955-023-02115-z:2	person:leader:5b6527858de5	Kristina Burström		A5005862614	Kristina Burström	0000-0001-9996-4317	CANONICAL_ORCID	ACCEPTED	
doi:10.1186/s12955-023-02115-z	3	author:doi:10.1186/s12955-023-02115-z:3	person:eqmember:17946	Nancy Devlin		A5103206776	Nancy Devlin	0000-0002-1561-5361	CANONICAL_ORCID	ACCEPTED	
doi:10.1186/s12955-023-02115-z	4	author:doi:10.1186/s12955-023-02115-z:4	person:eqmember:17823	David Parkin		A5081956728	David Parkin	0000-0002-9990-8208	CANONICAL_ORCID	ACCEPTED	
doi:10.1186/s12955-023-02115-z	5	author:doi:10.1186/s12955-023-02115-z:5	person:orcid:0000-0001-6534-1242	Ola Rolfson		A5044372933	Ola Rolfson	0000-0001-6534-1242	AUTHOR_ORCID	ACCEPTED	
doi:10.1186/s12955-023-02115-z	6	author:doi:10.1186/s12955-023-02115-z:6	group:swedish-quality-register-study-group	The Swedish Quality Register (SWEQR) Study Group			The Swedish Quality Register (SWEQR) Study Group		COLLECTIVE_AUTHOR	ACCEPTED	
doi:10.1186/s12955-023-02131-z	1	author:doi:10.1186/s12955-023-02131-z:1	person:eqmember:18019	Zhihao Yang		A5028809099	Zhihao Yang	0000-0001-5468-0847	CANONICAL_ORCID	ACCEPTED	
doi:10.1186/s12955-023-02131-z	2	author:doi:10.1186/s12955-023-02131-z:2	person:openalex:A5087311184	Xueyun Zeng		A5087311184	Xueyun Zeng		AUTHOR_OPENALEX_ID	ACCEPTED	
doi:10.1186/s12955-023-02131-z	3	author:doi:10.1186/s12955-023-02131-z:3	person:orcid:0000-0003-2798-4735	Weidong Huang		A5083535676	Weidong Huang	0000-0003-2798-4735	AUTHOR_ORCID	ACCEPTED	
doi:10.1186/s12955-023-02131-z	4	author:doi:10.1186/s12955-023-02131-z:4	person:orcid:0000-0003-4871-1840	Qingqing Chai		A5073921106	Qingqing Chai	0000-0003-4871-1840	AUTHOR_ORCID	ACCEPTED	
doi:10.1186/s12955-023-02131-z	5	author:doi:10.1186/s12955-023-02131-z:5	person:orcid:0009-0004-5019-9094	Angela Zhao		A5060516605	Angela Zhao	0009-0004-5019-9094	AUTHOR_ORCID	ACCEPTED	
doi:10.1186/s12955-023-02131-z	6	author:doi:10.1186/s12955-023-02131-z:6	person:eqmember:17913	Ling-Hsiang Chuang		A5057802030	Ling‐Hsiang Chuang		CANONICAL_OPENALEX_ID	ACCEPTED	
doi:10.1186/s12955-023-02131-z	7	author:doi:10.1186/s12955-023-02131-z:7	person:orcid:0000-0002-4867-929x	Bin Wu		A5101514432	Bin Wu	0000-0002-4867-929x	AUTHOR_ORCID	ACCEPTED	
doi:10.1186/s12955-023-02131-z	8	author:doi:10.1186/s12955-023-02131-z:8	person:eqmember:17944	Nan Luo		A5064398143	Nan Luo	0000-0001-7980-6979	CANONICAL_ORCID	ACCEPTED	
doi:10.1186/s12955-023-02144-8	1	orcid:0000-0002-8718-5516	person:leader:fa9a063b5705	Elena Olariu	0000-0002-8718-5516	A5018887750	Elena Olariu	0000-0002-8718-5516	CANONICAL_ORCID	ACCEPTED	
doi:10.1186/s12955-023-02144-8	2	orcid:0000-0001-6489-171x	person:orcid:0000-0001-6489-171x	Raluca Caplescu	0000-0001-6489-171x	A5054647242	Raluca Căplescu	0000-0001-6489-171x	AUTHOR_ORCID	ACCEPTED	
doi:10.1186/s12955-023-02144-8	3	orcid:0000-0001-8574-8429	person:orcid:0000-0001-8574-8429	Luke Vale	0000-0001-8574-8429	A5000940073	Luke Vale	0000-0001-8574-8429	AUTHOR_ORCID	ACCEPTED	
doi:10.1186/s12955-023-02144-8	4	orcid:0000-0003-2902-1641	person:orcid:0000-0003-2902-1641	Ileana Gabriela Niculescu-Aron	0000-0003-2902-1641	A5086290664	Ileana Gabriela Niculescu-Aron	0000-0003-2902-1641	AUTHOR_ORCID	ACCEPTED	
doi:10.1186/s12955-023-02144-8	5	orcid:0000-0002-9891-8279	person:orcid:0000-0002-9891-8279	Yemi Oluboyede	0000-0002-9891-8279	A5056957640	Yemi Oluboyede	0000-0002-9891-8279	AUTHOR_ORCID	ACCEPTED	
doi:10.1186/s12955-023-02144-8	6	orcid:0000-0002-0702-1715	person:orcid:0000-0002-0702-1715	Marian Sorin Paveliu	0000-0002-0702-1715	A5077743133	Marian Sorin Paveliu	0000-0002-0702-1715	AUTHOR_ORCID	ACCEPTED	
doi:10.1186/s12955-023-02177-z	1	author:doi:10.1186/s12955-023-02177-z:1	person:orcid:0000-0002-2592-8310	Xiaodong Liu		A5100374778	Xiaodong Liu	0000-0002-2592-8310	AUTHOR_ORCID	ACCEPTED	
doi:10.1186/s12955-023-02177-z	2	author:doi:10.1186/s12955-023-02177-z:2	person:openalex:A5102432342	Wendy WL Chan		A5102432342	Wendy WL Chan		AUTHOR_OPENALEX_ID	ACCEPTED	
doi:10.1186/s12955-023-02177-z	3	author:doi:10.1186/s12955-023-02177-z:3	person:orcid:0000-0003-4196-8686	Eric HM Tang		A5048766394	Eric Ho Man Tang	0000-0003-4196-8686	AUTHOR_ORCID	ACCEPTED	
doi:10.1186/s12955-023-02177-z	4	author:doi:10.1186/s12955-023-02177-z:4	person:openalex:A5111023994	Alex HY Suen		A5111023994	Alex HY Suen		AUTHOR_OPENALEX_ID	ACCEPTED	
doi:10.1186/s12955-023-02177-z	5	author:doi:10.1186/s12955-023-02177-z:5	person:openalex:A5109630235	Matrix MH Fung		A5109630235	Matrix MH Fung		AUTHOR_OPENALEX_ID	ACCEPTED	
doi:10.1186/s12955-023-02177-z	6	author:doi:10.1186/s12955-023-02177-z:6	person:openalex:A5012652576	Yu Cho Woo		A5012652576	Yu Cho Woo		AUTHOR_OPENALEX_ID	ACCEPTED	
doi:10.1186/s12955-023-02177-z	7	author:doi:10.1186/s12955-023-02177-z:7	person:openalex:A5011128673	Shirley YW Liu		A5011128673	Shirley Y.W. Liu		AUTHOR_OPENALEX_ID	ACCEPTED	
doi:10.1186/s12955-023-02177-z	8	author:doi:10.1186/s12955-023-02177-z:8	person:orcid:0000-0001-7536-8481	Cindy LK Lam		A5015626145	Cindy Lo Kuen Lam	0000-0001-7536-8481	AUTHOR_ORCID	ACCEPTED	
doi:10.1186/s12955-023-02177-z	9	author:doi:10.1186/s12955-023-02177-z:9	person:eqmember:17944	Nan Luo		A5064398143	Nan Luo	0000-0001-7980-6979	CANONICAL_ORCID	ACCEPTED	
doi:10.1186/s12955-023-02177-z	10	author:doi:10.1186/s12955-023-02177-z:10	person:eqmember:17811	Carlos KH Wong		A5041610413	Carlos King Ho Wong	0000-0002-6895-6071	CANONICAL_ORCID	ACCEPTED	
doi:10.1186/s12955-023-02177-z	11	author:doi:10.1186/s12955-023-02177-z:11	person:orcid:0000-0002-9362-0086	Brian HH Lang		A5065860606	Brian Hung‐Hin Lang	0000-0002-9362-0086	AUTHOR_ORCID	ACCEPTED	
doi:10.1186/s12955-023-02207-w	1	author:doi:10.1186/s12955-023-02207-w:1	person:orcid:0000-0002-7142-3364	Hilary Short		A5022113389	Hilary Short	0000-0002-7142-3364	AUTHOR_ORCID	ACCEPTED	
doi:10.1186/s12955-023-02207-w	2	author:doi:10.1186/s12955-023-02207-w:2	person:eqmember:17847	Fatima Al Sayah		A5026033494	Fatima Al Sayah	0000-0003-3891-5452	CANONICAL_ORCID	ACCEPTED	
doi:10.1186/s12955-023-02207-w	3	author:doi:10.1186/s12955-023-02207-w:3	person:orcid:0000-0003-2802-2810	Katie Churchill		A5026943664	Katie Churchill	0000-0003-2802-2810	AUTHOR_ORCID	ACCEPTED	
doi:10.1186/s12955-023-02207-w	4	author:doi:10.1186/s12955-023-02207-w:4	person:openalex:A5058639972	Eileen Keogh		A5058639972	Eileen Keogh		AUTHOR_OPENALEX_ID	ACCEPTED	
doi:10.1186/s12955-023-02207-w	5	author:doi:10.1186/s12955-023-02207-w:5	person:openalex:A5040717022	Lisa Warner		A5040717022	Lisa Warner		AUTHOR_OPENALEX_ID	ACCEPTED	
doi:10.1186/s12955-023-02207-w	6	author:doi:10.1186/s12955-023-02207-w:6	person:eqmember:17795	Arto Ohinmaa		A5087246819	Arto Öhinmaa	0000-0002-7094-1573	CANONICAL_ORCID	ACCEPTED	
doi:10.1186/s12955-023-02207-w	7	author:doi:10.1186/s12955-023-02207-w:7	person:eqmember:17879	Jeffrey A Johnson		A5067514299	Jeffrey Johnson	0000-0001-8290-2857	CANONICAL_NAME_AND_LINKED_PROJECT	ACCEPTED	
doi:10.1186/s12955-024-02266-7	1	author:doi:10.1186/s12955-024-02266-7:1	person:eqmember:17867	Henry Bailey		A5090969739	Henry Bailey	0000-0002-4479-9948	CANONICAL_ORCID	ACCEPTED	
doi:10.1186/s12955-024-02266-7	2	author:doi:10.1186/s12955-024-02266-7:2	person:eqmember:17920	Marcel F Jonker		A5063358434	Marcel F. Jonker	0000-0001-8433-1402	CANONICAL_ORCID	ACCEPTED	
doi:10.1186/s12955-024-02266-7	3	author:doi:10.1186/s12955-024-02266-7:3	person:eqmember:17835	Eleanor Pullenayegum		A5029465719	Eleanor Pullenayegum	0000-0003-4265-1330	CANONICAL_ORCID	ACCEPTED	
doi:10.1186/s12955-024-02266-7	4	author:doi:10.1186/s12955-024-02266-7:4	person:eqmember:17845	Fanni Rencz		A5024021740	Fanni Rencz	0000-0001-9674-620x	CANONICAL_ORCID	ACCEPTED	
doi:10.1186/s12955-024-02266-7	5	author:doi:10.1186/s12955-024-02266-7:5	person:eqmember:17805	Bram Roudijk		A5028508726	Bram Roudijk	0000-0001-5000-0875	CANONICAL_ORCID	ACCEPTED	
doi:10.1186/s12955-024-02271-w	1	author:doi:10.1186/s12955-024-02271-w:1	person:leader:6fe4e81455db	Maksat Jumamyradov		A5067862987	Maksat Jumamyradov	0009-0008-0180-7224	CANONICAL_ORCID	ACCEPTED	
doi:10.1186/s12955-024-02271-w	2	author:doi:10.1186/s12955-024-02271-w:2	person:eqmember:19813	Benjamin M. Craig		A5029949490	Benjamin M. Craig	0000-0003-1121-1316	CANONICAL_ORCID	ACCEPTED	
doi:10.1186/s12955-024-02271-w	3	author:doi:10.1186/s12955-024-02271-w:3	person:eqmember:17934	Michał Jakubczyk		A5015781187	Michał Jakubczyk	0000-0002-0006-6769	CANONICAL_ORCID	ACCEPTED	
doi:10.1186/s12955-024-02290-7	1	author:doi:10.1186/s12955-024-02290-7:1	person:eqmember:18648	Rachel Lee-Yin Tan		A5047279366	Rachel Lee-Yin Tan	0000-0002-4610-1195	CANONICAL_ORCID	ACCEPTED	
doi:10.1186/s12955-024-02290-7	2	author:doi:10.1186/s12955-024-02290-7:2	person:orcid:0000-0001-5099-3483	Zhi Min Ng		A5005876438	Zhi Min Ng	0000-0001-5099-3483	AUTHOR_ORCID	ACCEPTED	
doi:10.1186/s12955-024-02290-7	3	author:doi:10.1186/s12955-024-02290-7:3	person:orcid:0000-0001-9937-4149	Le Ann Chen		A5003942201	Le Ann Chen	0000-0001-9937-4149	AUTHOR_ORCID	ACCEPTED	
doi:10.1186/s12955-024-02290-7	4	author:doi:10.1186/s12955-024-02290-7:4	person:eqmember:17930	Michael Herdman		A5107835766	Michael Herdman		CANONICAL_PROPAGATED_EXACT_NAME	ACCEPTED	exact name recurs after source-confirmed canonical linkage
doi:10.1186/s12955-024-02290-7	5	author:doi:10.1186/s12955-024-02290-7:5	person:eqmember:17944	Nan Luo		A5064398143	Nan Luo	0000-0001-7980-6979	CANONICAL_ORCID	ACCEPTED	
doi:10.1186/s12955-024-02303-5	1	author:doi:10.1186/s12955-024-02303-5:1	person:leader:606823d7ed51	Stevanus Pangestu		A5033743427	Stevanus Pangestu	0000-0003-2546-9449	CANONICAL_ORCID	ACCEPTED	
doi:10.1186/s12955-024-02303-5	2	author:doi:10.1186/s12955-024-02303-5:2	person:eqmember:17855	Fredrick Dermawan Purba		A5059806422	Fredrick Dermawan Purba	0000-0002-7336-3043	CANONICAL_ORCID	ACCEPTED	
doi:10.1186/s12955-024-02303-5	3	author:doi:10.1186/s12955-024-02303-5:3	person:orcid:0000-0001-5091-3180	Hari Setyowibowo		A5046364454	Hari Setyowibowo	0000-0001-5091-3180	AUTHOR_ORCID	ACCEPTED	
doi:10.1186/s12955-024-02303-5	4	author:doi:10.1186/s12955-024-02303-5:4	person:eqmember:17819	Clara Mukuria		A5043083823	Clara Mukuria	0000-0003-4318-1481	CANONICAL_ORCID	ACCEPTED	
doi:10.1186/s12955-024-02303-5	5	author:doi:10.1186/s12955-024-02303-5:5	person:eqmember:17845	Fanni Rencz		A5024021740	Fanni Rencz	0000-0001-9674-620x	CANONICAL_ORCID	ACCEPTED	
doi:10.1186/s12955-024-02305-3	1	author:doi:10.1186/s12955-024-02305-3:1	person:leader:5fdc94f27d8c	Girma Tekle Gebremariam		A5008650274	Girma Tekle Gebremariam	0000-0002-2747-7955	CANONICAL_ORCID	ACCEPTED	
doi:10.1186/s12955-024-02305-3	2	author:doi:10.1186/s12955-024-02305-3:2	person:orcid:0000-0002-2485-505x	Gebremedhin Beedemariam Gebretekle		A5040701844	Gebremedhin Beedemariam Gebretekle	0000-0002-2485-505x	AUTHOR_ORCID	ACCEPTED	
doi:10.1186/s12955-024-02305-3	3	author:doi:10.1186/s12955-024-02305-3:3	person:openalex:A5072165119	Wondemagegnhu Tigneh		A5072165119	Wondemagegnhu Tigneh		AUTHOR_OPENALEX_ID	ACCEPTED	
doi:10.1186/s12955-024-02305-3	4	author:doi:10.1186/s12955-024-02305-3:4	person:orcid:0000-0002-3614-2401	Biruck Gashawbeza		A5057552039	Biruck Gashawbeza	0000-0002-3614-2401	AUTHOR_ORCID	ACCEPTED	
doi:10.1186/s12955-024-02305-3	5	author:doi:10.1186/s12955-024-02305-3:5	person:author:doi:10.1186/s12955-024-02305-3:5	Alemu Belayneh			Alemu Belayneh		PUBLICATION_LOCAL	UNRESOLVED	
doi:10.1186/s12955-024-02305-3	6	author:doi:10.1186/s12955-024-02305-3:6	person:openalex:A5050491421	Abdu Mengesha		A5050491421	Abdu Mengesha		AUTHOR_OPENALEX_ID	ACCEPTED	
doi:10.1186/s12955-024-02305-3	7	author:doi:10.1186/s12955-024-02305-3:7	person:eqmember:17787	Abraham G Welie		A5061701004	Abraham Gebregziabiher Welie	0000-0003-4661-7287	CANONICAL_ORCID	ACCEPTED	
doi:10.1186/s12955-024-02305-3	8	author:doi:10.1186/s12955-024-02305-3:8	person:orcid:0000-0002-3581-6451	Eskinder Eshetu Ali		A5019890398	Eskinder Eshetu Ali	0000-0002-3581-6451	AUTHOR_ORCID	ACCEPTED	
doi:10.1186/s12955-024-02323-1	1	author:doi:10.1186/s12955-024-02323-1:1	person:eqmember:17867	Henry Bailey		A5090969739	Henry Bailey	0000-0002-4479-9948	CANONICAL_ORCID	ACCEPTED	
doi:10.1186/s12955-024-02323-1	2	author:doi:10.1186/s12955-024-02323-1:2	person:eqmember:17920	Marcel F Jonker		A5063358434	Marcel F. Jonker	0000-0001-8433-1402	CANONICAL_ORCID	ACCEPTED	
doi:10.1186/s12955-024-02323-1	3	author:doi:10.1186/s12955-024-02323-1:3	person:eqmember:17835	Eleanor Pullenayegum		A5029465719	Eleanor Pullenayegum	0000-0003-4265-1330	CANONICAL_ORCID	ACCEPTED	
doi:10.1186/s12955-024-02323-1	4	author:doi:10.1186/s12955-024-02323-1:4	person:eqmember:17845	Fanni Rencz		A5024021740	Fanni Rencz	0000-0001-9674-620x	CANONICAL_ORCID	ACCEPTED	
doi:10.1186/s12955-024-02323-1	5	author:doi:10.1186/s12955-024-02323-1:5	person:eqmember:17805	Bram Roudijk		A5028508726	Bram Roudijk	0000-0001-5000-0875	CANONICAL_ORCID	ACCEPTED	
doi:10.1186/s12955-025-02397-5	1	author:doi:10.1186/s12955-025-02397-5:1	person:leader:da1bac7dcc2d	Madeeha Malik		A5053689562	Madeeha Malik	0000-0001-5824-9405	CANONICAL_ORCID	ACCEPTED	
doi:10.1186/s12955-025-02397-5	2	author:doi:10.1186/s12955-025-02397-5:2	person:orcid:0000-0002-5473-1592	Azhar Hussain		A5101501282	Azhar Hussain	0000-0002-5473-1592	AUTHOR_ORCID	ACCEPTED	
doi:10.1186/s12955-025-02397-5	3	author:doi:10.1186/s12955-025-02397-5:3	person:eqmember:17855	Fredrick Dermawan Purba		A5059806422	Fredrick Dermawan Purba	0000-0002-7336-3043	CANONICAL_ORCID	ACCEPTED	
doi:10.1186/s12955-025-02397-5	4	author:doi:10.1186/s12955-025-02397-5:4	person:eqmember:17956	Ning Yan Gu		A5063972558	Ning Yan Gu	0000-0002-1250-7605	CANONICAL_ORCID	ACCEPTED	
doi:10.1186/s12955-025-02421-8	1	author:doi:10.1186/s12955-025-02421-8:1	person:leader:7fbd807010a1	Kidu Gidey		A5040157120	Kidu Gidey	0000-0002-7363-1327	CANONICAL_ORCID	ACCEPTED	
doi:10.1186/s12955-025-02421-8	2	author:doi:10.1186/s12955-025-02421-8:2	person:leader:708432e727df	Yirga Legesse Niriayo		A5025678242	Yirga Legesse Niriayo	0000-0002-6943-753x	CANONICAL_ORCID	ACCEPTED	
doi:10.1186/s12955-025-02421-8	3	author:doi:10.1186/s12955-025-02421-8:3	person:orcid:0000-0003-0804-3307	Solomon Weldegebreal Asgedom		A5078486897	Solomon Weldegebreal Asgedom	0000-0003-0804-3307	AUTHOR_ORCID	ACCEPTED	
doi:10.1186/s12955-025-02421-8	4	author:doi:10.1186/s12955-025-02421-8:4	person:eqmember:17839	Erica Lubetkin		A5037314317	Erica I. Lubetkin	0000-0001-9962-7775	CANONICAL_ORCID	ACCEPTED	
doi:10.1186/s12955-026-02478-z	1	orcid:0000-0002-4486-8632	person:leader:b74a5997703c	Maresa Buchholz	0000-0002-4486-8632	A5124110567	Maresa Buchholz		CANONICAL_NAME_AND_AFFILIATION	ACCEPTED	
doi:10.1186/s12955-026-02478-z	2	author:doi:10.1186/s12955-026-02478-z:2	person:eqmember:17911	Lidia Engel		A5039737173	Lidia Engel	0000-0002-7959-3149	CANONICAL_ORCID	ACCEPTED	
doi:10.1186/s12955-026-02478-z	3	author:doi:10.1186/s12955-026-02478-z:3	person:eqmember:17851	Feng Xie		A5124054846	Feng Xie		CANONICAL_NAME_AND_AFFILIATION	ACCEPTED	
doi:10.1186/s12955-026-02478-z	4	author:doi:10.1186/s12955-026-02478-z:4	person:eqmember:17803	Bernhard Michalowsky		A5076720276	B Michalowsky		CANONICAL_NAME_AND_LINKED_PROJECT	ACCEPTED	
doi:10.1186/s12955-026-02521-z	1	author:doi:10.1186/s12955-026-02521-z:1	person:leader:f5a715e2f518	Meixia Liao		A5079423723	Meixia Liao	0000-0001-7859-3684	CANONICAL_ORCID	ACCEPTED	
doi:10.1186/s12955-026-02521-z	2	author:doi:10.1186/s12955-026-02521-z:2	person:eqmember:17845	Fanni Rencz		A5024021740	Fanni Rencz	0000-0001-9674-620x	CANONICAL_ORCID	ACCEPTED	
doi:10.1186/s12955-026-02521-z	3	author:doi:10.1186/s12955-026-02521-z:3	person:eqmember:18019	Zhihao Yang		A5051597671	Zhihao Yang	0000-0001-6186-2024	CANONICAL_NAME_AND_AFFILIATION	ACCEPTED	
doi:10.1186/s12955-026-02521-z	4	author:doi:10.1186/s12955-026-02521-z:4	person:openalex:A5129360275	Jianjun Xiang		A5129360275	Jianjun Xiang		AUTHOR_OPENALEX_ID	ACCEPTED	
doi:10.1186/s12955-026-02521-z	5	author:doi:10.1186/s12955-026-02521-z:5	person:eqmember:17944	Nan Luo		A5133014501	Nan Luo		CANONICAL_NAME_AND_LINKED_PROJECT	ACCEPTED	
doi:10.1186/s13561-022-00374-y	1	orcid:0000-0002-2576-9110	person:eqmember:17958	Ole Marten	0000-0002-2576-9110	A5033160244	Ole Marten	0000-0002-2576-9110	CANONICAL_ORCID	ACCEPTED	
doi:10.1186/s13561-022-00374-y	2	orcid:0000-0001-9552-6969	person:eqmember:18010	Wolfgang Greiner	0000-0001-9552-6969	A5001823062	Wolfgang Greiner	0000-0001-9552-6969	CANONICAL_ORCID	ACCEPTED	
doi:10.1186/s13643-025-03060-2	1	author:doi:10.1186/s13643-025-03060-2:1	person:leader:6cc4c9299d70	Goitom Molalign Takele		A5009462612	Goitom Molalign Takele	0000-0002-9344-3390	CANONICAL_ORCID	ACCEPTED	
doi:10.1186/s13643-025-03060-2	2	author:doi:10.1186/s13643-025-03060-2:2	person:eqmember:18004	Trudy Sullivan		A5022698267	Trudy Sullivan	0000-0001-8452-2591	CANONICAL_ORCID	ACCEPTED	
doi:10.1186/s13643-025-03060-2	3	author:doi:10.1186/s13643-025-03060-2:3	person:orcid:0000-0003-4933-9569	Ari Samaranayaka		A5016114433	Ari Samaranayaka	0000-0003-4933-9569	AUTHOR_ORCID	ACCEPTED	
doi:10.1186/s13643-025-03060-2	4	author:doi:10.1186/s13643-025-03060-2:4	person:eqmember:17938	Mimmi Åström		A5055089597	Mimmi Åström	0000-0002-6711-5262	CANONICAL_ORCID	ACCEPTED	
doi:10.1186/s13643-025-03060-2	5	author:doi:10.1186/s13643-025-03060-2:5	person:eqmember:17930	Michael Herdman		A5122382360	M. Herdman		CANONICAL_NAME_AND_AFFILIATION	ACCEPTED	
doi:10.1186/s13643-025-03060-2	6	author:doi:10.1186/s13643-025-03060-2:6	person:openalex:A5063917571	Gashaw Arega		A5063917571	Gashaw Arega		AUTHOR_OPENALEX_ID	ACCEPTED	
doi:10.1186/s13643-025-03060-2	7	author:doi:10.1186/s13643-025-03060-2:7	person:eqmember:17982	Sarah Derrett		A5021576811	Sarah Derrett	0000-0003-2867-0498	CANONICAL_ORCID	ACCEPTED	
doi:10.1186/s41687-020-00247-0	1	author:doi:10.1186/s41687-020-00247-0:1	person:eqmember:17897	Kim Rand		A5041551368	Kim Rand	0000-0001-7692-4099	CANONICAL_ORCID	ACCEPTED	
doi:10.1186/s41687-020-00247-0	2	author:doi:10.1186/s41687-020-00247-0:2	person:orcid:0000-0003-1071-0017	Espen Ajo Arnevik		A5082703972	Espen Ajo Arnevik	0000-0003-1071-0017	AUTHOR_ORCID	ACCEPTED	
doi:10.1186/s41687-020-00247-0	3	author:doi:10.1186/s41687-020-00247-0:3	person:orcid:0000-0002-0115-9596	Espen Walderhaug		A5078816855	Espen Walderhaug	0000-0002-0115-9596	AUTHOR_ORCID	ACCEPTED	
doi:10.1186/s41687-021-00406-x	1	orcid:0000-0001-9571-576x	person:orcid:0000-0001-9571-576x	Inge Spronk	0000-0001-9571-576x		Inge Spronk	0000-0001-9571-576x	AUTHOR_ORCID	ACCEPTED	
doi:10.1186/s41687-021-00406-x	2	orcid:0000-0002-4331-3141	person:orcid:0000-0002-4331-3141	Suzanne Polinder	0000-0002-4331-3141		Suzanne Polinder	0000-0002-4331-3141	AUTHOR_ORCID	ACCEPTED	
doi:10.1186/s41687-021-00406-x	3	orcid:0000-0002-8364-1086	person:eqmember:17861	Gouke J. Bonsel	0000-0002-8364-1086		Gouke J. Bonsel	0000-0002-8364-1086	CANONICAL_ORCID	ACCEPTED	
doi:10.1186/s41687-021-00406-x	4	author:doi:10.1186/s41687-021-00406-x:4	person:eqmember:19005	M. F. Janssen			M. F. Janssen		REVIEWED_AUTHORSHIP_MERGE	ACCEPTED	Exact reviewed name alias and the same Erasmus MC affiliation as the ORCID-identified member
doi:10.1186/s41687-021-00406-x	5	orcid:0000-0002-2055-548x	person:eqmember:17895	Juanita A. Haagsma	0000-0002-2055-548x		Juanita A. Haagsma	0000-0002-2055-548x	CANONICAL_ORCID	ACCEPTED	
doi:10.1186/s41687-023-00560-4	1	author:doi:10.1186/s41687-023-00560-4:1	person:leader:510242c8d95e	Lucky G Ngwira		A5063482306	Lucky G. Ngwira	0000-0002-2695-8917	CANONICAL_ORCID	ACCEPTED	
doi:10.1186/s41687-023-00560-4	2	author:doi:10.1186/s41687-023-00560-4:2	person:orcid:0000-0002-7375-4845	Hendramoorthy Maheswaran		A5033232150	Hendramoorthy Maheswaran	0000-0002-7375-4845	AUTHOR_ORCID	ACCEPTED	
doi:10.1186/s41687-023-00560-4	3	author:doi:10.1186/s41687-023-00560-4:3	person:eqmember:17877	Janine Verstraete		A5006452129	Janine Verstraete	0000-0002-1148-4747	CANONICAL_ORCID	ACCEPTED	
doi:10.1186/s41687-023-00560-4	4	author:doi:10.1186/s41687-023-00560-4:4	person:orcid:0000-0003-3121-6050	Stavros Petrou		A5089167457	Stavros Petrou	0000-0003-3121-6050	AUTHOR_ORCID	ACCEPTED	
doi:10.1186/s41687-023-00560-4	5	author:doi:10.1186/s41687-023-00560-4:5	person:orcid:0000-0002-8639-5191	Louis Niessen		A5048876130	Louis Niessen	0000-0002-8639-5191	AUTHOR_ORCID	ACCEPTED	
doi:10.1186/s41687-023-00560-4	6	author:doi:10.1186/s41687-023-00560-4:6	person:orcid:0000-0002-2013-6963	Sarah C Smith		A5067989104	Sarah C. Smith	0000-0002-2013-6963	AUTHOR_ORCID	ACCEPTED	
doi:10.1186/s41687-024-00761-5	1	orcid:0000-0002-2695-8917	person:leader:510242c8d95e	Lucky Gift Ngwira	0000-0002-2695-8917	A5063482306	Lucky G. Ngwira	0000-0002-2695-8917	CANONICAL_ORCID	ACCEPTED	
doi:10.1186/s41687-024-00761-5	2	author:doi:10.1186/s41687-024-00761-5:2	person:orcid:0000-0002-7375-4845	Hendramoorthy Maheswaran		A5033232150	Hendramoorthy Maheswaran	0000-0002-7375-4845	AUTHOR_ORCID	ACCEPTED	
doi:10.1186/s41687-024-00761-5	3	author:doi:10.1186/s41687-024-00761-5:3	person:orcid:0000-0003-3121-6050	Stavros Petrou		A5089167457	Stavros Petrou	0000-0003-3121-6050	AUTHOR_ORCID	ACCEPTED	
doi:10.1186/s41687-024-00761-5	4	author:doi:10.1186/s41687-024-00761-5:4	person:orcid:0000-0002-8639-5191	Louis W. Niessen		A5048876130	Louis Niessen	0000-0002-8639-5191	AUTHOR_ORCID	ACCEPTED	
doi:10.1186/s41687-024-00761-5	5	author:doi:10.1186/s41687-024-00761-5:5	person:orcid:0000-0002-2013-6963	Sarah C. Smith		A5067989104	Sarah C. Smith	0000-0002-2013-6963	AUTHOR_ORCID	ACCEPTED	
doi:10.1186/s41687-025-00928-8	1	author:doi:10.1186/s41687-025-00928-8:1	person:leader:ece94cf47888	Begashaw Melaku Gebresillassie		A5013305477	Begashaw Melaku Gebresillassie	0000-0003-0071-732x	CANONICAL_ORCID	ACCEPTED	
doi:10.1186/s41687-025-00928-8	2	author:doi:10.1186/s41687-025-00928-8:2	person:leader:d9674d98607b	Yared Belete Belay		A5086002810	Yared Belete Belay	0000-0001-5473-3857	CANONICAL_ORCID	ACCEPTED	
doi:10.1186/s41687-025-00928-8	3	author:doi:10.1186/s41687-025-00928-8:3	person:orcid:0000-0003-0519-509x	Adeladlew Kassie Netere		A5064571617	Adeladlew Kassie Netere	0000-0003-0519-509x	AUTHOR_ORCID	ACCEPTED	
doi:10.1186/s41687-025-00928-8	4	author:doi:10.1186/s41687-025-00928-8:4	person:eqmember:17956	Ning Yan Gu		A5063972558	Ning Yan Gu	0000-0002-1250-7605	CANONICAL_ORCID	ACCEPTED	
doi:10.1186/s41687-025-00985-z	1	author:doi:10.1186/s41687-025-00985-z:1	person:openalex:A5125757955	Manar G. Elgaar		A5125757955	Manar G. Elgaar		AUTHOR_OPENALEX_ID	ACCEPTED	
doi:10.1186/s41687-025-00985-z	2	author:doi:10.1186/s41687-025-00985-z:2	person:eqmember:17877	Janine Verstraete		A5006452129	Janine Verstraete	0000-0002-1148-4747	CANONICAL_ORCID	ACCEPTED	
doi:10.1186/s41687-025-00985-z	3	author:doi:10.1186/s41687-025-00985-z:3	person:eqmember:17847	Fatima Al Sayah		A5058978537	Fatima Hussein Al Sayah		CANONICAL_NAME_AND_AFFILIATION	ACCEPTED	
doi:10.1186/s41687-025-00985-z	4	author:doi:10.1186/s41687-025-00985-z:4	person:openalex:A5125700763	Fatma S. E. Ebeid		A5125700763	Fatma S. E. Ebeid		AUTHOR_OPENALEX_ID	ACCEPTED	
doi:10.1186/s41687-025-00985-z	5	author:doi:10.1186/s41687-025-00985-z:5	person:orcid:0000-0002-5956-8990	Maggie M. Abbassi		A5032499712	Maggie Abbassi	0000-0002-5956-8990	AUTHOR_ORCID	ACCEPTED	
doi:10.1186/s41687-025-00985-z	6	author:doi:10.1186/s41687-025-00985-z:6	person:orcid:0000-0002-3216-9076	Samar F. Farid		A5001251189	Samar Farid	0000-0002-3216-9076	AUTHOR_ORCID	ACCEPTED	
doi:10.1213/ane.0000000000007107	1	author:doi:10.1213/ane.0000000000007107:1	person:leader:c2d00c5008f7	Joshua M Bonsel		A5090783923	Joshua M. Bonsel	0000-0002-9143-5506	CANONICAL_ORCID	ACCEPTED	
doi:10.1213/ane.0000000000007107	2	author:doi:10.1213/ane.0000000000007107:2	person:orcid:0000-0002-8229-4369	Hanish Kodali		A5084065579	Hanish Kodali	0000-0002-8229-4369	AUTHOR_ORCID	ACCEPTED	
doi:10.1213/ane.0000000000007107	3	author:doi:10.1213/ane.0000000000007107:3	person:orcid:0000-0001-7058-5102	Jashvant Poeran		A5002493085	Jashvant Poeran	0000-0001-7058-5102	AUTHOR_ORCID	ACCEPTED	
doi:10.1213/ane.0000000000007107	4	author:doi:10.1213/ane.0000000000007107:4	person:eqmember:17861	Gouke J Bonsel		A5047977076	Gouke J. Bonsel	0000-0002-8364-1086	CANONICAL_ORCID	ACCEPTED	
doi:10.1371/journal.pone.0190111	1	orcid:0000-0001-9125-1697	person:orcid:0000-0001-9125-1697	Anna Selivanova	0000-0001-9125-1697	A5112390873	Anna Selivanova		AUTHOR_ORCID	ACCEPTED	
doi:10.1371/journal.pone.0190111	2	author:doi:10.1371/journal.pone.0190111:2	person:eqmember:17964	Paul F. M. Krabbe		A5061371202	Paul F. M. Krabbe	0000-0001-6042-1243	CANONICAL_ORCID	ACCEPTED	
doi:10.1371/journal.pone.0197098	1	orcid:0000-0002-7336-3043	person:eqmember:17855	Fredrick Dermawan Purba	0000-0002-7336-3043	A5059806422	Fredrick Dermawan Purba	0000-0002-7336-3043	CANONICAL_ORCID	ACCEPTED	
doi:10.1371/journal.pone.0197098	2	author:doi:10.1371/journal.pone.0197098:2	person:openalex:A5113535557	Joke A. M. Hunfeld		A5113535557	Joke A. M. Hunfeld		AUTHOR_OPENALEX_ID	ACCEPTED	
doi:10.1371/journal.pone.0197098	3	author:doi:10.1371/journal.pone.0197098:3	person:orcid:0000-0002-9526-6922	Aulia Iskandarsyah		A5037744802	Aulia Iskandarsyah	0000-0002-9526-6922	AUTHOR_ORCID	ACCEPTED	
doi:10.1371/journal.pone.0197098	4	author:doi:10.1371/journal.pone.0197098:4	person:leader:fbb9eb69f451	Titi Sahidah Fitriana		A5049547434	Titi Sahidah Fitriana	0000-0001-5062-6886	CANONICAL_ORCID	ACCEPTED	
doi:10.1371/journal.pone.0197098	5	author:doi:10.1371/journal.pone.0197098:5	person:orcid:0000-0001-5126-9104	Sawitri S. Sadarjoen		A5014483970	Sawitri S. Sadarjoen	0000-0001-5126-9104	AUTHOR_ORCID	ACCEPTED	
doi:10.1371/journal.pone.0197098	6	author:doi:10.1371/journal.pone.0197098:6	person:orcid:0000-0002-7319-7188	Jan Passchier		A5026470404	Jan Passchier	0000-0002-7319-7188	AUTHOR_ORCID	ACCEPTED	
doi:10.1371/journal.pone.0197098	7	author:doi:10.1371/journal.pone.0197098:7	person:eqmember:17875	Jan J. V. Busschbach		A5020122364	Jan J.V. Busschbach	0000-0002-8602-0381	CANONICAL_ORCID	ACCEPTED	
doi:10.1371/journal.pone.0200966	1	author:doi:10.1371/journal.pone.0200966:1	person:orcid:0000-0001-5091-3180	Hari Setyowibowo		A5046364454	Hari Setyowibowo	0000-0001-5091-3180	AUTHOR_ORCID	ACCEPTED	
doi:10.1371/journal.pone.0200966	2	author:doi:10.1371/journal.pone.0200966:2	person:eqmember:17855	Fredrick Dermawan Purba		A5059806422	Fredrick Dermawan Purba	0000-0002-7336-3043	CANONICAL_ORCID	ACCEPTED	
doi:10.1371/journal.pone.0200966	3	author:doi:10.1371/journal.pone.0200966:3	person:openalex:A5113535557	Joke A M Hunfeld		A5113535557	Joke A. M. Hunfeld		AUTHOR_OPENALEX_ID	ACCEPTED	
doi:10.1371/journal.pone.0200966	4	author:doi:10.1371/journal.pone.0200966:4	person:orcid:0000-0002-9526-6922	Aulia Iskandarsyah		A5037744802	Aulia Iskandarsyah	0000-0002-9526-6922	AUTHOR_ORCID	ACCEPTED	
doi:10.1371/journal.pone.0200966	5	author:doi:10.1371/journal.pone.0200966:5	person:orcid:0000-0001-5126-9104	Sawitri S Sadarjoen		A5014483970	Sawitri S. Sadarjoen	0000-0001-5126-9104	AUTHOR_ORCID	ACCEPTED	
doi:10.1371/journal.pone.0200966	6	author:doi:10.1371/journal.pone.0200966:6	person:orcid:0000-0002-7319-7188	Jan Passchier		A5026470404	Jan Passchier	0000-0002-7319-7188	AUTHOR_ORCID	ACCEPTED	
doi:10.1371/journal.pone.0200966	7	author:doi:10.1371/journal.pone.0200966:7	person:orcid:0000-0001-5430-9810	Marit Sijbrandij		A5002846176	Marit Sijbrandij	0000-0001-5430-9810	AUTHOR_ORCID	ACCEPTED	
doi:10.1371/journal.pone.0200966	8	author:doi:10.1371/journal.pone.0200966:8	person:author:doi:10.1371/journal.pone.0200966:8	Chung-Ying Lin					PUBLICATION_LOCAL	UNRESOLVED	no exact OpenAlex authorship match
doi:10.1371/journal.pone.0209344	1	author:doi:10.1371/journal.pone.0209344:1	person:leader:53444d26184b	Hsiang-Wen Lin		A5108671876	Hsiang-Wen Lin		CANONICAL_NAME_AND_LINKED_PROJECT	ACCEPTED	
doi:10.1371/journal.pone.0209344	2	author:doi:10.1371/journal.pone.0209344:2	person:openalex:A5112406075	Chia-Ing Li		A5112406075	Chia-Ing Li		AUTHOR_OPENALEX_ID	ACCEPTED	
doi:10.1371/journal.pone.0209344	3	author:doi:10.1371/journal.pone.0209344:3	person:orcid:0000-0002-8249-7481	Fang- Ju Lin		A5024055768	Fang‐Ju Lin	0000-0002-8249-7481	AUTHOR_ORCID	ACCEPTED	
doi:10.1371/journal.pone.0209344	4	author:doi:10.1371/journal.pone.0209344:4	person:orcid:0000-0001-6660-5246	Jen-Yu Chang		A5079399532	J Chang	0000-0001-6660-5246	AUTHOR_ORCID	ACCEPTED	
doi:10.1371/journal.pone.0209344	5	author:doi:10.1371/journal.pone.0209344:5	person:openalex:A5110068367	Churn-Shiouh Gau		A5110068367	Churn‐Shiouh Gau		AUTHOR_OPENALEX_ID	ACCEPTED	
doi:10.1371/journal.pone.0209344	6	author:doi:10.1371/journal.pone.0209344:6	person:eqmember:17944	Nan Luo		A5064398143	Nan Luo	0000-0001-7980-6979	CANONICAL_ORCID	ACCEPTED	
doi:10.1371/journal.pone.0209344	7	author:doi:10.1371/journal.pone.0209344:7	person:eqmember:17988	A. Simon Pickard		A5058888906	A. Simon Pickard	0000-0001-5645-7091	CANONICAL_ORCID	ACCEPTED	
doi:10.1371/journal.pone.0209344	8	author:doi:10.1371/journal.pone.0209344:8	person:eqmember:17893	Juan M. Ramos Goñi		A5049678494	Juan Manuel Ramos Goñi		CANONICAL_PROPAGATED_EXACT_NAME	ACCEPTED	exact name recurs after source-confirmed canonical linkage
doi:10.1371/journal.pone.0209344	9	author:doi:10.1371/journal.pone.0209344:9	person:orcid:0000-0003-0545-1567	Chao-Hsiun Tang		A5113847032	Chao-Hsiun Tang		REVIEWED_AUTHORSHIP_MERGE	ACCEPTED	Original article and correction notice identify the same author
doi:10.1371/journal.pone.0209344	10	orcid:0000-0001-7470-528x	person:orcid:0000-0001-7470-528x	Chien-Ning Hsu	0000-0001-7470-528x	A5020538411	Chien‐Ning Hsu	0000-0001-7470-528x	AUTHOR_ORCID	ACCEPTED	
doi:10.1371/journal.pone.0290606	1	author:doi:10.1371/journal.pone.0290606:1	person:eqmember:17958	Ole Marten		A5033160244	Ole Marten	0000-0002-2576-9110	CANONICAL_ORCID	ACCEPTED	
doi:10.1371/journal.pone.0290606	2	author:doi:10.1371/journal.pone.0290606:2	person:eqmember:18010	Wolfgang Greiner		A5001823062	Wolfgang Greiner	0000-0001-9552-6969	CANONICAL_ORCID	ACCEPTED	
doi:10.1371/journal.pone.0302886	1	author:doi:10.1371/journal.pone.0302886:1	person:eqmember:17998	Tessa Peasgood		A5022446221	Tessa Peasgood	0000-0001-8024-7801	CANONICAL_ORCID	ACCEPTED	
doi:10.1371/journal.pone.0302886	2	author:doi:10.1371/journal.pone.0302886:2	person:eqmember:21677	Cate Bailey		A5020867003	Cate Bailey	0000-0001-5030-430x	CANONICAL_ORCID	ACCEPTED	
doi:10.1371/journal.pone.0302886	3	orcid:0000-0002-8385-5965	person:orcid:0000-0002-8385-5965	Gang Chen	0000-0002-8385-5965	A5091495489	Gang Chen	0000-0002-8385-5965	AUTHOR_ORCID	ACCEPTED	
doi:10.1371/journal.pone.0302886	4	orcid:0000-0003-4535-442x	person:orcid:0000-0003-4535-442x	Ashwini De Silva	0000-0003-4535-442x	A5082448286	Ashwini De Silva	0000-0003-4535-442x	AUTHOR_ORCID	ACCEPTED	
doi:10.1371/journal.pone.0302886	5	author:doi:10.1371/journal.pone.0302886:5	person:orcid:0000-0002-8859-926x	Udeni De Silva Perera		A5053139067	Udeni De Silva Perera	0000-0002-8859-926x	AUTHOR_ORCID	ACCEPTED	
doi:10.1371/journal.pone.0302886	6	author:doi:10.1371/journal.pone.0302886:6	person:eqmember:17974	Richard Norman		A5101841802	Richard Norman	0000-0002-3112-3893	CANONICAL_ORCID	ACCEPTED	
doi:10.1371/journal.pone.0302886	7	author:doi:10.1371/journal.pone.0302886:7	person:eqmember:17901	Koonal Shah		A5083575745	Koonal Shah	0000-0002-4927-7858	CANONICAL_ORCID	ACCEPTED	
doi:10.1371/journal.pone.0302886	8	author:doi:10.1371/journal.pone.0302886:8	person:eqmember:17976	Rosalie Viney		A5076742980	Rosalie Viney	0000-0002-0039-9635	CANONICAL_ORCID	ACCEPTED	
doi:10.1371/journal.pone.0302886	9	author:doi:10.1371/journal.pone.0302886:9	person:eqmember:17946	Nancy Devlin		A5108295899	Nancy Devlin		CANONICAL_NAME_AND_AFFILIATION	ACCEPTED	
doi:10.1371/journal.pone.0305983	1	author:doi:10.1371/journal.pone.0305983:1	person:leader:53444d26184b	Hsiang-Wen Lin		A5100874069	Hsiang-Wen Lin		CANONICAL_NAME_AND_LINKED_PROJECT	ACCEPTED	
doi:10.1371/journal.pone.0305983	2	author:doi:10.1371/journal.pone.0305983:2	person:openalex:A5112406075	Chia-Ing Li		A5114222750	Chia-Ing Li		REVIEWED_AUTHORSHIP_MERGE	ACCEPTED	Correction notice repeats the author of the corrected article
doi:10.1371/journal.pone.0305983	3	author:doi:10.1371/journal.pone.0305983:3	person:orcid:0000-0002-8249-7481	Fang- Ju Lin		A5101381331	Fang- Ju Lin		REVIEWED_AUTHORSHIP_MERGE	ACCEPTED	Correction notice repeats the ORCID-identified author of the corrected article
doi:10.1371/journal.pone.0305983	4	author:doi:10.1371/journal.pone.0305983:4	person:orcid:0000-0001-6660-5246	Jen-Yu Chang		A5079399532	J Chang	0000-0001-6660-5246	AUTHOR_ORCID	ACCEPTED	
doi:10.1371/journal.pone.0305983	5	author:doi:10.1371/journal.pone.0305983:5	person:openalex:A5110068367	Churn-Shiouh Gau		A5110068367	Churn‐Shiouh Gau		AUTHOR_OPENALEX_ID	ACCEPTED	
doi:10.1371/journal.pone.0305983	6	author:doi:10.1371/journal.pone.0305983:6	person:eqmember:17944	Nan Luo		A5064398143	Nan Luo	0000-0001-7980-6979	CANONICAL_ORCID	ACCEPTED	
doi:10.1371/journal.pone.0305983	7	author:doi:10.1371/journal.pone.0305983:7	person:eqmember:17988	A. Simon Pickard		A5058888906	A. Simon Pickard	0000-0001-5645-7091	CANONICAL_ORCID	ACCEPTED	
doi:10.1371/journal.pone.0305983	8	author:doi:10.1371/journal.pone.0305983:8	person:eqmember:17893	Juan M. Ramos Goñi		A5049678494	Juan Manuel Ramos Goñi		CANONICAL_PROPAGATED_EXACT_NAME	ACCEPTED	exact name recurs after source-confirmed canonical linkage
doi:10.1371/journal.pone.0305983	9	author:doi:10.1371/journal.pone.0305983:9	person:orcid:0000-0003-0545-1567	Chao-Hsiun Tang		A5017550412	Chao‐Hsiun Tang	0000-0003-0545-1567	AUTHOR_ORCID	ACCEPTED	
doi:10.1371/journal.pone.0305983	10	author:doi:10.1371/journal.pone.0305983:10	person:orcid:0000-0001-7470-528x	Chien-Ning Hsu		A5020538411	Chien‐Ning Hsu	0000-0001-7470-528x	AUTHOR_ORCID	ACCEPTED	
doi:10.1371/journal.pone.0319227	1	orcid:0000-0003-4535-442x	person:orcid:0000-0003-4535-442x	Ashwini De Silva	0000-0003-4535-442x	A5082448286	Ashwini De Silva	0000-0003-4535-442x	AUTHOR_ORCID	ACCEPTED	
doi:10.1371/journal.pone.0319227	2	orcid:0000-0001-5030-430x	person:eqmember:21677	Cate Bailey	0000-0001-5030-430x	A5020867003	Cate Bailey	0000-0001-5030-430x	CANONICAL_ORCID	ACCEPTED	
doi:10.1371/journal.pone.0319227	3	author:doi:10.1371/journal.pone.0319227:3	person:eqmember:17946	Nancy Devlin		A5103206776	Nancy Devlin	0000-0002-1561-5361	CANONICAL_ORCID	ACCEPTED	
doi:10.1371/journal.pone.0319227	4	author:doi:10.1371/journal.pone.0319227:4	person:eqmember:17974	Richard Norman		A5101841802	Richard Norman	0000-0002-3112-3893	CANONICAL_ORCID	ACCEPTED	
doi:10.1371/journal.pone.0319227	5	author:doi:10.1371/journal.pone.0319227:5	person:eqmember:18002	Tianxin Pan		A5044860561	Tianxin Pan	0000-0002-2243-8818	CANONICAL_ORCID	ACCEPTED	
doi:10.1371/journal.pone.0319227	6	author:doi:10.1371/journal.pone.0319227:6	person:eqmember:17998	Tessa Peasgood		A5022446221	Tessa Peasgood	0000-0001-8024-7801	CANONICAL_ORCID	ACCEPTED	
doi:10.1371/journal.pone.0319227	7	author:doi:10.1371/journal.pone.0319227:7	group:quokka-project-team	on behalf of the QUality Of life in Kids: Key evidence to strengthen decisions in Australia (QUOKKA) project team			on behalf of the QUality Of life in Kids: Key evidence to strengthen decisions in Australia (QUOKKA) project team		COLLECTIVE_AUTHOR	ACCEPTED	
doi:10.2196/27669	1	author:doi:10.2196/27669:1	person:orcid:0000-0002-6182-499x	Fitsum Sebsibe Teni		A5087900341	Fitsum Sebsibe Teni	0000-0002-6182-499x	AUTHOR_ORCID	ACCEPTED	
doi:10.2196/27669	2	author:doi:10.2196/27669:2	person:orcid:0000-0001-6534-1242	Ola Rolfson		A5044372933	Ola Rolfson	0000-0001-6534-1242	AUTHOR_ORCID	ACCEPTED	
doi:10.2196/27669	3	author:doi:10.2196/27669:3	person:eqmember:17946	Nancy Devlin		A5103206776	Nancy Devlin	0000-0002-1561-5361	CANONICAL_ORCID	ACCEPTED	
doi:10.2196/27669	4	author:doi:10.2196/27669:4	person:eqmember:17823	David Parkin		A5081956728	David Parkin	0000-0002-9990-8208	CANONICAL_ORCID	ACCEPTED	
doi:10.2196/27669	5	author:doi:10.2196/27669:5	person:orcid:0000-0003-1079-5655	Emma Nauclér		A5061454592	Emma Nauclér	0000-0003-1079-5655	AUTHOR_ORCID	ACCEPTED	
doi:10.2196/27669	6	author:doi:10.2196/27669:6	person:leader:5b6527858de5	Kristina Burström		A5005862614	Kristina Burström	0000-0001-9996-4317	CANONICAL_ORCID	ACCEPTED	
doi:10.2196/27669	7	author:doi:10.2196/27669:7	group:swedish-quality-register-study-group	The Swedish Quality Register (SWEQR) Study Group			The Swedish Quality Register (SWEQR) Study Group		COLLECTIVE_AUTHOR	ACCEPTED	
doi:10.2196/27669	8	author:doi:10.2196/27669:8	person:author:doi:10.2196/27669:8	Gunther Eysenbach					PUBLICATION_LOCAL	UNRESOLVED	no exact OpenAlex authorship match
doi:10.2196/27669	9	author:doi:10.2196/27669:9	person:author:doi:10.2196/27669:9	Kristiann Heesch					PUBLICATION_LOCAL	UNRESOLVED	no exact OpenAlex authorship match
doi:10.2196/27669	10	author:doi:10.2196/27669:10	person:author:doi:10.2196/27669:10	Thomas Poder					PUBLICATION_LOCAL	UNRESOLVED	no exact OpenAlex authorship match
doi:10.3389/fepid.2023.1144162	1	author:doi:10.3389/fepid.2023.1144162:1	person:orcid:0000-0001-7548-1775	Emily Stella Scott		A5067948587	Emily Stella Scott	0000-0001-7548-1775	AUTHOR_ORCID	ACCEPTED	
doi:10.3389/fepid.2023.1144162	2	author:doi:10.3389/fepid.2023.1144162:2	person:eqmember:17839	Erica I Lubetkin		A5037314317	Erica I. Lubetkin	0000-0001-9962-7775	CANONICAL_ORCID	ACCEPTED	
doi:10.3389/fepid.2023.1144162	3	author:doi:10.3389/fepid.2023.1144162:3	person:eqmember:19005	Mathieu F Janssen		A5020933378	Mathieu F. Janssen	0000-0001-6602-6949	CANONICAL_ORCID	ACCEPTED	
doi:10.3389/fepid.2023.1144162	4	author:doi:10.3389/fepid.2023.1144162:4	person:openalex:A5045399261	John Yfantopolous		A5045399261	John Yfantopolous		AUTHOR_OPENALEX_ID	ACCEPTED	
doi:10.3389/fepid.2023.1144162	5	author:doi:10.3389/fepid.2023.1144162:5	person:eqmember:17861	Gouke J Bonsel		A5047977076	Gouke J. Bonsel	0000-0002-8364-1086	CANONICAL_ORCID	ACCEPTED	
doi:10.3389/fepid.2023.1144162	6	author:doi:10.3389/fepid.2023.1144162:6	person:eqmember:17895	Juanita A Haagsma		A5060133399	Juanita A. Haagsma	0000-0002-2055-548x	CANONICAL_ORCID	ACCEPTED	
doi:10.3389/fpsyg.2023.1175402	1	author:doi:10.3389/fpsyg.2023.1175402:1	person:leader:1064c67128ac	Brigitte Essers		A5056962219	Brigitte A.B. Essers	0000-0002-7703-7114	CANONICAL_ORCID	ACCEPTED	
doi:10.3389/fpsyg.2023.1175402	2	author:doi:10.3389/fpsyg.2023.1175402:2	person:leader:fa3dd095d626	Pei Wang		A5100462659	Pei Wang	0000-0003-3661-3944	CANONICAL_NAME_AND_LINKED_PROJECT	ACCEPTED	
doi:10.3389/fpsyg.2023.1175402	3	author:doi:10.3389/fpsyg.2023.1175402:3	person:eqmember:17837	Elly Stolk		A5033903811	Elly Stolk	0000-0001-5968-0416	CANONICAL_ORCID	ACCEPTED	
doi:10.3389/fpsyg.2023.1175402	4	author:doi:10.3389/fpsyg.2023.1175402:4	person:eqmember:17920	Marcel F Jonker		A5063358434	Marcel F. Jonker	0000-0001-8433-1402	CANONICAL_ORCID	ACCEPTED	
doi:10.3389/fpsyg.2023.1175402	5	author:doi:10.3389/fpsyg.2023.1175402:5	person:orcid:0000-0003-1026-570x	Silvia Evers		A5010411606	Silvia Evers	0000-0003-1026-570x	AUTHOR_ORCID	ACCEPTED	
doi:10.3389/fpsyg.2023.1175402	6	author:doi:10.3389/fpsyg.2023.1175402:6	person:orcid:0000-0002-5649-6768	Manuela Joore		A5021404933	Manuela Joore	0000-0002-5649-6768	AUTHOR_ORCID	ACCEPTED	
doi:10.3389/fpsyg.2023.1175402	7	author:doi:10.3389/fpsyg.2023.1175402:7	person:orcid:0000-0002-0377-3389	Carmen Dirksen		A5055643997	Carmen D. Dirksen	0000-0002-0377-3389	AUTHOR_ORCID	ACCEPTED	
doi:10.3389/fpubh.2021.744405	1	author:doi:10.3389/fpubh.2021.744405:1	person:orcid:0000-0001-9571-576x	Inge Spronk		A5048316196	Inge Spronk	0000-0001-9571-576x	AUTHOR_ORCID	ACCEPTED	
doi:10.3389/fpubh.2021.744405	2	author:doi:10.3389/fpubh.2021.744405:2	person:eqmember:17895	Juanita A. Haagsma		A5060133399	Juanita A. Haagsma	0000-0002-2055-548x	CANONICAL_ORCID	ACCEPTED	
doi:10.3389/fpubh.2021.744405	3	author:doi:10.3389/fpubh.2021.744405:3	person:eqmember:17839	Erica I. Lubetkin		A5037314317	Erica I. Lubetkin	0000-0001-9962-7775	CANONICAL_ORCID	ACCEPTED	
doi:10.3389/fpubh.2021.744405	4	author:doi:10.3389/fpubh.2021.744405:4	person:orcid:0000-0002-4331-3141	Suzanne Polinder		A5068551112	Suzanne Polinder	0000-0002-4331-3141	AUTHOR_ORCID	ACCEPTED	
doi:10.3389/fpubh.2021.744405	5	author:doi:10.3389/fpubh.2021.744405:5	person:eqmember:19005	M. F. Janssen		A5020933378	Mathieu F. Janssen	0000-0001-6602-6949	CANONICAL_ORCID	ACCEPTED	
doi:10.3389/fpubh.2021.744405	6	author:doi:10.3389/fpubh.2021.744405:6	person:eqmember:17861	G. J. Bonsel		A5047977076	Gouke J. Bonsel	0000-0002-8364-1086	CANONICAL_ORCID	ACCEPTED	
doi:10.3389/ijph.2026.1608807	1	author:doi:10.3389/ijph.2026.1608807:1	person:leader:a88a6c88814a	Rainer Reile		A5036883637	Rainer Reile	0000-0001-9488-887x	CANONICAL_ORCID	ACCEPTED	
doi:10.3389/ijph.2026.1608807	2	author:doi:10.3389/ijph.2026.1608807:2	person:openalex:A5117455132	Johann Saavaste		A5117455132	Johann Saavaste		AUTHOR_OPENALEX_ID	ACCEPTED	
doi:10.3389/ijph.2026.1608807	3	author:doi:10.3389/ijph.2026.1608807:3	person:openalex:A5073821926	Galina Opikova		A5073821926	Galina Opikova		AUTHOR_OPENALEX_ID	ACCEPTED	
doi:10.3389/ijph.2026.1608807	4	author:doi:10.3389/ijph.2026.1608807:4	person:leader:08f441c510b7	Taavi Lai		A5109074641	Taavi Lai		CANONICAL_OPENALEX_ID	ACCEPTED	
doi:10.3389/ijph.2026.1608807	5	author:doi:10.3389/ijph.2026.1608807:5	person:eqmember:17895	Juanita Haagsma		A5114155705	J A Haagsma		CANONICAL_NAME_AND_AFFILIATION	ACCEPTED	
doi:10.3390/cancers16111952	1	orcid:0009-0007-3558-3946	person:orcid:0009-0007-3558-3946	Noëlle J. M. C. Vrancken Peeters	0009-0007-3558-3946	A5027300986	Noëlle J. M. C. Vrancken Peeters	0009-0007-3558-3946	AUTHOR_ORCID	ACCEPTED	
doi:10.3390/cancers16111952	2	author:doi:10.3390/cancers16111952:2	person:leader:2f6e9bb0322d	Janine A. van Til		A5070605387	Janine A. van Til	0000-0002-5416-5893	CANONICAL_ORCID	ACCEPTED	
doi:10.3390/cancers16111952	3	author:doi:10.3390/cancers16111952:3	person:orcid:0000-0002-1716-9123	Anouk S. Huberts		A5079012811	Anouk S. Huberts	0000-0002-1716-9123	AUTHOR_ORCID	ACCEPTED	
doi:10.3390/cancers16111952	4	orcid:0000-0002-0273-824x	person:orcid:0000-0002-0273-824x	Sabine Siesling	0000-0002-0273-824x	A5075329771	Sabine Siesling	0000-0002-0273-824x	AUTHOR_ORCID	ACCEPTED	
doi:10.3390/cancers16111952	5	orcid:0000-0002-1387-8686	person:orcid:0000-0002-1387-8686	Olga Husson	0000-0002-1387-8686	A5062636955	Olga Husson	0000-0002-1387-8686	AUTHOR_ORCID	ACCEPTED	
doi:10.3390/cancers16111952	6	author:doi:10.3390/cancers16111952:6	person:orcid:0000-0003-1944-6777	Linetta B. Koppert		A5085458371	Linetta B. Koppert	0000-0003-1944-6777	AUTHOR_ORCID	ACCEPTED	
doi:10.3390/children10101604	1	orcid:0000-0002-5332-5226	person:orcid:0000-0002-5332-5226	Renee Jones	0000-0002-5332-5226	A5066738880	Renee Jones	0000-0002-5332-5226	AUTHOR_ORCID	ACCEPTED	
doi:10.3390/children10101604	2	author:doi:10.3390/children10101604:2	person:orcid:0000-0002-6451-2713	Rachel O’Loughlin		A5016874302	Rachel O’Loughlin	0000-0002-6451-2713	AUTHOR_ORCID	ACCEPTED	
doi:10.3390/children10101604	3	author:doi:10.3390/children10101604:3	person:orcid:0000-0002-1323-4223	Xiuqin Xiong		A5089476882	Xiuqin Xiong	0000-0002-1323-4223	AUTHOR_ORCID	ACCEPTED	
doi:10.3390/children10101604	4	orcid:0000-0002-6915-1865	person:eqmember:19032	Mina Bahrampour	0000-0002-6915-1865	A5068470091	Mina Bahrampour	0000-0002-6915-1865	CANONICAL_ORCID	ACCEPTED	
doi:10.3390/children10101604	5	author:doi:10.3390/children10101604:5	person:openalex:A5062956353	Kristy McGregor		A5062956353	Kristy McGregor		AUTHOR_OPENALEX_ID	ACCEPTED	
doi:10.3390/children10101604	6	author:doi:10.3390/children10101604:6	person:openalex:A5013588948	Shilana Yip		A5013588948	Shilana Yip		AUTHOR_OPENALEX_ID	ACCEPTED	
doi:10.3390/children10101604	7	author:doi:10.3390/children10101604:7	person:eqmember:17946	Nancy Devlin		A5103206776	Nancy Devlin	0000-0002-1561-5361	CANONICAL_ORCID	ACCEPTED	
doi:10.3390/children10101604	8	author:doi:10.3390/children10101604:8	person:orcid:0000-0003-3017-2770	Harriet Hiscock		A5065534878	Harriet Hiscock	0000-0003-3017-2770	AUTHOR_ORCID	ACCEPTED	
doi:10.3390/children10101604	9	author:doi:10.3390/children10101604:9	person:eqmember:17807	Brendan Mulhern		A5090013218	Brendan Mulhern	0000-0003-3656-8063	CANONICAL_ORCID	ACCEPTED	
doi:10.3390/children10101604	10	orcid:0000-0003-4972-8871	person:leader:50cca9cff5d9	Kim Dalziel	0000-0003-4972-8871	A5078953009	Kim Dalziel	0000-0003-4972-8871	CANONICAL_ORCID	ACCEPTED	
doi:10.3390/children10101604	11	author:doi:10.3390/children10101604:11	group:quokka-project-team	on behalf of the Quality of Life in Kids: Key Evidence to Strengthen Decisions in Australia (QUOKKA) Project Team			on behalf of the Quality of Life in Kids: Key Evidence to Strengthen Decisions in Australia (QUOKKA) Project Team		COLLECTIVE_AUTHOR	ACCEPTED	
doi:10.3390/children8080714	1	author:doi:10.3390/children8080714:1	person:orcid:0000-0002-5332-5226	Renee Jones		A5066738880	Renee Jones	0000-0002-5332-5226	AUTHOR_ORCID	ACCEPTED	
doi:10.3390/children8080714	2	author:doi:10.3390/children8080714:2	person:eqmember:17807	Brendan Mulhern		A5090013218	Brendan Mulhern	0000-0003-3656-8063	CANONICAL_ORCID	ACCEPTED	
doi:10.3390/children8080714	3	author:doi:10.3390/children8080714:3	person:openalex:A5062956353	Kristy McGregor		A5062956353	Kristy McGregor		AUTHOR_OPENALEX_ID	ACCEPTED	
doi:10.3390/children8080714	4	author:doi:10.3390/children8080714:4	person:openalex:A5013588948	Shilana Yip		A5013588948	Shilana Yip		AUTHOR_OPENALEX_ID	ACCEPTED	
doi:10.3390/children8080714	5	author:doi:10.3390/children8080714:5	person:orcid:0000-0002-6451-2713	Rachel O’Loughlin		A5016874302	Rachel O’Loughlin	0000-0002-6451-2713	AUTHOR_ORCID	ACCEPTED	
doi:10.3390/children8080714	6	author:doi:10.3390/children8080714:6	person:eqmember:17946	Nancy Devlin		A5103206776	Nancy Devlin	0000-0002-1561-5361	CANONICAL_ORCID	ACCEPTED	
doi:10.3390/children8080714	7	author:doi:10.3390/children8080714:7	person:orcid:0000-0003-3017-2770	Harriet Hiscock		A5065534878	Harriet Hiscock	0000-0003-3017-2770	AUTHOR_ORCID	ACCEPTED	
doi:10.3390/children8080714	8	author:doi:10.3390/children8080714:8	person:leader:50cca9cff5d9	Kim Dalziel		A5078953009	Kim Dalziel	0000-0003-4972-8871	CANONICAL_ORCID	ACCEPTED	
doi:10.3390/children8080714	9	author:doi:10.3390/children8080714:9	group:quokka-project-team	on behalf of the Quality Of Life in Kids: Key Evidence to Strengthen Decisions in Australia (QUOKKA) Project Team			on behalf of the Quality Of Life in Kids: Key Evidence to Strengthen Decisions in Australia (QUOKKA) Project Team		COLLECTIVE_AUTHOR	ACCEPTED	
doi:10.3390/children8080714	10	author:doi:10.3390/children8080714:10	person:author:doi:10.3390/children8080714:10	Wendy J Ungar					PUBLICATION_LOCAL	UNRESOLVED	no exact OpenAlex authorship match
doi:10.3390/children8100920	1	orcid:0000-0002-1148-4747	person:eqmember:17877	Janine Verstraete	0000-0002-1148-4747	A5006452129	Janine Verstraete	0000-0002-1148-4747	CANONICAL_ORCID	ACCEPTED	
doi:10.3390/children8100920	2	orcid:0000-0002-7597-6556	person:eqmember:17791	Andrew J. Lloyd	0000-0002-7597-6556	A5031114648	Andrew Lloyd	0000-0002-7597-6556	CANONICAL_ORCID	ACCEPTED	
doi:10.3390/children8100920	3	author:doi:10.3390/children8100920:3	person:eqmember:17881	Jennifer Jelsma		A5064611767	Jennifer Jelsma	0000-0003-4049-8395	CANONICAL_ORCID	ACCEPTED	
doi:10.3390/curroncol32060308	1	author:doi:10.3390/curroncol32060308:1	person:leader:bc605a168c15	Teresa C O Tsui		A5089652474	Teresa Tsui	0000-0002-9806-9393	CANONICAL_ORCID	ACCEPTED	
doi:10.3390/curroncol32060308	2	author:doi:10.3390/curroncol32060308:2	person:orcid:0000-0002-9264-7797	Rebecca E Mercer		A5035467493	Rebecca E. Mercer	0000-0002-9264-7797	AUTHOR_ORCID	ACCEPTED	
doi:10.3390/curroncol32060308	3	author:doi:10.3390/curroncol32060308:3	person:openalex:A5117715736	Elena J Zhou		A5117715736	Elena J. Zhou		AUTHOR_OPENALEX_ID	ACCEPTED	
doi:10.3390/curroncol32060308	4	author:doi:10.3390/curroncol32060308:4	person:orcid:0009-0003-3441-7795	Rahul K Desai			Rahul K. Desai	0009-0003-3441-7795	AUTHOR_ORCID	ACCEPTED	
doi:10.3390/curroncol32060308	5	author:doi:10.3390/curroncol32060308:5	person:orcid:0000-0001-5541-5930	Shreya Chatterjee		A5086268973	Shreya Chatterjee	0000-0001-5541-5930	AUTHOR_ORCID	ACCEPTED	
doi:10.3390/curroncol32060308	6	author:doi:10.3390/curroncol32060308:6	person:orcid:0009-0003-6953-6997	Curtis Y L Yeung			Curtis Y. L. Yeung	0009-0003-6953-6997	AUTHOR_ORCID	ACCEPTED	
doi:10.3390/curroncol32060308	7	author:doi:10.3390/curroncol32060308:7	person:eqmember:17835	Eleanor M Pullenayegum		A5029465719	Eleanor Pullenayegum	0000-0003-4265-1330	CANONICAL_ORCID	ACCEPTED	
doi:10.3390/curroncol32060308	8	author:doi:10.3390/curroncol32060308:8	person:orcid:0000-0002-2501-3057	Kelvin K W Chan		A5008282524	Kelvin Chan	0000-0002-2501-3057	AUTHOR_ORCID	ACCEPTED	
doi:10.3390/curroncol32110645	1	orcid:0000-0002-9806-9393	person:leader:bc605a168c15	Teresa C. O. Tsui	0000-0002-9806-9393	A5089652474	Teresa Tsui	0000-0002-9806-9393	CANONICAL_ORCID	ACCEPTED	
doi:10.3390/curroncol32110645	2	orcid:0000-0002-9264-7797	person:orcid:0000-0002-9264-7797	Rebecca E. Mercer	0000-0002-9264-7797	A5035467493	Rebecca E. Mercer	0000-0002-9264-7797	AUTHOR_ORCID	ACCEPTED	
doi:10.3390/curroncol32110645	3	orcid:0000-0003-4265-1330	person:eqmember:17835	Eleanor M. Pullenayegum	0000-0003-4265-1330	A5029465719	Eleanor Pullenayegum	0000-0003-4265-1330	CANONICAL_ORCID	ACCEPTED	
doi:10.3390/curroncol32110645	4	orcid:0000-0002-2501-3057	person:orcid:0000-0002-2501-3057	Kelvin K. W. Chan	0000-0002-2501-3057	A5008282524	Kelvin Chan	0000-0002-2501-3057	AUTHOR_ORCID	ACCEPTED	
doi:10.3390/ijerph19138208	1	orcid:0000-0003-4833-7967	person:orcid:0000-0003-4833-7967	Cristina Valcárcel-Nazco	0000-0003-4833-7967	A5067175379	Cristina Valcárcel‐Nazco	0000-0003-4833-7967	AUTHOR_ORCID	ACCEPTED	
doi:10.3390/ijerph19138208	2	author:doi:10.3390/ijerph19138208:2	person:orcid:0000-0002-1541-3989	Yolanda Ramallo-Fariña		A5066034131	Yolanda Ramallo‐Fariña	0000-0002-1541-3989	AUTHOR_ORCID	ACCEPTED	
doi:10.3390/ijerph19138208	3	orcid:0000-0002-0138-9252	person:orcid:0000-0002-0138-9252	Renata Linertová	0000-0002-0138-9252	A5004062547	Renata Linertová	0000-0002-0138-9252	AUTHOR_ORCID	ACCEPTED	
doi:10.3390/ijerph19138208	4	author:doi:10.3390/ijerph19138208:4	person:eqmember:17893	Juan Manuel Ramos-Goñi		A5047957689	Juan Manuel Ramos-Goñi	0000-0002-9568-5190	CANONICAL_ORCID	ACCEPTED	
doi:10.3390/ijerph19138208	5	orcid:0000-0002-5626-8116	person:orcid:0000-0002-5626-8116	Lidia García-Pérez	0000-0002-5626-8116	A5007295820	Lidia García‐Pérez	0000-0002-5626-8116	AUTHOR_ORCID	ACCEPTED	
doi:10.3390/ijerph19138208	6	author:doi:10.3390/ijerph19138208:6	person:orcid:0000-0002-5373-410x	Pedro Serrano-Aguilar		A5006980504	Pedro Serrano‐Aguilar	0000-0002-5373-410x	AUTHOR_ORCID	ACCEPTED	
doi:10.3390/nu16162591	1	orcid:0000-0002-8773-2786	person:orcid:0000-0002-8773-2786	Carolien Verheij	0000-0002-8773-2786	A5028001428	Carolien Verheij	0000-0002-8773-2786	AUTHOR_ORCID	ACCEPTED	
doi:10.3390/nu16162591	2	orcid:0009-0009-4958-1276	person:orcid:0009-0009-4958-1276	Nadja Alexandrov	0009-0009-4958-1276	A5094513930	Nadja Alexandrov	0009-0009-4958-1276	AUTHOR_ORCID	ACCEPTED	
doi:10.3390/nu16162591	3	author:doi:10.3390/nu16162591:3	person:eqmember:17839	Erica I. Lubetkin		A5037314317	Erica I. Lubetkin	0000-0001-9962-7775	CANONICAL_ORCID	ACCEPTED	
doi:10.3390/nu16162591	4	orcid:0000-0002-8364-1086	person:eqmember:17861	Gouke J. Bonsel	0000-0002-8364-1086	A5047977076	Gouke J. Bonsel	0000-0002-8364-1086	CANONICAL_ORCID	ACCEPTED	
doi:10.3390/nu16162591	5	orcid:0000-0003-0424-6887	person:eqmember:17889	John N. Yfantopoulos	0000-0003-0424-6887	A5050078092	John Yfantopoulos	0000-0003-0424-6887	CANONICAL_ORCID	ACCEPTED	
doi:10.3390/nu16162591	6	author:doi:10.3390/nu16162591:6	person:eqmember:19005	Mathieu F. Janssen		A5020933378	Mathieu F. Janssen	0000-0001-6602-6949	CANONICAL_ORCID	ACCEPTED	
doi:10.3390/nu16162591	7	orcid:0000-0003-1200-9961	person:orcid:0000-0003-1200-9961	Stephanie C. E. Schuit	0000-0003-1200-9961	A5052229575	Stephanie C. E. Schuit	0000-0003-1200-9961	AUTHOR_ORCID	ACCEPTED	
doi:10.3390/nu16162591	8	author:doi:10.3390/nu16162591:8	person:orcid:0000-0002-4331-3141	Suzanne Polinder			Suzanne Polinder		REVIEWED_AUTHORSHIP_MERGE	ACCEPTED	Exact full name and the same Erasmus MC public-health affiliation as the ORCID-identified author
doi:10.3390/nu16162591	9	author:doi:10.3390/nu16162591:9	person:orcid:0000-0002-4949-9303	Pleunie P. M. Rood		A5009664731	P.P.M. Rood	0000-0002-4949-9303	AUTHOR_ORCID	ACCEPTED	
doi:10.3390/nu16162591	10	orcid:0000-0002-2055-548x	person:eqmember:17895	Juanita A. Haagsma	0000-0002-2055-548x	A5060133399	Juanita A. Haagsma	0000-0002-2055-548x	CANONICAL_ORCID	ACCEPTED	
doi:10.3961/jpmph.22.151	1	orcid:0000-0001-9949-9224	person:orcid:0000-0001-9949-9224	Minsu Ock	0000-0001-9949-9224	A5066116202	Minsu Ock	0000-0001-9949-9224	AUTHOR_ORCID	ACCEPTED	
doi:10.3961/jpmph.22.151	2	orcid:0000-0001-7644-8088	person:orcid:0000-0001-7644-8088	Jeehee Pyo	0000-0001-7644-8088	A5056854306	Jeehee Pyo	0000-0001-7644-8088	AUTHOR_ORCID	ACCEPTED	
doi:10.3961/jpmph.22.151	3	orcid:0000-0002-4574-1318	person:eqmember:17940	Min-Woo Jo	0000-0002-4574-1318	A5015763173	Min‐Woo Jo	0000-0002-4574-1318	CANONICAL_ORCID	ACCEPTED	
doi:10.3961/jpmph.22.151	4	orcid:0000-0002-8189-5357	person:eqmember:17930	Michael Herdman	0000-0002-8189-5357	A5006750775	Michael Herdman	0000-0002-8189-5357	CANONICAL_ORCID	ACCEPTED	
doi:10.3961/jpmph.22.151	5	orcid:0000-0001-7980-6979	person:eqmember:17944	Nan Luo	0000-0001-7980-6979	A5064398143	Nan Luo	0000-0001-7980-6979	CANONICAL_ORCID	ACCEPTED	
doi:10.4314/ahs.v23i4.63	1	author:doi:10.4314/ahs.v23i4.63:1	person:eqmember:17877	Janine Verstraete					CANONICAL_NAME_AND_AFFILIATION	ACCEPTED	
doi:10.4314/ahs.v23i4.63	2	author:doi:10.4314/ahs.v23i4.63:2	person:author:doi:10.4314/ahs.v23i4.63:2	Razia Amien					PUBLICATION_LOCAL	UNRESOLVED	no exact OpenAlex authorship match
doi:10.5492/wjccm.v11.i4.236	1	author:doi:10.5492/wjccm.v11.i4.236:1	person:leader:ef46534448d4	Vincent Issac Lau		A5022213392	Vincent Lau	0000-0002-9939-7348	CANONICAL_ORCID	ACCEPTED	
doi:10.5492/wjccm.v11.i4.236	2	author:doi:10.5492/wjccm.v11.i4.236:2	person:eqmember:17879	Jeffrey A Johnson		A5067514299	Jeffrey Johnson	0000-0001-8290-2857	CANONICAL_NAME_AND_AFFILIATION	ACCEPTED	
doi:10.5492/wjccm.v11.i4.236	3	author:doi:10.5492/wjccm.v11.i4.236:3	person:orcid:0000-0003-3633-6596	Sean M Bagshaw		A5036301763	Sean M. Bagshaw	0000-0003-3633-6596	AUTHOR_ORCID	ACCEPTED	
doi:10.5492/wjccm.v11.i4.236	4	author:doi:10.5492/wjccm.v11.i4.236:4	person:orcid:0000-0003-3571-3871	Oleksa G Rewa		A5035704791	Oleksa Rewa	0000-0003-3571-3871	AUTHOR_ORCID	ACCEPTED	
doi:10.5492/wjccm.v11.i4.236	5	author:doi:10.5492/wjccm.v11.i4.236:5	person:orcid:0000-0001-9749-1747	John Basmaji		A5007375599	John Basmaji	0000-0001-9749-1747	AUTHOR_ORCID	ACCEPTED	
doi:10.5492/wjccm.v11.i4.236	6	author:doi:10.5492/wjccm.v11.i4.236:6	person:orcid:0000-0001-6610-3369	Kimberley A Lewis		A5109576149	Kimberley Lewis	0000-0001-6610-3369	AUTHOR_ORCID	ACCEPTED	
doi:10.5492/wjccm.v11.i4.236	7	author:doi:10.5492/wjccm.v11.i4.236:7	person:orcid:0000-0003-0331-5182	M Elizabeth Wilcox		A5082185641	M. Elizabeth Wilcox	0000-0003-0331-5182	AUTHOR_ORCID	ACCEPTED	
doi:10.5492/wjccm.v11.i4.236	8	author:doi:10.5492/wjccm.v11.i4.236:8	person:orcid:0000-0001-7147-2222	Kali Barrett		A5016809145	Kali Barrett	0000-0001-7147-2222	AUTHOR_ORCID	ACCEPTED	
doi:10.5492/wjccm.v11.i4.236	9	author:doi:10.5492/wjccm.v11.i4.236:9	person:orcid:0000-0002-0360-3427	Francois Lamontagne		A5037956429	François Lamontagne	0000-0002-0360-3427	AUTHOR_ORCID	ACCEPTED	
doi:10.5492/wjccm.v11.i4.236	10	author:doi:10.5492/wjccm.v11.i4.236:10	person:orcid:0000-0002-6530-5513	Francois Lauzier		A5011601803	François Lauzier	0000-0002-6530-5513	AUTHOR_ORCID	ACCEPTED	
doi:10.5492/wjccm.v11.i4.236	11	author:doi:10.5492/wjccm.v11.i4.236:11	person:orcid:0000-0002-6213-5264	Niall D Ferguson		A5005422010	Niall D. Ferguson	0000-0002-6213-5264	AUTHOR_ORCID	ACCEPTED	
doi:10.5492/wjccm.v11.i4.236	12	author:doi:10.5492/wjccm.v11.i4.236:12	person:orcid:0000-0002-2874-8948	Simon J W Oczkowski		A5088664027	Simon Oczkowski	0000-0002-2874-8948	AUTHOR_ORCID	ACCEPTED	
doi:10.5492/wjccm.v11.i4.236	13	author:doi:10.5492/wjccm.v11.i4.236:13	person:orcid:0000-0002-7299-6594	Kirsten M Fiest		A5048091736	Kirsten M. Fiest	0000-0002-7299-6594	AUTHOR_ORCID	ACCEPTED	
doi:10.5492/wjccm.v11.i4.236	14	author:doi:10.5492/wjccm.v11.i4.236:14	person:orcid:0000-0002-9527-0577	Daniel J Niven		A5016206619	Daniel J. Niven	0000-0002-9527-0577	AUTHOR_ORCID	ACCEPTED	
doi:10.5492/wjccm.v11.i4.236	15	author:doi:10.5492/wjccm.v11.i4.236:15	person:orcid:0000-0003-1231-1490	Henry T Stelfox		A5046035017	Henry T. Stelfox	0000-0003-1231-1490	AUTHOR_ORCID	ACCEPTED	
doi:10.5492/wjccm.v11.i4.236	16	author:doi:10.5492/wjccm.v11.i4.236:16	person:orcid:0000-0001-8076-9626	Waleed Alhazzani		A5020157030	Waleed Alhazzani	0000-0001-8076-9626	AUTHOR_ORCID	ACCEPTED	
doi:10.5492/wjccm.v11.i4.236	17	author:doi:10.5492/wjccm.v11.i4.236:17	person:orcid:0000-0002-2903-1631	Margaret Herridge		A5052266669	Margaret S. Herridge	0000-0002-2903-1631	AUTHOR_ORCID	ACCEPTED	
doi:10.5492/wjccm.v11.i4.236	18	author:doi:10.5492/wjccm.v11.i4.236:18	person:orcid:0000-0002-1002-2989	Robert Fowler		A5101640408	Robert Fowler	0000-0002-1002-2989	AUTHOR_ORCID	ACCEPTED	
doi:10.5492/wjccm.v11.i4.236	19	author:doi:10.5492/wjccm.v11.i4.236:19	person:author:doi:10.5492/wjccm.v11.i4.236:19	Deborah J Cook			Deborah J Cook		PUBLICATION_LOCAL	UNRESOLVED	
doi:10.5492/wjccm.v11.i4.236	20	author:doi:10.5492/wjccm.v11.i4.236:20	person:orcid:0000-0002-8293-7061	Bram Rochwerg		A5048385516	Bram Rochwerg	0000-0002-8293-7061	AUTHOR_ORCID	ACCEPTED	
doi:10.5492/wjccm.v11.i4.236	21	author:doi:10.5492/wjccm.v11.i4.236:21	person:eqmember:17851	Feng Xie		A5102994482	Feng Xie	0000-0003-3454-6266	CANONICAL_ORCID	ACCEPTED	
doi:10.1002/hec.4863	1	author:doi:10.1002/hec.4863:1	person:eqmember:17815	Chris Sampson	0000-0001-9470-2369	A5002636040	Chris Sampson	0000-0001-9470-2369	EXTERNAL_IDENTIFIER	ACCEPTED	
doi:10.1002/hec.4863	2	author:doi:10.1002/hec.4863:2	person:eqmember:17823	David Parkin	0000-0002-9990-8208	A5081956728	David Parkin	0000-0002-9990-8208	EXTERNAL_IDENTIFIER	ACCEPTED	
doi:10.1002/hec.4863	3	author:doi:10.1002/hec.4863:3	person:eqmember:17946	Nancy Devlin	0000-0002-1561-5361	A5103206776	Nancy Devlin	0000-0002-1561-5361	EXTERNAL_IDENTIFIER	ACCEPTED	
doi:10.1007/s10198-021-01412-y	1	author:doi:10.1007/s10198-021-01412-y:1	person:eqmember:17787	Abraham G. Welie	0000-0003-4661-7287	A5061701004	Abraham Gebregziabiher Welie	0000-0003-4661-7287	EXTERNAL_IDENTIFIER	ACCEPTED	
doi:10.1007/s10198-021-01412-y	2	author:doi:10.1007/s10198-021-01412-y:2	person:eqmember:17837	Elly Stolk	0000-0001-5968-0416	A5033903811	Elly Stolk	0000-0001-5968-0416	EXTERNAL_IDENTIFIER	ACCEPTED	
doi:10.1007/s10198-021-01412-y	3	author:doi:10.1007/s10198-021-01412-y:3	person:eqmember:17819	Clara Mukuria	0000-0003-4318-1481	A5043083823	Clara Mukuria	0000-0003-4318-1481	EXTERNAL_IDENTIFIER	ACCEPTED	
doi:10.1007/s10198-021-01412-y	4	author:doi:10.1007/s10198-021-01412-y:4	person:leader:d9674d98607b	Yared Belete Belay	0000-0001-5473-3857	A5086002810	Yared Belete Belay	0000-0001-5473-3857	EXTERNAL_IDENTIFIER	ACCEPTED	
doi:10.1007/s10198-021-01412-y	5	author:doi:10.1007/s10198-021-01412-y:5	person:openalex:A5008794902	Murray D. Krahn	0000-0001-5836-397x	A5008794902	Murray Krahn	0000-0001-5836-397x	NEW_EXTERNAL_IDENTITY	ACCEPTED	
doi:10.1007/s10198-021-01412-y	6	author:doi:10.1007/s10198-021-01412-y:6	person:openalex:A5032844648	Beate Sander	0000-0003-2128-9133	A5032844648	Beate Sander	0000-0003-2128-9133	NEW_EXTERNAL_IDENTITY	ACCEPTED	
doi:10.1007/s10198-021-01412-y	7	author:doi:10.1007/s10198-021-01412-y:7	person:orcid:0000-0002-2485-505x	Gebremedhin Beedemariam Gebretekle	0000-0002-2485-505x	A5040701844	Gebremedhin Beedemariam Gebretekle	0000-0002-2485-505x	EXTERNAL_IDENTIFIER	ACCEPTED	
doi:10.1007/s10198-023-01647-x	1	author:doi:10.1007/s10198-023-01647-x:1	person:eqmember:18019	Zhihao Yang	0000-0001-5468-0847	A5028809099	Zhihao Yang	0000-0001-5468-0847	EXTERNAL_IDENTIFIER	ACCEPTED	
doi:10.1007/s10198-023-01647-x	2	author:doi:10.1007/s10198-023-01647-x:2	person:eqmember:17897	Kim Rand			Kim Rand		EXACT_CANONICAL_NAME	ACCEPTED	
doi:10.1007/s10198-023-01647-x	3	author:doi:10.1007/s10198-023-01647-x:3	person:eqmember:17837	Elly Stolk	0000-0001-5968-0416	A5033903811	Elly Stolk	0000-0001-5968-0416	EXTERNAL_IDENTIFIER	ACCEPTED	
doi:10.1007/s10198-023-01647-x	4	author:doi:10.1007/s10198-023-01647-x:4	person:eqmember:17875	Jan Busschbach	0000-0002-8602-0381	A5020122364	Jan J.V. Busschbach	0000-0002-8602-0381	EXTERNAL_IDENTIFIER	ACCEPTED	
doi:10.1007/s10198-023-01647-x	5	author:doi:10.1007/s10198-023-01647-x:5	person:eqmember:17944	Nan Luo	0000-0001-7980-6979	A5064398143	Nan Luo	0000-0001-7980-6979	EXTERNAL_IDENTIFIER	ACCEPTED	
doi:10.1007/s10198-024-01669-z	1	author:doi:10.1007/s10198-024-01669-z:1	person:leader:73598c4735dd	Wenjing Zhou	0000-0003-0770-4564	A5080372262	Wenjing Zhou	0000-0003-0770-4564	EXTERNAL_IDENTIFIER	ACCEPTED	
doi:10.1007/s10198-024-01669-z	2	author:doi:10.1007/s10198-024-01669-z:2	person:openalex:A5078510482	Anle Shen		A5078510482	Anle Shen		EXTERNAL_IDENTIFIER	ACCEPTED	
doi:10.1007/s10198-024-01669-z	3	author:doi:10.1007/s10198-024-01669-z:3	person:eqmember:18019	Zhihao Yang	0000-0001-5468-0847	A5028809099	Zhihao Yang	0000-0001-5468-0847	EXTERNAL_IDENTIFIER	ACCEPTED	
doi:10.1007/s10198-024-01669-z	4	author:doi:10.1007/s10198-024-01669-z:4	person:leader:fa3dd095d626	Pei Wang	0000-0003-3661-3944	A5100462659	Pei Wang	0000-0003-3661-3944	EXTERNAL_IDENTIFIER	ACCEPTED	
doi:10.1007/s10198-024-01669-z	5	author:doi:10.1007/s10198-024-01669-z:5	person:orcid:0000-0002-8314-8259	Bin Wu	0000-0002-8314-8259	A5103219361	Bin Wu	0000-0002-8314-8259	EXTERNAL_IDENTIFIER	ACCEPTED	
doi:10.1007/s10198-024-01669-z	6	author:doi:10.1007/s10198-024-01669-z:6	person:eqmember:17930	Michael Herdman	0000-0002-8189-5357	A5006750775	Michael Herdman	0000-0002-8189-5357	EXTERNAL_IDENTIFIER	ACCEPTED	
doi:10.1007/s10198-024-01669-z	7	author:doi:10.1007/s10198-024-01669-z:7	person:eqmember:17875	Jan Busschbach	0000-0002-8602-0381	A5020122364	Jan J.V. Busschbach	0000-0002-8602-0381	EXTERNAL_IDENTIFIER	ACCEPTED	
doi:10.1007/s10198-024-01669-z	8	author:doi:10.1007/s10198-024-01669-z:8	person:eqmember:17944	Nan Luo	0000-0001-7980-6979	A5064398143	Nan Luo	0000-0001-7980-6979	EXTERNAL_IDENTIFIER	ACCEPTED	
doi:10.1007/s10198-025-01892-2	1	author:doi:10.1007/s10198-025-01892-2:1	person:eqmember:17805	Bram Roudijk	0000-0001-5000-0875	A5028508726	Bram Roudijk	0000-0001-5000-0875	EXTERNAL_IDENTIFIER	ACCEPTED	
doi:10.1007/s10198-025-01892-2	2	author:doi:10.1007/s10198-025-01892-2:2	person:eqmember:17920	Marcel F. Jonker	0000-0001-8433-1402	A5063358434	Marcel F. Jonker	0000-0001-8433-1402	EXTERNAL_IDENTIFIER	ACCEPTED	
doi:10.1007/s10614-024-10637-x	1	author:doi:10.1007/s10614-024-10637-x:1	person:leader:6fe4e81455db	Maksat Jumamyradov	0009-0008-0180-7224	A5067862987	Maksat Jumamyradov	0009-0008-0180-7224	EXTERNAL_IDENTIFIER	ACCEPTED	
doi:10.1007/s10614-024-10637-x	2	author:doi:10.1007/s10614-024-10637-x:2	person:eqmember:19813	Benjamin M. Craig	0000-0003-1121-1316	A5029949490	Benjamin M. Craig	0000-0003-1121-1316	EXTERNAL_IDENTIFIER	ACCEPTED	
doi:10.1007/s10614-024-10637-x	3	author:doi:10.1007/s10614-024-10637-x:3	person:openalex:A5025774387	William H. Greene		A5025774387	William H. Greene		NEW_EXTERNAL_IDENTITY	ACCEPTED	
doi:10.1007/s10614-024-10637-x	4	author:doi:10.1007/s10614-024-10637-x:4	person:openalex:A5063084519	Murat Munkin	0000-0001-8929-3572	A5063084519	Murat K. Munkin	0000-0001-8929-3572	NEW_EXTERNAL_IDENTITY	ACCEPTED	
doi:10.1007/s11136-014-0897-z	1	author:doi:10.1007/s11136-014-0897-z:1	person:eqmember:19813	Craig BM	0000-0003-1121-1316	A5029949490	Benjamin M. Craig	0000-0003-1121-1316	EXTERNAL_IDENTIFIER	ACCEPTED	
doi:10.1007/s11136-014-0897-z	2	author:doi:10.1007/s11136-014-0897-z:2	person:eqmember:17988	Pickard AS	0000-0001-5645-7091	A5058888906	A. Simon Pickard	0000-0001-5645-7091	EXTERNAL_IDENTIFIER	ACCEPTED	
doi:10.1007/s11136-014-0897-z	3	author:doi:10.1007/s11136-014-0897-z:3	person:eqmember:17897	Rand-Hendriksen K	0000-0001-7692-4099	A5041551368	Kim Rand	0000-0001-7692-4099	EXTERNAL_IDENTIFIER	ACCEPTED	
doi:10.1007/s11136-024-03669-1	1	author:doi:10.1007/s11136-024-03669-1:1	person:leader:8873fe2331bf	Yifan Ding	0009-0006-8112-628x	A5076822287	Yifan Ding	0009-0006-8112-628x	EXTERNAL_IDENTIFIER	ACCEPTED	
doi:10.1007/s11136-024-03669-1	2	author:doi:10.1007/s11136-024-03669-1:2	person:eqmember:18021	Zhuxin Mao	0000-0002-7444-1584	A5002022038	Zhuxin Mao	0000-0002-7444-1584	EXTERNAL_IDENTIFIER	ACCEPTED	
doi:10.1007/s11136-024-03669-1	3	author:doi:10.1007/s11136-024-03669-1:3	person:eqmember:17944	Nan Luo	0000-0001-7980-6979	A5064398143	Nan Luo	0000-0001-7980-6979	EXTERNAL_IDENTIFIER	ACCEPTED	
doi:10.1007/s11136-024-03669-1	4	author:doi:10.1007/s11136-024-03669-1:4	person:eqmember:18019	Zhihao Yang	0000-0001-5468-0847	A5028809099	Zhihao Yang	0000-0001-5468-0847	EXTERNAL_IDENTIFIER	ACCEPTED	
doi:10.1007/s11136-024-03669-1	5	author:doi:10.1007/s11136-024-03669-1:5	person:eqmember:17875	Jan Busschbach	0000-0002-8602-0381	A5020122364	Jan J.V. Busschbach	0000-0002-8602-0381	EXTERNAL_IDENTIFIER	ACCEPTED	
doi:10.1007/s40273-024-01379-7	1	author:doi:10.1007/s40273-024-01379-7:1	person:eqmember:19032	Mina Bahrampour	0000-0002-6915-1865	A5068470091	Mina Bahrampour	0000-0002-6915-1865	EXTERNAL_IDENTIFIER	ACCEPTED	
doi:10.1007/s40273-024-01379-7	2	author:doi:10.1007/s40273-024-01379-7:2	person:eqmember:17946	Nancy Devlin	0000-0002-1561-5361	A5103206776	Nancy Devlin	0000-0002-1561-5361	EXTERNAL_IDENTIFIER	ACCEPTED	
doi:10.1007/s40273-024-01379-7	3	author:doi:10.1007/s40273-024-01379-7:3	person:orcid:0000-0002-5332-5226	Renee Jones	0000-0002-5332-5226	A5066738880	Renee Jones	0000-0002-5332-5226	EXTERNAL_IDENTIFIER	ACCEPTED	
doi:10.1007/s40273-024-01379-7	4	author:doi:10.1007/s40273-024-01379-7:4	person:leader:50cca9cff5d9	Kim Dalziel	0000-0003-4972-8871	A5078953009	Kim Dalziel	0000-0003-4972-8871	EXTERNAL_IDENTIFIER	ACCEPTED	
doi:10.1007/s40273-024-01379-7	5	author:doi:10.1007/s40273-024-01379-7:5	person:eqmember:17807	Brendan Mulhern	0000-0003-3656-8063	A5090013218	Brendan Mulhern	0000-0003-3656-8063	EXTERNAL_IDENTIFIER	ACCEPTED	
doi:10.1007/s40273-024-01379-7	6	author:doi:10.1007/s40273-024-01379-7:6	group:quokka-project-team	On behalf of the QUOKKA (Quality of Life in Kids: Key Evidence for Decision Makers in Australia) Team			On behalf of the QUOKKA (Quality of Life in Kids: Key Evidence for Decision Makers in Australia) Team		EXACT_CANONICAL_NAME	ACCEPTED	
doi:10.1007/s40273-024-01382-y	1	author:doi:10.1007/s40273-024-01382-y:1	person:eqmember:19032	Mina Bahrampour	0000-0002-6915-1865	A5068470091	Mina Bahrampour	0000-0002-6915-1865	EXTERNAL_IDENTIFIER	ACCEPTED	
doi:10.1007/s40273-024-01382-y	2	author:doi:10.1007/s40273-024-01382-y:2	person:orcid:0000-0002-5332-5226	Renee Jones	0000-0002-5332-5226	A5066738880	Renee Jones	0000-0002-5332-5226	EXTERNAL_IDENTIFIER	ACCEPTED	
doi:10.1007/s40273-024-01382-y	3	author:doi:10.1007/s40273-024-01382-y:3	person:leader:50cca9cff5d9	Kim Dalziel	0000-0003-4972-8871	A5078953009	Kim Dalziel	0000-0003-4972-8871	EXTERNAL_IDENTIFIER	ACCEPTED	
doi:10.1007/s40273-024-01382-y	4	author:doi:10.1007/s40273-024-01382-y:4	person:eqmember:17946	Nancy Devlin	0000-0002-1561-5361	A5103206776	Nancy Devlin	0000-0002-1561-5361	EXTERNAL_IDENTIFIER	ACCEPTED	
doi:10.1007/s40273-024-01382-y	5	author:doi:10.1007/s40273-024-01382-y:5	person:eqmember:17807	Brendan Mulhern	0000-0003-3656-8063	A5090013218	Brendan Mulhern	0000-0003-3656-8063	EXTERNAL_IDENTIFIER	ACCEPTED	
doi:10.1007/s40273-024-01382-y	6	author:doi:10.1007/s40273-024-01382-y:6	group:quokka-project-team	the QUOKKA (Quality of Life in Kids: Key Evidence for Decision Makers in Australia) Team			the QUOKKA (Quality of Life in Kids: Key Evidence for Decision Makers in Australia) Team		EXACT_CANONICAL_NAME	ACCEPTED	
doi:10.1016/j.burns.2020.08.015	1	author:doi:10.1016/j.burns.2020.08.015:1	person:orcid:0000-0001-9571-576x	I. Spronk	0000-0001-9571-576x	A5048316196	Inge Spronk	0000-0001-9571-576x	EXTERNAL_IDENTIFIER	ACCEPTED	
doi:10.1016/j.burns.2020.08.015	2	author:doi:10.1016/j.burns.2020.08.015:2	person:eqmember:17861	G.J. Bonsel	0000-0002-8364-1086	A5047977076	Gouke J. Bonsel	0000-0002-8364-1086	EXTERNAL_IDENTIFIER	ACCEPTED	
doi:10.1016/j.burns.2020.08.015	3	author:doi:10.1016/j.burns.2020.08.015:3	person:orcid:0000-0002-4331-3141	S. Polinder	0000-0002-4331-3141	A5068551112	Suzanne Polinder	0000-0002-4331-3141	EXTERNAL_IDENTIFIER	ACCEPTED	
doi:10.1016/j.burns.2020.08.015	4	author:doi:10.1016/j.burns.2020.08.015:4	person:orcid:0000-0001-5823-7375	M.E. van Baar	0000-0001-5823-7375	A5003131836	Margriet E. van Baar	0000-0001-5823-7375	EXTERNAL_IDENTIFIER	ACCEPTED	
doi:10.1016/j.burns.2020.08.015	5	author:doi:10.1016/j.burns.2020.08.015:5	person:eqmember:19005	M.F. Janssen	0000-0001-6602-6949	A5020933378	Mathieu F. Janssen	0000-0001-6602-6949	EXTERNAL_IDENTIFIER	ACCEPTED	
doi:10.1016/j.burns.2020.08.015	6	author:doi:10.1016/j.burns.2020.08.015:6	person:eqmember:17895	J.A. Haagsma	0000-0002-2055-548x	A5060133399	Juanita A. Haagsma	0000-0002-2055-548x	EXTERNAL_IDENTIFIER	ACCEPTED	
doi:10.1016/j.jocm.2024.100494	1	author:doi:10.1016/j.jocm.2024.100494:1	person:eqmember:17920	Marcel F. Jonker	0000-0001-8433-1402	A5063358434	Marcel F. Jonker	0000-0001-8433-1402	EXTERNAL_IDENTIFIER	ACCEPTED	
doi:10.1016/j.jval.2014.11.005	1	author:doi:10.1016/j.jval.2014.11.005:1	person:eqmember:19813	Craig BM	0000-0003-1121-1316	A5029949490	Benjamin M. Craig	0000-0003-1121-1316	EXTERNAL_IDENTIFIER	ACCEPTED	
doi:10.1016/j.jval.2014.11.005	2	author:doi:10.1016/j.jval.2014.11.005:2	person:openalex:A5000298893	Runge SK		A5000298893	Shannon K. Runge	0000-0003-4587-3000	NEW_EXTERNAL_IDENTITY	ACCEPTED	
doi:10.1016/j.jval.2014.11.005	3	author:doi:10.1016/j.jval.2014.11.005:3	person:eqmember:17897	Rand-Hendriksen K	0000-0001-7692-4099	A5041551368	Kim Rand	0000-0001-7692-4099	EXTERNAL_IDENTIFIER	ACCEPTED	
doi:10.1016/j.jval.2014.11.005	4	author:doi:10.1016/j.jval.2014.11.005:4	person:eqmember:17893	Ramos-Goñi JM		A5047957689	Juan Manuel Ramos-Goñi	0000-0002-9568-5190	EXTERNAL_IDENTIFIER	ACCEPTED	
doi:10.1016/j.jval.2014.11.005	5	author:doi:10.1016/j.jval.2014.11.005:5	person:eqmember:17924	Oppe M		A5023709885	Mark Oppe	0000-0003-4286-8855	EXTERNAL_IDENTIFIER	ACCEPTED	
doi:10.1016/j.jval.2018.05.002	1	author:doi:10.1016/j.jval.2018.05.002:1	person:orcid:0000-0002-4832-7833	Simone Kreimeier	0000-0002-4832-7833	A5033965888	Simone Kreimeier	0000-0002-4832-7833	EXTERNAL_IDENTIFIER	ACCEPTED	
doi:10.1016/j.jval.2018.05.002	2	author:doi:10.1016/j.jval.2018.05.002:2	person:eqmember:17924	Mark Oppe	0000-0003-4286-8855	A5023709885	Mark Oppe	0000-0003-4286-8855	EXTERNAL_IDENTIFIER	ACCEPTED	
doi:10.1016/j.jval.2018.05.002	3	author:doi:10.1016/j.jval.2018.05.002:3	person:eqmember:17893	Juan Manuel Ramos-Goñi	0000-0002-9568-5190	A5047957689	Juan Manuel Ramos-Goñi	0000-0002-9568-5190	EXTERNAL_IDENTIFIER	ACCEPTED	
doi:10.1016/j.jval.2018.05.002	4	author:doi:10.1016/j.jval.2018.05.002:4	person:openalex:A5037261695	Amanda Cole	0000-0001-6179-7752	A5037261695	Amanda Cole	0000-0001-6179-7752	NEW_EXTERNAL_IDENTITY	ACCEPTED	
doi:10.1016/j.jval.2018.05.002	5	author:doi:10.1016/j.jval.2018.05.002:5	person:eqmember:17946	Nancy Devlin	0000-0002-1561-5361	A5103206776	Nancy Devlin	0000-0002-1561-5361	EXTERNAL_IDENTIFIER	ACCEPTED	
doi:10.1016/j.jval.2018.05.002	6	author:doi:10.1016/j.jval.2018.05.002:6	person:eqmember:17930	Michael Herdman	0000-0002-8189-5357	A5006750775	Michael Herdman	0000-0002-8189-5357	EXTERNAL_IDENTIFIER	ACCEPTED	
doi:10.1016/j.jval.2018.05.002	7	author:doi:10.1016/j.jval.2018.05.002:7	person:eqmember:17807	Brendan Mulhern	0000-0003-3656-8063	A5090013218	Brendan Mulhern	0000-0003-3656-8063	EXTERNAL_IDENTIFIER	ACCEPTED	
doi:10.1016/j.jval.2018.05.002	8	author:doi:10.1016/j.jval.2018.05.002:8	person:eqmember:17901	Koonal Shah	0000-0002-4927-7858	A5083575745	Koonal Shah	0000-0002-4927-7858	EXTERNAL_IDENTIFIER	ACCEPTED	
doi:10.1016/j.jval.2018.05.002	9	author:doi:10.1016/j.jval.2018.05.002:9	person:eqmember:17837	Elly Stolk	0000-0001-5968-0416	A5033903811	Elly Stolk	0000-0001-5968-0416	EXTERNAL_IDENTIFIER	ACCEPTED	
doi:10.1016/j.jval.2018.05.002	10	author:doi:10.1016/j.jval.2018.05.002:10	person:eqmember:17960	Oliver Rivero‐Arias	0000-0003-2233-6544	A5014510851	Oliver Rivero‐Arias	0000-0003-2233-6544	EXTERNAL_IDENTIFIER	ACCEPTED	
doi:10.1016/j.jval.2018.05.002	11	author:doi:10.1016/j.jval.2018.05.002:11	person:eqmember:18010	Wolfgang Greiner	0000-0001-9552-6969	A5001823062	Wolfgang Greiner	0000-0001-9552-6969	EXTERNAL_IDENTIFIER	ACCEPTED	
doi:10.1016/j.jval.2019.02.006	1	author:doi:10.1016/j.jval.2019.02.006:1	person:eqmember:18018	You-Shan Feng	0000-0003-1509-3409	A5091571513	You‐Shan Feng	0000-0003-1509-3409	EXTERNAL_IDENTIFIER	ACCEPTED	
doi:10.1016/j.jval.2019.02.006	2	author:doi:10.1016/j.jval.2019.02.006:2	person:eqmember:17980	Ruixuan Jiang	0000-0003-1737-2989	A5049026946	Ruixuan Jiang	0000-0003-1737-2989	EXTERNAL_IDENTIFIER	ACCEPTED	
doi:10.1016/j.jval.2019.02.006	3	author:doi:10.1016/j.jval.2019.02.006:3	person:eqmember:18000	Thomas Kohlmann	0000-0002-5956-8309	A5031953969	Thomas Kohlmann	0000-0002-5956-8309	EXTERNAL_IDENTIFIER	ACCEPTED	
doi:10.1016/j.jval.2019.02.006	4	author:doi:10.1016/j.jval.2019.02.006:4	person:eqmember:17988	A. Simon Pickard	0000-0001-5645-7091	A5058888906	A. Simon Pickard	0000-0001-5645-7091	EXTERNAL_IDENTIFIER	ACCEPTED	
doi:10.1016/j.jval.2019.06.008	1	author:doi:10.1016/j.jval.2019.06.008:1	person:eqmember:18019	Zhihao Yang	0000-0001-5468-0847	A5028809099	Zhihao Yang	0000-0001-5468-0847	EXTERNAL_IDENTIFIER	ACCEPTED	
doi:10.1016/j.jval.2019.06.008	2	author:doi:10.1016/j.jval.2019.06.008:2	person:eqmember:17944	Nan Luo	0000-0001-7980-6979	A5064398143	Nan Luo	0000-0001-7980-6979	EXTERNAL_IDENTIFIER	ACCEPTED	
doi:10.1016/j.jval.2019.06.008	3	author:doi:10.1016/j.jval.2019.06.008:3	person:eqmember:17924	Mark Oppe	0000-0003-4286-8855	A5023709885	Mark Oppe	0000-0003-4286-8855	EXTERNAL_IDENTIFIER	ACCEPTED	
doi:10.1016/j.jval.2019.06.008	4	author:doi:10.1016/j.jval.2019.06.008:4	person:eqmember:17861	Gouke Bonsel	0000-0002-8364-1086	A5047977076	Gouke J. Bonsel	0000-0002-8364-1086	EXTERNAL_IDENTIFIER	ACCEPTED	
doi:10.1016/j.jval.2019.06.008	5	author:doi:10.1016/j.jval.2019.06.008:5	person:eqmember:17875	Jan Busschbach	0000-0002-8602-0381	A5020122364	Jan J.V. Busschbach	0000-0002-8602-0381	EXTERNAL_IDENTIFIER	ACCEPTED	
doi:10.1016/j.jval.2019.06.008	6	author:doi:10.1016/j.jval.2019.06.008:6	person:eqmember:17837	Elly Stolk	0000-0001-5968-0416	A5033903811	Elly Stolk	0000-0001-5968-0416	EXTERNAL_IDENTIFIER	ACCEPTED	
doi:10.1016/j.jval.2019.10.006	1	author:doi:10.1016/j.jval.2019.10.006:1	person:eqmember:17805	Bram Roudijk	0000-0001-5000-0875	A5028508726	Bram Roudijk	0000-0001-5000-0875	EXTERNAL_IDENTIFIER	ACCEPTED	
doi:10.1016/j.jval.2019.10.006	2	author:doi:10.1016/j.jval.2019.10.006:2	person:openalex:A5088417854	A. Rogier T. Donders		A5088417854	A. Rogier T. Donders		EXTERNAL_IDENTIFIER	ACCEPTED	
doi:10.1016/j.jval.2019.10.006	3	author:doi:10.1016/j.jval.2019.10.006:3	person:eqmember:17968	Peep F.M. Stalmeier	0000-0002-7553-562x	A5013523692	Peep F. M. Stalmeier	0000-0002-7553-562x	EXTERNAL_IDENTIFIER	ACCEPTED	
doi:10.1016/j.jval.2020.03.019	1	author:doi:10.1016/j.jval.2020.03.019:1	person:eqmember:17845	Fanni Rencz	0000-0001-9674-620x	A5024021740	Fanni Rencz	0000-0001-9674-620x	EXTERNAL_IDENTIFIER	ACCEPTED	
doi:10.1016/j.jval.2020.03.019	2	author:doi:10.1016/j.jval.2020.03.019:2	person:orcid:0000-0002-6095-2295	Valentin Brodszky	0000-0002-6095-2295	A5034446187	Valentin Brodszky	0000-0002-6095-2295	EXTERNAL_IDENTIFIER	ACCEPTED	
doi:10.1016/j.jval.2020.03.019	3	author:doi:10.1016/j.jval.2020.03.019:3	person:openalex:A5086557976	László Gulácsi	0000-0002-9285-8746	A5086557976	László Gulàcsi	0000-0002-9285-8746	NEW_EXTERNAL_IDENTITY	ACCEPTED	
doi:10.1016/j.jval.2020.03.019	4	author:doi:10.1016/j.jval.2020.03.019:4	person:eqmember:17831	Dominik Golicki	0000-0001-7741-4760	A5035126117	Dominik Golicki	0000-0001-7741-4760	EXTERNAL_IDENTIFIER	ACCEPTED	
doi:10.1016/j.jval.2020.03.019	5	author:doi:10.1016/j.jval.2020.03.019:5	person:openalex:A5026503701	Gábor Ruzsa	0000-0002-6817-6454	A5026503701	G Ruzsa	0000-0002-6817-6454	NEW_EXTERNAL_IDENTITY	ACCEPTED	
doi:10.1016/j.jval.2020.03.019	6	author:doi:10.1016/j.jval.2020.03.019:6	person:eqmember:17988	A. Simon Pickard	0000-0001-5645-7091	A5058888906	A. Simon Pickard	0000-0001-5645-7091	EXTERNAL_IDENTIFIER	ACCEPTED	
doi:10.1016/j.jval.2020.03.019	7	author:doi:10.1016/j.jval.2020.03.019:7	person:eqmember:17841	Ernest H. Law	0000-0002-6111-8008	A5040405517	Ernest H. Law	0000-0002-6111-8008	EXTERNAL_IDENTIFIER	ACCEPTED	
doi:10.1016/j.jval.2020.03.019	8	author:doi:10.1016/j.jval.2020.03.019:8	person:eqmember:19179	Márta Péntek	0000-0001-9636-6012	A5064557440	Márta Péntek	0000-0001-9636-6012	EXTERNAL_IDENTIFIER	ACCEPTED	
doi:10.1016/j.jval.2020.05.004	1	author:doi:10.1016/j.jval.2020.05.004:1	person:eqmember:17849	Federico Augustovski	0000-0002-2914-5022	A5053077563	Federico Augustovski	0000-0002-2914-5022	EXTERNAL_IDENTIFIER	ACCEPTED	
doi:10.1016/j.jval.2020.05.004	2	author:doi:10.1016/j.jval.2020.05.004:2	person:leader:320b99af03c2	María Belizán	0000-0002-8739-5249	A5058351382	María Belizán	0000-0002-8739-5249	EXTERNAL_IDENTIFIER	ACCEPTED	
doi:10.1016/j.jval.2020.05.004	3	author:doi:10.1016/j.jval.2020.05.004:3	person:openalex:A5012881493	Luz Gibbons	0000-0002-0235-1635	A5012881493	Luz Gibbons	0000-0002-0235-1635	NEW_EXTERNAL_IDENTITY	ACCEPTED	
doi:10.1016/j.jval.2020.05.004	4	author:doi:10.1016/j.jval.2020.05.004:4	person:openalex:A5026943307	Nora Reyes	0000-0003-1671-5169	A5026943307	Nora Reyes Puma	0000-0003-1671-5169	NEW_EXTERNAL_IDENTITY	ACCEPTED	
doi:10.1016/j.jval.2020.05.004	5	author:doi:10.1016/j.jval.2020.05.004:5	person:eqmember:17837	Elly Stolk	0000-0001-5968-0416	A5033903811	Elly Stolk	0000-0001-5968-0416	EXTERNAL_IDENTIFIER	ACCEPTED	
doi:10.1016/j.jval.2020.05.004	6	author:doi:10.1016/j.jval.2020.05.004:6	person:eqmember:19813	Benjamin M. Craig	0000-0003-1121-1316	A5029949490	Benjamin M. Craig	0000-0003-1121-1316	EXTERNAL_IDENTIFIER	ACCEPTED	
doi:10.1016/j.jval.2020.05.004	7	author:doi:10.1016/j.jval.2020.05.004:7	person:openalex:A5021581627	Romina A. Tejada	0000-0003-4420-5289	A5021581627	Romina A. Tejada	0000-0003-4420-5289	NEW_EXTERNAL_IDENTITY	ACCEPTED	
doi:10.1016/j.jval.2021.10.013	1	author:doi:10.1016/j.jval.2021.10.013:1	person:eqmember:17893	Juan M. Ramos-Goñi	0000-0002-9568-5190	A5047957689	Juan Manuel Ramos-Goñi	0000-0002-9568-5190	EXTERNAL_IDENTIFIER	ACCEPTED	
doi:10.1016/j.jval.2021.10.013	2	author:doi:10.1016/j.jval.2021.10.013:2	person:eqmember:17924	Mark Oppe	0000-0003-4286-8855	A5023709885	Mark Oppe	0000-0003-4286-8855	EXTERNAL_IDENTIFIER	ACCEPTED	
doi:10.1016/j.jval.2021.10.013	3	author:doi:10.1016/j.jval.2021.10.013:3	person:orcid:0000-0001-8778-5055	Anabel Estévez-Carrillo	0000-0001-8778-5055	A5059117288	Anabel Estévez-Carrillo	0000-0001-8778-5055	EXTERNAL_IDENTIFIER	ACCEPTED	
doi:10.1016/j.jval.2021.10.013	4	author:doi:10.1016/j.jval.2021.10.013:4	person:eqmember:17960	Oliver Rivero-Arias	0000-0003-2233-6544	A5014510851	Oliver Rivero‐Arias	0000-0003-2233-6544	EXTERNAL_IDENTIFIER	ACCEPTED	
doi:10.1016/j.jval.2021.10.013	5	author:doi:10.1016/j.jval.2021.10.013:5	person:eqmember:18010	Greiner Wolfgang	0000-0001-9552-6969	A5001823062	Wolfgang Greiner	0000-0001-9552-6969	EXTERNAL_IDENTIFIER	ACCEPTED	
doi:10.1016/j.jval.2021.10.013	6	author:doi:10.1016/j.jval.2021.10.013:6	person:openalex:A5108286749	Kreimeier Simone		A5108286749	Kreimeier Simone		NEW_EXTERNAL_IDENTITY	ACCEPTED	
doi:10.1016/j.jval.2021.10.013	7	author:doi:10.1016/j.jval.2021.10.013:7	person:openalex:A5106693152	Ludwig Kristina		A5106693152	Ludwig Kristina		NEW_EXTERNAL_IDENTITY	ACCEPTED	
doi:10.1016/j.jval.2021.10.013	8	author:doi:10.1016/j.jval.2021.10.013:8	person:openalex:A5106693153	Rupel Valentina		A5106693153	Rupel Valentina		NEW_EXTERNAL_IDENTITY	ACCEPTED	
doi:10.1016/j.jval.2021.12.014	1	author:doi:10.1016/j.jval.2021.12.014:1	person:leader:8677f310bcd0	Vivian Reckers-Droog	0000-0001-8722-3431	A5011536590	Vivian Reckers‐Droog	0000-0001-8722-3431	EXTERNAL_IDENTIFIER	ACCEPTED	
doi:10.1016/j.jval.2021.12.014	2	author:doi:10.1016/j.jval.2021.12.014:2	person:eqmember:17937	Milad Karimi	0000-0002-5298-174x	A5076374306	Milad Karimi	0000-0002-5298-174x	EXTERNAL_IDENTIFIER	ACCEPTED	
doi:10.1016/j.jval.2021.12.014	3	author:doi:10.1016/j.jval.2021.12.014:3	person:eqmember:17992	Stefan Lipman	0000-0002-8784-9650	A5078862538	Stefan A. Lipman	0000-0002-8784-9650	EXTERNAL_IDENTIFIER	ACCEPTED	
doi:10.1016/j.jval.2021.12.014	4	author:doi:10.1016/j.jval.2021.12.014:4	person:eqmember:17877	Janine Verstraete	0000-0002-1148-4747	A5006452129	Janine Verstraete	0000-0002-1148-4747	EXTERNAL_IDENTIFIER	ACCEPTED	
doi:10.1016/j.jval.2022.05.013	1	author:doi:10.1016/j.jval.2022.05.013:1	person:eqmember:17831	Dominik Golicki	0000-0001-7741-4760	A5035126117	Dominik Golicki	0000-0001-7741-4760	EXTERNAL_IDENTIFIER	ACCEPTED	
doi:10.1016/j.jval.2022.05.013	2	author:doi:10.1016/j.jval.2022.05.013:2	person:openalex:A5024974446	Katarzyna Młyńczak	0000-0002-0877-5623	A5024974446	Katarzyna Młyńczak	0000-0002-0877-5623	NEW_EXTERNAL_IDENTITY	ACCEPTED	
doi:10.1016/j.jval.2023.03.003	1	author:doi:10.1016/j.jval.2023.03.003:1	person:eqmember:18019	Zhihao Yang	0000-0001-5468-0847	A5028809099	Zhihao Yang	0000-0001-5468-0847	EXTERNAL_IDENTIFIER	ACCEPTED	
doi:10.1016/j.jval.2023.03.003	2	author:doi:10.1016/j.jval.2023.03.003:2	person:openalex:A5101422734	Jie Jiang		A5101422734	Jie Jiang		AMBIGUOUS_EXTERNAL_IDENTIFIER	UNRESOLVED	
doi:10.1016/j.jval.2023.03.003	3	author:doi:10.1016/j.jval.2023.03.003:3	person:leader:fa3dd095d626	Pei Wang	0000-0003-3661-3944	A5100462659	Pei Wang	0000-0003-3661-3944	EXTERNAL_IDENTIFIER	ACCEPTED	
doi:10.1016/j.jval.2023.03.003	4	author:doi:10.1016/j.jval.2023.03.003:4	person:orcid:0000-0002-6012-2785	Jing Wu	0000-0002-6012-2785	A5051441138	Jing Wu	0000-0002-6012-2785	EXTERNAL_IDENTIFIER	ACCEPTED	
doi:10.1016/j.jval.2023.03.003	5	author:doi:10.1016/j.jval.2023.03.003:5	person:orcid:0000-0003-3187-2007	Yu Fang		A5110980289	Yu Fang		EXACT_CANONICAL_NAME	ACCEPTED	
doi:10.1016/j.jval.2023.03.003	6	author:doi:10.1016/j.jval.2023.03.003:6	person:orcid:0000-0003-4392-760x	Da Feng	0000-0003-4392-760x	A5101454822	Da Feng	0000-0003-4392-760x	EXTERNAL_IDENTIFIER	ACCEPTED	
doi:10.1016/j.jval.2023.03.003	7	author:doi:10.1016/j.jval.2023.03.003:7	person:orcid:0000-0003-4509-1308	Xiaoyu Xi	0000-0003-4509-1308	A5103185016	Xiaoyu Xi	0000-0003-4509-1308	EXTERNAL_IDENTIFIER	ACCEPTED	
doi:10.1016/j.jval.2023.03.003	8	author:doi:10.1016/j.jval.2023.03.003:8	person:eqmember:17944	Nan Luo	0000-0001-7980-6979	A5064398143	Nan Luo	0000-0001-7980-6979	EXTERNAL_IDENTIFIER	ACCEPTED	
doi:10.1016/j.jval.2024.01.005	1	author:doi:10.1016/j.jval.2024.01.005:1	person:eqmember:18021	Zhuxin Mao	0000-0002-7444-1584	A5002022038	Zhuxin Mao	0000-0002-7444-1584	EXTERNAL_IDENTIFIER	ACCEPTED	
doi:10.1016/j.jval.2024.01.005	2	author:doi:10.1016/j.jval.2024.01.005:2	person:openalex:A5043889398	Jonas Crèvecoeur	0000-0002-2983-8857	A5043889398	Jonas Crèvecoeur	0000-0002-2983-8857	NEW_EXTERNAL_IDENTITY	ACCEPTED	
doi:10.1016/j.jval.2024.01.005	3	author:doi:10.1016/j.jval.2024.01.005:3	person:openalex:A5047819061	Koen Pepermans	0000-0001-7294-9491	A5047819061	Koen Pepermans	0000-0001-7294-9491	NEW_EXTERNAL_IDENTITY	ACCEPTED	
doi:10.1016/j.jval.2024.01.005	4	author:doi:10.1016/j.jval.2024.01.005:4	person:eqmember:17962	Paul Kind	0000-0003-2377-1652	A5013594779	Paul Kind	0000-0003-2377-1652	EXTERNAL_IDENTIFIER	ACCEPTED	
doi:10.1016/j.jval.2024.01.005	5	author:doi:10.1016/j.jval.2024.01.005:5	person:openalex:A5052119079	Thomas Neyens	0000-0003-2364-7555	A5052119079	Thomas Neyens	0000-0003-2364-7555	NEW_EXTERNAL_IDENTITY	ACCEPTED	
doi:10.1016/j.jval.2024.01.005	6	author:doi:10.1016/j.jval.2024.01.005:6	person:openalex:A5059507519	Philippe Beutels	0000-0001-5034-3595	A5059507519	Philippe Beutels	0000-0001-5034-3595	NEW_EXTERNAL_IDENTITY	ACCEPTED	
doi:10.1016/j.jval.2024.03.002	1	author:doi:10.1016/j.jval.2024.03.002:1	person:eqmember:19030	Maja Kuharić	0000-0003-3696-9086	A5007210675	Maja Kuharić	0000-0003-3696-9086	EXTERNAL_IDENTIFIER	ACCEPTED	
doi:10.1016/j.jval.2024.03.002	2	author:doi:10.1016/j.jval.2024.03.002:2	person:eqmember:17988	A. Simon Pickard	0000-0001-5645-7091	A5058888906	A. Simon Pickard	0000-0001-5645-7091	EXTERNAL_IDENTIFIER	ACCEPTED	
doi:10.1016/j.jval.2024.03.002	3	author:doi:10.1016/j.jval.2024.03.002:3	person:eqmember:17819	Clara Mukuria	0000-0003-4318-1481	A5043083823	Clara Mukuria	0000-0003-4318-1481	EXTERNAL_IDENTIFIER	ACCEPTED	
doi:10.1016/j.jval.2024.03.002	4	author:doi:10.1016/j.jval.2024.03.002:4	person:eqmember:19003	Aureliano Paolo Finch	0000-0003-1438-321x	A5055927783	Aureliano Paolo Finch	0000-0003-1438-321x	EXTERNAL_IDENTIFIER	ACCEPTED	
doi:10.1016/j.jval.2024.03.2195	1	author:doi:10.1016/j.jval.2024.03.2195:1	person:eqmember:17845	Fanni Rencz	0000-0001-9674-620x	A5024021740	Fanni Rencz	0000-0001-9674-620x	EXTERNAL_IDENTIFIER	ACCEPTED	
doi:10.1016/j.jval.2024.03.2195	2	author:doi:10.1016/j.jval.2024.03.2195:2	person:eqmember:19005	Mathieu F. Janssen	0000-0001-6602-6949	A5020933378	Mathieu F. Janssen	0000-0001-6602-6949	EXTERNAL_IDENTIFIER	ACCEPTED	
doi:10.1016/j.jval.2024.05.007	1	author:doi:10.1016/j.jval.2024.05.007:1	person:leader:4a5cd1710c94	Emily McDool	0000-0002-3530-7921	A5006458172	Emily McDool	0000-0002-3530-7921	EXTERNAL_IDENTIFIER	ACCEPTED	
doi:10.1016/j.jval.2024.05.007	2	author:doi:10.1016/j.jval.2024.05.007:2	person:eqmember:17819	Clara Mukuria	0000-0003-4318-1481	A5043083823	Clara Mukuria	0000-0003-4318-1481	EXTERNAL_IDENTIFIER	ACCEPTED	
doi:10.1016/j.jval.2024.05.007	3	author:doi:10.1016/j.jval.2024.05.007:3	person:eqmember:17998	Tessa Peasgood	0000-0001-8024-7801	A5022446221	Tessa Peasgood	0000-0001-8024-7801	EXTERNAL_IDENTIFIER	ACCEPTED	
doi:10.1016/j.jval.2024.05.016	1	author:doi:10.1016/j.jval.2024.05.016:1	person:eqmember:17805	Bram Roudijk	0000-0001-5000-0875	A5028508726	Bram Roudijk	0000-0001-5000-0875	EXTERNAL_IDENTIFIER	ACCEPTED	
doi:10.1016/j.jval.2024.05.016	2	author:doi:10.1016/j.jval.2024.05.016:2	person:eqmember:17920	Marcel F. Jonker	0000-0001-8433-1402	A5063358434	Marcel F. Jonker	0000-0001-8433-1402	EXTERNAL_IDENTIFIER	ACCEPTED	
doi:10.1016/j.jval.2024.05.016	3	author:doi:10.1016/j.jval.2024.05.016:3	person:eqmember:17867	Henry Bailey	0000-0002-4479-9948	A5090969739	Henry Bailey	0000-0002-4479-9948	EXTERNAL_IDENTIFIER	ACCEPTED	
doi:10.1016/j.jval.2024.05.016	4	author:doi:10.1016/j.jval.2024.05.016:4	person:eqmember:17835	Eleanor Pullenayegum	0000-0003-4265-1330	A5029465719	Eleanor Pullenayegum	0000-0003-4265-1330	EXTERNAL_IDENTIFIER	ACCEPTED	
doi:10.1016/j.jval.2024.06.018	1	author:doi:10.1016/j.jval.2024.06.018:1	person:eqmember:18019	Zhihao Yang	0000-0002-1902-7671	A5043342920	Zhihao Yang	0000-0002-1902-7671	EXACT_CANONICAL_NAME	ACCEPTED	
doi:10.1016/j.jval.2024.06.018	2	author:doi:10.1016/j.jval.2024.06.018:2	person:eqmember:17897	Kim Rand			Kim Rand		EXACT_CANONICAL_NAME	ACCEPTED	
doi:10.1016/j.jval.2024.06.018	3	author:doi:10.1016/j.jval.2024.06.018:3	person:eqmember:17944	Nan Luo	0000-0001-7980-6979	A5064398143	Nan Luo	0000-0001-7980-6979	EXTERNAL_IDENTIFIER	ACCEPTED	
doi:10.1016/j.jval.2024.11.006	1	author:doi:10.1016/j.jval.2024.11.006:1	person:eqmember:17847	Fatima Al Sayah		A5026033494	Fatima Al Sayah	0000-0003-3891-5452	EXTERNAL_IDENTIFIER	ACCEPTED	
doi:10.1016/j.jval.2024.11.006	2	author:doi:10.1016/j.jval.2024.11.006:2	person:eqmember:18012	Xuejing Jin		A5008581679	Xuejing Jin	0000-0003-3513-2364	EXTERNAL_IDENTIFIER	ACCEPTED	
doi:10.1016/j.jval.2024.11.006	3	author:doi:10.1016/j.jval.2024.11.006:3	person:orcid:0000-0002-7142-3364	Hilary Short		A5022113389	Hilary Short	0000-0002-7142-3364	EXTERNAL_IDENTIFIER	ACCEPTED	
doi:10.1016/j.jval.2024.11.006	4	author:doi:10.1016/j.jval.2024.11.006:4	person:openalex:A5085348599	Nathan S. McClure		A5085348599	Nathan S. McClure	0000-0003-2273-1245	NEW_EXTERNAL_IDENTITY	ACCEPTED	
doi:10.1016/j.jval.2024.11.006	5	author:doi:10.1016/j.jval.2024.11.006:5	person:eqmember:17795	Arto Ohinmaa		A5087246819	Arto Öhinmaa	0000-0002-7094-1573	EXTERNAL_IDENTIFIER	ACCEPTED	
doi:10.1016/j.jval.2024.11.006	6	author:doi:10.1016/j.jval.2024.11.006:6	person:eqmember:17879	Jeffrey A. Johnson		A5067514299	Jeffrey Johnson	0000-0001-8290-2857	EXTERNAL_IDENTIFIER	ACCEPTED	
doi:10.1016/j.jval.2024.12.003	1	author:doi:10.1016/j.jval.2024.12.003:1	person:leader:606823d7ed51	Stevanus Pangestu	0000-0003-2546-9449	A5033743427	Stevanus Pangestu	0000-0003-2546-9449	EXTERNAL_IDENTIFIER	ACCEPTED	
doi:10.1016/j.jval.2024.12.003	2	author:doi:10.1016/j.jval.2024.12.003:2	person:eqmember:17855	Fredrick Dermawan Purba	0000-0002-7336-3043	A5059806422	Fredrick Dermawan Purba	0000-0002-7336-3043	EXTERNAL_IDENTIFIER	ACCEPTED	
doi:10.1016/j.jval.2024.12.003	3	author:doi:10.1016/j.jval.2024.12.003:3	person:orcid:0000-0001-5091-3180	Hari Setyowibowo	0000-0001-5091-3180	A5046364454	Hari Setyowibowo	0000-0001-5091-3180	EXTERNAL_IDENTIFIER	ACCEPTED	
doi:10.1016/j.jval.2024.12.003	4	author:doi:10.1016/j.jval.2024.12.003:4	person:openalex:A5025255902	Yohana Azhar	0000-0003-2148-0202	A5025255902	Yohana Azhar	0000-0003-2148-0202	NEW_EXTERNAL_IDENTITY	ACCEPTED	
doi:10.1016/j.jval.2024.12.003	5	author:doi:10.1016/j.jval.2024.12.003:5	person:eqmember:17819	Clara Mukuria	0000-0003-4318-1481	A5043083823	Clara Mukuria	0000-0003-4318-1481	EXTERNAL_IDENTIFIER	ACCEPTED	
doi:10.1016/j.jval.2024.12.003	6	author:doi:10.1016/j.jval.2024.12.003:6	person:eqmember:17845	Fanni Rencz	0000-0001-9674-620x	A5024021740	Fanni Rencz	0000-0001-9674-620x	EXTERNAL_IDENTIFIER	ACCEPTED	
doi:10.1016/j.jval.2025.01.003	1	author:doi:10.1016/j.jval.2025.01.003:1	person:eqmember:17847	Fatima Al Sayah	0000-0003-3891-5452	A5026033494	Fatima Al Sayah	0000-0003-3891-5452	EXTERNAL_IDENTIFIER	ACCEPTED	
doi:10.1016/j.jval.2025.01.003	2	author:doi:10.1016/j.jval.2025.01.003:2	person:eqmember:17805	Bram Roudijk	0000-0001-5000-0875	A5028508726	Bram Roudijk	0000-0001-5000-0875	EXTERNAL_IDENTIFIER	ACCEPTED	
doi:10.1016/j.jval.2025.01.003	3	author:doi:10.1016/j.jval.2025.01.003:3	person:openalex:A5075263122	Mohamed El Sadig	0000-0001-5795-8189	A5075263122	Mohamed El Sadig	0000-0001-5795-8189	NEW_EXTERNAL_IDENTITY	ACCEPTED	
doi:10.1016/j.jval.2025.01.003	4	author:doi:10.1016/j.jval.2025.01.003:4	person:openalex:A5116048522	Asma Al Mannaei		A5116048522	Asma Al Mannaei		NEW_EXTERNAL_IDENTITY	ACCEPTED	
doi:10.1016/j.jval.2025.01.003	5	author:doi:10.1016/j.jval.2025.01.003:5	person:openalex:A5111188223	Mohamad N. Farghaly		A5111188223	Mohamed Farghaly		NEW_EXTERNAL_IDENTITY	ACCEPTED	
doi:10.1016/j.jval.2025.01.003	6	author:doi:10.1016/j.jval.2025.01.003:6	person:openalex:A5063736885	Sara Dallal		A5063736885	S Al Dallal		NEW_EXTERNAL_IDENTITY	ACCEPTED	
doi:10.1016/j.jval.2025.01.003	7	author:doi:10.1016/j.jval.2025.01.003:7	person:openalex:A5116048523	Rima Kaddoura		A5116048523	Rima Kaddoura		NEW_EXTERNAL_IDENTITY	ACCEPTED	
doi:10.1016/j.jval.2025.01.003	8	author:doi:10.1016/j.jval.2025.01.003:8	person:openalex:A5001502711	Mirna Metni		A5001502711	Mirna Metni		NEW_EXTERNAL_IDENTITY	ACCEPTED	
doi:10.1016/j.jval.2025.01.003	9	author:doi:10.1016/j.jval.2025.01.003:9	person:openalex:A5053892909	Iffat Elbarazi	0000-0001-7151-2175	A5053892909	Iffat Elbarazi	0000-0001-7151-2175	NEW_EXTERNAL_IDENTITY	ACCEPTED	
doi:10.1016/j.jval.2025.01.003	10	author:doi:10.1016/j.jval.2025.01.003:10	person:openalex:A5077201683	Samer A. Kharroubi	0000-0002-2355-2719	A5077201683	Samer A. Kharroubi	0000-0002-2355-2719	NEW_EXTERNAL_IDENTITY	ACCEPTED	
doi:10.1016/j.jval.2025.01.020	1	author:doi:10.1016/j.jval.2025.01.020:1	person:orcid:0000-0002-4758-7588	Jonathan L. Nazari		A5083342500	Jonathan L. Nazari		EXTERNAL_IDENTIFIER	ACCEPTED	
doi:10.1016/j.jval.2025.01.020	2	author:doi:10.1016/j.jval.2025.01.020:2	person:eqmember:17893	Juan M. Ramos-Goñi	0000-0002-9568-5190	A5047957689	Juan Manuel Ramos-Goñi	0000-0002-9568-5190	EXTERNAL_IDENTIFIER	ACCEPTED	
doi:10.1016/j.jval.2025.01.020	3	author:doi:10.1016/j.jval.2025.01.020:3	person:eqmember:17956	Ning Yan Gu	0000-0002-1250-7605	A5063972558	Ning Yan Gu	0000-0002-1250-7605	EXTERNAL_IDENTIFIER	ACCEPTED	
doi:10.1016/j.jval.2025.01.020	4	author:doi:10.1016/j.jval.2025.01.020:4	person:eqmember:17988	A. Simon Pickard	0000-0001-5645-7091	A5058888906	A. Simon Pickard	0000-0001-5645-7091	EXTERNAL_IDENTIFIER	ACCEPTED	
doi:10.1016/j.jval.2025.02.001	1	author:doi:10.1016/j.jval.2025.02.001:1	person:openalex:A5026959850	Jiajun Yan	0000-0001-8966-8709	A5026959850	Jiajun Yan	0000-0001-8966-8709	NEW_EXTERNAL_IDENTITY	ACCEPTED	
doi:10.1016/j.jval.2025.02.001	2	author:doi:10.1016/j.jval.2025.02.001:2	person:orcid:0000-0001-9364-5788	Brittany Humphries	0000-0001-9364-5788	A5037182915	Brittany Humphries	0000-0001-9364-5788	EXTERNAL_IDENTIFIER	ACCEPTED	
doi:10.1016/j.jval.2025.02.001	3	author:doi:10.1016/j.jval.2025.02.001:3	person:author:b27c6ab473e42c53	Ruinan Xie			Ruinan Xie		PUBLICATION_LOCAL	UNRESOLVED	
doi:10.1016/j.jval.2025.02.001	4	author:doi:10.1016/j.jval.2025.02.001:4	person:author:f71bb2323624605d	Ziran Yin			Ziran Yin		PUBLICATION_LOCAL	UNRESOLVED	
doi:10.1016/j.jval.2025.02.001	5	author:doi:10.1016/j.jval.2025.02.001:5	person:openalex:A5115594934	Zhenyan Bo		A5115594934	Zhenyan Bo		NEW_EXTERNAL_IDENTITY	ACCEPTED	
doi:10.1016/j.jval.2025.02.001	6	author:doi:10.1016/j.jval.2025.02.001:6	person:openalex:A5039308938	Sha Diao	0000-0003-4523-8509	A5039308938	Sha Diao	0000-0003-4523-8509	NEW_EXTERNAL_IDENTITY	ACCEPTED	
doi:10.1016/j.jval.2025.02.001	7	author:doi:10.1016/j.jval.2025.02.001:7	person:openalex:A5052884545	Jing Cai	0000-0001-6934-0108	A5052884545	Jing Cai	0000-0001-6934-0108	NEW_EXTERNAL_IDENTITY	ACCEPTED	
doi:10.1016/j.jval.2025.02.001	8	author:doi:10.1016/j.jval.2025.02.001:8	person:openalex:A5012904054	Preston Tse	0009-0001-9273-1366	A5012904054	Preston Tse	0009-0001-9273-1366	NEW_EXTERNAL_IDENTITY	ACCEPTED	
doi:10.1016/j.jval.2025.02.001	9	author:doi:10.1016/j.jval.2025.02.001:9	person:openalex:A5101821097	Meixuan Li	0000-0001-9373-4086	A5101821097	Meixuan Li	0000-0001-9373-4086	NEW_EXTERNAL_IDENTITY	ACCEPTED	
doi:10.1016/j.jval.2025.02.001	10	author:doi:10.1016/j.jval.2025.02.001:10	person:eqmember:17835	Eleanor Pullenayegum	0000-0003-4265-1330	A5029465719	Eleanor Pullenayegum	0000-0003-4265-1330	EXTERNAL_IDENTIFIER	ACCEPTED	
doi:10.1016/j.jval.2025.02.001	11	author:doi:10.1016/j.jval.2025.02.001:11	person:openalex:A5028373695	Shun Fu Lee	0000-0001-9795-1045	A5028373695	Shun Fu Lee	0000-0001-9795-1045	NEW_EXTERNAL_IDENTITY	ACCEPTED	
doi:10.1016/j.jval.2025.02.001	12	author:doi:10.1016/j.jval.2025.02.001:12	person:eqmember:17851	Feng Xie	0000-0002-0215-667x	A5015716999	Feng Xie	0000-0002-0215-667x	EXACT_CANONICAL_NAME	ACCEPTED	
doi:10.1016/j.jval.2025.04.2160	1	author:doi:10.1016/j.jval.2025.04.2160:1	person:leader:206cc1095a3f	Irina Kinchin	0000-0003-0133-2763	A5054485095	Irina Kinchin	0000-0003-0133-2763	EXTERNAL_IDENTIFIER	ACCEPTED	
doi:10.1016/j.jval.2025.04.2160	2	author:doi:10.1016/j.jval.2025.04.2160:2	person:eqmember:17911	Lidia Engel		A5117412550	Lidia Engel		EXACT_CANONICAL_NAME	ACCEPTED	
doi:10.1016/j.jval.2025.04.2160	3	author:doi:10.1016/j.jval.2025.04.2160:3	person:eqmember:17845	Fanni Rencz		A5117412551	Fanni Rencz		EXACT_CANONICAL_NAME	ACCEPTED	
doi:10.1016/j.jval.2025.04.2161	1	author:doi:10.1016/j.jval.2025.04.2161:1	person:openalex:A5067715763	Nicole Reyes	0000-0003-2740-0293	A5067715763	Nicole Alia Salis Reyes	0000-0003-2740-0293	NEW_EXTERNAL_IDENTITY	ACCEPTED	
doi:10.1016/j.jval.2025.04.2161	2	author:doi:10.1016/j.jval.2025.04.2161:2	person:eqmember:18002	Tianxin Pan	0000-0002-2243-8818	A5044860561	Tianxin Pan	0000-0002-2243-8818	EXTERNAL_IDENTIFIER	ACCEPTED	
doi:10.1016/j.jval.2025.04.2161	3	author:doi:10.1016/j.jval.2025.04.2161:3	person:orcid:0000-0002-5332-5226	Renee Jones	0000-0002-5332-5226	A5066738880	Renee Jones	0000-0002-5332-5226	EXTERNAL_IDENTIFIER	ACCEPTED	
doi:10.1016/j.jval.2025.04.2161	4	author:doi:10.1016/j.jval.2025.04.2161:4	person:leader:50cca9cff5d9	Kim Dalziel	0000-0003-4972-8871	A5078953009	Kim Dalziel	0000-0003-4972-8871	EXTERNAL_IDENTIFIER	ACCEPTED	
doi:10.1016/j.jval.2025.04.2161	5	author:doi:10.1016/j.jval.2025.04.2161:5	person:eqmember:17946	Nancy Devlin	0000-0002-1561-5361	A5103206776	Nancy Devlin	0000-0002-1561-5361	EXTERNAL_IDENTIFIER	ACCEPTED	
doi:10.1016/j.jval.2025.04.2168	1	author:doi:10.1016/j.jval.2025.04.2168:1	person:eqmember:21677	Cate Bailey	0000-0001-5030-430x	A5020867003	Cate Bailey	0000-0001-5030-430x	EXTERNAL_IDENTIFIER	ACCEPTED	
doi:10.1016/j.jval.2025.04.2168	2	author:doi:10.1016/j.jval.2025.04.2168:2	person:eqmember:17998	Tessa Peasgood	0000-0001-8024-7801	A5022446221	Tessa Peasgood	0000-0001-8024-7801	EXTERNAL_IDENTIFIER	ACCEPTED	
doi:10.1016/j.jval.2025.04.2168	3	author:doi:10.1016/j.jval.2025.04.2168:3	person:eqmember:17803	Bernhard Michalowsky	0000-0002-3425-0089	A5088093819	Bernhard Michalowsky	0000-0002-3425-0089	EXTERNAL_IDENTIFIER	ACCEPTED	
doi:10.1016/j.jval.2025.04.2168	4	author:doi:10.1016/j.jval.2025.04.2168:4	person:eqmember:17911	Lidia Engel	0000-0002-7959-3149	A5039737173	Lidia Engel	0000-0002-7959-3149	EXTERNAL_IDENTIFIER	ACCEPTED	
doi:10.1016/j.jval.2025.05.013	1	author:doi:10.1016/j.jval.2025.05.013:1	person:eqmember:21677	Cate Bailey	0000-0003-2719-8558	A5018812334	Cate Bailey	0000-0003-2719-8558	EXACT_CANONICAL_NAME	ACCEPTED	
doi:10.1016/j.jval.2025.05.013	2	author:doi:10.1016/j.jval.2025.05.013:2	person:leader:50cca9cff5d9	Kim Dalziel	0000-0003-4972-8871	A5078953009	Kim Dalziel	0000-0003-4972-8871	EXTERNAL_IDENTIFIER	ACCEPTED	
doi:10.1016/j.jval.2025.05.013	3	author:doi:10.1016/j.jval.2025.05.013:3	person:orcid:0000-0002-5692-8882	Leanne Constable	0000-0002-5692-8882	A5041620328	Leanne Constable	0000-0002-5692-8882	EXTERNAL_IDENTIFIER	ACCEPTED	
doi:10.1016/j.jval.2025.05.013	4	author:doi:10.1016/j.jval.2025.05.013:4	person:eqmember:17998	Tessa Peasgood	0000-0001-8024-7801	A5022446221	Tessa Peasgood	0000-0001-8024-7801	EXTERNAL_IDENTIFIER	ACCEPTED	
doi:10.1016/j.jval.2025.05.014	1	author:doi:10.1016/j.jval.2025.05.014:1	person:leader:35b2f2d48116	Cathrine Elgaard Jensen	0000-0001-7300-254x	A5102727513	Cathrine Elgaard Jensen	0000-0001-7300-254x	EXTERNAL_IDENTIFIER	ACCEPTED	
doi:10.1016/j.jval.2025.05.014	2	author:doi:10.1016/j.jval.2025.05.014:2	person:orcid:0000-0002-6048-521x	Sabrina Storgaard Sørensen	0000-0002-6048-521x	A5101968333	Sabrina Storgaard Sørensen	0000-0002-6048-521x	EXTERNAL_IDENTIFIER	ACCEPTED	
doi:10.1016/j.jval.2025.05.014	3	author:doi:10.1016/j.jval.2025.05.014:3	person:eqmember:17817	Claire Gudex	0000-0003-3881-9890	A5047944478	Claire Gudex	0000-0003-3881-9890	EXTERNAL_IDENTIFIER	ACCEPTED	
doi:10.1016/j.jval.2025.05.014	4	author:doi:10.1016/j.jval.2025.05.014:4	person:eqmember:17805	Bram Roudijk	0000-0001-5000-0875	A5028508726	Bram Roudijk	0000-0001-5000-0875	EXTERNAL_IDENTIFIER	ACCEPTED	
doi:10.1016/j.jval.2025.05.015	1	author:doi:10.1016/j.jval.2025.05.015:1	person:eqmember:17845	Fanni Rencz	0000-0001-9674-620x	A5024021740	Fanni Rencz	0000-0001-9674-620x	EXTERNAL_IDENTIFIER	ACCEPTED	
doi:10.1016/j.jval.2025.05.015	2	author:doi:10.1016/j.jval.2025.05.015:2	person:leader:606823d7ed51	Stevanus Pangestu	0000-0003-2546-9449	A5033743427	Stevanus Pangestu	0000-0003-2546-9449	EXTERNAL_IDENTIFIER	ACCEPTED	
doi:10.1016/j.jval.2025.05.015	3	author:doi:10.1016/j.jval.2025.05.015:3	person:eqmember:17807	Brendan Mulhern	0000-0003-3656-8063	A5090013218	Brendan Mulhern	0000-0003-3656-8063	EXTERNAL_IDENTIFIER	ACCEPTED	
doi:10.1016/j.jval.2025.05.015	4	author:doi:10.1016/j.jval.2025.05.015:4	person:eqmember:19003	Aureliano Paolo Finch	0000-0003-1438-321x	A5055927783	Aureliano Paolo Finch	0000-0003-1438-321x	EXTERNAL_IDENTIFIER	ACCEPTED	
doi:10.1016/j.jval.2025.05.015	5	author:doi:10.1016/j.jval.2025.05.015:5	person:eqmember:19005	Mathieu F. Janssen	0000-0001-6602-6949	A5020933378	Mathieu F. Janssen	0000-0001-6602-6949	EXTERNAL_IDENTIFIER	ACCEPTED	
doi:10.1016/j.jval.2025.07.016	1	author:doi:10.1016/j.jval.2025.07.016:1	person:eqmember:18002	Tianxin Pan		A5044860561	Tianxin Pan	0000-0002-2243-8818	EXTERNAL_IDENTIFIER	ACCEPTED	
doi:10.1016/j.jval.2025.07.016	2	author:doi:10.1016/j.jval.2025.07.016:2	person:eqmember:17893	Juan Manuel Ramos-Goni		A5047957689	Juan Manuel Ramos-Goñi	0000-0002-9568-5190	EXTERNAL_IDENTIFIER	ACCEPTED	
doi:10.1016/j.jval.2025.07.016	3	author:doi:10.1016/j.jval.2025.07.016:3	person:eqmember:17805	Bram Roudijk		A5028508726	Bram Roudijk	0000-0001-5000-0875	EXTERNAL_IDENTIFIER	ACCEPTED	
doi:10.1016/j.jval.2025.07.016	4	author:doi:10.1016/j.jval.2025.07.016:4	person:leader:e441983c0a65	Shitong Xie		A5113241600	Shitong Xie		EXTERNAL_IDENTIFIER	ACCEPTED	
doi:10.1016/j.jval.2025.07.016	5	author:doi:10.1016/j.jval.2025.07.016:5	person:eqmember:17851	Feng Xie		A5015716999	Feng Xie	0000-0002-0215-667x	EXTERNAL_IDENTIFIER	ACCEPTED	
doi:10.1016/j.jval.2025.07.016	6	author:doi:10.1016/j.jval.2025.07.016:6	person:eqmember:18019	Zhihao Yang		A5028809099	Zhihao Yang	0000-0001-5468-0847	EXTERNAL_IDENTIFIER	ACCEPTED	
doi:10.1016/j.jval.2025.07.016	7	author:doi:10.1016/j.jval.2025.07.016:7	person:eqmember:17807	Brendan Mulhern		A5090013218	Brendan Mulhern	0000-0003-3656-8063	EXTERNAL_IDENTIFIER	ACCEPTED	
doi:10.1016/j.jval.2025.07.016	8	author:doi:10.1016/j.jval.2025.07.016:8	person:eqmember:17974	Richard Norman		A5057393757	Richard Norman	0000-0002-8210-9936	EXTERNAL_IDENTIFIER	ACCEPTED	
doi:10.1016/j.jval.2025.07.016	9	author:doi:10.1016/j.jval.2025.07.016:9	person:eqmember:17946	Nancy Devlin		A5103206776	Nancy Devlin	0000-0002-1561-5361	EXTERNAL_IDENTIFIER	ACCEPTED	
doi:10.1016/j.jval.2025.09.009	1	author:doi:10.1016/j.jval.2025.09.009:1	person:eqmember:17984	Sarah Dewilde	0000-0002-7315-3230	A5043932217	Sarah Dewilde	0000-0002-7315-3230	EXTERNAL_IDENTIFIER	ACCEPTED	
doi:10.1016/j.jval.2025.09.009	2	author:doi:10.1016/j.jval.2025.09.009:2	person:eqmember:19005	Mathieu F. Janssen	0000-0001-6602-6949	A5020933378	Mathieu F. Janssen	0000-0001-6602-6949	EXTERNAL_IDENTIFIER	ACCEPTED	
doi:10.1016/j.jval.2025.09.009	3	author:doi:10.1016/j.jval.2025.09.009:3	person:openalex:A5069811479	Glenn Phillips	0000-0002-9676-1909	A5069811479	Glenn Phillips	0000-0002-9676-1909	NEW_EXTERNAL_IDENTITY	ACCEPTED	
doi:10.1016/j.jval.2025.09.009	4	author:doi:10.1016/j.jval.2025.09.009:4	person:eqmember:17807	Brendan Mulhern	0000-0003-3656-8063	A5090013218	Brendan Mulhern	0000-0003-3656-8063	EXTERNAL_IDENTIFIER	ACCEPTED	
doi:10.1016/j.jval.2025.09.009	5	author:doi:10.1016/j.jval.2025.09.009:5	person:eqmember:17845	Fanni Rencz	0000-0001-9674-620x	A5024021740	Fanni Rencz	0000-0001-9674-620x	EXTERNAL_IDENTIFIER	ACCEPTED	
doi:10.1016/j.jval.2025.11.005	1	author:doi:10.1016/j.jval.2025.11.005:1	person:openalex:A5100758235	Yilin Zhang	0000-0002-7059-2553	A5100758235	Yilin Zhang	0000-0002-7059-2553	NEW_EXTERNAL_IDENTITY	ACCEPTED	
doi:10.1016/j.jval.2025.11.005	2	author:doi:10.1016/j.jval.2025.11.005:2	person:openalex:A5050912692	Yan Lin	0000-0002-0585-6671	A5050912692	Yan Lin	0000-0002-0585-6671	NEW_EXTERNAL_IDENTITY	ACCEPTED	
doi:10.1016/j.jval.2025.11.005	3	author:doi:10.1016/j.jval.2025.11.005:3	person:openalex:A5100858517	Zhihong Xiao		A5100858517	Zhihong Xiao		NEW_EXTERNAL_IDENTITY	ACCEPTED	
doi:10.1016/j.jval.2025.11.005	4	author:doi:10.1016/j.jval.2025.11.005:4	person:openalex:A5100400360	Yifeng Chen	0000-0003-1358-3367	A5100400360	Yifeng Chen	0000-0003-1358-3367	NEW_EXTERNAL_IDENTITY	ACCEPTED	
doi:10.1016/j.jval.2025.11.005	5	author:doi:10.1016/j.jval.2025.11.005:5	person:openalex:A5060090179	Quan Zhou	0000-0002-7017-8192	A5060090179	Quan Zhou	0000-0002-7017-8192	NEW_EXTERNAL_IDENTITY	ACCEPTED	
doi:10.1016/j.jval.2025.11.005	6	author:doi:10.1016/j.jval.2025.11.005:6	person:openalex:A5030081818	Shuling Kang		A5030081818	Shuling Kang		NEW_EXTERNAL_IDENTITY	ACCEPTED	
doi:10.1016/j.jval.2025.11.005	7	author:doi:10.1016/j.jval.2025.11.005:7	person:eqmember:18019	Zhihao Yang	0000-0001-6186-2024	A5051597671	Zhihao Yang	0000-0001-6186-2024	EXTERNAL_IDENTIFIER	ACCEPTED	
doi:10.1016/j.jval.2025.11.005	8	author:doi:10.1016/j.jval.2025.11.005:8	person:eqmember:17845	Fanni Rencz	0000-0001-9674-620x	A5024021740	Fanni Rencz	0000-0001-9674-620x	EXTERNAL_IDENTIFIER	ACCEPTED	
doi:10.1016/j.jval.2025.11.005	9	author:doi:10.1016/j.jval.2025.11.005:9	person:eqmember:17944	Nan Luo		A5102604733	Nan Luo		EXACT_CANONICAL_NAME	ACCEPTED	
doi:10.1016/j.jval.2025.11.005	10	author:doi:10.1016/j.jval.2025.11.005:10	person:openalex:A5026068062	Jianjun Xiang		A5026068062	Xiang JianJun		NEW_EXTERNAL_IDENTITY	ACCEPTED	
doi:10.1016/j.jval.2026.01.001	1	author:doi:10.1016/j.jval.2026.01.001:1	person:eqmember:21678	Richard Huan Xu	0000-0002-4720-5172	A5057171540	Richard Huan Xu	0000-0002-4720-5172	EXTERNAL_IDENTIFIER	ACCEPTED	
doi:10.1016/j.jval.2026.01.001	2	author:doi:10.1016/j.jval.2026.01.001:2	person:openalex:A5123188413	Chenxi Yang		A5123188413	Chenxi Yang		NEW_EXTERNAL_IDENTITY	ACCEPTED	
doi:10.1016/j.jval.2026.01.001	3	author:doi:10.1016/j.jval.2026.01.001:3	person:eqmember:17845	Fanni Rencz		A5123176482	Fanni Rencz		EXACT_CANONICAL_NAME	ACCEPTED	
doi:10.1016/j.jval.2026.02.013	1	author:doi:10.1016/j.jval.2026.02.013:1	person:openalex:A5128706397	Richard H. Xu		A5128706397	Richard H. Xu		NEW_EXTERNAL_IDENTITY	ACCEPTED	
doi:10.1016/j.jval.2026.02.013	2	author:doi:10.1016/j.jval.2026.02.013:2	person:openalex:A5123188413	Chenxi Yang		A5123188413	Chenxi Yang		EXTERNAL_IDENTIFIER	ACCEPTED	
doi:10.1016/j.jval.2026.02.013	3	author:doi:10.1016/j.jval.2026.02.013:3	person:eqmember:17845	Fanni Rencz		A5128705474	Fanni Rencz		EXACT_CANONICAL_NAME	ACCEPTED	
doi:10.1016/j.socscimed.2021.114519	1	author:doi:10.1016/j.socscimed.2021.114519:1	person:eqmember:19003	Aureliano Paolo Finch	0000-0003-1438-321x	A5055927783	Aureliano Paolo Finch	0000-0003-1438-321x	EXTERNAL_IDENTIFIER	ACCEPTED	
doi:10.1016/j.socscimed.2021.114519	2	author:doi:10.1016/j.socscimed.2021.114519:2	person:leader:fc07b6540d1a	Michela Meregaglia	0000-0003-0092-5970	A5038451583	Michela Meregaglia	0000-0003-0092-5970	EXTERNAL_IDENTIFIER	ACCEPTED	
doi:10.1016/j.socscimed.2021.114519	3	author:doi:10.1016/j.socscimed.2021.114519:3	person:leader:4fa690feeeb8	Oriana Ciani	0000-0002-3607-0508	A5008052793	Oriana Ciani	0000-0002-3607-0508	EXTERNAL_IDENTIFIER	ACCEPTED	
doi:10.1016/j.socscimed.2021.114519	4	author:doi:10.1016/j.socscimed.2021.114519:4	person:eqmember:17805	Bram Roudijk	0000-0001-5000-0875	A5028508726	Bram Roudijk	0000-0001-5000-0875	EXTERNAL_IDENTIFIER	ACCEPTED	
doi:10.1016/j.socscimed.2021.114519	5	author:doi:10.1016/j.socscimed.2021.114519:5	person:orcid:0000-0002-2862-2990	Claudio Jommi	0000-0002-2862-2990	A5071078329	Claudio Jommi	0000-0002-2862-2990	EXTERNAL_IDENTIFIER	ACCEPTED	
doi:10.1016/j.ssmqr.2024.100398	1	author:doi:10.1016/j.ssmqr.2024.100398:1	person:eqmember:19030	Maja Kuharic	0000-0003-3696-9086	A5007210675	Maja Kuharić	0000-0003-3696-9086	EXTERNAL_IDENTIFIER	ACCEPTED	
doi:10.1016/j.ssmqr.2024.100398	2	author:doi:10.1016/j.ssmqr.2024.100398:2	person:openalex:A5080865059	Lisa K. Sharp		A5080865059	Lisa K. Sharp	0000-0002-7809-9042	NEW_EXTERNAL_IDENTITY	ACCEPTED	
doi:10.1016/j.ssmqr.2024.100398	3	author:doi:10.1016/j.ssmqr.2024.100398:3	person:openalex:A5079545906	Robin S. Turpin		A5079545906	Robin S. Turpin		NEW_EXTERNAL_IDENTITY	ACCEPTED	
doi:10.1016/j.ssmqr.2024.100398	4	author:doi:10.1016/j.ssmqr.2024.100398:4	person:eqmember:17807	Brendan Mulhern		A5090013218	Brendan Mulhern	0000-0003-3656-8063	EXTERNAL_IDENTIFIER	ACCEPTED	
doi:10.1016/j.ssmqr.2024.100398	5	author:doi:10.1016/j.ssmqr.2024.100398:5	person:orcid:0000-0003-3619-5367	Todd A. Lee		A5046614364	Todd A. Lee	0000-0003-3619-5367	EXTERNAL_IDENTIFIER	ACCEPTED	
doi:10.1016/j.ssmqr.2024.100398	6	author:doi:10.1016/j.ssmqr.2024.100398:6	person:openalex:A5065396071	Chloe Elizabeth Grace Rose		A5065396071	Chloe Elizabeth Grace Rose		NEW_EXTERNAL_IDENTITY	ACCEPTED	
doi:10.1016/j.ssmqr.2024.100398	7	author:doi:10.1016/j.ssmqr.2024.100398:7	person:leader:b95f9aa0caf2	Andrea Monteiro		A5024494805	A Monteiro	0000-0001-9763-3485	EXTERNAL_IDENTIFIER	ACCEPTED	
doi:10.1016/j.ssmqr.2024.100398	8	author:doi:10.1016/j.ssmqr.2024.100398:8	person:eqmember:17988	A. Simon Pickard		A5058888906	A. Simon Pickard	0000-0001-5645-7091	EXTERNAL_IDENTIFIER	ACCEPTED	
doi:10.1016/j.vhri.2021.09.007	1	author:doi:10.1016/j.vhri.2021.09.007:1	person:leader:510242c8d95e	Lucky G. Ngwira	0000-0002-2695-8917	A5063482306	Lucky G. Ngwira	0000-0002-2695-8917	EXTERNAL_IDENTIFIER	ACCEPTED	
doi:10.1016/j.vhri.2021.09.007	2	author:doi:10.1016/j.vhri.2021.09.007:2	person:eqmember:17881	Jennifer Jelsma	0000-0003-4049-8395	A5064611767	Jennifer Jelsma	0000-0003-4049-8395	EXTERNAL_IDENTIFIER	ACCEPTED	
doi:10.1016/j.vhri.2021.09.007	3	author:doi:10.1016/j.vhri.2021.09.007:3	person:orcid:0000-0002-7375-4845	Hendramoorthy Maheswaran	0000-0002-7375-4845	A5033232150	Hendramoorthy Maheswaran	0000-0002-7375-4845	EXTERNAL_IDENTIFIER	ACCEPTED	
doi:10.1016/j.vhri.2021.09.007	4	author:doi:10.1016/j.vhri.2021.09.007:4	person:openalex:A5081675787	Fanny Kapakasa		A5081675787	Fanny Kapakasa		NEW_EXTERNAL_IDENTITY	ACCEPTED	
doi:10.1016/j.vhri.2021.09.007	5	author:doi:10.1016/j.vhri.2021.09.007:5	person:eqmember:17982	Sarah Derrett	0000-0003-2867-0498	A5021576811	Sarah Derrett	0000-0003-2867-0498	EXTERNAL_IDENTIFIER	ACCEPTED	
doi:10.1016/j.vhri.2021.09.007	6	author:doi:10.1016/j.vhri.2021.09.007:6	person:orcid:0000-0003-3121-6050	Stavros Petrou	0000-0003-3121-6050	A5089167457	Stavros Petrou	0000-0003-3121-6050	EXTERNAL_IDENTIFIER	ACCEPTED	
doi:10.1016/j.vhri.2021.09.007	7	author:doi:10.1016/j.vhri.2021.09.007:7	person:orcid:0000-0002-8639-5191	Louis Niessen	0000-0002-8639-5191	A5048876130	Louis Niessen	0000-0002-8639-5191	EXTERNAL_IDENTIFIER	ACCEPTED	
doi:10.1016/j.vhri.2021.09.007	8	author:doi:10.1016/j.vhri.2021.09.007:8	person:orcid:0000-0002-2013-6963	Sarah C. Smith	0000-0002-2013-6963	A5067989104	Sarah C. Smith	0000-0002-2013-6963	EXTERNAL_IDENTIFIER	ACCEPTED	
doi:10.1016/j.vhri.2024.101045	1	author:doi:10.1016/j.vhri.2024.101045:1	person:leader:3a021deb0a29	Rebecca Addo	0000-0002-5970-1122	A5005424373	Rebecca Addo	0000-0002-5970-1122	EXTERNAL_IDENTIFIER	ACCEPTED	
doi:10.1016/j.vhri.2024.101045	2	author:doi:10.1016/j.vhri.2024.101045:2	person:eqmember:17807	Brendan Mulhern	0000-0003-3656-8063	A5090013218	Brendan Mulhern	0000-0003-3656-8063	EXTERNAL_IDENTIFIER	ACCEPTED	
doi:10.1016/j.vhri.2024.101045	3	author:doi:10.1016/j.vhri.2024.101045:3	person:eqmember:17974	Richard Norman	0000-0002-3112-3893	A5101841802	Richard Norman	0000-0002-3112-3893	EXTERNAL_IDENTIFIER	ACCEPTED	
doi:10.1016/j.vhri.2024.101045	4	author:doi:10.1016/j.vhri.2024.101045:4	person:openalex:A5091770714	Richmond Owusu	0000-0002-0066-3491	A5091770714	Richmond Owusu	0000-0002-0066-3491	NEW_EXTERNAL_IDENTITY	ACCEPTED	
doi:10.1016/j.vhri.2024.101045	5	author:doi:10.1016/j.vhri.2024.101045:5	person:eqmember:17976	Rosalie Viney	0000-0002-0039-9635	A5076742980	Rosalie Viney	0000-0002-0039-9635	EXTERNAL_IDENTIFIER	ACCEPTED	
doi:10.1016/j.vhri.2024.101045	6	author:doi:10.1016/j.vhri.2024.101045:6	person:openalex:A5047192551	Justice Nonvignon	0000-0002-5265-2209	A5047192551	Justice Nonvignon	0000-0002-5265-2209	NEW_EXTERNAL_IDENTITY	ACCEPTED	
doi:10.1016/j.vhri.2025.101121	1	author:doi:10.1016/j.vhri.2025.101121:1	person:leader:fbb9eb69f451	Fitriana TS	0000-0001-5062-6886	A5049547434	Titi Sahidah Fitriana	0000-0001-5062-6886	EXTERNAL_IDENTIFIER	ACCEPTED	
doi:10.1016/j.vhri.2025.101121	2	author:doi:10.1016/j.vhri.2025.101121:2	person:eqmember:17855	Purba FD	0000-0002-7336-3043	A5059806422	Fredrick Dermawan Purba	0000-0002-7336-3043	EXTERNAL_IDENTIFIER	ACCEPTED	
doi:10.1016/j.vhri.2025.101121	3	author:doi:10.1016/j.vhri.2025.101121:3	person:eqmember:17837	Stolk E	0000-0001-5968-0416	A5033903811	Elly Stolk	0000-0001-5968-0416	EXTERNAL_IDENTIFIER	ACCEPTED	
doi:10.1016/j.vhri.2025.101121	4	author:doi:10.1016/j.vhri.2025.101121:4	person:eqmember:17875	Busschbach JJV	0000-0002-8602-0381	A5020122364	Jan J.V. Busschbach	0000-0002-8602-0381	EXTERNAL_IDENTIFIER	ACCEPTED	
doi:10.1016/j.vhri.2025.101501	1	author:doi:10.1016/j.vhri.2025.101501:1	person:leader:c4a44baaa49e	Guangjie Zhang	0000-0003-1311-8510	A5030831609	Guangjie Zhang	0000-0003-1311-8510	EXTERNAL_IDENTIFIER	ACCEPTED	
doi:10.1016/j.vhri.2025.101501	2	author:doi:10.1016/j.vhri.2025.101501:2	person:eqmember:18019	Zhihao Yang	0000-0001-5468-0847	A5028809099	Zhihao Yang	0000-0001-5468-0847	EXTERNAL_IDENTIFIER	ACCEPTED	
doi:10.1016/j.vhri.2025.101501	3	author:doi:10.1016/j.vhri.2025.101501:3	person:eqmember:17944	Nan Luo	0000-0001-7980-6979	A5064398143	Nan Luo	0000-0001-7980-6979	EXTERNAL_IDENTIFIER	ACCEPTED	
doi:10.1016/j.vhri.2025.101501	4	author:doi:10.1016/j.vhri.2025.101501:4	person:eqmember:17998	Tessa Peasgood	0000-0001-8024-7801	A5022446221	Tessa Peasgood	0000-0001-8024-7801	EXTERNAL_IDENTIFIER	ACCEPTED	
doi:10.1016/j.vhri.2025.101501	5	author:doi:10.1016/j.vhri.2025.101501:5	person:eqmember:17875	Jan Busschbach	0000-0002-8602-0381	A5020122364	Jan J.V. Busschbach	0000-0002-8602-0381	EXTERNAL_IDENTIFIER	ACCEPTED	
doi:10.1016/j.vhri.2025.101543	1	author:doi:10.1016/j.vhri.2025.101543:1	person:eqmember:17855	Fredrick Dermawan Purba	0000-0002-7336-3043	A5059806422	Fredrick Dermawan Purba	0000-0002-7336-3043	EXTERNAL_IDENTIFIER	ACCEPTED	
doi:10.1016/j.vhri.2025.101543	2	author:doi:10.1016/j.vhri.2025.101543:2	person:openalex:A5010304307	Grace Helena Firmansyah Putri		A5010304307	Grace Helena Firmansyah Putri		NEW_EXTERNAL_IDENTITY	ACCEPTED	
doi:10.1016/j.vhri.2025.101543	3	author:doi:10.1016/j.vhri.2025.101543:3	person:openalex:A5117113297	Putu Getsha Pradnyan Rarasati Mudita		A5117113297	Putu Getsha Pradnyan Rarasati Mudita		NEW_EXTERNAL_IDENTITY	ACCEPTED	
doi:10.1136/archdischild-2025-329475	1	author:doi:10.1136/archdischild-2025-329475:1	person:orcid:0000-0002-5332-5226	Renee Jones	0000-0002-5332-5226	A5026739115	Renée K. Jones		EXTERNAL_IDENTIFIER	ACCEPTED	
doi:10.1136/archdischild-2025-329475	2	author:doi:10.1136/archdischild-2025-329475:2	person:eqmember:17946	Nancy Devlin		A5130545239	Nancy Devlin		EXACT_CANONICAL_NAME	ACCEPTED	
doi:10.1136/archdischild-2025-329475	3	author:doi:10.1136/archdischild-2025-329475:3	person:leader:50cca9cff5d9	Kim Dalziel	0000-0003-4972-8871	A5078953009	Kim Dalziel	0000-0003-4972-8871	EXTERNAL_IDENTIFIER	ACCEPTED	
doi:10.1136/archdischild-2025-329475	4	author:doi:10.1136/archdischild-2025-329475:4	person:orcid:0000-0002-6451-2713	Rachel O’Loughlin	0000-0002-6451-2713	A5016874302	Rachel O’Loughlin	0000-0002-6451-2713	EXTERNAL_IDENTIFIER	ACCEPTED	
doi:10.1136/archdischild-2025-329475	5	author:doi:10.1136/archdischild-2025-329475:5	person:eqmember:17807	Brendan Mulhern		A5130561902	Brendan Mulhern		EXACT_CANONICAL_NAME	ACCEPTED	
doi:10.1136/archdischild-2025-329475	6	author:doi:10.1136/archdischild-2025-329475:6	person:openalex:A5130602985	Mary White	0000-0002-8636-239x	A5130602985	Mary White		NEW_EXTERNAL_IDENTITY	ACCEPTED	
doi:10.1136/archdischild-2025-329475	7	author:doi:10.1136/archdischild-2025-329475:7	person:openalex:A5075516243	Shivanthan Shanthikumar	0000-0001-6000-3180	A5075516243	Shivanthan Shanthikumar	0000-0001-6000-3180	NEW_EXTERNAL_IDENTITY	ACCEPTED	
doi:10.1136/archdischild-2025-329475	8	author:doi:10.1136/archdischild-2025-329475:8	person:openalex:A5130590408	Katherine Chen		A5130590408	Katherine Chen		NEW_EXTERNAL_IDENTITY	ACCEPTED	
doi:10.1136/archdischild-2025-329475	9	author:doi:10.1136/archdischild-2025-329475:9	person:openalex:A5080066908	Mihiri Silva	0000-0002-5950-3978	A5080066908	Mihiri Jacintha Silva		NEW_EXTERNAL_IDENTITY	ACCEPTED	
doi:10.1136/archdischild-2025-329475	10	author:doi:10.1136/archdischild-2025-329475:10	person:openalex:A5093786284	Elizabeth Walkley		A5093786284	Elizabeth Walkley		NEW_EXTERNAL_IDENTITY	ACCEPTED	
doi:10.1136/archdischild-2025-329475	11	author:doi:10.1136/archdischild-2025-329475:11	person:orcid:0000-0002-5692-8882	Lee Constable		A5057363004	Lee Constable		EXTERNAL_IDENTIFIER	ACCEPTED	
doi:10.1136/archdischild-2025-329475	12	author:doi:10.1136/archdischild-2025-329475:12	person:orcid:0000-0003-3017-2770	Harriet Hiscock	0000-0003-3017-2770	A5065534878	Harriet Hiscock	0000-0003-3017-2770	EXTERNAL_IDENTIFIER	ACCEPTED	
doi:10.1177/0272989x261446644	1	author:doi:10.1177/0272989x261446644:1	person:leader:606823d7ed51	Stevanus Pangestu	0000-0003-2546-9449	A5033743427	Stevanus Pangestu	0000-0003-2546-9449	EXTERNAL_IDENTIFIER	ACCEPTED	
doi:10.1177/0272989x261446644	2	author:doi:10.1177/0272989x261446644:2	person:eqmember:17845	Fanni Rencz	0000-0001-9674-620x	A5076618112	F Rencz		EXTERNAL_IDENTIFIER	ACCEPTED	
doi:10.1177/0272989x261446644	3	author:doi:10.1177/0272989x261446644:3	person:eqmember:17805	Bram Roudijk	0000-0001-5000-0875	A5028508726	Bram Roudijk	0000-0001-5000-0875	EXTERNAL_IDENTIFIER	ACCEPTED	
doi:10.1177/0272989x261446644	4	author:doi:10.1177/0272989x261446644:4	person:eqmember:17855	Fredrick Dermawan Purba	0000-0002-7336-3043	A5059806422	Fredrick Dermawan Purba	0000-0002-7336-3043	EXTERNAL_IDENTIFIER	ACCEPTED	
doi:10.1177/0272989x261446644	5	author:doi:10.1177/0272989x261446644:5	person:eqmember:17934	Michał Jakubczyk	0000-0002-0006-6769	A5015781187	Michał Jakubczyk	0000-0002-0006-6769	EXTERNAL_IDENTIFIER	ACCEPTED	
doi:10.1186/s12955-026-02561-5	1	author:doi:10.1186/s12955-026-02561-5:1	person:orcid:0000-0002-4758-7588	Jonathan L. Nazari		A5137981527	Jonathan L. Nazari		EXACT_CANONICAL_NAME	ACCEPTED	
doi:10.1186/s12955-026-02561-5	2	author:doi:10.1186/s12955-026-02561-5:2	person:openalex:A5103487818	A. Simon Pickard		A5103487818	AS Pickard		NEW_EXTERNAL_IDENTITY	ACCEPTED	
doi:10.1186/s12955-026-02561-5	3	author:doi:10.1186/s12955-026-02561-5:3	person:openalex:A5137930146	Justin Yu		A5137930146	Justin Yu		NEW_EXTERNAL_IDENTITY	ACCEPTED	
doi:10.1186/s12955-026-02561-5	4	author:doi:10.1186/s12955-026-02561-5:4	person:eqmember:19030	Maja Kuharic		A5007210675	Maja Kuharić	0000-0003-3696-9086	EXTERNAL_IDENTIFIER	ACCEPTED	
doi:10.1186/s12955-026-02578-w	1	author:doi:10.1186/s12955-026-02578-w:1	person:eqmember:17998	Tessa Peasgood		A5140631355	Tessa Peasgood		EXACT_CANONICAL_NAME	ACCEPTED	
doi:10.1186/s12955-026-02578-w	2	author:doi:10.1186/s12955-026-02578-w:2	person:orcid:0000-0001-7472-2039	Victoria Gale		A5140586514	Victoria Gale		EXACT_CANONICAL_NAME	ACCEPTED	
doi:10.1186/s12955-026-02578-w	3	author:doi:10.1186/s12955-026-02578-w:3	person:orcid:0000-0002-9768-5389	Aisha Moolla		A5140696524	Aisha Moolla		EXACT_CANONICAL_NAME	ACCEPTED	
doi:10.1186/s12955-026-02578-w	4	author:doi:10.1186/s12955-026-02578-w:4	person:leader:63cb6b329986	Jill Carlton		A5140632085	Jill Carlton		EXACT_CANONICAL_NAME	ACCEPTED	
doi:10.1186/s12955-026-02578-w	5	author:doi:10.1186/s12955-026-02578-w:5	person:eqmember:17819	Clara Mukuria		A5140592939	Clara Mukuria		EXACT_CANONICAL_NAME	ACCEPTED	
doi:10.1186/s12955-026-02579-9	1	author:doi:10.1186/s12955-026-02579-9:1	person:eqmember:21677	Cate Bailey	0000-0001-5030-430x	A5020867003	Cate Bailey	0000-0001-5030-430x	EXTERNAL_IDENTIFIER	ACCEPTED	
doi:10.1186/s12955-026-02579-9	2	author:doi:10.1186/s12955-026-02579-9:2	person:openalex:A5082190751	Karen Trapani	0000-0002-3257-9147	A5082190751	Karen Trapani	0000-0002-3257-9147	NEW_EXTERNAL_IDENTITY	ACCEPTED	
doi:10.1186/s12955-026-02579-9	3	author:doi:10.1186/s12955-026-02579-9:3	person:openalex:A5049910190	Jonathan N. Davies	0000-0001-7838-126x	A5049910190	Jonathan N. Davies	0000-0001-7838-126x	NEW_EXTERNAL_IDENTITY	ACCEPTED	
doi:10.1186/s12955-026-02579-9	4	author:doi:10.1186/s12955-026-02579-9:4	person:openalex:A5028609651	Nicholas T. Van Dam	0000-0002-1131-0739	A5028609651	Nicholas T. Van Dam	0000-0002-1131-0739	NEW_EXTERNAL_IDENTITY	ACCEPTED	
doi:10.1186/s12955-026-02579-9	5	author:doi:10.1186/s12955-026-02579-9:5	person:openalex:A5010988882	Julieta Galante	0000-0002-4108-5341	A5010988882	Julieta Galante	0000-0002-4108-5341	NEW_EXTERNAL_IDENTITY	ACCEPTED	
doi:10.1186/s12955-026-02579-9	6	author:doi:10.1186/s12955-026-02579-9:6	person:eqmember:17998	Tessa Peasgood	0000-0001-8024-7801	A5022446221	Tessa Peasgood	0000-0001-8024-7801	EXTERNAL_IDENTIFIER	ACCEPTED	
doi:10.1186/s12955-026-02581-1	1	author:doi:10.1186/s12955-026-02581-1:1	person:leader:320b99af03c2	Maria Belizan	0000-0002-8739-5249	A5058351382	María Belizán	0000-0002-8739-5249	EXTERNAL_IDENTIFIER	ACCEPTED	
doi:10.1186/s12955-026-02581-1	2	author:doi:10.1186/s12955-026-02581-1:2	person:openalex:A5008674497	Natalí Ini	0009-0002-9411-0851	A5008674497	Natalí Ini	0009-0002-9411-0851	NEW_EXTERNAL_IDENTITY	ACCEPTED	
doi:10.1186/s12955-026-02581-1	3	author:doi:10.1186/s12955-026-02581-1:3	person:leader:dd5e12d302df	Fernando Argento	0000-0002-2492-8933	A5021426515	Fernando Argento	0000-0002-2492-8933	EXTERNAL_IDENTIFIER	ACCEPTED	
doi:10.1186/s12955-026-02581-1	4	author:doi:10.1186/s12955-026-02581-1:4	person:eqmember:17930	Michael Herdman	0000-0002-8189-5357	A5006750775	Michael Herdman	0000-0002-8189-5357	EXTERNAL_IDENTIFIER	ACCEPTED	
doi:10.1186/s12955-026-02581-1	5	author:doi:10.1186/s12955-026-02581-1:5	person:eqmember:17819	Clara Mukuria	0000-0003-4318-1481	A5043083823	Clara Mukuria	0000-0003-4318-1481	EXTERNAL_IDENTIFIER	ACCEPTED	
doi:10.1186/s12955-026-02581-1	6	author:doi:10.1186/s12955-026-02581-1:6	person:eqmember:17849	Federico Augustovski	0000-0002-2914-5022	A5053077563	Federico Augustovski	0000-0002-2914-5022	EXTERNAL_IDENTIFIER	ACCEPTED	
doi:10.12688/wellcomeopenres.21408.2	1	author:doi:10.12688/wellcomeopenres.21408.2:1	person:leader:0a4ba2690908	Paul Schneider					EXACT_CANONICAL_NAME	ACCEPTED	no unique OpenAlex authorship alignment
doi:10.12688/wellcomeopenres.21408.2	2	author:doi:10.12688/wellcomeopenres.21408.2:2	person:eqmember:17905	Kristina Ludwig					EXACT_CANONICAL_NAME	ACCEPTED	no unique OpenAlex authorship alignment
doi:10.12688/wellcomeopenres.21408.2	3	author:doi:10.12688/wellcomeopenres.21408.2:3	person:eqmember:17958	Ole Marten	0000-0002-2576-9110				EXTERNAL_IDENTIFIER	ACCEPTED	no unique OpenAlex authorship alignment
doi:10.12688/wellcomeopenres.21408.2	4	author:doi:10.12688/wellcomeopenres.21408.2:4	person:leader:4a5cd1710c94	Emily McDool					EXACT_CANONICAL_NAME	ACCEPTED	no unique OpenAlex authorship alignment
doi:10.12688/wellcomeopenres.21408.2	5	author:doi:10.12688/wellcomeopenres.21408.2:5	person:eqmember:17998	Tessa Peasgood					EXACT_CANONICAL_NAME	ACCEPTED	no unique OpenAlex authorship alignment
doi:10.12688/wellcomeopenres.21408.2	6	author:doi:10.12688/wellcomeopenres.21408.2:6	person:eqmember:17946	Nancy Devlin					EXACT_CANONICAL_NAME	ACCEPTED	no unique OpenAlex authorship alignment
doi:10.12688/wellcomeopenres.21408.2	7	author:doi:10.12688/wellcomeopenres.21408.2:7	person:eqmember:17901	Koonal Shah					EXACT_CANONICAL_NAME	ACCEPTED	no unique OpenAlex authorship alignment
doi:10.12688/wellcomeopenres.21408.2	8	author:doi:10.12688/wellcomeopenres.21408.2:8	person:eqmember:17885	John Brazier					EXACT_CANONICAL_NAME	ACCEPTED	no unique OpenAlex authorship alignment
doi:10.12688/wellcomeopenres.21408.2	9	author:doi:10.12688/wellcomeopenres.21408.2:9	person:eqmember:18010	Wolfgang Greiner					EXACT_CANONICAL_NAME	ACCEPTED	no unique OpenAlex authorship alignment
doi:10.12688/wellcomeopenres.21408.2	10	author:doi:10.12688/wellcomeopenres.21408.2:10	person:eqmember:17819	Clara Mukuria	0000-0003-4318-1481				EXTERNAL_IDENTIFIER	ACCEPTED	no unique OpenAlex authorship alignment
doi:10.21203/rs.3.rs-2423517/v1	1	author:doi:10.21203/rs.3.rs-2423517/v1:1	person:eqmember:19030	Maja Kuharić	0000-0003-3696-9086	A5007210675	Maja Kuharić	0000-0003-3696-9086	EXTERNAL_IDENTIFIER	ACCEPTED	
doi:10.21203/rs.3.rs-2423517/v1	2	author:doi:10.21203/rs.3.rs-2423517/v1:2	person:openalex:A5080865059	Lisa K. Sharp	0000-0002-7809-9042	A5080865059	Lisa K. Sharp	0000-0002-7809-9042	EXTERNAL_IDENTIFIER	ACCEPTED	
doi:10.21203/rs.3.rs-2423517/v1	3	author:doi:10.21203/rs.3.rs-2423517/v1:3	person:openalex:A5079545906	Robin S. Turpin		A5079545906	Robin S. Turpin		EXTERNAL_IDENTIFIER	ACCEPTED	
doi:10.21203/rs.3.rs-2423517/v1	4	author:doi:10.21203/rs.3.rs-2423517/v1:4	person:eqmember:17807	Brendan Mulhern	0000-0003-3656-8063	A5090013218	Brendan Mulhern	0000-0003-3656-8063	EXTERNAL_IDENTIFIER	ACCEPTED	
doi:10.21203/rs.3.rs-2423517/v1	5	author:doi:10.21203/rs.3.rs-2423517/v1:5	person:orcid:0000-0003-3619-5367	Todd A. Lee	0000-0003-3619-5367	A5046614364	Todd A. Lee	0000-0003-3619-5367	EXTERNAL_IDENTIFIER	ACCEPTED	
doi:10.21203/rs.3.rs-2423517/v1	6	author:doi:10.21203/rs.3.rs-2423517/v1:6	person:openalex:A5065396071	Chloe Elizabeth Grace Rose		A5065396071	Chloe Elizabeth Grace Rose		EXTERNAL_IDENTIFIER	ACCEPTED	
doi:10.21203/rs.3.rs-2423517/v1	7	author:doi:10.21203/rs.3.rs-2423517/v1:7	person:leader:b95f9aa0caf2	A Monteiro	0000-0001-9763-3485	A5024494805	A Monteiro	0000-0001-9763-3485	EXTERNAL_IDENTIFIER	ACCEPTED	
doi:10.21203/rs.3.rs-2423517/v1	8	author:doi:10.21203/rs.3.rs-2423517/v1:8	person:eqmember:17988	A. Simon Pickard	0000-0001-5645-7091	A5058888906	A. Simon Pickard	0000-0001-5645-7091	EXTERNAL_IDENTIFIER	ACCEPTED	
doi:10.22541/au.169215780.00019852/v1	1	author:doi:10.22541/au.169215780.00019852/v1:1	person:leader:73598c4735dd	Wenjing Zhou	0000-0003-0770-4564	A5080372262	Wenjing Zhou	0000-0003-0770-4564	EXTERNAL_IDENTIFIER	ACCEPTED	
doi:10.22541/au.169215780.00019852/v1	2	author:doi:10.22541/au.169215780.00019852/v1:2	person:orcid:0000-0001-8771-6578	Bo Ding	0000-0001-8771-6578	A5088184178	Bo Ding	0000-0001-8771-6578	EXTERNAL_IDENTIFIER	ACCEPTED	
doi:10.22541/au.169215780.00019852/v1	3	author:doi:10.22541/au.169215780.00019852/v1:3	person:eqmember:18019	Zhihao Yang	0000-0001-5468-0847	A5028809099	Zhihao Yang	0000-0001-5468-0847	EXTERNAL_IDENTIFIER	ACCEPTED	
doi:10.22541/au.169215780.00019852/v1	4	author:doi:10.22541/au.169215780.00019852/v1:4	person:eqmember:17930	Michael Herdman	0000-0003-0423-6005	A5101442953	Michael Herdman	0000-0003-0423-6005	EXTERNAL_IDENTIFIER	ACCEPTED	
doi:10.22541/au.169215780.00019852/v1	5	author:doi:10.22541/au.169215780.00019852/v1:5	person:orcid:0000-0002-8314-8259	Bin Wu	0000-0002-8314-8259	A5103219361	Bin Wu	0000-0002-8314-8259	EXTERNAL_IDENTIFIER	ACCEPTED	
doi:10.22541/au.169215780.00019852/v1	6	author:doi:10.22541/au.169215780.00019852/v1:6	person:leader:fa3dd095d626	Pei Wang	0000-0003-3661-3944	A5100462659	Pei Wang	0000-0003-3661-3944	EXTERNAL_IDENTIFIER	ACCEPTED	
doi:10.22541/au.169215780.00019852/v1	7	author:doi:10.22541/au.169215780.00019852/v1:7	person:eqmember:17875	Jan J.V. Busschbach	0000-0002-8602-0381	A5020122364	Jan J.V. Busschbach	0000-0002-8602-0381	EXTERNAL_IDENTIFIER	ACCEPTED	
doi:10.22541/au.169215780.00019852/v1	8	author:doi:10.22541/au.169215780.00019852/v1:8	person:eqmember:17944	Nan Luo	0000-0001-7980-6979	A5064398143	Nan Luo	0000-0001-7980-6979	EXTERNAL_IDENTIFIER	ACCEPTED	
doi:10.22541/au.169215780.00019852/v1	9	author:doi:10.22541/au.169215780.00019852/v1:9	person:orcid:0000-0001-5559-2574	Yanming Lu	0000-0001-5559-2574	A5101609487	Yanming Lu	0000-0001-5559-2574	EXTERNAL_IDENTIFIER	ACCEPTED	
doi:10.3390/econometrics11010004	1	author:doi:10.3390/econometrics11010004:1	person:leader:6fe4e81455db	Maksat Jumamyradov	0009-0008-0180-7224	A5067862987	Maksat Jumamyradov	0009-0008-0180-7224	EXTERNAL_IDENTIFIER	ACCEPTED	
doi:10.3390/econometrics11010004	2	author:doi:10.3390/econometrics11010004:2	person:eqmember:19813	Benjamin M. Craig	0000-0003-1121-1316	A5029949490	Benjamin M. Craig	0000-0003-1121-1316	EXTERNAL_IDENTIFIER	ACCEPTED	
doi:10.3390/econometrics11010004	3	author:doi:10.3390/econometrics11010004:3	person:openalex:A5063084519	Murat Munkin	0000-0001-8929-3572	A5063084519	Murat K. Munkin	0000-0001-8929-3572	EXTERNAL_IDENTIFIER	ACCEPTED	
doi:10.3390/econometrics11010004	4	author:doi:10.3390/econometrics11010004:4	person:openalex:A5025774387	William Greene	0000-0003-0347-2604	A5014400133	William H. Greene	0000-0003-0347-2604	EXACT_CANONICAL_NAME	ACCEPTED	
doi:10.36469/001c.145813	1	author:doi:10.36469/001c.145813:1	person:eqmember:17877	Janine Verstraete	0000-0002-1148-4747	A5006452129	Janine Verstraete	0000-0002-1148-4747	EXTERNAL_IDENTIFIER	ACCEPTED	
doi:10.36469/001c.145813	2	author:doi:10.36469/001c.145813:2	person:openalex:A5001166372	Marco Zampoli	0000-0002-6899-6137	A5001166372	Marco Zampoli	0000-0002-6899-6137	NEW_EXTERNAL_IDENTITY	ACCEPTED	
doi:10.36469/001c.145813	3	author:doi:10.36469/001c.145813:3	person:openalex:A5051988707	Alan Davidson	0000-0002-4646-4332	A5051988707	Alan Davidson	0000-0002-4646-4332	NEW_EXTERNAL_IDENTITY	ACCEPTED	
doi:10.36469/001c.145813	4	author:doi:10.36469/001c.145813:4	person:openalex:A5051372183	Marc Hendricks	0000-0002-3636-0994	A5051372183	Marc Hendricks	0000-0002-3636-0994	NEW_EXTERNAL_IDENTITY	ACCEPTED	
doi:10.36469/001c.145813	5	author:doi:10.36469/001c.145813:5	person:openalex:A5075102472	Helder De Quintal	0000-0003-3796-4420	A5075102472	Helder De Quintal	0000-0003-3796-4420	NEW_EXTERNAL_IDENTITY	ACCEPTED	
doi:10.36469/001c.145813	6	author:doi:10.36469/001c.145813:6	person:openalex:A5045403219	Yasmin Goga	0000-0002-6740-2376	A5045403219	Yasmin Goga	0000-0002-6740-2376	NEW_EXTERNAL_IDENTITY	ACCEPTED	
doi:10.36469/001c.145813	7	author:doi:10.36469/001c.145813:7	person:openalex:A5003148807	Jo M. Wilmshurst	0000-0001-7328-1796	A5003148807	Jo M. Wilmshurst	0000-0001-7328-1796	NEW_EXTERNAL_IDENTITY	ACCEPTED	
doi:10.36469/001c.145813	8	author:doi:10.36469/001c.145813:8	person:openalex:A5112697096	Alvin Ndondo		A5112697096	Alvin Ndondo		NEW_EXTERNAL_IDENTITY	ACCEPTED	
doi:10.36469/001c.145813	9	author:doi:10.36469/001c.145813:9	person:openalex:A5111502485	Gillian Riordan	0000-0003-2698-9948	A5111502485	Gillian Riordan	0000-0003-2698-9948	NEW_EXTERNAL_IDENTITY	ACCEPTED	
doi:10.36469/001c.145813	10	author:doi:10.36469/001c.145813:10	person:openalex:A5031673823	Ronalda De Lacy		A5031673823	Ronalda De Lacy		NEW_EXTERNAL_IDENTITY	ACCEPTED	
doi:10.36469/001c.145813	11	author:doi:10.36469/001c.145813:11	person:openalex:A5012208098	Mignon McCulloch	0000-0003-2876-4785	A5012208098	Mignon McCulloch	0000-0003-2876-4785	NEW_EXTERNAL_IDENTITY	ACCEPTED	
doi:10.36469/001c.145813	12	author:doi:10.36469/001c.145813:12	person:openalex:A5041379430	D.S. Reddy	0000-0001-5575-7586	A5041379430	D.S. Reddy	0000-0001-5575-7586	NEW_EXTERNAL_IDENTITY	ACCEPTED	
doi:10.36469/001c.145813	13	author:doi:10.36469/001c.145813:13	person:openalex:A5016055826	Lasse Herdien	0000-0001-5961-8962	A5016055826	Lasse Herdien	0000-0001-5961-8962	NEW_EXTERNAL_IDENTITY	ACCEPTED	
