record_id	source_record_id	paper_id	article_path	article_sha256	article_bytes	xml_path	xml_sha256	xml_bytes	coverage_reason	metadata_path	metadata_sha256	input_path	input_sha256	input_bytes	task_sha256	ontology_sha256	vocabulary_sha256	normalization_registry_sha256	normalization_aliases_sha256	metadata_repair	work_id	project_ids	pdf_path	pdf_sha256	pdf_bytes	metadata_source_paths	metadata_enrichment
V2-P001	G001	10.1007/s40273-018-0615-8	corpus/2012020/doi_10.1007_s40273-018-0615-8.md	ce4008f8960d9f27e76693f2f31fd1b2b043c3b86ccef599e799a745c444849f	48419	input/projects/2012020/papers/doi_10.1007_s40273-018-0615-8.xml	a4d85be57bdad3a0ea02b266175df164eb45cee73db85f8631839be04e84969c	83414	frozen 209-paper JATS corpus	pilot/ontology-development-v4/production/person-citation-sprint/prepared-author-repair/metadata/V2-P001.json	02d70192570bc905afa12ab260bf2ed2d365f8be4f18dc2f9fe75cf7d11ab406	pilot/ontology-development-v4/production/prepared-rebuild-v2-v013/inputs/V2-P001.md	2c524050f070b7160c432a8e138100ee8ff5d495a2e357bc84b8e431a4b811a6	94741	5876c7a0636920df49ae04a515854244e78455f9e4d9a69bb2dba6674d322221	495c3be0bb3284343931ea7527177210d22d5aab617dc051bd70895fb3fe7a53	d60b00a82f40f79ab7e43a2f91a3444c932fc6394d3d5e2dfbf3a7fc3f75cd0c	9a5e2dc3e3ef4941ad902a77d17ebb2b4578031e77334c068524231815980fe6	a50d22be3eebc2a79cf3f62af90ea2364f9f2a7046453995786dcc5c94bcd863	TOP_LEVEL_JATS_CONTRIBUTORS_ONLY							
V2-P002	G002	10.1007/s40271-025-00735-9	corpus/2016260/doi_10.1007_s40271-025-00735-9.md	de80a5d62b8403bae87fb1884f304bbf58adb21e38e37f84f3f2ec339559ca42	112933	input/projects/2016260/papers/doi_10.1007_s40271-025-00735-9.xml	627e3aa895a17583b844b0fcab39ad9b7d4d37a905f5d1e020708e78569c1b65	178252	frozen 209-paper JATS corpus	pilot/ontology-development-v4/production/person-citation-sprint/prepared-author-repair/metadata/V2-P002.json	c5e3d3ba20ed1328fc7b8a5decfcdadd8662f267bc3353b271f18eab3baec668	pilot/ontology-development-v4/production/prepared-rebuild-v2-v013/inputs/V2-P002.md	829882b66dc49f68b5559c7f1b7cc26fd58c274b3dbef41fbd69d004d283e2fe	162750	5876c7a0636920df49ae04a515854244e78455f9e4d9a69bb2dba6674d322221	495c3be0bb3284343931ea7527177210d22d5aab617dc051bd70895fb3fe7a53	d60b00a82f40f79ab7e43a2f91a3444c932fc6394d3d5e2dfbf3a7fc3f75cd0c	9a5e2dc3e3ef4941ad902a77d17ebb2b4578031e77334c068524231815980fe6	a50d22be3eebc2a79cf3f62af90ea2364f9f2a7046453995786dcc5c94bcd863	TOP_LEVEL_JATS_CONTRIBUTORS_ONLY							
V2-P003	G003	10.1007/s10198-025-01769-4	corpus/1508-RA/doi_10.1007_s10198-025-01769-4.md	5aeb8d6b2307857d7cfd092368a992685d86ab149249d8db3b4d03dc4468c324	78866	input/projects/1508-RA/papers/doi_10.1007_s10198-025-01769-4.xml	425cbde1851b620a1a1ef8d597d4ae33c1e1672d14c08674b4e9609a48617dd2	142977	frozen 209-paper JATS corpus	pilot/ontology-development-v4/production/person-citation-sprint/prepared-author-repair/metadata/V2-P003.json	79568baccfbc620ed0aec435724f63cc69a1034421a4329e21c265ca3c05d39d	pilot/ontology-development-v4/production/prepared-rebuild-v2-v013/inputs/V2-P003.md	d93c0d7b8799c3572d4222363c180d56069508a942cddad00f9c57fb788b599e	127809	5876c7a0636920df49ae04a515854244e78455f9e4d9a69bb2dba6674d322221	495c3be0bb3284343931ea7527177210d22d5aab617dc051bd70895fb3fe7a53	d60b00a82f40f79ab7e43a2f91a3444c932fc6394d3d5e2dfbf3a7fc3f75cd0c	9a5e2dc3e3ef4941ad902a77d17ebb2b4578031e77334c068524231815980fe6	a50d22be3eebc2a79cf3f62af90ea2364f9f2a7046453995786dcc5c94bcd863	TOP_LEVEL_JATS_CONTRIBUTORS_ONLY							
V2-P004	G004	10.1007/s11136-026-04223-x	corpus/429-RA/doi_10.1007_s11136-026-04223-x.md	5266d9a9ea95e329ff9e5e1e46f124ffe129051b75fd16ce030459f108d798fe	49434	input/projects/429-RA/papers/doi_10.1007_s11136-026-04223-x.xml	65ae57046de369fa94d69b7ba772e367a6e666ecf03b434067c7afe07f579194	81976	frozen 209-paper JATS corpus	pilot/ontology-development-v4/production/person-citation-sprint/prepared-author-repair/metadata/V2-P004.json	dc48d6e2c1f7a66e53c9e3fcd1adfcb299aac1520ce74adf149925ea9620a5df	pilot/ontology-development-v4/production/prepared-rebuild-v2-v013/inputs/V2-P004.md	043cd5e6d6fb215c088342fe9b5bc8ccae2d64d4b42742ce3e2927ec96e064e4	100700	5876c7a0636920df49ae04a515854244e78455f9e4d9a69bb2dba6674d322221	495c3be0bb3284343931ea7527177210d22d5aab617dc051bd70895fb3fe7a53	d60b00a82f40f79ab7e43a2f91a3444c932fc6394d3d5e2dfbf3a7fc3f75cd0c	9a5e2dc3e3ef4941ad902a77d17ebb2b4578031e77334c068524231815980fe6	a50d22be3eebc2a79cf3f62af90ea2364f9f2a7046453995786dcc5c94bcd863	TOP_LEVEL_JATS_CONTRIBUTORS_ONLY							
V2-P005	G005	10.1007/s40271-024-00715-5	corpus/150-RA/doi_10.1007_s40271-024-00715-5.md	19259d3a21512fdd2c1e447fe6e44febcbd2388f57eabe3431d298282c222d05	62053	input/projects/150-RA/papers/doi_10.1007_s40271-024-00715-5.xml	3229a5eede9e1230b0b20cb28fa6587ba5269688e0ec8ad7f27417badf07061b	95270	frozen 209-paper JATS corpus	pilot/ontology-development-v4/production/person-citation-sprint/prepared-author-repair/metadata/V2-P005.json	7e632696a77129eabc6556626700844b4bd387d2600486e092aa8f5c1ca80984	pilot/ontology-development-v4/production/prepared-rebuild-v2-v013/inputs/V2-P005.md	60f32945ba57182fbaff3445d39e82df0936b09ecc0f6219cf70ef01ec91cdfa	112194	5876c7a0636920df49ae04a515854244e78455f9e4d9a69bb2dba6674d322221	495c3be0bb3284343931ea7527177210d22d5aab617dc051bd70895fb3fe7a53	d60b00a82f40f79ab7e43a2f91a3444c932fc6394d3d5e2dfbf3a7fc3f75cd0c	9a5e2dc3e3ef4941ad902a77d17ebb2b4578031e77334c068524231815980fe6	a50d22be3eebc2a79cf3f62af90ea2364f9f2a7046453995786dcc5c94bcd863	TOP_LEVEL_JATS_CONTRIBUTORS_ONLY							
V2-P006	G006	10.1007/s11136-018-1985-2	corpus/2015400/doi_10.1007_s11136-018-1985-2.md	363625c754d379c479f786321eb244e48678aacfa36d92fe001dd38ac3247539	71162	input/projects/2015400/papers/doi_10.1007_s11136-018-1985-2.xml	19dbf59e5b15b068173889c41d6bbdab5b34ab08b194adbff790c1964731ebb5	147707	frozen 209-paper JATS corpus	pilot/ontology-development-v4/production/person-citation-sprint/prepared-author-repair/metadata/V2-P006.json	f79f154ca0b93df042d9b0d940c6288fd5c8f9075007c77511cbf6bdf0ee9e14	pilot/ontology-development-v4/production/prepared-rebuild-v2-v013/inputs/V2-P006.md	e0cb03476739dfcc31fb3f69559390d9b9b2645145cc706c6e3a51ba3f4cf1df	120603	5876c7a0636920df49ae04a515854244e78455f9e4d9a69bb2dba6674d322221	495c3be0bb3284343931ea7527177210d22d5aab617dc051bd70895fb3fe7a53	d60b00a82f40f79ab7e43a2f91a3444c932fc6394d3d5e2dfbf3a7fc3f75cd0c	9a5e2dc3e3ef4941ad902a77d17ebb2b4578031e77334c068524231815980fe6	a50d22be3eebc2a79cf3f62af90ea2364f9f2a7046453995786dcc5c94bcd863	TOP_LEVEL_JATS_CONTRIBUTORS_ONLY							
V2-P007	G007	10.1007/s40273-019-00854-w	corpus/2016230/doi_10.1007_s40273-019-00854-w.md	68f45ea10e7e3e77cad9ebad14637b5c1f2f2109e34b67f380cce6c050127b6c	113530	input/projects/2016230/papers/doi_10.1007_s40273-019-00854-w.xml	a2f7a83ddbccff96e0bf913327025b2e1f1a9f01caa399629d767fbd414eee98	208051	frozen 209-paper JATS corpus	pilot/ontology-development-v4/production/person-citation-sprint/prepared-author-repair/metadata/V2-P007.json	0036deb7dc8d50f84dc89fa37ae2b35899307e9090352c4178f0a0e2cf60b7d1	pilot/ontology-development-v4/production/prepared-rebuild-v2-v013/inputs/V2-P007.md	b8d1bfc81d93407c8e321196beebe4e8bd4c837b738d53d59b24d27f3da213d2	160527	5876c7a0636920df49ae04a515854244e78455f9e4d9a69bb2dba6674d322221	495c3be0bb3284343931ea7527177210d22d5aab617dc051bd70895fb3fe7a53	d60b00a82f40f79ab7e43a2f91a3444c932fc6394d3d5e2dfbf3a7fc3f75cd0c	9a5e2dc3e3ef4941ad902a77d17ebb2b4578031e77334c068524231815980fe6	a50d22be3eebc2a79cf3f62af90ea2364f9f2a7046453995786dcc5c94bcd863	TOP_LEVEL_JATS_CONTRIBUTORS_ONLY							
V2-P008	G008	10.1186/s41687-023-00560-4	corpus/20190200/doi_10.1186_s41687-023-00560-4.md	2b0b92df4d11b6cf42011484f45492f87ed69e4b0c6e74f8fd40ebe4fd6dd74b	116878	input/projects/20190200/papers/doi_10.1186_s41687-023-00560-4.xml	ebefe1f5e2a7334d236022e14d9f2d872ba6ab0090c525e006ef33986dd6910f	189500	frozen 209-paper JATS corpus	pilot/ontology-development-v4/production/person-citation-sprint/prepared-author-repair/metadata/V2-P008.json	c602e33032b23dc0a0a80fefd7d6d9316a10fd09606f6eb1e3948fb5d7978730	pilot/ontology-development-v4/production/prepared-rebuild-v2-v013/inputs/V2-P008.md	ca970276a5de2ffb16bb5c2bbd7377fb0ba0c2b048e2d309198b818b872fe27d	165653	5876c7a0636920df49ae04a515854244e78455f9e4d9a69bb2dba6674d322221	495c3be0bb3284343931ea7527177210d22d5aab617dc051bd70895fb3fe7a53	d60b00a82f40f79ab7e43a2f91a3444c932fc6394d3d5e2dfbf3a7fc3f75cd0c	9a5e2dc3e3ef4941ad902a77d17ebb2b4578031e77334c068524231815980fe6	a50d22be3eebc2a79cf3f62af90ea2364f9f2a7046453995786dcc5c94bcd863	TOP_LEVEL_JATS_CONTRIBUTORS_ONLY							
V2-P009	G009	10.1038/s41433-023-02860-x	corpus/341-RA/doi_10.1038_s41433-023-02860-x.md	6a27dd1b66faeb7e4095b044a2f9b8df67dc165bf02ff8811dbcc59b536643d6	71413	input/projects/341-RA/papers/doi_10.1038_s41433-023-02860-x.xml	f0cfc7babf470ce52123902331f18766b073f6fb9ef5bf99ff37355be5b08b53	117778	frozen 209-paper JATS corpus	pilot/ontology-development-v4/production/person-citation-sprint/prepared-author-repair/metadata/V2-P009.json	de941e404ef096a8d047c91dcc264c4304e1a2709b09e866c262f2ff61dfa5c6	pilot/ontology-development-v4/production/prepared-rebuild-v2-v013/inputs/V2-P009.md	74dc2c7b468367058b34ace18ca6209e84058ab7b3a734f63d3d386bd7eb8e7b	123404	5876c7a0636920df49ae04a515854244e78455f9e4d9a69bb2dba6674d322221	495c3be0bb3284343931ea7527177210d22d5aab617dc051bd70895fb3fe7a53	d60b00a82f40f79ab7e43a2f91a3444c932fc6394d3d5e2dfbf3a7fc3f75cd0c	9a5e2dc3e3ef4941ad902a77d17ebb2b4578031e77334c068524231815980fe6	a50d22be3eebc2a79cf3f62af90ea2364f9f2a7046453995786dcc5c94bcd863	TOP_LEVEL_JATS_CONTRIBUTORS_ONLY							
V2-P010	G010	10.1186/s12891-024-07304-5	corpus/445-RA/doi_10.1186_s12891-024-07304-5.md	866438ce4bdc844c0cc7a3929828e48acfe2aab09c5d6b7461a5fec9219f4997	57114	input/projects/445-RA/papers/doi_10.1186_s12891-024-07304-5.xml	920a122e8165a0c90167182b4c75534aa72af47dd9064bd7d6b133633bb6dc02	87207	frozen 209-paper JATS corpus	pilot/ontology-development-v4/production/person-citation-sprint/prepared-author-repair/metadata/V2-P010.json	d59ca26cca2d33a89683951719c60983c969822e47dcf057c075abc5fdbb1a2f	pilot/ontology-development-v4/production/prepared-rebuild-v2-v013/inputs/V2-P010.md	a4a69485a4482c8ea859c5c4bfeec2f24cf33e3bfe6d8b43751bbf93e38398ba	105771	5876c7a0636920df49ae04a515854244e78455f9e4d9a69bb2dba6674d322221	495c3be0bb3284343931ea7527177210d22d5aab617dc051bd70895fb3fe7a53	d60b00a82f40f79ab7e43a2f91a3444c932fc6394d3d5e2dfbf3a7fc3f75cd0c	9a5e2dc3e3ef4941ad902a77d17ebb2b4578031e77334c068524231815980fe6	a50d22be3eebc2a79cf3f62af90ea2364f9f2a7046453995786dcc5c94bcd863	TOP_LEVEL_JATS_CONTRIBUTORS_ONLY							
V2-P011	G011	10.1213/ane.0000000000007107	corpus/1483-TVG/doi_10.1213_ane.0000000000007107.md	46894a0a2caf783ddeed15e6c822abcc1444a18dc7b1ad824a631c826f233f5a	93921	input/projects/1483-TVG/papers/doi_10.1213_ane.0000000000007107.xml	29b8e49882800ec858ac6d8027cb8d474b27e857dd132b9b4b10f05886bab8a0	141944	frozen 209-paper JATS corpus	pilot/ontology-development-v4/production/person-citation-sprint/prepared-author-repair/metadata/V2-P011.json	6ee69b433a19c07c55e3475d5158feb98df12df6b54335ab9ccf532521903c8d	pilot/ontology-development-v4/production/prepared-rebuild-v2-v013/inputs/V2-P011.md	0d4fbf3f258ad955ef69e1a8c29e8fd1ca8d6f50b7c6e567a3f9721323b0e694	141966	5876c7a0636920df49ae04a515854244e78455f9e4d9a69bb2dba6674d322221	495c3be0bb3284343931ea7527177210d22d5aab617dc051bd70895fb3fe7a53	d60b00a82f40f79ab7e43a2f91a3444c932fc6394d3d5e2dfbf3a7fc3f75cd0c	9a5e2dc3e3ef4941ad902a77d17ebb2b4578031e77334c068524231815980fe6	a50d22be3eebc2a79cf3f62af90ea2364f9f2a7046453995786dcc5c94bcd863	TOP_LEVEL_JATS_CONTRIBUTORS_ONLY							
V2-P012	G012	10.1186/s41687-024-00761-5	corpus/20190200/doi_10.1186_s41687-024-00761-5.md	b8f909cd41f6e78a60f33357e8ead8d5b7e5956785ab9364a33cd4c0a446d693	72470	input/projects/20190200/papers/doi_10.1186_s41687-024-00761-5.xml	f95d7846564d18d6ef81cb1a105f19785e6dfe0bc4732926b472f4e4166fb4fb	109477	frozen 209-paper JATS corpus	pilot/ontology-development-v4/production/person-citation-sprint/prepared-author-repair/metadata/V2-P012.json	ef64c881134500881f549649bd3f9ce92508a54d63d8d5ca0702384317b3a8f5	pilot/ontology-development-v4/production/prepared-rebuild-v2-v013/inputs/V2-P012.md	e1fbc4b068491d942324b12cd47b22c73d18b21fd832d28620b6291b98c99480	122057	5876c7a0636920df49ae04a515854244e78455f9e4d9a69bb2dba6674d322221	495c3be0bb3284343931ea7527177210d22d5aab617dc051bd70895fb3fe7a53	d60b00a82f40f79ab7e43a2f91a3444c932fc6394d3d5e2dfbf3a7fc3f75cd0c	9a5e2dc3e3ef4941ad902a77d17ebb2b4578031e77334c068524231815980fe6	a50d22be3eebc2a79cf3f62af90ea2364f9f2a7046453995786dcc5c94bcd863	TOP_LEVEL_JATS_CONTRIBUTORS_ONLY							
V2-P013	G013	10.1007/s11136-026-04230-y	corpus/1557-RA/doi_10.1007_s11136-026-04230-y.md	fc3cd1d5d1f416d96c470f1e6fc896d0e2611608d2b9ce61e6f558da9d16ef1b	68823	input/projects/1557-RA/papers/doi_10.1007_s11136-026-04230-y.xml	ab6a51b16fd7785ff1e29018cd5e659f8f0aaaa276dab7480be8c88b2b5911fc	177976	frozen 209-paper JATS corpus	pilot/ontology-development-v4/production/person-citation-sprint/prepared-author-repair/metadata/V2-P013.json	cdb041ceaf8a370ff3e2a07cb583f282ca55ff4f6ad835e94468a6486c5a7733	pilot/ontology-development-v4/production/prepared-rebuild-v2-v013/inputs/V2-P013.md	211c363fd8cd9abf8794c8bbbda1fd16c173943a43d5393b8677a0444acbd797	119926	5876c7a0636920df49ae04a515854244e78455f9e4d9a69bb2dba6674d322221	495c3be0bb3284343931ea7527177210d22d5aab617dc051bd70895fb3fe7a53	d60b00a82f40f79ab7e43a2f91a3444c932fc6394d3d5e2dfbf3a7fc3f75cd0c	9a5e2dc3e3ef4941ad902a77d17ebb2b4578031e77334c068524231815980fe6	a50d22be3eebc2a79cf3f62af90ea2364f9f2a7046453995786dcc5c94bcd863	TOP_LEVEL_JATS_CONTRIBUTORS_ONLY							
V2-P014	G014	10.1186/s12955-025-02421-8	corpus/1627-RA/doi_10.1186_s12955-025-02421-8.md	4537712ebff158ad24bb9a223e9000698a6355d4538599d3bb44287adc91f7e5	219415	input/projects/1627-RA/papers/doi_10.1186_s12955-025-02421-8.xml	69f528610fb97eb60c0542a9778eaf007491e7722fbf685732feb7d3b1e8c694	580961	frozen 209-paper JATS corpus	pilot/ontology-development-v4/production/person-citation-sprint/prepared-author-repair/metadata/V2-P014.json	8bd2cc1c3a7b1d53aad676fdf955fd6fabc63b878c31d6fd3541b0f0ef0cb4b6	pilot/ontology-development-v4/production/prepared-rebuild-v2-v013/inputs/V2-P014.md	adac1de1ef1855cd9bf502d66d516a6e76d4c755c3192423a66f5a86313a4496	267509	5876c7a0636920df49ae04a515854244e78455f9e4d9a69bb2dba6674d322221	495c3be0bb3284343931ea7527177210d22d5aab617dc051bd70895fb3fe7a53	d60b00a82f40f79ab7e43a2f91a3444c932fc6394d3d5e2dfbf3a7fc3f75cd0c	9a5e2dc3e3ef4941ad902a77d17ebb2b4578031e77334c068524231815980fe6	a50d22be3eebc2a79cf3f62af90ea2364f9f2a7046453995786dcc5c94bcd863	TOP_LEVEL_JATS_CONTRIBUTORS_ONLY							
V2-P015	G015	10.3390/cancers16111952	corpus/285-PHD/doi_10.3390_cancers16111952.md	988ed7c0fbcde3d5739aa46e55f11b691a9cf0cfc7adaa248e24427f931a764a	92054	input/projects/285-PHD/papers/doi_10.3390_cancers16111952.xml	a234cc4cc87528c5139eefd7aae433906b6ff3ef1fb655875d45011c7d336296	187669	frozen 209-paper JATS corpus	pilot/ontology-development-v4/production/person-citation-sprint/prepared-author-repair/metadata/V2-P015.json	d9699e22c2f5c3f75a2657e8b57742c6c48ab453879f3897ce9e2ebe7aacccb0	pilot/ontology-development-v4/production/prepared-rebuild-v2-v013/inputs/V2-P015.md	19af6dc69d9fab6c88485d6941d97fc3c7249da320c49125a6a0482b524a077b	143218	5876c7a0636920df49ae04a515854244e78455f9e4d9a69bb2dba6674d322221	495c3be0bb3284343931ea7527177210d22d5aab617dc051bd70895fb3fe7a53	d60b00a82f40f79ab7e43a2f91a3444c932fc6394d3d5e2dfbf3a7fc3f75cd0c	9a5e2dc3e3ef4941ad902a77d17ebb2b4578031e77334c068524231815980fe6	a50d22be3eebc2a79cf3f62af90ea2364f9f2a7046453995786dcc5c94bcd863	TOP_LEVEL_JATS_CONTRIBUTORS_ONLY							
V2-P016	G016	10.1007/s40271-022-00573-z	corpus/20180510/doi_10.1007_s40271-022-00573-z.md	87546967999f6c5a21fc8bd2b7a96493080b09695f502b89787aedec94405c7d	89014	input/projects/20180510/papers/doi_10.1007_s40271-022-00573-z.xml	7f15562ef4da0a24362ddcb6c856abc4601a2edd2f5e1a229cf95156afb4d752	121217	frozen 209-paper JATS corpus	pilot/ontology-development-v4/production/person-citation-sprint/prepared-author-repair/metadata/V2-P016.json	ddd230ee593d1f1648e0effe7541b943ca55070b01e8126f7c9b3155c543621c	pilot/ontology-development-v4/production/prepared-rebuild-v2-v013/inputs/V2-P016.md	be0abfe1c4a78921c6529f1b42494602683830bd0dadfe938f13461d5834f1b4	135769	5876c7a0636920df49ae04a515854244e78455f9e4d9a69bb2dba6674d322221	495c3be0bb3284343931ea7527177210d22d5aab617dc051bd70895fb3fe7a53	d60b00a82f40f79ab7e43a2f91a3444c932fc6394d3d5e2dfbf3a7fc3f75cd0c	9a5e2dc3e3ef4941ad902a77d17ebb2b4578031e77334c068524231815980fe6	a50d22be3eebc2a79cf3f62af90ea2364f9f2a7046453995786dcc5c94bcd863	TOP_LEVEL_JATS_CONTRIBUTORS_ONLY							
V2-P017	G017	10.1007/s11136-019-02256-z	corpus/2016160/doi_10.1007_s11136-019-02256-z.md	e1642f053a685d598acf236f90831e5eff6f74416e0780977193eb9ea46bac60	49267	input/projects/2016160/papers/doi_10.1007_s11136-019-02256-z.xml	d4ef335237248053539fe70aa144b7a96c8ed570348be0276a157a2b0eb7d358	83340	frozen 209-paper JATS corpus	pilot/ontology-development-v4/production/person-citation-sprint/prepared-author-repair/metadata/V2-P017.json	18a7552650a54b6c43367cced3d335a81350bc8cd7a92518a763e8bb3482ea67	pilot/ontology-development-v4/production/prepared-rebuild-v2-v013/inputs/V2-P017.md	4b30ae5f499994334afd4df350161fc5f9a7e7f238ebc1fcd3886a2af1e875d3	98334	5876c7a0636920df49ae04a515854244e78455f9e4d9a69bb2dba6674d322221	495c3be0bb3284343931ea7527177210d22d5aab617dc051bd70895fb3fe7a53	d60b00a82f40f79ab7e43a2f91a3444c932fc6394d3d5e2dfbf3a7fc3f75cd0c	9a5e2dc3e3ef4941ad902a77d17ebb2b4578031e77334c068524231815980fe6	a50d22be3eebc2a79cf3f62af90ea2364f9f2a7046453995786dcc5c94bcd863	TOP_LEVEL_JATS_CONTRIBUTORS_ONLY							
V2-P018	G018	10.1007/s11136-025-03990-3	corpus/330-PHD/doi_10.1007_s11136-025-03990-3.md	171009067ec3beb38d0342b099ed4a4172530dea123ad3a96a6a5907bfd95ba1	77245	input/projects/330-PHD/papers/doi_10.1007_s11136-025-03990-3.xml	779355ba7f3a4862d6ff5866d36dace319081c0f9b7858e4b5f2d27a2402ddcd	141633	frozen 209-paper JATS corpus	pilot/ontology-development-v4/production/person-citation-sprint/prepared-author-repair/metadata/V2-P018.json	2cdeff1e594d72f2538a3087009f251f929e22ec9e5ba2e83b37c0d36d8322ec	pilot/ontology-development-v4/production/prepared-rebuild-v2-v013/inputs/V2-P018.md	7ff28ed6b35eb311b9d77f1954204778bd8f006ec8fd23a21520273e09392e18	126025	5876c7a0636920df49ae04a515854244e78455f9e4d9a69bb2dba6674d322221	495c3be0bb3284343931ea7527177210d22d5aab617dc051bd70895fb3fe7a53	d60b00a82f40f79ab7e43a2f91a3444c932fc6394d3d5e2dfbf3a7fc3f75cd0c	9a5e2dc3e3ef4941ad902a77d17ebb2b4578031e77334c068524231815980fe6	a50d22be3eebc2a79cf3f62af90ea2364f9f2a7046453995786dcc5c94bcd863	TOP_LEVEL_JATS_CONTRIBUTORS_ONLY							
V2-P019	G019	10.1007/s40273-024-01444-1	corpus/304-PHD/doi_10.1007_s40273-024-01444-1.md	e27029b44386f096dd26fc2f449114b07773a788ad1181b4378639882a3f53d2	32807	input/projects/304-PHD/papers/doi_10.1007_s40273-024-01444-1.xml	b908b254e120ba604b65b6fbf9515bb55da21e943ecf3337deed20ec67399722	75132	frozen 209-paper JATS corpus	pilot/ontology-development-v4/production/person-citation-sprint/prepared-author-repair/metadata/V2-P019.json	dcd68c79c9d8cb3b7a35caf4364b0037827b22acc2d73a540ffb1c382fe3aec3	pilot/ontology-development-v4/production/prepared-rebuild-v2-v013/inputs/V2-P019.md	7900daaa04560a6f398840c4793f2474f5f9dffbeff9f4b1eb9a3c3235f37f3b	79913	5876c7a0636920df49ae04a515854244e78455f9e4d9a69bb2dba6674d322221	495c3be0bb3284343931ea7527177210d22d5aab617dc051bd70895fb3fe7a53	d60b00a82f40f79ab7e43a2f91a3444c932fc6394d3d5e2dfbf3a7fc3f75cd0c	9a5e2dc3e3ef4941ad902a77d17ebb2b4578031e77334c068524231815980fe6	a50d22be3eebc2a79cf3f62af90ea2364f9f2a7046453995786dcc5c94bcd863	TOP_LEVEL_JATS_CONTRIBUTORS_ONLY							
V2-P020	G020	10.1371/journal.pone.0302886	corpus/348-PHD/doi_10.1371_journal.pone.0302886.md	9420b24805f77c45e43b06a4d79dde1108b29b495b94d16550687f99631dcbb5	188611	input/projects/348-PHD/papers/doi_10.1371_journal.pone.0302886.xml	a98c9ce6411424d4bd3bfda21c3bb3ec53185d624102a8c256bbd9e9ea3c21c6	289296	frozen 209-paper JATS corpus	pilot/ontology-development-v4/production/person-citation-sprint/prepared-author-repair/metadata/V2-P020.json	e3faead6646860e250db29e49784c15cd2c35a88493dcebe6db36ddb9ee463e2	pilot/ontology-development-v4/production/prepared-rebuild-v2-v013/inputs/V2-P020.md	627778a66bf387bc135fd13326309839f3a976f901359a800e5b9d04a0b362ce	245569	5876c7a0636920df49ae04a515854244e78455f9e4d9a69bb2dba6674d322221	495c3be0bb3284343931ea7527177210d22d5aab617dc051bd70895fb3fe7a53	d60b00a82f40f79ab7e43a2f91a3444c932fc6394d3d5e2dfbf3a7fc3f75cd0c	9a5e2dc3e3ef4941ad902a77d17ebb2b4578031e77334c068524231815980fe6	a50d22be3eebc2a79cf3f62af90ea2364f9f2a7046453995786dcc5c94bcd863	TOP_LEVEL_JATS_CONTRIBUTORS_ONLY							
V2-P021	G021	10.1097/mlr.0000000000002315	corpus/1787-RA/doi_10.1097_mlr.0000000000002315.md	1357ec5e1968fa90e5d089d20bce9aa717a605af481776e7fdac726471b62dad	55617	input/projects/1787-RA/papers/doi_10.1097_mlr.0000000000002315.xml	6450e29301da6d37d3974b1aba432c7594fddff77e353b283e314b2dfd9438f5	95937	frozen 209-paper JATS corpus	pilot/ontology-development-v4/production/person-citation-sprint/prepared-author-repair/metadata/V2-P021.json	8c0c3f2730a66a2d164760b4dc78b6f1f002ffbb2adbfe704536339c4b714379	pilot/ontology-development-v4/production/prepared-rebuild-v2-v013/inputs/V2-P021.md	defa688ad2a14c5707676cbbe87d5066ad66ca87e8dcf633bb389fc0822668dc	106940	5876c7a0636920df49ae04a515854244e78455f9e4d9a69bb2dba6674d322221	495c3be0bb3284343931ea7527177210d22d5aab617dc051bd70895fb3fe7a53	d60b00a82f40f79ab7e43a2f91a3444c932fc6394d3d5e2dfbf3a7fc3f75cd0c	9a5e2dc3e3ef4941ad902a77d17ebb2b4578031e77334c068524231815980fe6	a50d22be3eebc2a79cf3f62af90ea2364f9f2a7046453995786dcc5c94bcd863	TOP_LEVEL_JATS_CONTRIBUTORS_ONLY							
V2-P022	G022	10.1186/s12955-024-02303-5	corpus/1644-RA/doi_10.1186_s12955-024-02303-5.md	17cfd5eb7a10fab592256e4fda1ca60ea97f7dde4d7d9cdc354435a6cfdf468e	109230	input/projects/1644-RA/papers/doi_10.1186_s12955-024-02303-5.xml	7b1a4470210af144037fe53de7eed19d6b2c62ea61d3c89f06ffe1690396a969	172574	frozen 209-paper JATS corpus	pilot/ontology-development-v4/production/person-citation-sprint/prepared-author-repair/metadata/V2-P022.json	5c9f9f75cfcdeb60e136e77047ccc12dd1772efb882b517b334ef8236545f4fa	pilot/ontology-development-v4/production/prepared-rebuild-v2-v013/inputs/V2-P022.md	3d2cdab167bbf4ae29b947e3beffb99d105acaa8f58ddde0595c474ae3533eb2	157850	5876c7a0636920df49ae04a515854244e78455f9e4d9a69bb2dba6674d322221	495c3be0bb3284343931ea7527177210d22d5aab617dc051bd70895fb3fe7a53	d60b00a82f40f79ab7e43a2f91a3444c932fc6394d3d5e2dfbf3a7fc3f75cd0c	9a5e2dc3e3ef4941ad902a77d17ebb2b4578031e77334c068524231815980fe6	a50d22be3eebc2a79cf3f62af90ea2364f9f2a7046453995786dcc5c94bcd863	TOP_LEVEL_JATS_CONTRIBUTORS_ONLY							
V2-P023	G023	10.1177/0272989x251380556	corpus/399-RA/doi_10.1177_0272989x251380556.md	91d4c02e7b1d5b43b84e82c49838fbe2ba6ba78ac4449304a1a9504b078b3ae4	59876	input/projects/399-RA/papers/doi_10.1177_0272989x251380556.xml	9fd8ac69e93b15f22ffd1385e0a0a39b57e54857a0ba7168b13355211e72bfa1	109581	frozen 209-paper JATS corpus	pilot/ontology-development-v4/production/person-citation-sprint/prepared-author-repair/metadata/V2-P023.json	ccd4af9ced0efc07516dff8f04db3e41aa0fcae12fcb697786941e52608d02c3	pilot/ontology-development-v4/production/prepared-rebuild-v2-v013/inputs/V2-P023.md	83cc4cb7c37796f06daa6340cec163f496582c63f40a18d61f9824a09058e3f5	107906	5876c7a0636920df49ae04a515854244e78455f9e4d9a69bb2dba6674d322221	495c3be0bb3284343931ea7527177210d22d5aab617dc051bd70895fb3fe7a53	d60b00a82f40f79ab7e43a2f91a3444c932fc6394d3d5e2dfbf3a7fc3f75cd0c	9a5e2dc3e3ef4941ad902a77d17ebb2b4578031e77334c068524231815980fe6	a50d22be3eebc2a79cf3f62af90ea2364f9f2a7046453995786dcc5c94bcd863	TOP_LEVEL_JATS_CONTRIBUTORS_ONLY							
V2-P024	G024	10.1007/s11136-025-03989-w	corpus/1508-RA/doi_10.1007_s11136-025-03989-w.md	76186c0858c347069829599bcd564747ec9d124fee7206fa0cd3449ac57b1f78	49094	input/projects/1508-RA/papers/doi_10.1007_s11136-025-03989-w.xml	d3392ed52299632af1ab8cbdeb23d06e8af789a66203ddf2f3b67ae12a2aeb31	80251	frozen 209-paper JATS corpus	pilot/ontology-development-v4/production/person-citation-sprint/prepared-author-repair/metadata/V2-P024.json	023d949b936edf2824c3eac5e767d49960b63b9cd9526b06454a2d4299b1a1ee	pilot/ontology-development-v4/production/prepared-rebuild-v2-v013/inputs/V2-P024.md	2b2bf7baf657616429b5d6badaf602aa7d35be7d324427961ad63f0b0bd55c71	97585	5876c7a0636920df49ae04a515854244e78455f9e4d9a69bb2dba6674d322221	495c3be0bb3284343931ea7527177210d22d5aab617dc051bd70895fb3fe7a53	d60b00a82f40f79ab7e43a2f91a3444c932fc6394d3d5e2dfbf3a7fc3f75cd0c	9a5e2dc3e3ef4941ad902a77d17ebb2b4578031e77334c068524231815980fe6	a50d22be3eebc2a79cf3f62af90ea2364f9f2a7046453995786dcc5c94bcd863	TOP_LEVEL_JATS_CONTRIBUTORS_ONLY							
V2-P025	G025	10.1007/s40273-015-0292-9	corpus/2013230/doi_10.1007_s40273-015-0292-9.md	183a6da25535bfd5f18299dc5aa2c40eea8e4b804bf42793efda1eb3a62ae76c	55363	input/projects/2013230/papers/doi_10.1007_s40273-015-0292-9.xml	48ed6cd422b428a53edaca97c35d62ba88be6c99b05e6f7213ddfa7cd9cb06aa	92740	frozen 209-paper JATS corpus	pilot/ontology-development-v4/production/person-citation-sprint/prepared-author-repair/metadata/V2-P025.json	ec320961ac99166696407836585e542c486f230e7310703843a549853cc5b21c	pilot/ontology-development-v4/production/prepared-rebuild-v2-v013/inputs/V2-P025.md	c04002244cfe9afc10099f122100bbfcdd931262c442843b91bd0dbce8120a33	103405	5876c7a0636920df49ae04a515854244e78455f9e4d9a69bb2dba6674d322221	495c3be0bb3284343931ea7527177210d22d5aab617dc051bd70895fb3fe7a53	d60b00a82f40f79ab7e43a2f91a3444c932fc6394d3d5e2dfbf3a7fc3f75cd0c	9a5e2dc3e3ef4941ad902a77d17ebb2b4578031e77334c068524231815980fe6	a50d22be3eebc2a79cf3f62af90ea2364f9f2a7046453995786dcc5c94bcd863	TOP_LEVEL_JATS_CONTRIBUTORS_ONLY							
V2-P026	G026	10.1007/s40273-021-01002-z	corpus/20180130/doi_10.1007_s40273-021-01002-z.md	f16bf7a38694b56920da191a401bb044d65a40b646a083e7fd2139a5fca87322	94816	input/projects/20180130/papers/doi_10.1007_s40273-021-01002-z.xml	01a092c8f0e35e8afeaadf90e7dde4d56d021ac1779bd2f02d268bb7a4fc2e5a	171390	frozen 209-paper JATS corpus	pilot/ontology-development-v4/production/person-citation-sprint/prepared-author-repair/metadata/V2-P026.json	9c961c12eb7e9ba0e8093fc45b5ef3c133d19cf5ea83f499e8df4a6e98f4129b	pilot/ontology-development-v4/production/prepared-rebuild-v2-v013/inputs/V2-P026.md	c728581df0d34580e4a45f9291ebfed1762920e185403d364ee97b0407c67ffb	142093	5876c7a0636920df49ae04a515854244e78455f9e4d9a69bb2dba6674d322221	495c3be0bb3284343931ea7527177210d22d5aab617dc051bd70895fb3fe7a53	d60b00a82f40f79ab7e43a2f91a3444c932fc6394d3d5e2dfbf3a7fc3f75cd0c	9a5e2dc3e3ef4941ad902a77d17ebb2b4578031e77334c068524231815980fe6	a50d22be3eebc2a79cf3f62af90ea2364f9f2a7046453995786dcc5c94bcd863	TOP_LEVEL_JATS_CONTRIBUTORS_ONLY							
V2-P027	G027	10.1371/journal.pone.0305983	corpus/2016440/doi_10.1371_journal.pone.0305983.md	7f409e20c5dc6736c7b2b78fc355d6a8e54a30b8ccceb299a3b5bd8419fad0c9	3148	input/projects/2016440/papers/doi_10.1371_journal.pone.0305983.xml	307213f16749cb651e92e091eabfad32d7aae231e657280f2bf2e705e4c91f73	10486	frozen 209-paper JATS corpus	pilot/ontology-development-v4/production/person-citation-sprint/prepared-author-repair/metadata/V2-P027.json	3b5b1f75cbea50d1d777c1da0c8f2d82ce554863cf50fc89a699a196ad18a723	pilot/ontology-development-v4/production/prepared-rebuild-v2-v013/inputs/V2-P027.md	826ca787f0550fbeadd85757047a533b3cb55b9d866738b06db6f083819b5f04	49426	5876c7a0636920df49ae04a515854244e78455f9e4d9a69bb2dba6674d322221	495c3be0bb3284343931ea7527177210d22d5aab617dc051bd70895fb3fe7a53	d60b00a82f40f79ab7e43a2f91a3444c932fc6394d3d5e2dfbf3a7fc3f75cd0c	9a5e2dc3e3ef4941ad902a77d17ebb2b4578031e77334c068524231815980fe6	a50d22be3eebc2a79cf3f62af90ea2364f9f2a7046453995786dcc5c94bcd863	TOP_LEVEL_JATS_CONTRIBUTORS_ONLY							
V2-P028	G028	10.3961/jpmph.22.151	corpus/2016290/doi_10.3961_jpmph.22.151.md	85bc7bba2624710564b9b3dc97c953f6f5d533bc9381b4390a897dce7d41f6f2	58582	input/projects/2016290/papers/doi_10.3961_jpmph.22.151.xml	84b0b27f2794fd65cf236121e198e71c32a0f05b45fba9d289a7dceb677b536d	105828	frozen 209-paper JATS corpus	pilot/ontology-development-v4/production/person-citation-sprint/prepared-author-repair/metadata/V2-P028.json	89c8dd59778f811868fc895c4755a11045bf9eda10569e9a6c3e300b3933f83f	pilot/ontology-development-v4/production/prepared-rebuild-v2-v013/inputs/V2-P028.md	e8eeeba42fbf0d43790a05372885d74e81d34ae74b7ca485e755a0b5fbda51c2	107071	5876c7a0636920df49ae04a515854244e78455f9e4d9a69bb2dba6674d322221	495c3be0bb3284343931ea7527177210d22d5aab617dc051bd70895fb3fe7a53	d60b00a82f40f79ab7e43a2f91a3444c932fc6394d3d5e2dfbf3a7fc3f75cd0c	9a5e2dc3e3ef4941ad902a77d17ebb2b4578031e77334c068524231815980fe6	a50d22be3eebc2a79cf3f62af90ea2364f9f2a7046453995786dcc5c94bcd863	TOP_LEVEL_JATS_CONTRIBUTORS_ONLY							
V2-P029	G029	10.1186/s12955-023-02115-z	corpus/2016480/doi_10.1186_s12955-023-02115-z.md	7af13a637ee2fdaaa6015f33bf75811e8838652bb8eec73539e501c32d572762	110575	input/projects/2016480/papers/doi_10.1186_s12955-023-02115-z.xml	929bbaab8f44781b4f9b8740ed94fea60de80a0d59b90a26dadad9955a4c9c6c	175119	frozen 209-paper JATS corpus	pilot/ontology-development-v4/production/person-citation-sprint/prepared-author-repair/metadata/V2-P029.json	21eafa668a1296db6ca8804a0db7412349919d935b7e22d68553466d35cfd433	pilot/ontology-development-v4/production/prepared-rebuild-v2-v013/inputs/V2-P029.md	9a84139dcd2487063b1e5c7154b5a8928b9065440be6f33e0e5a1d74292da8f2	159044	5876c7a0636920df49ae04a515854244e78455f9e4d9a69bb2dba6674d322221	495c3be0bb3284343931ea7527177210d22d5aab617dc051bd70895fb3fe7a53	d60b00a82f40f79ab7e43a2f91a3444c932fc6394d3d5e2dfbf3a7fc3f75cd0c	9a5e2dc3e3ef4941ad902a77d17ebb2b4578031e77334c068524231815980fe6	a50d22be3eebc2a79cf3f62af90ea2364f9f2a7046453995786dcc5c94bcd863	TOP_LEVEL_JATS_CONTRIBUTORS_ONLY							
V2-P030	G030	10.1016/j.pecinn.2025.100421	corpus/445-RA/doi_10.1016_j.pecinn.2025.100421.md	5fa457602fbfb26b73693be425c43cf2eab5cd21d09241d7501868f60d1ee6b1	47416	input/projects/445-RA/papers/doi_10.1016_j.pecinn.2025.100421.xml	1af80a21a6b9e8e2ece45649a7e4145a40d90eacbca9f8e9b818dbfe7b6d05db	96911	frozen 209-paper JATS corpus	pilot/ontology-development-v4/production/person-citation-sprint/prepared-author-repair/metadata/V2-P030.json	b87c84e1cfa9382e1defacda98183397102cd32f7646df9c4ab6fceeea049df8	pilot/ontology-development-v4/production/prepared-rebuild-v2-v013/inputs/V2-P030.md	e812085aaefdde96523c4d8f54f7b9fb088575bcb699faa6d23e4294bd47d49d	95684	5876c7a0636920df49ae04a515854244e78455f9e4d9a69bb2dba6674d322221	495c3be0bb3284343931ea7527177210d22d5aab617dc051bd70895fb3fe7a53	d60b00a82f40f79ab7e43a2f91a3444c932fc6394d3d5e2dfbf3a7fc3f75cd0c	9a5e2dc3e3ef4941ad902a77d17ebb2b4578031e77334c068524231815980fe6	a50d22be3eebc2a79cf3f62af90ea2364f9f2a7046453995786dcc5c94bcd863	TOP_LEVEL_JATS_CONTRIBUTORS_ONLY							
V2-P031	G031	10.1002/ppul.71031	corpus/20170330/doi_10.1002_ppul.71031.md	04112260f0204a00ba5e708792e20e92983ed59872c66ba9604b9c6353f760c8	97991	input/projects/20170330/papers/doi_10.1002_ppul.71031.xml	7e71f2901184c8fe4ecb8cc87aa8e373f94228d74ac7085fda2e6340c4e51ee0	161340	frozen 209-paper JATS corpus	pilot/ontology-development-v4/production/person-citation-sprint/prepared-author-repair/metadata/V2-P031.json	e087511652e25d974eddb55edaaeb13615f549fa635cb97688732f5603261def	pilot/ontology-development-v4/production/prepared-rebuild-v2-v013/inputs/V2-P031.md	62f2af894d39522ad71b942ab160b6b63d94183843fbc2c103fcbc61aa0b2b0a	147305	5876c7a0636920df49ae04a515854244e78455f9e4d9a69bb2dba6674d322221	495c3be0bb3284343931ea7527177210d22d5aab617dc051bd70895fb3fe7a53	d60b00a82f40f79ab7e43a2f91a3444c932fc6394d3d5e2dfbf3a7fc3f75cd0c	9a5e2dc3e3ef4941ad902a77d17ebb2b4578031e77334c068524231815980fe6	a50d22be3eebc2a79cf3f62af90ea2364f9f2a7046453995786dcc5c94bcd863	TOP_LEVEL_JATS_CONTRIBUTORS_ONLY							
V2-P032	G032	10.1007/s10198-021-01377-y	corpus/20190890/doi_10.1007_s10198-021-01377-y.md	57250a97f739fa5d4c81b213313ae376cc98f670ef1f80444769917babf91e0d	63193	input/projects/20190890/papers/doi_10.1007_s10198-021-01377-y.xml	c9e1d25c65f4fa23177a2b31f974a8c1b6b0aad7a9699d623d17d5df586e1f12	117685	frozen 209-paper JATS corpus	pilot/ontology-development-v4/production/person-citation-sprint/prepared-author-repair/metadata/V2-P032.json	085182281b18f6a6bcb3e9c76546ad52c0ac603edb8de3bead328e432a99c010	pilot/ontology-development-v4/production/prepared-rebuild-v2-v013/inputs/V2-P032.md	9a707f072c1f306f7fb0d3055c5afde55298e2358a24a53dc57d13d21bf928e3	111389	5876c7a0636920df49ae04a515854244e78455f9e4d9a69bb2dba6674d322221	495c3be0bb3284343931ea7527177210d22d5aab617dc051bd70895fb3fe7a53	d60b00a82f40f79ab7e43a2f91a3444c932fc6394d3d5e2dfbf3a7fc3f75cd0c	9a5e2dc3e3ef4941ad902a77d17ebb2b4578031e77334c068524231815980fe6	a50d22be3eebc2a79cf3f62af90ea2364f9f2a7046453995786dcc5c94bcd863	TOP_LEVEL_JATS_CONTRIBUTORS_ONLY							
V2-P033	G033	10.1007/s10198-023-01569-8	corpus/289-RA/doi_10.1007_s10198-023-01569-8.md	24228d6512e596b6305ca3270a003707a2c2a527854d1b441c26720f84ccce03	264026	input/projects/289-RA/papers/doi_10.1007_s10198-023-01569-8.xml	910d85f3960ff21c9a98913e94d2d952f6080dbb12a2b86628061ec9135df07c	424416	frozen 209-paper JATS corpus	pilot/ontology-development-v4/production/person-citation-sprint/prepared-author-repair/metadata/V2-P033.json	337ff27d0e5670ae975eee0ada149fcd523068e1942612f2851dc0626d52c2cd	pilot/ontology-development-v4/production/prepared-rebuild-v2-v013/inputs/V2-P033.md	8ee5fa901ed0f35c96ded863d0174f36b75b2aa354198f33f42c548958d54d26	311535	5876c7a0636920df49ae04a515854244e78455f9e4d9a69bb2dba6674d322221	495c3be0bb3284343931ea7527177210d22d5aab617dc051bd70895fb3fe7a53	d60b00a82f40f79ab7e43a2f91a3444c932fc6394d3d5e2dfbf3a7fc3f75cd0c	9a5e2dc3e3ef4941ad902a77d17ebb2b4578031e77334c068524231815980fe6	a50d22be3eebc2a79cf3f62af90ea2364f9f2a7046453995786dcc5c94bcd863	TOP_LEVEL_JATS_CONTRIBUTORS_ONLY							
V2-P034	G034	10.1007/s10198-023-01612-8	corpus/237-RA/doi_10.1007_s10198-023-01612-8.md	06d4f20b17ef523a1b289e2113a5f8f395a30a6eed56a88a55f6d51442f47185	80820	input/projects/237-RA/papers/doi_10.1007_s10198-023-01612-8.xml	ce0f554e8bc7a7711ceee5310c780d9b4ab2bab912610dc2662bb4a47039bb14	156262	frozen 209-paper JATS corpus	pilot/ontology-development-v4/production/person-citation-sprint/prepared-author-repair/metadata/V2-P034.json	ac2e6c3e5d38b1fb708e89c89a4d30ee074f2fa80b276c830ee8c1a2cc07976b	pilot/ontology-development-v4/production/prepared-rebuild-v2-v013/inputs/V2-P034.md	9681227d0a640c3b4effa0888c3c23cc2c7063860436cec34f0d96b624da2765	128373	5876c7a0636920df49ae04a515854244e78455f9e4d9a69bb2dba6674d322221	495c3be0bb3284343931ea7527177210d22d5aab617dc051bd70895fb3fe7a53	d60b00a82f40f79ab7e43a2f91a3444c932fc6394d3d5e2dfbf3a7fc3f75cd0c	9a5e2dc3e3ef4941ad902a77d17ebb2b4578031e77334c068524231815980fe6	a50d22be3eebc2a79cf3f62af90ea2364f9f2a7046453995786dcc5c94bcd863	TOP_LEVEL_JATS_CONTRIBUTORS_ONLY							
V2-P035	G035	10.1007/s10198-024-01710-1	corpus/1654-TVG/doi_10.1007_s10198-024-01710-1.md	77dcbb5088ba73693c16ca81f7cf2df09cde7d1252d684a13f84b10c8ac5fc5d	114399	input/projects/1654-TVG/papers/doi_10.1007_s10198-024-01710-1.xml	fbfa00b6b8d3552027a8ff1492f54f9087f80b767856f57817b64c7a6747a73b	185003	frozen 209-paper JATS corpus	pilot/ontology-development-v4/production/person-citation-sprint/prepared-author-repair/metadata/V2-P035.json	b46c0b9c9160b0ec9b3849c45245e3c7bd096393436da272182a4f06cab57bc6	pilot/ontology-development-v4/production/prepared-rebuild-v2-v013/inputs/V2-P035.md	efbfa5f601a5bde3c5d30fa85bfb8c58ebd3de64c5ae1ed0b4f386487d3f065e	163571	5876c7a0636920df49ae04a515854244e78455f9e4d9a69bb2dba6674d322221	495c3be0bb3284343931ea7527177210d22d5aab617dc051bd70895fb3fe7a53	d60b00a82f40f79ab7e43a2f91a3444c932fc6394d3d5e2dfbf3a7fc3f75cd0c	9a5e2dc3e3ef4941ad902a77d17ebb2b4578031e77334c068524231815980fe6	a50d22be3eebc2a79cf3f62af90ea2364f9f2a7046453995786dcc5c94bcd863	TOP_LEVEL_JATS_CONTRIBUTORS_ONLY							
V2-P036	G036	10.1007/s10198-024-01719-6	corpus/238-RA/doi_10.1007_s10198-024-01719-6.md	7ca37497aa5ba3a9bab94fe0156583e85bd35a99d4934ff5af8381837dda5394	101030	input/projects/238-RA/papers/doi_10.1007_s10198-024-01719-6.xml	a328b636b560990e08c18a4c89ca1185ed4899191f7de4117b7c6bd9e56844d5	172618	frozen 209-paper JATS corpus	pilot/ontology-development-v4/production/person-citation-sprint/prepared-author-repair/metadata/V2-P036.json	e8182b355a8c38224f2b12d474179b3f3f62926cd689489ca9d0c396debcec6a	pilot/ontology-development-v4/production/prepared-rebuild-v2-v013/inputs/V2-P036.md	3b5264ba0ed2333fd6e74f874af28a33094c65af2652680958d9bf9f9795d5df	149030	5876c7a0636920df49ae04a515854244e78455f9e4d9a69bb2dba6674d322221	495c3be0bb3284343931ea7527177210d22d5aab617dc051bd70895fb3fe7a53	d60b00a82f40f79ab7e43a2f91a3444c932fc6394d3d5e2dfbf3a7fc3f75cd0c	9a5e2dc3e3ef4941ad902a77d17ebb2b4578031e77334c068524231815980fe6	a50d22be3eebc2a79cf3f62af90ea2364f9f2a7046453995786dcc5c94bcd863	TOP_LEVEL_JATS_CONTRIBUTORS_ONLY							
V2-P037	G037	10.1007/s10198-025-01804-4	corpus/361-RA/doi_10.1007_s10198-025-01804-4.md	be0916097ef976b47526e6d5f9f4d6cfbd00e87452fabd3b0a581e02da37db6a	99398	input/projects/361-RA/papers/doi_10.1007_s10198-025-01804-4.xml	8060ea67581f07ff90a74057d81c47172391b6d96756d03f377f93506367fac1	160750	frozen 209-paper JATS corpus	pilot/ontology-development-v4/production/person-citation-sprint/prepared-author-repair/metadata/V2-P037.json	23b71a18c8cabc07ee1926d18d926cdecc66ed1b0476e15b2ebc7599ddfbc147	pilot/ontology-development-v4/production/prepared-rebuild-v2-v013/inputs/V2-P037.md	90111de537a17f13eb0b016d64efb6ea701ab1ae1a1812029dad598c84f87aea	148100	5876c7a0636920df49ae04a515854244e78455f9e4d9a69bb2dba6674d322221	495c3be0bb3284343931ea7527177210d22d5aab617dc051bd70895fb3fe7a53	d60b00a82f40f79ab7e43a2f91a3444c932fc6394d3d5e2dfbf3a7fc3f75cd0c	9a5e2dc3e3ef4941ad902a77d17ebb2b4578031e77334c068524231815980fe6	a50d22be3eebc2a79cf3f62af90ea2364f9f2a7046453995786dcc5c94bcd863	TOP_LEVEL_JATS_CONTRIBUTORS_ONLY							
V2-P038	G038	10.1007/s10198-025-01812-4	corpus/435-RA/doi_10.1007_s10198-025-01812-4.md	52340c45b044888faadc128e4de57aa592df90c1866b0c551f09bf9b32192fe4	152625	input/projects/435-RA/papers/doi_10.1007_s10198-025-01812-4.xml	cbe1b66764375104a037f96c6a7f65913245e334ee4870eadd83a24d1ccb0d23	331408	frozen 209-paper JATS corpus	pilot/ontology-development-v4/production/person-citation-sprint/prepared-author-repair/metadata/V2-P038.json	8f8f4648cd1ef47c6b53c5be9625a0725162365a5500e0747c323a708d35bbf0	pilot/ontology-development-v4/production/prepared-rebuild-v2-v013/inputs/V2-P038.md	0f0af5621bfa3746d0ffb25bff011492ade0cb5381c43d59bfb816b39d11c3af	201633	5876c7a0636920df49ae04a515854244e78455f9e4d9a69bb2dba6674d322221	495c3be0bb3284343931ea7527177210d22d5aab617dc051bd70895fb3fe7a53	d60b00a82f40f79ab7e43a2f91a3444c932fc6394d3d5e2dfbf3a7fc3f75cd0c	9a5e2dc3e3ef4941ad902a77d17ebb2b4578031e77334c068524231815980fe6	a50d22be3eebc2a79cf3f62af90ea2364f9f2a7046453995786dcc5c94bcd863	TOP_LEVEL_JATS_CONTRIBUTORS_ONLY							
V2-P039	G039	10.1007/s10198-025-01823-1	corpus/1462-PHD/doi_10.1007_s10198-025-01823-1.md	949690fcd6808e4d6dd65cd7417fd63e83f446e6ede0a3fce9fdfadf605ffe91	48411	input/projects/1462-PHD/papers/doi_10.1007_s10198-025-01823-1.xml	656eac5a600d3e37a992378ab104f8fb15a1de950ada17b0daa03ebbbdc3047f	88860	frozen 209-paper JATS corpus	pilot/ontology-development-v4/production/person-citation-sprint/prepared-author-repair/metadata/V2-P039.json	22796c7205a4ac62d0c6888918c9a2e979baeb4b6e45bd477acce80039837884	pilot/ontology-development-v4/production/prepared-rebuild-v2-v013/inputs/V2-P039.md	28869f62c286faca29353e5c7dfb70e94a34f95f51888e948320d3926a2f0559	94879	5876c7a0636920df49ae04a515854244e78455f9e4d9a69bb2dba6674d322221	495c3be0bb3284343931ea7527177210d22d5aab617dc051bd70895fb3fe7a53	d60b00a82f40f79ab7e43a2f91a3444c932fc6394d3d5e2dfbf3a7fc3f75cd0c	9a5e2dc3e3ef4941ad902a77d17ebb2b4578031e77334c068524231815980fe6	a50d22be3eebc2a79cf3f62af90ea2364f9f2a7046453995786dcc5c94bcd863	TOP_LEVEL_JATS_CONTRIBUTORS_ONLY							
V2-P040	G040	10.1007/s10198-025-01857-5	corpus/2003-RA/doi_10.1007_s10198-025-01857-5.md	b53e9b61e4713e6b1daf9bd625975ad834cc7f2abe0b2c94972735a7541c073b	58123	input/projects/2003-RA/papers/doi_10.1007_s10198-025-01857-5.xml	96f2d67bf07bfe743e95bb6a3f729349281c851fad33d82b8700a54488019652	92342	frozen 209-paper JATS corpus	pilot/ontology-development-v4/production/person-citation-sprint/prepared-author-repair/metadata/V2-P040.json	ff944b5905d54e43ddee98260a30108edc09267506a27e7ba633aca29954057d	pilot/ontology-development-v4/production/prepared-rebuild-v2-v013/inputs/V2-P040.md	6706bd092287460735bfd182739406ab6a1f6e13cb9d02663aef8a028e62804d	105295	5876c7a0636920df49ae04a515854244e78455f9e4d9a69bb2dba6674d322221	495c3be0bb3284343931ea7527177210d22d5aab617dc051bd70895fb3fe7a53	d60b00a82f40f79ab7e43a2f91a3444c932fc6394d3d5e2dfbf3a7fc3f75cd0c	9a5e2dc3e3ef4941ad902a77d17ebb2b4578031e77334c068524231815980fe6	a50d22be3eebc2a79cf3f62af90ea2364f9f2a7046453995786dcc5c94bcd863	TOP_LEVEL_JATS_CONTRIBUTORS_ONLY							
V2-P041	G041	10.1007/s11136-016-1445-9	corpus/2013240/doi_10.1007_s11136-016-1445-9.md	f908c91c08b380a0eccedaf7100b6f909ca4908c16ce1ecb076e5c7371c186e8	60714	input/projects/2013240/papers/doi_10.1007_s11136-016-1445-9.xml	70ce25ed2466f0010c5f2da6ed8e603ddbd2584c6ba1c3547361239f4226ddf2	98541	frozen 209-paper JATS corpus	pilot/ontology-development-v4/production/person-citation-sprint/prepared-author-repair/metadata/V2-P041.json	615af3849abd85e99f4a59b55bf6340921b5450eff5977ce5c2c513ab23780d1	pilot/ontology-development-v4/production/prepared-rebuild-v2-v013/inputs/V2-P041.md	eb62c7097062ec62c9a118154960138379608bfceee79c98b415cc6342f9b9fd	109939	5876c7a0636920df49ae04a515854244e78455f9e4d9a69bb2dba6674d322221	495c3be0bb3284343931ea7527177210d22d5aab617dc051bd70895fb3fe7a53	d60b00a82f40f79ab7e43a2f91a3444c932fc6394d3d5e2dfbf3a7fc3f75cd0c	9a5e2dc3e3ef4941ad902a77d17ebb2b4578031e77334c068524231815980fe6	a50d22be3eebc2a79cf3f62af90ea2364f9f2a7046453995786dcc5c94bcd863	TOP_LEVEL_JATS_CONTRIBUTORS_ONLY							
V2-P042	G042	10.1007/s11136-019-02156-2	corpus/2016670/doi_10.1007_s11136-019-02156-2.md	e77f4bf23685b0d13690d0f76104898ee4a0985661de8ad78980ddf20e2c26f6	49777	input/projects/2016670/papers/doi_10.1007_s11136-019-02156-2.xml	8c3c80e8349ee8184f686ac0159ba70d7a0b7b490554cfab0f41fc87aad69df5	88452	frozen 209-paper JATS corpus	pilot/ontology-development-v4/production/person-citation-sprint/prepared-author-repair/metadata/V2-P042.json	13152f5bd98ebb1f6abca2c582035616ab5eb07896a65f7c61bd96497c0b7076	pilot/ontology-development-v4/production/prepared-rebuild-v2-v013/inputs/V2-P042.md	492c0f3c9c14af60885407ebb76bbf3f26798de154de438d257cd956dde25e97	98316	5876c7a0636920df49ae04a515854244e78455f9e4d9a69bb2dba6674d322221	495c3be0bb3284343931ea7527177210d22d5aab617dc051bd70895fb3fe7a53	d60b00a82f40f79ab7e43a2f91a3444c932fc6394d3d5e2dfbf3a7fc3f75cd0c	9a5e2dc3e3ef4941ad902a77d17ebb2b4578031e77334c068524231815980fe6	a50d22be3eebc2a79cf3f62af90ea2364f9f2a7046453995786dcc5c94bcd863	TOP_LEVEL_JATS_CONTRIBUTORS_ONLY							
V2-P043	G043	10.1007/s11136-020-02496-4	corpus/2016670/doi_10.1007_s11136-020-02496-4.md	6acb8bc2ef722590ce60586781b89d8691c8a201d3e2c0d88a983f0bf85a7a36	56550	input/projects/2016670/papers/doi_10.1007_s11136-020-02496-4.xml	0d216a910ceabbe95c6e992b79ce10ba1344ea1038eb944ffe4f7b278411961d	107568	frozen 209-paper JATS corpus	pilot/ontology-development-v4/production/person-citation-sprint/prepared-author-repair/metadata/V2-P043.json	432b64a70b86d70bb857d94775d7574e47eb8e1c5f6ea3852205affc9712e5b1	pilot/ontology-development-v4/production/prepared-rebuild-v2-v013/inputs/V2-P043.md	ea5cc4297b58fa3d437f804a3cefa72f94a2ee212d8b0b662193a9974c1609c7	104875	5876c7a0636920df49ae04a515854244e78455f9e4d9a69bb2dba6674d322221	495c3be0bb3284343931ea7527177210d22d5aab617dc051bd70895fb3fe7a53	d60b00a82f40f79ab7e43a2f91a3444c932fc6394d3d5e2dfbf3a7fc3f75cd0c	9a5e2dc3e3ef4941ad902a77d17ebb2b4578031e77334c068524231815980fe6	a50d22be3eebc2a79cf3f62af90ea2364f9f2a7046453995786dcc5c94bcd863	TOP_LEVEL_JATS_CONTRIBUTORS_ONLY							
V2-P044	G044	10.1007/s11136-021-03069-9	corpus/315-RA/doi_10.1007_s11136-021-03069-9.md	3389dd520659e9642a705cb342a7cfa8394a17c0c832a00ca51e7a9dd98d3ded	58405	input/projects/315-RA/papers/doi_10.1007_s11136-021-03069-9.xml	1e2aa799eb4412323869df9ceafb5d5e7bf4127166481f67e5afc6bdfaa7d778	111020	frozen 209-paper JATS corpus	pilot/ontology-development-v4/production/person-citation-sprint/prepared-author-repair/metadata/V2-P044.json	5de92e623f10a5c11409a3f0872e46efe5bcdab9ba20f22892a387e47bb4691c	pilot/ontology-development-v4/production/prepared-rebuild-v2-v013/inputs/V2-P044.md	fae24c618a6349bf32afb93fd029aeb3408b971be43c5b94504a2a0e2b04005f	107274	5876c7a0636920df49ae04a515854244e78455f9e4d9a69bb2dba6674d322221	495c3be0bb3284343931ea7527177210d22d5aab617dc051bd70895fb3fe7a53	d60b00a82f40f79ab7e43a2f91a3444c932fc6394d3d5e2dfbf3a7fc3f75cd0c	9a5e2dc3e3ef4941ad902a77d17ebb2b4578031e77334c068524231815980fe6	a50d22be3eebc2a79cf3f62af90ea2364f9f2a7046453995786dcc5c94bcd863	TOP_LEVEL_JATS_CONTRIBUTORS_ONLY							
V2-P045	G045	10.1007/s11136-022-03143-w	corpus/20170230/doi_10.1007_s11136-022-03143-w.md	46d0f00f212245e79881157ce40772fb02cf005ab31d7fdf5bdd9eeb7560f719	59654	input/projects/20170230/papers/doi_10.1007_s11136-022-03143-w.xml	2f9086c54f5783e702544bf557fbd8a4c678c2026dca42390cccb80e5497d6ad	119406	frozen 209-paper JATS corpus	pilot/ontology-development-v4/production/person-citation-sprint/prepared-author-repair/metadata/V2-P045.json	ff6dd4dccd5f2e90cce2811c6d76bfff8f9af2c38070ae5c400189f3c249ec2d	pilot/ontology-development-v4/production/prepared-rebuild-v2-v013/inputs/V2-P045.md	4affe8eabc8daafe8a6069f7aa86c0b80e307d08760ea799722a8b0664148dde	109749	5876c7a0636920df49ae04a515854244e78455f9e4d9a69bb2dba6674d322221	495c3be0bb3284343931ea7527177210d22d5aab617dc051bd70895fb3fe7a53	d60b00a82f40f79ab7e43a2f91a3444c932fc6394d3d5e2dfbf3a7fc3f75cd0c	9a5e2dc3e3ef4941ad902a77d17ebb2b4578031e77334c068524231815980fe6	a50d22be3eebc2a79cf3f62af90ea2364f9f2a7046453995786dcc5c94bcd863	TOP_LEVEL_JATS_CONTRIBUTORS_ONLY							
V2-P046	G046	10.1007/s11136-023-03372-7	corpus/229-RA/doi_10.1007_s11136-023-03372-7.md	43776122c0907494fec280c0efc88967aac18838ecd4f7c7d7fcefcf84b78894	74378	input/projects/229-RA/papers/doi_10.1007_s11136-023-03372-7.xml	44a7e2b09a218904ba81a952773eee2349e419f28a396c274bade8d953cc5885	113836	frozen 209-paper JATS corpus	pilot/ontology-development-v4/production/person-citation-sprint/prepared-author-repair/metadata/V2-P046.json	3f87dcb29dc02342eaa231348d9f89224d5a8b8e0e079ad3559e7e7266925301	pilot/ontology-development-v4/production/prepared-rebuild-v2-v013/inputs/V2-P046.md	ca7c81cf3963b4adc14e80631cbcba4c0d93aed81e766c12a88731c3b48bd27c	122259	5876c7a0636920df49ae04a515854244e78455f9e4d9a69bb2dba6674d322221	495c3be0bb3284343931ea7527177210d22d5aab617dc051bd70895fb3fe7a53	d60b00a82f40f79ab7e43a2f91a3444c932fc6394d3d5e2dfbf3a7fc3f75cd0c	9a5e2dc3e3ef4941ad902a77d17ebb2b4578031e77334c068524231815980fe6	a50d22be3eebc2a79cf3f62af90ea2364f9f2a7046453995786dcc5c94bcd863	TOP_LEVEL_JATS_CONTRIBUTORS_ONLY							
V2-P047	G047	10.1007/s11136-024-03770-5	corpus/1612-RA/doi_10.1007_s11136-024-03770-5.md	d02dc1ce63b89816fd52615b86d20a31331905b73e4e44f0d09a59e47f3edf57	47993	input/projects/1612-RA/papers/doi_10.1007_s11136-024-03770-5.xml	700fb82b14fb2167bcf102c9d6be5bebebd3f331aae6967252916502f681c253	93996	frozen 209-paper JATS corpus	pilot/ontology-development-v4/production/person-citation-sprint/prepared-author-repair/metadata/V2-P047.json	3e3d390db6877198bdc6103bdf964611b73253c2d12cf6900451386e58756664	pilot/ontology-development-v4/production/prepared-rebuild-v2-v013/inputs/V2-P047.md	54ce3b2064034468b8e363996cccbd8fa97c49063f5838bd96130d3198021c2d	94373	5876c7a0636920df49ae04a515854244e78455f9e4d9a69bb2dba6674d322221	495c3be0bb3284343931ea7527177210d22d5aab617dc051bd70895fb3fe7a53	d60b00a82f40f79ab7e43a2f91a3444c932fc6394d3d5e2dfbf3a7fc3f75cd0c	9a5e2dc3e3ef4941ad902a77d17ebb2b4578031e77334c068524231815980fe6	a50d22be3eebc2a79cf3f62af90ea2364f9f2a7046453995786dcc5c94bcd863	TOP_LEVEL_JATS_CONTRIBUTORS_ONLY							
V2-P048	G048	10.1007/s11136-025-03917-y	corpus/401-RA/doi_10.1007_s11136-025-03917-y.md	eeabd3663904bad836797acd1c6fc8c8a5c04853c21884595173876738829651	56224	input/projects/401-RA/papers/doi_10.1007_s11136-025-03917-y.xml	fdb6ec60509414c1fc951c3f9b38d94548155802a599dc34ce74da45fda03798	120015	frozen 209-paper JATS corpus	pilot/ontology-development-v4/production/person-citation-sprint/prepared-author-repair/metadata/V2-P048.json	f049199ab6ca2d7d179c1387c8114a87e77123485e276838b336f37b5de00ef6	pilot/ontology-development-v4/production/prepared-rebuild-v2-v013/inputs/V2-P048.md	0ec72681585e1b3ab0bfdb9c6cebb55accab30be9faca961371b0fdce3895cbd	106336	5876c7a0636920df49ae04a515854244e78455f9e4d9a69bb2dba6674d322221	495c3be0bb3284343931ea7527177210d22d5aab617dc051bd70895fb3fe7a53	d60b00a82f40f79ab7e43a2f91a3444c932fc6394d3d5e2dfbf3a7fc3f75cd0c	9a5e2dc3e3ef4941ad902a77d17ebb2b4578031e77334c068524231815980fe6	a50d22be3eebc2a79cf3f62af90ea2364f9f2a7046453995786dcc5c94bcd863	TOP_LEVEL_JATS_CONTRIBUTORS_ONLY							
V2-P049	G049	10.1007/s11136-025-03996-x	corpus/330-PHD/doi_10.1007_s11136-025-03996-x.md	5e7dd427dd3e9ecb19ee3957b0623b7b932aa6d983274de82d67e97340ed5464	69560	input/projects/330-PHD/papers/doi_10.1007_s11136-025-03996-x.xml	4187e1a2aa3a7028440f8c06dbabab66a6bc004d300c682e9dd5cc57b10a94f8	110919	frozen 209-paper JATS corpus	pilot/ontology-development-v4/production/person-citation-sprint/prepared-author-repair/metadata/V2-P049.json	17c69c8a7d921cbd42ef990bf0e452811f6bf5ed1097ad48ecc8f5a82cc96f1a	pilot/ontology-development-v4/production/prepared-rebuild-v2-v013/inputs/V2-P049.md	40428ccd935396c1ea4486788e110d78a919ef52fb6063f92c2541f382ff3529	125338	5876c7a0636920df49ae04a515854244e78455f9e4d9a69bb2dba6674d322221	495c3be0bb3284343931ea7527177210d22d5aab617dc051bd70895fb3fe7a53	d60b00a82f40f79ab7e43a2f91a3444c932fc6394d3d5e2dfbf3a7fc3f75cd0c	9a5e2dc3e3ef4941ad902a77d17ebb2b4578031e77334c068524231815980fe6	a50d22be3eebc2a79cf3f62af90ea2364f9f2a7046453995786dcc5c94bcd863	TOP_LEVEL_JATS_CONTRIBUTORS_ONLY							
V2-P050	G050	10.1007/s11136-025-04038-2	corpus/1485-RA/doi_10.1007_s11136-025-04038-2.md	168d53aed9f5436771a17e2560de98f312835ceea2df0b76cf64f31f8de92608	76716	input/projects/1485-RA/papers/doi_10.1007_s11136-025-04038-2.xml	72cb8d821a04fbf467fe9454fbfed23a0bb06c5c6702a9ab2bfdfc719c731965	166981	frozen 209-paper JATS corpus	pilot/ontology-development-v4/production/person-citation-sprint/prepared-author-repair/metadata/V2-P050.json	3ed8b2b6a8ddeb5977cc9ee2014c6c60ecf8adbafb225884e6cee503d2dc2a47	pilot/ontology-development-v4/production/prepared-rebuild-v2-v013/inputs/V2-P050.md	831f1e1f22d6bbff5ea79b2ee7e8a92b073f836326a6816df268d477ca208658	125828	5876c7a0636920df49ae04a515854244e78455f9e4d9a69bb2dba6674d322221	495c3be0bb3284343931ea7527177210d22d5aab617dc051bd70895fb3fe7a53	d60b00a82f40f79ab7e43a2f91a3444c932fc6394d3d5e2dfbf3a7fc3f75cd0c	9a5e2dc3e3ef4941ad902a77d17ebb2b4578031e77334c068524231815980fe6	a50d22be3eebc2a79cf3f62af90ea2364f9f2a7046453995786dcc5c94bcd863	TOP_LEVEL_JATS_CONTRIBUTORS_ONLY							
V2-P051	G051	10.1007/s11136-025-04074-y	corpus/367-RA/doi_10.1007_s11136-025-04074-y.md	228dc3ca0c53db29e5f6de64f2702c80bcdf1e110f3a67319d213c77b3859e02	90076	input/projects/367-RA/papers/doi_10.1007_s11136-025-04074-y.xml	438ef38e9f2a2b06ce82352668ff77eef7aca23e006beb12fab66f8cdb935e72	253284	frozen 209-paper JATS corpus	pilot/ontology-development-v4/production/person-citation-sprint/prepared-author-repair/metadata/V2-P051.json	d438eeecbeb09bfbae09a51b71082376b98b896003fc4ba9356ba38dc3e9ab78	pilot/ontology-development-v4/production/prepared-rebuild-v2-v013/inputs/V2-P051.md	10593e226187c5e2082176e2e20ea3c4f2c127d286ecfbcc141fc0e36765b246	144247	5876c7a0636920df49ae04a515854244e78455f9e4d9a69bb2dba6674d322221	495c3be0bb3284343931ea7527177210d22d5aab617dc051bd70895fb3fe7a53	d60b00a82f40f79ab7e43a2f91a3444c932fc6394d3d5e2dfbf3a7fc3f75cd0c	9a5e2dc3e3ef4941ad902a77d17ebb2b4578031e77334c068524231815980fe6	a50d22be3eebc2a79cf3f62af90ea2364f9f2a7046453995786dcc5c94bcd863	TOP_LEVEL_JATS_CONTRIBUTORS_ONLY							
V2-P052	G052	10.1007/s11136-026-04229-5	corpus/1572-RA/doi_10.1007_s11136-026-04229-5.md	2edd82f5849a21778052e471312bd497b678bf45b8c0eb51d166cbb68f175bb4	98062	input/projects/1572-RA/papers/doi_10.1007_s11136-026-04229-5.xml	1a748073e9280046e6ab2ac4581f27084752a92fecab8dea4eee537ad13c45ae	160623	frozen 209-paper JATS corpus	pilot/ontology-development-v4/production/person-citation-sprint/prepared-author-repair/metadata/V2-P052.json	de1f168498bda540c214df4fae663456f33ed473438701e4a54f8efdebd2ad45	pilot/ontology-development-v4/production/prepared-rebuild-v2-v013/inputs/V2-P052.md	5bd65461cf545a15fed0880fe99dbdcaa65d8ed94f9768e28926ff9f714c85f8	145228	5876c7a0636920df49ae04a515854244e78455f9e4d9a69bb2dba6674d322221	495c3be0bb3284343931ea7527177210d22d5aab617dc051bd70895fb3fe7a53	d60b00a82f40f79ab7e43a2f91a3444c932fc6394d3d5e2dfbf3a7fc3f75cd0c	9a5e2dc3e3ef4941ad902a77d17ebb2b4578031e77334c068524231815980fe6	a50d22be3eebc2a79cf3f62af90ea2364f9f2a7046453995786dcc5c94bcd863	TOP_LEVEL_JATS_CONTRIBUTORS_ONLY							
V2-P053	G053	10.1007/s12311-024-01657-2	corpus/349-RA/doi_10.1007_s12311-024-01657-2.md	ba3549249f6cd84bf6aea4d81fd2cf43e6024a192e0c9ede4d0451c2ffb36a93	64795	input/projects/349-RA/papers/doi_10.1007_s12311-024-01657-2.xml	d029d75e937db21cdff3a68256c2396eea25d5313d16cec76016baf6776485c2	136457	frozen 209-paper JATS corpus	pilot/ontology-development-v4/production/person-citation-sprint/prepared-author-repair/metadata/V2-P053.json	2ed9677f7734532b93ca6a99e594b1cebdf2c37f34eb8fb2e776138e8522f6b2	pilot/ontology-development-v4/production/prepared-rebuild-v2-v013/inputs/V2-P053.md	b20addf631345bf28d9e925df5983b0e7150ef866336222c16b886ca910963ea	114767	5876c7a0636920df49ae04a515854244e78455f9e4d9a69bb2dba6674d322221	495c3be0bb3284343931ea7527177210d22d5aab617dc051bd70895fb3fe7a53	d60b00a82f40f79ab7e43a2f91a3444c932fc6394d3d5e2dfbf3a7fc3f75cd0c	9a5e2dc3e3ef4941ad902a77d17ebb2b4578031e77334c068524231815980fe6	a50d22be3eebc2a79cf3f62af90ea2364f9f2a7046453995786dcc5c94bcd863	TOP_LEVEL_JATS_CONTRIBUTORS_ONLY							
V2-P054	G054	10.1007/s40271-024-00708-4	corpus/304-PHD/doi_10.1007_s40271-024-00708-4.md	88a8fbfa8c75bcf902b77e17a48a32df69935d546d0db120706f518d4569bf76	53929	input/projects/304-PHD/papers/doi_10.1007_s40271-024-00708-4.xml	012ed970044d1a6ebd382dca9671722067f86c0e8cacc3cf605058a166509c3a	81290	frozen 209-paper JATS corpus	pilot/ontology-development-v4/production/person-citation-sprint/prepared-author-repair/metadata/V2-P054.json	013190e827d2e993f2501ddc01e2e566237d8ff68d323974e1a38c4c8f45b970	pilot/ontology-development-v4/production/prepared-rebuild-v2-v013/inputs/V2-P054.md	60de4a56af3db9427130331091b3fdc10186e5bf183190ee731a608f0776c425	100654	5876c7a0636920df49ae04a515854244e78455f9e4d9a69bb2dba6674d322221	495c3be0bb3284343931ea7527177210d22d5aab617dc051bd70895fb3fe7a53	d60b00a82f40f79ab7e43a2f91a3444c932fc6394d3d5e2dfbf3a7fc3f75cd0c	9a5e2dc3e3ef4941ad902a77d17ebb2b4578031e77334c068524231815980fe6	a50d22be3eebc2a79cf3f62af90ea2364f9f2a7046453995786dcc5c94bcd863	TOP_LEVEL_JATS_CONTRIBUTORS_ONLY							
V2-P055	G055	10.1007/s40271-025-00749-3	corpus/1559-RA/doi_10.1007_s40271-025-00749-3.md	9b7d8c90c5ec3545b24746ae62fa16778a3e6e71881d4d2579a9100f9586e981	56703	input/projects/1559-RA/papers/doi_10.1007_s40271-025-00749-3.xml	d4780eff97f947e21d29b348313d6374e6c51434b0aa93471d30b45f78177f22	95817	frozen 209-paper JATS corpus	pilot/ontology-development-v4/production/person-citation-sprint/prepared-author-repair/metadata/V2-P055.json	eccf6b28d7d810f355d97ccecf16e74d0c8cf3fa219d0bcb3d2e9159ea0ccf5b	pilot/ontology-development-v4/production/prepared-rebuild-v2-v013/inputs/V2-P055.md	d621266e0b8dab8ae49803fffe5a8e5879665a6ea524cb093cc64a92e83dab91	103974	5876c7a0636920df49ae04a515854244e78455f9e4d9a69bb2dba6674d322221	495c3be0bb3284343931ea7527177210d22d5aab617dc051bd70895fb3fe7a53	d60b00a82f40f79ab7e43a2f91a3444c932fc6394d3d5e2dfbf3a7fc3f75cd0c	9a5e2dc3e3ef4941ad902a77d17ebb2b4578031e77334c068524231815980fe6	a50d22be3eebc2a79cf3f62af90ea2364f9f2a7046453995786dcc5c94bcd863	TOP_LEVEL_JATS_CONTRIBUTORS_ONLY							
V2-P056	G056	10.1007/s40273-021-01100-y	corpus/20180130/doi_10.1007_s40273-021-01100-y.md	06530b94e4e1d06f6722be7b04dff4bddc1770ac22632530caa38a12f6bc002e	97000	input/projects/20180130/papers/doi_10.1007_s40273-021-01100-y.xml	73118fd045e08db3406618a11410914b5bf9be004a5eaa97f1b6c67d08222c4b	179684	frozen 209-paper JATS corpus	pilot/ontology-development-v4/production/person-citation-sprint/prepared-author-repair/metadata/V2-P056.json	c15f6c9983597327399bddbd5aadd0b0a8a23a0748e8685a6aae20d4d85bd01d	pilot/ontology-development-v4/production/prepared-rebuild-v2-v013/inputs/V2-P056.md	e949d9a2a5129832b0bf74b8c85ed3f80e03f47d1654fb124ae7fb07e79cb14c	144586	5876c7a0636920df49ae04a515854244e78455f9e4d9a69bb2dba6674d322221	495c3be0bb3284343931ea7527177210d22d5aab617dc051bd70895fb3fe7a53	d60b00a82f40f79ab7e43a2f91a3444c932fc6394d3d5e2dfbf3a7fc3f75cd0c	9a5e2dc3e3ef4941ad902a77d17ebb2b4578031e77334c068524231815980fe6	a50d22be3eebc2a79cf3f62af90ea2364f9f2a7046453995786dcc5c94bcd863	TOP_LEVEL_JATS_CONTRIBUTORS_ONLY							
V2-P057	G057	10.1007/s40273-023-01330-2	corpus/330-PHD/doi_10.1007_s40273-023-01330-2.md	e3f4d0bd6f863263d5ebbd6d686f2c609c332258f6ab3ec7adf43a6456b827db	107588	input/projects/330-PHD/papers/doi_10.1007_s40273-023-01330-2.xml	8b6a711e67e55615414e2fd9b93d9a9a9b54ec4bf98c1b2058ff01adb71b09d7	173833	frozen 209-paper JATS corpus	pilot/ontology-development-v4/production/person-citation-sprint/prepared-author-repair/metadata/V2-P057.json	5bac431f30b64f1e6cfefbd4e12d77f813a2fa6e6a6a375c029c8988f4d25ae7	pilot/ontology-development-v4/production/prepared-rebuild-v2-v013/inputs/V2-P057.md	0ad3debf079ee275b72e4406b06f201adab6c84ce41e99115fe9786be496d22b	159716	5876c7a0636920df49ae04a515854244e78455f9e4d9a69bb2dba6674d322221	495c3be0bb3284343931ea7527177210d22d5aab617dc051bd70895fb3fe7a53	d60b00a82f40f79ab7e43a2f91a3444c932fc6394d3d5e2dfbf3a7fc3f75cd0c	9a5e2dc3e3ef4941ad902a77d17ebb2b4578031e77334c068524231815980fe6	a50d22be3eebc2a79cf3f62af90ea2364f9f2a7046453995786dcc5c94bcd863	TOP_LEVEL_JATS_CONTRIBUTORS_ONLY							
V2-P058	G058	10.1007/s40273-025-01509-9	corpus/1481-PHD/doi_10.1007_s40273-025-01509-9.md	65bc5d505dd76602e7ef66d79eac4d25c762181392e8ac0d7446177fb4c82590	113841	input/projects/1481-PHD/papers/doi_10.1007_s40273-025-01509-9.xml	f37c5f0e585874113a536406297b8e13842c8fb953a0a102a4114fcd4e7d5889	214719	frozen 209-paper JATS corpus	pilot/ontology-development-v4/production/person-citation-sprint/prepared-author-repair/metadata/V2-P058.json	146878ccb6228257d0087789115174839729b245f1b4c30ca94a283c11ac8002	pilot/ontology-development-v4/production/prepared-rebuild-v2-v013/inputs/V2-P058.md	fd8fadeade336db6aff16d33eaee6ab3cbe3f33662eed5914a0338dd632fa364	165463	5876c7a0636920df49ae04a515854244e78455f9e4d9a69bb2dba6674d322221	495c3be0bb3284343931ea7527177210d22d5aab617dc051bd70895fb3fe7a53	d60b00a82f40f79ab7e43a2f91a3444c932fc6394d3d5e2dfbf3a7fc3f75cd0c	9a5e2dc3e3ef4941ad902a77d17ebb2b4578031e77334c068524231815980fe6	a50d22be3eebc2a79cf3f62af90ea2364f9f2a7046453995786dcc5c94bcd863	TOP_LEVEL_JATS_CONTRIBUTORS_ONLY							
V2-P059	G059	10.1007/s40273-025-01550-8	corpus/1711-RA/doi_10.1007_s40273-025-01550-8.md	7e7d228cbf926fd058f42de14bfa6bb3c6ce8e9d347ce53de6a3941b5e947ba0	111094	input/projects/1711-RA/papers/doi_10.1007_s40273-025-01550-8.xml	0fca0fc65d5aae9ed9ab59a4634579bfecdaf7b569fe0b4e4809913dda2eded5	184334	frozen 209-paper JATS corpus	pilot/ontology-development-v4/production/person-citation-sprint/prepared-author-repair/metadata/V2-P059.json	04b36a8a7b6949c6930d0cbcaf7f72ed878cd0b8abeac9ad611812bd476313a9	pilot/ontology-development-v4/production/prepared-rebuild-v2-v013/inputs/V2-P059.md	29746b65d73d02bf1edebfc6a192b8a1708b889634598680893d35fd306cb135	160443	5876c7a0636920df49ae04a515854244e78455f9e4d9a69bb2dba6674d322221	495c3be0bb3284343931ea7527177210d22d5aab617dc051bd70895fb3fe7a53	d60b00a82f40f79ab7e43a2f91a3444c932fc6394d3d5e2dfbf3a7fc3f75cd0c	9a5e2dc3e3ef4941ad902a77d17ebb2b4578031e77334c068524231815980fe6	a50d22be3eebc2a79cf3f62af90ea2364f9f2a7046453995786dcc5c94bcd863	TOP_LEVEL_JATS_CONTRIBUTORS_ONLY							
V2-P060	G060	10.1136/bmjopen-2023-077256	corpus/304-PHD/doi_10.1136_bmjopen-2023-077256.md	cec51b4b9a428e0f544c14391873d8e6205951570ac55ebcf88f886f2563cb36	39142	input/projects/304-PHD/papers/doi_10.1136_bmjopen-2023-077256.xml	bdf0ee6cff8e5fdcab70ea6a6166873e62ba67ffc8df94e41175558aa450bd92	73230	frozen 209-paper JATS corpus	pilot/ontology-development-v4/production/person-citation-sprint/prepared-author-repair/metadata/V2-P060.json	7f5e2f5c0d32d701014c1e2484f826d5e115146a30f8884a0e2226020e0dfa90	pilot/ontology-development-v4/production/prepared-rebuild-v2-v013/inputs/V2-P060.md	ffa522c63ffe55d01a8d6a852272dd98aa404cf9cfc7b8e9efb3057f6eda60c9	87461	5876c7a0636920df49ae04a515854244e78455f9e4d9a69bb2dba6674d322221	495c3be0bb3284343931ea7527177210d22d5aab617dc051bd70895fb3fe7a53	d60b00a82f40f79ab7e43a2f91a3444c932fc6394d3d5e2dfbf3a7fc3f75cd0c	9a5e2dc3e3ef4941ad902a77d17ebb2b4578031e77334c068524231815980fe6	a50d22be3eebc2a79cf3f62af90ea2364f9f2a7046453995786dcc5c94bcd863	TOP_LEVEL_JATS_CONTRIBUTORS_ONLY							
V2-P061	G061	10.1136/bmjopen-2023-080985	corpus/430-RA/doi_10.1136_bmjopen-2023-080985.md	9da33a2c9d5182904310ba8421187b04b9ca00a6cc6609d3e9a6208e0df43d31	48266	input/projects/430-RA/papers/doi_10.1136_bmjopen-2023-080985.xml	19c4a892aff6046e1261bb7d07a7b2f32c1362cdd5970da6d4f8ac7fb665148b	101631	frozen 209-paper JATS corpus	pilot/ontology-development-v4/production/person-citation-sprint/prepared-author-repair/metadata/V2-P061.json	48e3648cd406eda853c295adf02f6d22b7caa06dd8074c317eee51239bc5bc59	pilot/ontology-development-v4/production/prepared-rebuild-v2-v013/inputs/V2-P061.md	21d50a7671b857c92edd1ad9271b1ce64db9bc531ebeff8d2652ce4d4848f268	97645	5876c7a0636920df49ae04a515854244e78455f9e4d9a69bb2dba6674d322221	495c3be0bb3284343931ea7527177210d22d5aab617dc051bd70895fb3fe7a53	d60b00a82f40f79ab7e43a2f91a3444c932fc6394d3d5e2dfbf3a7fc3f75cd0c	9a5e2dc3e3ef4941ad902a77d17ebb2b4578031e77334c068524231815980fe6	a50d22be3eebc2a79cf3f62af90ea2364f9f2a7046453995786dcc5c94bcd863	TOP_LEVEL_JATS_CONTRIBUTORS_ONLY							
V2-P062	G062	10.1136/bmjopen-2025-100897	corpus/1850-RA/doi_10.1136_bmjopen-2025-100897.md	f83ed58dfff092519efdabb2f3834c61508af16a0b7b7a77e0ef08e51413eed1	42479	input/projects/1850-RA/papers/doi_10.1136_bmjopen-2025-100897.xml	8a5693ae4af751df9825b0ca1a5a50fefeafd569da1323793ac1c2949d1cd554	74758	frozen 209-paper JATS corpus	pilot/ontology-development-v4/production/person-citation-sprint/prepared-author-repair/metadata/V2-P062.json	0e281b5552b138b56b125839b397f236a3eaa6ae99751ea1fd55fa295ca24e55	pilot/ontology-development-v4/production/prepared-rebuild-v2-v013/inputs/V2-P062.md	4565beb5f30be57334dd01b5dfab42d6fca49848bede14553c19c6b8fccf4ebf	91100	5876c7a0636920df49ae04a515854244e78455f9e4d9a69bb2dba6674d322221	495c3be0bb3284343931ea7527177210d22d5aab617dc051bd70895fb3fe7a53	d60b00a82f40f79ab7e43a2f91a3444c932fc6394d3d5e2dfbf3a7fc3f75cd0c	9a5e2dc3e3ef4941ad902a77d17ebb2b4578031e77334c068524231815980fe6	a50d22be3eebc2a79cf3f62af90ea2364f9f2a7046453995786dcc5c94bcd863	TOP_LEVEL_JATS_CONTRIBUTORS_ONLY							
V2-P063	G063	10.1177/0272989x20969686	corpus/20170210/doi_10.1177_0272989x20969686.md	3ae3da8629d8b0716d2e0a96569796b3bf81b1eb5c5c13fe54038d2d46676d99	65568	input/projects/20170210/papers/doi_10.1177_0272989x20969686.xml	1ca4ad33d75839fc283c962dcfaec8ab22ba280d7bd021e690e4a318ba7d01c3	114266	frozen 209-paper JATS corpus	pilot/ontology-development-v4/production/person-citation-sprint/prepared-author-repair/metadata/V2-P063.json	063547d1c95210c035393af5b8f1f98b48d81ca66a32727ebc51e78cea733536	pilot/ontology-development-v4/production/prepared-rebuild-v2-v013/inputs/V2-P063.md	e02b184e5e8de3e737b3d3e190a0414ab5de2551b429bbeb818c44cba07d1048	113513	5876c7a0636920df49ae04a515854244e78455f9e4d9a69bb2dba6674d322221	495c3be0bb3284343931ea7527177210d22d5aab617dc051bd70895fb3fe7a53	d60b00a82f40f79ab7e43a2f91a3444c932fc6394d3d5e2dfbf3a7fc3f75cd0c	9a5e2dc3e3ef4941ad902a77d17ebb2b4578031e77334c068524231815980fe6	a50d22be3eebc2a79cf3f62af90ea2364f9f2a7046453995786dcc5c94bcd863	TOP_LEVEL_JATS_CONTRIBUTORS_ONLY							
V2-P064	G064	10.1177/0272989x21999607	corpus/2016630/doi_10.1177_0272989x21999607.md	9ee05786bda8d047709bc7b040d12f9010e2f83d3c9f88e77a5b4400ba2e55aa	65644	input/projects/2016630/papers/doi_10.1177_0272989x21999607.xml	77c681afc831d47e80699f1d8c1b4f3c984101af91b0f6a974b8fc7e7bcf0aa7	136237	frozen 209-paper JATS corpus	pilot/ontology-development-v4/production/person-citation-sprint/prepared-author-repair/metadata/V2-P064.json	c207eeb0526b1c16c167881f0bc0e5bff1699b0786fef1ebb4bc0003f0d82716	pilot/ontology-development-v4/production/prepared-rebuild-v2-v013/inputs/V2-P064.md	b1bd09990c183a81f1f58dab8bdb5364ded1bb9bef2d563c02d2011bca37943c	114852	5876c7a0636920df49ae04a515854244e78455f9e4d9a69bb2dba6674d322221	495c3be0bb3284343931ea7527177210d22d5aab617dc051bd70895fb3fe7a53	d60b00a82f40f79ab7e43a2f91a3444c932fc6394d3d5e2dfbf3a7fc3f75cd0c	9a5e2dc3e3ef4941ad902a77d17ebb2b4578031e77334c068524231815980fe6	a50d22be3eebc2a79cf3f62af90ea2364f9f2a7046453995786dcc5c94bcd863	TOP_LEVEL_JATS_CONTRIBUTORS_ONLY							
V2-P065	G065	10.1186/s12955-020-01404-1	corpus/2016160/doi_10.1186_s12955-020-01404-1.md	e95e448f220b05571514ab297cb0c7046edde258265ef4bb7a98cea6863475c8	77418	input/projects/2016160/papers/doi_10.1186_s12955-020-01404-1.xml	fee6b3d20e6cbff9f8bb3f277f00b84d575b64c5314cb98eae15dad3a813e376	149052	frozen 209-paper JATS corpus	pilot/ontology-development-v4/production/person-citation-sprint/prepared-author-repair/metadata/V2-P065.json	eb965f0d68f738ba6e112d1330938c9e31efa2815b10f0d7b58a7749ecb27787	pilot/ontology-development-v4/production/prepared-rebuild-v2-v013/inputs/V2-P065.md	f7eb8dabfadba4824eaad7338fe8f33ccfcc499f6109e510c466f69843a550c4	126404	5876c7a0636920df49ae04a515854244e78455f9e4d9a69bb2dba6674d322221	495c3be0bb3284343931ea7527177210d22d5aab617dc051bd70895fb3fe7a53	d60b00a82f40f79ab7e43a2f91a3444c932fc6394d3d5e2dfbf3a7fc3f75cd0c	9a5e2dc3e3ef4941ad902a77d17ebb2b4578031e77334c068524231815980fe6	a50d22be3eebc2a79cf3f62af90ea2364f9f2a7046453995786dcc5c94bcd863	TOP_LEVEL_JATS_CONTRIBUTORS_ONLY							
V2-P066	G066	10.1186/s12955-021-01719-7	corpus/2015200/doi_10.1186_s12955-021-01719-7.md	4c6b2739bc907147316f2fe0db47f10f23607ce62818c8a55f6d2eb25e0d3be8	87701	input/projects/2015200/papers/doi_10.1186_s12955-021-01719-7.xml	9646c84da3962cf7385fdf62185fc46bbd44fa22a7f35c95a7d73b3227c5dbf2	156264	frozen 209-paper JATS corpus	pilot/ontology-development-v4/production/person-citation-sprint/prepared-author-repair/metadata/V2-P066.json	af0af82a88c23246625cab379613eece5aae842a436a86f5f3efa36a21f3ba4c	pilot/ontology-development-v4/production/prepared-rebuild-v2-v013/inputs/V2-P066.md	925d8ae1e7e5f39796bb92973ac1780786470f2bef9d7632b6741fd2042f8db6	134464	5876c7a0636920df49ae04a515854244e78455f9e4d9a69bb2dba6674d322221	495c3be0bb3284343931ea7527177210d22d5aab617dc051bd70895fb3fe7a53	d60b00a82f40f79ab7e43a2f91a3444c932fc6394d3d5e2dfbf3a7fc3f75cd0c	9a5e2dc3e3ef4941ad902a77d17ebb2b4578031e77334c068524231815980fe6	a50d22be3eebc2a79cf3f62af90ea2364f9f2a7046453995786dcc5c94bcd863	TOP_LEVEL_JATS_CONTRIBUTORS_ONLY							
V2-P067	G067	10.1186/s12955-021-01858-x	corpus/2016560/doi_10.1186_s12955-021-01858-x.md	08519c1f5be91b597b47451f27a19129ea958d51efb1170f7d6f75e765d00bd0	74048	input/projects/2016560/papers/doi_10.1186_s12955-021-01858-x.xml	502f4ad0b74e38e9bed2b01e0763627773ce7de60b1ccc97ae57fa3c5a2061ab	120432	frozen 209-paper JATS corpus	pilot/ontology-development-v4/production/person-citation-sprint/prepared-author-repair/metadata/V2-P067.json	3f10b9a3499f8f126f47da0a45e6d846bad36d5f12b82aa03f60ddaea7b09a6a	pilot/ontology-development-v4/production/prepared-rebuild-v2-v013/inputs/V2-P067.md	c7d63c3bce2f2b64f0a02eee19ee4e1917ae9febbf0b1ea2b1505728dee91f96	121747	5876c7a0636920df49ae04a515854244e78455f9e4d9a69bb2dba6674d322221	495c3be0bb3284343931ea7527177210d22d5aab617dc051bd70895fb3fe7a53	d60b00a82f40f79ab7e43a2f91a3444c932fc6394d3d5e2dfbf3a7fc3f75cd0c	9a5e2dc3e3ef4941ad902a77d17ebb2b4578031e77334c068524231815980fe6	a50d22be3eebc2a79cf3f62af90ea2364f9f2a7046453995786dcc5c94bcd863	TOP_LEVEL_JATS_CONTRIBUTORS_ONLY							
V2-P068	G068	10.1186/s12955-021-01889-4	corpus/20180140/doi_10.1186_s12955-021-01889-4.md	79e8843b7da9d11963e6465e2931cf1f29ee6212992869587471b41ad81271ec	79549	input/projects/20180140/papers/doi_10.1186_s12955-021-01889-4.xml	391d5a4709420294b9327dd92a89a63bad287380e31d3ba17e15bc73b2c6859d	135369	frozen 209-paper JATS corpus	pilot/ontology-development-v4/production/person-citation-sprint/prepared-author-repair/metadata/V2-P068.json	3bd3f332f2a3f4a1664f7e704c1653488409c185b5fe07a7c8e81dbf78f83c5c	pilot/ontology-development-v4/production/prepared-rebuild-v2-v013/inputs/V2-P068.md	aa868c1f3c7b5d34df162237b338db0e6e94d90213923844774f6a9f5bfbf748	130257	5876c7a0636920df49ae04a515854244e78455f9e4d9a69bb2dba6674d322221	495c3be0bb3284343931ea7527177210d22d5aab617dc051bd70895fb3fe7a53	d60b00a82f40f79ab7e43a2f91a3444c932fc6394d3d5e2dfbf3a7fc3f75cd0c	9a5e2dc3e3ef4941ad902a77d17ebb2b4578031e77334c068524231815980fe6	a50d22be3eebc2a79cf3f62af90ea2364f9f2a7046453995786dcc5c94bcd863	TOP_LEVEL_JATS_CONTRIBUTORS_ONLY							
V2-P069	G069	10.1186/s12955-022-02083-w	corpus/20180770/doi_10.1186_s12955-022-02083-w.md	433c19b4233623ebee107171a139f4a803ed9ad41f54ad87c609cb809daf46ee	60251	input/projects/20180770/papers/doi_10.1186_s12955-022-02083-w.xml	1fc64e0aa34d1d6280420ab3849178eb96ee0de785143bd628a49832d375af77	117438	frozen 209-paper JATS corpus	pilot/ontology-development-v4/production/person-citation-sprint/prepared-author-repair/metadata/V2-P069.json	d479cfb5f89da61130cdd0b853ff560cd9d6beeb007a4c3f7dcad09977b77c03	pilot/ontology-development-v4/production/prepared-rebuild-v2-v013/inputs/V2-P069.md	ff52fcebe8f9944b04196ad9d100f129ae31ebe71420d3fe35a0c2d0063a4b3e	108791	5876c7a0636920df49ae04a515854244e78455f9e4d9a69bb2dba6674d322221	495c3be0bb3284343931ea7527177210d22d5aab617dc051bd70895fb3fe7a53	d60b00a82f40f79ab7e43a2f91a3444c932fc6394d3d5e2dfbf3a7fc3f75cd0c	9a5e2dc3e3ef4941ad902a77d17ebb2b4578031e77334c068524231815980fe6	a50d22be3eebc2a79cf3f62af90ea2364f9f2a7046453995786dcc5c94bcd863	TOP_LEVEL_JATS_CONTRIBUTORS_ONLY							
V2-P070	G070	10.1186/s12955-024-02266-7	corpus/341-RA/doi_10.1186_s12955-024-02266-7.md	fc29e562638e700d12dcdb40596879f0dde16b982ea6e0f13fce2dc1d2d341ff	123881	input/projects/341-RA/papers/doi_10.1186_s12955-024-02266-7.xml	ec2dae9b852f0e2fd38c042c76d355207d7d9e0c9723e5d0d5640daee1b816f5	335889	frozen 209-paper JATS corpus	pilot/ontology-development-v4/production/person-citation-sprint/prepared-author-repair/metadata/V2-P070.json	f98fb186370661c5cdd6aae9037e3ebb2aabb985a68184df0fdeb2d60cb6483a	pilot/ontology-development-v4/production/prepared-rebuild-v2-v013/inputs/V2-P070.md	2e1981c6e0eacca651b0bff6a010e41725891dd8ee00841700ddd2327f239168	172095	5876c7a0636920df49ae04a515854244e78455f9e4d9a69bb2dba6674d322221	495c3be0bb3284343931ea7527177210d22d5aab617dc051bd70895fb3fe7a53	d60b00a82f40f79ab7e43a2f91a3444c932fc6394d3d5e2dfbf3a7fc3f75cd0c	9a5e2dc3e3ef4941ad902a77d17ebb2b4578031e77334c068524231815980fe6	a50d22be3eebc2a79cf3f62af90ea2364f9f2a7046453995786dcc5c94bcd863	TOP_LEVEL_JATS_CONTRIBUTORS_ONLY							
V2-P071	G071	10.1186/s12955-026-02478-z	corpus/1592-RA/doi_10.1186_s12955-026-02478-z.md	9b84ec7d957694e16c11b3fef240125edd1ba91c39748357b4e619d9ba85bac7	52777	input/projects/1592-RA/papers/doi_10.1186_s12955-026-02478-z.xml	55cdfe0b41935ecfec27c4f68d0a12376e71d6fc9839658541876e4f9c257c88	110466	frozen 209-paper JATS corpus	pilot/ontology-development-v4/production/person-citation-sprint/prepared-author-repair/metadata/V2-P071.json	8d903ce293ccd5de827f76ede07ff1daf28f8d5598f9da1e527a2f69bd6f4a49	pilot/ontology-development-v4/production/prepared-rebuild-v2-v013/inputs/V2-P071.md	398d94ea8dccb65e084bb5bda8e5b710d841a4b7bb9f0761e61b347536a33bbe	101492	5876c7a0636920df49ae04a515854244e78455f9e4d9a69bb2dba6674d322221	495c3be0bb3284343931ea7527177210d22d5aab617dc051bd70895fb3fe7a53	d60b00a82f40f79ab7e43a2f91a3444c932fc6394d3d5e2dfbf3a7fc3f75cd0c	9a5e2dc3e3ef4941ad902a77d17ebb2b4578031e77334c068524231815980fe6	a50d22be3eebc2a79cf3f62af90ea2364f9f2a7046453995786dcc5c94bcd863	TOP_LEVEL_JATS_CONTRIBUTORS_ONLY							
V2-P072	G072	10.1186/s12955-026-02521-z	corpus/1599-RA/doi_10.1186_s12955-026-02521-z.md	fe11c740a375b5f94ab2d8feb4f98d90e4e189546cd02cb2a19182ab627ad1b9	109181	input/projects/1599-RA/papers/doi_10.1186_s12955-026-02521-z.xml	c48debce3442c3ec97a59362172314c7e8f71c5abf4931323d256aece53c2300	165962	frozen 209-paper JATS corpus	pilot/ontology-development-v4/production/person-citation-sprint/prepared-author-repair/metadata/V2-P072.json	46e53048fe561807bd08b46a99f722300b572df5099cb0318d5cf686bd28526a	pilot/ontology-development-v4/production/prepared-rebuild-v2-v013/inputs/V2-P072.md	1dca7ac3fadc4d71ef2d7d5b7c39956140b89b79ef37378903b8602f9843a853	157345	5876c7a0636920df49ae04a515854244e78455f9e4d9a69bb2dba6674d322221	495c3be0bb3284343931ea7527177210d22d5aab617dc051bd70895fb3fe7a53	d60b00a82f40f79ab7e43a2f91a3444c932fc6394d3d5e2dfbf3a7fc3f75cd0c	9a5e2dc3e3ef4941ad902a77d17ebb2b4578031e77334c068524231815980fe6	a50d22be3eebc2a79cf3f62af90ea2364f9f2a7046453995786dcc5c94bcd863	TOP_LEVEL_JATS_CONTRIBUTORS_ONLY							
V2-P073	G073	10.1186/s41687-020-00247-0	corpus/2015270/doi_10.1186_s41687-020-00247-0.md	7bfec7fa02d0ba808551e364d34f9dd66ad90c7e24f96aeffaad11f62b5accf2	52427	input/projects/2015270/papers/doi_10.1186_s41687-020-00247-0.xml	e9d46e5a7326c9bf795400f36dce13a2a766f1ff87227194cf2fd904c3e16fd1	88318	frozen 209-paper JATS corpus	pilot/ontology-development-v4/production/person-citation-sprint/prepared-author-repair/metadata/V2-P073.json	7f9696e8a6fbd85a9830f3d66497ce471b46769e3acd35fe9efc9d962981147b	pilot/ontology-development-v4/production/prepared-rebuild-v2-v013/inputs/V2-P073.md	f7fd55de8fa832c99894f5f5c9c0148f312125f2c367c57c5dba28d217b3904c	98580	5876c7a0636920df49ae04a515854244e78455f9e4d9a69bb2dba6674d322221	495c3be0bb3284343931ea7527177210d22d5aab617dc051bd70895fb3fe7a53	d60b00a82f40f79ab7e43a2f91a3444c932fc6394d3d5e2dfbf3a7fc3f75cd0c	9a5e2dc3e3ef4941ad902a77d17ebb2b4578031e77334c068524231815980fe6	a50d22be3eebc2a79cf3f62af90ea2364f9f2a7046453995786dcc5c94bcd863	TOP_LEVEL_JATS_CONTRIBUTORS_ONLY							
V2-P074	G074	10.1371/journal.pone.0190111	corpus/2014150/doi_10.1371_journal.pone.0190111.md	182c324a2c4d3d2468b4262417fdb74d55fc9a9ffe465f0fc094070b9cf52df7	40553	input/projects/2014150/papers/doi_10.1371_journal.pone.0190111.xml	6af35e67e8c86f2542f745dcd9c853172fe851f3af1f427872be9878f4373d9c	84718	frozen 209-paper JATS corpus	pilot/ontology-development-v4/production/person-citation-sprint/prepared-author-repair/metadata/V2-P074.json	98dc60e654c2e62afc32ca4dd1481ae9374b6496316ae6c9c77e8c0581083ecc	pilot/ontology-development-v4/production/prepared-rebuild-v2-v013/inputs/V2-P074.md	ace177b57d58957657cafa08cefb1dee3b1433b4a6b4f09cf61fcee13d0bd49b	93682	5876c7a0636920df49ae04a515854244e78455f9e4d9a69bb2dba6674d322221	495c3be0bb3284343931ea7527177210d22d5aab617dc051bd70895fb3fe7a53	d60b00a82f40f79ab7e43a2f91a3444c932fc6394d3d5e2dfbf3a7fc3f75cd0c	9a5e2dc3e3ef4941ad902a77d17ebb2b4578031e77334c068524231815980fe6	a50d22be3eebc2a79cf3f62af90ea2364f9f2a7046453995786dcc5c94bcd863	TOP_LEVEL_JATS_CONTRIBUTORS_ONLY							
V2-P075	G075	10.1371/journal.pone.0209344	corpus/2016440/doi_10.1371_journal.pone.0209344.md	e3c6d471fd5c00c37cf3bf480e0f7c0d902962d069a59b2e573d3a43a6f9465b	62503	input/projects/2016440/papers/doi_10.1371_journal.pone.0209344.xml	576ccfe6e6a590363456b1ef92ec86601157ee5876d837c8175301d9288532ec	122371	frozen 209-paper JATS corpus	pilot/ontology-development-v4/production/person-citation-sprint/prepared-author-repair/metadata/V2-P075.json	8b82a2f1fc3fd305decd076c0fcf56ffe19be15f42aed780354dc36ff7089d50	pilot/ontology-development-v4/production/prepared-rebuild-v2-v013/inputs/V2-P075.md	a208d7951a93a574a981eb651f050a33d75af6a48980df0427d58e2214b8c46d	121429	5876c7a0636920df49ae04a515854244e78455f9e4d9a69bb2dba6674d322221	495c3be0bb3284343931ea7527177210d22d5aab617dc051bd70895fb3fe7a53	d60b00a82f40f79ab7e43a2f91a3444c932fc6394d3d5e2dfbf3a7fc3f75cd0c	9a5e2dc3e3ef4941ad902a77d17ebb2b4578031e77334c068524231815980fe6	a50d22be3eebc2a79cf3f62af90ea2364f9f2a7046453995786dcc5c94bcd863	TOP_LEVEL_JATS_CONTRIBUTORS_ONLY							
V2-P076	G076	10.1371/journal.pone.0319227	corpus/348-PHD/doi_10.1371_journal.pone.0319227.md	87a2c313ac7b1cdde3152331e303e0015897a8f79614135163db1d1f16701e70	163225	input/projects/348-PHD/papers/doi_10.1371_journal.pone.0319227.xml	679fcd8524700de5ced1ef77a54409df14c75deed0cd910396e234540fb5dc7d	238685	frozen 209-paper JATS corpus	pilot/ontology-development-v4/production/person-citation-sprint/prepared-author-repair/metadata/V2-P076.json	53b93132ea82f67083a2af49ebb5fab0c658aab7f0b5f2d0d9f364575b33a4e8	pilot/ontology-development-v4/production/prepared-rebuild-v2-v013/inputs/V2-P076.md	7c58593beb48d3a58255606256864cddad3a3b0dfc342fc76d82cc4be3891896	221525	5876c7a0636920df49ae04a515854244e78455f9e4d9a69bb2dba6674d322221	495c3be0bb3284343931ea7527177210d22d5aab617dc051bd70895fb3fe7a53	d60b00a82f40f79ab7e43a2f91a3444c932fc6394d3d5e2dfbf3a7fc3f75cd0c	9a5e2dc3e3ef4941ad902a77d17ebb2b4578031e77334c068524231815980fe6	a50d22be3eebc2a79cf3f62af90ea2364f9f2a7046453995786dcc5c94bcd863	TOP_LEVEL_JATS_CONTRIBUTORS_ONLY							
V2-P077	G077	10.3389/fpsyg.2023.1175402	corpus/2016740/doi_10.3389_fpsyg.2023.1175402.md	ef0a5184d3162c4c32b3ece709392db610ce59855f1d78ca992741b6005ff0ac	72783	input/projects/2016740/papers/doi_10.3389_fpsyg.2023.1175402.xml	b5f16015e4cf213f55bb353411e9db2e19d1b2d1754241869a7b403246205ba2	118746	frozen 209-paper JATS corpus	pilot/ontology-development-v4/production/person-citation-sprint/prepared-author-repair/metadata/V2-P077.json	e0fe59ebcb29ccb89ac0f6c975090916d19e6ff950623243a3cfdcf49b41e155	pilot/ontology-development-v4/production/prepared-rebuild-v2-v013/inputs/V2-P077.md	9d0c892d790da31364e0613c66314bcb7d5f8fde0674bcb83385d9d7ad3cd065	121295	5876c7a0636920df49ae04a515854244e78455f9e4d9a69bb2dba6674d322221	495c3be0bb3284343931ea7527177210d22d5aab617dc051bd70895fb3fe7a53	d60b00a82f40f79ab7e43a2f91a3444c932fc6394d3d5e2dfbf3a7fc3f75cd0c	9a5e2dc3e3ef4941ad902a77d17ebb2b4578031e77334c068524231815980fe6	a50d22be3eebc2a79cf3f62af90ea2364f9f2a7046453995786dcc5c94bcd863	TOP_LEVEL_JATS_CONTRIBUTORS_ONLY							
V2-P078	G078	10.3389/ijph.2026.1608807	corpus/1987-SG/doi_10.3389_ijph.2026.1608807.md	90d87e65a601d205adfea637b42a810c73e0342ce00c18f1af9216c3ee4d5592	61090	input/projects/1987-SG/papers/doi_10.3389_ijph.2026.1608807.xml	6450a38abac3dc7f89ba716b91f835cfcd54394f6d992f19f7007304da9f3ef4	98648	frozen 209-paper JATS corpus	pilot/ontology-development-v4/production/person-citation-sprint/prepared-author-repair/metadata/V2-P078.json	9cb4b14544c5986e424835a1e605c554da0100ac3c9924f9caf24d5f5c774206	pilot/ontology-development-v4/production/prepared-rebuild-v2-v013/inputs/V2-P078.md	f31499baef85bfb8bb847bcc20d7c15b0c77c7783d91fac1649eb58ea9cd5857	108745	5876c7a0636920df49ae04a515854244e78455f9e4d9a69bb2dba6674d322221	495c3be0bb3284343931ea7527177210d22d5aab617dc051bd70895fb3fe7a53	d60b00a82f40f79ab7e43a2f91a3444c932fc6394d3d5e2dfbf3a7fc3f75cd0c	9a5e2dc3e3ef4941ad902a77d17ebb2b4578031e77334c068524231815980fe6	a50d22be3eebc2a79cf3f62af90ea2364f9f2a7046453995786dcc5c94bcd863	TOP_LEVEL_JATS_CONTRIBUTORS_ONLY							
V2-P079	G079	10.3390/curroncol32060308	corpus/1456-PD/doi_10.3390_curroncol32060308.md	b41f30156f7d0c2ff1846461be46a8a612149492a2cd74a9b561c9b49b3f17e5	50596	input/projects/1456-PD/papers/doi_10.3390_curroncol32060308.xml	73e7a8bc1ee59a6bceec30eb7dee743274a9d704dd4db5f5a0ea09841c5325f8	91640	frozen 209-paper JATS corpus	pilot/ontology-development-v4/production/person-citation-sprint/prepared-author-repair/metadata/V2-P079.json	07c77d6bed6221d3bf5508b715aea6e560ff6e4b3662388126e45cca5f772acd	pilot/ontology-development-v4/production/prepared-rebuild-v2-v013/inputs/V2-P079.md	f3cac343bcdbb5d930d6bb6b5183a244f0cb1da418140ebd2f4f665bbe44a37c	100296	5876c7a0636920df49ae04a515854244e78455f9e4d9a69bb2dba6674d322221	495c3be0bb3284343931ea7527177210d22d5aab617dc051bd70895fb3fe7a53	d60b00a82f40f79ab7e43a2f91a3444c932fc6394d3d5e2dfbf3a7fc3f75cd0c	9a5e2dc3e3ef4941ad902a77d17ebb2b4578031e77334c068524231815980fe6	a50d22be3eebc2a79cf3f62af90ea2364f9f2a7046453995786dcc5c94bcd863	TOP_LEVEL_JATS_CONTRIBUTORS_ONLY							
V2-P080	G080	10.5492/wjccm.v11.i4.236	corpus/299-RA/doi_10.5492_wjccm.v11.i4.236.md	c2388c8eb6b001069963a3ad99a7e75c9b7695ddb372a31b6a6c3e41bd8b9bdb	42232	input/projects/299-RA/papers/doi_10.5492_wjccm.v11.i4.236.xml	729a4255e6d7db8d96f9cd7e86688239e670a0324b355507133a0f010f512fa4	84439	frozen 209-paper JATS corpus	pilot/ontology-development-v4/production/person-citation-sprint/prepared-author-repair/metadata/V2-P080.json	91cd8faf5326f5a3353f384067108b370988646fe51caf9817183a81fd5b9ae9	pilot/ontology-development-v4/production/prepared-rebuild-v2-v013/inputs/V2-P080.md	5ae1eccbb3ec69e4fbf18b82136f29c52e122b46320b3b15cf8ec71c4145b895	98635	5876c7a0636920df49ae04a515854244e78455f9e4d9a69bb2dba6674d322221	495c3be0bb3284343931ea7527177210d22d5aab617dc051bd70895fb3fe7a53	d60b00a82f40f79ab7e43a2f91a3444c932fc6394d3d5e2dfbf3a7fc3f75cd0c	9a5e2dc3e3ef4941ad902a77d17ebb2b4578031e77334c068524231815980fe6	a50d22be3eebc2a79cf3f62af90ea2364f9f2a7046453995786dcc5c94bcd863	TOP_LEVEL_JATS_CONTRIBUTORS_ONLY							
V2-P081	G081	10.1002/hec.4529	corpus/20190080R1/doi_10.1002_hec.4529.md	24e34bf2461ce3ff26ab79718ac248685993a16e57942331dda5fcca6450c417	97490	input/projects/20190080R1/papers/doi_10.1002_hec.4529.xml	ec5d3c6548102af9949816354ec9702e332f373e215702bd15cc0ff3d99402e5	226736	frozen 209-paper JATS corpus	pilot/ontology-development-v4/production/person-citation-sprint/prepared-author-repair/metadata/V2-P081.json	d24bdd41d8b649c186b569ca9895c78419ef2db010545d481c3914b05ce1a1d5	pilot/ontology-development-v4/production/prepared-rebuild-v2-v013/inputs/V2-P081.md	6d3675fb573d2ecc5bcd2c5754863fca4b6935e0d18770218d64944633c840f4	143472	5876c7a0636920df49ae04a515854244e78455f9e4d9a69bb2dba6674d322221	495c3be0bb3284343931ea7527177210d22d5aab617dc051bd70895fb3fe7a53	d60b00a82f40f79ab7e43a2f91a3444c932fc6394d3d5e2dfbf3a7fc3f75cd0c	9a5e2dc3e3ef4941ad902a77d17ebb2b4578031e77334c068524231815980fe6	a50d22be3eebc2a79cf3f62af90ea2364f9f2a7046453995786dcc5c94bcd863	TOP_LEVEL_JATS_CONTRIBUTORS_ONLY							
V2-P082	G082	10.1002/hsr2.70308	corpus/20190690/doi_10.1002_hsr2.70308.md	343051bd13c04d48c1fad267f6e6fe42b1b3d09fb2b7ba32a4ad0bfb36f4cf79	58585	input/projects/20190690/papers/doi_10.1002_hsr2.70308.xml	e5c106eb9ec417ba5c636ae86dabe9944319c6643e3594008b1c7328ee503edc	107682	frozen 209-paper JATS corpus	pilot/ontology-development-v4/production/person-citation-sprint/prepared-author-repair/metadata/V2-P082.json	b917bb5e676b00d5fac96581677e83e674dbb65a51160d32134031aace09d9db	pilot/ontology-development-v4/production/prepared-rebuild-v2-v013/inputs/V2-P082.md	f9841e3f75fd3c57795083ff65e1c9705882a4f005d096f9b86e13c45f35fea5	108105	5876c7a0636920df49ae04a515854244e78455f9e4d9a69bb2dba6674d322221	495c3be0bb3284343931ea7527177210d22d5aab617dc051bd70895fb3fe7a53	d60b00a82f40f79ab7e43a2f91a3444c932fc6394d3d5e2dfbf3a7fc3f75cd0c	9a5e2dc3e3ef4941ad902a77d17ebb2b4578031e77334c068524231815980fe6	a50d22be3eebc2a79cf3f62af90ea2364f9f2a7046453995786dcc5c94bcd863	TOP_LEVEL_JATS_CONTRIBUTORS_ONLY							
V2-P083	G083	10.1007/s10198-018-0987-x	corpus/20170450/doi_10.1007_s10198-018-0987-x.md	fc488afa7b1a983ed266cae605368061b0e9fb85c5648b5e2a1ee89cec5aa645	39487	input/projects/20170450/papers/doi_10.1007_s10198-018-0987-x.xml	e14d5224491c287f9b87e33a2179419cb35353da74b99a0c18011d61f11aadb6	77612	frozen 209-paper JATS corpus	pilot/ontology-development-v4/production/person-citation-sprint/prepared-author-repair/metadata/V2-P083.json	097fdca728cad669327827f5b92860710a6fa2663384565ce20e6ed88073b7e4	pilot/ontology-development-v4/production/prepared-rebuild-v2-v013/inputs/V2-P083.md	939326b41d424f9a5eef597e50a5213e9955c601239531e983f5a158b82e09d7	85955	5876c7a0636920df49ae04a515854244e78455f9e4d9a69bb2dba6674d322221	495c3be0bb3284343931ea7527177210d22d5aab617dc051bd70895fb3fe7a53	d60b00a82f40f79ab7e43a2f91a3444c932fc6394d3d5e2dfbf3a7fc3f75cd0c	9a5e2dc3e3ef4941ad902a77d17ebb2b4578031e77334c068524231815980fe6	a50d22be3eebc2a79cf3f62af90ea2364f9f2a7046453995786dcc5c94bcd863	TOP_LEVEL_JATS_CONTRIBUTORS_ONLY							
V2-P084	G084	10.1007/s10198-018-0993-z	corpus/2014170/doi_10.1007_s10198-018-0993-z.md	9a859cd03aa3256bbd52a6fac01749ca85e7d878770f3d212d83ce3ec304a741	80616	input/projects/2014170/papers/doi_10.1007_s10198-018-0993-z.xml	dec669d4343395a111005589a7c0b37c718f02cf6620fff4ba7f9f09009b7789	131975	frozen 209-paper JATS corpus	pilot/ontology-development-v4/production/person-citation-sprint/prepared-author-repair/metadata/V2-P084.json	b0783c354834b41b4c3a0eee22d514de5194d8bba596f1d166698bf73d61d01c	pilot/ontology-development-v4/production/prepared-rebuild-v2-v013/inputs/V2-P084.md	081b03734b1ab31e5f542f03932976b717776756959bee07b4150abc5b047134	128354	5876c7a0636920df49ae04a515854244e78455f9e4d9a69bb2dba6674d322221	495c3be0bb3284343931ea7527177210d22d5aab617dc051bd70895fb3fe7a53	d60b00a82f40f79ab7e43a2f91a3444c932fc6394d3d5e2dfbf3a7fc3f75cd0c	9a5e2dc3e3ef4941ad902a77d17ebb2b4578031e77334c068524231815980fe6	a50d22be3eebc2a79cf3f62af90ea2364f9f2a7046453995786dcc5c94bcd863	TOP_LEVEL_JATS_CONTRIBUTORS_ONLY							
V2-P085	G085	10.1007/s10198-020-01205-9	corpus/2016570/doi_10.1007_s10198-020-01205-9.md	e0ec77f46624ebf9052b6ffb529918fbfd19e7affd57f7dd8583b72758151a0c	93389	input/projects/2016570/papers/doi_10.1007_s10198-020-01205-9.xml	8d9db24ac445adf37316e26f1bc8264d38faf465726d243c34ee73ed851c60eb	133497	frozen 209-paper JATS corpus	pilot/ontology-development-v4/production/person-citation-sprint/prepared-author-repair/metadata/V2-P085.json	e34d62a18258c86237b97bed02c87ee9867774c3557ec98429bcd53310d16b5f	pilot/ontology-development-v4/production/prepared-rebuild-v2-v013/inputs/V2-P085.md	88df1d28dc95492d7ec241c1cdee315ac6275d293542a718783eeb8ada748c17	141069	5876c7a0636920df49ae04a515854244e78455f9e4d9a69bb2dba6674d322221	495c3be0bb3284343931ea7527177210d22d5aab617dc051bd70895fb3fe7a53	d60b00a82f40f79ab7e43a2f91a3444c932fc6394d3d5e2dfbf3a7fc3f75cd0c	9a5e2dc3e3ef4941ad902a77d17ebb2b4578031e77334c068524231815980fe6	a50d22be3eebc2a79cf3f62af90ea2364f9f2a7046453995786dcc5c94bcd863	TOP_LEVEL_JATS_CONTRIBUTORS_ONLY							
V2-P086	G086	10.1007/s10198-021-01306-z	corpus/2016710/doi_10.1007_s10198-021-01306-z.md	3fd5eca21b9429c79f5c0947e286ee07919dea027a79fd7f4a03fd45cd902b0b	92752	input/projects/2016710/papers/doi_10.1007_s10198-021-01306-z.xml	4635a42ac27ffc95d4f09a228cd0f585a258727259ec5e5792840555c56a2f12	159101	frozen 209-paper JATS corpus	pilot/ontology-development-v4/production/person-citation-sprint/prepared-author-repair/metadata/V2-P086.json	46ec3e276d2f38d9937696c008e2aa301e67aa1e866397caea3bab6b67643a50	pilot/ontology-development-v4/production/prepared-rebuild-v2-v013/inputs/V2-P086.md	5c4df9301a2351cac2bfd32502179766d86d18c6cecc172b1e97cc156ecedcfe	145951	5876c7a0636920df49ae04a515854244e78455f9e4d9a69bb2dba6674d322221	495c3be0bb3284343931ea7527177210d22d5aab617dc051bd70895fb3fe7a53	d60b00a82f40f79ab7e43a2f91a3444c932fc6394d3d5e2dfbf3a7fc3f75cd0c	9a5e2dc3e3ef4941ad902a77d17ebb2b4578031e77334c068524231815980fe6	a50d22be3eebc2a79cf3f62af90ea2364f9f2a7046453995786dcc5c94bcd863	TOP_LEVEL_JATS_CONTRIBUTORS_ONLY							
V2-P087	G087	10.1007/s10198-021-01309-w	corpus/20170330/doi_10.1007_s10198-021-01309-w.md	35f7b7dbe33f5a60c39aa8891f623a655e9d2d45373b0da90ea86c71f36ed3a6	68283	input/projects/20170330/papers/doi_10.1007_s10198-021-01309-w.xml	c1ebc30a1a23e2fb60c1ba11dee5994e65d62817a582b4085ea230d569db3dc9	104328	frozen 209-paper JATS corpus	pilot/ontology-development-v4/production/person-citation-sprint/prepared-author-repair/metadata/V2-P087.json	a3596547c84ed5e8f335f56bdfbd9446184764bbb847a49c4821cfa67970c412	pilot/ontology-development-v4/production/prepared-rebuild-v2-v013/inputs/V2-P087.md	1e052f5b67d95c36e81525749c89372752babe1f9392011a62bec0667a61447d	117054	5876c7a0636920df49ae04a515854244e78455f9e4d9a69bb2dba6674d322221	495c3be0bb3284343931ea7527177210d22d5aab617dc051bd70895fb3fe7a53	d60b00a82f40f79ab7e43a2f91a3444c932fc6394d3d5e2dfbf3a7fc3f75cd0c	9a5e2dc3e3ef4941ad902a77d17ebb2b4578031e77334c068524231815980fe6	a50d22be3eebc2a79cf3f62af90ea2364f9f2a7046453995786dcc5c94bcd863	TOP_LEVEL_JATS_CONTRIBUTORS_ONLY							
V2-P088	G088	10.1007/s10198-022-01481-7	corpus/20180030R1/doi_10.1007_s10198-022-01481-7.md	fcd9d9072d1a4642b7bf7fe9c1d5bbf6b1a5d9a7a545b31c8fdb0498bc6665e4	57058	input/projects/20180030R1/papers/doi_10.1007_s10198-022-01481-7.xml	1d43766b183a4abf40ac2e65a1ab5cc75d3653182d139c8d45e818b0a097ac6e	121152	frozen 209-paper JATS corpus	pilot/ontology-development-v4/production/person-citation-sprint/prepared-author-repair/metadata/V2-P088.json	973f07017b5eef939baa29858a8f5960e01460277f3339fe2b9f0cfb2a61c34a	pilot/ontology-development-v4/production/prepared-rebuild-v2-v013/inputs/V2-P088.md	7fc663ac2a98dcd79366bfa7e6852c22d1bd54f45f11642a0aa04f528f74cfd9	106549	5876c7a0636920df49ae04a515854244e78455f9e4d9a69bb2dba6674d322221	495c3be0bb3284343931ea7527177210d22d5aab617dc051bd70895fb3fe7a53	d60b00a82f40f79ab7e43a2f91a3444c932fc6394d3d5e2dfbf3a7fc3f75cd0c	9a5e2dc3e3ef4941ad902a77d17ebb2b4578031e77334c068524231815980fe6	a50d22be3eebc2a79cf3f62af90ea2364f9f2a7046453995786dcc5c94bcd863	TOP_LEVEL_JATS_CONTRIBUTORS_ONLY							
V2-P089	G089	10.1007/s10198-023-01668-6	corpus/417-RA/doi_10.1007_s10198-023-01668-6.md	6a9173e4d10243356fbe6ec8bb7373ba7bccbe3639324c38ae6337476fb90e1d	97711	input/projects/417-RA/papers/doi_10.1007_s10198-023-01668-6.xml	33073694eb0b31d537862471764ab168776206884db393b66b657d0ec85eaa10	156611	frozen 209-paper JATS corpus	pilot/ontology-development-v4/production/person-citation-sprint/prepared-author-repair/metadata/V2-P089.json	5ae04aa18c4e2ca3dbf4df2611cf23b9bf3cfd0ec25c607b40c6e3207b740da8	pilot/ontology-development-v4/production/prepared-rebuild-v2-v013/inputs/V2-P089.md	a9bc2d7b61e8a1dd7fd19cfa6bcec5fafc9a2ca557c71a6cc679fbc21735ec72	143802	5876c7a0636920df49ae04a515854244e78455f9e4d9a69bb2dba6674d322221	495c3be0bb3284343931ea7527177210d22d5aab617dc051bd70895fb3fe7a53	d60b00a82f40f79ab7e43a2f91a3444c932fc6394d3d5e2dfbf3a7fc3f75cd0c	9a5e2dc3e3ef4941ad902a77d17ebb2b4578031e77334c068524231815980fe6	a50d22be3eebc2a79cf3f62af90ea2364f9f2a7046453995786dcc5c94bcd863	TOP_LEVEL_JATS_CONTRIBUTORS_ONLY							
V2-P090	G090	10.1007/s10198-024-01682-2	corpus/444-RA/doi_10.1007_s10198-024-01682-2.md	3d8470dfc1520b9b531b28b99ba49d0ce187e0e0861fb15bc2979418effaf7c2	74791	input/projects/444-RA/papers/doi_10.1007_s10198-024-01682-2.xml	71c82e502fd5912693182e8c6882846f3a9b086b2ac787645f3057278ff852c4	144581	frozen 209-paper JATS corpus	pilot/ontology-development-v4/production/person-citation-sprint/prepared-author-repair/metadata/V2-P090.json	7a8f21ec708aafc4cc18119f46f3d05971ba3951a5b681faa426c29f75a20be4	pilot/ontology-development-v4/production/prepared-rebuild-v2-v013/inputs/V2-P090.md	eef279431ff8fe208c1ffc328c2be70c940329d53e2e178115959a2648012488	122476	5876c7a0636920df49ae04a515854244e78455f9e4d9a69bb2dba6674d322221	495c3be0bb3284343931ea7527177210d22d5aab617dc051bd70895fb3fe7a53	d60b00a82f40f79ab7e43a2f91a3444c932fc6394d3d5e2dfbf3a7fc3f75cd0c	9a5e2dc3e3ef4941ad902a77d17ebb2b4578031e77334c068524231815980fe6	a50d22be3eebc2a79cf3f62af90ea2364f9f2a7046453995786dcc5c94bcd863	TOP_LEVEL_JATS_CONTRIBUTORS_ONLY							
V2-P091	G091	10.1007/s10198-025-01770-x	corpus/218-RA/doi_10.1007_s10198-025-01770-x.md	087da109d92a3fb7edf1c86e6a127a1b3c8251c03a41e3faaf64d4e43af7e7d9	173513	input/projects/218-RA/papers/doi_10.1007_s10198-025-01770-x.xml	3e0764427e7d623271e9fdc65a93f7975fd7954312a422687e158f576a1403b9	262678	frozen 209-paper JATS corpus	pilot/ontology-development-v4/production/person-citation-sprint/prepared-author-repair/metadata/V2-P091.json	f2c48eb026dc0674b179ee4422fbf91cf3632dbbade0ed6d3d51db6203267a62	pilot/ontology-development-v4/production/prepared-rebuild-v2-v013/inputs/V2-P091.md	2a703a875b448a91d1749d2ce3e2274c167eb807a4d66cebc89db300800c7237	222492	5876c7a0636920df49ae04a515854244e78455f9e4d9a69bb2dba6674d322221	495c3be0bb3284343931ea7527177210d22d5aab617dc051bd70895fb3fe7a53	d60b00a82f40f79ab7e43a2f91a3444c932fc6394d3d5e2dfbf3a7fc3f75cd0c	9a5e2dc3e3ef4941ad902a77d17ebb2b4578031e77334c068524231815980fe6	a50d22be3eebc2a79cf3f62af90ea2364f9f2a7046453995786dcc5c94bcd863	TOP_LEVEL_JATS_CONTRIBUTORS_ONLY							
V2-P092	G092	10.1007/s10198-025-01852-w	corpus/1497-RA/doi_10.1007_s10198-025-01852-w.md	7f208ff259e02fac8440b9c0ae5754c94818f773a2d74423b127ff542b61626a	69374	input/projects/1497-RA/papers/doi_10.1007_s10198-025-01852-w.xml	b5bdef93161e84399a8d524d5f6df482dfa2c199b4ccc2d7d974c38d5dcfe86f	191888	frozen 209-paper JATS corpus	pilot/ontology-development-v4/production/person-citation-sprint/prepared-author-repair/metadata/V2-P092.json	8615e048eb8a1d37f5f31fd7d55e786d086ed3918771cd965e48912b3eb44113	pilot/ontology-development-v4/production/prepared-rebuild-v2-v013/inputs/V2-P092.md	65afd25abefd5e0296f5f95aa4264e05793ead302500139f86356cff2900099c	117743	5876c7a0636920df49ae04a515854244e78455f9e4d9a69bb2dba6674d322221	495c3be0bb3284343931ea7527177210d22d5aab617dc051bd70895fb3fe7a53	d60b00a82f40f79ab7e43a2f91a3444c932fc6394d3d5e2dfbf3a7fc3f75cd0c	9a5e2dc3e3ef4941ad902a77d17ebb2b4578031e77334c068524231815980fe6	a50d22be3eebc2a79cf3f62af90ea2364f9f2a7046453995786dcc5c94bcd863	TOP_LEVEL_JATS_CONTRIBUTORS_ONLY							
V2-P093	G093	10.1007/s11136-017-1512-x	corpus/2015150/doi_10.1007_s11136-017-1512-x.md	b20c61de79db4740a9852bd43f96acff500f7f5a383929ef915346ef7ce4e77f	44907	input/projects/2015150/papers/doi_10.1007_s11136-017-1512-x.xml	fd5d55ec8aec95ec877b838f8d9e60929a6324387a284d47c9e5741697cf55e7	90305	frozen 209-paper JATS corpus	pilot/ontology-development-v4/production/person-citation-sprint/prepared-author-repair/metadata/V2-P093.json	33c30a9383ee4731ffc78509c344af3b7cf5bf949e792cfeb57639956bff6d00	pilot/ontology-development-v4/production/prepared-rebuild-v2-v013/inputs/V2-P093.md	d10427918957c60bd4dd0e0f1493cc3e98a8f185296c83d60ffd5fcc9f0dbb2c	90971	5876c7a0636920df49ae04a515854244e78455f9e4d9a69bb2dba6674d322221	495c3be0bb3284343931ea7527177210d22d5aab617dc051bd70895fb3fe7a53	d60b00a82f40f79ab7e43a2f91a3444c932fc6394d3d5e2dfbf3a7fc3f75cd0c	9a5e2dc3e3ef4941ad902a77d17ebb2b4578031e77334c068524231815980fe6	a50d22be3eebc2a79cf3f62af90ea2364f9f2a7046453995786dcc5c94bcd863	TOP_LEVEL_JATS_CONTRIBUTORS_ONLY							
V2-P094	G094	10.1007/s11136-019-02115-x	corpus/2014160/doi_10.1007_s11136-019-02115-x.md	04548203cbc5d71bba6264c57524d711ef2883c370edc52006135a39e0eab645	69271	input/projects/2014160/papers/doi_10.1007_s11136-019-02115-x.xml	9c84d2fa7e8ebbb3470837733982f3c1d00dc3ad096c45b40c9c72cedeb3d7db	111972	frozen 209-paper JATS corpus	pilot/ontology-development-v4/production/person-citation-sprint/prepared-author-repair/metadata/V2-P094.json	1e180abd391d2a7f6f7ae0a10a59b0641becd6791044710927538e7f3ec87498	pilot/ontology-development-v4/production/prepared-rebuild-v2-v013/inputs/V2-P094.md	bc7e1b97a2a22617b8d4993006edfcf4f1aae11e3ed61e0a7c05c47090b56749	119229	5876c7a0636920df49ae04a515854244e78455f9e4d9a69bb2dba6674d322221	495c3be0bb3284343931ea7527177210d22d5aab617dc051bd70895fb3fe7a53	d60b00a82f40f79ab7e43a2f91a3444c932fc6394d3d5e2dfbf3a7fc3f75cd0c	9a5e2dc3e3ef4941ad902a77d17ebb2b4578031e77334c068524231815980fe6	a50d22be3eebc2a79cf3f62af90ea2364f9f2a7046453995786dcc5c94bcd863	TOP_LEVEL_JATS_CONTRIBUTORS_ONLY							
V2-P095	G095	10.1007/s11136-020-02469-7	corpus/20170220/doi_10.1007_s11136-020-02469-7.md	f2ab2fd28939840934c26a947c8a3990e885a4dae65a88bb5334aa2a08fb0697	61434	input/projects/20170220/papers/doi_10.1007_s11136-020-02469-7.xml	01e36da4c30f08d32ac309ce545d50201d3b50a2666625bdfb5c1ad7853d6933	120475	frozen 209-paper JATS corpus	pilot/ontology-development-v4/production/person-citation-sprint/prepared-author-repair/metadata/V2-P095.json	ea04d4798eb09304630162bc804ae15682262e6ea743fd99c824aa1f2b6b9783	pilot/ontology-development-v4/production/prepared-rebuild-v2-v013/inputs/V2-P095.md	5d368693eccda83d34377569ae2702c8e0011fec49151c5c161a90223f86a213	110944	5876c7a0636920df49ae04a515854244e78455f9e4d9a69bb2dba6674d322221	495c3be0bb3284343931ea7527177210d22d5aab617dc051bd70895fb3fe7a53	d60b00a82f40f79ab7e43a2f91a3444c932fc6394d3d5e2dfbf3a7fc3f75cd0c	9a5e2dc3e3ef4941ad902a77d17ebb2b4578031e77334c068524231815980fe6	a50d22be3eebc2a79cf3f62af90ea2364f9f2a7046453995786dcc5c94bcd863	TOP_LEVEL_JATS_CONTRIBUTORS_ONLY							
V2-P096	G096	10.1007/s11136-020-02688-y	corpus/2016170/doi_10.1007_s11136-020-02688-y.md	5d7c04ab1bf4b1d87968b8d8cc575c55820c8c1ea3019acf189a876b1f32bb96	121988	input/projects/2016170/papers/doi_10.1007_s11136-020-02688-y.xml	c7c06f3a7d83931444bf453017208eb8eb93af78174a52aa9c58f9aabf44e078	279129	frozen 209-paper JATS corpus	pilot/ontology-development-v4/production/person-citation-sprint/prepared-author-repair/metadata/V2-P096.json	49e5c40cb5339f5aad8ec06668bf0088fd77d32878bd65370c2f8a6ea7c40a52	pilot/ontology-development-v4/production/prepared-rebuild-v2-v013/inputs/V2-P096.md	141faecc82f39448555996edef393e59436cf3e80df2002f227eec9b85c8ff22	170394	5876c7a0636920df49ae04a515854244e78455f9e4d9a69bb2dba6674d322221	495c3be0bb3284343931ea7527177210d22d5aab617dc051bd70895fb3fe7a53	d60b00a82f40f79ab7e43a2f91a3444c932fc6394d3d5e2dfbf3a7fc3f75cd0c	9a5e2dc3e3ef4941ad902a77d17ebb2b4578031e77334c068524231815980fe6	a50d22be3eebc2a79cf3f62af90ea2364f9f2a7046453995786dcc5c94bcd863	TOP_LEVEL_JATS_CONTRIBUTORS_ONLY							
V2-P097	G097	10.1007/s11136-020-02712-1	corpus/2016470/doi_10.1007_s11136-020-02712-1.md	4f1a49da1d95d6c19834368504c32de36b541e51310ed101e8616eaf45d850c7	66890	input/projects/2016470/papers/doi_10.1007_s11136-020-02712-1.xml	44fa8ebc1bca577cd67cf714dae9cfd0e01e4eb79c2b620a41f9d5dde97eac03	114622	frozen 209-paper JATS corpus	pilot/ontology-development-v4/production/person-citation-sprint/prepared-author-repair/metadata/V2-P097.json	f3ca164c62c98cca532fa6ba6706fa3211fb170b72c77f4517a559f996716880	pilot/ontology-development-v4/production/prepared-rebuild-v2-v013/inputs/V2-P097.md	c718663fa1e9f95522f562368278794e99aac90bdaf1698c6f9a083f57c612bf	116952	5876c7a0636920df49ae04a515854244e78455f9e4d9a69bb2dba6674d322221	495c3be0bb3284343931ea7527177210d22d5aab617dc051bd70895fb3fe7a53	d60b00a82f40f79ab7e43a2f91a3444c932fc6394d3d5e2dfbf3a7fc3f75cd0c	9a5e2dc3e3ef4941ad902a77d17ebb2b4578031e77334c068524231815980fe6	a50d22be3eebc2a79cf3f62af90ea2364f9f2a7046453995786dcc5c94bcd863	TOP_LEVEL_JATS_CONTRIBUTORS_ONLY							
V2-P098	G098	10.1007/s11136-020-02718-9	corpus/2016710/doi_10.1007_s11136-020-02718-9.md	421a9be9357f6020c7cdb5b8a40e84634618ef1aa32c23b36bae42cc2dd59006	36139	input/projects/2016710/papers/doi_10.1007_s11136-020-02718-9.xml	baa57fe61e09a2503410644382472f886a8d8f1e84487eef23002a3cf7390a59	56735	frozen 209-paper JATS corpus	pilot/ontology-development-v4/production/person-citation-sprint/prepared-author-repair/metadata/V2-P098.json	3550e347dce6550056e5b63cd01fe9c64e3bc2a7c33fb472967b973cbc136039	pilot/ontology-development-v4/production/prepared-rebuild-v2-v013/inputs/V2-P098.md	8bd5812df6f8c047b53a06a2719491b62532f7a407e00440541bd36117d9d7fb	84095	5876c7a0636920df49ae04a515854244e78455f9e4d9a69bb2dba6674d322221	495c3be0bb3284343931ea7527177210d22d5aab617dc051bd70895fb3fe7a53	d60b00a82f40f79ab7e43a2f91a3444c932fc6394d3d5e2dfbf3a7fc3f75cd0c	9a5e2dc3e3ef4941ad902a77d17ebb2b4578031e77334c068524231815980fe6	a50d22be3eebc2a79cf3f62af90ea2364f9f2a7046453995786dcc5c94bcd863	TOP_LEVEL_JATS_CONTRIBUTORS_ONLY							
V2-P099	G099	10.1007/s11136-021-02922-1	corpus/20170130/doi_10.1007_s11136-021-02922-1.md	8fa7e4ee78bbb8bd6bf393a22c7728963cb473780518d3d64ebd4ec65dd7fe76	71168	input/projects/20170130/papers/doi_10.1007_s11136-021-02922-1.xml	31a12c3b6a3a92ad42477d7a58d561a571922c320f30927ee5af4421efd9a849	138153	frozen 209-paper JATS corpus	pilot/ontology-development-v4/production/person-citation-sprint/prepared-author-repair/metadata/V2-P099.json	553a505ddd2be0a18222fffde02e07c78a0c7410c304a812112623600aa1c1f8	pilot/ontology-development-v4/production/prepared-rebuild-v2-v013/inputs/V2-P099.md	be2d839561fbb9b33dd717d4170808b72b0d1fb07d3ba004de5ccfa45a272b28	119543	5876c7a0636920df49ae04a515854244e78455f9e4d9a69bb2dba6674d322221	495c3be0bb3284343931ea7527177210d22d5aab617dc051bd70895fb3fe7a53	d60b00a82f40f79ab7e43a2f91a3444c932fc6394d3d5e2dfbf3a7fc3f75cd0c	9a5e2dc3e3ef4941ad902a77d17ebb2b4578031e77334c068524231815980fe6	a50d22be3eebc2a79cf3f62af90ea2364f9f2a7046453995786dcc5c94bcd863	TOP_LEVEL_JATS_CONTRIBUTORS_ONLY							
V2-P100	G100	10.1007/s11136-021-03007-9	corpus/2015200/doi_10.1007_s11136-021-03007-9.md	e43e3d21c78a317a2f2181a314f7527590cf888c097e4a70bd1637db1a9197e7	70639	input/projects/2015200/papers/doi_10.1007_s11136-021-03007-9.xml	1bcdaa47d576062d531315c9003670d78bae3c1651fc9be124e25fdf24bb3df4	133205	frozen 209-paper JATS corpus	pilot/ontology-development-v4/production/person-citation-sprint/prepared-author-repair/metadata/V2-P100.json	c6d3ca537df37f231e54e16e580cf16d7d115ef0f330045a09e23cd2019744ff	pilot/ontology-development-v4/production/prepared-rebuild-v2-v013/inputs/V2-P100.md	e2116eaafe9627eda10df80d83906b9fb8f20f212edc73575269bdcd47b0ed55	117903	5876c7a0636920df49ae04a515854244e78455f9e4d9a69bb2dba6674d322221	495c3be0bb3284343931ea7527177210d22d5aab617dc051bd70895fb3fe7a53	d60b00a82f40f79ab7e43a2f91a3444c932fc6394d3d5e2dfbf3a7fc3f75cd0c	9a5e2dc3e3ef4941ad902a77d17ebb2b4578031e77334c068524231815980fe6	a50d22be3eebc2a79cf3f62af90ea2364f9f2a7046453995786dcc5c94bcd863	TOP_LEVEL_JATS_CONTRIBUTORS_ONLY							
V2-P101	G101	10.1007/s11136-021-03075-x	corpus/20180230/doi_10.1007_s11136-021-03075-x.md	b74d1da3c908098efdcdb1f163991e4cc891ea8737c285ddf5b5ea1c3665186b	57070	input/projects/20180230/papers/doi_10.1007_s11136-021-03075-x.xml	d7980458dd75684dbb9efbb57cbe7c05e103d3db17eefd37aa60044b5518d225	155331	frozen 209-paper JATS corpus	pilot/ontology-development-v4/production/person-citation-sprint/prepared-author-repair/metadata/V2-P101.json	e08829b624a9d3b326f1d9817b9d3f6d4047b906caa1afb0ef6e1713d8bb5a0b	pilot/ontology-development-v4/production/prepared-rebuild-v2-v013/inputs/V2-P101.md	6ecef7275452108d9e2882a545526cf01378c1226288990eb827db39422fa639	111308	5876c7a0636920df49ae04a515854244e78455f9e4d9a69bb2dba6674d322221	495c3be0bb3284343931ea7527177210d22d5aab617dc051bd70895fb3fe7a53	d60b00a82f40f79ab7e43a2f91a3444c932fc6394d3d5e2dfbf3a7fc3f75cd0c	9a5e2dc3e3ef4941ad902a77d17ebb2b4578031e77334c068524231815980fe6	a50d22be3eebc2a79cf3f62af90ea2364f9f2a7046453995786dcc5c94bcd863	TOP_LEVEL_JATS_CONTRIBUTORS_ONLY							
V2-P102	G102	10.1007/s11136-022-03304-x	corpus/2016560/doi_10.1007_s11136-022-03304-x.md	a4f0a9073efa9d3b7dc78a1fac7ffc50b365e19017a2a57a3d23225fccd3ccab	54385	input/projects/2016560/papers/doi_10.1007_s11136-022-03304-x.xml	2487225de2e283f7cf5b5fe22ab6a84a0541c5685a86f36f603968ea7129e0b4	91299	frozen 209-paper JATS corpus	pilot/ontology-development-v4/production/person-citation-sprint/prepared-author-repair/metadata/V2-P102.json	16dc001292cd291669760ac8b501ff8b5c9e945d405ab4ad501c023bc7083991	pilot/ontology-development-v4/production/prepared-rebuild-v2-v013/inputs/V2-P102.md	c5cef707fa928710e9bccdd17ef633a079e1a680fb9affa8a34587b7469d58d6	103113	5876c7a0636920df49ae04a515854244e78455f9e4d9a69bb2dba6674d322221	495c3be0bb3284343931ea7527177210d22d5aab617dc051bd70895fb3fe7a53	d60b00a82f40f79ab7e43a2f91a3444c932fc6394d3d5e2dfbf3a7fc3f75cd0c	9a5e2dc3e3ef4941ad902a77d17ebb2b4578031e77334c068524231815980fe6	a50d22be3eebc2a79cf3f62af90ea2364f9f2a7046453995786dcc5c94bcd863	TOP_LEVEL_JATS_CONTRIBUTORS_ONLY							
V2-P103	G103	10.1007/s11136-023-03509-8	corpus/461-RA/doi_10.1007_s11136-023-03509-8.md	b31d67968f6bdc2c3ade917555827fbe9294dc8cf1b6ece53c184c3ae825361b	81310	input/projects/461-RA/papers/doi_10.1007_s11136-023-03509-8.xml	6359434e47db5c59c9372dd3e3edaeb7a3ac65690aa1e37a897139bdc7b60aea	154364	frozen 209-paper JATS corpus	pilot/ontology-development-v4/production/person-citation-sprint/prepared-author-repair/metadata/V2-P103.json	e4a505b4fd0267d9089f16349502f8aed9c1396f58903d053585231a8e95c810	pilot/ontology-development-v4/production/prepared-rebuild-v2-v013/inputs/V2-P103.md	ad3e41c7ccfbc6f7dfc2dc6f03612b4124aae12dbb2634427c1400d8e6b10c70	128696	5876c7a0636920df49ae04a515854244e78455f9e4d9a69bb2dba6674d322221	495c3be0bb3284343931ea7527177210d22d5aab617dc051bd70895fb3fe7a53	d60b00a82f40f79ab7e43a2f91a3444c932fc6394d3d5e2dfbf3a7fc3f75cd0c	9a5e2dc3e3ef4941ad902a77d17ebb2b4578031e77334c068524231815980fe6	a50d22be3eebc2a79cf3f62af90ea2364f9f2a7046453995786dcc5c94bcd863	TOP_LEVEL_JATS_CONTRIBUTORS_ONLY							
V2-P104	G104	10.1007/s11136-024-03618-y	corpus/342-RA/doi_10.1007_s11136-024-03618-y.md	d6179a7caa21fee0c9f0805d48adbbcae6b63fb84f3fc2894fa9ed1d66f5de18	48199	input/projects/342-RA/papers/doi_10.1007_s11136-024-03618-y.xml	1e2b092223e7ad7a20fe561df61a9d0bbcb8e0a902e5246d6562b3208a276c54	94461	frozen 209-paper JATS corpus	pilot/ontology-development-v4/production/person-citation-sprint/prepared-author-repair/metadata/V2-P104.json	f14374281a50f6d90f94a63c3f2151bda7a7c4919abf8fdfbfd385f812d03eae	pilot/ontology-development-v4/production/prepared-rebuild-v2-v013/inputs/V2-P104.md	c1280d998984733a298b28f1969bc0ea9dda0a7b7360b8e3bc35cba1fe82140e	95855	5876c7a0636920df49ae04a515854244e78455f9e4d9a69bb2dba6674d322221	495c3be0bb3284343931ea7527177210d22d5aab617dc051bd70895fb3fe7a53	d60b00a82f40f79ab7e43a2f91a3444c932fc6394d3d5e2dfbf3a7fc3f75cd0c	9a5e2dc3e3ef4941ad902a77d17ebb2b4578031e77334c068524231815980fe6	a50d22be3eebc2a79cf3f62af90ea2364f9f2a7046453995786dcc5c94bcd863	TOP_LEVEL_JATS_CONTRIBUTORS_ONLY							
V2-P105	G105	10.1007/s11136-024-03754-5	corpus/243-RA/doi_10.1007_s11136-024-03754-5.md	1f4f3868188c77fe478b58029a12ec85b41ec4a07dccd704cc64d7e86ed5bc40	79308	input/projects/243-RA/papers/doi_10.1007_s11136-024-03754-5.xml	dff0325e7097e4a7df56b12a00caecac7f3a2ced58230016e3ecb16725670569	119434	frozen 209-paper JATS corpus	pilot/ontology-development-v4/production/person-citation-sprint/prepared-author-repair/metadata/V2-P105.json	dec77791c476e4f27642979c5a881a13e69b1ba14ef0810fa30272f037b64c8f	pilot/ontology-development-v4/production/prepared-rebuild-v2-v013/inputs/V2-P105.md	c6723a95c3862f3808413b597aaeecb25d449c25f1268e427777a0a91feaf697	127671	5876c7a0636920df49ae04a515854244e78455f9e4d9a69bb2dba6674d322221	495c3be0bb3284343931ea7527177210d22d5aab617dc051bd70895fb3fe7a53	d60b00a82f40f79ab7e43a2f91a3444c932fc6394d3d5e2dfbf3a7fc3f75cd0c	9a5e2dc3e3ef4941ad902a77d17ebb2b4578031e77334c068524231815980fe6	a50d22be3eebc2a79cf3f62af90ea2364f9f2a7046453995786dcc5c94bcd863	TOP_LEVEL_JATS_CONTRIBUTORS_ONLY							
V2-P106	G106	10.1007/s11136-024-03817-7	corpus/466-RA/doi_10.1007_s11136-024-03817-7.md	60df454d5d3dbfc0bc0090101a2124061561063a4bad9dbdec40d388980638d9	50613	input/projects/466-RA/papers/doi_10.1007_s11136-024-03817-7.xml	d5a10885c9f7bf5bf12b7f356bf41bb60fe96f7a7a085cc41eb97b6860f1f923	115612	frozen 209-paper JATS corpus	pilot/ontology-development-v4/production/person-citation-sprint/prepared-author-repair/metadata/V2-P106.json	db2d35e8d0bc747132d5425f2d3d7d12d32136c042c0ab391f445c866c4e923e	pilot/ontology-development-v4/production/prepared-rebuild-v2-v013/inputs/V2-P106.md	c6125e93a058ea06f87da745096923cec8129bc9351e5c1e58e3078a6dddeada	98996	5876c7a0636920df49ae04a515854244e78455f9e4d9a69bb2dba6674d322221	495c3be0bb3284343931ea7527177210d22d5aab617dc051bd70895fb3fe7a53	d60b00a82f40f79ab7e43a2f91a3444c932fc6394d3d5e2dfbf3a7fc3f75cd0c	9a5e2dc3e3ef4941ad902a77d17ebb2b4578031e77334c068524231815980fe6	a50d22be3eebc2a79cf3f62af90ea2364f9f2a7046453995786dcc5c94bcd863	TOP_LEVEL_JATS_CONTRIBUTORS_ONLY							
V2-P107	G107	10.1007/s11136-024-03875-x	corpus/1475-RA/doi_10.1007_s11136-024-03875-x.md	f8d32a59a6e392759fc0c38accaee1b28f75699d4ff172abdcc62c41f4c4719f	64852	input/projects/1475-RA/papers/doi_10.1007_s11136-024-03875-x.xml	f198017e1d66ff17c61a6f9d907399dd77421c89e49b3b0f82015f727ff38099	146028	frozen 209-paper JATS corpus	pilot/ontology-development-v4/production/person-citation-sprint/prepared-author-repair/metadata/V2-P107.json	ebcc50a57a6d2a7d045c51928aa9334fb5fc16bac571d30212dbb235d1931d4b	pilot/ontology-development-v4/production/prepared-rebuild-v2-v013/inputs/V2-P107.md	57beeaab7958278518f2b884245cd8d8b8865d213b3a9d915d466ba6b5e58479	112807	5876c7a0636920df49ae04a515854244e78455f9e4d9a69bb2dba6674d322221	495c3be0bb3284343931ea7527177210d22d5aab617dc051bd70895fb3fe7a53	d60b00a82f40f79ab7e43a2f91a3444c932fc6394d3d5e2dfbf3a7fc3f75cd0c	9a5e2dc3e3ef4941ad902a77d17ebb2b4578031e77334c068524231815980fe6	a50d22be3eebc2a79cf3f62af90ea2364f9f2a7046453995786dcc5c94bcd863	TOP_LEVEL_JATS_CONTRIBUTORS_ONLY							
V2-P108	G108	10.1007/s11136-025-03925-y	corpus/1644-RA/doi_10.1007_s11136-025-03925-y.md	db60fc6dd29a3a4603323be172f93ab3a6dadfa5d9249e99b8e019d5e49266e4	106684	input/projects/1644-RA/papers/doi_10.1007_s11136-025-03925-y.xml	ef17c80b21ef72b35feb1c2da99f6221380b177f17620f7ac81d60f0c78597f8	195825	frozen 209-paper JATS corpus	pilot/ontology-development-v4/production/person-citation-sprint/prepared-author-repair/metadata/V2-P108.json	1d09354c5bbe704b8bc76584ccb9051c10cdb76adaba328909ba451033446c9a	pilot/ontology-development-v4/production/prepared-rebuild-v2-v013/inputs/V2-P108.md	1e22f62661533a74f15e7304c572411d9eba183d8fd8e6c97889eecdcb531776	155401	5876c7a0636920df49ae04a515854244e78455f9e4d9a69bb2dba6674d322221	495c3be0bb3284343931ea7527177210d22d5aab617dc051bd70895fb3fe7a53	d60b00a82f40f79ab7e43a2f91a3444c932fc6394d3d5e2dfbf3a7fc3f75cd0c	9a5e2dc3e3ef4941ad902a77d17ebb2b4578031e77334c068524231815980fe6	a50d22be3eebc2a79cf3f62af90ea2364f9f2a7046453995786dcc5c94bcd863	TOP_LEVEL_JATS_CONTRIBUTORS_ONLY							
V2-P109	G109	10.1007/s11136-025-03930-1	corpus/1411-VS/doi_10.1007_s11136-025-03930-1.md	06cd47ce7b8c4e8d26327e3407a25539e756606d602863d3d907f73fd8c71dc7	73318	input/projects/1411-VS/papers/doi_10.1007_s11136-025-03930-1.xml	c91dba6b0e6b2afc5af21631c142d2fa0898b4309b598c6400f727b10a825eaa	157518	frozen 209-paper JATS corpus	pilot/ontology-development-v4/production/person-citation-sprint/prepared-author-repair/metadata/V2-P109.json	2a5ac43bc4ba496febd62e8f78fa007357bab0bdf2fa36dbae9e12b566244c1c	pilot/ontology-development-v4/production/prepared-rebuild-v2-v013/inputs/V2-P109.md	bf5a1c45fca6bc0b9458d5d2f2f0c26da15354472a0aa1cb7103afbb801ffe7b	124159	5876c7a0636920df49ae04a515854244e78455f9e4d9a69bb2dba6674d322221	495c3be0bb3284343931ea7527177210d22d5aab617dc051bd70895fb3fe7a53	d60b00a82f40f79ab7e43a2f91a3444c932fc6394d3d5e2dfbf3a7fc3f75cd0c	9a5e2dc3e3ef4941ad902a77d17ebb2b4578031e77334c068524231815980fe6	a50d22be3eebc2a79cf3f62af90ea2364f9f2a7046453995786dcc5c94bcd863	TOP_LEVEL_JATS_CONTRIBUTORS_ONLY							
V2-P110	G110	10.1007/s11136-025-03983-2	corpus/367-RA/doi_10.1007_s11136-025-03983-2.md	afc648a5368fb945d630b3b9a8cae8a92a9f18b8b489be05f308847bd549dc77	73694	input/projects/367-RA/papers/doi_10.1007_s11136-025-03983-2.xml	d206123f5d69763c576d3ea181736ec840ad6376a6721bbb82ec054dd0a2f5fb	120094	frozen 209-paper JATS corpus	pilot/ontology-development-v4/production/person-citation-sprint/prepared-author-repair/metadata/V2-P110.json	504b4a12c9b940480e00305af43549bfb811097deac78155ab7eb252fa1b5cba	pilot/ontology-development-v4/production/prepared-rebuild-v2-v013/inputs/V2-P110.md	9413caa1d54c17aa4635f8228772f130dc856b2d4292f6c6872887835f2b63c0	126750	5876c7a0636920df49ae04a515854244e78455f9e4d9a69bb2dba6674d322221	495c3be0bb3284343931ea7527177210d22d5aab617dc051bd70895fb3fe7a53	d60b00a82f40f79ab7e43a2f91a3444c932fc6394d3d5e2dfbf3a7fc3f75cd0c	9a5e2dc3e3ef4941ad902a77d17ebb2b4578031e77334c068524231815980fe6	a50d22be3eebc2a79cf3f62af90ea2364f9f2a7046453995786dcc5c94bcd863	TOP_LEVEL_JATS_CONTRIBUTORS_ONLY							
V2-P111	G111	10.1007/s11136-025-04003-z	corpus/1811-RA/doi_10.1007_s11136-025-04003-z.md	b94ca45ec043a5b7b81d28380e4d24256b09bb60f846c3a8b8ac80a0090ee5a8	58977	input/projects/1811-RA/papers/doi_10.1007_s11136-025-04003-z.xml	6a95591a561b1a2461d87fd0808cfad0f402646db4182e62d27b662f15973bb1	96901	frozen 209-paper JATS corpus	pilot/ontology-development-v4/production/person-citation-sprint/prepared-author-repair/metadata/V2-P111.json	9b60e00b6cd25ec71a975c257c67072c43e6df2c8c47ca4a2036d322cfa88972	pilot/ontology-development-v4/production/prepared-rebuild-v2-v013/inputs/V2-P111.md	29b60eb086067e106dc93529d2b0785d5c58fce58e5d555937dd8b9c1758f948	106282	5876c7a0636920df49ae04a515854244e78455f9e4d9a69bb2dba6674d322221	495c3be0bb3284343931ea7527177210d22d5aab617dc051bd70895fb3fe7a53	d60b00a82f40f79ab7e43a2f91a3444c932fc6394d3d5e2dfbf3a7fc3f75cd0c	9a5e2dc3e3ef4941ad902a77d17ebb2b4578031e77334c068524231815980fe6	a50d22be3eebc2a79cf3f62af90ea2364f9f2a7046453995786dcc5c94bcd863	TOP_LEVEL_JATS_CONTRIBUTORS_ONLY							
V2-P112	G112	10.1007/s11136-025-04053-3	corpus/1970-RA/doi_10.1007_s11136-025-04053-3.md	294b302ed8a9a3c392b3a96e4d221031b5c0d5da65cd4755b3d24432ddf8cae3	175492	input/projects/1970-RA/papers/doi_10.1007_s11136-025-04053-3.xml	1d4a77b5283acfcee9227b25f9250598e627b757d83371fa3621ed7dafc8f99e	245660	frozen 209-paper JATS corpus	pilot/ontology-development-v4/production/person-citation-sprint/prepared-author-repair/metadata/V2-P112.json	df0edfe7d3ef93d2134a09dd582c841ee20c13cab7f8c66b1bf8714798ca586c	pilot/ontology-development-v4/production/prepared-rebuild-v2-v013/inputs/V2-P112.md	4514848e768e6d04f95109b4e4bab57d34240bc3fa38ec134f0b97c0a29c3770	222289	5876c7a0636920df49ae04a515854244e78455f9e4d9a69bb2dba6674d322221	495c3be0bb3284343931ea7527177210d22d5aab617dc051bd70895fb3fe7a53	d60b00a82f40f79ab7e43a2f91a3444c932fc6394d3d5e2dfbf3a7fc3f75cd0c	9a5e2dc3e3ef4941ad902a77d17ebb2b4578031e77334c068524231815980fe6	a50d22be3eebc2a79cf3f62af90ea2364f9f2a7046453995786dcc5c94bcd863	TOP_LEVEL_JATS_CONTRIBUTORS_ONLY							
V2-P113	G113	10.1007/s11136-025-04077-9	corpus/337-RA/doi_10.1007_s11136-025-04077-9.md	c9d991ea736c679c545b095bb80a894864796b8403649cedc05be2522930889f	86999	input/projects/337-RA/papers/doi_10.1007_s11136-025-04077-9.xml	8f2433eca82e2a0dbe8f49bbe8fe0d839bc8531c51d799175eec7b390940a02b	167320	frozen 209-paper JATS corpus	pilot/ontology-development-v4/production/person-citation-sprint/prepared-author-repair/metadata/V2-P113.json	77030558b7df50813521f325f37f0edb7fad68f382912cd727fd51adc34273e9	pilot/ontology-development-v4/production/prepared-rebuild-v2-v013/inputs/V2-P113.md	6566fa973706e7a0183894b0e1945add14fc2931f2e1f0cf0c72b8781e730916	134601	5876c7a0636920df49ae04a515854244e78455f9e4d9a69bb2dba6674d322221	495c3be0bb3284343931ea7527177210d22d5aab617dc051bd70895fb3fe7a53	d60b00a82f40f79ab7e43a2f91a3444c932fc6394d3d5e2dfbf3a7fc3f75cd0c	9a5e2dc3e3ef4941ad902a77d17ebb2b4578031e77334c068524231815980fe6	a50d22be3eebc2a79cf3f62af90ea2364f9f2a7046453995786dcc5c94bcd863	TOP_LEVEL_JATS_CONTRIBUTORS_ONLY							
V2-P114	G114	10.1007/s11136-025-04133-4	corpus/1816-RA/doi_10.1007_s11136-025-04133-4.md	cae39aa6cf1b317a30f9720046095b41b03b2099917a35d2bf8a92ff14afcab1	75885	input/projects/1816-RA/papers/doi_10.1007_s11136-025-04133-4.xml	383567be9e63c714437b6ab068e5489950229251847a630e711e01da88a5db82	172409	frozen 209-paper JATS corpus	pilot/ontology-development-v4/production/person-citation-sprint/prepared-author-repair/metadata/V2-P114.json	91fdfe2f65a5aa6dbb5911d52ad45ecf1d8d0393924e386348de7f12c537acc9	pilot/ontology-development-v4/production/prepared-rebuild-v2-v013/inputs/V2-P114.md	f281eb2b2f4c5a07bb433273b7b5218db2029c80bc0efd78b0f995122c4a274d	123440	5876c7a0636920df49ae04a515854244e78455f9e4d9a69bb2dba6674d322221	495c3be0bb3284343931ea7527177210d22d5aab617dc051bd70895fb3fe7a53	d60b00a82f40f79ab7e43a2f91a3444c932fc6394d3d5e2dfbf3a7fc3f75cd0c	9a5e2dc3e3ef4941ad902a77d17ebb2b4578031e77334c068524231815980fe6	a50d22be3eebc2a79cf3f62af90ea2364f9f2a7046453995786dcc5c94bcd863	TOP_LEVEL_JATS_CONTRIBUTORS_ONLY							
V2-P115	G115	10.1007/s11136-025-04145-0	corpus/1487-RA/doi_10.1007_s11136-025-04145-0.md	5c7fea9e7096d269077e072c42f9c9bf6fc5026b0b3ff824757fa0118cd86150	52012	input/projects/1487-RA/papers/doi_10.1007_s11136-025-04145-0.xml	d0cedf26c1b8fdad98da82866889bd5da2c773b5b1bc559b5d731a4e2c5e925a	114840	frozen 209-paper JATS corpus	pilot/ontology-development-v4/production/person-citation-sprint/prepared-author-repair/metadata/V2-P115.json	e2601a5b4a17a467170d2d6d920619ad6cad3d0906d260605162d0c71f487aac	pilot/ontology-development-v4/production/prepared-rebuild-v2-v013/inputs/V2-P115.md	14c98bc6164a989879676ca6fc68b04b022d79ab07a7f02ab325006fbf827c9f	100817	5876c7a0636920df49ae04a515854244e78455f9e4d9a69bb2dba6674d322221	495c3be0bb3284343931ea7527177210d22d5aab617dc051bd70895fb3fe7a53	d60b00a82f40f79ab7e43a2f91a3444c932fc6394d3d5e2dfbf3a7fc3f75cd0c	9a5e2dc3e3ef4941ad902a77d17ebb2b4578031e77334c068524231815980fe6	a50d22be3eebc2a79cf3f62af90ea2364f9f2a7046453995786dcc5c94bcd863	TOP_LEVEL_JATS_CONTRIBUTORS_ONLY							
V2-P116	G116	10.1007/s11136-025-04150-3	corpus/365-RA/doi_10.1007_s11136-025-04150-3.md	84b48b2cb480dfcce2baff045168cea58615e2e013c0c9a5d31243c1c6e472be	101717	input/projects/365-RA/papers/doi_10.1007_s11136-025-04150-3.xml	3e851aacf92a416a553c4e4b07d50112eb56d9875402f21a46c46c9fdf0318c2	148729	frozen 209-paper JATS corpus	pilot/ontology-development-v4/production/person-citation-sprint/prepared-author-repair/metadata/V2-P116.json	a039e11bb4cffdcdd661f5234adfc431299e223086c5311c42a4d181156707b8	pilot/ontology-development-v4/production/prepared-rebuild-v2-v013/inputs/V2-P116.md	26dc3eb00123baedf64f6d0e86099be52eddaa9af91f0fa3223b06560354a401	152402	5876c7a0636920df49ae04a515854244e78455f9e4d9a69bb2dba6674d322221	495c3be0bb3284343931ea7527177210d22d5aab617dc051bd70895fb3fe7a53	d60b00a82f40f79ab7e43a2f91a3444c932fc6394d3d5e2dfbf3a7fc3f75cd0c	9a5e2dc3e3ef4941ad902a77d17ebb2b4578031e77334c068524231815980fe6	a50d22be3eebc2a79cf3f62af90ea2364f9f2a7046453995786dcc5c94bcd863	TOP_LEVEL_JATS_CONTRIBUTORS_ONLY							
V2-P117	G117	10.1007/s11136-026-04226-8	corpus/1719-RA/doi_10.1007_s11136-026-04226-8.md	d861bd0506efa355b3a35e97f426005ee6b35cff805addab77db946c8dfebbea	141251	input/projects/1719-RA/papers/doi_10.1007_s11136-026-04226-8.xml	b3f88161972ef2982cb616a02b9371aeae870735038571402fdc3b6bd96df936	231894	frozen 209-paper JATS corpus	pilot/ontology-development-v4/production/person-citation-sprint/prepared-author-repair/metadata/V2-P117.json	282997567682abaab3ac2f9819a61bf3c933c9b6c524acce8e608b96d13da531	pilot/ontology-development-v4/production/prepared-rebuild-v2-v013/inputs/V2-P117.md	f7cd427fe3dacddcdc3d8cb4442b29469b131d0f98b057b720904923c99606cb	188191	5876c7a0636920df49ae04a515854244e78455f9e4d9a69bb2dba6674d322221	495c3be0bb3284343931ea7527177210d22d5aab617dc051bd70895fb3fe7a53	d60b00a82f40f79ab7e43a2f91a3444c932fc6394d3d5e2dfbf3a7fc3f75cd0c	9a5e2dc3e3ef4941ad902a77d17ebb2b4578031e77334c068524231815980fe6	a50d22be3eebc2a79cf3f62af90ea2364f9f2a7046453995786dcc5c94bcd863	TOP_LEVEL_JATS_CONTRIBUTORS_ONLY							
V2-P118	G118	10.1007/s11136-026-04242-8	corpus/464-RA/doi_10.1007_s11136-026-04242-8.md	a95441ee959867de73c67af105bd93c343dc4453809d7455737e8f433770316a	82441	input/projects/464-RA/papers/doi_10.1007_s11136-026-04242-8.xml	8b404c35b3123e576ef44f15c4bcecbe05223e105bd71e3cb24e5bfaa38a2bbe	171300	frozen 209-paper JATS corpus	pilot/ontology-development-v4/production/person-citation-sprint/prepared-author-repair/metadata/V2-P118.json	b517416339f2fb0bcae7e19881b2ac81bf72b9520a5d50ff27eea467c70399a9	pilot/ontology-development-v4/production/prepared-rebuild-v2-v013/inputs/V2-P118.md	5921fa7d835685c3e151f8762ccdb65e9925a9570f52db317c4197f3f6b7f46b	130665	5876c7a0636920df49ae04a515854244e78455f9e4d9a69bb2dba6674d322221	495c3be0bb3284343931ea7527177210d22d5aab617dc051bd70895fb3fe7a53	d60b00a82f40f79ab7e43a2f91a3444c932fc6394d3d5e2dfbf3a7fc3f75cd0c	9a5e2dc3e3ef4941ad902a77d17ebb2b4578031e77334c068524231815980fe6	a50d22be3eebc2a79cf3f62af90ea2364f9f2a7046453995786dcc5c94bcd863	TOP_LEVEL_JATS_CONTRIBUTORS_ONLY							
V2-P119	G119	10.1007/s11136-026-04246-4	corpus/361-RA/doi_10.1007_s11136-026-04246-4.md	804d9f62adb6efca547e8afaf1ed07922a75771540fd53c458929c5c3c4b17e3	78727	input/projects/361-RA/papers/doi_10.1007_s11136-026-04246-4.xml	d20591859fd343e37b633fcb829248012971ff753fff43274eede3a09a827a5e	150248	frozen 209-paper JATS corpus	pilot/ontology-development-v4/production/person-citation-sprint/prepared-author-repair/metadata/V2-P119.json	7baa86f10b7ab933c43a21dc298bbf12a0fd340a5943a23fd374b8914e1eb3f3	pilot/ontology-development-v4/production/prepared-rebuild-v2-v013/inputs/V2-P119.md	a2ef893c3ccda5935307c1b93078e9cee25ae900f6946aa7476a1bde1c963bef	128679	5876c7a0636920df49ae04a515854244e78455f9e4d9a69bb2dba6674d322221	495c3be0bb3284343931ea7527177210d22d5aab617dc051bd70895fb3fe7a53	d60b00a82f40f79ab7e43a2f91a3444c932fc6394d3d5e2dfbf3a7fc3f75cd0c	9a5e2dc3e3ef4941ad902a77d17ebb2b4578031e77334c068524231815980fe6	a50d22be3eebc2a79cf3f62af90ea2364f9f2a7046453995786dcc5c94bcd863	TOP_LEVEL_JATS_CONTRIBUTORS_ONLY							
V2-P120	G120	10.1007/s11136-026-04285-x	corpus/460-RA/doi_10.1007_s11136-026-04285-x.md	d62ced1967083428bb2c81d5a06b79c932bc7ad0e62f8d7f596dd038ff9ef1fc	89156	input/projects/460-RA/papers/doi_10.1007_s11136-026-04285-x.xml	48a11a77aa0db598cc9ac3be264317f009a2d98874e87f03bcdd345725b996a5	131604	frozen 209-paper JATS corpus	pilot/ontology-development-v4/production/person-citation-sprint/prepared-author-repair/metadata/V2-P120.json	825b47febc27b0c4c3217a55b252e8b04bb30b1d28d786202bcff79a64673164	pilot/ontology-development-v4/production/prepared-rebuild-v2-v013/inputs/V2-P120.md	e9a53697d2897c5c46008dc8b90e56b255865a7b415a21e4a9e0587f01d9b8c6	137312	5876c7a0636920df49ae04a515854244e78455f9e4d9a69bb2dba6674d322221	495c3be0bb3284343931ea7527177210d22d5aab617dc051bd70895fb3fe7a53	d60b00a82f40f79ab7e43a2f91a3444c932fc6394d3d5e2dfbf3a7fc3f75cd0c	9a5e2dc3e3ef4941ad902a77d17ebb2b4578031e77334c068524231815980fe6	a50d22be3eebc2a79cf3f62af90ea2364f9f2a7046453995786dcc5c94bcd863	TOP_LEVEL_JATS_CONTRIBUTORS_ONLY							
V2-P121	G121	10.1007/s11136-026-04294-w	corpus/1830-RA/doi_10.1007_s11136-026-04294-w.md	fdd1bfccac963eceb115a73a99b0df237eced6dd69bc4e317ae17cda44803289	49092	input/projects/1830-RA/papers/doi_10.1007_s11136-026-04294-w.xml	96ac5b9ba5f71c9e71fb8a5be43c2ff855739e1bf0396e4538ee523b2e0d413e	93978	frozen 209-paper JATS corpus	pilot/ontology-development-v4/production/person-citation-sprint/prepared-author-repair/metadata/V2-P121.json	4cc4177bac31321fc6099062d080a2ba0060c1677e2bfec539796aee6929e616	pilot/ontology-development-v4/production/prepared-rebuild-v2-v013/inputs/V2-P121.md	8b5433d0f04ad36fcf12217742aaa0c14ed7ffbb134c143ffefacc02cc3a4116	97882	5876c7a0636920df49ae04a515854244e78455f9e4d9a69bb2dba6674d322221	495c3be0bb3284343931ea7527177210d22d5aab617dc051bd70895fb3fe7a53	d60b00a82f40f79ab7e43a2f91a3444c932fc6394d3d5e2dfbf3a7fc3f75cd0c	9a5e2dc3e3ef4941ad902a77d17ebb2b4578031e77334c068524231815980fe6	a50d22be3eebc2a79cf3f62af90ea2364f9f2a7046453995786dcc5c94bcd863	TOP_LEVEL_JATS_CONTRIBUTORS_ONLY							
V2-P122	G122	10.1007/s11136-026-04315-8	corpus/1799-RA/doi_10.1007_s11136-026-04315-8.md	92631867d7687de400486963e54172f4de9b8859611127ec058a55cd8bd3a5f4	46500	input/projects/1799-RA/papers/doi_10.1007_s11136-026-04315-8.xml	ccf80f3e041f9bd07b41fffa9e194a1880dead99e9369ea966c3763098f92996	112832	frozen 209-paper JATS corpus	pilot/ontology-development-v4/production/person-citation-sprint/prepared-author-repair/metadata/V2-P122.json	c9ae39467e194f54eee5f8a4bb8018957f098bf00a5342f928ec303a52fc696a	pilot/ontology-development-v4/production/prepared-rebuild-v2-v013/inputs/V2-P122.md	2400b8bbee1472372162c7d4a761912d7fb2c26ed10deac7280d40c760cdc12e	94676	5876c7a0636920df49ae04a515854244e78455f9e4d9a69bb2dba6674d322221	495c3be0bb3284343931ea7527177210d22d5aab617dc051bd70895fb3fe7a53	d60b00a82f40f79ab7e43a2f91a3444c932fc6394d3d5e2dfbf3a7fc3f75cd0c	9a5e2dc3e3ef4941ad902a77d17ebb2b4578031e77334c068524231815980fe6	a50d22be3eebc2a79cf3f62af90ea2364f9f2a7046453995786dcc5c94bcd863	TOP_LEVEL_JATS_CONTRIBUTORS_ONLY							
V2-P123	G123	10.1007/s12311-023-01597-3	corpus/349-RA/doi_10.1007_s12311-023-01597-3.md	67e840269959c9442333fbc1f26c3d22368168f4961145b9678a1a7d7c3dbc7d	60887	input/projects/349-RA/papers/doi_10.1007_s12311-023-01597-3.xml	1c8e523e659974af11dcd27eddaec2c3e36d4537f12228c838b526461a053291	124757	frozen 209-paper JATS corpus	pilot/ontology-development-v4/production/person-citation-sprint/prepared-author-repair/metadata/V2-P123.json	a082dc1723727f0da8b8b5fff766eb94faf12fb6465cf34e8957c7c27ecd49ed	pilot/ontology-development-v4/production/prepared-rebuild-v2-v013/inputs/V2-P123.md	f28be206b172a7633ec3f903d30a840bb68298b65b1327da727ea7af7c8df552	110823	5876c7a0636920df49ae04a515854244e78455f9e4d9a69bb2dba6674d322221	495c3be0bb3284343931ea7527177210d22d5aab617dc051bd70895fb3fe7a53	d60b00a82f40f79ab7e43a2f91a3444c932fc6394d3d5e2dfbf3a7fc3f75cd0c	9a5e2dc3e3ef4941ad902a77d17ebb2b4578031e77334c068524231815980fe6	a50d22be3eebc2a79cf3f62af90ea2364f9f2a7046453995786dcc5c94bcd863	TOP_LEVEL_JATS_CONTRIBUTORS_ONLY							
V2-P124	G124	10.1007/s40258-021-00639-3	corpus/20170400/doi_10.1007_s40258-021-00639-3.md	0d6462427e64575f7139aaf3e362a742b2aa7c66106ad5f1261e2e2f5cb6c25f	77402	input/projects/20170400/papers/doi_10.1007_s40258-021-00639-3.xml	4ce00910e6e1a763355bba8e65a9248f29bff4e321934d2f683e09f237a3dc8c	140417	frozen 209-paper JATS corpus	pilot/ontology-development-v4/production/person-citation-sprint/prepared-author-repair/metadata/V2-P124.json	bcbc06c232eb10236566448c017de990d9982b23d92b72f2c3d218951fe95c14	pilot/ontology-development-v4/production/prepared-rebuild-v2-v013/inputs/V2-P124.md	ec4b20d92b3510c0dcfb455bd16c44c1ae87a1e9ee2724d85325a171d1825c12	125111	5876c7a0636920df49ae04a515854244e78455f9e4d9a69bb2dba6674d322221	495c3be0bb3284343931ea7527177210d22d5aab617dc051bd70895fb3fe7a53	d60b00a82f40f79ab7e43a2f91a3444c932fc6394d3d5e2dfbf3a7fc3f75cd0c	9a5e2dc3e3ef4941ad902a77d17ebb2b4578031e77334c068524231815980fe6	a50d22be3eebc2a79cf3f62af90ea2364f9f2a7046453995786dcc5c94bcd863	TOP_LEVEL_JATS_CONTRIBUTORS_ONLY							
V2-P125	G125	10.1007/s40258-022-00772-7	corpus/20190460/doi_10.1007_s40258-022-00772-7.md	a7845f657f23302e62c6915868cbcf0c8530bab59d535c2ddd02031a21b3d02f	132749	input/projects/20190460/papers/doi_10.1007_s40258-022-00772-7.xml	d842a3b656e5287b494ecdaf400b1907cb684fb8c2f1955672fb86169cf800ef	210415	frozen 209-paper JATS corpus	pilot/ontology-development-v4/production/person-citation-sprint/prepared-author-repair/metadata/V2-P125.json	3b127848e18c23a42c0ea8b5a5b9d19bfad26cc04bda0f693926a84049a99a3d	pilot/ontology-development-v4/production/prepared-rebuild-v2-v013/inputs/V2-P125.md	daaa1071e9734ae7e1d76b77801786ab2df7e0dd8a3abcb8359b21d6e6842bb2	180598	5876c7a0636920df49ae04a515854244e78455f9e4d9a69bb2dba6674d322221	495c3be0bb3284343931ea7527177210d22d5aab617dc051bd70895fb3fe7a53	d60b00a82f40f79ab7e43a2f91a3444c932fc6394d3d5e2dfbf3a7fc3f75cd0c	9a5e2dc3e3ef4941ad902a77d17ebb2b4578031e77334c068524231815980fe6	a50d22be3eebc2a79cf3f62af90ea2364f9f2a7046453995786dcc5c94bcd863	TOP_LEVEL_JATS_CONTRIBUTORS_ONLY							
V2-P126	G126	10.1007/s40258-023-00798-5	corpus/2021-RA/doi_10.1007_s40258-023-00798-5.md	a3b76abaf1369572ffe8c9a3fd3d132e04aef1abb93c8730546f5020fc85320b	50592	input/projects/2021-RA/papers/doi_10.1007_s40258-023-00798-5.xml	1dea935df539601911206d823932ef202c4ebdf189ceea7dd81fab99bf2a747b	97153	frozen 209-paper JATS corpus	pilot/ontology-development-v4/production/person-citation-sprint/prepared-author-repair/metadata/V2-P126.json	a75d113aaca6e2ffeb2b5416a90ab67f6d1a0bf20a4dcad577423048323a815c	pilot/ontology-development-v4/production/prepared-rebuild-v2-v013/inputs/V2-P126.md	9d97718a8f7140d769b051770d6f9135261e0e5399dd5f5a4a1984bc4d0c83cf	98963	5876c7a0636920df49ae04a515854244e78455f9e4d9a69bb2dba6674d322221	495c3be0bb3284343931ea7527177210d22d5aab617dc051bd70895fb3fe7a53	d60b00a82f40f79ab7e43a2f91a3444c932fc6394d3d5e2dfbf3a7fc3f75cd0c	9a5e2dc3e3ef4941ad902a77d17ebb2b4578031e77334c068524231815980fe6	a50d22be3eebc2a79cf3f62af90ea2364f9f2a7046453995786dcc5c94bcd863	TOP_LEVEL_JATS_CONTRIBUTORS_ONLY							
V2-P127	G127	10.1007/s40258-025-00954-z	corpus/1767-RA/doi_10.1007_s40258-025-00954-z.md	de0405964ea0d43d90d3fa0acc825ce046c65bff84aef08a44942b8040365452	68428	input/projects/1767-RA/papers/doi_10.1007_s40258-025-00954-z.xml	b861b576480ea7935e44a0946094c42646b0945d5ad83a73c34f7b324a2c272e	117878	frozen 209-paper JATS corpus	pilot/ontology-development-v4/production/person-citation-sprint/prepared-author-repair/metadata/V2-P127.json	ce9014eed6c7e648c8cc4cfedd8a2ac336aae4fc2a3448ef8de250131af11937	pilot/ontology-development-v4/production/prepared-rebuild-v2-v013/inputs/V2-P127.md	65f5db0a4d2b122c141f3424625cd52fbe6324a59960ac2acc06a27a9ddbb46e	115586	5876c7a0636920df49ae04a515854244e78455f9e4d9a69bb2dba6674d322221	495c3be0bb3284343931ea7527177210d22d5aab617dc051bd70895fb3fe7a53	d60b00a82f40f79ab7e43a2f91a3444c932fc6394d3d5e2dfbf3a7fc3f75cd0c	9a5e2dc3e3ef4941ad902a77d17ebb2b4578031e77334c068524231815980fe6	a50d22be3eebc2a79cf3f62af90ea2364f9f2a7046453995786dcc5c94bcd863	TOP_LEVEL_JATS_CONTRIBUTORS_ONLY							
V2-P128	G128	10.1007/s40271-020-00490-z	corpus/20190080R1/doi_10.1007_s40271-020-00490-z.md	a84df7d92de7535ed71babcf68e6aae70a1145abe782288271a6a7f82557c06f	60814	input/projects/20190080R1/papers/doi_10.1007_s40271-020-00490-z.xml	7c8c38e447cfd055b9bf97441ce49130c7c69b70fa95dbf3cffbdc17b249dbf7	113520	frozen 209-paper JATS corpus	pilot/ontology-development-v4/production/person-citation-sprint/prepared-author-repair/metadata/V2-P128.json	af76da4c30d3af58a65a5f3509e35c01effb8d7291cf66c4860c5288687409d3	pilot/ontology-development-v4/production/prepared-rebuild-v2-v013/inputs/V2-P128.md	1da604e87247d25689492adb504798bdf5db889ceb4c27b6a432bae0bfa979f6	105984	5876c7a0636920df49ae04a515854244e78455f9e4d9a69bb2dba6674d322221	495c3be0bb3284343931ea7527177210d22d5aab617dc051bd70895fb3fe7a53	d60b00a82f40f79ab7e43a2f91a3444c932fc6394d3d5e2dfbf3a7fc3f75cd0c	9a5e2dc3e3ef4941ad902a77d17ebb2b4578031e77334c068524231815980fe6	a50d22be3eebc2a79cf3f62af90ea2364f9f2a7046453995786dcc5c94bcd863	TOP_LEVEL_JATS_CONTRIBUTORS_ONLY							
V2-P129	G129	10.1007/s40271-022-00572-0	corpus/20180130/doi_10.1007_s40271-022-00572-0.md	16363aec8ce4fc47fc6bec548210daeb93cfedbff813015fa70eee75d1db66c9	58495	input/projects/20180130/papers/doi_10.1007_s40271-022-00572-0.xml	bd609cbad538cb41b521ead5433b1658d736811710c5d6aac7f3cf8987db83af	107329	frozen 209-paper JATS corpus	pilot/ontology-development-v4/production/person-citation-sprint/prepared-author-repair/metadata/V2-P129.json	f5019820c184d23691f0955a9985171a20ef35f7d92d8002b1405c89346a073a	pilot/ontology-development-v4/production/prepared-rebuild-v2-v013/inputs/V2-P129.md	75d8bc13aabff7b4689591e2325ff02455d2cf9ae50e645cb7947ec4f952e261	104871	5876c7a0636920df49ae04a515854244e78455f9e4d9a69bb2dba6674d322221	495c3be0bb3284343931ea7527177210d22d5aab617dc051bd70895fb3fe7a53	d60b00a82f40f79ab7e43a2f91a3444c932fc6394d3d5e2dfbf3a7fc3f75cd0c	9a5e2dc3e3ef4941ad902a77d17ebb2b4578031e77334c068524231815980fe6	a50d22be3eebc2a79cf3f62af90ea2364f9f2a7046453995786dcc5c94bcd863	TOP_LEVEL_JATS_CONTRIBUTORS_ONLY							
V2-P130	G130	10.1007/s40271-023-00647-6	corpus/150-RA/doi_10.1007_s40271-023-00647-6.md	f032730cdf77833b1eae4a7f589c16e23726fa1ed7e4d061286b8e9670d9f1f2	75984	input/projects/150-RA/papers/doi_10.1007_s40271-023-00647-6.xml	7e525370e4416d9dc5fd1662fa7b9c2928d18b3f6eefe7c60a27ff71feff8726	118045	frozen 209-paper JATS corpus	pilot/ontology-development-v4/production/person-citation-sprint/prepared-author-repair/metadata/V2-P130.json	9d5abd77cd8e5c5bd25657ce4172f1130e04b9dda5227958a461848b4e54a0b7	pilot/ontology-development-v4/production/prepared-rebuild-v2-v013/inputs/V2-P130.md	9b7f9955d450d6519eff6ab8ce472396692f414f0e1551766bcd7b8f8fc03296	127293	5876c7a0636920df49ae04a515854244e78455f9e4d9a69bb2dba6674d322221	495c3be0bb3284343931ea7527177210d22d5aab617dc051bd70895fb3fe7a53	d60b00a82f40f79ab7e43a2f91a3444c932fc6394d3d5e2dfbf3a7fc3f75cd0c	9a5e2dc3e3ef4941ad902a77d17ebb2b4578031e77334c068524231815980fe6	a50d22be3eebc2a79cf3f62af90ea2364f9f2a7046453995786dcc5c94bcd863	TOP_LEVEL_JATS_CONTRIBUTORS_ONLY							
V2-P131	G131	10.1007/s40271-025-00729-7	corpus/150-RA/doi_10.1007_s40271-025-00729-7.md	fb4d743f9a0e75d57decc78b76c41075602e60ef190ae1c99d2df742b6f455ec	70997	input/projects/150-RA/papers/doi_10.1007_s40271-025-00729-7.xml	aab9bda48945ab81bcaac2ecc2eef7d071aff48af37ffa3192f30412fc14599e	104552	frozen 209-paper JATS corpus	pilot/ontology-development-v4/production/person-citation-sprint/prepared-author-repair/metadata/V2-P131.json	d2906c3d0d44e3a3a7dfc3d1fc9de5976e9e7d2b333d7143f5d36e7fbb64ea33	pilot/ontology-development-v4/production/prepared-rebuild-v2-v013/inputs/V2-P131.md	77b039912cf6c40def09e2640576b8e36e550ad017eec4146d2922813290a045	120275	5876c7a0636920df49ae04a515854244e78455f9e4d9a69bb2dba6674d322221	495c3be0bb3284343931ea7527177210d22d5aab617dc051bd70895fb3fe7a53	d60b00a82f40f79ab7e43a2f91a3444c932fc6394d3d5e2dfbf3a7fc3f75cd0c	9a5e2dc3e3ef4941ad902a77d17ebb2b4578031e77334c068524231815980fe6	a50d22be3eebc2a79cf3f62af90ea2364f9f2a7046453995786dcc5c94bcd863	TOP_LEVEL_JATS_CONTRIBUTORS_ONLY							
V2-P132	G132	10.1007/s40271-025-00787-x	corpus/150-RA/doi_10.1007_s40271-025-00787-x.md	e7965b5dc59a53e55c9373ecc2a8034e0713aaa36b63d68d2a22598e838f5219	84703	input/projects/150-RA/papers/doi_10.1007_s40271-025-00787-x.xml	e2e6a1af23430803c85c45263258f5cefc8bbe0e6a9cd12bd4387e629124b4c7	134855	frozen 209-paper JATS corpus	pilot/ontology-development-v4/production/person-citation-sprint/prepared-author-repair/metadata/V2-P132.json	3a23ddc5da397edecf92a558552f484d1af4f4b7c1c0cac0d42eadab73fbdd9e	pilot/ontology-development-v4/production/prepared-rebuild-v2-v013/inputs/V2-P132.md	431601361c0f0ab53b4d64c3ed33867a8fa6a44fee1e63f3d75d87d3fc6cc12a	135864	5876c7a0636920df49ae04a515854244e78455f9e4d9a69bb2dba6674d322221	495c3be0bb3284343931ea7527177210d22d5aab617dc051bd70895fb3fe7a53	d60b00a82f40f79ab7e43a2f91a3444c932fc6394d3d5e2dfbf3a7fc3f75cd0c	9a5e2dc3e3ef4941ad902a77d17ebb2b4578031e77334c068524231815980fe6	a50d22be3eebc2a79cf3f62af90ea2364f9f2a7046453995786dcc5c94bcd863	TOP_LEVEL_JATS_CONTRIBUTORS_ONLY							
V2-P133	G133	10.1007/s40273-016-0404-1	corpus/2015410/doi_10.1007_s40273-016-0404-1.md	467cb82e557941064c134149dbaf410ed7cffd108084fcd2507a051db5c532c9	56286	input/projects/2015410/papers/doi_10.1007_s40273-016-0404-1.xml	7ebb46736d82114a494741503a5b8c0d32bd75892f34117c921c6f18243b24b2	101754	frozen 209-paper JATS corpus	pilot/ontology-development-v4/production/person-citation-sprint/prepared-author-repair/metadata/V2-P133.json	b46c66568d85951e90a27fd73a4e83c1f757390dbddbc5d0723eebbd7209fd5c	pilot/ontology-development-v4/production/prepared-rebuild-v2-v013/inputs/V2-P133.md	87f4a519f6a0c82feef6841c2bb6e3131b53c0cea9f1ac1b4e23273c38b702fb	103335	5876c7a0636920df49ae04a515854244e78455f9e4d9a69bb2dba6674d322221	495c3be0bb3284343931ea7527177210d22d5aab617dc051bd70895fb3fe7a53	d60b00a82f40f79ab7e43a2f91a3444c932fc6394d3d5e2dfbf3a7fc3f75cd0c	9a5e2dc3e3ef4941ad902a77d17ebb2b4578031e77334c068524231815980fe6	a50d22be3eebc2a79cf3f62af90ea2364f9f2a7046453995786dcc5c94bcd863	TOP_LEVEL_JATS_CONTRIBUTORS_ONLY							
V2-P134	G134	10.1007/s40273-017-0538-9	corpus/2013240/doi_10.1007_s40273-017-0538-9.md	0b9f6fafcfa8ad499c3fa45890a2f65f47f9c033f161472248c4d2e5f1832ed9	81428	input/projects/2013240/papers/doi_10.1007_s40273-017-0538-9.xml	de79d78aa4ab8fbe14edd9c8edae80b877f9b55a7afafd646b1af59d3d5e7fc3	130022	frozen 209-paper JATS corpus	pilot/ontology-development-v4/production/person-citation-sprint/prepared-author-repair/metadata/V2-P134.json	5366a5271f81fcf1bad97462f3feca03b31baaa2ffcbabafff06e2048655f5c9	pilot/ontology-development-v4/production/prepared-rebuild-v2-v013/inputs/V2-P134.md	f0a1797b3cbe89d78d25f31d531582e41a28f3940a5b1bff09f2879807708009	130323	5876c7a0636920df49ae04a515854244e78455f9e4d9a69bb2dba6674d322221	495c3be0bb3284343931ea7527177210d22d5aab617dc051bd70895fb3fe7a53	d60b00a82f40f79ab7e43a2f91a3444c932fc6394d3d5e2dfbf3a7fc3f75cd0c	9a5e2dc3e3ef4941ad902a77d17ebb2b4578031e77334c068524231815980fe6	a50d22be3eebc2a79cf3f62af90ea2364f9f2a7046453995786dcc5c94bcd863	TOP_LEVEL_JATS_CONTRIBUTORS_ONLY							
V2-P135	G135	10.1007/s40273-018-0623-8	corpus/2016620/doi_10.1007_s40273-018-0623-8.md	186f3ca9983fdd64f2d5b5f34c28b40daacfeee9d2218e89ea0a47210fe6b043	137198	input/projects/2016620/papers/doi_10.1007_s40273-018-0623-8.xml	2a5a43812d1a00c19537929de21d93d39c6c96d87f3c70ccdf24de4f3d6d21ce	210888	frozen 209-paper JATS corpus	pilot/ontology-development-v4/production/person-citation-sprint/prepared-author-repair/metadata/V2-P135.json	0d538a3bf94a60dd295dbd7fc9331bb4bb98410a46bc289e6e0afcc3928cbc5e	pilot/ontology-development-v4/production/prepared-rebuild-v2-v013/inputs/V2-P135.md	3f2a75d2a20bce8cd0aa62398b2cf2efd661f768b2148ce0ea7de2dfca209f68	183882	5876c7a0636920df49ae04a515854244e78455f9e4d9a69bb2dba6674d322221	495c3be0bb3284343931ea7527177210d22d5aab617dc051bd70895fb3fe7a53	d60b00a82f40f79ab7e43a2f91a3444c932fc6394d3d5e2dfbf3a7fc3f75cd0c	9a5e2dc3e3ef4941ad902a77d17ebb2b4578031e77334c068524231815980fe6	a50d22be3eebc2a79cf3f62af90ea2364f9f2a7046453995786dcc5c94bcd863	TOP_LEVEL_JATS_CONTRIBUTORS_ONLY							
V2-P136	G136	10.1007/s40273-018-0642-5	corpus/2016170/doi_10.1007_s40273-018-0642-5.md	2db101c7ed9e576690145c64ba93fbb06f684053fb8ed9af2058f27508d0b6fa	84553	input/projects/2016170/papers/doi_10.1007_s40273-018-0642-5.xml	2df1ba58a681b046d1bc46331eff5b461a3938d61840992560601c09e2f7bf3c	164536	frozen 209-paper JATS corpus	pilot/ontology-development-v4/production/person-citation-sprint/prepared-author-repair/metadata/V2-P136.json	c611e708ad365c8786241dd5a9c8355fe2ae4244674b8d9506e2200941a8e869	pilot/ontology-development-v4/production/prepared-rebuild-v2-v013/inputs/V2-P136.md	aec477ee7ead355ee522ddf986888e1203068e9dbfebf1126aa34c9ed06e80ba	132111	5876c7a0636920df49ae04a515854244e78455f9e4d9a69bb2dba6674d322221	495c3be0bb3284343931ea7527177210d22d5aab617dc051bd70895fb3fe7a53	d60b00a82f40f79ab7e43a2f91a3444c932fc6394d3d5e2dfbf3a7fc3f75cd0c	9a5e2dc3e3ef4941ad902a77d17ebb2b4578031e77334c068524231815980fe6	a50d22be3eebc2a79cf3f62af90ea2364f9f2a7046453995786dcc5c94bcd863	TOP_LEVEL_JATS_CONTRIBUTORS_ONLY							
V2-P137	G137	10.1007/s40273-018-0647-0	corpus/2014150/doi_10.1007_s40273-018-0647-0.md	5c6c731b9f72ea082f2c37410bd41ab74bd18a7f403a46725b740ce15576ea8f	51610	input/projects/2014150/papers/doi_10.1007_s40273-018-0647-0.xml	e5b7bf1e8fe1d143f2d4ad8841b19a69d9a559ef79bc8b01b9857b1c82e7741d	114717	frozen 209-paper JATS corpus	pilot/ontology-development-v4/production/person-citation-sprint/prepared-author-repair/metadata/V2-P137.json	d27bced7056aca19f6473d85d17b03ea842edb893e5a8ef135a8d44d45bcdf1a	pilot/ontology-development-v4/production/prepared-rebuild-v2-v013/inputs/V2-P137.md	14bd2e1e7353ec45c0577d835c0502305c8229197c29409e75ff67aa4f6f0d03	98310	5876c7a0636920df49ae04a515854244e78455f9e4d9a69bb2dba6674d322221	495c3be0bb3284343931ea7527177210d22d5aab617dc051bd70895fb3fe7a53	d60b00a82f40f79ab7e43a2f91a3444c932fc6394d3d5e2dfbf3a7fc3f75cd0c	9a5e2dc3e3ef4941ad902a77d17ebb2b4578031e77334c068524231815980fe6	a50d22be3eebc2a79cf3f62af90ea2364f9f2a7046453995786dcc5c94bcd863	TOP_LEVEL_JATS_CONTRIBUTORS_ONLY							
V2-P138	G138	10.1007/s40273-018-0694-6	corpus/2015300/doi_10.1007_s40273-018-0694-6.md	8faf1d25d9d2ce761d7ee8a04c18a3ef15fb82c2e9d1dc14d4f3613d98191762	88551	input/projects/2015300/papers/doi_10.1007_s40273-018-0694-6.xml	2e1cebc0108c6fcbda08377396fad8012bf8ccdbcbed8b62102cfb924221e8e1	149834	frozen 209-paper JATS corpus	pilot/ontology-development-v4/production/person-citation-sprint/prepared-author-repair/metadata/V2-P138.json	9e863e759ffab17c48466840065ff7dd3e0a04d122ca6c0ffab4e5871f98e968	pilot/ontology-development-v4/production/prepared-rebuild-v2-v013/inputs/V2-P138.md	6c563535a38bed13a972ecd2bfcae112204f66b37c0fd4a1baf29fc0a1bd88c9	137159	5876c7a0636920df49ae04a515854244e78455f9e4d9a69bb2dba6674d322221	495c3be0bb3284343931ea7527177210d22d5aab617dc051bd70895fb3fe7a53	d60b00a82f40f79ab7e43a2f91a3444c932fc6394d3d5e2dfbf3a7fc3f75cd0c	9a5e2dc3e3ef4941ad902a77d17ebb2b4578031e77334c068524231815980fe6	a50d22be3eebc2a79cf3f62af90ea2364f9f2a7046453995786dcc5c94bcd863	TOP_LEVEL_JATS_CONTRIBUTORS_ONLY							
V2-P139	G139	10.1007/s40273-019-00811-7	corpus/2015240/doi_10.1007_s40273-019-00811-7.md	b713bf6250a5ec2757ca41dd56367116db3502403d833dd13b183b8fb0a1a98d	78010	input/projects/2015240/papers/doi_10.1007_s40273-019-00811-7.xml	e0549ab03230d104ea917821dda53decf99e39b40f8c8871274f50943e438206	141527	frozen 209-paper JATS corpus	pilot/ontology-development-v4/production/person-citation-sprint/prepared-author-repair/metadata/V2-P139.json	6781eb04281395bc81aba6eb64dc1977a4de5a97206b0b4d9399c4c090595980	pilot/ontology-development-v4/production/prepared-rebuild-v2-v013/inputs/V2-P139.md	bb7dca37435c1e3611f2a5af07bccda9fa943e570fd67c9186218621456b295c	125258	5876c7a0636920df49ae04a515854244e78455f9e4d9a69bb2dba6674d322221	495c3be0bb3284343931ea7527177210d22d5aab617dc051bd70895fb3fe7a53	d60b00a82f40f79ab7e43a2f91a3444c932fc6394d3d5e2dfbf3a7fc3f75cd0c	9a5e2dc3e3ef4941ad902a77d17ebb2b4578031e77334c068524231815980fe6	a50d22be3eebc2a79cf3f62af90ea2364f9f2a7046453995786dcc5c94bcd863	TOP_LEVEL_JATS_CONTRIBUTORS_ONLY							
V2-P140	G140	10.1007/s40273-019-00876-4	corpus/20170510/doi_10.1007_s40273-019-00876-4.md	8bd8f189f9c3e73dae9d85dda89b1ce5bdb9175a9a8d009d3abe13f5643fbcfc	67028	input/projects/20170510/papers/doi_10.1007_s40273-019-00876-4.xml	cc1d457f1baf5b5137f48cc34ca12c2a8c7b6fe4b7cf8c0b106ef4e81c48f4df	125805	frozen 209-paper JATS corpus	pilot/ontology-development-v4/production/person-citation-sprint/prepared-author-repair/metadata/V2-P140.json	c79f55b327573953c69ebe36f16833ed6720db275a16d1f8d766d18bd61cd6fa	pilot/ontology-development-v4/production/prepared-rebuild-v2-v013/inputs/V2-P140.md	e52fce6fd24a92143f87dfe0922881bfc90e38cc9fb1af456fef2089a4e9e65e	117679	5876c7a0636920df49ae04a515854244e78455f9e4d9a69bb2dba6674d322221	495c3be0bb3284343931ea7527177210d22d5aab617dc051bd70895fb3fe7a53	d60b00a82f40f79ab7e43a2f91a3444c932fc6394d3d5e2dfbf3a7fc3f75cd0c	9a5e2dc3e3ef4941ad902a77d17ebb2b4578031e77334c068524231815980fe6	a50d22be3eebc2a79cf3f62af90ea2364f9f2a7046453995786dcc5c94bcd863	TOP_LEVEL_JATS_CONTRIBUTORS_ONLY							
V2-P141	G141	10.1007/s40273-020-00994-4	corpus/20180510/doi_10.1007_s40273-020-00994-4.md	8dfb64c20c30a11decd2b0a77f19a32dd0f361319c9b7b1c0d773ae9578b2e40	44807	input/projects/20180510/papers/doi_10.1007_s40273-020-00994-4.xml	9a785c300b8808613a0f9bcf40996be6a44225155b970b462fb971deeea0d8c7	89729	frozen 209-paper JATS corpus	pilot/ontology-development-v4/production/person-citation-sprint/prepared-author-repair/metadata/V2-P141.json	2a3a62f4349d36c74280ae14954c13ee23f714c9b8bc5b93453910cbf1657d31	pilot/ontology-development-v4/production/prepared-rebuild-v2-v013/inputs/V2-P141.md	72eff4777b049e97899b91c89c804adb004b79a029fa1329c355b045dc91052f	90978	5876c7a0636920df49ae04a515854244e78455f9e4d9a69bb2dba6674d322221	495c3be0bb3284343931ea7527177210d22d5aab617dc051bd70895fb3fe7a53	d60b00a82f40f79ab7e43a2f91a3444c932fc6394d3d5e2dfbf3a7fc3f75cd0c	9a5e2dc3e3ef4941ad902a77d17ebb2b4578031e77334c068524231815980fe6	a50d22be3eebc2a79cf3f62af90ea2364f9f2a7046453995786dcc5c94bcd863	TOP_LEVEL_JATS_CONTRIBUTORS_ONLY							
V2-P142	G142	10.1007/s40273-021-01109-3	corpus/20190220/doi_10.1007_s40273-021-01109-3.md	cf31a37b75f604d90ea7bd64f93d855ddb880c59808428bcdbe9bafde22baa16	61036	input/projects/20190220/papers/doi_10.1007_s40273-021-01109-3.xml	9b21b84e2eddcc9b0c94bad54948173bd8f3dd0f5d26c54260cc4768af63f2c8	99715	frozen 209-paper JATS corpus	pilot/ontology-development-v4/production/person-citation-sprint/prepared-author-repair/metadata/V2-P142.json	fbc0ddb3f9849652716b768861ec4519c0c323605a9d0e554a5eed167c245deb	pilot/ontology-development-v4/production/prepared-rebuild-v2-v013/inputs/V2-P142.md	851f83b8ff34f03492e4c59d9cf826f9526c62a947ef08a185e514d500a22505	109754	5876c7a0636920df49ae04a515854244e78455f9e4d9a69bb2dba6674d322221	495c3be0bb3284343931ea7527177210d22d5aab617dc051bd70895fb3fe7a53	d60b00a82f40f79ab7e43a2f91a3444c932fc6394d3d5e2dfbf3a7fc3f75cd0c	9a5e2dc3e3ef4941ad902a77d17ebb2b4578031e77334c068524231815980fe6	a50d22be3eebc2a79cf3f62af90ea2364f9f2a7046453995786dcc5c94bcd863	TOP_LEVEL_JATS_CONTRIBUTORS_ONLY							
V2-P143	G143	10.1007/s40273-022-01143-9	corpus/20180510/doi_10.1007_s40273-022-01143-9.md	2ecd76672bc40a609d04edfb1943789f8e029ceefda018a8928051dcdc8a54e9	75576	input/projects/20180510/papers/doi_10.1007_s40273-022-01143-9.xml	647b656987ebfcf2c0919489e2f06536648d7926cd1c2511b3acbf9b00a55f34	128839	frozen 209-paper JATS corpus	pilot/ontology-development-v4/production/person-citation-sprint/prepared-author-repair/metadata/V2-P143.json	ca79c4481c7106bc351ae54d458c2a9e31ccc5fb8cc1ce702082bc31c1b3697a	pilot/ontology-development-v4/production/prepared-rebuild-v2-v013/inputs/V2-P143.md	fb2d8d2cb1c8f27212e6d3f09784ae7805a7f2116243a27b9325a74a6c057ae0	122808	5876c7a0636920df49ae04a515854244e78455f9e4d9a69bb2dba6674d322221	495c3be0bb3284343931ea7527177210d22d5aab617dc051bd70895fb3fe7a53	d60b00a82f40f79ab7e43a2f91a3444c932fc6394d3d5e2dfbf3a7fc3f75cd0c	9a5e2dc3e3ef4941ad902a77d17ebb2b4578031e77334c068524231815980fe6	a50d22be3eebc2a79cf3f62af90ea2364f9f2a7046453995786dcc5c94bcd863	TOP_LEVEL_JATS_CONTRIBUTORS_ONLY							
V2-P144	G144	10.1007/s40273-022-01172-4	corpus/20170600/doi_10.1007_s40273-022-01172-4.md	c9264d51f9a9d96f1625217f05572b96dee60905081203f8f5e7cc21248f6c7f	84705	input/projects/20170600/papers/doi_10.1007_s40273-022-01172-4.xml	052b52c2ab9866b7061786a05141c1d17605acfb93fc62972321f0165142cd9d	136217	frozen 209-paper JATS corpus	pilot/ontology-development-v4/production/person-citation-sprint/prepared-author-repair/metadata/V2-P144.json	1925c5ad85a564de000502d16dbf836dcf2c5bd41d39fea9ad968e0fc7ceeb1d	pilot/ontology-development-v4/production/prepared-rebuild-v2-v013/inputs/V2-P144.md	e760ce9bbd367cbbc674c430ad7ee2793805923178121f73765ebb579c81cded	131828	5876c7a0636920df49ae04a515854244e78455f9e4d9a69bb2dba6674d322221	495c3be0bb3284343931ea7527177210d22d5aab617dc051bd70895fb3fe7a53	d60b00a82f40f79ab7e43a2f91a3444c932fc6394d3d5e2dfbf3a7fc3f75cd0c	9a5e2dc3e3ef4941ad902a77d17ebb2b4578031e77334c068524231815980fe6	a50d22be3eebc2a79cf3f62af90ea2364f9f2a7046453995786dcc5c94bcd863	TOP_LEVEL_JATS_CONTRIBUTORS_ONLY							
V2-P145	G145	10.1007/s40273-022-01208-9	corpus/335-RA/doi_10.1007_s40273-022-01208-9.md	538ecd89d31e36ae70e753e37eae5f50b1e18d12609ab7f5629677f06bb1e4fa	59469	input/projects/335-RA/papers/doi_10.1007_s40273-022-01208-9.xml	a57d75341120c6cd0a60113758034da60bb3a06df574433dc4d2e767dda880df	104720	frozen 209-paper JATS corpus	pilot/ontology-development-v4/production/person-citation-sprint/prepared-author-repair/metadata/V2-P145.json	58d3d4f538614ff1ba4af3f9d6f85a7cd20306a037649ba807bbef87a0100f6c	pilot/ontology-development-v4/production/prepared-rebuild-v2-v013/inputs/V2-P145.md	0d1c2c4e815530f611a369714c9d09009226bd600a2d75eb2b72094187c4b1c2	107469	5876c7a0636920df49ae04a515854244e78455f9e4d9a69bb2dba6674d322221	495c3be0bb3284343931ea7527177210d22d5aab617dc051bd70895fb3fe7a53	d60b00a82f40f79ab7e43a2f91a3444c932fc6394d3d5e2dfbf3a7fc3f75cd0c	9a5e2dc3e3ef4941ad902a77d17ebb2b4578031e77334c068524231815980fe6	a50d22be3eebc2a79cf3f62af90ea2364f9f2a7046453995786dcc5c94bcd863	TOP_LEVEL_JATS_CONTRIBUTORS_ONLY							
V2-P146	G146	10.1007/s40273-022-01210-1	corpus/20180490/doi_10.1007_s40273-022-01210-1.md	2d9a0b8e02c0f5c456e661027b22c536aed26c1a76529ec00e1001cb8fd003f2	61466	input/projects/20180490/papers/doi_10.1007_s40273-022-01210-1.xml	f1dc29ae7f7cd6ca2c848f63d44e7a5262bb6f21dc12bc3cfcdaaa8d1a4f5082	123967	frozen 209-paper JATS corpus	pilot/ontology-development-v4/production/person-citation-sprint/prepared-author-repair/metadata/V2-P146.json	613c6b3303ff9d7106abc6bcee3a48c6324a8acc0a5b1824f8bde7d9ecf093f6	pilot/ontology-development-v4/production/prepared-rebuild-v2-v013/inputs/V2-P146.md	1762dccdfd66677473ddd500e877ffcfbcd0a4c51a8da2b3e43d699524c92f64	110954	5876c7a0636920df49ae04a515854244e78455f9e4d9a69bb2dba6674d322221	495c3be0bb3284343931ea7527177210d22d5aab617dc051bd70895fb3fe7a53	d60b00a82f40f79ab7e43a2f91a3444c932fc6394d3d5e2dfbf3a7fc3f75cd0c	9a5e2dc3e3ef4941ad902a77d17ebb2b4578031e77334c068524231815980fe6	a50d22be3eebc2a79cf3f62af90ea2364f9f2a7046453995786dcc5c94bcd863	TOP_LEVEL_JATS_CONTRIBUTORS_ONLY							
V2-P147	G147	10.1007/s40273-022-01216-9	corpus/20191020/doi_10.1007_s40273-022-01216-9.md	e86e0424c494875ca381b346f7b1e754e10b3f9912e8bef933efd9c625749b1d	55701	input/projects/20191020/papers/doi_10.1007_s40273-022-01216-9.xml	5602075d4c8f56a3cd4548bda28dd8d7f3e1d547577971d18a9c4177280a5e24	104099	frozen 209-paper JATS corpus	pilot/ontology-development-v4/production/person-citation-sprint/prepared-author-repair/metadata/V2-P147.json	14dcc818980c3088177b69d0a3c35a327946643f367965571522623687535118	pilot/ontology-development-v4/production/prepared-rebuild-v2-v013/inputs/V2-P147.md	2ae0f4e7c32bb5d39b7e16268b9f3f46eb5d9a245c785ea34771fda19d2b7505	107198	5876c7a0636920df49ae04a515854244e78455f9e4d9a69bb2dba6674d322221	495c3be0bb3284343931ea7527177210d22d5aab617dc051bd70895fb3fe7a53	d60b00a82f40f79ab7e43a2f91a3444c932fc6394d3d5e2dfbf3a7fc3f75cd0c	9a5e2dc3e3ef4941ad902a77d17ebb2b4578031e77334c068524231815980fe6	a50d22be3eebc2a79cf3f62af90ea2364f9f2a7046453995786dcc5c94bcd863	TOP_LEVEL_JATS_CONTRIBUTORS_ONLY							
V2-P148	G148	10.1007/s40273-022-01222-x	corpus/409-RA/doi_10.1007_s40273-022-01222-x.md	c015cd457d432d5aa1995bc6baf79cc906f7360a2d065bfba7c6716f7490ca94	42476	input/projects/409-RA/papers/doi_10.1007_s40273-022-01222-x.xml	aee930887bd6198b346247768a74d817cde119fad886f1224ca335b61535d15d	64191	frozen 209-paper JATS corpus	pilot/ontology-development-v4/production/person-citation-sprint/prepared-author-repair/metadata/V2-P148.json	c1e4c36334db16e97da2cce7d64b35d871222a18b38dd0c4dfe7f65d37821391	pilot/ontology-development-v4/production/prepared-rebuild-v2-v013/inputs/V2-P148.md	dbed67144b43f0cf6a0dd8854171eb71fee3d665ba07e01fbed2db810aca9b8d	89546	5876c7a0636920df49ae04a515854244e78455f9e4d9a69bb2dba6674d322221	495c3be0bb3284343931ea7527177210d22d5aab617dc051bd70895fb3fe7a53	d60b00a82f40f79ab7e43a2f91a3444c932fc6394d3d5e2dfbf3a7fc3f75cd0c	9a5e2dc3e3ef4941ad902a77d17ebb2b4578031e77334c068524231815980fe6	a50d22be3eebc2a79cf3f62af90ea2364f9f2a7046453995786dcc5c94bcd863	TOP_LEVEL_JATS_CONTRIBUTORS_ONLY							
V2-P149	G149	10.1007/s40273-023-01280-9	corpus/377-VS/doi_10.1007_s40273-023-01280-9.md	b3b06675fa700840c4dcabb5203c9da0a1cb32a697ff6576016d997775bd7bbf	49490	input/projects/377-VS/papers/doi_10.1007_s40273-023-01280-9.xml	e4e30d7cffccbbeaace85715e0c1d2489ac14aed361a0f27d9f1558c97ffa83a	95353	frozen 209-paper JATS corpus	pilot/ontology-development-v4/production/person-citation-sprint/prepared-author-repair/metadata/V2-P149.json	4b9208367a6a1638d29079e53ea404e88bf5c2cf64468fec54768b5cd738f7ac	pilot/ontology-development-v4/production/prepared-rebuild-v2-v013/inputs/V2-P149.md	142589a7fb87bc195d325cfcb140e73a31d251262fe934bd971db68449901941	95856	5876c7a0636920df49ae04a515854244e78455f9e4d9a69bb2dba6674d322221	495c3be0bb3284343931ea7527177210d22d5aab617dc051bd70895fb3fe7a53	d60b00a82f40f79ab7e43a2f91a3444c932fc6394d3d5e2dfbf3a7fc3f75cd0c	9a5e2dc3e3ef4941ad902a77d17ebb2b4578031e77334c068524231815980fe6	a50d22be3eebc2a79cf3f62af90ea2364f9f2a7046453995786dcc5c94bcd863	TOP_LEVEL_JATS_CONTRIBUTORS_ONLY							
V2-P150	G150	10.1007/s40273-024-01354-2	corpus/330-PHD/doi_10.1007_s40273-024-01354-2.md	25407a32911b9c0e1e451504f97600da7156321f4d963817ac905691d1a810ee	122201	input/projects/330-PHD/papers/doi_10.1007_s40273-024-01354-2.xml	775ee615c9f8b8505923e85a984ff2a9ccfd40863ed1645ae7a388a2aa48e424	188340	frozen 209-paper JATS corpus	pilot/ontology-development-v4/production/person-citation-sprint/prepared-author-repair/metadata/V2-P150.json	6535c674032af2ff13fc358774493d3a941a5f87b80b39d4c68870acb568e5a1	pilot/ontology-development-v4/production/prepared-rebuild-v2-v013/inputs/V2-P150.md	ea29f35090a6b2bcf1d2088c5414dcdcf7be72e889a34ea8ccca20a8db8163e3	174422	5876c7a0636920df49ae04a515854244e78455f9e4d9a69bb2dba6674d322221	495c3be0bb3284343931ea7527177210d22d5aab617dc051bd70895fb3fe7a53	d60b00a82f40f79ab7e43a2f91a3444c932fc6394d3d5e2dfbf3a7fc3f75cd0c	9a5e2dc3e3ef4941ad902a77d17ebb2b4578031e77334c068524231815980fe6	a50d22be3eebc2a79cf3f62af90ea2364f9f2a7046453995786dcc5c94bcd863	TOP_LEVEL_JATS_CONTRIBUTORS_ONLY							
V2-P151	G151	10.1007/s40273-024-01355-1	corpus/330-PHD/doi_10.1007_s40273-024-01355-1.md	633eb2bff96f852e926b671acfe3224db72ec75c70aead1bc532c4eac3390435	90806	input/projects/330-PHD/papers/doi_10.1007_s40273-024-01355-1.xml	40a88ed671e062f9cd7589a00a96ebf211a1a5656f59ed19e241636809d4ae4e	172724	frozen 209-paper JATS corpus	pilot/ontology-development-v4/production/person-citation-sprint/prepared-author-repair/metadata/V2-P151.json	b90d1629b229e44da267ae5c39719b5590a8c155a00ef57f2505bb0b9ab1a32d	pilot/ontology-development-v4/production/prepared-rebuild-v2-v013/inputs/V2-P151.md	93e9b832d17b27b1156c4662633c3e80cf48e7a01a3afd466c43af5ca172a1aa	141148	5876c7a0636920df49ae04a515854244e78455f9e4d9a69bb2dba6674d322221	495c3be0bb3284343931ea7527177210d22d5aab617dc051bd70895fb3fe7a53	d60b00a82f40f79ab7e43a2f91a3444c932fc6394d3d5e2dfbf3a7fc3f75cd0c	9a5e2dc3e3ef4941ad902a77d17ebb2b4578031e77334c068524231815980fe6	a50d22be3eebc2a79cf3f62af90ea2364f9f2a7046453995786dcc5c94bcd863	TOP_LEVEL_JATS_CONTRIBUTORS_ONLY							
V2-P152	G152	10.1007/s40273-024-01404-9	corpus/220-VS/doi_10.1007_s40273-024-01404-9.md	0cd9b2804d487dea4057fd1f2f5e3240497a226bf8070b1f0c13ecd3d6e22c9c	95575	input/projects/220-VS/papers/doi_10.1007_s40273-024-01404-9.xml	819cffd610ec5aa47211c1d82bb8df6d122cacdb547fc23a19e5797280eb9fc3	202313	frozen 209-paper JATS corpus	pilot/ontology-development-v4/production/person-citation-sprint/prepared-author-repair/metadata/V2-P152.json	99d405853904d4466f3d3001551ca6b65b3e27644ee94efe702d611d325b5537	pilot/ontology-development-v4/production/prepared-rebuild-v2-v013/inputs/V2-P152.md	a00f4437556a2e23996260a0b86498ec95f678f165d768ad644fab2e5e6fd1e1	145760	5876c7a0636920df49ae04a515854244e78455f9e4d9a69bb2dba6674d322221	495c3be0bb3284343931ea7527177210d22d5aab617dc051bd70895fb3fe7a53	d60b00a82f40f79ab7e43a2f91a3444c932fc6394d3d5e2dfbf3a7fc3f75cd0c	9a5e2dc3e3ef4941ad902a77d17ebb2b4578031e77334c068524231815980fe6	a50d22be3eebc2a79cf3f62af90ea2364f9f2a7046453995786dcc5c94bcd863	TOP_LEVEL_JATS_CONTRIBUTORS_ONLY							
V2-P153	G153	10.1007/s40273-025-01473-4	corpus/1654-TVG/doi_10.1007_s40273-025-01473-4.md	de7a3bb705afbd073ff4b1dafe8ae52ecde2df9df865971df98c08118192fa51	79803	input/projects/1654-TVG/papers/doi_10.1007_s40273-025-01473-4.xml	a42ecc3b2372e2abf53ee99ee2f044a8bf5eec1599e5b65300ae07f33625ca0f	166622	frozen 209-paper JATS corpus	pilot/ontology-development-v4/production/person-citation-sprint/prepared-author-repair/metadata/V2-P153.json	27474a742c0c66e8bbc0a50a1dbdb90f5f9a1c35f00d09c7a1585e14e5d0f6c6	pilot/ontology-development-v4/production/prepared-rebuild-v2-v013/inputs/V2-P153.md	d37a5cd392ed412d3d86f4fd6c223b6582525b9c36be28e99d12bee6333b71d8	128990	5876c7a0636920df49ae04a515854244e78455f9e4d9a69bb2dba6674d322221	495c3be0bb3284343931ea7527177210d22d5aab617dc051bd70895fb3fe7a53	d60b00a82f40f79ab7e43a2f91a3444c932fc6394d3d5e2dfbf3a7fc3f75cd0c	9a5e2dc3e3ef4941ad902a77d17ebb2b4578031e77334c068524231815980fe6	a50d22be3eebc2a79cf3f62af90ea2364f9f2a7046453995786dcc5c94bcd863	TOP_LEVEL_JATS_CONTRIBUTORS_ONLY							
V2-P154	G154	10.1007/s40273-025-01476-1	corpus/1578-RA/doi_10.1007_s40273-025-01476-1.md	5458440de4fda7b5d6a24520f6806e84f8655377b767d63a053525ddced5fe11	43713	input/projects/1578-RA/papers/doi_10.1007_s40273-025-01476-1.xml	7b2a9d7cea906a48eaabb3cc82974ae51cc8dd0f357d575cc7a8a802ff58ce7f	101062	frozen 209-paper JATS corpus	pilot/ontology-development-v4/production/person-citation-sprint/prepared-author-repair/metadata/V2-P154.json	1f2dbada32e73783103bc01453de311bbee2a1deb9c638d83014967950175a0e	pilot/ontology-development-v4/production/prepared-rebuild-v2-v013/inputs/V2-P154.md	dcc174ac398f5c5eb01ba5a634e8fd90908e4a5609f955eea545f82e4bfbc4f3	95592	5876c7a0636920df49ae04a515854244e78455f9e4d9a69bb2dba6674d322221	495c3be0bb3284343931ea7527177210d22d5aab617dc051bd70895fb3fe7a53	d60b00a82f40f79ab7e43a2f91a3444c932fc6394d3d5e2dfbf3a7fc3f75cd0c	9a5e2dc3e3ef4941ad902a77d17ebb2b4578031e77334c068524231815980fe6	a50d22be3eebc2a79cf3f62af90ea2364f9f2a7046453995786dcc5c94bcd863	TOP_LEVEL_JATS_CONTRIBUTORS_ONLY							
V2-P155	G155	10.1007/s40273-025-01493-0	corpus/348-PHD/doi_10.1007_s40273-025-01493-0.md	5b830978c69c11c5a256b6b3e293431ef260509a9877c79d634e97896f725209	100833	input/projects/348-PHD/papers/doi_10.1007_s40273-025-01493-0.xml	52d3cfc8c0b3d769bb0df1c34cadd45bb0d9b9af631db749eb2a8183442b5dfc	208340	frozen 209-paper JATS corpus	pilot/ontology-development-v4/production/person-citation-sprint/prepared-author-repair/metadata/V2-P155.json	dde2ffadf26ee7fa8f6d9aa372670d95dc1d6054f5538fb502a12d8f8494b34b	pilot/ontology-development-v4/production/prepared-rebuild-v2-v013/inputs/V2-P155.md	aef0af606c267b4137521b6657ebc6afa10609e1d67b562e32ae4c75bb7eaf90	152150	5876c7a0636920df49ae04a515854244e78455f9e4d9a69bb2dba6674d322221	495c3be0bb3284343931ea7527177210d22d5aab617dc051bd70895fb3fe7a53	d60b00a82f40f79ab7e43a2f91a3444c932fc6394d3d5e2dfbf3a7fc3f75cd0c	9a5e2dc3e3ef4941ad902a77d17ebb2b4578031e77334c068524231815980fe6	a50d22be3eebc2a79cf3f62af90ea2364f9f2a7046453995786dcc5c94bcd863	TOP_LEVEL_JATS_CONTRIBUTORS_ONLY							
V2-P156	G156	10.1007/s40273-025-01519-7	corpus/1741-RA/doi_10.1007_s40273-025-01519-7.md	42eb455e48c118aebbb880a56da2157e3236918ebc16f09c140f8d91399f8507	96091	input/projects/1741-RA/papers/doi_10.1007_s40273-025-01519-7.xml	237f007ba67cc219644585242e818961a64fd6e46a8fdd9bdf15d9c1e73ba172	269718	frozen 209-paper JATS corpus	pilot/ontology-development-v4/production/person-citation-sprint/prepared-author-repair/metadata/V2-P156.json	9bac55eb657a5513b7c3a7f56848dc733e3764b9addf6f388e777b10482c02a2	pilot/ontology-development-v4/production/prepared-rebuild-v2-v013/inputs/V2-P156.md	08e0c6e84076e1a3d456840d59b6f7df28fea28a5c0a5cdfaabd30f07c8b2f97	148481	5876c7a0636920df49ae04a515854244e78455f9e4d9a69bb2dba6674d322221	495c3be0bb3284343931ea7527177210d22d5aab617dc051bd70895fb3fe7a53	d60b00a82f40f79ab7e43a2f91a3444c932fc6394d3d5e2dfbf3a7fc3f75cd0c	9a5e2dc3e3ef4941ad902a77d17ebb2b4578031e77334c068524231815980fe6	a50d22be3eebc2a79cf3f62af90ea2364f9f2a7046453995786dcc5c94bcd863	TOP_LEVEL_JATS_CONTRIBUTORS_ONLY							
V2-P157	G157	10.1007/s40273-025-01545-5	corpus/432-RA/doi_10.1007_s40273-025-01545-5.md	2ab6929abda8f2912cf56f267942426f5c602b188f8d6491fd348fa3df46ea30	62941	input/projects/432-RA/papers/doi_10.1007_s40273-025-01545-5.xml	bf2842b609b80d1520cd81973f4cc4d8a2d2f3aa90502d6f6239654cd9da6adc	121650	frozen 209-paper JATS corpus	pilot/ontology-development-v4/production/person-citation-sprint/prepared-author-repair/metadata/V2-P157.json	27120c019585562ee72b7a4afa40db90b4b90fa0681930615972cff10c823e6f	pilot/ontology-development-v4/production/prepared-rebuild-v2-v013/inputs/V2-P157.md	fff13dadff7247642914e46e2888803ed3c302d1dd9185f30f5a1104a509de99	111110	5876c7a0636920df49ae04a515854244e78455f9e4d9a69bb2dba6674d322221	495c3be0bb3284343931ea7527177210d22d5aab617dc051bd70895fb3fe7a53	d60b00a82f40f79ab7e43a2f91a3444c932fc6394d3d5e2dfbf3a7fc3f75cd0c	9a5e2dc3e3ef4941ad902a77d17ebb2b4578031e77334c068524231815980fe6	a50d22be3eebc2a79cf3f62af90ea2364f9f2a7046453995786dcc5c94bcd863	TOP_LEVEL_JATS_CONTRIBUTORS_ONLY							
V2-P158	G158	10.1007/s41669-022-00353-3	corpus/20170491/doi_10.1007_s41669-022-00353-3.md	17d8ec5843d25a71f79d2503ddbfbabc47418d9f1f876074814b69cffed9b885	68195	input/projects/20170491/papers/doi_10.1007_s41669-022-00353-3.xml	c02746111cab030771ec13406412902165f3ec1bff6505a5ca66a0305ba0e866	129871	frozen 209-paper JATS corpus	pilot/ontology-development-v4/production/person-citation-sprint/prepared-author-repair/metadata/V2-P158.json	16cd3ca988b071d93e077265ef74e6f685f954b74004050b0a260fa81ee9d390	pilot/ontology-development-v4/production/prepared-rebuild-v2-v013/inputs/V2-P158.md	cded09a5ab78713ad2178c7e48b4f911201a15c0b3fa10ec98b382201ca7cb59	114645	5876c7a0636920df49ae04a515854244e78455f9e4d9a69bb2dba6674d322221	495c3be0bb3284343931ea7527177210d22d5aab617dc051bd70895fb3fe7a53	d60b00a82f40f79ab7e43a2f91a3444c932fc6394d3d5e2dfbf3a7fc3f75cd0c	9a5e2dc3e3ef4941ad902a77d17ebb2b4578031e77334c068524231815980fe6	a50d22be3eebc2a79cf3f62af90ea2364f9f2a7046453995786dcc5c94bcd863	TOP_LEVEL_JATS_CONTRIBUTORS_ONLY							
V2-P159	G159	10.1007/s41669-023-00437-8	corpus/20180660/doi_10.1007_s41669-023-00437-8.md	df49e9c67dfb8f051961c73d3ee338087def60c03a26bf962b0c976862547f0e	62825	input/projects/20180660/papers/doi_10.1007_s41669-023-00437-8.xml	377eea220ff27f4031a87d0159bdbb7ce2953ad664c614702591cc325a9031af	134719	frozen 209-paper JATS corpus	pilot/ontology-development-v4/production/person-citation-sprint/prepared-author-repair/metadata/V2-P159.json	1ef84b71ceebe633243f5842d5b9d1f5e194f653f64cf0e0fab93cde3e5800ef	pilot/ontology-development-v4/production/prepared-rebuild-v2-v013/inputs/V2-P159.md	d853be462570d06443cec4bde6939d99e3175ff36f9d43b1701a84adfa525c04	110304	5876c7a0636920df49ae04a515854244e78455f9e4d9a69bb2dba6674d322221	495c3be0bb3284343931ea7527177210d22d5aab617dc051bd70895fb3fe7a53	d60b00a82f40f79ab7e43a2f91a3444c932fc6394d3d5e2dfbf3a7fc3f75cd0c	9a5e2dc3e3ef4941ad902a77d17ebb2b4578031e77334c068524231815980fe6	a50d22be3eebc2a79cf3f62af90ea2364f9f2a7046453995786dcc5c94bcd863	TOP_LEVEL_JATS_CONTRIBUTORS_ONLY							
V2-P160	G160	10.1007/s41669-024-00486-7	corpus/351-RA/doi_10.1007_s41669-024-00486-7.md	dd0eab4abc6332fc9965a9e57ff912ee12fa04bd7b6f6e9f6836cb54f1a8094f	62604	input/projects/351-RA/papers/doi_10.1007_s41669-024-00486-7.xml	d08e5e83f4a1e19ce7a189f4dfdba426004c228752bd2ab3e6f61238edc3d142	102218	frozen 209-paper JATS corpus	pilot/ontology-development-v4/production/person-citation-sprint/prepared-author-repair/metadata/V2-P160.json	4e13bdd0d94c0c4821778aca04f30726cb7a911b14cd0dc8a70bd0dcb3d88ed3	pilot/ontology-development-v4/production/prepared-rebuild-v2-v013/inputs/V2-P160.md	8206efa799ad5c6c03d280866931b88cd67889cfff0450bc5c4de7dab6f2a940	111897	5876c7a0636920df49ae04a515854244e78455f9e4d9a69bb2dba6674d322221	495c3be0bb3284343931ea7527177210d22d5aab617dc051bd70895fb3fe7a53	d60b00a82f40f79ab7e43a2f91a3444c932fc6394d3d5e2dfbf3a7fc3f75cd0c	9a5e2dc3e3ef4941ad902a77d17ebb2b4578031e77334c068524231815980fe6	a50d22be3eebc2a79cf3f62af90ea2364f9f2a7046453995786dcc5c94bcd863	TOP_LEVEL_JATS_CONTRIBUTORS_ONLY							
V2-P161	G161	10.1016/j.jval.2021.03.019	corpus/20180510/doi_10.1016_j.jval.2021.03.019.md	940dee1d81a84a9a7ef540f3f2a73fff7539309202ac1da03a00d9ee2696c755	60879	input/projects/20180510/papers/doi_10.1016_j.jval.2021.03.019.xml	8f835ca11d498e90722787e973e7132071154716f7092cb700f13e9b8349f3fd	112919	frozen 209-paper JATS corpus	pilot/ontology-development-v4/production/person-citation-sprint/prepared-author-repair/metadata/V2-P161.json	9b3835a525143e6583a4d64c5f1e2036bf0f290f70968a7eddd55d2a361ac2b0	pilot/ontology-development-v4/production/prepared-rebuild-v2-v013/inputs/V2-P161.md	aff38b55993b3d73b2679e26b8aa0e2994cc2f22b9398df6c69c5c7c52c265da	108342	5876c7a0636920df49ae04a515854244e78455f9e4d9a69bb2dba6674d322221	495c3be0bb3284343931ea7527177210d22d5aab617dc051bd70895fb3fe7a53	d60b00a82f40f79ab7e43a2f91a3444c932fc6394d3d5e2dfbf3a7fc3f75cd0c	9a5e2dc3e3ef4941ad902a77d17ebb2b4578031e77334c068524231815980fe6	a50d22be3eebc2a79cf3f62af90ea2364f9f2a7046453995786dcc5c94bcd863	TOP_LEVEL_JATS_CONTRIBUTORS_ONLY							
V2-P162	G162	10.1017/s0266462326103602	corpus/1505-RA/doi_10.1017_s0266462326103602.md	4f26cab992adb34e099c71814ee81c54b02de2bffc8ad03c5f824627b93901be	101826	input/projects/1505-RA/papers/doi_10.1017_s0266462326103602.xml	494d09880a686266c8f11352e37b8767c146b9c59c1d6885a71885a31dbc5724	191922	frozen 209-paper JATS corpus	pilot/ontology-development-v4/production/person-citation-sprint/prepared-author-repair/metadata/V2-P162.json	903a7821457ca90ee081b973f2d22b695a87f8ff706f8f8ec826baade1d76cc7	pilot/ontology-development-v4/production/prepared-rebuild-v2-v013/inputs/V2-P162.md	cc8635054db8e03fe745efc617bf941c046c498c54cd02ea6db95a1736cb7d16	152769	5876c7a0636920df49ae04a515854244e78455f9e4d9a69bb2dba6674d322221	495c3be0bb3284343931ea7527177210d22d5aab617dc051bd70895fb3fe7a53	d60b00a82f40f79ab7e43a2f91a3444c932fc6394d3d5e2dfbf3a7fc3f75cd0c	9a5e2dc3e3ef4941ad902a77d17ebb2b4578031e77334c068524231815980fe6	a50d22be3eebc2a79cf3f62af90ea2364f9f2a7046453995786dcc5c94bcd863	TOP_LEVEL_JATS_CONTRIBUTORS_ONLY							
V2-P163	G163	10.1097/mlr.0000000000002200	corpus/304-PHD/doi_10.1097_mlr.0000000000002200.md	ce47d971885dace618d584c4ad063d8af999edb0c5dcd13591218d08e9aef14a	41427	input/projects/304-PHD/papers/doi_10.1097_mlr.0000000000002200.xml	e25654840107b21d30b5d6283727cdc5fc67abd828adbf624c6d76f92c6716e1	95368	frozen 209-paper JATS corpus	pilot/ontology-development-v4/production/person-citation-sprint/prepared-author-repair/metadata/V2-P163.json	2054a6093c9eb2f136e9da88e81ced9aa5e6796f706391f66b719bfa27054492	pilot/ontology-development-v4/production/prepared-rebuild-v2-v013/inputs/V2-P163.md	5d1c5fd97bba44c15b4bd533314d88a405ce14dfd84b31cebca4651234e5b681	88676	5876c7a0636920df49ae04a515854244e78455f9e4d9a69bb2dba6674d322221	495c3be0bb3284343931ea7527177210d22d5aab617dc051bd70895fb3fe7a53	d60b00a82f40f79ab7e43a2f91a3444c932fc6394d3d5e2dfbf3a7fc3f75cd0c	9a5e2dc3e3ef4941ad902a77d17ebb2b4578031e77334c068524231815980fe6	a50d22be3eebc2a79cf3f62af90ea2364f9f2a7046453995786dcc5c94bcd863	TOP_LEVEL_JATS_CONTRIBUTORS_ONLY							
V2-P164	G164	10.1136/bmjopen-2020-048176	corpus/2016480/doi_10.1136_bmjopen-2020-048176.md	b89de0d7ad8c1f7cb18997088bba2c234c2d02c91fc6d68e0da63a4b50b6d0ff	131677	input/projects/2016480/papers/doi_10.1136_bmjopen-2020-048176.xml	45fc2157c840889ce250d2472610a7b52490db719f3b2c234d3dc27ebc935bce	222656	frozen 209-paper JATS corpus	pilot/ontology-development-v4/production/person-citation-sprint/prepared-author-repair/metadata/V2-P164.json	48c117800fdf36c589f2bea5987304e8308d57c7cd0d27cedac98234b9ae5deb	pilot/ontology-development-v4/production/prepared-rebuild-v2-v013/inputs/V2-P164.md	04d4d92bed11bf101624317ae2b458a14628107cece1099f9f0d51be14725f88	180783	5876c7a0636920df49ae04a515854244e78455f9e4d9a69bb2dba6674d322221	495c3be0bb3284343931ea7527177210d22d5aab617dc051bd70895fb3fe7a53	d60b00a82f40f79ab7e43a2f91a3444c932fc6394d3d5e2dfbf3a7fc3f75cd0c	9a5e2dc3e3ef4941ad902a77d17ebb2b4578031e77334c068524231815980fe6	a50d22be3eebc2a79cf3f62af90ea2364f9f2a7046453995786dcc5c94bcd863	TOP_LEVEL_JATS_CONTRIBUTORS_ONLY							
V2-P165	G165	10.1136/bmjopen-2021-051727	corpus/20180130/doi_10.1136_bmjopen-2021-051727.md	c52abb7cfcc313062a326c28123e3a5a25f7e81e0c114dfdb4d5a7a14f1ae841	41246	input/projects/20180130/papers/doi_10.1136_bmjopen-2021-051727.xml	adfbfd63b8ce5bebb33ae255199b06a69d388b7f8b07f24541269ba5fb0c0d45	78779	frozen 209-paper JATS corpus	pilot/ontology-development-v4/production/person-citation-sprint/prepared-author-repair/metadata/V2-P165.json	d9e4d9bad57f0f7d51971c6b7f9b0205d8739be5479c3feb07c8384fcc935127	pilot/ontology-development-v4/production/prepared-rebuild-v2-v013/inputs/V2-P165.md	3fba3043b8d19a4e61453383d044d5ccda71d889297d4a5448e2ca7463abd096	87709	5876c7a0636920df49ae04a515854244e78455f9e4d9a69bb2dba6674d322221	495c3be0bb3284343931ea7527177210d22d5aab617dc051bd70895fb3fe7a53	d60b00a82f40f79ab7e43a2f91a3444c932fc6394d3d5e2dfbf3a7fc3f75cd0c	9a5e2dc3e3ef4941ad902a77d17ebb2b4578031e77334c068524231815980fe6	a50d22be3eebc2a79cf3f62af90ea2364f9f2a7046453995786dcc5c94bcd863	TOP_LEVEL_JATS_CONTRIBUTORS_ONLY							
V2-P166	G166	10.1136/bmjopen-2024-084440	corpus/20180740/doi_10.1136_bmjopen-2024-084440.md	eab0126806b8f22f1b027d0c8600f2d567b02acf882901a68de6ae106ed8741d	62615	input/projects/20180740/papers/doi_10.1136_bmjopen-2024-084440.xml	9ff24a3ff7dec4c09722d5fb83c4f5e09d6885e3b6cd20817a292be9b4cfd13e	129849	frozen 209-paper JATS corpus	pilot/ontology-development-v4/production/person-citation-sprint/prepared-author-repair/metadata/V2-P166.json	eaeb6425fce4a09ef24c4f972d79deb2470627c52b0014164127f89534c9e375	pilot/ontology-development-v4/production/prepared-rebuild-v2-v013/inputs/V2-P166.md	f4e213751f438816d04feb2292c4c19f313b40d470b38417288bd2e7198d4f56	109546	5876c7a0636920df49ae04a515854244e78455f9e4d9a69bb2dba6674d322221	495c3be0bb3284343931ea7527177210d22d5aab617dc051bd70895fb3fe7a53	d60b00a82f40f79ab7e43a2f91a3444c932fc6394d3d5e2dfbf3a7fc3f75cd0c	9a5e2dc3e3ef4941ad902a77d17ebb2b4578031e77334c068524231815980fe6	a50d22be3eebc2a79cf3f62af90ea2364f9f2a7046453995786dcc5c94bcd863	TOP_LEVEL_JATS_CONTRIBUTORS_ONLY							
V2-P167	G167	10.1136/bmjopen-2024-091097	corpus/1769-RA/doi_10.1136_bmjopen-2024-091097.md	79618ede03bfa30832b64622f68c05988e6551f87315ccba023957ba8384847e	47505	input/projects/1769-RA/papers/doi_10.1136_bmjopen-2024-091097.xml	f126a2a21cd97088ba2325bbf416a3742bef422e8b4d2c5201a1080c8628889a	82752	frozen 209-paper JATS corpus	pilot/ontology-development-v4/production/person-citation-sprint/prepared-author-repair/metadata/V2-P167.json	47ea6dc9b8d195ccb2f7dcf617a98271c70fba357d2cc574c70d6f8298d0c884	pilot/ontology-development-v4/production/prepared-rebuild-v2-v013/inputs/V2-P167.md	0be8d228b970e9705f9e577b6063b780944256d4cc589289f62e2360358d477f	93622	5876c7a0636920df49ae04a515854244e78455f9e4d9a69bb2dba6674d322221	495c3be0bb3284343931ea7527177210d22d5aab617dc051bd70895fb3fe7a53	d60b00a82f40f79ab7e43a2f91a3444c932fc6394d3d5e2dfbf3a7fc3f75cd0c	9a5e2dc3e3ef4941ad902a77d17ebb2b4578031e77334c068524231815980fe6	a50d22be3eebc2a79cf3f62af90ea2364f9f2a7046453995786dcc5c94bcd863	TOP_LEVEL_JATS_CONTRIBUTORS_ONLY							
V2-P168	G168	10.1136/bmjopen-2024-097598	corpus/1704-RA/doi_10.1136_bmjopen-2024-097598.md	21f3eb92df6f2e28b4fa4d44f0559ef20deb1192ab09cfe164c764142621f53d	48411	input/projects/1704-RA/papers/doi_10.1136_bmjopen-2024-097598.xml	a87ac588b161dea28c4808f78e62be6eaeef97d70ecc2d3322c22148caa5764f	96731	frozen 209-paper JATS corpus	pilot/ontology-development-v4/production/person-citation-sprint/prepared-author-repair/metadata/V2-P168.json	b4c0a89f70a201acb1259a1311b222079210f8f615c3772c8665a4290fe5ebf6	pilot/ontology-development-v4/production/prepared-rebuild-v2-v013/inputs/V2-P168.md	43a25af13fd60f096f0de272215c87f89574186b364fc1d4e1155ac31a2635f7	97432	5876c7a0636920df49ae04a515854244e78455f9e4d9a69bb2dba6674d322221	495c3be0bb3284343931ea7527177210d22d5aab617dc051bd70895fb3fe7a53	d60b00a82f40f79ab7e43a2f91a3444c932fc6394d3d5e2dfbf3a7fc3f75cd0c	9a5e2dc3e3ef4941ad902a77d17ebb2b4578031e77334c068524231815980fe6	a50d22be3eebc2a79cf3f62af90ea2364f9f2a7046453995786dcc5c94bcd863	TOP_LEVEL_JATS_CONTRIBUTORS_ONLY							
V2-P169	G169	10.1136/bmjopen-2025-102509	corpus/1598-RA/doi_10.1136_bmjopen-2025-102509.md	56f910380217e3a4111bbe7e22132ea29c6a4330ae6d3b352b19edfb085eef2d	47716	input/projects/1598-RA/papers/doi_10.1136_bmjopen-2025-102509.xml	35e4a0b745d5da7d8ce6129b264d4d88b2404ec253704edc03a6901f245f5d6f	88850	frozen 209-paper JATS corpus	pilot/ontology-development-v4/production/person-citation-sprint/prepared-author-repair/metadata/V2-P169.json	1d02541e3b03a03d4277936211e7918b4713544018a37728b6f2fb30b8e9d99e	pilot/ontology-development-v4/production/prepared-rebuild-v2-v013/inputs/V2-P169.md	83cb6813372537ef30ed6ad0f02fb3e04d23bcda111167dac5a603834d067d7a	98762	5876c7a0636920df49ae04a515854244e78455f9e4d9a69bb2dba6674d322221	495c3be0bb3284343931ea7527177210d22d5aab617dc051bd70895fb3fe7a53	d60b00a82f40f79ab7e43a2f91a3444c932fc6394d3d5e2dfbf3a7fc3f75cd0c	9a5e2dc3e3ef4941ad902a77d17ebb2b4578031e77334c068524231815980fe6	a50d22be3eebc2a79cf3f62af90ea2364f9f2a7046453995786dcc5c94bcd863	TOP_LEVEL_JATS_CONTRIBUTORS_ONLY							
V2-P170	G170	10.1177/0272989x18765184	corpus/2015150/doi_10.1177_0272989x18765184.md	612915e78912f9c29ed34e87d88408d0f2582d6d01c9dee112c92fe8c4690b8f	38334	input/projects/2015150/papers/doi_10.1177_0272989x18765184.xml	282bd855497b9d23b9a0f3965f0d22fe6f8923cc26a85e0be344de53fa3728bf	90609	frozen 209-paper JATS corpus	pilot/ontology-development-v4/production/person-citation-sprint/prepared-author-repair/metadata/V2-P170.json	a3ef574253cff968286e22f0a1e01137f6aff98a61cdbecb835acc53b71e3a03	pilot/ontology-development-v4/production/prepared-rebuild-v2-v013/inputs/V2-P170.md	f9ad0f11a4a6661e67e7fd4363595f7ae1e4dd2bc8c16b15880f230badc3a4a8	86025	5876c7a0636920df49ae04a515854244e78455f9e4d9a69bb2dba6674d322221	495c3be0bb3284343931ea7527177210d22d5aab617dc051bd70895fb3fe7a53	d60b00a82f40f79ab7e43a2f91a3444c932fc6394d3d5e2dfbf3a7fc3f75cd0c	9a5e2dc3e3ef4941ad902a77d17ebb2b4578031e77334c068524231815980fe6	a50d22be3eebc2a79cf3f62af90ea2364f9f2a7046453995786dcc5c94bcd863	TOP_LEVEL_JATS_CONTRIBUTORS_ONLY							
V2-P171	G171	10.1177/0272989x19841587	corpus/2015150/doi_10.1177_0272989x19841587.md	2d50dd6b2baa6039032f778f7dfaba55c94a05a9f2c00413e4d5a5576dacbb37	62695	input/projects/2015150/papers/doi_10.1177_0272989x19841587.xml	bf0634600b4fadcce9cec6eafd1b6306052f2d6a672c22d5545acf4cc3486233	183101	frozen 209-paper JATS corpus	pilot/ontology-development-v4/production/person-citation-sprint/prepared-author-repair/metadata/V2-P171.json	a204bef98998a0beaf50fe4890370b5481eb10bccd4365301f5c4aa12763a34f	pilot/ontology-development-v4/production/prepared-rebuild-v2-v013/inputs/V2-P171.md	c4642ffe55dfe5ed6ab6936e98202d879576319cbbc516153787b101c600f863	110228	5876c7a0636920df49ae04a515854244e78455f9e4d9a69bb2dba6674d322221	495c3be0bb3284343931ea7527177210d22d5aab617dc051bd70895fb3fe7a53	d60b00a82f40f79ab7e43a2f91a3444c932fc6394d3d5e2dfbf3a7fc3f75cd0c	9a5e2dc3e3ef4941ad902a77d17ebb2b4578031e77334c068524231815980fe6	a50d22be3eebc2a79cf3f62af90ea2364f9f2a7046453995786dcc5c94bcd863	TOP_LEVEL_JATS_CONTRIBUTORS_ONLY							
V2-P172	G172	10.1177/0272989x211001859	corpus/20180280/doi_10.1177_0272989x211001859.md	d3ba83c8932d41d4b1ddc942e83eb80d5cb9ab67daf0d2263967d5823dd91f00	49985	input/projects/20180280/papers/doi_10.1177_0272989x211001859.xml	b3a288bb42e8fb1ae4cad1439d051ff5e147ac1d9198a3e3bf1543837a8656ab	94319	frozen 209-paper JATS corpus	pilot/ontology-development-v4/production/person-citation-sprint/prepared-author-repair/metadata/V2-P172.json	07356f2aa564029dcac2ba57150d9c9acb1dd9c6bcef6247c10a0364f6100696	pilot/ontology-development-v4/production/prepared-rebuild-v2-v013/inputs/V2-P172.md	4dfb61b4fd45961e9c76dd118c312d70c634ad9ed748e05fb8076053338e0553	97581	5876c7a0636920df49ae04a515854244e78455f9e4d9a69bb2dba6674d322221	495c3be0bb3284343931ea7527177210d22d5aab617dc051bd70895fb3fe7a53	d60b00a82f40f79ab7e43a2f91a3444c932fc6394d3d5e2dfbf3a7fc3f75cd0c	9a5e2dc3e3ef4941ad902a77d17ebb2b4578031e77334c068524231815980fe6	a50d22be3eebc2a79cf3f62af90ea2364f9f2a7046453995786dcc5c94bcd863	TOP_LEVEL_JATS_CONTRIBUTORS_ONLY							
V2-P173	G173	10.1177/0272989x251325828	corpus/341-RA/doi_10.1177_0272989x251325828.md	e4063e816586a8e5b950966bc16d953e8fd2607a99ce77d159343a9a43d3145b	42340	input/projects/341-RA/papers/doi_10.1177_0272989x251325828.xml	036bafe3f84a51fb7ddc2eb1b43dfb5d1f875d00818b0cfea54a6bd2b4138efe	92981	frozen 209-paper JATS corpus	pilot/ontology-development-v4/production/person-citation-sprint/prepared-author-repair/metadata/V2-P173.json	87090c538c2780bd1714d25101c0373b914157e332afe491fff113d7509d2996	pilot/ontology-development-v4/production/prepared-rebuild-v2-v013/inputs/V2-P173.md	51fce0c30f900888136af1d79d9719a3b0bc3ce2db6359c2ed0b7f8e3fd36abe	90138	5876c7a0636920df49ae04a515854244e78455f9e4d9a69bb2dba6674d322221	495c3be0bb3284343931ea7527177210d22d5aab617dc051bd70895fb3fe7a53	d60b00a82f40f79ab7e43a2f91a3444c932fc6394d3d5e2dfbf3a7fc3f75cd0c	9a5e2dc3e3ef4941ad902a77d17ebb2b4578031e77334c068524231815980fe6	a50d22be3eebc2a79cf3f62af90ea2364f9f2a7046453995786dcc5c94bcd863	TOP_LEVEL_JATS_CONTRIBUTORS_ONLY							
V2-P174	G174	10.1186/s12889-018-5706-0	corpus/2013240/doi_10.1186_s12889-018-5706-0.md	a87301d2f9843a690a82156a6439327902948364a5d42df83c2150818f23262f	67215	input/projects/2013240/papers/doi_10.1186_s12889-018-5706-0.xml	f21b4164c581510faa98fd633e29092a877c5c182553214d492ddfc9c5be50e0	135663	frozen 209-paper JATS corpus	pilot/ontology-development-v4/production/person-citation-sprint/prepared-author-repair/metadata/V2-P174.json	3a8e2df22595364c0d6a02d3c1fdaa5025928f9942447bdd98760e377fc03b3f	pilot/ontology-development-v4/production/prepared-rebuild-v2-v013/inputs/V2-P174.md	798660f7405590728d3c5676106f7d776b4c2d3e91e5d7bbdbd97b47f13a9f5b	115768	5876c7a0636920df49ae04a515854244e78455f9e4d9a69bb2dba6674d322221	495c3be0bb3284343931ea7527177210d22d5aab617dc051bd70895fb3fe7a53	d60b00a82f40f79ab7e43a2f91a3444c932fc6394d3d5e2dfbf3a7fc3f75cd0c	9a5e2dc3e3ef4941ad902a77d17ebb2b4578031e77334c068524231815980fe6	a50d22be3eebc2a79cf3f62af90ea2364f9f2a7046453995786dcc5c94bcd863	TOP_LEVEL_JATS_CONTRIBUTORS_ONLY							
V2-P175	G175	10.1186/s12955-017-0617-9	corpus/2014030/doi_10.1186_s12955-017-0617-9.md	025bf4d94deafd76836a36f85386dd1ed8eee4b927f54724add93d07d78eeb88	64738	input/projects/2014030/papers/doi_10.1186_s12955-017-0617-9.xml	5e8a4da0dcfa844f34aae703ea252ac63b2afd745aff370a0559b92af5133eda	96901	frozen 209-paper JATS corpus	pilot/ontology-development-v4/production/person-citation-sprint/prepared-author-repair/metadata/V2-P175.json	bcdd141b1dc4d2564434ed28cc2f50f6683d81da739ad07f35707bccf8ec61ba	pilot/ontology-development-v4/production/prepared-rebuild-v2-v013/inputs/V2-P175.md	69ea3ee291ec5f55ff14d2881ce6a3b31d418f59070cc4db1ccbf4511c660840	112671	5876c7a0636920df49ae04a515854244e78455f9e4d9a69bb2dba6674d322221	495c3be0bb3284343931ea7527177210d22d5aab617dc051bd70895fb3fe7a53	d60b00a82f40f79ab7e43a2f91a3444c932fc6394d3d5e2dfbf3a7fc3f75cd0c	9a5e2dc3e3ef4941ad902a77d17ebb2b4578031e77334c068524231815980fe6	a50d22be3eebc2a79cf3f62af90ea2364f9f2a7046453995786dcc5c94bcd863	TOP_LEVEL_JATS_CONTRIBUTORS_ONLY							
V2-P176	G176	10.1186/s12955-019-1139-4	corpus/2016160/doi_10.1186_s12955-019-1139-4.md	96468a5ec21dbf5b6f786f3e1ad361d634d51544cd948fc9122eb68119eddf5d	47075	input/projects/2016160/papers/doi_10.1186_s12955-019-1139-4.xml	de2c61b533f0e1b219a80ee16bbf00de910ddf1e3ae187012d13d396c0672706	85632	frozen 209-paper JATS corpus	pilot/ontology-development-v4/production/person-citation-sprint/prepared-author-repair/metadata/V2-P176.json	fbb23d073953596982b3b2f8e1db075fd41032f94fd94e3c48c31fe4d98f3ae2	pilot/ontology-development-v4/production/prepared-rebuild-v2-v013/inputs/V2-P176.md	90c88defad60a8a3c7d00a9280eccd171d8081e19a2de4dafb7d5edf781bc50b	95394	5876c7a0636920df49ae04a515854244e78455f9e4d9a69bb2dba6674d322221	495c3be0bb3284343931ea7527177210d22d5aab617dc051bd70895fb3fe7a53	d60b00a82f40f79ab7e43a2f91a3444c932fc6394d3d5e2dfbf3a7fc3f75cd0c	9a5e2dc3e3ef4941ad902a77d17ebb2b4578031e77334c068524231815980fe6	a50d22be3eebc2a79cf3f62af90ea2364f9f2a7046453995786dcc5c94bcd863	TOP_LEVEL_JATS_CONTRIBUTORS_ONLY							
V2-P177	G177	10.1186/s12955-020-01394-0	corpus/20180330/doi_10.1186_s12955-020-01394-0.md	8d250ffb8013236f7870be5a94b4dde2858c3dee9c4e4f682e183a2d9812ae15	45118	input/projects/20180330/papers/doi_10.1186_s12955-020-01394-0.xml	93b153f579a50047223ca5cfb2703056f406594057393acaa7c189b3fb17d9df	81742	frozen 209-paper JATS corpus	pilot/ontology-development-v4/production/person-citation-sprint/prepared-author-repair/metadata/V2-P177.json	9e02ac47a113fb48e7369c30680b41ebaffd05ba0265a1e2771a15ebcc897860	pilot/ontology-development-v4/production/prepared-rebuild-v2-v013/inputs/V2-P177.md	2fcebfbd1fa395cb8ecee1fc28850c9227c440bef5d406c8053fb006d52e7457	93977	5876c7a0636920df49ae04a515854244e78455f9e4d9a69bb2dba6674d322221	495c3be0bb3284343931ea7527177210d22d5aab617dc051bd70895fb3fe7a53	d60b00a82f40f79ab7e43a2f91a3444c932fc6394d3d5e2dfbf3a7fc3f75cd0c	9a5e2dc3e3ef4941ad902a77d17ebb2b4578031e77334c068524231815980fe6	a50d22be3eebc2a79cf3f62af90ea2364f9f2a7046453995786dcc5c94bcd863	TOP_LEVEL_JATS_CONTRIBUTORS_ONLY							
V2-P178	G178	10.1186/s12955-020-01410-3	corpus/20170540/doi_10.1186_s12955-020-01410-3.md	6850f450b6257148971cbafb2b5edf2d5cb37424ccec061f735ce0d5d41d2aa8	47836	input/projects/20170540/papers/doi_10.1186_s12955-020-01410-3.xml	2e21faeeb695ed968a8a10eb5aeea4b699f9cb76bc9d1524fc25e36ae8bd53ce	88882	frozen 209-paper JATS corpus	pilot/ontology-development-v4/production/person-citation-sprint/prepared-author-repair/metadata/V2-P178.json	ae3035b041fd6bcc7c8f42984b5ea190c3e74f1411fc6894becf246783e68bbc	pilot/ontology-development-v4/production/prepared-rebuild-v2-v013/inputs/V2-P178.md	c24229f2eed039fa554338b80a2e72aca920db58fffc17ef04a79295ec907f80	96492	5876c7a0636920df49ae04a515854244e78455f9e4d9a69bb2dba6674d322221	495c3be0bb3284343931ea7527177210d22d5aab617dc051bd70895fb3fe7a53	d60b00a82f40f79ab7e43a2f91a3444c932fc6394d3d5e2dfbf3a7fc3f75cd0c	9a5e2dc3e3ef4941ad902a77d17ebb2b4578031e77334c068524231815980fe6	a50d22be3eebc2a79cf3f62af90ea2364f9f2a7046453995786dcc5c94bcd863	TOP_LEVEL_JATS_CONTRIBUTORS_ONLY							
V2-P179	G179	10.1186/s12955-021-01771-3	corpus/20180330/doi_10.1186_s12955-021-01771-3.md	196ce19675e2f68c8b4d0609b111ab150d0610446f76b80ddc720e426f55e755	54332	input/projects/20180330/papers/doi_10.1186_s12955-021-01771-3.xml	a337a2cdd2075051fad56f7cef096df1b4ef8416e666216ba92e53a6ef7adafb	102626	frozen 209-paper JATS corpus	pilot/ontology-development-v4/production/person-citation-sprint/prepared-author-repair/metadata/V2-P179.json	8532242218a4b922e364762dc31da45aa47704213fd048ae84350a111f0316f5	pilot/ontology-development-v4/production/prepared-rebuild-v2-v013/inputs/V2-P179.md	35c39c81e76928922cf6a30b5493d22547c2ed2185eb81f85061ed1ec69b672e	102623	5876c7a0636920df49ae04a515854244e78455f9e4d9a69bb2dba6674d322221	495c3be0bb3284343931ea7527177210d22d5aab617dc051bd70895fb3fe7a53	d60b00a82f40f79ab7e43a2f91a3444c932fc6394d3d5e2dfbf3a7fc3f75cd0c	9a5e2dc3e3ef4941ad902a77d17ebb2b4578031e77334c068524231815980fe6	a50d22be3eebc2a79cf3f62af90ea2364f9f2a7046453995786dcc5c94bcd863	TOP_LEVEL_JATS_CONTRIBUTORS_ONLY							
V2-P180	G180	10.1186/s12955-022-01989-9	corpus/2016220/doi_10.1186_s12955-022-01989-9.md	209283abeeae1c8a093dc950bb4818a5d88633d08160d2d163675feedf806a04	130037	input/projects/2016220/papers/doi_10.1186_s12955-022-01989-9.xml	fb4cda4696ba5cafbc14672878c18e66090efee71924d757d6bfe4eb94a3a249	192968	frozen 209-paper JATS corpus	pilot/ontology-development-v4/production/person-citation-sprint/prepared-author-repair/metadata/V2-P180.json	1cb7361958be4587f6101e8baec7b78fa66627bb84f7ba3deaec1d573aaac261	pilot/ontology-development-v4/production/prepared-rebuild-v2-v013/inputs/V2-P180.md	4bf170a4a8fb9ea4531de9ca59ecba9b401186366a3e474e0f8deba13b829268	177139	5876c7a0636920df49ae04a515854244e78455f9e4d9a69bb2dba6674d322221	495c3be0bb3284343931ea7527177210d22d5aab617dc051bd70895fb3fe7a53	d60b00a82f40f79ab7e43a2f91a3444c932fc6394d3d5e2dfbf3a7fc3f75cd0c	9a5e2dc3e3ef4941ad902a77d17ebb2b4578031e77334c068524231815980fe6	a50d22be3eebc2a79cf3f62af90ea2364f9f2a7046453995786dcc5c94bcd863	TOP_LEVEL_JATS_CONTRIBUTORS_ONLY							
V2-P181	G181	10.1186/s12955-022-01996-w	corpus/20180140/doi_10.1186_s12955-022-01996-w.md	c9dffe6ec38add6ccc58bd6db7acdfa367a47db3c9b57783046d620661f520fb	61492	input/projects/20180140/papers/doi_10.1186_s12955-022-01996-w.xml	61c64b847e8c56d5c27521cb5772a4eda4ac73333664914540f9499b728afc36	108074	frozen 209-paper JATS corpus	pilot/ontology-development-v4/production/person-citation-sprint/prepared-author-repair/metadata/V2-P181.json	eaa6882ef2106dbba727e90fcff77821fa4de6a5c101634a56356e15d93d740c	pilot/ontology-development-v4/production/prepared-rebuild-v2-v013/inputs/V2-P181.md	571d4fcea405c8ac7cc3fbd9cd726f8ff3e9371b0e78627adbf37dfc1598ef64	110757	5876c7a0636920df49ae04a515854244e78455f9e4d9a69bb2dba6674d322221	495c3be0bb3284343931ea7527177210d22d5aab617dc051bd70895fb3fe7a53	d60b00a82f40f79ab7e43a2f91a3444c932fc6394d3d5e2dfbf3a7fc3f75cd0c	9a5e2dc3e3ef4941ad902a77d17ebb2b4578031e77334c068524231815980fe6	a50d22be3eebc2a79cf3f62af90ea2364f9f2a7046453995786dcc5c94bcd863	TOP_LEVEL_JATS_CONTRIBUTORS_ONLY							
V2-P182	G182	10.1186/s12955-022-02031-8	corpus/20190360/doi_10.1186_s12955-022-02031-8.md	a9ce9d98d6772f8ca2c8259be4b7241093c38ab84eef10fb7e0b5ec909864ba8	37525	input/projects/20190360/papers/doi_10.1186_s12955-022-02031-8.xml	73f8279c19c9274f9596922292daaec60589578bbe50ba34a55372d0cf43b489	71673	frozen 209-paper JATS corpus	pilot/ontology-development-v4/production/person-citation-sprint/prepared-author-repair/metadata/V2-P182.json	6bc9ad248dfbb78e62bdabfb2326660aaca30999ae7f8faf25e1edeb08003fdc	pilot/ontology-development-v4/production/prepared-rebuild-v2-v013/inputs/V2-P182.md	f7136e81547148cb183d647fbe05de4e787cb90631cd11cdeaaedef680d60b88	85170	5876c7a0636920df49ae04a515854244e78455f9e4d9a69bb2dba6674d322221	495c3be0bb3284343931ea7527177210d22d5aab617dc051bd70895fb3fe7a53	d60b00a82f40f79ab7e43a2f91a3444c932fc6394d3d5e2dfbf3a7fc3f75cd0c	9a5e2dc3e3ef4941ad902a77d17ebb2b4578031e77334c068524231815980fe6	a50d22be3eebc2a79cf3f62af90ea2364f9f2a7046453995786dcc5c94bcd863	TOP_LEVEL_JATS_CONTRIBUTORS_ONLY							
V2-P183	G183	10.1186/s12955-023-02131-z	corpus/2016230/doi_10.1186_s12955-023-02131-z.md	b2083bc30a6caf142e5ea44beb9a49f3d4bfb500e10f6c8158ee2dfdc88eee01	50150	input/projects/2016230/papers/doi_10.1186_s12955-023-02131-z.xml	f315300c429496213613038bf407ec80dc8350cba23bcbf1510e29309b02eb39	91224	frozen 209-paper JATS corpus	pilot/ontology-development-v4/production/person-citation-sprint/prepared-author-repair/metadata/V2-P183.json	718676f168912e9584e6f27b2ef2e6d0947a35c1af017510b3ed6556e9bf7b8f	pilot/ontology-development-v4/production/prepared-rebuild-v2-v013/inputs/V2-P183.md	be35abee81d6c916f1b6a054779fef698e4999fe58082d1356f2ab30d8d58f98	101359	5876c7a0636920df49ae04a515854244e78455f9e4d9a69bb2dba6674d322221	495c3be0bb3284343931ea7527177210d22d5aab617dc051bd70895fb3fe7a53	d60b00a82f40f79ab7e43a2f91a3444c932fc6394d3d5e2dfbf3a7fc3f75cd0c	9a5e2dc3e3ef4941ad902a77d17ebb2b4578031e77334c068524231815980fe6	a50d22be3eebc2a79cf3f62af90ea2364f9f2a7046453995786dcc5c94bcd863	TOP_LEVEL_JATS_CONTRIBUTORS_ONLY							
V2-P184	G184	10.1186/s12955-023-02144-8	corpus/20180030R1/doi_10.1186_s12955-023-02144-8.md	4751d9ab38892ef830f5ae1ab94182ed96f643ae720b545fb4b4f1f1cdfd7832	72829	input/projects/20180030R1/papers/doi_10.1186_s12955-023-02144-8.xml	631e5e551be190236ccc346cbf4a486ebaf4aaa068cdc774cac32a7be2c87fe3	124512	frozen 209-paper JATS corpus	pilot/ontology-development-v4/production/person-citation-sprint/prepared-author-repair/metadata/V2-P184.json	4613b1e6684ee83195c792dded5e0c29918bb84ef7bf7b5c6774ad41b8819caa	pilot/ontology-development-v4/production/prepared-rebuild-v2-v013/inputs/V2-P184.md	41830fb23d3b36d8faf4bb8db9a08a679e4f2fc5cac5c9ba589b2972ebc65e76	122860	5876c7a0636920df49ae04a515854244e78455f9e4d9a69bb2dba6674d322221	495c3be0bb3284343931ea7527177210d22d5aab617dc051bd70895fb3fe7a53	d60b00a82f40f79ab7e43a2f91a3444c932fc6394d3d5e2dfbf3a7fc3f75cd0c	9a5e2dc3e3ef4941ad902a77d17ebb2b4578031e77334c068524231815980fe6	a50d22be3eebc2a79cf3f62af90ea2364f9f2a7046453995786dcc5c94bcd863	TOP_LEVEL_JATS_CONTRIBUTORS_ONLY							
V2-P185	G185	10.1186/s12955-023-02177-z	corpus/333-RA/doi_10.1186_s12955-023-02177-z.md	da767530ccafa9572fb9983794d0964e7287e5a70c13a6960ec7a9413aa135dd	44049	input/projects/333-RA/papers/doi_10.1186_s12955-023-02177-z.xml	ab1641d76d7a6c1330f39fa9203749d912a9d135fa574edf24ba28c5dd4c2b70	84711	frozen 209-paper JATS corpus	pilot/ontology-development-v4/production/person-citation-sprint/prepared-author-repair/metadata/V2-P185.json	7f595906045f9055b7bdbb7a24228651dc0f113e9ba4108cab6584107fef5c95	pilot/ontology-development-v4/production/prepared-rebuild-v2-v013/inputs/V2-P185.md	da2b9a328eadcc0dd66849448b49d2249faa15e96ba1f307e1b62d47390851a8	94636	5876c7a0636920df49ae04a515854244e78455f9e4d9a69bb2dba6674d322221	495c3be0bb3284343931ea7527177210d22d5aab617dc051bd70895fb3fe7a53	d60b00a82f40f79ab7e43a2f91a3444c932fc6394d3d5e2dfbf3a7fc3f75cd0c	9a5e2dc3e3ef4941ad902a77d17ebb2b4578031e77334c068524231815980fe6	a50d22be3eebc2a79cf3f62af90ea2364f9f2a7046453995786dcc5c94bcd863	TOP_LEVEL_JATS_CONTRIBUTORS_ONLY							
V2-P186	G186	10.1186/s12955-023-02207-w	corpus/20190690/doi_10.1186_s12955-023-02207-w.md	6631e86a3d8ebc116dfd697dcd2bf677854c1f796e4a5e63a732ffc1480a89e9	82335	input/projects/20190690/papers/doi_10.1186_s12955-023-02207-w.xml	e33dfe9c55198e6b76f209353725364f024771d6b23a5d7b076a413d47965aa7	138911	frozen 209-paper JATS corpus	pilot/ontology-development-v4/production/person-citation-sprint/prepared-author-repair/metadata/V2-P186.json	c978b597c85ebdd1272b0dc9563ebbba7c4a18683474ef81bb460a96642a59fd	pilot/ontology-development-v4/production/prepared-rebuild-v2-v013/inputs/V2-P186.md	aa60acc6f84f1c457453a66e82a0c1f1a20ca4f8e1c4cfcc8c3a27d9f9fd7227	131126	5876c7a0636920df49ae04a515854244e78455f9e4d9a69bb2dba6674d322221	495c3be0bb3284343931ea7527177210d22d5aab617dc051bd70895fb3fe7a53	d60b00a82f40f79ab7e43a2f91a3444c932fc6394d3d5e2dfbf3a7fc3f75cd0c	9a5e2dc3e3ef4941ad902a77d17ebb2b4578031e77334c068524231815980fe6	a50d22be3eebc2a79cf3f62af90ea2364f9f2a7046453995786dcc5c94bcd863	TOP_LEVEL_JATS_CONTRIBUTORS_ONLY							
V2-P187	G187	10.1186/s12955-024-02271-w	corpus/304-PHD/doi_10.1186_s12955-024-02271-w.md	291a604a17e5ec303c5255f086e3eaa55f16c0255d2975f01af17b56b823f060	125516	input/projects/304-PHD/papers/doi_10.1186_s12955-024-02271-w.xml	59e62ecd0e11fd4edab1abe87f830fd33f578a81ac16790591ed370542118ba4	385766	frozen 209-paper JATS corpus	pilot/ontology-development-v4/production/person-citation-sprint/prepared-author-repair/metadata/V2-P187.json	bd02bc29f23d70b96d43de9118a3cc6f9937bd782d2837e17fc25ffedcbc4495	pilot/ontology-development-v4/production/prepared-rebuild-v2-v013/inputs/V2-P187.md	088c41923b135cc4d9a79444ad3d7d34cb975b7794ce309cca4b44e30c753c88	172705	5876c7a0636920df49ae04a515854244e78455f9e4d9a69bb2dba6674d322221	495c3be0bb3284343931ea7527177210d22d5aab617dc051bd70895fb3fe7a53	d60b00a82f40f79ab7e43a2f91a3444c932fc6394d3d5e2dfbf3a7fc3f75cd0c	9a5e2dc3e3ef4941ad902a77d17ebb2b4578031e77334c068524231815980fe6	a50d22be3eebc2a79cf3f62af90ea2364f9f2a7046453995786dcc5c94bcd863	TOP_LEVEL_JATS_CONTRIBUTORS_ONLY							
V2-P188	G188	10.1186/s12955-024-02290-7	corpus/364-RA/doi_10.1186_s12955-024-02290-7.md	9ee7dfff9c287e3c6dd4abab83be9d2f3d32ca4212aa8fae20b4b93c39a717f0	52978	input/projects/364-RA/papers/doi_10.1186_s12955-024-02290-7.xml	fb13012707bed41964a1dcf6534e56d0249fbada21ecd8660c7861914670a782	79053	frozen 209-paper JATS corpus	pilot/ontology-development-v4/production/person-citation-sprint/prepared-author-repair/metadata/V2-P188.json	64350651d2516033ae13abcbc8acda5129f382491fcd2f5096f494e2a5391f04	pilot/ontology-development-v4/production/prepared-rebuild-v2-v013/inputs/V2-P188.md	dd99fc83156d2b523f93893e69ce92269eecc911b0028fc15628bfef487a9326	100598	5876c7a0636920df49ae04a515854244e78455f9e4d9a69bb2dba6674d322221	495c3be0bb3284343931ea7527177210d22d5aab617dc051bd70895fb3fe7a53	d60b00a82f40f79ab7e43a2f91a3444c932fc6394d3d5e2dfbf3a7fc3f75cd0c	9a5e2dc3e3ef4941ad902a77d17ebb2b4578031e77334c068524231815980fe6	a50d22be3eebc2a79cf3f62af90ea2364f9f2a7046453995786dcc5c94bcd863	TOP_LEVEL_JATS_CONTRIBUTORS_ONLY							
V2-P189	G189	10.1186/s12955-024-02305-3	corpus/343-RA/doi_10.1186_s12955-024-02305-3.md	757e1baa4498c9417d49250c5778c3779767e29089b5a2c1f1d4a0b177bb0748	88414	input/projects/343-RA/papers/doi_10.1186_s12955-024-02305-3.xml	53a202353447ead8b1e62678047d4d1a6f2ae9d490cf18587767d9d74ee5f6bc	138778	frozen 209-paper JATS corpus	pilot/ontology-development-v4/production/person-citation-sprint/prepared-author-repair/metadata/V2-P189.json	10e560d9afe57e44b9694c769eb8b661fbcf89d8bfc8b32dada51b9730a080b0	pilot/ontology-development-v4/production/prepared-rebuild-v2-v013/inputs/V2-P189.md	1696037a87c68afc3c6238d9b151de3130eb7850f024208755f81737fadb85dd	137825	5876c7a0636920df49ae04a515854244e78455f9e4d9a69bb2dba6674d322221	495c3be0bb3284343931ea7527177210d22d5aab617dc051bd70895fb3fe7a53	d60b00a82f40f79ab7e43a2f91a3444c932fc6394d3d5e2dfbf3a7fc3f75cd0c	9a5e2dc3e3ef4941ad902a77d17ebb2b4578031e77334c068524231815980fe6	a50d22be3eebc2a79cf3f62af90ea2364f9f2a7046453995786dcc5c94bcd863	TOP_LEVEL_JATS_CONTRIBUTORS_ONLY							
V2-P190	G190	10.1186/s12955-024-02323-1	corpus/341-RA/doi_10.1186_s12955-024-02323-1.md	0799a7ca241ea73db2689a91cd923cc608fd84703978215f058bca66c700cf9a	106425	input/projects/341-RA/papers/doi_10.1186_s12955-024-02323-1.xml	a08b55a1d4b1657da202fe74078fb8a245ce0657aa6667fbae16a5341363efec	149102	frozen 209-paper JATS corpus	pilot/ontology-development-v4/production/person-citation-sprint/prepared-author-repair/metadata/V2-P190.json	e1e87e2327d6ed518a3c8f30ab99ed00d30223373910c6d8e94a3f7324514a86	pilot/ontology-development-v4/production/prepared-rebuild-v2-v013/inputs/V2-P190.md	fe5ea111c589569b5c728a98c491f981ba29fcd8b412e6973b43ce7a9536c9bd	155402	5876c7a0636920df49ae04a515854244e78455f9e4d9a69bb2dba6674d322221	495c3be0bb3284343931ea7527177210d22d5aab617dc051bd70895fb3fe7a53	d60b00a82f40f79ab7e43a2f91a3444c932fc6394d3d5e2dfbf3a7fc3f75cd0c	9a5e2dc3e3ef4941ad902a77d17ebb2b4578031e77334c068524231815980fe6	a50d22be3eebc2a79cf3f62af90ea2364f9f2a7046453995786dcc5c94bcd863	TOP_LEVEL_JATS_CONTRIBUTORS_ONLY							
V2-P191	G191	10.1186/s12955-025-02397-5	corpus/344-VS/doi_10.1186_s12955-025-02397-5.md	add6f5d387ad5d4c5c3d26cbe761310c2b15985face76a3d4fe00073663cccc9	55922	input/projects/344-VS/papers/doi_10.1186_s12955-025-02397-5.xml	fcc9913210eae61725e4a78d9209882c8dde48cc82ad2ef206d5162ec2980ee3	81796	frozen 209-paper JATS corpus	pilot/ontology-development-v4/production/person-citation-sprint/prepared-author-repair/metadata/V2-P191.json	47316d1379f9435bef2978f6ba6f9f112fe782c69ab21578003682b4d81224e7	pilot/ontology-development-v4/production/prepared-rebuild-v2-v013/inputs/V2-P191.md	8ed994fbcb72a61639721dda486d148bb60bf842f4e458bf79341a7fda3b1fbc	104248	5876c7a0636920df49ae04a515854244e78455f9e4d9a69bb2dba6674d322221	495c3be0bb3284343931ea7527177210d22d5aab617dc051bd70895fb3fe7a53	d60b00a82f40f79ab7e43a2f91a3444c932fc6394d3d5e2dfbf3a7fc3f75cd0c	9a5e2dc3e3ef4941ad902a77d17ebb2b4578031e77334c068524231815980fe6	a50d22be3eebc2a79cf3f62af90ea2364f9f2a7046453995786dcc5c94bcd863	TOP_LEVEL_JATS_CONTRIBUTORS_ONLY							
V2-P192	G192	10.1186/s13561-022-00374-y	corpus/2015200/doi_10.1186_s13561-022-00374-y.md	1c7fb39d9cffe89541b94fa518ae8afd94f822b4b2d8792b199dd741b9cc4580	56852	input/projects/2015200/papers/doi_10.1186_s13561-022-00374-y.xml	f6bf4223959913d08df7ab29e97c5b767e0307dc2c1f1f6b6c71cddb2b1fabef	121095	frozen 209-paper JATS corpus	pilot/ontology-development-v4/production/person-citation-sprint/prepared-author-repair/metadata/V2-P192.json	e60f504eae7f0670ecf3bb6253c3bc272d0056ac8e33659b8ad8911811eec517	pilot/ontology-development-v4/production/prepared-rebuild-v2-v013/inputs/V2-P192.md	8732299b9fea2cd2def531bb4f7012898bfe7066fe5fcc5483f643bab750fa9f	104168	5876c7a0636920df49ae04a515854244e78455f9e4d9a69bb2dba6674d322221	495c3be0bb3284343931ea7527177210d22d5aab617dc051bd70895fb3fe7a53	d60b00a82f40f79ab7e43a2f91a3444c932fc6394d3d5e2dfbf3a7fc3f75cd0c	9a5e2dc3e3ef4941ad902a77d17ebb2b4578031e77334c068524231815980fe6	a50d22be3eebc2a79cf3f62af90ea2364f9f2a7046453995786dcc5c94bcd863	TOP_LEVEL_JATS_CONTRIBUTORS_ONLY							
V2-P193	G193	10.1186/s13643-025-03060-2	corpus/1812-PHD/doi_10.1186_s13643-025-03060-2.md	72bb55d785c259cc3b8a0f55280c7236a9e472e08f5051779caff085bb636556	96276	input/projects/1812-PHD/papers/doi_10.1186_s13643-025-03060-2.xml	b48f6ba215560bfecea3fdb9c5173900c174b5c39d8a9e381af9e5b08a7ef95c	261000	frozen 209-paper JATS corpus	pilot/ontology-development-v4/production/person-citation-sprint/prepared-author-repair/metadata/V2-P193.json	ce27b3686ea9f59d75ca3043ebf408e22da9703bdf7442573825580fac2d520b	pilot/ontology-development-v4/production/prepared-rebuild-v2-v013/inputs/V2-P193.md	eed0f3ff0f6e74d1dfb2c4b2bec53c3701caff913b745a68df61a7c968095b8a	145855	5876c7a0636920df49ae04a515854244e78455f9e4d9a69bb2dba6674d322221	495c3be0bb3284343931ea7527177210d22d5aab617dc051bd70895fb3fe7a53	d60b00a82f40f79ab7e43a2f91a3444c932fc6394d3d5e2dfbf3a7fc3f75cd0c	9a5e2dc3e3ef4941ad902a77d17ebb2b4578031e77334c068524231815980fe6	a50d22be3eebc2a79cf3f62af90ea2364f9f2a7046453995786dcc5c94bcd863	TOP_LEVEL_JATS_CONTRIBUTORS_ONLY							
V2-P194	G194	10.1186/s41687-021-00406-x	corpus/20180330/doi_10.1186_s41687-021-00406-x.md	fe477440530ace405a6cecf67757561a5949bdbe68b20b111c0161aec6b75e1c	60136	input/projects/20180330/papers/doi_10.1186_s41687-021-00406-x.xml	fefb959ab8191f9b11ed4670107f4cb10162e7d73e630d72edc6d296b437d41a	114239	frozen 209-paper JATS corpus	pilot/ontology-development-v4/production/person-citation-sprint/prepared-author-repair/metadata/V2-P194.json	b1c2ca8bcae5f160221a10fc837d0f046b4e8975cbc7bc62188590dcb6d15238	pilot/ontology-development-v4/production/prepared-rebuild-v2-v013/inputs/V2-P194.md	64f9952aa12f87220395bad06bc090480a19fc9fed3b682c3ecdecabb75a7e6b	108913	5876c7a0636920df49ae04a515854244e78455f9e4d9a69bb2dba6674d322221	495c3be0bb3284343931ea7527177210d22d5aab617dc051bd70895fb3fe7a53	d60b00a82f40f79ab7e43a2f91a3444c932fc6394d3d5e2dfbf3a7fc3f75cd0c	9a5e2dc3e3ef4941ad902a77d17ebb2b4578031e77334c068524231815980fe6	a50d22be3eebc2a79cf3f62af90ea2364f9f2a7046453995786dcc5c94bcd863	TOP_LEVEL_JATS_CONTRIBUTORS_ONLY							
V2-P195	G195	10.1186/s41687-025-00928-8	corpus/436-RA/doi_10.1186_s41687-025-00928-8.md	544b05d801a8cf385f60d4784e189a2bd1bb54e8148c9072199907de1e38775c	95266	input/projects/436-RA/papers/doi_10.1186_s41687-025-00928-8.xml	8f6cde5e90bff447e206991da4898d63631986fa3c8511ff92085dbfc5c8f19f	139828	frozen 209-paper JATS corpus	pilot/ontology-development-v4/production/person-citation-sprint/prepared-author-repair/metadata/V2-P195.json	5f3c07738958a53790eb82a5e6bf6533490f15dacc8eabe56806c94a7fca6113	pilot/ontology-development-v4/production/prepared-rebuild-v2-v013/inputs/V2-P195.md	5969ad95f621a7815e3748b3a80f6e6db7ba87584b74bfdde81a2eba53c322c0	144231	5876c7a0636920df49ae04a515854244e78455f9e4d9a69bb2dba6674d322221	495c3be0bb3284343931ea7527177210d22d5aab617dc051bd70895fb3fe7a53	d60b00a82f40f79ab7e43a2f91a3444c932fc6394d3d5e2dfbf3a7fc3f75cd0c	9a5e2dc3e3ef4941ad902a77d17ebb2b4578031e77334c068524231815980fe6	a50d22be3eebc2a79cf3f62af90ea2364f9f2a7046453995786dcc5c94bcd863	TOP_LEVEL_JATS_CONTRIBUTORS_ONLY							
V2-P196	G196	10.1186/s41687-025-00985-z	corpus/1492-RA/doi_10.1186_s41687-025-00985-z.md	975b85316c338820d1694979d7df6a5fde53cfa68dc0bfab4a9609330c958d7f	49236	input/projects/1492-RA/papers/doi_10.1186_s41687-025-00985-z.xml	fce98ea320430f2ae1ed7406b846120079f5589b3d848ad012fe64c0168f7d1d	75294	frozen 209-paper JATS corpus	pilot/ontology-development-v4/production/person-citation-sprint/prepared-author-repair/metadata/V2-P196.json	92d309a907b4d72a61e56997c07e70c80bf618017fa174776a6146b1693cdbb0	pilot/ontology-development-v4/production/prepared-rebuild-v2-v013/inputs/V2-P196.md	b00a1bb7f07aae1d89b2ad1abcab9387ea3000ed17cd283f9630ae14dbfd83a5	98681	5876c7a0636920df49ae04a515854244e78455f9e4d9a69bb2dba6674d322221	495c3be0bb3284343931ea7527177210d22d5aab617dc051bd70895fb3fe7a53	d60b00a82f40f79ab7e43a2f91a3444c932fc6394d3d5e2dfbf3a7fc3f75cd0c	9a5e2dc3e3ef4941ad902a77d17ebb2b4578031e77334c068524231815980fe6	a50d22be3eebc2a79cf3f62af90ea2364f9f2a7046453995786dcc5c94bcd863	TOP_LEVEL_JATS_CONTRIBUTORS_ONLY							
V2-P197	G197	10.1371/journal.pone.0197098	corpus/2013240/doi_10.1371_journal.pone.0197098.md	4d4db2458959f4df73e503f80a37a9bff816b1dcfae9d0c980b1606ff34f57b7	142228	input/projects/2013240/papers/doi_10.1371_journal.pone.0197098.xml	c277b98b16b9b5f8919797fb023defd348d3a132c03f7ce4477cbb3b09e6396f	224736	frozen 209-paper JATS corpus	pilot/ontology-development-v4/production/person-citation-sprint/prepared-author-repair/metadata/V2-P197.json	8d7436ebb81cbce6935e642ab65706f00a673ae5cbbac3e081c297814aecebc7	pilot/ontology-development-v4/production/prepared-rebuild-v2-v013/inputs/V2-P197.md	74b209083e2cd00be9c495ba409d3e5cacebff12284ffa870091b259e051c3c1	196721	5876c7a0636920df49ae04a515854244e78455f9e4d9a69bb2dba6674d322221	495c3be0bb3284343931ea7527177210d22d5aab617dc051bd70895fb3fe7a53	d60b00a82f40f79ab7e43a2f91a3444c932fc6394d3d5e2dfbf3a7fc3f75cd0c	9a5e2dc3e3ef4941ad902a77d17ebb2b4578031e77334c068524231815980fe6	a50d22be3eebc2a79cf3f62af90ea2364f9f2a7046453995786dcc5c94bcd863	TOP_LEVEL_JATS_CONTRIBUTORS_ONLY							
V2-P198	G198	10.1371/journal.pone.0200966	corpus/2013240/doi_10.1371_journal.pone.0200966.md	9adba5f8d2082722e066c26812ad0d40cadbd28da6d269342c4c7571c11a7105	58529	input/projects/2013240/papers/doi_10.1371_journal.pone.0200966.xml	54605e31d4d3eee2a9459bdb4906fc6379059552dc698ac2684cc3ca5ea4fe85	103087	frozen 209-paper JATS corpus	pilot/ontology-development-v4/production/person-citation-sprint/prepared-author-repair/metadata/V2-P198.json	fbe9a5d3ed2a701c13e223f3f76520c1e1ffc3cd76efc03b0ec3eeae1f12a1f7	pilot/ontology-development-v4/production/prepared-rebuild-v2-v013/inputs/V2-P198.md	c62b522ea53ce954523b03a5eaa93d6314558746064e99ee0f0cee67ee12766a	108304	5876c7a0636920df49ae04a515854244e78455f9e4d9a69bb2dba6674d322221	495c3be0bb3284343931ea7527177210d22d5aab617dc051bd70895fb3fe7a53	d60b00a82f40f79ab7e43a2f91a3444c932fc6394d3d5e2dfbf3a7fc3f75cd0c	9a5e2dc3e3ef4941ad902a77d17ebb2b4578031e77334c068524231815980fe6	a50d22be3eebc2a79cf3f62af90ea2364f9f2a7046453995786dcc5c94bcd863	TOP_LEVEL_JATS_CONTRIBUTORS_ONLY							
V2-P199	G199	10.1371/journal.pone.0290606	corpus/2015200/doi_10.1371_journal.pone.0290606.md	8f3b3dda23875e9d2ec60f0423b8f9d5775938eca2c192e31dac8e6aaa3e6824	129275	input/projects/2015200/papers/doi_10.1371_journal.pone.0290606.xml	5b8e0aaef87898c3ff7a339dde9ebe4db327ba0b49f063b856b2fb8b4ba785dc	207990	frozen 209-paper JATS corpus	pilot/ontology-development-v4/production/person-citation-sprint/prepared-author-repair/metadata/V2-P199.json	81563b253195f59468a69d9f9c470327a2a4d5fd6025526455a6884981eef711	pilot/ontology-development-v4/production/prepared-rebuild-v2-v013/inputs/V2-P199.md	1aab733f6ef12072c569bb75acbdbd49c988eaf9fb34554689ba4e210bf7566e	180731	5876c7a0636920df49ae04a515854244e78455f9e4d9a69bb2dba6674d322221	495c3be0bb3284343931ea7527177210d22d5aab617dc051bd70895fb3fe7a53	d60b00a82f40f79ab7e43a2f91a3444c932fc6394d3d5e2dfbf3a7fc3f75cd0c	9a5e2dc3e3ef4941ad902a77d17ebb2b4578031e77334c068524231815980fe6	a50d22be3eebc2a79cf3f62af90ea2364f9f2a7046453995786dcc5c94bcd863	TOP_LEVEL_JATS_CONTRIBUTORS_ONLY							
V2-P200	G200	10.2196/27669	corpus/2016480/doi_10.2196_27669.md	2f81d9897e83968a3ef06dfecb39c2750a1f766943fd359c66163a2a728f1d43	57943	input/projects/2016480/papers/doi_10.2196_27669.xml	3bca14c08e195c1a14cbdb35eee45a1c081e177fa8f0bb144647c5b672b1c3ac	135432	frozen 209-paper JATS corpus	pilot/ontology-development-v4/production/person-citation-sprint/prepared-author-repair/metadata/V2-P200.json	0051accb3acadf5fd1a7579c30149a4a548e3ae2bc7d27596fe2e61660f57e9f	pilot/ontology-development-v4/production/prepared-rebuild-v2-v013/inputs/V2-P200.md	e267b2ed95122f2ad73f9b1ca508d5e1f56e79a8bbd46b1a63ccc363e936722c	108823	5876c7a0636920df49ae04a515854244e78455f9e4d9a69bb2dba6674d322221	495c3be0bb3284343931ea7527177210d22d5aab617dc051bd70895fb3fe7a53	d60b00a82f40f79ab7e43a2f91a3444c932fc6394d3d5e2dfbf3a7fc3f75cd0c	9a5e2dc3e3ef4941ad902a77d17ebb2b4578031e77334c068524231815980fe6	a50d22be3eebc2a79cf3f62af90ea2364f9f2a7046453995786dcc5c94bcd863	TOP_LEVEL_JATS_CONTRIBUTORS_ONLY							
V2-P201	G201	10.3389/fepid.2023.1144162	corpus/460-RA/doi_10.3389_fepid.2023.1144162.md	5f3bd0b79e50eb3cc64cc38855dc6166f24d0376f5cf183e648cb1d8459485c3	82786	input/projects/460-RA/papers/doi_10.3389_fepid.2023.1144162.xml	5f1817e727fdb9b8fdff38072c36a0c7c3e723ac4eff311a1603f65339cd1763	128357	frozen 209-paper JATS corpus	pilot/ontology-development-v4/production/person-citation-sprint/prepared-author-repair/metadata/V2-P201.json	d5a66f2efcf31d7220d278461672525c7af2a14e807653632001797777d84a04	pilot/ontology-development-v4/production/prepared-rebuild-v2-v013/inputs/V2-P201.md	76eb617e6657033f5561312417b441fa06abf3cf82145549dcee01500304b651	131363	5876c7a0636920df49ae04a515854244e78455f9e4d9a69bb2dba6674d322221	495c3be0bb3284343931ea7527177210d22d5aab617dc051bd70895fb3fe7a53	d60b00a82f40f79ab7e43a2f91a3444c932fc6394d3d5e2dfbf3a7fc3f75cd0c	9a5e2dc3e3ef4941ad902a77d17ebb2b4578031e77334c068524231815980fe6	a50d22be3eebc2a79cf3f62af90ea2364f9f2a7046453995786dcc5c94bcd863	TOP_LEVEL_JATS_CONTRIBUTORS_ONLY							
V2-P202	G202	10.3389/fpubh.2021.744405	corpus/20180630/doi_10.3389_fpubh.2021.744405.md	258a976ef51d38c150d4eefacb68da9c595ee44aeaf7e6c510ea7c7bb767b414	134250	input/projects/20180630/papers/doi_10.3389_fpubh.2021.744405.xml	5eb9a51de137d460a221f33229ac8ff545d4fe796453e350fffccc04812e57a5	222906	frozen 209-paper JATS corpus	pilot/ontology-development-v4/production/person-citation-sprint/prepared-author-repair/metadata/V2-P202.json	317e908db7b98ef0abcd2e5f29648c9ee4f6bb4e2c9fdb136806e81a9a4ca706	pilot/ontology-development-v4/production/prepared-rebuild-v2-v013/inputs/V2-P202.md	7327e79ce8ed06ba7c1edee761838d3fd63245f218a0830b8de2d49bc6105c62	183108	5876c7a0636920df49ae04a515854244e78455f9e4d9a69bb2dba6674d322221	495c3be0bb3284343931ea7527177210d22d5aab617dc051bd70895fb3fe7a53	d60b00a82f40f79ab7e43a2f91a3444c932fc6394d3d5e2dfbf3a7fc3f75cd0c	9a5e2dc3e3ef4941ad902a77d17ebb2b4578031e77334c068524231815980fe6	a50d22be3eebc2a79cf3f62af90ea2364f9f2a7046453995786dcc5c94bcd863	TOP_LEVEL_JATS_CONTRIBUTORS_ONLY							
V2-P203	G203	10.3390/children10101604	corpus/330-PHD/doi_10.3390_children10101604.md	7f7839b3d96f27197aefe86bf19ce02d9cb6a4fd359b6c7ccef151d3a4293477	83966	input/projects/330-PHD/papers/doi_10.3390_children10101604.xml	1eaae2380eabba23857d9b6c24d49d7a2d36f0cae19ed7bf745f1f6de9db0364	153676	frozen 209-paper JATS corpus	pilot/ontology-development-v4/production/person-citation-sprint/prepared-author-repair/metadata/V2-P203.json	625ae7e2c61a4d82351bf42afcb416508f6b1a35708bd2e7a7522afb78e93431	pilot/ontology-development-v4/production/prepared-rebuild-v2-v013/inputs/V2-P203.md	fa12cd01157ae3536f58dec4c933d72f129e8cb26ed57b062a501b8312e02193	139492	5876c7a0636920df49ae04a515854244e78455f9e4d9a69bb2dba6674d322221	495c3be0bb3284343931ea7527177210d22d5aab617dc051bd70895fb3fe7a53	d60b00a82f40f79ab7e43a2f91a3444c932fc6394d3d5e2dfbf3a7fc3f75cd0c	9a5e2dc3e3ef4941ad902a77d17ebb2b4578031e77334c068524231815980fe6	a50d22be3eebc2a79cf3f62af90ea2364f9f2a7046453995786dcc5c94bcd863	TOP_LEVEL_JATS_CONTRIBUTORS_ONLY							
V2-P204	G204	10.3390/children8080714	corpus/361-RA/doi_10.3390_children8080714.md	27244814d0ea554d3b259df48b35b645938ee93349e41941519a314e9f36bbc5	87964	input/projects/361-RA/papers/doi_10.3390_children8080714.xml	49659928d6530cf93d9497a0dc9d546b5a2ac9c7b03fa9c710bfd680b760012e	158618	frozen 209-paper JATS corpus	pilot/ontology-development-v4/production/person-citation-sprint/prepared-author-repair/metadata/V2-P204.json	5b431a0a0c4b93c02f9cadd74a6f2413bc77d513e058303c9643815d01f302b1	pilot/ontology-development-v4/production/prepared-rebuild-v2-v013/inputs/V2-P204.md	1f66cedc1f63668a73431ebd242548809ea3006c67e7111d3477524fc44293d6	137548	5876c7a0636920df49ae04a515854244e78455f9e4d9a69bb2dba6674d322221	495c3be0bb3284343931ea7527177210d22d5aab617dc051bd70895fb3fe7a53	d60b00a82f40f79ab7e43a2f91a3444c932fc6394d3d5e2dfbf3a7fc3f75cd0c	9a5e2dc3e3ef4941ad902a77d17ebb2b4578031e77334c068524231815980fe6	a50d22be3eebc2a79cf3f62af90ea2364f9f2a7046453995786dcc5c94bcd863	TOP_LEVEL_JATS_CONTRIBUTORS_ONLY							
V2-P205	G205	10.3390/children8100920	corpus/20170540/doi_10.3390_children8100920.md	2b118387a7193d1c4615e20620ea4a594cab9833dc7fa8daad3856c17ba64e53	78850	input/projects/20170540/papers/doi_10.3390_children8100920.xml	2be77b101062f01d172e17bd4db2aa4183b9965e7407f0debb2cce764ac08f64	167967	frozen 209-paper JATS corpus	pilot/ontology-development-v4/production/person-citation-sprint/prepared-author-repair/metadata/V2-P205.json	8c1129969a683d472919f55141f2e50af2b6b47f260a031578329bf4f986924b	pilot/ontology-development-v4/production/prepared-rebuild-v2-v013/inputs/V2-P205.md	0e6f5ac93ccb833377f0b988a31a02d6b227f75ec2a7227eca69a6db143b3b65	125946	5876c7a0636920df49ae04a515854244e78455f9e4d9a69bb2dba6674d322221	495c3be0bb3284343931ea7527177210d22d5aab617dc051bd70895fb3fe7a53	d60b00a82f40f79ab7e43a2f91a3444c932fc6394d3d5e2dfbf3a7fc3f75cd0c	9a5e2dc3e3ef4941ad902a77d17ebb2b4578031e77334c068524231815980fe6	a50d22be3eebc2a79cf3f62af90ea2364f9f2a7046453995786dcc5c94bcd863	TOP_LEVEL_JATS_CONTRIBUTORS_ONLY							
V2-P206	G206	10.3390/curroncol32110645	corpus/1456-PD/doi_10.3390_curroncol32110645.md	c56fde022f3c5b0ab1a9fe9a206c95f38c6f711c734b82bb98778c78058e1ba4	58691	input/projects/1456-PD/papers/doi_10.3390_curroncol32110645.xml	19bfb2da63063cce642690b71bf45233c2d032a78b2f1268adc4ae45be9c9ed8	132272	frozen 209-paper JATS corpus	pilot/ontology-development-v4/production/person-citation-sprint/prepared-author-repair/metadata/V2-P206.json	0d4dc7929611b1cc3d1d55ea8f6cde877a4e39b5219a46877758afd9449da3f9	pilot/ontology-development-v4/production/prepared-rebuild-v2-v013/inputs/V2-P206.md	7846c11baa490af735877f3410714ba393ef0619d3a37ebb8fb72e4001eb6dc2	109921	5876c7a0636920df49ae04a515854244e78455f9e4d9a69bb2dba6674d322221	495c3be0bb3284343931ea7527177210d22d5aab617dc051bd70895fb3fe7a53	d60b00a82f40f79ab7e43a2f91a3444c932fc6394d3d5e2dfbf3a7fc3f75cd0c	9a5e2dc3e3ef4941ad902a77d17ebb2b4578031e77334c068524231815980fe6	a50d22be3eebc2a79cf3f62af90ea2364f9f2a7046453995786dcc5c94bcd863	TOP_LEVEL_JATS_CONTRIBUTORS_ONLY							
V2-P207	G207	10.3390/ijerph19138208	corpus/2014210/doi_10.3390_ijerph19138208.md	5dae42e641feed0fa8449c8f63aaa090f50791ca29d3bf9be2d0b52c964d71b0	65099	input/projects/2014210/papers/doi_10.3390_ijerph19138208.xml	56e8f7ab1ffd8f0b506c020a3acf5ade9ec758b70677fb90e83991ac8a69103c	129386	frozen 209-paper JATS corpus	pilot/ontology-development-v4/production/person-citation-sprint/prepared-author-repair/metadata/V2-P207.json	2be5a7ea1aaa6acbd5166b3422a742d31842ec203cf803d4998e44bffe5f96f8	pilot/ontology-development-v4/production/prepared-rebuild-v2-v013/inputs/V2-P207.md	a5232d559b5787826930c457b8559e4bbf861f845160a8f18316ee39dab233f9	115142	5876c7a0636920df49ae04a515854244e78455f9e4d9a69bb2dba6674d322221	495c3be0bb3284343931ea7527177210d22d5aab617dc051bd70895fb3fe7a53	d60b00a82f40f79ab7e43a2f91a3444c932fc6394d3d5e2dfbf3a7fc3f75cd0c	9a5e2dc3e3ef4941ad902a77d17ebb2b4578031e77334c068524231815980fe6	a50d22be3eebc2a79cf3f62af90ea2364f9f2a7046453995786dcc5c94bcd863	TOP_LEVEL_JATS_CONTRIBUTORS_ONLY							
V2-P208	G208	10.3390/nu16162591	corpus/460-RA/doi_10.3390_nu16162591.md	8b7cca005d2c1fa9631f3981fddf0945e20dfa67678fc845fd73f939bddb73a9	82631	input/projects/460-RA/papers/doi_10.3390_nu16162591.xml	0fade87af8a98ff93cbf0cf3d60981ebb34b5573ad26ccb5fbecacaae4a93312	172881	frozen 209-paper JATS corpus	pilot/ontology-development-v4/production/person-citation-sprint/prepared-author-repair/metadata/V2-P208.json	d3c1cc598f4be0b3414e126e073509ac6128360fab830030bec0ef56475d47fe	pilot/ontology-development-v4/production/prepared-rebuild-v2-v013/inputs/V2-P208.md	0f20f980a1f63f574cdbbf8d80c491c17d32f908749b2af77328c58b4218cf5c	134661	5876c7a0636920df49ae04a515854244e78455f9e4d9a69bb2dba6674d322221	495c3be0bb3284343931ea7527177210d22d5aab617dc051bd70895fb3fe7a53	d60b00a82f40f79ab7e43a2f91a3444c932fc6394d3d5e2dfbf3a7fc3f75cd0c	9a5e2dc3e3ef4941ad902a77d17ebb2b4578031e77334c068524231815980fe6	a50d22be3eebc2a79cf3f62af90ea2364f9f2a7046453995786dcc5c94bcd863	TOP_LEVEL_JATS_CONTRIBUTORS_ONLY							
V2-P209	G209	10.4314/ahs.v23i4.63	corpus/20190670/doi_10.4314_ahs.v23i4.63.md	176cd4158f86738c029652d417fd23da62f2897e225b59b712d3b49fe229af24	69709	input/projects/20190670/papers/doi_10.4314_ahs.v23i4.63.xml	ed35ad6817d6e0526eee5e96cf148bdda30c7960a9ffdc20a62ece6ba1fe2a49	115077	frozen 209-paper JATS corpus	pilot/ontology-development-v4/production/person-citation-sprint/prepared-author-repair/metadata/V2-P209.json	8273baac67f1e77055f86e5ce7f4d4247bdbd5131ba3746c6a6b9e43ae053105	pilot/ontology-development-v4/production/prepared-rebuild-v2-v013/inputs/V2-P209.md	39f17ffd95ec52d498c15260e5cbedffd26353431e46a11eaa8bb04282890664	116202	5876c7a0636920df49ae04a515854244e78455f9e4d9a69bb2dba6674d322221	495c3be0bb3284343931ea7527177210d22d5aab617dc051bd70895fb3fe7a53	d60b00a82f40f79ab7e43a2f91a3444c932fc6394d3d5e2dfbf3a7fc3f75cd0c	9a5e2dc3e3ef4941ad902a77d17ebb2b4578031e77334c068524231815980fe6	a50d22be3eebc2a79cf3f62af90ea2364f9f2a7046453995786dcc5c94bcd863	TOP_LEVEL_JATS_CONTRIBUTORS_ONLY							
PDF-P001		10.1002/hec.4863	corpus/20180210/doi_10.1002_hec.4863.md	df340ebc6f78c9d77b0d1dc869c55d905acff9d729afa43b211af6e4bc18e0ff	31466				local PDF tranche; project instances=1	pilot/ontology-development-v4/production/pdf-tranche-metadata-enriched/metadata/PDF-P001.json	10508b33956f01177ddf248625922765ee21f7139a7c076ddf70299d98b8c4cf	pilot/ontology-development-v4/production/pdf-tranche-prepared/inputs/PDF-P001.md	97080b9ce9b2b450d2530b1dec62645a4cf111f07876e872564a5e05aaeadc5d	75617	5876c7a0636920df49ae04a515854244e78455f9e4d9a69bb2dba6674d322221	495c3be0bb3284343931ea7527177210d22d5aab617dc051bd70895fb3fe7a53	d60b00a82f40f79ab7e43a2f91a3444c932fc6394d3d5e2dfbf3a7fc3f75cd0c	6fa0d58cc83ecd8cb105236111838ad85f5db44d9ae06f65fee0c7ee90736698	ad111d4f886dc72426c43c11445c6f2e93330e4b2bef1cdb2198dd75eecdfb4d		doi:10.1002/hec.4863	20180210	input/projects/20180210/papers/doi_10.1002_hec.4863.pdf	7fbc93a61f09abadcf6017f962636c6880ea58bf02bca40ea62edf80227d569d	320101	input/projects/20180210/publications.json	ENRICHED
PDF-P002		10.1007/s10198-021-01412-y	corpus/20180500/doi_10.1007_s10198-021-01412-y.md	a1ecf187686f15d498c8cd7697f016242c567d57d9910e66be9ffbaefc833e62	41242				local PDF tranche; project instances=1	pilot/ontology-development-v4/production/pdf-tranche-metadata-enriched/metadata/PDF-P002.json	20d087b70b9077cafad2c7b216a37ef6750de55bc436e0ee9a22c3cb5c050cda	pilot/ontology-development-v4/production/pdf-tranche-prepared/inputs/PDF-P002.md	eb7ae97c59dcd84563eb0ce10fed3b97a2f147289c0b0bbfabab111bc302b66f	86643	5876c7a0636920df49ae04a515854244e78455f9e4d9a69bb2dba6674d322221	495c3be0bb3284343931ea7527177210d22d5aab617dc051bd70895fb3fe7a53	d60b00a82f40f79ab7e43a2f91a3444c932fc6394d3d5e2dfbf3a7fc3f75cd0c	6fa0d58cc83ecd8cb105236111838ad85f5db44d9ae06f65fee0c7ee90736698	ad111d4f886dc72426c43c11445c6f2e93330e4b2bef1cdb2198dd75eecdfb4d		doi:10.1007/s10198-021-01412-y	20180500	input/projects/20180500/papers/doi_10.1007_s10198-021-01412-y.pdf	fb087a5d8b786a68f32d908df94fc5e5b5eaa97673463082c3e5ad0dfc4a0a2d	808247	input/projects/20180500/publications.json	ENRICHED
PDF-P003		10.1007/s10198-023-01647-x	corpus/20190150R1/doi_10.1007_s10198-023-01647-x.md	68373aa24ccbd68585e97ef04a843123d87d371c084db78d74dbec889fbe8a5c	39118				local PDF tranche; project instances=1	pilot/ontology-development-v4/production/pdf-tranche-metadata-enriched/metadata/PDF-P003.json	f830579a8131b5df0c9c060148dc433d25e8b659355010183968a124152e4a90	pilot/ontology-development-v4/production/pdf-tranche-prepared/inputs/PDF-P003.md	87b96097ed4b5d4e5a54ba568c6e029a9c947004fde6a88a682088ea4345458c	83862	5876c7a0636920df49ae04a515854244e78455f9e4d9a69bb2dba6674d322221	495c3be0bb3284343931ea7527177210d22d5aab617dc051bd70895fb3fe7a53	d60b00a82f40f79ab7e43a2f91a3444c932fc6394d3d5e2dfbf3a7fc3f75cd0c	6fa0d58cc83ecd8cb105236111838ad85f5db44d9ae06f65fee0c7ee90736698	ad111d4f886dc72426c43c11445c6f2e93330e4b2bef1cdb2198dd75eecdfb4d		doi:10.1007/s10198-023-01647-x	20190150R1	input/projects/20190150R1/papers/doi_10.1007_s10198-023-01647-x.pdf	749f2fec09bdacdb227bd44bab643735b9b67758414560e4da46a6b530ba36ee	573625	input/projects/20190150R1/publications.json	ENRICHED
PDF-P004		10.1007/s10198-024-01669-z	corpus/20170330/doi_10.1007_s10198-024-01669-z.md	28dac381eb2a07ade8589649a84facb825d6869201358265b2d42467155a3e9e	49437				local PDF tranche; project instances=1	pilot/ontology-development-v4/production/pdf-tranche-metadata-enriched/metadata/PDF-P004.json	644790b728c50d9f69cc2ce2afb28a81786b581ca86fcbf6bd750dc64f902a52	pilot/ontology-development-v4/production/pdf-tranche-prepared/inputs/PDF-P004.md	f91f667e4b990d10b30fefe7ce0179aaaf5438ad42b2d0363ee528739adabe83	95089	5876c7a0636920df49ae04a515854244e78455f9e4d9a69bb2dba6674d322221	495c3be0bb3284343931ea7527177210d22d5aab617dc051bd70895fb3fe7a53	d60b00a82f40f79ab7e43a2f91a3444c932fc6394d3d5e2dfbf3a7fc3f75cd0c	6fa0d58cc83ecd8cb105236111838ad85f5db44d9ae06f65fee0c7ee90736698	ad111d4f886dc72426c43c11445c6f2e93330e4b2bef1cdb2198dd75eecdfb4d		doi:10.1007/s10198-024-01669-z	20170330	input/projects/20170330/papers/doi_10.1007_s10198-024-01669-z.pdf	b3e41d40e938140433b55d2fd768721f5ee0e77379da0f16bd66808fb20f7efa	545844	input/projects/20170330/publications.json	ENRICHED
PDF-P005		10.1007/s10198-025-01892-2	corpus/1693-RA/doi_10.1007_s10198-025-01892-2.md	08158e4f9e16c7c99004bbfee90052283c6719596170ba3ee3bb92164d2356d4	36097				local PDF tranche; project instances=1	pilot/ontology-development-v4/production/pdf-tranche-metadata-enriched/metadata/PDF-P005.json	d252aa760b5f03fa107072ac7f972a4de0f1fe16843d00516fb30c1e2c725fd4	pilot/ontology-development-v4/production/pdf-tranche-prepared/inputs/PDF-P005.md	e4063dd550511b557a43b54985ce4638873d455d3e0a7644f72efd1767dba516	80025	5876c7a0636920df49ae04a515854244e78455f9e4d9a69bb2dba6674d322221	495c3be0bb3284343931ea7527177210d22d5aab617dc051bd70895fb3fe7a53	d60b00a82f40f79ab7e43a2f91a3444c932fc6394d3d5e2dfbf3a7fc3f75cd0c	6fa0d58cc83ecd8cb105236111838ad85f5db44d9ae06f65fee0c7ee90736698	ad111d4f886dc72426c43c11445c6f2e93330e4b2bef1cdb2198dd75eecdfb4d		doi:10.1007/s10198-025-01892-2	1693-RA	input/projects/1693-RA/papers/doi_10.1007_s10198-025-01892-2.pdf	d7ada217b510fa49fdb7d0dc473742f4d913cdf073b819f7ff8a1ec761609f46	1030098	input/projects/1693-RA/publications.json	ENRICHED
PDF-P006		10.1007/s10614-024-10637-x	corpus/304-PHD/doi_10.1007_s10614-024-10637-x.md	8568966e2117c76e0f4e02a1a965cb30a0710fcce16ce8868b3a8480691b3cf1	78793				local PDF tranche; project instances=1	pilot/ontology-development-v4/production/pdf-tranche-metadata-enriched/metadata/PDF-P006.json	5d8e64f46a665bef4bed797905cb9d9172e0ba6a38d65032d649f71b3cb2c886	pilot/ontology-development-v4/production/pdf-tranche-prepared/inputs/PDF-P006.md	6743ca59b9e64a797bdd15e25109b470df55ca96a585cd3fff02f0313d4d60e5	123273	5876c7a0636920df49ae04a515854244e78455f9e4d9a69bb2dba6674d322221	495c3be0bb3284343931ea7527177210d22d5aab617dc051bd70895fb3fe7a53	d60b00a82f40f79ab7e43a2f91a3444c932fc6394d3d5e2dfbf3a7fc3f75cd0c	6fa0d58cc83ecd8cb105236111838ad85f5db44d9ae06f65fee0c7ee90736698	ad111d4f886dc72426c43c11445c6f2e93330e4b2bef1cdb2198dd75eecdfb4d		doi:10.1007/s10614-024-10637-x	304-PHD	input/projects/304-PHD/papers/doi_10.1007_s10614-024-10637-x.pdf	768e44634dd3a305b1ccaef3ed60d3f0df85dbaba0b7b10ce8646ec2774a0cc3	2216953	input/projects/304-PHD/publications.json	ENRICHED
PDF-P007		10.1007/s11136-014-0897-z	corpus/2013100/doi_10.1007_s11136-014-0897-z.md	74b6da4bc7f85d165922f1d722ff80424f0a11a6041f23a45451b9fddfe07433	30376				local PDF tranche; project instances=1	pilot/ontology-development-v4/production/pdf-tranche-metadata-enriched/metadata/PDF-P007.json	1f34b23cf236eb46974a991ba67f28d7ec9d3962b47a666348deb2ea18ea7b0c	pilot/ontology-development-v4/production/pdf-tranche-prepared/inputs/PDF-P007.md	a4684e78ac93737da6b218ec45f316c7afa2dc034f2ca894f89999d0778ec974	74587	5876c7a0636920df49ae04a515854244e78455f9e4d9a69bb2dba6674d322221	495c3be0bb3284343931ea7527177210d22d5aab617dc051bd70895fb3fe7a53	d60b00a82f40f79ab7e43a2f91a3444c932fc6394d3d5e2dfbf3a7fc3f75cd0c	6fa0d58cc83ecd8cb105236111838ad85f5db44d9ae06f65fee0c7ee90736698	ad111d4f886dc72426c43c11445c6f2e93330e4b2bef1cdb2198dd75eecdfb4d		doi:10.1007/s11136-014-0897-z	2013100	input/projects/2013100/papers/doi_10.1007_s11136-014-0897-z.pdf	5b139268b64a6be0773688cd162753c9a04a8f8f802a4bd0af249942d5a6648e	349535	input/projects/2013100/publications.json	AUTHOR_ORDER_REVIEW
PDF-P008		10.1007/s11136-024-03669-1	corpus/398-RA/doi_10.1007_s11136-024-03669-1.md	bcc86efe28786ec51d5c7fe94bbd29be79fd1bc4903fe0742c7aea71b74c1b08	54338				local PDF tranche; project instances=1	pilot/ontology-development-v4/production/pdf-tranche-metadata-enriched/metadata/PDF-P008.json	354700c1f0089b63b11f94ef55510a9ad8c8e700f73032190bf61016e31b228c	pilot/ontology-development-v4/production/pdf-tranche-prepared/inputs/PDF-P008.md	b53268fbda9ca8ba2062b4f8d2f60af6c3d788e220e5fdd1dd6fc566cbf7301c	99108	5876c7a0636920df49ae04a515854244e78455f9e4d9a69bb2dba6674d322221	495c3be0bb3284343931ea7527177210d22d5aab617dc051bd70895fb3fe7a53	d60b00a82f40f79ab7e43a2f91a3444c932fc6394d3d5e2dfbf3a7fc3f75cd0c	6fa0d58cc83ecd8cb105236111838ad85f5db44d9ae06f65fee0c7ee90736698	ad111d4f886dc72426c43c11445c6f2e93330e4b2bef1cdb2198dd75eecdfb4d		doi:10.1007/s11136-024-03669-1	398-RA	input/projects/398-RA/papers/doi_10.1007_s11136-024-03669-1.pdf	15aa57d0de50968d645282da9331906b1138e5311814282c900d4eb76c247512	2385188	input/projects/398-RA/publications.json	ENRICHED
PDF-P009		10.1007/s40273-024-01379-7	corpus/361-RA/doi_10.1007_s40273-024-01379-7.md	58135e9c72ef16416d445e8a8e68ae34ebd3e9348145a3f26ca1b55c1cad0e71	63284				local PDF tranche; project instances=1	pilot/ontology-development-v4/production/pdf-tranche-metadata-enriched/metadata/PDF-P009.json	39c5232e0d28a71bb4d2bf97fcd2f8c9d46d39f2d159e65449aef30955d2cd44	pilot/ontology-development-v4/production/pdf-tranche-prepared/inputs/PDF-P009.md	8659671eca630266c1a4542f145641aa2ff780be2629c56f75c82feaec73507a	108468	5876c7a0636920df49ae04a515854244e78455f9e4d9a69bb2dba6674d322221	495c3be0bb3284343931ea7527177210d22d5aab617dc051bd70895fb3fe7a53	d60b00a82f40f79ab7e43a2f91a3444c932fc6394d3d5e2dfbf3a7fc3f75cd0c	6fa0d58cc83ecd8cb105236111838ad85f5db44d9ae06f65fee0c7ee90736698	ad111d4f886dc72426c43c11445c6f2e93330e4b2bef1cdb2198dd75eecdfb4d		doi:10.1007/s40273-024-01379-7	361-RA	input/projects/361-RA/papers/doi_10.1007_s40273-024-01379-7.pdf	a9d5b1509420e55fe55603b2b86a8dfe806d3387331dffcc3724bb7f08b7b7d5	1399864	input/projects/361-RA/publications.json	ENRICHED
PDF-P010		10.1007/s40273-024-01382-y	corpus/361-RA/doi_10.1007_s40273-024-01382-y.md	57cbc9196981bd5b4b1fa9c5651538ac435350dbf4bbe44123136aa340137e08	54796				local PDF tranche; project instances=1	pilot/ontology-development-v4/production/pdf-tranche-metadata-enriched/metadata/PDF-P010.json	566d93592eae39db92cced7bc890ae060cb4ea92dd2fba3455949923b81547b4	pilot/ontology-development-v4/production/pdf-tranche-prepared/inputs/PDF-P010.md	d55440c2a3e290616b8bc269f80671f5507e90a25f6938abfb467b3867a7ac9c	99962	5876c7a0636920df49ae04a515854244e78455f9e4d9a69bb2dba6674d322221	495c3be0bb3284343931ea7527177210d22d5aab617dc051bd70895fb3fe7a53	d60b00a82f40f79ab7e43a2f91a3444c932fc6394d3d5e2dfbf3a7fc3f75cd0c	6fa0d58cc83ecd8cb105236111838ad85f5db44d9ae06f65fee0c7ee90736698	ad111d4f886dc72426c43c11445c6f2e93330e4b2bef1cdb2198dd75eecdfb4d		doi:10.1007/s40273-024-01382-y	361-RA	input/projects/361-RA/papers/doi_10.1007_s40273-024-01382-y.pdf	3f2237f6197c29c87c2be9af8d2a631fec17cc06647fec6b46753cd9e1b87c64	2421132	input/projects/361-RA/publications.json	ENRICHED
PDF-P011		10.1016/j.burns.2020.08.015	corpus/20180330/doi_10.1016_j.burns.2020.08.015.md	02ffc3d46e83afa5b931077dd348c40f4ebe4d846d9ed239ee67350ffe0b9d16	38996				local PDF tranche; project instances=1	pilot/ontology-development-v4/production/pdf-tranche-metadata-enriched/metadata/PDF-P011.json	7d491c8af715b84e369a2a363ce98e06cdbfe2eb1ea9d272b608ae8af1bb58fb	pilot/ontology-development-v4/production/pdf-tranche-prepared/inputs/PDF-P011.md	b66be0f48ae16ddb0328d1b36968c109a0d1051c0fc890149df2819bd48c4ece	84089	5876c7a0636920df49ae04a515854244e78455f9e4d9a69bb2dba6674d322221	495c3be0bb3284343931ea7527177210d22d5aab617dc051bd70895fb3fe7a53	d60b00a82f40f79ab7e43a2f91a3444c932fc6394d3d5e2dfbf3a7fc3f75cd0c	6fa0d58cc83ecd8cb105236111838ad85f5db44d9ae06f65fee0c7ee90736698	ad111d4f886dc72426c43c11445c6f2e93330e4b2bef1cdb2198dd75eecdfb4d		doi:10.1016/j.burns.2020.08.015	20180330	input/projects/20180330/papers/doi_10.1016_j.burns.2020.08.015.pdf	3813ff140dd828a9106081309d90b936402a20bdb51250dd37b240b2c413d895	557505	input/projects/20180330/publications.json	ENRICHED
PDF-P012		10.1016/j.jocm.2024.100494	corpus/1484-RA/doi_10.1016_j.jocm.2024.100494.md	38bdcf680f9665157682f829b94c20f109cafd6027954622cf67444970823092	55567				local PDF tranche; project instances=1	pilot/ontology-development-v4/production/pdf-tranche-metadata-enriched/metadata/PDF-P012.json	22e86fae5f5aa35725d10afabbb0868d72176b946775521bb0a330a4ed49e642	pilot/ontology-development-v4/production/pdf-tranche-prepared/inputs/PDF-P012.md	0acce0a39dfafb6ea34aa6740dcd8aff5416e25652e1f72a7cd8811c793942f3	99190	5876c7a0636920df49ae04a515854244e78455f9e4d9a69bb2dba6674d322221	495c3be0bb3284343931ea7527177210d22d5aab617dc051bd70895fb3fe7a53	d60b00a82f40f79ab7e43a2f91a3444c932fc6394d3d5e2dfbf3a7fc3f75cd0c	6fa0d58cc83ecd8cb105236111838ad85f5db44d9ae06f65fee0c7ee90736698	ad111d4f886dc72426c43c11445c6f2e93330e4b2bef1cdb2198dd75eecdfb4d		doi:10.1016/j.jocm.2024.100494	1484-RA	input/projects/1484-RA/papers/doi_10.1016_j.jocm.2024.100494.pdf	9a2a94e11664328f96d8e4c313b66f59b238e8e8306f81c8f332fd4c6202b056	2641720	input/projects/1484-RA/publications.json	ENRICHED
PDF-P013		10.1016/j.jval.2014.11.005	corpus/2013130/doi_10.1016_j.jval.2014.11.005.md	c167bb1fcf47d4cb8f926665647f4bcc566d6df37426c2875c5cbf0bf2458337	35569				local PDF tranche; project instances=1	pilot/ontology-development-v4/production/pdf-tranche-metadata-enriched/metadata/PDF-P013.json	7d57e5793e02137f0d20c901f97ac3c105c264bbd055eefdac0ee85b1d24f6c1	pilot/ontology-development-v4/production/pdf-tranche-prepared/inputs/PDF-P013.md	2e70dfaf8576cfe0d37dbdd8f463edcf1c4922ec0ab0882fa3a8b4eca95d834f	80354	5876c7a0636920df49ae04a515854244e78455f9e4d9a69bb2dba6674d322221	495c3be0bb3284343931ea7527177210d22d5aab617dc051bd70895fb3fe7a53	d60b00a82f40f79ab7e43a2f91a3444c932fc6394d3d5e2dfbf3a7fc3f75cd0c	6fa0d58cc83ecd8cb105236111838ad85f5db44d9ae06f65fee0c7ee90736698	ad111d4f886dc72426c43c11445c6f2e93330e4b2bef1cdb2198dd75eecdfb4d		doi:10.1016/j.jval.2014.11.005	2013130	input/projects/2013130/papers/doi_10.1016_j.jval.2014.11.005.pdf	ca5aba52109b03d571ce21ee0bcef28bc15280f9c9ecdab40345c6394c9ffc91	478113	input/projects/2013130/publications.json	AUTHOR_ORDER_REVIEW
PDF-P014		10.1016/j.jval.2018.05.002	corpus/2014160/doi_10.1016_j.jval.2018.05.002.md	77e1f78cef59ce81f74e77b20b7ac496fc2802a1a3cbcb9dee65ffa0a741ddfb	42917				local PDF tranche; project instances=1	pilot/ontology-development-v4/production/pdf-tranche-metadata-enriched/metadata/PDF-P014.json	d8f95d7fad2f4c4ab2636a787b5157a4b5bcf8bc3ba03dff975e0a0115ec2962	pilot/ontology-development-v4/production/pdf-tranche-prepared/inputs/PDF-P014.md	35dacc489d6470037ed52ab7db4bcdfa7bd86cae0e7659ddb656d864a26234bd	89853	5876c7a0636920df49ae04a515854244e78455f9e4d9a69bb2dba6674d322221	495c3be0bb3284343931ea7527177210d22d5aab617dc051bd70895fb3fe7a53	d60b00a82f40f79ab7e43a2f91a3444c932fc6394d3d5e2dfbf3a7fc3f75cd0c	6fa0d58cc83ecd8cb105236111838ad85f5db44d9ae06f65fee0c7ee90736698	ad111d4f886dc72426c43c11445c6f2e93330e4b2bef1cdb2198dd75eecdfb4d		doi:10.1016/j.jval.2018.05.002	2014160	input/projects/2014160/papers/doi_10.1016_j.jval.2018.05.002.pdf	b2795f4e5cdb755c8efe0916a0284a9593ce7d45e205419b2ca6fc71703f1e38	486211	input/projects/2014160/publications.json	ENRICHED
PDF-P015		10.1016/j.jval.2019.02.006	corpus/20170130/doi_10.1016_j.jval.2019.02.006.md	c05db96fddc0b62cecacb8c2c0c19afadf425f12509e0dc67e1a3c624a40bc36	57957				local PDF tranche; project instances=1	pilot/ontology-development-v4/production/pdf-tranche-metadata-enriched/metadata/PDF-P015.json	ba0846147fea0c3da1b607ad2c76f4a3680f0925660169bb42ccfb8cf537f05a	pilot/ontology-development-v4/production/pdf-tranche-prepared/inputs/PDF-P015.md	898449e3c3179202fcf905291e455893e9a3361185f1ee178fc57b9d9b188448	102361	5876c7a0636920df49ae04a515854244e78455f9e4d9a69bb2dba6674d322221	495c3be0bb3284343931ea7527177210d22d5aab617dc051bd70895fb3fe7a53	d60b00a82f40f79ab7e43a2f91a3444c932fc6394d3d5e2dfbf3a7fc3f75cd0c	6fa0d58cc83ecd8cb105236111838ad85f5db44d9ae06f65fee0c7ee90736698	ad111d4f886dc72426c43c11445c6f2e93330e4b2bef1cdb2198dd75eecdfb4d		doi:10.1016/j.jval.2019.02.006	20170130	input/projects/20170130/papers/doi_10.1016_j.jval.2019.02.006.pdf	4835f941eee765ad3fdc8c4a4ea887f97916ef5ca383ef35a10bd5584def92f5	591322	input/projects/20170130/publications.json	ENRICHED
PDF-P016		10.1016/j.jval.2019.06.008	corpus/20170160/doi_10.1016_j.jval.2019.06.008.md	3aab79ab2bdd301c9401a66f60f3bed228ff8a9b70202746270dbbcb06572b1d	42531				local PDF tranche; project instances=1	pilot/ontology-development-v4/production/pdf-tranche-metadata-enriched/metadata/PDF-P016.json	4bbd897851bf74cab7f976a018757404f90cd7c9c4db7b4e1d4c037edb90c7d2	pilot/ontology-development-v4/production/pdf-tranche-prepared/inputs/PDF-P016.md	fcf7fc2f8297dd5f7149ea7a6f778c06e0211f4c7fde6369418bdcb1e350787a	87449	5876c7a0636920df49ae04a515854244e78455f9e4d9a69bb2dba6674d322221	495c3be0bb3284343931ea7527177210d22d5aab617dc051bd70895fb3fe7a53	d60b00a82f40f79ab7e43a2f91a3444c932fc6394d3d5e2dfbf3a7fc3f75cd0c	6fa0d58cc83ecd8cb105236111838ad85f5db44d9ae06f65fee0c7ee90736698	ad111d4f886dc72426c43c11445c6f2e93330e4b2bef1cdb2198dd75eecdfb4d		doi:10.1016/j.jval.2019.06.008	20170160	input/projects/20170160/papers/doi_10.1016_j.jval.2019.06.008.pdf	d9b4a5219a5b7cd24243ee32a1ce0f0ccc0fe0b7e84c5c50669cc3de524ae2b8	883903	input/projects/20170160/publications.json	ENRICHED
PDF-P017		10.1016/j.jval.2019.10.006	corpus/2015150/doi_10.1016_j.jval.2019.10.006.md	350bfef36d0212f97f442bc6b2551078e9042239f8d531f45e1ee1c208e59837	35032				local PDF tranche; project instances=1	pilot/ontology-development-v4/production/pdf-tranche-metadata-enriched/metadata/PDF-P017.json	3e6a30e9360f9a31b967bddb494f293ab7c30e5895088368bf7171b0f96f0495	pilot/ontology-development-v4/production/pdf-tranche-prepared/inputs/PDF-P017.md	f3f2df234777f711076aa0e26f9496c579c924abee54093e4a52de0e97110ff7	79167	5876c7a0636920df49ae04a515854244e78455f9e4d9a69bb2dba6674d322221	495c3be0bb3284343931ea7527177210d22d5aab617dc051bd70895fb3fe7a53	d60b00a82f40f79ab7e43a2f91a3444c932fc6394d3d5e2dfbf3a7fc3f75cd0c	6fa0d58cc83ecd8cb105236111838ad85f5db44d9ae06f65fee0c7ee90736698	ad111d4f886dc72426c43c11445c6f2e93330e4b2bef1cdb2198dd75eecdfb4d		doi:10.1016/j.jval.2019.10.006	2015150	input/projects/2015150/papers/doi_10.1016_j.jval.2019.10.006.pdf	547bf2ff2f3ccde8445907a9eb6aaa42c9be4e2c7f41c4688a7b1a3256be89a0	495759	input/projects/2015150/publications.json	ENRICHED
PDF-P018		10.1016/j.jval.2020.03.019	corpus/20170500/doi_10.1016_j.jval.2020.03.019.md	e6bf57e8c8765e34573d7be0a148c02fcc8565245a4856b87851553ec89c63ca	57350				local PDF tranche; project instances=1	pilot/ontology-development-v4/production/pdf-tranche-metadata-enriched/metadata/PDF-P018.json	9a7b6b83b7220b6074587d933cd30a9627bf5235997a72a1456f0611cb4ba6c3	pilot/ontology-development-v4/production/pdf-tranche-prepared/inputs/PDF-P018.md	11dc39469827f8a3f58c51cbbec61c2988a8f0b362e67c04e83ecc4daa9a39bf	102924	5876c7a0636920df49ae04a515854244e78455f9e4d9a69bb2dba6674d322221	495c3be0bb3284343931ea7527177210d22d5aab617dc051bd70895fb3fe7a53	d60b00a82f40f79ab7e43a2f91a3444c932fc6394d3d5e2dfbf3a7fc3f75cd0c	6fa0d58cc83ecd8cb105236111838ad85f5db44d9ae06f65fee0c7ee90736698	ad111d4f886dc72426c43c11445c6f2e93330e4b2bef1cdb2198dd75eecdfb4d		doi:10.1016/j.jval.2020.03.019	20170500	input/projects/20170500/papers/doi_10.1016_j.jval.2020.03.019.pdf	912c553e7eeac91f2fdb944209ba8b284a1bf92501f32c759e4c37f22c92d5af	817284	input/projects/20170500/publications.json	ENRICHED
PDF-P019		10.1016/j.jval.2020.05.004	corpus/20170170/doi_10.1016_j.jval.2020.05.004.md	096d05f87fd3985319d15d20045d561470545432483ba84a0adfef9c5f9496bf	54588				local PDF tranche; project instances=1	pilot/ontology-development-v4/production/pdf-tranche-metadata-enriched/metadata/PDF-P019.json	8db79267cd7b9b44a161604367685d7be2aa0fc39b80740b25d311e2622f33f7	pilot/ontology-development-v4/production/pdf-tranche-prepared/inputs/PDF-P019.md	756ae8d7e2ba25fc6a9fc8333ed15b4ef8fe094c9eddfa79d6614840d19a4eb2	99894	5876c7a0636920df49ae04a515854244e78455f9e4d9a69bb2dba6674d322221	495c3be0bb3284343931ea7527177210d22d5aab617dc051bd70895fb3fe7a53	d60b00a82f40f79ab7e43a2f91a3444c932fc6394d3d5e2dfbf3a7fc3f75cd0c	6fa0d58cc83ecd8cb105236111838ad85f5db44d9ae06f65fee0c7ee90736698	ad111d4f886dc72426c43c11445c6f2e93330e4b2bef1cdb2198dd75eecdfb4d		doi:10.1016/j.jval.2020.05.004	20170170	input/projects/20170170/papers/doi_10.1016_j.jval.2020.05.004.pdf	95b85c2a00dfdb2955c15bf5764d5cf742889e9a31fd5177c8aca6390ed517d9	384602	input/projects/20170170/publications.json	ENRICHED
PDF-P020		10.1016/j.jval.2021.10.013	corpus/20180510/doi_10.1016_j.jval.2021.10.013.md	aad1d59c8893ac98b6fe238d608db886e1e58e3bcdbcfa9012bd87bbf93a7416	48400				local PDF tranche; project instances=1	pilot/ontology-development-v4/production/pdf-tranche-metadata-enriched/metadata/PDF-P020.json	e5343b608b1ecf0f681e2c8050b5b1df5a3c5ffb44403156c2efec65822776c1	pilot/ontology-development-v4/production/pdf-tranche-prepared/inputs/PDF-P020.md	65f69784763e52d8511cec69ca5c33b6b0e850d6bb3172f88f24160b5d03c76a	94127	5876c7a0636920df49ae04a515854244e78455f9e4d9a69bb2dba6674d322221	495c3be0bb3284343931ea7527177210d22d5aab617dc051bd70895fb3fe7a53	d60b00a82f40f79ab7e43a2f91a3444c932fc6394d3d5e2dfbf3a7fc3f75cd0c	6fa0d58cc83ecd8cb105236111838ad85f5db44d9ae06f65fee0c7ee90736698	ad111d4f886dc72426c43c11445c6f2e93330e4b2bef1cdb2198dd75eecdfb4d		doi:10.1016/j.jval.2021.10.013	20180510	input/projects/20180510/papers/doi_10.1016_j.jval.2021.10.013.pdf	5c85893d742b0e5585c420c9e51ec9edcc18a9865e2d286d5b2c2fbab18f2c65	1611162	input/projects/20180510/publications.json	ENRICHED
PDF-P021		10.1016/j.jval.2021.12.014	corpus/20190920/doi_10.1016_j.jval.2021.12.014.md	eaa1bed64e62676a4ae29f8613cbfb1de83a49b82d126a48f63f16a23161a905	62474				local PDF tranche; project instances=1	pilot/ontology-development-v4/production/pdf-tranche-metadata-enriched/metadata/PDF-P021.json	d9145c2a9e5c141f4af9406b780976a6c61472d890f63d170d2055fd2146af28	pilot/ontology-development-v4/production/pdf-tranche-prepared/inputs/PDF-P021.md	60e142a2ec4af4ab8f30e2345d54ee85ce4a744c97cc934c967a7c217cb57088	106932	5876c7a0636920df49ae04a515854244e78455f9e4d9a69bb2dba6674d322221	495c3be0bb3284343931ea7527177210d22d5aab617dc051bd70895fb3fe7a53	d60b00a82f40f79ab7e43a2f91a3444c932fc6394d3d5e2dfbf3a7fc3f75cd0c	6fa0d58cc83ecd8cb105236111838ad85f5db44d9ae06f65fee0c7ee90736698	ad111d4f886dc72426c43c11445c6f2e93330e4b2bef1cdb2198dd75eecdfb4d		doi:10.1016/j.jval.2021.12.014	20190920	input/projects/20190920/papers/doi_10.1016_j.jval.2021.12.014.pdf	aa50942320bf902bd5ce7036afd8642e08187055e89b454c37119494c6a03a06	519424	input/projects/20190920/publications.json	ENRICHED
PDF-P022		10.1016/j.jval.2022.05.013	corpus/214-RA/doi_10.1016_j.jval.2022.05.013.md	68f86d1c54aeaf345786a24a823b39d4e9717ed32b613d6baeda45a843575a23	68677				local PDF tranche; project instances=1	pilot/ontology-development-v4/production/pdf-tranche-metadata-enriched/metadata/PDF-P022.json	7cbd9eba42847d6aa5badbdf6b0caf151d4a8d3cf7520577597c562781206cd2	pilot/ontology-development-v4/production/pdf-tranche-prepared/inputs/PDF-P022.md	9383acf5bc07db71d7b16e338ddedb1d926924be9ab7d2c0b0a7717f36bbfbc4	112480	5876c7a0636920df49ae04a515854244e78455f9e4d9a69bb2dba6674d322221	495c3be0bb3284343931ea7527177210d22d5aab617dc051bd70895fb3fe7a53	d60b00a82f40f79ab7e43a2f91a3444c932fc6394d3d5e2dfbf3a7fc3f75cd0c	6fa0d58cc83ecd8cb105236111838ad85f5db44d9ae06f65fee0c7ee90736698	ad111d4f886dc72426c43c11445c6f2e93330e4b2bef1cdb2198dd75eecdfb4d		doi:10.1016/j.jval.2022.05.013	214-RA	input/projects/214-RA/papers/doi_10.1016_j.jval.2022.05.013.pdf	9edaee91ab68700bd7ce906ebb10631ba30b0dea4abe53d015e43f6de00b797b	1034532	input/projects/214-RA/publications.json	ENRICHED
PDF-P023		10.1016/j.jval.2023.03.003	corpus/20191020/doi_10.1016_j.jval.2023.03.003.md	67deb63f93590aeee2b2203ee42c6029d70ada8e8a9cf7ddab696c7850e09f84	29516				local PDF tranche; project instances=1	pilot/ontology-development-v4/production/pdf-tranche-metadata-enriched/metadata/PDF-P023.json	b58a749746bdc296673945f373cd52a9e572a2535470263f45ea567177a4903a	pilot/ontology-development-v4/production/pdf-tranche-prepared/inputs/PDF-P023.md	71370cce0929a50fdd59b59d1c3358d3ecd8b0220cfdebcd21693dcc331cc1ec	74994	5876c7a0636920df49ae04a515854244e78455f9e4d9a69bb2dba6674d322221	495c3be0bb3284343931ea7527177210d22d5aab617dc051bd70895fb3fe7a53	d60b00a82f40f79ab7e43a2f91a3444c932fc6394d3d5e2dfbf3a7fc3f75cd0c	6fa0d58cc83ecd8cb105236111838ad85f5db44d9ae06f65fee0c7ee90736698	ad111d4f886dc72426c43c11445c6f2e93330e4b2bef1cdb2198dd75eecdfb4d		doi:10.1016/j.jval.2023.03.003	20191020	input/projects/20191020/papers/doi_10.1016_j.jval.2023.03.003.pdf	d607e18dbb28be92a9ea87708a6ad73ae26b1008084318cdf6a36b0668eb103c	613615	input/projects/20191020/publications.json	ENRICHED
PDF-P024		10.1016/j.jval.2024.01.005	corpus/1588-RA/doi_10.1016_j.jval.2024.01.005.md	37627a12c220c8f49c7ed40861177a47db979f408e282f9d553a660c13be3f1c	57032				local PDF tranche; project instances=1	pilot/ontology-development-v4/production/pdf-tranche-metadata-enriched/metadata/PDF-P024.json	2d4a7a7d4ca04afc1619ec0227728ec18d379857d273b230b408cbc2342e2e25	pilot/ontology-development-v4/production/pdf-tranche-prepared/inputs/PDF-P024.md	68031752e791deac56b28d695eeaaec5cf2f6d06654051eb5109ea83166eb90b	102040	5876c7a0636920df49ae04a515854244e78455f9e4d9a69bb2dba6674d322221	495c3be0bb3284343931ea7527177210d22d5aab617dc051bd70895fb3fe7a53	d60b00a82f40f79ab7e43a2f91a3444c932fc6394d3d5e2dfbf3a7fc3f75cd0c	6fa0d58cc83ecd8cb105236111838ad85f5db44d9ae06f65fee0c7ee90736698	ad111d4f886dc72426c43c11445c6f2e93330e4b2bef1cdb2198dd75eecdfb4d		doi:10.1016/j.jval.2024.01.005	1588-RA	input/projects/1588-RA/papers/doi_10.1016_j.jval.2024.01.005.pdf	7ce0eb63f4f3bf1423136ee7bb0df2482c3f599714111e5748cab80bd3102d34	825695	input/projects/1588-RA/publications.json	ENRICHED
PDF-P025		10.1016/j.jval.2024.03.002	corpus/1514-RA/doi_10.1016_j.jval.2024.03.002.md	192533ff1cb4728d310d51e7160fa938496bc6592b33a5df55f1e7695d81f68e	58853				local PDF tranche; project instances=1	pilot/ontology-development-v4/production/pdf-tranche-metadata-enriched/metadata/PDF-P025.json	45e160017103e0f259b6845b270aa187b0eb7aea56cf894516c0b93afd9114f8	pilot/ontology-development-v4/production/pdf-tranche-prepared/inputs/PDF-P025.md	3335fdce333c2d53787aa4e048c8f8e4bee8fff751cfd2926c30ede001e414c7	103299	5876c7a0636920df49ae04a515854244e78455f9e4d9a69bb2dba6674d322221	495c3be0bb3284343931ea7527177210d22d5aab617dc051bd70895fb3fe7a53	d60b00a82f40f79ab7e43a2f91a3444c932fc6394d3d5e2dfbf3a7fc3f75cd0c	6fa0d58cc83ecd8cb105236111838ad85f5db44d9ae06f65fee0c7ee90736698	ad111d4f886dc72426c43c11445c6f2e93330e4b2bef1cdb2198dd75eecdfb4d		doi:10.1016/j.jval.2024.03.002	1514-RA	input/projects/1514-RA/papers/doi_10.1016_j.jval.2024.03.002.pdf	2cc73a337f6813ebde245856d49d94b644f405b5a14fe4649ec8fbf26e193f78	572440	input/projects/1514-RA/publications.json	ENRICHED
PDF-P026		10.1016/j.jval.2024.03.2195	corpus/458-RA/doi_10.1016_j.jval.2024.03.2195.md	6209d8dded7735fc7081afebba43ffdedd7895f85723da7db1bac1a03d4e9a0e	62557				local PDF tranche; project instances=1	pilot/ontology-development-v4/production/pdf-tranche-metadata-enriched/metadata/PDF-P026.json	7320c80698ef56031503d448e19f45243766e9780d83807c56acc6598bb96550	pilot/ontology-development-v4/production/pdf-tranche-prepared/inputs/PDF-P026.md	30a672643f4c8aca501061fe8e089dc044eb649a01a96357fd25b1a62ea9ecef	106392	5876c7a0636920df49ae04a515854244e78455f9e4d9a69bb2dba6674d322221	495c3be0bb3284343931ea7527177210d22d5aab617dc051bd70895fb3fe7a53	d60b00a82f40f79ab7e43a2f91a3444c932fc6394d3d5e2dfbf3a7fc3f75cd0c	6fa0d58cc83ecd8cb105236111838ad85f5db44d9ae06f65fee0c7ee90736698	ad111d4f886dc72426c43c11445c6f2e93330e4b2bef1cdb2198dd75eecdfb4d		doi:10.1016/j.jval.2024.03.2195	458-RA	input/projects/458-RA/papers/doi_10.1016_j.jval.2024.03.2195.pdf	543cc0993d06b36bbd3c1c84ec198440bce1961af400efbfc11056e7727123c9	1091041	input/projects/458-RA/publications.json	ENRICHED
PDF-P027		10.1016/j.jval.2024.05.007	corpus/1455-RA/doi_10.1016_j.jval.2024.05.007.md	6d7aa9b749c563dd443b40275d646d9f0f98fcd864a04ce447098abab5a8eee2	51401				local PDF tranche; project instances=1	pilot/ontology-development-v4/production/pdf-tranche-metadata-enriched/metadata/PDF-P027.json	9d1b4f461683595e8095b904461ee6dcabc24beae035fb6b00dbcacfe258c7a5	pilot/ontology-development-v4/production/pdf-tranche-prepared/inputs/PDF-P027.md	f96e2bc607e23126e0b98c674d6a070f7b435d028bbc255b13a79b73f76a3e47	95519	5876c7a0636920df49ae04a515854244e78455f9e4d9a69bb2dba6674d322221	495c3be0bb3284343931ea7527177210d22d5aab617dc051bd70895fb3fe7a53	d60b00a82f40f79ab7e43a2f91a3444c932fc6394d3d5e2dfbf3a7fc3f75cd0c	6fa0d58cc83ecd8cb105236111838ad85f5db44d9ae06f65fee0c7ee90736698	ad111d4f886dc72426c43c11445c6f2e93330e4b2bef1cdb2198dd75eecdfb4d		doi:10.1016/j.jval.2024.05.007	1455-RA	input/projects/1455-RA/papers/doi_10.1016_j.jval.2024.05.007.pdf	f173fabb549b4bfa3ec8de2af210b103b1c1b07f200f52173fa81aa25880ee9c	912584	input/projects/1455-RA/publications.json	ENRICHED
PDF-P028		10.1016/j.jval.2024.05.016	corpus/341-RA/doi_10.1016_j.jval.2024.05.016.md	66cdfa22e763af937b03f919ff2b0fdccff97e5962820aff1dd83da2bb3b7026	48932				local PDF tranche; project instances=1	pilot/ontology-development-v4/production/pdf-tranche-metadata-enriched/metadata/PDF-P028.json	c513de6825f2214c49d6bad20d3e655b7a3e578faaf6cb75b1d8bc69b21593ee	pilot/ontology-development-v4/production/pdf-tranche-prepared/inputs/PDF-P028.md	c039dcc2933d8bd04d15a24aab84addfe52067d46fb387ccb987bf4555540400	93385	5876c7a0636920df49ae04a515854244e78455f9e4d9a69bb2dba6674d322221	495c3be0bb3284343931ea7527177210d22d5aab617dc051bd70895fb3fe7a53	d60b00a82f40f79ab7e43a2f91a3444c932fc6394d3d5e2dfbf3a7fc3f75cd0c	6fa0d58cc83ecd8cb105236111838ad85f5db44d9ae06f65fee0c7ee90736698	ad111d4f886dc72426c43c11445c6f2e93330e4b2bef1cdb2198dd75eecdfb4d		doi:10.1016/j.jval.2024.05.016	341-RA	input/projects/341-RA/papers/doi_10.1016_j.jval.2024.05.016.pdf	285fb9f61514267c4d3cca9b961a73782007c86c9f8b40530ebb259c4086dbcf	1126954	input/projects/341-RA/publications.json	ENRICHED
PDF-P029		10.1016/j.jval.2024.06.018	corpus/20170640/doi_10.1016_j.jval.2024.06.018.md	3b266ce5d0d69523ea97d24f9d6bcfef47891e411af31cc49fb96d2ff30f80a1	45311				local PDF tranche; project instances=1	pilot/ontology-development-v4/production/pdf-tranche-metadata-enriched/metadata/PDF-P029.json	b57096484fa3ccc252fa02cd2c0719313c66f2b8d277149090b251ecb4f55088	pilot/ontology-development-v4/production/pdf-tranche-prepared/inputs/PDF-P029.md	aaa269ecbdb5d4a2f41967217c3daf0b9726c98397c7962701990b7e39db4e7e	89386	5876c7a0636920df49ae04a515854244e78455f9e4d9a69bb2dba6674d322221	495c3be0bb3284343931ea7527177210d22d5aab617dc051bd70895fb3fe7a53	d60b00a82f40f79ab7e43a2f91a3444c932fc6394d3d5e2dfbf3a7fc3f75cd0c	6fa0d58cc83ecd8cb105236111838ad85f5db44d9ae06f65fee0c7ee90736698	ad111d4f886dc72426c43c11445c6f2e93330e4b2bef1cdb2198dd75eecdfb4d		doi:10.1016/j.jval.2024.06.018	20170640	input/projects/20170640/papers/doi_10.1016_j.jval.2024.06.018.pdf	3bc28bf879fce1cae422785875900a21016b34ad42791e0688ffe7b2b5d13572	736734	input/projects/20170640/publications.json	ENRICHED
PDF-P030		10.1016/j.jval.2024.11.006	corpus/20170610/doi_10.1016_j.jval.2024.11.006.md	226a64693f748560df0e416dc83f0dd03fea71488c07318cced7f1df852b3163	38501				local PDF tranche; project instances=1	pilot/ontology-development-v4/production/pdf-tranche-metadata-enriched/metadata/PDF-P030.json	0e654ab1f5276886bfb662cbe462783f6321f600c53452b85e834597fa8f2a7d	pilot/ontology-development-v4/production/pdf-tranche-prepared/inputs/PDF-P030.md	9fb9acb6dd315f6c00c3b4014e1119ce8b978357692c948f5be6a7d1ced5f790	83529	5876c7a0636920df49ae04a515854244e78455f9e4d9a69bb2dba6674d322221	495c3be0bb3284343931ea7527177210d22d5aab617dc051bd70895fb3fe7a53	d60b00a82f40f79ab7e43a2f91a3444c932fc6394d3d5e2dfbf3a7fc3f75cd0c	6fa0d58cc83ecd8cb105236111838ad85f5db44d9ae06f65fee0c7ee90736698	ad111d4f886dc72426c43c11445c6f2e93330e4b2bef1cdb2198dd75eecdfb4d		doi:10.1016/j.jval.2024.11.006	20170610	input/projects/20170610/papers/doi_10.1016_j.jval.2024.11.006.pdf	5254b1b0bf05804f014ce1358b186c96e939c24a17e99fab1b3de3304d0c7c5b	766882	input/projects/20170610/publications.json	AUTHOR_ORDER_REVIEW
PDF-P031		10.1016/j.jval.2024.12.003	corpus/1644-RA/doi_10.1016_j.jval.2024.12.003.md	aa5c1be36626c1f1e13625fa61d8b8d3001d05c588a050d47e7a01f5b3c5aec6	64837				local PDF tranche; project instances=1	pilot/ontology-development-v4/production/pdf-tranche-metadata-enriched/metadata/PDF-P031.json	29d916a566e5baba740d7ae50e0ef5b6f50277687327bdb1b067ea10e394ffbd	pilot/ontology-development-v4/production/pdf-tranche-prepared/inputs/PDF-P031.md	688fc06e85ce74edc582a337d16f7d7cf8bddcb88ce09bb29d3dd098008aa975	109902	5876c7a0636920df49ae04a515854244e78455f9e4d9a69bb2dba6674d322221	495c3be0bb3284343931ea7527177210d22d5aab617dc051bd70895fb3fe7a53	d60b00a82f40f79ab7e43a2f91a3444c932fc6394d3d5e2dfbf3a7fc3f75cd0c	6fa0d58cc83ecd8cb105236111838ad85f5db44d9ae06f65fee0c7ee90736698	ad111d4f886dc72426c43c11445c6f2e93330e4b2bef1cdb2198dd75eecdfb4d		doi:10.1016/j.jval.2024.12.003	1644-RA	input/projects/1644-RA/papers/doi_10.1016_j.jval.2024.12.003.pdf	6b65e620f0f77f4151a7c4b9e3cc568288ea8d4e212ce3a7f62b2c46c42c618d	498554	input/projects/1644-RA/publications.json	ENRICHED
PDF-P032		10.1016/j.jval.2025.01.003	corpus/1465-VS/doi_10.1016_j.jval.2025.01.003.md	37ccb77205cef29e4ef6bd9d4a0d1dc67122dfd3de927232b2b06587f14758a4	57211				local PDF tranche; project instances=1	pilot/ontology-development-v4/production/pdf-tranche-metadata-enriched/metadata/PDF-P032.json	4cb6d2ca5b263416760dd8df7f9ffda78e16c0274c791eea0526c1c93395d574	pilot/ontology-development-v4/production/pdf-tranche-prepared/inputs/PDF-P032.md	7c33f06a08280bce4c46e07985ab4f7ecb0f3990e626f3486ffccde303509ef8	103349	5876c7a0636920df49ae04a515854244e78455f9e4d9a69bb2dba6674d322221	495c3be0bb3284343931ea7527177210d22d5aab617dc051bd70895fb3fe7a53	d60b00a82f40f79ab7e43a2f91a3444c932fc6394d3d5e2dfbf3a7fc3f75cd0c	6fa0d58cc83ecd8cb105236111838ad85f5db44d9ae06f65fee0c7ee90736698	ad111d4f886dc72426c43c11445c6f2e93330e4b2bef1cdb2198dd75eecdfb4d		doi:10.1016/j.jval.2025.01.003	1465-VS	input/projects/1465-VS/papers/doi_10.1016_j.jval.2025.01.003.pdf	647a8362131ba907e7b58e3253cda0086b4c624ae6dd5d632ee93ed48f1ae248	1003770	input/projects/1465-VS/publications.json	ENRICHED
PDF-P033		10.1016/j.jval.2025.01.020	corpus/409-RA/doi_10.1016_j.jval.2025.01.020.md	f64a28716bb900331aaee268a0035099120bc9f77f4e61a6cfd7d227adf00806	51720				local PDF tranche; project instances=1	pilot/ontology-development-v4/production/pdf-tranche-metadata-enriched/metadata/PDF-P033.json	de890657e293a0a157876e5932580cdb2bd19dd10d4a4d7131fd75091abc8dc0	pilot/ontology-development-v4/production/pdf-tranche-prepared/inputs/PDF-P033.md	cbb274941df7cc4a2859a083a8ea52106df734f55b6740d708d516bae999eaee	96165	5876c7a0636920df49ae04a515854244e78455f9e4d9a69bb2dba6674d322221	495c3be0bb3284343931ea7527177210d22d5aab617dc051bd70895fb3fe7a53	d60b00a82f40f79ab7e43a2f91a3444c932fc6394d3d5e2dfbf3a7fc3f75cd0c	6fa0d58cc83ecd8cb105236111838ad85f5db44d9ae06f65fee0c7ee90736698	ad111d4f886dc72426c43c11445c6f2e93330e4b2bef1cdb2198dd75eecdfb4d		doi:10.1016/j.jval.2025.01.020	409-RA	input/projects/409-RA/papers/doi_10.1016_j.jval.2025.01.020.pdf	fc78c819ceb348c0c8dabf8690fcf3d59a79a79d0790ae4e8b032ed17e883ecd	651856	input/projects/409-RA/publications.json	ENRICHED
PDF-P034		10.1016/j.jval.2025.02.001	corpus/345-PHD/doi_10.1016_j.jval.2025.02.001.md	d4e1d9ff2fd915288bfdfc8a4fb0aa520d50e98e381d662d6f121d9ac9d359eb	53744				local PDF tranche; project instances=1	pilot/ontology-development-v4/production/pdf-tranche-metadata-enriched/metadata/PDF-P034.json	90bf61ed653b359d97cc484eb6001b0aecae1441f4dd90561560fea226a49b03	pilot/ontology-development-v4/production/pdf-tranche-prepared/inputs/PDF-P034.md	1e46b820c866eb3edb02303e93c27e265bc7b72079e4e6aac24f17492eb2ca40	100441	5876c7a0636920df49ae04a515854244e78455f9e4d9a69bb2dba6674d322221	495c3be0bb3284343931ea7527177210d22d5aab617dc051bd70895fb3fe7a53	d60b00a82f40f79ab7e43a2f91a3444c932fc6394d3d5e2dfbf3a7fc3f75cd0c	6fa0d58cc83ecd8cb105236111838ad85f5db44d9ae06f65fee0c7ee90736698	ad111d4f886dc72426c43c11445c6f2e93330e4b2bef1cdb2198dd75eecdfb4d		doi:10.1016/j.jval.2025.02.001	345-PHD	input/projects/345-PHD/papers/doi_10.1016_j.jval.2025.02.001.pdf	aec9b59ddec11b76985476adf782330a802a75ef46409da593abcc960c37b2fc	2041556	input/projects/345-PHD/publications.json	ENRICHED
PDF-P035		10.1016/j.jval.2025.04.2160	corpus/1676-RA/doi_10.1016_j.jval.2025.04.2160.md	2eb0383937a6282b4c1f8b531a5cf6651b3c90ba67e4650d2a4cf8cfbef8cbac	68166				local PDF tranche; project instances=1	pilot/ontology-development-v4/production/pdf-tranche-metadata-enriched/metadata/PDF-P035.json	7cc982edf7bd0bd71270f9ce9f41fe29ed0f39e7ea8b644318c776da5fbbc3c6	pilot/ontology-development-v4/production/pdf-tranche-prepared/inputs/PDF-P035.md	e77d4dda8f5106382d2ca25a135796fe9f89d26625e29b2ce4d5c944c82c102b	112371	5876c7a0636920df49ae04a515854244e78455f9e4d9a69bb2dba6674d322221	495c3be0bb3284343931ea7527177210d22d5aab617dc051bd70895fb3fe7a53	d60b00a82f40f79ab7e43a2f91a3444c932fc6394d3d5e2dfbf3a7fc3f75cd0c	6fa0d58cc83ecd8cb105236111838ad85f5db44d9ae06f65fee0c7ee90736698	ad111d4f886dc72426c43c11445c6f2e93330e4b2bef1cdb2198dd75eecdfb4d		doi:10.1016/j.jval.2025.04.2160	1676-RA	input/projects/1676-RA/papers/doi_10.1016_j.jval.2025.04.2160.pdf	647c8cb2b65d9de45b87db8940871be7430e36ad59633c6f3cfa25bba417b424	1277890	input/projects/1676-RA/publications.json	ENRICHED
PDF-P036		10.1016/j.jval.2025.04.2161	corpus/330-PHD/doi_10.1016_j.jval.2025.04.2161.md	2e143ad7ba68d7f9206f31566ac726bd7eae252caab661b7a80ce65c568aec5e	54333				local PDF tranche; project instances=1	pilot/ontology-development-v4/production/pdf-tranche-metadata-enriched/metadata/PDF-P036.json	94b8347ea1da92fc9dc117a28655f55dd44dd9265abd9d9a7aa9b7686cb0d6d0	pilot/ontology-development-v4/production/pdf-tranche-prepared/inputs/PDF-P036.md	a891fde1b7f7eec0227d88fe6644a661ab25b575c2c2854fb0d23cf73ffaa348	99113	5876c7a0636920df49ae04a515854244e78455f9e4d9a69bb2dba6674d322221	495c3be0bb3284343931ea7527177210d22d5aab617dc051bd70895fb3fe7a53	d60b00a82f40f79ab7e43a2f91a3444c932fc6394d3d5e2dfbf3a7fc3f75cd0c	6fa0d58cc83ecd8cb105236111838ad85f5db44d9ae06f65fee0c7ee90736698	ad111d4f886dc72426c43c11445c6f2e93330e4b2bef1cdb2198dd75eecdfb4d		doi:10.1016/j.jval.2025.04.2161	330-PHD	input/projects/330-PHD/papers/doi_10.1016_j.jval.2025.04.2161.pdf	0b4c691696e6d2b0cd9c48612deecc4d9e12f0f93d6057bc1257269385450ffa	1558669	input/projects/330-PHD/publications.json	ENRICHED
PDF-P037		10.1016/j.jval.2025.04.2168	corpus/1566-RA/doi_10.1016_j.jval.2025.04.2168.md	39a462877193364d34b785cb4e380a1820be8c1a3737e25e786d15d1de1cf7b1	49661				local PDF tranche; project instances=1	pilot/ontology-development-v4/production/pdf-tranche-metadata-enriched/metadata/PDF-P037.json	fee0957ee5ea35f841b740feb2b9fae2d811c7059b4befca7e6280ebc01d028a	pilot/ontology-development-v4/production/pdf-tranche-prepared/inputs/PDF-P037.md	6c360fd2b5608f6cf3919ce4a4af8c270adb617c9dfd58f664fae58a1655415b	94090	5876c7a0636920df49ae04a515854244e78455f9e4d9a69bb2dba6674d322221	495c3be0bb3284343931ea7527177210d22d5aab617dc051bd70895fb3fe7a53	d60b00a82f40f79ab7e43a2f91a3444c932fc6394d3d5e2dfbf3a7fc3f75cd0c	6fa0d58cc83ecd8cb105236111838ad85f5db44d9ae06f65fee0c7ee90736698	ad111d4f886dc72426c43c11445c6f2e93330e4b2bef1cdb2198dd75eecdfb4d		doi:10.1016/j.jval.2025.04.2168	1566-RA	input/projects/1566-RA/papers/doi_10.1016_j.jval.2025.04.2168.pdf	9a48f92a09b7aa56be430eae352197274719158246f9f53c73035d5d38c406a0	1090814	input/projects/1566-RA/publications.json	ENRICHED
PDF-P038		10.1016/j.jval.2025.05.013	corpus/1559-RA/doi_10.1016_j.jval.2025.05.013.md	4009d66b97d88e55521a4712d7f66b2533748cc8e0bb274b391e4b9e74c5bc2d	58968				local PDF tranche; project instances=1	pilot/ontology-development-v4/production/pdf-tranche-metadata-enriched/metadata/PDF-P038.json	08af0380e144c8ba03ff4332c306da62cc264d9656b274d84737c4b487b4cbda	pilot/ontology-development-v4/production/pdf-tranche-prepared/inputs/PDF-P038.md	f7875d5a62c7efa50fed1fa18ce775eab57a82fb7db021b83a6870cd8c404f58	103362	5876c7a0636920df49ae04a515854244e78455f9e4d9a69bb2dba6674d322221	495c3be0bb3284343931ea7527177210d22d5aab617dc051bd70895fb3fe7a53	d60b00a82f40f79ab7e43a2f91a3444c932fc6394d3d5e2dfbf3a7fc3f75cd0c	6fa0d58cc83ecd8cb105236111838ad85f5db44d9ae06f65fee0c7ee90736698	ad111d4f886dc72426c43c11445c6f2e93330e4b2bef1cdb2198dd75eecdfb4d		doi:10.1016/j.jval.2025.05.013	1559-RA	input/projects/1559-RA/papers/doi_10.1016_j.jval.2025.05.013.pdf	b75bc284181da365e6aefa880690c27bdf3a9b45c35ab0b55ed17f333d250990	757052	input/projects/1559-RA/publications.json	ENRICHED
PDF-P039		10.1016/j.jval.2025.05.014	corpus/1606-RA/doi_10.1016_j.jval.2025.05.014.md	265bff5dad0ed996c395ba8e203e7fe0be80ad5c35bba26b922d1174a76fd885	50403				local PDF tranche; project instances=1	pilot/ontology-development-v4/production/pdf-tranche-metadata-enriched/metadata/PDF-P039.json	302682edf89f226d717e271ef16877d2b1d807ae8b91a1cd1bf8c313768e2528	pilot/ontology-development-v4/production/pdf-tranche-prepared/inputs/PDF-P039.md	b8359df333992da1a7751cc7f368e205ec63342bd2616a3068aaf02fd0f4141b	94817	5876c7a0636920df49ae04a515854244e78455f9e4d9a69bb2dba6674d322221	495c3be0bb3284343931ea7527177210d22d5aab617dc051bd70895fb3fe7a53	d60b00a82f40f79ab7e43a2f91a3444c932fc6394d3d5e2dfbf3a7fc3f75cd0c	6fa0d58cc83ecd8cb105236111838ad85f5db44d9ae06f65fee0c7ee90736698	ad111d4f886dc72426c43c11445c6f2e93330e4b2bef1cdb2198dd75eecdfb4d		doi:10.1016/j.jval.2025.05.014	1606-RA	input/projects/1606-RA/papers/doi_10.1016_j.jval.2025.05.014.pdf	f018f929e6198c032f178f8c64b9d785bbef7a51dd76ec733623f0b5d87a6e13	1414836	input/projects/1606-RA/publications.json	ENRICHED
PDF-P040		10.1016/j.jval.2025.05.015	corpus/1700-RA/doi_10.1016_j.jval.2025.05.015.md	d1d0f58743ef221cb0105176d52d16f464399e51a7a0616671816a2aff825940	77128				local PDF tranche; project instances=1	pilot/ontology-development-v4/production/pdf-tranche-metadata-enriched/metadata/PDF-P040.json	2424eedbaf5df05f437c3491c5d56bc4ec4ea6fc3576d91d9e367737dc5b25af	pilot/ontology-development-v4/production/pdf-tranche-prepared/inputs/PDF-P040.md	a02b85dba67001394abd44b1098bfe6df198217f3284ae8300e5789cc3a60806	121856	5876c7a0636920df49ae04a515854244e78455f9e4d9a69bb2dba6674d322221	495c3be0bb3284343931ea7527177210d22d5aab617dc051bd70895fb3fe7a53	d60b00a82f40f79ab7e43a2f91a3444c932fc6394d3d5e2dfbf3a7fc3f75cd0c	6fa0d58cc83ecd8cb105236111838ad85f5db44d9ae06f65fee0c7ee90736698	ad111d4f886dc72426c43c11445c6f2e93330e4b2bef1cdb2198dd75eecdfb4d		doi:10.1016/j.jval.2025.05.015	1700-RA	input/projects/1700-RA/papers/doi_10.1016_j.jval.2025.05.015.pdf	8141faf74fb6d9abcbe1be6a107009b6298c27a31c240bec8b2651f96e901007	1112364	input/projects/1700-RA/publications.json	ENRICHED
PDF-P041		10.1016/j.jval.2025.07.016	corpus/1404-RA/doi_10.1016_j.jval.2025.07.016.md	ab90d3ed430aa45486f26bb5a51be289f0039f7037afdb103b94fc27bdddb77c	65349				local PDF tranche; project instances=1	pilot/ontology-development-v4/production/pdf-tranche-metadata-enriched/metadata/PDF-P041.json	d990c03dca525c393c2a39ecd97b4aa77859aec4ffd79d2e4f4438b79e350221	pilot/ontology-development-v4/production/pdf-tranche-prepared/inputs/PDF-P041.md	8ba4e32507efb59ba73a0a52d24ed37e7e166cfbb15ecc0fabee1df66817fa6f	111254	5876c7a0636920df49ae04a515854244e78455f9e4d9a69bb2dba6674d322221	495c3be0bb3284343931ea7527177210d22d5aab617dc051bd70895fb3fe7a53	d60b00a82f40f79ab7e43a2f91a3444c932fc6394d3d5e2dfbf3a7fc3f75cd0c	6fa0d58cc83ecd8cb105236111838ad85f5db44d9ae06f65fee0c7ee90736698	ad111d4f886dc72426c43c11445c6f2e93330e4b2bef1cdb2198dd75eecdfb4d		doi:10.1016/j.jval.2025.07.016	1404-RA	input/projects/1404-RA/papers/doi_10.1016_j.jval.2025.07.016.pdf	2d9560d5af4f563a9bd48498d9485f23496b76bc4e2bdad1a095aa97a29a4e72	3751647	input/projects/1404-RA/publications.json	AUTHOR_ORDER_REVIEW
PDF-P042		10.1016/j.jval.2025.09.009	corpus/1601-RA/doi_10.1016_j.jval.2025.09.009.md	cca5c575b674d9866684368c4dbfb0b5505c95e5796a9942582089610143e983	60786				local PDF tranche; project instances=1	pilot/ontology-development-v4/production/pdf-tranche-metadata-enriched/metadata/PDF-P042.json	03d49489abd1015b0156db5e6f2e07d0e5c4055fec105eb853c3d6986f27101b	pilot/ontology-development-v4/production/pdf-tranche-prepared/inputs/PDF-P042.md	0ef2f5c972e74d42b55df1d8566f7cd4526509f096a60361300a9394c9d8e10e	105546	5876c7a0636920df49ae04a515854244e78455f9e4d9a69bb2dba6674d322221	495c3be0bb3284343931ea7527177210d22d5aab617dc051bd70895fb3fe7a53	d60b00a82f40f79ab7e43a2f91a3444c932fc6394d3d5e2dfbf3a7fc3f75cd0c	6fa0d58cc83ecd8cb105236111838ad85f5db44d9ae06f65fee0c7ee90736698	ad111d4f886dc72426c43c11445c6f2e93330e4b2bef1cdb2198dd75eecdfb4d		doi:10.1016/j.jval.2025.09.009	1601-RA	input/projects/1601-RA/papers/doi_10.1016_j.jval.2025.09.009.pdf	84c2b63dea8289adf9222527643a44d0dd6e72438d47f1668c2185c81599c8b4	2299823	input/projects/1601-RA/publications.json	ENRICHED
PDF-P043		10.1016/j.jval.2025.11.005	corpus/1599-RA/doi_10.1016_j.jval.2025.11.005.md	7700121fd0e63433907715fcbfb21cb0b9804fba3567d646628ec72030d81a0f	67263				local PDF tranche; project instances=1	pilot/ontology-development-v4/production/pdf-tranche-metadata-enriched/metadata/PDF-P043.json	dc4d9d148cabf0ca995a31438ae0899d1740171b640ef159008aff9450947cd1	pilot/ontology-development-v4/production/pdf-tranche-prepared/inputs/PDF-P043.md	a0fe9951dddff5f5926d1be140ad35dbcc1b9b8c924901070cb08f06d078d487	113375	5876c7a0636920df49ae04a515854244e78455f9e4d9a69bb2dba6674d322221	495c3be0bb3284343931ea7527177210d22d5aab617dc051bd70895fb3fe7a53	d60b00a82f40f79ab7e43a2f91a3444c932fc6394d3d5e2dfbf3a7fc3f75cd0c	6fa0d58cc83ecd8cb105236111838ad85f5db44d9ae06f65fee0c7ee90736698	ad111d4f886dc72426c43c11445c6f2e93330e4b2bef1cdb2198dd75eecdfb4d		doi:10.1016/j.jval.2025.11.005	1599-RA	input/projects/1599-RA/papers/doi_10.1016_j.jval.2025.11.005.pdf	39b58a8febf862fba1b367d7e01153713dd08e45b010baa26896ab475ad90cc3	1668329	input/projects/1599-RA/publications.json	ENRICHED
PDF-P044		10.1016/j.jval.2026.01.001	corpus/2181-RA/doi_10.1016_j.jval.2026.01.001.md	005b49ec8f7e6e4f37e6b7c280d02c92a8b344f7af7e45f4a92b3635492f6796	58131				local PDF tranche; project instances=1	pilot/ontology-development-v4/production/pdf-tranche-metadata-enriched/metadata/PDF-P044.json	7215ad8390c5d30b162bb6e11656a3968e1e312da662d5010e94d70652c01616	pilot/ontology-development-v4/production/pdf-tranche-prepared/inputs/PDF-P044.md	ad14620132aa8753345dbf5eaf058670fcb3e0099d54e26cc453c81e5cf88f2c	102227	5876c7a0636920df49ae04a515854244e78455f9e4d9a69bb2dba6674d322221	495c3be0bb3284343931ea7527177210d22d5aab617dc051bd70895fb3fe7a53	d60b00a82f40f79ab7e43a2f91a3444c932fc6394d3d5e2dfbf3a7fc3f75cd0c	6fa0d58cc83ecd8cb105236111838ad85f5db44d9ae06f65fee0c7ee90736698	ad111d4f886dc72426c43c11445c6f2e93330e4b2bef1cdb2198dd75eecdfb4d		doi:10.1016/j.jval.2026.01.001	2181-RA	input/projects/2181-RA/papers/doi_10.1016_j.jval.2026.01.001.pdf	4d575c02c618be6e58588ee66bffcf8e3292813f8fef8ab5622757b6b715b155	2430180	input/projects/2181-RA/publications.json	ENRICHED
PDF-P045		10.1016/j.jval.2026.02.013	corpus/2181-RA/doi_10.1016_j.jval.2026.02.013.md	16c3ebd63ae4e690554b70a1c0a5d79482a754dbc68658775876dfb2d52dd1d0	49531				local PDF tranche; project instances=1	pilot/ontology-development-v4/production/pdf-tranche-metadata-enriched/metadata/PDF-P045.json	05799f92a500dc97117b79347a9471f0494972028678a87b817bca3bcbc0e134	pilot/ontology-development-v4/production/pdf-tranche-prepared/inputs/PDF-P045.md	41063ecc956664f90c60a781c99d3853e5919465eb3181236b7a77cae2d04793	93681	5876c7a0636920df49ae04a515854244e78455f9e4d9a69bb2dba6674d322221	495c3be0bb3284343931ea7527177210d22d5aab617dc051bd70895fb3fe7a53	d60b00a82f40f79ab7e43a2f91a3444c932fc6394d3d5e2dfbf3a7fc3f75cd0c	6fa0d58cc83ecd8cb105236111838ad85f5db44d9ae06f65fee0c7ee90736698	ad111d4f886dc72426c43c11445c6f2e93330e4b2bef1cdb2198dd75eecdfb4d		doi:10.1016/j.jval.2026.02.013	2181-RA	input/projects/2181-RA/papers/doi_10.1016_j.jval.2026.02.013.pdf	a6d3776f33d2cbe57fa2319e995c3d6d17d4b7bc9282c03e8a324712cb9699bc	3748095	input/projects/2181-RA/publications.json	ENRICHED
PDF-P046		10.1016/j.socscimed.2021.114519	corpus/20190460/doi_10.1016_j.socscimed.2021.114519.md	23385bcd61dd2db025fbb50350bf7b3bed4a29b755f832d0d793e93ef460f0e9	70431				local PDF tranche; project instances=1	pilot/ontology-development-v4/production/pdf-tranche-metadata-enriched/metadata/PDF-P046.json	bf25a819a04477c7921550dfde8474067029b7f36215f1d1d8d755dd99bd78b6	pilot/ontology-development-v4/production/pdf-tranche-prepared/inputs/PDF-P046.md	1b7a11c54f07e5562c7345e4558bf54545f80c2d7216e3459daa43f14524079d	115280	5876c7a0636920df49ae04a515854244e78455f9e4d9a69bb2dba6674d322221	495c3be0bb3284343931ea7527177210d22d5aab617dc051bd70895fb3fe7a53	d60b00a82f40f79ab7e43a2f91a3444c932fc6394d3d5e2dfbf3a7fc3f75cd0c	6fa0d58cc83ecd8cb105236111838ad85f5db44d9ae06f65fee0c7ee90736698	ad111d4f886dc72426c43c11445c6f2e93330e4b2bef1cdb2198dd75eecdfb4d		doi:10.1016/j.socscimed.2021.114519	20190460	input/projects/20190460/papers/doi_10.1016_j.socscimed.2021.114519.pdf	0defbd9ee2e59492119b2e25f5139ba5fc5d21f90ea74763d86cd3d26d7f0fe5	3863813	input/projects/20190460/publications.json	ENRICHED
PDF-P047		10.1016/j.ssmqr.2024.100398	corpus/20180080/doi_10.1016_j.ssmqr.2024.100398.md	1c339ee958da57d83e47066d38577c71fcc5d70fd2dc604e6e02150864879c6f	86679				local PDF tranche; project instances=1	pilot/ontology-development-v4/production/pdf-tranche-metadata-enriched/metadata/PDF-P047.json	6ab9b90a2cf1bab55e0935cd00e48a1398147cde46cf0102282723c28afb7dfa	pilot/ontology-development-v4/production/pdf-tranche-prepared/inputs/PDF-P047.md	02e0eda69213c2761616c280fb49e8e863b973bb7695bd48ed5d2c8b99768111	132415	5876c7a0636920df49ae04a515854244e78455f9e4d9a69bb2dba6674d322221	495c3be0bb3284343931ea7527177210d22d5aab617dc051bd70895fb3fe7a53	d60b00a82f40f79ab7e43a2f91a3444c932fc6394d3d5e2dfbf3a7fc3f75cd0c	6fa0d58cc83ecd8cb105236111838ad85f5db44d9ae06f65fee0c7ee90736698	ad111d4f886dc72426c43c11445c6f2e93330e4b2bef1cdb2198dd75eecdfb4d		doi:10.1016/j.ssmqr.2024.100398	20180080	input/projects/20180080/papers/doi_10.1016_j.ssmqr.2024.100398.pdf	56146e5f9f74fc3fada1580c6f051a5ca20ebd5130de5bb8a3ee80ae62b3ffa9	1145672	input/projects/20180080/publications.json	AUTHOR_ORDER_REVIEW
PDF-P048		10.1016/j.vhri.2021.09.007	corpus/20190200/doi_10.1016_j.vhri.2021.09.007.md	8efc8b0e8f4809c803ef45a93d5c5ea97f62c2cb479a538a998adfbedb575979	55032				local PDF tranche; project instances=1	pilot/ontology-development-v4/production/pdf-tranche-metadata-enriched/metadata/PDF-P048.json	80473d7af39f1e42802f43ed454ba0ce479cd38686939c0f8da577c61c513b2e	pilot/ontology-development-v4/production/pdf-tranche-prepared/inputs/PDF-P048.md	76857c7848478ec1c6704bab68bb405a0587eba9a82f90dfb311b506e57b3539	100631	5876c7a0636920df49ae04a515854244e78455f9e4d9a69bb2dba6674d322221	495c3be0bb3284343931ea7527177210d22d5aab617dc051bd70895fb3fe7a53	d60b00a82f40f79ab7e43a2f91a3444c932fc6394d3d5e2dfbf3a7fc3f75cd0c	6fa0d58cc83ecd8cb105236111838ad85f5db44d9ae06f65fee0c7ee90736698	ad111d4f886dc72426c43c11445c6f2e93330e4b2bef1cdb2198dd75eecdfb4d		doi:10.1016/j.vhri.2021.09.007	20190200	input/projects/20190200/papers/doi_10.1016_j.vhri.2021.09.007.pdf	356fcf09b1a9b4611e3ec5ca63fc0431359f7928073524bd693540da8391098b	918955	input/projects/20190200/publications.json	ENRICHED
PDF-P049		10.1016/j.vhri.2024.101045	corpus/234-VS/doi_10.1016_j.vhri.2024.101045.md	62ded16028675ec04459493c8044ea2cd1fcaaf087adb2fd20d79ccd90102992	61916				local PDF tranche; project instances=1	pilot/ontology-development-v4/production/pdf-tranche-metadata-enriched/metadata/PDF-P049.json	ff67f6886331363e8f21d147074deaa492364fa567f3cd4661de2f1bd956fcc1	pilot/ontology-development-v4/production/pdf-tranche-prepared/inputs/PDF-P049.md	b74d404a3e8afb4c4adc706d354478fa3991b9be75452a479d6cc9631239c22d	106922	5876c7a0636920df49ae04a515854244e78455f9e4d9a69bb2dba6674d322221	495c3be0bb3284343931ea7527177210d22d5aab617dc051bd70895fb3fe7a53	d60b00a82f40f79ab7e43a2f91a3444c932fc6394d3d5e2dfbf3a7fc3f75cd0c	6fa0d58cc83ecd8cb105236111838ad85f5db44d9ae06f65fee0c7ee90736698	ad111d4f886dc72426c43c11445c6f2e93330e4b2bef1cdb2198dd75eecdfb4d		doi:10.1016/j.vhri.2024.101045	234-VS	input/projects/234-VS/papers/doi_10.1016_j.vhri.2024.101045.pdf	1887d71732306f3fa735bdf8cf01e792a6ce5aeb711fcba4f8102f06bf3f5402	766213	input/projects/234-VS/publications.json	ENRICHED
PDF-P050		10.1016/j.vhri.2025.101121	corpus/20180140/doi_10.1016_j.vhri.2025.101121.md	2baa1151adefafce8218b648c762fb5c7d6ca04085d1b19db6e5a1c5c72ae683	36255				local PDF tranche; project instances=1	pilot/ontology-development-v4/production/pdf-tranche-metadata-enriched/metadata/PDF-P050.json	cac37ad7e611ca9103abddd194be2af1e7fcb1b010adc26027406270d3127642	pilot/ontology-development-v4/production/pdf-tranche-prepared/inputs/PDF-P050.md	0e0dab8ab5a66e6b3caa7da6bb8d3d14699a3a90908c653e56c8e9679cb50e97	80648	5876c7a0636920df49ae04a515854244e78455f9e4d9a69bb2dba6674d322221	495c3be0bb3284343931ea7527177210d22d5aab617dc051bd70895fb3fe7a53	d60b00a82f40f79ab7e43a2f91a3444c932fc6394d3d5e2dfbf3a7fc3f75cd0c	6fa0d58cc83ecd8cb105236111838ad85f5db44d9ae06f65fee0c7ee90736698	ad111d4f886dc72426c43c11445c6f2e93330e4b2bef1cdb2198dd75eecdfb4d		doi:10.1016/j.vhri.2025.101121	20180140	input/projects/20180140/papers/doi_10.1016_j.vhri.2025.101121.pdf	3b0b1f852cd2e787ff2e2c4683fc66d8add0dd28d701969c50dbc9936cb631ef	835062	input/projects/20180140/publications.json	ENRICHED
PDF-P051		10.1016/j.vhri.2025.101501	corpus/20180600/doi_10.1016_j.vhri.2025.101501.md	d9159602d75905927e3176f402fda7013d5c0f85790319fdd66a71f86d315eeb	30221				local PDF tranche; project instances=1	pilot/ontology-development-v4/production/pdf-tranche-metadata-enriched/metadata/PDF-P051.json	356aa6742cf708012d6543ccc2cd99895da1a56649f772afbd89dac6d123131b	pilot/ontology-development-v4/production/pdf-tranche-prepared/inputs/PDF-P051.md	f37cc4547aa4e840caf03eec5ad3a4a86094cc1c7cd39374d071afd9e59d47f9	74993	5876c7a0636920df49ae04a515854244e78455f9e4d9a69bb2dba6674d322221	495c3be0bb3284343931ea7527177210d22d5aab617dc051bd70895fb3fe7a53	d60b00a82f40f79ab7e43a2f91a3444c932fc6394d3d5e2dfbf3a7fc3f75cd0c	6fa0d58cc83ecd8cb105236111838ad85f5db44d9ae06f65fee0c7ee90736698	ad111d4f886dc72426c43c11445c6f2e93330e4b2bef1cdb2198dd75eecdfb4d		doi:10.1016/j.vhri.2025.101501	20180600	input/projects/20180600/papers/doi_10.1016_j.vhri.2025.101501.pdf	ea8e3327c57fe513cea084a0f942c670115a189b1d3296bdbfceb9b5c687ea14	1895544	input/projects/20180600/publications.json	ENRICHED
PDF-P052		10.1016/j.vhri.2025.101543	corpus/442-RA/doi_10.1016_j.vhri.2025.101543.md	612e4b3d641efb6f6b823935d7f8f69799c8b1dbb2e4caf7eb3fcdc99bad5735	56734				local PDF tranche; project instances=1	pilot/ontology-development-v4/production/pdf-tranche-metadata-enriched/metadata/PDF-P052.json	28cc68a40f2f87dca632f4ae2836d54b5f24700408a6d60641e433f277295536	pilot/ontology-development-v4/production/pdf-tranche-prepared/inputs/PDF-P052.md	f97a4ac12e14f6e31189de7447ac998f55607b1ff5da6db4e5cbeb599ac093ae	101029	5876c7a0636920df49ae04a515854244e78455f9e4d9a69bb2dba6674d322221	495c3be0bb3284343931ea7527177210d22d5aab617dc051bd70895fb3fe7a53	d60b00a82f40f79ab7e43a2f91a3444c932fc6394d3d5e2dfbf3a7fc3f75cd0c	6fa0d58cc83ecd8cb105236111838ad85f5db44d9ae06f65fee0c7ee90736698	ad111d4f886dc72426c43c11445c6f2e93330e4b2bef1cdb2198dd75eecdfb4d		doi:10.1016/j.vhri.2025.101543	442-RA	input/projects/442-RA/papers/doi_10.1016_j.vhri.2025.101543.pdf	6d60a107a91138a161ca1651b1a61306764329473f91b57dc936831fc75fba89	2133300	input/projects/442-RA/publications.json	ENRICHED
PDF-P053		10.1136/archdischild-2025-329475	corpus/330-PHD/doi_10.1136_archdischild-2025-329475.md	f420a4a7d101960ca9ecc7453de15fdc633449b4ec444cf725ea45e54cbbde96	56998				local PDF tranche; project instances=2	pilot/ontology-development-v4/production/pdf-tranche-metadata-enriched/metadata/PDF-P053.json	1a66572a02bbe985621775a0f0b9e6261f6a12cf3d40c21ddbca9ac70baa2612	pilot/ontology-development-v4/production/pdf-tranche-prepared/inputs/PDF-P053.md	6a4e58f9c280b679f09521b1cb8ea50326b91992bed51cadc4d7e3acb8b1d43c	104057	5876c7a0636920df49ae04a515854244e78455f9e4d9a69bb2dba6674d322221	495c3be0bb3284343931ea7527177210d22d5aab617dc051bd70895fb3fe7a53	d60b00a82f40f79ab7e43a2f91a3444c932fc6394d3d5e2dfbf3a7fc3f75cd0c	6fa0d58cc83ecd8cb105236111838ad85f5db44d9ae06f65fee0c7ee90736698	ad111d4f886dc72426c43c11445c6f2e93330e4b2bef1cdb2198dd75eecdfb4d		doi:10.1136/archdischild-2025-329475	330-PHD;361-RA	input/projects/330-PHD/papers/doi_10.1136_archdischild-2025-329475.pdf	c5b2d110fbf29144c20b67053aeb7f2997d70801b39c8a74ed6ec2640b09478d	404777	input/projects/330-PHD/publications.json;input/projects/361-RA/publications.json	ENRICHED
PDF-P054		10.1177/0272989x261446644	corpus/1883-RA/doi_10.1177_0272989x261446644.md	cb2d8a0953dccd618d2495c8eb4ba4fa1dbc3a4e496fa746040885c41d8fdef8	58150				local PDF tranche; project instances=1	pilot/ontology-development-v4/production/pdf-tranche-metadata-enriched/metadata/PDF-P054.json	94a7f357c37cc428518856f74751b699ba935aa9485b9a44ee80072b4f5ae676	pilot/ontology-development-v4/production/pdf-tranche-prepared/inputs/PDF-P054.md	6326f364ed868d170a70e829f1784265645655be241692250b93cd3e5b37ff1b	103085	5876c7a0636920df49ae04a515854244e78455f9e4d9a69bb2dba6674d322221	495c3be0bb3284343931ea7527177210d22d5aab617dc051bd70895fb3fe7a53	d60b00a82f40f79ab7e43a2f91a3444c932fc6394d3d5e2dfbf3a7fc3f75cd0c	6fa0d58cc83ecd8cb105236111838ad85f5db44d9ae06f65fee0c7ee90736698	ad111d4f886dc72426c43c11445c6f2e93330e4b2bef1cdb2198dd75eecdfb4d		doi:10.1177/0272989x261446644	1883-RA	input/projects/1883-RA/papers/doi_10.1177_0272989x261446644.pdf	ca4ca681fc49404509181ad19ab13c02cf99bfd3f033a2fd4c99846f3b18dafb	517649	input/projects/1883-RA/publications.json	ENRICHED
PDF-P055		10.1186/s12955-026-02561-5	corpus/1927-RA/doi_10.1186_s12955-026-02561-5.md	520383cd805f6f96f425fd69f224a5cbc2efefc7d0554f1fd0dd72e21cc83c58	66739				local PDF tranche; project instances=1	pilot/ontology-development-v4/production/pdf-tranche-metadata-enriched/metadata/PDF-P055.json	3cd7926fd97b0a1031a22e05c44d35274c48020646bdf011ba8fd8301e703747	pilot/ontology-development-v4/production/pdf-tranche-prepared/inputs/PDF-P055.md	3f0f046c1e032dcea8fa0f9cfebcbdf9e17f478f72ec040c2ebf9e30183f2be9	111214	5876c7a0636920df49ae04a515854244e78455f9e4d9a69bb2dba6674d322221	495c3be0bb3284343931ea7527177210d22d5aab617dc051bd70895fb3fe7a53	d60b00a82f40f79ab7e43a2f91a3444c932fc6394d3d5e2dfbf3a7fc3f75cd0c	6fa0d58cc83ecd8cb105236111838ad85f5db44d9ae06f65fee0c7ee90736698	ad111d4f886dc72426c43c11445c6f2e93330e4b2bef1cdb2198dd75eecdfb4d		doi:10.1186/s12955-026-02561-5	1927-RA	input/projects/1927-RA/papers/doi_10.1186_s12955-026-02561-5.pdf	6cded2cfe435558131720802d775a061d6d3e9e4e851a8cf0134210eca123af2	877272	input/projects/1927-RA/publications.json	AUTHOR_ORDER_REVIEW
PDF-P056		10.1186/s12955-026-02578-w	corpus/1892-RA/doi_10.1186_s12955-026-02578-w.md	a5752567666c9884ba873e991aff249bbcdb327ad7053d2df099e0c601c22b50	44450				local PDF tranche; project instances=1	pilot/ontology-development-v4/production/pdf-tranche-metadata-enriched/metadata/PDF-P056.json	0f11bba7a781bc672672b909654eb351793867cf158a12c98c9b0c689e208268	pilot/ontology-development-v4/production/pdf-tranche-prepared/inputs/PDF-P056.md	f717cb624d8adf74633ec6b586d3bdde79c1d46fff80024ca2eee50613f718eb	89151	5876c7a0636920df49ae04a515854244e78455f9e4d9a69bb2dba6674d322221	495c3be0bb3284343931ea7527177210d22d5aab617dc051bd70895fb3fe7a53	d60b00a82f40f79ab7e43a2f91a3444c932fc6394d3d5e2dfbf3a7fc3f75cd0c	6fa0d58cc83ecd8cb105236111838ad85f5db44d9ae06f65fee0c7ee90736698	ad111d4f886dc72426c43c11445c6f2e93330e4b2bef1cdb2198dd75eecdfb4d		doi:10.1186/s12955-026-02578-w	1892-RA	input/projects/1892-RA/papers/doi_10.1186_s12955-026-02578-w.pdf	da5da844d78d85c66131dd1452113199d11f8fd0bf009f12c997fcd2dfec85e1	802974	input/projects/1892-RA/publications.json	ENRICHED
PDF-P057		10.1186/s12955-026-02579-9	corpus/1872-RA/doi_10.1186_s12955-026-02579-9.md	b7aa3f8fac8fea7543c803d1d824a98726169038c0a907e0f250692bd80e7f4d	51096				local PDF tranche; project instances=1	pilot/ontology-development-v4/production/pdf-tranche-metadata-enriched/metadata/PDF-P057.json	1f9e45d8d8297d6e30575d41c1d9d6307c9d97117bd1221a41a67ab96d99936c	pilot/ontology-development-v4/production/pdf-tranche-prepared/inputs/PDF-P057.md	1aca0410a101bb8b59722a1d38c86f35cc81a0510bc68a13acc419ac5d8168e6	96345	5876c7a0636920df49ae04a515854244e78455f9e4d9a69bb2dba6674d322221	495c3be0bb3284343931ea7527177210d22d5aab617dc051bd70895fb3fe7a53	d60b00a82f40f79ab7e43a2f91a3444c932fc6394d3d5e2dfbf3a7fc3f75cd0c	6fa0d58cc83ecd8cb105236111838ad85f5db44d9ae06f65fee0c7ee90736698	ad111d4f886dc72426c43c11445c6f2e93330e4b2bef1cdb2198dd75eecdfb4d		doi:10.1186/s12955-026-02579-9	1872-RA	input/projects/1872-RA/papers/doi_10.1186_s12955-026-02579-9.pdf	47a8bb10c7f0020ae63398ea71fa8e677ffdd95f984329738fcc37d19f58544c	844265	input/projects/1872-RA/publications.json	ENRICHED
PDF-P058		10.1186/s12955-026-02581-1	corpus/1891-RA/doi_10.1186_s12955-026-02581-1.md	a672f5c79e8111e14dd39b67aa7671de240a9e98747bfb224be3c22bf15a0210	62389				local PDF tranche; project instances=1	pilot/ontology-development-v4/production/pdf-tranche-metadata-enriched/metadata/PDF-P058.json	c5aef542c4398bd78cd3f9d103154f843a4eb6ef4ed271f6a602bfef00f9876f	pilot/ontology-development-v4/production/pdf-tranche-prepared/inputs/PDF-P058.md	5b7eaef3909088e5021437dbbb1f249471e28a3b1ba6d950a58ca591ae5aa9a8	107668	5876c7a0636920df49ae04a515854244e78455f9e4d9a69bb2dba6674d322221	495c3be0bb3284343931ea7527177210d22d5aab617dc051bd70895fb3fe7a53	d60b00a82f40f79ab7e43a2f91a3444c932fc6394d3d5e2dfbf3a7fc3f75cd0c	6fa0d58cc83ecd8cb105236111838ad85f5db44d9ae06f65fee0c7ee90736698	ad111d4f886dc72426c43c11445c6f2e93330e4b2bef1cdb2198dd75eecdfb4d		doi:10.1186/s12955-026-02581-1	1891-RA	input/projects/1891-RA/papers/doi_10.1186_s12955-026-02581-1.pdf	cdb3f7f3e99771415c1762116d04289a71f0e0fece8d54e3c6a1bc54d44c5711	836121	input/projects/1891-RA/publications.json	AUTHOR_ORDER_REVIEW
PDF-P060		10.12688/wellcomeopenres.21408.2	corpus/1508-RA/doi_10.12688_wellcomeopenres.21408.2.md	94ecbb2dd9e6c2d21d4ffa337d812922114658c60277c1469323b833a0ca0755	68817				local PDF tranche; project instances=1	pilot/ontology-development-v4/production/pdf-tranche-metadata-enriched/metadata/PDF-P060.json	2319d138b3d989c2082ca2150a3d4b4a8a757608372df329cda57086d3b4303a	pilot/ontology-development-v4/production/pdf-tranche-prepared/inputs/PDF-P060.md	2e772e1a3dae11c28d21c1b55d9030e996d759380e3f5f5990d1cff98fe0a671	115069	5876c7a0636920df49ae04a515854244e78455f9e4d9a69bb2dba6674d322221	495c3be0bb3284343931ea7527177210d22d5aab617dc051bd70895fb3fe7a53	d60b00a82f40f79ab7e43a2f91a3444c932fc6394d3d5e2dfbf3a7fc3f75cd0c	6fa0d58cc83ecd8cb105236111838ad85f5db44d9ae06f65fee0c7ee90736698	ad111d4f886dc72426c43c11445c6f2e93330e4b2bef1cdb2198dd75eecdfb4d		doi:10.12688/wellcomeopenres.21408.2	1508-RA	input/projects/1508-RA/papers/doi_10.12688_wellcomeopenres.21408.2.pdf	f6589664df50b6014e716661947264fc926ca4017e68e421dff5dfdc5e3b4d5a	1080128	input/projects/1508-RA/publications.json	NO_EXACT_OPENALEX_MATCH
PDF-P061		10.21203/rs.3.rs-2423517/v1	corpus/20180080/doi_10.21203_rs.3.rs-2423517_v1.md	cd66c5f01ef35c2a3b7ae5391f9ecb2a21d3a7d6a61b6657191c30e5a5a1c837	66318				local PDF tranche; project instances=1	pilot/ontology-development-v4/production/pdf-tranche-metadata-enriched/metadata/PDF-P061.json	cfdd6c1dee9be7c60f77ede8ee62cd3782312bb595474a424b59ff235012c543	pilot/ontology-development-v4/production/pdf-tranche-prepared/inputs/PDF-P061.md	ac1d92d317f10d3aa3c93b9a8fa88e97cc2b212b95f2544bba0a5331be3badb5	112096	5876c7a0636920df49ae04a515854244e78455f9e4d9a69bb2dba6674d322221	495c3be0bb3284343931ea7527177210d22d5aab617dc051bd70895fb3fe7a53	d60b00a82f40f79ab7e43a2f91a3444c932fc6394d3d5e2dfbf3a7fc3f75cd0c	6fa0d58cc83ecd8cb105236111838ad85f5db44d9ae06f65fee0c7ee90736698	ad111d4f886dc72426c43c11445c6f2e93330e4b2bef1cdb2198dd75eecdfb4d		doi:10.21203/rs.3.rs-2423517/v1	20180080	input/projects/20180080/papers/doi_10.21203_rs.3.rs-2423517_v1.pdf	702a62893ea435dfea6c83ebd68657bbdac7136b9efd72b30d5ecdb72db323fd	947089	input/projects/20180080/publications.json	ENRICHED
PDF-P063		10.22541/au.169215780.00019852/v1	corpus/20170330/doi_10.22541_au.169215780.00019852_v1.md	fe08a041ea76a789382828d96d66274195741e5808218338034b70fd23c3401f	35180				local PDF tranche; project instances=1	pilot/ontology-development-v4/production/pdf-tranche-metadata-enriched/metadata/PDF-P063.json	8cf3ee7040ac1bda4c6e759597fef869a8b34a81ae207587694b3350d8960cb4	pilot/ontology-development-v4/production/pdf-tranche-prepared/inputs/PDF-P063.md	9371139ce7a67b53b2d0cadba48f47a02edc201f086234fef5fedce19e5138e7	81270	5876c7a0636920df49ae04a515854244e78455f9e4d9a69bb2dba6674d322221	495c3be0bb3284343931ea7527177210d22d5aab617dc051bd70895fb3fe7a53	d60b00a82f40f79ab7e43a2f91a3444c932fc6394d3d5e2dfbf3a7fc3f75cd0c	6fa0d58cc83ecd8cb105236111838ad85f5db44d9ae06f65fee0c7ee90736698	ad111d4f886dc72426c43c11445c6f2e93330e4b2bef1cdb2198dd75eecdfb4d		doi:10.22541/au.169215780.00019852/v1	20170330	input/projects/20170330/papers/doi_10.22541_au.169215780.00019852_v1.pdf	1fb95997bc8537889e26aebb6ed4102e5fc4f31d69239348dac8b5020ecdc01f	194314	input/projects/20170330/publications.json	ENRICHED
PDF-P064		10.3390/econometrics11010004	corpus/304-PHD/doi_10.3390_econometrics11010004.md	8407d0ea0c11268badb58bf1b21f71b9ca6436eb98846f25fcfeaa9e9ab92d90	49578				local PDF tranche; project instances=1	pilot/ontology-development-v4/production/pdf-tranche-metadata-enriched/metadata/PDF-P064.json	8b0d3289f1218f6c009df509ac152ab873885e84d5d4a2eed39963597189e622	pilot/ontology-development-v4/production/pdf-tranche-prepared/inputs/PDF-P064.md	c0473cd1d00dcf4b800871e9dbf70d26b2e2d0e85cfe1eec979c11ceb4122c16	94073	5876c7a0636920df49ae04a515854244e78455f9e4d9a69bb2dba6674d322221	495c3be0bb3284343931ea7527177210d22d5aab617dc051bd70895fb3fe7a53	d60b00a82f40f79ab7e43a2f91a3444c932fc6394d3d5e2dfbf3a7fc3f75cd0c	6fa0d58cc83ecd8cb105236111838ad85f5db44d9ae06f65fee0c7ee90736698	ad111d4f886dc72426c43c11445c6f2e93330e4b2bef1cdb2198dd75eecdfb4d		doi:10.3390/econometrics11010004	304-PHD	input/projects/304-PHD/papers/doi_10.3390_econometrics11010004.pdf	b72070d08d03a0daac19dbdcb5b74af2e9dd7dd0bc93434502deb589da46d039	438358	input/projects/304-PHD/publications.json	ENRICHED
PDF-P065		10.36469/001c.145813	corpus/1681-RA/doi_10.36469_001c.145813.md	ed45cdeb5a91bbcfa14ce4a4d1dd3d91cda29f26cc07c84d71666e6f9304f7fa	60971				local PDF tranche; project instances=1	pilot/ontology-development-v4/production/pdf-tranche-metadata-enriched/metadata/PDF-P065.json	170462e03a52044bd1f3669e7e5fa462b041135f79033ef2d00e1458c7fb239b	pilot/ontology-development-v4/production/pdf-tranche-prepared/inputs/PDF-P065.md	33be690586b841f7460ff8516ae3029d71f3aaefc7fde1748e47bcbfa67c1754	108428	5876c7a0636920df49ae04a515854244e78455f9e4d9a69bb2dba6674d322221	495c3be0bb3284343931ea7527177210d22d5aab617dc051bd70895fb3fe7a53	d60b00a82f40f79ab7e43a2f91a3444c932fc6394d3d5e2dfbf3a7fc3f75cd0c	6fa0d58cc83ecd8cb105236111838ad85f5db44d9ae06f65fee0c7ee90736698	ad111d4f886dc72426c43c11445c6f2e93330e4b2bef1cdb2198dd75eecdfb4d		doi:10.36469/001c.145813	1681-RA	input/projects/1681-RA/papers/doi_10.36469_001c.145813.pdf	9b06ca9e5c291c925f3d10e60b20e0ffdbc66b14b05a7af66cae648c8c75ba68	1226291	input/projects/1681-RA/publications.json	ENRICHED
PDF-P066		pmid:36810025	corpus/169-RA/pmid_36810025.md	ca16ec7b0541ececae054268f232aa1cad6b13dc378733a0db8a4498bef280a9	619777				local PDF tranche; project instances=1	pilot/ontology-development-v4/production/pdf-tranche-metadata-enriched/metadata/PDF-P066.json	52713fb0062d6e34a69150f064d1534e17feb9625888d940a21c246c42e17fdf	pilot/ontology-development-v4/production/pdf-tranche-prepared/inputs/PDF-P066.md	be9ec13d44a7812854edac4062c7a4c43b675aae3029b948a82774e1958ba6f8	662819	5876c7a0636920df49ae04a515854244e78455f9e4d9a69bb2dba6674d322221	495c3be0bb3284343931ea7527177210d22d5aab617dc051bd70895fb3fe7a53	d60b00a82f40f79ab7e43a2f91a3444c932fc6394d3d5e2dfbf3a7fc3f75cd0c	6fa0d58cc83ecd8cb105236111838ad85f5db44d9ae06f65fee0c7ee90736698	ad111d4f886dc72426c43c11445c6f2e93330e4b2bef1cdb2198dd75eecdfb4d		pmid:36810025	169-RA	input/projects/169-RA/papers/pmid_36810025.pdf	0184fae65766a3e7c41e89773b0785fbf17891b111660aa44f2bd85a91f69bec	4800882	input/projects/169-RA/publications.json	NO_EXACT_OPENALEX_MATCH
