record_id	doi	article_path	article_sha256	article_bytes	xml_path	xml_sha256	xml_bytes	candidate_project_ids	metadata_path	metadata_sha256	input_path	input_sha256	input_bytes	graph_sha256	task_sha256	addon_sha256
P001	10.1002/hec.4529	corpus/20190080R1/doi_10.1002_hec.4529.md	24e34bf2461ce3ff26ab79718ac248685993a16e57942331dda5fcca6450c417	97490	input/projects/20190080R1/papers/doi_10.1002_hec.4529.xml	ec5d3c6548102af9949816354ec9702e332f373e215702bd15cc0ff3d99402e5	226736	20190080R1	pilot/ontology-development-v3/production-calibration/production-remaining-129/metadata/P001.json	4bbf074db34d5b5908ad051998f4a9d6c51628a01480ba433b369432f832cd01	pilot/ontology-development-v3/production-calibration/production-remaining-129/inputs/P001.md	0d4330f69fa358ce2b5c3125cbbe1a616f669e8b971d1b3ce99d93951ae0bd74	113203	710868dc831cfe94cb1fbcb4dbd7398ff0a5f5c766c7f3b67f39a6ddf5b14d36	29348912865b84c52f532a6c0e729897c6951f490869160960ddc6e7ff6d3764	469a12954bfaac2ce46db20db6a1cec9c04550234651ce50ba2e5d70f7dbad39
P002	10.1002/hsr2.70308	corpus/20190690/doi_10.1002_hsr2.70308.md	343051bd13c04d48c1fad267f6e6fe42b1b3d09fb2b7ba32a4ad0bfb36f4cf79	58585	input/projects/20190690/papers/doi_10.1002_hsr2.70308.xml	e5c106eb9ec417ba5c636ae86dabe9944319c6643e3594008b1c7328ee503edc	107682	20190690	pilot/ontology-development-v3/production-calibration/production-remaining-129/metadata/P002.json	d301b48e9dd91c6f48b30db272aefc626d32ffbcd109b3463768442d69f624e7	pilot/ontology-development-v3/production-calibration/production-remaining-129/inputs/P002.md	cf286091f12f6a717140abeb7bb4aba6748f33aa01e80bfd60d584b5917da07a	76367	710868dc831cfe94cb1fbcb4dbd7398ff0a5f5c766c7f3b67f39a6ddf5b14d36	29348912865b84c52f532a6c0e729897c6951f490869160960ddc6e7ff6d3764	469a12954bfaac2ce46db20db6a1cec9c04550234651ce50ba2e5d70f7dbad39
P003	10.1007/s10198-018-0987-x	corpus/20170450/doi_10.1007_s10198-018-0987-x.md	fc488afa7b1a983ed266cae605368061b0e9fb85c5648b5e2a1ee89cec5aa645	39487	input/projects/20170450/papers/doi_10.1007_s10198-018-0987-x.xml	e14d5224491c287f9b87e33a2179419cb35353da74b99a0c18011d61f11aadb6	77612	20170450	pilot/ontology-development-v3/production-calibration/production-remaining-129/metadata/P003.json	5b1409dc8039d9f5a8f0e25c469eb27d29dfe9511ad70278df863a285ab7dbe9	pilot/ontology-development-v3/production-calibration/production-remaining-129/inputs/P003.md	9cddba6533a4f450dffa0e8cce4f005d8551ad1d61e2096cb1346b470c5dc90c	56356	710868dc831cfe94cb1fbcb4dbd7398ff0a5f5c766c7f3b67f39a6ddf5b14d36	29348912865b84c52f532a6c0e729897c6951f490869160960ddc6e7ff6d3764	469a12954bfaac2ce46db20db6a1cec9c04550234651ce50ba2e5d70f7dbad39
P004	10.1007/s10198-018-0993-z	corpus/2014170/doi_10.1007_s10198-018-0993-z.md	9a859cd03aa3256bbd52a6fac01749ca85e7d878770f3d212d83ce3ec304a741	80616	input/projects/2014170/papers/doi_10.1007_s10198-018-0993-z.xml	dec669d4343395a111005589a7c0b37c718f02cf6620fff4ba7f9f09009b7789	131975	2014170	pilot/ontology-development-v3/production-calibration/production-remaining-129/metadata/P004.json	3c1b4652b820460e23bb2cf3d8f2701c327f4b853d4ec7753b81ca6689686215	pilot/ontology-development-v3/production-calibration/production-remaining-129/inputs/P004.md	70871381787d9bdc140d0813e49ff960076eae0ffb9a1f9a809ccd25015d247c	99927	710868dc831cfe94cb1fbcb4dbd7398ff0a5f5c766c7f3b67f39a6ddf5b14d36	29348912865b84c52f532a6c0e729897c6951f490869160960ddc6e7ff6d3764	469a12954bfaac2ce46db20db6a1cec9c04550234651ce50ba2e5d70f7dbad39
P005	10.1007/s10198-020-01205-9	corpus/2016570/doi_10.1007_s10198-020-01205-9.md	e0ec77f46624ebf9052b6ffb529918fbfd19e7affd57f7dd8583b72758151a0c	93389	input/projects/2016570/papers/doi_10.1007_s10198-020-01205-9.xml	8d9db24ac445adf37316e26f1bc8264d38faf465726d243c34ee73ed851c60eb	133497	2016570	pilot/ontology-development-v3/production-calibration/production-remaining-129/metadata/P005.json	3705228bff514da0b4cb455c40bc8f936d6a2f0fd19b04a2e89109057a5e68c5	pilot/ontology-development-v3/production-calibration/production-remaining-129/inputs/P005.md	8d179f06f9f926aca4a1d15665c459c951ceacdf544a5b9fb60364904c1bc7ab	111479	710868dc831cfe94cb1fbcb4dbd7398ff0a5f5c766c7f3b67f39a6ddf5b14d36	29348912865b84c52f532a6c0e729897c6951f490869160960ddc6e7ff6d3764	469a12954bfaac2ce46db20db6a1cec9c04550234651ce50ba2e5d70f7dbad39
P006	10.1007/s10198-021-01306-z	corpus/2016710/doi_10.1007_s10198-021-01306-z.md	3fd5eca21b9429c79f5c0947e286ee07919dea027a79fd7f4a03fd45cd902b0b	92752	input/projects/2016710/papers/doi_10.1007_s10198-021-01306-z.xml	4635a42ac27ffc95d4f09a228cd0f585a258727259ec5e5792840555c56a2f12	159101	2016710;20180350	pilot/ontology-development-v3/production-calibration/production-remaining-129/metadata/P006.json	ef17d18f29471c169551f8fe899f8141d7024c32fd9efdd672ba74d9e0ddaea1	pilot/ontology-development-v3/production-calibration/production-remaining-129/inputs/P006.md	51d447bbda0c8e454931ed3fce643c6026db45320eb4ba343e323c15edafecdb	117629	710868dc831cfe94cb1fbcb4dbd7398ff0a5f5c766c7f3b67f39a6ddf5b14d36	29348912865b84c52f532a6c0e729897c6951f490869160960ddc6e7ff6d3764	469a12954bfaac2ce46db20db6a1cec9c04550234651ce50ba2e5d70f7dbad39
P007	10.1007/s10198-021-01309-w	corpus/20170330/doi_10.1007_s10198-021-01309-w.md	35f7b7dbe33f5a60c39aa8891f623a655e9d2d45373b0da90ea86c71f36ed3a6	68283	input/projects/20170330/papers/doi_10.1007_s10198-021-01309-w.xml	c1ebc30a1a23e2fb60c1ba11dee5994e65d62817a582b4085ea230d569db3dc9	104328	20170330	pilot/ontology-development-v3/production-calibration/production-remaining-129/metadata/P007.json	3ba14a6b7e96c1d7cb44f92fff9d6032aa3af8642b7430af17f543ed11685223	pilot/ontology-development-v3/production-calibration/production-remaining-129/inputs/P007.md	fb55e81e117487fd72a3fea21532bc67d535e67a4fd437c7b840273f193431fd	86305	710868dc831cfe94cb1fbcb4dbd7398ff0a5f5c766c7f3b67f39a6ddf5b14d36	29348912865b84c52f532a6c0e729897c6951f490869160960ddc6e7ff6d3764	469a12954bfaac2ce46db20db6a1cec9c04550234651ce50ba2e5d70f7dbad39
P008	10.1007/s10198-022-01481-7	corpus/20180030R1/doi_10.1007_s10198-022-01481-7.md	fcd9d9072d1a4642b7bf7fe9c1d5bbf6b1a5d9a7a545b31c8fdb0498bc6665e4	57058	input/projects/20180030R1/papers/doi_10.1007_s10198-022-01481-7.xml	1d43766b183a4abf40ac2e65a1ab5cc75d3653182d139c8d45e818b0a097ac6e	121152	20180030R1	pilot/ontology-development-v3/production-calibration/production-remaining-129/metadata/P008.json	ba221d8a1234043214a4221e1b220e1dd6195ebeab7f366e49380a2eb68d17a5	pilot/ontology-development-v3/production-calibration/production-remaining-129/inputs/P008.md	31df3a2a4791814d087f2b415fd42476bce1d8e45bfcf11a921cd73c804b553a	76407	710868dc831cfe94cb1fbcb4dbd7398ff0a5f5c766c7f3b67f39a6ddf5b14d36	29348912865b84c52f532a6c0e729897c6951f490869160960ddc6e7ff6d3764	469a12954bfaac2ce46db20db6a1cec9c04550234651ce50ba2e5d70f7dbad39
P009	10.1007/s10198-023-01668-6	corpus/417-RA/doi_10.1007_s10198-023-01668-6.md	6a9173e4d10243356fbe6ec8bb7373ba7bccbe3639324c38ae6337476fb90e1d	97711	input/projects/417-RA/papers/doi_10.1007_s10198-023-01668-6.xml	33073694eb0b31d537862471764ab168776206884db393b66b657d0ec85eaa10	156611	417-RA	pilot/ontology-development-v3/production-calibration/production-remaining-129/metadata/P009.json	c50c23083f32ed1864ee6e74a087edc87c7f3f6f63e27b60200491335942e0bb	pilot/ontology-development-v3/production-calibration/production-remaining-129/inputs/P009.md	8a2b1a4dfdb76a14dfa53ae7c81c8713a5196c2f776dbfc95b8abd8baeb8650f	113748	710868dc831cfe94cb1fbcb4dbd7398ff0a5f5c766c7f3b67f39a6ddf5b14d36	29348912865b84c52f532a6c0e729897c6951f490869160960ddc6e7ff6d3764	469a12954bfaac2ce46db20db6a1cec9c04550234651ce50ba2e5d70f7dbad39
P010	10.1007/s10198-024-01682-2	corpus/444-RA/doi_10.1007_s10198-024-01682-2.md	3d8470dfc1520b9b531b28b99ba49d0ce187e0e0861fb15bc2979418effaf7c2	74791	input/projects/444-RA/papers/doi_10.1007_s10198-024-01682-2.xml	71c82e502fd5912693182e8c6882846f3a9b086b2ac787645f3057278ff852c4	144581	444-RA	pilot/ontology-development-v3/production-calibration/production-remaining-129/metadata/P010.json	8ddaba3f5f18a391dc1c83641b94e5228dd639a518580b1f0a9c1cc4445f7b74	pilot/ontology-development-v3/production-calibration/production-remaining-129/inputs/P010.md	60570067a6f0d21a4bba20fa32124888fe5aade383cb8ce790a13502346fdc51	92165	710868dc831cfe94cb1fbcb4dbd7398ff0a5f5c766c7f3b67f39a6ddf5b14d36	29348912865b84c52f532a6c0e729897c6951f490869160960ddc6e7ff6d3764	469a12954bfaac2ce46db20db6a1cec9c04550234651ce50ba2e5d70f7dbad39
P011	10.1007/s10198-025-01770-x	corpus/218-RA/doi_10.1007_s10198-025-01770-x.md	087da109d92a3fb7edf1c86e6a127a1b3c8251c03a41e3faaf64d4e43af7e7d9	173513	input/projects/218-RA/papers/doi_10.1007_s10198-025-01770-x.xml	3e0764427e7d623271e9fdc65a93f7975fd7954312a422687e158f576a1403b9	262678	218-RA	pilot/ontology-development-v3/production-calibration/production-remaining-129/metadata/P011.json	bffa8c09eda0ca4b19adc337731d38c8a78889d5302389f76cbf77482661f726	pilot/ontology-development-v3/production-calibration/production-remaining-129/inputs/P011.md	ac6133f3e11879ebc39c3ad3ada4514b7d36851d1d02e775543169fa4a2c22d5	194603	710868dc831cfe94cb1fbcb4dbd7398ff0a5f5c766c7f3b67f39a6ddf5b14d36	29348912865b84c52f532a6c0e729897c6951f490869160960ddc6e7ff6d3764	469a12954bfaac2ce46db20db6a1cec9c04550234651ce50ba2e5d70f7dbad39
P012	10.1007/s10198-025-01852-w	corpus/1497-RA/doi_10.1007_s10198-025-01852-w.md	7f208ff259e02fac8440b9c0ae5754c94818f773a2d74423b127ff542b61626a	69374	input/projects/1497-RA/papers/doi_10.1007_s10198-025-01852-w.xml	b5bdef93161e84399a8d524d5f6df482dfa2c199b4ccc2d7d974c38d5dcfe86f	191888	1497-RA	pilot/ontology-development-v3/production-calibration/production-remaining-129/metadata/P012.json	d46de7014b76d63a8ce1de7b4ad10c766e2020ad2d14a8970d46db6d8a6884e4	pilot/ontology-development-v3/production-calibration/production-remaining-129/inputs/P012.md	300b1c548856fe7cc4b385d9d12b62a7c6f31be9fa1db7f57da28b887010313e	88772	710868dc831cfe94cb1fbcb4dbd7398ff0a5f5c766c7f3b67f39a6ddf5b14d36	29348912865b84c52f532a6c0e729897c6951f490869160960ddc6e7ff6d3764	469a12954bfaac2ce46db20db6a1cec9c04550234651ce50ba2e5d70f7dbad39
P013	10.1007/s11136-017-1512-x	corpus/2015150/doi_10.1007_s11136-017-1512-x.md	b20c61de79db4740a9852bd43f96acff500f7f5a383929ef915346ef7ce4e77f	44907	input/projects/2015150/papers/doi_10.1007_s11136-017-1512-x.xml	fd5d55ec8aec95ec877b838f8d9e60929a6324387a284d47c9e5741697cf55e7	90305	2015150	pilot/ontology-development-v3/production-calibration/production-remaining-129/metadata/P013.json	fe647f1fff4e2f670225ee58c9b748f49ed58468adb324991fba10456dd7690c	pilot/ontology-development-v3/production-calibration/production-remaining-129/inputs/P013.md	a473acdb426872f5488e77ae7fb0e99ab41ff0a4161c5e8999cb77acc8e0a676	60759	710868dc831cfe94cb1fbcb4dbd7398ff0a5f5c766c7f3b67f39a6ddf5b14d36	29348912865b84c52f532a6c0e729897c6951f490869160960ddc6e7ff6d3764	469a12954bfaac2ce46db20db6a1cec9c04550234651ce50ba2e5d70f7dbad39
P014	10.1007/s11136-019-02115-x	corpus/2014160/doi_10.1007_s11136-019-02115-x.md	04548203cbc5d71bba6264c57524d711ef2883c370edc52006135a39e0eab645	69271	input/projects/2014160/papers/doi_10.1007_s11136-019-02115-x.xml	9c84d2fa7e8ebbb3470837733982f3c1d00dc3ad096c45b40c9c72cedeb3d7db	111972	2014160	pilot/ontology-development-v3/production-calibration/production-remaining-129/metadata/P014.json	00ff65ff57e6adcf7f340f45cf6fdcc5e9f3a6130390dcd090375801ea3a8f2c	pilot/ontology-development-v3/production-calibration/production-remaining-129/inputs/P014.md	d6d5caa5d3d67a6805aed2196bbaa4357fe69a31a48e6b6e00fa15d37af0f40d	90478	710868dc831cfe94cb1fbcb4dbd7398ff0a5f5c766c7f3b67f39a6ddf5b14d36	29348912865b84c52f532a6c0e729897c6951f490869160960ddc6e7ff6d3764	469a12954bfaac2ce46db20db6a1cec9c04550234651ce50ba2e5d70f7dbad39
P015	10.1007/s11136-020-02469-7	corpus/20170220/doi_10.1007_s11136-020-02469-7.md	f2ab2fd28939840934c26a947c8a3990e885a4dae65a88bb5334aa2a08fb0697	61434	input/projects/20170220/papers/doi_10.1007_s11136-020-02469-7.xml	01e36da4c30f08d32ac309ce545d50201d3b50a2666625bdfb5c1ad7853d6933	120475	20170220	pilot/ontology-development-v3/production-calibration/production-remaining-129/metadata/P015.json	36dc551414ebd293bd7a0cc4cbe8039d64aae4c598c504c117bcda86f39a6b37	pilot/ontology-development-v3/production-calibration/production-remaining-129/inputs/P015.md	c7519f1e14752906201b3b718c82279c728846ddd86584038ad079f651db5802	79609	710868dc831cfe94cb1fbcb4dbd7398ff0a5f5c766c7f3b67f39a6ddf5b14d36	29348912865b84c52f532a6c0e729897c6951f490869160960ddc6e7ff6d3764	469a12954bfaac2ce46db20db6a1cec9c04550234651ce50ba2e5d70f7dbad39
P016	10.1007/s11136-020-02688-y	corpus/2016170/doi_10.1007_s11136-020-02688-y.md	5d7c04ab1bf4b1d87968b8d8cc575c55820c8c1ea3019acf189a876b1f32bb96	121988	input/projects/2016170/papers/doi_10.1007_s11136-020-02688-y.xml	c7c06f3a7d83931444bf453017208eb8eb93af78174a52aa9c58f9aabf44e078	279129	2016170	pilot/ontology-development-v3/production-calibration/production-remaining-129/metadata/P016.json	101e3cdef8f5dd313812e7c96ac7ba9c141b38c82bb994a1a55477af527a72f9	pilot/ontology-development-v3/production-calibration/production-remaining-129/inputs/P016.md	532b9df6424b0d3507d568d0c68b3bfaee157defd4d90b5095c7b199e940c597	140350	710868dc831cfe94cb1fbcb4dbd7398ff0a5f5c766c7f3b67f39a6ddf5b14d36	29348912865b84c52f532a6c0e729897c6951f490869160960ddc6e7ff6d3764	469a12954bfaac2ce46db20db6a1cec9c04550234651ce50ba2e5d70f7dbad39
P017	10.1007/s11136-020-02712-1	corpus/2016470/doi_10.1007_s11136-020-02712-1.md	4f1a49da1d95d6c19834368504c32de36b541e51310ed101e8616eaf45d850c7	66890	input/projects/2016470/papers/doi_10.1007_s11136-020-02712-1.xml	44fa8ebc1bca577cd67cf714dae9cfd0e01e4eb79c2b620a41f9d5dde97eac03	114622	2016470	pilot/ontology-development-v3/production-calibration/production-remaining-129/metadata/P017.json	8aec183b809f9d39654d40d82bd504ec978243a0b20b84a74a0fcf1efb68ec9b	pilot/ontology-development-v3/production-calibration/production-remaining-129/inputs/P017.md	8918ec9c52bfba0e1bddf0f40674e1db6504530062afd440626ffb69d28bd993	86900	710868dc831cfe94cb1fbcb4dbd7398ff0a5f5c766c7f3b67f39a6ddf5b14d36	29348912865b84c52f532a6c0e729897c6951f490869160960ddc6e7ff6d3764	469a12954bfaac2ce46db20db6a1cec9c04550234651ce50ba2e5d70f7dbad39
P018	10.1007/s11136-020-02718-9	corpus/2016710/doi_10.1007_s11136-020-02718-9.md	421a9be9357f6020c7cdb5b8a40e84634618ef1aa32c23b36bae42cc2dd59006	36139	input/projects/2016710/papers/doi_10.1007_s11136-020-02718-9.xml	baa57fe61e09a2503410644382472f886a8d8f1e84487eef23002a3cf7390a59	56735	2016710	pilot/ontology-development-v3/production-calibration/production-remaining-129/metadata/P018.json	38be02423679e1636d525a97eac6d9517c8a5372b3603683106bbfdf0d7a57c2	pilot/ontology-development-v3/production-calibration/production-remaining-129/inputs/P018.md	69b4b679db30121f8c76760453c488e0775b38a23da61d87f11a9c4e30c9d932	53489	710868dc831cfe94cb1fbcb4dbd7398ff0a5f5c766c7f3b67f39a6ddf5b14d36	29348912865b84c52f532a6c0e729897c6951f490869160960ddc6e7ff6d3764	469a12954bfaac2ce46db20db6a1cec9c04550234651ce50ba2e5d70f7dbad39
P019	10.1007/s11136-021-02922-1	corpus/20170130/doi_10.1007_s11136-021-02922-1.md	8fa7e4ee78bbb8bd6bf393a22c7728963cb473780518d3d64ebd4ec65dd7fe76	71168	input/projects/20170130/papers/doi_10.1007_s11136-021-02922-1.xml	31a12c3b6a3a92ad42477d7a58d561a571922c320f30927ee5af4421efd9a849	138153	20170130	pilot/ontology-development-v3/production-calibration/production-remaining-129/metadata/P019.json	35074827d7473f39f0488b849c1be9487528cfd70f2b0c1d9117a36e2832b0fb	pilot/ontology-development-v3/production-calibration/production-remaining-129/inputs/P019.md	634df810212393435094f28b49e21bb4b5856140706f495be08cf9db6fbdd9e9	89464	710868dc831cfe94cb1fbcb4dbd7398ff0a5f5c766c7f3b67f39a6ddf5b14d36	29348912865b84c52f532a6c0e729897c6951f490869160960ddc6e7ff6d3764	469a12954bfaac2ce46db20db6a1cec9c04550234651ce50ba2e5d70f7dbad39
P020	10.1007/s11136-021-03007-9	corpus/2015200/doi_10.1007_s11136-021-03007-9.md	e43e3d21c78a317a2f2181a314f7527590cf888c097e4a70bd1637db1a9197e7	70639	input/projects/2015200/papers/doi_10.1007_s11136-021-03007-9.xml	1bcdaa47d576062d531315c9003670d78bae3c1651fc9be124e25fdf24bb3df4	133205	2015200	pilot/ontology-development-v3/production-calibration/production-remaining-129/metadata/P020.json	a1640ee0e65c336d9e49a3d720490fff1fcebf45452766df16ea970edeae3300	pilot/ontology-development-v3/production-calibration/production-remaining-129/inputs/P020.md	9b7cbc9693ec3bf2eb7349d3b133654cb6ba27a9ff31fc88d0573c5f8c95e91b	94067	710868dc831cfe94cb1fbcb4dbd7398ff0a5f5c766c7f3b67f39a6ddf5b14d36	29348912865b84c52f532a6c0e729897c6951f490869160960ddc6e7ff6d3764	469a12954bfaac2ce46db20db6a1cec9c04550234651ce50ba2e5d70f7dbad39
P021	10.1007/s11136-021-03075-x	corpus/20180230/doi_10.1007_s11136-021-03075-x.md	b74d1da3c908098efdcdb1f163991e4cc891ea8737c285ddf5b5ea1c3665186b	57070	input/projects/20180230/papers/doi_10.1007_s11136-021-03075-x.xml	d7980458dd75684dbb9efbb57cbe7c05e103d3db17eefd37aa60044b5518d225	155331	20180230	pilot/ontology-development-v3/production-calibration/production-remaining-129/metadata/P021.json	254b2fab1bae0fe99a4e5e2efd659976768142f1b3287269c7f9c840e4af8b4d	pilot/ontology-development-v3/production-calibration/production-remaining-129/inputs/P021.md	895e9bd5e4e53e3866e7d524775563907939cd5b6d0e29bf55037392991f6395	81139	710868dc831cfe94cb1fbcb4dbd7398ff0a5f5c766c7f3b67f39a6ddf5b14d36	29348912865b84c52f532a6c0e729897c6951f490869160960ddc6e7ff6d3764	469a12954bfaac2ce46db20db6a1cec9c04550234651ce50ba2e5d70f7dbad39
P022	10.1007/s11136-022-03304-x	corpus/2016560/doi_10.1007_s11136-022-03304-x.md	a4f0a9073efa9d3b7dc78a1fac7ffc50b365e19017a2a57a3d23225fccd3ccab	54385	input/projects/2016560/papers/doi_10.1007_s11136-022-03304-x.xml	2487225de2e283f7cf5b5fe22ab6a84a0541c5685a86f36f603968ea7129e0b4	91299	2016560;20190550	pilot/ontology-development-v3/production-calibration/production-remaining-129/metadata/P022.json	910f681aff1f6ed038dd3b08b4c3a122352da3ac76c201b18c3146841cb44def	pilot/ontology-development-v3/production-calibration/production-remaining-129/inputs/P022.md	4a6279a66396eee078d4674770aec5a186de3840c0a6f0a493212d5ef66fd36d	76939	710868dc831cfe94cb1fbcb4dbd7398ff0a5f5c766c7f3b67f39a6ddf5b14d36	29348912865b84c52f532a6c0e729897c6951f490869160960ddc6e7ff6d3764	469a12954bfaac2ce46db20db6a1cec9c04550234651ce50ba2e5d70f7dbad39
P023	10.1007/s11136-023-03509-8	corpus/461-RA/doi_10.1007_s11136-023-03509-8.md	b31d67968f6bdc2c3ade917555827fbe9294dc8cf1b6ece53c184c3ae825361b	81310	input/projects/461-RA/papers/doi_10.1007_s11136-023-03509-8.xml	6359434e47db5c59c9372dd3e3edaeb7a3ac65690aa1e37a897139bdc7b60aea	154364	461-RA	pilot/ontology-development-v3/production-calibration/production-remaining-129/metadata/P023.json	66fd9fa93ca26057aab10396bbc4371ad4fe7e4ece9d58b11f63c35e2df51f82	pilot/ontology-development-v3/production-calibration/production-remaining-129/inputs/P023.md	56ad97a35772fa0389865f3d849f6aa015c1ca60ac2b6f40dd9df009df6b974e	100406	710868dc831cfe94cb1fbcb4dbd7398ff0a5f5c766c7f3b67f39a6ddf5b14d36	29348912865b84c52f532a6c0e729897c6951f490869160960ddc6e7ff6d3764	469a12954bfaac2ce46db20db6a1cec9c04550234651ce50ba2e5d70f7dbad39
P024	10.1007/s11136-024-03618-y	corpus/342-RA/doi_10.1007_s11136-024-03618-y.md	d6179a7caa21fee0c9f0805d48adbbcae6b63fb84f3fc2894fa9ed1d66f5de18	48199	input/projects/342-RA/papers/doi_10.1007_s11136-024-03618-y.xml	1e2b092223e7ad7a20fe561df61a9d0bbcb8e0a902e5246d6562b3208a276c54	94461	342-RA	pilot/ontology-development-v3/production-calibration/production-remaining-129/metadata/P024.json	f45b476e781ab229b21ab8f65bf6b5170dd6cfd4a24f32484272cc7898c73a2d	pilot/ontology-development-v3/production-calibration/production-remaining-129/inputs/P024.md	7c9dee035fa878447def33a234494af17f1a90abc8795be53842220070422130	66116	710868dc831cfe94cb1fbcb4dbd7398ff0a5f5c766c7f3b67f39a6ddf5b14d36	29348912865b84c52f532a6c0e729897c6951f490869160960ddc6e7ff6d3764	469a12954bfaac2ce46db20db6a1cec9c04550234651ce50ba2e5d70f7dbad39
P025	10.1007/s11136-024-03754-5	corpus/243-RA/doi_10.1007_s11136-024-03754-5.md	1f4f3868188c77fe478b58029a12ec85b41ec4a07dccd704cc64d7e86ed5bc40	79308	input/projects/243-RA/papers/doi_10.1007_s11136-024-03754-5.xml	dff0325e7097e4a7df56b12a00caecac7f3a2ced58230016e3ecb16725670569	119434	243-RA	pilot/ontology-development-v3/production-calibration/production-remaining-129/metadata/P025.json	4641d2469602c3185d50541395bbe61ab3bd7e44cfe654b82db08027c852bffe	pilot/ontology-development-v3/production-calibration/production-remaining-129/inputs/P025.md	9b65cef2ec66f0df4822c74cf1eba09b011c002242bde1a91d7bf7aae2246638	98682	710868dc831cfe94cb1fbcb4dbd7398ff0a5f5c766c7f3b67f39a6ddf5b14d36	29348912865b84c52f532a6c0e729897c6951f490869160960ddc6e7ff6d3764	469a12954bfaac2ce46db20db6a1cec9c04550234651ce50ba2e5d70f7dbad39
P026	10.1007/s11136-024-03817-7	corpus/466-RA/doi_10.1007_s11136-024-03817-7.md	60df454d5d3dbfc0bc0090101a2124061561063a4bad9dbdec40d388980638d9	50613	input/projects/466-RA/papers/doi_10.1007_s11136-024-03817-7.xml	d5a10885c9f7bf5bf12b7f356bf41bb60fe96f7a7a085cc41eb97b6860f1f923	115612	466-RA	pilot/ontology-development-v3/production-calibration/production-remaining-129/metadata/P026.json	09812eefe35d1081314cdbac0e7be8b6bc7755176d93b540acbfb01a06522e76	pilot/ontology-development-v3/production-calibration/production-remaining-129/inputs/P026.md	add44be468f478465b1a363930a5e1239adc975c775d184710115a432613862b	69859	710868dc831cfe94cb1fbcb4dbd7398ff0a5f5c766c7f3b67f39a6ddf5b14d36	29348912865b84c52f532a6c0e729897c6951f490869160960ddc6e7ff6d3764	469a12954bfaac2ce46db20db6a1cec9c04550234651ce50ba2e5d70f7dbad39
P027	10.1007/s11136-024-03875-x	corpus/1475-RA/doi_10.1007_s11136-024-03875-x.md	f8d32a59a6e392759fc0c38accaee1b28f75699d4ff172abdcc62c41f4c4719f	64852	input/projects/1475-RA/papers/doi_10.1007_s11136-024-03875-x.xml	f198017e1d66ff17c61a6f9d907399dd77421c89e49b3b0f82015f727ff38099	146028	1475-RA	pilot/ontology-development-v3/production-calibration/production-remaining-129/metadata/P027.json	766b8d6bcf2e9787aaf03ff4f11123882f1fc136a8aa8c2c9130eb59d9622082	pilot/ontology-development-v3/production-calibration/production-remaining-129/inputs/P027.md	f3efc7bcca4b51d26648c630bb30c797d66fef063edb058eb64d70ca3d524e48	82776	710868dc831cfe94cb1fbcb4dbd7398ff0a5f5c766c7f3b67f39a6ddf5b14d36	29348912865b84c52f532a6c0e729897c6951f490869160960ddc6e7ff6d3764	469a12954bfaac2ce46db20db6a1cec9c04550234651ce50ba2e5d70f7dbad39
P028	10.1007/s11136-025-03925-y	corpus/1644-RA/doi_10.1007_s11136-025-03925-y.md	db60fc6dd29a3a4603323be172f93ab3a6dadfa5d9249e99b8e019d5e49266e4	106684	input/projects/1644-RA/papers/doi_10.1007_s11136-025-03925-y.xml	ef17c80b21ef72b35feb1c2da99f6221380b177f17620f7ac81d60f0c78597f8	195825	1644-RA	pilot/ontology-development-v3/production-calibration/production-remaining-129/metadata/P028.json	0f8926c91c2f97fbb578beed4c38830a8ecb4c10df422a13d523beb0cdb11261	pilot/ontology-development-v3/production-calibration/production-remaining-129/inputs/P028.md	3ba3b013c4121072870149f55888eb47886a96c4af432b5e06f9891b1c636f09	127382	710868dc831cfe94cb1fbcb4dbd7398ff0a5f5c766c7f3b67f39a6ddf5b14d36	29348912865b84c52f532a6c0e729897c6951f490869160960ddc6e7ff6d3764	469a12954bfaac2ce46db20db6a1cec9c04550234651ce50ba2e5d70f7dbad39
P029	10.1007/s11136-025-03930-1	corpus/1411-VS/doi_10.1007_s11136-025-03930-1.md	06cd47ce7b8c4e8d26327e3407a25539e756606d602863d3d907f73fd8c71dc7	73318	input/projects/1411-VS/papers/doi_10.1007_s11136-025-03930-1.xml	c91dba6b0e6b2afc5af21631c142d2fa0898b4309b598c6400f727b10a825eaa	157518	1411-VS	pilot/ontology-development-v3/production-calibration/production-remaining-129/metadata/P029.json	9618bd339f52658b08f500c4e40f0ee4e42c1cac597e19d73ff6152a149a1454	pilot/ontology-development-v3/production-calibration/production-remaining-129/inputs/P029.md	ecc99b42d3c8a65ec8828085ff51db039d504e8a714a42da8bc8b0e935a29373	95346	710868dc831cfe94cb1fbcb4dbd7398ff0a5f5c766c7f3b67f39a6ddf5b14d36	29348912865b84c52f532a6c0e729897c6951f490869160960ddc6e7ff6d3764	469a12954bfaac2ce46db20db6a1cec9c04550234651ce50ba2e5d70f7dbad39
P030	10.1007/s11136-025-03983-2	corpus/367-RA/doi_10.1007_s11136-025-03983-2.md	afc648a5368fb945d630b3b9a8cae8a92a9f18b8b489be05f308847bd549dc77	73694	input/projects/367-RA/papers/doi_10.1007_s11136-025-03983-2.xml	d206123f5d69763c576d3ea181736ec840ad6376a6721bbb82ec054dd0a2f5fb	120094	367-RA	pilot/ontology-development-v3/production-calibration/production-remaining-129/metadata/P030.json	8f36fbf8e94edf07e1aaa51ad6d915f2063413615a851f7fbaaa5ddb8ba40ed6	pilot/ontology-development-v3/production-calibration/production-remaining-129/inputs/P030.md	26cf9755e22958dcde509376b8ae5e38ad101c20335680f058b8cd58608aaf18	98258	710868dc831cfe94cb1fbcb4dbd7398ff0a5f5c766c7f3b67f39a6ddf5b14d36	29348912865b84c52f532a6c0e729897c6951f490869160960ddc6e7ff6d3764	469a12954bfaac2ce46db20db6a1cec9c04550234651ce50ba2e5d70f7dbad39
P031	10.1007/s11136-025-04003-z	corpus/1811-RA/doi_10.1007_s11136-025-04003-z.md	b94ca45ec043a5b7b81d28380e4d24256b09bb60f846c3a8b8ac80a0090ee5a8	58977	input/projects/1811-RA/papers/doi_10.1007_s11136-025-04003-z.xml	6a95591a561b1a2461d87fd0808cfad0f402646db4182e62d27b662f15973bb1	96901	1811-RA	pilot/ontology-development-v3/production-calibration/production-remaining-129/metadata/P031.json	0a64c889b789c336189043517d8c1da8f59a3856881836cf73053fc11a938b7b	pilot/ontology-development-v3/production-calibration/production-remaining-129/inputs/P031.md	27b4085a422e7abf3418d4d09b07374fe24001089c04defe948ad0fb7551ff53	75956	710868dc831cfe94cb1fbcb4dbd7398ff0a5f5c766c7f3b67f39a6ddf5b14d36	29348912865b84c52f532a6c0e729897c6951f490869160960ddc6e7ff6d3764	469a12954bfaac2ce46db20db6a1cec9c04550234651ce50ba2e5d70f7dbad39
P032	10.1007/s11136-025-04053-3	corpus/1970-RA/doi_10.1007_s11136-025-04053-3.md	294b302ed8a9a3c392b3a96e4d221031b5c0d5da65cd4755b3d24432ddf8cae3	175492	input/projects/1970-RA/papers/doi_10.1007_s11136-025-04053-3.xml	1d4a77b5283acfcee9227b25f9250598e627b757d83371fa3621ed7dafc8f99e	245660	1970-RA;464-RA	pilot/ontology-development-v3/production-calibration/production-remaining-129/metadata/P032.json	27ae7d0b17c28fd93548ab9c95a078309caaecafe17f67b23605b9e0b5e13e45	pilot/ontology-development-v3/production-calibration/production-remaining-129/inputs/P032.md	e0de2d960c0bc6726707b5770d290778e908dc9c7c0aae1437ebb86986453843	194259	710868dc831cfe94cb1fbcb4dbd7398ff0a5f5c766c7f3b67f39a6ddf5b14d36	29348912865b84c52f532a6c0e729897c6951f490869160960ddc6e7ff6d3764	469a12954bfaac2ce46db20db6a1cec9c04550234651ce50ba2e5d70f7dbad39
P033	10.1007/s11136-025-04077-9	corpus/337-RA/doi_10.1007_s11136-025-04077-9.md	c9d991ea736c679c545b095bb80a894864796b8403649cedc05be2522930889f	86999	input/projects/337-RA/papers/doi_10.1007_s11136-025-04077-9.xml	8f2433eca82e2a0dbe8f49bbe8fe0d839bc8531c51d799175eec7b390940a02b	167320	337-RA	pilot/ontology-development-v3/production-calibration/production-remaining-129/metadata/P033.json	9e1789f14cba65680cb28f779e9089f1141d33d707fddb82a67254a506a26a65	pilot/ontology-development-v3/production-calibration/production-remaining-129/inputs/P033.md	be5dcc0bae03e87823447b6a97b21b7cab0f3332b6d8e2328a1eebf5d5c22ce6	104571	710868dc831cfe94cb1fbcb4dbd7398ff0a5f5c766c7f3b67f39a6ddf5b14d36	29348912865b84c52f532a6c0e729897c6951f490869160960ddc6e7ff6d3764	469a12954bfaac2ce46db20db6a1cec9c04550234651ce50ba2e5d70f7dbad39
P034	10.1007/s11136-025-04133-4	corpus/1816-RA/doi_10.1007_s11136-025-04133-4.md	cae39aa6cf1b317a30f9720046095b41b03b2099917a35d2bf8a92ff14afcab1	75885	input/projects/1816-RA/papers/doi_10.1007_s11136-025-04133-4.xml	383567be9e63c714437b6ab068e5489950229251847a630e711e01da88a5db82	172409	1816-RA	pilot/ontology-development-v3/production-calibration/production-remaining-129/metadata/P034.json	5808e1ee588fd05bab2e98bc5d55b036e23faf26d487376e39d695481ddafc4f	pilot/ontology-development-v3/production-calibration/production-remaining-129/inputs/P034.md	dc28801d1e4b4fb9c573722e3c5722553b8739da9176e54701fe4ba3f9543ca8	93397	710868dc831cfe94cb1fbcb4dbd7398ff0a5f5c766c7f3b67f39a6ddf5b14d36	29348912865b84c52f532a6c0e729897c6951f490869160960ddc6e7ff6d3764	469a12954bfaac2ce46db20db6a1cec9c04550234651ce50ba2e5d70f7dbad39
P035	10.1007/s11136-025-04145-0	corpus/1487-RA/doi_10.1007_s11136-025-04145-0.md	5c7fea9e7096d269077e072c42f9c9bf6fc5026b0b3ff824757fa0118cd86150	52012	input/projects/1487-RA/papers/doi_10.1007_s11136-025-04145-0.xml	d0cedf26c1b8fdad98da82866889bd5da2c773b5b1bc559b5d731a4e2c5e925a	114840	1487-RA	pilot/ontology-development-v3/production-calibration/production-remaining-129/metadata/P035.json	f2083141311bde3eee0df6914024cb8e007776f7a788528bed219a6b696fec5d	pilot/ontology-development-v3/production-calibration/production-remaining-129/inputs/P035.md	af687e24c49c79145199b0f5d9e07cd14aaf5811bbd40464f619c88533d0eee5	71280	710868dc831cfe94cb1fbcb4dbd7398ff0a5f5c766c7f3b67f39a6ddf5b14d36	29348912865b84c52f532a6c0e729897c6951f490869160960ddc6e7ff6d3764	469a12954bfaac2ce46db20db6a1cec9c04550234651ce50ba2e5d70f7dbad39
P036	10.1007/s11136-025-04150-3	corpus/365-RA/doi_10.1007_s11136-025-04150-3.md	84b48b2cb480dfcce2baff045168cea58615e2e013c0c9a5d31243c1c6e472be	101717	input/projects/365-RA/papers/doi_10.1007_s11136-025-04150-3.xml	3e851aacf92a416a553c4e4b07d50112eb56d9875402f21a46c46c9fdf0318c2	148729	365-RA	pilot/ontology-development-v3/production-calibration/production-remaining-129/metadata/P036.json	09728f970f7aecb66c900c77ba9cabbc95243333d53375410171cfc87b51cbbb	pilot/ontology-development-v3/production-calibration/production-remaining-129/inputs/P036.md	83f31e88e1315efbf468e721035c7ffcc5916922cfde348f0e1fdf24718033ce	122595	710868dc831cfe94cb1fbcb4dbd7398ff0a5f5c766c7f3b67f39a6ddf5b14d36	29348912865b84c52f532a6c0e729897c6951f490869160960ddc6e7ff6d3764	469a12954bfaac2ce46db20db6a1cec9c04550234651ce50ba2e5d70f7dbad39
P037	10.1007/s11136-026-04226-8	corpus/1719-RA/doi_10.1007_s11136-026-04226-8.md	d861bd0506efa355b3a35e97f426005ee6b35cff805addab77db946c8dfebbea	141251	input/projects/1719-RA/papers/doi_10.1007_s11136-026-04226-8.xml	b3f88161972ef2982cb616a02b9371aeae870735038571402fdc3b6bd96df936	231894	1719-RA	pilot/ontology-development-v3/production-calibration/production-remaining-129/metadata/P037.json	5e59b7de13dfe886051d36701f9c71819e44aceceeba110d025e98c8729392e7	pilot/ontology-development-v3/production-calibration/production-remaining-129/inputs/P037.md	9c088503bcb1ad1fd032930e5ec6ebdaaa586174e39f403986a53e847447d28d	158511	710868dc831cfe94cb1fbcb4dbd7398ff0a5f5c766c7f3b67f39a6ddf5b14d36	29348912865b84c52f532a6c0e729897c6951f490869160960ddc6e7ff6d3764	469a12954bfaac2ce46db20db6a1cec9c04550234651ce50ba2e5d70f7dbad39
P038	10.1007/s11136-026-04242-8	corpus/464-RA/doi_10.1007_s11136-026-04242-8.md	a95441ee959867de73c67af105bd93c343dc4453809d7455737e8f433770316a	82441	input/projects/464-RA/papers/doi_10.1007_s11136-026-04242-8.xml	8b404c35b3123e576ef44f15c4bcecbe05223e105bd71e3cb24e5bfaa38a2bbe	171300	464-RA	pilot/ontology-development-v3/production-calibration/production-remaining-129/metadata/P038.json	738ef4024536f1a96c34b4ac2f0beb57671467e0064b49664bf677b08c850efe	pilot/ontology-development-v3/production-calibration/production-remaining-129/inputs/P038.md	d362c6e071168f82e6d46eecbbe40e6b33b359a72cfb7d178e27724cbf633014	99870	710868dc831cfe94cb1fbcb4dbd7398ff0a5f5c766c7f3b67f39a6ddf5b14d36	29348912865b84c52f532a6c0e729897c6951f490869160960ddc6e7ff6d3764	469a12954bfaac2ce46db20db6a1cec9c04550234651ce50ba2e5d70f7dbad39
P039	10.1007/s11136-026-04246-4	corpus/361-RA/doi_10.1007_s11136-026-04246-4.md	804d9f62adb6efca547e8afaf1ed07922a75771540fd53c458929c5c3c4b17e3	78727	input/projects/361-RA/papers/doi_10.1007_s11136-026-04246-4.xml	d20591859fd343e37b633fcb829248012971ff753fff43274eede3a09a827a5e	150248	361-RA	pilot/ontology-development-v3/production-calibration/production-remaining-129/metadata/P039.json	6caf0c9466de0fd10fc33e07d5fe669648a1b2c4e6c9636fca6622242442cb38	pilot/ontology-development-v3/production-calibration/production-remaining-129/inputs/P039.md	816f87547b0457caaca982f41aa0371254eee3c192e20e805b3236621b059036	98482	710868dc831cfe94cb1fbcb4dbd7398ff0a5f5c766c7f3b67f39a6ddf5b14d36	29348912865b84c52f532a6c0e729897c6951f490869160960ddc6e7ff6d3764	469a12954bfaac2ce46db20db6a1cec9c04550234651ce50ba2e5d70f7dbad39
P040	10.1007/s11136-026-04285-x	corpus/460-RA/doi_10.1007_s11136-026-04285-x.md	d62ced1967083428bb2c81d5a06b79c932bc7ad0e62f8d7f596dd038ff9ef1fc	89156	input/projects/460-RA/papers/doi_10.1007_s11136-026-04285-x.xml	48a11a77aa0db598cc9ac3be264317f009a2d98874e87f03bcdd345725b996a5	131604	460-RA	pilot/ontology-development-v3/production-calibration/production-remaining-129/metadata/P040.json	a56a29aec2695324414ee6ee2356773d7610036080e74b75ab05df1395b8b564	pilot/ontology-development-v3/production-calibration/production-remaining-129/inputs/P040.md	fa36c2eae40f57a23c1ad1ac5e2efb690cff8fe0c94e861616a89348efee789c	107969	710868dc831cfe94cb1fbcb4dbd7398ff0a5f5c766c7f3b67f39a6ddf5b14d36	29348912865b84c52f532a6c0e729897c6951f490869160960ddc6e7ff6d3764	469a12954bfaac2ce46db20db6a1cec9c04550234651ce50ba2e5d70f7dbad39
P041	10.1007/s11136-026-04294-w	corpus/1830-RA/doi_10.1007_s11136-026-04294-w.md	fdd1bfccac963eceb115a73a99b0df237eced6dd69bc4e317ae17cda44803289	49092	input/projects/1830-RA/papers/doi_10.1007_s11136-026-04294-w.xml	96ac5b9ba5f71c9e71fb8a5be43c2ff855739e1bf0396e4538ee523b2e0d413e	93978	1830-RA;367-RA	pilot/ontology-development-v3/production-calibration/production-remaining-129/metadata/P041.json	649bdb0b5bde86620f5ba0e92374fcb4b78e711a05cf1bc90f0bca9143c723e8	pilot/ontology-development-v3/production-calibration/production-remaining-129/inputs/P041.md	6caacfcb8a817630472922e86dcd212a4b89f14f9f54d784a45a958163c28119	75093	710868dc831cfe94cb1fbcb4dbd7398ff0a5f5c766c7f3b67f39a6ddf5b14d36	29348912865b84c52f532a6c0e729897c6951f490869160960ddc6e7ff6d3764	469a12954bfaac2ce46db20db6a1cec9c04550234651ce50ba2e5d70f7dbad39
P042	10.1007/s11136-026-04315-8	corpus/1799-RA/doi_10.1007_s11136-026-04315-8.md	92631867d7687de400486963e54172f4de9b8859611127ec058a55cd8bd3a5f4	46500	input/projects/1799-RA/papers/doi_10.1007_s11136-026-04315-8.xml	ccf80f3e041f9bd07b41fffa9e194a1880dead99e9369ea966c3763098f92996	112832	1799-RA	pilot/ontology-development-v3/production-calibration/production-remaining-129/metadata/P042.json	4b54662cdf67ae525991c1c5b6f18a0bdd52eb2d61c43b655e1b67cdc9bf0a65	pilot/ontology-development-v3/production-calibration/production-remaining-129/inputs/P042.md	6eaa6dfdda00ab2ffa97e30c520507a38afa6e66fac6e187d0569431db4134d8	68485	710868dc831cfe94cb1fbcb4dbd7398ff0a5f5c766c7f3b67f39a6ddf5b14d36	29348912865b84c52f532a6c0e729897c6951f490869160960ddc6e7ff6d3764	469a12954bfaac2ce46db20db6a1cec9c04550234651ce50ba2e5d70f7dbad39
P043	10.1007/s12311-023-01597-3	corpus/349-RA/doi_10.1007_s12311-023-01597-3.md	67e840269959c9442333fbc1f26c3d22368168f4961145b9678a1a7d7c3dbc7d	60887	input/projects/349-RA/papers/doi_10.1007_s12311-023-01597-3.xml	1c8e523e659974af11dcd27eddaec2c3e36d4537f12228c838b526461a053291	124757	349-RA	pilot/ontology-development-v3/production-calibration/production-remaining-129/metadata/P043.json	2feb659c1f1d4fcdee01adc658a1985eeb26482a88a520592d1302ef5317ab20	pilot/ontology-development-v3/production-calibration/production-remaining-129/inputs/P043.md	ff5b24e45796075e7389c6d6733353900df050139f93204d61c2107654f77eda	80967	710868dc831cfe94cb1fbcb4dbd7398ff0a5f5c766c7f3b67f39a6ddf5b14d36	29348912865b84c52f532a6c0e729897c6951f490869160960ddc6e7ff6d3764	469a12954bfaac2ce46db20db6a1cec9c04550234651ce50ba2e5d70f7dbad39
P044	10.1007/s40258-021-00639-3	corpus/20170400/doi_10.1007_s40258-021-00639-3.md	0d6462427e64575f7139aaf3e362a742b2aa7c66106ad5f1261e2e2f5cb6c25f	77402	input/projects/20170400/papers/doi_10.1007_s40258-021-00639-3.xml	4ce00910e6e1a763355bba8e65a9248f29bff4e321934d2f683e09f237a3dc8c	140417	20170400;20170401	pilot/ontology-development-v3/production-calibration/production-remaining-129/metadata/P044.json	5533a04acb008190b6d6fb86d4f8c9979beb8d9e20ca14ffaf026b65693892e6	pilot/ontology-development-v3/production-calibration/production-remaining-129/inputs/P044.md	2b45e49e68855a1e6f8420b2b8f39ef9c40d0d5c0f3c43affcfe4ae690b04346	96079	710868dc831cfe94cb1fbcb4dbd7398ff0a5f5c766c7f3b67f39a6ddf5b14d36	29348912865b84c52f532a6c0e729897c6951f490869160960ddc6e7ff6d3764	469a12954bfaac2ce46db20db6a1cec9c04550234651ce50ba2e5d70f7dbad39
P045	10.1007/s40258-022-00772-7	corpus/20190460/doi_10.1007_s40258-022-00772-7.md	a7845f657f23302e62c6915868cbcf0c8530bab59d535c2ddd02031a21b3d02f	132749	input/projects/20190460/papers/doi_10.1007_s40258-022-00772-7.xml	d842a3b656e5287b494ecdaf400b1907cb684fb8c2f1955672fb86169cf800ef	210415	20190460	pilot/ontology-development-v3/production-calibration/production-remaining-129/metadata/P045.json	f4d10cb9f32006eff6a1c3084390e7d809d20aa868bcfb6cd393539ef27f06cc	pilot/ontology-development-v3/production-calibration/production-remaining-129/inputs/P045.md	e4be966485851b70909d891bebdbf8d96a54577aaf035262f9823baab6099223	150385	710868dc831cfe94cb1fbcb4dbd7398ff0a5f5c766c7f3b67f39a6ddf5b14d36	29348912865b84c52f532a6c0e729897c6951f490869160960ddc6e7ff6d3764	469a12954bfaac2ce46db20db6a1cec9c04550234651ce50ba2e5d70f7dbad39
P046	10.1007/s40258-023-00798-5	corpus/2021-RA/doi_10.1007_s40258-023-00798-5.md	a3b76abaf1369572ffe8c9a3fd3d132e04aef1abb93c8730546f5020fc85320b	50592	input/projects/2021-RA/papers/doi_10.1007_s40258-023-00798-5.xml	1dea935df539601911206d823932ef202c4ebdf189ceea7dd81fab99bf2a747b	97153	2021-RA	pilot/ontology-development-v3/production-calibration/production-remaining-129/metadata/P046.json	cf069c356863ab706fdc327617fb6987e739c35aecc6320fc8a2d8ce19c7f1ca	pilot/ontology-development-v3/production-calibration/production-remaining-129/inputs/P046.md	f456e456c25bf487db68e46e03f2c91574f9beb959b7513b641c1b688244a922	68825	710868dc831cfe94cb1fbcb4dbd7398ff0a5f5c766c7f3b67f39a6ddf5b14d36	29348912865b84c52f532a6c0e729897c6951f490869160960ddc6e7ff6d3764	469a12954bfaac2ce46db20db6a1cec9c04550234651ce50ba2e5d70f7dbad39
P047	10.1007/s40258-025-00954-z	corpus/1767-RA/doi_10.1007_s40258-025-00954-z.md	de0405964ea0d43d90d3fa0acc825ce046c65bff84aef08a44942b8040365452	68428	input/projects/1767-RA/papers/doi_10.1007_s40258-025-00954-z.xml	b861b576480ea7935e44a0946094c42646b0945d5ad83a73c34f7b324a2c272e	117878	1767-RA	pilot/ontology-development-v3/production-calibration/production-remaining-129/metadata/P047.json	3dc49b1a5162f71997593f24131ca3871af52a614c576b8b854c2e0f99e0f142	pilot/ontology-development-v3/production-calibration/production-remaining-129/inputs/P047.md	c36b703337726d9833407262e348d8e0fcf84cc4202c91c950ca60da6a88e98d	84084	710868dc831cfe94cb1fbcb4dbd7398ff0a5f5c766c7f3b67f39a6ddf5b14d36	29348912865b84c52f532a6c0e729897c6951f490869160960ddc6e7ff6d3764	469a12954bfaac2ce46db20db6a1cec9c04550234651ce50ba2e5d70f7dbad39
P048	10.1007/s40271-020-00490-z	corpus/20190080R1/doi_10.1007_s40271-020-00490-z.md	a84df7d92de7535ed71babcf68e6aae70a1145abe782288271a6a7f82557c06f	60814	input/projects/20190080R1/papers/doi_10.1007_s40271-020-00490-z.xml	7c8c38e447cfd055b9bf97441ce49130c7c69b70fa95dbf3cffbdc17b249dbf7	113520	20190080R1	pilot/ontology-development-v3/production-calibration/production-remaining-129/metadata/P048.json	b741d2348e37fe3d96bdcd8b7f6134bfe7d899f4cb2eccb98013de8fa697fb13	pilot/ontology-development-v3/production-calibration/production-remaining-129/inputs/P048.md	3a3af8e75be7154e212a6a79f3b3a296d65c66268ba01a6cf11ed02388836b2c	75715	710868dc831cfe94cb1fbcb4dbd7398ff0a5f5c766c7f3b67f39a6ddf5b14d36	29348912865b84c52f532a6c0e729897c6951f490869160960ddc6e7ff6d3764	469a12954bfaac2ce46db20db6a1cec9c04550234651ce50ba2e5d70f7dbad39
P049	10.1007/s40271-022-00572-0	corpus/20180130/doi_10.1007_s40271-022-00572-0.md	16363aec8ce4fc47fc6bec548210daeb93cfedbff813015fa70eee75d1db66c9	58495	input/projects/20180130/papers/doi_10.1007_s40271-022-00572-0.xml	bd609cbad538cb41b521ead5433b1658d736811710c5d6aac7f3cf8987db83af	107329	20180130	pilot/ontology-development-v3/production-calibration/production-remaining-129/metadata/P049.json	391b42a8d7b29c070603aba637a1db1f198e9334283e3aa272641dc79f608043	pilot/ontology-development-v3/production-calibration/production-remaining-129/inputs/P049.md	eeca25718be40b54fedfc339bfac3c872ef96a2bf0cf6296b40fdc02567a3492	74384	710868dc831cfe94cb1fbcb4dbd7398ff0a5f5c766c7f3b67f39a6ddf5b14d36	29348912865b84c52f532a6c0e729897c6951f490869160960ddc6e7ff6d3764	469a12954bfaac2ce46db20db6a1cec9c04550234651ce50ba2e5d70f7dbad39
P050	10.1007/s40271-023-00647-6	corpus/150-RA/doi_10.1007_s40271-023-00647-6.md	f032730cdf77833b1eae4a7f589c16e23726fa1ed7e4d061286b8e9670d9f1f2	75984	input/projects/150-RA/papers/doi_10.1007_s40271-023-00647-6.xml	7e525370e4416d9dc5fd1662fa7b9c2928d18b3f6eefe7c60a27ff71feff8726	118045	150-RA	pilot/ontology-development-v3/production-calibration/production-remaining-129/metadata/P050.json	2d88cb4a95f8029fd11238643b7974faa13a213338f28b5e6f2c0991607d06e9	pilot/ontology-development-v3/production-calibration/production-remaining-129/inputs/P050.md	e7cbb8236327adb09c948695d2bc7f3f14bc34730cbb2f4eb12bc11ba2645135	97165	710868dc831cfe94cb1fbcb4dbd7398ff0a5f5c766c7f3b67f39a6ddf5b14d36	29348912865b84c52f532a6c0e729897c6951f490869160960ddc6e7ff6d3764	469a12954bfaac2ce46db20db6a1cec9c04550234651ce50ba2e5d70f7dbad39
P051	10.1007/s40271-025-00729-7	corpus/150-RA/doi_10.1007_s40271-025-00729-7.md	fb4d743f9a0e75d57decc78b76c41075602e60ef190ae1c99d2df742b6f455ec	70997	input/projects/150-RA/papers/doi_10.1007_s40271-025-00729-7.xml	aab9bda48945ab81bcaac2ecc2eef7d071aff48af37ffa3192f30412fc14599e	104552	150-RA	pilot/ontology-development-v3/production-calibration/production-remaining-129/metadata/P051.json	32f4caa7d23b535ef8f1e333c998ef0c0bccf6eb4f31be39bdfc478838345a57	pilot/ontology-development-v3/production-calibration/production-remaining-129/inputs/P051.md	fd9b80ac584d973506860ca1b3c8d7080cb879344a4877d7cf91c27e94b1f071	90147	710868dc831cfe94cb1fbcb4dbd7398ff0a5f5c766c7f3b67f39a6ddf5b14d36	29348912865b84c52f532a6c0e729897c6951f490869160960ddc6e7ff6d3764	469a12954bfaac2ce46db20db6a1cec9c04550234651ce50ba2e5d70f7dbad39
P052	10.1007/s40271-025-00787-x	corpus/150-RA/doi_10.1007_s40271-025-00787-x.md	e7965b5dc59a53e55c9373ecc2a8034e0713aaa36b63d68d2a22598e838f5219	84703	input/projects/150-RA/papers/doi_10.1007_s40271-025-00787-x.xml	e2e6a1af23430803c85c45263258f5cefc8bbe0e6a9cd12bd4387e629124b4c7	134855	150-RA	pilot/ontology-development-v3/production-calibration/production-remaining-129/metadata/P052.json	8b13946e1c1a35412da4b32f9665c2b10d16f4d2d3ac1463d57276af79e60732	pilot/ontology-development-v3/production-calibration/production-remaining-129/inputs/P052.md	ea4f5b378a8d49c6d55121506d69eeda1d25b37f51223129e9b8958ea059a01d	105736	710868dc831cfe94cb1fbcb4dbd7398ff0a5f5c766c7f3b67f39a6ddf5b14d36	29348912865b84c52f532a6c0e729897c6951f490869160960ddc6e7ff6d3764	469a12954bfaac2ce46db20db6a1cec9c04550234651ce50ba2e5d70f7dbad39
P053	10.1007/s40273-016-0404-1	corpus/2015410/doi_10.1007_s40273-016-0404-1.md	467cb82e557941064c134149dbaf410ed7cffd108084fcd2507a051db5c532c9	56286	input/projects/2015410/papers/doi_10.1007_s40273-016-0404-1.xml	7ebb46736d82114a494741503a5b8c0d32bd75892f34117c921c6f18243b24b2	101754	2015410	pilot/ontology-development-v3/production-calibration/production-remaining-129/metadata/P053.json	f05583d1446530ab5314905c75a0dbc1f0ef49a9fdee87045fc17f38773b2e7b	pilot/ontology-development-v3/production-calibration/production-remaining-129/inputs/P053.md	7fcfb4930f47fff26bf1ad2f96c1a2b08a025c552f8200c350513450ca41f8ef	73059	710868dc831cfe94cb1fbcb4dbd7398ff0a5f5c766c7f3b67f39a6ddf5b14d36	29348912865b84c52f532a6c0e729897c6951f490869160960ddc6e7ff6d3764	469a12954bfaac2ce46db20db6a1cec9c04550234651ce50ba2e5d70f7dbad39
P054	10.1007/s40273-017-0538-9	corpus/2013240/doi_10.1007_s40273-017-0538-9.md	0b9f6fafcfa8ad499c3fa45890a2f65f47f9c033f161472248c4d2e5f1832ed9	81428	input/projects/2013240/papers/doi_10.1007_s40273-017-0538-9.xml	de79d78aa4ab8fbe14edd9c8edae80b877f9b55a7afafd646b1af59d3d5e7fc3	130022	2013240	pilot/ontology-development-v3/production-calibration/production-remaining-129/metadata/P054.json	b3781baca54250efa92d81f3f07d587755e90ad644a452105a9749084cb8f2db	pilot/ontology-development-v3/production-calibration/production-remaining-129/inputs/P054.md	64295564b90d643b0931e86c33d799ebbe9a95c870794d02039a4639b99e33f1	101247	710868dc831cfe94cb1fbcb4dbd7398ff0a5f5c766c7f3b67f39a6ddf5b14d36	29348912865b84c52f532a6c0e729897c6951f490869160960ddc6e7ff6d3764	469a12954bfaac2ce46db20db6a1cec9c04550234651ce50ba2e5d70f7dbad39
P055	10.1007/s40273-018-0623-8	corpus/2016620/doi_10.1007_s40273-018-0623-8.md	186f3ca9983fdd64f2d5b5f34c28b40daacfeee9d2218e89ea0a47210fe6b043	137198	input/projects/2016620/papers/doi_10.1007_s40273-018-0623-8.xml	2a5a43812d1a00c19537929de21d93d39c6c96d87f3c70ccdf24de4f3d6d21ce	210888	2016620	pilot/ontology-development-v3/production-calibration/production-remaining-129/metadata/P055.json	5f2683c59062df617d1007baa81c81db94a6fa0ca0a52121e38ba948e7263518	pilot/ontology-development-v3/production-calibration/production-remaining-129/inputs/P055.md	fd79c3b63921f2922dd60cd17db79c8d1e08e6b625e46e9f2d997005004aba3d	153290	710868dc831cfe94cb1fbcb4dbd7398ff0a5f5c766c7f3b67f39a6ddf5b14d36	29348912865b84c52f532a6c0e729897c6951f490869160960ddc6e7ff6d3764	469a12954bfaac2ce46db20db6a1cec9c04550234651ce50ba2e5d70f7dbad39
P056	10.1007/s40273-018-0642-5	corpus/2016170/doi_10.1007_s40273-018-0642-5.md	2db101c7ed9e576690145c64ba93fbb06f684053fb8ed9af2058f27508d0b6fa	84553	input/projects/2016170/papers/doi_10.1007_s40273-018-0642-5.xml	2df1ba58a681b046d1bc46331eff5b461a3938d61840992560601c09e2f7bf3c	164536	2016170	pilot/ontology-development-v3/production-calibration/production-remaining-129/metadata/P056.json	69965f243fabf2a3ef2a332318ccae4fa62d612e1b66d5e45bc0994aba338d36	pilot/ontology-development-v3/production-calibration/production-remaining-129/inputs/P056.md	644be4f8febdebb33d73cc79a8f83f7ad0e02cbc824874f270635f7fae6b9d1f	102067	710868dc831cfe94cb1fbcb4dbd7398ff0a5f5c766c7f3b67f39a6ddf5b14d36	29348912865b84c52f532a6c0e729897c6951f490869160960ddc6e7ff6d3764	469a12954bfaac2ce46db20db6a1cec9c04550234651ce50ba2e5d70f7dbad39
P057	10.1007/s40273-018-0647-0	corpus/2014150/doi_10.1007_s40273-018-0647-0.md	5c6c731b9f72ea082f2c37410bd41ab74bd18a7f403a46725b740ce15576ea8f	51610	input/projects/2014150/papers/doi_10.1007_s40273-018-0647-0.xml	e5b7bf1e8fe1d143f2d4ad8841b19a69d9a559ef79bc8b01b9857b1c82e7741d	114717	2014150	pilot/ontology-development-v3/production-calibration/production-remaining-129/metadata/P057.json	f65d7b1453d907260f10f5c1552d17b39b7cabd6f136462b3665efb091d0d385	pilot/ontology-development-v3/production-calibration/production-remaining-129/inputs/P057.md	ab98d7d1d54d08afbd41ed6e8df01a5d86a9bf11b779b7db60bdd73431c90d2b	68183	710868dc831cfe94cb1fbcb4dbd7398ff0a5f5c766c7f3b67f39a6ddf5b14d36	29348912865b84c52f532a6c0e729897c6951f490869160960ddc6e7ff6d3764	469a12954bfaac2ce46db20db6a1cec9c04550234651ce50ba2e5d70f7dbad39
P058	10.1007/s40273-018-0694-6	corpus/2015300/doi_10.1007_s40273-018-0694-6.md	8faf1d25d9d2ce761d7ee8a04c18a3ef15fb82c2e9d1dc14d4f3613d98191762	88551	input/projects/2015300/papers/doi_10.1007_s40273-018-0694-6.xml	2e1cebc0108c6fcbda08377396fad8012bf8ccdbcbed8b62102cfb924221e8e1	149834	2015300	pilot/ontology-development-v3/production-calibration/production-remaining-129/metadata/P058.json	2efcc65fa0180628360fe91aac53f65e2a4ad7f72f534cd7f9f5a68cd3a66556	pilot/ontology-development-v3/production-calibration/production-remaining-129/inputs/P058.md	efd2eb86dcd71635533f91fc94feae30a1f40441ea46744bd322ff51cc0645ad	106970	710868dc831cfe94cb1fbcb4dbd7398ff0a5f5c766c7f3b67f39a6ddf5b14d36	29348912865b84c52f532a6c0e729897c6951f490869160960ddc6e7ff6d3764	469a12954bfaac2ce46db20db6a1cec9c04550234651ce50ba2e5d70f7dbad39
P059	10.1007/s40273-019-00811-7	corpus/2015240/doi_10.1007_s40273-019-00811-7.md	b713bf6250a5ec2757ca41dd56367116db3502403d833dd13b183b8fb0a1a98d	78010	input/projects/2015240/papers/doi_10.1007_s40273-019-00811-7.xml	e0549ab03230d104ea917821dda53decf99e39b40f8c8871274f50943e438206	141527	2015240	pilot/ontology-development-v3/production-calibration/production-remaining-129/metadata/P059.json	cbcc630560c4a5ef089f53f96b039e8afa9d1e3ef38d7b151a7aa33c6f613eec	pilot/ontology-development-v3/production-calibration/production-remaining-129/inputs/P059.md	e76a50e48eb3674a038877c5fc7ea614522bb554e821b157c6b39cbfe06f2b0c	95037	710868dc831cfe94cb1fbcb4dbd7398ff0a5f5c766c7f3b67f39a6ddf5b14d36	29348912865b84c52f532a6c0e729897c6951f490869160960ddc6e7ff6d3764	469a12954bfaac2ce46db20db6a1cec9c04550234651ce50ba2e5d70f7dbad39
P060	10.1007/s40273-019-00876-4	corpus/20170510/doi_10.1007_s40273-019-00876-4.md	8bd8f189f9c3e73dae9d85dda89b1ce5bdb9175a9a8d009d3abe13f5643fbcfc	67028	input/projects/20170510/papers/doi_10.1007_s40273-019-00876-4.xml	cc1d457f1baf5b5137f48cc34ca12c2a8c7b6fe4b7cf8c0b106ef4e81c48f4df	125805	20170510	pilot/ontology-development-v3/production-calibration/production-remaining-129/metadata/P060.json	1efbdc78927f871996bbd8fb1b987e99c5017d262afa916e69de0ed79b5974ce	pilot/ontology-development-v3/production-calibration/production-remaining-129/inputs/P060.md	ea15b342c16e3cbf3aa8d5d15c0ada3818c8c2e51ccffc4c3beeaf4bdc20ef97	89362	710868dc831cfe94cb1fbcb4dbd7398ff0a5f5c766c7f3b67f39a6ddf5b14d36	29348912865b84c52f532a6c0e729897c6951f490869160960ddc6e7ff6d3764	469a12954bfaac2ce46db20db6a1cec9c04550234651ce50ba2e5d70f7dbad39
P061	10.1007/s40273-020-00994-4	corpus/20180510/doi_10.1007_s40273-020-00994-4.md	8dfb64c20c30a11decd2b0a77f19a32dd0f361319c9b7b1c0d773ae9578b2e40	44807	input/projects/20180510/papers/doi_10.1007_s40273-020-00994-4.xml	9a785c300b8808613a0f9bcf40996be6a44225155b970b462fb971deeea0d8c7	89729	20180510	pilot/ontology-development-v3/production-calibration/production-remaining-129/metadata/P061.json	6bcf064670fc79c0bf1dde4f80a2f6b72a06b552728f917836f534e10930d837	pilot/ontology-development-v3/production-calibration/production-remaining-129/inputs/P061.md	d58fb868e2966590ad03fcac75f493b6ee53d1f925eb76ca4ed1b67bbf3c350a	60608	710868dc831cfe94cb1fbcb4dbd7398ff0a5f5c766c7f3b67f39a6ddf5b14d36	29348912865b84c52f532a6c0e729897c6951f490869160960ddc6e7ff6d3764	469a12954bfaac2ce46db20db6a1cec9c04550234651ce50ba2e5d70f7dbad39
P062	10.1007/s40273-021-01109-3	corpus/20190220/doi_10.1007_s40273-021-01109-3.md	cf31a37b75f604d90ea7bd64f93d855ddb880c59808428bcdbe9bafde22baa16	61036	input/projects/20190220/papers/doi_10.1007_s40273-021-01109-3.xml	9b21b84e2eddcc9b0c94bad54948173bd8f3dd0f5d26c54260cc4768af63f2c8	99715	20190220	pilot/ontology-development-v3/production-calibration/production-remaining-129/metadata/P062.json	ae0c095f032986feb860538b429612d413abdbe0b72e0694c26d48ae43bb3c0c	pilot/ontology-development-v3/production-calibration/production-remaining-129/inputs/P062.md	52c67ada04d041f3be24202ebbc94ee8c9a9f9286cb21ea1bab887c90dca6f79	79152	710868dc831cfe94cb1fbcb4dbd7398ff0a5f5c766c7f3b67f39a6ddf5b14d36	29348912865b84c52f532a6c0e729897c6951f490869160960ddc6e7ff6d3764	469a12954bfaac2ce46db20db6a1cec9c04550234651ce50ba2e5d70f7dbad39
P063	10.1007/s40273-022-01143-9	corpus/20180510/doi_10.1007_s40273-022-01143-9.md	2ecd76672bc40a609d04edfb1943789f8e029ceefda018a8928051dcdc8a54e9	75576	input/projects/20180510/papers/doi_10.1007_s40273-022-01143-9.xml	647b656987ebfcf2c0919489e2f06536648d7926cd1c2511b3acbf9b00a55f34	128839	20180510	pilot/ontology-development-v3/production-calibration/production-remaining-129/metadata/P063.json	b005592d77ed5557175f8878af0a21a64691f84141e443be9e16211e51c2ade9	pilot/ontology-development-v3/production-calibration/production-remaining-129/inputs/P063.md	73045cfe5c8b6de7d47ffdd3b9326d139de14b68354e62daf1659d3ed26fb1fd	92438	710868dc831cfe94cb1fbcb4dbd7398ff0a5f5c766c7f3b67f39a6ddf5b14d36	29348912865b84c52f532a6c0e729897c6951f490869160960ddc6e7ff6d3764	469a12954bfaac2ce46db20db6a1cec9c04550234651ce50ba2e5d70f7dbad39
P064	10.1007/s40273-022-01172-4	corpus/20170600/doi_10.1007_s40273-022-01172-4.md	c9264d51f9a9d96f1625217f05572b96dee60905081203f8f5e7cc21248f6c7f	84705	input/projects/20170600/papers/doi_10.1007_s40273-022-01172-4.xml	052b52c2ab9866b7061786a05141c1d17605acfb93fc62972321f0165142cd9d	136217	20170600	pilot/ontology-development-v3/production-calibration/production-remaining-129/metadata/P064.json	86bafd90bfa4bc2c9cd265fb285c5f51cc556d4c07ba660fa80c242f046d0783	pilot/ontology-development-v3/production-calibration/production-remaining-129/inputs/P064.md	4f8fd0a6ba1a4a9822e30092150dccc4dc96fac55749591acb191d64e2751563	103777	710868dc831cfe94cb1fbcb4dbd7398ff0a5f5c766c7f3b67f39a6ddf5b14d36	29348912865b84c52f532a6c0e729897c6951f490869160960ddc6e7ff6d3764	469a12954bfaac2ce46db20db6a1cec9c04550234651ce50ba2e5d70f7dbad39
P065	10.1007/s40273-022-01208-9	corpus/335-RA/doi_10.1007_s40273-022-01208-9.md	538ecd89d31e36ae70e753e37eae5f50b1e18d12609ab7f5629677f06bb1e4fa	59469	input/projects/335-RA/papers/doi_10.1007_s40273-022-01208-9.xml	a57d75341120c6cd0a60113758034da60bb3a06df574433dc4d2e767dda880df	104720	335-RA	pilot/ontology-development-v3/production-calibration/production-remaining-129/metadata/P065.json	e7395100d94b64acdd50671bc376950b1d0e660348e5f65ff0f27e653001fb68	pilot/ontology-development-v3/production-calibration/production-remaining-129/inputs/P065.md	ba0cb43e5fb822562d4608cf99bcf8f4c03769f164e5a26336a620f03c03be85	77291	710868dc831cfe94cb1fbcb4dbd7398ff0a5f5c766c7f3b67f39a6ddf5b14d36	29348912865b84c52f532a6c0e729897c6951f490869160960ddc6e7ff6d3764	469a12954bfaac2ce46db20db6a1cec9c04550234651ce50ba2e5d70f7dbad39
P066	10.1007/s40273-022-01210-1	corpus/20180490/doi_10.1007_s40273-022-01210-1.md	2d9a0b8e02c0f5c456e661027b22c536aed26c1a76529ec00e1001cb8fd003f2	61466	input/projects/20180490/papers/doi_10.1007_s40273-022-01210-1.xml	f1dc29ae7f7cd6ca2c848f63d44e7a5262bb6f21dc12bc3cfcdaaa8d1a4f5082	123967	20180490	pilot/ontology-development-v3/production-calibration/production-remaining-129/metadata/P066.json	f5b1dc87cbbc80830b9e027230079b148bc436bc02c5c5c03d37d284419f5e7a	pilot/ontology-development-v3/production-calibration/production-remaining-129/inputs/P066.md	b64c7a2e9c8108364f1712af1be6caebeeee7e693051e7bc90231b28c7aa4e9b	81763	710868dc831cfe94cb1fbcb4dbd7398ff0a5f5c766c7f3b67f39a6ddf5b14d36	29348912865b84c52f532a6c0e729897c6951f490869160960ddc6e7ff6d3764	469a12954bfaac2ce46db20db6a1cec9c04550234651ce50ba2e5d70f7dbad39
P067	10.1007/s40273-022-01216-9	corpus/20191020/doi_10.1007_s40273-022-01216-9.md	e86e0424c494875ca381b346f7b1e754e10b3f9912e8bef933efd9c625749b1d	55701	input/projects/20191020/papers/doi_10.1007_s40273-022-01216-9.xml	5602075d4c8f56a3cd4548bda28dd8d7f3e1d547577971d18a9c4177280a5e24	104099	20191020	pilot/ontology-development-v3/production-calibration/production-remaining-129/metadata/P067.json	668b01102302a55e897708617532b149d6dd5cd25f8f662886d53de9ed29d86e	pilot/ontology-development-v3/production-calibration/production-remaining-129/inputs/P067.md	7a528e513d618e6d626bdcc9d5141e37a8535d83f8eb9aa805e1d4547274f039	79059	710868dc831cfe94cb1fbcb4dbd7398ff0a5f5c766c7f3b67f39a6ddf5b14d36	29348912865b84c52f532a6c0e729897c6951f490869160960ddc6e7ff6d3764	469a12954bfaac2ce46db20db6a1cec9c04550234651ce50ba2e5d70f7dbad39
P068	10.1007/s40273-022-01222-x	corpus/409-RA/doi_10.1007_s40273-022-01222-x.md	c015cd457d432d5aa1995bc6baf79cc906f7360a2d065bfba7c6716f7490ca94	42476	input/projects/409-RA/papers/doi_10.1007_s40273-022-01222-x.xml	aee930887bd6198b346247768a74d817cde119fad886f1224ca335b61535d15d	64191	409-RA	pilot/ontology-development-v3/production-calibration/production-remaining-129/metadata/P068.json	5fea885b9aae5876c39269a834c17a746f29bf98164c3df42d3966515ca1c4d5	pilot/ontology-development-v3/production-calibration/production-remaining-129/inputs/P068.md	05adaa77e24cf3a059ad5ea22aa457f6dea20d9a2187341dd9b196714505acfc	59839	710868dc831cfe94cb1fbcb4dbd7398ff0a5f5c766c7f3b67f39a6ddf5b14d36	29348912865b84c52f532a6c0e729897c6951f490869160960ddc6e7ff6d3764	469a12954bfaac2ce46db20db6a1cec9c04550234651ce50ba2e5d70f7dbad39
P069	10.1007/s40273-023-01280-9	corpus/377-VS/doi_10.1007_s40273-023-01280-9.md	b3b06675fa700840c4dcabb5203c9da0a1cb32a697ff6576016d997775bd7bbf	49490	input/projects/377-VS/papers/doi_10.1007_s40273-023-01280-9.xml	e4e30d7cffccbbeaace85715e0c1d2489ac14aed361a0f27d9f1558c97ffa83a	95353	377-VS	pilot/ontology-development-v3/production-calibration/production-remaining-129/metadata/P069.json	fba5b140761ae1742b1a22e266bde7bcac6552f555914aa7926677feeefde224	pilot/ontology-development-v3/production-calibration/production-remaining-129/inputs/P069.md	945d094809251e22de4ea1e972b4a8bcc07c4cc711e249b65c6bc6082a49973e	65359	710868dc831cfe94cb1fbcb4dbd7398ff0a5f5c766c7f3b67f39a6ddf5b14d36	29348912865b84c52f532a6c0e729897c6951f490869160960ddc6e7ff6d3764	469a12954bfaac2ce46db20db6a1cec9c04550234651ce50ba2e5d70f7dbad39
P070	10.1007/s40273-024-01354-2	corpus/330-PHD/doi_10.1007_s40273-024-01354-2.md	25407a32911b9c0e1e451504f97600da7156321f4d963817ac905691d1a810ee	122201	input/projects/330-PHD/papers/doi_10.1007_s40273-024-01354-2.xml	775ee615c9f8b8505923e85a984ff2a9ccfd40863ed1645ae7a388a2aa48e424	188340	330-PHD;361-RA	pilot/ontology-development-v3/production-calibration/production-remaining-129/metadata/P070.json	36bfd8929359ba3d8cc9be62fc8dbb15351c5fabcdf99077a32f2873b17dcd13	pilot/ontology-development-v3/production-calibration/production-remaining-129/inputs/P070.md	a691751ed9a4f5c36c7805844f06e0277d0cbced72291127a17a857af82c1e05	150098	710868dc831cfe94cb1fbcb4dbd7398ff0a5f5c766c7f3b67f39a6ddf5b14d36	29348912865b84c52f532a6c0e729897c6951f490869160960ddc6e7ff6d3764	469a12954bfaac2ce46db20db6a1cec9c04550234651ce50ba2e5d70f7dbad39
P071	10.1007/s40273-024-01355-1	corpus/330-PHD/doi_10.1007_s40273-024-01355-1.md	633eb2bff96f852e926b671acfe3224db72ec75c70aead1bc532c4eac3390435	90806	input/projects/330-PHD/papers/doi_10.1007_s40273-024-01355-1.xml	40a88ed671e062f9cd7589a00a96ebf211a1a5656f59ed19e241636809d4ae4e	172724	330-PHD;361-RA	pilot/ontology-development-v3/production-calibration/production-remaining-129/metadata/P071.json	cdc5c2bc53b719de27d7c4adf8ce0c96cc7b1694df529a9db954d1edbd0be05f	pilot/ontology-development-v3/production-calibration/production-remaining-129/inputs/P071.md	cba9c2920d9e7cc9254b4d4f823a0dd39f1361716e9ec558d93728332c2ca4d5	116824	710868dc831cfe94cb1fbcb4dbd7398ff0a5f5c766c7f3b67f39a6ddf5b14d36	29348912865b84c52f532a6c0e729897c6951f490869160960ddc6e7ff6d3764	469a12954bfaac2ce46db20db6a1cec9c04550234651ce50ba2e5d70f7dbad39
P072	10.1007/s40273-024-01404-9	corpus/220-VS/doi_10.1007_s40273-024-01404-9.md	0cd9b2804d487dea4057fd1f2f5e3240497a226bf8070b1f0c13ecd3d6e22c9c	95575	input/projects/220-VS/papers/doi_10.1007_s40273-024-01404-9.xml	819cffd610ec5aa47211c1d82bb8df6d122cacdb547fc23a19e5797280eb9fc3	202313	220-VS	pilot/ontology-development-v3/production-calibration/production-remaining-129/metadata/P072.json	30433a62815e0374530add13aab989e41f4819f72137cde5aab90ab61c20dfa1	pilot/ontology-development-v3/production-calibration/production-remaining-129/inputs/P072.md	62087d51fc7f8907851f2d33ab7b14274e9e66a8204a7f49aa44f47ab5fa6a0e	116180	710868dc831cfe94cb1fbcb4dbd7398ff0a5f5c766c7f3b67f39a6ddf5b14d36	29348912865b84c52f532a6c0e729897c6951f490869160960ddc6e7ff6d3764	469a12954bfaac2ce46db20db6a1cec9c04550234651ce50ba2e5d70f7dbad39
P073	10.1007/s40273-025-01473-4	corpus/1654-TVG/doi_10.1007_s40273-025-01473-4.md	de7a3bb705afbd073ff4b1dafe8ae52ecde2df9df865971df98c08118192fa51	79803	input/projects/1654-TVG/papers/doi_10.1007_s40273-025-01473-4.xml	a42ecc3b2372e2abf53ee99ee2f044a8bf5eec1599e5b65300ae07f33625ca0f	166622	1654-TVG	pilot/ontology-development-v3/production-calibration/production-remaining-129/metadata/P073.json	90a1b16d69a90a961be5fd99041907d403127b8242d679da79d25b7362428114	pilot/ontology-development-v3/production-calibration/production-remaining-129/inputs/P073.md	031ebcc66bdf9726d2ffe9726cb047898b3518e90581ba2b0013f8f9f591aac0	102090	710868dc831cfe94cb1fbcb4dbd7398ff0a5f5c766c7f3b67f39a6ddf5b14d36	29348912865b84c52f532a6c0e729897c6951f490869160960ddc6e7ff6d3764	469a12954bfaac2ce46db20db6a1cec9c04550234651ce50ba2e5d70f7dbad39
P074	10.1007/s40273-025-01476-1	corpus/1578-RA/doi_10.1007_s40273-025-01476-1.md	5458440de4fda7b5d6a24520f6806e84f8655377b767d63a053525ddced5fe11	43713	input/projects/1578-RA/papers/doi_10.1007_s40273-025-01476-1.xml	7b2a9d7cea906a48eaabb3cc82974ae51cc8dd0f357d575cc7a8a802ff58ce7f	101062	1578-RA	pilot/ontology-development-v3/production-calibration/production-remaining-129/metadata/P074.json	4a4ff75af5c98d6a53276d03448173425edb857e56b8ec32abc6c06350c46dfc	pilot/ontology-development-v3/production-calibration/production-remaining-129/inputs/P074.md	2cd8541ab5a37d5558ffe5ece3e3002875776280dd319296b6dd67ebe5f87d75	66393	710868dc831cfe94cb1fbcb4dbd7398ff0a5f5c766c7f3b67f39a6ddf5b14d36	29348912865b84c52f532a6c0e729897c6951f490869160960ddc6e7ff6d3764	469a12954bfaac2ce46db20db6a1cec9c04550234651ce50ba2e5d70f7dbad39
P075	10.1007/s40273-025-01493-0	corpus/348-PHD/doi_10.1007_s40273-025-01493-0.md	5b830978c69c11c5a256b6b3e293431ef260509a9877c79d634e97896f725209	100833	input/projects/348-PHD/papers/doi_10.1007_s40273-025-01493-0.xml	52d3cfc8c0b3d769bb0df1c34cadd45bb0d9b9af631db749eb2a8183442b5dfc	208340	348-PHD	pilot/ontology-development-v3/production-calibration/production-remaining-129/metadata/P075.json	dc6a1a415415036bf1274dd88876e3ce5fdc9d0dd72df311d2817be56e5fcd1c	pilot/ontology-development-v3/production-calibration/production-remaining-129/inputs/P075.md	c63312be86ab40455114457fa4a1cb877d49a136f6544882c3f537baba20f170	123332	710868dc831cfe94cb1fbcb4dbd7398ff0a5f5c766c7f3b67f39a6ddf5b14d36	29348912865b84c52f532a6c0e729897c6951f490869160960ddc6e7ff6d3764	469a12954bfaac2ce46db20db6a1cec9c04550234651ce50ba2e5d70f7dbad39
P076	10.1007/s40273-025-01519-7	corpus/1741-RA/doi_10.1007_s40273-025-01519-7.md	42eb455e48c118aebbb880a56da2157e3236918ebc16f09c140f8d91399f8507	96091	input/projects/1741-RA/papers/doi_10.1007_s40273-025-01519-7.xml	237f007ba67cc219644585242e818961a64fd6e46a8fdd9bdf15d9c1e73ba172	269718	1741-RA	pilot/ontology-development-v3/production-calibration/production-remaining-129/metadata/P076.json	857ccfa98ea30c4cce9fed4469d63a55033c525444d1ee52d41ca16830109b3f	pilot/ontology-development-v3/production-calibration/production-remaining-129/inputs/P076.md	8fd342354ae80dfd60b952e905f5d1a2b3449ef6a70c6c83b9869bdcbe43c020	117014	710868dc831cfe94cb1fbcb4dbd7398ff0a5f5c766c7f3b67f39a6ddf5b14d36	29348912865b84c52f532a6c0e729897c6951f490869160960ddc6e7ff6d3764	469a12954bfaac2ce46db20db6a1cec9c04550234651ce50ba2e5d70f7dbad39
P077	10.1007/s40273-025-01545-5	corpus/432-RA/doi_10.1007_s40273-025-01545-5.md	2ab6929abda8f2912cf56f267942426f5c602b188f8d6491fd348fa3df46ea30	62941	input/projects/432-RA/papers/doi_10.1007_s40273-025-01545-5.xml	bf2842b609b80d1520cd81973f4cc4d8a2d2f3aa90502d6f6239654cd9da6adc	121650	432-RA	pilot/ontology-development-v3/production-calibration/production-remaining-129/metadata/P077.json	3e0702fde0c3cb77e04d4bf82b4c987c49f532c8f60077c129a31e905af3e139	pilot/ontology-development-v3/production-calibration/production-remaining-129/inputs/P077.md	87f5e70c50d785ca07bc2bb4e7df54ce7afd3685961b517c76054ad353c9e49f	81022	710868dc831cfe94cb1fbcb4dbd7398ff0a5f5c766c7f3b67f39a6ddf5b14d36	29348912865b84c52f532a6c0e729897c6951f490869160960ddc6e7ff6d3764	469a12954bfaac2ce46db20db6a1cec9c04550234651ce50ba2e5d70f7dbad39
P078	10.1007/s41669-022-00353-3	corpus/20170491/doi_10.1007_s41669-022-00353-3.md	17d8ec5843d25a71f79d2503ddbfbabc47418d9f1f876074814b69cffed9b885	68195	input/projects/20170491/papers/doi_10.1007_s41669-022-00353-3.xml	c02746111cab030771ec13406412902165f3ec1bff6505a5ca66a0305ba0e866	129871	20170491	pilot/ontology-development-v3/production-calibration/production-remaining-129/metadata/P078.json	000efd722c121487a449b30d192520f82d20633996eb4aa70878ebac10271f75	pilot/ontology-development-v3/production-calibration/production-remaining-129/inputs/P078.md	f9b088447b69661dc30b6c339dec493788f3274035a9f0b36b48a9bca8479094	84409	710868dc831cfe94cb1fbcb4dbd7398ff0a5f5c766c7f3b67f39a6ddf5b14d36	29348912865b84c52f532a6c0e729897c6951f490869160960ddc6e7ff6d3764	469a12954bfaac2ce46db20db6a1cec9c04550234651ce50ba2e5d70f7dbad39
P079	10.1007/s41669-023-00437-8	corpus/20180660/doi_10.1007_s41669-023-00437-8.md	df49e9c67dfb8f051961c73d3ee338087def60c03a26bf962b0c976862547f0e	62825	input/projects/20180660/papers/doi_10.1007_s41669-023-00437-8.xml	377eea220ff27f4031a87d0159bdbb7ce2953ad664c614702591cc325a9031af	134719	20180660	pilot/ontology-development-v3/production-calibration/production-remaining-129/metadata/P079.json	f52f6a92195a030a5be77d554fbac72815db41b34c2837ffa1b3cadb9da3639f	pilot/ontology-development-v3/production-calibration/production-remaining-129/inputs/P079.md	29a2e2a34c5e3c9655f21f1308ec92ecde380b615322750e409a3c7806dbe9ea	82913	710868dc831cfe94cb1fbcb4dbd7398ff0a5f5c766c7f3b67f39a6ddf5b14d36	29348912865b84c52f532a6c0e729897c6951f490869160960ddc6e7ff6d3764	469a12954bfaac2ce46db20db6a1cec9c04550234651ce50ba2e5d70f7dbad39
P080	10.1007/s41669-024-00486-7	corpus/351-RA/doi_10.1007_s41669-024-00486-7.md	dd0eab4abc6332fc9965a9e57ff912ee12fa04bd7b6f6e9f6836cb54f1a8094f	62604	input/projects/351-RA/papers/doi_10.1007_s41669-024-00486-7.xml	d08e5e83f4a1e19ce7a189f4dfdba426004c228752bd2ab3e6f61238edc3d142	102218	351-RA	pilot/ontology-development-v3/production-calibration/production-remaining-129/metadata/P080.json	01588632abcdcafaecc00b7f632c75f2cb5be60ccbfba1cd6d7502266d4f3603	pilot/ontology-development-v3/production-calibration/production-remaining-129/inputs/P080.md	192c674aa5542aa4619b8911745e9b501b819c882d2a85a97ea0e02eadc21a38	81903	710868dc831cfe94cb1fbcb4dbd7398ff0a5f5c766c7f3b67f39a6ddf5b14d36	29348912865b84c52f532a6c0e729897c6951f490869160960ddc6e7ff6d3764	469a12954bfaac2ce46db20db6a1cec9c04550234651ce50ba2e5d70f7dbad39
P081	10.1016/j.jval.2021.03.019	corpus/20180510/doi_10.1016_j.jval.2021.03.019.md	940dee1d81a84a9a7ef540f3f2a73fff7539309202ac1da03a00d9ee2696c755	60879	input/projects/20180510/papers/doi_10.1016_j.jval.2021.03.019.xml	8f835ca11d498e90722787e973e7132071154716f7092cb700f13e9b8349f3fd	112919	20180510	pilot/ontology-development-v3/production-calibration/production-remaining-129/metadata/P081.json	b1509d311aa10e3f71d67d2efcaf8a3e3afc117eafbb4e83aeaa9ff96226b6c9	pilot/ontology-development-v3/production-calibration/production-remaining-129/inputs/P081.md	8c99f6f26e3321688c7e3edb1788266df59286e006feaadaffc611341616ad84	77972	710868dc831cfe94cb1fbcb4dbd7398ff0a5f5c766c7f3b67f39a6ddf5b14d36	29348912865b84c52f532a6c0e729897c6951f490869160960ddc6e7ff6d3764	469a12954bfaac2ce46db20db6a1cec9c04550234651ce50ba2e5d70f7dbad39
P082	10.1017/s0266462326103602	corpus/1505-RA/doi_10.1017_s0266462326103602.md	4f26cab992adb34e099c71814ee81c54b02de2bffc8ad03c5f824627b93901be	101826	input/projects/1505-RA/papers/doi_10.1017_s0266462326103602.xml	494d09880a686266c8f11352e37b8767c146b9c59c1d6885a71885a31dbc5724	191922	1505-RA	pilot/ontology-development-v3/production-calibration/production-remaining-129/metadata/P082.json	e59e74fb59b3bcdae3e7379ae787ee01645b755d21c61c8e407181d58b231b90	pilot/ontology-development-v3/production-calibration/production-remaining-129/inputs/P082.md	a52a9b9b8e3997c28f0663f8474ebec850762692e55ff9fc48adf43efc423fea	124295	710868dc831cfe94cb1fbcb4dbd7398ff0a5f5c766c7f3b67f39a6ddf5b14d36	29348912865b84c52f532a6c0e729897c6951f490869160960ddc6e7ff6d3764	469a12954bfaac2ce46db20db6a1cec9c04550234651ce50ba2e5d70f7dbad39
P083	10.1097/mlr.0000000000002200	corpus/304-PHD/doi_10.1097_mlr.0000000000002200.md	ce47d971885dace618d584c4ad063d8af999edb0c5dcd13591218d08e9aef14a	41427	input/projects/304-PHD/papers/doi_10.1097_mlr.0000000000002200.xml	e25654840107b21d30b5d6283727cdc5fc67abd828adbf624c6d76f92c6716e1	95368	304-PHD	pilot/ontology-development-v3/production-calibration/production-remaining-129/metadata/P083.json	a53161ec0c999c17274106fe7a4dea0a264dcc6ab8a106d8b52b3d246d461ef0	pilot/ontology-development-v3/production-calibration/production-remaining-129/inputs/P083.md	6594de6ed326c38ba8edba04d11fa336ea12a24387668825e6d4cced21ae115d	57544	710868dc831cfe94cb1fbcb4dbd7398ff0a5f5c766c7f3b67f39a6ddf5b14d36	29348912865b84c52f532a6c0e729897c6951f490869160960ddc6e7ff6d3764	469a12954bfaac2ce46db20db6a1cec9c04550234651ce50ba2e5d70f7dbad39
P084	10.1136/bmjopen-2020-048176	corpus/2016480/doi_10.1136_bmjopen-2020-048176.md	b89de0d7ad8c1f7cb18997088bba2c234c2d02c91fc6d68e0da63a4b50b6d0ff	131677	input/projects/2016480/papers/doi_10.1136_bmjopen-2020-048176.xml	45fc2157c840889ce250d2472610a7b52490db719f3b2c234d3dc27ebc935bce	222656	2016480	pilot/ontology-development-v3/production-calibration/production-remaining-129/metadata/P084.json	1777e6d4cd1890567c49d7e788b1498e80fb05c329c7e4f7477256d7eb6e9344	pilot/ontology-development-v3/production-calibration/production-remaining-129/inputs/P084.md	db3de4ada0ea56ba40fb21790cfeba928a3174faa4a52e1d1316a06e9ad53b5d	150759	710868dc831cfe94cb1fbcb4dbd7398ff0a5f5c766c7f3b67f39a6ddf5b14d36	29348912865b84c52f532a6c0e729897c6951f490869160960ddc6e7ff6d3764	469a12954bfaac2ce46db20db6a1cec9c04550234651ce50ba2e5d70f7dbad39
P085	10.1136/bmjopen-2021-051727	corpus/20180130/doi_10.1136_bmjopen-2021-051727.md	c52abb7cfcc313062a326c28123e3a5a25f7e81e0c114dfdb4d5a7a14f1ae841	41246	input/projects/20180130/papers/doi_10.1136_bmjopen-2021-051727.xml	adfbfd63b8ce5bebb33ae255199b06a69d388b7f8b07f24541269ba5fb0c0d45	78779	20180130	pilot/ontology-development-v3/production-calibration/production-remaining-129/metadata/P085.json	50b3fec1ec1d79f22f141a3ad1c9126f6bd457c123055785e43b569c5aa2a34d	pilot/ontology-development-v3/production-calibration/production-remaining-129/inputs/P085.md	341a4f30f2f0dec33cd4019e145357531f258d1d9bb0f2d841fb606eb1631c2c	57222	710868dc831cfe94cb1fbcb4dbd7398ff0a5f5c766c7f3b67f39a6ddf5b14d36	29348912865b84c52f532a6c0e729897c6951f490869160960ddc6e7ff6d3764	469a12954bfaac2ce46db20db6a1cec9c04550234651ce50ba2e5d70f7dbad39
P086	10.1136/bmjopen-2024-084440	corpus/20180740/doi_10.1136_bmjopen-2024-084440.md	eab0126806b8f22f1b027d0c8600f2d567b02acf882901a68de6ae106ed8741d	62615	input/projects/20180740/papers/doi_10.1136_bmjopen-2024-084440.xml	9ff24a3ff7dec4c09722d5fb83c4f5e09d6885e3b6cd20817a292be9b4cfd13e	129849	20180740	pilot/ontology-development-v3/production-calibration/production-remaining-129/metadata/P086.json	fd8f87dc3052c167bd67ea9bbc6c4a7891ee7df5dee441f869d7bac83fa683f4	pilot/ontology-development-v3/production-calibration/production-remaining-129/inputs/P086.md	a1e291a92d562d4853fb9397a0cbed5575fb7c5ae2f5dd3ff663401fcc2ad0fa	81131	710868dc831cfe94cb1fbcb4dbd7398ff0a5f5c766c7f3b67f39a6ddf5b14d36	29348912865b84c52f532a6c0e729897c6951f490869160960ddc6e7ff6d3764	469a12954bfaac2ce46db20db6a1cec9c04550234651ce50ba2e5d70f7dbad39
P087	10.1136/bmjopen-2024-091097	corpus/1769-RA/doi_10.1136_bmjopen-2024-091097.md	79618ede03bfa30832b64622f68c05988e6551f87315ccba023957ba8384847e	47505	input/projects/1769-RA/papers/doi_10.1136_bmjopen-2024-091097.xml	f126a2a21cd97088ba2325bbf416a3742bef422e8b4d2c5201a1080c8628889a	82752	1769-RA	pilot/ontology-development-v3/production-calibration/production-remaining-129/metadata/P087.json	90b671255f1dad971077f8d9ba86babb570c5b70433a9c0ca8e3b19204916999	pilot/ontology-development-v3/production-calibration/production-remaining-129/inputs/P087.md	35be22fad1c4a1ea465b15e46a9665e8a147d2a6f2ce54ed7fc73018868f433d	64083	710868dc831cfe94cb1fbcb4dbd7398ff0a5f5c766c7f3b67f39a6ddf5b14d36	29348912865b84c52f532a6c0e729897c6951f490869160960ddc6e7ff6d3764	469a12954bfaac2ce46db20db6a1cec9c04550234651ce50ba2e5d70f7dbad39
P088	10.1136/bmjopen-2024-097598	corpus/1704-RA/doi_10.1136_bmjopen-2024-097598.md	21f3eb92df6f2e28b4fa4d44f0559ef20deb1192ab09cfe164c764142621f53d	48411	input/projects/1704-RA/papers/doi_10.1136_bmjopen-2024-097598.xml	a87ac588b161dea28c4808f78e62be6eaeef97d70ecc2d3322c22148caa5764f	96731	1704-RA	pilot/ontology-development-v3/production-calibration/production-remaining-129/metadata/P088.json	b4ef80a9ae8b8f2543f92cf4d6c31b2d5196165390bffd72465c3a6506a8b2c7	pilot/ontology-development-v3/production-calibration/production-remaining-129/inputs/P088.md	804185ce218b47b2fba083b8a4a5cad8d2b52e3b8dff71fd0d8acd7ebd809707	68183	710868dc831cfe94cb1fbcb4dbd7398ff0a5f5c766c7f3b67f39a6ddf5b14d36	29348912865b84c52f532a6c0e729897c6951f490869160960ddc6e7ff6d3764	469a12954bfaac2ce46db20db6a1cec9c04550234651ce50ba2e5d70f7dbad39
P089	10.1136/bmjopen-2025-102509	corpus/1598-RA/doi_10.1136_bmjopen-2025-102509.md	56f910380217e3a4111bbe7e22132ea29c6a4330ae6d3b352b19edfb085eef2d	47716	input/projects/1598-RA/papers/doi_10.1136_bmjopen-2025-102509.xml	35e4a0b745d5da7d8ce6129b264d4d88b2404ec253704edc03a6901f245f5d6f	88850	1598-RA	pilot/ontology-development-v3/production-calibration/production-remaining-129/metadata/P089.json	378e991221debc72be09124934de8ea8ae8d36267e13aca11babc75947b92176	pilot/ontology-development-v3/production-calibration/production-remaining-129/inputs/P089.md	5d8c2638cc36ac5b0e0544056ce4f6192dd9cdff353a5951672b26f0ac1cf26d	69598	710868dc831cfe94cb1fbcb4dbd7398ff0a5f5c766c7f3b67f39a6ddf5b14d36	29348912865b84c52f532a6c0e729897c6951f490869160960ddc6e7ff6d3764	469a12954bfaac2ce46db20db6a1cec9c04550234651ce50ba2e5d70f7dbad39
P090	10.1177/0272989x18765184	corpus/2015150/doi_10.1177_0272989x18765184.md	612915e78912f9c29ed34e87d88408d0f2582d6d01c9dee112c92fe8c4690b8f	38334	input/projects/2015150/papers/doi_10.1177_0272989x18765184.xml	282bd855497b9d23b9a0f3965f0d22fe6f8923cc26a85e0be344de53fa3728bf	90609	2015150	pilot/ontology-development-v3/production-calibration/production-remaining-129/metadata/P090.json	ee13ed71e69d2ef381c72adb1192dbbb4f051f53a36aa6ca71d19aae6641378b	pilot/ontology-development-v3/production-calibration/production-remaining-129/inputs/P090.md	6bf29b6eefce64a57aec42408157885f6f79fb212529b96961b887778844599c	55813	710868dc831cfe94cb1fbcb4dbd7398ff0a5f5c766c7f3b67f39a6ddf5b14d36	29348912865b84c52f532a6c0e729897c6951f490869160960ddc6e7ff6d3764	469a12954bfaac2ce46db20db6a1cec9c04550234651ce50ba2e5d70f7dbad39
P091	10.1177/0272989x19841587	corpus/2015150/doi_10.1177_0272989x19841587.md	2d50dd6b2baa6039032f778f7dfaba55c94a05a9f2c00413e4d5a5576dacbb37	62695	input/projects/2015150/papers/doi_10.1177_0272989x19841587.xml	bf0634600b4fadcce9cec6eafd1b6306052f2d6a672c22d5545acf4cc3486233	183101	2015150	pilot/ontology-development-v3/production-calibration/production-remaining-129/metadata/P091.json	c78bdf0fcae7151ed10a38522fed56c00178d38544c76edfea838afaeb9a65f3	pilot/ontology-development-v3/production-calibration/production-remaining-129/inputs/P091.md	edad666e92639e409929eca3159f6e713562804bef56eb59e05d008135b79419	80016	710868dc831cfe94cb1fbcb4dbd7398ff0a5f5c766c7f3b67f39a6ddf5b14d36	29348912865b84c52f532a6c0e729897c6951f490869160960ddc6e7ff6d3764	469a12954bfaac2ce46db20db6a1cec9c04550234651ce50ba2e5d70f7dbad39
P092	10.1177/0272989x211001859	corpus/20180280/doi_10.1177_0272989x211001859.md	d3ba83c8932d41d4b1ddc942e83eb80d5cb9ab67daf0d2263967d5823dd91f00	49985	input/projects/20180280/papers/doi_10.1177_0272989x211001859.xml	b3a288bb42e8fb1ae4cad1439d051ff5e147ac1d9198a3e3bf1543837a8656ab	94319	20180280	pilot/ontology-development-v3/production-calibration/production-remaining-129/metadata/P092.json	720d6ef990cc17e1bbe1ab8594e7bf48321aef71278f8234181adc15799411c3	pilot/ontology-development-v3/production-calibration/production-remaining-129/inputs/P092.md	49001efcae00aeae36201468972af895a206252eca86eedeb2af576ab448633a	67132	710868dc831cfe94cb1fbcb4dbd7398ff0a5f5c766c7f3b67f39a6ddf5b14d36	29348912865b84c52f532a6c0e729897c6951f490869160960ddc6e7ff6d3764	469a12954bfaac2ce46db20db6a1cec9c04550234651ce50ba2e5d70f7dbad39
P093	10.1177/0272989x251325828	corpus/341-RA/doi_10.1177_0272989x251325828.md	e4063e816586a8e5b950966bc16d953e8fd2607a99ce77d159343a9a43d3145b	42340	input/projects/341-RA/papers/doi_10.1177_0272989x251325828.xml	036bafe3f84a51fb7ddc2eb1b43dfb5d1f875d00818b0cfea54a6bd2b4138efe	92981	341-RA	pilot/ontology-development-v3/production-calibration/production-remaining-129/metadata/P093.json	2d2d25eb40dded7685ca8590076d4a2a7d281ea2f0d79b2294a378e1fb71cb73	pilot/ontology-development-v3/production-calibration/production-remaining-129/inputs/P093.md	6d7f4bbcc4a9c8da14b6639df6dacc8c19a2b90b90d4569c97f1e9f0a147b840	61408	710868dc831cfe94cb1fbcb4dbd7398ff0a5f5c766c7f3b67f39a6ddf5b14d36	29348912865b84c52f532a6c0e729897c6951f490869160960ddc6e7ff6d3764	469a12954bfaac2ce46db20db6a1cec9c04550234651ce50ba2e5d70f7dbad39
P094	10.1186/s12889-018-5706-0	corpus/2013240/doi_10.1186_s12889-018-5706-0.md	a87301d2f9843a690a82156a6439327902948364a5d42df83c2150818f23262f	67215	input/projects/2013240/papers/doi_10.1186_s12889-018-5706-0.xml	f21b4164c581510faa98fd633e29092a877c5c182553214d492ddfc9c5be50e0	135663	2013240	pilot/ontology-development-v3/production-calibration/production-remaining-129/metadata/P094.json	fdaad018e04ab8877ef7dfc8e3bba6235f6db286315a62196fb5ad64191c31b6	pilot/ontology-development-v3/production-calibration/production-remaining-129/inputs/P094.md	eb61151d0dca1e02d173984060d77a9e4e3e69d0d7d19addae8a1dd61c752efe	86692	710868dc831cfe94cb1fbcb4dbd7398ff0a5f5c766c7f3b67f39a6ddf5b14d36	29348912865b84c52f532a6c0e729897c6951f490869160960ddc6e7ff6d3764	469a12954bfaac2ce46db20db6a1cec9c04550234651ce50ba2e5d70f7dbad39
P095	10.1186/s12955-017-0617-9	corpus/2014030/doi_10.1186_s12955-017-0617-9.md	025bf4d94deafd76836a36f85386dd1ed8eee4b927f54724add93d07d78eeb88	64738	input/projects/2014030/papers/doi_10.1186_s12955-017-0617-9.xml	5e8a4da0dcfa844f34aae703ea252ac63b2afd745aff370a0559b92af5133eda	96901	2014030	pilot/ontology-development-v3/production-calibration/production-remaining-129/metadata/P095.json	a12163f15a34d31bd1ddad2152540d2cd16c0f675fb0cbcb8d724ddf9d103208	pilot/ontology-development-v3/production-calibration/production-remaining-129/inputs/P095.md	903550681315d62ca9fc1a2280e327b008aebb0455215bb65307680742701103	81877	710868dc831cfe94cb1fbcb4dbd7398ff0a5f5c766c7f3b67f39a6ddf5b14d36	29348912865b84c52f532a6c0e729897c6951f490869160960ddc6e7ff6d3764	469a12954bfaac2ce46db20db6a1cec9c04550234651ce50ba2e5d70f7dbad39
P096	10.1186/s12955-019-1139-4	corpus/2016160/doi_10.1186_s12955-019-1139-4.md	96468a5ec21dbf5b6f786f3e1ad361d634d51544cd948fc9122eb68119eddf5d	47075	input/projects/2016160/papers/doi_10.1186_s12955-019-1139-4.xml	de2c61b533f0e1b219a80ee16bbf00de910ddf1e3ae187012d13d396c0672706	85632	2016160	pilot/ontology-development-v3/production-calibration/production-remaining-129/metadata/P096.json	121e28b108742eb06c3fab482c1b0957dd54964d91959b4b7ae0a6b855755480	pilot/ontology-development-v3/production-calibration/production-remaining-129/inputs/P096.md	134f422dcd13fe52e13e38bea9c9deeff189a7a22eea6e41489922ca7bf21fb2	66106	710868dc831cfe94cb1fbcb4dbd7398ff0a5f5c766c7f3b67f39a6ddf5b14d36	29348912865b84c52f532a6c0e729897c6951f490869160960ddc6e7ff6d3764	469a12954bfaac2ce46db20db6a1cec9c04550234651ce50ba2e5d70f7dbad39
P097	10.1186/s12955-020-01394-0	corpus/20180330/doi_10.1186_s12955-020-01394-0.md	8d250ffb8013236f7870be5a94b4dde2858c3dee9c4e4f682e183a2d9812ae15	45118	input/projects/20180330/papers/doi_10.1186_s12955-020-01394-0.xml	93b153f579a50047223ca5cfb2703056f406594057393acaa7c189b3fb17d9df	81742	20180330	pilot/ontology-development-v3/production-calibration/production-remaining-129/metadata/P097.json	a73707c1ca48de15fc74eb4307bb0e2ddc3270b1fb735f295d9c1310068c9044	pilot/ontology-development-v3/production-calibration/production-remaining-129/inputs/P097.md	e717e2cb4b1776e5ea77327d4e3302570bc3de33ecba17011e3daa33772c808d	64060	710868dc831cfe94cb1fbcb4dbd7398ff0a5f5c766c7f3b67f39a6ddf5b14d36	29348912865b84c52f532a6c0e729897c6951f490869160960ddc6e7ff6d3764	469a12954bfaac2ce46db20db6a1cec9c04550234651ce50ba2e5d70f7dbad39
P098	10.1186/s12955-020-01410-3	corpus/20170540/doi_10.1186_s12955-020-01410-3.md	6850f450b6257148971cbafb2b5edf2d5cb37424ccec061f735ce0d5d41d2aa8	47836	input/projects/20170540/papers/doi_10.1186_s12955-020-01410-3.xml	2e21faeeb695ed968a8a10eb5aeea4b699f9cb76bc9d1524fc25e36ae8bd53ce	88882	20170540	pilot/ontology-development-v3/production-calibration/production-remaining-129/metadata/P098.json	434a8ae45ea5398935ac0bbca4333e913423808c3ccbbf82d1267ab45f9ce8e5	pilot/ontology-development-v3/production-calibration/production-remaining-129/inputs/P098.md	90503f192025ded777c554a80a903563df54cb30caa917b69fa8a6cace51da7c	67497	710868dc831cfe94cb1fbcb4dbd7398ff0a5f5c766c7f3b67f39a6ddf5b14d36	29348912865b84c52f532a6c0e729897c6951f490869160960ddc6e7ff6d3764	469a12954bfaac2ce46db20db6a1cec9c04550234651ce50ba2e5d70f7dbad39
P099	10.1186/s12955-021-01771-3	corpus/20180330/doi_10.1186_s12955-021-01771-3.md	196ce19675e2f68c8b4d0609b111ab150d0610446f76b80ddc720e426f55e755	54332	input/projects/20180330/papers/doi_10.1186_s12955-021-01771-3.xml	a337a2cdd2075051fad56f7cef096df1b4ef8416e666216ba92e53a6ef7adafb	102626	20180330	pilot/ontology-development-v3/production-calibration/production-remaining-129/metadata/P099.json	3f912412a195ce8f044068c49bfd95911fc28f8a3f8b42a687fe75bc02c5c0f7	pilot/ontology-development-v3/production-calibration/production-remaining-129/inputs/P099.md	529e57c54804a4a4985880fa4bed4ae1bee3855953959313afd283a2acd02fe0	72706	710868dc831cfe94cb1fbcb4dbd7398ff0a5f5c766c7f3b67f39a6ddf5b14d36	29348912865b84c52f532a6c0e729897c6951f490869160960ddc6e7ff6d3764	469a12954bfaac2ce46db20db6a1cec9c04550234651ce50ba2e5d70f7dbad39
P100	10.1186/s12955-022-01989-9	corpus/2016220/doi_10.1186_s12955-022-01989-9.md	209283abeeae1c8a093dc950bb4818a5d88633d08160d2d163675feedf806a04	130037	input/projects/2016220/papers/doi_10.1186_s12955-022-01989-9.xml	fb4cda4696ba5cafbc14672878c18e66090efee71924d757d6bfe4eb94a3a249	192968	2016220	pilot/ontology-development-v3/production-calibration/production-remaining-129/metadata/P100.json	1158307cc281afc03d9e584a1c41253f1b2722bb4e19172d89be10f052ba7c92	pilot/ontology-development-v3/production-calibration/production-remaining-129/inputs/P100.md	756d6f06edabfb8d344014a79f0e821478cf501f3d1eb1851ab2d2d98c0e293a	147763	710868dc831cfe94cb1fbcb4dbd7398ff0a5f5c766c7f3b67f39a6ddf5b14d36	29348912865b84c52f532a6c0e729897c6951f490869160960ddc6e7ff6d3764	469a12954bfaac2ce46db20db6a1cec9c04550234651ce50ba2e5d70f7dbad39
P101	10.1186/s12955-022-01996-w	corpus/20180140/doi_10.1186_s12955-022-01996-w.md	c9dffe6ec38add6ccc58bd6db7acdfa367a47db3c9b57783046d620661f520fb	61492	input/projects/20180140/papers/doi_10.1186_s12955-022-01996-w.xml	61c64b847e8c56d5c27521cb5772a4eda4ac73333664914540f9499b728afc36	108074	20180140	pilot/ontology-development-v3/production-calibration/production-remaining-129/metadata/P101.json	6b069283f7995a38fd01b1b60c11902ef9ef224947fbe54e6417eca54aabcf29	pilot/ontology-development-v3/production-calibration/production-remaining-129/inputs/P101.md	7422c721b2d3fe87102e57bd5c1eaefc861dab464c39b15ef0458a8663726ad6	80618	710868dc831cfe94cb1fbcb4dbd7398ff0a5f5c766c7f3b67f39a6ddf5b14d36	29348912865b84c52f532a6c0e729897c6951f490869160960ddc6e7ff6d3764	469a12954bfaac2ce46db20db6a1cec9c04550234651ce50ba2e5d70f7dbad39
P102	10.1186/s12955-022-02031-8	corpus/20190360/doi_10.1186_s12955-022-02031-8.md	a9ce9d98d6772f8ca2c8259be4b7241093c38ab84eef10fb7e0b5ec909864ba8	37525	input/projects/20190360/papers/doi_10.1186_s12955-022-02031-8.xml	73f8279c19c9274f9596922292daaec60589578bbe50ba34a55372d0cf43b489	71673	20190360	pilot/ontology-development-v3/production-calibration/production-remaining-129/metadata/P102.json	c47647524e3ac78b505ab4081ebf1bc8795af1599f7e5a907a897f6a019a9ba0	pilot/ontology-development-v3/production-calibration/production-remaining-129/inputs/P102.md	2333b4a7f5dfffc59ca05f200bd8783593882847d47200a02666aab45ccb797e	54971	710868dc831cfe94cb1fbcb4dbd7398ff0a5f5c766c7f3b67f39a6ddf5b14d36	29348912865b84c52f532a6c0e729897c6951f490869160960ddc6e7ff6d3764	469a12954bfaac2ce46db20db6a1cec9c04550234651ce50ba2e5d70f7dbad39
P103	10.1186/s12955-023-02131-z	corpus/2016230/doi_10.1186_s12955-023-02131-z.md	b2083bc30a6caf142e5ea44beb9a49f3d4bfb500e10f6c8158ee2dfdc88eee01	50150	input/projects/2016230/papers/doi_10.1186_s12955-023-02131-z.xml	f315300c429496213613038bf407ec80dc8350cba23bcbf1510e29309b02eb39	91224	2016230	pilot/ontology-development-v3/production-calibration/production-remaining-129/metadata/P103.json	c266d4e65a3adecc862f8c1894cf80fdde3624576602335625f305b8dbe3f360	pilot/ontology-development-v3/production-calibration/production-remaining-129/inputs/P103.md	74d7b9327e47edd8dd964bb44e2f39aa672b0b6b04ba70deca6066c920d9f439	71385	710868dc831cfe94cb1fbcb4dbd7398ff0a5f5c766c7f3b67f39a6ddf5b14d36	29348912865b84c52f532a6c0e729897c6951f490869160960ddc6e7ff6d3764	469a12954bfaac2ce46db20db6a1cec9c04550234651ce50ba2e5d70f7dbad39
P104	10.1186/s12955-023-02144-8	corpus/20180030R1/doi_10.1186_s12955-023-02144-8.md	4751d9ab38892ef830f5ae1ab94182ed96f643ae720b545fb4b4f1f1cdfd7832	72829	input/projects/20180030R1/papers/doi_10.1186_s12955-023-02144-8.xml	631e5e551be190236ccc346cbf4a486ebaf4aaa068cdc774cac32a7be2c87fe3	124512	20180030R1	pilot/ontology-development-v3/production-calibration/production-remaining-129/metadata/P104.json	01827e3fe654b6618ed83e714104ebb64bb75da1818255c026a2d03750a15a9b	pilot/ontology-development-v3/production-calibration/production-remaining-129/inputs/P104.md	1d3a8c6fe36c577d437f86c7903b1db5a08e2ae384d56a604e809b72cf8620db	92718	710868dc831cfe94cb1fbcb4dbd7398ff0a5f5c766c7f3b67f39a6ddf5b14d36	29348912865b84c52f532a6c0e729897c6951f490869160960ddc6e7ff6d3764	469a12954bfaac2ce46db20db6a1cec9c04550234651ce50ba2e5d70f7dbad39
P105	10.1186/s12955-023-02177-z	corpus/333-RA/doi_10.1186_s12955-023-02177-z.md	da767530ccafa9572fb9983794d0964e7287e5a70c13a6960ec7a9413aa135dd	44049	input/projects/333-RA/papers/doi_10.1186_s12955-023-02177-z.xml	ab1641d76d7a6c1330f39fa9203749d912a9d135fa574edf24ba28c5dd4c2b70	84711	333-RA	pilot/ontology-development-v3/production-calibration/production-remaining-129/metadata/P105.json	50a6e9e1492f039b5b1d481e50f64ba179c749fd0a4b07e268b78051e4d4ab45	pilot/ontology-development-v3/production-calibration/production-remaining-129/inputs/P105.md	33042b1a00897f8a9df8ec9f757778f6cc48a83ebf612c6274016d431a8d14fa	65014	710868dc831cfe94cb1fbcb4dbd7398ff0a5f5c766c7f3b67f39a6ddf5b14d36	29348912865b84c52f532a6c0e729897c6951f490869160960ddc6e7ff6d3764	469a12954bfaac2ce46db20db6a1cec9c04550234651ce50ba2e5d70f7dbad39
P106	10.1186/s12955-023-02207-w	corpus/20190690/doi_10.1186_s12955-023-02207-w.md	6631e86a3d8ebc116dfd697dcd2bf677854c1f796e4a5e63a732ffc1480a89e9	82335	input/projects/20190690/papers/doi_10.1186_s12955-023-02207-w.xml	e33dfe9c55198e6b76f209353725364f024771d6b23a5d7b076a413d47965aa7	138911	20190690	pilot/ontology-development-v3/production-calibration/production-remaining-129/metadata/P106.json	ae5e7c7285a9b04ead819241ab241977f6477c7a7aaa66d997744cf2ffedc90a	pilot/ontology-development-v3/production-calibration/production-remaining-129/inputs/P106.md	85451e554c3856036b335210757ac3ce5ddccb33b0fe3250b491812e39872eb4	99388	710868dc831cfe94cb1fbcb4dbd7398ff0a5f5c766c7f3b67f39a6ddf5b14d36	29348912865b84c52f532a6c0e729897c6951f490869160960ddc6e7ff6d3764	469a12954bfaac2ce46db20db6a1cec9c04550234651ce50ba2e5d70f7dbad39
P107	10.1186/s12955-024-02271-w	corpus/304-PHD/doi_10.1186_s12955-024-02271-w.md	291a604a17e5ec303c5255f086e3eaa55f16c0255d2975f01af17b56b823f060	125516	input/projects/304-PHD/papers/doi_10.1186_s12955-024-02271-w.xml	59e62ecd0e11fd4edab1abe87f830fd33f578a81ac16790591ed370542118ba4	385766	304-PHD	pilot/ontology-development-v3/production-calibration/production-remaining-129/metadata/P107.json	8f5decaaeefb3e0cd4cb13611f1fc936c6ad3d17eea20af531bb2f328a57294a	pilot/ontology-development-v3/production-calibration/production-remaining-129/inputs/P107.md	73a8d36b5dfc07fd2400f1cf3dee7613d214926b12604661718f25c7f0d1a201	141573	710868dc831cfe94cb1fbcb4dbd7398ff0a5f5c766c7f3b67f39a6ddf5b14d36	29348912865b84c52f532a6c0e729897c6951f490869160960ddc6e7ff6d3764	469a12954bfaac2ce46db20db6a1cec9c04550234651ce50ba2e5d70f7dbad39
P108	10.1186/s12955-024-02290-7	corpus/364-RA/doi_10.1186_s12955-024-02290-7.md	9ee7dfff9c287e3c6dd4abab83be9d2f3d32ca4212aa8fae20b4b93c39a717f0	52978	input/projects/364-RA/papers/doi_10.1186_s12955-024-02290-7.xml	fb13012707bed41964a1dcf6534e56d0249fbada21ecd8660c7861914670a782	79053	364-RA	pilot/ontology-development-v3/production-calibration/production-remaining-129/metadata/P108.json	da7b5c7898eb8986c99e145ded99d6c0a734b21f78755efa6fde608e4021ef35	pilot/ontology-development-v3/production-calibration/production-remaining-129/inputs/P108.md	f966a3d97d74a41b6c9117ec37135b05109943c287a9785ba497f553ae96628a	70956	710868dc831cfe94cb1fbcb4dbd7398ff0a5f5c766c7f3b67f39a6ddf5b14d36	29348912865b84c52f532a6c0e729897c6951f490869160960ddc6e7ff6d3764	469a12954bfaac2ce46db20db6a1cec9c04550234651ce50ba2e5d70f7dbad39
P109	10.1186/s12955-024-02305-3	corpus/343-RA/doi_10.1186_s12955-024-02305-3.md	757e1baa4498c9417d49250c5778c3779767e29089b5a2c1f1d4a0b177bb0748	88414	input/projects/343-RA/papers/doi_10.1186_s12955-024-02305-3.xml	53a202353447ead8b1e62678047d4d1a6f2ae9d490cf18587767d9d74ee5f6bc	138778	343-RA	pilot/ontology-development-v3/production-calibration/production-remaining-129/metadata/P109.json	5cb5c88641e4b8ff27bf8499795e8b653d2aab7425940625dc8350f1b56ab7e7	pilot/ontology-development-v3/production-calibration/production-remaining-129/inputs/P109.md	ef0e54822a54c78aa4b988acced4c270d76261dcff55e5d71ab6724aebbb9e51	109063	710868dc831cfe94cb1fbcb4dbd7398ff0a5f5c766c7f3b67f39a6ddf5b14d36	29348912865b84c52f532a6c0e729897c6951f490869160960ddc6e7ff6d3764	469a12954bfaac2ce46db20db6a1cec9c04550234651ce50ba2e5d70f7dbad39
P110	10.1186/s12955-024-02323-1	corpus/341-RA/doi_10.1186_s12955-024-02323-1.md	0799a7ca241ea73db2689a91cd923cc608fd84703978215f058bca66c700cf9a	106425	input/projects/341-RA/papers/doi_10.1186_s12955-024-02323-1.xml	a08b55a1d4b1657da202fe74078fb8a245ce0657aa6667fbae16a5341363efec	149102	341-RA	pilot/ontology-development-v3/production-calibration/production-remaining-129/metadata/P110.json	c110c37ee8411f7bb3b79e2890675956bd4264cf2d6a6831649c7354021fdd04	pilot/ontology-development-v3/production-calibration/production-remaining-129/inputs/P110.md	9c9c877470d68cfec36e9fd634427d569ab9825a32dadb2f9b07655afd9cfa0d	126672	710868dc831cfe94cb1fbcb4dbd7398ff0a5f5c766c7f3b67f39a6ddf5b14d36	29348912865b84c52f532a6c0e729897c6951f490869160960ddc6e7ff6d3764	469a12954bfaac2ce46db20db6a1cec9c04550234651ce50ba2e5d70f7dbad39
P111	10.1186/s12955-025-02397-5	corpus/344-VS/doi_10.1186_s12955-025-02397-5.md	add6f5d387ad5d4c5c3d26cbe761310c2b15985face76a3d4fe00073663cccc9	55922	input/projects/344-VS/papers/doi_10.1186_s12955-025-02397-5.xml	fcc9913210eae61725e4a78d9209882c8dde48cc82ad2ef206d5162ec2980ee3	81796	344-VS	pilot/ontology-development-v3/production-calibration/production-remaining-129/metadata/P111.json	df0b3419eff55400344d9161222949840addccd9f1e6e8605dd73e0a98222326	pilot/ontology-development-v3/production-calibration/production-remaining-129/inputs/P111.md	2a9bf50b63b9ff9037efc32d94fde7cc7d95ce716837a1a84666efd63fe55bbe	76070	710868dc831cfe94cb1fbcb4dbd7398ff0a5f5c766c7f3b67f39a6ddf5b14d36	29348912865b84c52f532a6c0e729897c6951f490869160960ddc6e7ff6d3764	469a12954bfaac2ce46db20db6a1cec9c04550234651ce50ba2e5d70f7dbad39
P112	10.1186/s13561-022-00374-y	corpus/2015200/doi_10.1186_s13561-022-00374-y.md	1c7fb39d9cffe89541b94fa518ae8afd94f822b4b2d8792b199dd741b9cc4580	56852	input/projects/2015200/papers/doi_10.1186_s13561-022-00374-y.xml	f6bf4223959913d08df7ab29e97c5b767e0307dc2c1f1f6b6c71cddb2b1fabef	121095	2015200	pilot/ontology-development-v3/production-calibration/production-remaining-129/metadata/P112.json	e29ccd89ff90f6712c69fe895e6589bc322ca1496eb3116b61e8464ff87a1058	pilot/ontology-development-v3/production-calibration/production-remaining-129/inputs/P112.md	654626e82a4018bf32512808d733ad02e75ca3f41bcf3822677ef8ff0e2b50d9	80332	710868dc831cfe94cb1fbcb4dbd7398ff0a5f5c766c7f3b67f39a6ddf5b14d36	29348912865b84c52f532a6c0e729897c6951f490869160960ddc6e7ff6d3764	469a12954bfaac2ce46db20db6a1cec9c04550234651ce50ba2e5d70f7dbad39
P113	10.1186/s13643-025-03060-2	corpus/1812-PHD/doi_10.1186_s13643-025-03060-2.md	72bb55d785c259cc3b8a0f55280c7236a9e472e08f5051779caff085bb636556	96276	input/projects/1812-PHD/papers/doi_10.1186_s13643-025-03060-2.xml	b48f6ba215560bfecea3fdb9c5173900c174b5c39d8a9e381af9e5b08a7ef95c	261000	1812-PHD	pilot/ontology-development-v3/production-calibration/production-remaining-129/metadata/P113.json	7e7638b24e126ee106bdd9e9fb6124b0b3f1eb35d35e7c3763730ebb1ebb41d3	pilot/ontology-development-v3/production-calibration/production-remaining-129/inputs/P113.md	d82db75d1b6ee05773d457c4ec5057e8c2f8e93e198b5019f2df2b253cec2446	115693	710868dc831cfe94cb1fbcb4dbd7398ff0a5f5c766c7f3b67f39a6ddf5b14d36	29348912865b84c52f532a6c0e729897c6951f490869160960ddc6e7ff6d3764	469a12954bfaac2ce46db20db6a1cec9c04550234651ce50ba2e5d70f7dbad39
P114	10.1186/s41687-021-00406-x	corpus/20180330/doi_10.1186_s41687-021-00406-x.md	fe477440530ace405a6cecf67757561a5949bdbe68b20b111c0161aec6b75e1c	60136	input/projects/20180330/papers/doi_10.1186_s41687-021-00406-x.xml	fefb959ab8191f9b11ed4670107f4cb10162e7d73e630d72edc6d296b437d41a	114239	20180330	pilot/ontology-development-v3/production-calibration/production-remaining-129/metadata/P114.json	ad41dc762554b2999629249160a49a7ef5eab13613ec0cc48419a6b1268a915a	pilot/ontology-development-v3/production-calibration/production-remaining-129/inputs/P114.md	b9cf664127279ea86844b93fbfdaeb73ccad557aa8b5a43aeff35668a9f4303a	78996	710868dc831cfe94cb1fbcb4dbd7398ff0a5f5c766c7f3b67f39a6ddf5b14d36	29348912865b84c52f532a6c0e729897c6951f490869160960ddc6e7ff6d3764	469a12954bfaac2ce46db20db6a1cec9c04550234651ce50ba2e5d70f7dbad39
P115	10.1186/s41687-025-00928-8	corpus/436-RA/doi_10.1186_s41687-025-00928-8.md	544b05d801a8cf385f60d4784e189a2bd1bb54e8148c9072199907de1e38775c	95266	input/projects/436-RA/papers/doi_10.1186_s41687-025-00928-8.xml	8f6cde5e90bff447e206991da4898d63631986fa3c8511ff92085dbfc5c8f19f	139828	436-RA	pilot/ontology-development-v3/production-calibration/production-remaining-129/metadata/P115.json	576ae1ba8af528bde3abbddc35cdb5969ec1b212cb21ab004cb0bec30af7206b	pilot/ontology-development-v3/production-calibration/production-remaining-129/inputs/P115.md	5644eedda521fb96faf18d7cf12b32382dd24261c4b4289e8a78d303d33efa44	120205	710868dc831cfe94cb1fbcb4dbd7398ff0a5f5c766c7f3b67f39a6ddf5b14d36	29348912865b84c52f532a6c0e729897c6951f490869160960ddc6e7ff6d3764	469a12954bfaac2ce46db20db6a1cec9c04550234651ce50ba2e5d70f7dbad39
P116	10.1186/s41687-025-00985-z	corpus/1492-RA/doi_10.1186_s41687-025-00985-z.md	975b85316c338820d1694979d7df6a5fde53cfa68dc0bfab4a9609330c958d7f	49236	input/projects/1492-RA/papers/doi_10.1186_s41687-025-00985-z.xml	fce98ea320430f2ae1ed7406b846120079f5589b3d848ad012fe64c0168f7d1d	75294	1492-RA	pilot/ontology-development-v3/production-calibration/production-remaining-129/metadata/P116.json	b323f2c7a085014318907b31314e667465b3babea28c7c682486713273db4901	pilot/ontology-development-v3/production-calibration/production-remaining-129/inputs/P116.md	ab5783aa7607ce344d0ff48a564755a489d26dde00f17ea01486275f15620f43	70973	710868dc831cfe94cb1fbcb4dbd7398ff0a5f5c766c7f3b67f39a6ddf5b14d36	29348912865b84c52f532a6c0e729897c6951f490869160960ddc6e7ff6d3764	469a12954bfaac2ce46db20db6a1cec9c04550234651ce50ba2e5d70f7dbad39
P117	10.1371/journal.pone.0197098	corpus/2013240/doi_10.1371_journal.pone.0197098.md	4d4db2458959f4df73e503f80a37a9bff816b1dcfae9d0c980b1606ff34f57b7	142228	input/projects/2013240/papers/doi_10.1371_journal.pone.0197098.xml	c277b98b16b9b5f8919797fb023defd348d3a132c03f7ce4477cbb3b09e6396f	224736	2013240	pilot/ontology-development-v3/production-calibration/production-remaining-129/metadata/P117.json	c5e88a28a31186d72153b3106e30cd8d060a915459e5da8ab10b504e134cb0ab	pilot/ontology-development-v3/production-calibration/production-remaining-129/inputs/P117.md	51ebe546f7b137ac8e301d95b4ae23d40ddc389f8dac1bb8a898e7f683333537	167645	710868dc831cfe94cb1fbcb4dbd7398ff0a5f5c766c7f3b67f39a6ddf5b14d36	29348912865b84c52f532a6c0e729897c6951f490869160960ddc6e7ff6d3764	469a12954bfaac2ce46db20db6a1cec9c04550234651ce50ba2e5d70f7dbad39
P118	10.1371/journal.pone.0200966	corpus/2013240/doi_10.1371_journal.pone.0200966.md	9adba5f8d2082722e066c26812ad0d40cadbd28da6d269342c4c7571c11a7105	58529	input/projects/2013240/papers/doi_10.1371_journal.pone.0200966.xml	54605e31d4d3eee2a9459bdb4906fc6379059552dc698ac2684cc3ca5ea4fe85	103087	2013240	pilot/ontology-development-v3/production-calibration/production-remaining-129/metadata/P118.json	e4357ea44c65e9f16306ab8cc58cfab68542d335966cf3f0011335e266b7cdc0	pilot/ontology-development-v3/production-calibration/production-remaining-129/inputs/P118.md	a5656fa8b0df03e7bb1a29cf1d2920191dbff3343fa55a6ca2ce208c11bf8d64	79228	710868dc831cfe94cb1fbcb4dbd7398ff0a5f5c766c7f3b67f39a6ddf5b14d36	29348912865b84c52f532a6c0e729897c6951f490869160960ddc6e7ff6d3764	469a12954bfaac2ce46db20db6a1cec9c04550234651ce50ba2e5d70f7dbad39
P119	10.1371/journal.pone.0290606	corpus/2015200/doi_10.1371_journal.pone.0290606.md	8f3b3dda23875e9d2ec60f0423b8f9d5775938eca2c192e31dac8e6aaa3e6824	129275	input/projects/2015200/papers/doi_10.1371_journal.pone.0290606.xml	5b8e0aaef87898c3ff7a339dde9ebe4db327ba0b49f063b856b2fb8b4ba785dc	207990	2015200	pilot/ontology-development-v3/production-calibration/production-remaining-129/metadata/P119.json	2efc6e833d2554e8ea5b25ae7338798303f502013a919d24f4754f43e7c85b65	pilot/ontology-development-v3/production-calibration/production-remaining-129/inputs/P119.md	5e0497d661f14a60909e4126fc6591146dfe355428f7ea1dcc216f18b3d1dcdc	156895	710868dc831cfe94cb1fbcb4dbd7398ff0a5f5c766c7f3b67f39a6ddf5b14d36	29348912865b84c52f532a6c0e729897c6951f490869160960ddc6e7ff6d3764	469a12954bfaac2ce46db20db6a1cec9c04550234651ce50ba2e5d70f7dbad39
P120	10.2196/27669	corpus/2016480/doi_10.2196_27669.md	2f81d9897e83968a3ef06dfecb39c2750a1f766943fd359c66163a2a728f1d43	57943	input/projects/2016480/papers/doi_10.2196_27669.xml	3bca14c08e195c1a14cbdb35eee45a1c081e177fa8f0bb144647c5b672b1c3ac	135432	2016480	pilot/ontology-development-v3/production-calibration/production-remaining-129/metadata/P120.json	e16280aec6e2c92a68ac22ab4614138203ceabb392ad4cb826f886064a69c286	pilot/ontology-development-v3/production-calibration/production-remaining-129/inputs/P120.md	9aeaf29ecdcfe4cd5a4015d45030fe75c7c99e146aff36e22e82e9540bdc624c	78799	710868dc831cfe94cb1fbcb4dbd7398ff0a5f5c766c7f3b67f39a6ddf5b14d36	29348912865b84c52f532a6c0e729897c6951f490869160960ddc6e7ff6d3764	469a12954bfaac2ce46db20db6a1cec9c04550234651ce50ba2e5d70f7dbad39
P121	10.3389/fepid.2023.1144162	corpus/460-RA/doi_10.3389_fepid.2023.1144162.md	5f3bd0b79e50eb3cc64cc38855dc6166f24d0376f5cf183e648cb1d8459485c3	82786	input/projects/460-RA/papers/doi_10.3389_fepid.2023.1144162.xml	5f1817e727fdb9b8fdff38072c36a0c7c3e723ac4eff311a1603f65339cd1763	128357	460-RA	pilot/ontology-development-v3/production-calibration/production-remaining-129/metadata/P121.json	d07d1c2de2e94c68992c378fd833288459bf65aec9f6e28d7240b20ddd95eca8	pilot/ontology-development-v3/production-calibration/production-remaining-129/inputs/P121.md	3ff7166e756aed300886c29b426532f1cb4614e7cc642d26ba7facc4e2becc0b	102020	710868dc831cfe94cb1fbcb4dbd7398ff0a5f5c766c7f3b67f39a6ddf5b14d36	29348912865b84c52f532a6c0e729897c6951f490869160960ddc6e7ff6d3764	469a12954bfaac2ce46db20db6a1cec9c04550234651ce50ba2e5d70f7dbad39
P122	10.3389/fpubh.2021.744405	corpus/20180630/doi_10.3389_fpubh.2021.744405.md	258a976ef51d38c150d4eefacb68da9c595ee44aeaf7e6c510ea7c7bb767b414	134250	input/projects/20180630/papers/doi_10.3389_fpubh.2021.744405.xml	5eb9a51de137d460a221f33229ac8ff545d4fe796453e350fffccc04812e57a5	222906	20180630	pilot/ontology-development-v3/production-calibration/production-remaining-129/metadata/P122.json	9e1ec51cf537d35b263290001d57d8145ab7597ea2d02a05f708b7348b33c902	pilot/ontology-development-v3/production-calibration/production-remaining-129/inputs/P122.md	78982f0fe436c20f0b132e285c4dd9e518bf31c719dc89528db8847095d72d98	153905	710868dc831cfe94cb1fbcb4dbd7398ff0a5f5c766c7f3b67f39a6ddf5b14d36	29348912865b84c52f532a6c0e729897c6951f490869160960ddc6e7ff6d3764	469a12954bfaac2ce46db20db6a1cec9c04550234651ce50ba2e5d70f7dbad39
P123	10.3390/children10101604	corpus/330-PHD/doi_10.3390_children10101604.md	7f7839b3d96f27197aefe86bf19ce02d9cb6a4fd359b6c7ccef151d3a4293477	83966	input/projects/330-PHD/papers/doi_10.3390_children10101604.xml	1eaae2380eabba23857d9b6c24d49d7a2d36f0cae19ed7bf745f1f6de9db0364	153676	330-PHD;361-RA	pilot/ontology-development-v3/production-calibration/production-remaining-129/metadata/P123.json	8d50fd07758465cfdaf9a0d93abcee91d4128239e9f13f09bd3c673671e54b23	pilot/ontology-development-v3/production-calibration/production-remaining-129/inputs/P123.md	d44cdf8d4127b9ab0aba4c3a41ebbbbb701f2f7eac050dbec093a747b101d5bc	115168	710868dc831cfe94cb1fbcb4dbd7398ff0a5f5c766c7f3b67f39a6ddf5b14d36	29348912865b84c52f532a6c0e729897c6951f490869160960ddc6e7ff6d3764	469a12954bfaac2ce46db20db6a1cec9c04550234651ce50ba2e5d70f7dbad39
P124	10.3390/children8080714	corpus/361-RA/doi_10.3390_children8080714.md	27244814d0ea554d3b259df48b35b645938ee93349e41941519a314e9f36bbc5	87964	input/projects/361-RA/papers/doi_10.3390_children8080714.xml	49659928d6530cf93d9497a0dc9d546b5a2ac9c7b03fa9c710bfd680b760012e	158618	361-RA	pilot/ontology-development-v3/production-calibration/production-remaining-129/metadata/P124.json	3bd62c8116bfde30122a8d6888aa65102f0219eb9463d5af606fdb9fa15c20d7	pilot/ontology-development-v3/production-calibration/production-remaining-129/inputs/P124.md	b032c2aabf9657a3a2c485ba1bb9569cdc6bd3bfe1fcb1b6a5f4ddd228fd6473	107351	710868dc831cfe94cb1fbcb4dbd7398ff0a5f5c766c7f3b67f39a6ddf5b14d36	29348912865b84c52f532a6c0e729897c6951f490869160960ddc6e7ff6d3764	469a12954bfaac2ce46db20db6a1cec9c04550234651ce50ba2e5d70f7dbad39
P125	10.3390/children8100920	corpus/20170540/doi_10.3390_children8100920.md	2b118387a7193d1c4615e20620ea4a594cab9833dc7fa8daad3856c17ba64e53	78850	input/projects/20170540/papers/doi_10.3390_children8100920.xml	2be77b101062f01d172e17bd4db2aa4183b9965e7407f0debb2cce764ac08f64	167967	20170540	pilot/ontology-development-v3/production-calibration/production-remaining-129/metadata/P125.json	8b1556ab8197ab93a730de4dfdb418217083006fb2938f5a8d950aa9896051cc	pilot/ontology-development-v3/production-calibration/production-remaining-129/inputs/P125.md	41d7d7d24ebd0cfee96f3e7a40f5a4f88a9b788b23fbab57ddf77a5acb0ebf41	96951	710868dc831cfe94cb1fbcb4dbd7398ff0a5f5c766c7f3b67f39a6ddf5b14d36	29348912865b84c52f532a6c0e729897c6951f490869160960ddc6e7ff6d3764	469a12954bfaac2ce46db20db6a1cec9c04550234651ce50ba2e5d70f7dbad39
P126	10.3390/curroncol32110645	corpus/1456-PD/doi_10.3390_curroncol32110645.md	c56fde022f3c5b0ab1a9fe9a206c95f38c6f711c734b82bb98778c78058e1ba4	58691	input/projects/1456-PD/papers/doi_10.3390_curroncol32110645.xml	19bfb2da63063cce642690b71bf45233c2d032a78b2f1268adc4ae45be9c9ed8	132272	1456-PD	pilot/ontology-development-v3/production-calibration/production-remaining-129/metadata/P126.json	f3e326e635c7ab6c1598dec2fdc7efa9b4c0e1d9d0663dbf819c6e5321596ff4	pilot/ontology-development-v3/production-calibration/production-remaining-129/inputs/P126.md	e9f37ca6d73d6a8e32e365ec71c79ec3d8bb0e0b5efe25e85b2a6973243eef2a	80830	710868dc831cfe94cb1fbcb4dbd7398ff0a5f5c766c7f3b67f39a6ddf5b14d36	29348912865b84c52f532a6c0e729897c6951f490869160960ddc6e7ff6d3764	469a12954bfaac2ce46db20db6a1cec9c04550234651ce50ba2e5d70f7dbad39
P127	10.3390/ijerph19138208	corpus/2014210/doi_10.3390_ijerph19138208.md	5dae42e641feed0fa8449c8f63aaa090f50791ca29d3bf9be2d0b52c964d71b0	65099	input/projects/2014210/papers/doi_10.3390_ijerph19138208.xml	56e8f7ab1ffd8f0b506c020a3acf5ade9ec758b70677fb90e83991ac8a69103c	129386	2014210	pilot/ontology-development-v3/production-calibration/production-remaining-129/metadata/P127.json	631e26346a1007e2ae78a2af1ba72eb48d4b846d5cc7f2afa74443e31e7588cf	pilot/ontology-development-v3/production-calibration/production-remaining-129/inputs/P127.md	d535d6ee10d4ba1bd99fe0bb44a182ce7d1f70f219f78674bb65886e3c16c8fb	85242	710868dc831cfe94cb1fbcb4dbd7398ff0a5f5c766c7f3b67f39a6ddf5b14d36	29348912865b84c52f532a6c0e729897c6951f490869160960ddc6e7ff6d3764	469a12954bfaac2ce46db20db6a1cec9c04550234651ce50ba2e5d70f7dbad39
P128	10.3390/nu16162591	corpus/460-RA/doi_10.3390_nu16162591.md	8b7cca005d2c1fa9631f3981fddf0945e20dfa67678fc845fd73f939bddb73a9	82631	input/projects/460-RA/papers/doi_10.3390_nu16162591.xml	0fade87af8a98ff93cbf0cf3d60981ebb34b5573ad26ccb5fbecacaae4a93312	172881	460-RA	pilot/ontology-development-v3/production-calibration/production-remaining-129/metadata/P128.json	026f2ea1c0e17adffb20d39af16eabd82ecb91580610b871a434ec74343bedf8	pilot/ontology-development-v3/production-calibration/production-remaining-129/inputs/P128.md	c83ccfeaec160374865567482f5f2672dd7566992af98bc48b9f37e47e5afcca	105318	710868dc831cfe94cb1fbcb4dbd7398ff0a5f5c766c7f3b67f39a6ddf5b14d36	29348912865b84c52f532a6c0e729897c6951f490869160960ddc6e7ff6d3764	469a12954bfaac2ce46db20db6a1cec9c04550234651ce50ba2e5d70f7dbad39
P129	10.4314/ahs.v23i4.63	corpus/20190670/doi_10.4314_ahs.v23i4.63.md	176cd4158f86738c029652d417fd23da62f2897e225b59b712d3b49fe229af24	69709	input/projects/20190670/papers/doi_10.4314_ahs.v23i4.63.xml	ed35ad6817d6e0526eee5e96cf148bdda30c7960a9ffdc20a62ece6ba1fe2a49	115077	20190670	pilot/ontology-development-v3/production-calibration/production-remaining-129/metadata/P129.json	0b61b16c5b438ab9c06202ce6c984839e2eb6d1cf8855ee25b2fa498c86c1c1e	pilot/ontology-development-v3/production-calibration/production-remaining-129/inputs/P129.md	bf2a9bd2078d0872e7183e5c1361438995992f5ffd2dafff7f8f91be992c45d0	86240	710868dc831cfe94cb1fbcb4dbd7398ff0a5f5c766c7f3b67f39a6ddf5b14d36	29348912865b84c52f532a6c0e729897c6951f490869160960ddc6e7ff6d3764	469a12954bfaac2ce46db20db6a1cec9c04550234651ce50ba2e5d70f7dbad39
