record_id,title,year,doi,pmid,pmcid,linked_people,screen_code,screen_reason,full_text_status,full_text_source,assessment_status,connection,connection_evidence,funding_raw,funding_scope,funding_evidence,funding_scope_evidence,project_link,project_ids,project_evidence,confidence,manual_adjudication
Pd3331b7c872d,"Exploring health preference heterogeneity in the UK: Using the online elicitation of personal utility functions approach to construct EQ‐5D‐5L value functions on societal, group and individual level",2024,10.1002/hec.4805,38243895,,Ben Van Hout,R1,"[R1] The study develops OPUF-derived societal, group, and individual EQ-5D-5L value functions from health-state preferences.",unavailable,,not_assessed_fulltext_unavailable,not_assessed_fulltext_unavailable,,not_assessed_fulltext_unavailable,not_assessed_fulltext_unavailable,,,not_assessed_fulltext_unavailable,,,,
P81fe3275ea7f,Using the Online Elicitation of Personal Utility Functions Approach to Derive a Patient-Based 5-Level Version of EQ-5D Value Set: A Study in 122 Patients With Rheumatic Diseases From Germany,2023,10.1016/j.jval.2023.12.009,38154596,,Ben Van Hout,R1,[R1] The study tests OPUF for deriving a patient-based EQ-5D-5L value set from a small rheumatic-disease sample.,unavailable,,not_assessed_fulltext_unavailable,not_assessed_fulltext_unavailable,,not_assessed_fulltext_unavailable,not_assessed_fulltext_unavailable,,,not_assessed_fulltext_unavailable,,,,
P57ec0de21501,The Online Elicitation of Personal Utility Functions (OPUF) tool: a new method for valuing health states,2022,10.12688/wellcomeopenres.17518.1,36060298,PMC9396078,Ben Van Hout,R1,[R1] The article develops and pilots the OPUF tool to elicit individual and group EQ-5D-5L health-state value sets.,available,europe_pmc_xml,assessed,direct_eq,"The study develops and pilots the OPUF, a compositional online method to derive individual and group EQ-5D-5L value sets; EQ-5D health-state valuation is its primary object.",other_funding_only,other_funding_only,This work was supported by Wellcome [108903]; the text names no EuroQol funder or support.,This work was supported by Wellcome [108903]; the text names no EuroQol funder or support.,none,,The article reports Wellcome [108903] support and does not identify either candidate or describe the candidates' utility-rescaling or England 5L-value-set project aims.,high,
P371ccbf7c0d5,Mapping EQ-5D-3L to EQ-5D-5L.,2021,10.1016/j.jval.2021.03.009,34452708,,Ben Van Hout,R1,[R1] The research develops and evaluates algorithms mapping EQ-5D-3L responses to EQ-5D-5L value sets.,unavailable,,not_assessed_fulltext_unavailable,not_assessed_fulltext_unavailable,,not_assessed_fulltext_unavailable,not_assessed_fulltext_unavailable,,,not_assessed_fulltext_unavailable,,,,
Pe650b362c8a4,The EQ-5D-5L Value Set for England: Response to the “Quality Assurance”,2020,10.1016/j.jval.2019.10.013,32389231,,Ben Van Hout,R1,[R1] The article assesses modelling approaches and stated-preference methods used for the EQ-5D-5L England value set.,unavailable,,not_assessed_fulltext_unavailable,not_assessed_fulltext_unavailable,,not_assessed_fulltext_unavailable,not_assessed_fulltext_unavailable,,,not_assessed_fulltext_unavailable,,,,
P5a10aa051f45,Comparison of quality of life measurements: EQ-5D-5L versus disease/treatment-specific measures in pulmonary embolism and deep vein thrombosis,2019,10.1007/s11136-018-2081-3,30607785,,Ben Van Hout,R1,[R1] The study evaluates EQ-5D-5L psychometric performance against disease- and treatment-specific quality-of-life measures.,unavailable,,not_assessed_fulltext_unavailable,not_assessed_fulltext_unavailable,,not_assessed_fulltext_unavailable,not_assessed_fulltext_unavailable,,,not_assessed_fulltext_unavailable,,,,
P25a8a0815f71,A new method for valuing health: directly eliciting personal utility functions,2018,10.1007/s10198-018-0993-z,30030647,PMC6438932,Ben Van Hout,R1,[R1] The paper develops and pilots a direct personal-utility-function method for valuing EQ-5D health states.,available,europe_pmc_xml,assessed,direct_eq,"The paper develops and pilots a stated-preference method for directly eliciting personal utility functions to value EQ-5D, with the aim of producing EQ-5D value sets.",explicit_euroqol,study_funding,Acknowledgements: ‘This study was funded by the EuroQol Research Foundation.’,Acknowledgements state that this study was funded by the EuroQol Research Foundation.,possible,2014025,"Project 2014025 plausibly concerns an England EQ-5D-5L value-set study at Sheffield under Ben Van Hout; this article reports a 2015 England pilot using a simplified EQ-5D-5L, but gives no project ID or matching grant.",medium,
Pac1310015ab8,An exploration of the non‐iterative time trade‐off method to value health states,2018,10.1002/hec.3773,29774632,PMC6055741,Ben Van Hout,R2,[R2] The study develops and compares non-iterative TTO formats for valuing health states against DCE TTO.,available,europe_pmc_xml,assessed,direct_eq,"The study’s aim is to test non-iterative TTO variants for EQ-5D-5L health-state valuation, comparing them with DCETTO and iterative TTO.",explicit_euroqol,study_funding,Acknowledgements: ‘This study is funded by the EuroQol Research Foundation.’,Acknowledgements: This study is funded by the EuroQol Research Foundation.,possible,2014025,"Project 2014025 plausibly overlaps in PI Ben van Hout, timing, UK EQ-5D-5L valuation, and Sheffield context, but the article gives neither its ID/title nor a funding statement identifying it.",medium,
P13a50c7a151d,Comparing the UK EQ-5D-3L and English EQ-5D-5L Value Sets,2018,10.1007/s40273-018-0628-3,29476363,PMC5954043,Ben Van Hout,R1,"[R1] This study directly compares UK and English EQ-5D-3L, crosswalk, and EQ-5D-5L value sets and their utility-score properties.",available,europe_pmc_xml,assessed,direct_eq,"The article’s objective is to compare the UK EQ-5D-3L, crosswalk, and English EQ-5D-5L value sets, including their valuation protocols, theoretical utilities, and patient-data implications.",explicit_euroqol,related_work_funding,"No funding was received for this study, but the crosswalk study data collection was funded by the EuroQol Research Foundation.","The article says: ‘No funding was received for this study,’ while only the underlying crosswalk-study data collection was funded by EuroQol.",possible,2014025,"Project 2014025 is a plausible link because its title is Supplementary funding 5L value set study England: Sheffield and van Hout is an author; this article analyses the English EQ-5D-5L value set, but gives no project identifier or statement linking this comparative paper to the project.",medium,
Pea5d7fc0472b,International Regulations and Recommendations for Utility Data for Health Technology Assessment,2017,10.1007/s40273-017-0544-y,29052162,,Ben Van Hout,R2,"[R2] This article's primary focus is how utility data and generic preference-based measures should be collected, sourced, and used.",unavailable,,not_assessed_fulltext_unavailable,not_assessed_fulltext_unavailable,,not_assessed_fulltext_unavailable,not_assessed_fulltext_unavailable,,,not_assessed_fulltext_unavailable,,,,
P64c5339b0827,New methods for modelling EQ-5D-5L value sets: An application to English data,2017,10.1002/hec.3560,28833854,PMC5836982,Ben Van Hout,R1,[R1] This study develops and evaluates models for deriving the English EQ-5D-5L value set from TTO and DCE data.,available,europe_pmc_xml,assessed,direct_eq,"The paper's primary aim is to model the English EQ-5D-5L value set from TTO and DCE data, developing methods for EQ-5D-5L valuation data.",explicit_euroqol,study_funding,Funding source: a Department of Health Policy Research Programme grant; additional funding and technical support was provided by the EuroQol Research Foundation.,"Funding Source states that the study received additional funding, as well as technical support, from the EuroQol Research Foundation.",probable,2014025,"Candidate 2014025 is titled 'Supplementary funding 5L value set study England: Sheffield'; the article reports the English EQ-5D-5L value-set study, Sheffield ethics approval, and Ben van Hout's involvement, providing a distinctive probable match.",high,
P7b8a6079aed9,Valuing health-related quality of life: An EQ-5D-5L value set for England,2017,10.1002/hec.3564,28833869,PMC6680214,Ben Van Hout,R1,[R1] This study elicits TTO and DCE preferences to generate an EQ-5D-5L value set for England.,available,europe_pmc_xml,assessed,direct_eq,"The study’s aim is to produce an English EQ-5D-5L value set; it elicits TTO and DCE preferences and fits a hybrid model for all 3,125 EQ-5D-5L health states.",explicit_euroqol,study_funding,Acknowledgements state: ‘Additional funding and technical support was provided by the EuroQol Research Foundation.’,"Acknowledgements: ‘Additional funding and technical support was provided by the EuroQol Research Foundation’ for this study, alongside Department of Health study funding.",probable,2014025,"Project 2014025 specifically concerns supplementary funding for an England EQ-5D-5L value-set study at Sheffield; its PI Ben Van Hout is an article author, and its 2014 timing fits the study’s 2012–13 data collection and 2017 publication.",medium,
P5adb70ae1f53,A Comparison of Methods for Converting DCE Values onto the Full Health-Dead QALY Scale,2014,10.1177/0272989x14559542,25398621,,Ben Van Hout,R2,"[R2] This study compares DCE-to-QALY-scale conversion methods for health-state values, including mapping and hybrid valuation models.",unavailable,,not_assessed_fulltext_unavailable,not_assessed_fulltext_unavailable,,not_assessed_fulltext_unavailable,not_assessed_fulltext_unavailable,,,not_assessed_fulltext_unavailable,,,,
P2a585bd1b140,A Program of Methodological Research to Arrive at the New International EQ-5D-5L Valuation Protocol,2014,10.1016/j.jval.2014.04.002,24969006,,Ben Van Hout,R1,[R1] This EuroQol research program develops the international EQ-5D-5L health-state valuation protocol and its TTO/DCE tasks.,available,openalex_pdf,assessed,direct_eq,"The article describes the EuroQol Group’s methodological research and the resulting international EQ-5D-5L valuation protocol, including composite TTO and discrete-choice tasks to create value sets.",explicit_euroqol,study_funding,"Source of financial support: the England study was funded by Department of Health grant PRP 070-0065, and ‘The other studies were funded by the EuroQol Group.’","The article reports that, aside from the England and Dutch Internet studies, ‘The other studies were funded by the EuroQol Group’; these studies comprise the research program described.",possible,2014025,"Project 2014025 is plausibly related because it names supplementary funding for an England 5L value-set study at Sheffield under Ben Van Hout, while this article reports an England EQ-5D-5L pilot; it does not name that project or link its funding to it.",medium,
P3398c4c18697,Interim EQ-5D-5L Value Set for Poland: First Crosswalk Value Set in Central and Eastern Europe,2014,10.1016/j.vhri.2014.06.001,29702801,,Ben Van Hout,R1,[R1] This study applies EuroQol crosswalk methodology to derive an interim Polish EQ-5D-5L value set.,unavailable,,not_assessed_fulltext_unavailable,not_assessed_fulltext_unavailable,,not_assessed_fulltext_unavailable,not_assessed_fulltext_unavailable,,,not_assessed_fulltext_unavailable,,,,
P99f16afecff5,Predicting preference-based utility values using partial proportional odds models.,2014,10.1186/1756-0500-7-438,25000846,PMC4118278,Ben Van Hout,R1,[R1] The study develops and compares EQ-5D response-mapping models to predict its preference-based utility scores.,available,europe_pmc_xml,assessed,direct_eq,The study’s stated aim is to develop EQ-5D response mapping using partial proportional odds models and compare predicted EQ-5D utilities with OLS.,no_funding_statement,no_funding_statement,none stated,none stated,none,,"Neither candidate is supported: the 2020 rescaling project is later, and the 2014 England 5L value-set supplement is not identified and does not match this EQ-5D-3L mapping study.",high,
P363da78cc35f,Eliciting health state utilities for Dupuytren’s contracture using a discrete choice experiment,2013,10.3109/17453674.2013.865097,24286567,PMC3851672,Ben Van Hout,R2,[R2] The DCE elicits and models preferences for Dupuytren's health states to derive a health-state utility algorithm.,available,europe_pmc_xml,assessed,adjacent_measurement,The primary method derives Dupuytren utility algorithms by anchoring DCE preferences to EQ-5D-5L profiles and rescaling them to EQ-5D-5L utility values.,other_funding_only,other_funding_only,The article states: 'This study was sponsored by Pfizer Inc.' No EuroQol funding or support is stated.,The article states: 'This study was sponsored by Pfizer Inc.' No EuroQol funding or support is stated.,none,,"The supplied projects concern later EQ-5D rescaling work (2020) or an England 5L value-set study (2014), not this 2013 Dupuytren DCE.",high,connection: direct_eq -> adjacent_measurement
P4bbb249162d3,A COMPARISON OF ALTERNATIVE VARIANTS OF THE LEAD AND LAG TIME TTO,2012,10.1002/hec.2819,22715069,,Ben Van Hout,R1,[R1] The study evaluates lead- and lag-time TTO variants for valuing EQ-5D health states.,unavailable,,not_assessed_fulltext_unavailable,not_assessed_fulltext_unavailable,,not_assessed_fulltext_unavailable,not_assessed_fulltext_unavailable,,,not_assessed_fulltext_unavailable,,,,
P1141bb655825,Estimating Preference-Based EQ-5D Health State Utilities or Item Responses from Neuropathic Pain Scores,2012,10.1007/bf03262491,22765255,,Ben Van Hout,R1,[R1] The study develops and tests mappings from neuropathic-pain scores to EQ-5D utilities and item responses.,unavailable,,not_assessed_fulltext_unavailable,not_assessed_fulltext_unavailable,,not_assessed_fulltext_unavailable,not_assessed_fulltext_unavailable,,,not_assessed_fulltext_unavailable,,,,
Pa82d5e634a3d,Estimating Preference-Based Single Index Measures for Dementia Using DEMQOL and DEMQOL-Proxy,2012,10.1016/j.jval.2011.10.016,22433767,,Ben Van Hout,R2,[R2] The study derives and evaluates TTO-based preference weights for new dementia preference-based measures.,unavailable,,not_assessed_fulltext_unavailable,not_assessed_fulltext_unavailable,,not_assessed_fulltext_unavailable,not_assessed_fulltext_unavailable,,,not_assessed_fulltext_unavailable,,,,
P54d14ed7d4e4,Interim Scoring for the EQ-5D-5L: Mapping the EQ-5D-5L to EQ-5D-3L Value Sets,2012,10.1016/j.jval.2012.02.008,22867780,,Ben Van Hout,R1,[R1] The study develops an EQ-5D-5L-to-3L crosswalk to generate EQ-5D-5L value sets.,unavailable,,not_assessed_fulltext_unavailable,not_assessed_fulltext_unavailable,,not_assessed_fulltext_unavailable,not_assessed_fulltext_unavailable,,,not_assessed_fulltext_unavailable,,,,
P997a842f2a31,Mapping of the Insomnia Severity Index and other sleep measures to EuroQol EQ-5D health state utilities,2011,10.1186/1477-7525-9-119,22208861,PMC3377917,Ben Van Hout,R1,[R1] The study develops and validates mappings from insomnia measures to EQ-5D health-state utilities.,available,europe_pmc_xml,assessed,direct_eq,"The study’s purpose was to establish mapping relationships between insomnia measures and EQ-5D health-state utilities, producing algorithms to estimate EQ-5D utilities when they were not directly collected.",other_funding_only,other_funding_only,‘This manuscript was funded by GlaxoSmithKline’; Pharmerit authors were paid consulting fees by GlaxoSmithKline. No EuroQol funding is stated.,‘This manuscript was funded by GlaxoSmithKline’; Pharmerit authors were paid consulting fees by GlaxoSmithKline. No EuroQol funding is stated.,none,,"No supplied project is named or supported: the article is from 2011 and concerns insomnia-to-EQ-5D mapping, whereas the candidates concern later EQ-5D-5L value-set funding or utility rescaling.",high,
Pbed3bd8561f9,A Fair Approach to Discounting Future Effects: Taking a Societal Perspective,2000,10.1177/135581960000500210,10947546,,Ben Van Hout,R2,[R2] This article centrally develops a societal method for valuing and discounting future health effects.,unavailable,,not_assessed_fulltext_unavailable,not_assessed_fulltext_unavailable,,not_assessed_fulltext_unavailable,not_assessed_fulltext_unavailable,,,not_assessed_fulltext_unavailable,,,,
Pa5cece391e47,Estimating parametric relationships between health description and health valuation with an application to the EuroQol EQ-5D.,1999,10.1016/s0167-6296(99)00008-9,10621364,,Ben Van Hout,R1,[R1] The study models the EQ-5D descriptive system to estimate values for unobserved health states.,unavailable,,not_assessed_fulltext_unavailable,not_assessed_fulltext_unavailable,,not_assessed_fulltext_unavailable,not_assessed_fulltext_unavailable,,,not_assessed_fulltext_unavailable,,,,
P5f3cb6513ef9,Discounting costs and effects: a reconsideration,1998,10.1002/(sici)1099-1050(1998110)7:7<581::aid-hec380>3.0.co;2-u,9845252,,Ben Van Hout,R2,[R2] This article centrally evaluates how health effects should be valued and discounted in societal utility methods.,unavailable,,not_assessed_fulltext_unavailable,not_assessed_fulltext_unavailable,,not_assessed_fulltext_unavailable,not_assessed_fulltext_unavailable,,,not_assessed_fulltext_unavailable,,,,
P9b77a57aa69d,EuroQol-a new facility for the measurement of health-related quality of life,1990,10.1016/0168-8510(90)90421-9,10109801,,Ben Van Hout,R1,[R1] This article develops the standardized EuroQol instrument for describing and valuing health states.,unavailable,,not_assessed_fulltext_unavailable,not_assessed_fulltext_unavailable,,not_assessed_fulltext_unavailable,not_assessed_fulltext_unavailable,,,not_assessed_fulltext_unavailable,,,,
P060e13fe92fe,"Using Age-Specific Values for Pediatric HRQoL in Cost-Effectiveness Analysis: Is There a Problem to Be Solved? If So, How?",2023,10.1007/s40273-023-01300-8,37439998,PMC10492668,Ben Van Hout; Elly Stolk,R1,[R1] This paper examines EQ-5D-Y value sets and alternative methods for valuing child health-related quality of life.,available,europe_pmc_xml,assessed,direct_eq,The paper’s stated focus is why EQ-5D-Y-3L and adult EQ-5D values differ and how child HRQoL values should be used in economic evaluation.,explicit_euroqol,study_funding,Work on this paper was supported by EuroQol Research Foundation Grant 202-2020RA.,Funding states: ‘Work on this paper was supported by EuroQol Research Foundation Grant 202-2020RA.’,none,,"The stated EuroQol grant is 202-2020RA, which is not among the supplied candidates; no candidate is otherwise identified as the source of this paper.",high,
Pd4ad2b88f325,"Overview, Update, and Lessons Learned From the International EQ-5D-5L Valuation Work: Version 2 of the EQ-5D-5L Valuation Protocol",2019,10.1016/j.jval.2018.05.010,30661630,,Ben Van Hout; Elly Stolk,R1,[R1] This article evaluates and updates the EQ-5D-5L valuation protocol and associated health-state valuation challenges.,unavailable,,not_assessed_fulltext_unavailable,not_assessed_fulltext_unavailable,,not_assessed_fulltext_unavailable,not_assessed_fulltext_unavailable,,,not_assessed_fulltext_unavailable,,,,
P402e54ee500b,Multinational Evidence of the Applicability and Robustness of Discrete Choice Modeling for Deriving EQ-5D-5L Health-State Values,2014,10.1097/mlr.0000000000000178,25100229,PMC4196797,Ben Van Hout; Elly Stolk,R1,[R1] This study tests discrete-choice modeling to derive EQ-5D-5L health-state values across countries.,available,europe_pmc_xml,assessed,direct_eq,The study investigates feasibility of discrete-choice experiments for valuing EQ-5D-5L states and deriving health-state values across four countries.,no_funding_statement,no_funding_statement,"none stated; the only acknowledgement thanks the EuroQol Valuation Task Force for discussions and reflections, not funding.","none stated; the only acknowledgement thanks the EuroQol Valuation Task Force for discussions and reflections, not funding.",none,,"No project ID, project title, or funding attribution identifies a supplied candidate; shared EQ-5D-5L valuation topic and linked people alone are insufficient.",high,
P66c6a996b172,"UK Valuation of EQ-5D-5L, a Generic Measure of Health-Related Quality of Life: A Study Protocol",2023,10.1016/j.jval.2023.08.005,,,Ciaran O'Neill,R1,[R1] This protocol develops a UK EQ-5D-5L value set using composite time trade-off health-state valuations.,unavailable,,not_assessed_fulltext_unavailable,not_assessed_fulltext_unavailable,,not_assessed_fulltext_unavailable,not_assessed_fulltext_unavailable,,,not_assessed_fulltext_unavailable,,,,
P6ca0c804f48e,"Assessing the comparative feasibility, acceptability and equivalence of videoconference interviews and face-to-face interviews using the time trade-off technique",2022,10.1016/j.socscimed.2022.115227,,,Ciaran O'Neill,R1,[R1] This evaluates interview modes for EQ-5D-5L time trade-off tasks and their resulting health-state values.,unavailable,,not_assessed_fulltext_unavailable,not_assessed_fulltext_unavailable,,not_assessed_fulltext_unavailable,not_assessed_fulltext_unavailable,,,not_assessed_fulltext_unavailable,,,,
Pf73875a260e0,Examining the Association between Polish Migrant Status and Health Preferences Using a Novel Application of a Smaller Design EQ-5D-5L Valuation Study,2022,10.1007/s41669-021-00314-2,,,Ciaran O'Neill,R1,[R1] This EQ-5D-5L valuation study compares Polish migrants' and native Irish health-state utility preferences.,available,europe_pmc_xml,assessed,direct_eq,The study’s objective is to compare Polish migrant and native Irish EQ-5D-5L health-state utility valuations using a smaller-design valuation study and cTTO.,other_funding_only,other_funding_only,"Acknowledgements state that the Hardiman Research Scholarship 2017, awarded by NUI Galway to Dan Kelleher, ‘funded this study’; EuroQol is acknowledged only for support and advice.","Acknowledgements state that the Hardiman Research Scholarship 2017, awarded by NUI Galway to Dan Kelleher, ‘funded this study’; EuroQol is acknowledged only for support and advice.",none,,"Candidate 2013280 concerns a national, 1,000-person Irish EQ-5D-5L value set, whereas this separately funded study used 242 targeted, snowball-sampled respondents and says it was not estimating value sets.",medium,
P595e0df3a2cf,An Exploration on Attribute Non-attendance Using Discrete Choice Experiment Data from the Irish EQ-5D-5L National Valuation Study,2021,10.1007/s41669-020-00244-5,,,Ciaran O'Neill,R1,[R1] This study evaluates attribute non-attendance in EQ-5D-5L valuation DCE data and its implications for value sets.,available,europe_pmc_xml,assessed,direct_eq,"The paper examines attribute non-attendance in DCE valuation of EQ-5D-5L health states and its effect on national value sets, making EuroQol valuation methodology the primary research object.",other_funding_only,other_funding_only,The supplied text names Health Research Board grant RL/13/16 (Ciaran O'Neill); it does not name EuroQol as funder.,The supplied text names Health Research Board grant RL/13/16 (Ciaran O'Neill); it does not name EuroQol as funder.,probable,2013280,"It analyses the Irish EQ-5D-5L national valuation-study data collected with EQ-VT (1,160 respondents), closely matching candidate 2013280's Irish general-population EQ-5D-5L valuation study using cTTO/DCE under Ciaran O'Neill.",high,
P695dbe6ca4ca,Do people with private health insurance attach a higher value to health than those without insurance? Results from an EQ-5D-5 L valuation study in Ireland,2020,10.1016/j.healthpol.2020.03.005,32370881,,Ciaran O'Neill,R1,[R1] This directly elicits EQ-5D-5L health-state values with EQ-VT and evaluates variation in those valuations by insurance status.,available,openalex_pdf,assessed,direct_eq,"Using EuroQol Valuation Technology, the authors administer EQ-5D-5L valuation tasks to estimate health-state preferences and test whether private insurance status affects them.",no_funding_statement,no_funding_statement,none stated,none stated,probable,2013280,Candidate 2013280 proposes an Irish EQ-5D-5L valuation study that will examine preference differences by private health insurance; this article uses the Irish 2015/16 EQ-VT valuation sample for precisely that analysis and includes the candidate PI as author.,high,
P0cd61e3fa9f6,Estimation of an Instrument-Defined Minimally Important Difference in EQ-5D-5L Index Scores Based on Scoring Algorithms Derived Using the EQ-VT Version 2 Valuation Protocols,2020,10.1016/j.jval.2020.03.003,,,Ciaran O'Neill,R1,[R1] This evaluates instrument-defined minimally important differences for EQ-5D-5L scoring algorithms derived with EQ-VT.,available,openalex_pdf,assessed,direct_eq,The study’s stated aim is to estimate instrument-defined minimally important differences in EQ-5D-5L index scores across country scoring algorithms developed using the EQ-VT v2.0 valuation protocol.,other_funding_only,other_funding_only,Funding/Support: This study was supported by the Health Research Board under a Research Leader Award held by Ciaran O’Neill RL/2013/16.,Funding/Support: This study was supported by the Health Research Board under a Research Leader Award held by Ciaran O’Neill RL/2013/16.,possible,2013280,"Project 2013280 plausibly relates because it concerns an Irish EQ-5D-5L EQ-VT valuation study led by O’Neill, and this article analyses the resulting Irish tariff; however, the article reports a separate multi-country MID analysis and does not identify the project.",medium,
P8f639f3647b7,Examining the transnational health preferences of a group of Eastern European migrants relative to a European host population using the EQ-5D-5L,2020,10.1016/j.socscimed.2020.112801,,,Ciaran O'Neill,R1,[R1] This uses EQ-5D-5L cTTO tasks to directly compare health-state utility valuations between migrant and native populations.,available,openalex_pdf,assessed,direct_eq,The study compares Polish migrants' and Irish natives' EQ-5D-5L cTTO valuations; its data were collected as part of the Irish EQ-5D-5L value-set study.,no_funding_statement,no_funding_statement,none stated,none stated,probable,2013280,It analyses 2015/16 EQ-5D-5L cTTO data from the Irish value-set study; candidate 2013280 aimed to derive that Irish EQ-5D-5L value set and has Ciaran O'Neill as PI.,high,
P4afbf0a657c1,"Euthanasia, religiosity and the valuation of health states: results from an Irish EQ5D5L valuation study and their implications for anchor values",2018,10.1186/s12955-018-0985-9,,,Ciaran O'Neill,R1,[R1] The study analyses TTO valuations and worse-than-dead preferences for EQ-5D-5L health states in the Irish valuation study.,available,europe_pmc_xml,assessed,direct_eq,The article analyses EQ-5D-5L composite time-trade-off valuations and how euthanasia attitudes and religiosity affect worse-than-dead values and valuation anchors.,explicit_euroqol,study_funding,This study was funded by the Health Research Board Research Leader Award (RL/13/16) with partial funding from the EuroQol Research Foundation.,Funding: This study was funded by the Health Research Board Research Leader Award (RL/13/16) with partial funding from the EuroQol Research Foundation.,probable,2013280,The article says its data were collected as part of the Irish EQ5D5L valuation study; candidate 2013280 is titled 'An Irish valuation study for the EQ-5D-5L' and specifies the same Irish general-public EQ-5D-5L valuation design.,high,project_link: explicit -> probable
P80d13ed3ef16,The health of the residents of Ireland: Population norms for Ireland based on the EQ-5D-5L descriptive system – a cross sectional study,2018,10.12688/hrbopenres.12848.1,,,Ciaran O'Neill,R1,[R1] The study establishes Irish population norms using the EQ-5D-5L descriptive system.,available,europe_pmc_xml,assessed,direct_eq,The study's purpose is to use the EQ-5D-5L descriptive system to establish Irish population health norms and analyse sociodemographic differences; it presents EQ-5D measurement as the central research object.,explicit_euroqol,study_funding,Funding states: 'Financial support was also provided by the EuroQol Foundation.',Funding states that the study was funded by the Health Research Board and that ‘Financial support was also provided by the EuroQol Foundation.’,probable,2013280,"The paper says its 2015/16 sample was collected 'alongside the generation of a value set for Ireland' and that its norms were part of a larger study examining Irish health-state preferences. This closely matches project 2013280, the Irish EQ-5D-5L valuation study led by Ciaran O'Neill.",high,
P776803e6fb45,Utility Values for Health States in Ireland: A Value Set for the EQ-5D-5L,2018,10.1007/s40273-018-0690-x,,,Ciaran O'Neill,R1,[R1] The study develops the Irish EQ-5D-5L value set using TTO and DCE health-state valuations.,available,europe_pmc_xml,assessed,direct_eq,The article develops the Irish EQ-5D-5L value set from general-public cTTO and DCE data using the EuroQol valuation protocol and EQ-VT.,explicit_euroqol,study_funding,Funding states: ‘Financial support was also provided by the EuroQol Foundation.’,"Funding states that, in addition to the Health Research Board award, ‘Financial support was also provided by the EuroQol Foundation.’",probable,2013280,"Project 2013280 has the same Irish EQ-5D-5L valuation objective, general-public cTTO/DCE face-to-face design and Irish value-set output; its PI Ciaran O’Neill is the article’s lead author.",high,
Pa6c33007eeb2,A Taxonomy for Assessing Whether HRQoL Value Sets Are Obsolete,2025,10.1007/s40273-025-01476-1,39960567,PMC12011929,Ciaran O'Neill; Elly Stolk,R2,"[R2] This develops a taxonomy for identifying and addressing obsolescence in HRQoL value sets, making valuation methods its central object.",available,europe_pmc_xml,assessed,direct_eq,"The paper develops a taxonomy for assessing and mitigating obsolescence of HRQoL value sets, using examples predominantly from EQ-5D value sets and addressing valuation methods and updating value sets.",explicit_euroqol,unclear,Funding metadata identifies ‘EuroQol Research Foundation’ and ‘EQ 1578-RA’ for Richard Norman.,"The extract notes feedback from EuroQol group members and funding metadata lists EQ 1578-RA, but it contains no statement that EuroQol funded the current study.",explicit,1578-RA,"The article explicitly gives EQ 1578-RA, and its taxonomy of value-set obsolescence directly matches candidate 1578-RA, ‘Redundancy in HRQoL algorithms: conceptual and empirical challenges.’",high,
Pae69b62079e2,Valuing Child and Adolescent Health States to Derive Utilities for Use in Economic Evaluation: A Good Practices Report of an ISPOR Task Force.,2026,10.1016/j.jval.2025.12.016,41581858,,Elly Stolk,R2,[R2] This task-force report evaluates methodological choices for valuing child health states and generating health-state utilities.,unavailable,,not_assessed_fulltext_unavailable,not_assessed_fulltext_unavailable,,not_assessed_fulltext_unavailable,not_assessed_fulltext_unavailable,,,not_assessed_fulltext_unavailable,,,,
Pb639d0f3b20e,Measuring and Valuing Health Using EuroQol Instruments: New Developments 2025 and Beyond,2025,10.1007/s40258-025-00989-2,40705271,PMC12535937,Elly Stolk,R1,[R1] This overview centers on EuroQol instruments and current research on their measurement and valuation methods.,available,europe_pmc_xml,assessed,direct_eq,"The paper’s aim is to overview EuroQol’s instruments and research agenda, including EQ-5D, EQ-TIPS, EQ-HWB, bolt-ons, and valuation methods; these are its primary subject.",explicit_euroqol,study_funding,The declarations state: ‘The authors’ work on this paper was supported by the EuroQol Research Foundation.’,Declarations—Funding: 'The authors’ work on this paper was supported by the EuroQol Research Foundation.',none,,"No candidate project is named or uniquely identified. The paper is a broad 2025 overview, while the candidates are distinct workshops, data collections, or methods projects; shared authorship/topic is insufficient.",high,
P8d488800e756,Optimal DCE design for modelling nonlinear time preferences in EQ-5D-5L valuation studies: exploration of data from Denmark and Peru,2025,10.1186/s12955-025-02391-x,40518518,PMC12168295,Elly Stolk,R1,[R1] This evaluates DCE design and nonlinear time-preference modeling for deriving EQ-5D-5L value sets.,available,europe_pmc_xml,assessed,direct_eq,"The stated aim is to assess nonlinear-time-preference modelling, choice formats, and design construction for EQ-5D-5L value sets.",other_funding_only,other_funding_only,The supplied text names the University of Technology Sydney Chancellors Research Scholarship; it does not name EuroQol funding.,The supplied text names the University of Technology Sydney Chancellors Research Scholarship; it does not name EuroQol funding.,possible,2013300,"Project 2013300 shares the EQ-5D-5L DCE valuation and time-preference/design focus, but the article does not identify it or its Dutch framing studies; link remains possible.",medium,
P47d62d0ee023,The Use of EQ-5D in the Middle East and North Africa Region: A Systematic Literature Review,2025,10.1007/s40273-025-01483-2,40347403,PMC12255660,Elly Stolk,R1,"[R1] This systematic review examines how EQ-5D is used and reported across the MENA region, informing instrument implementation.",available,europe_pmc_xml,assessed,direct_eq,"This systematic review’s stated aim is to identify, review, summarize, and synthesize published literature on use of EQ-5D in the MENA region, including versions, value sets, administration, and reporting.",other_funding_only,other_funding_only,Open access funding provided by UMIT TIROL-Private Universität für Gesundheitswissenschaften und -technologie GmbH.,Open access funding provided by UMIT TIROL-Private Universität für Gesundheitswissenschaften und -technologie GmbH.,none,,No candidate project is identified. The 2026 EuroQol impact-assessment proposal is not named and its global organisational-impact design does not establish this 2025 MENA systematic review as an output.,high,
P4694bf3b6982,Valuing health states for infants and toddlers: challenges and methodological considerations in EQ-TIPS preference elicitation,2025,10.1007/s10198-025-01789-0,40679687,PMC13046671,Elly Stolk,R1,[R1] This examines methodological challenges for eliciting preference weights for the EQ-TIPS EuroQol instrument.,available,europe_pmc_xml,assessed,direct_eq,The paper’s aim is to determine how to elicit stated preferences for the EuroQol EQ-TIPS instrument and evaluate options for its preference weighting.,explicit_euroqol,no_euroqol_support,The supplied text identifies ‘EuroQol Research Foundation’; it also says EQ-TIPS is a EuroQol Group instrument.,The extract describes EQ-TIPS as a EuroQol Group instrument but gives no statement that EuroQol funded or otherwise supported this paper; its only stated open-access funding is University of Melbourne/CAUL.,possible,2138-TR,"The article considers mapping/crosswalking EQ-TIPS to EQ-5D-Y, matching candidate 2138-TR’s distinctive aim, but gives no project ID, project-specific funding statement, or evidence that its proposed data collection produced this paper.",medium,
Pd988aa68ef3e,Transitioning between the EQ-5D youth and adult descriptive systems in a group of adolescents.,2024,10.1186/s41687-024-00770-4,39133433,PMC11319571,Elly Stolk,R1,[R1] This compares EQ-5D youth and adult descriptive systems and their measurement properties during transition.,available,europe_pmc_xml,assessed,direct_eq,"The study directly compares EQ-5D-Y and adult EQ-5D descriptive systems, assessing response transitions, agreement, discriminatory power and known-group validity.",explicit_euroqol,study_funding,This research was funded by the EuroQol Research Foundation EQ147-2020.,Funding statement: 'This research was funded by the EuroQol Research Foundation EQ147-2020.',none,,"No candidate identifies EQ147-2020 or matches this 2024 adolescent EQ-5D youth-to-adult transition study; listed projects concern other valuation, outreach, or later crosswalk work.",high,
P2cab3c27ba65,An investigation of age dependency in Dutch and Chinese values for EQ-5D-Y.,2023,10.3389/fpsyg.2023.1175402,37860294,PMC10583565,Elly Stolk,R1,[R1] This uses DCEs to investigate age dependence in EQ-5D-Y health-state values and QALY trade-offs.,available,europe_pmc_xml,assessed,direct_eq,The study’s main objective was to examine how age impacts valuation of EQ-5D-Y health states using DCE duration and QALY-composition tasks.,explicit_euroqol,study_funding,Funding Statement: ‘This study was made possible through funding provided by the EuroQol Research Foundation (project number: EQ-2016740).’,Funding statement: ‘This study was made possible through funding provided by the EuroQol Research Foundation’ (project EQ-2016740).,explicit,2016740,"The explicit EuroQol funding statement identifies project EQ-2016740, matching candidate 2016740 (‘A Dutch tariff for the Euroqol-5D-Youth’), with the same EQ-5D-Y age-framing valuation design.",high,
Pcb3368138711,Exploring non-iterative time trade-off methods for valuation of EQ-5D-5L health states.,2023,10.1007/s10198-023-01647-x,38104294,,Elly Stolk,R1,[R1] This compares TTO variants for valuing EQ-5D-5L health states and deriving value distributions.,unavailable,,not_assessed_fulltext_unavailable,not_assessed_fulltext_unavailable,,not_assessed_fulltext_unavailable,not_assessed_fulltext_unavailable,,,not_assessed_fulltext_unavailable,,,,
P3e2170e62c8b,Modifying the Composite Time Trade-Off Method to Improve Its Discriminatory Power.,2022,10.1016/j.jval.2022.08.011,36244905,,Elly Stolk,R1,[R1] This tests modifications to the cTTO valuation method for EQ-5D-5L health states.,unavailable,,not_assessed_fulltext_unavailable,not_assessed_fulltext_unavailable,,not_assessed_fulltext_unavailable,not_assessed_fulltext_unavailable,,,not_assessed_fulltext_unavailable,,,,
Pe8f86ffb599b,Reliability and validity of using EQ-5D-5L among healthy and adolescents with major mental health disorders in Ethiopia.,2022,10.1007/s10198-021-01412-y,35013918,,Elly Stolk,R1,[R1] This study directly evaluates the reliability and known-group validity of the Amharic EQ-5D-5L in Ethiopian adolescents.,unavailable,,not_assessed_fulltext_unavailable,not_assessed_fulltext_unavailable,,not_assessed_fulltext_unavailable,not_assessed_fulltext_unavailable,,,not_assessed_fulltext_unavailable,,,,
P407092b97b3c,The Egyptian EQ-5D-5L Extensive Pilot Study: Lessons Learned.,2022,10.1007/s40273-022-01208-9,36434416,PMC9928797,Elly Stolk,R1,"[R1] This study evaluates pilot procedures, data quality, and interviewer effects in EQ-5D-5L cTTO valuation.",available,europe_pmc_xml,assessed,direct_eq,"The objective is to test whether an extensive pilot improves cTTO data quality, protocol compliance, interviewer effects, and prediction errors in Egypt's EQ-5D-5L valuation study.",explicit_euroqol,nonfinancial_support_only,"The supplied funding metadata states: EuroQol Research Foundation, EQ-Project 335-RA.","Acknowledgements thank the EuroQol support team for guidance and support in study preparation, data collection and quality control; no EuroQol financial funding is stated.",explicit,335-RA,"The article explicitly identifies EQ-Project 335-RA, matching candidate 335-RA, and investigates its stated extensive Egyptian EQ-5D-5L pilot phase.",high,
P0ebf930aca13,Valuing EQ-5D-Y: the current state of play.,2022,10.1186/s12955-022-01998-8,35794607,PMC9260978,Elly Stolk,R1,"[R1] This review examines EQ-5D-Y valuation protocol experience, including DCE anchoring and TTO methods for value sets.",available,europe_pmc_xml,assessed,direct_eq,"The paper reviews and evaluates the EQ-5D-Y valuation protocol, including DCE and cTTO anchoring, and identifies methodological priorities for future EQ-5D-Y value-set research.",explicit_euroqol,study_funding,Funding: The workshop described in this paper was supported by the EuroQol Research Foundation.,The paper reports and synthesises the workshop discussions; its funding statement says: ‘The workshop described in this paper was supported by the EuroQol Research Foundation.’,none,,"No candidate is supported: the article identifies EuroQol Research Foundation workshop support but no supplied project ID or title; the listed projects concern later EQ-TIPS/EQ-5D-Y crosswalk work, EQ-5D-5L valuation experiments, or outreach activities.",high,
P423aa11928d1,Valuation Survey of EQ-5D-Y Based on the International Common Protocol: Development of a Value Set in Japan,2021,10.1177/0272989x211001859,33754886,PMC8191148,Elly Stolk,R1,[R1] This study constructs a Japanese EQ-5D-Y value set using cTTO and DCE health-state valuations.,available,europe_pmc_xml,assessed,direct_eq,"This study develops a Japanese EQ-5D-Y value set using cTTO and DCE valuation data, with DCE values mapped to the full health-dead scale.",explicit_euroqol,nonfinancial_support_only,Acknowledgments state: 'We received scientific support from the EuroQol Group (project 20180280).',Acknowledgments: We received scientific support from the EuroQol Group (project 20180280). The stated financial support for the study was JSPS KAKENHI.,explicit,20180280,The article explicitly names EuroQol project 20180280; its Japanese EQ-5D-Y valuation survey and value-set aim match candidate 20180280.,high,
P9562cbd1e70a,International Valuation Protocol for the EQ-5D-Y-3L,2020,10.1007/s40273-020-00909-3,32297224,,Elly Stolk,R1,[R1] This article develops and describes the international EQ-5D-Y-3L health-state valuation protocol.,available,openalex_pdf,assessed,direct_eq,"The article’s stated aim is to develop an international EQ-5D-Y-3L valuation protocol, using DCE and C-TTO to generate country value sets anchored for QALY calculation.",explicit_euroqol,study_funding,Funding: ‘The study was financially supported by The EuroQol Research Foundation’; ‘the EuroQol Group funded all methodological studies described in this article’ and partially funded article preparation.,Funding: The study was financially supported by the EuroQol Research Foundation; the EuroQol Group funded all methodological studies described in this article.,none,,No candidate project ID or title is identified. The article’s EQ-5D-Y-3L protocol research does not provide distinctive evidence linking it to any supplied candidate.,high,
P594ced259c8b,Peruvian Valuation of the EQ-5D-5L: A Direct Comparison of Time Trade-Off and Discrete Choice Experiments,2020,10.1016/j.jval.2020.05.004,32762989,,Elly Stolk,R1,[R1] This study derives Peruvian EQ-5D-5L value sets and directly compares cTTO with DCE valuation methods.,unavailable,,not_assessed_fulltext_unavailable,not_assessed_fulltext_unavailable,,not_assessed_fulltext_unavailable,not_assessed_fulltext_unavailable,,,not_assessed_fulltext_unavailable,,,,
P0c48b2afb94d,Valuing Health State: An EQ-5D-5L Value Set for Ethiopians,2020,10.1016/j.vhri.2019.08.475,31683254,,Elly Stolk,R1,[R1] This nationally representative study derives an Ethiopian EQ-5D-5L value set using cTTO and DCE data.,unavailable,,not_assessed_fulltext_unavailable,not_assessed_fulltext_unavailable,,not_assessed_fulltext_unavailable,not_assessed_fulltext_unavailable,,,not_assessed_fulltext_unavailable,,,,
P092aa08c9320,Effect of Health State Sampling Methods on Model Predictions of EQ-5D-5L Values: Small Designs Can Suffice,2019,10.1016/j.jval.2018.06.015,30661632,,Elly Stolk,R1,[R1] This study evaluates health-state sampling designs for predicting EQ-5D-5L values.,unavailable,,not_assessed_fulltext_unavailable,not_assessed_fulltext_unavailable,,not_assessed_fulltext_unavailable,not_assessed_fulltext_unavailable,,,not_assessed_fulltext_unavailable,,,,
Pc0366f265fd4,Exploring the Impact of Adding a Respiratory Dimension to the EQ-5D-5L,2019,10.1177/0272989x19847983,31092111,PMC6613181,Elly Stolk,R1,[R1] This study develops respiratory EQ-5D-5L bolt-on dimensions and tests their effects on health-state valuations.,available,europe_pmc_xml,assessed,direct_eq,This methodological valuation study develops and tests respiratory bolt-on dimensions for EQ-5D-5L and estimates their impact on health-state utility values.,explicit_euroqol,nonfinancial_support_only,The funding statement says Boehringer Ingelheim funded the study and ‘an in-kind contribution was provided by the EuroQol Group’ through EQ-VT access and modeling expertise.,The study's financial support was entirely from Boehringer Ingelheim; EuroQol provided an in-kind contribution—EQ-VT access and modeling expertise.,none,,"No candidate project is named or unambiguously described. The article concerns respiratory EQ-5D bolt-ons, not the supplied TTO, framing, DCE-overlap, crosswalk, or later projects.",high,
P51751f1493e3,Health State Utilities for Acute Myeloid Leukaemia: A Time Trade-off Study,2019,10.1007/s40273-018-0704-8,30136178,,Elly Stolk,R2,[R2] This study directly elicits and reports public time trade-off values for defined acute myeloid leukaemia health states.,unavailable,,not_assessed_fulltext_unavailable,not_assessed_fulltext_unavailable,,not_assessed_fulltext_unavailable,not_assessed_fulltext_unavailable,,,not_assessed_fulltext_unavailable,,,,
P85481b1179a6,How Prevalent Are Implausible EQ-5D-5L Health States and How Do They Affect Valuation? A Study Combining Quantitative and Qualitative Evidence,2019,10.1016/j.jval.2018.12.008,31277831,,Elly Stolk,R1,[R1] This study examines implausible EQ-5D-5L health states and their effects on respondent valuation data.,unavailable,,not_assessed_fulltext_unavailable,not_assessed_fulltext_unavailable,,not_assessed_fulltext_unavailable,not_assessed_fulltext_unavailable,,,not_assessed_fulltext_unavailable,,,,
P8c273438ab63,"The Fold-in, Fold-out Design for DCE Choice Tasks: Application to Burden of Disease",2019,10.1177/0272989x19849461,31142198,PMC6613173,Elly Stolk,R2,[R2] This study develops and evaluates a DCE task design for valuing the health-related ABC burden-of-disease index.,available,europe_pmc_xml,assessed,adjacent_measurement,"The article develops and tests the fold-in, fold-out DCE design for valuing the 15-item ABC Index of COPD burden of disease; measurement/valuation methodology is its primary research object, without an EQ-specific focus.",other_funding_only,other_funding_only,"The supplied text lists non-EuroQol funders: Chiesi Farmaceutici, GlaxoSmithKline, COPD Foundation, AstraZeneca, Innovationsfonden, Almirall, and Novartis.","The supplied text lists non-EuroQol funders: Chiesi Farmaceutici, GlaxoSmithKline, COPD Foundation, AstraZeneca, Innovationsfonden, Almirall, and Novartis.",none,,"No candidate is sufficiently linked: the cited projects concern other DCE overlap/color-coding or valuation work, while this article reports a distinct ABC Index COPD fold-in/fold-out study and names no project or supporting grant.",high,
P930cba5247e3,Toward a Smaller Design for EQ-5D-5L Valuation Studies,2019,10.1016/j.jval.2019.06.008,31708067,,Elly Stolk,R1,[R1] This study tests smaller health-state designs for constructing EQ-5D-5L value sets from TTO data.,unavailable,,not_assessed_fulltext_unavailable,not_assessed_fulltext_unavailable,,not_assessed_fulltext_unavailable,not_assessed_fulltext_unavailable,,,not_assessed_fulltext_unavailable,,,,
P99751effc1c9,Advocating a Paradigm Shift in Health-State Valuations: The Estimation of Time-Preference Corrected QALY Tariffs,2018,10.1016/j.jval.2018.01.016,30098678,,Elly Stolk,R2,[R2] This study develops and tests time-preference-corrected methods for estimating health-state QALY tariffs.,unavailable,,not_assessed_fulltext_unavailable,not_assessed_fulltext_unavailable,,not_assessed_fulltext_unavailable,not_assessed_fulltext_unavailable,,,not_assessed_fulltext_unavailable,,,,
Pd79e2191e0da,Choice Defines Value: A Predictive Modeling Competition in Health Preference Research,2018,10.1016/j.jval.2017.09.016,29477405,,Elly Stolk,R2,"[R2] This modeling competition compares methods for predicting choices between health descriptions, directly studying health preference valuation.",available,openalex_pdf,assessed,direct_eq,"The competition’s paired comparisons use the EQ-5D-5L descriptive system and examine health-valuation models, including the EQ-VT valuation protocol; this is the article’s central research object.",explicit_euroqol,study_funding,The source-of-support statement says funding was provided by the EuroQol Research Foundation and an NIH National Cancer Institute grant (1R01CA160104).,Source of financial support: funding for this research was provided by the EuroQol Research Foundation and NIH/NCI grant 1R01CA160104.,possible,2013300,"Project 2013300 is temporally compatible and concerns EQ-5D-5L valuation with life-duration framing, but the article gives no project ID, title, or project-specific funding statement.",medium,
P716dece10838,Evaluation of Split Version and Feedback Module on the Improvement of Time Trade-Off Data,2018,10.1016/j.jval.2017.10.013,29909879,,Elly Stolk,R1,[R1] This study tests split-task and feedback modifications to improve consistency of EQ-5D-5L TTO valuation data.,unavailable,,not_assessed_fulltext_unavailable,not_assessed_fulltext_unavailable,,not_assessed_fulltext_unavailable,not_assessed_fulltext_unavailable,,,not_assessed_fulltext_unavailable,,,,
P078c03b5efce,Selecting Health States for EQ-5D-3L Valuation Studies: Statistical Considerations Matter,2018,10.1016/j.jval.2017.09.001,29680103,,Elly Stolk,R1,[R1] Evaluates statistical designs for selecting EQ-5D-3L health states to derive value sets.,unavailable,,not_assessed_fulltext_unavailable,not_assessed_fulltext_unavailable,,not_assessed_fulltext_unavailable,not_assessed_fulltext_unavailable,,,not_assessed_fulltext_unavailable,,,,
P9f5e73c36b66,Severity-Stratified Discrete Choice Experiment Designs for Health State Evaluations,2018,10.1007/s40273-018-0694-6,30030818,PMC6182499,Elly Stolk,R2,[R2] Tests how DCE design severity coverage affects bias in elicited health-state values.,available,europe_pmc_xml,assessed,direct_eq,"The article develops and tests severity-stratified DCE designs for valuing EQ-5D-5L health states, making EuroQol valuation methodology its primary research object.",explicit_euroqol,unclear,The supplied text explicitly identifies ‘EuroQol Research Foundation’ and project ID ‘2015300’.,"The supplied extract identifies EuroQol Research Foundation and project ID 2015300, but gives no accompanying statement that EuroQol funded this study.",explicit,2015300,"Project ID 2015300 appears explicitly, and its QALY-balanced DCE-design aim and methods directly correspond to this severity-stratified DCE valuation study.",high,
P955a79621a42,"Valuation of EuroQol Five-Dimensional Questionnaire, Youth Version (EQ-5D-Y) and EuroQol Five-Dimensional Questionnaire, Three-Level Version (EQ-5D-3L) Health States: The Impact of Wording and Perspective",2018,10.1016/j.jval.2018.05.002,30442276,,Elly Stolk,R1,[R1] Evaluates how EQ-5D-Y and EQ-5D-3L wording and perspective affect health-state valuations.,unavailable,,not_assessed_fulltext_unavailable,not_assessed_fulltext_unavailable,,not_assessed_fulltext_unavailable,not_assessed_fulltext_unavailable,,,not_assessed_fulltext_unavailable,,,,
P51c1f94e8fe3,ABC Index: Quantifying experienced burden of COPD in a discrete choice experiment and predicting costs,2017,10.1136/bmjopen-2017-017831,29282261,PMC5770840,Elly Stolk,R2,[R2] Develops and preference-weights the ABC Index as a measure of experienced COPD burden.,available,europe_pmc_xml,assessed,adjacent_measurement,The primary research develops a preference-weighted 0–100 ABC Index for experienced COPD burden through a discrete choice experiment and tests its ability to predict healthcare costs.,other_funding_only,other_funding_only,Funding: ‘This work was supported by the Innovation Fund Dutch Health Insurers’ and named COPD/pharmaceutical organisations; EuroQol is not named as a funder.,Funding: ‘This work was supported by the Innovation Fund Dutch Health Insurers’ and named COPD/pharmaceutical organisations; EuroQol is not named as a funder.,none,,"The supplied projects concern EQ valuation methods or DCE design features, not development and costing validation of the COPD-specific ABC Index; shared PI/method alone is insufficient.",high,
P80bae15dd798,Are Health State Valuations from the General Public Biased? A Test of Health State Reference Dependency Using Self-assessed Health and an Efficient Discrete Choice Experiment,2017,10.1002/hec.3445,27790801,,Elly Stolk,R2,[R2] Tests reference dependency and resulting bias in general-public health-state valuations.,unavailable,,not_assessed_fulltext_unavailable,not_assessed_fulltext_unavailable,,not_assessed_fulltext_unavailable,not_assessed_fulltext_unavailable,,,not_assessed_fulltext_unavailable,,,,
Pfb44a46bf1af,Establishing disability weights for congenital pediatric surgical conditions: A multi-modal approach,2017,10.1186/s12963-017-0125-5,28259148,PMC5336647,Elly Stolk,R2,[R2] Derives disability weights for pediatric surgical health states and compares valuation methods.,available,europe_pmc_xml,assessed,adjacent_measurement,"The study’s primary objective was to establish disability weights for 15 pediatric surgical conditions using ranking, VAS, paired comparisons and TTO; health states used an EQ-5D-5L-style functional profile.",other_funding_only,other_funding_only,Funding: ‘The study was undertaken with a grant from the McMaster University Department of Surgery.’,Funding: ‘The study was undertaken with a grant from the McMaster University Department of Surgery.’,none,,"None of the supplied projects is identified or supported: the study collected disability-weight data in 2012, while the candidates concern later EQ valuation/DCE methods or unrelated activities.",high,
P65833dc071f5,Head-to-head comparison of health-state values derived by a probabilistic choice model and scores on a visual analogue scale,2017,10.1007/s10198-016-0841-y,27807631,PMC5602004,Elly Stolk,R1,[R1] Compares EQ-5D-5L health-state values obtained from discrete-choice modeling and VAS scoring.,available,europe_pmc_xml,assessed,direct_eq,"The study directly values EQ-5D-5L health states, comparing values derived from discrete-choice modeling with visual analogue scale scores.",no_funding_statement,no_funding_statement,none stated,none stated,none,,"The article reports a 2010–2011 four-country EQ-5D-5L DC/VAS study; no supplied candidate is identified, and the later/different candidate projects do not establish an output link.",high,
P05ea14c529fc,Quality Control Process for EQ-5D-5L Valuation Studies,2017,10.1016/j.jval.2016.10.012,28292492,,Elly Stolk,R1,[R1] Evaluates a quality-control process for collecting EQ-5D-5L valuation data.,unavailable,,not_assessed_fulltext_unavailable,not_assessed_fulltext_unavailable,,not_assessed_fulltext_unavailable,not_assessed_fulltext_unavailable,,,not_assessed_fulltext_unavailable,,,,
P8590e631ed76,The Assessment of Burden of COPD (ABC) tool: a shared decision-making instrument that is predictive of healthcare costs,2017,10.5334/ijic.3637,,,Elly Stolk,R2,[R2] Develops preference-based weights and severity scoring for the ABC COPD burden instrument.,unavailable,,not_assessed_fulltext_unavailable,not_assessed_fulltext_unavailable,,not_assessed_fulltext_unavailable,not_assessed_fulltext_unavailable,,,not_assessed_fulltext_unavailable,,,,
P402a8ba12b72,Dutch Tariff for the Five-Level Version of EQ-5D,2016,10.1016/j.jval.2016.01.003,,,Elly Stolk,R1,[R1] Derives a Dutch EQ-5D-5L tariff from TTO and DCE health-state valuation data.,available,openalex_pdf,assessed,direct_eq,"The study's objective was to derive a Dutch EQ-5D-5L tariff, eliciting population health-state values with cTTO and DCE.",explicit_euroqol,study_funding,Source of financial support: ‘This research was funded by ... ZonMW ... and a grant from the EuroQoL Research Foundation.’,Source of financial support: ‘This research was funded by … ZonMW … and a grant from the EuroQoL Research Foundation.’,none,,"No candidate identifies the Dutch tariff study. The listed projects start in 2014 or later and address framing, task design, DCE response efficiency, mapping, or outreach, whereas this study collected data in 2012.",high,
Pa9991d03e2fc,EQ-5D in Central and Eastern Europe: 2000–2015,2016,10.1007/s11136-016-1375-6,27472992,,Elly Stolk,R1,"[R1] Reviews EQ-5D use, value sets, norms, and reporting quality across Central and Eastern Europe.",available,openalex_pdf,assessed,direct_eq,"This systematic review makes EQ-5D its primary object, reviewing its use, measurement reporting, value sets, and methodological quality across eight Central and Eastern European countries.",unclear,unclear,"The supplied text has a 50,000–91,683-character gap and contains no article-level funding statement; its Table 2 reports funding of included studies, not funding of this review.","The supplied text has a 50,000–91,683-character gap and contains no article-level funding statement; its Table 2 reports funding of included studies, not funding of this review.",none,,No candidate project is identified in the supplied text. The listed projects have different aims or postdate this 2016 CEE EQ-5D literature review.,medium,
P4c6f1f6e59cc,Exploring The Impact of Adding A Respiratory Dimension to The EQ-5D-5L,2016,10.1016/j.jval.2016.09.1217,,,Elly Stolk,R1,[R1] Evaluates respiratory bolt-on dimensions and their effects on EQ-5D-5L health-state valuations.,unavailable,,not_assessed_fulltext_unavailable,not_assessed_fulltext_unavailable,,not_assessed_fulltext_unavailable,not_assessed_fulltext_unavailable,,,not_assessed_fulltext_unavailable,,,,
P89b70ae51f32,Toward Explicit Prioritization for the Caribbean: An EQ-5D Value Set for Trinidad and Tobago,2016,10.1016/j.vhri.2016.07.010,27986200,,Elly Stolk,R1,[R1] Creates a Trinidad and Tobago EQ-5D-3L value set using DCE and TTO elicitation.,unavailable,,not_assessed_fulltext_unavailable,not_assessed_fulltext_unavailable,,not_assessed_fulltext_unavailable,not_assessed_fulltext_unavailable,,,not_assessed_fulltext_unavailable,,,,
P921bc7a720bd,"Time trade-off: One methodology, different methods",2013,10.1007/s10198-013-0508-x,23900665,PMC3728453,Elly Stolk,R2,[R2] The article evaluates alternative TTO specifications and provides a methodological checklist for comparable health-state valuation.,available,europe_pmc_xml,assessed,direct_eq,"The article systematically reviews TTO specifications and presents a checklist to improve comparability of health-state valuations, developed in the context of an EQ-5D-5L valuation protocol.",explicit_euroqol,study_funding,This research was supported by the EuroQol Group.,The article states: ‘This research was supported by the EuroQol Group.’,none,,No candidate is identified in the article; the 2013 TTO-methods review/checklist does not unambiguously match any supplied project (2013300 begins in 2014 and has a different framing-study aim).,high,
Pae28a7c2b9cb,Condition-specific preference-based measures: Benefit or burden?,2012,10.1016/j.jval.2011.12.003,22583461,,Elly Stolk,R2,"[R2] The research develops condition-specific preference-based measures, elicits TTO weights, and compares their utility performance.",unavailable,,not_assessed_fulltext_unavailable,not_assessed_fulltext_unavailable,,not_assessed_fulltext_unavailable,not_assessed_fulltext_unavailable,,,not_assessed_fulltext_unavailable,,,,
Pd99436ecd76c,Quality of life instruments for economic evaluations in health and social care for older people: A systematic review,2014,10.1016/j.socscimed.2013.11.050,24565145,,Elly Stolk,R2,"[R2] The review evaluates and compares health-related quality-of-life and wellbeing instruments, utilities, and validation for older people.",unavailable,,not_assessed_fulltext_unavailable,not_assessed_fulltext_unavailable,,not_assessed_fulltext_unavailable,not_assessed_fulltext_unavailable,,,not_assessed_fulltext_unavailable,,,,
P66e000c1a289,Validity and responsiveness of the EQ-5D and the KIDSCREEN-10 in children with ADHD,2014,10.1007/s10198-013-0540-x,24233919,,Elly Stolk,R1,[R1] The study evaluates construct validity and responsiveness of EQ-5D versus KIDSCREEN-10 in children with ADHD.,unavailable,,not_assessed_fulltext_unavailable,not_assessed_fulltext_unavailable,,not_assessed_fulltext_unavailable,not_assessed_fulltext_unavailable,,,not_assessed_fulltext_unavailable,,,,
Pa1a951f05c97,Time to tweak the TTO: Results from a comparison of alternative specifications of the TTO,2013,10.1007/s10198-013-0507-y,23900664,PMC3728436,Elly Stolk,R1,[R1] The study compares TTO specifications and durations for their effects on EQ-5D-5L health-state values.,available,europe_pmc_xml,assessed,direct_eq,"The article experimentally compares classic, lead-time, and lag-time TTO specifications for valuing EQ-5D-5L health states, a direct EuroQol valuation-method study.",explicit_euroqol,study_funding,Acknowledgments states: ‘This study was funded by ZonMW ... Project No. 152002039) and by the EuroQol Group.’,Acknowledgments: This study was funded by ZonMW ... and by the EuroQol Group.,none,,"Although EuroQol Group funding is stated, no supplied project ID is named; the candidate TTO projects start in 2014 and do not correspond closely enough to this 2013 lead-/lag-time TTO study.",high,
P10d2724e57c3,US valuation of the SF-6D,2013,10.1177/0272989x13482524,23629865,PMC3740344,Elly Stolk,R2,[R2] The study derives US SF-6D preference weights and evaluates discrete-choice methods for health valuation.,unavailable,,not_assessed_fulltext_unavailable,not_assessed_fulltext_unavailable,,not_assessed_fulltext_unavailable,not_assessed_fulltext_unavailable,,,not_assessed_fulltext_unavailable,,,,
P382bf609810b,Introducing the composite time trade-off: A test of feasibility and face validity,2013,10.1007/s10198-013-0503-2,23900660,PMC3728457,Elly Stolk,R1,[R1] The study tests feasibility and face validity of composite TTO for eliciting EQ-5D-5L health-state values.,available,europe_pmc_xml,assessed,direct_eq,"The paper introduces and tests composite TTO as the valuation technique for EQ-5D-5L health states, including elicitation of values for states worse than dead.",explicit_euroqol,study_funding,Acknowledgments: ‘This research was supported by the EuroQol Group.’,Acknowledgments: ‘This research was supported by the EuroQol Group.’,none,,"No supplied candidate is explicitly identified or uniquely supported: the article’s 2013 composite-TTO study predates the listed related research projects, and the 2013 course candidate is not an article-output match.",high,
Pb599996d5562,The effects of lead time and visual aids in TTO valuation: A study of the EQ-VT framework,2013,10.1007/s10198-013-0504-1,23900661,PMC3728439,Elly Stolk,R2,[R2] The study tests how lead time and visual presentation affect TTO-derived health-state values.,available,europe_pmc_xml,assessed,direct_eq,"The article experimentally evaluates lead-time TTO and visual aids to inform EQ-VT, which elicits EQ-5D-5L health-state preference values.",explicit_euroqol,study_funding,Acknowledgments: ‘This research was supported by the EuroQol Group.’,Acknowledgments: 'This research was supported by the EuroQol Group.',none,,"No candidate is explicitly identified; the valuation-method candidates begin in 2014 or later, after this 2013 article, and their stated aims do not establish an output link.",high,
Pa617a338a645,Discrete choice modeling for the quantification of health states: The case of the EQ-5D,2010,10.1111/j.1524-4733.2010.00783.x,20825618,,Elly Stolk,R1,[R1] The study tests discrete-choice modeling against TTO and other methods for quantifying EQ-5D health-state values.,unavailable,,not_assessed_fulltext_unavailable,not_assessed_fulltext_unavailable,,not_assessed_fulltext_unavailable,not_assessed_fulltext_unavailable,,,not_assessed_fulltext_unavailable,,,,
Pb10092022224,Lead time TTO: Leading to better health state valuations?,2013,10.1002/hec.2804,22396243,,Elly Stolk,R2,[R2] The study compares lead-time TTO specifications with TTO for eliciting values for better- and worse-than-dead health states.,unavailable,,not_assessed_fulltext_unavailable,not_assessed_fulltext_unavailable,,not_assessed_fulltext_unavailable,not_assessed_fulltext_unavailable,,,not_assessed_fulltext_unavailable,,,,
P659b9e581813,Dealing with the health state 'dead' when using discrete choice experiments to obtain values for EQ-5D-5L heath states,2013,10.1007/s10198-013-0511-2,23900663,PMC3728441,Elly Stolk,R1,[R1] The study evaluates DCE and lead-time TTO approaches for valuing EQ-5D-5L health states including dead.,available,europe_pmc_xml,assessed,direct_eq,The objective is to evaluate methods for obtaining a dead–full-health scale for EQ-5D-5L valuation studies using discrete-choice modeling.,explicit_euroqol,study_funding,‘This research was supported by the EuroQol Group.’,The article’s conflict-of-interest statement explicitly says: ‘This research was supported by the EuroQol Group.’,none,,"The 2011 Spanish EQ-5D-5L dead-anchoring pilot predates or differs from all supplied candidates; no candidate project ID, title, or unambiguous project support is given.",high,
P9783a01b4c2a,"Mapping QLQ-C30, HAQ, and MSIS-29 on EQ-5D",2012,10.1177/0272989x11427761,22114301,,Elly Stolk,R1,[R1] The study develops and evaluates mapping functions from condition-specific measures to EQ-5D utilities.,unavailable,,not_assessed_fulltext_unavailable,not_assessed_fulltext_unavailable,,not_assessed_fulltext_unavailable,not_assessed_fulltext_unavailable,,,not_assessed_fulltext_unavailable,,,,
P3fa1cf03065a,Mapping onto Eq-5 D for patients in poor health,2010,10.1186/1477-7525-8-141,21110838,PMC3002322,Elly Stolk,R1,"[R1] Develops and evaluates algorithms mapping disease-specific measures onto EQ-5D utilities, specifically addressing bias in poor health states.",available,europe_pmc_xml,assessed,direct_eq,The paper investigates why mapping algorithms onto EQ-5D overpredict utilities in poor health and develops separate EQ-5D utility mapping algorithms.,no_funding_statement,no_funding_statement,none stated,none stated,none,,"The 2010 article gives no project ID or project funding; all supplied candidates begin in 2013 or later and concern distinct later valuation, DCE, mapping, or outreach work.",high,
P29d8cf63a7c6,A nonparametric elicitation of the equity-efficiency trade-off in cost-utility analysis,2005,10.1016/j.jhealeco.2004.10.001,15960990,,Elly Stolk,R2,"[R2] Develops and applies an elicitation method for equity-efficiency trade-offs within the QALY framework, making QALY methodology the central object.",unavailable,,not_assessed_fulltext_unavailable,not_assessed_fulltext_unavailable,,not_assessed_fulltext_unavailable,not_assessed_fulltext_unavailable,,,not_assessed_fulltext_unavailable,,,,
Pbc1c4aba0fe4,Acceptability of less than perfect health states,2005,10.1016/j.socscimed.2004.04.032,15522481,,Elly Stolk,RU,"[RU] Examines respondents' acceptability of domain-specific health states across age, which may constitute health-state valuation but is not clearly described as a valuation method.",unavailable,,not_assessed_fulltext_unavailable,not_assessed_fulltext_unavailable,,not_assessed_fulltext_unavailable,not_assessed_fulltext_unavailable,,,not_assessed_fulltext_unavailable,,,,
P9aaca33920e9,Equity in health care prioritisation: An empirical inquiry into social value,2005,10.1016/j.healthpol.2005.01.018,16226144,,Elly Stolk,R2,"[R2] Empirically evaluates equity concepts and their QALY-based weighting of treatment priorities, making the QALY concept central to the research.",unavailable,,not_assessed_fulltext_unavailable,not_assessed_fulltext_unavailable,,not_assessed_fulltext_unavailable,not_assessed_fulltext_unavailable,,,not_assessed_fulltext_unavailable,,,,
P034f025c9af2,Diabetic foot ulcers and amputations: Estimates of health utility for use in cost-effectiveness analyses of new treatments,2004,10.1016/s1262-3636(07)70154-4,15671925,,Elly Stolk,R2,"[R2] The study directly elicits general-public TTO utilities for diabetic-foot health states, making health-state valuation its central object.",unavailable,,not_assessed_fulltext_unavailable,not_assessed_fulltext_unavailable,,not_assessed_fulltext_unavailable,not_assessed_fulltext_unavailable,,,not_assessed_fulltext_unavailable,,,,
P3e8fad37e4bc,Are patients and the general public like-minded about the effect of erectile dysfunction on quality of life?,2003,10.1016/s0090-4295(02)02516-5,12670570,,Elly Stolk,R2,[R2] The research directly compares patient and public TTO valuations of erectile-dysfunction health states.,unavailable,,not_assessed_fulltext_unavailable,not_assessed_fulltext_unavailable,,not_assessed_fulltext_unavailable,not_assessed_fulltext_unavailable,,,not_assessed_fulltext_unavailable,,,,
Pd461625584c7,Validity and feasibility of the use of condition-specific outcome measures in economic evaluation,2003,10.1023/a:1023453405252,12797709,,Elly Stolk,R2,[R2] The study evaluates the validity and feasibility of deriving condition-specific utility scores using TTO.,unavailable,,not_assessed_fulltext_unavailable,not_assessed_fulltext_unavailable,,not_assessed_fulltext_unavailable,not_assessed_fulltext_unavailable,,,not_assessed_fulltext_unavailable,,,,
P711bb3c4e60e,The valuation of the international prostate symptom score (IPSS) for use in economic evaluations,2002,10.1016/s0302-2838(02)00403-7,12429159,,Elly Stolk,R2,[R2] The article elicits TTO values for IPSS-defined health states to create condition-specific utilities.,unavailable,,not_assessed_fulltext_unavailable,not_assessed_fulltext_unavailable,,not_assessed_fulltext_unavailable,not_assessed_fulltext_unavailable,,,not_assessed_fulltext_unavailable,,,,
P9f2e9056474e,Performance of the EuroQol in children with imperforate anus,2000,10.1023/a:1008923029886,10981204,,Elly Stolk,R1,[R1] The study evaluates feasibility and validity of a proxy EuroQol version in children with imperforate anus.,unavailable,,not_assessed_fulltext_unavailable,not_assessed_fulltext_unavailable,,not_assessed_fulltext_unavailable,not_assessed_fulltext_unavailable,,,not_assessed_fulltext_unavailable,,,,
Pf53a5ee15eef,Adaptation of the Experimental Version of EQ-5D-Y-5L Into Bahasa Indonesia,2025,10.1016/j.vhri.2025.101121,40347856,,Elly Stolk; Fredrick Purba,R1,[R1] This article reports translation and cognitive-debriefing adaptation of the EQ-5D-Y-5L into Bahasa Indonesia.,available,openalex_pdf,assessed,direct_eq,"The article’s objective is to report the EQ-5D-Y-5L adaptation process into Bahasa Indonesia, including translation and cognitive debriefing to establish a comprehensible version.",explicit_euroqol,study_funding,Funding/Support states: ‘This study was supported by the EuroQol Group grant (EQ Project 20180140) and the Indonesian Endowment Fund for Education (LPDP).’,Funding/Support states the study was supported by a EuroQol Group grant (EQ Project 20180140); the funder role says EuroQol provides the grant for the study.,explicit,20180140,"The funding statement explicitly names EQ Project 20180140, which matches candidate project 20180140.",high,
Pdd3d4c609f52,Valuing health-related quality of life: an EQ-5D-5L value set for Morocco.,2025,10.1007/s11136-025-03930-1,40019677,PMC12119695,Elly Stolk; Fredrick Purba,R1,[R1] The study develops and models a Moroccan EQ-5D-5L value set using the EuroQol valuation protocol.,available,europe_pmc_xml,assessed,direct_eq,"The article develops a Moroccan EQ-5D-5L value set using the EuroQol EQ-VT protocol, cTTO and DCE valuation data.",explicit_euroqol,study_funding,"The Moroccan EQ-5D-5L valuation study was funded from the EuroQol Research Foundation, the Netherlands (Grant Number: 1411-VS).",Funding states that the Moroccan EQ-5D-5L valuation study was funded by the EuroQol Research Foundation (Grant Number: 1411-VS).,explicit,1411-VS,"The funding statement explicitly names Grant Number 1411-VS, whose supplied candidate title exactly matches this article.",high,
P5e758f731736,Evaluation of EuroQol Valuation Technology (EQ-VT) Designs to Generate National Value Sets: Learnings from the Development of an EQ-5D Value Set for India Using an Extended Design (DEVINE) Study.,2023,10.1177/0272989x231180134,37480281,PMC10422850,Elly Stolk; Fredrick Purba,R1,[R1] This research evaluates extensions to EQ-VT design for producing more precise national EQ-5D value sets.,available,europe_pmc_xml,assessed,direct_eq,The primary aim is to assess extensions of the EuroQol Valuation Technology design for generating EQ-5D-5L national value sets and their predictive precision.,explicit_euroqol,publication_support_only,The authors thank the EuroQol Research Foundation for financial support to make the paper open access; the study funding itself is stated as a Government of India Department of Health Research grant.,Acknowledgments say the EuroQol Research Foundation provided financial support to make the paper open access; the stated study funding was a Government of India Department of Health Research grant.,none,,None of the supplied candidates identifies the Indian DEVINE study or its Indian government grant; author overlap and general valuation-topic overlap do not establish a project output.,high,
P837f91603190,"Indonesia youth population norms for EQ-5D-Y-3 L, EQ-5D-Y-5 L and the PedsQL generic core scale: lower health related quality of life relates to high economic status and stress.",2023,10.1186/s12889-023-16003-0,37308934,PMC10262504,Elly Stolk; Fredrick Purba,R1,[R1] The primary aim is to establish Indonesian youth population norms for EQ-5D-Y instruments and a generic HRQoL scale.,available,europe_pmc_xml,assessed,direct_eq,"The study's stated objective was to derive Indonesian population norms for EQ-5D-Y-3L and EQ-5D-Y-5L, and it reports their health-state values and measurement results; these EQ instruments are primary research objects.",explicit_euroqol,study_funding,Funding for this study was provided by the EuroQol Group and Indonesian Endowment Fund for Education (LPDP); both grants were unrestricted.,Funding section: ‘Funding for this study was provided by the EuroQol Group’ and LPDP; competing-interests text says EuroQol grants ‘in part funded this research.’,possible,20180140,"Project 20180140 overlaps on Indonesian EQ-5D-Y-3L/-5L research and Purba, but its pediatric-patient validation focus does not specifically identify this general-population norms study.",medium,
P21b08206cd9b,Development of an EQ-5D Value Set for India Using an Extended Design (DEVINE) Study: The Indian 5-Level Version EQ-5D Value Set.,2022,10.1016/j.jval.2021.11.1370,35779943,,Elly Stolk; Fredrick Purba,R1,"[R1] The study develops the Indian EQ-5D-5L value set using cTTO, DCE, and hybrid valuation models.",unavailable,,not_assessed_fulltext_unavailable,not_assessed_fulltext_unavailable,,not_assessed_fulltext_unavailable,not_assessed_fulltext_unavailable,,,not_assessed_fulltext_unavailable,,,,
P6958d2dbffde,EQ-5D-Y-3L and EQ-5D-Y-5L proxy report: psychometric performance and agreement with self-report.,2022,10.1186/s12955-022-01996-w,35659313,PMC9164342,Elly Stolk; Fredrick Purba,R1,"[R1] The study directly compares psychometric performance, responsiveness, and proxy/self-report agreement of EQ-5D-Y descriptive systems.",available,europe_pmc_xml,assessed,direct_eq,"The study directly compares the psychometric performance, responsiveness, and proxy–self-report agreement of EQ-5D-Y-3L and experimental EQ-5D-Y-5L proxy versions.",explicit_euroqol,study_funding,Funding for this study was provided by the EuroQol Group grant EQ Project 20180140 and the Indonesian Endowment Fund for Education (LPDP).,Funding states: ‘Funding for this study was provided by the EuroQol Group grant EQ Project 20180140’ (alongside LPDP funding).,explicit,20180140,"The Funding section explicitly identifies EuroQol Group grant EQ Project 20180140, whose candidate description matches the Indonesian paediatric EQ-5D-Y 3L/5L and proxy psychometric study.",high,
P9cd3ec6c2594,Estimating an EQ-5D-Y-3L Value Set for Indonesia by Mapping the DCE onto TTO Values.,2022,10.1007/s40273-022-01210-1,36348155,PMC9758088,Elly Stolk; Fredrick Purba,R1,[R1] The study derives an Indonesian EQ-5D-Y-3L value set by mapping DCE data onto cTTO health-state values.,available,europe_pmc_xml,assessed,direct_eq,"The article develops Indonesia’s first EQ-5D-Y-3L value set, testing DCE-to-cTTO mapping and an expanded youth valuation protocol.",explicit_euroqol,study_funding,Acknowledgements: ‘The authors thank the EuroQol Group (EQ Project 20180490) and Indonesian Endowment Fund for Education (LPDP) for providing funding for this study.’,Acknowledgements: The authors thank the EuroQol Group (EQ Project 20180490) and LPDP for providing funding for this study.,explicit,20180490,"The funding acknowledgement explicitly names EuroQol EQ Project 20180490, whose supplied title and methods match the article’s expanded cTTO EQ-5D-Y-3L valuation study.",high,
P5e59af1995bc,Comparing measurement properties of EQ-5D-Y-3L and EQ-5D-Y-5L in paediatric patients.,2021,10.1186/s12955-021-01889-4,34781978,PMC8591892,Elly Stolk; Fredrick Purba,R1,[R1] The study directly evaluates and compares measurement properties and responsiveness of EQ-5D-Y-3L and EQ-5D-Y-5L.,available,europe_pmc_xml,assessed,direct_eq,"The article directly compares EQ-5D-Y-3L and EQ-5D-Y-5L feasibility, validity, test–retest reliability, and responsiveness in paediatric patients.",explicit_euroqol,no_euroqol_support,The supplied text lists ‘EuroQol Research Foundation’ alongside project ID 20180140 and also names the Indonesian Endowment Fund for Education (LPDP).,"EuroQol Research Foundation is listed with project ID 20180140, but the extract does not state that it funded or otherwise supported this study; a project ID alone does not establish funding.",explicit,20180140,"Project ID 20180140 is explicitly present in the article text, and its stated paediatric Indonesian EQ-5D-Y-3L versus 5L psychometric aim and sample match the article.",high,
P239faea706d6,A randomised equivalence study of the EQ-5D-5L Shona versions: evaluation of measurement equivalence between digital and paper formats,2026,10.1186/s12955-026-02575-z,42374495,,Fredrick Purba,R1,[R1] The randomized study directly evaluates measurement equivalence and known-groups validity of digital versus paper Shona EQ-5D-5L.,unavailable,,not_assessed_fulltext_unavailable,not_assessed_fulltext_unavailable,,not_assessed_fulltext_unavailable,not_assessed_fulltext_unavailable,,,not_assessed_fulltext_unavailable,,,,
P9d705ba2d740,Exploring Perceived Interactions between EQ-5D-5L and Bolt-ons Using Composite Time-Tradeoff Valuations: A Qualitative Study,2026,10.1177/0272989x261446644,42206353,,Fredrick Purba,R1,[R1] The qualitative study investigates how EQ-5D-5L bolt-ons affect reasoning and interactions when valuing health states with cTTO.,unavailable,,not_assessed_fulltext_unavailable,not_assessed_fulltext_unavailable,,not_assessed_fulltext_unavailable,not_assessed_fulltext_unavailable,,,not_assessed_fulltext_unavailable,,,,
P75339c6d635f,The EQ-5D-5L valuation study in Nigeria,2026,10.1007/s11136-026-04319-4,42295458,PMC13269515,Fredrick Purba,R1,"[R1] The study develops Nigeria's EQ-5D-5L value set using cTTO, DCE, and hybrid health-state valuation models.",available,europe_pmc_xml,assessed,direct_eq,"The study’s stated objective is to develop Nigeria’s first EQ-5D-5L value set, using EQ-PVT cTTO and DCE valuation tasks to estimate utilities for all EQ-5D-5L health states.",explicit_euroqol,study_funding,Funding states: ‘This research is funded by ... the EuroQol Research Foundation.’,"The Funding section says: ‘This research is funded by’ the MUHTA program, NHIA Nigeria, ‘and the EuroQol Research Foundation.’",none,,None of the supplied projects concerns a Nigerian EQ-5D-5L valuation study; shared author Fredrick Purba alone does not establish an output link.,high,
P1de4bedca39b,WHAT DO HTA AGENCIES NEED FOR GENERATING HEALTH-RELATED QUALITY OF LIFE EVIDENCE? FINDINGS FROM A GLOBAL SURVEY,2026,10.1017/s0266462326103602,41749053,PMC13071849,Fredrick Purba,R2,"[R2] This global survey examines practitioners' measurement and valuation methods, data needs, and priorities for generating HRQoL evidence.",available,europe_pmc_xml,assessed,adjacent_measurement,"The article surveys HTA practitioners worldwide about HRQoL measurement, health-state utility valuation, instruments, and elicitation methods; EQ-5D is one commonly reported instrument rather than the specific research focus.",explicit_euroqol,study_funding,Funding statement: ‘This project is supported by the EuroQol Research Foundation (Grant Number: 1505-RA).’,Acknowledgements state: ‘This study was funded by the EuroQol Research Foundation.’,explicit,1505-RA,Grant 1505-RA is stated explicitly and its supplied phase-2 Global HTA Agency Survey description matches the article's global survey of HTA practitioners' HRQoL evidence needs.,high,
P9d193fc1cb20,Assessing health-related quality of life in schizophrenia patients using EQ-5D-5L index: Insights from patients and caregivers,2025,10.52225/narra.v5i2.1314,40951509,PMC12425544,Fredrick Purba,R1,[R1] The study directly compares patient and caregiver EQ-5D-5L reports and evaluates their agreement for proxy use.,available,europe_pmc_xml,assessed,direct_eq,"The study’s stated aim is to compare patient and family-caregiver responses to the EQ-5D-5L in schizophrenia, including agreement and utility-score analyses.",no_funding_statement,no_funding_statement,"none stated; the text contains acknowledgments to participants, hospital management, and named individuals, but no funding or support statement.","none stated; the text contains acknowledgments to participants, hospital management, and named individuals, but no funding or support statement.",none,,No project ID or funding link is stated; this 2023 cross-sectional EQ-5D-5L proxy-comparison study does not match the supplied candidate projects’ aims or methods.,high,
Pa06ed50f6556,Comparisons of Preferences Toward EQ-5D-Y-3L Health States Between Adult Own and Child Perspectives,2025,10.1016/j.jval.2025.06.008,40602680,,Fredrick Purba,R1,[R1] The study elicits and compares adult and child-perspective preferences for EQ-5D-Y-3L health states using DCE and cTTO.,unavailable,,not_assessed_fulltext_unavailable,not_assessed_fulltext_unavailable,,not_assessed_fulltext_unavailable,not_assessed_fulltext_unavailable,,,not_assessed_fulltext_unavailable,,,,
P47b90029fc2b,Cross-cultural adaptation and psychometric validation of the Indonesian version of the PTSD Checklist for DSM-5 (PCL-5) in a trauma-exposed sample of women,2025,10.1080/20008066.2025.2543629,40899462,PMC12409912,Fredrick Purba,R2,[R2] The study cross-culturally adapts and psychometrically validates the Indonesian PCL-5 health measurement instrument.,available,europe_pmc_xml,assessed,adjacent_measurement,"The study’s primary object is cross-cultural adaptation and psychometric validation of the PTSD Checklist for DSM-5 (PCL-5), including reliability, validity, factor structure, and a diagnostic cut-off; WHOQOL-BREF is only a divergent-validity comparator.",other_funding_only,other_funding_only,This experiment was funded by the Universitas Padjadjaran [grant number 1549/UN6.3.1/PT.00/2023].,This experiment was funded by the Universitas Padjadjaran [grant number 1549/UN6.3.1/PT.00/2023].,none,,"None of the candidates is identified in the article; the funded study validates the PCL-5 in trauma-exposed women, rather than an EQ-HWB/EQ-5D instrument or method.",high,
Pae5185ee3e27,Design and implementation of data quality controls in the EQ-DAPHNIE study: insights from the pilot phase and 15-country analysis,2025,10.1007/s11136-025-04074-y,,,Fredrick Purba,R1,[R1] The study evaluates implementation and data-quality controls for the EuroQol EQ-DAPHNIE population health-measure survey.,available,europe_pmc_xml,assessed,direct_eq,The EQ-DAPHNIE project is the research object; this paper describes its multi-country survey quality-control processes and data-quality metrics for EQ health measures.,explicit_euroqol,study_funding,"The supplied text ends with ‘EuroQol Research Foundation367-RA,’ explicitly identifying EuroQol Research Foundation support.",The article reports on the EQ-DAPHNIE project; the supplied funding evidence explicitly identifies EuroQol Research Foundation support (367-RA).,explicit,367-RA,The text explicitly gives project ID 367-RA and identifies the EQ-DAPHNIE project; candidate 367-RA is the Population Health Primary Data Collection Project describing the same initiative.,high,
P3c8f282ec847,EuroQol data for assessment of population health needs and instrument evaluation (EQ-DAPHNIE): a study for enhancing population health assessment,2025,10.1007/s11136-025-03983-2,40317454,PMC12689827,Fredrick Purba,R1,[R1] The EQ-DAPHNIE design develops standardized population-health data infrastructure to evaluate health-status and wellbeing instruments.,available,europe_pmc_xml,assessed,direct_eq,"EQ-DAPHNIE’s stated aims are to standardize cross-country population-health data collection and evaluate health-status measures, including EQ-5D-5L, bolt-ons, and EQ-HWB.",explicit_euroqol,study_funding,Funding section: ‘This study was funded by EuroQol Research Foundation Grant Number: 367-RA.’,Funding: ‘This study was funded by EuroQol Research Foundation Grant Number: 367-RA.’,explicit,367-RA,"The funding statement explicitly identifies EuroQol Research Foundation Grant Number 367-RA, whose candidate title is ‘Population Health Primary Data Collection Project’ and describes EQ-DAPHNIE infrastructure and data collection.",high,
P5e2520ed6043,Findings from a roundtable discussion with Pakistani stakeholders on measuring and valuing health and health-related quality of life for children and adolescents,2025,10.1186/s12955-025-02397-5,40598511,PMC12210699,Fredrick Purba,R1,"[R1] Explores stakeholder views to inform a Pakistani EQ-5D-Y-3L value set, making EuroQol youth health-state valuation central.",available,europe_pmc_xml,assessed,direct_eq,"The roundtable directly informs development of a Pakistani EQ-5D-Y-3L value set, addressing health-state preference measurement and youth valuation methods as its central aim.",explicit_euroqol,study_funding,Funding: This study was funded by the EuroQol Research Foundation (Grant #344-VS).,Funding: This study was funded by the EuroQol Research Foundation (Grant # 344-VS). Publication was not contingent on sponsor approval or censorship.,explicit,344-VS,"The funding statement explicitly gives EuroQol Research Foundation Grant #344-VS, which exactly identifies candidate project 344-VS and its Pakistani EQ-5D-Y-3L valuation work.",high,
Pc9a77fba9c71,Indonesian Translation and Adaptation of Social Appearance Anxiety Scale (SAAS) for Early Adolescent Girls in Indonesia,2025,10.2147/prbm.s498021,40046606,PMC11881766,Fredrick Purba,R2,"[R2] Translates and validates the SAAS-Indonesia, with adolescent mental-health measurement instrument evaluation central.",available,europe_pmc_xml,assessed,adjacent_measurement,"The article’s primary object is translation, adaptation, reliability, and validity testing of the Social Appearance Anxiety Scale for Indonesian early adolescent girls, with no EQ instrument studied.",no_funding_statement,no_funding_statement,none stated,none stated,none,,"No supplied project is identified or supported by the article: it evaluates SAAS in adolescent girls, whereas all candidates concern EQ-HWB or EQ-5D research.",high,
Pcf6c6fa55dfb,"Psychometric Performance of EQ-HWB and EQ-HWB-9 Self-Complete and Interviewer-Administered Versions in Literate, Low-Literacy, and Patient Populations in Indonesia",2025,10.1016/j.vhri.2025.101543,41259893,,Fredrick Purba,R1,"[R1] Evaluates reliability and validity of interviewer and self-complete EQ-HWB instruments, making an EQ instrument central.",unavailable,,not_assessed_fulltext_unavailable,not_assessed_fulltext_unavailable,,not_assessed_fulltext_unavailable,not_assessed_fulltext_unavailable,,,not_assessed_fulltext_unavailable,,,,
P31ff012c0beb,"Content validity of the EQ-HWB and EQ-HWB-S in a sample of Italian patients, informal caregivers and members of the general public",2024,10.1186/s41687-024-00706-y,38519577,PMC10959916,Fredrick Purba,R1,[R1] The study evaluates content validity of the Italian EQ-HWB and EQ-HWB-S instruments.,available,europe_pmc_xml,assessed,direct_eq,"The study directly assesses content validity of the Italian EQ-HWB and EQ-HWB-S, newly developed EuroQol instruments, using cognitive-debriefing interviews.",no_funding_statement,no_funding_statement,none stated,none stated,none,,"None of the supplied projects is identified in the article; the closest EQ-HWB candidates concern different countries, aims, and/or later project periods.",high,
P0ef22a2d682a,PROPERTI PSIKOMETRI BAHASA INDONESIA DARI KUALITAS HIDUP TERKAIT KESEHATAN TERHADAP REMAJA (KINDL-R),2024,10.35760/psi.2024.v17i1.10252,,,Fredrick Purba,R2,[R2] The study evaluates validity and reliability of the Indonesian KINDL-R HRQoL instrument.,unavailable,,not_assessed_fulltext_unavailable,not_assessed_fulltext_unavailable,,not_assessed_fulltext_unavailable,not_assessed_fulltext_unavailable,,,not_assessed_fulltext_unavailable,,,,
P650f5e85d7ff,Parental burnout assessment: Validation in Indonesian parents,2024,10.1016/j.mhp.2024.200372,,,Fredrick Purba,R2,[R2] The primary aim is validation of the Indonesian Parental Burnout Assessment measurement instrument.,unavailable,,not_assessed_fulltext_unavailable,not_assessed_fulltext_unavailable,,not_assessed_fulltext_unavailable,not_assessed_fulltext_unavailable,,,not_assessed_fulltext_unavailable,,,,
P035b3c61e918,Psychometric Evaluation of Brief Reason for Living Inventory for Adolescents (BRFL-A) Instrument in the Indonesian Language,2024,10.1177/2333794x241254690,38808325,PMC11131399,Fredrick Purba,R2,[R2] The study validates psychometric properties of the Indonesian Brief Reason for Living Inventory for Adolescents.,available,europe_pmc_xml,assessed,adjacent_measurement,"The study validates the Indonesian BRFL-A, a psychometric instrument measuring protective factors against suicide; it has no EQ instrument or valuation focus.",other_funding_only,other_funding_only,"The study was supported by Indonesia Endowment Fund for Education (LPDP) under Productive Innovative Research (RISPRO), funding agreement PRJ-72/LPDP/2019.","The study was supported by Indonesia Endowment Fund for Education (LPDP) under Productive Innovative Research (RISPRO), funding agreement PRJ-72/LPDP/2019.",none,,"Despite shared author Fredrick Purba, no candidate addresses BRFL-A or suicide-protective-factor validation; the supplied candidates concern EQ instruments.",high,
P70ea9c866ad3,"The psychometric properties of the EQ-HWB and EQ-HWB-S in patients with breast cancer: a comparative analysis with EQ-5D-5L, FACT-8D and SWEMWBS",2024,10.1016/j.jval.2024.12.003,39733837,,Fredrick Purba,R1,[R1] The study evaluates psychometric performance of EQ-HWB and EQ-HWB-S and compares them with other instruments.,available,openalex_pdf,assessed,direct_eq,The study’s stated purpose is to assess the psychometric performance of the EQ-HWB and EQ-HWB-S in Indonesian patients with breast cancer and compare them with other instruments.,explicit_euroqol,study_funding,Funding/Support: ‘This study was funded by the EuroQol Research Foundation (1644-RA).’,Funding/Support states: ‘This study was funded by the EuroQol Research Foundation (1644-RA).’,explicit,1644-RA,The article explicitly names project 1644-RA in its EuroQol funding statement; its breast-cancer EQ-HWB psychometric study is the candidate project’s stated work.,high,
Pe9255247bec9,Validity and reliability of the Difficulties in Emotion Regulation Scale Short Form in Indonesian non-clinical population,2024,10.3389/fpsyt.2024.1380354,38590788,PMC11000630,Fredrick Purba,R2,[R2] The study evaluates psychometric properties and factor structure of the Indonesian DERS-SF instrument.,available,europe_pmc_xml,assessed,adjacent_measurement,"The article's primary aim is psychometric validation of the Indonesian DERS-SF, including reliability, content/convergent validity, and CFA; it does not study an EQ or EuroQol method.",other_funding_only,other_funding_only,"It explicitly states funding by Indonesia's Educational Fund Management Agency for Productive Innovative Research (RISPRO), Contract ID PRJ-72/LPDP/2019.","It explicitly states funding by Indonesia's Educational Fund Management Agency for Productive Innovative Research (RISPRO), Contract ID PRJ-72/LPDP/2019.",none,,"The study is a 2021 student-sample DERS-SF adaptation funded by RISPRO and contains no EQ-HWB/EQ-5D project identifier, aim, or methods matching any supplied candidate.",high,
P0640f26e484e,"Validity, test-retest reliability, and responsiveness of the Indonesian version of FACIT-COST measure for subjective financial toxicity",2024,10.1186/s12955-024-02303-5,39427212,PMC11491015,Fredrick Purba,R2,[R2] The study validates the Indonesian FACIT-COST measure and tests its measurement properties.,available,europe_pmc_xml,assessed,adjacent_measurement,"The article validates the Indonesian FACIT-COST, a cancer-specific measure of subjective financial toxicity, through structural validity, reliability, and responsiveness testing.",explicit_euroqol,study_funding,Data collection was supported by the EuroQol Research Foundation (Project no. 1644-RA).,Funding states that data collection for this FACIT-COST study was supported by the EuroQol Research Foundation (Project no. 1644-RA).,explicit,1644-RA,The funding statement explicitly identifies Project no. 1644-RA; the study is a 2023–24 Indonesian breast-cancer psychometric study using the same 300-patient cohort described by that candidate.,high,
P5c074146b339,Valuation of EQ-5D-5L in the Kingdom of Saudi Arabia: A National Representative Study,2024,10.1016/j.jval.2024.01.017,38342365,,Fredrick Purba,R1,[R1] The study derives a Saudi EQ-5D-5L value set using cTTO and DCE valuation data.,unavailable,,not_assessed_fulltext_unavailable,not_assessed_fulltext_unavailable,,not_assessed_fulltext_unavailable,not_assessed_fulltext_unavailable,,,not_assessed_fulltext_unavailable,,,,
P93749e68c902,Valuation of the EQ-5D-3L in Jordan,2024,10.1007/s10198-024-01712-z,39225720,PMC11937146,Fredrick Purba,R1,[R1] The study develops a Jordanian EQ-5D-3L value set using cTTO and DCE data.,available,europe_pmc_xml,assessed,direct_eq,"The study's stated aim is to develop a Jordanian EQ-5D-3L value set using the EuroQol Valuation Technology protocol, cTTO, DCE, and hybrid modelling.",explicit_euroqol,study_funding,This study has been funded by EuroQol Research Foundation (60-2020VS).,Funding section: ‘This study has been funded by EuroQol Research Foundation (60-2020VS).’,none,,None of the supplied candidate projects identifies the Jordanian EQ-5D-3L valuation study or funding code 60-2020VS.,high,
P0cbb0f98ea9e,Adaptasi Alat Ukur Professional Quality of Life pada Psikolog Klinis di Fasilitas Kesehatan,2023,10.35134/jpsy165.v16i1.224,,,Fredrick Purba,R2,[R2] The study adapts and evaluates validity and reliability of the Indonesian PROQOL-V instrument.,available,openalex_pdf,assessed,adjacent_measurement,"The study adapts and evaluates the Indonesian PROQOL-V for clinical psychologists, testing content/construct validity and Cronbach alpha; it does not study an EQ instrument.",no_funding_statement,no_funding_statement,none stated,none stated,none,,"No candidate project is identified or supported: the article concerns PROQOL-V adaptation for clinical psychologists, whereas supplied candidates concern EQ-HWB/EQ-5D research, valuation, or EuroQol outreach.",high,
P2e4f7b903efa,Mapping EORTC-QLQ-C30 onto EQ-5D-5L Index in Indonesian Cancer Patients,2023,10.31557/apjcp.2023.24.4.1125,37116132,PMC10352743,Fredrick Purba,R1,[R1] Develops and evaluates an algorithm mapping EORTC QLQ-C30 scores to EQ-5D-5L utilities.,available,europe_pmc_xml,assessed,direct_eq,The stated aim was to develop a mapping algorithm from EORTC QLQ-C30 to the EQ-5D-5L that produces utility values for Indonesian cancer patients.,other_funding_only,other_funding_only,Funding Statement: ‘This study is funded by the Ministry of Research and Technology/ Badan Riset dan Inovasi Nasional No: 9/E1/KPT/2021.’,Funding Statement: ‘This study is funded by the Ministry of Research and Technology/ Badan Riset dan Inovasi Nasional No: 9/E1/KPT/2021.’,none,,"None of the supplied projects is identified by the article; their EQ-HWB, youth, mode-of-administration, recall-period, or later breast-cancer bolt-on aims do not match this 2020 EORTC-to-EQ-5D-5L mapping study.",high,
Pcb41e95c5907,Mapping functions of cancer patients&amp;#39; quality of life in Indonesia: from EORTC-QlQ -C-30 to EQ-5D-5L &amp;lrm;,2023,10.51847/avg60w3ar5,,,Fredrick Purba,R1,[R1] The stated aim is to map Indonesian EORTC QLQ-C30 functions to the EQ-5D-5L.,unavailable,,not_assessed_fulltext_unavailable,not_assessed_fulltext_unavailable,,not_assessed_fulltext_unavailable,not_assessed_fulltext_unavailable,,,not_assessed_fulltext_unavailable,,,,
P81b66c580a32,The EQ-5D-3L Valuation Study in Pakistan,2023,10.1007/s41669-023-00437-8,37702988,PMC10721573,Fredrick Purba,R1,[R1] Derives a Pakistani EQ-5D-3L value set using cTTO and DCE health-state valuations.,available,europe_pmc_xml,assessed,direct_eq,"The article's stated aim is to derive a Pakistani EQ-5D-3L value set, using cTTO and DCE valuation interviews and hybrid modelling; EQ valuation is its primary research object.",explicit_euroqol,study_funding,Funding states: 'the study was funded by EuroQol group grant number EQ project 20180660.',Funding: ‘We acknowledge the study was funded by EuroQol group grant number EQ project 20180660.’,explicit,20180660,"The funding statement explicitly names EuroQol grant/project 20180660, which is the supplied candidate 'Developing an EQ-5D-3L Value Set and Population Norms for Pakistan – A Pilot Study.'",high,
Pc392f9662bf5,"A Pilot Study of Valuation Methods of the EQ-5D and the Impact of Literacy, Cultural, and Religious Factors on Preferences",2022,10.1016/j.vhri.2021.10.003,35144144,,Fredrick Purba,R1,[R1] Evaluates EQ-5D-3L valuation methods and cultural factors affecting health-state preferences.,unavailable,,not_assessed_fulltext_unavailable,not_assessed_fulltext_unavailable,,not_assessed_fulltext_unavailable,not_assessed_fulltext_unavailable,,,not_assessed_fulltext_unavailable,,,,
P94a68185cdbf,Do health preferences differ among Asian populations? A comparison of EQ-5D-5L discrete choice experiments data from 11 Asian studies,2022,10.1007/s11136-021-03075-x,35181827,PMC9188617,Fredrick Purba,R1,[R1] Compares EQ-5D-5L DCE health-state valuation data and preference patterns across Asian populations.,available,europe_pmc_xml,assessed,direct_eq,The study compares EQ-5D-5L DCE preference data from 11 Asian valuation studies to assess differences in health preferences and support local value sets.,explicit_euroqol,unclear,"Funding metadata names EuroQol Research Foundation and project 20180230 (Yang, Zhihao).","The supplied text gives funding metadata naming EuroQol Research Foundation and project 20180230, but no accompanying statement identifies what the Foundation funded or its scope.",explicit,20180230,"The article's funding metadata explicitly gives project ID 20180230, whose candidate title and 11-Asian-study DCE comparison aim match the article.",high,
P60ec96d40fd5,Estimating the EQ-5D-5L value set for the Philippines,2022,10.1007/s11136-022-03143-w,35532835,PMC9356948,Fredrick Purba,R1,[R1] Develops a Philippine EQ-5D-5L health-state value set using cTTO and DCE tasks.,available,europe_pmc_xml,assessed,direct_eq,"The stated aim is to develop a Philippine EQ-5D-5L value set from general-population preferences, using C-TTO and DCE tasks to estimate utilities for EQ-5D-5L health states.",explicit_euroqol,nonfinancial_support_only,Funding metadata in the supplied text lists the EuroQol Research Foundation; the acknowledgements also identify DOH-PD and DOST-PCHRD as sponsors and EuroQol Group expertise/guidance.,"Acknowledgements name DOH-PD and DOST-PCHRD as the project sponsors, while EuroQol Group, Inc. is thanked for providing expertise and guidance throughout the study.",none,,"None of the supplied candidates identifies this 2017 Philippine EQ-5D-5L valuation study; the closest Purba projects concern Indonesian instruments, later studies, or an Indonesian workshop.",high,
P6a96643b512f,Psychometric Properties of the Indonesian Version of Youth Quality of Life-Weight Instrument (YQOL-W),2022,10.15408/jp3i.v11i2.27219,,,Fredrick Purba,R2,"[R2] Evaluates reliability, validity, and factor structure of the adapted Indonesian YQOL-W instrument.",available,openalex_pdf,assessed,adjacent_measurement,"This is a psychometric validation of the Indonesian Youth Quality of Life-Weight (YQOL-W), evaluating its factor structure, validity, and reliability for adolescents; it has no EQ instrument focus.",no_funding_statement,no_funding_statement,none stated,none stated,none,,"No candidate is identified by funding, project ID, study data, or methods. The article evaluates YQOL-W in adolescents, whereas the supplied projects concern EQ-HWB, EQ-5D, or an EuroQol meeting; shared authorship and broad measurement topic are insufficient.",high,
P5f55b4abfab6,Psychometric Properties of the Suicidal Ideation Scale in the Indonesian Language,2022,10.1177/21501319221143716,36524691,PMC9761796,Fredrick Purba,R2,"[R2] The study centrally validates the Indonesian Suicidal Ideation Scale through adaptation, reliability, and multiple validity analyses.",available,europe_pmc_xml,assessed,adjacent_measurement,"The study’s primary object is translation and psychometric validation of the Suicidal Ideation Scale (SIS) for Indonesian adolescents and young adults, not an EQ instrument or EuroQol valuation method.",other_funding_only,other_funding_only,"Acknowledgements state that the Managing Director of Indonesia’s Educational Fund Management Agency (LPDP) provided funds under Productive Innovative Research (RISPRO), PRJ-72/LPDP/2019.","Acknowledgements state that the Managing Director of Indonesia’s Educational Fund Management Agency (LPDP) provided funds under Productive Innovative Research (RISPRO), PRJ-72/LPDP/2019.",none,,The supplied EQ-focused project candidates do not match this SIS validation; Fredrick Purba’s authorship alone is insufficient to link it to any candidate.,high,
P365754906061,Psychometric evaluation of the interpersonal needs questionnaire in the Indonesian language,2022,10.1371/journal.pone.0279272,36525445,PMC9757555,Fredrick Purba,R2,"[R2] The research centrally validates the Indonesian Interpersonal Needs Questionnaire using reliability and content, concurrent, and factorial validity evidence.",available,europe_pmc_xml,assessed,adjacent_measurement,The study’s stated aim is to validate the Indonesian INQ-15 and evaluate its psychometric properties (reliability and validity) among adolescents and young adults.,other_funding_only,other_funding_only,"The authors state that work was supported by the RISPRO LPDP Research Grant from Indonesia’s Ministry of Finance, PRJ-72/LPDP/2019; no EuroQol funding is named.","The authors state that work was supported by the RISPRO LPDP Research Grant from Indonesia’s Ministry of Finance, PRJ-72/LPDP/2019; no EuroQol funding is named.",none,,None of the supplied candidates is identified by the article; its INQ-15 suicide-risk screening validation has no distinctive overlap with the candidate EQ projects.,high,
P4d386cb3aa60,EQ-5D-5L in Schizophrenia: differences between patients and nurses’ reports,2021,10.1186/s12955-021-01873-y,34641911,PMC8513280,Fredrick Purba,R1,[R1] The study directly evaluates agreement between patient and nurse proxy EQ-5D-5L reports and their relationship to PANSS.,available,europe_pmc_xml,assessed,direct_eq,"The article primarily examines patient versus nurse proxy EQ-5D-5L reports in schizophrenia, including dimensional agreement, utility scores, and correlations with PANSS.",no_funding_statement,no_funding_statement,Funding: ‘No external funding was obtained for this study.’,Funding: ‘No external funding was obtained for this study.’,none,,"No supplied candidate explicitly or distinctively covers this 2019 Indonesian schizophrenia self-versus-nurse proxy EQ-5D-5L study; the closest projects address other populations, modes, or instruments.",high,
P9b0ce3730772,Perbandingan Self-Report dengan Caregiver-Report mengenai Health-Related Quality of Life Anak dengan Talasemia Mayor Usia 8-12 Tahun,2021,10.15416/ijcp.2021.10.1.50,,,Fredrick Purba,R2,[R2] The study directly evaluates child self-report versus caregiver proxy-report measurement of PedsQL health-related quality of life.,available,openalex_pdf,assessed,adjacent_measurement,The primary research compares child self-report and caregiver-report HRQoL measurement with PedsQL 4.0 in children with major thalassemia.,no_funding_statement,no_funding_statement,The funding section states: ‘Penelitian ini tidak didanai oleh sumber hibah manapun’ (this study was not funded by any grant source).,The funding section states: ‘Penelitian ini tidak didanai oleh sumber hibah manapun’ (this study was not funded by any grant source).,possible,20180140,"Project 20180140 plausibly overlaps in Indonesian pediatric major thalassemia, caregiver/self-report measurement, and use of PedsQL, but this article does not identify the project or use EQ-5D-Y.",medium,
P00957738e538,Valuation of the EQ-5D-3L in Russia,2021,10.1007/s11136-021-02804-6,33713323,PMC8233249,Fredrick Purba,R1,[R1] The study establishes a Russian EQ-5D-3L value set using cTTO and DCE health-state valuation data.,available,europe_pmc_xml,assessed,direct_eq,"The study establishes a Russian EQ-5D-3L value set, using EuroQol's standardized protocol with cTTO and DCE tasks.",no_funding_statement,no_funding_statement,none stated; the text acknowledges EuroQol Research Foundation quality review but gives no funding or support statement.,none stated; the text acknowledges EuroQol Research Foundation quality review but gives no funding or support statement.,none,,"No candidate identifies this Russian EQ-5D-3L valuation; listed projects concern Indonesia, EQ-HWB, or meetings.",high,
Pa93a837fab52,Comparing the EQ-5D-3 L and EQ-5D-5 L: studying measurement and scores in Indonesian type 2 diabetes mellitus patients,2020,10.1186/s12955-020-1282-y,32028954,PMC7006062,Fredrick Purba,R1,[R1] The study directly compares EQ-5D-3L and EQ-5D-5L measurement and scoring properties.,available,europe_pmc_xml,assessed,direct_eq,"The stated aim is to compare EQ-5D-3L and EQ-5D-5L measurement properties and scoring in Indonesian T2DM outpatients; it evaluates ceiling effects, discrimination, and reliability.",other_funding_only,other_funding_only,Funding: ‘The research was supported by a grant from Beasiswa Pendidikan Indonesia (BPI)/LPDP ... and the University of Groningen ...’,Funding: ‘The research was supported by a grant from Beasiswa Pendidikan Indonesia (BPI)/LPDP ... and the University of Groningen ...’,none,,No candidate project is named. The 2016–17 T2DM 3L-versus-5L study was funded by LPDP and the University of Groningen; listed candidates are later or have distinct aims.,high,
Pc6cb06badb33,Valuing health-related quality of life among the Indian population: A protocol for the Development of an EQ-5D Value set for India using an Extended design (DEVINE) Study,2020,10.1136/bmjopen-2020-039517,33444194,PMC7682473,Fredrick Purba,R1,[R1] The study is designed to derive an Indian EQ-5D-5L value set and test the EQ-VT TTO block design.,available,europe_pmc_xml,assessed,direct_eq,The protocol’s primary aims are to develop an Indian EQ-5D-5L value set and test the EQ-VT 10-block versus extended valuation design.,other_funding_only,other_funding_only,"The text says the Government of India commissioned the study and names the Department of Health Research, Ministry of Health & Family Welfare (F.NO.T.11011/02/2017-HR/3176774).","The text says the Government of India commissioned the study and names the Department of Health Research, Ministry of Health & Family Welfare (F.NO.T.11011/02/2017-HR/3176774).",none,,"None of the supplied candidates is identified or distinctively matches this 2020 Indian EQ-5D-5L valuation protocol; the candidates concern Indonesian studies, meetings, or later EQ-HWB work.",high,
Pe596eeeecc41,Valuation of EQ-5D-5L health states: a comparison of seven Asian populations,2019,10.1080/14737167.2019.1557048,30523723,,Fredrick Purba,R1,[R1] This study compares TTO-derived values for EQ-5D-5L health states across Asian populations.,unavailable,,not_assessed_fulltext_unavailable,not_assessed_fulltext_unavailable,,not_assessed_fulltext_unavailable,not_assessed_fulltext_unavailable,,,not_assessed_fulltext_unavailable,,,,
Pa2b8960609e8,Quality of life of the Indonesian general population: Test-retest reliability and population norms of the EQ-5D-5L and WHOQOL-BREF,2018,10.1371/journal.pone.0197098,29750806,PMC5947896,Fredrick Purba,R1,[R1] The research establishes Indonesian EQ-5D-5L population norms and evaluates its test-retest reliability.,available,europe_pmc_xml,assessed,direct_eq,"The study’s objective is to obtain Indonesian population norms and test–retest reliability for EQ-5D-5L; it evaluates its descriptive system, EQ-VAS, and index scores as measurement properties.",explicit_euroqol,study_funding,‘The research was financed by the EuroQol Group (EQ Project number: 2013240)’ (also names Indonesian Higher Education funding).,The research was financed by the EuroQol Group (EQ Project number: 2013240) and Directorate General of Higher Education of Indonesia.,explicit,2013240,"The article explicitly identifies EuroQol EQ Project number 2013240; the candidate project concerns Indonesian EQ-5D-5L validation and population norms, matching the study’s aims and sample.",high,
P2bbdfa14a665,Test-Retest Reliability of EQ-5D-5L Valuation Techniques: The Composite Time Trade-Off and Discrete Choice Experiments,2018,10.1016/j.jval.2018.02.003,30314626,,Fredrick Purba,R1,[R1] This study evaluates test-retest reliability of C-TTO and DCE techniques used to value EQ-5D-5L health states.,unavailable,,not_assessed_fulltext_unavailable,not_assessed_fulltext_unavailable,,not_assessed_fulltext_unavailable,not_assessed_fulltext_unavailable,,,not_assessed_fulltext_unavailable,,,,
P0988dc752ec2,Employing quality control and feedback to the EQ-5D-5L valuation protocol to improve the quality of data collection,2017,10.1007/s11136-016-1445-9,27796774,PMC5376385,Fredrick Purba,R1,[R1] The article evaluates quality control and interviewer feedback for EQ-5D-5L health-state valuation data collection.,available,europe_pmc_xml,assessed,direct_eq,"The study evaluates quality control, interviewer retraining, and feedback for EQ-5D-5L valuation using the EQ-VT protocol, cTTO, and DCE tasks.",explicit_euroqol,study_funding,This study was funded by EuroQol Research Foundation (Grant No. 2013240).,The article explicitly states: ‘This study was funded by EuroQol Research Foundation (Grant No. 2013240).’,explicit,2013240,"The funding statement explicitly gives grant 2013240, whose candidate describes the Indonesian EQ-5D-5L valuation study and EQ-VT data collection used here.",high,
P8602ac65b5dd,The Indonesian EQ-5D-5L Value Set,2017,10.1007/s40273-017-0538-9,28695543,PMC5656740,Fredrick Purba,R1,[R1] The primary aim is to derive a representative Indonesian EQ-5D-5L value set using C-TTO and DCE.,available,europe_pmc_xml,assessed,direct_eq,"The article's objective is to derive an Indonesian EQ-5D-5L value set from general-population preferences, using C-TTO and DCE elicitation and a hybrid valuation model.",explicit_euroqol,study_funding,The Funding section states: 'The research was financed by the EuroQol Group and Directorate General of Higher Education of Indonesia'; both grants were unrestricted.,Funding section: ‘The research was financed by the EuroQol Group and Directorate General of Higher Education of Indonesia.’,probable,2016420,"Candidate 2016420 specifically concerns introduction/submission of the Indonesian EQ-5D-5L value set in 2016-17 and names Purba as PI; this 2017 Purba article derives that exact value set, though it does not name the project.",medium,
Pf03eadc4f6ab,"Population norms in France with EQ-5D-5L: health states, value indexes, and VAS",2023,10.1007/s10198-022-01559-2,36625971,,Gerard De Pouvourville,R1,"[R1] This study establishes French EQ-5D-5L population norms, including health-state distributions, value indexes, and VAS.",unavailable,,not_assessed_fulltext_unavailable,not_assessed_fulltext_unavailable,,not_assessed_fulltext_unavailable,not_assessed_fulltext_unavailable,,,not_assessed_fulltext_unavailable,,,,
P147e4c75f89e,A Discrete Choice Experiment to Derive Health Utilities for Aromatic L-Amino Acid Decarboxylase (AADC) Deficiency in France.,2022,10.2147/prom.s332519,35115856,PMC8800863,Gerard De Pouvourville,R2,"[R2] This study uses TTO, standard gamble, and a DCE to derive utilities for AADC health states, making health-state valuation central.",available,europe_pmc_xml,assessed,adjacent_measurement,The study's aim was to derive health-state utilities for AADC deficiency using a discrete choice experiment; EQ-5D-5L is mentioned only as an instrument that cannot be used in this rare disease.,other_funding_only,other_funding_only,Acknowledgments: ‘This work was supported by PTC Therapeutics (PTC).’,Acknowledgments: ‘This work was supported by PTC Therapeutics (PTC).’,none,,No candidate project is identified: this PTC-supported AADC deficiency DCE is distinct from the French EQ-5D-5L valuation project (20170510) and IBD QALY project (20190020).,high,
Pcb15e276bd98,Eliciting Health State Utilities for Aromatic L-Amino Acid Decarboxylase (AADC) Deficiency: A Vignette Study in France,2021,10.2147/prom.s306228,34285619,PMC8285298,Gerard De Pouvourville,R2,[R2] This study directly elicits AADC health-state utilities using TTO and standard-gamble valuation of vignettes.,available,europe_pmc_xml,assessed,adjacent_measurement,The study’s primary aim was to derive French AADC-deficiency health-state utilities using vignette-based TTO and SG tasks; EQ-5D is mentioned only as an example of a measure that cannot be used in this condition.,other_funding_only,other_funding_only,The article states: ‘The study was funded by PTC Therapeutics.’,The article states: ‘The study was funded by PTC Therapeutics.’,none,,Neither candidate is identified in the article; the study concerns AADC vignette utilities rather than French EQ-5D-5L valuation or IBD.,high,
P3cdd5d7e312d,A French Value Set for the EQ-5D-5L,2020,10.1007/s40273-019-00876-4,31912325,PMC7080328,Gerard De Pouvourville,R1,[R1] This study develops the French EQ-5D-5L value set using EuroQol composite TTO and DCE valuation.,available,europe_pmc_xml,assessed,direct_eq,"The study's stated objective was to develop a French EQ-5D-5L value set; it used EuroQol's standardized valuation protocol, cTTO and DCE to value health states.",explicit_euroqol,publication_support_only,Acknowledgements: ‘Open access funding was provided by EuroQol.’,Acknowledgements say only: ‘Open access funding was provided by EuroQol’; the extract does not state EuroQol funded the study.,explicit,20170510,"The article explicitly lists ‘EuroQolEQ 20170510’; candidate 20170510 is titled ‘Valuation of the EQ-5D-5L in the French population,’ matching the study.",high,
Peee4dfbae27a,Value of a QALY for France: A New Approach to Propose Acceptable Reference Values,2020,10.1016/j.jval.2020.04.001,32828226,,Gerard De Pouvourville,R2,[R2] This develops a policy-based method to estimate the value of a statistical QALY in France.,unavailable,,not_assessed_fulltext_unavailable,not_assessed_fulltext_unavailable,,not_assessed_fulltext_unavailable,not_assessed_fulltext_unavailable,,,not_assessed_fulltext_unavailable,,,,
Pa0b6e2069e45,Valuing EQ-5D using Time Trade-Off in France,2013,10.1007/s10198-011-0351-x,21935715,,Gerard De Pouvourville,R1,[R1] The study directly derives a French EQ-5D value set using time trade-off valuation.,unavailable,,not_assessed_fulltext_unavailable,not_assessed_fulltext_unavailable,,not_assessed_fulltext_unavailable,not_assessed_fulltext_unavailable,,,not_assessed_fulltext_unavailable,,,,
Pf43c5878914c,Cultural Values: Can They Explain Differences in Health Utilities between Countries?,2019,10.1177/0272989x19841587,,,Gerard De Pouvourville; Elly Stolk; Fredrick Purba,R1,[R1] This analyzes TTO-derived EQ-5D utilities across countries to explain valuation differences and support country-specific value sets.,available,europe_pmc_xml,assessed,direct_eq,The study analyses time-tradeoff data from 28 EQ-5D valuation studies to test whether methodological and cultural factors explain between-country health-utility differences.,explicit_euroqol,unclear,The article states: ‘EuroQol Research Foundation … EQ Project 2015150.’,The extract gives only a EuroQol Research Foundation attribution and EQ Project 2015150; it does not state that EuroQol funded this study or identify the support's scope.,explicit,2015150,"The supplied article explicitly identifies ‘EQ Project 2015150,’ matching candidate project 2015150.",high,
Pe95381c261c6,Valuation of Child Health-Related Quality of Life by Child Age and Problem Duration Using a Novel Method.,2026,10.1016/j.jval.2026.06.011,42447980,,Maksat Jumamyradov,R1,[R1] This EQ-5D-Y-3L study uses DCE and kaizen tasks to derive and compare child health-state values on a novel scale.,unavailable,,not_assessed_fulltext_unavailable,not_assessed_fulltext_unavailable,,not_assessed_fulltext_unavailable,not_assessed_fulltext_unavailable,,,not_assessed_fulltext_unavailable,,,,
Pd21c61eb7b4f,Revisiting the Valuation of Child Health-Related Quality of Life,2025,10.1097/mlr.0000000000002200,40846650,PMC12422609,Maksat Jumamyradov,R1,[R1] Develops EQ-5D-Y-3L child health-state values using kaizen DCE tasks and an experience scale.,available,europe_pmc_xml,assessed,direct_eq,The article directly values the EQ-5D-Y-3L: it used paired comparisons and kaizen tasks to estimate a new US EQ-5D-Y-3L value set on an experience scale.,explicit_euroqol,study_funding,Acknowledgments state that the EuroQol Research Foundation supported Maksat Jumamyradov’s dissertation (304-PHD).,"Acknowledgments state that the EuroQol Research Foundation supported Maksat Jumamyradov’s dissertation (304-PHD), which produced this work.",explicit,304-PHD,The article explicitly names EuroQol Research Foundation support for dissertation project 304-PHD; its child EQ-5D-Y-3L kaizen valuation is also the project’s stated work.,high,
P6f83eb0be663,Measuring Effectiveness Based on Patient Experience (Instead of QALYs) in US Value Assessments,2024,10.1007/s40273-024-01444-1,39487899,PMC11782394,Maksat Jumamyradov,R1,[R1] Proposes an EQ-5D-Y-3L-based experience scale as an alternative method for summarizing child HRQoL gains.,available,europe_pmc_xml,assessed,direct_eq,The paper develops and demonstrates an experience-scale valuation approach using kaizen DCE tasks with child health states described by EQ-5D-Y-3L.,explicit_euroqol,study_funding,Funding/Support states: ‘This study was funded by the EuroQol Research Foundation’; the acknowledgement also cites EuroQol support for M.J.’s dissertation (304-PHD).,Funding/Support explicitly states: ‘This study was funded by the EuroQol Research Foundation’; the related dissertation grant is reported as received during the study.,explicit,304-PHD,"The acknowledgement explicitly identifies EuroQol support for M.J.’s dissertation ‘(304-PHD),’ and the study’s child-health kaizen valuation methods match that candidate project.",high,
Pca479813d190,Scale and rate heterogeneity in the EQ-5D-5L valuation,2024,10.1186/s12955-024-02271-w,39003479,PMC11555889,Maksat Jumamyradov,R1,[R1] Investigates heterogeneity in estimating EQ-5D-5L health-state values and resulting value-set face validity.,available,europe_pmc_xml,assessed,direct_eq,"The study directly estimates EQ-5D-5L values and tests how scale and discount-rate heterogeneity affects that valuation, using US EQ-5D-5L paired comparisons.",explicit_euroqol,study_funding,Funding states: ‘The EuroQol Research Foundation supported this project (No: 207-2020RA).’,Funding statement: 'The EuroQol Research Foundation supported this project (No: 207-2020RA).',explicit,207-RA;304-PHD,The acknowledgements identify EuroQol awards 207-2020RA and 304-PHD; candidate 207-RA has the same scale/rate EQ-5D-5L valuation topic and candidate 304-PHD is explicitly named as dissertation support.,high,
P2b751a90c22f,Child health valuation protocol for a discrete choice experiment comparing paired comparison and kaizen tasks and estimating US EQ-5D-Y-3L values on an experience scale,2023,10.1136/bmjopen-2023-077256,37879694,PMC10603523,Maksat Jumamyradov,R1,[R1] Protocol tests DCE tasks to value EQ-5D-Y-3L child health states and produce a US experience-scale value set.,available,europe_pmc_xml,assessed,direct_eq,"This protocol directly values EQ-5D-Y-3L child health profiles, comparing paired-comparison and kaizen tasks and estimating an EQ-5D-Y-3L value set on an experience scale.",explicit_euroqol,study_funding,The manuscript thanks the EuroQol Research Foundation for support of Maksat Jumamyradov’s dissertation ‘(304-PHD)’ and gives funder identifier ‘EuroQol Research Foundation 304-PHD.’,"The authors thank the EuroQol Research Foundation for support of Maksat Jumamyradov’s dissertation (304-PHD), the work underlying this article.",explicit,304-PHD,The article explicitly identifies EuroQol Research Foundation project 304-PHD as support for Jumamyradov’s dissertation; the candidate’s title and abstract specifically describe kaizen tasks for child health valuation.,high,
Pede13ecd7984,"What is the optimal assessment of speech? A multicentre, international evaluation of speech assessment in 2500 patients with a cleft.",2023,10.1136/bmjopen-2023-071571,38154881,PMC10759067,Margreet Franken,R2,[R2] Evaluates and recommends clinical and patient-reported measures for optimal speech-outcome assessment in cleft care.,available,europe_pmc_xml,assessed,adjacent_measurement,"This study evaluates and recommends cleft speech outcome measures, comparing clinical measures and PROMs and their timing in the ICHOM Standard Set; no EQ instrument or EuroQol valuation method is studied.",other_funding_only,other_funding_only,"The funding statement says the project received no funding, but reports that an author works as a PhD student for the EU-funded European Reference Network for Craniofacial anomalies and ENT disorders; no EuroQol funding is named.","The funding statement says the project received no funding, but reports that an author works as a PhD student for the EU-funded European Reference Network for Craniofacial anomalies and ENT disorders; no EuroQol funding is named.",none,,"Candidate 196-RA is an EQ-5D-3L/5L validity study in advanced melanoma, whereas this article concerns speech assessment in cleft care and provides no project-identifying funding or methods.",high,
Pd83200fa2a57,Evaluation of the performance of algorithms mapping EORTC QLQ-C30 onto the EQ-5D index in a metastatic colorectal cancer cost-effectiveness model.,2020,10.1186/s12955-020-01481-2,32690011,PMC7370458,Margreet Franken,R1,[R1] The study evaluates and develops algorithms mapping EORTC QLQ-C30 scores to EQ-5D utilities.,available,europe_pmc_xml,assessed,direct_eq,The study evaluates and develops QLQ-C30-to-EQ-5D-3L mapping algorithms and tests their utility and ICER effects in metastatic colorectal cancer.,other_funding_only,other_funding_only,"This research was not funded. The CAIRO3 study was supported by the Dutch Colorectal Cancer Group, which received unrestricted grants from the Dutch Cancer Foundation, Roche and Sanofi-Aventis.","This research was not funded. The CAIRO3 study was supported by the Dutch Colorectal Cancer Group, which received unrestricted grants from the Dutch Cancer Foundation, Roche and Sanofi-Aventis.",none,,"Candidate 196-RA concerns EQ-5D validity in advanced melanoma in 2021–2022, not this 2020 metastatic colorectal cancer mapping study.",high,
P5331d950e684,Validation and evaluation of the Dutch translation of the Overall Assessment of the Speaker's Experience of Stuttering for School-age children (OASES-S-D).,2015,10.1016/j.jfludis.2015.05.003,26078208,,Margreet Franken,R2,"[R2] This study translates and evaluates reliability, validity, and discrimination of the OASES-S-D health-impact measurement instrument.",unavailable,,not_assessed_fulltext_unavailable,not_assessed_fulltext_unavailable,,not_assessed_fulltext_unavailable,not_assessed_fulltext_unavailable,,,not_assessed_fulltext_unavailable,,,,
P7a37ed9adfb9,Perceptual rating instrument for speech evaluation of stuttering treatment.,1995,10.1044/jshr.3802.280,7596094,,Margreet Franken,R2,[R2] The article develops and psychometrically evaluates a detailed speech-quality rating instrument for assessing stuttering treatment.,unavailable,,not_assessed_fulltext_unavailable,not_assessed_fulltext_unavailable,,not_assessed_fulltext_unavailable,not_assessed_fulltext_unavailable,,,not_assessed_fulltext_unavailable,,,,
Pfb091333bd7d,Evaluating the Validity of the EQ Health and Wellbeing (EQ-HWB-9) in a Large United Kingdom General Population Sample,2026,10.1016/j.jval.2026.02.006,41771433,,Nyantara Wickramasekera,R1,[R1] The study evaluates the psychometric validity and comparator agreement of the EQ-HWB-9 instrument.,unavailable,,not_assessed_fulltext_unavailable,not_assessed_fulltext_unavailable,,not_assessed_fulltext_unavailable,not_assessed_fulltext_unavailable,,,not_assessed_fulltext_unavailable,,,,
P6cedd861f14b,Using Discrete Choice Experiments (DCEs) to Compare Social and Personal Preferences for Health and Well-Being Outcomes,2026,10.1177/0272989x251378427,41099579,PMC12769934,Nyantara Wickramasekera,R2,[R2] The study directly compares personal and social DCE valuations of health and well-being outcomes.,available,europe_pmc_xml,assessed,adjacent_measurement,The study’s primary aim is to compare social versus personal preferences for SIPHER-7 health and wellbeing outcomes using otherwise near-identical discrete choice valuation exercises.,other_funding_only,other_funding_only,The article names UK Prevention Research Partnership grant MR/S037578/2; it does not name EuroQol as funder.,The article names UK Prevention Research Partnership grant MR/S037578/2; it does not name EuroQol as funder.,none,,"Candidate 2102-RA concerns EQ-5D-5L visualisation in sciatica care (2026-27), whereas this SIPHER-7 preference-valuation study surveyed the public in 2022; no project link is stated.",high,
Pfd7250df2a4e,A Large Scale Population Survey of Health and Wellbeing to Allow Comparisons Between Outcome Measures: the SIPHER-HWMIC Dataset,2025,10.1007/s11205-025-03728-1,,,Nyantara Wickramasekera,R2,[R2] The paper presents a multi-instrument health and wellbeing dataset and demonstrates econometric mapping between outcome measures.,available,openalex_pdf,assessed,adjacent_measurement,This article introduces a large UK multi-instrument health and wellbeing survey and evaluates correlations and a mapping model; EQ-5D-5L and EQ-HWB-S are included alongside several non-EQ measures.,other_funding_only,other_funding_only,"Funding: ‘UK Prevention Research Partnership, MR/S037578/2, Petra Meier.’ The acknowledgement says SIPHER was supported by that partnership and lists its funders; it does not name EuroQol funding.","Funding: ‘UK Prevention Research Partnership, MR/S037578/2, Petra Meier.’ The acknowledgement says SIPHER was supported by that partnership and lists its funders; it does not name EuroQol funding.",none,,"The sole candidate is a 2026–27 sciatica-care EQ-5D visualisation study; this 2025 article instead reports the general SIPHER-HWMIC dataset collected in 2022, with no project identifier or link.",high,
Paa3cbbad393f,Exploring Social Preferences for Health and Well-Being Across the Digital Divide: A Qualitative Investigation Based on Tasks Taken From an Online Discrete Choice Experiment,2025,10.1016/j.jval.2024.11.001,39579933,,Nyantara Wickramasekera,R2,[R2] The qualitative study examines how digitally excluded participants understand and complete DCE tasks eliciting social health and wellbeing preferences.,available,openalex_pdf,assessed,adjacent_measurement,The article’s primary research object is health and well-being preference elicitation: it qualitatively examines how digitally excluded and nonexcluded participants make choices in discrete-choice tasks drawn from an online DCE.,other_funding_only,other_funding_only,"‘Funding for this study was provided by the UK Prevention Research Partnership … (grant MR/S037578/2),’ followed by the named UKPRP funders.","‘Funding for this study was provided by the UK Prevention Research Partnership … (grant MR/S037578/2),’ followed by the named UKPRP funders.",none,,Candidate 2102-RA concerns EQ-5D-5L outcome visualisation in routine sciatica care and starts in 2026; this article reports 2022 telephone interviews on social preferences across the digital divide. No project identifier or funding link is given.,high,
P601dc8d65336,Development and Valuation of a Preference-Weighted Measure in Age-Related Macular Degeneration From the Vision Impairment in Low Luminance Questionnaire: A MACUSTAR Report,2024,10.1016/j.jval.2024.02.001,38369283,,Nyantara Wickramasekera,R2,"[R2] Develops and values the VILL-UI preference-weighted health measure, including its classification system and utility scoring.",available,openalex_pdf,assessed,adjacent_measurement,"The study develops and values VILL-UI, an AMD-specific preference-weighted measure, using psychometric/Rasch analyses and a discrete-choice experiment; EQ-5D is discussed as a generic comparator or mapping option.",other_funding_only,other_funding_only,"Funding/Support: This project received Innovative Medicines Initiative 2 Joint Undertaking grant agreement No. 116076, supported by EU Horizon 2020 and EFPIA.","Funding/Support: This project received Innovative Medicines Initiative 2 Joint Undertaking grant agreement No. 116076, supported by EU Horizon 2020 and EFPIA.",none,,The sole candidate concerns EQ-5D-5L visualisation in sciatica care in 2026-27; this 2024 AMD VILL-UI valuation study gives no link to that project.,high,
P8ebbc3586cf1,Configuration of vascular services: a multiple methods research programme,2021,10.3310/pgfar09050,33900707,,Nyantara Wickramasekera,R2,[R2] Develops and psychometrically evaluates the electronic Personal Assessment Questionnaire-Vascular outcome measure.,available,openalex_pdf,assessed,adjacent_measurement,"Objectives include developing and psychometrically evaluating the ePAQ-Vascular patient-reported outcome measure, alongside service-configuration modelling.",other_funding_only,other_funding_only,This project was funded by the National Institute for Health Research (NIHR) Programme Grants for Applied Research programme.,This project was funded by the National Institute for Health Research (NIHR) Programme Grants for Applied Research programme.,none,,Only candidate 2102-RA concerns 2026–27 EQ-5D-5L visualisation in sciatica care; this 2021 vascular-service programme identifies NIHR project RP-PG-1210-12009.,high,
Pe277ac1de224,Measuring quality of life for people with common mental health problems,2020,10.1080/09638237.2020.1818190,32915686,,Nyantara Wickramasekera,R2,"[R2] Evaluates completeness, acceptability, and responsiveness of CORE-OM as a quality-of-life measurement instrument.",unavailable,,not_assessed_fulltext_unavailable,not_assessed_fulltext_unavailable,,not_assessed_fulltext_unavailable,not_assessed_fulltext_unavailable,,,not_assessed_fulltext_unavailable,,,,
P197cf1f57e96,Improving Collaborative Engagement in Health State Valuation: A Scoping Review of Current Practices and Emerging Recommendations,2026,10.1007/s40273-025-01550-8,41212392,PMC12858505,Philip Powell,R2,[R2] Reviews collaborative-engagement practice specifically in health-state valuation studies.,available,europe_pmc_xml,assessed,adjacent_measurement,"This scoping review makes health-state valuation its primary object, examining collaborative engagement in valuation studies and developing a 15-item best-practice framework; it does not evaluate a specific EQ instrument or protocol.",explicit_euroqol,study_funding,Funding: ‘This review has received funding from the EuroQol Research Foundation (1711-RA).’,Funding states: ‘This review has received funding from the EuroQol Research Foundation (1711-RA).’,explicit,1711-RA,"The funding statement explicitly names EuroQol Research Foundation grant 1711-RA, whose supplied title and aims match this scoping review of collaborative engagement in health-state valuation.",high,
Pe7f879384e99,Measuring health-related quality of life in facioscapulohumeral muscular dystrophy: a COSMIN systematic review and conceptual framework,2026,10.1186/s12955-026-02519-7,41888922,PMC13188302,Philip Powell,R2,[R2] Systematically evaluates PRO measurement properties and develops an FSHD HRQoL framework.,available,europe_pmc_xml,assessed,adjacent_measurement,"Systematic COSMIN review whose objectives are to identify HRQoL patient-reported outcomes in FSHD, evaluate their measurement properties, and develop the QUAL-FSHD conceptual framework; EQ-5D is only one of 66 included measures.",other_funding_only,other_funding_only,"Funding states: 'This work was funded by FSHD Society through the Project Mercury initiative,' with named non-EuroQol sponsors.","Funding states: 'This work was funded by FSHD Society through the Project Mercury initiative,' with named non-EuroQol sponsors.",none,,None of the candidate projects concerns FSHD HRQoL instruments or this COSMIN review; shared author Philip Powell alone does not establish an output link.,high,
P43731963824d,Measuring health-related quality of life in infants and toddlers: conceptual challenges and proposed recommendations,2026,10.1007/s11136-026-04199-8,41920378,PMC13043596,Philip Powell,R1,[R1] Addresses conceptual and methodological design of infant HRQoL measurement based on EQ-TIPS.,available,europe_pmc_xml,assessed,direct_eq,The commentary draws on the EuroQol Toddler and Infant Populations (EQ-TIPS) project and develops recommendations for infant/toddler HRQoL measurement and its generic preference-weighted measure.,explicit_euroqol,related_work_funding,The text states: ‘The EQ-TIPS was funded by the EuroQol Research Foundation.’,"The EQ-TIPS was funded by the EuroQol Research Foundation. This commentary draws on insights from the EQ-TIPS project, so the stated support is for the underlying instrument programme.",none,,None of the supplied projects concerns EQ-TIPS infant/toddler measurement; the youth valuation and stakeholder-engagement candidates are not identified or otherwise linked.,high,
P02f0b4e7f850,‘There is more to life than HbA1c’: A comprehensive qualitative framework from the Hypo‐RESOLVE project evidencing the impacts of hypoglycaemia on the quality of life of adults living with type 1 or type 2 diabetes,2026,10.1111/dme.70240,41664312,PMC13074142,Philip Powell,R2,[R2] Develops a qualitative HRQoL framework describing hypoglycaemia impacts.,available,europe_pmc_xml,assessed,adjacent_measurement,The article develops a qualitative 38-item HRQoL framework and a novel hypoglycaemia-specific measure; EQ-5D-5L is only included among post-interview measures.,other_funding_only,other_funding_only,Hypo-RESOLVE received Innovative Medicines Initiative 2 Joint Undertaking funding under grant agreement 777460; additional core funding is stated for JS.,Hypo-RESOLVE received Innovative Medicines Initiative 2 Joint Undertaking funding under grant agreement 777460; additional core funding is stated for JS.,none,,"The candidates concern EQ youth health-state valuation or stakeholder engagement, not the Hypo-RESOLVE hypoglycaemia HRQoL study.",high,
P0c4c2a3d0930,Capturing what matters: Patient-reported LGI1-ANTibody encephalitis outcome RatiNg scale (LANTERN).,2025,10.1002/acn3.70006,39996410,PMC12040509,Philip Powell,R2,[R2] Develops and psychometrically evaluates the disease-specific LANTERN PROM.,available,europe_pmc_xml,assessed,adjacent_measurement,The article's primary object is development and psychometric validation of the disease-specific LANTERN patient-reported outcome measure; EQ-5D-5L is only one external validation questionnaire.,other_funding_only,other_funding_only,"Acknowledgements list funding from the MRC, Wellcome Trust, BMA, NIHR/Oxford BRC, Epilepsy Research UK, HRB/HRCI, and others; no EuroQol funding is named.","Acknowledgements list funding from the MRC, Wellcome Trust, BMA, NIHR/Oxford BRC, Epilepsy Research UK, HRB/HRCI, and others; no EuroQol funding is named.",none,,None of the supplied candidates concerns LGI1-antibody encephalitis or the LANTERN PROM; they concern adolescent EQ valuation or stakeholder engagement in health-state valuation.,high,
P7a4fb3bcfc98,Deriving a Preference-Weighted Measure for People With Hypoglycemia From the Hypo-RESOLVE QoL.,2025,10.1016/j.jval.2024.10.3800,39477149,,Philip Powell,R2,[R2] Derives and values a preference-weighted HRQoL measure using a health-state DCE.,unavailable,,not_assessed_fulltext_unavailable,not_assessed_fulltext_unavailable,,not_assessed_fulltext_unavailable,not_assessed_fulltext_unavailable,,,not_assessed_fulltext_unavailable,,,,
Pa9c1629ed0fa,"Determining the Content Validity of the EQ-5D-5L, EQ-5D-Y-3L, and CHU9D Instruments for Assessing Generic Child and Adolescent Health-Related Quality of Life: A Qualitative Study",2025,10.1007/s40271-025-00743-9,40377866,PMC12408752,Philip Powell,R1,[R1] Qualitatively evaluates content validity of the EQ-5D-5L and EQ-5D-Y-3L instruments.,available,europe_pmc_xml,assessed,direct_eq,"The study’s stated objective is to assess the content validity (relevance, comprehensibility and comprehensiveness) of the EQ-5D-5L and EQ-5D-Y-3L, alongside CHU9D, using cognitive interviews.",other_funding_only,other_funding_only,Funding: ‘This research is funded through the National Institute for Health and Care Research (NIHR) Policy Research Unit… (reference NIHR206111).’ EuroQol funding is mentioned only in the conflicts statement.,Funding: ‘This research is funded through the National Institute for Health and Care Research (NIHR) Policy Research Unit… (reference NIHR206111).’ EuroQol funding is mentioned only in the conflicts statement.,none,,"None of the candidates is identified in the article. This content-validity study of three child/adolescent preference-weighted measures does not match the candidates’ adolescent TTO protocol, public valuation survey, or stakeholder-engagement scoping review.",high,
P3182c0fae3f2,The comprehensibility continuum: a novel method for analysing comprehensibility of patient reported outcome measures,2025,10.1007/s11136-024-03858-y,39630393,PMC11982068,Philip Powell,R2,[R2] This develops a structured cognitive-interview analysis method to assess PROM item comprehensibility.,available,europe_pmc_xml,assessed,adjacent_measurement,"The article’s primary object is a structured method for analysing PROM-item comprehensibility in cognitive interviews, not an EQ instrument or EuroQol valuation method.",other_funding_only,other_funding_only,‘This work is part of a PhD project funded by SF-6D royalty income.’,‘This work is part of a PhD project funded by SF-6D royalty income.’,none,,"No candidate project is named or unambiguously described: the article concerns a general PROM comprehensibility method developed in work with children aged 7 or younger, rather than the supplied EQ valuation or stakeholder-engagement projects.",high,
Pa3502fe92f1c,Understanding the health-related quality of life impacts of caring for children and adolescents with rare progressive life-limiting conditions: key challenges and future research priorities,2025,10.1007/s11136-025-03937-8,40035966,PMC12119705,Philip Powell,RU,"[RU] The commentary centers on unresolved carer-HRQoL measurement and modeling challenges, so full text is needed to determine its measurement-method contribution.",available,europe_pmc_xml,assessed,adjacent_measurement,This commentary’s primary focus is measuring informal-carer HRQoL and developing a content-valid disease-group-specific model for use in HTA; EQ-5D is mentioned only as an example of a generic measure.,other_funding_only,other_funding_only,Funding metadata names ‘Duchenne UK’ and ‘Project HERCULES’ for Philip A. Powell; no EuroQol funding is stated.,Funding metadata names ‘Duchenne UK’ and ‘Project HERCULES’ for Philip A. Powell; no EuroQol funding is stated.,none,,None of the candidate projects addresses informal-carer HRQoL in rare progressive paediatric life-limiting conditions; their subjects are child health valuation or stakeholder engagement.,high,
P4cb03cee77f9,Young children (6–7 years) can meaningfully participate in cognitive interviews assessing comprehensibility in health-related quality of life domains: a qualitative study,2025,10.1007/s11136-025-03940-z,40044965,PMC12119656,Philip Powell,R2,[R2] This evaluates cognitive interviewing methods for assessing young children's comprehension of HRQoL PROM items.,available,europe_pmc_xml,assessed,adjacent_measurement,"The study’s primary aim was to establish whether cognitive interviews can evaluate comprehensibility of mock patient-reported outcome measure items in 6–7-year-olds, using a new Comprehensibility Continuum.",other_funding_only,other_funding_only,Funding: ‘This work is part of a PhD research project funded by SF-6D royalty income.’,Funding: ‘This work is part of a PhD research project funded by SF-6D royalty income.’,none,,None of the supplied projects concerns cognitive interviewing with 6–7-year-olds or mock PROM-item comprehensibility; their distinct aims are adolescent valuation or stakeholder engagement.,high,
P364bb8d93595,‘How low can you go?’ Developers’ perspectives on involving young children in the development of patient reported outcome measures,2025,10.1186/s41687-025-00924-y,40663187,PMC12263538,Philip Powell,R2,[R2] This examines PROM-development methods for including young children in concept elicitation and cognitive interviewing.,available,europe_pmc_xml,assessed,adjacent_measurement,"This is a survey of PROM developers on the feasible age for children to participate in concept elicitation and cognitive interviewing, making measurement development its primary subject without a direct EQ focus.",other_funding_only,other_funding_only,Funding states: 'This study has been conducted as part of PhD research funded by SF-6D royalty income.',Funding states: 'This study has been conducted as part of PhD research funded by SF-6D royalty income.',none,,The candidate projects address child health-state valuation or a scoping review of engagement in valuation; none is identified as supporting this 2024 PROM-developer survey or matches its distinct aim.,high,
Pefc74b78b2fb,Development of a new health-related quality of life measure for people with diabetes who experience hypoglycaemia: the Hypo-RESOLVE QoL.,2024,10.1007/s00125-024-06182-9,38777868,PMC11343818,Philip Powell,R2,[R2] This develops and psychometrically evaluates a new hypoglycaemia-specific HRQoL patient-reported outcome measure.,available,europe_pmc_xml,assessed,adjacent_measurement,"The article’s primary aim is to develop and psychometrically evaluate the Hypo-RESOLVE QoL, a new hypoglycaemia-specific HRQoL patient-reported outcome measure; EQ-5D-5L is only one comparator measure.",other_funding_only,other_funding_only,Funding information identifies the Innovative Medicines Initiative 2 Joint Undertaking (JU) grant 777460; no EuroQol funding is stated.,Funding information identifies the Innovative Medicines Initiative 2 Joint Undertaking (JU) grant 777460; no EuroQol funding is stated.,none,,None: this Hypo-RESOLVE hypoglycaemia PROM-development study does not concern the supplied youth EQ valuation or stakeholder-engagement projects.,high,
P64cb4c6cde33,Development of a novel patient reported outcome measure for health-related quality of life in amyotrophic lateral sclerosis (PROQuALS): study protocol,2024,10.1186/s12955-024-02286-3,39215326,PMC11365122,Philip Powell,R2,[R2] This protocol develops and plans valuation of a new ALS HRQoL PROM and associated preference-weighted measure.,available,europe_pmc_xml,assessed,adjacent_measurement,The protocol's primary aim is to develop and value the ALS-specific PROQuALS PROM; EQ-5D-5L is included only as a generic comparator in psychometric testing.,other_funding_only,other_funding_only,Funding: ‘This work is supported by the NIHR-funded Better Outcomes in MND project (Award: NIHR301648).’,Funding: ‘This work is supported by the NIHR-funded Better Outcomes in MND project (Award: NIHR301648).’,none,,"The supplied Philip Powell projects concern adolescent health-state valuation or stakeholder-engagement reviews, whereas this NIHR-funded article develops an ALS-specific PROM; no project is identified.",high,
Pf2c99a55376e,Measuring health related quality of life (HRQoL) in Lysosomal Storage Disorders (LSDs): a rapid scoping review of available tools and domains,2024,10.1186/s13023-024-03256-0,38965628,PMC11225496,Philip Powell,R2,[R2] This review maps HRQoL domains and evaluates the PROM tools used to measure them in lysosomal storage disorders.,available,europe_pmc_xml,assessed,adjacent_measurement,"The primary research object is a rapid scoping review mapping HRQoL PROMs and domains in lysosomal storage disorders; EQ-5D instruments are among the measures catalogued, not the focal method.",other_funding_only,other_funding_only,Funding metadata identifies Sanofi (http://dx.doi.org/10.13039/100004339); no EuroQol funding is stated.,Funding metadata identifies Sanofi (http://dx.doi.org/10.13039/100004339); no EuroQol funding is stated.,none,,None: the LSD HRQoL-PROM review and conceptual map provide no evidence of work on the supplied youth EQ valuation or stakeholder-engagement projects.,high,
P4785c62bae77,Measuring health-related quality of life in amyotrophic lateral sclerosis,2024,10.1212/wnl.0000000000209549,38870470,PMC11244752,Philip Powell,R2,[R2] This develops an ALS HRQoL conceptual framework and maps existing PROM content against it.,available,europe_pmc_xml,assessed,adjacent_measurement,"The study develops the QuALS conceptual framework for HRQoL in ALS and maps 111 PROMs to it; EQ-5D is only among identified measures, while the research focus is broader HRQoL measurement.",no_funding_statement,no_funding_statement,none stated,none stated,none,,The supplied child-health valuation and stakeholder-engagement candidates have no ALS/QuALS focus and are neither named nor otherwise tied to the article.,high,
P7027159adc3c,Understanding UK public views on normative decisions made to value health-related quality of life in children: a qualitative study,2024,10.1016/j.socscimed.2023.116506,38104438,,Philip Powell,R2,[R2] This qualitative study examines normative methodological choices in eliciting preferences to value child health states.,unavailable,,not_assessed_fulltext_unavailable,not_assessed_fulltext_unavailable,,not_assessed_fulltext_unavailable,not_assessed_fulltext_unavailable,,,not_assessed_fulltext_unavailable,,,,
Pe89bdb105058,Who should value children's health and how? An international Delphi study,2024,10.1016/j.socscimed.2024.117127,39019000,,Philip Powell,R2,[R2] This Delphi study evaluates who should provide preferences and perspectives for child health-state valuation.,unavailable,,not_assessed_fulltext_unavailable,not_assessed_fulltext_unavailable,,not_assessed_fulltext_unavailable,not_assessed_fulltext_unavailable,,,not_assessed_fulltext_unavailable,,,,
P80da2d41590a,A comprehensive qualitative framework for health-related quality of life in Duchenne muscular dystrophy.,2023,10.1007/s11136-022-03240-w,36050623,PMC9829595,Philip Powell,R2,[R2] This develops a DMD HRQoL framework and assesses the content coverage of generic preference-based patient-reported outcome measures.,available,europe_pmc_xml,assessed,adjacent_measurement,The primary aim is to develop a comprehensive HRQoL framework and condition-specific DMD-QoL measure. EQ-5D/EQ-5D-Y was one of several generic preference-based PROs used as an interview prompt and assessed for content coverage.,other_funding_only,other_funding_only,Funding states that Project HERCULES was funded by Duchenne UK and named commercial funders; no EuroQol funding or support is stated.,Funding states that Project HERCULES was funded by Duchenne UK and named commercial funders; no EuroQol funding or support is stated.,none,,"The supplied Philip Powell projects concern child/adolescent health-state valuation or stakeholder engagement and start in 2022 or later, whereas this DMD HRQoL framework used 2018 interviews and has distinct aims and funding.",high,
P987f843c459f,Producing a preference-based quality of LIFE measure to quantify the impact of HYPOGLYCAEMIA on people living with diabetes: A mixed-methods research protocol.,2023,10.1111/dme.15007,36398992,PMC10099528,Philip Powell,R2,[R2] This protocol develops and validates a hypoglycaemia-specific QoL PROM and derives a preference-based value set.,available,europe_pmc_xml,assessed,adjacent_measurement,The protocol’s primary aim is to develop and value a new hypoglycaemia-specific PROM/preference-based measure; EQ-5D-5L is included only as a generic PBM comparator in its psychometric survey.,other_funding_only,other_funding_only,"Other funding is indicated: ‘As this is a European-funded project, the cognitive debriefing interviews will be replicated in Germany’; the work is also described as part of the Hypo-RESOLVE project. No EuroQol funding is stated.","Other funding is indicated: ‘As this is a European-funded project, the cognitive debriefing interviews will be replicated in Germany’; the work is also described as part of the Hypo-RESOLVE project. No EuroQol funding is stated.",none,,"None of the supplied projects is identified or supported by the article: this is an adult diabetes/hypoglycaemia PROM and PBM project, not the listed adolescent EQ-VT or valuation-engagement work.",high,
Pd47c2b226e24,Exploring the Issues of Valuing Child and Adolescent Health States Using a Mixed Sample of Adolescents and Adults.,2022,10.1007/s40273-022-01133-x,35292942,,Philip Powell,R2,[R2] This commentary critically examines methodological choices for eliciting and modeling child and adolescent health-state valuations.,unavailable,,not_assessed_fulltext_unavailable,not_assessed_fulltext_unavailable,,not_assessed_fulltext_unavailable,not_assessed_fulltext_unavailable,,,not_assessed_fulltext_unavailable,,,,
Pc67dae20a365,Measuring carer quality of life in Duchenne muscular dystrophy: a systematic review of the reliability and validity of self-report instruments using COSMIN,2022,10.1186/s12955-022-01964-4,35366897,PMC8977045,Philip Powell,R2,[R2] This systematic review evaluates the validity and reliability of self-report quality-of-life instruments for Duchenne carers.,available,europe_pmc_xml,assessed,adjacent_measurement,"The systematic review evaluates reliability and validity of self-report quality-of-life instruments for Duchenne carers using COSMIN; health measurement is the primary research object, without a direct EQ focus.",no_funding_statement,no_funding_statement,none stated,none stated,none,,"No candidate project is identified or sufficiently aligned: the supplied projects concern stakeholder engagement or adolescent/child health-state valuation, whereas this 2022 review concerns carer QoL instruments in Duchenne muscular dystrophy.",high,
Pab012f7d14ae,"Measuring quality of dying, death and end-of-life care for children and young people: a scoping review of available tools",2022,10.1177/02692163221105599,35915561,PMC9446433,Philip Powell,R2,"[R2] This scoping review identifies end-of-life measurement tools and evaluates their content, validity, and reliability.",available,europe_pmc_xml,assessed,adjacent_measurement,This scoping review’s primary object is measurement: it identifies end-of-life tools for children and evaluates their content plus reported validity and reliability; it recommends further psychometric assessment and refinement.,other_funding_only,other_funding_only,The supplied text identifies ‘Yorkshire Cancer Research … S406CM White Rose Collaborative’ as funding/support. It contains no EuroQol funding statement.,The supplied text identifies ‘Yorkshire Cancer Research … S406CM White Rose Collaborative’ as funding/support. It contains no EuroQol funding statement.,none,,"No candidate is identified. The review of paediatric end-of-life measurement tools is distinct from the supplied projects on stakeholder engagement in health-state valuation, adolescent EQ-VT TTO, or public views on who should value child health.",high,
Pa27a1d67c33b,Deriving a Preference-Based Measure for People With Duchenne Muscular Dystrophy From the DMD-QoL,2021,10.1016/j.jval.2021.03.007,34593174,,Philip Powell,R2,[R2] The study derives a DMD health-state classification and preference-based utility measure using a DCE with duration.,unavailable,,not_assessed_fulltext_unavailable,not_assessed_fulltext_unavailable,,not_assessed_fulltext_unavailable,not_assessed_fulltext_unavailable,,,not_assessed_fulltext_unavailable,,,,
P341adbd2ff41,Development of a New Quality of Life Measure for Duchenne Muscular Dystrophy Using Mixed Methods: The DMD-QoL,2021,10.1212/wnl.0000000000011896,33785551,PMC8166440,Philip Powell,R2,[R2] The study develops and psychometrically evaluates the DMD-QoL patient-reported quality-of-life measure.,available,europe_pmc_xml,assessed,adjacent_measurement,The study's primary objective was to develop and assess the preliminary psychometric properties of the 14-item DMD-QoL PROM; EQ-5D was used only as a comparator and future preference-based adaptation context.,other_funding_only,other_funding_only,Acknowledgements thank Duchenne UK and the Project HERCULES consortium for their enduring support and feedback; no EuroQol funding is stated.,Acknowledgements thank Duchenne UK and the Project HERCULES consortium for their enduring support and feedback; no EuroQol funding is stated.,none,,None of the supplied valuation/youth projects concerns development of a Duchenne muscular dystrophy QoL PROM; their aims and timing do not match this 2021 study.,high,
P0a6a658a2bf6,The role of response domain and scale label in the quantitative interpretation of patient-reported outcome measure response options,2021,10.1007/s11136-021-02801-9,33661454,PMC8233274,Philip Powell,R2,[R2] The study evaluates how PROM response options are interpreted across domains to inform PROM development.,available,europe_pmc_xml,assessed,direct_eq,The study experimentally examines how people interpret PROM response labels and states this work supported development of the new preference-based EQ-HWB health-and-wellbeing measure.,other_funding_only,other_funding_only,Funding: ‘This manuscript is independent research funded by the National Institute for Health Research Yorkshire and Humber Applied Research Collaboration.’,Funding: ‘This manuscript is independent research funded by the National Institute for Health Research Yorkshire and Humber Applied Research Collaboration.’,none,,"No candidate project is identified; the 2019 PROM-response-label survey predates all supplied Powell projects and does not study adolescent valuation or stakeholder engagement.,",high,
P31ae298aa33f,Valuing child and adolescent health: a qualitative study on different perspectives and priorities taken by the adult general public,2021,10.1186/s12955-021-01858-x,34556133,PMC8461831,Philip Powell,R1,[R1] The qualitative study examines TTO and choice-based valuation of EQ-5D-Y health states under different perspectives.,available,europe_pmc_xml,assessed,direct_eq,"The study directly values EQ-5D-Y health states, testing how adult perspectives and TTO/DCE elicitation affect child and adolescent health-state values.",explicit_euroqol,study_funding,This work was funded by a grant to the authors from the EuroQol Group (reference number: 2016560).,Funding states: ‘This work was funded by a grant to the authors from the EuroQol Group’ (reference 2016560); it also says the sponsor had no role in the study conduct.,explicit,2016560,"The funding statement explicitly gives EuroQol grant reference 2016560, exactly matching the supplied candidate project ID.",high,
Pfeb50169c3ad,Measuring quality of life in Duchenne muscular dystrophy : a systematic review of the content and structural validity of commonly used instruments,2020,10.1186/s12955-020-01511-z,32746836,PMC7397669,Philip Powell,R2,[R2] This systematic review critically evaluates the content and structural validity of quality-of-life instruments for DMD.,available,europe_pmc_xml,assessed,adjacent_measurement,"The systematic review’s primary object is the content and structural validity of 26 quality-of-life PROMs in Duchenne muscular dystrophy; EQ-5D-3L is one of the instruments assessed, not its focal subject.",other_funding_only,other_funding_only,"Funding: ‘This project was funded by project HERCULES,’ funded by Duchenne UK and named commercial organisations; no EuroQol funder is stated.","Funding: ‘This project was funded by project HERCULES,’ funded by Duchenne UK and named commercial organisations; no EuroQol funder is stated.",none,,"The supplied projects concern stakeholder engagement or EQ-VT valuation in 2022–26, whereas this 2020 DMD PROM-validity review identifies no candidate project, ID, or distinctive project methods.",high,
P319a919037f5,Producing a preference-based quality of life measure for people with Duchenne muscular dystrophy: a mixed-methods study protocol,2019,10.1136/bmjopen-2018-023685,30852532,PMC6429747,Philip Powell,R2,[R2] This protocol centrally develops and values a condition-specific preference-based HRQoL measure and descriptive system for Duchenne muscular dystrophy.,available,europe_pmc_xml,assessed,adjacent_measurement,The study’s primary output is a new condition-specific preference-based HRQoL measure (or bolt-on) and value set for Duchenne muscular dystrophy; EQ-5D is one of several existing generic measures assessed.,other_funding_only,other_funding_only,This work is funded by the charity Duchenne UK and falls under the umbrella of ‘Project Hercules’.,This work is funded by the charity Duchenne UK and falls under the umbrella of ‘Project Hercules’.,none,,The article concerns a 2019 Duchenne UK Project Hercules study; none of the supplied candidates identifies this project or has a matching DMD aim.,high,
Pa6cdf9a9c957,Hypothetical versus experienced health state valuation: a qualitative study of adult general public views and preferences,2023,10.1007/s11136-022-03304-x,36422771,PMC10063498,Philip Powell; Ben Van Hout,R1,[R1] This qualitative study directly examines hypothetical versus experienced EQ-5D-5L health-state valuation responses.,available,europe_pmc_xml,assessed,direct_eq,The study examines public views on hypothetical versus experienced responses in EQ-5D-5L health-state valuation and their use to inform HRQoL values and HTA resource allocation.,explicit_euroqol,study_funding,"Acknowledgements: ‘This study was funded by the EuroQol Research Foundation (EQ Project numbers: 2016560, 20190550).’","Acknowledgements: This study was funded by the EuroQol Research Foundation (EQ Project numbers: 2016560, 20190550).",explicit,2016560;20190550,The acknowledgement explicitly identifies EQ Project numbers 2016560 and 20190550 as funding this study.,high,
Pf0d96ff25df9,"Cultural beliefs, utility values, and health technology assessment",2018,10.1186/s12962-018-0103-1,29881328,PMC5984787,Piyameth Dilokthornsakul,R1,[R1] The study examines cultural variation in TTO-derived EQ-5D-3L and EQ-5D-5L value sets and utility functions.,available,europe_pmc_xml,assessed,direct_eq,The study’s primary object is country EQ-5D-3L/5L time-trade-off value sets: it models their utility-function curvature and relates it to cultural beliefs for HTA.,other_funding_only,other_funding_only,Funding section: ‘The study was funded by Janssen KK.’ No EuroQol funding is stated.,Funding section: ‘The study was funded by Janssen KK.’ No EuroQol funding is stated.,none,,None: the cross-country EQ-5D adult value-set analysis (2018) neither identifies nor specifically concerns the proposed 2025–26 Thai EQ-5D-Y valuation project.,high,
