e1544f248d39d4eabfd6a57f41ce2c73d126c57a27b52e5df4da6082dc8a4da4	1077	FILTER_CALIBRATION.md
5117a0b546fa136c9ef10d7ae69d3ffd2393af34b036bda881a90a8b0c9205b2	3100	PILOT.md
daf5f2c83acb1c51df7193e34278b1e0b6745b70758c71b0c490a43e4ebc80e7	2838	PILOT_EVALUATION.md
bf4f779a79c16c50c988000af216c46f4f5b383fc7dacffffd30330b5148e10e	1558	PUBMED_SEARCH.md
c9d2da9c3de65aa2cb4fa720761e3096f4a179bfb6bf8cdf15accf7af9b5be46	1311	PUBMED_V2_VALIDATION.json
9855ba6e4617cb35c1c5a227ff026fd5a1631aa29fef49b09681286d5dcb0469	4692	REPRODUCE.md
a1e96b2f0ae05d10502526737f35cf20eab625915124bd6219a358c2ee3de53b	2157	VALIDATION.json
def5faf5191081f603a22dfc6dda243a79235211ada7ee87d56f3f3bd0e6a60c	477	abstract-invalid.csv
7a70bc12e2b5ee7cb1bba4785541e790c4cfbb6d5feb61a6337964a02ebcf6f4	51242	abstract-unavailable.csv
0f44b5109b41181abfd5c99f7ba5d9a29ea4a7be6d89f96624be23b49f7c230b	291602	ai/inputs/broad-filter.txt
0e2b61a6c900bf5e0e1084371e013f44adfb7ccbf51bfcee28d4d50140759fd2	787645	ai/inputs/profile-verification.txt
b913e138ca6d3e24e02df8a220e8a8c9017d96dcbdf7ba5f6b2d88262a999bfc	1030828	ai/inputs/project-assessment.txt
3797bca8b3d533a262c94594f24e414adf0edca11637bb28e2928443cee54e2a	142414	ai/inputs/pubmed-v2-profile-verification.txt
b42ce47f73816c00d9da4b0fbd0e86b4b5f4215e244389c26c2a12202bdaa022	27527	ai/outputs/broad-filter.json
6bc15f27732b9b43721d479c32e892e1dd32e30bf5ff33c5ac561cd797a92a91	7704	ai/outputs/profile-verification.json
4a6548ffa3474ce4705c4bc97bccbd403ad7770f293a390eabdeb3e84d223547	2598	ai/outputs/pubmed-v2-profile-verification.json
e0a6011abe7a08e6779fe8f9d8cf3b754c1548c545e3fea44b3d4996e47f5c1b	700	ai/prompts/broad-filter.md
98c966c58db741a5f637f19baa9d419b48503d09212d35c1b5c0c83f9768f1f1	558	ai/prompts/profile-verification.md
9a3c0f9072c594bb6764eefa7412613a46ad223456bb7a76b19b7ab485ddf328	1030	ai/prompts/project-assessment.md
2e9bac24a6b7a022818cea6a32cf1c62983148e80e7a0af9003833429999a4f3	586	ai/schemas/broad-filter.schema.json
34fd3498c2a7fb6445f5180e59734e7530cc59a0c1fd920563d0d17495264c45	792	ai/schemas/profile-verification.schema.json
5f5b0d494dd5de56c2794232a2613ac5d62a80e36d936a502039f1abed08ee52	951	ai/schemas/project-assessment.schema.json
17f9a88bc59b97a8218a5dcf2f0dc931e7e81aeb202666b8603309d7d324ced3	30521	ai/traces/broad-filter.jsonl
2600abf5812f69fd14580c4ef812bf8f1d8430230644fdfbefc4c99f5300a186	792	ai/traces/broad-filter.run.json
e3b0c44298fc1c149afbf4c8996fb92427ae41e4649b934ca495991b7852b855	0	ai/traces/broad-filter.stderr.txt
b7aa6e11a4118e22fdc982d7e997327cb4620e84731939a2b62091aa398415a8	5573	ai/traces/profile-verification.attempt1-web-search.jsonl
e3b0c44298fc1c149afbf4c8996fb92427ae41e4649b934ca495991b7852b855	0	ai/traces/profile-verification.attempt1-web-search.stderr.txt
930a217cb0e23428c880235af78d351023301930a5ca1da7bcdb2b59120f9a96	8712	ai/traces/profile-verification.jsonl
74dcec7efe8f7167032ffa08ba5aa9bad78fed6180cd3e8131bd428688f19381	848	ai/traces/profile-verification.run.json
e3b0c44298fc1c149afbf4c8996fb92427ae41e4649b934ca495991b7852b855	0	ai/traces/profile-verification.stderr.txt
c4754c3945461e227125280ae29cf4f2b9944634be54f9b1ed0ade25a3610484	3145	ai/traces/pubmed-v2-profile-verification.jsonl
e5cdc55af88eceebdb1a4c7fceb7347b9fe8eb1847fd59826111fca81705b451	898	ai/traces/pubmed-v2-profile-verification.run.json
e3b0c44298fc1c149afbf4c8996fb92427ae41e4649b934ca495991b7852b855	0	ai/traces/pubmed-v2-profile-verification.stderr.txt
e616dc458bcb5a8362f44374f95b533b3e5c01b166b1b5557ace051fe730b939	16766	article-project-links.csv
29f24aa17ce8abb2fa30dbb653ffe725468a617ac4002db44fe45c846a9fef67	375	audit/attempt1-pubmed-id-bug/NOTE.md
7d0ca5200fc416fda07ae64f50b83b61093014b230a7c462b94717c8943b89ac	296238	audit/attempt1-pubmed-id-bug/ai-inputs/broad-filter.txt
5f560eeff74e27a39eb234b184a6024278599581eb7807eb202545a077e08813	628487	audit/attempt1-pubmed-id-bug/ai-inputs/project-assessment.txt
5a172ecd0e62ad963d238bbfcb706993458d0d4ce9679bfe44fe79e70e2f5181	29222	audit/attempt1-pubmed-id-bug/ai-outputs/broad-filter.json
36e2d1a134abb61c74d3781edf5d2a0c86d32e65b3422f7ede6e191f03c3228b	4186	audit/attempt1-pubmed-id-bug/ai-outputs/project-assessment.json
ea2fbfd0b6e48315b6f8a57d810ba047bd971d0bf140e9d10034d3cb83978ac2	32244	audit/attempt1-pubmed-id-bug/ai-traces/broad-filter.jsonl
531156c03b2de125a0a0b0f0c402889b85fc4131944dd7cbfded9c5231805cee	792	audit/attempt1-pubmed-id-bug/ai-traces/broad-filter.run.json
e3b0c44298fc1c149afbf4c8996fb92427ae41e4649b934ca495991b7852b855	0	audit/attempt1-pubmed-id-bug/ai-traces/broad-filter.stderr.txt
c5dcc0172f8ed2905f51f39c7d680e50b3b7b0533b977024af4f89bc4aa21cd7	4672	audit/attempt1-pubmed-id-bug/ai-traces/project-assessment.jsonl
004b50a023f6f4643a6e7ea994a53c742abd6b1df6fc0269d54502c8ab8b23eb	834	audit/attempt1-pubmed-id-bug/ai-traces/project-assessment.run.json
e3b0c44298fc1c149afbf4c8996fb92427ae41e4649b934ca495991b7852b855	0	audit/attempt1-pubmed-id-bug/ai-traces/project-assessment.stderr.txt
2f5dec43ec355dbc60674f3c08fcd0cec99656ba3ab8a5b8a7bb459b4c9525d0	116	audit/attempt1-pubmed-id-bug/derived/aggregate_counts.json
fd89efaad07090ed6e0f835089348118bc2545cde0cd7b0977496be95f4d7e9a	627425	audit/attempt1-pubmed-id-bug/derived/assessment_sample.json
5a5464188fa99ab3fe45ed22e2042269c7aa4936825323e841e6d05f50624b0a	303411	audit/attempt1-pubmed-id-bug/derived/broad_sample.json
c029382ec076665b575ead7a7a3bc9c353f65b8d61f70da59bf3ff5ba620253e	569923	audit/attempt1-pubmed-id-bug/derived/fulltext_sample.json
635bee431efeb6749de8b34e56ba35541d2951b7e3b92b8d2f8806e9c1843500	2925594	audit/attempt1-pubmed-id-bug/derived/works.json
504cecb194cb9a1f8a37a5bbd119e7f0f8987876252e3a6e9213d9605fe9efc0	196	audit/attempt2-profile-sample/NOTE.md
8bb3c8aa10c84ba5806bbeb8c85963438fa20ac7bba9965e4844371f640078e9	147807	audit/attempt2-profile-sample/ai-inputs/profile-verification.txt
e92e309f49bc23b40bfc4cbafdd33e5f1a0d4928b824d644b8cd14865435b389	7261	audit/attempt2-profile-sample/ai-outputs/profile-verification.json
2660e1a4c2971dbf7ff89f09253cca30b2a4fd3eb9d9cf658a576439a3bebaf8	8268	audit/attempt2-profile-sample/ai-traces/profile-verification.jsonl
2ff1e7806d6e5eda984202632a6385f0596db7a0e1a93cfa0cbd6d82f2f1116d	848	audit/attempt2-profile-sample/ai-traces/profile-verification.run.json
e3b0c44298fc1c149afbf4c8996fb92427ae41e4649b934ca495991b7852b855	0	audit/attempt2-profile-sample/ai-traces/profile-verification.stderr.txt
6068fce5e382c1215ffffbe1a3f8b43522b9cd5fb2c13e759007cd5bda633d26	147682	audit/attempt2-profile-sample/derived/profile_evidence.json
59bbaa942ada292fe44feaaca52df0642b304a630268d76449b37df92a561466	245	audit/attempt3-author-projects-only/NOTE.md
27e71b04a96bdd44ce044b42b92c7c51a96fdebb7cc58d2fa2451e1d006c1882	566149	audit/attempt3-author-projects-only/ai-inputs/project-assessment.txt
72eb5e288e3c7532b9adb4956bad6a7969d6532e8e8de7bc5e1e6189bca4fc5f	4006	audit/attempt3-author-projects-only/ai-outputs/project-assessment.json
d8598679ff7f6c7973e408f4a224d69ebb6e0ccbf949dfc25c62593bd450f210	4486	audit/attempt3-author-projects-only/ai-traces/project-assessment.jsonl
352f3dcafd5784bfe32787dfc780b1315a0efd1302562715222d2c5aee4bc8ce	834	audit/attempt3-author-projects-only/ai-traces/project-assessment.run.json
e3b0c44298fc1c149afbf4c8996fb92427ae41e4649b934ca495991b7852b855	0	audit/attempt3-author-projects-only/ai-traces/project-assessment.stderr.txt
3811382ba0cf6029601a1e86a0697bff422ab5b7216647628ba2ef6ce1ad7d9d	565087	audit/attempt3-author-projects-only/derived/assessment_sample.json
fa5aac086f7cf1e2a96d99e28a56c777305495f44e3a8ad7bbf08cb62aafedc1	2455	audit/non-pubmed-verification/NOTE.md
38a1b0f1b4d9affc3a2c12544b051f3486c6280b3ee6504c5ccbb523314169a8	7484	audit/non-pubmed-verification/papers.csv
37233fa24db2ae8500c2d720e1aa1cfb8f186b7d96af26a2741fa71c3570ec15	48410	audit/non-pubmed-verification/pubmed_checks.json
898655396cc1f7707d3f802875838f1cacbda92c3be2e9f0f0f786816ccdc9b3	10087	audit/non-pubmed-verification/verify.py
ddb5b1f2c76a762ffc6776fd517c1090a253b3e75ee5941d28f6273055f5b12b	286094	derived/abstract-enrichment.json
dcb53a84b0cd31604de96466859f92885896963adb667658ef89228fe7969870	564	derived/aggregate_counts.json
7cd841d11a6227e2eeaf993810932020610ed0dd1f98fe39f3ce6fdc19cca9a0	1029766	derived/assessment_sample.json
29635b8ab744be08d96d30209f5dfbaf97f0ea50f91126234a6cd7c87716bc14	5786	derived/authors.json
5a63a7ad716278fe57791015fd40ffd93133fe8746603522c179cc93fec4ba8a	298667	derived/broad_sample.json
d20f0f9aa81b8770034346a40c502dda7d61de23bb83eee22d6de42d00446413	105244	derived/eligibility-resolution.json
09548a4e5cd3dd1fefeb205dec7f273dbcc6dc72b3c74b947e5c6f5dea1e5291	508829	derived/fulltext_sample.json
440c30d1843852a9eaff08483f0a66a33ab271623cc1c368779367a7dc69259c	791156	derived/profile_evidence.json
571fc751f8cb90a7d47de014b97aaeb0b391f929e7dcd48d21b65a72c0aa3e3d	91632	derived/pubmed-ben-van-hout.json
c84a843e31f800beb717530ee079e00eb4db80c7c23da51c6bef28dba62cddd5	225606	derived/pubmed-ciaran-o-neill.json
e8e218c435b9c4aeae27b22c517b1cf464c889ff3adede0476aa0879a8f4c57e	103878	derived/pubmed-elly-stolk.json
a509b23cc8a374ed87b3d1f88ea142b428910b7b266ec6acd745378e7ba48b07	4899	derived/pubmed-fredrick-purba.json
657b5b37faba8913a19c1d76a62f64f00691179926169257f77c5fc722ce560c	50518	derived/pubmed-gerard-de-pouvourville.json
e4be862c42609d24547c217f4f1038ab6b178f808a7724eb6b810e839e631c73	13167	derived/pubmed-maksat-jumamyradov.json
e21637a1e96395821ecd7a444c95718548b6c175b99b9e29445d8f12a1ef8b4d	3314	derived/pubmed-margreet-franken.json
f2837a24c16781c5808f2dace232f9549cfbe43a662165e93558651ef2426e3f	13950	derived/pubmed-nyantara-wickramasekera.json
1479fa1cf2a6e31c904ad1bb75f87509b8e3382988e0f78dce0239c121e33589	43171	derived/pubmed-philip-powell.json
cf186462b745880f160c32039c5f09ac60c477cd5cd4a0f20c8bb358d2c2b869	103282	derived/pubmed-piyameth-dilokthornsakul.json
619e7b94e39a72fd87f769284c19cc7bdf2d11192b192316a0c5f92d16254dfa	171259	derived/pubmed-v2-ben-van-hout.json
7c948de7c8f35831363935d68fb1104546803ea3e6499fdab3f00196b0e8efa2	399314	derived/pubmed-v2-ciaran-o-neill.json
11c9b55dc414a2a4afd758f516e1a4e047d2e8addb6e6be7e33d0e729d3f22cc	219538	derived/pubmed-v2-elly-stolk.json
58feaf3e30d9c60374e95089c400d930ca94375163ceff5b2836bcb1c58a572f	142793	derived/pubmed-v2-fredrick-purba.json
ea1added6644c0f7826ac2de60776ccf7eb5128ad7e0dcf05e7c509c201b82d4	64486	derived/pubmed-v2-gerard-de-pouvourville.json
e4be862c42609d24547c217f4f1038ab6b178f808a7724eb6b810e839e631c73	13167	derived/pubmed-v2-maksat-jumamyradov.json
fe5d7a7fd51620baac76d4da4803e58063d2063f292e36db090de4bb6ab53a98	74143	derived/pubmed-v2-margreet-franken.json
9e336566e99fe2fde110f88453b7f11aa5de55ad4ad0f812b88e0bdec66affa3	63864	derived/pubmed-v2-nyantara-wickramasekera.json
1d7e06939b0a2f2c622c3a9766feba963c580c830354322cee13617997c7c3ef	138527	derived/pubmed-v2-philip-powell.json
efab1173c482c8f668abba62dfa4fce5efde2a2ceacaa7fa8b0544f6a73a18da	107814	derived/pubmed-v2-piyameth-dilokthornsakul.json
fc7d8eaaa95b91c1614733dbfcd4e483c2ee1fbfe34254c685189f2d43019ae3	141859	derived/pubmed-v2-profile-evidence.json
d06e16011b7f812ccd2fb0f30c481008616298b2bd94e407a4866682cb61292c	35863	derived/pubmed-v2-queries.json
18f5f4d1c7ca054bf4526ab9c5a587cff6f66a8ceb781441786168ff5d14a73a	41572	derived/scholar-ben-van-hout.json
aac0ac687f83fcb1c2ffd83ca6ebbd6ec8d89e209d8cfb96033e742652820de2	42541	derived/scholar-fredrick-purba.json
7bedd950ac83603192f506f3251a2a813d6b3b451585ba82dd0d9be5db8d7546	42990	derived/scholar-gerard-de-pouvourville.json
79ce5724a9d0dc20fe3bfd9e73e4db2ca912ea1dc3f731068d0a09468aa99598	770	derived/source_counts.json
f849751e7b6cefbcd48990feab4f210a4c96fede4be1e4fd88f44e1a800a954f	3630612	derived/works.json
cf65a48f03783f2709ad8384434e5ab77e096377328feb67ce6fb9c24018eb3f	1489	eligibility-manual-review.csv
680a6a8b0b06de11640ac93d1988844b4994d24ff8c8eeb555e53bfc0b370ceb	42	eligibility-unresolved.csv
27dfbdc77c6553b6961102f3a89eb5d12e902bb848d9a3e1d3de3e8fe6b24851	11205	euroqol-ontology-pilot-20.csv
760288166aea15a2b46bca20ac50cb7fbd4864ecc39834a1a7a375c58eccc830	6006	fulltext/api/europe-pmc/P034f025c9af2.json
35c40e015b43f4956e526556f94476d24b20b7ae06c3562a0f1927f3575eee5c	6222	fulltext/api/europe-pmc/P05ea14c529fc.json
69f5a87d503076588b412688dcfc2d4b7be516f79e86ad35b5be1a94fa7fbd98	6709	fulltext/api/europe-pmc/P078c03b5efce.json
cc8a5a1f37feba9d08de504b659cb26ddd56399c4781d1908cbb80b6f0a8abc3	7276	fulltext/api/europe-pmc/P092aa08c9320.json
7451eafbbc8dbac6960bb5a2a48375bd1ff5109595e4692662d45f7c7c9bd965	7133	fulltext/api/europe-pmc/P0c48b2afb94d.json
c323cea6d07cc7be5613768206a942a5810a1625e8ef5bdec9478ef4b5f218ed	197	fulltext/api/europe-pmc/P0cbb0f98ea9e.json
d4f2b1649e3b7f3f72ad1a9654ae5f1cb3f65d05e77859f2c399b2360c3e272f	5681	fulltext/api/europe-pmc/P0cd61e3fa9f6.json
6877d077a8faa24a4acfbd911f4e6c491406743713458eaebfc7b24ad51fa83a	200	fulltext/api/europe-pmc/P0ef22a2d682a.json
ac8b8954fb221ff26eae0ad403c6ee1e35c41093354f4dc87059d8d8a5510881	6234	fulltext/api/europe-pmc/P1141bb655825.json
2b4e7c78caf94bf69a769ab25eaa6bbbd42c09cb97d0d1ed3d0ecc82b5a128fe	8412	fulltext/api/europe-pmc/P21b08206cd9b.json
6fc71b9b9add76084829634ccfe43d9dcc574c7cc1cd8ac8a4577800ac72119b	7576	fulltext/api/europe-pmc/P239faea706d6.json
ea46770ff6b1e4d4e6bcafaaa7e712d669e687fe4a73b00f81a6909be8110d82	4107	fulltext/api/europe-pmc/P29d8cf63a7c6.json
f8e7fa4b7e46bd9099d5f85e4e15737eb3cd67f750f031f0fa5b2be0b6f9e965	6038	fulltext/api/europe-pmc/P2a585bd1b140.json
4b6132345c9eeb5dbb27838afaa7f2d4fbb21cbade1ff859cd4271146a07adde	8154	fulltext/api/europe-pmc/P2bbdfa14a665.json
d0bd2e50c52635ced3f05ff887973c5431ae35a9d97afe7b9d4f4157019955ae	5563	fulltext/api/europe-pmc/P3398c4c18697.json
672470e83ad0f5e4132e26f4f2d4b6151137acb49820832e6b5480556ced9cb7	4535	fulltext/api/europe-pmc/P371ccbf7c0d5.json
023246526566e828a9f73f71f0c785f3e488797cbf9efd8fd2168c378fc0e2f2	6485	fulltext/api/europe-pmc/P3e2170e62c8b.json
e2626fdf2c0443a30405709046b0ca98af9a44004be12454ee81f8e355d8e170	6130	fulltext/api/europe-pmc/P3e8fad37e4bc.json
2d2c50be1d89e8c7d5d41a5c541c8c501cca8cf61a839c85cf2a795a834a09ad	7109	fulltext/api/europe-pmc/P402a8ba12b72.json
de60b185e2115b41e01456cbc1e8519b92c40d1efa93fd3f28b084b56633e0a7	7813	fulltext/api/europe-pmc/P4afbf0a657c1.json
c6c63b38ac80607e51ab46618bee86866e25f1bcf851497cb332e5cbf062a5a6	4652	fulltext/api/europe-pmc/P4bbb249162d3.json
48798a70d5e98e3654829e11f494f6b233eec977c944f05fa531ab1aa94fde73	198	fulltext/api/europe-pmc/P4c6f1f6e59cc.json
b33d1c8737948cc91d91aad6001203cca30abd70eca7a54dc54932086b710816	6147	fulltext/api/europe-pmc/P51751f1493e3.json
3320d57d15e02e09d838e04684d64e360717179db5f67232a7c8b444eba4d6a0	6586	fulltext/api/europe-pmc/P5331d950e684.json
75ccadde63e04c6e57745b0022b3f6ef777320ab39dd5a9e381cd8fa13bbcdfe	6125	fulltext/api/europe-pmc/P54d14ed7d4e4.json
158ffb6b44a627619d4d2c6bfc7a5b93525adfe1297028ebaa80ad8ad62a54ab	7278	fulltext/api/europe-pmc/P594ced259c8b.json
6470cbacd3c234dc5ee192dbb656f039970a4af4d3b5c33ef9dfcd83e343b53c	5842	fulltext/api/europe-pmc/P595e0df3a2cf.json
2df87a3dd77bbcf588d92068dc7b7e30a1ec94b186f1144a8f122052fd35d91b	7687	fulltext/api/europe-pmc/P5a10aa051f45.json
ce41f35b9e004d35263777e0247475dd6f1746328b40e9f5b58b41e69be633a6	6571	fulltext/api/europe-pmc/P5adb70ae1f53.json
7abcf23ba6f5a47a0b3e4aa746f9372b67feacb2ed87364f6a24ad476fdc9cb6	8688	fulltext/api/europe-pmc/P5c074146b339.json
e22b4afce09b12b661539b0d54b0c250e11b9234448aa329c9bf152661e31535	4187	fulltext/api/europe-pmc/P5f3cb6513ef9.json
030cdce23513c669b927a540cb29b9159a84f2796385ac51930b070bd8ae2149	14507	fulltext/api/europe-pmc/P601dc8d65336.json
c31a1ffe5e3f1d8f906d13ae68ee1c9009c7a0ee5e4e78e02c77008506d21a0f	196	fulltext/api/europe-pmc/P650f5e85d7ff.json
70ad09425e4d58ceb55f2df02fea1fd2f4b95145cc0308f6b717907082dc5d4b	7339	fulltext/api/europe-pmc/P66c6a996b172.json
75a3b3746c4bcecce5a496c07179ae4f78dc82dad5d32246a0d2a7652fcb28b7	5530	fulltext/api/europe-pmc/P66e000c1a289.json
5663d0d20358ea3a6c744aa7b7c11cd1f96df1fca3521eceb89343022ad5546f	5754	fulltext/api/europe-pmc/P695dbe6ca4ca.json
0283d58cf8e69324852cb3ccf382318f47327b331af0930d373b005d5a75dd44	196	fulltext/api/europe-pmc/P6a96643b512f.json
01ea3abea3e77597e7345ebf99eef98eef42a16003f2af80d0f81a080cad47c9	7510	fulltext/api/europe-pmc/P6ca0c804f48e.json
bc4421abd547acc3557d8f312ca646c981aafa130d13949ce301168eeb843789	6165	fulltext/api/europe-pmc/P7027159adc3c.json
fb77109d70ebd2e4487d6aa37b2356c05ce8657f25ca051aa655695c6c7022e1	7763	fulltext/api/europe-pmc/P70ea9c866ad3.json
953c965b245b2443574c383a0e50e62a334bd75af847bef66cfabbe92181e675	5840	fulltext/api/europe-pmc/P711bb3c4e60e.json
4c99390697c1cb120138a9ff4f7f746b4f570ede9f4a0791b691693522f00508	7209	fulltext/api/europe-pmc/P716dece10838.json
aa132e32a5a1b5d889578262379615167d8e91b25162152d2b2a16d4da0fc979	8302	fulltext/api/europe-pmc/P776803e6fb45.json
7287ac44d872642cf0db79a2a6b2846f3ffa1f9b13a1bb8bd861917700359e5f	3932	fulltext/api/europe-pmc/P7a37ed9adfb9.json
366433c96b2e439367d8fc870b864e36fd85f3f273ffdcdf922173f952aeb73e	7258	fulltext/api/europe-pmc/P7a4fb3bcfc98.json
50496db90514fa657b72d32596b19cc06201aefb25b1a8c4309e08e6868d77f0	6427	fulltext/api/europe-pmc/P80bae15dd798.json
8a83ea52799c2d3ceb18fcd57760d16111e7836646dd371135061fa040730dd4	10389	fulltext/api/europe-pmc/P80d13ed3ef16.json
6556576c75e0cff4ef4353b44f33c53efbc17f9c159c35119b79dd6666d7c9b9	5770	fulltext/api/europe-pmc/P81fe3275ea7f.json
1800417818b79c53d10f016e7e982deba1c87734b6b230b755e8ddfb22220f40	6358	fulltext/api/europe-pmc/P85481b1179a6.json
5b05087f6cda118948599d708bec9ab432c4725563d0a468f0c62ce4ea12c380	188	fulltext/api/europe-pmc/P8590e631ed76.json
329b5c535e83a603bb3cd4d19a4f3087907a3779056ff1d0486ba72e9427b57b	5217	fulltext/api/europe-pmc/P89b70ae51f32.json
eb425e6fa7b91263ca86b33c9f37658b593d8151451d5e99b87e9b1b2d37423c	189	fulltext/api/europe-pmc/P8ebbc3586cf1.json
81edae36e0f7e9f3cb6f8a6851ac492a720766998953fd71dc021f4b8987fe27	7198	fulltext/api/europe-pmc/P8f639f3647b7.json
3fbc9f3f72abe3cc9777906f6c0b9cad85557cd5ef90c1546e423792af641e5e	6876	fulltext/api/europe-pmc/P930cba5247e3.json
85f73871e4bef00c38b506fed27640b235be74423829de27e27975d36e4ba3dd	8665	fulltext/api/europe-pmc/P955a79621a42.json
c55ae7b252aff89fc6a12dff05053bc693020f8af721afa6d231fba8a3b3e0cc	6456	fulltext/api/europe-pmc/P9562cbd1e70a.json
1739b3510f63c3326e87c141bd6a837d0a812c51793ae5e38c9079e7f761626d	6627	fulltext/api/europe-pmc/P9783a01b4c2a.json
9ffc25e9f6e0e4d90e8cf9eef5e5344a504808666aac9b9662cfae7cf10c280a	7217	fulltext/api/europe-pmc/P99751effc1c9.json
d3b8c6ac550b709dacde8c36a5191347272255119e0ec564c3680d0e44fc44df	5161	fulltext/api/europe-pmc/P9aaca33920e9.json
ef1c629eba93d5e33fa8e8acea9fcdb511a39222c0ffe6cdee8637efaa8f241a	197	fulltext/api/europe-pmc/P9b0ce3730772.json
30ee26e24e73e9d11b9287c16691e8f1d339ade0acbd789401ee42b076a7cfd7	3794	fulltext/api/europe-pmc/P9b77a57aa69d.json
57c083e4731ab6d327ca051dcdaf283772d0553d1baec4611d3b38d6db3f621c	6592	fulltext/api/europe-pmc/P9d705ba2d740.json
d9fa9b7f5ecc5d2dda3226d952ae03c6ec3b4beec535781d517f47d7e693013a	5318	fulltext/api/europe-pmc/P9f2e9056474e.json
d0c973405d1ab24e13fbb1cca6a176ebba2a9588bd3264f2df2455bb63897cb4	7904	fulltext/api/europe-pmc/Pa06ed50f6556.json
8bbe24bec0518ff55b8fb04008ba48a476c8ec3f3654af1e8f07dae8b02027e7	4848	fulltext/api/europe-pmc/Pa0b6e2069e45.json
2caa6ae8c1393967043c2b469ca96ce6909de9682a6799b5a6125944aa2cffa9	7507	fulltext/api/europe-pmc/Pa27a1d67c33b.json
0dba9b3fef021f081ede16014691e33dd1f3009bf41c5444fb275f7543a661f9	3996	fulltext/api/europe-pmc/Pa5cece391e47.json
fb946de51b0b006a1c0b90d05fd1b60a924ee9b3aa5cdb996e5ab4b2b3b13b0b	5393	fulltext/api/europe-pmc/Pa617a338a645.json
51ac41d49bd4e26765f3516bc0082c636b68b1fe4eb2abe9afd749bdf0dda2ae	7125	fulltext/api/europe-pmc/Pa82d5e634a3d.json
e967bdcdcd99a7edf057f3d18d44439e31b7521ab7a08a6569bbb7b3f939243a	9201	fulltext/api/europe-pmc/Pa9991d03e2fc.json
e415e69c94b456a42077ea8f8cbc28ae984ecd177d4bc81f34c8d3b14de4176c	7160	fulltext/api/europe-pmc/Paa3cbbad393f.json
39de3ea55fd91f6bdedf5374ed4afa113d9d46f631bf0161df96d1e833d3cbe1	5868	fulltext/api/europe-pmc/Pae28a7c2b9cb.json
84634448f52d973d61a97e5dce318a1e8ad1dc8bd8eaf6fa365cb9b32cc85acc	8822	fulltext/api/europe-pmc/Pae5185ee3e27.json
919c033deb36fd27c35ae3536802e9582dbf2d6db3b068c0ceeec879ec7a2bb4	8147	fulltext/api/europe-pmc/Pae69b62079e2.json
db28f775b953d9023aaa0607facc3b888a3693dd36ccaf5dadbfa0eaece9c359	4757	fulltext/api/europe-pmc/Pb10092022224.json
fd12902234139bb6f4bb6a6df4345e6c8ed3b3b6571ac833a413c0f218677de0	5703	fulltext/api/europe-pmc/Pbc1c4aba0fe4.json
149b735a9d56a500f79da3cbadc1b73644e396e6c35396d0019d21120ea277a8	3231	fulltext/api/europe-pmc/Pbed3bd8561f9.json
c2d8b8201116322472a7f4982d22193a9439bb1cec45f8aa5268073d67aabbb7	5656	fulltext/api/europe-pmc/Pc392f9662bf5.json
96b8b4f62162a24311f2f28111d83689c765a898c5eaa49f32ce73148557e27c	6341	fulltext/api/europe-pmc/Pcb3368138711.json
65821315387f977e5072aa8303a394258a8de62e8da0430c1412adc7ccd2a1dd	190	fulltext/api/europe-pmc/Pcb41e95c5907.json
ae181b5e6c19a82300c44abf896218db833def4e4c0f674781fd138f941ed0e0	6505	fulltext/api/europe-pmc/Pcf6c6fa55dfb.json
858edbbeabd2dab8de40bfdb105aaa8735fbde22db14bc29dc3832c46cf43452	5653	fulltext/api/europe-pmc/Pd3331b7c872d.json
686431fa22286bd15da22ff7ebc5971de6325a4dc4a4e228c912456c093781c3	4965	fulltext/api/europe-pmc/Pd461625584c7.json
d9de2e4db4b406b3d9ac11cb52f24d294dbe3278ffaa2480b9091aa9a1591794	6213	fulltext/api/europe-pmc/Pd47c2b226e24.json
779bfba717f2181766208f144561c88017275530f0a96587fa4408dae092e9c4	5057	fulltext/api/europe-pmc/Pd4ad2b88f325.json
44605fa1385b2e8c509475b9f58dbdf0b0930d0c2d3a25cf537822422f57944b	7241	fulltext/api/europe-pmc/Pd79e2191e0da.json
312058f93b7c9d4d31033fd556b18eff92ced173feffb4f05ba879491e7cb9ea	6870	fulltext/api/europe-pmc/Pd99436ecd76c.json
392b014d268df5e5ba3027423081663fcde22aa18c665f21afb781848a105090	4800	fulltext/api/europe-pmc/Pe277ac1de224.json
465b00baeb734f586cbfdd3ecfb9c984d33379c4902e196535bdca8e300acb76	8409	fulltext/api/europe-pmc/Pe596eeeecc41.json
f6425b3fcfa8ee4aa1d63572f558a13df505b6fd4327805f76533f38beae78fd	5132	fulltext/api/europe-pmc/Pe650b362c8a4.json
ff4b76706f94b978a113374c48276f7f66ab810916e171f76e6e9b3cb9eb6047	7078	fulltext/api/europe-pmc/Pe89bdb105058.json
8ddb6244d46b42ca33371bc2e28de7f2927b953efa42ed85a05a1f8e04d06cd3	7715	fulltext/api/europe-pmc/Pe8f86ffb599b.json
0e572298cc18e991ff2f9df08529ccb8a523f7fbac04c0bf51913bb9d5265a0e	4721	fulltext/api/europe-pmc/Pe95381c261c6.json
ee3c1b9535c86776319a00cc187ff12a194e310b542a21abed3e085775ccf4d8	5774	fulltext/api/europe-pmc/Pea5d7fc0472b.json
819b5e99e089c10ed23e583aadafbc0f4625cf2865802bb0a15d7ce2fbf398a4	5913	fulltext/api/europe-pmc/Peee4dfbae27a.json
e35957afa4b9e3f25d27ea45c47e3d800489fa18cd3d17b283982a92cd83e060	5565	fulltext/api/europe-pmc/Pf03eadc4f6ab.json
f24a4b6fd56b872319143e5e65d985d174664db66caa4f56bb06bd3ba06d07a2	9784	fulltext/api/europe-pmc/Pf43c5878914c.json
30807101d9fb99fde29190cf454189a59839edd19d9bdc64ef9f6f418a57669a	5959	fulltext/api/europe-pmc/Pf53a5ee15eef.json
88d188c94be0e341bcd335c0834073b4c4f04864ea2e25c1402f90b984b3f506	6241	fulltext/api/europe-pmc/Pf73875a260e0.json
e31ae24bba8e93b07ba5ad4dbacc69f642d30ab7287e8e9762c840b15e65f0bc	6789	fulltext/api/europe-pmc/Pfb091333bd7d.json
04184b4d92e14d651c3f130a2bf0a7f590799c2e413c2d3cdcdca894753ab1f1	197	fulltext/api/europe-pmc/Pfd7250df2a4e.json
a775614f9548ef3fca67ab277412a5ffb56647b9aed3f3841bf73b02821d8c52	5104	fulltext/api/openalex/P05ea14c529fc.json
75b7d64ae13522ca38b7a3b424a07684d295e2c90233998f001b8242f6473bce	3343	fulltext/api/openalex/P078c03b5efce.json
4f4ef80591c329d1309e1d8b78e47d1e8056db6990663ef4334a5983744b10a1	4539	fulltext/api/openalex/P092aa08c9320.json
a251f4f1cedf75170f0edaa45f4ca19c671a45a977f008bbbd9a93e17ffe3191	2364	fulltext/api/openalex/P0c48b2afb94d.json
483459a0a52aaaf84e896610f35c959f4a3fed901b30d95a9d2f848ec1ad5c1d	1751	fulltext/api/openalex/P0cbb0f98ea9e.json
f3e29b97334652b979bbaa17b6275077cb20b66e726ff395b7fbf19d85e0d891	3872	fulltext/api/openalex/P0cd61e3fa9f6.json
784c1f6f9bbbf4153a5886041491ac2be25a736aadecfe7e57a674d35d58e04a	868	fulltext/api/openalex/P0ef22a2d682a.json
cb1de7878b850ee75271e2554de23687321622fa4d2fab97b9119b1228b78a9c	5801	fulltext/api/openalex/P10d2724e57c3.json
30f68b0ff6f18460b0212d695ebcfbb581d7a92e981e846a8fea0b23fbed1065	3128	fulltext/api/openalex/P1141bb655825.json
3509e933fae7e34d12e036696d8d5485257904017200cde4c869e7c48f3dd6ec	2518	fulltext/api/openalex/P21b08206cd9b.json
ea2ea1b744af291e31d2209a8e4a3aee7a0041d66e26cd9e978fb8c1bfcb7207	3367	fulltext/api/openalex/P239faea706d6.json
09cf0a747dd968b724a23b68e9610deb922a3c3b56843844d11e5ecea6b2e37c	2382	fulltext/api/openalex/P29d8cf63a7c6.json
ba7bb52da34db5c2f5371a99878345c74a114183749f4ac2c4b4a6725523e5c9	5018	fulltext/api/openalex/P2a585bd1b140.json
3e944daf64896437bbda106d5b549affc93675aaadfb4543b6b0c69b9435983e	6502	fulltext/api/openalex/P2bbdfa14a665.json
c8304a42e07f4e65c47849ca587cd02dc86763880a1a009084e5a571e877cc06	1642	fulltext/api/openalex/P3398c4c18697.json
e391f3a4235f36e985579a80c0bce2fd29938a58267b2afe9dc46b3b2be783bd	3819	fulltext/api/openalex/P3e2170e62c8b.json
997dc6685ce2e8c8664fe5ebff9daeaaf448ee24307df3715f887c68c991366b	3570	fulltext/api/openalex/P3e8fad37e4bc.json
5b8f2e61ee9df4a7ecebb649f79d22550d8a119ee53d9eb69fcbeb491f32f78a	9539	fulltext/api/openalex/P402a8ba12b72.json
42fad36a6cccb3d4c6d358f85d9d7a6ca231e034dae7967019f8d3fefdcfc599	1554	fulltext/api/openalex/P4bbb249162d3.json
a7d0ffeb767a47b0ecab6c398650dc2b04b7823dd7d1b191946352aa93a7b624	5659	fulltext/api/openalex/P4c6f1f6e59cc.json
4b00b70d69f0a038f64da3c1a1387c994b74ac647d1bfb7f6253076195e398c9	2415	fulltext/api/openalex/P51751f1493e3.json
2fbd1491714616199f3e20cd3bbac4568b90bac9074a7e100585ab5fe81a63c9	3188	fulltext/api/openalex/P54d14ed7d4e4.json
b8d3437f9b28d6d768332f72e3794d9c7102c2d3fbdb9a03dfcc37d1f79332b4	3388	fulltext/api/openalex/P594ced259c8b.json
87486f24339c329c5cc5098d65af961a657cc4e90192cc7ca5de1ebd53ec593e	1801	fulltext/api/openalex/P5a10aa051f45.json
1616f5a655c81fc9d4f920559d809d9db49b9a7380fe5df7a7ed433a16cea519	3138	fulltext/api/openalex/P5adb70ae1f53.json
c64e2ce57342b1fff316a44e400cd28a585adfd88bd8d026e893d77ac685aa17	1677	fulltext/api/openalex/P5c074146b339.json
fcfbc20d81fabdbbeb31cc8bf29ffeea6b51f30a62c9169eced67a597a0fced9	7868	fulltext/api/openalex/P601dc8d65336.json
3d939913c4e10a2f0a2d229bfd62c63c79a15bc40131a14748bab099b78c47f8	1792	fulltext/api/openalex/P650f5e85d7ff.json
f644c3e6b5272ce3708bbbe7920d5a191a78c19789a2d5105c4f9b643b712a9f	4407	fulltext/api/openalex/P66c6a996b172.json
f6c4c44e639c8b59f789b7ea6e5de5aa442c0fcd57b0de6e9ae53a6426ac47c4	4725	fulltext/api/openalex/P66e000c1a289.json
2c5d99fe59fe118e8153c53ac0751fc9f1a65fc96178cd312dda7d0b2b510852	4922	fulltext/api/openalex/P695dbe6ca4ca.json
0395beaff676af6cc554a47b61a730a965697a5cfe88ad91b80395ea5a558fed	2186	fulltext/api/openalex/P6a96643b512f.json
a2f77519097a0f874d508af4ac987e4b4d224fe833b56fa0dd28792a032294a7	6549	fulltext/api/openalex/P6ca0c804f48e.json
906f5f633f84b21859f47b68a056553b6c7264b56b4a09273727c776fb8f01fd	4192	fulltext/api/openalex/P7027159adc3c.json
5c8a8d41f8d184e2780a945b52b44a89316a7427c17b217cc3a7060e03f75588	4009	fulltext/api/openalex/P70ea9c866ad3.json
5001c9fd6cdd66a33fe2ba3f5d99db1fab624754174fa7c3e73b5dc56f9db58a	4742	fulltext/api/openalex/P711bb3c4e60e.json
d527d642564cc3d47c5f09b88c60db58fe41be4a42614e2bb30d40eac503e03c	2538	fulltext/api/openalex/P716dece10838.json
4716243d08fd4be6482ea47fcea4a9758ae9266f6ba9459987deaba83b4c7eaf	2681	fulltext/api/openalex/P7a4fb3bcfc98.json
9dce8283f3a97240b39ab18028588a896debbd679a762412e2e1bc72d83a62f4	3932	fulltext/api/openalex/P80bae15dd798.json
73da1b7387de5398b7ff87d744bb269e4d47c345ea5ecaa45460e5a62d0e685b	3292	fulltext/api/openalex/P81fe3275ea7f.json
2eead0dd1566685c1e0b5ecd99e0f88f78f53649a59c48535680ca070af25535	3590	fulltext/api/openalex/P85481b1179a6.json
862353983def45a3f614b1a30ab36e478edff494a35994a68a147aef54f25161	3700	fulltext/api/openalex/P8590e631ed76.json
e3522091979852dba433233ca98213fa3a3564304127039ad348a50d86f77ef2	2402	fulltext/api/openalex/P89b70ae51f32.json
240569989ea32418aff08f31051608b6229dda12dd75302266e006796ae26908	4098	fulltext/api/openalex/P8ebbc3586cf1.json
aba514882294980f5512bacdba68d115f065de443e6b6c6112c50f5b44fe28b3	5433	fulltext/api/openalex/P8f639f3647b7.json
71a002f709b222c74ad5319244e8c418e6650c5c3de5bb4e69f7ea9a28c9c665	4409	fulltext/api/openalex/P930cba5247e3.json
7e5c110419b8a4f302aec558c34f1323bb4b2b3e0b1bb1e8db665f3236c7b8e9	4945	fulltext/api/openalex/P955a79621a42.json
5365b71bcb8a4168547eaff074ed30f3a7a15f1dbab8ea0d324bfac0d436996d	5815	fulltext/api/openalex/P9562cbd1e70a.json
b53b999edf9471368a49576e4278e7362df0d97162bb6aa9cc026d6e2a6881b9	4447	fulltext/api/openalex/P9783a01b4c2a.json
48e7f550dc1eeb8fd74ae60a720200848acdb013b690376f2dd28f120d18aa2f	3657	fulltext/api/openalex/P99751effc1c9.json
88ac86a7dd42384bc17fdbd962e5fa4ec907b5a90d6c06e61b5f3dd77655ac0b	5121	fulltext/api/openalex/P9aaca33920e9.json
cd48afa61ce546871fb607a9c4306ed2ad95a21952125bbc55aa2b861948cca3	2039	fulltext/api/openalex/P9b0ce3730772.json
0e1da69831a74e01f8ede5a3da0e97edd67f4b1c1d60348827763053cf7a8264	1692	fulltext/api/openalex/P9d705ba2d740.json
eaeb3fc9690137f7dd28d55f221d6cb3322c45ea65bced0cf5653c674788a21b	3753	fulltext/api/openalex/P9f2e9056474e.json
2a8bdbadf36a5de67b1e333a50e7ad9b4fe7d64fc942e5ff862953885194d199	2426	fulltext/api/openalex/Pa06ed50f6556.json
05358591fcfaecd9794b8541a732068964378a3881f644d2407642591b56870e	2547	fulltext/api/openalex/Pa0b6e2069e45.json
49bd29fb3e598b29ba32d9316c89e6169d1d6c09e5b2683cbb748a30fff586b2	3383	fulltext/api/openalex/Pa27a1d67c33b.json
77184ade35f59b84b573fa71db6eeba0d623779f2c10592d7bd41b4990b44579	8781	fulltext/api/openalex/Pa617a338a645.json
ad84bbbe07dfbeb7d98619fef3d2b8525943ee4627a5bf811d72afbd696af03e	5218	fulltext/api/openalex/Pa82d5e634a3d.json
333cda2dea30097ae554851e1956fbc37f083728e87224ba8cd050a9a7bd8d9f	8680	fulltext/api/openalex/Pa9991d03e2fc.json
3877d38e33b27521d562892228c6a6b5d8deabca20ae10251188b8c1c2c05b7a	4310	fulltext/api/openalex/Paa3cbbad393f.json
57c8419d33c3d4ce269c2bb2fc7a927b05c4defeb89e932ee0c35a730d8ec25d	4405	fulltext/api/openalex/Pae28a7c2b9cb.json
c618c2602d1e99313f7ffb06fd1a9bd61ca826e0539002f4dd2632ebb794b589	3526	fulltext/api/openalex/Pb10092022224.json
df5db8b66dc722b44a5a5dd981947aba6408dcf5baead39cd5ff494f0b437757	5077	fulltext/api/openalex/Pbc1c4aba0fe4.json
15dfc81eb4a83683082deada8ada87f5ac2a921404b3879c3719ced29e2db052	3493	fulltext/api/openalex/Pbed3bd8561f9.json
e0f178cb3e6a9776faeb094e78dda25b0823234b1f4882ecc5fd47f847108eae	1642	fulltext/api/openalex/Pc392f9662bf5.json
7f5cae72acac5887c1434b803a4541b968e19aef31496e06517f367009e2f69b	4839	fulltext/api/openalex/Pcb3368138711.json
5dde1d950b73ced636146c1c4618ff9448ea460c130febdda32eefcb690034c4	1963	fulltext/api/openalex/Pcb41e95c5907.json
68cd4b23994f68d40904b03b08fda4f7cadf483dbf43e7b03bc603b2bd309d36	2668	fulltext/api/openalex/Pcf6c6fa55dfb.json
4b35bcd03f44d613a590829bffed4c35fd1ea09bc0c336a7a5e1c03a9dba67dd	3442	fulltext/api/openalex/Pd3331b7c872d.json
943a7852b6583062ce34ac064a03bde3005066740847e0f0250513bfe9f8c4e9	3811	fulltext/api/openalex/Pd461625584c7.json
79f349a5204fede91f6a45c05bb70cb5044fee9ceb14d3f1f70d2264d04e1a3e	3142	fulltext/api/openalex/Pd47c2b226e24.json
0f590e7757681a330286abc232c34e1497557776668e344c8e7d9ef9cd568157	4419	fulltext/api/openalex/Pd4ad2b88f325.json
66444209d062b8429efe340c08f971defab7962c2ad299476e8471ad60fcc81a	6642	fulltext/api/openalex/Pd79e2191e0da.json
8f2117811dac408dc401697338bfeabe8e136a0cb86af7bdcb60160f89ec1b10	4545	fulltext/api/openalex/Pd99436ecd76c.json
ddc3ea5750f8db6ce509d65b0d3d914cadf81aae91cd2170a5c80006de530d75	4197	fulltext/api/openalex/Pe277ac1de224.json
86e8e8745feab0d2a489536e6b3ad55f473a09e59aad812d541c3ddb78b4fb6d	4634	fulltext/api/openalex/Pe596eeeecc41.json
0750a9512759e79f984063206c52b8bd5d9345fa156446b43654b20bd3645394	5661	fulltext/api/openalex/Pe650b362c8a4.json
8e338fa9e72a58ae653ff3f19266239dbed7567b964df4555f73250c2e218a2d	4042	fulltext/api/openalex/Pe89bdb105058.json
9fa01a59c164b072d3ab77b33a6ad09a9f07255a6f997ef296472a62a291703a	3297	fulltext/api/openalex/Pe8f86ffb599b.json
ed50afbabf1a6a66318b33db731cdb073da86d5986f2bbebe70b15246f49a22b	3137	fulltext/api/openalex/Pea5d7fc0472b.json
8f5d4975900c5a028dfffa40f7d8168849cb8e4b91bcd8dddee4cf83b82b33e7	2512	fulltext/api/openalex/Peee4dfbae27a.json
e2de74ab7e3fbde3ba7b78a66d8fa127aca4bec158fa79c49935ecd054e535b0	2575	fulltext/api/openalex/Pf03eadc4f6ab.json
96248766a1adb3a0d14a994bde98a5febc8db63016c88146b60f7fe8d9675a6a	3766	fulltext/api/openalex/Pf53a5ee15eef.json
161883f50f342d78b55e0e973e7d81a41589537c8b34ba45c49e54e91d053972	1690	fulltext/api/openalex/Pfb091333bd7d.json
f58c69787e7308a799c09add74745a00b5d88f7806912ffc31088f69ec72585f	2144	fulltext/api/openalex/Pfd7250df2a4e.json
c1c56565d3625dae9c995c9ae6e628a64d4065055adb9405d66684b43e4cdd77	1863	fulltext/api/unpaywall/P034f025c9af2.json
b47a673cc076fea01006a5330db95f8a6380b1708389a77ab2bff48069116f5d	4329	fulltext/api/unpaywall/P05ea14c529fc.json
0f75dacb039eae1ca660d453cab5f30c7ccad06ea6ec764a0dde6732fae45ba8	1738	fulltext/api/unpaywall/P078c03b5efce.json
0becfd7c156ccdab2e0343673480708851ade524f6a2cfe97f9eb614ead75b4b	3034	fulltext/api/unpaywall/P092aa08c9320.json
01b2761bec88f2fb963f9f19deb2249f88b314030422b7fa12afcf6ae26c07ba	2265	fulltext/api/unpaywall/P0c48b2afb94d.json
0268f7dabc32303cf93d26e6fd78d3a3fc65fcff1dd091b5b6520e14176dff4b	2477	fulltext/api/unpaywall/P0cbb0f98ea9e.json
a5d6c4c2fc227b73446c24bc3563c280a66391ae3224fbdd8461aa6dbdd5d6dc	3793	fulltext/api/unpaywall/P0cd61e3fa9f6.json
ec3c16660796312845db97d2654a218e0382d3e495f10eaae65f2d245a5ac4b0	987	fulltext/api/unpaywall/P0ef22a2d682a.json
b34fd5cd11791567d85321919005826a452ad8b202b0e87ad80df5e5dd402fa9	3270	fulltext/api/unpaywall/P10d2724e57c3.json
681bea6993c7fd304523c1b16ba18966044cc26f0aa2b9eb764a8c7009e2acef	2029	fulltext/api/unpaywall/P1141bb655825.json
67f76ebfc623cd27ac2c0a076ddd42cfd1299c953eb16e7ac0246f04c2831e7e	4462	fulltext/api/unpaywall/P21b08206cd9b.json
3d68e3b4e96b252e57379752f8529ddeb1b35a777c67823339821fd1e4b2f86c	4297	fulltext/api/unpaywall/P239faea706d6.json
7214f8e3777f17eb12b5d6c9792bdf6a3a0870327bbbcc4efcb8ddc4db0d2426	1252	fulltext/api/unpaywall/P29d8cf63a7c6.json
4a77a6fda4cd63afc5841b9df5b3fda2794b159474bf829c09bdd34f92ece75e	3996	fulltext/api/unpaywall/P2a585bd1b140.json
4d7fe0d247f55a73be9192fcda0db9afa1311106604a1eb318f8d738b3893e80	5186	fulltext/api/unpaywall/P2bbdfa14a665.json
608813fa8e71201ed020d74ac292afc078ceea37529de63fa899d974d445cffd	1853	fulltext/api/unpaywall/P3398c4c18697.json
3e6665fec833966c5bb58898e90cba9d8c0508a7c177ec40af83d0ffc871ad2a	2325	fulltext/api/unpaywall/P371ccbf7c0d5.json
d87c2ad1c6b23c31a44d0dc42fedacaaa1951b9e4bf9229b4385e796d6f3a170	3609	fulltext/api/unpaywall/P3e2170e62c8b.json
8212d47b53849e2eb1c8ac63e7da06fc672edf59b56ff8ceab8b72e377ec7113	1142	fulltext/api/unpaywall/P3e8fad37e4bc.json
10bad3e552f0f04de6d50a8e3f2100654e5007e238a80d56e851ec31c6b48bb5	6225	fulltext/api/unpaywall/P402a8ba12b72.json
d4f77048ef32eaffc6fcd59a8746cd98ac95f88a09d511f1d09b4ddbed019f1a	1949	fulltext/api/unpaywall/P4bbb249162d3.json
e4fab2bfe18fa29224da7dcc22ce0266cf7821d4370b9867182f4f323091c97c	5574	fulltext/api/unpaywall/P4c6f1f6e59cc.json
46a4b3744b9ba3a8bef9b3322289a2fde6fdd65e1b4d5cc640a97e300868e681	1722	fulltext/api/unpaywall/P51751f1493e3.json
adee9978657a576edb99575f66a2bd81f29d7da163fe7ba23cd2a543efbc216c	1556	fulltext/api/unpaywall/P5331d950e684.json
1e1e093241768a0ddaa2a386d571e2922d9d486478042ea94f227f143ed4ad24	2537	fulltext/api/unpaywall/P54d14ed7d4e4.json
084d83c0dde612049fdfb50b0e36817ff8f230514e498998fd1570deeca6b917	4123	fulltext/api/unpaywall/P594ced259c8b.json
4a5c7022b67e052f1f610754f4f60849e73cfdac042d68e24d69b4565146402a	2494	fulltext/api/unpaywall/P5a10aa051f45.json
80d127fccc8ff0dedb23913c3c8b041b4c3a9d51e4b9e0de14c25b13f8809191	1338	fulltext/api/unpaywall/P5adb70ae1f53.json
f9ea116748f2df1555f321c861257dfe3e2b71562631c80ea56365835c35a507	3582	fulltext/api/unpaywall/P5c074146b339.json
9b69b21ee08128f04e07bd4df00619e318af5f0eaa0c990a225bf54224677668	910	fulltext/api/unpaywall/P5f3cb6513ef9.json
203d75d9120fdbb9c1095e119572aa400a94411740b122fb4bfe6ce376ac43c5	34871	fulltext/api/unpaywall/P601dc8d65336.json
c8b8966d9b2accbae1c6e432b5e93154edb5539edc247782bbb93d863bea1189	2564	fulltext/api/unpaywall/P650f5e85d7ff.json
475570bec121e7629523d633f2a5839a575c9550968386fb6b41f260f0f8718a	12125	fulltext/api/unpaywall/P66c6a996b172.json
0e1e9c669af63535478a8d58e361b36855399f60b6f3501950d5636f04bc2501	2868	fulltext/api/unpaywall/P66e000c1a289.json
0f9e532531a87349e167d952f48affd9b5ea41db06d143f1edf9313bc40677f6	3855	fulltext/api/unpaywall/P695dbe6ca4ca.json
9f96b2e3adf53ca1f82cc6d28652072acbd2ea0508fa1982bccc132e02adf917	2458	fulltext/api/unpaywall/P6a96643b512f.json
1e24083a884e6b20fe4b2c2e9b7f57b791d0b144525b3635070af21464512177	4662	fulltext/api/unpaywall/P6ca0c804f48e.json
33a13a007cc505ecd40955b45618fee04a9cea4b952bacc12248851267b7273c	3500	fulltext/api/unpaywall/P7027159adc3c.json
988ef182b27f84f05e25f88419ff66abdd8f9fd3e0a42a2f9663105b504cbf7a	4681	fulltext/api/unpaywall/P70ea9c866ad3.json
05f98d0d7a945ebd1500d1b497013eccd8216c8717943dcfbd13c283feb4efc1	1935	fulltext/api/unpaywall/P711bb3c4e60e.json
cd50a77fd029248d4ad44ce809985bc5e9ee255420eeee8b40a1fb4d6b5c3ad8	2141	fulltext/api/unpaywall/P716dece10838.json
aaabbf5dc06f4febfa12510013e48e20cf76fa67e439dd5819f85a5d38fec3ad	1625	fulltext/api/unpaywall/P7a37ed9adfb9.json
52f0d6dbd75f291019c76d1b25c4902c1a033210bdabe1a97edb7ead8e236d2b	3624	fulltext/api/unpaywall/P7a4fb3bcfc98.json
7ee03ac703ca6e8b2a8e5530e6da5de24508aae24c4df7b0a632185bfb484cd7	4429	fulltext/api/unpaywall/P80bae15dd798.json
8b84a9856e37266d15f8c324b9303b5abfaafdc5a39a67d4b1eb3095934f5292	3694	fulltext/api/unpaywall/P81fe3275ea7f.json
c21358847cc101dd92f15fdba10fd405ac3f2a60257e232492409ab06a497251	1763	fulltext/api/unpaywall/P85481b1179a6.json
559aa8d41ba54dae16dd08a55d7e06cad1ab48c76c8c269996084889a411a499	5089	fulltext/api/unpaywall/P8590e631ed76.json
1efc72cf7846fb8fc0757464131287107ed6b617aa6b8e23c970a8a60b960ab2	1350	fulltext/api/unpaywall/P89b70ae51f32.json
46168c68756df2595e20012472e4a0dc4de668a66e00fa2588f38c60a25dc17f	8718	fulltext/api/unpaywall/P8ebbc3586cf1.json
511551fa293ac185d314de74de504e0d1621201532b5b75d8019575dd23215b0	5163	fulltext/api/unpaywall/P8f639f3647b7.json
09550c23840faada15b956949c89c64e3c374e1f3160c5d5cd3cac304c0caaec	3527	fulltext/api/unpaywall/P930cba5247e3.json
488d88ec5744cf66fa327847e069713af84e564d025ae3fb99cc31a907eb02c4	4811	fulltext/api/unpaywall/P955a79621a42.json
d5bfbede92a0d3eb4bec089e0a07f8181e8b6082f04b4a5fd878ec6803b3f0c6	4774	fulltext/api/unpaywall/P9562cbd1e70a.json
3762a36d526441bf18daea84f196bdda1bf52b76c2540090d3e6a36172f630fc	2606	fulltext/api/unpaywall/P9783a01b4c2a.json
559b26a43882d681be235e6e764ddd8347d0c604ae1a7e64d3a409bbc8019857	4478	fulltext/api/unpaywall/P99751effc1c9.json
a26474c942ac552321a289cbfcd1bc30164ed009c676b795a3c60ba4af014b7b	1613	fulltext/api/unpaywall/P9aaca33920e9.json
130765e1413e7dd47d9e969f5823c54cc00edff71ea34083419329c58e9718cd	2539	fulltext/api/unpaywall/P9b0ce3730772.json
04134e376655e97d4176c827d988437a2d21749ec39edc38022042df5d54fc88	672	fulltext/api/unpaywall/P9b77a57aa69d.json
dceecac25b0f7884273a3a5a08f5ce83632c210dce00f9810d8edf2330dca880	1805	fulltext/api/unpaywall/P9d705ba2d740.json
509cf6af6331e32a04c5f2f19366749f0ea91d9d89240d65ee6d1b7187e4bd45	1271	fulltext/api/unpaywall/P9f2e9056474e.json
a7659fa7ab191f001c3514c13916b6d47d92bf6f3f9ab003d2be0c8b987cc0da	2980	fulltext/api/unpaywall/Pa06ed50f6556.json
bd224feafc4f7418047d6c28a4ef52ee6c173f2faca065eaac7bdcd8552905a4	1431	fulltext/api/unpaywall/Pa0b6e2069e45.json
61c08867a83235ca12b27075ca159a51b4cd7bcf37b9c5ba8804c3e63f092749	3345	fulltext/api/unpaywall/Pa27a1d67c33b.json
0865cc073827999d308250c126680bdbe298bdba3c333f442b8a5da42dac0f36	1350	fulltext/api/unpaywall/Pa5cece391e47.json
9715a9c688815f3cb1018e4b2847f225d0e6dba2aea9a35590476f3e4ced91ce	2961	fulltext/api/unpaywall/Pa617a338a645.json
a9029ad486bcf220728a666810bed7bf7ff28bfb6c1dd3889bef959db5b47eb3	4360	fulltext/api/unpaywall/Pa82d5e634a3d.json
75daffc5737290ca21db3c5295d1c6d04292d74d55bd70c95306c159501c0cd4	6400	fulltext/api/unpaywall/Pa9991d03e2fc.json
c265b6bc62d43046dec578411a98d55ef26075c93e822db1608fc0120adb5af7	5471	fulltext/api/unpaywall/Paa3cbbad393f.json
88bf7ee83a418b89b1585dfc1b91e36c278a6b2c3142bae2532d05b1203e2fe3	3268	fulltext/api/unpaywall/Pae28a7c2b9cb.json
ce71a4495924f00300706d410be8b5538ea5d543cd96567658466780f1eee19e	4826	fulltext/api/unpaywall/Pae69b62079e2.json
cb6dcdbb75c5a03269dd6c9b2cdc73315ef02f69ae4e3162f669daec81099f90	1563	fulltext/api/unpaywall/Pb10092022224.json
95ae53b98a44d92eecef16692bc78b516eeb23f1a95e2026b524ecebfcd1ff19	1390	fulltext/api/unpaywall/Pbc1c4aba0fe4.json
76aaba30f8ea0de40998f6118cb84f51467a44acb85b6d79a0a0e5f6d4141631	1326	fulltext/api/unpaywall/Pbed3bd8561f9.json
c2e7556ea93d060e9c426d9f2069cb9ad466b45593e50bf6bd47f2eed5a1dc60	1872	fulltext/api/unpaywall/Pc392f9662bf5.json
8d14303920afe980eb2a9f5a7749db7d72d6d0ca45527ffb70776d761ece7667	3662	fulltext/api/unpaywall/Pcb3368138711.json
de2fd36172976cee4f3e3eb004c84f7f43b1aed0ee1099e82ab54c20abbb32dc	3265	fulltext/api/unpaywall/Pcb41e95c5907.json
5e1aa82c4436ae7d9abfc2c750671e4049040793346613f7afda851c2a9b6c5c	2999	fulltext/api/unpaywall/Pcf6c6fa55dfb.json
3dde9d8b5119f3f7ae24634b7f0ff44d9dcc8a92b8748767ace8883ac6f07f0e	3844	fulltext/api/unpaywall/Pd3331b7c872d.json
fe3e25e2a3677ef62a7c8995690d000685a820f4504c728e6c6b4b52e2b3b330	1173	fulltext/api/unpaywall/Pd461625584c7.json
e1956c79b975298c7684a7ffb280e22abd1e070b310931fe49057c25b21c613d	1664	fulltext/api/unpaywall/Pd47c2b226e24.json
1da8bcacd22ad39201c66e13f764f50a43a038a92867665c055c6c790c1a42bb	4013	fulltext/api/unpaywall/Pd4ad2b88f325.json
e722df4086940dac7ba74c62677c06a97a702876862247eae61b2320a22c5b5d	5207	fulltext/api/unpaywall/Pd79e2191e0da.json
8785e9f46246d38a2702f0c9459e2a67f70028c17054bf7d47cdbfabd30fbb12	1753	fulltext/api/unpaywall/Pd99436ecd76c.json
56a95b6a30242c69f13afb45027ee78817f22cc60103400a8141b2fb71d37af2	3214	fulltext/api/unpaywall/Pe277ac1de224.json
87ba0f10c5a15b3700c77305186d005ba5557ae3e66881cc9d36f25bc41ebd6b	3447	fulltext/api/unpaywall/Pe596eeeecc41.json
df2a913020f56b8189c1371fccebeedd9f93a9c5ec60eb531ad73a26112cc60a	5383	fulltext/api/unpaywall/Pe650b362c8a4.json
be74a6ef1f283a733c545891bc31f0bd8a67e40b476167e356ec485814c4fd35	3366	fulltext/api/unpaywall/Pe89bdb105058.json
a4e0c06ec62364ecfb625315bb1aa5f49708a1265a5f7ac2b3afd49f07e91567	2970	fulltext/api/unpaywall/Pe8f86ffb599b.json
4c6105a0348e3a1ec3aed29034df6ce8510bf8d0fb043bf969220cad0d1a69d6	1528	fulltext/api/unpaywall/Pe95381c261c6.json
d36e62c9fd0c402aa5a0d4a01e6301e49b66031a5f2e643623bf581ae14bfd60	1673	fulltext/api/unpaywall/Pea5d7fc0472b.json
dc917906a66bc8fd74c634309a2b9ecdb97ee7885284d56b1f22916a5a7fd732	2533	fulltext/api/unpaywall/Peee4dfbae27a.json
8648bc28e7e547b038b83724c5df372f5ffbb9313009e83d2384b445303c023b	1799	fulltext/api/unpaywall/Pf03eadc4f6ab.json
e2e2acd5f12972d8bab8d1edd668b8323656bada01318fc961ef34d187c6c1b3	3491	fulltext/api/unpaywall/Pf53a5ee15eef.json
0d910647fd7306702e95147d5e363b6f3f0bb02d55c48c70ca9fa00c4315e700	1716	fulltext/api/unpaywall/Pfb091333bd7d.json
02afbf257bfc62db64d338472b8720520db981162f5ad26bb06d659228c2a762	2336	fulltext/api/unpaywall/Pfd7250df2a4e.json
89b9754914ce11b73af2f078a21d58207598783e45746f37c1adee81465a0591	65600	fulltext/manifest.csv
1c8d5d3d420bd7d46f3565a7068ce5e577086aa698e966e2317ab22b30fe218a	97469	fulltext/raw/europe-pmc/P00957738e538-PMC8233249.xml
22ef9a108f05d2753a12ac4f91dec2203670b48bbcbd5a638d232f3ff017a825	116459	fulltext/raw/europe-pmc/P02f0b4e7f850-PMC13074142.xml
30bdebbd8b4decd36c0a068b76925137c86cf34d1485fd529978733c3b417a8b	107064	fulltext/raw/europe-pmc/P035b3c61e918-PMC11131399.xml
12cc8e4b97abd80be83c488db99ab3574e9560b9bfea9dda70dcfa6655604c50	91268	fulltext/raw/europe-pmc/P060e13fe92fe-PMC10492668.xml
7b1a4470210af144037fe53de7eed19d6b2c62ea61d3c89f06ffe1690396a969	172574	fulltext/raw/europe-pmc/P0640f26e484e-PMC11491015.xml
70ce25ed2466f0010c5f2da6ed8e603ddbd2584c6ba1c3547361239f4226ddf2	98541	fulltext/raw/europe-pmc/P0988dc752ec2-PMC5376385.xml
77c47fc879d89d7d4790a403860ad7f124851881104576c9eab1184079b344bf	120077	fulltext/raw/europe-pmc/P0a6a658a2bf6-PMC8233274.xml
38f59f68add6c59d36c318307bdfc2c391e59a97af7b4b75e79b0ad5462eba61	119558	fulltext/raw/europe-pmc/P0c4c2a3d0930-PMC12040509.xml
155b9522fbfc70fe0641a339895214110f4dea10c3fcea047c777cad4819be0a	96486	fulltext/raw/europe-pmc/P0ebf930aca13-PMC9260978.xml
8e3043081b88b3d1c4b7e6b36b04e20fac3ffb7ab6533793c3eee8ea66b7fc04	133345	fulltext/raw/europe-pmc/P13a50c7a151d-PMC5954043.xml
494d09880a686266c8f11352e37b8767c146b9c59c1d6885a71885a31dbc5724	191922	fulltext/raw/europe-pmc/P1de4bedca39b-PMC13071849.xml
dec669d4343395a111005589a7c0b37c718f02cf6620fff4ba7f9f09009b7789	131975	fulltext/raw/europe-pmc/P25a8a0815f71-PMC6438932.xml
24433408a9681e30e97ff53e267a7391332460d8ac8c14b3e61f2655919115e5	73315	fulltext/raw/europe-pmc/P2b751a90c22f-PMC10603523.xml
b5f16015e4cf213f55bb353411e9db2e19d1b2d1754241869a7b403246205ba2	118746	fulltext/raw/europe-pmc/P2cab3c27ba65-PMC10583565.xml
c45fe781682c31238da1d7f84cabce788c9f37fe53d558fd3fbf8e483e02e9f5	70499	fulltext/raw/europe-pmc/P2e4f7b903efa-PMC10352743.xml
dfba3b579e1ac6a1f0a497a94f15a4c28e93544747b6d74bfb2a218338e64391	96566	fulltext/raw/europe-pmc/P3182c0fae3f2-PMC11982068.xml
a3fab68d6271073807e9a46fb2ea4299daf8ad67b1555aad4a8c96dbffcd1921	97426	fulltext/raw/europe-pmc/P319a919037f5-PMC6429747.xml
502f4ad0b74e38e9bed2b01e0763627773ce7de60b1ccc97ae57fa3c5a2061ab	120432	fulltext/raw/europe-pmc/P31ae298aa33f-PMC8461831.xml
9e92d481baa27754e56db14c14f460df455544a2fff9714ca0094d7e44d43bef	123373	fulltext/raw/europe-pmc/P31ff012c0beb-PMC10959916.xml
1615bb7f978b5755dc8c5db3cee57061b7e0d4ac7e807e7da79420e45a16196a	94686	fulltext/raw/europe-pmc/P341adbd2ff41-PMC8166440.xml
ac8d1585f5306e89e75e5e2ecec39ee4c7072ccbe25d12bbac9ee0c03ec19a60	90675	fulltext/raw/europe-pmc/P363da78cc35f-PMC3851672.xml
a3f9c2b5df19bab5698bee04f13546410c74b4dccfbd56b7d7da5427e25703ec	97269	fulltext/raw/europe-pmc/P364bb8d93595-PMC12263538.xml
8a649943bb57e2f4b0585f17a9211965dab30b138d0b3ce0b15b3c42b97ba239	119150	fulltext/raw/europe-pmc/P365754906061-PMC9757555.xml
c7878cd10e0eaceb1fcbd786468f90ac99010e1e8d75e3aef431c8c99b76e36b	60962	fulltext/raw/europe-pmc/P382bf609810b-PMC3728457.xml
d206123f5d69763c576d3ea181736ec840ad6376a6721bbb82ec054dd0a2f5fb	120094	fulltext/raw/europe-pmc/P3c8f282ec847-PMC12689827.xml
cc1d457f1baf5b5137f48cc34ca12c2a8c7b6fe4b7cf8c0b106ef4e81c48f4df	125805	fulltext/raw/europe-pmc/P3cdd5d7e312d-PMC7080328.xml
947fdab0a511ac9331d226b11759d2d656a5a734cde72fc89b3084342b95d848	118289	fulltext/raw/europe-pmc/P3fa1cf03065a-PMC3002322.xml
b1648a4712f106ea5ae2ea0bc99eb0c10acb2e698e572894040aa393d6b0acae	65566	fulltext/raw/europe-pmc/P402e54ee500b-PMC4196797.xml
a57d75341120c6cd0a60113758034da60bb3a06df574433dc4d2e767dda880df	104720	fulltext/raw/europe-pmc/P407092b97b3c-PMC9928797.xml
b3a288bb42e8fb1ae4cad1439d051ff5e147ac1d9198a3e3bf1543837a8656ab	94319	fulltext/raw/europe-pmc/P423aa11928d1-PMC8191148.xml
dc7073d0688998211a77e67ba025f203a10671d15f5c20c65419e78eb016c824	179495	fulltext/raw/europe-pmc/P43731963824d-PMC13043596.xml
5be83a23036a877beeef0155f90a81ed85aabb49c0528735c054b33e5ed777ed	136832	fulltext/raw/europe-pmc/P4694bf3b6982-PMC13046671.xml
060b3bfbe2c930110b18ccc27a9f367f388c4d4b564ec78437e273ac713565b1	94291	fulltext/raw/europe-pmc/P4785c62bae77-PMC11244752.xml
ee0b5fe8b3b819533d66b441135dba448ab3a985880ac534b47ffc31ade7969a	171479	fulltext/raw/europe-pmc/P47b90029fc2b-PMC12409912.xml
38232fd103896a1b8f0ac0261c08acaefcac6bcba3559733630ddf1c5be3ff49	241768	fulltext/raw/europe-pmc/P47d62d0ee023-PMC12255660.xml
3533613e243ead63de2c92a3c5a8ee9440f3c3b7e45bbad15e01544f2390d70e	81045	fulltext/raw/europe-pmc/P4afbf0a657c1-PMC6069795.xml
07a43c7696185b2a345759e87c62725b91afdb02acbf57a7e615a11774462ded	111265	fulltext/raw/europe-pmc/P4cb03cee77f9-PMC12119656.xml
895029512a2781439dc56067305f6bc6bd651deed5c8ffab46e82b6b3232330c	94386	fulltext/raw/europe-pmc/P4d386cb3aa60-PMC8513280.xml
044dfd16a9dc7971900a4e17e56c40bb885619f21f1952609146b0a9383e0f54	97131	fulltext/raw/europe-pmc/P51c1f94e8fe3-PMC5770840.xml
0afdb39e73377e3f2134fb81b61a571c93f7c5055f773b5fd5a3cd90da59436b	161525	fulltext/raw/europe-pmc/P57ec0de21501-PMC9396078.xml
1ac0fac1a21b4cc44a73e94d7ee6a825ee841673293d7e022bb1ad07612e4d0c	110663	fulltext/raw/europe-pmc/P595e0df3a2cf-PMC8160058.xml
fcc9913210eae61725e4a78d9209882c8dde48cc82ad2ef206d5162ec2980ee3	81796	fulltext/raw/europe-pmc/P5e2520ed6043-PMC12210699.xml
391d5a4709420294b9327dd92a89a63bad287380e31d3ba17e15bc73b2c6859d	135369	fulltext/raw/europe-pmc/P5e59af1995bc-PMC8591892.xml
16c20a128f758652f9b9aedf0f483fd149f08f9cfc6d2443f7e4cbcae42f1920	113104	fulltext/raw/europe-pmc/P5e758f731736-PMC10422850.xml
9601e48ee709a4b22bbcbb757bbf711c5dd4f3e64f4e7b7dc539fe44d5f54abe	96482	fulltext/raw/europe-pmc/P5f55b4abfab6-PMC9761796.xml
fdbfbb312177455c95bb718a652c693e9a076479590d36bc60b5cc9cec3323c1	127527	fulltext/raw/europe-pmc/P60ec96d40fd5-PMC9356948.xml
fcfcf70e9dbe0c48a0079ae5935c89b7b66640e0b685e03fbde0b2f56243392b	210885	fulltext/raw/europe-pmc/P64c5339b0827-PMC5836982.xml
8608e077d5731c11e0f5168452c8c33ae25cb5c5ec423d67008fd2a2047c76fc	66913	fulltext/raw/europe-pmc/P64cb4c6cde33-PMC11365122.xml
2128bb4d586faa773023add58c0f9ed1f997579aa14226d5c786d91808264ed8	94447	fulltext/raw/europe-pmc/P65833dc071f5-PMC5602004.xml
13345e6caef043a4ecf1a8b54e9727b629ca5d280306c6e3824efb35cf8d3b5f	130716	fulltext/raw/europe-pmc/P659b9e581813-PMC3728441.xml
98b94985881d63e068b779835739c95040ad1a9db72c6780a2b7faa4417b18a2	117716	fulltext/raw/europe-pmc/P6958d2dbffde-PMC9164342.xml
613406147b1209e930cefca3832080b4814ec98b7aaeba50feb874197617b94f	62523	fulltext/raw/europe-pmc/P6f83eb0be663-PMC11782394.xml
2055bfaa18972f3ccf8347d28275ea5f5bea41c69c0085dfecac3a99ab3ee94c	94414	fulltext/raw/europe-pmc/P776803e6fb45-PMC6182460.xml
961ad306014e715a34244e215666a2e6c9a6b4342cdff32626465b47ba0825c5	138291	fulltext/raw/europe-pmc/P7b8a6079aed9-PMC6680214.xml
ca3a9d4d684b9364a978f5c87b49ef72e40b4710450f560d027e33edfa2b3bc5	258336	fulltext/raw/europe-pmc/P80d13ed3ef16-PMC6973536.xml
bd37d2861ef350cd0dae8ec593cebdfab9956c6bad0b02381fa3d109e8f52bbc	135844	fulltext/raw/europe-pmc/P80da2d41590a-PMC9829595.xml
377eea220ff27f4031a87d0159bdbb7ce2953ad664c614702591cc325a9031af	134719	fulltext/raw/europe-pmc/P81b66c580a32-PMC10721573.xml
55619beb1dc7c1ae86a9ec5d67992e593949d9e6368ceb21231b2cc4fd3a7a92	120683	fulltext/raw/europe-pmc/P837f91603190-PMC10262504.xml
de79d78aa4ab8fbe14edd9c8edae80b877f9b55a7afafd646b1af59d3d5e7fc3	130022	fulltext/raw/europe-pmc/P8602ac65b5dd-PMC5656740.xml
c78989d9f200f02f097939cc25dcec408d215f40ee8f9c5f016eba4d0500d77e	115896	fulltext/raw/europe-pmc/P8c273438ab63-PMC6613173.xml
97dcc0554cd01f133c042793a9ea12bc70dcecf3a748aa9fa8cdd4060d342bae	131743	fulltext/raw/europe-pmc/P921bc7a720bd-PMC3728453.xml
ddfa202eb81f30e9bd2ca9a3fea34b357374d5d0d9b47c7bf417b486f8f15666	161684	fulltext/raw/europe-pmc/P93749e68c902-PMC11937146.xml
4d5082bf4f4f47da507d25d6fc612ff439646642ab49f0b071befc6099f39579	155417	fulltext/raw/europe-pmc/P94a68185cdbf-PMC9188617.xml
c5eebbbc8e478cc501d9fbf96110925cb28f2e0f14659d2746b6acef0ec8eae2	77199	fulltext/raw/europe-pmc/P987f843c459f-PMC10099528.xml
88194d545eb104f3c65e101df8ea87b173183358a0cb2542e24d3fb95e70fbb9	154921	fulltext/raw/europe-pmc/P997a842f2a31-PMC3377917.xml
80e0cbfc1793d179ae6dad299009718e3b8eef642768847bd1ea29d28894c6d4	139069	fulltext/raw/europe-pmc/P99f16afecff5-PMC4118278.xml
f70038c55632e614a250656e443c1e7e7cbaff64f6c2ae0dc3c5d8b6ab6dc7ae	124053	fulltext/raw/europe-pmc/P9cd3ec6c2594-PMC9758088.xml
bb1ce01dcc0cd7a81b9822cbe9f595276cac6d2fdc0bd7932530f749d6cde92f	123682	fulltext/raw/europe-pmc/P9d193fc1cb20-PMC12425544.xml
2e1cebc0108c6fcbda08377396fad8012bf8ccdbcbed8b62102cfb924221e8e1	149834	fulltext/raw/europe-pmc/P9f5e73c36b66-PMC6182499.xml
8ec30e5336c07d460173f7b973f35987b12bddcde51f6148d0008559c1bef5f4	71835	fulltext/raw/europe-pmc/Pa1a951f05c97-PMC3728436.xml
c277b98b16b9b5f8919797fb023defd348d3a132c03f7ce4477cbb3b09e6396f	224736	fulltext/raw/europe-pmc/Pa2b8960609e8-PMC5947896.xml
6f6bd3f2a3e7329e60d5ea61cb3bd3fe292ec49b84182ec3d3fecf71a85bdfef	65673	fulltext/raw/europe-pmc/Pa3502fe92f1c-PMC12119705.xml
7b2a9d7cea906a48eaabb3cc82974ae51cc8dd0f357d575cc7a8a802ff58ce7f	101062	fulltext/raw/europe-pmc/Pa6c33007eeb2-PMC12011929.xml
3e24af5686be9b63c3d75ce0aa100de50ab63132e2fe902349285df87b6d6aa0	91385	fulltext/raw/europe-pmc/Pa6cdf9a9c957-PMC10063498.xml
26ff109479b19ff18307c2c9ff3f46139d87539376131efbcf97e660d982b04b	90810	fulltext/raw/europe-pmc/Pa93a837fab52-PMC7006062.xml
066910732405e39498607a85b92acfaf133ad82e31c3e75fe1fe288ab62de6d8	120440	fulltext/raw/europe-pmc/Pa9c1629ed0fa-PMC12408752.xml
3a18325ef8e031ae8b533389ce713be8a3b892b757f9d9953597d40cd1656239	179917	fulltext/raw/europe-pmc/Pab012f7d14ae-PMC9446433.xml
7e66800c023bdd13db7193b691b6b8c924b0b4d8b98dec6f2cd36885436d9315	177381	fulltext/raw/europe-pmc/Pac1310015ab8-PMC6055741.xml
438ef38e9f2a2b06ce82352668ff77eef7aca23e006beb12fab66f8cdb935e72	253284	fulltext/raw/europe-pmc/Pae5185ee3e27-PMC12689740.xml
563e3c5a3fa6d4d3f4fe26333cd018d4b58112084628b2f77f6009d53b204985	83610	fulltext/raw/europe-pmc/Pb599996d5562-PMC3728439.xml
78375c9889fb3edbbe8a2b59963342d3f825025157fdc2e28127e0824d035899	128266	fulltext/raw/europe-pmc/Pc0366f265fd4-PMC6613181.xml
b5b2bfba7d44e136a29a239b2c705c9efe6ce6760f5e4a2002140b560cd4b199	322341	fulltext/raw/europe-pmc/Pc67dae20a365-PMC8977045.xml
7f81e965195c96a87fa871bbf7ac1135d886e19bdec4806af9ce8f83fbc078bd	97435	fulltext/raw/europe-pmc/Pc6cb06badb33-PMC7682473.xml
241a510b2b2d731d2a9deff77f5f21a50bb96179709d08c45b37950191e9ebde	88361	fulltext/raw/europe-pmc/Pc9a77fba9c71-PMC11881766.xml
2c949254998c81d6632b8c51fd520604b76b0b21add03ac8c68f0503910d8d46	136255	fulltext/raw/europe-pmc/Pca479813d190-PMC11555889.xml
b8cdb3f75ebf8115f6a6bf2613e9da7df601b0f032f7a479a71ca6d9745e68fa	81199	fulltext/raw/europe-pmc/Pcb15e276bd98-PMC8285298.xml
efb6f54b4a16d0c2ea73f85aabc4bbbbc55c5947e9958c659d4d9eae4b509fd7	133542	fulltext/raw/europe-pmc/Pd83200fa2a57-PMC7370458.xml
1bf2b54ec915d51902663e8b8b2de3416c7f09049554d76bf53b66da1bb9d021	136389	fulltext/raw/europe-pmc/Pd988aa68ef3e-PMC11319571.xml
c91dba6b0e6b2afc5af21631c142d2fa0898b4309b598c6400f727b10a825eaa	157518	fulltext/raw/europe-pmc/Pdd3d4c609f52-PMC12119695.xml
81b66b1caa5ab1b537a40140de677b620ded2b08ce44edb35c4669463fc6fcd4	132102	fulltext/raw/europe-pmc/Pe7f879384e99-PMC13188302.xml
9a63216fe9de7eba6bc68cad2f245fb162b200ca6ab4418073a5cf0170b1ec3f	138447	fulltext/raw/europe-pmc/Pe9255247bec9-PMC11000630.xml
76b7446a202b9b610dfab34102ce8dfa5992d892060d3548015785f2b7ee05df	111632	fulltext/raw/europe-pmc/Pede13ecd7984-PMC10759067.xml
165b8256b1010048de3ec5dc1fe5158a0134d8487762f3fce353883b1b6c0175	145967	fulltext/raw/europe-pmc/Pefc74b78b2fb-PMC11343818.xml
9e6acde89edefdd89f792a348d0427f41d5fdc6f6df4bdc0a389e36e19a86896	80536	fulltext/raw/europe-pmc/Pf0d96ff25df9-PMC5984787.xml
62fc126d2dd9f97eecb6f4802c8ca9901b007fe460d9454c9e47ab2dab3e3ff0	268179	fulltext/raw/europe-pmc/Pf2c99a55376e-PMC11225496.xml
bf0634600b4fadcce9cec6eafd1b6306052f2d6a672c22d5545acf4cc3486233	183101	fulltext/raw/europe-pmc/Pf43c5878914c-PMC6791017.xml
b7d23612365b0541131f9b92a4154f4441e05ebdb71706e383953e618721de94	163960	fulltext/raw/europe-pmc/Pf73875a260e0-PMC9043148.xml
5f52c51c58bcca26e613667b59fbc79adb6d6c2a5d8755e0307480d109fd1e1d	102684	fulltext/raw/europe-pmc/Pfb44a46bf1af-PMC5336647.xml
7f090f026ae89e7b0a2928a20bbea0350b3e9fd1248e5430d7fdf7749da1f2f8	254278	fulltext/raw/europe-pmc/Pfeb50169c3ad-PMC7397669.xml
6a209d76a00b198fe331a528a5bbdd0ea1553671d258d388289fb863fa92d7c6	268555	fulltext/raw/pdf/P0cbb0f98ea9e.pdf
07c0b00a9b21112fb3a1180c6a3c4c7a8b59b2a5d9c4a68e0fcc74a9c36a0224	622389	fulltext/raw/pdf/P0cd61e3fa9f6.pdf
5ad3e630e9815c9ae0126ae672fbfc5cc102cc0670258966c331aedef072a3af	1041540	fulltext/raw/pdf/P2a585bd1b140.pdf
1d7aaa6135149e1bc34e2b3968cadceeac03b51aa6b3dbf6f9349c1972ac9648	1091207	fulltext/raw/pdf/P402a8ba12b72.pdf
70f1b66bff4655b1fd1cc228eabab7a3d38152a3f6fac0a61852e1df928344cd	1067172	fulltext/raw/pdf/P601dc8d65336.pdf
d29c47a7a5522ef5eaffd089bb4097a86a83440902e04e2b54a65e9659bce5c8	1438343	fulltext/raw/pdf/P695dbe6ca4ca.pdf
60b05fbf14fe56d36f92db4363b1660f041f32f1bbebe2fd4dc159fba48a97d4	620864	fulltext/raw/pdf/P6a96643b512f.pdf
6b65e620f0f77f4151a7c4b9e3cc568288ea8d4e212ce3a7f62b2c46c42c618d	498554	fulltext/raw/pdf/P70ea9c866ad3.pdf
1319e2c14e820677ca2f8fefa964b5b37141485fd87c00e8d232ffd7f5fccfbd	50895023	fulltext/raw/pdf/P8ebbc3586cf1.pdf
11acdcb3e4ee98fe7a4c85e771bb4a42ff628e9c2fc4fe0ad625d45b5778929e	1692928	fulltext/raw/pdf/P8f639f3647b7.pdf
54e706483376ee886d77b92763af060449e6c2baf577c8d96eae82bc156497f2	741507	fulltext/raw/pdf/P9562cbd1e70a.pdf
aed92cde36d1e9d8ac886583cb5923977eeee6da2eb379548ecf49a0c20dc7d3	395524	fulltext/raw/pdf/P9b0ce3730772.pdf
cb68e51397eb602732ae08cfeba52ee1c3b8efa79074765967e9bbb3b6c0a444	1136683	fulltext/raw/pdf/Pa9991d03e2fc.pdf
f10dee887587d09333165df8e1c1d9dc38dfefcb63450741463b590c9093886c	498939	fulltext/raw/pdf/Paa3cbbad393f.pdf
6342432eb2d662f6bac853632873f3edd0183889ba733f6a6292a7bc0fcfbd41	799921	fulltext/raw/pdf/Pd79e2191e0da.pdf
9574943dce53f4ee4ccd8c023ed1db522c2402ef8e9e8ea87ed6f3f642777533	788276	fulltext/raw/pdf/Pf53a5ee15eef.pdf
0500863ec82e9511a79dd2ea72f49dfc0c9673b3dd0d650b536092145960f233	2165456	fulltext/raw/pdf/Pfd7250df2a4e.pdf
4c56c9522a1f9145fab035bce6a7ac06a234d0e7667eab3e520c1ba269c50cee	625	fulltext/records/P00957738e538.json
5243539d19fa062db4cd046c8f633e58e1bb900b4263d8e61dc47347815ab746	805	fulltext/records/P02f0b4e7f850.json
19112ccc1d11d3a363f425309cee1ec9a03153e6da91462148cba65c204dbc10	591	fulltext/records/P034f025c9af2.json
7a55f83adff5966b466ab2032f74b8ae0f32f4b8d5b77f1f2fbec69526d03c97	716	fulltext/records/P035b3c61e918.json
fb216cf2834362d520b72441af47d951199d9d4deb8a9666de9e7b2f024c44ca	1225	fulltext/records/P05ea14c529fc.json
5bc5d20a4fb821462652364ae226be58427e47ab8a0bee269d81dd95e3bdaad7	716	fulltext/records/P060e13fe92fe.json
2a7ae5e8eb42e6437216059459c0f882f62b26fb1c7e75b9e31e0bfefbb81955	729	fulltext/records/P0640f26e484e.json
aae7ad1ab25ef8edd89505b2c5f686b927a284c666f4e221bc7e373987165e2a	1068	fulltext/records/P078c03b5efce.json
3d4358001a6fc00dbfa28fb43711bc26578d47cab783d5af1d867c8ecd2ba426	1162	fulltext/records/P092aa08c9320.json
ddf0ace3785388f14cdb90e9d4ea334b8835e77233bac23c42b0605481ce4e69	704	fulltext/records/P0988dc752ec2.json
af8175a1b14c8ff0d9c59055ea8d37429da8a099f164df44911335000641ab8a	721	fulltext/records/P0a6a658a2bf6.json
6325c1a1dd08ea7dd2a6e8ceea06da29a414e99e354b89975ee4d0fdb3ed7197	746	fulltext/records/P0c48b2afb94d.json
b024243769b688f2af1a36557c1f58988309471c371f57fb4ed44060dc21bfcc	685	fulltext/records/P0c4c2a3d0930.json
50a8633a534ae509fa80440aaac29a990c258d1a1d71f0594b55ac63dfb7cbfc	894	fulltext/records/P0cbb0f98ea9e.json
ca5a217f485d1dafe569d680014dc530d7c525d251ab674fdee030f86c995420	1411	fulltext/records/P0cd61e3fa9f6.json
8c9480a2554bddfa6466cc47a4f5ba26902fb5cb4de58dbe6a3178e454b0ec9e	633	fulltext/records/P0ebf930aca13.json
6d3915c922c4e3a416bfcb3d73f615609a81418b296663d7a45431c790c389e2	661	fulltext/records/P0ef22a2d682a.json
51a2f916d90b58e4e205abcd30eedfcc79ea44fcebcadf72b6777fd5e619f235	1486	fulltext/records/P10d2724e57c3.json
e202e58cae555ef6c73ee52254b95b4da07d83cc1f721e6500b06b56014d6b9b	1059	fulltext/records/P1141bb655825.json
261aba84c03a81256066b17b12a0771eedce7c2fb161e5c456de96781a96bf9d	646	fulltext/records/P13a50c7a151d.json
dbd4e073211ea6f45630133eba2f4c882daedff22abb9333be00571fff406ae0	699	fulltext/records/P147e4c75f89e.json
9b57819b8ff38a952753d193627f0ae464a765c80132722799b0f790f8f336b2	713	fulltext/records/P197cf1f57e96.json
c6fcd9d4ccf3b57fbc6c302cbf9e142848f4de98b40982a44987f53851df3fc6	704	fulltext/records/P1de4bedca39b.json
daec70d13b0f911940aaa373804c206ceecfc2ff890675ced4bff439a791cca3	819	fulltext/records/P21b08206cd9b.json
9f99aae2eb9618a1a81a48e2fd2920b8585477afe68824f64b9314caf09ea286	947	fulltext/records/P239faea706d6.json
376b975129d5e771f8000f69638701e6e2dbe29cf78d7ba24311af22db4ba336	667	fulltext/records/P25a8a0815f71.json
ade0f0d64d4eac9da9632870c4418d1c6aa1bc1e46f47d84fa855b859b12b374	943	fulltext/records/P29d8cf63a7c6.json
7b9983600499b07e7590ff5b9e3cab9c39e5a854cb0dc2ad9094903bb4d95776	1561	fulltext/records/P2a585bd1b140.json
13520d8193517e25e6b7b3b931102e68ba95625b788d0a2d752b468ae7c791b7	763	fulltext/records/P2b751a90c22f.json
144893227cd1b15b1c024527db4e10981e737387645de3e9bb4b32c70fa40cec	1487	fulltext/records/P2bbdfa14a665.json
2ea60f9491155a8e3867711157cea773d46ad5fa74023b0997da553069e3cd76	669	fulltext/records/P2cab3c27ba65.json
e8ba8e80bde3dcc2d66cfda0f898eac3f7c8eca8f45e9584ba990efc51cfa59d	668	fulltext/records/P2e4f7b903efa.json
459f68da300d3a0c4d6c135caa383b7560172d86d70b1b9b48fa24f441ed0ba6	710	fulltext/records/P3182c0fae3f2.json
0ce4500f1303376e881345c71a7907be61827c5444fb52d888ff1e634fbfb60d	719	fulltext/records/P319a919037f5.json
0714894b31942567a61cd09d211e460ca2cfba66db894120fe2fe0604ebea7e8	721	fulltext/records/P31ae298aa33f.json
d5de888fe9227cc59004dfe4b43570ed2fb2b7716aae7e5756bbe07b45b3a333	724	fulltext/records/P31ff012c0beb.json
d188acf77801947be340056640a783a6af5c225201c4e2a1f40b198fe7d240b3	782	fulltext/records/P3398c4c18697.json
13dee0e8727e69561ef13e3333f20d127de3d872a6fcdf645d0448180ac83e24	701	fulltext/records/P341adbd2ff41.json
5be149600cad35c1faa1ba81921829ae82be6ca8ab11a8ab4305af55173174ad	689	fulltext/records/P363da78cc35f.json
9e9d4fe28e86f776141818a83ee3e3356f26e4eb78173bc13600690c66782bc1	730	fulltext/records/P364bb8d93595.json
627c38500dbbde3c0fd22f3bd55d44e795669f38930afa2b0bb504c18b396f0f	683	fulltext/records/P365754906061.json
c0344a52effe8a904cc341acc47106f4b955b5f68db9388843c509a34850670c	722	fulltext/records/P371ccbf7c0d5.json
813dd9019c0ee87de0f4a881d13b8897a31e6c19f2e4feb19e54d394e96b2723	670	fulltext/records/P382bf609810b.json
6d8c86ffae85ea71fc030e5c8d0e40a1d51294f7c88bf443074b0779378f5e76	739	fulltext/records/P3c8f282ec847.json
6717094539ea78315559c8c98c4fd3ae0919f940fa9004e8604a8c53f6b5fbf0	625	fulltext/records/P3cdd5d7e312d.json
ba4e677d3dbc66f0d7be7024b0b9a1912d07b768eb9958e05a8cb3c5b11615b1	1088	fulltext/records/P3e2170e62c8b.json
c80450759e87083686ea5318b731676f53c1e1b71b1a6e0e1ffb3b9834a39d97	1081	fulltext/records/P3e8fad37e4bc.json
6ae072cee1f530e0d166cc0e07cf81f21b30eb8b7007de3c0f396dbe847fe933	634	fulltext/records/P3fa1cf03065a.json
b7e0001acb84a85d0e6fb46ca96de002684696cb4274ae43e23a6be884f9a4cd	1813	fulltext/records/P402a8ba12b72.json
b18de175fe3f3df0edcce86d3ba41ebd0aba0c0515d6c0d610edde44b22def4f	720	fulltext/records/P402e54ee500b.json
79797cbd60a3e984edac1d01a6e3fc2b2b9704e8f64521c4e06c3d5923cbe800	651	fulltext/records/P407092b97b3c.json
30f4605eaaaa5b8b5eca0af18a7cda268cbb27be8f0d754a81d6ffb9259cad46	696	fulltext/records/P423aa11928d1.json
0a318255dcdc783e4d967fb5a6f44f37dbd67aef2dbfb09d052093e5a25405a2	710	fulltext/records/P43731963824d.json
457b13189ee2bbb34179d1034eeaae36fed30f1658cd772e01c542361748c7cf	720	fulltext/records/P4694bf3b6982.json
f0303da9c2823e30af6a6ea154ba9215f26be5b781e4e28238a2e227b42bad47	669	fulltext/records/P4785c62bae77.json
df1c1e2dd8db3e0321b3d1800df84f8bf053c39599c4e3512059b9f6fd550452	752	fulltext/records/P47b90029fc2b.json
24f042d1c5ff072fb83e436c1c8a752338cfe6f9777cc9ee5be2cc36fc36bcea	685	fulltext/records/P47d62d0ee023.json
54f296576e39093eeaf68813d180705cfa4d78664806baee64e5455acbeb679c	726	fulltext/records/P4afbf0a657c1.json
b918a726211bc0084a3596b0d6b08fe614134290d1ca6eef607a28592192d300	723	fulltext/records/P4bbb249162d3.json
3b5093ac5f2aa61772a7cde0097179383addeb99779416ae96c9ae3b31acdbdb	1532	fulltext/records/P4c6f1f6e59cc.json
6d02e01ebfc1df3fe89661cbfb62c9677a1e5d3b4862b761fc802577a1532d64	767	fulltext/records/P4cb03cee77f9.json
848b15975d9434fbcc9ab00a8c770530428ba2ccde4a20e6ea451802b433ef60	667	fulltext/records/P4d386cb3aa60.json
5b74417b8e44a468076094659d082f68a77bf0000fa86a1720e099256982130f	895	fulltext/records/P51751f1493e3.json
fcc04d916021c4aec9439be7176081be089e0977de8d5ac72b1df3f5aad5c0ea	693	fulltext/records/P51c1f94e8fe3.json
d623dbde75f71edd0b453103ba972872a56077b78027cb180f678efde80c098d	624	fulltext/records/P5331d950e684.json
f85e7602896ca0849bff1995e72bfcc54ef6640d292c206fc27a6a4fd9b44758	1041	fulltext/records/P54d14ed7d4e4.json
1eb65a3f586e34916897b3134ab4bec916f04f8a7a8293c23fe512c24c88df13	700	fulltext/records/P57ec0de21501.json
11156aa5f4f6f891a9204544665760bc89cf377a2825074520fd889753078039	1004	fulltext/records/P594ced259c8b.json
746e7f1c424274d5941b92e9fd2292d9445ea5ef587864657a172b5cf9cc4c09	711	fulltext/records/P595e0df3a2cf.json
162733888a5f8508d929b61cb66e5d4c93f4cee12486f94e01321f38aa5e1499	827	fulltext/records/P5a10aa051f45.json
2e31dd8d4610842d97474d08b8da5adcc400ff3a7eb3f86ab5744d03731f72fc	911	fulltext/records/P5adb70ae1f53.json
24ce923392ea07bf7ed874425f1acccc220e457d215a3d52c39c9fac08925550	773	fulltext/records/P5c074146b339.json
ad5ea74088ea023ac4013a712f977ec6d64be4a75c6d8314a9813e4b97c58335	755	fulltext/records/P5e2520ed6043.json
967d0d7a89241bd4b26d28708b045a0adfc005fa698eeb78c0d258bb00aceaf3	675	fulltext/records/P5e59af1995bc.json
230353f0c2375a48c2db5fd44620a12a6c7a81290f2f699fb3a1d18551983c29	788	fulltext/records/P5e758f731736.json
59f64e8bdaa5182e91d548da1953b474b33bc68da7c34279f2cb3ca5c476b925	549	fulltext/records/P5f3cb6513ef9.json
4983d0ab956df9420ab19537167e604186d6c697d4656c194111f94da327d041	670	fulltext/records/P5f55b4abfab6.json
547f30eed995e72306d0c5db37d94d608b1e2631d0354d359b14fed17b566d85	1824	fulltext/records/P601dc8d65336.json
4c66c379194bf9ba322a26df3160664c1d519d2846d60cb4b81ddf1fe808f68d	643	fulltext/records/P60ec96d40fd5.json
a5c30bfe6749a3a701cc5b42db7dc2cc3d48155c1a67ce9b83a941151d807344	657	fulltext/records/P64c5339b0827.json
28daf6c8c069e200f5d7d5ef125435788d0e833a4cb29210ed4c3d63db4e91c9	744	fulltext/records/P64cb4c6cde33.json
f1a4172e4a56d549c3ff80f11926c0b0d90f455f1dca9edd5534d9e876acd082	612	fulltext/records/P650f5e85d7ff.json
e8812a0dc8e49a1671ba1c8b187d2a84d59dc334b287ae3c0920047d8a22e1f0	713	fulltext/records/P65833dc071f5.json
0057ddd3d2f5ce45ceab573adf2e551c9357a8260eb81b78f9080aace590dab0	707	fulltext/records/P659b9e581813.json
e81506109acaa16b9c6c92b9ff9069767ecf8ba2c5ad12e2e4000d28135f55f9	1126	fulltext/records/P66c6a996b172.json
7640cf7f33a2e202cafa1527893421ee53799eeea5b923b01f634a6d455aa552	1177	fulltext/records/P66e000c1a289.json
7965bde11269c7065aa38b4417ed468ee9f06952964bf1f239efaff9688ab12c	686	fulltext/records/P6958d2dbffde.json
db2d124466e36cfbb3f3fab33ec6e308eaef3c74fa2dc2416ec83c08c2ff06a1	1026	fulltext/records/P695dbe6ca4ca.json
abc1ff166447f7f2f8d4b4b229a9c002906187d0c5ac0fb9b239a05a71329452	913	fulltext/records/P6a96643b512f.json
f020267586a79394bfe620f9940be34aedc0c0e3c40a63dfd9aa81d62129c19c	1511	fulltext/records/P6ca0c804f48e.json
4611724fec1e4772d694a99055be7adf95853d39c295e20a7f5884c55c87e622	702	fulltext/records/P6cedd861f14b.json
106d0e5ac9396671b194858f435a7dc7f9cb155f87b3a7ce615d90746f0afa77	688	fulltext/records/P6f83eb0be663.json
e0c819581060ecbe13820d8fb0872b338eaf952e27bddd1b0054b14be22e6ec5	1261	fulltext/records/P7027159adc3c.json
c7908835d8ea8b38b85aaba3a39b8b357dc1895acc08a9859dad1c56d79cb202	1225	fulltext/records/P70ea9c866ad3.json
5c610cdb8072b3df451ddfba003161482cf7bfaa18c8cd18dbfb3aa446b6bdc2	1247	fulltext/records/P711bb3c4e60e.json
0f870a26556757790f2867c8d93ab9d83ceb37c4000a4fcd5828d84a910a57d8	935	fulltext/records/P716dece10838.json
7bc726ea2107256a93d803e7f22c1ca179d71787ef62b8ec25cc0675866c3059	624	fulltext/records/P75339c6d635f.json
75b21152955a0e7bc9da683eb57132b2eb1122508d2cbc07631d58be8838532d	654	fulltext/records/P776803e6fb45.json
06f5f188d3b660247feea35be119d106ec255dcc3b9c870c465be72ad9f026b8	535	fulltext/records/P7a37ed9adfb9.json
cdc27003406850cd7ca9d4db5fdf5531dbb155a332590ed4cd103c563577fd41	880	fulltext/records/P7a4fb3bcfc98.json
95db89c996b76afcd17c532222b7529dbffbd77aff8d4532c6b11fae2de50ee0	653	fulltext/records/P7b8a6079aed9.json
360d8297c4418ac549b4652e74b5e5d0feddbb164b5b6cea358cc5e8ab980af2	1030	fulltext/records/P80bae15dd798.json
80bf310a08566b54a86f9f23f6fcb80dee2c83c7d33188fa5709f08f3c1eee46	720	fulltext/records/P80d13ed3ef16.json
d2b391f0a36d29428f43d3a0d4b6590ff095eb4469e9a459c8e2f1b896bcb3ca	694	fulltext/records/P80da2d41590a.json
982c176c4d3129b73155f4e49439a4e9e5d6ab7c38ca96464265e6fd0f0ffe6d	634	fulltext/records/P81b66c580a32.json
19243342f0845f4556fbb77e24b6ea1f4a3a104b875a8849b0cd16382e4467b0	1076	fulltext/records/P81fe3275ea7f.json
ffde6cf75e7c6c9f71e1ed47db54a6194a36a2fd8e9e74b5e77f6b9a1401155e	773	fulltext/records/P837f91603190.json
9899dd31843be5a52eb8deb2cb8564a0d08b8b773944d8365f374944f2c3ee1d	1107	fulltext/records/P85481b1179a6.json
4ede2afa04072df6c0faa8bc52a2908a8a61b825bbdcd98819e24a4b1cd75c93	1110	fulltext/records/P8590e631ed76.json
91786e19e6ca748483354e8fe330c9ec5115604495c8b5a518b1f84bedbf03c9	622	fulltext/records/P8602ac65b5dd.json
b53dcbd38825d7e62302fd4b99bcbfd651436369f3df107bcf7c07f1297c72ef	904	fulltext/records/P89b70ae51f32.json
0ada77899eab4321c3893e3ec251bcb71945976f4b3db507b70ac91910285cf2	671	fulltext/records/P8c273438ab63.json
938ca42536882a747577cc833e4bcc43c1fbb96f5991423f1cb97baccac2921d	717	fulltext/records/P8d488800e756.json
8a224babb5f285deae84b4a678e91b3d4e692dee3a37e70ef65bcb526505113d	837	fulltext/records/P8ebbc3586cf1.json
debd5212485a70d7830b25e202490c30a14a7cd5323b67d23ade74f343414f43	1568	fulltext/records/P8f639f3647b7.json
3e94d0a526434a9f822c4bd7d945538d8d190451eeeefd70c6f6bcb977cfd62a	639	fulltext/records/P921bc7a720bd.json
b6ae3cf030bfb6c0c520fa2d26608eae8105f868ad98affd4424826c36a38b30	1110	fulltext/records/P930cba5247e3.json
44958b93b4951cfa3f2d2dab3c6f2e4c298952478561af8ecfc77159fae198b5	629	fulltext/records/P93749e68c902.json
6a28034c04f4cb1497c5fd1752eb52d6ccd9dd28de495cb4cbc6c5ac4d6230a8	723	fulltext/records/P94a68185cdbf.json
4e5f8429b522c25e28285d089caa29b25ef1e0e2858ae93173e34c812967d345	1388	fulltext/records/P955a79621a42.json
0300f404c2f698590718ed6ed7e00a8e9e60029bca0dea50a8aabd6e80ed3402	936	fulltext/records/P9562cbd1e70a.json
3c76fbfa56b9dd2890ec548013d2d52a7a98de8f3cbdca29b12c241621c73966	1143	fulltext/records/P9783a01b4c2a.json
ad474b3df95b94ab7a6d587700609fce214abb15f716ff1d304ff46a2dcd62a3	744	fulltext/records/P987f843c459f.json
bb0ce3c47651bf4ab262557241a6e47c89b33f83c7ccece1d4d690ae68bbd572	1049	fulltext/records/P99751effc1c9.json
d1015adec7386ee58afa65e847bd06c314ebd21ed0c089dd61fd396bb1520b12	690	fulltext/records/P997a842f2a31.json
78ea7cf30443f5c4037f6c848158c4687f64f92a5100783f77c385c9e664758f	669	fulltext/records/P99f16afecff5.json
e8afdc879b7ad17fc5426228a94875f73c0b1b877d874c63640e76cb63421e4c	1331	fulltext/records/P9aaca33920e9.json
4b97fcccb987e6a1b3ec9f784b08f565fb5d857ce54df22af0a9ac633080d796	919	fulltext/records/P9b0ce3730772.json
557a562eb49517ed604ff7b7a7e67b111d9a959a477799328b056b2ede06b891	544	fulltext/records/P9b77a57aa69d.json
989959b499ac5c46c2f41c85bf5b2a7cc010d9e3438bb1ae82a476e2479c500d	674	fulltext/records/P9cd3ec6c2594.json
3b1117ec2578642963b400eb2ecd94c67af3ee4befe0d8fb17ea150738b453be	718	fulltext/records/P9d193fc1cb20.json
c323a5f68c6830d39e4c520554aacffd09dd5f4a6d7d846a2ec362d2eea74ef3	809	fulltext/records/P9d705ba2d740.json
c6feb7b3c2eb8ec2a2fa9915cd967297b689a41ba88298b3b7325a0f99a8dfeb	1015	fulltext/records/P9f2e9056474e.json
3395a45319913dfdafc9537b76012a324eef0ad634455c09896eb6a61570a67a	672	fulltext/records/P9f5e73c36b66.json
9b68bb7e933d6814b687316308da54a91f7d0c47aa06a74ace90fff60dffc39a	911	fulltext/records/Pa06ed50f6556.json
73cd691dfb7ca250d788760b4a6ee55ca115da0f83426b3b504004d2ccb9d7a9	862	fulltext/records/Pa0b6e2069e45.json
ff3f7bb52f2c74df3c04906b078ec4af7c6c070bca4c095098b1cf1a76bfe1f9	678	fulltext/records/Pa1a951f05c97.json
ded5fc36d88ebd9139d11aac100b2a7bc9da9ce93f1a5bf738f62a7fb2fcfb96	875	fulltext/records/Pa27a1d67c33b.json
c8353c51c35d1e332be4ec3cf0518e5ef9001d6109b56f993c0f44d9faabf665	722	fulltext/records/Pa2b8960609e8.json
f5f7552c3e0de772e0bfc6d5c84f56aef155936e5ba83d05fba05cd025c58c56	783	fulltext/records/Pa3502fe92f1c.json
4308f55989b0ba9d7d6ae46d003853b5cebe91fcaaf47986dc500e51c87119bc	594	fulltext/records/Pa5cece391e47.json
768bb048307d52904fdd5153567b27d82c6d64d2b61ae21eb87edc0ad776b60c	1803	fulltext/records/Pa617a338a645.json
8ec9453d4500e8fa5f636a1587a0c3efbcf4823af3f5d0e0ac73a7b7985c0186	656	fulltext/records/Pa6c33007eeb2.json
23ba76370ec08d40d266492233dbc83f5fe6912c6df0c0d141fd4db54621b8f0	715	fulltext/records/Pa6cdf9a9c957.json
04da2741a64b98cf918663be3e9d4b281c6d4d056c22450728fe5246dbee2d3c	1304	fulltext/records/Pa82d5e634a3d.json
e65f8f955db4d33cfb5b78c0240397dc9056bae0abf8add558a5acc16f0b26cf	707	fulltext/records/Pa93a837fab52.json
0eff2e4c7362de7e25ab4199e49712647d8386329d95d8cbf1f6d8e79645a2ad	1499	fulltext/records/Pa9991d03e2fc.json
0ffa0d789f769d1798c5c82ca884114e68e4a9d23331214e76c7c0aec9d2647a	772	fulltext/records/Pa9c1629ed0fa.json
aab1b9fec5842170469ae4c3bb2a987f107b88bde3333aa89c31ae6af63729a4	1411	fulltext/records/Paa3cbbad393f.json
6c06e101e75d4b3758755cbe95755933985830eefe0afae17a9b4850356e1c14	710	fulltext/records/Pab012f7d14ae.json
f1b8f287c732566a96bb9f6b85c6cad06270c7d39836d60f6137b3ab6ec125ed	664	fulltext/records/Pac1310015ab8.json
d846bd9e07525559502d621b1f11e43e55204813bc30ea2e50bd6bd44e09e194	1119	fulltext/records/Pae28a7c2b9cb.json
44e47fe97ed99f4722505c3955d9c3b202d29219a0615d5954703ac1d988ca64	715	fulltext/records/Pae5185ee3e27.json
16858c75594ed5fa45b595b75b058498fbdaac2632be3131d6d0afe445cfa25a	835	fulltext/records/Pae69b62079e2.json
6f652fad6b1ab3ce16ac1717dca90d066f5c048cefb7d3ddbee074bcbaffa976	991	fulltext/records/Pb10092022224.json
532fc27cba54732cfb2b7c70773f24efa8449a94bf5ea76fdd84c8bc60062838	678	fulltext/records/Pb599996d5562.json
27bbc5794bc5c85e31b886693a4610ce84f07e68ef22d09ea62fd4fde0a8206c	673	fulltext/records/Pb639d0f3b20e.json
afebeb88b43e26982f4d18c6f0bb4599f4f2e7923e93e94b4414eaf0046f7017	1303	fulltext/records/Pbc1c4aba0fe4.json
806aad8a054f557f2b94480cb705a26801e17bf992e846b1072f3f7cce70bcc4	1080	fulltext/records/Pbed3bd8561f9.json
149636a7c7538d6168d489df79e8451f6284e3ad3622f9bf2970ceb6886114ba	658	fulltext/records/Pc0366f265fd4.json
e509d7cbdd128ec5538d253071e477ed7765e800363ef75f49b06b5922acf56d	810	fulltext/records/Pc392f9662bf5.json
6dd4a141c8732091c2db9a8ff059e7e030fc3a24cfc48cf60147146d29acf05a	745	fulltext/records/Pc67dae20a365.json
7cae250498ee574281bc296763e77445207a2d7db066f901f12e87bdb6bfd700	761	fulltext/records/Pc6cb06badb33.json
b1a4147e43ef93a0c5bee72cb2fb1946f9586168d95b1c673d731d529d885b6e	707	fulltext/records/Pc9a77fba9c71.json
9c6a335c178224ee172e9feb2d8306b092f80d3c3a4503537e665f2883d5dedf	648	fulltext/records/Pca479813d190.json
e6fd5c9e613e13c01def1b5d15dbc1e83842d812e9b2f3cbb4db9a626c123e1d	702	fulltext/records/Pcb15e276bd98.json
ee3ebd1a42475b3aa7ca920dd7150a53d10404b0d2e72e871f183f776cd8f2c6	1100	fulltext/records/Pcb3368138711.json
9566dea258c9ca9fa6f7b5ebd34aa4fb878b5fc09225de80f84c46404148e103	756	fulltext/records/Pcb41e95c5907.json
6ae3e734b73e20da9af385f7a0cf96b170c6192db28ba86ffbaf04ab9cb399b1	952	fulltext/records/Pcf6c6fa55dfb.json
305df8a7ef82f601e2f98ce1a21009b6d9c29d45f76db6e28a777ee362f8a191	651	fulltext/records/Pd21c61eb7b4f.json
cc2c16ea17621c9e6047b0ac0ed6cde9c22bf0ad285f577a412f42403a51877b	1317	fulltext/records/Pd3331b7c872d.json
f6c7c0119739780cc092bc6b72223a8b25b6a4301e8e701ff254803a07f50b74	1052	fulltext/records/Pd461625584c7.json
4c9f8f94011d2086682c8a6e9fe9f2b8d6b499b374df833dd42ae70af62327ba	939	fulltext/records/Pd47c2b226e24.json
3fca5d4af02d4137ddaeb87d7212e48c2e49a9580132add1821bfaddf2581bcb	1038	fulltext/records/Pd4ad2b88f325.json
809053c3c3e89dde484c119191706eebdac789efbba87a1ab3d37cb9c49a5ff8	1294	fulltext/records/Pd79e2191e0da.json
9809407d3b71a2de3e400d5dfc2170aebb4be4c9e85106998bd2f247196668d1	736	fulltext/records/Pd83200fa2a57.json
51cc0441421a50d69601cdc5a1a7f3e69a560cb147c231415d4814c429f49f13	688	fulltext/records/Pd988aa68ef3e.json
c962d4ad04a36f9df36e6a89cdfef3f431e878d6ba2b2f14cffdcf1d76de00ec	1214	fulltext/records/Pd99436ecd76c.json
9a94935895fe2d772d17c14b3281d39bdd2972dac0b6e6a2c309af94fae84bfc	668	fulltext/records/Pdd3d4c609f52.json
c45df846e6cefc8f3b2cd4014dd837e844f162b8c506916d6ba968aa69ca43d8	1121	fulltext/records/Pe277ac1de224.json
4187f1529a0c10ada4d269d99d18f2fcdde5b671b61c1758f4b7e2097ffe04b4	1186	fulltext/records/Pe596eeeecc41.json
6f3637b336167ed64ae1c8203637bdafc23be02fbedb88ba2975fab54cf92d24	1295	fulltext/records/Pe650b362c8a4.json
512773bd91b52b18b5d49456d498b9689e0150d683eab317b18f790c77e26fdf	729	fulltext/records/Pe7f879384e99.json
33a90da6bee0a39aa3612f59021edd515c9910a9aaa950c62f50ce6c78419620	1116	fulltext/records/Pe89bdb105058.json
9cb3fcaea218611dd6ec08ab5527a02049320d092c2cb13e95cebdc800a014b7	945	fulltext/records/Pe8f86ffb599b.json
f32006cdced3ab97a2d5d87bf545eb4ab05cb7d156766a132a8c841a372c3d06	715	fulltext/records/Pe9255247bec9.json
f31784546025e1b0177b85cb706ad6402477b0c03de074be9af43a5348d2355f	571	fulltext/records/Pe95381c261c6.json
4045464234cfcf13cadd2762ccaf16681adba0526b53bd8904acdf0f4f50627c	916	fulltext/records/Pea5d7fc0472b.json
c6b7ecca751c05dfe33e7e22a924b9a5ae33fbdcf0b94e1c35a347e8047af123	728	fulltext/records/Pede13ecd7984.json
e2043373114186cf60f5938d212aed44b420e0836b53c1cb34b2fb701178a5ce	769	fulltext/records/Peee4dfbae27a.json
706d29a07fe8d3b80bc393741dea19d1a7109f8090e652528b6217cf537500bc	730	fulltext/records/Pefc74b78b2fb.json
c85280ddb5fa5bda6d398b347ac942f3bc3358651844acb1b4a9c84af4b9c52e	904	fulltext/records/Pf03eadc4f6ab.json
e2248b1ea0438f56f7fce154b7cd84597f96ac6f5e5094420f0a35400c42d486	655	fulltext/records/Pf0d96ff25df9.json
2f1a8eafd4ba00c6f5e7a69f03bc0ca6050afecba4efddbfc37a904d6c92d2ca	735	fulltext/records/Pf2c99a55376e.json
ea49e0da12cd98c2efb074b72709ef0cb576765b006fa3ba34955f906494203a	664	fulltext/records/Pf43c5878914c.json
71b7bcc58e6769073f88fe76ae1575ee94b0a708c42e6b0fc74c87ff626a9e5a	1317	fulltext/records/Pf53a5ee15eef.json
e33c244b89ab302f8cfd3d76de5e484b312aee27aeed7010fda130e5445d942e	731	fulltext/records/Pf73875a260e0.json
ecf35762579b9bed525f7b086c8210feeb97623ceda819c38695283474d76638	805	fulltext/records/Pfb091333bd7d.json
9428f793b264731694d45a8f6c0dbd43acdc9938ef3e2df82e9dd28f2415eee2	689	fulltext/records/Pfb44a46bf1af.json
c9dc4025bcd4241d98ff89267e898189d5c9042c7fd77bdd719e289f85046b14	1004	fulltext/records/Pfd7250df2a4e.json
79e30cac5c513ec098eab6c7b76fea5ee7a697f44536143fb9c381900f4c7cfb	737	fulltext/records/Pfeb50169c3ad.json
1475fc5eeedcf543a7eab81da294915db09c0f22fc24fce899c37c098ce64250	205	fulltext/summary.json
3d6e228126253c6e5bc532bd9cc018731edb46bd1e076266040a6e37c30848c9	30391	fulltext/text/P00957738e538.txt
48c51b4fcce00fbf7cacbe271bf3332f1a374589bc55d460cf661df258648b44	52739	fulltext/text/P02f0b4e7f850.txt
4ba678a2260e46cc7f059d26fff74c8fdd80ad265478e87282d4c562095df294	43053	fulltext/text/P035b3c61e918.txt
e7e8a391f4b361ff4ce130a17a865347f918122094d5d578e03a8e348d55e872	48678	fulltext/text/P060e13fe92fe.txt
95365d1b6db8a6a468f27dd20e0256d6afa442cd7ae7c649a7c9b6ca1aa7ca22	60743	fulltext/text/P0640f26e484e.txt
e7719de2a057b469e64018ea8e13cfb23800bab54755d621538d06953e7337d4	46545	fulltext/text/P0988dc752ec2.txt
47d5ce47885dc7568ecf70a3b25bc57f4dd333d4b52ea442d33976ee5458dfd2	50937	fulltext/text/P0a6a658a2bf6.txt
96139b248af448f48b086cbd6ac92e139fb52b28f25aceda8adbc4f68ccf7309	37803	fulltext/text/P0c4c2a3d0930.txt
d03aaf6306c8b660380d79d657e4428e7a077043e9f6712a7e7b94d7ddfefa59	39506	fulltext/text/P0cbb0f98ea9e.txt
dee7954b14313447281c421cbe418607e61dff675f69ba25e0617515a1b91790	49866	fulltext/text/P0cd61e3fa9f6.txt
ccf9738d6001da67a17f86472aa83e402d7bb6632aabf211ce244930699f81b3	48187	fulltext/text/P0ebf930aca13.txt
10e175fac318e1c4768c02dfe5e532504fd0116b28048c20557036fefd630291	52876	fulltext/text/P13a50c7a151d.txt
5d2577f38d7d7f1b83a23606f743c40bbfe6881729dd988ecdc103448cef6785	30272	fulltext/text/P147e4c75f89e.txt
b1ff6181eb27501f61dcb5a8294af8cd9430ca6d0a38bfa716eb4fbd819f5db5	87961	fulltext/text/P197cf1f57e96.txt
a29566c27eef0674f49c40b94f006c14b3f1ff9b56e52e122e7377051969d2a7	57673	fulltext/text/P1de4bedca39b.txt
4dbf42bb6c5d408c9995d8e600654809c8833b26baeeaaad15d8d07cf3dea24b	63901	fulltext/text/P25a8a0815f71.txt
ce451fa896619b06fe61540613553a959d3b81be287c58c60dc591f4a191353e	72063	fulltext/text/P2a585bd1b140.txt
79aef1d616af18885a7f48aa2d2a71b2cf803c266472c8670b098603bc6dd550	29247	fulltext/text/P2b751a90c22f.txt
b0b8e8bc8bb6dea7bca90cf80f4c3c222b7d15daa1fca37b87e899c7a494012d	41790	fulltext/text/P2cab3c27ba65.txt
6d1fef3b2ef6674bd3f7dc6750f1db4acf0d9e98074978d5be47cdff7a17c981	23713	fulltext/text/P2e4f7b903efa.txt
18e6fd7ba6b69c19a9f3acd94ba2ad359c70fcbbef55110ac96671bc9a439e57	39261	fulltext/text/P3182c0fae3f2.txt
07bca924ac0749e6bb841ec55d754eeed89902c60eb048de94a9e3f81ec76fa9	37493	fulltext/text/P319a919037f5.txt
a9a19996aad421739c7ca3674b385e1c8d7e9710c0ad2e70b6e9a31c6001a64c	68114	fulltext/text/P31ae298aa33f.txt
c51da7e2ffa853f56bdd191a5e47bd1ab62a1db0d09cab7e9435535386f2656f	40055	fulltext/text/P31ff012c0beb.txt
2f19d9a7eb702fb3543000944b1577cfe8b5241c74af811aefdd66e75ab50c78	34608	fulltext/text/P341adbd2ff41.txt
a3315aea767056e2054f46bce5d0ff238869efb1c1558b840cf3c326d5a38ad6	34791	fulltext/text/P363da78cc35f.txt
35020ecdd36c6865668f927f9e20e2e568db1643bc955c988e92b4fb4514d14e	47615	fulltext/text/P364bb8d93595.txt
2f829e10144df969529aa9111fcb003151e21ccccfffb4a85bd9afb6bb608b64	31207	fulltext/text/P365754906061.txt
f5ba619da3beaca2a727ce2fe7dd526d70ef0969e2a68b781a4544e977d347b2	29049	fulltext/text/P382bf609810b.txt
eab33d3fb88a5c142a0ee91e977942b3270f416d0ffa3f62542b68643c8c73dd	50989	fulltext/text/P3c8f282ec847.txt
42d4607781ec9bc3675d13620c9d939107f5a19016c1eae08ef812667842245d	36584	fulltext/text/P3cdd5d7e312d.txt
94973fae1008a7311397f2055ffd0f442a02a8ccae6210d94384a0cdb1ba86fa	50416	fulltext/text/P3fa1cf03065a.txt
1cbdc38ff1b21ba70fd4994c82afb5329e85df519432a993cd1b2d989dd01b92	77978	fulltext/text/P402a8ba12b72.txt
1bdca096613361a322218f248e9a1d5b37c4feae94128663e99bedb7b17e8cf7	25453	fulltext/text/P402e54ee500b.txt
b4a5151fe8beca270db04bce90b4db94393feebc1bc4067ed841149137a5d847	35086	fulltext/text/P407092b97b3c.txt
9d73dc9ad91ca40d376f3f9098abaa9186ca78f1115f8167704a6d98c0a17a24	37141	fulltext/text/P423aa11928d1.txt
09c53fc1cd9ad8eff993eec8bda83d5ba1022955315674bf8da7885ec237497f	37706	fulltext/text/P43731963824d.txt
ee4b10194b719bc9d876e866518a2660e2b4b8925d2d617f2276e10bcf80c83a	41693	fulltext/text/P4694bf3b6982.txt
59bbd887b3c479a979f05b722afeeb16ebb67afd711360eaa1e478c5088e343f	36265	fulltext/text/P4785c62bae77.txt
bc41e68b594bb8912f51aaed0783a3947dee675beeea2652b645bc9504f79b9f	53699	fulltext/text/P47b90029fc2b.txt
3119d1978aee84fd0986252dfbeadcb4e4a3a6087b8679c7562b33ff94e2d937	51213	fulltext/text/P47d62d0ee023.txt
09866e6330649c055ca385ca3540b2873de999b1c5576acab86bcc3a6749974e	40145	fulltext/text/P4afbf0a657c1.txt
e8a8e0477a7fa32da2a3c8a0cb45922f9470aa95093df624fa47fb3be450a830	53791	fulltext/text/P4cb03cee77f9.txt
330226b278217113c6e959324e505b87acd38f4ef6bd1893fc1f87c537e22feb	36987	fulltext/text/P4d386cb3aa60.txt
d9360befed0ef987a9404c48bb36593d79710a72c669809448c60f8db395e16b	35738	fulltext/text/P51c1f94e8fe3.txt
32d44ca7b13f33dc71700463dc46bcf988510267557957a82b4c2d61d032b411	57256	fulltext/text/P57ec0de21501.txt
0fb34f79444ae55d09b06bf73122076c84c9b1e16791dc8230d6db9b41736898	32173	fulltext/text/P595e0df3a2cf.txt
a042da9f6697f2451a880eec20434fac606b58970015f65f30510645a75d3607	51818	fulltext/text/P5e2520ed6043.txt
db46eac60836f6d2fcf798a3d4fd53c7aa73f938a9013ec181091397c8bf9bc9	33596	fulltext/text/P5e59af1995bc.txt
613b61b62a4ed3ea83bfd7cf5181b3c85889294d8a850f8e58e8eb420f5817f3	46080	fulltext/text/P5e758f731736.txt
4a45c86f9ddaecf724481b9b528f0e24ceaba286f9ec9715713bc8f41bd51b44	27988	fulltext/text/P5f55b4abfab6.txt
04dd57be54697b436d3f5adbabc6488505d00a06bba766b9b707c139bd27400c	100365	fulltext/text/P601dc8d65336.txt
1f3004e9e80f7f380c96434f141ac32a74fdca83c7835bc97d6a4ba98ad6f381	37287	fulltext/text/P60ec96d40fd5.txt
93b95226341528cb49bb7be7835397d372f008c40dae9cd9b7c806f5c3723e3e	56085	fulltext/text/P64c5339b0827.txt
8e99ce853543f9035431bb2b3a3911ab7c638b0412ff6fe307648067e5455191	35732	fulltext/text/P64cb4c6cde33.txt
457f2cdea96a0f7348a20d2e942a45b77975f9d3f94e235f190bf51a45086602	28336	fulltext/text/P65833dc071f5.txt
1c89670f63e22679bca37ddfc16e32f120b35057111d0b0ff517b744e9095822	40233	fulltext/text/P659b9e581813.txt
8a068707cbe72a432d32483bd6f4cd277099002dc211aa64218b771e2d8ffbc4	55338	fulltext/text/P6958d2dbffde.txt
881e815f6c1852ee3236c29a9c4fe27d9f16bc8760a89c6b6f32952b54b8aa6f	68124	fulltext/text/P695dbe6ca4ca.txt
950ec30dc1eaf49d1c39aaa203e1bfc7654c43ad2b6bd464e59fffb91eb746e3	61254	fulltext/text/P6a96643b512f.txt
19016137404357e0d262c4c8cb447697176844144a77f69f0459ee1abe842e1d	38327	fulltext/text/P6cedd861f14b.txt
9008fae2bfde59af4550c0ae6505b46714219227d985e4346665d040d7b50fb3	29683	fulltext/text/P6f83eb0be663.txt
70897f973505020aab9e243924ca5920bae334869a3329f94587cc4681808628	97646	fulltext/text/P70ea9c866ad3.txt
508fe4f2efe2500966fc52877f60a2d4f06d5c337c009b4df78388a5ec5110f3	51148	fulltext/text/P75339c6d635f.txt
d081f1bd88499e7e6250bb2bfd4580280791b6d8192ec5d3b8826aeb2d139751	37878	fulltext/text/P776803e6fb45.txt
c99de1c31429021beaf9b825f1028ad88ef94f140d46015c15139920a2a844d6	61170	fulltext/text/P7b8a6079aed9.txt
4ff8f580f85cd3c76372c591862b7b9f639d58f8b9141513dafd94fb5325c803	45431	fulltext/text/P80d13ed3ef16.txt
3ee2e8577a45ecfc7ca341f79310691567c127fbc94751d820ae8585e988882d	49119	fulltext/text/P80da2d41590a.txt
ab15c9ccce10cc8e1c490602b36a7f2cc893c7d18551d24dc88d56f628fe18ee	40092	fulltext/text/P81b66c580a32.txt
1f25932a1fd5b2591e6901291a951d4fe4f493b98e5463245a3124b29404aa48	46198	fulltext/text/P837f91603190.txt
5e49bb2a6e9478fec0307b4f03167339b5e42dceeb58daf2dadd32c01e1794e4	61030	fulltext/text/P8602ac65b5dd.txt
2fc2ee09ef03a7793562fea7a1e3f8214a5315ca9c00283713b36176cdfcd3a6	41005	fulltext/text/P8c273438ab63.txt
3ee0d7f3cfa3a3cb23dc86fe4d358f14d5c4b3b57d6c90fd82c0aa29a7111f1a	48171	fulltext/text/P8d488800e756.txt
f2fa5a7545300514e5a240abe6c56fcc7ed39e5b2405983352775465afce5b15	644027	fulltext/text/P8ebbc3586cf1.txt
37b59ae34d48ab8687efe9ab116bd2c05d9bc6fc433c4767da01aa60eb72c5c6	64270	fulltext/text/P8f639f3647b7.txt
5dc22c37ebd6d8d9aca8219e2b993d4d7e9dafcaedd1af9e2a58381b4b7aab92	43142	fulltext/text/P921bc7a720bd.txt
c46ef7f1b2a11a3e6565fee688c570d286050866d2321bfcc0349a2a7f58fd30	61912	fulltext/text/P93749e68c902.txt
61975b45619033f4ede95266aac1463f66f508dd1ac3a40c91e8978d8beaec51	36355	fulltext/text/P94a68185cdbf.txt
db5eead4ecdbc3949abd050936409127d93fe76c296cba82426a6a6df3766c8f	66640	fulltext/text/P9562cbd1e70a.txt
4f9fe9121acaff773a34982ff261a10dbe56af12e70e09a196f7761533534c2e	33354	fulltext/text/P987f843c459f.txt
55360c6adb47c5a1aeb84ca7069664a81ddb4afe078bc8d21ce523e0789ce9a4	50791	fulltext/text/P997a842f2a31.txt
bb30a1948378bd671844808fa05244a4707257d9b9714b765865e3345e40b619	28389	fulltext/text/P99f16afecff5.txt
cf101844e351f51084984628707c56077666cc14d5ff16eb1b4283743378dcfb	31984	fulltext/text/P9b0ce3730772.txt
c8b8b956c9b5c6cf70aef98617dc60006cff892d771886cbb0ddfcb381926ebf	40053	fulltext/text/P9cd3ec6c2594.txt
c305578e6ca58bd5d76b25e50438f222616ef71631184e3869de6765aeb4b051	46482	fulltext/text/P9d193fc1cb20.txt
3c0e45d1514de52eb15a61a1ecaa3a15e3571c5fdbe2945b8a850d94ba68f868	46421	fulltext/text/P9f5e73c36b66.txt
8b347d392c0399c692fafab803943828c7b42fca0513ed1b0124523e927d4cb0	37451	fulltext/text/Pa1a951f05c97.txt
526474572425150bb6a2d7f841f5dd7d4234cd6b885ea73ee20e64e66f000bb6	42672	fulltext/text/Pa2b8960609e8.txt
b5a7ebbd9c9b079102b880098a78d0fccb70a980b9be4ec9cdac4c4dd5ff119b	21208	fulltext/text/Pa3502fe92f1c.txt
87263f01605a30f2a838b88ff957b44960eb73e3971011753f6724fc45ed2afe	30077	fulltext/text/Pa6c33007eeb2.txt
7bb9182838e5680accd2c32aad46cdfe363fca6563f430d6ac2db605eae7827a	33966	fulltext/text/Pa6cdf9a9c957.txt
8e9fdad58f5cf63414493b38fd330e0b5bd04e565f8a683ff1640c18e5e579cd	38426	fulltext/text/Pa93a837fab52.txt
e0edb1767f39219484bfc4f736b6477fe42072cddcd4b42a47a47fa1edd63659	122436	fulltext/text/Pa9991d03e2fc.txt
6d009c851621b72bdb270d22b763fb1fad426e93759ea74af0ee09c278f17c71	70580	fulltext/text/Pa9c1629ed0fa.txt
8a655c1a6e0405fe472d7ef407a8f17e5bfa1837df10dba8f9004e608e532fc7	74625	fulltext/text/Paa3cbbad393f.txt
32f9ea82e4bbec1c16bb1be11f369d578eb66a8e9452ef020d02c8a9dd90340a	74505	fulltext/text/Pab012f7d14ae.txt
3ffe6a59effe38bdddd25355005bd7b6268aa96cc2263acf04bb92f0757bef82	48281	fulltext/text/Pac1310015ab8.txt
b40a1f63dc93690a6d9cd75e38bc5fadfecd3108a90f1a4f0f063fef6b5b42da	46957	fulltext/text/Pae5185ee3e27.txt
da2799c753e632afe8c2387e43d320c5ebd53aca79398ef0e477cdde991f0af6	39738	fulltext/text/Pb599996d5562.txt
ed83d8daa57f59ffe4541c8e7515c437c7d175e14de6636170a965c2a2bf21f3	69617	fulltext/text/Pb639d0f3b20e.txt
e2a01103b33226113d16acf2bc047710294dc69e72b4a24b6f815b62129d3f57	50245	fulltext/text/Pc0366f265fd4.txt
b5ce2bd8c2e8143533ece37fbf36b4f2167f05e7030e856fbd7017b39105d885	86128	fulltext/text/Pc67dae20a365.txt
e560de733ab98f5ff8c370e70e0c2c0e492b7bfae8be1faf9ba1f890b27d5bbe	35330	fulltext/text/Pc6cb06badb33.txt
8bdb46a881b30fd138ec045f05cd95bd50e8f06375edf79dbad3f76490dbc1c9	35609	fulltext/text/Pc9a77fba9c71.txt
8b686d78b5b8cd1ac5f9c5b759030788a450fd85ad17287c741fe465658376e1	38010	fulltext/text/Pca479813d190.txt
438213e0dbd6ad77365184274c8cf73744b68896639e2de73b189bf168a070d8	32866	fulltext/text/Pcb15e276bd98.txt
e7f789b39527c24ed8579df8c93d774a8797cd7fe683500de01454e332582f52	28791	fulltext/text/Pd21c61eb7b4f.txt
43f9a86f66defdbea5497665a057467751a5c0e967c4f51538e50d54a2977eb5	77053	fulltext/text/Pd79e2191e0da.txt
417cdb7cf7b5957e187cce1b8bc79923f749f258b9ee01c0bae36b43cafcfb44	60499	fulltext/text/Pd83200fa2a57.txt
281ae2722ebaa2a0c69f216e888dbbe6f08311cb0c111859850c984ab14380fe	46708	fulltext/text/Pd988aa68ef3e.txt
13367cf3112f62faa6824170758a48c6acf7b9d14dcb47a1ce3514aced74b39d	52078	fulltext/text/Pdd3d4c609f52.txt
2eea650f31798a715bc7c151505bb1f5f61d7203a0d562fb327c59ab02aaa75a	55457	fulltext/text/Pe7f879384e99.txt
47e5cc9c668513d9d5f65048a91cff6995e929ec6ad93e5c507b22953e1637d3	37415	fulltext/text/Pe9255247bec9.txt
ac755f77d77c86564c5763d013cf36fba5607e60540c020852904205f03c9ba3	50092	fulltext/text/Pede13ecd7984.txt
579275227c4dc13607b577dcd8d500fef5e1fec480fd08ad9d18991a9e27e198	40996	fulltext/text/Pefc74b78b2fb.txt
a614528a85f5d0f683dfbd098e11ae9034c62bfb1ed65e6a84b28e6434997f3a	25074	fulltext/text/Pf0d96ff25df9.txt
81654c0255ec8695d5d8824e0e73988b45ff1d0980b762707c1b655a10ca2811	58636	fulltext/text/Pf2c99a55376e.txt
8a75052302f7fca8913dfcd17e9d8fdab33f334788c7a478649cf32dd5156cbd	39474	fulltext/text/Pf43c5878914c.txt
93cd34ad2cc5cf0d0c31c5764e72f7550a1da13cc516182bc08380104e63b54a	46169	fulltext/text/Pf53a5ee15eef.txt
c1898f7367343c443c897daa011dca5d4a4cb7081f6ceedb27014bd8349f1263	47324	fulltext/text/Pf73875a260e0.txt
cbdc6c05bdd733b4f6b871036a0cf0ad6a0f92d083e42910f4f4a5f2b801b588	44751	fulltext/text/Pfb44a46bf1af.txt
fd4a9c971ec483f4bb32dee2168a307e17d3b04970618707c61fe4617269db7b	95274	fulltext/text/Pfd7250df2a4e.txt
63e9e52485ff97596fd6e032dfdb84c08b7972529c77096c63260506e35d18a6	107432	fulltext/text/Pfeb50169c3ad.txt
224da0e222a5f12d47a81472eab2ffcfcdaa164644eabcc9efae148a9bbad10a	3288	fulltext-assessment-v1/SYSTEM.md
1c6cca66583b877d4709f653b04ff47d6f36a804258fb5d9398295ec7fa7f59f	1973	fulltext-assessment-v1-final/batch-01/assessments.jsonl
ab8bfc82ad4eeec42352d19f1f8d87cfec59bd49305c046e3e8b2d77c503d938	1348	fulltext-assessment-v1-final/batch-01/batch.json
6043a21bd27b66f4c4d14af6adf9c6ffacbbe6a25eb5790d2173ed9d8927c852	53	fulltext-assessment-v1-final/batch-01/final.txt
81ef1a0b84001111dc870952cd8f24fb2f8fd9aa644814f2342eb958cf3c880a	201825	fulltext-assessment-v1-final/batch-01/input.md
a1ae596e43512b6a48d028feb7e71d878932b11c4b0c1e23e940387b0283594f	462	fulltext-assessment-v1-final/batch-01/run.json
e3b0c44298fc1c149afbf4c8996fb92427ae41e4649b934ca495991b7852b855	0	fulltext-assessment-v1-final/batch-01/stderr.txt
c585c77bbccc729046b11f0e3ed310cb78b6d9ad18fdefbfe0b3de6c03ccebfe	96	fulltext-assessment-v1-final/batch-01/submit_assessment
7528e1f5e8933b4cc494f4ce3696f51245ae713515aeb907fc31ee4b12353c5c	5267	fulltext-assessment-v1-final/batch-01/trace.jsonl
9eaee23b10a367abc72ff6a2df57da39333a1ddfa6c668a0efe41754ed03622b	1927	fulltext-assessment-v1-final/batch-02/assessments.jsonl
7c77513e5e8e5bfb733772a287b8e69a2d7ec3d46281598c7a2dde540c184012	1518	fulltext-assessment-v1-final/batch-02/batch.json
7ef5ed09f6316593488fad4f3075b22c238cef5b58d066c8ded06107b4d50b38	68	fulltext-assessment-v1-final/batch-02/final.txt
1ff0d598b328c3f081643a22653bc068673680b2a39ace541574a7198c09af41	244873	fulltext-assessment-v1-final/batch-02/input.md
e01044a64677df37f480ff4cb964079743de3466bb71a68edff13afb915334c4	462	fulltext-assessment-v1-final/batch-02/run.json
e3b0c44298fc1c149afbf4c8996fb92427ae41e4649b934ca495991b7852b855	0	fulltext-assessment-v1-final/batch-02/stderr.txt
c585c77bbccc729046b11f0e3ed310cb78b6d9ad18fdefbfe0b3de6c03ccebfe	96	fulltext-assessment-v1-final/batch-02/submit_assessment
3a96a0afb4f0f5e6b2096207baa84cef8cba4d0fe677e702dba5d202344138c3	5085	fulltext-assessment-v1-final/batch-02/trace.jsonl
985a1844b1662d74a4ff2daf2fce935cc332c1e132e2e80a46c48efa8e213bf0	2154	fulltext-assessment-v1-final/batch-03/assessments.jsonl
d63ec4b912ce6d1a1e314094ca37913316615df3cb4f1d9a0f081d47b34ed033	1121	fulltext-assessment-v1-final/batch-03/batch.json
6043a21bd27b66f4c4d14af6adf9c6ffacbbe6a25eb5790d2173ed9d8927c852	53	fulltext-assessment-v1-final/batch-03/final.txt
93ea93cf22223b3687a821347e3c044b04bb963d13997f9a90e10f438eb68232	178798	fulltext-assessment-v1-final/batch-03/input.md
835dcc4156969f49d9ab83940a90517002d296a7bb04cf20db0a7c8601ab97cc	462	fulltext-assessment-v1-final/batch-03/run.json
e3b0c44298fc1c149afbf4c8996fb92427ae41e4649b934ca495991b7852b855	0	fulltext-assessment-v1-final/batch-03/stderr.txt
c585c77bbccc729046b11f0e3ed310cb78b6d9ad18fdefbfe0b3de6c03ccebfe	96	fulltext-assessment-v1-final/batch-03/submit_assessment
0e7265324e9c97b25175cc4acd92fd00ef2532502e7d7db7e614cae158497655	5628	fulltext-assessment-v1-final/batch-03/trace.jsonl
e117ca6b6f1663cbbf15e0202845d8a427426ffb706ae408f09e52fcaa30beab	2454	fulltext-assessment-v1-final/batch-04/assessments.jsonl
0d2ff7ee0d4aa7effd28b49bd6e50d7c6215526a49dd9583f502b87eae81083c	1000	fulltext-assessment-v1-final/batch-04/batch.json
d705eb262370bfbf691e3ebfb2d09a3e052d490694df4b0e5a88fccdb251de2b	57	fulltext-assessment-v1-final/batch-04/final.txt
a99f87b7b5047fde03e29233c1dddcd21970aae82c43a307fdaa7ef9ce17db91	177490	fulltext-assessment-v1-final/batch-04/input.md
553711d0760e7db09cacd35416bb8ae57b50b69c204701a5cdb01a446bc75111	462	fulltext-assessment-v1-final/batch-04/run.json
e3b0c44298fc1c149afbf4c8996fb92427ae41e4649b934ca495991b7852b855	0	fulltext-assessment-v1-final/batch-04/stderr.txt
c585c77bbccc729046b11f0e3ed310cb78b6d9ad18fdefbfe0b3de6c03ccebfe	96	fulltext-assessment-v1-final/batch-04/submit_assessment
4baa996babe22aa11af103a2ecce6d29a115332133b9df8b806ad53b628c93b3	6147	fulltext-assessment-v1-final/batch-04/trace.jsonl
878b10ea03fe9d04c8e0e527044ea7fed081bf6a8d0d4a2ea7d76e289e404bac	2219	fulltext-assessment-v1-final/batch-05/assessments.jsonl
d9367e0021806666b833ad81f4f67b23b45512daa85f2130dec82954b5185da0	1146	fulltext-assessment-v1-final/batch-05/batch.json
6ca9ddcef8808e442634b641be949ec34d9c162c74040a60a11241ceaeea1fe0	70	fulltext-assessment-v1-final/batch-05/final.txt
16d0262e1f03f65bed5cfca528222419d4547366d7f16256f35396a87bb20376	223968	fulltext-assessment-v1-final/batch-05/input.md
9f8ca1c787ff514c4b67ad3a01a5587bd955d7ac82509249b3a8c06cdb1edf89	462	fulltext-assessment-v1-final/batch-05/run.json
e3b0c44298fc1c149afbf4c8996fb92427ae41e4649b934ca495991b7852b855	0	fulltext-assessment-v1-final/batch-05/stderr.txt
c585c77bbccc729046b11f0e3ed310cb78b6d9ad18fdefbfe0b3de6c03ccebfe	96	fulltext-assessment-v1-final/batch-05/submit_assessment
cd3436416200acbdf627fe14fb311a4fdd763cb646a71b8cd036931b083436b9	5782	fulltext-assessment-v1-final/batch-05/trace.jsonl
10de815e384e96afafab55c10b2b96285e736d216edd898552b6c45e485969cd	2394	fulltext-assessment-v1-final/batch-06/assessments.jsonl
c38bfd26b2d9c1a99e0ad5a908b4f6df5d966f58cd9e404467762760ae8eeb42	958	fulltext-assessment-v1-final/batch-06/batch.json
2c1500277aea151e2c67124962d0badafee5d1bdbd002a5fb0cbd2f98f30142e	66	fulltext-assessment-v1-final/batch-06/final.txt
27fb2863f4eeece2688606995bee166ea311b5eb5274cbcf9626c9c393fa04db	181758	fulltext-assessment-v1-final/batch-06/input.md
0c00ea59e5ee38c3e705220e1af99c6b2e04fc3e1175719a2ed575c0064431ca	462	fulltext-assessment-v1-final/batch-06/run.json
e3b0c44298fc1c149afbf4c8996fb92427ae41e4649b934ca495991b7852b855	0	fulltext-assessment-v1-final/batch-06/stderr.txt
c585c77bbccc729046b11f0e3ed310cb78b6d9ad18fdefbfe0b3de6c03ccebfe	96	fulltext-assessment-v1-final/batch-06/submit_assessment
16c923ff03219f52ab0957a901eb501f8a85986b472b561a6e6640af3d1dbe41	6025	fulltext-assessment-v1-final/batch-06/trace.jsonl
b31697f6278a189d06e2e49fc785661201478956ad70261740a33cb40905a006	2178	fulltext-assessment-v1-final/batch-07/assessments.jsonl
af18fd994ef2b31923c639a226cfad4e5f6a2afdff11d8b0ea78371001a19aaa	1234	fulltext-assessment-v1-final/batch-07/batch.json
2c1500277aea151e2c67124962d0badafee5d1bdbd002a5fb0cbd2f98f30142e	66	fulltext-assessment-v1-final/batch-07/final.txt
77dc26cf3b2f9d201ade5f285ae546b752d48445b127ccd576bd6326c8097775	169415	fulltext-assessment-v1-final/batch-07/input.md
f55fff794cd81fc8ac9079065efc1fed713286a24f282a86ea2d674448258856	462	fulltext-assessment-v1-final/batch-07/run.json
e3b0c44298fc1c149afbf4c8996fb92427ae41e4649b934ca495991b7852b855	0	fulltext-assessment-v1-final/batch-07/stderr.txt
c585c77bbccc729046b11f0e3ed310cb78b6d9ad18fdefbfe0b3de6c03ccebfe	96	fulltext-assessment-v1-final/batch-07/submit_assessment
79bf310767359b1cd4a60e4ceeeaca6fc5098bfeabb57661749976b3e8c091b6	5586	fulltext-assessment-v1-final/batch-07/trace.jsonl
3f65f74d70bc7fd7f630b156e5baaa23aa3cd7b2387812b0c721760c5030ebd6	1866	fulltext-assessment-v1-final/batch-08/assessments.jsonl
0a350bcea4359e98c6cf0aeb65e84245f6b281baf5685544457f9b174ee31c27	1209	fulltext-assessment-v1-final/batch-08/batch.json
6ca9ddcef8808e442634b641be949ec34d9c162c74040a60a11241ceaeea1fe0	70	fulltext-assessment-v1-final/batch-08/final.txt
3a639536b474e6a2bf80f1d138dd5de00a88c3914272bd6fcc02884cb8461847	199885	fulltext-assessment-v1-final/batch-08/input.md
0c7d73eb1da00f96e9fdae8e214a3fe800a3056d4057a55256147d355ba331f7	462	fulltext-assessment-v1-final/batch-08/run.json
e3b0c44298fc1c149afbf4c8996fb92427ae41e4649b934ca495991b7852b855	0	fulltext-assessment-v1-final/batch-08/stderr.txt
c585c77bbccc729046b11f0e3ed310cb78b6d9ad18fdefbfe0b3de6c03ccebfe	96	fulltext-assessment-v1-final/batch-08/submit_assessment
03af1f588ec42b71dd73c73f9500da073863c0b8a7bddd10bd285277fc65bd79	4984	fulltext-assessment-v1-final/batch-08/trace.jsonl
50f9a300ab1f28416eccbf29505989851ecfec0f518d37722485e1ba5f0a8e76	2128	fulltext-assessment-v1-final/batch-09/assessments.jsonl
c56684e7bd2c0c213441a2de2371d0836a81548e2abb2c84343d06a780ea35ca	952	fulltext-assessment-v1-final/batch-09/batch.json
dacb325f4293ccff9166f09151e17c9a5d48e734165fe0379c6447b6b0a62400	62	fulltext-assessment-v1-final/batch-09/final.txt
be9cc5c67cea49923f3e197cbe71681f622dee2bcdaa5ef8ff2a992e02c7a988	137885	fulltext-assessment-v1-final/batch-09/input.md
e654e1e1858bc4218f8ae78bb40c9247fdb9ac303bbf47079d0d90f6afeef1bf	462	fulltext-assessment-v1-final/batch-09/run.json
e3b0c44298fc1c149afbf4c8996fb92427ae41e4649b934ca495991b7852b855	0	fulltext-assessment-v1-final/batch-09/stderr.txt
c585c77bbccc729046b11f0e3ed310cb78b6d9ad18fdefbfe0b3de6c03ccebfe	96	fulltext-assessment-v1-final/batch-09/submit_assessment
5a89e47b9ffc6811b7c2be6d5568e45c7fa984d460e7426691ea2424de232f9d	5674	fulltext-assessment-v1-final/batch-09/trace.jsonl
f2f988a00c9e2fc7193a5c74bcb50bbb39fa83841bffbb7e7d02ebde33f2b0ba	2157	fulltext-assessment-v1-final/batch-10/assessments.jsonl
76b17fb447011a503b51c35e525d4cdab641ceda0f911999b355b7faac2d755a	1442	fulltext-assessment-v1-final/batch-10/batch.json
2c1500277aea151e2c67124962d0badafee5d1bdbd002a5fb0cbd2f98f30142e	66	fulltext-assessment-v1-final/batch-10/final.txt
e44bead3c821eb580db93d5814da62b64180e9d416ae055b2ec7430aa4ff9a67	198728	fulltext-assessment-v1-final/batch-10/input.md
ff2b8767f3669bc3bd67e96b112ee8a6e856913f310c2aa7b1fddfb39a0d7a26	462	fulltext-assessment-v1-final/batch-10/run.json
e3b0c44298fc1c149afbf4c8996fb92427ae41e4649b934ca495991b7852b855	0	fulltext-assessment-v1-final/batch-10/stderr.txt
c585c77bbccc729046b11f0e3ed310cb78b6d9ad18fdefbfe0b3de6c03ccebfe	96	fulltext-assessment-v1-final/batch-10/submit_assessment
27448650e6a38693e00920ea412584b4a5a94bf73d3586da69e9411e23523912	5573	fulltext-assessment-v1-final/batch-10/trace.jsonl
bdf31561ea0dfeaa1589f8c1940e392829a3090fe73b6c29017deab216caecc2	1887	fulltext-assessment-v1-final/batch-11/assessments.jsonl
af86836a94b32a75a02dfb04a529fb03c9d7c33df4bd6d91a786d110c531038d	1049	fulltext-assessment-v1-final/batch-11/batch.json
7ef5ed09f6316593488fad4f3075b22c238cef5b58d066c8ded06107b4d50b38	68	fulltext-assessment-v1-final/batch-11/final.txt
4d3adfffc52d242bd9cea64724608058526f5ff014317d62bd4c28d650ff5f75	210364	fulltext-assessment-v1-final/batch-11/input.md
6bbbd45f3df2c533e06d9333615e97e55fddf37970e6a8f2f4aea5d33907381a	462	fulltext-assessment-v1-final/batch-11/run.json
e3b0c44298fc1c149afbf4c8996fb92427ae41e4649b934ca495991b7852b855	0	fulltext-assessment-v1-final/batch-11/stderr.txt
c585c77bbccc729046b11f0e3ed310cb78b6d9ad18fdefbfe0b3de6c03ccebfe	96	fulltext-assessment-v1-final/batch-11/submit_assessment
48484cce30aada209c0faeb470562518def24e41fd9a74a14713f91d3a1d1314	5098	fulltext-assessment-v1-final/batch-11/trace.jsonl
0ed6eac86ae1d72bd09a1859dfa7d2f1e07a03fb344ef02e9a6f84189933f12d	1932	fulltext-assessment-v1-final/batch-12/assessments.jsonl
c0b2c1ffb25a9b8a127dac410d3a41a8efa5f4323685c2d8e2c854f37823f055	1443	fulltext-assessment-v1-final/batch-12/batch.json
6ca9ddcef8808e442634b641be949ec34d9c162c74040a60a11241ceaeea1fe0	70	fulltext-assessment-v1-final/batch-12/final.txt
77b425db47570d66a38487a8531793301cd6fdb2d14dad723117e6b89ee5ef32	162483	fulltext-assessment-v1-final/batch-12/input.md
22342ce54e40733f8242e49f7b80168021bf532293b1ffc8e257baff20a687f0	462	fulltext-assessment-v1-final/batch-12/run.json
e3b0c44298fc1c149afbf4c8996fb92427ae41e4649b934ca495991b7852b855	0	fulltext-assessment-v1-final/batch-12/stderr.txt
c585c77bbccc729046b11f0e3ed310cb78b6d9ad18fdefbfe0b3de6c03ccebfe	96	fulltext-assessment-v1-final/batch-12/submit_assessment
2f9e93fd74f66684566d55f46d6bb9638cc0ae69bc568af5f2f17c5c0f8f9dcb	5176	fulltext-assessment-v1-final/batch-12/trace.jsonl
b1e3e99bc602e327a1c289556f233e8691e2ae190146d720a5b283aac7345110	2023	fulltext-assessment-v1-final/batch-13/assessments.jsonl
942b9fd1cbfa4daaad7aab6080668882742b974b2dda20ba1793979248681b4b	1096	fulltext-assessment-v1-final/batch-13/batch.json
bc98ca4eb17e30b831f39caf61d42616fb5f56b441fcf0d7ec5573d12f9ff7a3	58	fulltext-assessment-v1-final/batch-13/final.txt
52380ea214da72b7bd845b531ebc6304bfa16e6e4041bcc38fae3caa487b7fca	153470	fulltext-assessment-v1-final/batch-13/input.md
0db0f86d5be777cba422d1a50306c43375f6c2319010d4bd6c1594d7f7c9d528	462	fulltext-assessment-v1-final/batch-13/run.json
e3b0c44298fc1c149afbf4c8996fb92427ae41e4649b934ca495991b7852b855	0	fulltext-assessment-v1-final/batch-13/stderr.txt
c585c77bbccc729046b11f0e3ed310cb78b6d9ad18fdefbfe0b3de6c03ccebfe	96	fulltext-assessment-v1-final/batch-13/submit_assessment
83d1e7f3ba33424146a5f275fb65d60ca05fadb0423fa3012971a40887f17362	5286	fulltext-assessment-v1-final/batch-13/trace.jsonl
84b6890d1ded2f38dda908bf0f83416ee697275da819dcaa255d7050a20beefb	2291	fulltext-assessment-v1-final/batch-14/assessments.jsonl
c5da99cf5a5b7fbf41a4f54034e4f5249e5e462e98b2c2f41bdf589864f50de2	1306	fulltext-assessment-v1-final/batch-14/batch.json
6043a21bd27b66f4c4d14af6adf9c6ffacbbe6a25eb5790d2173ed9d8927c852	53	fulltext-assessment-v1-final/batch-14/final.txt
8f91d3ee8a2c2c553e13b90d61b6c804d49878470befbb1e25937f065ba656a1	201275	fulltext-assessment-v1-final/batch-14/input.md
cc1e81b840969d6556187aac5175a1cdbb9c2edb4c0cb9573d14610d6b655c8e	462	fulltext-assessment-v1-final/batch-14/run.json
e3b0c44298fc1c149afbf4c8996fb92427ae41e4649b934ca495991b7852b855	0	fulltext-assessment-v1-final/batch-14/stderr.txt
c585c77bbccc729046b11f0e3ed310cb78b6d9ad18fdefbfe0b3de6c03ccebfe	96	fulltext-assessment-v1-final/batch-14/submit_assessment
361849e17d12e8774393abd308954403bd344415b0d74053f26ee51dd60fa81c	5886	fulltext-assessment-v1-final/batch-14/trace.jsonl
3a87b13382431d89d8b51a958fdea0f30958fa21d7df036fcd650318ac730f92	2175	fulltext-assessment-v1-final/batch-15/assessments.jsonl
40eae0ee2de1bb4aeab5c3278651bc0fb976497e51879a031a5876c17ecc78e3	1306	fulltext-assessment-v1-final/batch-15/batch.json
6043a21bd27b66f4c4d14af6adf9c6ffacbbe6a25eb5790d2173ed9d8927c852	53	fulltext-assessment-v1-final/batch-15/final.txt
6fc999f9f2a961c2718b6f4039678914d522831f70986781ce7f29ba79cf4c27	189008	fulltext-assessment-v1-final/batch-15/input.md
317fc0863fe24a81a1c3ed0cd74e6224351fd715afbc78c560d25e7d9ba1fb5a	462	fulltext-assessment-v1-final/batch-15/run.json
e3b0c44298fc1c149afbf4c8996fb92427ae41e4649b934ca495991b7852b855	0	fulltext-assessment-v1-final/batch-15/stderr.txt
c585c77bbccc729046b11f0e3ed310cb78b6d9ad18fdefbfe0b3de6c03ccebfe	96	fulltext-assessment-v1-final/batch-15/submit_assessment
9cb9175bd73a8d0e6f1a1547572d120644196fc4d098073ec131035040d6f5b8	5628	fulltext-assessment-v1-final/batch-15/trace.jsonl
d9e6fb78704e1793588c1f0182043eef2208d0da81034891ae76175a408dbe77	2111	fulltext-assessment-v1-final/batch-16/assessments.jsonl
9d337f921e08a5397c79af3843eed2df6d813870a78bde49114b534326b850de	1139	fulltext-assessment-v1-final/batch-16/batch.json
6043a21bd27b66f4c4d14af6adf9c6ffacbbe6a25eb5790d2173ed9d8927c852	53	fulltext-assessment-v1-final/batch-16/final.txt
13674aae54cb14748cedb1f8997ceae2f14e39d5361555b0291350aebaba0502	180829	fulltext-assessment-v1-final/batch-16/input.md
f3678a37d17edbb09f0281c86414d5cd8e0643fb15e461ebe07fc4b57cbb3123	462	fulltext-assessment-v1-final/batch-16/run.json
e3b0c44298fc1c149afbf4c8996fb92427ae41e4649b934ca495991b7852b855	0	fulltext-assessment-v1-final/batch-16/stderr.txt
c585c77bbccc729046b11f0e3ed310cb78b6d9ad18fdefbfe0b3de6c03ccebfe	96	fulltext-assessment-v1-final/batch-16/submit_assessment
50390f24ec6c3e974a2a76839bd3ff98bee9cd5e5592f1be3a4aa3c536b53c7c	5553	fulltext-assessment-v1-final/batch-16/trace.jsonl
faa284ff6995f92eaab91ffb1ba7149d33b967c70ca78bb1e27f4eb8f0ca5e1a	2272	fulltext-assessment-v1-final/batch-17/assessments.jsonl
3c4a75fe55bcf01497c24ae7a92fef32d336185b67280a9da0103124b5e3abd1	1504	fulltext-assessment-v1-final/batch-17/batch.json
369c1335f647fe2a8860589934a031eb738b7033f6b45b3639995504fd24a707	63	fulltext-assessment-v1-final/batch-17/final.txt
a89365812192bfb81027a2850be2bf55bb31b8355566b1589ef9a6a8f4db5415	205506	fulltext-assessment-v1-final/batch-17/input.md
373cbf976c7037aa1397a75fe8e6e49b50bdfadc9c356c3657242c23fbf10602	462	fulltext-assessment-v1-final/batch-17/run.json
e3b0c44298fc1c149afbf4c8996fb92427ae41e4649b934ca495991b7852b855	0	fulltext-assessment-v1-final/batch-17/stderr.txt
c585c77bbccc729046b11f0e3ed310cb78b6d9ad18fdefbfe0b3de6c03ccebfe	96	fulltext-assessment-v1-final/batch-17/submit_assessment
ef9a5fa3f19b134361dfd94bfbcf0059a81b57e1c603a1fe2e810edfbba89598	5787	fulltext-assessment-v1-final/batch-17/trace.jsonl
c9042c96c925984bad88ee84cb7411c15cb5210432138696ffc1d3152f1f2aaf	2323	fulltext-assessment-v1-final/batch-18/assessments.jsonl
91724d3122deee772a1c0da3a8b321c85d783121109acf74b6db3ab87239573d	1046	fulltext-assessment-v1-final/batch-18/batch.json
cc2586741aac1c69d0558934c3d3d657622175e05b0d5e574abbbde0ad7f28c0	57	fulltext-assessment-v1-final/batch-18/final.txt
4c604c373a61b0742373a12149377120b4a7fea8c54776367a22bc1370e0a26a	233457	fulltext-assessment-v1-final/batch-18/input.md
b50f2b41fccc88e3bcbe019fd22fde8dc199ce6fbf748c6f48135ee2954aa2e3	462	fulltext-assessment-v1-final/batch-18/run.json
e3b0c44298fc1c149afbf4c8996fb92427ae41e4649b934ca495991b7852b855	0	fulltext-assessment-v1-final/batch-18/stderr.txt
c585c77bbccc729046b11f0e3ed310cb78b6d9ad18fdefbfe0b3de6c03ccebfe	96	fulltext-assessment-v1-final/batch-18/submit_assessment
191590b4f0d18b6a1baafa12fb312a076c4b1cf2c0dc8db2dd497cfcc913bdb5	5936	fulltext-assessment-v1-final/batch-18/trace.jsonl
4d75cad6814f1dd89c7fd47ad04dc0e676f94a5dcd0ed22f60812a97efbccfc3	1867	fulltext-assessment-v1-final/batch-19/assessments.jsonl
93e0e70da60206763a5b0e2494713bd26aed978407b2b552323e159c8e99aca6	1327	fulltext-assessment-v1-final/batch-19/batch.json
6043a21bd27b66f4c4d14af6adf9c6ffacbbe6a25eb5790d2173ed9d8927c852	53	fulltext-assessment-v1-final/batch-19/final.txt
4514ad844c3fdba72a988d2eced9a14fe779d577f81f0996fe01cf49c52ab73f	153610	fulltext-assessment-v1-final/batch-19/input.md
9383df03fcc0db4542e178196ff0d1f8dcd5766744972819ed099949ea60027e	462	fulltext-assessment-v1-final/batch-19/run.json
e3b0c44298fc1c149afbf4c8996fb92427ae41e4649b934ca495991b7852b855	0	fulltext-assessment-v1-final/batch-19/stderr.txt
c585c77bbccc729046b11f0e3ed310cb78b6d9ad18fdefbfe0b3de6c03ccebfe	96	fulltext-assessment-v1-final/batch-19/submit_assessment
9dbcb399e00f1a0c3c16c946afb895190e69564183767fdc491007e493a9328b	5033	fulltext-assessment-v1-final/batch-19/trace.jsonl
45b443d0c6b269e43c72744f993905382f2b3c6fd045c74e7bf36c254d438afb	2136	fulltext-assessment-v1-final/batch-20/assessments.jsonl
b9b83a1ed5d22b75ffac320822e10e6becec764a9784e11167471a0b9a4e8494	1289	fulltext-assessment-v1-final/batch-20/batch.json
7ef5ed09f6316593488fad4f3075b22c238cef5b58d066c8ded06107b4d50b38	68	fulltext-assessment-v1-final/batch-20/final.txt
b41d208c875e72b752a7c111c71683a2ff857f3f35de420ba1e1e99a610ae1a7	253815	fulltext-assessment-v1-final/batch-20/input.md
8fc8ff689c128eece242a8616a0fa472d51cac2058560866f9bfdc36916714ed	462	fulltext-assessment-v1-final/batch-20/run.json
e3b0c44298fc1c149afbf4c8996fb92427ae41e4649b934ca495991b7852b855	0	fulltext-assessment-v1-final/batch-20/stderr.txt
c585c77bbccc729046b11f0e3ed310cb78b6d9ad18fdefbfe0b3de6c03ccebfe	96	fulltext-assessment-v1-final/batch-20/submit_assessment
69521b28bbd03f78ec1b2c5f40931e2297cec9a5faf816587baa0b4ad4b72fcd	5514	fulltext-assessment-v1-final/batch-20/trace.jsonl
9dfc2a2d3c4a99928cbb8da28523dfaa8713c9d23d3746ef1b699d4e4988e4a3	2139	fulltext-assessment-v1-final/batch-21/assessments.jsonl
5dcc42ee53628a29cbbfe49dfc299d044a97dc7b30e9a778fdc693126782e38e	1138	fulltext-assessment-v1-final/batch-21/batch.json
369c1335f647fe2a8860589934a031eb738b7033f6b45b3639995504fd24a707	63	fulltext-assessment-v1-final/batch-21/final.txt
919c3c0a30c7b53f1ebe8a8c0a8dc0725606c53a64888d5c4ff0db61b1a1bddd	212371	fulltext-assessment-v1-final/batch-21/input.md
f04d33dd8c09988738878508713e7995b93e291aa539a49f61c51e33389922f3	462	fulltext-assessment-v1-final/batch-21/run.json
e3b0c44298fc1c149afbf4c8996fb92427ae41e4649b934ca495991b7852b855	0	fulltext-assessment-v1-final/batch-21/stderr.txt
c585c77bbccc729046b11f0e3ed310cb78b6d9ad18fdefbfe0b3de6c03ccebfe	96	fulltext-assessment-v1-final/batch-21/submit_assessment
c5c3d9717efc4640e68ff78179b1e568e3b9fba5418ad5d490836e0f087c3c06	5553	fulltext-assessment-v1-final/batch-21/trace.jsonl
7cd25bb40a6d88c11efd10166669085a500075aeef36baf48d2d796324eace12	2054	fulltext-assessment-v1-final/batch-22/assessments.jsonl
ac393fd861dc8377e4172685ebff862f422b8811a95ea2e41d04a302165412df	930	fulltext-assessment-v1-final/batch-22/batch.json
cc2586741aac1c69d0558934c3d3d657622175e05b0d5e574abbbde0ad7f28c0	57	fulltext-assessment-v1-final/batch-22/final.txt
5d3a82aa9f90852a84dd8c338ef20933d1d9b320824126bade05b5daa8b943dd	189901	fulltext-assessment-v1-final/batch-22/input.md
d6cc049208122f77a7ba7bfa1c36f2ce9c5979619d2e5f6a4aa08ea2b4cb7de9	462	fulltext-assessment-v1-final/batch-22/run.json
e3b0c44298fc1c149afbf4c8996fb92427ae41e4649b934ca495991b7852b855	0	fulltext-assessment-v1-final/batch-22/stderr.txt
c585c77bbccc729046b11f0e3ed310cb78b6d9ad18fdefbfe0b3de6c03ccebfe	96	fulltext-assessment-v1-final/batch-22/submit_assessment
26cdbe45acf7ef3d8195aa11a89012abb9ca0554a64bd18f97fae8238812c549	5375	fulltext-assessment-v1-final/batch-22/trace.jsonl
9c7d08dcfff3b856585a55972a39a04c817372cfc88590f54b549c30eb0349bc	2342	fulltext-assessment-v1-final/batch-23/assessments.jsonl
99ac810f5ff8a7776c57835d5490cd7bc53c6e80ac8baa5f8fef2dcdb0220ca6	1044	fulltext-assessment-v1-final/batch-23/batch.json
8967ccecef7a5270800e8f83ab39e8978f60181f36ec71d00508c663e7003aff	65	fulltext-assessment-v1-final/batch-23/final.txt
22e33ccda3c810a3773212f88fc3a32b9bb2e41f2cee03abb71eec866e775eab	179839	fulltext-assessment-v1-final/batch-23/input.md
de1823acd0b4bc94a658e8f419b71d9ba9dfb44e9d7c15bd216183ac23ca43cc	462	fulltext-assessment-v1-final/batch-23/run.json
e3b0c44298fc1c149afbf4c8996fb92427ae41e4649b934ca495991b7852b855	0	fulltext-assessment-v1-final/batch-23/stderr.txt
c585c77bbccc729046b11f0e3ed310cb78b6d9ad18fdefbfe0b3de6c03ccebfe	96	fulltext-assessment-v1-final/batch-23/submit_assessment
d91ea5655ee327d401e2ca701050ff56271662f632c8913ab50d0bab99d65fe6	6019	fulltext-assessment-v1-final/batch-23/trace.jsonl
31ae30a24cd4958534dfd329b6432aca23f75d5762a3aaf706b8464a2425908d	2437	fulltext-assessment-v1-final/batch-24/assessments.jsonl
b9a13ae53775dd056c4a261fe0c1c0accbfadf8f2d5556238a0cb208ac42fcfd	1423	fulltext-assessment-v1-final/batch-24/batch.json
7ef5ed09f6316593488fad4f3075b22c238cef5b58d066c8ded06107b4d50b38	68	fulltext-assessment-v1-final/batch-24/final.txt
e00ec6990f92005babe229ab81b48cbe73d0e4f0e112eef3875f4b219afd19c9	233701	fulltext-assessment-v1-final/batch-24/input.md
d01d8d9aecfcda4a13630effa3c589a17659c0be49b60408508f9b3d147089cc	462	fulltext-assessment-v1-final/batch-24/run.json
e3b0c44298fc1c149afbf4c8996fb92427ae41e4649b934ca495991b7852b855	0	fulltext-assessment-v1-final/batch-24/stderr.txt
c585c77bbccc729046b11f0e3ed310cb78b6d9ad18fdefbfe0b3de6c03ccebfe	96	fulltext-assessment-v1-final/batch-24/submit_assessment
191e462ae9bf6971bb5a0f6b8f49ff062833fb0ad8338472f27c7976f750b845	6193	fulltext-assessment-v1-final/batch-24/trace.jsonl
9c18a4f8f1f9e79b8eddd402f9f565536755cbb595698012c3ba7533746e608b	1931	fulltext-assessment-v1-final/batch-25/assessments.jsonl
115d0812e24373c2dc8611cb50e1b63c75de0e1680f8501a36ec266fb6aa5e88	1056	fulltext-assessment-v1-final/batch-25/batch.json
6043a21bd27b66f4c4d14af6adf9c6ffacbbe6a25eb5790d2173ed9d8927c852	53	fulltext-assessment-v1-final/batch-25/final.txt
bbaf7201ac92af17524a09eeccf221172b070e252f804318ca876a9850a661ad	219532	fulltext-assessment-v1-final/batch-25/input.md
e53179954207d024d9552826222bacd5377a86b0c7be42670cb5e36b2cfb3886	462	fulltext-assessment-v1-final/batch-25/run.json
e3b0c44298fc1c149afbf4c8996fb92427ae41e4649b934ca495991b7852b855	0	fulltext-assessment-v1-final/batch-25/stderr.txt
c585c77bbccc729046b11f0e3ed310cb78b6d9ad18fdefbfe0b3de6c03ccebfe	96	fulltext-assessment-v1-final/batch-25/submit_assessment
ebef697b9e0761d6ea21a7a4eab23403b75cb317659113cf45cb02e735db55be	5140	fulltext-assessment-v1-final/batch-25/trace.jsonl
b210586b1fc209ab79471d3b6fea2ef98634858d069a24c0abebe34f7a04a0ff	1857	fulltext-assessment-v1-final/batch-26/assessments.jsonl
edb3796466e11e2ec7dc3d3745a0c10fa496cdd85f12536ab149be82a5051d52	1346	fulltext-assessment-v1-final/batch-26/batch.json
2c1500277aea151e2c67124962d0badafee5d1bdbd002a5fb0cbd2f98f30142e	66	fulltext-assessment-v1-final/batch-26/final.txt
f815c2c497de096247abf8f45c76d982daa553214f2f37a6eaab49d24bcced2f	227766	fulltext-assessment-v1-final/batch-26/input.md
a5908c95621372ee9756771b8fb2b651efaf886c8a9d57beb2fefa96bbbb0660	462	fulltext-assessment-v1-final/batch-26/run.json
e3b0c44298fc1c149afbf4c8996fb92427ae41e4649b934ca495991b7852b855	0	fulltext-assessment-v1-final/batch-26/stderr.txt
c585c77bbccc729046b11f0e3ed310cb78b6d9ad18fdefbfe0b3de6c03ccebfe	96	fulltext-assessment-v1-final/batch-26/submit_assessment
e2a31e7f26cf07942cf604d0357bbd425ff3ee467c8d25ca1eaabfe8440ea7cc	4126	fulltext-assessment-v1-final/batch-26/trace.jsonl
3c5e8aec48d28553dc2c1aa3fb4fa7501c6e8fb46bfd1e739aae3a609e41327f	2421	fulltext-assessment-v1-final/batch-27/assessments.jsonl
24e49b62ad0079aec7af7363b365761dc008891589190c592d89d91aa269ac3a	1077	fulltext-assessment-v1-final/batch-27/batch.json
9d98b220875a8f7f8100748f4b63070f2efb9495632e26616d534cb1c47fc9ca	67	fulltext-assessment-v1-final/batch-27/final.txt
11e7782b614d180558a8ace921cbd7c4410c17612a4ff7490dd1d219b124ac59	183041	fulltext-assessment-v1-final/batch-27/input.md
41e94657e455442d434ed4e26611ef88a62d37f72cbe8ae6c887b026b40286ac	462	fulltext-assessment-v1-final/batch-27/run.json
e3b0c44298fc1c149afbf4c8996fb92427ae41e4649b934ca495991b7852b855	0	fulltext-assessment-v1-final/batch-27/stderr.txt
c585c77bbccc729046b11f0e3ed310cb78b6d9ad18fdefbfe0b3de6c03ccebfe	96	fulltext-assessment-v1-final/batch-27/submit_assessment
753a47e19c1781008ea6cac726f496c25f3c795ba8f6b53673283d55f13d9887	6128	fulltext-assessment-v1-final/batch-27/trace.jsonl
78126a33a797165215ec2714fd581f4adb503a16e28487fbd4be461b59e64f7b	2016	fulltext-assessment-v1-final/batch-28/assessments.jsonl
8da51bd83acbabff422e5222c4635736c3b842aa6257445f486446a33d92c885	1254	fulltext-assessment-v1-final/batch-28/batch.json
6043a21bd27b66f4c4d14af6adf9c6ffacbbe6a25eb5790d2173ed9d8927c852	53	fulltext-assessment-v1-final/batch-28/final.txt
60a200dbe5f554a5a4caf72acc124d3fa0f8f416b6deeda91e64a78eb4621a02	168543	fulltext-assessment-v1-final/batch-28/input.md
475e90683ff1066e59041daa33f19d5a92d4ecbf01acdd0e978efe105a14a58a	462	fulltext-assessment-v1-final/batch-28/run.json
e3b0c44298fc1c149afbf4c8996fb92427ae41e4649b934ca495991b7852b855	0	fulltext-assessment-v1-final/batch-28/stderr.txt
c585c77bbccc729046b11f0e3ed310cb78b6d9ad18fdefbfe0b3de6c03ccebfe	96	fulltext-assessment-v1-final/batch-28/submit_assessment
ca164ab87a34ac4bb1f568f7dacb2ac469094d5ec92e36c06ed4c9ae2608fb99	5236	fulltext-assessment-v1-final/batch-28/trace.jsonl
daf02aebacc645cfae1bb0e1300299e4d9853904d550adb4236376708fa4a283	2063	fulltext-assessment-v1-final/batch-29/assessments.jsonl
867d2587354c92765eb199903ec470294f965ba44581befdf16dd2c40201da2f	1424	fulltext-assessment-v1-final/batch-29/batch.json
6043a21bd27b66f4c4d14af6adf9c6ffacbbe6a25eb5790d2173ed9d8927c852	53	fulltext-assessment-v1-final/batch-29/final.txt
4e076f92f4f7450d4469fe2155237b3ed44848080a79a291012ede18ecf40429	206266	fulltext-assessment-v1-final/batch-29/input.md
f7544b356f45fa256e2c204fa236ca99140064f517a5a495282ee7ef63579caa	462	fulltext-assessment-v1-final/batch-29/run.json
e3b0c44298fc1c149afbf4c8996fb92427ae41e4649b934ca495991b7852b855	0	fulltext-assessment-v1-final/batch-29/stderr.txt
c585c77bbccc729046b11f0e3ed310cb78b6d9ad18fdefbfe0b3de6c03ccebfe	96	fulltext-assessment-v1-final/batch-29/submit_assessment
cebac5f51470c63f172ac893ed15d7b6394afcee119f89cd2f93243b9690926d	5353	fulltext-assessment-v1-final/batch-29/trace.jsonl
b199eb74e2688bc6c97ba4bfdb2c10e6dd298bd92b110cea54e7658d5560849c	2252	fulltext-assessment-v1-final/batch-30/assessments.jsonl
551e9a25bdec6afe62e888d8a509c87ba222c5528f33c5559949576b3063d7d5	1352	fulltext-assessment-v1-final/batch-30/batch.json
7ef5ed09f6316593488fad4f3075b22c238cef5b58d066c8ded06107b4d50b38	68	fulltext-assessment-v1-final/batch-30/final.txt
5a003c3811ebacb6e26e1fc125c391e70984950207c46dd678fb2218e48e19d2	160665	fulltext-assessment-v1-final/batch-30/input.md
29e4304fa2bb2027cc66b5256baf0b4bd8aac97fd250a642c6f0e63f726c1bd6	462	fulltext-assessment-v1-final/batch-30/run.json
e3b0c44298fc1c149afbf4c8996fb92427ae41e4649b934ca495991b7852b855	0	fulltext-assessment-v1-final/batch-30/stderr.txt
c585c77bbccc729046b11f0e3ed310cb78b6d9ad18fdefbfe0b3de6c03ccebfe	96	fulltext-assessment-v1-final/batch-30/submit_assessment
bb61c59e9d769f697f6ba86397e0da36e35459159fc7e5979490c5c38a2ce7ad	5779	fulltext-assessment-v1-final/batch-30/trace.jsonl
0e78dbb21b7af7e5eb8ff3f182cc1c9ff5b13793ee0e2653b846c20d524559c0	2112	fulltext-assessment-v1-final/batch-31/assessments.jsonl
46d7a4c88bc5ac779e39e3d3d60cfc3784c6fae777049c02606fa526bf6c6af0	1319	fulltext-assessment-v1-final/batch-31/batch.json
cc2586741aac1c69d0558934c3d3d657622175e05b0d5e574abbbde0ad7f28c0	57	fulltext-assessment-v1-final/batch-31/final.txt
3bd06fb0d9972c148ee02db427dd2f47d24f4f1cf25aa407efd608037af3c16d	222779	fulltext-assessment-v1-final/batch-31/input.md
24da5266b0518ae04fd354e43474d691ba7956032755b1833c158181ddf32b56	462	fulltext-assessment-v1-final/batch-31/run.json
e3b0c44298fc1c149afbf4c8996fb92427ae41e4649b934ca495991b7852b855	0	fulltext-assessment-v1-final/batch-31/stderr.txt
c585c77bbccc729046b11f0e3ed310cb78b6d9ad18fdefbfe0b3de6c03ccebfe	96	fulltext-assessment-v1-final/batch-31/submit_assessment
cd8b6f527d374fce9f3ba0f5495dd616e73b8466aa162d9f8167aac6ba45cfe1	5475	fulltext-assessment-v1-final/batch-31/trace.jsonl
7b9be618e8202e99183782a003f215e5d7bc8d7b2f499d9377d0bdb8ac0af44d	2639	fulltext-assessment-v1-final/batch-32/assessments.jsonl
d9ccb56920882b3486b068b0d9f67350109aa6bc242c158cd6706d5c8eb607e2	1061	fulltext-assessment-v1-final/batch-32/batch.json
2c1500277aea151e2c67124962d0badafee5d1bdbd002a5fb0cbd2f98f30142e	66	fulltext-assessment-v1-final/batch-32/final.txt
f965444a59e0df2e057a6d477a9f8f2c5ecabbca0df5752e82cd81b61c683a68	240567	fulltext-assessment-v1-final/batch-32/input.md
980d27b455604402ae1331437af408dddad6de296fe190283d511716381e2edc	462	fulltext-assessment-v1-final/batch-32/run.json
e3b0c44298fc1c149afbf4c8996fb92427ae41e4649b934ca495991b7852b855	0	fulltext-assessment-v1-final/batch-32/stderr.txt
c585c77bbccc729046b11f0e3ed310cb78b6d9ad18fdefbfe0b3de6c03ccebfe	96	fulltext-assessment-v1-final/batch-32/submit_assessment
0d0c360b875014a2e332e796df41d760733fb78a4a3b15b4828d7cbbb538b900	6561	fulltext-assessment-v1-final/batch-32/trace.jsonl
e20dad5206743d26e8f8ea92d937fed0aaab04c86785d02301142b6877b66ba3	1990	fulltext-assessment-v1-final/batch-33/assessments.jsonl
560c07df1096d9223b304b954825aae894835859fd125b74b40fc2757de62e90	1236	fulltext-assessment-v1-final/batch-33/batch.json
168e04c93b3fdea3e4017a0915df44097c024f211a37dbb42d1de09bd8be55fb	76	fulltext-assessment-v1-final/batch-33/final.txt
cbb3e9531849c5b5278c753438d33d6bd9aaf0a7286172e771266f22f7e23459	192835	fulltext-assessment-v1-final/batch-33/input.md
3ec990484d613ab7554db8986879c4b6bbd2b1783df2c81b264a040443561d83	462	fulltext-assessment-v1-final/batch-33/run.json
e3b0c44298fc1c149afbf4c8996fb92427ae41e4649b934ca495991b7852b855	0	fulltext-assessment-v1-final/batch-33/stderr.txt
c585c77bbccc729046b11f0e3ed310cb78b6d9ad18fdefbfe0b3de6c03ccebfe	96	fulltext-assessment-v1-final/batch-33/submit_assessment
46dbad8ce21ad59340e824202e11fa52be3af89f1452621f9d80d0eea810b0c5	4255	fulltext-assessment-v1-final/batch-33/trace.jsonl
2124398eb981af0bd0a6fdab52f5ff2b96a602b72a7c6706052facf6b9d80963	2184	fulltext-assessment-v1-final/batch-34/assessments.jsonl
e44c06bc561d67e8d0dbad61a00548d8a5f85c5e7e9c50344a269af62a9cb483	1248	fulltext-assessment-v1-final/batch-34/batch.json
d705eb262370bfbf691e3ebfb2d09a3e052d490694df4b0e5a88fccdb251de2b	57	fulltext-assessment-v1-final/batch-34/final.txt
39929de1da680a07ea76ee3b846406cf171bdf1f44c8af25df0812b6824f6704	255220	fulltext-assessment-v1-final/batch-34/input.md
d6461c20587e616bb63efb95e7bc3045b0566239da1bbdd81703ec7e24e7fd5c	462	fulltext-assessment-v1-final/batch-34/run.json
e3b0c44298fc1c149afbf4c8996fb92427ae41e4649b934ca495991b7852b855	0	fulltext-assessment-v1-final/batch-34/stderr.txt
c585c77bbccc729046b11f0e3ed310cb78b6d9ad18fdefbfe0b3de6c03ccebfe	96	fulltext-assessment-v1-final/batch-34/submit_assessment
eb6cfa91a90019dd869f1be2722f8c7cd813ff7855c0453780aa127a5569b025	4700	fulltext-assessment-v1-final/batch-34/trace.jsonl
aae3cc0418ef8ad889584e8c58196c07dcfbfb4ebbb5169e9ac64815248149b0	2052	fulltext-assessment-v1-final/batch-35/assessments.jsonl
fb9f8d12d50ae651719ab3bd0b4fa175e717b66d8d2e504ff7a03504312d23da	1336	fulltext-assessment-v1-final/batch-35/batch.json
7ef5ed09f6316593488fad4f3075b22c238cef5b58d066c8ded06107b4d50b38	68	fulltext-assessment-v1-final/batch-35/final.txt
ca63978ce0f917514d0a4d11b098463fee441c307531fbf93c2da889f7eff333	185310	fulltext-assessment-v1-final/batch-35/input.md
5fd747198ff5dd39bd6c6de3e6a79c64c41a187050f81e4286daf389067a22d5	462	fulltext-assessment-v1-final/batch-35/run.json
e3b0c44298fc1c149afbf4c8996fb92427ae41e4649b934ca495991b7852b855	0	fulltext-assessment-v1-final/batch-35/stderr.txt
c585c77bbccc729046b11f0e3ed310cb78b6d9ad18fdefbfe0b3de6c03ccebfe	96	fulltext-assessment-v1-final/batch-35/submit_assessment
fdef91c75dc03022c62d9dd94099fb54676cfa05d3ed5460c954c331259c1515	5365	fulltext-assessment-v1-final/batch-35/trace.jsonl
fb5f46433a2051247e5d6cd6ae4c30599b925d778eed7efb22d362ba5e78f811	2120	fulltext-assessment-v1-final/batch-36/assessments.jsonl
0314cf8588b87c473793124291cad0b59c64a2bfea440fde3904788f627e1591	1052	fulltext-assessment-v1-final/batch-36/batch.json
43ebb314d562f640b1a9c757295665d74529acc90b1f3cdd37b46238c8734d53	62	fulltext-assessment-v1-final/batch-36/final.txt
f349cfea2d322826c3946518cc450bf0472721356cee4e45f816ff380ed860f1	174014	fulltext-assessment-v1-final/batch-36/input.md
68ebda4712e21c06e724129ad71ee24aee0ca31ceeaeb8ed4d8a3b6a56b18de6	462	fulltext-assessment-v1-final/batch-36/run.json
e3b0c44298fc1c149afbf4c8996fb92427ae41e4649b934ca495991b7852b855	0	fulltext-assessment-v1-final/batch-36/stderr.txt
c585c77bbccc729046b11f0e3ed310cb78b6d9ad18fdefbfe0b3de6c03ccebfe	96	fulltext-assessment-v1-final/batch-36/submit_assessment
066bcc1ce38593f79fba5e4be42b1130d9c507b7185870cac1fd6160221b2318	5509	fulltext-assessment-v1-final/batch-36/trace.jsonl
2a0b142de2484e0ccec32cc7501b2a479ead925f9acff04e2fcfcd8c63d93244	1950	fulltext-assessment-v1-final/batch-37/assessments.jsonl
80b88462affa86a1c9f508c694174b31a0dc010d2b8c85b063c0c18bcfa6c86c	1228	fulltext-assessment-v1-final/batch-37/batch.json
225b043d5cbce17e3e63a038baf8465ce9e378ce3a642bb902d86472199e0aad	66	fulltext-assessment-v1-final/batch-37/final.txt
76cf1127f0ce9b52cb98c23e60970720c959dcb9f17e836e877ef679dd3e3afd	214256	fulltext-assessment-v1-final/batch-37/input.md
e451f2d9e8ec72b36b598260178e9944abb75ad01f596e53db6acb10945d06fe	462	fulltext-assessment-v1-final/batch-37/run.json
e3b0c44298fc1c149afbf4c8996fb92427ae41e4649b934ca495991b7852b855	0	fulltext-assessment-v1-final/batch-37/stderr.txt
c585c77bbccc729046b11f0e3ed310cb78b6d9ad18fdefbfe0b3de6c03ccebfe	96	fulltext-assessment-v1-final/batch-37/submit_assessment
dc9e30c031c27712b49923efd38773e6104dafb2ee5792387d08feabdf6a189c	4199	fulltext-assessment-v1-final/batch-37/trace.jsonl
90c6a8f029b413aa2c9e41e04805384ca625ab3f72a4527db926a2cb3029c902	2362	fulltext-assessment-v1-final/batch-38/assessments.jsonl
57f3062bd9cd77473aedc415d62ce2ea0f4fd1fb63ec81e8cb1260e9d98182e8	1150	fulltext-assessment-v1-final/batch-38/batch.json
6043a21bd27b66f4c4d14af6adf9c6ffacbbe6a25eb5790d2173ed9d8927c852	53	fulltext-assessment-v1-final/batch-38/final.txt
89a6b007eac130148b201ee3d4b7204b0dcb68d41e6acc760cbb6644e174ca3a	188853	fulltext-assessment-v1-final/batch-38/input.md
a9b6f990c8cc3f7155e30d4daac80574e38d5744170df85f1901398a2aca9be8	462	fulltext-assessment-v1-final/batch-38/run.json
e3b0c44298fc1c149afbf4c8996fb92427ae41e4649b934ca495991b7852b855	0	fulltext-assessment-v1-final/batch-38/stderr.txt
c585c77bbccc729046b11f0e3ed310cb78b6d9ad18fdefbfe0b3de6c03ccebfe	96	fulltext-assessment-v1-final/batch-38/submit_assessment
41876a7b8f985bc16ca42aaa5337fbe6d3b8647cde21cbd2eb9c14dab82f1bd5	6078	fulltext-assessment-v1-final/batch-38/trace.jsonl
d2373a7b0796cedce73f513d086fdc4a983ba86c8a51b2263bcfad32acadb1d7	2057	fulltext-assessment-v1-final/batch-39/assessments.jsonl
1dc4dc571055204819d07f87c7067f864ed53efe76f6fba40a0bc0b2cecc59f6	933	fulltext-assessment-v1-final/batch-39/batch.json
cc2586741aac1c69d0558934c3d3d657622175e05b0d5e574abbbde0ad7f28c0	57	fulltext-assessment-v1-final/batch-39/final.txt
82b79c2261d074e0c8ecb10cd06a14fb6c619e1f9c7f20b3877e967908ed65de	146550	fulltext-assessment-v1-final/batch-39/input.md
0ec64c8599f3270adf47465f55c81940e5862180612da6ebf49ccb03e610cca4	462	fulltext-assessment-v1-final/batch-39/run.json
e3b0c44298fc1c149afbf4c8996fb92427ae41e4649b934ca495991b7852b855	0	fulltext-assessment-v1-final/batch-39/stderr.txt
c585c77bbccc729046b11f0e3ed310cb78b6d9ad18fdefbfe0b3de6c03ccebfe	96	fulltext-assessment-v1-final/batch-39/submit_assessment
4ccd8f2812c3e7385c6485c99ab88efce501eec2d270635389cc77292932bab6	5371	fulltext-assessment-v1-final/batch-39/trace.jsonl
e7284efbc620f4809d17a3f9af6fb48b6f2f7ab876045ba9af3c9bd65218a020	2061	fulltext-assessment-v1-final/batch-40/assessments.jsonl
e6346d313976064b33c27b79e9df5257280685aa6732c22d2909358ed11bc0d7	1242	fulltext-assessment-v1-final/batch-40/batch.json
6043a21bd27b66f4c4d14af6adf9c6ffacbbe6a25eb5790d2173ed9d8927c852	53	fulltext-assessment-v1-final/batch-40/final.txt
a5963a10c7374cb0b85f6750e082e305e07cd66d2a770651ef7cf238b40bbbf3	198908	fulltext-assessment-v1-final/batch-40/input.md
1f8f0d4b80f0f0c8c744b0bcac367d8f3c44c5c8f725329484e9a7534cfde76a	462	fulltext-assessment-v1-final/batch-40/run.json
e3b0c44298fc1c149afbf4c8996fb92427ae41e4649b934ca495991b7852b855	0	fulltext-assessment-v1-final/batch-40/stderr.txt
c585c77bbccc729046b11f0e3ed310cb78b6d9ad18fdefbfe0b3de6c03ccebfe	96	fulltext-assessment-v1-final/batch-40/submit_assessment
215d78132fa6df2593f9e8bd50c4193c30f36ef99bbd382342e6de9f05dc6154	5354	fulltext-assessment-v1-final/batch-40/trace.jsonl
bb31c56c2441c1b112fa762b7288426fec35cbdab854c22ef41ff6871ec76d38	2376	fulltext-assessment-v1-final/batch-41/assessments.jsonl
07ae517f5910472169cdbe1086404db062c1512d380e62e3a38e9b820484e13b	1117	fulltext-assessment-v1-final/batch-41/batch.json
6043a21bd27b66f4c4d14af6adf9c6ffacbbe6a25eb5790d2173ed9d8927c852	53	fulltext-assessment-v1-final/batch-41/final.txt
dfcac5233cb6b62af8fae616e1f956366f344a17820e30f845987da39abcc5be	279646	fulltext-assessment-v1-final/batch-41/input.md
2e245e19bdc3989b81d5fd128b830be3b38dfeb106f9656044c6076a95b6bbb6	462	fulltext-assessment-v1-final/batch-41/run.json
e3b0c44298fc1c149afbf4c8996fb92427ae41e4649b934ca495991b7852b855	0	fulltext-assessment-v1-final/batch-41/stderr.txt
c585c77bbccc729046b11f0e3ed310cb78b6d9ad18fdefbfe0b3de6c03ccebfe	96	fulltext-assessment-v1-final/batch-41/submit_assessment
b456d561bb82d0948c4553d89d757ec36c316d112ee71480d9943e2d559aa370	6008	fulltext-assessment-v1-final/batch-41/trace.jsonl
1bc7b8cf4ccbad8bf9ba74ba4f6f914d52007d3994ee7a324643fc51813243a4	81590	fulltext-assessment-v1-final/results.csv
d95e76e5726382cb79e79f4e51a79709902997cdb71cb4825be8833cfabb0865	6304	fulltext-assessment-v1-final/selection.json
a2f5e75e0b1b4e7ccd5de1da6273627644f5ca701b256cbc7daf3816cc2f6da3	469	fulltext-assessment-v1-final/summary.json
51f3d88e2b1fa7258b00ae57aea164eb46b8ff1f3c3121d41e14e17feae5bffa	2291	fulltext-assessment-v1-sample/batch-01/assessments.jsonl
57357087f1e2a3f6a7c6d5e2ecae6e1e18ab22d0a0b03013c0ba2b1212115ba1	1215	fulltext-assessment-v1-sample/batch-01/batch.json
6043a21bd27b66f4c4d14af6adf9c6ffacbbe6a25eb5790d2173ed9d8927c852	53	fulltext-assessment-v1-sample/batch-01/final.txt
0e84435c040e618a4fd800779d6f4d7660e6a6e684487c27ba4779fe32aa103b	185849	fulltext-assessment-v1-sample/batch-01/input.md
acf268ce05a7aeadf649f36d5e1ab2defd0de85d3f019ad65671599cf766042a	463	fulltext-assessment-v1-sample/batch-01/run.json
e3b0c44298fc1c149afbf4c8996fb92427ae41e4649b934ca495991b7852b855	0	fulltext-assessment-v1-sample/batch-01/stderr.txt
c585c77bbccc729046b11f0e3ed310cb78b6d9ad18fdefbfe0b3de6c03ccebfe	96	fulltext-assessment-v1-sample/batch-01/submit_assessment
87ddbf30db4e0794e679ef033c54a72b8f91628d42884b3ba79eb21872b23d3d	5837	fulltext-assessment-v1-sample/batch-01/trace.jsonl
dc8f17d72daabb6e4177287f978e2fed291bc9648b4ac53dd944410a0e9d944c	2409	fulltext-assessment-v1-sample/batch-02/assessments.jsonl
ada7c5a9c742348997af70469de0be84c20ba77d6bbccb7f924f40ea5470a9d3	1334	fulltext-assessment-v1-sample/batch-02/batch.json
883a187e1e801a3f3b8bff9e02187225604dcc3edaa34334ac6349cbee1d0f99	66	fulltext-assessment-v1-sample/batch-02/final.txt
86db20f7fb1f61ba379fd5c685b95ed1fb7e6bf86fcd9114e19dc55176800622	197996	fulltext-assessment-v1-sample/batch-02/input.md
dc8f17192e33fd234f29e58de02fe59806455d51a36f878fbdb736f5f5fdec39	463	fulltext-assessment-v1-sample/batch-02/run.json
e3b0c44298fc1c149afbf4c8996fb92427ae41e4649b934ca495991b7852b855	0	fulltext-assessment-v1-sample/batch-02/stderr.txt
c585c77bbccc729046b11f0e3ed310cb78b6d9ad18fdefbfe0b3de6c03ccebfe	96	fulltext-assessment-v1-sample/batch-02/submit_assessment
e87caae44291dc2713c53d9d657d91b65a61c3f2b526027af7807da9ea0a7682	6082	fulltext-assessment-v1-sample/batch-02/trace.jsonl
6df394253e90a8f7176a6a72864fc48a6ae3349eddcc2533433a8bf974ec4d41	1843	fulltext-assessment-v1-sample/batch-03/assessments.jsonl
767ee5b1a4bbb27188adb334d708a8e0496bb4e4c0a36ed3fc0bcfdba193e494	1231	fulltext-assessment-v1-sample/batch-03/batch.json
6043a21bd27b66f4c4d14af6adf9c6ffacbbe6a25eb5790d2173ed9d8927c852	53	fulltext-assessment-v1-sample/batch-03/final.txt
9815c591462954b4b921020dde3cbd93ab0b7f8b0e4a631c05484583c3bbcde1	192237	fulltext-assessment-v1-sample/batch-03/input.md
c144ca37dd85477f5fc2c8ea1b98357e506e3fc7585e90bd808348452069a35e	463	fulltext-assessment-v1-sample/batch-03/run.json
e3b0c44298fc1c149afbf4c8996fb92427ae41e4649b934ca495991b7852b855	0	fulltext-assessment-v1-sample/batch-03/stderr.txt
c585c77bbccc729046b11f0e3ed310cb78b6d9ad18fdefbfe0b3de6c03ccebfe	96	fulltext-assessment-v1-sample/batch-03/submit_assessment
997c6005c69959d23b3234bac2f6b8a06236a39f9ba77cc1db9f34ad01462e3b	4954	fulltext-assessment-v1-sample/batch-03/trace.jsonl
b6ae9bde9f2a42865d02d586b393469877e7e8879528866b197987642c33a53f	1968	fulltext-assessment-v1-sample/batch-04/assessments.jsonl
428cd171a86de20a06f7d51d24c1a03a96f3455b9e1bbf040b839cddc1f0ddfe	1319	fulltext-assessment-v1-sample/batch-04/batch.json
f7d1aad5eb349b214adbe970c3e865419ac0353eb5122b701e29f93ca8b3bb80	57	fulltext-assessment-v1-sample/batch-04/final.txt
0ac5cc378becdb696a8743e08c0ee37497d4cd9abdc89962d90bb5b96ce38af0	221462	fulltext-assessment-v1-sample/batch-04/input.md
348b013055ba301f8a0648f5d396f3b8cbdcce5aa1fb29ccfc5651221ee199e8	463	fulltext-assessment-v1-sample/batch-04/run.json
e3b0c44298fc1c149afbf4c8996fb92427ae41e4649b934ca495991b7852b855	0	fulltext-assessment-v1-sample/batch-04/stderr.txt
c585c77bbccc729046b11f0e3ed310cb78b6d9ad18fdefbfe0b3de6c03ccebfe	96	fulltext-assessment-v1-sample/batch-04/submit_assessment
5207147e6a1a1f189f3c36e12132077569b9add871fe9effa790915097b4fda5	4230	fulltext-assessment-v1-sample/batch-04/trace.jsonl
6a685429b9e251b499f4e7a34ac5cec8777b44a6302b6382ddc87105cf96dc0c	8146	fulltext-assessment-v1-sample/results.csv
bd5e11f2881251e477a7208e9a20fca15fc2e7ef3a6536bbb9f93e6d3c3bc4e6	864	fulltext-assessment-v1-sample/selection.json
3bad1a560310e14fdb7d9f575a8dc6e376745df91ecbb1525bd6aeb06bac11b4	423	fulltext-assessment-v1-sample/summary.json
d8bcc7b447afef8b390c1a6353e6afe2f806c691ab477a6b6ebe8e131e32038a	291	fulltext-assessment-validation.json
317ad58a409855daf00b56e67e8718aba40ae502d282c8548073c34aebd9656c	441	fulltext-manual-adjudications.csv
b45e0ce117948d881f8aa36cef917ff2784c79490ad576c9c00bb7409abc17f7	1716	funding-audit-v1/SYSTEM.md
e1bd6267dea40493f21252ce4910df2ff43264e3bbc4d631036741a5816fa84d	1460	funding-audit-v1/batch-01/batch.json
4d847d39531b1afaf2d6d50de943ce29bcfe886853ad309fec9fe1fc576b219f	98	funding-audit-v1/batch-01/final.txt
c16f81e58c29639a79e7d4a14db003a1ada1bb62c57bba650cfd4726a86ff22a	1711	funding-audit-v1/batch-01/funding.jsonl
f091daa21ef37c691f09faaf349eae659557b8418e188b5ba3e990e1dddbc86a	135115	funding-audit-v1/batch-01/input.md
e3b0c44298fc1c149afbf4c8996fb92427ae41e4649b934ca495991b7852b855	0	funding-audit-v1/batch-01/stderr.txt
1122c1a7e5ade52fddb9ef62d0a69d9c581fcc20219eccf1675774f465b3a919	90	funding-audit-v1/batch-01/submit_funding
14a52b281810dc03eb81330108d1c4b3294ec5bce5c0a75d39952a74256b5d07	3715	funding-audit-v1/batch-01/trace.jsonl
418e4cab47089013c9812c06fb72367c633ffe24ff32bb8a47946a5413e3dcdd	1453	funding-audit-v1/batch-02/batch.json
f48cf7a5a9ad7f3eaded03c443f7e84cdd8a9218296f1d30d28098efdd9c8b86	63	funding-audit-v1/batch-02/final.txt
ce9f8d5f3faa335425614a12fa1551f6134341bfb94a3866e82df81f58719782	1828	funding-audit-v1/batch-02/funding.jsonl
b338228bd105f964f19acef55d8e7ed29dde620ee6190926550d8b3aba4c7cd8	166444	funding-audit-v1/batch-02/input.md
e3b0c44298fc1c149afbf4c8996fb92427ae41e4649b934ca495991b7852b855	0	funding-audit-v1/batch-02/stderr.txt
1122c1a7e5ade52fddb9ef62d0a69d9c581fcc20219eccf1675774f465b3a919	90	funding-audit-v1/batch-02/submit_funding
680a40c6ac078ee19164b552be98abe3b8c13708fcc1ca9843c32239c50420b9	6790	funding-audit-v1/batch-02/trace.jsonl
beafc8e81406b9d212d2fa8167effab82c66439bf2fcd9d2a68a1836845a3090	1667	funding-audit-v1/batch-03/batch.json
28ff3ec70a15a9f60fe69cb7de3c769ba582facc704ce929d51da96afa09118e	61	funding-audit-v1/batch-03/final.txt
5a7eb1bd5cac09957d1aa5d3229391de42eabe1145535802e66c99338bbd45c5	2212	funding-audit-v1/batch-03/funding.jsonl
6d969fee84a544e7ae86afacf3ebcea2ee93aaa908ade35cc1aadd9b01a3553b	124636	funding-audit-v1/batch-03/input.md
e3b0c44298fc1c149afbf4c8996fb92427ae41e4649b934ca495991b7852b855	0	funding-audit-v1/batch-03/stderr.txt
1122c1a7e5ade52fddb9ef62d0a69d9c581fcc20219eccf1675774f465b3a919	90	funding-audit-v1/batch-03/submit_funding
cb79e5ecdb4c3bbaab8c539d1b009d35e8346037ba15be373528c04d2675949e	7580	funding-audit-v1/batch-03/trace.jsonl
e3677cf55c593dae96eeccba442b9b2b39578f795b4b7e444450885daa9796c6	1365	funding-audit-v1/batch-04/batch.json
cad7804bb299cc3d90f117af8aff020f5c41c94a5ae2170e15415ed5a4c3e9a1	57	funding-audit-v1/batch-04/final.txt
f018a525b2ad00d8f4ef90ae2bb368762c47e327d90a1c7f2d4c5055bae5ebe7	1857	funding-audit-v1/batch-04/funding.jsonl
ae6e88587cfa18296b525587c98fc9560f60ed28b26626aa20834f6f806bbb14	155986	funding-audit-v1/batch-04/input.md
e3b0c44298fc1c149afbf4c8996fb92427ae41e4649b934ca495991b7852b855	0	funding-audit-v1/batch-04/stderr.txt
1122c1a7e5ade52fddb9ef62d0a69d9c581fcc20219eccf1675774f465b3a919	90	funding-audit-v1/batch-04/submit_funding
f43447b4f609ff57bef034c7227f5a10ff84fd7d019ed7a1ef3dec9332465b74	6851	funding-audit-v1/batch-04/trace.jsonl
bb5665335694ba4a93c77a9b3979df70f6c40ca67b91331c1f5fa35a82cf8fe2	1351	funding-audit-v1/batch-05/batch.json
42f457c98a8d7fd0e067072abced4f91320b292d6b1c8accd5bc502ee5d380d5	71	funding-audit-v1/batch-05/final.txt
d40770129390d8817a3bae567c2fcdd81dac42d1deed1081d39562c95805b2b1	1820	funding-audit-v1/batch-05/funding.jsonl
6ffa77f44e76230c2be85c105493af11e568864c8b1504cf03858ea41404c217	148037	funding-audit-v1/batch-05/input.md
e3b0c44298fc1c149afbf4c8996fb92427ae41e4649b934ca495991b7852b855	0	funding-audit-v1/batch-05/stderr.txt
1122c1a7e5ade52fddb9ef62d0a69d9c581fcc20219eccf1675774f465b3a919	90	funding-audit-v1/batch-05/submit_funding
5773fb0bfe2b8e01d2e3c3d20ea3776e839ec0af96dfbf2efea24c2dde001a9c	4216	funding-audit-v1/batch-05/trace.jsonl
2c6c8fecef0c4c3c6de2734ae83394aadc10e4516dc2dc8cc9b249ae8fb1ec59	1375	funding-audit-v1/batch-06/batch.json
61728925f02afebe899ab38417dd8c138e0fcc041d3a94539e13b5a81026efb3	65	funding-audit-v1/batch-06/final.txt
c3f6dcfa40267600d70f6c0a2aa376ba125ee74b96f7ab9ed7303c6db42ea9aa	1739	funding-audit-v1/batch-06/funding.jsonl
fdb073f1ade261b041de6f265973f919b6fa92f0eb0dbbb976ed29dfdc32ab0c	88600	funding-audit-v1/batch-06/input.md
e3b0c44298fc1c149afbf4c8996fb92427ae41e4649b934ca495991b7852b855	0	funding-audit-v1/batch-06/stderr.txt
1122c1a7e5ade52fddb9ef62d0a69d9c581fcc20219eccf1675774f465b3a919	90	funding-audit-v1/batch-06/submit_funding
a995b9842818e95da57c21fb6a40208ff799c25ff6606206b7c274d654f42750	6631	funding-audit-v1/batch-06/trace.jsonl
434a2c5ffa2cdc3aabfcb7680aabd1150575580123d4d1e21f7c0dec8e9e509a	1344	funding-audit-v1/batch-07/batch.json
fcf958a9fa77898db138e839be1ed48da66d44f464725cb5723097d88efcdf00	71	funding-audit-v1/batch-07/final.txt
6b894583a26449f290cefdcc1f8a226e879c0b65b52a5af73c585fb20da06016	1702	funding-audit-v1/batch-07/funding.jsonl
8c2f97f5e2d7d558cdf0d4e994ab6cc26c029be1b26f3511562bdf7e6f2cddf1	156597	funding-audit-v1/batch-07/input.md
e3b0c44298fc1c149afbf4c8996fb92427ae41e4649b934ca495991b7852b855	0	funding-audit-v1/batch-07/stderr.txt
1122c1a7e5ade52fddb9ef62d0a69d9c581fcc20219eccf1675774f465b3a919	90	funding-audit-v1/batch-07/submit_funding
f1ed0e91a6e621156a8c35adb48d1b90a58eecce5c38151d2df470560416f0b6	6604	funding-audit-v1/batch-07/trace.jsonl
e6537a411012872cfd8574684448a53a57f91fd3b72c9bf4e3b4a6de7a3570a4	568	funding-audit-v1/batch-08/batch.json
ba0a4d548da8daaa34b4d8e8bf5dc77795a2d35b8c751fab83c771cfb1ea2c47	53	funding-audit-v1/batch-08/final.txt
e4865f8e7be9998e99fbfee982cda338af7b8f1d3371ac73897f805650431bc9	734	funding-audit-v1/batch-08/funding.jsonl
fdb7877aa563e380bdb316173393cc86ec0013ee4a1b56161613b31d8c844645	79054	funding-audit-v1/batch-08/input.md
e3b0c44298fc1c149afbf4c8996fb92427ae41e4649b934ca495991b7852b855	0	funding-audit-v1/batch-08/stderr.txt
1122c1a7e5ade52fddb9ef62d0a69d9c581fcc20219eccf1675774f465b3a919	90	funding-audit-v1/batch-08/submit_funding
90377e6b8cc50799ae065497da551b485495f14b43575d85bc3c0a417577c64e	3255	funding-audit-v1/batch-08/trace.jsonl
edec2a9a76a1145017929a0d21e0b5ddad658570414512a102db802c934026bb	9848	funding-audit-v1/results.csv
53287aba170f704d87192604dbd78e45b289f37e2ee9ad1a210d891197c2f5e7	2177	funding-audit-v1/selection.json
0a43ce684410f3675228e88d161320bbc917dc15fb7e4d393dbde302583cd07c	299	funding-audit-v1/summary.json
53aaea5f03eff18a51ca8d24d17d0b9643c880c330afe7cdce87f5d9c3c93365	1563	paper-assessment-v2/SYSTEM.md
94bbdcfe20044b4338b710b2e74a25efbb9f87b8b47585e061f36cce4765d8ee	162209	paper-assessment.csv
c262fa2c70f58484cb9b54f485a459a4e6139510241b7ba0cef0bb5771b2c0f6	410	person-funnel-validation.json
c030d7fa71e15de1407eae08e2a23ff9acc3e9cbc3706e3cb36f730eec1cfc2d	3026	person-funnel.csv
f67b0411eee13e733ba2ec876512718e03e4a4a661c4dd7650c925349272748f	2730	pilot-evaluation.json
22f400f2128324da1fe05be5ca174a681bbb66eed0f55b6c54bed1e0cc343ede	382	project-assessment-v2/INVALID.md
3d819ef47af0efaebbe758eb5f9806e7be34d98ef38cf8ab95b2dcebfabc6775	1479	project-assessment-v2/SYSTEM.md
d14d2ed93e14c9a3f2c61605f6e60ef1e87fb9e5729b47ba97e45b9352f3985c	459	project-assessment-v2/batch-01/assessments.jsonl
9ca5b00d50ab94df10a3931b29ef921236b95d0783a8cee4f04ecb814478bb99	989	project-assessment-v2/batch-01/batch.json
e8359ba9c3296488730dda59bb5ed4376a96190580dfbae2159ce99467540e8e	90	project-assessment-v2/batch-01/final.txt
0179c20893cc1b690f92254f078cd6ed5d78e1c47cc0fcca3d09cdb6545cd1e6	73920	project-assessment-v2/batch-01/input.md
92fbcce097eb28555f253b8aaeb0a39a75c8a3e093748bbba74dbeeb4bae8d8f	455	project-assessment-v2/batch-01/run.json
e3b0c44298fc1c149afbf4c8996fb92427ae41e4649b934ca495991b7852b855	0	project-assessment-v2/batch-01/stderr.txt
1c70de3519e902afbae90a65901cdd462b9427e79941afa6961ffaea18c48fb6	98	project-assessment-v2/batch-01/submit_project
45fb483eec5b4623767eb1b9959a9cd5b06faa7725f1ca58a9c1673f2720f412	2156	project-assessment-v2/batch-01/trace.jsonl
d50ba1d5d41a0d60527220cad702c23d1b53a5cb4f719d28f7d9065e19585886	453	project-assessment-v2/batch-02/assessments.jsonl
958d08a3bbd51f986ab98418d13666cb7996513e15934157ae08925d35bc6052	1077	project-assessment-v2/batch-02/batch.json
896d4cbb6de4efec054f91a9707cd8e7e7c5e467231140973a30f67e6994bd2d	63	project-assessment-v2/batch-02/final.txt
b6eb293973df1e8b3e026a707e5bd85d914b656cbf6fe51cd982fbe4b313eec8	86670	project-assessment-v2/batch-02/input.md
87fedb344dbdb11abe864e90894f215fbcca94d6eb280eca4eb94837cb59763a	455	project-assessment-v2/batch-02/run.json
e3b0c44298fc1c149afbf4c8996fb92427ae41e4649b934ca495991b7852b855	0	project-assessment-v2/batch-02/stderr.txt
1c70de3519e902afbae90a65901cdd462b9427e79941afa6961ffaea18c48fb6	98	project-assessment-v2/batch-02/submit_project
7a59c9ef369175858337d8694e1ef1101cd6b47ad799a8ce84a189869228205e	2131	project-assessment-v2/batch-02/trace.jsonl
b95009391fba83f4e20e02645cd4aca433e4d4927b0435ad4865442488d4c688	483	project-assessment-v2/batch-03/assessments.jsonl
1a447c4a187edab0f2c5afc430a8bdcc61d0b93a861e12cd356686c60d84741d	960	project-assessment-v2/batch-03/batch.json
896d4cbb6de4efec054f91a9707cd8e7e7c5e467231140973a30f67e6994bd2d	63	project-assessment-v2/batch-03/final.txt
347fce2b2fcf1fd03856f481d73797b50558efe6bfc9b73e3d05d2f8929ae3f9	71199	project-assessment-v2/batch-03/input.md
225d2e1ee1c52707e801f84b40e54f7b0e3d964039678fee9773eb015045d898	455	project-assessment-v2/batch-03/run.json
e3b0c44298fc1c149afbf4c8996fb92427ae41e4649b934ca495991b7852b855	0	project-assessment-v2/batch-03/stderr.txt
1c70de3519e902afbae90a65901cdd462b9427e79941afa6961ffaea18c48fb6	98	project-assessment-v2/batch-03/submit_project
812af6afe56001e21d95bbf0fede93619bc010f7de426d33844f7a900092e2c3	2158	project-assessment-v2/batch-03/trace.jsonl
af63db2e831c68c8a70365603186d14e75259b422167af118d0fc633d1c6ff55	368	project-assessment-v2/batch-04/assessments.jsonl
2699402505ef83964d72d83a4a7727be966d9126dbf5a31ace40f73dc0fbc0af	1089	project-assessment-v2/batch-04/batch.json
176620f634c4e0014cc9cb742ddddb888227465794e9937668edd4bcec74e653	93	project-assessment-v2/batch-04/final.txt
9c46461c3e0c03798346f60d8ecc9f7a8ffc9f773aeebf2c4ab5d56c0599aba1	104378	project-assessment-v2/batch-04/input.md
bd144b3d12fd296f08b7ad013e299a22c676f9a2442266ccf94d5ef896b78a3d	455	project-assessment-v2/batch-04/run.json
e3b0c44298fc1c149afbf4c8996fb92427ae41e4649b934ca495991b7852b855	0	project-assessment-v2/batch-04/stderr.txt
1c70de3519e902afbae90a65901cdd462b9427e79941afa6961ffaea18c48fb6	98	project-assessment-v2/batch-04/submit_project
d939c50e70425ccc3ff516dc91b5ac9cc56acc99178ace390491fbd6c0d2bab1	1993	project-assessment-v2/batch-04/trace.jsonl
e8f8eb1a4d387c1e712f48f8b570650ceac704b1f855fd9b839c03af8dd46670	383	project-assessment-v2/batch-05/assessments.jsonl
6a1313c002a5c740775dd797f5303a6aa9f1c9b84d059d33e5f0f3603a490016	1107	project-assessment-v2/batch-05/batch.json
0913c6f6f04b86c988e98dd333f4d4509054c0712ea39e2f3a3463d026160c82	83	project-assessment-v2/batch-05/final.txt
2ca4de37d98bc8446e35a81d41212fdacf594711778486e332735631df466471	93210	project-assessment-v2/batch-05/input.md
a2cd8c96ebafe844c39adc41600f3c9ec5f6a05af31ac7c2f32b389eaa665c27	455	project-assessment-v2/batch-05/run.json
e3b0c44298fc1c149afbf4c8996fb92427ae41e4649b934ca495991b7852b855	0	project-assessment-v2/batch-05/stderr.txt
1c70de3519e902afbae90a65901cdd462b9427e79941afa6961ffaea18c48fb6	98	project-assessment-v2/batch-05/submit_project
b3e67380d26f191ab508b283ea2a66c954d32e293606528cf7242aad303a0a1f	2026	project-assessment-v2/batch-05/trace.jsonl
c0341ffb3f5ca5dcb7b9bc446269e00407e40245b450cea20f0a9321a385d57e	391	project-assessment-v2/batch-06/assessments.jsonl
fc90b922915c51f38896cea9f26967b684ac6649391d65ced2685b5e675912a3	1045	project-assessment-v2/batch-06/batch.json
896d4cbb6de4efec054f91a9707cd8e7e7c5e467231140973a30f67e6994bd2d	63	project-assessment-v2/batch-06/final.txt
90df464d120474382c4324b7c6e31f48fdd27777c0932118f99fcbc348838f6e	83091	project-assessment-v2/batch-06/input.md
831e043584fc622416060cb3f7ca6b46d4fc1a27cc556945b4fe8a108cf89448	455	project-assessment-v2/batch-06/run.json
e3b0c44298fc1c149afbf4c8996fb92427ae41e4649b934ca495991b7852b855	0	project-assessment-v2/batch-06/stderr.txt
1c70de3519e902afbae90a65901cdd462b9427e79941afa6961ffaea18c48fb6	98	project-assessment-v2/batch-06/submit_project
89b4476f389ae211584ebbe18ade33a049908499225bb5a04e4e359b098d352d	2056	project-assessment-v2/batch-06/trace.jsonl
2292abd963f214bdd3282cf9e8f490005e59c60e5ad32b55318e2897d55352de	387	project-assessment-v2/batch-07/assessments.jsonl
28211c3d38afd744ff3ab9fb69b68d32adb0ebd8b09d822ebfc765d1c8c86947	1103	project-assessment-v2/batch-07/batch.json
894934c11b42a789bef57c4a3918684a71c20a5a623adb99c2f76d2c6aa125fc	78	project-assessment-v2/batch-07/final.txt
c0f5943bb5930b2d2b3c0247c7875339334db3eb944581dcdbe07ba0e4dd302f	104914	project-assessment-v2/batch-07/input.md
7c84334b0b1c914926d8a03363f37f709b3c6fc19607b507693862c47caf2753	455	project-assessment-v2/batch-07/run.json
e3b0c44298fc1c149afbf4c8996fb92427ae41e4649b934ca495991b7852b855	0	project-assessment-v2/batch-07/stderr.txt
1c70de3519e902afbae90a65901cdd462b9427e79941afa6961ffaea18c48fb6	98	project-assessment-v2/batch-07/submit_project
292f7edb10ec53ff719ebd6d11722d590d9c50277897d92aee752633f2a1e160	2015	project-assessment-v2/batch-07/trace.jsonl
423e9860c740ad6fe973025bc893bf211c0361fe26e3b389008dc60a18a5a2e5	477	project-assessment-v2/batch-08/assessments.jsonl
d8a06a56182ed63a8a3b4c9c83ec979103195748af7d56cec3f093aa3e372535	1025	project-assessment-v2/batch-08/batch.json
896d4cbb6de4efec054f91a9707cd8e7e7c5e467231140973a30f67e6994bd2d	63	project-assessment-v2/batch-08/final.txt
8d0aabe785f4f860bb5284404708cb231da135b92e98e991baaa13ac6efca3a1	67278	project-assessment-v2/batch-08/input.md
6f068c7e612eb447df23a7d112f266e461a2f8f80ed34b54eb41e0c3ff67a3f9	455	project-assessment-v2/batch-08/run.json
e3b0c44298fc1c149afbf4c8996fb92427ae41e4649b934ca495991b7852b855	0	project-assessment-v2/batch-08/stderr.txt
1c70de3519e902afbae90a65901cdd462b9427e79941afa6961ffaea18c48fb6	98	project-assessment-v2/batch-08/submit_project
bf0eaa3b8efbfb6f05ee608762672243ac7677305445a08f5ae3cd3b28f1418f	2159	project-assessment-v2/batch-08/trace.jsonl
63c59741d95605439bc540cb4a3ab50685bda00c1d8da8c9ce0fa9786df90e2c	515	project-assessment-v2/batch-09/assessments.jsonl
6feb3095628e9cb524127ddd8f04a78828d280238fbf7d01f7448b4c625ca275	1084	project-assessment-v2/batch-09/batch.json
a50e8aa61b3e37d963aabf26a49bba0b89003dc31119298c4f6a30e1d079a91b	71	project-assessment-v2/batch-09/final.txt
d7ebae527bbd957a07eaded1a7360b4ded26677477e8e63e8e138528c3c54b54	83679	project-assessment-v2/batch-09/input.md
2a22fc243bb735f684f07e73a2318505e1824ebb2bb0a62c70e8abb16476ad9d	455	project-assessment-v2/batch-09/run.json
e3b0c44298fc1c149afbf4c8996fb92427ae41e4649b934ca495991b7852b855	0	project-assessment-v2/batch-09/stderr.txt
1c70de3519e902afbae90a65901cdd462b9427e79941afa6961ffaea18c48fb6	98	project-assessment-v2/batch-09/submit_project
58bdfb77c12c8c871a966099fe8e5044870272c64adb7d9aba760879bcab6eae	2250	project-assessment-v2/batch-09/trace.jsonl
ca04431c72c95c1eb7fb43bcdb74047a0b17b46c671cb5327e90a36233cfdd68	548	project-assessment-v2/batch-10/assessments.jsonl
f53d148ae3aa12e71ecffeef4fdb0b03433cb3bbc53e2e9aadf8b05267efd5a6	1045	project-assessment-v2/batch-10/batch.json
a50e8aa61b3e37d963aabf26a49bba0b89003dc31119298c4f6a30e1d079a91b	71	project-assessment-v2/batch-10/final.txt
d9464890769da44d426f5df8cab151e89f0fa0be7b342c12678a99bd49d32d63	74792	project-assessment-v2/batch-10/input.md
00ff588afd618c21869dc06e26b71aec128bfa1ff15e9d722caf1ce45339f7f5	455	project-assessment-v2/batch-10/run.json
e3b0c44298fc1c149afbf4c8996fb92427ae41e4649b934ca495991b7852b855	0	project-assessment-v2/batch-10/stderr.txt
1c70de3519e902afbae90a65901cdd462b9427e79941afa6961ffaea18c48fb6	98	project-assessment-v2/batch-10/submit_project
c5aea4762f3b8bf8e054ea645f6c97b6986e5873a77102839c214d293a9c56fb	2296	project-assessment-v2/batch-10/trace.jsonl
1e53a6651f300e371cdaaa309f3c8588c512e34c3faf372ab78fe18730746772	484	project-assessment-v2/batch-11/assessments.jsonl
9937d4c91f7cb7bea96ee896214f07eb838c3d68979a12c33b582927f84d96a7	1135	project-assessment-v2/batch-11/batch.json
24974d28994736c0b51032c3d15f186b543bd8327a6d3ab57ba68c5ded78f803	92	project-assessment-v2/batch-11/final.txt
7a5be2993af80ed3c4a0044524d356357459ca9bffcded853a8be33a87532149	98245	project-assessment-v2/batch-11/input.md
fd2fe5e7b118dc281c7e8c50fb1b3c9926e681e68d8ebc4743f8c84b60b2c656	455	project-assessment-v2/batch-11/run.json
e3b0c44298fc1c149afbf4c8996fb92427ae41e4649b934ca495991b7852b855	0	project-assessment-v2/batch-11/stderr.txt
1c70de3519e902afbae90a65901cdd462b9427e79941afa6961ffaea18c48fb6	98	project-assessment-v2/batch-11/submit_project
243d5b03b7ae7d482e979c41f4950376f413f5432465f0b43d99f3b398350645	2235	project-assessment-v2/batch-11/trace.jsonl
54ad33dcf3539e623f4b26f4da19e952058c2432f674d9e9e6360fa253b0b97e	499	project-assessment-v2/batch-12/assessments.jsonl
40df0fbb0f3aa28c096d481507eb8e65211197fae3fd8c459922fc61f089d496	966	project-assessment-v2/batch-12/batch.json
896d4cbb6de4efec054f91a9707cd8e7e7c5e467231140973a30f67e6994bd2d	63	project-assessment-v2/batch-12/final.txt
f1b6db416a51c6ca3619daa494995daa118a5bf7ed20a41556f33c5689d244f3	47980	project-assessment-v2/batch-12/input.md
a5707ea82e9d8def430fc172268944d737f8d82e4ac1d52a08b07ab4117f1617	455	project-assessment-v2/batch-12/run.json
e3b0c44298fc1c149afbf4c8996fb92427ae41e4649b934ca495991b7852b855	0	project-assessment-v2/batch-12/stderr.txt
1c70de3519e902afbae90a65901cdd462b9427e79941afa6961ffaea18c48fb6	98	project-assessment-v2/batch-12/submit_project
7d1925fa0bd9c97fbc0cb1020bb780a6346881043289d2d62bd5e548ef612fd4	2220	project-assessment-v2/batch-12/trace.jsonl
3f1ad0f025863057a16d5dc5d1a8b30e6a76639463bea824f7b8c6342b41905b	415	project-assessment-v2/batch-13/assessments.jsonl
8eb44208f2c4e93afcd7ae95485dbea2981c2748367b5b7dabcfc6f502b404cd	1109	project-assessment-v2/batch-13/batch.json
896d4cbb6de4efec054f91a9707cd8e7e7c5e467231140973a30f67e6994bd2d	63	project-assessment-v2/batch-13/final.txt
a66e97bb75ebc5c9c1d3b4a7d6e67a2956a971e37a0958ae0a8c86f712005ff6	97348	project-assessment-v2/batch-13/input.md
f8ba3cc704b60f678a32606528adb04078a2a6f72fc8d7d1a350ee8b8b1708be	455	project-assessment-v2/batch-13/run.json
e3b0c44298fc1c149afbf4c8996fb92427ae41e4649b934ca495991b7852b855	0	project-assessment-v2/batch-13/stderr.txt
1c70de3519e902afbae90a65901cdd462b9427e79941afa6961ffaea18c48fb6	98	project-assessment-v2/batch-13/submit_project
edd2ef33f7283c4953ed118e144160512dd7eecd7f8f4c100ceceb3f2f49c429	2104	project-assessment-v2/batch-13/trace.jsonl
34dfd76451ac115681aaea391dcb189f8c8c596983d8bbdaff9e861fed24c04b	545	project-assessment-v2/batch-14/assessments.jsonl
942ca9cb56e48ff2279a7d71738cfe092e0aca37f11fb3d54b0301584b7c5834	1031	project-assessment-v2/batch-14/batch.json
896d4cbb6de4efec054f91a9707cd8e7e7c5e467231140973a30f67e6994bd2d	63	project-assessment-v2/batch-14/final.txt
f7e8dabb8a9608a8640fa415cbf4a1879f5cc3f26958569a9db20399f930e26f	80558	project-assessment-v2/batch-14/input.md
9b39bc017a5a0c2bab5a39aadab650f42dc116586b80798387c6cdd0b3cf2871	455	project-assessment-v2/batch-14/run.json
e3b0c44298fc1c149afbf4c8996fb92427ae41e4649b934ca495991b7852b855	0	project-assessment-v2/batch-14/stderr.txt
1c70de3519e902afbae90a65901cdd462b9427e79941afa6961ffaea18c48fb6	98	project-assessment-v2/batch-14/submit_project
fda894959c3a0acdfae935b068ee26fe6ce06c721367d2b35ff5303a90e7fbf4	2315	project-assessment-v2/batch-14/trace.jsonl
321bc59b489c476cfce901cba262fdf399ec3c05e0a2718199b4eb39bc688519	412	project-assessment-v2/batch-15/assessments.jsonl
613b09c5c0a4c6d6f6b33f8c2eb7c3507fd20831bfe29c4c147ee99f4f470d51	1151	project-assessment-v2/batch-15/batch.json
748491c7bd08345c954b05b63279775731df50cdf0856ec42c10553b2324e15b	92	project-assessment-v2/batch-15/final.txt
621d2b810e476a8837cadb38351f82168c3c535a2893a212cd58e74dfa09009b	99413	project-assessment-v2/batch-15/input.md
78d7d1906f6b246d7387b4e440fb478659810a4883c0039a384226c8266fa03c	455	project-assessment-v2/batch-15/run.json
e3b0c44298fc1c149afbf4c8996fb92427ae41e4649b934ca495991b7852b855	0	project-assessment-v2/batch-15/stderr.txt
1c70de3519e902afbae90a65901cdd462b9427e79941afa6961ffaea18c48fb6	98	project-assessment-v2/batch-15/submit_project
d53360e02132520891ab36fb4e403f9989aabbef7ffc0c8306e9973827cb35fe	2070	project-assessment-v2/batch-15/trace.jsonl
8514ca542679eb9bc61b87354ac07925cbf7c719e309530a51c6abecc352c308	489	project-assessment-v2/batch-16/assessments.jsonl
5ee4844a6e9c0eeb92c990ee621e139e2ce01f09864029b439ae4cba78e16fff	1459	project-assessment-v2/batch-16/batch.json
25277d1f9fdf335c416604953e569148cd73501aa8f26bbcc4a971eaed159c2f	94	project-assessment-v2/batch-16/final.txt
5aef030511c2b727a038901d2e378a409ba1281b815097a860f78e80a6389e79	96025	project-assessment-v2/batch-16/input.md
49f1c9ff1c7d4916b80c641e9f7ff304dfe55e62799a90171ac43e13030a5e06	455	project-assessment-v2/batch-16/run.json
e3b0c44298fc1c149afbf4c8996fb92427ae41e4649b934ca495991b7852b855	0	project-assessment-v2/batch-16/stderr.txt
1c70de3519e902afbae90a65901cdd462b9427e79941afa6961ffaea18c48fb6	98	project-assessment-v2/batch-16/submit_project
18a8daeb58883abd7634661be4fb4efc9e49d6b170b0858b533d01b7e6c3b652	2261	project-assessment-v2/batch-16/trace.jsonl
22625e5f7423d30be01cabb4cfd49ea608e2096f40e4f7eee300ededb1677b75	487	project-assessment-v2/batch-17/assessments.jsonl
e46e101d6c4feb0e89f479db351a238d205af235fddad51f04dbaab416ef019b	1569	project-assessment-v2/batch-17/batch.json
0f80447914bef640f5bcecbedbb42816bb801311c3f137a892ff3eddf2ae6d33	73	project-assessment-v2/batch-17/final.txt
b669b0fc21034eb07f652f36803a5b7fea0c3983f1e81a6d76f66be3b7972d3d	108611	project-assessment-v2/batch-17/input.md
5f6fe066dae694f1e923085b0f3eb9d8789bf89d322511e5a6581c37022fa0eb	455	project-assessment-v2/batch-17/run.json
e3b0c44298fc1c149afbf4c8996fb92427ae41e4649b934ca495991b7852b855	0	project-assessment-v2/batch-17/stderr.txt
1c70de3519e902afbae90a65901cdd462b9427e79941afa6961ffaea18c48fb6	98	project-assessment-v2/batch-17/submit_project
eda5d9dd5d91463e4c859d38727ddfdbb7851328b6413bf0234a106562a0a95e	2188	project-assessment-v2/batch-17/trace.jsonl
69f38c85b7228bf27082a95bd33a422c95ff958d3f1f0deb4b383166d79f529a	414	project-assessment-v2/batch-18/assessments.jsonl
cc0976e44a67d86702e19bd1f052f2573075a18db9ceeaf437ce4b5f317dee77	1035	project-assessment-v2/batch-18/batch.json
7a15bbb46fa2e6c327349bfbc2296f239dbca8a7b536994ecbf91fdcd9f9ed24	90	project-assessment-v2/batch-18/final.txt
83bc535411b666933e76c4850bd04368970098989e76b64814c49d1169296392	71563	project-assessment-v2/batch-18/input.md
a65f285bf0a969739406d8676f5c838d19b3a1d2dfd761940aa47adf05d9b387	455	project-assessment-v2/batch-18/run.json
e3b0c44298fc1c149afbf4c8996fb92427ae41e4649b934ca495991b7852b855	0	project-assessment-v2/batch-18/stderr.txt
1c70de3519e902afbae90a65901cdd462b9427e79941afa6961ffaea18c48fb6	98	project-assessment-v2/batch-18/submit_project
8a932972650fc01ce2e72743eac1052ca0e7775c88494042f127eaf9f9dcf8dc	2072	project-assessment-v2/batch-18/trace.jsonl
3f5f5d623412d2984ee98552b5f315365562d3fb9ae22d2baa82ec941e4760a2	505	project-assessment-v2/batch-19/assessments.jsonl
767e312ac90b04519730669bffd60fc3ced53abf77d7a6bf3013bc03d9c64796	1007	project-assessment-v2/batch-19/batch.json
896d4cbb6de4efec054f91a9707cd8e7e7c5e467231140973a30f67e6994bd2d	63	project-assessment-v2/batch-19/final.txt
57d2dc88736df3e3b911e3f02e391bf0bd206ffacacd93273be37ea4f2fcd3b8	80834	project-assessment-v2/batch-19/input.md
fba391a5772218b2bc9b805c7184cbbd361a29332ac51be6b17879da2e10c83d	455	project-assessment-v2/batch-19/run.json
e3b0c44298fc1c149afbf4c8996fb92427ae41e4649b934ca495991b7852b855	0	project-assessment-v2/batch-19/stderr.txt
1c70de3519e902afbae90a65901cdd462b9427e79941afa6961ffaea18c48fb6	98	project-assessment-v2/batch-19/submit_project
1b6872f3ca04bd3552c4f7acf6c20debb8d3cc71f1ca47fbc51e2aa3d4209d19	2233	project-assessment-v2/batch-19/trace.jsonl
0c1282877ba456982edbb10a0308720984ca1004742e79d0b9688ee9b9efc6f6	494	project-assessment-v2/batch-20/assessments.jsonl
a6af430d8235725bab490f2b7ef324aa8089cf2c19ef6673615450d355b5037b	1470	project-assessment-v2/batch-20/batch.json
25277d1f9fdf335c416604953e569148cd73501aa8f26bbcc4a971eaed159c2f	94	project-assessment-v2/batch-20/final.txt
8c432fa5dc0d5c4b0c83e9e25ce9ffd5421303c8a7027106468e086c375d2f6b	117777	project-assessment-v2/batch-20/input.md
721ac8e77b2034a2784cf0fa99a404cf29644cc8a5dda097bbf4ce3423298fe3	455	project-assessment-v2/batch-20/run.json
e3b0c44298fc1c149afbf4c8996fb92427ae41e4649b934ca495991b7852b855	0	project-assessment-v2/batch-20/stderr.txt
1c70de3519e902afbae90a65901cdd462b9427e79941afa6961ffaea18c48fb6	98	project-assessment-v2/batch-20/submit_project
e6f97e94843fe0b61763a9d49c33741b9966238cecc5ccabeae12fc9dd112630	2207	project-assessment-v2/batch-20/trace.jsonl
394cd895f45ed80806da7cb7b5741bfdbd5a04a2e94fa86537d7b02eb8bc6df4	582	project-assessment-v2/batch-21/assessments.jsonl
dea6ab2f62c031671a9832205083925d240e2d71e1caf87b7f37ead95adbfc3a	1055	project-assessment-v2/batch-21/batch.json
896d4cbb6de4efec054f91a9707cd8e7e7c5e467231140973a30f67e6994bd2d	63	project-assessment-v2/batch-21/final.txt
fbf5bbce1e30bfa6847924f6ada939c45b518ad8d45f87e84035850bb1d31795	104849	project-assessment-v2/batch-21/input.md
2c535835c25accaeb4978de10b89ce65ab5fc78d72d2e8d9579d6edb43473d0a	455	project-assessment-v2/batch-21/run.json
e3b0c44298fc1c149afbf4c8996fb92427ae41e4649b934ca495991b7852b855	0	project-assessment-v2/batch-21/stderr.txt
1c70de3519e902afbae90a65901cdd462b9427e79941afa6961ffaea18c48fb6	98	project-assessment-v2/batch-21/submit_project
38c294a0febe4a4bf4d548df0709887c220f30e833d696998c8fd41314ba154b	2357	project-assessment-v2/batch-21/trace.jsonl
6c7361bc80e983b028bc5f85d5ffad26946c7fc6a8f535018d3ac74e4b6c616a	390	project-assessment-v2/batch-22/assessments.jsonl
82769c114f4761b007a62c1ca28f2f2cd939a97fe0788321c8d1fa7635b55aed	1098	project-assessment-v2/batch-22/batch.json
176620f634c4e0014cc9cb742ddddb888227465794e9937668edd4bcec74e653	93	project-assessment-v2/batch-22/final.txt
a458b8d5b098353974a3d84c22702c2aa9499ffb4962affd1b0a83dfac875f27	141290	project-assessment-v2/batch-22/input.md
ce2df63dcdd1db116dc24e07ab82aeeca7a51fc8fcf65d78c8370fe525e70e2b	455	project-assessment-v2/batch-22/run.json
e3b0c44298fc1c149afbf4c8996fb92427ae41e4649b934ca495991b7852b855	0	project-assessment-v2/batch-22/stderr.txt
1c70de3519e902afbae90a65901cdd462b9427e79941afa6961ffaea18c48fb6	98	project-assessment-v2/batch-22/submit_project
73bb5e88ec8d6e3b50f14d761e21199818a1e170e978144fc02d2a7168dc5b93	2006	project-assessment-v2/batch-22/trace.jsonl
dc5cd3f59a0d2135fb48aea8e7399b02faefc4d78b49a4bdb3f4283c6bea64bb	537	project-assessment-v2/batch-23/assessments.jsonl
2854fec1cd219c546fc91c0c255a9f09265c99ff4c95877b3b1e2fbeddca326d	993	project-assessment-v2/batch-23/batch.json
896d4cbb6de4efec054f91a9707cd8e7e7c5e467231140973a30f67e6994bd2d	63	project-assessment-v2/batch-23/final.txt
f809e94039ccb2e964a60fc623ee6e9f2af213039e050fe367486a37cb0a4724	94681	project-assessment-v2/batch-23/input.md
6d919cdccf6594ddfc4714114ce6d803f4a39ecf55a8503f2642685d47b8f795	455	project-assessment-v2/batch-23/run.json
e3b0c44298fc1c149afbf4c8996fb92427ae41e4649b934ca495991b7852b855	0	project-assessment-v2/batch-23/stderr.txt
1c70de3519e902afbae90a65901cdd462b9427e79941afa6961ffaea18c48fb6	98	project-assessment-v2/batch-23/submit_project
0e2f2890bf0f4d0e9942dffe188288e4f472f34b6e78132fed24067fe1fe3705	2273	project-assessment-v2/batch-23/trace.jsonl
fe807e624747b73f534e9c4a436c28432f5c215cec409d1245b953b1c64be9e7	410	project-assessment-v2/batch-24/assessments.jsonl
4d153fe202d148905f3eb0b51cda7e4e030744cb453e19ae8e0ba3522726e25d	1034	project-assessment-v2/batch-24/batch.json
540ea5b6ba92481fdf96b47ecf078311d2bf489572035704866b0da6ec3d7d8f	94	project-assessment-v2/batch-24/final.txt
21109de165a6609d730f74186e6505e906b933d6c28606324675586f8d38db42	88372	project-assessment-v2/batch-24/input.md
51e353a40c9f6c23e31123b1cb33a7ddf1cefdd3a348fa924869a54fbb431bac	455	project-assessment-v2/batch-24/run.json
e3b0c44298fc1c149afbf4c8996fb92427ae41e4649b934ca495991b7852b855	0	project-assessment-v2/batch-24/stderr.txt
1c70de3519e902afbae90a65901cdd462b9427e79941afa6961ffaea18c48fb6	98	project-assessment-v2/batch-24/submit_project
836d8256c0c22c5789192211a6cab5b16a1d76a2c627a6dfe10f7443ef6c3436	2065	project-assessment-v2/batch-24/trace.jsonl
3192331b2e332d93c2ab750e9e70a134c64d2bdaa9c7c43b4864804e9a1070b6	558	project-assessment-v2/batch-25/assessments.jsonl
15266aaf9bfea3b4bb4eecaa4bebc0878e1c40fc645fcab9ee56235cea899902	1553	project-assessment-v2/batch-25/batch.json
79b84727f4104a814691d3a11aeb858d60b7d9f4ad13972a1e3db89c28cfcc2a	62	project-assessment-v2/batch-25/final.txt
541a6b4b742b9c7a9bd5548e45a22ce84e3f009411a3e94b65b2d02767b93021	108721	project-assessment-v2/batch-25/input.md
f9c92ee5219e31a257262c843fc054a304c8de30e71aec9f50f25b3b69ac1fec	455	project-assessment-v2/batch-25/run.json
e3b0c44298fc1c149afbf4c8996fb92427ae41e4649b934ca495991b7852b855	0	project-assessment-v2/batch-25/stderr.txt
1c70de3519e902afbae90a65901cdd462b9427e79941afa6961ffaea18c48fb6	98	project-assessment-v2/batch-25/submit_project
61aa923b136123df304520a856da6041b828eee39b69b4eaee91cbd60a5ac21b	2325	project-assessment-v2/batch-25/trace.jsonl
b80c4e84d60fa1869a7d6f6790a439232c84fe06820dcd8611d71f41b4ea2605	634	project-assessment-v2/batch-26/assessments.jsonl
b7445ac0a67dbd0e38ff91c370fd53e253ecfc6e571c989371396eaeec34aa8b	987	project-assessment-v2/batch-26/batch.json
becaaee82ab152f4a9570279873b872673e3336aa61360c416f630668557a99f	88	project-assessment-v2/batch-26/final.txt
914fb54a78b908d85ef0284fd26da311de5c138319ed6f2997bae8fee494b968	104564	project-assessment-v2/batch-26/input.md
9b78c8b4648f81f1b4973fa72d74c7beabb1b308c6fc10b679a437ae08810b20	455	project-assessment-v2/batch-26/run.json
e3b0c44298fc1c149afbf4c8996fb92427ae41e4649b934ca495991b7852b855	0	project-assessment-v2/batch-26/stderr.txt
1c70de3519e902afbae90a65901cdd462b9427e79941afa6961ffaea18c48fb6	98	project-assessment-v2/batch-26/submit_project
1971438a84c29fa89acd0898d7e8bd8cc6ec4c6fd6b0fcc22479d03adda87ef7	2495	project-assessment-v2/batch-26/trace.jsonl
1926d56967741bb1119006afae7ad00ed2885a1d38c9409e6c301b445f827c26	496	project-assessment-v2/batch-27/assessments.jsonl
efb7e03424965d9f88e466414adbd4ca75aabff6e3e80270e8c5e5893cd4d15f	989	project-assessment-v2/batch-27/batch.json
896d4cbb6de4efec054f91a9707cd8e7e7c5e467231140973a30f67e6994bd2d	63	project-assessment-v2/batch-27/final.txt
f2e43f21f63cd5c5352bbaeb8698e013f53d545b0ca6ef3892bfe2c4093fa41f	105441	project-assessment-v2/batch-27/input.md
3d15e33b9548abb21f72d63f19e78adfed388a95e5c4f1b4e21e032c89040271	455	project-assessment-v2/batch-27/run.json
e3b0c44298fc1c149afbf4c8996fb92427ae41e4649b934ca495991b7852b855	0	project-assessment-v2/batch-27/stderr.txt
1c70de3519e902afbae90a65901cdd462b9427e79941afa6961ffaea18c48fb6	98	project-assessment-v2/batch-27/submit_project
21b61a352defb1f5dcc5cdc78049a86be57702a777f1329ba51d6071f810512f	2192	project-assessment-v2/batch-27/trace.jsonl
c40705b8c0694803bc873b80164c401a635d2af735768647e1ee2fef5f1a29b2	506	project-assessment-v2/batch-28/assessments.jsonl
046f9ccb56076605ee70405428d4f22d29982d58141257f5256ef2242812746d	1107	project-assessment-v2/batch-28/batch.json
896d4cbb6de4efec054f91a9707cd8e7e7c5e467231140973a30f67e6994bd2d	63	project-assessment-v2/batch-28/final.txt
75a7827e15ab84d8f5afb3380a71c917b3a6ddc25592afcbce294cb2a711c19a	79990	project-assessment-v2/batch-28/input.md
ceea7268855afe9144f8cbc770f3f09978d73f27b6a1c751f3d9d47e6fee8963	455	project-assessment-v2/batch-28/run.json
e3b0c44298fc1c149afbf4c8996fb92427ae41e4649b934ca495991b7852b855	0	project-assessment-v2/batch-28/stderr.txt
1c70de3519e902afbae90a65901cdd462b9427e79941afa6961ffaea18c48fb6	98	project-assessment-v2/batch-28/submit_project
79d6c0240ae2587a94a03bb241335fb745ceebe8ed54088e28bf58c51b3aac59	2223	project-assessment-v2/batch-28/trace.jsonl
2c13b01a9e35a6f2cf47375b517104d0618f3d6badf9a12e4ede098f46325077	521	project-assessment-v2/batch-29/assessments.jsonl
3cee5bc22d409a6267dae2cf4696c5322faf7260b3c42c4d0da0b9ee84585848	1086	project-assessment-v2/batch-29/batch.json
8722842dac8a18e7fa4ec4fc20524fe2b16e61d31e08839737614b9a902cb989	94	project-assessment-v2/batch-29/final.txt
aede4cdb0cde55b61a7cfc729dcec0a0261bf941e6ce72166fb11658927bf9f6	75618	project-assessment-v2/batch-29/input.md
92e6d8e6bf9b41a669492b1bf949986726a54d0081596bc2b39f1c7872ea4431	455	project-assessment-v2/batch-29/run.json
e3b0c44298fc1c149afbf4c8996fb92427ae41e4649b934ca495991b7852b855	0	project-assessment-v2/batch-29/stderr.txt
1c70de3519e902afbae90a65901cdd462b9427e79941afa6961ffaea18c48fb6	98	project-assessment-v2/batch-29/submit_project
1f648b1eb3b295ebe12a36fa518127459ce7469e2ec0e26702147ac6bfb0fea1	2270	project-assessment-v2/batch-29/trace.jsonl
344fd0fe98e2efb21a959144c6fd4526db27acbf37d7fc2929c12b960632147a	381	project-assessment-v2/batch-30/assessments.jsonl
65563dfaf8da876c7c719e3ebdfd95d460924458c8d80539ed8cde761b9700a3	1498	project-assessment-v2/batch-30/batch.json
ba553d4293af6fcefa0e73f75d433d49449f1c5ab26b9907669d397b7ac4529f	92	project-assessment-v2/batch-30/final.txt
29d6acb6585e8192b79c4231a770bc5fb34f3e2b3981501ed2305a29f8c932e7	105411	project-assessment-v2/batch-30/input.md
90caf8f7e467233f51a2cf4c87701449e30649f52d7dfd2c56b3cda913c7ea62	455	project-assessment-v2/batch-30/run.json
e3b0c44298fc1c149afbf4c8996fb92427ae41e4649b934ca495991b7852b855	0	project-assessment-v2/batch-30/stderr.txt
1c70de3519e902afbae90a65901cdd462b9427e79941afa6961ffaea18c48fb6	98	project-assessment-v2/batch-30/submit_project
48c542770c8688b91e74b0177fbcc9fec1415e2d4259e9f7c1d8e23b9bc53979	2046	project-assessment-v2/batch-30/trace.jsonl
352250903c546580f8b3c477dc586e2316628e8f7eb84de782ebd1056416cf14	607	project-assessment-v2/batch-31/assessments.jsonl
9a97d8df376650b2d85222664e42e0d2755142d123cccf1dd3df8a573e86c4a7	1080	project-assessment-v2/batch-31/batch.json
896d4cbb6de4efec054f91a9707cd8e7e7c5e467231140973a30f67e6994bd2d	63	project-assessment-v2/batch-31/final.txt
1c5b57137ffb5535eb699f9388e1b266a7f7fe33fcfc293cabb75691a338e6ce	90102	project-assessment-v2/batch-31/input.md
c46228c6b21c612ac580e58b71794e286625668cf67d34bf50eadf562157075e	455	project-assessment-v2/batch-31/run.json
e3b0c44298fc1c149afbf4c8996fb92427ae41e4649b934ca495991b7852b855	0	project-assessment-v2/batch-31/stderr.txt
1c70de3519e902afbae90a65901cdd462b9427e79941afa6961ffaea18c48fb6	98	project-assessment-v2/batch-31/submit_project
ef7b04031338b84f53cc434d78d723c32ec3d85b0c12b08f79c6524ff405428a	2444	project-assessment-v2/batch-31/trace.jsonl
a5837087a0c9f5c96c8c8c904a362275506adf6d4027d953a3b6c9ff91b6a742	408	project-assessment-v2/batch-32/assessments.jsonl
a3c7e67e7aac8bcd53a6a4ca11495391f2d47d0c8c5726449cb8174c551c7408	1122	project-assessment-v2/batch-32/batch.json
291996c8979faaeb9e0ce4ac79ff7de1710704a1a745c67a60153c2431323254	92	project-assessment-v2/batch-32/final.txt
d1d284aa83eafb59c15c9198f509a4dad6d1b6aa69c8294cbb8342350163bdaa	89352	project-assessment-v2/batch-32/input.md
a0bc9d89abc5f301266a758f3ed2d7cb18b83d5efa027e4aaab3dc158a649b09	455	project-assessment-v2/batch-32/run.json
e3b0c44298fc1c149afbf4c8996fb92427ae41e4649b934ca495991b7852b855	0	project-assessment-v2/batch-32/stderr.txt
1c70de3519e902afbae90a65901cdd462b9427e79941afa6961ffaea18c48fb6	98	project-assessment-v2/batch-32/submit_project
80bc77682883e88ba9ea06d512da238aa20b704394fb5dd3fbd80ea0d567c85f	2031	project-assessment-v2/batch-32/trace.jsonl
c3c554310c4f57c7401a457411e35a9a4faeec1144a59b5ebbc6058bb6086858	439	project-assessment-v2/batch-33/assessments.jsonl
a0a3048de8b38c968b0cc475cc6fed2c8d95b61c9d6c9734722d148cd085014e	896	project-assessment-v2/batch-33/batch.json
3cb29da36cf5df027e23faef06ca7ac6c220208ce0993afc0380bf0dba22d4e5	68	project-assessment-v2/batch-33/final.txt
50bd3b0816333895073cc7f576247f8bb43afc78f19953f841cf06a2107707a9	52413	project-assessment-v2/batch-33/input.md
d555fbbbebf60d5c9834e5fd0b36dbe7e2f900fb710d28114ff53dcdca031268	455	project-assessment-v2/batch-33/run.json
e3b0c44298fc1c149afbf4c8996fb92427ae41e4649b934ca495991b7852b855	0	project-assessment-v2/batch-33/stderr.txt
1c70de3519e902afbae90a65901cdd462b9427e79941afa6961ffaea18c48fb6	98	project-assessment-v2/batch-33/submit_project
b558b37edb7dc2cf84d4fdf8e3b38d552f3d27469ae0ac92f3429136ea24b794	3807	project-assessment-v2/batch-33/trace.jsonl
3c8169666ade6ec7a24eb79bfdcdc74d5c51ef7da525bce64833d18b7273dcaa	521	project-assessment-v2/batch-34/assessments.jsonl
fe8a764a6307903117c2d230fc27cd066914dadad1d6760deb034736568d4d8a	1072	project-assessment-v2/batch-34/batch.json
a50e8aa61b3e37d963aabf26a49bba0b89003dc31119298c4f6a30e1d079a91b	71	project-assessment-v2/batch-34/final.txt
025317432aa51f8971f4e5e8c6d5957d4e49e555edeae6af0e6dddcb339dc728	82038	project-assessment-v2/batch-34/input.md
81af9f27fcbcfebd5db548e827d4166c91dd52079bf1b49f667cd94ad5e6dfcc	455	project-assessment-v2/batch-34/run.json
e3b0c44298fc1c149afbf4c8996fb92427ae41e4649b934ca495991b7852b855	0	project-assessment-v2/batch-34/stderr.txt
1c70de3519e902afbae90a65901cdd462b9427e79941afa6961ffaea18c48fb6	98	project-assessment-v2/batch-34/submit_project
7305e520423882ccbacbc1e0e1cfe86e5f5e9770134aa50f2fa72ddcafc65a1d	2274	project-assessment-v2/batch-34/trace.jsonl
94ab3cd5d4a2ee3485dc2dbbe60c3189bf29aa55b80ec153064a60fbeffdfa30	439	project-assessment-v2/batch-35/assessments.jsonl
e023be15e659c29525e110fa4166e2b1b1cca5990fd26ff25b209fb2a59fc802	1101	project-assessment-v2/batch-35/batch.json
20271766381fe177d665cc1adacacffb6574efb4f94551f5edad8b9713dcbe1e	136	project-assessment-v2/batch-35/final.txt
3fd5e6dd56a05c248cec18b9464d0a5deb247f7e4f278e298f06b454d1f48b3a	90586	project-assessment-v2/batch-35/input.md
57c5fe2cfcc1e1fc9e326bdd08740ef147a76592b0b2626edbc78ceee2df7582	455	project-assessment-v2/batch-35/run.json
e3b0c44298fc1c149afbf4c8996fb92427ae41e4649b934ca495991b7852b855	0	project-assessment-v2/batch-35/stderr.txt
1c70de3519e902afbae90a65901cdd462b9427e79941afa6961ffaea18c48fb6	98	project-assessment-v2/batch-35/submit_project
b65ce55c25d9e07751ad2efcbab08032631d29e5478836c8aadd6f69595ef4af	3913	project-assessment-v2/batch-35/trace.jsonl
a06fad868a9e5bf954ee4bbba3c809ff6213b83021629e5e31b94a8bde057d54	488	project-assessment-v2/batch-36/assessments.jsonl
dc1ac014688b07b8161e459125149900ba963d765ccea3a6188824073d8b94e8	1124	project-assessment-v2/batch-36/batch.json
8ec7971ed7444786ca76d5f40bc83808fbf11825d42b044e035cd9c68a9685c6	80	project-assessment-v2/batch-36/final.txt
42257bc4d0e3f5664b3f335bf2ac36bb3cadd08f294f3e416c0c61ab2b03f930	78994	project-assessment-v2/batch-36/input.md
25176bba620e6e030771b4ac476f215029b0575fa1349be8707d685536a319b4	455	project-assessment-v2/batch-36/run.json
e3b0c44298fc1c149afbf4c8996fb92427ae41e4649b934ca495991b7852b855	0	project-assessment-v2/batch-36/stderr.txt
1c70de3519e902afbae90a65901cdd462b9427e79941afa6961ffaea18c48fb6	98	project-assessment-v2/batch-36/submit_project
5f9818be4efc5dcd27b736398fc56110b32c15df5d772ea652770a0a6d07d72d	2234	project-assessment-v2/batch-36/trace.jsonl
4e62e18083bb25f9992981127f30a0e1ac5baf2824cb2177183f1132aa7c614a	482	project-assessment-v2/batch-37/assessments.jsonl
f9c70ce677ed6af0597a97a12a8997d2030bb55068f044f9280e12a692e7b41a	1073	project-assessment-v2/batch-37/batch.json
69bef348aa6f804c135c37097c120c6edb2647bc028487f6f4324fc7272192c4	72	project-assessment-v2/batch-37/final.txt
0fb0db2a9ba1149306d195885983cfc5c1c3c9d006a5b0ace430ca1a53dee10c	79222	project-assessment-v2/batch-37/input.md
fa959dbcea9d62253f48e1225badc06a40bd18d04593357dd8cc6bfe1ab30768	455	project-assessment-v2/batch-37/run.json
e3b0c44298fc1c149afbf4c8996fb92427ae41e4649b934ca495991b7852b855	0	project-assessment-v2/batch-37/stderr.txt
1c70de3519e902afbae90a65901cdd462b9427e79941afa6961ffaea18c48fb6	98	project-assessment-v2/batch-37/submit_project
105a7aac4aaf74f6c4bafeeaf3b891cd9a78bafc0f9cb17e6b76aa5b3f9d0d34	2211	project-assessment-v2/batch-37/trace.jsonl
cb1bb6d26f763bd20d7f302a6bdc5c842a76da7a7c50e4d4e16137a100ebb32b	444	project-assessment-v2/batch-38/assessments.jsonl
0ec13e46e22c55e3a3f74b821258f966a60be55d3eb9dc1a6e697c7dee367714	1486	project-assessment-v2/batch-38/batch.json
34402321be258d1e2c5cfea21e5856e389c0e7fa62f3815a715eb5a7922cf31d	95	project-assessment-v2/batch-38/final.txt
2faac34f1a8e967b0035f5019303a941ce9343b251a4a0b1e0b4df10e0761b42	117794	project-assessment-v2/batch-38/input.md
ddd0e799617cc1996e6bfc962a40c0de4ec2193968fee2f7f01bed272bdf124a	455	project-assessment-v2/batch-38/run.json
e3b0c44298fc1c149afbf4c8996fb92427ae41e4649b934ca495991b7852b855	0	project-assessment-v2/batch-38/stderr.txt
1c70de3519e902afbae90a65901cdd462b9427e79941afa6961ffaea18c48fb6	98	project-assessment-v2/batch-38/submit_project
2b2e4007e75e334a4a4f7d7971282facc3a3774e37d0a8419f93c46d548c5f80	2150	project-assessment-v2/batch-38/trace.jsonl
f4b18bc1c2a842a81d634e84826fe32f829930ea0eb297c1a3dc3e217a96cd85	471	project-assessment-v2/batch-39/assessments.jsonl
719b779f3efc6e36d255befb8c305eafab9108aaed68903dfcd58e78d7e93ff2	1075	project-assessment-v2/batch-39/batch.json
69bef348aa6f804c135c37097c120c6edb2647bc028487f6f4324fc7272192c4	72	project-assessment-v2/batch-39/final.txt
9ebeba145b3975a86f205a07d57c3e4cee46eb827571770c393065d91fa0f346	81030	project-assessment-v2/batch-39/input.md
99bab2ba3fbce0956ad0b5ddb965dee4d384fdfbaf3edb20ad36c0c11e8dbcdd	455	project-assessment-v2/batch-39/run.json
e3b0c44298fc1c149afbf4c8996fb92427ae41e4649b934ca495991b7852b855	0	project-assessment-v2/batch-39/stderr.txt
1c70de3519e902afbae90a65901cdd462b9427e79941afa6961ffaea18c48fb6	98	project-assessment-v2/batch-39/submit_project
a98b74e40475da5e2fcca71028d6adaee04b4ea5fc72c4832950a53dbab5bc76	2128	project-assessment-v2/batch-39/trace.jsonl
f27c36bc85e0d75b2081fa2619a2c274a33345d601728803532f3b7e5dfcdfb3	313	project-assessment-v2/batch-40/assessments.jsonl
1c80159866d32858ae913fd36fa408e54f7697b021bbd12a231b8076916b8f27	1614	project-assessment-v2/batch-40/batch.json
27f9aa6b5bf0df51f8bbcd10c8d17ee856ab49b3debbdf6d3ed2703c62be0d29	87	project-assessment-v2/batch-40/final.txt
3f632199b753ddf14639b97ea11dee19bea551e222fa836cd17137447b32699a	108577	project-assessment-v2/batch-40/input.md
1fb3f1b77b42465ccb2edaba609e251f659e0b89b4bc5e319982dd1c5861cc39	455	project-assessment-v2/batch-40/run.json
e3b0c44298fc1c149afbf4c8996fb92427ae41e4649b934ca495991b7852b855	0	project-assessment-v2/batch-40/stderr.txt
1c70de3519e902afbae90a65901cdd462b9427e79941afa6961ffaea18c48fb6	98	project-assessment-v2/batch-40/submit_project
4433fa9bfc9bcdba0e6d5dd3c62346e6326670d8e0a6caf3a9efba7a88ec903b	1851	project-assessment-v2/batch-40/trace.jsonl
7518cfc0c7ed72eed4d11bb4c249c9de7845a0da1b2469da30746847ea058ba1	398	project-assessment-v2/batch-41/assessments.jsonl
cde553f1862995fcfe1d4edcffe703e3d3f1bf1c5fd22a0cf7363ebb7ac6b553	1448	project-assessment-v2/batch-41/batch.json
25277d1f9fdf335c416604953e569148cd73501aa8f26bbcc4a971eaed159c2f	94	project-assessment-v2/batch-41/final.txt
1a56fe1ea38ec3d7791fa23a9b11a19f5cf10579e7cd0216f34b5723d79d1f41	108586	project-assessment-v2/batch-41/input.md
cdc40dcde9ae48b0a316c8f7767e00dc509aff59f3fda236bc69ec27ebb7eba5	455	project-assessment-v2/batch-41/run.json
e3b0c44298fc1c149afbf4c8996fb92427ae41e4649b934ca495991b7852b855	0	project-assessment-v2/batch-41/stderr.txt
1c70de3519e902afbae90a65901cdd462b9427e79941afa6961ffaea18c48fb6	98	project-assessment-v2/batch-41/submit_project
3a145853f147b97362a2daa5b6367f3d898c15605fc17491a29340a994ef3a5e	1989	project-assessment-v2/batch-41/trace.jsonl
f3107a2e631be08e32bea20c822d2c4e7c3bddbfe841055b185500e7a284c44f	20278	project-assessment-v2/results.csv
60637e73e16729205c0c4a76bced0f5c6bbd83042a753c5109887f8cd4299e42	10214	project-assessment-v2/selection.json
f6c6b9f047e60841f06459d5e53775648aa5ab693329ea7b9fcf2f635d13a0c7	246	project-assessment-v2/summary.json
31db05ae5068ec45d14171202817ed21a329692eae8d31dab1768283fde46295	628	project-assessment-v3/EVALUATION.md
2b09533a30562bb74cc218a1eae426e3e43ebe6608f29eb3b98bfe290fcedd6f	1448	project-assessment-v3/SYSTEM.md
f5850a7ba0026c0d6ac389aac1eb6935e8111ee469c48680461ee5d368d9d251	511	project-assessment-v3/batch-01/assessments.jsonl
88c906b8bee4cdafa54a20f2be013d83e909140b47f502895dc066283f99d557	989	project-assessment-v3/batch-01/batch.json
896d4cbb6de4efec054f91a9707cd8e7e7c5e467231140973a30f67e6994bd2d	63	project-assessment-v3/batch-01/final.txt
28f67b4ed9063fec06e822d2d8b68a405314c19de245845d1ef1600fc6075a8f	73889	project-assessment-v3/batch-01/input.md
f2708761dc70d09647cd1cac8e3d4008c4fb28f5be23987a7aaa8d9aeb30070a	455	project-assessment-v3/batch-01/run.json
e3b0c44298fc1c149afbf4c8996fb92427ae41e4649b934ca495991b7852b855	0	project-assessment-v3/batch-01/stderr.txt
1c70de3519e902afbae90a65901cdd462b9427e79941afa6961ffaea18c48fb6	98	project-assessment-v3/batch-01/submit_project
6dce3570b2fcf7c5feabd28d6149987c8cf4970baf08e9485d1a67b2491684e9	2280	project-assessment-v3/batch-01/trace.jsonl
df0131067f9582abd701ce9583feebdf98437df6657244e7edc457a3e9756993	484	project-assessment-v3/batch-02/assessments.jsonl
cb71551b0a805341bc59829e887ef7febec3440fc6d6b428920910fdad7afd59	1077	project-assessment-v3/batch-02/batch.json
896d4cbb6de4efec054f91a9707cd8e7e7c5e467231140973a30f67e6994bd2d	63	project-assessment-v3/batch-02/final.txt
8bcddb2ba00c99afd47236185bef3f5cf5c5c5cbc0e818a3a517b635952d1c91	86639	project-assessment-v3/batch-02/input.md
7705ca15b0c64c8a02ef714681e9bac783b92a7424f83e25cd1fce483c7e78fe	455	project-assessment-v3/batch-02/run.json
e3b0c44298fc1c149afbf4c8996fb92427ae41e4649b934ca495991b7852b855	0	project-assessment-v3/batch-02/stderr.txt
1c70de3519e902afbae90a65901cdd462b9427e79941afa6961ffaea18c48fb6	98	project-assessment-v3/batch-02/submit_project
45401a7b04b1a8433b2fe75f1063fff2019f8b5781f4f9b5fa44fce8f7a5fbe5	2195	project-assessment-v3/batch-02/trace.jsonl
e27491af7ad95deb33aae3170170d19e049be056a4e78de4ed5330aaae84b11b	487	project-assessment-v3/batch-03/assessments.jsonl
385d0182325634176b3d18a58cd412312aa777db00d121aadbfa0ec94581548f	960	project-assessment-v3/batch-03/batch.json
06e6d41b92e500dca55b16aeaef45fc7f9cf5d29063b758096f09a92489a6d7c	49	project-assessment-v3/batch-03/final.txt
6ca6018c3c93a6f4e4241ffdbe19afb1142b73f5c4620f3d04e006991d433ad0	71168	project-assessment-v3/batch-03/input.md
f5013a1563c2d2c033f665085dd0526c3af3ed09938f26d848b7d8de4e4a97df	455	project-assessment-v3/batch-03/run.json
e3b0c44298fc1c149afbf4c8996fb92427ae41e4649b934ca495991b7852b855	0	project-assessment-v3/batch-03/stderr.txt
1c70de3519e902afbae90a65901cdd462b9427e79941afa6961ffaea18c48fb6	98	project-assessment-v3/batch-03/submit_project
52489764322cd753fde20a98229e492effcae687b0196ca395f90b72424f866a	2176	project-assessment-v3/batch-03/trace.jsonl
5bef6c10d31dfde9258c739f06bdf7d93983d1e603e006b5552ab46e9d2d8c17	437	project-assessment-v3/batch-04/assessments.jsonl
7b8592fdce7d7feea975ee82cede693b8c0fb183b0d5b303b4dc86489070b729	1089	project-assessment-v3/batch-04/batch.json
176620f634c4e0014cc9cb742ddddb888227465794e9937668edd4bcec74e653	93	project-assessment-v3/batch-04/final.txt
ee7c0eb5cf657c521a305246e23ae92eb101a9f0d04dd8e025091462e7a7d622	104347	project-assessment-v3/batch-04/input.md
937265b25a90018f02f5cc2af9af5fceabd2d6a2045e53ccffe297e2ad014f98	455	project-assessment-v3/batch-04/run.json
e3b0c44298fc1c149afbf4c8996fb92427ae41e4649b934ca495991b7852b855	0	project-assessment-v3/batch-04/stderr.txt
1c70de3519e902afbae90a65901cdd462b9427e79941afa6961ffaea18c48fb6	98	project-assessment-v3/batch-04/submit_project
eb1464484d64e60bdebcf4f68df760231914490e16a09929ab923acb01157173	2114	project-assessment-v3/batch-04/trace.jsonl
29889af8f0831f99c3854e903496e96bc651c54cb50668a9573ab2ba24f8cc85	388	project-assessment-v3/batch-05/assessments.jsonl
dc277a4a9720f6773740b95f76fc61391e84d33a193803e5df6bf18c5d54b3bf	1107	project-assessment-v3/batch-05/batch.json
111dfb13b7db95544cc401a30adfab89640a7524ac977e5ea0958f3dfd594523	87	project-assessment-v3/batch-05/final.txt
c59a70e0ac9acfe4087f85d537dcc261b7344ef5ed744151caa027a4c6e58d04	93179	project-assessment-v3/batch-05/input.md
c6ebd62e9bd6dc757bddd10d4fab56d87df77b057c5f73ef24db65bd12ee7bc6	455	project-assessment-v3/batch-05/run.json
e3b0c44298fc1c149afbf4c8996fb92427ae41e4649b934ca495991b7852b855	0	project-assessment-v3/batch-05/stderr.txt
1c70de3519e902afbae90a65901cdd462b9427e79941afa6961ffaea18c48fb6	98	project-assessment-v3/batch-05/submit_project
39207dd2f80e416ca003796d19b274d7477ae530f49106525ae9f6c4cdd648c9	2008	project-assessment-v3/batch-05/trace.jsonl
40980f568336eb5b758ad974b719f22037f1f3b0f8ddf3449b46e0518f80156e	378	project-assessment-v3/batch-06/assessments.jsonl
60e9307ea0b448bc711f3bd7fd222ff7c5b8f16845eca6db888e9ccca10019d0	1045	project-assessment-v3/batch-06/batch.json
a50e8aa61b3e37d963aabf26a49bba0b89003dc31119298c4f6a30e1d079a91b	71	project-assessment-v3/batch-06/final.txt
510baed14d07f5c6d9dcca052e2b4bdbe72e94842bb9dd3336c27704ce7c2df0	83060	project-assessment-v3/batch-06/input.md
dc8d2f6427679bfae2aa98885e17662725fc629f45d84651bd8601504006ec9b	455	project-assessment-v3/batch-06/run.json
e3b0c44298fc1c149afbf4c8996fb92427ae41e4649b934ca495991b7852b855	0	project-assessment-v3/batch-06/stderr.txt
1c70de3519e902afbae90a65901cdd462b9427e79941afa6961ffaea18c48fb6	98	project-assessment-v3/batch-06/submit_project
b4c8185737214b7c53a737b78edecdf3e4576f189b2cad2b0a87676b10848275	1995	project-assessment-v3/batch-06/trace.jsonl
4c121e9975244e5d3eb8f21fc0d138cfeac05c27a54860e7a31bad77b8d021ff	407	project-assessment-v3/batch-07/assessments.jsonl
1b0d68aa4d12b5ea5fee0ba79a72e542730944c011526f45ff8a826f771805b2	1103	project-assessment-v3/batch-07/batch.json
93eae773b77fc0428d3658d4fc15852c52beea26a2e17e47b792997e730555dd	93	project-assessment-v3/batch-07/final.txt
7bfcbee991895fb832fd622a4251dde4c65ae3c006062e62873c4d8b7a9625f6	104883	project-assessment-v3/batch-07/input.md
b9e6588a3eebfb1c62f743b3f2780155dd6b51472d41d799ec999d3fa3abdb5a	455	project-assessment-v3/batch-07/run.json
e3b0c44298fc1c149afbf4c8996fb92427ae41e4649b934ca495991b7852b855	0	project-assessment-v3/batch-07/stderr.txt
1c70de3519e902afbae90a65901cdd462b9427e79941afa6961ffaea18c48fb6	98	project-assessment-v3/batch-07/submit_project
04d5bff516553c3a9ff4969ffb75e3940db7c83128e6adeb801cba6d670db14e	2067	project-assessment-v3/batch-07/trace.jsonl
e192192962deeec50c3826b785262ea5d0855e322b9a0756edd3c444f41f821e	512	project-assessment-v3/batch-08/assessments.jsonl
7c30e4293ca58e1b11e1ac4b0aa283d990956103fff9d42898af7a633e1592cd	1025	project-assessment-v3/batch-08/batch.json
896d4cbb6de4efec054f91a9707cd8e7e7c5e467231140973a30f67e6994bd2d	63	project-assessment-v3/batch-08/final.txt
50e02179b0db9da2c0783e24ca0a4717b09fb52fe4462a33e75160a3c5546880	67247	project-assessment-v3/batch-08/input.md
9dabb0255443ca4ddb154fddf29cf51547d1885bd09919de5c453304a457ca56	455	project-assessment-v3/batch-08/run.json
e3b0c44298fc1c149afbf4c8996fb92427ae41e4649b934ca495991b7852b855	0	project-assessment-v3/batch-08/stderr.txt
1c70de3519e902afbae90a65901cdd462b9427e79941afa6961ffaea18c48fb6	98	project-assessment-v3/batch-08/submit_project
7b4ec1c2204c0ce0bf4b02902fd15fccc680ecb9eadfea7eaead8eaf0ecdb4f0	2336	project-assessment-v3/batch-08/trace.jsonl
86f51f2cb2a1f1769ce556c8b0f386ff871698429105d30a7dfee08f8a93308e	458	project-assessment-v3/batch-09/assessments.jsonl
d0714827375bbccdaf0b7776441907896cafbcc99ec54ba7f51b3a3786bbf6e0	1084	project-assessment-v3/batch-09/batch.json
e1183efec2a7f10c6d754e0f889d63cbd1d578067f4becd7c7f9e7d7ba0c1ce5	80	project-assessment-v3/batch-09/final.txt
2679923ad8e25dbdb8db479326c1e43815a35d1e954710e4c8329ffb94d53f69	83648	project-assessment-v3/batch-09/input.md
00d9d86caacc946f1c9077a9a46feb1851d89fce3d707412c481dfb577f2887f	455	project-assessment-v3/batch-09/run.json
e3b0c44298fc1c149afbf4c8996fb92427ae41e4649b934ca495991b7852b855	0	project-assessment-v3/batch-09/stderr.txt
1c70de3519e902afbae90a65901cdd462b9427e79941afa6961ffaea18c48fb6	98	project-assessment-v3/batch-09/submit_project
27652e62937a8390b1d4a7cfe3c6382f6c9c7b6c42bf852376cec32d1b68d58f	2153	project-assessment-v3/batch-09/trace.jsonl
caf053d8f88e78e9ed00aa1c0af8bb33d26bc46a77fa3ca725e3972bfdf3a0fe	469	project-assessment-v3/batch-10/assessments.jsonl
cd8d404f56876223d7a53b7b811b1e55e58eea8b013255c9cc433e6c0f3ac0b9	1045	project-assessment-v3/batch-10/batch.json
896d4cbb6de4efec054f91a9707cd8e7e7c5e467231140973a30f67e6994bd2d	63	project-assessment-v3/batch-10/final.txt
c03ff5989990a994a798523a9b8f4251f4d082c4a15d4b344e0c4a97681c3d5d	74761	project-assessment-v3/batch-10/input.md
d010f18f8769ef9acd90a2a9fd4cf32d5ed7660f1e7d18086f2117244c94b4d7	455	project-assessment-v3/batch-10/run.json
e3b0c44298fc1c149afbf4c8996fb92427ae41e4649b934ca495991b7852b855	0	project-assessment-v3/batch-10/stderr.txt
1c70de3519e902afbae90a65901cdd462b9427e79941afa6961ffaea18c48fb6	98	project-assessment-v3/batch-10/submit_project
118d2694a044a4367b2bf9e3312d9a29ae59ae122f3c0e980a37d40ca352ba2f	2160	project-assessment-v3/batch-10/trace.jsonl
ffacd06800feae3aef2c0dc1c203e8e402f8721924f58ed7218fb6535bfd4ff0	434	project-assessment-v3/batch-11/assessments.jsonl
25f7080dbeb159ea015bf2d6ac9dde309e46fcfc9998d5a36538b415dbc8f8ea	1135	project-assessment-v3/batch-11/batch.json
24974d28994736c0b51032c3d15f186b543bd8327a6d3ab57ba68c5ded78f803	92	project-assessment-v3/batch-11/final.txt
94058a852358ae1ef3babd3480e94754acf0ca98858176128affc1fe54871060	98214	project-assessment-v3/batch-11/input.md
951a18bab001f413e9a08b3abfff5a6e7824c37c7008a4587c3cd69c5b56ae62	455	project-assessment-v3/batch-11/run.json
e3b0c44298fc1c149afbf4c8996fb92427ae41e4649b934ca495991b7852b855	0	project-assessment-v3/batch-11/stderr.txt
1c70de3519e902afbae90a65901cdd462b9427e79941afa6961ffaea18c48fb6	98	project-assessment-v3/batch-11/submit_project
a9aa83d19b172de28d811baf12025932aa839423865ec0ee2ad29bc013466dd4	2119	project-assessment-v3/batch-11/trace.jsonl
85bb2b2f29685d2801fa332fb873c97d187415ace7c891e05d44c1e27b00678c	514	project-assessment-v3/batch-12/assessments.jsonl
873908abccc519041151a585023efd7d7424c82a424e045dd196e7c19e88add2	966	project-assessment-v3/batch-12/batch.json
a50e8aa61b3e37d963aabf26a49bba0b89003dc31119298c4f6a30e1d079a91b	71	project-assessment-v3/batch-12/final.txt
b0bd13b19c4c80d8089a48c5d9ca61a8026388dd0c2e85d75a36013b78f49932	47949	project-assessment-v3/batch-12/input.md
9b4416849b6a041e52b1d353bd014f66e4190c5b853942cce3caddef71afb603	455	project-assessment-v3/batch-12/run.json
e3b0c44298fc1c149afbf4c8996fb92427ae41e4649b934ca495991b7852b855	0	project-assessment-v3/batch-12/stderr.txt
1c70de3519e902afbae90a65901cdd462b9427e79941afa6961ffaea18c48fb6	98	project-assessment-v3/batch-12/submit_project
5fc2f27ebe4e3706f5c7b2d5db35c0013dd98da9ceeb34e030dab9cac7149627	2272	project-assessment-v3/batch-12/trace.jsonl
70f1777ce7af45043fcb0b57571aa664cc2b0ded33c1b88caa727f3c95dfd8f4	456	project-assessment-v3/batch-13/assessments.jsonl
e8e639171b202089876d9117fa87d23f7ac1ead51e26f43641670906e6c236bd	1109	project-assessment-v3/batch-13/batch.json
896d4cbb6de4efec054f91a9707cd8e7e7c5e467231140973a30f67e6994bd2d	63	project-assessment-v3/batch-13/final.txt
df780c70e30afce1acc85ce80cf05e51d8d03140662ec205768fda96294a5b39	97317	project-assessment-v3/batch-13/input.md
37d47e17fe8842b4b5aa7e91dfe0bf2be0641c6c5231f3f66d0a3858b5d6933a	455	project-assessment-v3/batch-13/run.json
e3b0c44298fc1c149afbf4c8996fb92427ae41e4649b934ca495991b7852b855	0	project-assessment-v3/batch-13/stderr.txt
1c70de3519e902afbae90a65901cdd462b9427e79941afa6961ffaea18c48fb6	98	project-assessment-v3/batch-13/submit_project
961b7a3be4824eaf75f76557a44439617d1eea3f4e50f8ca6a7db0f1a30cc507	2148	project-assessment-v3/batch-13/trace.jsonl
c63207c6c335cc89b54c4b48f26e0be4f5003e0e61402e1c16baa3d7a8a22826	537	project-assessment-v3/batch-14/assessments.jsonl
0673f8437891cc4b58fd567eb2defbea6a98e47be7bf444814ba56e70c4c81a7	1031	project-assessment-v3/batch-14/batch.json
a50e8aa61b3e37d963aabf26a49bba0b89003dc31119298c4f6a30e1d079a91b	71	project-assessment-v3/batch-14/final.txt
2201a6e40125ff5ac7d0ad55ecd8e4c2c2b03819771240f9faf5e7f50a538b27	80527	project-assessment-v3/batch-14/input.md
103fd56b6a659c7edc9e982fc1abde9d94071f35c11c7a8017307dd129ed5e10	455	project-assessment-v3/batch-14/run.json
e3b0c44298fc1c149afbf4c8996fb92427ae41e4649b934ca495991b7852b855	0	project-assessment-v3/batch-14/stderr.txt
1c70de3519e902afbae90a65901cdd462b9427e79941afa6961ffaea18c48fb6	98	project-assessment-v3/batch-14/submit_project
3b51fe24260636142e0fa745286f43c3dd86248e8491b4bdbad8b41d523a87d8	2303	project-assessment-v3/batch-14/trace.jsonl
84457db7ee29f56c5dc16f2a831fac7891f70ca3fc99a73bb91220c267b11333	483	project-assessment-v3/batch-15/assessments.jsonl
e6a333b224453e275d21f5b517b46d4db616968d795e11b7f1c323e851242af6	1151	project-assessment-v3/batch-15/batch.json
748491c7bd08345c954b05b63279775731df50cdf0856ec42c10553b2324e15b	92	project-assessment-v3/batch-15/final.txt
bad501a20227321e6e10dbe4eb72a27e32909c9f53894591c071a4948cb7ea8d	99382	project-assessment-v3/batch-15/input.md
cf47bd019e0c125792b9b8563bf6ed11198e9f8541837f18f88b331d84d6e2ce	455	project-assessment-v3/batch-15/run.json
e3b0c44298fc1c149afbf4c8996fb92427ae41e4649b934ca495991b7852b855	0	project-assessment-v3/batch-15/stderr.txt
1c70de3519e902afbae90a65901cdd462b9427e79941afa6961ffaea18c48fb6	98	project-assessment-v3/batch-15/submit_project
2a5f899a5d84fa5001f5d0ca7e23a60afce50e88ebe3de377564ece6b6e594fa	2248	project-assessment-v3/batch-15/trace.jsonl
3309d60c1c615a85c9f72a5cd1eec287851afd60549100c7a048c40a0ac6a28f	451	project-assessment-v3/batch-16/assessments.jsonl
758528a7b6183f214184171873472d86a2ec32dbcee2a8c4c6d0cd59c3a68645	1459	project-assessment-v3/batch-16/batch.json
25277d1f9fdf335c416604953e569148cd73501aa8f26bbcc4a971eaed159c2f	94	project-assessment-v3/batch-16/final.txt
16d0392a729db08182093529e9a06d10a19597751486caa92e2770e2b7cb5d6f	95993	project-assessment-v3/batch-16/input.md
29b1da1dedc3925090add320406f830694d5f9a21d1abac2d4ff4dd8977dee5d	455	project-assessment-v3/batch-16/run.json
e3b0c44298fc1c149afbf4c8996fb92427ae41e4649b934ca495991b7852b855	0	project-assessment-v3/batch-16/stderr.txt
1c70de3519e902afbae90a65901cdd462b9427e79941afa6961ffaea18c48fb6	98	project-assessment-v3/batch-16/submit_project
435acbe08cf9f3cc28b0aca60e4d253f686cca4df3ed27578fb50cd065839fe0	2170	project-assessment-v3/batch-16/trace.jsonl
21647e74be2da8a640f3ef79eda9e416470e168ec8d6030f028b5f2a4653dc0d	427	project-assessment-v3/batch-17/assessments.jsonl
25e13c40506d5bb6a00960d0e376629fd5b66e108cb32e042a90fb18df8b271c	1569	project-assessment-v3/batch-17/batch.json
896d4cbb6de4efec054f91a9707cd8e7e7c5e467231140973a30f67e6994bd2d	63	project-assessment-v3/batch-17/final.txt
7a7817279a5fa71e66d3abe23011205b039723f119d2665d5f5185646e9c310f	108580	project-assessment-v3/batch-17/input.md
f7eab79c5c63425830a2338efd0bc595bf2e44a66c86dcc59a48c9b788900f3b	455	project-assessment-v3/batch-17/run.json
e3b0c44298fc1c149afbf4c8996fb92427ae41e4649b934ca495991b7852b855	0	project-assessment-v3/batch-17/stderr.txt
1c70de3519e902afbae90a65901cdd462b9427e79941afa6961ffaea18c48fb6	98	project-assessment-v3/batch-17/submit_project
80d4dc1e22f6bf9f5587a9eead0172f5ef33bb62b050e67c69473a424a2ba891	2065	project-assessment-v3/batch-17/trace.jsonl
7cf44ec5ec47f1b363b1a6727f9b0a332e9379e14de64d1f60ff77cf43c27286	516	project-assessment-v3/batch-18/assessments.jsonl
485acd4761ba3b03074d7f5addfb462530f940e474a43815ba766c724a93dc39	1035	project-assessment-v3/batch-18/batch.json
896d4cbb6de4efec054f91a9707cd8e7e7c5e467231140973a30f67e6994bd2d	63	project-assessment-v3/batch-18/final.txt
46bac6d16638f972e56d8194c3de360fbe383f0022ba0a3b8a65e9067327fc69	71532	project-assessment-v3/batch-18/input.md
d22173386d59cd84279b9a7670a29605ba0cae857f152b51e5d302370aef3571	455	project-assessment-v3/batch-18/run.json
e3b0c44298fc1c149afbf4c8996fb92427ae41e4649b934ca495991b7852b855	0	project-assessment-v3/batch-18/stderr.txt
1c70de3519e902afbae90a65901cdd462b9427e79941afa6961ffaea18c48fb6	98	project-assessment-v3/batch-18/submit_project
927042bc87928226d01e34f67ab893b30ddd1526fdcc266c38adb5987f238a1e	2242	project-assessment-v3/batch-18/trace.jsonl
cf8fe913e9bce2095beb5958fb88f9b9fb33c2141d9ccec1f1383de1a1af481e	467	project-assessment-v3/batch-19/assessments.jsonl
3545d3b3b59babf70a2394ba597b80ee683afdf3c278171d5654597b67f6a20a	1007	project-assessment-v3/batch-19/batch.json
896d4cbb6de4efec054f91a9707cd8e7e7c5e467231140973a30f67e6994bd2d	63	project-assessment-v3/batch-19/final.txt
ec3341c46db65d90a3991fad199f4f509f9ee0cdf1f59be784d82f7385e94762	80803	project-assessment-v3/batch-19/input.md
ce75e7ec6efa3c6205e109988eaaaa4ef442ca10279c5c06944d568701d6e060	455	project-assessment-v3/batch-19/run.json
e3b0c44298fc1c149afbf4c8996fb92427ae41e4649b934ca495991b7852b855	0	project-assessment-v3/batch-19/stderr.txt
1c70de3519e902afbae90a65901cdd462b9427e79941afa6961ffaea18c48fb6	98	project-assessment-v3/batch-19/submit_project
fa9173b24e94a0580be0e44068fe59383e03344632ffef3c1d51198fa1224371	2145	project-assessment-v3/batch-19/trace.jsonl
9de1dc0aeef6d0c4067f9096b77526c86f8236e44dc776b9790fcc6b5af7a0a0	483	project-assessment-v3/batch-20/assessments.jsonl
2719d394c9c83f31f0e1905a5a9e823a8b0bd400264d695d12655d6f2fa662a0	1470	project-assessment-v3/batch-20/batch.json
25277d1f9fdf335c416604953e569148cd73501aa8f26bbcc4a971eaed159c2f	94	project-assessment-v3/batch-20/final.txt
970af15ce8ac57387b4e625196697f9a31b7e4d8cf1dd48ebf039ca2eecce5e6	117746	project-assessment-v3/batch-20/input.md
8e706c941b1250d81b56c4243f998e0e49af2d56b5fc7e8f777ec4ff39c3ed62	455	project-assessment-v3/batch-20/run.json
e3b0c44298fc1c149afbf4c8996fb92427ae41e4649b934ca495991b7852b855	0	project-assessment-v3/batch-20/stderr.txt
1c70de3519e902afbae90a65901cdd462b9427e79941afa6961ffaea18c48fb6	98	project-assessment-v3/batch-20/submit_project
91c5b894e972347798c7afb04c156df8ee0deccbe322c2db6543f45c442e7859	2238	project-assessment-v3/batch-20/trace.jsonl
5061aacec4ab5f3671f0de307fdc40a030583826fa012ab68a9b8aff93c2ebe6	517	project-assessment-v3/batch-21/assessments.jsonl
7ef75c46ee119bef2c87a35dc93af981154a40cf4026cf98036aa7d0879edb9b	1055	project-assessment-v3/batch-21/batch.json
69bef348aa6f804c135c37097c120c6edb2647bc028487f6f4324fc7272192c4	72	project-assessment-v3/batch-21/final.txt
30f0ea312821bcb45a7487531327c51c099331f962048e41357193b3a0cfb2c0	104818	project-assessment-v3/batch-21/input.md
8e6311f6ec64e8179fa055f00d7fa7cbcf3d952aad8e2874c01762a56346d9aa	455	project-assessment-v3/batch-21/run.json
e3b0c44298fc1c149afbf4c8996fb92427ae41e4649b934ca495991b7852b855	0	project-assessment-v3/batch-21/stderr.txt
1c70de3519e902afbae90a65901cdd462b9427e79941afa6961ffaea18c48fb6	98	project-assessment-v3/batch-21/submit_project
de9617edd0a3c85af1538ea369ea9620d2decee79999ee29662946d29184428d	2261	project-assessment-v3/batch-21/trace.jsonl
7d1ed8365efafc7dddf7528c1b6a994b7c1ae81dd9e7596c7704d20d35a20fc5	412	project-assessment-v3/batch-22/assessments.jsonl
d8cf96f348a6a864d8603c42e65421c487148cd5c2540ec04abd394e158c50b7	1098	project-assessment-v3/batch-22/batch.json
176620f634c4e0014cc9cb742ddddb888227465794e9937668edd4bcec74e653	93	project-assessment-v3/batch-22/final.txt
d218a51df41f28c1031bc738d46991e84bf5abf8115b1b0098f2358ebd89c249	141259	project-assessment-v3/batch-22/input.md
12abd56b9daa5d156705981f7b34347818518a468558423fd78bc00aa79b866d	455	project-assessment-v3/batch-22/run.json
e3b0c44298fc1c149afbf4c8996fb92427ae41e4649b934ca495991b7852b855	0	project-assessment-v3/batch-22/stderr.txt
1c70de3519e902afbae90a65901cdd462b9427e79941afa6961ffaea18c48fb6	98	project-assessment-v3/batch-22/submit_project
ba0c7f4d30697c1cedabab80d53b1414d99c13fc872a3ac768f4ef8ba0f8dfe4	2088	project-assessment-v3/batch-22/trace.jsonl
d351c0c02b173b697bdc91d6582cd78390e520f3e87e4c3d2fbcb964a4ac0b33	497	project-assessment-v3/batch-23/assessments.jsonl
2c93a3eecd7192b5a34a48ec4b936ea415677a31937544f9d60e66de6b06525e	993	project-assessment-v3/batch-23/batch.json
62e07b9af91c39dd3e7f85dac3ec12ab890989e66f086815e5e4500c1fe4fb4d	60	project-assessment-v3/batch-23/final.txt
48a38ca2fc728ce146e53ce87feab145c703e8dd836dfd4e6e370c784ef7fa9e	94650	project-assessment-v3/batch-23/input.md
ffba63824c15d029ce5c2b4342a8e1cda6c1dc1f21740634fd6c939f67289970	455	project-assessment-v3/batch-23/run.json
e3b0c44298fc1c149afbf4c8996fb92427ae41e4649b934ca495991b7852b855	0	project-assessment-v3/batch-23/stderr.txt
1c70de3519e902afbae90a65901cdd462b9427e79941afa6961ffaea18c48fb6	98	project-assessment-v3/batch-23/submit_project
1e5c9f203834a9404cf2f32307a87d2179d1e1d2934f7cf2d6a32c9b74e12d93	2212	project-assessment-v3/batch-23/trace.jsonl
f41d6032cf9553291b3a2f61cbd510649104f8566bd19b0296b3886d64c195e2	395	project-assessment-v3/batch-24/assessments.jsonl
9a264b61ff2fc27956b53dcf52dead4ecd817f9e25a29562538707b9cb88c563	1034	project-assessment-v3/batch-24/batch.json
540ea5b6ba92481fdf96b47ecf078311d2bf489572035704866b0da6ec3d7d8f	94	project-assessment-v3/batch-24/final.txt
e58f0f0de89eef7d79792730965ad29362df25ac0c05b1764b14d0e69dcd9122	88341	project-assessment-v3/batch-24/input.md
4eb5bae9d25012149a4845de9d3b8ff4fb04cc5a89c6c3a5f3f4225f3e656dd3	455	project-assessment-v3/batch-24/run.json
e3b0c44298fc1c149afbf4c8996fb92427ae41e4649b934ca495991b7852b855	0	project-assessment-v3/batch-24/stderr.txt
1c70de3519e902afbae90a65901cdd462b9427e79941afa6961ffaea18c48fb6	98	project-assessment-v3/batch-24/submit_project
53a324ee35c5b1af47492dc05b8da645da6af01f241fd723d47b9c01246aec37	2031	project-assessment-v3/batch-24/trace.jsonl
95dbf77b070465515a6a878efc76f7cd5ad81635e987872e0dc832363aa74f34	551	project-assessment-v3/batch-25/assessments.jsonl
2f6ee5f04244e2487d304884fe4f3199a1f1671e678b2bc8c8f6792c9e06e924	1553	project-assessment-v3/batch-25/batch.json
842a58aa50aedd4584eacbd4456e85d695279fd3498fea2a5a7b6b1966e61183	89	project-assessment-v3/batch-25/final.txt
ebd5df9f235b856507fd9279bc992114c5f7c752143507770a8a007c16c8f40c	108690	project-assessment-v3/batch-25/input.md
01274defc1f9fe0430a822aedbe7cdb1edd6545bdfacd50fee7dfc351b7c47f1	455	project-assessment-v3/batch-25/run.json
e3b0c44298fc1c149afbf4c8996fb92427ae41e4649b934ca495991b7852b855	0	project-assessment-v3/batch-25/stderr.txt
1c70de3519e902afbae90a65901cdd462b9427e79941afa6961ffaea18c48fb6	98	project-assessment-v3/batch-25/submit_project
dd46d5ba94352e929608d3badba57909130f01dcdc6944e4f82a4b1c61fb955e	2338	project-assessment-v3/batch-25/trace.jsonl
8dfeeb08be6435849329269d75c69abe05e153e37f00ef7cc603dd4af8153486	554	project-assessment-v3/batch-26/assessments.jsonl
ef60002b9c2194d6383e3cf840bcc383cd2ee30e1478309711696aa9748c3a33	987	project-assessment-v3/batch-26/batch.json
57398f78d59b48eac59b914a71aa977d2c7ae51dd4e562785640e2359ab03ffd	93	project-assessment-v3/batch-26/final.txt
f8bb5c36bed09289f240cb58222ecd7fa1af5c2d2c893cf05c32b820e0f6aad6	104533	project-assessment-v3/batch-26/input.md
f73b53c3c3037672671e0be273edb68297b0926452136a5ac23d1c2b0ac77469	455	project-assessment-v3/batch-26/run.json
e3b0c44298fc1c149afbf4c8996fb92427ae41e4649b934ca495991b7852b855	0	project-assessment-v3/batch-26/stderr.txt
1c70de3519e902afbae90a65901cdd462b9427e79941afa6961ffaea18c48fb6	98	project-assessment-v3/batch-26/submit_project
c3e47e41ed23b807abe5820cea6c61a947b4b84a8176ddaa2a1311c441e3a673	2352	project-assessment-v3/batch-26/trace.jsonl
805208acbf466413866a01ab0e9c52c9574ec606e45c82552650b4f3592ae985	385	project-assessment-v3/batch-27/assessments.jsonl
7d465a9dd243178c477a865da56ebf85bb5768fd294b32ba17c04e451af26333	989	project-assessment-v3/batch-27/batch.json
f2718a69ff438ac00f19afde3458a41da24c0870c80db5e0b63d3da08bfc978a	89	project-assessment-v3/batch-27/final.txt
b5e61af5da3250f6e62107d1b27c08952ac7aa9fdcc1dbb2869b081dbf3e6e41	105410	project-assessment-v3/batch-27/input.md
81d9273e6bda9421890e492f29f7e06c8d91e5acbdd4b97f3fa00037b0fce878	455	project-assessment-v3/batch-27/run.json
e3b0c44298fc1c149afbf4c8996fb92427ae41e4649b934ca495991b7852b855	0	project-assessment-v3/batch-27/stderr.txt
1c70de3519e902afbae90a65901cdd462b9427e79941afa6961ffaea18c48fb6	98	project-assessment-v3/batch-27/submit_project
ea7f486f3f16373ede965eab1188d7e822a693ff721f22f275b2c35b33e45ec1	2027	project-assessment-v3/batch-27/trace.jsonl
c6ca1ed79394aadfa0bd28a607eaa353de4ce517301c7c58530cdb492b7dcdcf	421	project-assessment-v3/batch-28/assessments.jsonl
912a2c91232f7e3df0dcd8e870e7c3c667db2500568f362da121054bbf1846dd	1127	project-assessment-v3/batch-28/batch.json
a383e00ecde9628b0f74415c1e44d5e4cdcce94f584e7ec7889b9c4262b58a36	94	project-assessment-v3/batch-28/final.txt
f24dd7b287e1c9700c6b9863fead0274254663bd362c857c026807c747ec9408	81915	project-assessment-v3/batch-28/input.md
50a995cb479d10edd89ce1587761f720388707c70adf569cd3f3ef653761e009	455	project-assessment-v3/batch-28/run.json
e3b0c44298fc1c149afbf4c8996fb92427ae41e4649b934ca495991b7852b855	0	project-assessment-v3/batch-28/stderr.txt
1c70de3519e902afbae90a65901cdd462b9427e79941afa6961ffaea18c48fb6	98	project-assessment-v3/batch-28/submit_project
bef4d178fb607535082a496ade028cd8eb46baf7806574793762612c5be9c8ff	2131	project-assessment-v3/batch-28/trace.jsonl
f204278c307d9e66b8ab35aac826f78692ef5c7239950dd5a07ff4a5e0387880	568	project-assessment-v3/batch-29/assessments.jsonl
b96fa34ddda470adc7eb85b0709de743d168a3ce2ae53f9270b27a42c0c63e49	1086	project-assessment-v3/batch-29/batch.json
8722842dac8a18e7fa4ec4fc20524fe2b16e61d31e08839737614b9a902cb989	94	project-assessment-v3/batch-29/final.txt
4b0dc2eb50162c86d7bed10778d969d296602dd9dd3b3356c59a7f17896ddf2a	75587	project-assessment-v3/batch-29/input.md
b5e8cc436d1f010b8f1581d43f71a8c17aba223a70c60c9d57118e9b2d4feb16	455	project-assessment-v3/batch-29/run.json
e3b0c44298fc1c149afbf4c8996fb92427ae41e4649b934ca495991b7852b855	0	project-assessment-v3/batch-29/stderr.txt
1c70de3519e902afbae90a65901cdd462b9427e79941afa6961ffaea18c48fb6	98	project-assessment-v3/batch-29/submit_project
37275d13ea9888e09d942e1ad6b292f6be87171bb73f9c32f52eab5195906d6f	2361	project-assessment-v3/batch-29/trace.jsonl
293525ad3cf3c9985d7f6d943d40217157298c661ed903f8c3bafbd1aa60e8e1	383	project-assessment-v3/batch-30/assessments.jsonl
5620e93d6ccba55493728f2ef37eb5ca79827bba60ee5cd84b89f0c0fd4316b3	1498	project-assessment-v3/batch-30/batch.json
656070c5a287b8e97f787cd4ad8cbbf8aac3a36195f55bb8379ad55497afcf6b	94	project-assessment-v3/batch-30/final.txt
e24343be8f0e2784ccfe7e28478a758eb4f74f0e22f043795c4d40d240cf814c	105380	project-assessment-v3/batch-30/input.md
8fdde5705cce816d80445f1156f99f56d68f89c179d2d3fd78a833df7f89fcaa	455	project-assessment-v3/batch-30/run.json
e3b0c44298fc1c149afbf4c8996fb92427ae41e4649b934ca495991b7852b855	0	project-assessment-v3/batch-30/stderr.txt
1c70de3519e902afbae90a65901cdd462b9427e79941afa6961ffaea18c48fb6	98	project-assessment-v3/batch-30/submit_project
8f4f82ce8deb6d24f33b166975229fd13d09b083876b1f3a3c6708a71e040025	2006	project-assessment-v3/batch-30/trace.jsonl
f63f6d1b0befa66c70fc9829d1afe5e850e0219242c75cf7762445075e24732f	510	project-assessment-v3/batch-31/assessments.jsonl
c45bccd2a063b3b7133c8f59f3f08e11e0f9c5a9ab5004ef300b8f05106a4e1b	1080	project-assessment-v3/batch-31/batch.json
896d4cbb6de4efec054f91a9707cd8e7e7c5e467231140973a30f67e6994bd2d	63	project-assessment-v3/batch-31/final.txt
646f3be7380ec7ba0a400d0825ec4f1c71654bc6c926298d10778bdf0caf32ed	90071	project-assessment-v3/batch-31/input.md
9c979658df002f6b0d6fd5ccc72975356d11771d2d06a5ba5d9a4831c95e9e8c	455	project-assessment-v3/batch-31/run.json
e3b0c44298fc1c149afbf4c8996fb92427ae41e4649b934ca495991b7852b855	0	project-assessment-v3/batch-31/stderr.txt
1c70de3519e902afbae90a65901cdd462b9427e79941afa6961ffaea18c48fb6	98	project-assessment-v3/batch-31/submit_project
5f29ff4fa8b7614eaaf0d84eb71a8ed6952a38896780695ac9e8668ecb72834f	2261	project-assessment-v3/batch-31/trace.jsonl
107edfd9660efe3c5e2bf1483de48992c8c161f708a248eb6243d21cd58017ed	500	project-assessment-v3/batch-32/assessments.jsonl
665c3bfd3272412ebf89de6bb6fcd5d348bc55459b0887ca32bbbf8f0c41bdea	1122	project-assessment-v3/batch-32/batch.json
641fb5bcfa4bfa0c2b74388a70fe3214e4975ee9c4d4be9bef8e5f9901178499	94	project-assessment-v3/batch-32/final.txt
6415518074f944cd443e7e0de7c3f4a09ebc2bbbc05ccbc7d16e1bcda5b3f74b	89321	project-assessment-v3/batch-32/input.md
dec580e6135e0bfbb4c2b91d008b1614894ad16c1b38abdacc82720a446ad15d	455	project-assessment-v3/batch-32/run.json
e3b0c44298fc1c149afbf4c8996fb92427ae41e4649b934ca495991b7852b855	0	project-assessment-v3/batch-32/stderr.txt
1c70de3519e902afbae90a65901cdd462b9427e79941afa6961ffaea18c48fb6	98	project-assessment-v3/batch-32/submit_project
e9b0a2a6c3d7b575623fc2d40b5442b71ef265cec147f331b83872a790a56dce	1975	project-assessment-v3/batch-32/trace.jsonl
42f7a03131c514c7641f5d9944478ae68cb4dd4a04671f4d4461c4d089b079b6	477	project-assessment-v3/batch-33/assessments.jsonl
8fbf611ce312329b9f1147067dc10808cd3d2a680541289ac67d5631b930af3a	932	project-assessment-v3/batch-33/batch.json
abdd2ab9bd24137539998a792b169e154008f66ab7092bd75e1f9a8e18925a0b	84	project-assessment-v3/batch-33/final.txt
9e676938a470cc9e8240ea15193c3d84c4bc69b32b78ac0c7c1d3649bcd0c356	56062	project-assessment-v3/batch-33/input.md
416d511fba5545696c3e6e882f406492ea01f8a30a84765055b410d0d1928fa4	455	project-assessment-v3/batch-33/run.json
e3b0c44298fc1c149afbf4c8996fb92427ae41e4649b934ca495991b7852b855	0	project-assessment-v3/batch-33/stderr.txt
1c70de3519e902afbae90a65901cdd462b9427e79941afa6961ffaea18c48fb6	98	project-assessment-v3/batch-33/submit_project
3e02eefe6cc0aae54e2abf04e6e011cb6b925c82cab5bd32b8cc6929e656c832	2198	project-assessment-v3/batch-33/trace.jsonl
d1c3d7eb8ce0d50a60e53ff51c9546b21866d923f14b87058bdf33afbeeb2948	502	project-assessment-v3/batch-34/assessments.jsonl
1b6c315d482bab6affc90c3b9243d83ef8987688f1e3d4ff3a158d25773d5642	1072	project-assessment-v3/batch-34/batch.json
896d4cbb6de4efec054f91a9707cd8e7e7c5e467231140973a30f67e6994bd2d	63	project-assessment-v3/batch-34/final.txt
76db9f8b1104c9e30022a4c11f729f1cc90b90e793db21e7904480aae7875ace	82007	project-assessment-v3/batch-34/input.md
0898449fb38383db2977fb521d13bcc431fbae0971421b733352a76b17c82392	455	project-assessment-v3/batch-34/run.json
e3b0c44298fc1c149afbf4c8996fb92427ae41e4649b934ca495991b7852b855	0	project-assessment-v3/batch-34/stderr.txt
1c70de3519e902afbae90a65901cdd462b9427e79941afa6961ffaea18c48fb6	98	project-assessment-v3/batch-34/submit_project
ae63a3f6b8615a922bf3d4d04b7bdb08b5db2218635e165366526381f7f6c4bc	2216	project-assessment-v3/batch-34/trace.jsonl
635ef4e12f4ee51efa312d3438d4a98cf66f0a18179c4d442f59bdfef1d4e0b8	425	project-assessment-v3/batch-35/assessments.jsonl
d2eac78ba26b6139f15d4f04999a6fc3b08cc46059af8e0fb2543f529097ae0c	1119	project-assessment-v3/batch-35/batch.json
4dc6f5eaea84e78c8455f64cfc631c3218c331fbfd501a7323abb13c6761f1a5	70	project-assessment-v3/batch-35/final.txt
5f571f6c7a980eb30a04203f7058de1c23a75bdb5e9895038428e31d5b225bcc	94166	project-assessment-v3/batch-35/input.md
c35c87e8020e4e1308d34230ffbac5e1d3b8c5c316ef5bbf7fc0ab5dbf1c7fdd	455	project-assessment-v3/batch-35/run.json
e3b0c44298fc1c149afbf4c8996fb92427ae41e4649b934ca495991b7852b855	0	project-assessment-v3/batch-35/stderr.txt
1c70de3519e902afbae90a65901cdd462b9427e79941afa6961ffaea18c48fb6	98	project-assessment-v3/batch-35/submit_project
e4ae44cfd613d6d9a991d39d62e7ff4b70998a604615091a7a62c600179e523c	2104	project-assessment-v3/batch-35/trace.jsonl
52bccb9ff26ac4bfe7eea88cffca511862621170322f849d0994a258a13469a1	476	project-assessment-v3/batch-36/assessments.jsonl
9a6ba19273de958f55849d5ca5f77b86326d7550aaa020b1872bccd4c435374c	1124	project-assessment-v3/batch-36/batch.json
896d4cbb6de4efec054f91a9707cd8e7e7c5e467231140973a30f67e6994bd2d	63	project-assessment-v3/batch-36/final.txt
3bff81a4d352f204955eb2d55612cb54047163c05c66ff58bd210ec3920ddcf7	78963	project-assessment-v3/batch-36/input.md
286861a0dab9f7421b291110283b886266d86a238906a857bf0dd02fe63e23d7	455	project-assessment-v3/batch-36/run.json
e3b0c44298fc1c149afbf4c8996fb92427ae41e4649b934ca495991b7852b855	0	project-assessment-v3/batch-36/stderr.txt
1c70de3519e902afbae90a65901cdd462b9427e79941afa6961ffaea18c48fb6	98	project-assessment-v3/batch-36/submit_project
953ab2c6676321744ef509fcca19622a3a9de9e7ce35c642eb4702da4adc266e	2131	project-assessment-v3/batch-36/trace.jsonl
53b0530672f7dd08104dd63a09f0c822e60b98877e159fac5b5793fc64aa1291	476	project-assessment-v3/batch-37/assessments.jsonl
53288eb4777495d2eca46562bc7e22b157370208585392dd61af6bef52afd165	1073	project-assessment-v3/batch-37/batch.json
896d4cbb6de4efec054f91a9707cd8e7e7c5e467231140973a30f67e6994bd2d	63	project-assessment-v3/batch-37/final.txt
b1326f1b05efb8906d09dbd18b59de93131de2b5e7a90ead8c073f05b5213cbd	79191	project-assessment-v3/batch-37/input.md
266da71406654a4f9f242030917869567e9d4106b0c65c34b3191491bd04df5c	455	project-assessment-v3/batch-37/run.json
e3b0c44298fc1c149afbf4c8996fb92427ae41e4649b934ca495991b7852b855	0	project-assessment-v3/batch-37/stderr.txt
1c70de3519e902afbae90a65901cdd462b9427e79941afa6961ffaea18c48fb6	98	project-assessment-v3/batch-37/submit_project
ce35ef41ab8bd79f3485e83034fd8a95d78dd98593a9316410acda5ff3e0f97c	2215	project-assessment-v3/batch-37/trace.jsonl
bf572177c3772cd94a1ecff07f144d990d9d1e3efd9a6109ed1d71d8dc062f27	473	project-assessment-v3/batch-38/assessments.jsonl
89a81a9aeaab9a68b11cf1e0189df38e69e76db62ef49037f1655fb582e65a42	1486	project-assessment-v3/batch-38/batch.json
9d3770ac06bf41de388e66d16e9907017b47a8080a9689e4ba7c6c6e192729d5	89	project-assessment-v3/batch-38/final.txt
1edf39c72f5cea8a6bf6426bc5058b291ccb4893c0ef2df408054d13ab354c59	117763	project-assessment-v3/batch-38/input.md
b0aee58ae443552fedfd66d23753e64587f1328662d4b2e37434770a3c123214	455	project-assessment-v3/batch-38/run.json
e3b0c44298fc1c149afbf4c8996fb92427ae41e4649b934ca495991b7852b855	0	project-assessment-v3/batch-38/stderr.txt
1c70de3519e902afbae90a65901cdd462b9427e79941afa6961ffaea18c48fb6	98	project-assessment-v3/batch-38/submit_project
7cbf161dafae46496ce8883bacd4ad8b422b5a98c15d88fd9878287a431c78bb	2170	project-assessment-v3/batch-38/trace.jsonl
8616e4153285c62a503bb6ff897257f003bd36ea644639c7eb1078033a82da3c	455	project-assessment-v3/batch-39/assessments.jsonl
e1eac8aa1f85840c22f48e3a618b62339b7170ed0def935b8e8727e0bb04234f	1075	project-assessment-v3/batch-39/batch.json
896d4cbb6de4efec054f91a9707cd8e7e7c5e467231140973a30f67e6994bd2d	63	project-assessment-v3/batch-39/final.txt
cd21759e586893ce3016d5c85cbe4006190942156a487823e3b1534c3d207c4c	80999	project-assessment-v3/batch-39/input.md
8896f8b5165cd1c967a9522d353f6c90837b35eb40918ced37deb880a3279f6b	455	project-assessment-v3/batch-39/run.json
e3b0c44298fc1c149afbf4c8996fb92427ae41e4649b934ca495991b7852b855	0	project-assessment-v3/batch-39/stderr.txt
1c70de3519e902afbae90a65901cdd462b9427e79941afa6961ffaea18c48fb6	98	project-assessment-v3/batch-39/submit_project
04d92aa9d05785f295ddb9a965fa3b17252d94c42f4fa44112dff748f5fd04a0	2089	project-assessment-v3/batch-39/trace.jsonl
4514098589bf0d1d82a775672ce3c2779ca3e36095c056528288d0928ba44ec2	402	project-assessment-v3/batch-40/assessments.jsonl
7d9caf3e94976da3e4cce302627fcf59c2045c62b48a3b1351eb074de5781742	1652	project-assessment-v3/batch-40/batch.json
23f3054398d7aa612191971c52be23eabd760473375ce668bedf8807fd8bf06e	93	project-assessment-v3/batch-40/final.txt
0e0e4f4b6efc30252cb0e4718235446e247d6df0ec02a4551134c4b1a571aaad	112470	project-assessment-v3/batch-40/input.md
83854f2cd2c6dc02388df5f42c921cf7191db9c5a0bdb8be075e2d0964785ca5	455	project-assessment-v3/batch-40/run.json
e3b0c44298fc1c149afbf4c8996fb92427ae41e4649b934ca495991b7852b855	0	project-assessment-v3/batch-40/stderr.txt
1c70de3519e902afbae90a65901cdd462b9427e79941afa6961ffaea18c48fb6	98	project-assessment-v3/batch-40/submit_project
1e703b6f6bc828803b302ac9f5b559542fd9862a6c6d94f85fb614d04fd822d8	2010	project-assessment-v3/batch-40/trace.jsonl
afdc7c33914c1dac00fd406f3f55839fd8fa7bb1b8c8c29ee888e566ea3b693e	405	project-assessment-v3/batch-41/assessments.jsonl
9d4eed2dffdbda369be247adf46a432212f512a7e9a33b6834df9c9b19ffb11e	1448	project-assessment-v3/batch-41/batch.json
25277d1f9fdf335c416604953e569148cd73501aa8f26bbcc4a971eaed159c2f	94	project-assessment-v3/batch-41/final.txt
e491478ae54a52778337bd829b10db92c31de996d0b4071a8c3807583c0fd824	108555	project-assessment-v3/batch-41/input.md
316839c1c7afa61714300620b796458c9822556c3672375aa5004f58ffdaa42b	455	project-assessment-v3/batch-41/run.json
e3b0c44298fc1c149afbf4c8996fb92427ae41e4649b934ca495991b7852b855	0	project-assessment-v3/batch-41/stderr.txt
1c70de3519e902afbae90a65901cdd462b9427e79941afa6961ffaea18c48fb6	98	project-assessment-v3/batch-41/submit_project
92bad647ac7c02cd24e1687c1e6b685abb9c74efa0333616ccda49cc0416c7d7	2051	project-assessment-v3/batch-41/trace.jsonl
d352601685cec142a3aacd4f482c8d4d1bfb3ca8555280201aadfd57fe692d0c	729	project-assessment-v3/evaluation.json
20ea24c4cba180339a7a106a1f1019e44736cfba8feac581f4e3942b319cd59b	20132	project-assessment-v3/results.csv
84a34376be5c2f4e9d6a5df711bdb0d3274454bc4dd9fb74db4b0898e746f2ca	10214	project-assessment-v3/selection.json
b157731fbc72532c07913d29c4dba8ebaf7a8078cb8814afc324cc4f7badbfd2	265	project-assessment-v3/summary.json
a9f2dda5c34549db440dcfb6570bdfc988a7257816c534748e515489e56f6ccf	6159	raw/abstract-enrichment/crossref/P003c9881f328.json
8c528358e5e75c813fc0d7d996aae67e6b67b534409e68d3f7a98523df4e6311	4223	raw/abstract-enrichment/crossref/P015dc297aef2.json
c8bf2dc400873543bafdc22f0357641afaca07dabb3c0cab1ee9188584f5ce8f	4913	raw/abstract-enrichment/crossref/P016187bf48a0.json
6384724f162ce32c37e38de3a1ce8345a2e51d8dd4ab3cb9aa63d4e45f827cde	5470	raw/abstract-enrichment/crossref/P02feaff644fb.json
75a3491d6d68e05f4c12ab5b5b68fff2dbdb36e2a7449b3655e0a6eeb15aa2f7	8769	raw/abstract-enrichment/crossref/P034e2973a244.json
72e8531634971997a40741650e855ece0cf3c710055fe74c846883066651a284	4914	raw/abstract-enrichment/crossref/P03c99c541c3d.json
a43d614f70c17d17b23a3a835c61e601c0cf2686dc3bbe0a4502534847ac0394	4136	raw/abstract-enrichment/crossref/P0523f6e11e24.json
27a2dbcdde854bee78f69c40826b23db69227f7c6bcd275626f51e845c6557d1	9648	raw/abstract-enrichment/crossref/P05b474ff83ec.json
061e062d6222a733c8936278b5307c115c313b9b89caf5c40347267f4fc6aeef	4855	raw/abstract-enrichment/crossref/P067e025e3e4a.json
770a139031afd4bc0d62564dddb9f2cbdadb2ebb9bfaebc250c30245e87f6545	4563	raw/abstract-enrichment/crossref/P08bb1553a888.json
48f498c2f60f71688e3f88dd3edfd98a4ce145dd9b3491a1aadf4f6799227f14	2998	raw/abstract-enrichment/crossref/P08d79784bb03.json
8e1068176a0ea800b02aa7b873cc97432afb3481d8ebe5864507843a968dc232	20683	raw/abstract-enrichment/crossref/P096e79e607dd.json
3604d507ba5a060c72277959a86be7f9d503a6b961d2e51d6714d23de393e6de	5357	raw/abstract-enrichment/crossref/P097356832bfc.json
4b33c1a823133a5dc4780c61e5bd34f1465f6f599f74c3f3c567fef1226ef365	9659	raw/abstract-enrichment/crossref/P09c23731ef10.json
76777904b76b983d2df232da05b4461b7cbfd3155294caa97d0c1d247f9ab237	3404	raw/abstract-enrichment/crossref/P0b5c54ca6340.json
19dfbee0f755ee7b3875afbf06ad710a10198cec59ec6315fac7f8ac23aa018a	7895	raw/abstract-enrichment/crossref/P0c2538aeea25.json
f77d84c59d51459fa31ad48c5c66ba6d25bcc45cd1109906fd555e5ccf519565	4399	raw/abstract-enrichment/crossref/P0c3a87c5ec10.json
856b72a963d3c6062caa0cb8ab94edcea6795101a0d41b30806c76f6987e37f6	13713	raw/abstract-enrichment/crossref/P0c5681db577b.json
f50d2980aa0511b3804172e9725f89e841f1a7fc076c5cd06103a8fa518870fd	5009	raw/abstract-enrichment/crossref/P0db01a897012.json
2d9993f5a4247fd0280ec65dd555d7cc55e144c7fd543e7015758a3272f9db73	10981	raw/abstract-enrichment/crossref/P0e08ad944962.json
59477743ad1a8cbdc99609dbe681595a84bc8511d5fb75a21c4ba21e6e6b01bb	11425	raw/abstract-enrichment/crossref/P0e616b402152.json
5ef35e0291dbf58bb2d86b77b642401516e7200ff8779ae6cae0e3a6e5644242	4583	raw/abstract-enrichment/crossref/P0f4aeeb8f586.json
34aab0982044c33f3257b94a6bdec451c45142b53fe8ccbfc3fa7561f49167ab	4257	raw/abstract-enrichment/crossref/P0fd7db75f7ba.json
2959c002a945275e24a20806a6282ad8c98fd2b11d4f28d8926fa082317e3f21	4383	raw/abstract-enrichment/crossref/P1136a243fc37.json
222fd018a5297431d2cd2fca0b1b6a057641b089983ffaf8077934b9f2ba34ec	4622	raw/abstract-enrichment/crossref/P1156e03ae456.json
a5bdce6452641a21b90b4fe20ec7d806245124072ab6155fdd7ae0f5caa6078c	7796	raw/abstract-enrichment/crossref/P1157ea5e766d.json
f8ec87e42ddf7a6e41c8d685e266db5618961ba60988c8a8a3e960356b4fde8f	6276	raw/abstract-enrichment/crossref/P11ca9f832962.json
6e94399bf728f8cc44a920a260c4fd7fecc6222c0af3f1c85ebc72f768b7857c	5907	raw/abstract-enrichment/crossref/P120c7e3dd930.json
db8544f6437267a85ae7ad0cc7879f80e840d6ec9b95b004a48da1de7dc823f8	3110	raw/abstract-enrichment/crossref/P13c210bf304d.json
01ef9733a712d2b0707abec23cfc1178f007eb2ef6dad969a1df3a405a7c42ac	10042	raw/abstract-enrichment/crossref/P15b4bfd877c2.json
b637234ed25f3bc6773d36a7f4e1ca6e0e8dc7eeb481a98cda1aca1af1dac78f	4659	raw/abstract-enrichment/crossref/P16cdc749c441.json
c4af18b707091226cf7fdbb24631e2d9f2360a5a36050d710caecc335c04b1fd	3897	raw/abstract-enrichment/crossref/P197b91cd88a6.json
82f1c4b86581ae10fe832b011bb867575420bef922740580d232f5696c85a9d8	7513	raw/abstract-enrichment/crossref/P1994b407f698.json
6f669d1cae131b463bf3d3a7f05c7260f480ee2407142854d34facb3bd65b64f	4637	raw/abstract-enrichment/crossref/P1a06de880cf3.json
e0b68849cefd590ca65751123882ee4377319298662e6cd4916180646c675513	5594	raw/abstract-enrichment/crossref/P1b6d073ac485.json
c7e829dc8e01da6d9d013d0eaad87d581f9f03f09dcdc1335383e39815a0c37b	7463	raw/abstract-enrichment/crossref/P1bb3e57695e3.json
014bb38c8ee52f47ed8b7f3b6e9f2dce870f99a28fa0ebbc0325622cc6f3fd6e	13150	raw/abstract-enrichment/crossref/P1d5546d66c8d.json
6ca5c98d6027de9182fdfc6d96e485baba6453012055e8f80f0130193994931c	6677	raw/abstract-enrichment/crossref/P1ef58ea1ced2.json
e88ddd013f5ac9388898ca1109ba1f8810010084f3541e9b0d453e5812f2cdfe	12106	raw/abstract-enrichment/crossref/P1f880b0388b6.json
7fadbd5ad50b6360ff0ca3b7727c69b53f31fcb9809a4dcfe48560d1fea82284	6232	raw/abstract-enrichment/crossref/P20c50e33cbc9.json
1bd45d5f6cc15170e1e7c580dedf92e7c066e34aa21375cd6c147f5536e73b74	5959	raw/abstract-enrichment/crossref/P21325491c76c.json
17aa643e6f57d61459372490080735203677f39216edbca38117deca4f354027	2748	raw/abstract-enrichment/crossref/P2165ba0a2700.json
b54c83ea7ee76e1190afe6187538abf70f2437fa1a4dae88bc06df9d1be2491b	6831	raw/abstract-enrichment/crossref/P21802ac5b277.json
1bedf9b83c879e07dbf9fcbc811b493d7f01e9bef5617022c6e6308bfe68bbe2	7291	raw/abstract-enrichment/crossref/P233c1b03d89b.json
607a02f89f74b9a9b3aa24546195b47053bd9d9ec95b80f667143b1cd114cd02	2662	raw/abstract-enrichment/crossref/P253bfb1a494f.json
8d91f2d6b6dc1af5d3613dc26b37cc9c2ac6238d146ed302a7701f108a4249c9	6875	raw/abstract-enrichment/crossref/P25d4901409f2.json
9a605798757868ba6a864055ae9f6af7c7fed29c72c88a85e4e6e248ff01a7dd	7606	raw/abstract-enrichment/crossref/P26228e1c88cd.json
930a9c554f717b4717a69edff93bfba20711b96bbf07e135cbb9a09d5730ab2c	2794	raw/abstract-enrichment/crossref/P26410cf35508.json
a1fe42831927390c6aeaecece242434ff31736caf3f01653173a1ffd7e6543ee	11196	raw/abstract-enrichment/crossref/P2649e903d74d.json
76c56ebe522c7dfe1ddfa1ab1bac983339cd65b5922befe389e5752e564d9b92	9961	raw/abstract-enrichment/crossref/P281e5e88a021.json
10ae3bdff9bd2e781d73a94b477d73ab32b0f4c730ab25b74ef49aa435ab1bf0	5974	raw/abstract-enrichment/crossref/P2944ac2f0b66.json
4e18851b0e2b757b90bb1030c0984ba5caa6eb1301c47ec6570ecc2c1473825f	5432	raw/abstract-enrichment/crossref/P29c2e41ebc60.json
b17b4db819dbe1f91256b5f7f6c5144b574fd595af1985ac4666e1a1a0e0f809	5465	raw/abstract-enrichment/crossref/P2a5344aaf909.json
0dd95a46678ce1a663e255af283c9eb807d0243e2fdd9cb7b9e486680039b703	2736	raw/abstract-enrichment/crossref/P2c53b8af612a.json
08906ffa669d81f6dc44da25946ac8a38abae948efa46c9fd9648af15c9b95d4	6011	raw/abstract-enrichment/crossref/P2ce34513d611.json
88bbfa87e9b6305b5149c5a7c2e9de8c82a281e6a65810e75015e96a9c0b192e	5226	raw/abstract-enrichment/crossref/P2d496c8e7bd1.json
46dd5249ad0f59ffcf837d1145541376433f9a3c457c1c75d9dd63d092fccc2f	4829	raw/abstract-enrichment/crossref/P2de30ff1b6a2.json
74b8e9454b35b132af8a75a82fba731a3be5d066497c2aef8493ac31a497f7fc	4393	raw/abstract-enrichment/crossref/P2e0cf3c56c07.json
39f98cf0c3ecf8f841b250a8b22a35cade4c1f92d44a4274a0f8b3418502bd2e	9742	raw/abstract-enrichment/crossref/P2e1fb167f5de.json
a0c6067d70951ef0a789fed4ac6440740ad0932efb992c454285129aaf1976f5	2602	raw/abstract-enrichment/crossref/P2e8e5dce6075.json
623846163d368537f6fb13abc9170d1f0edfde1c5a010bef7b73db3ccebfdd6e	4659	raw/abstract-enrichment/crossref/P2ec34b258d4f.json
ac5545a79646c862f87b7dd29473a2ed4ce8453a84747e16a8e2d52c0391e941	4937	raw/abstract-enrichment/crossref/P2f100c0d5c3b.json
977a28c8afb0a319d0824af2920350ab526c3110664fe1b502e737e4b7d52ef9	6365	raw/abstract-enrichment/crossref/P3026e0c929c8.json
1aac9bf0a798a3efd566e91a967c66ffd87bd18fb4899b85e9d4bf8f824d520d	4975	raw/abstract-enrichment/crossref/P3069d3481c34.json
db2b6070482bfd9c0323a06745fa81d6bc17ebc4282298b63ee237698b671033	10993	raw/abstract-enrichment/crossref/P3315d77a0fef.json
f19b226fc4ba48a6189386dacd9de8052b259afa8711ecbf70f250797623210b	5374	raw/abstract-enrichment/crossref/P333bc0a00b2e.json
8ba0378e4fd43bebe451767c483da292c7802142fe32d444703cfd8ab1610506	8724	raw/abstract-enrichment/crossref/P339ffa8ed5e1.json
9e08cd59befb8816632944a8abd41db9a3ac278144fe3e86ab8436cb9e98e4a6	6715	raw/abstract-enrichment/crossref/P33a140967526.json
b5a384a870dd55cbeaf3a55c9d6d2bf19dbfe2f6109e3fd9feb56e26492f0346	5949	raw/abstract-enrichment/crossref/P340093753a8e.json
2eb95745b7a9f72b62b1e13386e44a490bf948c6ac0cb55dd7a0faad333f6bbe	3546	raw/abstract-enrichment/crossref/P34fc146d934c.json
07e2f8f82212cf04186ddc208946640086e911e52bf24a7e446be4c37b540076	4874	raw/abstract-enrichment/crossref/P3588053759b1.json
2493c990d37d9ebfaf3f999f7253156f5a41a6153f9e7347c559a8cc8a687873	5688	raw/abstract-enrichment/crossref/P3726f1103bcc.json
da93244978588120ef5b0c9f664bbd5013f7ee5f78e1520127e0cc772449c36c	2782	raw/abstract-enrichment/crossref/P37552d9da077.json
e95bb1ab6d1e47d62d53ba184d43ed9aa4d03796cf07c02ded8baec26c7de6eb	7679	raw/abstract-enrichment/crossref/P377354a1c01b.json
8d3be46313a49bf6db01de6380dd81d288566ce177a3434484527dc506cbea9b	6870	raw/abstract-enrichment/crossref/P377e8f449ac3.json
3643e3b948b7dda02ef090bfc65e119608482f9d3ff81fffd14fe84547574d8c	2583	raw/abstract-enrichment/crossref/P38ad8b37fac5.json
ac44311399257cd805d082777d746f713c6352efd062716c4a70211e3662cb99	4206	raw/abstract-enrichment/crossref/P394e4c4a0d26.json
c38d5236f26016fa90998db09c47327617b03c18e21953f496dc24a1c4c59308	7213	raw/abstract-enrichment/crossref/P39aa6b8e8212.json
b35dddd2dabea4b3fcb613483b0ac47297eb1727ff3e3e8b7987e6dce0d41156	1950	raw/abstract-enrichment/crossref/P39e64cf6da9e.json
40e9d34e18a84971d3e21d254cbdee8b5ddf5cfbe7d692af871e8b3e12495343	3174	raw/abstract-enrichment/crossref/P3a5013b3403d.json
8edbd4723554101b45d2ea126a1a216e574fbf77ae18bb469b7f5da33abd41cf	5140	raw/abstract-enrichment/crossref/P3aa152b536d3.json
615da5fdaf7295dd8dfd5d115de7de43177db72e786e8e113665ea0a425bc66e	7887	raw/abstract-enrichment/crossref/P3aac8f033830.json
aed5c9d2e70f89e1294492c648c2db5a3f3fdb5ad6f3f6b671e1a0c3caabb3f9	5198	raw/abstract-enrichment/crossref/P3abc3169531e.json
c61e6d822aa07b7cf0866e6b8430081009f8379740cd74322cff2e41387e2fdc	7201	raw/abstract-enrichment/crossref/P3c5021c18f4f.json
25abd693648bedf9ed884a26f5ff0f7364de7b2b66a45e5568c171074e858b80	3028	raw/abstract-enrichment/crossref/P3c961e73f7be.json
deb847a7ed9523b5f22cfaeecd247eb0c4323eec3e2c002aef931ece4ec488bd	4644	raw/abstract-enrichment/crossref/P3cf34218cf6c.json
d566bbb8eb7e856563d633e76bc96cc3c6632abe98067261f7c624fc406e4246	5455	raw/abstract-enrichment/crossref/P3d2445638185.json
0e5a77eb32cb151efe8253ff50d2e407f386756376617ed0643018907287c957	8683	raw/abstract-enrichment/crossref/P3d7a0ab2bf83.json
3c3e756a35faa4ac32720467f0063d7b3beb5cf65b18547b294884252ee8ee07	5924	raw/abstract-enrichment/crossref/P3db16b29dd7c.json
f7e52242b62768cdad4db42b9800adb03724491a8046b4ea55c09539cea67f5f	3899	raw/abstract-enrichment/crossref/P3ea0e210e22b.json
70172ec1f63c302dc3ccee5a9c8ebaa6d7c07094efb17d7f5890afc8a7ad91cd	7603	raw/abstract-enrichment/crossref/P3f169ec78fef.json
2b5911910d324267948e6141616ef21f25cccc1a64d24b3e91935d4505d185fe	2626	raw/abstract-enrichment/crossref/P3f2abba286c8.json
ddb7077412b72a347eed84115234236695477a394973f4c17df66b15ff9d0bad	3754	raw/abstract-enrichment/crossref/P405bc3c8e09e.json
80c24003b38773fc7120b52016b0cf89f990d459506f6c8776f3e2b7d3ac1a5e	11736	raw/abstract-enrichment/crossref/P40726da8958c.json
b22392c06530abd2672784ec851606f560eacda4400e131f4f01faff0c2a4c9b	4906	raw/abstract-enrichment/crossref/P40a3f05dd4e4.json
849be85f716252f5d75b14365ad505f1fa3ece1bbeeb1fe40e54f977d2f5ec39	5366	raw/abstract-enrichment/crossref/P40b215d20d9e.json
16467207d59fe6db2bd9e73bdc7aea3ff63a705d9043dc83852b1c3eca63018d	3085	raw/abstract-enrichment/crossref/P424d2f496303.json
38355172a3062219473c504a4ce235fba5abeea3ae86bd8b33a10c4e3f5fb681	6671	raw/abstract-enrichment/crossref/P43018d39229e.json
abecc357ad1733825633eb1be74993333b7ec021119dee75b1b82538fdd063da	5600	raw/abstract-enrichment/crossref/P432a79489c56.json
f1d8f2345a146f3f125aa67a947b71bef10502db90ff2f63a11b6acb42c702e6	7568	raw/abstract-enrichment/crossref/P43db3782c193.json
4f3300780452325171293a697a1b3a62f3ab4d8ba297439ec65e06a3d9fb3a25	3736	raw/abstract-enrichment/crossref/P45d871d28536.json
25d41b13c3757e4cfa3674510b4730669409210f187e4973fcaa847c95e1f1de	6377	raw/abstract-enrichment/crossref/P466234d7e0fd.json
742b30cf449f5a37ea7854e15e4dd8503e3e09a7ad944eb66f270441a7fa6b29	6160	raw/abstract-enrichment/crossref/P468a19134e1c.json
a4e5bd71b3be552fd9cf196be6e2eb82995bdb82f95643731bd1fcff7ce6cea7	5105	raw/abstract-enrichment/crossref/P46d2a1f61779.json
0af355acf071379ef3f4c86d919600da6bb6977d9c055b949c5c383a3fd0a0be	14786	raw/abstract-enrichment/crossref/P474f02af1aa4.json
34ddfa5970dafca5928b5c8e4f7856468420100d29a33c769ba14c7745bb674a	8309	raw/abstract-enrichment/crossref/P47ba951060e3.json
5016e80bb76e19d32c15be614897b62c038d23efba6671084e191c1bfde386f8	6557	raw/abstract-enrichment/crossref/P4bd3235fe9b3.json
a140c363441436e5166e4be18b543ed4bb334cef35096f99147a8f25e1e4a1c1	15012	raw/abstract-enrichment/crossref/P4c1287d63267.json
20d6bd9cb1df8b863541d0627e0ca438ec7b62f1f7c34ceabaec23da70535514	6822	raw/abstract-enrichment/crossref/P4d1ab2904979.json
566902a1df3e647d3eb819c1c0eb600aacbb75fee70e5e987fc8c0c82f7b6964	5462	raw/abstract-enrichment/crossref/P4d5ec13bd91a.json
a7491b752aac7cae1fd2bbc4886034bf249e7969531f7040613475ccbaea83d3	5199	raw/abstract-enrichment/crossref/P4e58b5bcdd0a.json
230602dd4d47e13af1d80abecb4506049a215e9209313cdc28d17a095c970ad5	2736	raw/abstract-enrichment/crossref/P4f7d28023aed.json
5a0024c4b5e1b242512c2bc2f9b715e2bfdb8a0f055696fe79318c4362b50f20	3282	raw/abstract-enrichment/crossref/P506f0b825adf.json
5d80b5aad2557b6b2a1edc5749cb17a70bebbc39158ea1de889314a0060ce754	3562	raw/abstract-enrichment/crossref/P508f22c535ea.json
cce3bcc6a7d13f70aa0e2e5a70d7e16c70b013cdf500b9fce3a60de0506f986a	4678	raw/abstract-enrichment/crossref/P511128669765.json
a11ceaad171ad7d5bb3d740bd2a4bd532b5d3787e2acefc619a6cf037555d35a	4912	raw/abstract-enrichment/crossref/P5167b54f3a35.json
687111f983fedf9b8051cb9d0584a573c8ee5be79b6f1cbe591ec3eb74ce902a	9980	raw/abstract-enrichment/crossref/P541f61244ab8.json
2b45fc8011292814f3d3322a4ad2d9db68764ceb9c40d7d1c7f4387152064938	4189	raw/abstract-enrichment/crossref/P54658270fb55.json
0ef372c19ec21b40fe215a824f642cc7956de7ee9747ab783d07f3a18b4e293e	4108	raw/abstract-enrichment/crossref/P54cd8a591097.json
a3fe5358cebf9dcfa27480a720fcd32e346c950901952b526a238677d17101ee	4292	raw/abstract-enrichment/crossref/P54d3efe17b80.json
50d5ecee65fc5807a42a4e22d64f1f1138468a1d1eca3f2b6236edfdd4236b8d	5688	raw/abstract-enrichment/crossref/P552be46e8dd1.json
db5fdb8084ee30d785443181aa5487c3f9a3ae18ed9f683e90cac4d170d8070b	11559	raw/abstract-enrichment/crossref/P567b0f3641c7.json
a8774d561c973fbc8c971e4eb40915666628e8c7a07e867a8b4d567b53d9ee56	4757	raw/abstract-enrichment/crossref/P56ef937c0f72.json
75ecc4335cdcb8bced50d17aa0d25e97bf5fa90178dc333b35c6c089d34588ed	5241	raw/abstract-enrichment/crossref/P58631f978ffa.json
f7f2e2395b17de8ec9d041b5f94708fdd1e1123698bbcc4b4c92d4bd79f363af	4154	raw/abstract-enrichment/crossref/P5951f3830982.json
89bce6d39c8592001cf3cbecfd7002e8094079a0f3f4dfa64940e6fab13c852f	5923	raw/abstract-enrichment/crossref/P59cb3366e0fb.json
979afa01203f92b3468b2f3560da9027ad75788a9eaeab40ea8b8b62a03f9a11	7704	raw/abstract-enrichment/crossref/P59e714e1fce2.json
9f143e26f38e22dabec84108ebd27e20678e3e390f975c80fde6663f171e7ee6	2419	raw/abstract-enrichment/crossref/P5ac8dfba3af7.json
cce1810702d1c1b0773fb0cad3a5b9a3d36057122fb572a29f101aee5dba2411	7758	raw/abstract-enrichment/crossref/P5add12702a59.json
f3c9bca81b44079585692bf9adb0df11e353800d8f53d4901aea0961e3af06a6	4433	raw/abstract-enrichment/crossref/P5ae9cc22993e.json
f58743a3131df03f370e3ff7f8634c188c7b639face4a9a69a702766457d198e	8360	raw/abstract-enrichment/crossref/P5bec9d1e24fe.json
cac0061db71874a036626593e3466dde6f1645e919c125b4b1f0825c80886559	3174	raw/abstract-enrichment/crossref/P5c1570d82955.json
51012938ac48573c73b1de8aedc62b566b457c0dcace1b7470eb1bda3d31ae05	2899	raw/abstract-enrichment/crossref/P5e320478e320.json
c14a562a5622d1228cb28c67392ffdcfe36dc81f57bcec55e59640baccd93640	6332	raw/abstract-enrichment/crossref/P5e66d8a7bd8d.json
a2b657ff7bf490e5e28f598c27482c96710c5035e56b30300838b165c548e8b7	6716	raw/abstract-enrichment/crossref/P5f50726cf4a8.json
27a6f48dc25eb968249c366da3f4cbd3d01eaa03ef6e6c3f59fa62e549f696ef	6394	raw/abstract-enrichment/crossref/P5f8189835c53.json
9eb805116d497602721dce929fbedfd0ddb98cc3ed5a797febe746d06924a605	257	raw/abstract-enrichment/crossref/P5feb725db190.json
85dabce2470ccfeb6e7824eece82c753f41f41b5db2103f4e0c7980ae9d70f4e	4763	raw/abstract-enrichment/crossref/P61103450f9aa.json
29e0ddf7596a0a4d837652538db88341b4a479c08b1476b5a56cfa5bd5dcac72	5170	raw/abstract-enrichment/crossref/P611223c17b37.json
e6acc6bc67dfdba9a6d70761582d99410fde72972ba9b7f85fe1697d59cfcf44	8495	raw/abstract-enrichment/crossref/P61ea3fc10ad9.json
13da52c5aaf2c6892ff11c8da3c71fa9da3e1004dd367f64f843fb86fbdbeb92	4630	raw/abstract-enrichment/crossref/P64183916db64.json
97f6bcf5838b854fcc246a6cabf66083b3dc470d909f1a81add5f1bef325675e	2848	raw/abstract-enrichment/crossref/P64e16aef1f61.json
ca6c8b0807830043df6e45b9fee88d6bceb11d9c6be33670284b366f90277c0f	5870	raw/abstract-enrichment/crossref/P66326aee452e.json
19ddcaaed374182b8c2d733afd0c101cc07c1c52d0a010f3413a7f0e64160dcc	4357	raw/abstract-enrichment/crossref/P667e5f22acd2.json
d51b8631536aa78a3f6f941752bd8e56be00985bb005e0e4359e619781562a86	6809	raw/abstract-enrichment/crossref/P66958245e6ca.json
172ebf0beeac8fa26481c8962c9d69e90b5a7c91cc0c22404ff4c3deb6849ece	4447	raw/abstract-enrichment/crossref/P6730e634f7d3.json
9d97618aaa7f4eedb6a108c9977d36679869c992a047adf4cb3ae3bde965bea4	9692	raw/abstract-enrichment/crossref/P67872d9534f2.json
f9fc56088d2bfa51f6a996706d41be492ad72c933c2176488a7d340f849c0555	4910	raw/abstract-enrichment/crossref/P67c0b3001b9e.json
7ebc82958690971c8fe83a7297d66e6f134a4f139c4a47ce3ed83f049c90ca78	8087	raw/abstract-enrichment/crossref/P68a1eb144197.json
02fc2c5b7cfda02774a1dd132523a1c489fc78bb260856ca315a3df15a8faacb	8065	raw/abstract-enrichment/crossref/P68df5445d0ea.json
200362c8d2ba1ab28cfd9c256743e0b33159503b8626c5030a8f3377d53a4227	5484	raw/abstract-enrichment/crossref/P6b31af1c7811.json
4e90d16a10ea0154ece7789fd96bcbc81b1591749f8a4938a799c177fae664a0	118123	raw/abstract-enrichment/crossref/P6bacb9cbb814.json
016fe28e9b240a700fa927a4bcb47cb477a71afaa0644371d4144a199ec53c9a	4078	raw/abstract-enrichment/crossref/P7042155f97e4.json
348d55d0c356c70b67f4ba40e4eed9b134f6a3a583bc7ab7cdfeab22e434b09e	4982	raw/abstract-enrichment/crossref/P70e184a91cb6.json
7a33af930635e1bbba430a1905955bc86a23339c6642899588be2b32041c0b3a	4468	raw/abstract-enrichment/crossref/P740c537be184.json
84b5e2e73f9c9fc560a372c059edf051a186f4394dd762b20abaa905ba939086	7530	raw/abstract-enrichment/crossref/P75336e8d84b3.json
27a669b7c988b7ca2393c308b1fec6f498997b28b40a28e52064376c84fb508f	7002	raw/abstract-enrichment/crossref/P756f01b2ff6d.json
956b264ab03ba0c7921a513b86f1df536df6439233ee786af7b8a703f707deb6	6627	raw/abstract-enrichment/crossref/P7614c6335daa.json
d96b8fed0e9b5e6f5faa00ca86a50a312f2020e44983e086f3e3f93e5b5d9d80	3740	raw/abstract-enrichment/crossref/P7620e663660a.json
71206c9dedad7fd0a53af236406ba76f6bdebe18004292631b43452d1efe2194	2635	raw/abstract-enrichment/crossref/P78fd37282fe3.json
20c54d4ba977cfc1c98d755dbc9d88e7ea2a34b281621228ede01b867801e380	11489	raw/abstract-enrichment/crossref/P7a8c668aeea3.json
f6af72a16f771fe681c950c22e9728a7729459c6b5cb891f5d41013cca2c230b	4773	raw/abstract-enrichment/crossref/P7aaea6fa64a9.json
87a01eb9fe5dd7d8df2f5a588d8a1a20ab0172c9092662692d18042d16658da2	8954	raw/abstract-enrichment/crossref/P7c5fe363ca77.json
13297204f2a47983815974e24c94529febd1c2b1010d2038a10dc81b7c9532ce	3956	raw/abstract-enrichment/crossref/P7ca685a46c8c.json
913da4b982d6f0339e4eac1f311ec2b049245e753196cc6d9f7c55459924d4d1	5871	raw/abstract-enrichment/crossref/P7d53fa73a976.json
6706573e91a64c11c6ee21ca8f8b33abbdc9f93315bddf4e80f2ba5673e07f3a	6650	raw/abstract-enrichment/crossref/P7d688abd6bcf.json
cb44019801ec15497236c67d412e2da91a131aa1358f9f4fa7dc04caae4568c5	7168	raw/abstract-enrichment/crossref/P7ef2b5fb072a.json
2eab57a8b938dc276d6b6ae640d70b3ed8413b12255dff0b00fc1aa1f09d7227	4339	raw/abstract-enrichment/crossref/P80cf08c29a42.json
a3a1fb034b23e1bc7af3ba7709b03a33dbcf25e2d2ec4bf93c078ef8db50c6bf	4600	raw/abstract-enrichment/crossref/P8147f3ea300e.json
a8bdc0a1c2dc15caa9b95dd430bda19c6274d7a060a4018111e0b52bb36e2db6	7234	raw/abstract-enrichment/crossref/P8176e709139c.json
6f4a5f86289325ddc28e7511d72bec96d727a13e62418b9b752345f85cb7be2a	8519	raw/abstract-enrichment/crossref/P81e008bc1d31.json
0b1228a36f447af2c1af4b4b1f1bf56f5ea18dcbf8c513f9d0572eb51c617b49	2701	raw/abstract-enrichment/crossref/P824695b00288.json
8b0bcd6c867f65dd153752a8e9409ddb5ba767ce13171bec80a4f8ba3ac34586	4950	raw/abstract-enrichment/crossref/P82fbf70a5b6b.json
0eb6e73db1495d561ae526fb81d2d0ac8426456c17959190fde4bdd3ff321e4f	23579	raw/abstract-enrichment/crossref/P830297ce7d27.json
fd1f0b5413683d6eaffca6b043d741a0ddddc9d6e69bcbc4736d552c8ee7ca69	3654	raw/abstract-enrichment/crossref/P83fa33a88390.json
bff56580cd223c78957bc64a52ec05ed9741256c83ac0341a4c094286e8e7d38	4877	raw/abstract-enrichment/crossref/P84084bb61241.json
2f6bee70edba88cbcb565ea38628433eb589c35ce2da8ee9e5b23601787540e3	6219	raw/abstract-enrichment/crossref/P84a38d6933e8.json
ebf857e83d588d007b7a3a8e4dee786ac84c46b51060f86805242f1e181e6ee4	4429	raw/abstract-enrichment/crossref/P84f1e4d003df.json
f0297102c14d3874b418e1f78e5637cc4321c950b722077109ea49961a39e9ae	3440	raw/abstract-enrichment/crossref/P85c3ce37ef3b.json
5f63fd0f640bcdb4175500a2a199ffb2d4f44452710c03da776d2630e3267cff	2746	raw/abstract-enrichment/crossref/P89cbe984ed1e.json
d251dbdd4352b148fe90e1a0cbf8278e7e2306780b18c05b8566697a8cb84bdb	7323	raw/abstract-enrichment/crossref/P89ce798c4c31.json
1fea6d4aff00b09710d961e95d9027443b7a4a5655faf34705632cdfd34b7480	7573	raw/abstract-enrichment/crossref/P8a57898149c2.json
bc382820a27bd3de4aa6d31c741a7f50da392a8c713b2e08e7dc0e572c31a0f9	4396	raw/abstract-enrichment/crossref/P8c8726f00777.json
aaa75d3702f06ebcc5fe4eac9415be61669347420a1b98b0a1acf14dd67bbfc5	5962	raw/abstract-enrichment/crossref/P8cadce817fc2.json
4222ff9b514227a3fc97e1e78bd3724cea2d577775dc2d25f29c7f283b3f44f2	12647	raw/abstract-enrichment/crossref/P8cc66c3409dd.json
169072445030ee73c410ba70757e499e3f8d2bbf18789fdf9e80a18834ba3dbb	8108	raw/abstract-enrichment/crossref/P8dc71c3580b0.json
8c12c62c118fc337c2e2b301864439599d88ab442f165acf552e9ffbc418b92d	5757	raw/abstract-enrichment/crossref/P8ece1bb2377a.json
d54e2c4d46d26b9ae9c683338b77da6dd805636fde454409fd42dd65ea754407	3444	raw/abstract-enrichment/crossref/P90681f253887.json
e24849630889c929896f29485abb5b29a3468ced8d9e1b1d8187fe07ed417c61	7999	raw/abstract-enrichment/crossref/P9103dc185eb6.json
dd7fd3b2ba191d7a84003276a237a278f2b5cff8ff63c84a139c9716f26e8848	6652	raw/abstract-enrichment/crossref/P9162d3a2b1ec.json
9cd44a9c35be4c7467be309d91d1b4603c38d7ac8428ba1d9cb2805411ea15ea	9091	raw/abstract-enrichment/crossref/P9193988f45da.json
825f2195b1b4649b8a642b4047c656272564551764a959f27c254c682747adef	3961	raw/abstract-enrichment/crossref/P91a28db1fe30.json
157b7ef8332cca014b4f1ee33dda99bd85af9c62c3c4f53206c49abd8d3c63ff	4684	raw/abstract-enrichment/crossref/P9374a020ad6d.json
21c5cd7a6482ab3222a4bb23a85e2327b6f1411d16e7ac1b7581db44bb934f7a	9658	raw/abstract-enrichment/crossref/P94f2020a2478.json
0f77c1954815b6e192e29419e270873a9919922a1cdbd2325ac7a8c75df75fcd	2750	raw/abstract-enrichment/crossref/P9a574eb2998c.json
38948fc749e74254b0d3b7670fd7d0f2ba636cc3435dbe6b1c31cd933feeb122	3442	raw/abstract-enrichment/crossref/P9ab48de8b58f.json
3c402a239d2f5253b050648257bb43cfddf0b8d87320fa20af1388526fbfbafb	2853	raw/abstract-enrichment/crossref/P9ae64045396d.json
e69ce3a215e71445fb7a4b285528d2f580cc1fd763cc7d58670d74f53b5f0bd8	4114	raw/abstract-enrichment/crossref/P9c649dabf7f6.json
e5eb88a125f4d54f246bad2993f62f477c4aa7f6ebf9dec758ee939568b8aa8b	2510	raw/abstract-enrichment/crossref/P9c9a882ecc6e.json
66bad85dd781ce84f7241fde2cd6096492fe95834086c6cae1ac3f8bc184cb01	9650	raw/abstract-enrichment/crossref/P9d29baaf604b.json
569c0ff5b944636fd321600184c83374f6a27de96da0cb98871761583945f2b8	2484	raw/abstract-enrichment/crossref/P9d54ec69be9f.json
688724738c39fd06f80d1861d26c2e17e18deba7d18fa5ecd7992078919f3eb4	5624	raw/abstract-enrichment/crossref/P9d64890cdd4d.json
d4f80e0f4d9c1c3e20492871823d7a3f4687bf6d9d3c1249c922c9a7f7323b1f	5126	raw/abstract-enrichment/crossref/P9f8d79564cae.json
cfbe32a452564f0995e067c7589d074c3876e0dc94bb31a70cfe906ece3aba5d	6476	raw/abstract-enrichment/crossref/P9f954a709c1a.json
3a2d9cf907e025569cf7ee134d51c3ce3cb948fa69262a047199a30e7eb39692	5676	raw/abstract-enrichment/crossref/Pa0e177deeaee.json
337b9cb6f2b97d2f83e901b811ebd6929f3d5fd63d106f91df74b91f3f5f2697	5119	raw/abstract-enrichment/crossref/Pa3e51be25ac9.json
9f6c0025b124b19165948962405c16e65ceb8875012f2285ae95b91b04bd255b	5007	raw/abstract-enrichment/crossref/Pa4723e85d8aa.json
9c833f11c7801855e1d317dc0edf689ae2c53fa33049cb6147eb6257fa8d3366	5867	raw/abstract-enrichment/crossref/Pa5573d973489.json
a90888c7db17e7d873105c4d87f62da91fd44106c820257e579bf53147119313	5275	raw/abstract-enrichment/crossref/Pa61112c965ae.json
5b4c29342dbabd64117d34cc11b15afca1816dfc3556206fd5a64bf671cca5fc	2856	raw/abstract-enrichment/crossref/Pa6e1d2ae0b0b.json
7efa7f5d9e2f9bdf0d728cb514bba266ab742c3c2aa8f803e8a1d2da5b8b7524	5152	raw/abstract-enrichment/crossref/Pa7c4c90fa97e.json
46179859b3e519f55fab899f31d3abb01f352bd3ae0205f618a2b2fd1d76ac1b	5143	raw/abstract-enrichment/crossref/Pa858d1506a85.json
57809af6f14db55112764a95b5d2b0d18b7dd3311e3b5a1eb6040bc88df2ea3d	5144	raw/abstract-enrichment/crossref/Pa9dc1bf87268.json
89f5638db4d50cff16c2478e7ef18d7945353b794e2ffe36a0b0771a6d516463	3691	raw/abstract-enrichment/crossref/Pac0903202da7.json
24d31d3b0420f7a7e18f6447b6f1011af067c41401d0abb2b80793f6fe287223	16787	raw/abstract-enrichment/crossref/Pacc1dfbe2c94.json
bf1ec211de124e44374982b349765905eb3c45f8610dd9d1a481bc99c5367d90	6217	raw/abstract-enrichment/crossref/Pacc6f14c8a28.json
549ff7859ee4a190c119b84eea97046bc281becde12f7114bc4f042ed25c2cec	21834	raw/abstract-enrichment/crossref/Pad6f9a7ca8c4.json
24f1a76309eded4b31296ba427b5dac10fd114e49d6850b497c059c8a21335d3	4838	raw/abstract-enrichment/crossref/Padaee0ce7919.json
c97163c1e0ce0a2cd7c992eba9b082dac63e25b1fe395e967345db32d83ef25f	9712	raw/abstract-enrichment/crossref/Pae638f4102d4.json
05d76921d5633b87c156fe94ab612377e49e2079eea1f54579935c38c2340e5f	175986	raw/abstract-enrichment/crossref/Pae80badfa62d.json
6337424947f39c315e5c026bf51521d8b40fce5a03550b1de101f2e4a68207e6	4983	raw/abstract-enrichment/crossref/Pae956bbe01e3.json
5cdaff84d282e2f2a136514662b2550bc8ddffb7edababfffbbabc216738932b	4147	raw/abstract-enrichment/crossref/Paeff67f2fadc.json
f4a4c8761420a5a44a9f4f3ec5432b6f82c2db44927bacc351cb18fef2f132f8	8844	raw/abstract-enrichment/crossref/Paf122526aa99.json
df1b45aeeb81b0a12b178e96aa58435621689b2027c38ee5c7d338e0f4964e44	4273	raw/abstract-enrichment/crossref/Paf9d36eebaf3.json
ad8323bb25cf50c3abac72db811b048255850a8b0987ab9e8b149b8d09246024	4095	raw/abstract-enrichment/crossref/Paff62744feb9.json
918775d019d8d9ee0bac758588a09ee62030d97692a1ef76e52e5321371b4279	2546	raw/abstract-enrichment/crossref/Pb026657f9228.json
a70a4e2cbf725f141275ba1cf9f9b3b15937f0074bd1ac02935a13218181fe5e	7066	raw/abstract-enrichment/crossref/Pb0cc5eeb954f.json
63441f975c0a01ad10eded36f8dd7cd67745e24259ba5aa9000a7f438cb8362a	5213	raw/abstract-enrichment/crossref/Pb312ba376d2a.json
c487c0a366f2e9cfca22b7be0ce3dd69863380dfa8cc1a068e1403569d45eaf0	6586	raw/abstract-enrichment/crossref/Pb35393b35995.json
3ad1b456c1fea92fd9dd06bcddcc186b146325a4cffd6f511c0b67c21bf147a5	11339	raw/abstract-enrichment/crossref/Pb5610cfd0ec3.json
2f8f4947cdcac7a39dd5931ed87e457fe1744227aba71d0680c55d3b7fb4f691	5640	raw/abstract-enrichment/crossref/Pb561a294ad84.json
e1bb76f1cc37d2f39e29c0edb96cdd335f3b82c4f0a5ea7c41784d3738595573	2874	raw/abstract-enrichment/crossref/Pb57c11906da6.json
c16dd7827fa9441112decdbb3cff765b76e0da2228af8f3ba9b6473fa7d0a71f	4693	raw/abstract-enrichment/crossref/Pb5ebb2aaabac.json
a090cc3760f4bc8a720feb29b14b5a497c0bb4912e051edf636f275345cefc39	4432	raw/abstract-enrichment/crossref/Pb6481b02bb52.json
4128ed61ffcae33638389017a6ea3a3839ab09576abb3046de4edff7403ea1e7	2534	raw/abstract-enrichment/crossref/Pb726f48a7db1.json
3f0d3265f0dd916e04b1fd1b4938c98932e88f3b47b3669e59f2660d6a038d44	6135	raw/abstract-enrichment/crossref/Pb773d7ffe753.json
885a55ee301ffd89cca333fce84654963665cebb2465eb86ab7af705d2e9c4df	7240	raw/abstract-enrichment/crossref/Pb846d582ec94.json
8ce98c11731f0275354bb2f478775446f156183d4a720d02a20c201b0689e0e3	2636	raw/abstract-enrichment/crossref/Pb8f868bd311b.json
5a5c41163bd308d6c707dd6149546215fbcfdc2b208c29c5d3cf8e82344a12cb	4640	raw/abstract-enrichment/crossref/Pb98703050592.json
52f04147bb81c0bb1eff89c2543ee152b9b7554cdc230383c2417f916ef50f85	3130	raw/abstract-enrichment/crossref/Pba8153fed120.json
a2f49b0e792964c01ddc137a3d03be2e8bf69a310e2c87271c9ddd4ab9b4409a	6044	raw/abstract-enrichment/crossref/Pbab69b6eae13.json
9d3e43ce80a62f5a904a3219af5574760a1259a214681d8231babce598d613c9	10658	raw/abstract-enrichment/crossref/Pbd3abb143636.json
669128b6be6a36820fe56a4a4a815856d4f9e9b19ef5bfc3b649cce9cb028e93	4603	raw/abstract-enrichment/crossref/Pbdb62e628247.json
03d58df0bcc9a3e601365d1dee17f37db907d3fe7c9324c2f6a41fc2c13447e7	2218	raw/abstract-enrichment/crossref/Pbdd0c8ecf49a.json
85206f502196697142c3a844630db89023b95e260f7be238008c05c324f770e0	10029	raw/abstract-enrichment/crossref/Pbf48f5d37820.json
6863cb448038fe7e30ac9123c30200d907dde4202731963f231b897c3206ec5e	2945	raw/abstract-enrichment/crossref/Pc01459fc7e61.json
651258dd6512d148390bdb2aba9409a63c93cd3c4f50af17f272cfff2c71cdc6	11862	raw/abstract-enrichment/crossref/Pc1019d8075e6.json
825dda33385c59ccca332ddc912e66570ba2247ca91a0410f42327ce1a1cc9af	2758	raw/abstract-enrichment/crossref/Pc194a35d6048.json
c38134c8ff4eaeac4d89ec1d296c5376423b8c6f55f13fbf21c2fcb5271800d3	3987	raw/abstract-enrichment/crossref/Pc2fdc28319b6.json
bc2d7e1966ab8e9bf77d64a92a426384aee64cf23a35104b3a911d122c6934f8	8564	raw/abstract-enrichment/crossref/Pc32fe13c11bf.json
9baac0ebc4f039069364b7b23687897ceb8b3c914151ce0bd9746ed3927c9c50	6687	raw/abstract-enrichment/crossref/Pc4184d6f7289.json
a133b4fe03fa15e84e24829d06043d238cac26b4627f0b56c4b379efa1133fe0	6314	raw/abstract-enrichment/crossref/Pc457fc23522a.json
f10d9012be615ca9db557209e6e3718085bf011f9e175999c56ecef7426a43ba	5947	raw/abstract-enrichment/crossref/Pc4cd3cc279f5.json
9d8340c97130a8cf75d06282c93d583f26db53293ea7e5d96f15eb0e4d8100a8	7332	raw/abstract-enrichment/crossref/Pc60c7d24cd36.json
821dc015b0697076718aa4f812d26b369b12e9039585d5c2dbaa687fd3b6cae4	11023	raw/abstract-enrichment/crossref/Pc71821c2ced6.json
b1d57dfd8234599bbad1581057f2699f10f4c98f2726037bf3d8d51f64711ccb	2433	raw/abstract-enrichment/crossref/Pc7195d8ec694.json
1dcff58e4335534a4dff735d36fc43630d02f27d303f4d4c73ac81fc987e9534	10823	raw/abstract-enrichment/crossref/Pc7479ce56104.json
17f8776059997b503fbdde98ca24a6ea546049d42a12a9fd8882d8c42c718e4d	13890	raw/abstract-enrichment/crossref/Pc83105c05562.json
2209b99dda2dbf3bb4c786ff91ac17d27d46c06408e07729e552a81443582da9	2985	raw/abstract-enrichment/crossref/Pc8d3cf2ff8ad.json
6b31d577a2c1f35c5e3bf7886e5cf4e2eed8b4549773ce4409d9772133e00da8	2726	raw/abstract-enrichment/crossref/Pc9d3cb144abe.json
b1ba6df6ee8ed5a7c7304ba2dd82efb42f1595b14f78fd2c8fb40ad103c512ea	9054	raw/abstract-enrichment/crossref/Pcb30dc658add.json
a09c45c8863b22df4a572603f954a8dac10837df6d979db01eeb307fdfb7a0ca	6298	raw/abstract-enrichment/crossref/Pcc47d51be1ed.json
a2e754d2300c8628f9055898760f921f939daca6441d8f89d3e42bb4be1fa2d5	4949	raw/abstract-enrichment/crossref/Pccbeb663469f.json
2149681f51d5af469d9a616a7d99f3e8952796e416e3aaba66560baab405118a	2346	raw/abstract-enrichment/crossref/Pcd36cda22319.json
f0aa37df0ef33dbf7753bc211b6c99520e1e40bf2b7cba0eb1006e082036f6f6	3406	raw/abstract-enrichment/crossref/Pcda137ff38b2.json
8c8a9bc27b40036d8f7543b7f2ae8c777635317272eb4777fb400a933d7852d1	2886	raw/abstract-enrichment/crossref/Pcde14527e400.json
21f0007b6f7be7123abf62c7275bba2504f8abb354b6270c5d298bb483f6d2c3	6634	raw/abstract-enrichment/crossref/Pcf43e0c69e7d.json
eae963113efa87bf946b28135fa52f742c82d51733ae51686e803f438bfe730e	5115	raw/abstract-enrichment/crossref/Pcf94997837b9.json
f753b48f2b24d92fcc48ee9993ce966767c7628ca5b8f6a5addc2f65e1a625fa	4897	raw/abstract-enrichment/crossref/Pd00f99aec8e5.json
a889eebd074d696b575c7d5f8c92b6fc5ca2c6ef190d72251981d26538813e17	5359	raw/abstract-enrichment/crossref/Pd16d4555f0af.json
3737fe422dfaff841b665c9eefce3aa925c54c1e5e91953c578f1e1477ec92e1	5973	raw/abstract-enrichment/crossref/Pd2b2bfb0f9d7.json
c0c52b1db13fe68c527bb5f64ea7c682f25218835278a92437506537245609d7	3963	raw/abstract-enrichment/crossref/Pd2b8d21f673a.json
9ac4af7654adf9bbc9754c99ba4a6257b96756f975706dc532408b8008f8663f	14566	raw/abstract-enrichment/crossref/Pd2dc32310872.json
2412e9cff7f71c20f4cb6dc1d7a0355ebfbc705b9f060e3d531a2980541d3c40	5730	raw/abstract-enrichment/crossref/Pd31fa4a8dd0e.json
a017b97098d26521c9e39fd24144d2845c58325a04f611721a1c0902df4ec23f	9649	raw/abstract-enrichment/crossref/Pd3f52723e0fe.json
3b1968d0457f97baa207cefacf5de2d1d875d736e8974a46839b465c8c616153	7083	raw/abstract-enrichment/crossref/Pd4d0869d144e.json
21e155cb6f440effea5be6be5979e76480420fde9ef9213d38a3189b85741b44	4869	raw/abstract-enrichment/crossref/Pd4e2d2b6d363.json
535f489324c6bd00710b4ecf75dd1286bd12e78be35a11d7e06f4eef19129b1e	9131	raw/abstract-enrichment/crossref/Pd52da6a8710d.json
ad31b0b3acb33ac66e491f85c35581148998ccd13419c16c1224ae53f6ff3130	3251	raw/abstract-enrichment/crossref/Pd5c8552f5597.json
3f2cbfd2f653cae21ffc6350fb7b7d530dfe8a1c708beab44a0dbf67b5f00b61	3620	raw/abstract-enrichment/crossref/Pd7ce056308c8.json
d7d83fa5fc30ce073a1e7046d6fc3f6c4bd73793d299943f7197134103b48d25	5972	raw/abstract-enrichment/crossref/Pd89954f39a01.json
c1a3a438d16127df8da969f1c04237b39408498af8b595336487aa35c3414d95	9641	raw/abstract-enrichment/crossref/Pd8d0cfd52d62.json
304778fbb62e74d04c45f45d2bbf5ef28dd4b5d009f135d6aead33232b52624a	5509	raw/abstract-enrichment/crossref/Pd963858c0bb9.json
c9881ce48c516268bd4daa9b867577d34f4f309998602e4766f1fbc7fad545a6	6390	raw/abstract-enrichment/crossref/Pdc1d84a279f0.json
69573edc53c7ca7f259fcf43f7c755e9ac1125669695e555193e4f105b00f4ae	8388	raw/abstract-enrichment/crossref/Pdcad10c81d18.json
da4e975345e0ad83ff78825a28b5b1cb91dd3514ed158c03d2cd277cf02b428b	4936	raw/abstract-enrichment/crossref/Pde2beae9939a.json
f0aa37df0ef33dbf7753bc211b6c99520e1e40bf2b7cba0eb1006e082036f6f6	3406	raw/abstract-enrichment/crossref/Pde2cf0605c36.json
b9731687e9e51a90680f740bc039b2d9c73d5b0d13b05b95e07638e4136b26d1	4189	raw/abstract-enrichment/crossref/Pdfe020af6ced.json
e96c2a408a886680ce3d708a093ebfa9327e3029d9819a1d79962fca3d4d3578	6954	raw/abstract-enrichment/crossref/Pe009a648aa22.json
206e69c45d4831cc0a801ce14625b0e2e63b2c2f7e2d45e34766468dc64d4759	3845	raw/abstract-enrichment/crossref/Pe0e06b86958d.json
3a0422bb47c8f38d90b615a5b71fd3dc55364d2d55848f5bcb5cc470f119b6d8	5431	raw/abstract-enrichment/crossref/Pe2a93dfc1479.json
88d352591a139770e959e8fd6334dafb819437f02b204befaa5de65193272708	2713	raw/abstract-enrichment/crossref/Pe4b933f4c4b4.json
b70a510937ffd1256f18b6326fa074305e0fd4cfa34ef469c6920fef65023281	6018	raw/abstract-enrichment/crossref/Pe644f798c18a.json
c2edca5b80ed797d5f4d5094903cf1abebc942fb2ee06a5ce32597cbc1bd3caf	2473	raw/abstract-enrichment/crossref/Pe70700b58c3a.json
4d3332c848b3def71c4c348c3200819af92a498912a37b2cbc1b5e5e66bc8455	4420	raw/abstract-enrichment/crossref/Pe86902a7f868.json
f2c8524f31883f741200e1285210dc07525bc32ce4834abcb2ed6ab882a84f78	4228	raw/abstract-enrichment/crossref/Pe87fed2bd07e.json
dfe91dcd1584a52df48f1e366d782fb84be844f8c9f40e2b1d7878f75dde84e6	4858	raw/abstract-enrichment/crossref/Peadee032e8d5.json
457964e2f917cd855fdcf18cf9465a132aa7b7ab77c8d31ee4f17e996441a482	5902	raw/abstract-enrichment/crossref/Pec3e85426d80.json
e6a5beedab1c05dd0c716c66e8a133cf4699ca2a355e3c0fb4c1e1326f170e4c	17185	raw/abstract-enrichment/crossref/Pecb7df225f0a.json
fce17ef6f9fbbcc63d207b2accacc234114af7919e6fa19db296e6096b84dc8e	2778	raw/abstract-enrichment/crossref/Pecbadc11e35e.json
5d05e6ea7c4a8c674af4d8b22d037b8a62687a582ea73d289ddf541d3a53bcd7	6058	raw/abstract-enrichment/crossref/Ped61d7cb62d5.json
f706d45bcdde9772493fe9406019b4c6648690ce91ef4165333f198cd1ecbfaf	6366	raw/abstract-enrichment/crossref/Ped779e0ac17f.json
0cb4a3d532bcd8273220c892ebceeda411f268ef9e233be24e6fd126241a71e4	8846	raw/abstract-enrichment/crossref/Ped96abfc68b3.json
eed945f122454055e7bad145cd3b8df3616c8ecf81b97d380af4e70f5209934b	3036	raw/abstract-enrichment/crossref/Pee7740372828.json
14e1c78c2e8fbdbf347b6f2d7906914f03fb53a4c3746a23762c0469878fc848	5784	raw/abstract-enrichment/crossref/Pef3ced106aeb.json
5f6b21e00ab8a6b445c8a206c8626f89763e849559fc1f2b3c1f6a5855e36298	22751	raw/abstract-enrichment/crossref/Pf14bd437e067.json
99ffb19b36bb3056a1a17c434a5a4ef59452aefd317f8fd0627257b12d376e6a	3252	raw/abstract-enrichment/crossref/Pf15ead9a8537.json
633c9668ced1beddf82797eb98fcd4e5da3128fedeaed7877a982a8635454090	5535	raw/abstract-enrichment/crossref/Pf1630b259de2.json
78492617070a42603b27da5c3e3ab6f41c9730eab80d86e92b59a0e1e1f7bb31	3935	raw/abstract-enrichment/crossref/Pf25064f4a2ad.json
a57d06ac70685c3cc6baf3888fecf14da27f5e79417a04450144e6f0135c018d	4705	raw/abstract-enrichment/crossref/Pf351292386f8.json
25bd36ebba08c3e9c801ce49d9e5cf61d69bf3efde597f599a291afb9c6fe225	5452	raw/abstract-enrichment/crossref/Pf37d30972659.json
59de9c15747fcb6911b4d8de7ce8bdcde04c2e64cf66230c03443e0d73910d7d	6122	raw/abstract-enrichment/crossref/Pf608dd5a3874.json
031341fe2e20f9d19a4baa9933a1ab6db792fc1e7758f5ee5dfd909e97b2dd5c	5166	raw/abstract-enrichment/crossref/Pf6f125a47b95.json
354bba873695ba83b07455b12f2fa3dbae9c7b57a7ca9139a78c130991ff9125	4555	raw/abstract-enrichment/crossref/Pf7f7821372c7.json
e2481ad5a3a6d1a0da9439b60df627e872aaadebb5e69675a02b31b7f275e7f3	7301	raw/abstract-enrichment/crossref/Pf8c51f9e91da.json
c9c01cd93b9732aec1d8258f121b95d661c334faef4cec694898f9d4ec1a9cb0	10604	raw/abstract-enrichment/crossref/Pf97aadcd8870.json
121f0b01f173348c561289707a0a81342053053c852bdc0ade1e2f7a6abcf050	4788	raw/abstract-enrichment/crossref/Pf98fbb8e4d6c.json
2ebe9a119b12e88502415281307783c32e6822ab9fb3df098f074296b0b74f21	2767	raw/abstract-enrichment/crossref/Pf9bd92628bd6.json
89b77bbd04c21b273604c1fd6c15c028c2c30a12e6a792447e8b894e87b15df2	5968	raw/abstract-enrichment/crossref/Pf9e360ec522d.json
1303c4dbd61acefc6e26d709d328626ec62af5ab30f084fde5afce6c60722b3c	6242	raw/abstract-enrichment/crossref/Pf9f5fcdea8ea.json
9b919eedcb660ec5e5fc0df7234aba5ac966629f17582af86379ab25f1bf4ca7	5609	raw/abstract-enrichment/crossref/Pf9fed55e0ff6.json
0f4c4d6290e496c0fbe9ea85161e2c1842d9f9c5ac1aa3231db92b61fc42634e	5304	raw/abstract-enrichment/crossref/Pfa357d7f07ac.json
7f41b82b96c4e5dade74adb6ad51ffbefdb8e3794af17929e6b0f9ff918b8753	7176	raw/abstract-enrichment/crossref/Pfa4b970981f5.json
3986750f5672d2650d8b5801b010ead9ff751eb86f6e18788e50be1913c9fa0b	1240	raw/abstract-enrichment/crossref/Pfa5768a1fca0.json
c74e6125f25a9d3ee9d9a87c85a75f2fdb7f321e52d922906b7b38e9c24a0989	4405	raw/abstract-enrichment/crossref/Pfb017e256591.json
010b952b8b26af2f6705e6826e02c7f72336e1e9c7dd99bffbaab97ed9e1bf54	3073	raw/abstract-enrichment/crossref/Pfb6e01283cc6.json
e90c271b1d9f42d57090f163073b4a2ec2f78e62f96a8c905ce72e15ad934fd1	1454	raw/abstract-enrichment/crossref/Pfc2b8f543dba.json
e7050039733a5fa3b2699f91d09f38e5d7ceca97d78472747d526c4649d92983	8463	raw/abstract-enrichment/crossref/Pfc453caa372b.json
c6ae2bef538de7507ad0b6ba7360ad08e7df369c14f5aa4fab55aa5f2afbeec4	263	raw/abstract-enrichment/europe-pmc/P003c9881f328.json
e07371a802235d5a26e358d50b3d40c98927b55e13a6d1e2e2d2240e0b6c245d	13665	raw/abstract-enrichment/europe-pmc/P015569436ba7.json
5ac5a16740fe3dcdb3669e7d532bfb52729c1b1baaf52fdef89260508f715b8c	265	raw/abstract-enrichment/europe-pmc/P015dc297aef2.json
57cda2bc0ffd74eea782d858d6439b4678c33f8ee507765ab48ae0920da66679	265	raw/abstract-enrichment/europe-pmc/P016187bf48a0.json
a829bc782c3f6a939ec0c8d4a3de4bea9d22cc7f42a1bf42d61e884707bd25cf	8977	raw/abstract-enrichment/europe-pmc/P0219169b7fbf.json
45144003ac9f6ad35d7d6534378599d9341f2393f6e011fca856086d1dd398e4	10221	raw/abstract-enrichment/europe-pmc/P02fb68c76cfd.json
f9aac5485e58b17716125b3dce484c5b745ff998e2f1b5140794bf955ebb391f	7982	raw/abstract-enrichment/europe-pmc/P02feaff644fb.json
1ab16e18a2082ddcba6a3b5b58abbb47613f1afb5f3fcf2a2738676c3f1e1410	263	raw/abstract-enrichment/europe-pmc/P034e2973a244.json
169e8b42c61c99d670a2691d951943e90d550ef7584242bddb9180ff61daa1e4	317	raw/abstract-enrichment/europe-pmc/P03c99c541c3d.json
90fc08cc0f0ae468e170209069dfa90e8768b574de4ef8333b2387bb8fe282f6	12394	raw/abstract-enrichment/europe-pmc/P03cd4add4227.json
1cb62f6fb11a089c193b6f12f8639fdd153d1cf439de318e74bf058b375b4bf7	18916	raw/abstract-enrichment/europe-pmc/P044a89f67519.json
43f75366c0e5607d9a22ef4151a658e3fb2c6562f10771606555b375bb520c0f	262	raw/abstract-enrichment/europe-pmc/P0523f6e11e24.json
e56be9aca9773ce861dc9c73a9c217b4cdf14df3db73deda425a9b1b8d22215a	263	raw/abstract-enrichment/europe-pmc/P05b474ff83ec.json
d23ed872a5d638c3b38c829ce918ba768c571335a402a39f5202897c06dcdc07	262	raw/abstract-enrichment/europe-pmc/P067e025e3e4a.json
eedc8a553ce6d7b9123777f919602ae91cb93a71c6730583d75c16374a79107d	7545	raw/abstract-enrichment/europe-pmc/P07330ca3f4ec.json
c44c0d884b06832c64be87ba0547cf9b5696212f1d2befc0386b2f144e4eed8f	10256	raw/abstract-enrichment/europe-pmc/P087551a1a995.json
0386af1a05d0eec7d886dd66d2cfa9e10d22bf85c158d2c812d6458044313cbf	310	raw/abstract-enrichment/europe-pmc/P08bb1553a888.json
bc4b8139f06288b09b31ab1baf162851941031c16f49e102fb584307c0654cfc	4868	raw/abstract-enrichment/europe-pmc/P08d79784bb03.json
6f47a0d14104d960b0ca3c9912ad85a81e0330899142aab85d2996337514f5d0	14356	raw/abstract-enrichment/europe-pmc/P094c38e45306.json
40fccd14ce44c771cfa7cabbb2773e39b8c10ebd8f820598cb7dc00f070def33	266	raw/abstract-enrichment/europe-pmc/P096e79e607dd.json
7a1fd12a3280e4abdfff976d48146f5e6cbc005030a691b8c4ce3682d1ec36b4	286	raw/abstract-enrichment/europe-pmc/P097356832bfc.json
6772e9ef8cb6b49d9e91f1efa0e37608aa63e26e0ac11e2cceed8e44dbe0db73	9197	raw/abstract-enrichment/europe-pmc/P099b4bfedca4.json
b679fc4d6128eb7c816cf3e33c215dcfac095bbb312a6333e83046d8622cad06	368	raw/abstract-enrichment/europe-pmc/P09c23731ef10.json
dcc93773eb04fbd35979cf824dfbe434af80f1f8ca31f583fc45acdd9e0cb433	376	raw/abstract-enrichment/europe-pmc/P0b5c54ca6340.json
ec448fd1daf0d2c63c43e10079ba10b6c2057c0d487c30229d3bb20023984f8f	339	raw/abstract-enrichment/europe-pmc/P0c2538aeea25.json
2562f49d5f051f1d35272f9bb0406afb6ec089d36c599fd184a3386a89358111	264	raw/abstract-enrichment/europe-pmc/P0c3a87c5ec10.json
83dc2247f1cf0c032c2b634c06107a1627d73bf027b9d4c2760f2ee2568f3792	262	raw/abstract-enrichment/europe-pmc/P0c5681db577b.json
6291d1effb812240d3bb0ed15d637410df8799d5bc3319ddbb7b9e78cb393829	12722	raw/abstract-enrichment/europe-pmc/P0c706353a388.json
9e7590e3bd88a789014c9dc108aab23d1282433e58196c4f011fba586c83941f	316	raw/abstract-enrichment/europe-pmc/P0db01a897012.json
650641619ca440cdca1e518a3c60ef4992f85e49d5ae1216204c45dd9843ea85	384	raw/abstract-enrichment/europe-pmc/P0e08ad944962.json
4dad93e52ccb948927bbbc6c0d9ee12e5288dd4214dd203cf052c777ebd6374b	263	raw/abstract-enrichment/europe-pmc/P0e616b402152.json
2374d1d5ba136bf01712b9da21969ce412fa57c03ac9c3467f44a4d799d6205f	313	raw/abstract-enrichment/europe-pmc/P0f4aeeb8f586.json
887fb7d17ecae48b3a2c016febc1409d56cbe10b13068f2700de88effda1d633	262	raw/abstract-enrichment/europe-pmc/P0fd7db75f7ba.json
2ef5659024e2350b1d749e2f30d72452d668661b85dcf6f1f9c23745af4e6063	11450	raw/abstract-enrichment/europe-pmc/P111b14fc8d2b.json
4786c0a9c0a246777a3957917f9b7962caaa7180660e09888e9acf141ab08519	262	raw/abstract-enrichment/europe-pmc/P1136a243fc37.json
b1a40b04c6d359540788b048a252ff5237605617d67720c01ff665791904117b	265	raw/abstract-enrichment/europe-pmc/P1156e03ae456.json
d05866fbc1728b6293aedd2bcd66216e78dfba0f5be3ea5d399d405f9b15b47c	262	raw/abstract-enrichment/europe-pmc/P1157ea5e766d.json
cd9ccdf6185b194810486169ceccf7221c98d93f7994595bdcd238f634d45699	379	raw/abstract-enrichment/europe-pmc/P11ca9f832962.json
63b8aa0001f094a12781facbd55bdfb81013bd45d38ab12fb0299dc1f24cf4b8	265	raw/abstract-enrichment/europe-pmc/P120c7e3dd930.json
ba3e242f4f42fc61b6202274d8e7238504f153bae848179be5dbb98fc9612db4	312	raw/abstract-enrichment/europe-pmc/P13c210bf304d.json
410f671e76af3a5d5a315a31b1df57a4aa539d3501d8fcaa5791bcfb809a4e98	10501	raw/abstract-enrichment/europe-pmc/P13da4cfd8b8a.json
f080a7f801326d9c6184a272d42644f1f5180a529756df940001dfd92121f4d2	10811	raw/abstract-enrichment/europe-pmc/P14b6dad96875.json
f1f582ae7b47fca025e1a79fdd59a4a5d5c05d7d9185791d6fb8d5468dbbb73c	326	raw/abstract-enrichment/europe-pmc/P15b4bfd877c2.json
d029e79e24ee4cdc3e79db35809a32654c2112fac42a80a8e3df397fab69383b	7304	raw/abstract-enrichment/europe-pmc/P15fc929b2494.json
abc98462f1d4e07702f4b08e5ed61ca719dccfcd0bcd6160aea45d536982b96b	14833	raw/abstract-enrichment/europe-pmc/P16935e09b42c.json
b6d200899686eb00dfed13303761a5ea5e203cabd004b456e11917966cd842cf	262	raw/abstract-enrichment/europe-pmc/P16cdc749c441.json
f97890592b29ed5643a6f857d6503c8c309215daf6c69e71b4bee77c5eacb2ec	10031	raw/abstract-enrichment/europe-pmc/P187bdb2f1bd6.json
f3ba24e67195c5e50c4e35a2d22b1256854911b48b5323f6a4642ed0bc9622dd	263	raw/abstract-enrichment/europe-pmc/P197b91cd88a6.json
8674b3ffcbc10e586ad2c485cba1b78652923296f60c73501768bfea58789deb	263	raw/abstract-enrichment/europe-pmc/P1994b407f698.json
67346fafb912f50f2b936fe2faf5918cd776a1925f070a2ebc437f07675266cb	263	raw/abstract-enrichment/europe-pmc/P1a06de880cf3.json
a2638ccc963dc5aa6d12ec03f660d9b637652041042f6eca21dcc218554646e2	262	raw/abstract-enrichment/europe-pmc/P1b6d073ac485.json
9fa38c993975ce7cd9db26dc8b6ea75f2efeba8d663415a06423dc2cd7f8577e	265	raw/abstract-enrichment/europe-pmc/P1bb3e57695e3.json
6f8044abed37fe0479349bacc5a9bcaab146d51a7cc928905ff58659554c39b4	14091	raw/abstract-enrichment/europe-pmc/P1d5546d66c8d.json
bd8f3e4e011bc93138b4bfa7a776b9c6a17bdd0b39ebb60c5fc333ec084f9ad0	7770	raw/abstract-enrichment/europe-pmc/P1e12ce1c7e23.json
8c5849582bad780cdda2c38bb44b619a70416230485db0ca960ebccc8cfe5f82	12087	raw/abstract-enrichment/europe-pmc/P1eac96a8f435.json
41d61e358abfe267d7aad047c0dc09938af7ebf1d883cfc3aa7a76e9037882e0	10781	raw/abstract-enrichment/europe-pmc/P1ebd0d6a1783.json
8b8e6011972bab7a032beaa35e0dbca4347e0f4af748778c9b6304b66c5ab6dc	6925	raw/abstract-enrichment/europe-pmc/P1ecc6dedecf9.json
f1455cf53713888a9e10e91a32c7cefb18121c4bb81f2835ab69c3ff09f99c52	15507	raw/abstract-enrichment/europe-pmc/P1eeeb9418939.json
5d2f6d03ccc03d82e5012a1a75172060dec89e142346b56fd1f90e9473eb1055	262	raw/abstract-enrichment/europe-pmc/P1ef58ea1ced2.json
85caea150b5ba8924717bc6e48f5ec855d8981b6f86d33518ef3d6f7e584a2cb	265	raw/abstract-enrichment/europe-pmc/P1f880b0388b6.json
bd3d86b363e5799475133a00143514632e3867723b5f0bb3e3252dbfd6dfaf5b	9561	raw/abstract-enrichment/europe-pmc/P209cea1ffdd4.json
a6e62ada4a22ede5c2db47b0792a0eefe59084d1a33b0275c1766a7f4385dcaf	262	raw/abstract-enrichment/europe-pmc/P20c50e33cbc9.json
5910493ccee022c421f6a14572e322a72172ed15a05b1ff0e18604a4b7fcfc47	329	raw/abstract-enrichment/europe-pmc/P21325491c76c.json
b037935e631e4b7ed3a458d4397e76279700591d0b3da1d964e1b8ec36612160	253	raw/abstract-enrichment/europe-pmc/P2165ba0a2700.json
c92ecb4aa7247943344c757af9c4c9139326d88eab2051e68bea43fd18c35107	264	raw/abstract-enrichment/europe-pmc/P21802ac5b277.json
99d9b381808759442423919ae130567a0e11ebf8364d78d1bdcbd3db502082f3	263	raw/abstract-enrichment/europe-pmc/P233c1b03d89b.json
ce1570ad7b54a54349c822bd423c21067a125edae92f850fc0ee342b724f3df0	12372	raw/abstract-enrichment/europe-pmc/P244a75c11525.json
5e66235e060dec178357a70d03e7c32cd383a95e27e3f36992deb71aea69bcb0	339	raw/abstract-enrichment/europe-pmc/P253bfb1a494f.json
7db45715066010c5099dad62e62c221c1b23de0efa376ee19316193cb44966eb	258	raw/abstract-enrichment/europe-pmc/P25d4901409f2.json
b846972def3e26d7eca6835c1788d457f035eb52e4236b9547be704f89c476c1	8328	raw/abstract-enrichment/europe-pmc/P25f22561c3b7.json
6053d173de8d3bdf062d8b9f86b5822b5d3de76fc0913ef960d1d6cbd7742519	318	raw/abstract-enrichment/europe-pmc/P26228e1c88cd.json
d569741478e99b3810d061d5bea65a24fbd7c40aba63cd2e28b10e2d4be2be31	3578	raw/abstract-enrichment/europe-pmc/P26410cf35508.json
f1707265d2177cfa758265bf98ff2c45796f66ea0a1692bab0e9acdc5e45fdbe	11910	raw/abstract-enrichment/europe-pmc/P2649e903d74d.json
4542ead5716080c0bdf33a2aabdd574379b58f9ef3435a4958d93637e04bdf98	14148	raw/abstract-enrichment/europe-pmc/P278ce1a9bebf.json
7c57fb95a3d7db9f992c920e982b7ac48eb72c681ddac56b751964aec973e126	298	raw/abstract-enrichment/europe-pmc/P281e5e88a021.json
c997c161e28e633a0beed58d03e52e4b569666ef13424a7245a380ca6990b109	262	raw/abstract-enrichment/europe-pmc/P2944ac2f0b66.json
9d89e511cbb71fa4bf940f9fad5d4079334ce517d8c4b63a38a5fa993e80ad18	276	raw/abstract-enrichment/europe-pmc/P29c2e41ebc60.json
e750cc2c24ad62360c243e768a1df2afbcba84ae5069c86689423b8f3c16b4a1	8892	raw/abstract-enrichment/europe-pmc/P2a388327cd1e.json
054e067f7ce025cd4fbf04f4b8d7b805967309d712f5c07e6fc24aaede31b0a2	8820	raw/abstract-enrichment/europe-pmc/P2a43ef623a2b.json
f3f66b07171366b20827506268cbe93f514eb633d66d3e18ccf7a31d1ba08f3e	299	raw/abstract-enrichment/europe-pmc/P2a5344aaf909.json
b4a6826ede8f3152a50f24e3c58ccd827939c2f1743084dc695bc60d9cc307d4	11796	raw/abstract-enrichment/europe-pmc/P2bc560b17b67.json
7e707b6caeac92f5e493954adff0f08a7b0f91b440f4be1fd05fa471a6f453f9	259	raw/abstract-enrichment/europe-pmc/P2c53b8af612a.json
6eca4aa66d5dde8e4048381b578489de78c31cd083169b5d6e124c87ce7c8f99	7251	raw/abstract-enrichment/europe-pmc/P2cbf756646d1.json
1f211f87f33a475e54aad9101ac383caffc6a2bb6e9b1abfc5bfc95a7f3748e0	263	raw/abstract-enrichment/europe-pmc/P2ce34513d611.json
c533387fb825377eb0486cbefd5a3f9b51fce14223696a77256023bc41d57b82	262	raw/abstract-enrichment/europe-pmc/P2d496c8e7bd1.json
b5fe959f89e5b60448220795ae99f0865ce48c3c7a990c2053dac478f0570662	284	raw/abstract-enrichment/europe-pmc/P2de30ff1b6a2.json
b0daf7982f35a4c09220d27c1f133310bef2ca180d565e450778e8a18a633f9e	262	raw/abstract-enrichment/europe-pmc/P2e0cf3c56c07.json
33e29c99778805a571bdd40478af8339b5323a751d0fee0e25fc2f1f30bd2688	265	raw/abstract-enrichment/europe-pmc/P2e1fb167f5de.json
9df8a8516e909736956ab146d854f00fd7586ec068df64b164bc0334d7eb66b8	330	raw/abstract-enrichment/europe-pmc/P2e8e5dce6075.json
5e2011fcd0f9d565c7f99da0563e09cdedd46551fe237c6a853d4f7e2c13661e	472	raw/abstract-enrichment/europe-pmc/P2ec34b258d4f.json
c7f39c10f000eb0a49deca2396142bf79802beeac4ad0959f193ab65f0b309d9	263	raw/abstract-enrichment/europe-pmc/P2f100c0d5c3b.json
3d0964e55e652327c36fbd5ea1471b30fbfa4635c207c1c42bca325ff8e1d683	9196	raw/abstract-enrichment/europe-pmc/P2f51a6a386de.json
d02fbf9189f163121a9890161c7060b6f0863a2956925fbc73fe6a6aa9dc1386	262	raw/abstract-enrichment/europe-pmc/P3026e0c929c8.json
9e876f3acc2334e51077988375f89c0ba330f1dec21dd12fe5bd2676b503107a	5356	raw/abstract-enrichment/europe-pmc/P3069d3481c34.json
6b19af86d06bc60b631c5edb51b7b822fd0d97469ace17ed058047280411497f	16449	raw/abstract-enrichment/europe-pmc/P30b6e759f698.json
2a637d58b8fe9a02d6f78da014422d81f7d06a7d3251e8db158f7a1e5ad53bea	10613	raw/abstract-enrichment/europe-pmc/P30da04c118fe.json
606a092dcc4d4639c1fa144b957fff51ef8d17fcf03414a090770db232fed970	10698	raw/abstract-enrichment/europe-pmc/P316d19de2966.json
274377f41281468c5fbb56530ea75b2bef5d33bb4ce7cffc0ca3743c13b72d25	11211	raw/abstract-enrichment/europe-pmc/P32919f4ded91.json
6f991cbe75ac8682982b76fb2c859e9d0b5b69847ef0336390d54eb2f5e69e6f	9461	raw/abstract-enrichment/europe-pmc/P331573de0326.json
2629e75a4ccb8932fc45a908618d4f981b6912831a8104703d7d536e3c9568f2	409	raw/abstract-enrichment/europe-pmc/P3315d77a0fef.json
7a29cefec84934d5d369f6a4149c695922523fdf0417460c8fa3ca0a585cee8b	5740	raw/abstract-enrichment/europe-pmc/P333bc0a00b2e.json
b4e5f4eb167f5f6f2e60ff5544fb3ed4d8a12c0e2d1e249a9a66c1b80f54d067	265	raw/abstract-enrichment/europe-pmc/P339ffa8ed5e1.json
6699b868445512686af7daa5acdb4fbf0f1682d681b9203689fdeb10b75c5cc4	261	raw/abstract-enrichment/europe-pmc/P33a140967526.json
2100544da6cc40416231bda3781e20fc6bfac9da1dfc56458ec3c5d9c6ba0788	262	raw/abstract-enrichment/europe-pmc/P340093753a8e.json
d2584ae5d84c5284259e884ce249918e3a94f9e3d0201d75166045496953bec4	12198	raw/abstract-enrichment/europe-pmc/P3418b26f7b1c.json
14bb2322fce44e3c4aa743e29219952d311fc6e92d890820ddeaf24337d32be1	4881	raw/abstract-enrichment/europe-pmc/P34fc146d934c.json
8da3d13d32cd32f027606e3558fa915808eefd4cfa93fc1ea14e3fff6b2ea732	5041	raw/abstract-enrichment/europe-pmc/P3588053759b1.json
d405757a7c009e3ef6b8ffd11706b3d3de287e4a9d4ed8ce31ece79ab4340bb2	7297	raw/abstract-enrichment/europe-pmc/P36ea6166a610.json
3414a0759278cfdfb1147c1652b9280f7ae34c6b5821d9d8b82b7bf3e5684f33	289	raw/abstract-enrichment/europe-pmc/P3726f1103bcc.json
8c95224fba10b1ca0297f6d3d30cd9e7fe9a00d9f2365e12ebf933630608f7c0	456	raw/abstract-enrichment/europe-pmc/P37552d9da077.json
eb22bfe74bf050023f7210563095b2fe055e22f6bdc57fe6d441373de172aa4c	337	raw/abstract-enrichment/europe-pmc/P377354a1c01b.json
bb0027e072846fb3f8b987efc428574babbe6ead31ecc94335ebfe6c87e9a2e4	261	raw/abstract-enrichment/europe-pmc/P377e8f449ac3.json
f2075679d6e46c01e7a167e1a39664fc6b33e844e894bbf6d1601f18cddb7f6d	272	raw/abstract-enrichment/europe-pmc/P38ad8b37fac5.json
7962d874777cb1a27a91e77eed44fea2e079dc2ea1c9a740ffcee3a6e85c3639	262	raw/abstract-enrichment/europe-pmc/P394e4c4a0d26.json
7ab104a8fbc75760040b65a98e524c9cd8974207f3b3d6c15f64e12e6a4c4f27	262	raw/abstract-enrichment/europe-pmc/P39aa6b8e8212.json
d9f9340fe7b846e244081493352b188a28d0861db5d3e718ba66e412758891bd	315	raw/abstract-enrichment/europe-pmc/P39e64cf6da9e.json
7447be97121f56aa1af23081678fb1229c4c05d095f0ec76634809897b94c8d6	316	raw/abstract-enrichment/europe-pmc/P3a5013b3403d.json
4caf188a6adb2d9e754e52512eccd74f45bd0c2e60eb9998c7890c2bdb1ba18f	14297	raw/abstract-enrichment/europe-pmc/P3a9f98ea99a3.json
e734db0c889f7f9bceea4c9d54196dd63b8f410ee3bb2f524d32bfe5109ccb7a	265	raw/abstract-enrichment/europe-pmc/P3aa152b536d3.json
12f2fafe1a31e1b44683b04fc44eb3bf898bf84fa4e76ed6b06f8640d315be35	264	raw/abstract-enrichment/europe-pmc/P3aac8f033830.json
ada7a6884e9d7e9523f6d847d2b7e802e5c58cce5c64b0398520cd7deb2df755	263	raw/abstract-enrichment/europe-pmc/P3abc3169531e.json
492a60ed25a6ac9ac1891bd5c054db0451cf9e0cc561c30851336a4c3cefa500	364	raw/abstract-enrichment/europe-pmc/P3c5021c18f4f.json
e29192e8840f30bf3a86dc88c1aa572585dcc15e2a4dc0bc2b00278577521790	335	raw/abstract-enrichment/europe-pmc/P3c961e73f7be.json
93de98ea78e568bd701ee4336906c56389bdb9b2b5791d798914f1cace48a663	262	raw/abstract-enrichment/europe-pmc/P3cf34218cf6c.json
c0dd4a95a5ee4747250fc7320998a71a51fafa1fcb5e3d83c83157de7c52285d	263	raw/abstract-enrichment/europe-pmc/P3d2445638185.json
6691279c83b9dbde8a7f5721e886ff682244655562e16f35dbf859bdc582d95a	5532	raw/abstract-enrichment/europe-pmc/P3d7a0ab2bf83.json
9aaa38fb3197f683fa28ff02bdfc8b75c0d0af9fd47ead1b052abb79322a3f95	263	raw/abstract-enrichment/europe-pmc/P3db16b29dd7c.json
98e4f68fda3adac0fef28d2ef492e817134b4c6add1a61f128dcea0dc3b9efbe	5286	raw/abstract-enrichment/europe-pmc/P3ea0e210e22b.json
705ff65be1fb3b6547f1c7ce194d07bce01e01d74324bff210636ec2b6aca877	262	raw/abstract-enrichment/europe-pmc/P3f169ec78fef.json
8fdfd7c303ddb1b1a7201effda3a1b33ebe5a35675f1af4bdd37780a1a934b14	9330	raw/abstract-enrichment/europe-pmc/P3f242e7f49d2.json
eeeaf0c8b565c0b07e14528c28ab0e497d53785cba7d306b66cac96a1588b1cf	32733	raw/abstract-enrichment/europe-pmc/P3f2abba286c8.json
59c3b32a32ab940182438e174f27248ad9d1b773afb8a95e24abf793fdfae0eb	9544	raw/abstract-enrichment/europe-pmc/P3fdeed15c384.json
bd4c25f5189fdb45d4b7c4b0471ff1787e945a978d300ee1c7fb67f9a5e2da0c	435	raw/abstract-enrichment/europe-pmc/P405bc3c8e09e.json
c23989d304d60ad9823570723d348664b15d4528cb1b08e9c2fcf494819d0a1a	4936	raw/abstract-enrichment/europe-pmc/P40726da8958c.json
c4e2cdd675e5b0a2a24dc1c83f6c896172bd01ad6395271f85073b631e1df857	5189	raw/abstract-enrichment/europe-pmc/P40a3f05dd4e4.json
8dbb4de6217bbda346875550f621446aaf9e3290e08ed3ca2709bc54ebd7ea5b	265	raw/abstract-enrichment/europe-pmc/P40b215d20d9e.json
be23a77800f7c65e508c44673affaedc69f56300316057e9e4d7812db0bff7b5	417	raw/abstract-enrichment/europe-pmc/P424d2f496303.json
86fe9384dfd673c4285ce1ad5a7b7d0f05ff0def2422fa40bf91599c5b028092	262	raw/abstract-enrichment/europe-pmc/P43018d39229e.json
d031aa47ed1862b18f54d3901998aa9dc71a2fea98c13e1e02ae3165b60ae4be	263	raw/abstract-enrichment/europe-pmc/P432a79489c56.json
5cb0a49b2c3dfe0f0e54f13ae803508edd80a99e06193149dbd200227aec1e68	263	raw/abstract-enrichment/europe-pmc/P43db3782c193.json
a0047ce58d8fab18d7e82885987b4dcddc5f36757e219bbdc0728cf4835ccec3	11015	raw/abstract-enrichment/europe-pmc/P4516ff9b63f6.json
631f331da491c02578a48badd51fa6293f4865ba8fc9ae25d1c9816d00f87895	15385	raw/abstract-enrichment/europe-pmc/P45b8c91d742e.json
b14b9f3816a76876618ceb8d376e07f7de366a9e3d145ae0ea49295f833682cd	312	raw/abstract-enrichment/europe-pmc/P45d871d28536.json
1cd1262eec4357414118552757e9f69c596c04e4370903981347a877a2042175	5833	raw/abstract-enrichment/europe-pmc/P461367bb8b74.json
dc41f30e4c8db8426743b2e101847774d793477b77bd178279c8abf9617ccf29	263	raw/abstract-enrichment/europe-pmc/P466234d7e0fd.json
9ede0f03a0d23825e814d8e7e1968dea369ac1050e886e2a4e8b3a1aa5a297fb	265	raw/abstract-enrichment/europe-pmc/P468a19134e1c.json
530a57bde86b423155d11cbd637f1e662c657b106d1da996f75ff6b2c3b32f30	265	raw/abstract-enrichment/europe-pmc/P46d2a1f61779.json
6f74b304f5169cf28bbfac2187ed036c54fb22ce54a4f1d9e962fccaeff45c0b	8298	raw/abstract-enrichment/europe-pmc/P46e1bde0ccd9.json
8379befa4d6c2907cd4c868826040c60fcdae713c97890c10b2de1f18208461c	7179	raw/abstract-enrichment/europe-pmc/P474f02af1aa4.json
253befbb9fe20adb50a8e4bb1abfaca09e389631bcdc6b5f06f58748cd32ab52	267	raw/abstract-enrichment/europe-pmc/P47ba951060e3.json
d79e99ce8bd7439ef3e9570657b93f9a391509ff5a75f1877aa4689aff24f926	9038	raw/abstract-enrichment/europe-pmc/P4b0360b47bdd.json
128448cb88dccf1551cb7293f0b491725e3cf408c57e9e9780bf42ebe884cd90	10032	raw/abstract-enrichment/europe-pmc/P4b0800bff9dd.json
88c442439d50909160b479924360c01e319f3ea9f824d4e0f3326d4f5586c56d	5184	raw/abstract-enrichment/europe-pmc/P4bd3235fe9b3.json
9a58ebfe264b3da3d0412024100eef27472ba45f96a8fe568ddde60bdff8d072	294	raw/abstract-enrichment/europe-pmc/P4c1287d63267.json
6acea08fe7915f2ac9766fbbaec36e1b15449983923e6bde106256051690e2e5	265	raw/abstract-enrichment/europe-pmc/P4d1ab2904979.json
3697570e3b1f1dcaca53a3b45a6546e40e50e00a61f0af06442d994dc3defc0e	265	raw/abstract-enrichment/europe-pmc/P4d5ec13bd91a.json
b98b71d80b611094e75a52cf30cd052f6523edd0b9525c487e372520ce4fd6d9	5855	raw/abstract-enrichment/europe-pmc/P4e58b5bcdd0a.json
9c66526e3251588177007a5acd792fdeb298e998ec7722c33ffdfaa827bd9c69	10295	raw/abstract-enrichment/europe-pmc/P4e8b7f81fc4c.json
d91772e77c87c24ca988607fde6425132afcb64d422514d4dadf8dea45a3422f	9850	raw/abstract-enrichment/europe-pmc/P4ee77aeb6e83.json
1c7ca07cdd693e66aae1d8c27b93851b231da778089693f5369a4fa9ad47c76b	326	raw/abstract-enrichment/europe-pmc/P4f7d28023aed.json
413cb3403c2141b513785a31747cfc00742ee6a1f9abc996c92fb6561aaf04ba	3563	raw/abstract-enrichment/europe-pmc/P506f0b825adf.json
60d8a79e37c847e6ffbe622c4c803e5e6c537a743b9ef72c89b7471380136d1a	342	raw/abstract-enrichment/europe-pmc/P508f22c535ea.json
a781ae2b1eb38da1303cc5e5c5abb42d6853daae4c90b25d0ddf3997025dd43e	10127	raw/abstract-enrichment/europe-pmc/P50965ae4242b.json
57ac5be204f08d56dfc20fca09edae234fdd0f0281a86747e3d1f378310d8c36	10793	raw/abstract-enrichment/europe-pmc/P510d5db4a015.json
96874e2fea35ecb03b7481c47b7a3b7c39392be87fe2d1f66abfb1b5e4bab87e	466	raw/abstract-enrichment/europe-pmc/P511128669765.json
d8489ca9de3b73bc8082c11b22933ee844c3b1881b3257031b073a54aca68596	262	raw/abstract-enrichment/europe-pmc/P5167b54f3a35.json
bfd96bc34a58309949843d4650d6b4fe5a9dce55a6dad14e53b6ad365a6ea0a8	9041	raw/abstract-enrichment/europe-pmc/P51d925e67ddf.json
f34a077d65f58515353e94a1b61be4b9a1802b8f82f5199fe394dedd86251994	12610	raw/abstract-enrichment/europe-pmc/P5385e4cad477.json
d251ac684fcdc7619a3481e90ff3244047c28de9746a588888d110d2b70c2b7c	7080	raw/abstract-enrichment/europe-pmc/P53c72a066967.json
3e420da68e63229fb429628bbb3a8edb40cf0621e504da1387958828e5ea69ac	13724	raw/abstract-enrichment/europe-pmc/P54012692e629.json
0132dda80dc126a0cdb0c6151f9da098571ebfa96dbf722dd86ff06b0cd93a4a	396	raw/abstract-enrichment/europe-pmc/P541f61244ab8.json
a81a1953b57d4e586e299b8d2095c24ef22843f5a5bde3c4221df3d37a2df175	17538	raw/abstract-enrichment/europe-pmc/P545f3aafb5a6.json
05f6700f1cd7e611ec615b73edc1250bb65de258dc3d2ebf61a194313e2b5906	262	raw/abstract-enrichment/europe-pmc/P54658270fb55.json
60d9c94be03fce5e5998b68f430316164ea4e72dcf4c6477eb577060bef5d093	9472	raw/abstract-enrichment/europe-pmc/P54992ca26e63.json
43727e031a144e9e1a92a1f876a5baafa056d3d2998178a7649e1b125aad3cc0	265	raw/abstract-enrichment/europe-pmc/P54cd8a591097.json
5388acf6f685fc07d40e04f76aec47ab81ebfcaefaa15e692ef8126c7e0321a2	4048	raw/abstract-enrichment/europe-pmc/P54d3efe17b80.json
f5e7ff30cb186e0aa40691f471d84f7679552c2f1246e3424e7e5b66b288d7e0	327	raw/abstract-enrichment/europe-pmc/P552be46e8dd1.json
58ca2d975df5dd188ed1c73c6f2c96570869411e8a1bacfa96d77e6df49f4dd9	7729	raw/abstract-enrichment/europe-pmc/P567b0f3641c7.json
15b47fab51fa5f6b43a8372390de9b216d2343a7072005c5aa0f9436c964b6da	5371	raw/abstract-enrichment/europe-pmc/P56ef937c0f72.json
0721905e201dd8250a602790533da0765c0f5bb3225fb322096a925c22158fa8	9632	raw/abstract-enrichment/europe-pmc/P5719f6445a76.json
90983b93b6acb24ecdeb7fc81a1e11a6d44e9214c551e81dfc9a1830577a26c5	314	raw/abstract-enrichment/europe-pmc/P58631f978ffa.json
c113016f5377383ba43916290c7d9b8ed08db4b8ce49e56caed3407240b3f3cb	263	raw/abstract-enrichment/europe-pmc/P5951f3830982.json
ffc1428eecb077a3915fa4348c1b5e9636dbd592433ca69d11200ed52de372df	262	raw/abstract-enrichment/europe-pmc/P59cb3366e0fb.json
bfdd872695784ab11754d023eeda925ee7c4317d6f78e1e9dfc9a15f504c0a76	282	raw/abstract-enrichment/europe-pmc/P59e714e1fce2.json
30518357e954bcfe67de39db1253d68daf8edfa2641c84431209a2af8d25f327	6540	raw/abstract-enrichment/europe-pmc/P5ac8dfba3af7.json
2a1074201e8b3cfa7be98cdda0d638174a7f1412c1393a817b5f77dff63eeacd	265	raw/abstract-enrichment/europe-pmc/P5add12702a59.json
ab3bcaa8693b8abc5044760383815266fcc8c6a2b8ebd87e90914175b779f8b6	265	raw/abstract-enrichment/europe-pmc/P5ae9cc22993e.json
2e4819b8fcdf4d6e00239c8c69ae0c639cfd0e446866f2850b4b3c98a1ceac10	267	raw/abstract-enrichment/europe-pmc/P5bec9d1e24fe.json
5834873276db187900714465347168ec427d86c1582414df17573f7d7f4653f8	319	raw/abstract-enrichment/europe-pmc/P5c1570d82955.json
b4be442018fbf74dd3058048d32b7f93635bd4890dc685930dac12703c96ca2e	18392	raw/abstract-enrichment/europe-pmc/P5e320478e320.json
bc0990adc80cb294e8301930f9e3f2ce2094314a167be546a5b0ef790e7f4a51	263	raw/abstract-enrichment/europe-pmc/P5e66d8a7bd8d.json
2f519500decda30b6e937fdb73b55551d237839715a58125421395b6048cc235	6385	raw/abstract-enrichment/europe-pmc/P5f3cb6513ef9.json
5c0f4828af7c7a2b0dbb8717bc0c40d7d50fd0a5bbfcfda722a98a342188f166	262	raw/abstract-enrichment/europe-pmc/P5f50726cf4a8.json
c98a7d88d5fbf26326826f374ff2880c31aeee42d44e4fddc5531645e67a9436	263	raw/abstract-enrichment/europe-pmc/P5f8189835c53.json
bba6ca2c1ff061ce17adb93079cc0923dd6328f4c90e9ea1972ecc04489863d2	238	raw/abstract-enrichment/europe-pmc/P5feb725db190.json
187b6f4cb5204d7dc5e9074fd561e60c24620c13637b0ffbfdb4f4d1c5535954	445	raw/abstract-enrichment/europe-pmc/P61103450f9aa.json
54bfd5f9da74a1b4e442835177c50269690ef12a2411932b1582fbdf4fcc080c	263	raw/abstract-enrichment/europe-pmc/P611223c17b37.json
8fe4d16d878401c72c45b0dff22a9c1fdfad08a80ca317b92c14b7b85e45fe83	7477	raw/abstract-enrichment/europe-pmc/P619839203e5c.json
a818e73fcaefeecc5c6e82e8c0af546f37d5ad18a56e77dd18bb9c43f367b98f	264	raw/abstract-enrichment/europe-pmc/P61ea3fc10ad9.json
a2d7e806d316018ccfe5a3019bb04834a8b6df409d8493831739c50aecd4eba7	9482	raw/abstract-enrichment/europe-pmc/P61ebe40866f0.json
18c27c4e3bc6388de65ea4e6fef9edba6c9ac7cf8ae44d9cb075b76cfa49bec0	11476	raw/abstract-enrichment/europe-pmc/P63340f86dc82.json
42a8b6130e31a9dad36de735659006e3927b92a26407e29122263dd685fab27b	262	raw/abstract-enrichment/europe-pmc/P64183916db64.json
6f1f8806df8ed4e9acb779aca6112ad11bd39f8c302f58578233696b038b5ac4	9974	raw/abstract-enrichment/europe-pmc/P64cc82f4ed38.json
01dc30aa9ce0e80c9901e390bfc75bb170c2fdc8d35778f48710e5f380b82ca8	301	raw/abstract-enrichment/europe-pmc/P64e16aef1f61.json
0913476e088b389890db30a3bc357d77cfd99e14baf13e55f43068ae39d0ecc2	6921	raw/abstract-enrichment/europe-pmc/P658ed907f095.json
eff1c5e9c36e3a113ff1c5050137e3283886d89229bc828d8a5d9e73eb11b9c0	262	raw/abstract-enrichment/europe-pmc/P66326aee452e.json
566a1645ff302f09e84d8567112ab6b31f574704f380074e47b3b1105537fc93	265	raw/abstract-enrichment/europe-pmc/P667e5f22acd2.json
a758c70efab66bd9fea4bb0deea70b8e1d15335a3c36c265132e79a7f3102e33	263	raw/abstract-enrichment/europe-pmc/P66958245e6ca.json
6c72b46234baa833428a49db0a8b9a0106d01e2b62d24153a661380c51a95c6b	313	raw/abstract-enrichment/europe-pmc/P6730e634f7d3.json
548a133fc1376069fd127abfd806d5ceec568594e3ed0759afee7c36789c3d46	263	raw/abstract-enrichment/europe-pmc/P67872d9534f2.json
b8a136b86b4daf6d8444d30efb62817220149e23e6ec0ab3d1773e3ae5ea46f4	262	raw/abstract-enrichment/europe-pmc/P67c0b3001b9e.json
b1886d9906d2136e99c4cc65bf412b8399db45b4ec23ba5a1ddeca3ce4240f41	8314	raw/abstract-enrichment/europe-pmc/P67fe027524a7.json
511569143b4df956c0aa363691dad6cfce3924568da81c8d47ab818754fe8cc5	8418	raw/abstract-enrichment/europe-pmc/P6873311c7fc6.json
e73886be3309edadd448e2e04c88e4d4dfbaa16bdaaa4652cf02ce7c9466b656	263	raw/abstract-enrichment/europe-pmc/P68a1eb144197.json
10e68f87d0240df07eb8516d0e0dca768103b3fedffdbb94189d1d18be61f351	265	raw/abstract-enrichment/europe-pmc/P68df5445d0ea.json
d42cd707e99e7c38a0ce8810670530cfd5a4811ffe9be483f5abcc008fa9eea9	10425	raw/abstract-enrichment/europe-pmc/P68f68a99cd07.json
e60d580ac22c3d8d14944b6d09dabc7d62b13628971c0776558a039542db499b	11156	raw/abstract-enrichment/europe-pmc/P691b5188e8cd.json
c2215ac069dc610d1ac7952ef92363099fc0fa3d006ef30dda3c092e0573d915	9746	raw/abstract-enrichment/europe-pmc/P693985e39221.json
7ba979d18645c671e0dde18da22cd3fb85aaadf88baf42a190f309a63b4afb21	12849	raw/abstract-enrichment/europe-pmc/P69524167cc23.json
c1c4c86866d90eb17d3f3f0d086e322d968d6db0ef186195823839dd9163a198	9109	raw/abstract-enrichment/europe-pmc/P695dbe6ca4ca.json
f9e6a052a53fe4d0777d14580ed8fe4c121a4c827d3c3c5c4538e04a96a839ce	10982	raw/abstract-enrichment/europe-pmc/P6a5748e5dd46.json
ad7e7f32d1ec7858e5bc7870e05d91a689ed5f34ab9f6b8fb7c9097b6039b184	10566	raw/abstract-enrichment/europe-pmc/P6a88f0816a6d.json
df7019deee08ba38444e3b12a6c553f15b66c3688fe48fc693cdcf347ac9f4ff	29523	raw/abstract-enrichment/europe-pmc/P6b16519e0ef2.json
c2c45995451f680defadb218cbaa4b909fd2d095c811500a43eb6662306f741d	263	raw/abstract-enrichment/europe-pmc/P6b31af1c7811.json
1585410d9a388f6d6a4d58e6ba7e8f9bb570f014fb72e0c9bc175bfd7f573e7a	26244	raw/abstract-enrichment/europe-pmc/P6bacb9cbb814.json
88219a4acdb09c7dab10e5001205abafb11f535ce60dba0b41309ba36ca9cd96	12003	raw/abstract-enrichment/europe-pmc/P6c716feb382b.json
b5416cba1e898cc37f8934bceeff2f1f785d7b77e7bc1ce552a5b4b22fa1ef2f	11616	raw/abstract-enrichment/europe-pmc/P6ede215d43cf.json
a8bd9686f7aac6b2272664aefd9c0ffc0e18cd866c172a5586101669c6ed9f10	8804	raw/abstract-enrichment/europe-pmc/P6f1da853a5bf.json
9a0c6fad9b7a23f65b7a1583de108732efe4a3b488f8bd273d9c0e11fc2c19bd	7880	raw/abstract-enrichment/europe-pmc/P6fe9f3c4ca5b.json
53fd8d4b8392b63bc0783c98666b31e1d26f81666cbbd9176969a9238ace9a5f	299	raw/abstract-enrichment/europe-pmc/P7042155f97e4.json
ca7efdb814b173ba1f531e51ea3f9451a6f8e70fb45229d40533b8a240389b28	8620	raw/abstract-enrichment/europe-pmc/P70959d37e762.json
1c36a2addf84d70b00c8dbf09669f69e09a470867fbc78dfb4d10b72b1254458	262	raw/abstract-enrichment/europe-pmc/P70e184a91cb6.json
ab0ecf05b3b12a194b134d3900fb68ffcde24a1030c3be56adda45691253d6e0	11114	raw/abstract-enrichment/europe-pmc/P70f888697c3d.json
20f38f911ea5668ac13a255916d210fbd5e204b89752d5435d40ad7e1deb0e39	10467	raw/abstract-enrichment/europe-pmc/P71ab211341ed.json
031524ec13db2f148a1116f4f32db1dec1d33924bd284415673cb1f2899316d8	7461	raw/abstract-enrichment/europe-pmc/P71c95f0ca1e6.json
f246f4f5ae177953359938a2c0ac15ef0743ff07852f4fb199db2f2feda8daab	17615	raw/abstract-enrichment/europe-pmc/P72041f04f66e.json
75965a368635408c851bc54e779eb38854c41f7f0527a69cf4e5f432cada7ca1	262	raw/abstract-enrichment/europe-pmc/P740c537be184.json
c0626aac7861d2e544b94342473b1b38c1339722e5f9d74fa34734b2d2d650f6	13657	raw/abstract-enrichment/europe-pmc/P752de945fbb8.json
a2bdf3c8acdb617d8ab22beaf329fc11b95e4bfb9961e6db12ecfe3b1353bfb8	263	raw/abstract-enrichment/europe-pmc/P75336e8d84b3.json
0b1efc8c5a10d52efea08c4699a8ee41b0369419a0b149d1f41233190f9cb82d	413	raw/abstract-enrichment/europe-pmc/P756f01b2ff6d.json
766ba90094a18fa8f4aa8130cd71f3192f0d2f3c9ed3e16336421048b57418e5	333	raw/abstract-enrichment/europe-pmc/P7614c6335daa.json
d3a86971d04df4b6949073d99366bbcbd99047e7c6133e044f8a955c7ea605ea	257	raw/abstract-enrichment/europe-pmc/P7620e663660a.json
93a7d839200edf88f15c671fb670d388fd76e884affee34494d660c9980a024f	11680	raw/abstract-enrichment/europe-pmc/P7807e2ef4e1f.json
90e1affd1c203a1fcf6afe77fc76f11e63b64e9b708a2f0d46aa42e8778e8505	6713	raw/abstract-enrichment/europe-pmc/P78a05405dc1c.json
4ccc92f3e1a0ba3091c1eb806b9f56f5a3e987e1f953f7d228756109cbbccbec	352	raw/abstract-enrichment/europe-pmc/P78fd37282fe3.json
562bce209e5ae4727e55097e2c9a06bf6d2c0448fbeea296dfc4e27070244e1b	12831	raw/abstract-enrichment/europe-pmc/P7a0dc5e9bb0b.json
c5d1a35723f0dc9aef7b94a9446b46ae32850a40efed6dfbfe6cb2e4515e6d3e	12511	raw/abstract-enrichment/europe-pmc/P7a8c668aeea3.json
3fef253109d3a477d6fc5ab097d2cb852e1ce3fa81d7e74e974c2f5053bc0290	262	raw/abstract-enrichment/europe-pmc/P7aaea6fa64a9.json
7c7133e595a3b987639a244314a2dbd311524ef80751e7affb1953d48aa55700	9073	raw/abstract-enrichment/europe-pmc/P7c58c22f7d74.json
719146014b8f49333770c19f386c3a51d358cb2f85ca8885ca3500d02f69117a	264	raw/abstract-enrichment/europe-pmc/P7c5fe363ca77.json
31f08eb6b5bcaf8a291911e7e9e8474e74842c6a0890a74c8d50eb60961df0a4	3434	raw/abstract-enrichment/europe-pmc/P7ca685a46c8c.json
71a7660ea26e6820f07b25cd99df4d754e38f79e886f4f1b1cd2b9005e8f972a	9785	raw/abstract-enrichment/europe-pmc/P7d42f5cf1c5f.json
6b547041eef52c557df8a512d886687d0888383b28c3ccb1f66466ec905b24a7	265	raw/abstract-enrichment/europe-pmc/P7d53fa73a976.json
5ebac5473841eccac7ec04026469108615c2b70bda23233aa683d39334c508d1	262	raw/abstract-enrichment/europe-pmc/P7d688abd6bcf.json
cdb7b7b208f30d1bfa6e925c63405efbb02721744c626e32df6046e40ff3cd57	12021	raw/abstract-enrichment/europe-pmc/P7e5e7fa60b56.json
151546cfd563e5a72043d777791bc70a68c98a2e4a80706a8f6e859964da571b	263	raw/abstract-enrichment/europe-pmc/P7ef2b5fb072a.json
fae509ee7c0c8dd1e407bfe49adc6b5327b7ca7e94a681587bd6308740a23e44	8299	raw/abstract-enrichment/europe-pmc/P7ef61e179dc4.json
4404510f6ebf01841d194b5e711060e135981eb783ff777ebcf145a8e65cc91a	9145	raw/abstract-enrichment/europe-pmc/P7f9bc073bff5.json
7ac33b402a2ce20494dd9e76fe7cabd5a2210124f592c85cc5a72fdfb89d261c	262	raw/abstract-enrichment/europe-pmc/P80cf08c29a42.json
2634e08c5474a587be032d43fd7b8514e04ac88d8d73b50a9a36af42b614e24e	263	raw/abstract-enrichment/europe-pmc/P8147f3ea300e.json
7b44eedd2df325e64bf13577715a293365bf5202fd8becfe854ff2e4cf2c35b7	309	raw/abstract-enrichment/europe-pmc/P8176e709139c.json
2b40125fcefe0a99e739b0a31c13b4363c17665769410d2dd3e612ef94ac99f2	264	raw/abstract-enrichment/europe-pmc/P81e008bc1d31.json
0bf49554f5233fa1fbdb000291cc61a87d9e8a03699c11e07249e6c933e88aaa	270	raw/abstract-enrichment/europe-pmc/P824695b00288.json
6562c68fc70873622405ef630f62f7eacea04abcc9a59f4b7c9f94379a4f7456	265	raw/abstract-enrichment/europe-pmc/P82fbf70a5b6b.json
c9513f3011ab695cb0c632f8c9dfd958466cf6ea861a3aa51d2c5273a992bee1	12025	raw/abstract-enrichment/europe-pmc/P830297ce7d27.json
94ecf484dc677a6c284d66338a297724d03f149fcaa7ba108ebbb68c573ea4e3	254	raw/abstract-enrichment/europe-pmc/P83fa33a88390.json
20fd21e42684c5cf2329335f296860bf609e35f406553a0a270c1d315dc88477	263	raw/abstract-enrichment/europe-pmc/P84084bb61241.json
8c7d70ab2f1e5882fae77646477a5c5d345f7171e8df4fef578a700cbb1d7177	273	raw/abstract-enrichment/europe-pmc/P84a38d6933e8.json
bc2e3f8fad7a71fd299ef4e654960ccc177b11cfdac146b21a092ef62fdd7815	263	raw/abstract-enrichment/europe-pmc/P84f1e4d003df.json
8ccb9e3aa08ae80bfb261dced77ce768315da6ee5e5abc63a980bf7bd34005e5	16034	raw/abstract-enrichment/europe-pmc/P85b23f3c9a25.json
07b0c5cbe9776e96d768f3468db09acf5ff0408d254756979df5aa8751369869	257	raw/abstract-enrichment/europe-pmc/P85c3ce37ef3b.json
06e59881c849e1827aaa553bf785b7600baf96e3fc4503211da6d97806588e1e	13209	raw/abstract-enrichment/europe-pmc/P86d95a8b4909.json
c0e0cbe8720e61e43247795078f225e957f215c2f021d58b398a1aac114e0423	15453	raw/abstract-enrichment/europe-pmc/P87d5454e5cc2.json
cc11cb76f37d7f493e4ac73ca936cd7b21eb5990af86abcb01a229a54125aa16	9470	raw/abstract-enrichment/europe-pmc/P888f6faa0b22.json
4393c2e0f244b8faca6b5e75b55f3d17a0ce833990b1a8ecaf6965393b1fb5fa	7855	raw/abstract-enrichment/europe-pmc/P88fbd1f65274.json
58c6f986fe06b022fe3efbd2aa32a5c7df708ea871acc03f47aa8bb37ec991ed	254	raw/abstract-enrichment/europe-pmc/P89cbe984ed1e.json
2014be8dcd48552575895e9636258f5d531ce574a4a94882ee146cd3ec506890	262	raw/abstract-enrichment/europe-pmc/P89ce798c4c31.json
e8df1969d1eeabc8c83a15e1c1747cf1f9d49e5099779a1c9adb737eb93a6d0d	262	raw/abstract-enrichment/europe-pmc/P8a57898149c2.json
eeae9bd3687fed5e658444a4841f82a18c655b374091a85bc91720e1b2939969	271	raw/abstract-enrichment/europe-pmc/P8c8726f00777.json
a5d211ec89261f1e25a4c370eb97dc8a538b993d38d47779613779c33cdc4c30	309	raw/abstract-enrichment/europe-pmc/P8cadce817fc2.json
6bda2381ae062cfa90c22d7ce7b08b51b7b06f729c69ee42fb8e2c7eaea573de	12878	raw/abstract-enrichment/europe-pmc/P8caf479df3aa.json
9961b21e4a9069dcbd924a518f21a7e455cc22915652e19497d12bd4864bdbeb	10750	raw/abstract-enrichment/europe-pmc/P8cc66c3409dd.json
dfc869af8e9c9f23a0073724dac39bf070da193cf67be25bb476250a3ba2e3cf	10838	raw/abstract-enrichment/europe-pmc/P8d316c487c6e.json
1cb3b8bb6f2555335c6928cff39c92c30812d63799de93f3caed413e5b62829d	263	raw/abstract-enrichment/europe-pmc/P8dc71c3580b0.json
a85a7fa6d579e4f22ba3a82fe68c621c7d6c1ded2d487d0d77982ba0e58d9a3b	8152	raw/abstract-enrichment/europe-pmc/P8dd9d72fa13b.json
9b09868918f849e312d9433653c5463e7294aee3200ae38e243295c7eadf7f72	269	raw/abstract-enrichment/europe-pmc/P8ece1bb2377a.json
905dfd4b0f02966e1099d4fb05e8688197043be17fc79f7f01c984659b79567e	374	raw/abstract-enrichment/europe-pmc/P90681f253887.json
04d805104c4ea61e3f192c007c8a2a290506957dab6962178198da6201a03ee1	10928	raw/abstract-enrichment/europe-pmc/P90ed2fe12f3d.json
ce0ed3a9607d863c7f44494f2887ce9dd1327994de4af6ed9d8c8cbd4fec03cc	263	raw/abstract-enrichment/europe-pmc/P9103dc185eb6.json
d0141a769c17009bbc07e81b5106ab670cc94bbadba6d0195e64c9fcba12d6ea	263	raw/abstract-enrichment/europe-pmc/P9162d3a2b1ec.json
b42d88afcae8af883c0860a91b0844d3614023c6bd9df3e10187653d15c81d09	262	raw/abstract-enrichment/europe-pmc/P9193988f45da.json
ba5349609327c273a13ba4d47c7e7393e970d29650bc1a9d2c9972c6533d747a	291	raw/abstract-enrichment/europe-pmc/P91a28db1fe30.json
d054c2d85e3d9923de10db5b0510ac8c5c73492e4d8d052f6a0f02539f9cfd85	13500	raw/abstract-enrichment/europe-pmc/P934e3972d0ed.json
7fdf6fda6c3176a3e0e0749240e4a2ec2a1e3178ea5dff4642a7e8bd19c4ffc8	265	raw/abstract-enrichment/europe-pmc/P9374a020ad6d.json
f76ae576fee6f6a3b3d669f93800d4a0b1f60202ddd762b78c933c745b14c37c	10296	raw/abstract-enrichment/europe-pmc/P9491049e9e6c.json
281fedce155fffc0b1f3e5f4f17677ef1075452546ffb1351f429e1a7eae6568	262	raw/abstract-enrichment/europe-pmc/P94f2020a2478.json
12b86d758558db04a34c09b5423b1f47c6f64b3113ee268d8d7339d6ff5320a3	14890	raw/abstract-enrichment/europe-pmc/P96bbb65543f1.json
5c9a30b25676115c8770475be1d671b82fce83fad891ea9da0961f174b971022	9587	raw/abstract-enrichment/europe-pmc/P99af2881bb9e.json
68fcb77e7dbf13335c358f0bf4e04e48721cc85bf1296cff188675c030152d8a	254	raw/abstract-enrichment/europe-pmc/P9a574eb2998c.json
eda5fdbe34b2636b8782c96108ead4194f3dd486de5b447fa3dbc4afccd7d9a8	381	raw/abstract-enrichment/europe-pmc/P9ab48de8b58f.json
a714a9fa918102ee86df707c1a2e5a569fbfb1fd9d85d53a9a2881aaf6817880	278	raw/abstract-enrichment/europe-pmc/P9ae64045396d.json
e521c27cc317da48986051935e6a3174ff67e72ff7b135ddc73638f8507039d0	6137	raw/abstract-enrichment/europe-pmc/P9b77a57aa69d.json
d6c04e11cdbab412af1afc2106f2a128b6f99116d1d7238739b38ff304781fec	11395	raw/abstract-enrichment/europe-pmc/P9bca58ae8795.json
1c50189f24cd708eb4a4381ee368d6802ef19102a1abbbaeede5caf1a9d33ef8	265	raw/abstract-enrichment/europe-pmc/P9c649dabf7f6.json
5b6f81423c972ae6d6a59f93c4d5895ff377d7b57b593bb1222e31ec8f82ab27	6752	raw/abstract-enrichment/europe-pmc/P9c9a882ecc6e.json
2f4ecbb3dfca5339e86a57e420fd04c0cf931faae9b28028edb18eb820e07059	263	raw/abstract-enrichment/europe-pmc/P9d29baaf604b.json
3bbc8bb50934ae228a57b1e4d70df8261e98993444af5d5889ee9384ac3cd19a	253	raw/abstract-enrichment/europe-pmc/P9d54ec69be9f.json
ea580386aa5dc28c53e88af0a7224716b8cdd169c7716267c476dc9c78ba1849	336	raw/abstract-enrichment/europe-pmc/P9d64890cdd4d.json
f2489d7557653e8ce18c073f93c153cb51a5f178e6339ab93288fb4e36b77679	262	raw/abstract-enrichment/europe-pmc/P9f8d79564cae.json
ca203744baff1f935f2ec85334d22de9dd06cc6c1a08a56aeb2cb9768c39f0cd	263	raw/abstract-enrichment/europe-pmc/P9f954a709c1a.json
2def939f90b0ed4fa1eced335f820c825e4b09022e4748737d0f4c68d1c329e6	263	raw/abstract-enrichment/europe-pmc/Pa0e177deeaee.json
20fb0b145d9ee1668f46d60491de83f28388c2877fb0810e0cc8e67f95de5a48	10405	raw/abstract-enrichment/europe-pmc/Pa10f0f956292.json
d057fcacda3e76827a22b8a312f40cc1c33b250bcd080779cde3c5b7a7c2ba3d	14575	raw/abstract-enrichment/europe-pmc/Pa1f3ffc9be57.json
e7808b1df17915ec8ae34adc90fc46939b73d6c94c5216df9d6db20f14cf31f4	7568	raw/abstract-enrichment/europe-pmc/Pa2470bdd579d.json
b69e811174dde0954706490dc3a5067858fbcd7a6c9e85ae810e57f151a6c26f	10392	raw/abstract-enrichment/europe-pmc/Pa2f22eb9c8e6.json
c2d0311df07b3b149cf0d02afd2e01eb3111cecf2dceb015290110716c43fade	11796	raw/abstract-enrichment/europe-pmc/Pa383004fad23.json
c4d8b5de35c79d320d3d3c1a2f6c37042766e68e4df56b41cf7408687ef6420f	17448	raw/abstract-enrichment/europe-pmc/Pa3b74163569a.json
65c6ee81b3e80df8b4d0ecd72b3d975020bbca559dc411947f287f11a5ea95f8	13613	raw/abstract-enrichment/europe-pmc/Pa3bcaeb9e61c.json
df06bf3c812f5879986786e3c68328b481501c2a68ec4a9f6896fc8c4437c36d	265	raw/abstract-enrichment/europe-pmc/Pa3e51be25ac9.json
4d4263ade276c701634f9b8e81fc774f25af46c775845349041df36f99ccee2a	12306	raw/abstract-enrichment/europe-pmc/Pa42671585f9c.json
0b2e2fe525b0852d6e3cc364752e894bdc791c8302c26e7216501ce47337a2f8	329	raw/abstract-enrichment/europe-pmc/Pa4723e85d8aa.json
7e40898ce850fae74c4d9cb155cac69f0cebe5ceb39e29e282803aceda36b78a	12784	raw/abstract-enrichment/europe-pmc/Pa513f8314c69.json
7557344cfe07f085bf0fc670d8dee3120ba46efc2b2e3987fde19b05624bf0c7	262	raw/abstract-enrichment/europe-pmc/Pa5573d973489.json
0513cfb194935435e3a96fec0ea5845018414af666c56b68ebb72c23470a286d	366	raw/abstract-enrichment/europe-pmc/Pa61112c965ae.json
b5668dc65be7ee2056142a8c87139e72d4450a22e24cd8f35ac1e69595028a79	321	raw/abstract-enrichment/europe-pmc/Pa6e1d2ae0b0b.json
650fe2ab8b2ba3f0e591ef0ef45fbfddbd13b1c9cfd22716beb4b4d71019fe2c	8327	raw/abstract-enrichment/europe-pmc/Pa72064d5233c.json
deb64b0539ab6a7e974a1e9f811bfa7819b4d4abb789de4d54390c49bfdb2a3e	10496	raw/abstract-enrichment/europe-pmc/Pa722b21a3a1b.json
7ae81e6931e22b79bc83cc47e7559033cf7e745510c40b26785b1b43960a6ecb	262	raw/abstract-enrichment/europe-pmc/Pa7c4c90fa97e.json
cc1479b68fed9b91f5a238f325c83a8360eac6dd8e5f28dddc0ae003a787a663	263	raw/abstract-enrichment/europe-pmc/Pa858d1506a85.json
04e4b5bb8ae253c623f416b736d1af91eeeb61d1dee6af8a03cd60b6ff50ad19	11242	raw/abstract-enrichment/europe-pmc/Pa97548661585.json
0b5378a0c79b345692eee06e4180727c2bd43dcacc53373bcc3af3597788b209	265	raw/abstract-enrichment/europe-pmc/Pa9dc1bf87268.json
fdc606be273ff4850081798acc4591d23d71d8f29232098eb4406fa3431f3ed2	15680	raw/abstract-enrichment/europe-pmc/Paa906dfb4e6c.json
0b34005c14ff5eb9792b33dced95fa2a7b6b85b39740309be6ed6b6a3d707296	7986	raw/abstract-enrichment/europe-pmc/Pab4d4ceade27.json
3296f3958742a69ee14b78dcdc8e7ca6102c38b0e69ebd936b92954b145f4e08	257	raw/abstract-enrichment/europe-pmc/Pac0903202da7.json
a81e239c5466ffddf3763a0590500b97bd955f6a7db4980db2f18dd80a514e97	262	raw/abstract-enrichment/europe-pmc/Pacc1dfbe2c94.json
fbc4a0f2b09b03a8abee4329912bd3c11429cdc3afbf2a8dd389a28b35a7f1af	262	raw/abstract-enrichment/europe-pmc/Pacc6f14c8a28.json
19320bead15f7c30ea46f4716fd00bd4f6a0b109337eef538f35fa4b0385a8b3	261	raw/abstract-enrichment/europe-pmc/Pad6f9a7ca8c4.json
504ca45e7964959bff88168aaa923623d32a20c79b1a6fd38fad02f3329a7fbd	297	raw/abstract-enrichment/europe-pmc/Padaee0ce7919.json
30fab9549dfe5ca3c3c8b193ff761fd64e5ef64a2e490d9fa03af5d0dfe98ce8	9980	raw/abstract-enrichment/europe-pmc/Paddfca67968e.json
8e9fde9850f9d6f1b9d27ad465f9c245660501863e09bebbf6a1c11a40b58579	262	raw/abstract-enrichment/europe-pmc/Pae638f4102d4.json
a41099e41b4f02d5d673af8bbae12116e49c1efbdda3c4ae48b3a5544742ae39	254	raw/abstract-enrichment/europe-pmc/Pae80badfa62d.json
e25e11526c938c578e7173a8f224f1e867740169453c090290c479f1a6407020	13129	raw/abstract-enrichment/europe-pmc/Pae887d8786bc.json
2e70284ab12bb59f5b5a6644049ef57464ef8c46d3a942ab44e949a3af0d9aad	10667	raw/abstract-enrichment/europe-pmc/Pae956bbe01e3.json
5eeb2dfac8544076d9ea8dfb58de3d756b951ec244e11351884a090a2b6ac67b	12671	raw/abstract-enrichment/europe-pmc/Pae9a1ef61183.json
a06e0f82679949a14384da4bac1304cb1b5897dcb8d1a5b9bfc66c9cd17bee9d	262	raw/abstract-enrichment/europe-pmc/Paeff67f2fadc.json
6701e4d4b6360d4e9f1dcb02a26b816ca876aaf18fb7df7144716389bd9f6193	265	raw/abstract-enrichment/europe-pmc/Paf122526aa99.json
3633c4b1020d9284ce12ea637b67db056dc43076d9cf44e993c125386559ed7b	432	raw/abstract-enrichment/europe-pmc/Paf9d36eebaf3.json
7bb7c93eb91f2bfaadf8dfe402af2481f0ca5a6324f134bcbac26092c9d1ee55	7780	raw/abstract-enrichment/europe-pmc/Pafe4ea72224a.json
5a14cebcf5087816ef19ac186ae6ccee62e3f513e12d6bc93fd79f1ff3fe633f	327	raw/abstract-enrichment/europe-pmc/Paff62744feb9.json
3efa6d4ef101256941622c1baba32db97f230db16144bb4b463fe9e0f7440c5f	271	raw/abstract-enrichment/europe-pmc/Pb026657f9228.json
e09f13bc0ad8d7f181c2a7278b8245dc6c809140ad6199127712aad75bb4e014	8539	raw/abstract-enrichment/europe-pmc/Pb0cc5eeb954f.json
a4be63f354b7af8ec8143c32017d2b9ae35fb3bf5deb3afef06f81d990d35f8f	262	raw/abstract-enrichment/europe-pmc/Pb312ba376d2a.json
2a2d1b672e320250215beb1a51f31343c5fc6a9b5df4730d7e4104e3f46e6fd7	262	raw/abstract-enrichment/europe-pmc/Pb35393b35995.json
d282aa2c54ee4181268d75f740bd7e0ff894971948907a5a13c8597fd07c265c	14869	raw/abstract-enrichment/europe-pmc/Pb43a6f0d263a.json
6da9f636f36632d0d0a44134b592ec0da52fb54a6ec35354056295227caa91d8	8333	raw/abstract-enrichment/europe-pmc/Pb4d1f6314a62.json
b76b0b3ac1092a1327c544561d256c14bcd793d344b7a46645f695839160b1e1	254	raw/abstract-enrichment/europe-pmc/Pb5610cfd0ec3.json
bf575ef569d24688f87e978dea7d343e209654ea6ccc89f2f4eb836a3a06f426	263	raw/abstract-enrichment/europe-pmc/Pb561a294ad84.json
97cf7ffb30cae4aca973596496e6af8e93b306638176dd1672430c2469e855ea	293	raw/abstract-enrichment/europe-pmc/Pb57c11906da6.json
5e5681941a68c7b2f75e560363545f0cd92c1cd6eeb512555d32b84588513ea2	263	raw/abstract-enrichment/europe-pmc/Pb5ebb2aaabac.json
3341dad10a475eecb9a5a6bd2967836a947b51a86aca500884a18abcf98a16ff	262	raw/abstract-enrichment/europe-pmc/Pb6481b02bb52.json
7cf8bb29887260519688ce15ce71d4bf020aaee9b854b847b0965e8442246ada	8198	raw/abstract-enrichment/europe-pmc/Pb726f48a7db1.json
0d83ac28922258e6277ddefeef50f6a65391c4d76b26c359b53ecfd32bc4adbb	6875	raw/abstract-enrichment/europe-pmc/Pb773d7ffe753.json
23d0675b0060914c352516bf7be2fe8cf72a64dd2bce14db1e18d76fc474bf46	262	raw/abstract-enrichment/europe-pmc/Pb846d582ec94.json
153236441227d5799e1c1ab856d40625d2d93b39ba23bb75d454b41182a6c673	256	raw/abstract-enrichment/europe-pmc/Pb8f868bd311b.json
693e483c98bb5a6021b5f285e7f7b107f3d1e4e8c48a2736b8daaff1aac18304	263	raw/abstract-enrichment/europe-pmc/Pb98703050592.json
8d75c18a238b5eb3c9485dc1bcb2343ff55edf84c3e285e9b79aed2870cef285	9128	raw/abstract-enrichment/europe-pmc/Pb9edfccb706b.json
e192c641a9ec8bbcfbbad8a4dc7a5f3482c1bfde35818b361af0c2ae1e1ae268	359	raw/abstract-enrichment/europe-pmc/Pba8153fed120.json
adfbd6d4eb3144839dc0dc84c6ff1816407ef29a94acc06156df7748cb0191c4	10278	raw/abstract-enrichment/europe-pmc/Pbab69b6eae13.json
594ce6136ea8f07c8a4b809e2b37490a39b947a5ea36284587ab9b5d155b8e85	254	raw/abstract-enrichment/europe-pmc/Pbd3abb143636.json
d17688a1fd4939a0a8bee0ca0cd643c4866a689d78ba23cefec62db78a99578e	265	raw/abstract-enrichment/europe-pmc/Pbdb62e628247.json
fdad6335f99973e2820123c1a08563cfb6e19023ef2405fc591d26d85abd06f5	280	raw/abstract-enrichment/europe-pmc/Pbdd0c8ecf49a.json
e682359092a138d246179d48fae5d4aafd37c4e27a2da758ac630e42b7189ffd	26284	raw/abstract-enrichment/europe-pmc/Pbdd2eb6538a2.json
fe90b41a3a28005edde45cb309a631956585157fdd95ec31bd8842b17b6da0ab	14190	raw/abstract-enrichment/europe-pmc/Pbf48f5d37820.json
51b2f0caec80e17228ab08abeb98b777f4982947fac51311e73ddd08b7bdf1b5	19637	raw/abstract-enrichment/europe-pmc/Pbf5c3e940581.json
625c79494bfea0cccddba0efd95115865f29946329ee50a82fe87746226bb375	333	raw/abstract-enrichment/europe-pmc/Pc01459fc7e61.json
1d246c7011a8274ddeefd0ce925af4d2e986007555c5a03ead0541b8ff81a5fb	11271	raw/abstract-enrichment/europe-pmc/Pc07949b0f6c6.json
268757c3e67a67b43a1b18f84efc7cfd196a4714df6622799a3d3d47a5879391	100706	raw/abstract-enrichment/europe-pmc/Pc0cc1bb04e40.json
0634f16bebf1deaa7d47120bd70a3ef617f1046bdff1e4d681772ca666118b3a	264	raw/abstract-enrichment/europe-pmc/Pc1019d8075e6.json
38b3cd92271fb400155fc60fa1284d2fd59ef9b0d54012df31f68b6cb20fbd0c	253	raw/abstract-enrichment/europe-pmc/Pc194a35d6048.json
9c5d798a2e865d81d040de3f5b1ba0a05873b29ce9d36b21757a0ed01205ec31	12698	raw/abstract-enrichment/europe-pmc/Pc205d627b087.json
e19062136615e03aba91646795f5681670df4ff3024e00ee4708927612459d1f	10925	raw/abstract-enrichment/europe-pmc/Pc2f25f45e6fc.json
23cfd552a64fe28d709bd1c0fd69a4c7967a9cbd70b159d3ed25d176c97eaefb	9602	raw/abstract-enrichment/europe-pmc/Pc2f695b36c08.json
2d7fc763aeb536fbf17e3b4b268d7adaaee96678e43881348992f9696912fa1e	38542	raw/abstract-enrichment/europe-pmc/Pc2fdc28319b6.json
ecfa38d71326b31e70e2cb4d5c335f2896367da9362c10cb7591134ab8bc27d0	263	raw/abstract-enrichment/europe-pmc/Pc32fe13c11bf.json
61a947e204d2cc66ea11ca207e2620371e158c51ae2e2bc39641f16467e603e1	18474	raw/abstract-enrichment/europe-pmc/Pc3cf922b3bdf.json
fd1310181941ef39e1cb6fbbe7f456a4a00b617c872c99e53cfccdc5ad602411	9170	raw/abstract-enrichment/europe-pmc/Pc3dd26f201c6.json
eb227ceb49959dc74485b749bcde7a10158b7679b47d4ecf64c599460cbd1700	262	raw/abstract-enrichment/europe-pmc/Pc4184d6f7289.json
886e9988ecef00dbbec5aee1ab6f8ff089474f830c6204086847615a86b60ecc	262	raw/abstract-enrichment/europe-pmc/Pc457fc23522a.json
f1803a2fb1143cff0ee86dd9899b8d54dc1418a5ba1e5631e1c540efe4ae57ef	15702	raw/abstract-enrichment/europe-pmc/Pc466a7ca714c.json
09312d0c00b945e4e16e11203032ef5ae326f530daba769614344a0711084fce	265	raw/abstract-enrichment/europe-pmc/Pc4cd3cc279f5.json
45ff14297105babec008d860c354e115ca62160487666686d8ae94c789a9198a	7306	raw/abstract-enrichment/europe-pmc/Pc5cea65e1a33.json
ce4a7bc9a0e9d500f14f1dafe78729d430799593653e8a68b6f4965fd6a017b5	262	raw/abstract-enrichment/europe-pmc/Pc60c7d24cd36.json
81cdd4e9794900dcfb0c730e1f8f86f8454981fbd39b40e81954612c1738ea2e	263	raw/abstract-enrichment/europe-pmc/Pc71821c2ced6.json
721f8e84246fc487dde9530fa5c4813dae2fa83c27c566eb06d05440935e9b0d	281	raw/abstract-enrichment/europe-pmc/Pc7195d8ec694.json
a06767725d765e82a18595228ee70b2e10900e6507a911a0243e3d6293beb99b	260	raw/abstract-enrichment/europe-pmc/Pc7479ce56104.json
63fa27d0782986cbda6adf976280c6028d8461f62da0462613b4105e308d94dc	423	raw/abstract-enrichment/europe-pmc/Pc83105c05562.json
3c238622369d841f13cf390bbc5061ab7840da0d166089dbb8588c778b6e1038	8008	raw/abstract-enrichment/europe-pmc/Pc8abab97b38e.json
01ca4c33f5bb441048e4205f70d54880f9bb71afad2eccd3616e6c9665042d28	284	raw/abstract-enrichment/europe-pmc/Pc8d3cf2ff8ad.json
953556c2dee6bad8d14418853204fd55375efdc79ef8ea9cab38488e7641f39e	8390	raw/abstract-enrichment/europe-pmc/Pc917fc396f62.json
91d1f3cccc069a2e2df940d9086b3c32ad04d13f69eff2611d5a380e3c5edcb0	9634	raw/abstract-enrichment/europe-pmc/Pc92174009658.json
2b39fb6cae6b4abe494d06641e074093d75edfeed50dc5cee4748f62099aa4c4	254	raw/abstract-enrichment/europe-pmc/Pc9d3cb144abe.json
f9cf188f79c66d131b7c0ac92c3c07e7909f48ff22364704e464eeb165966113	14691	raw/abstract-enrichment/europe-pmc/Pca3742a4bbb7.json
eb6dfc7c80b253985ee40d0fde15e3ac107d4830ab80ef1ac8eb8dfc137cff7c	11272	raw/abstract-enrichment/europe-pmc/Pcaa1bae952c4.json
7bfd0a1a8fbb51a59a9c43891f34160bc6c136eb97fd54060054794683070c3e	7291	raw/abstract-enrichment/europe-pmc/Pcaf7874e2cc9.json
9f5270b9ba36b4a782b1b6fd353d153af4e49f101bef033cc24cfd4a915c11dd	340	raw/abstract-enrichment/europe-pmc/Pcb30dc658add.json
9592aee2b521e40e9e33009e3aa40482bfda745eab626249774fa927e1a17460	262	raw/abstract-enrichment/europe-pmc/Pcc47d51be1ed.json
63e08b208866aee3026e67a52eb069b4c1f177bbaf0120bf790f5ae0d67e64d7	265	raw/abstract-enrichment/europe-pmc/Pccbeb663469f.json
1af2d0f256d45dc76d5813f12528f1e82f0556b83a1fedec60fd42749dd2d9b0	252	raw/abstract-enrichment/europe-pmc/Pcd36cda22319.json
b8c2aef2dbba695be4877f1b270c4b20f7cd9c5cf08bf7a3ce6ff65802cae22a	476	raw/abstract-enrichment/europe-pmc/Pcda137ff38b2.json
8d37888fdc650da8cc2845ce339aadf9d8eacf71fa11de48970aa1c74ddea553	12351	raw/abstract-enrichment/europe-pmc/Pcdad25346449.json
843ba9871b1acca046ec8b0c58df2421a3bc143be0aa1e7b888db7186602ad16	324	raw/abstract-enrichment/europe-pmc/Pcde14527e400.json
5f900654753748082bee578d8529abed6fc27caa1a6d48195873e264f4161d9a	9908	raw/abstract-enrichment/europe-pmc/Pce4d682d4927.json
a2fb990e478102a125c857485bb7d04529d42a970799a17df000f863d47c02f8	10828	raw/abstract-enrichment/europe-pmc/Pceefadef2b46.json
13d44e58fe8f59b52336ace689bb7538aa73cc2ed7874ac24488e51b6f2cab12	7716	raw/abstract-enrichment/europe-pmc/Pcf05ac2edd07.json
c718e2d7a77e76263268409a87628f4cc8af408db1eb0bcba8b200ec258fadca	263	raw/abstract-enrichment/europe-pmc/Pcf43e0c69e7d.json
3f574c262864a897354e598ce68b243036f41a3045967e8c0b953a9329deea5c	262	raw/abstract-enrichment/europe-pmc/Pcf94997837b9.json
f2915749e1424c8045a63e9baccf6d2e7b65639f105bc09f580fcd2e28b2ff55	262	raw/abstract-enrichment/europe-pmc/Pd00f99aec8e5.json
5a76a0cf5087706d27a9f0027c1d0009c49aa3fab25008e1c9ddfeb5b94d892b	300	raw/abstract-enrichment/europe-pmc/Pd16d4555f0af.json
560d53a82bcfefa3c109df3908ba070a433ad3d6ae1353beddc9b062ca81926f	6128	raw/abstract-enrichment/europe-pmc/Pd1e37b3befaa.json
e3422166a22335cc6442c92d13e5f500662258bc30760e99bc3381b8d7d51447	6579	raw/abstract-enrichment/europe-pmc/Pd2b2bfb0f9d7.json
7710270258218ca170c52c17e47688a23e0fbbacc444c973a9909d9218b22d5f	339	raw/abstract-enrichment/europe-pmc/Pd2b8d21f673a.json
47723d3a81c15112dd3f90fe62152c196c66dd474431dd45279c0465fbd260a4	265	raw/abstract-enrichment/europe-pmc/Pd2dc32310872.json
23b866100df04b948cbc527304338142a29e7d33971d9d01c411e6f44868dbc0	334	raw/abstract-enrichment/europe-pmc/Pd31fa4a8dd0e.json
8fc673aea8b813248a2ba1f5c48ac176a3e400c89272bde12f5e26465900f7e3	263	raw/abstract-enrichment/europe-pmc/Pd3f52723e0fe.json
27286a6d31c1151b6c1d2426157c5dc2af12afb97991b279c3ebeaf43aa3d429	261	raw/abstract-enrichment/europe-pmc/Pd4d0869d144e.json
3a6e0384fb4d0443db80b785ba7c4eb4bb13f236fc79538db40aadbcd6dafe06	262	raw/abstract-enrichment/europe-pmc/Pd4e2d2b6d363.json
cb5c8015bae7489e69e3a95760969efd020a5538f23cf4f11a53eefb12b5f363	8531	raw/abstract-enrichment/europe-pmc/Pd4fe676886fb.json
90e08961cadcfb159615e8001c6e9103c87e1b7242502b1e3301fbd661f79d3b	5526	raw/abstract-enrichment/europe-pmc/Pd52da6a8710d.json
d2dd454cdfc3203cac59a71329f57c608e9c0f5f4fe484b08cc55b44d454d710	390	raw/abstract-enrichment/europe-pmc/Pd5c8552f5597.json
69a248eb2cf87931e6e009edab074a80b68af9e55a20624c25eabbbe43690874	19084	raw/abstract-enrichment/europe-pmc/Pd73e73a4055a.json
6ad3060c27d36f749d51e6172986643961c557c516cbf1d9075aacb94a3036d0	259	raw/abstract-enrichment/europe-pmc/Pd7ce056308c8.json
499879b74dbf7825086a131d42b391e155f0d784a182534c5578d9e2ed55c3ad	8859	raw/abstract-enrichment/europe-pmc/Pd7f9b156810e.json
719bc569495e64b2ec666a89cb48bc599ab9728c5ecb65ad094aa1f5b7aeceed	11709	raw/abstract-enrichment/europe-pmc/Pd85a47fd1e0a.json
ec5a140c60c0eddba8f8eee921414c048d148d33255e17dc0404ecd7e58a0d84	8676	raw/abstract-enrichment/europe-pmc/Pd890a3bccb32.json
f65e012c0e635a3e29446a0fa334afd102fa6cf5e7f461f84693a8fc04674897	7003	raw/abstract-enrichment/europe-pmc/Pd89954f39a01.json
110f342de5dc6f3f35311eea53e979231faa42dd97131ad22066c539cbfa46d7	10415	raw/abstract-enrichment/europe-pmc/Pd8cf64ee8e01.json
e9c475f31b1f690af78935a34e8cf10022d46180833f16ae4ed98228fd96ffb2	263	raw/abstract-enrichment/europe-pmc/Pd8d0cfd52d62.json
5b765ff2208f71985281d4dd720ce44d11d226f289e9df9b7b35eb15268880e3	265	raw/abstract-enrichment/europe-pmc/Pd963858c0bb9.json
4cf884dacda916419a9827ab032725fd8e6c01a72516958b98f900600acdac5c	11457	raw/abstract-enrichment/europe-pmc/Pd97e03499c2d.json
fd002fb1c5f73b940ed902ee0ae0e13233ca30a3c0467a94a6eea52dc0392e0e	9122	raw/abstract-enrichment/europe-pmc/Pdb1b954ae9f9.json
45871b3f3d301347f79c7bfe22e958bd9fdeafaa44560432255016f1ffd1c7fe	6764	raw/abstract-enrichment/europe-pmc/Pdbef0c2452ff.json
842a6c61579763b05984727d9c04cee31ba78b2d60bce7f3aa5ef39a3e4dbb33	262	raw/abstract-enrichment/europe-pmc/Pdc1d84a279f0.json
0214e7b5af9c0396f5146b428ba96e68a4c6595458e33c1fc9fe7bf808198173	265	raw/abstract-enrichment/europe-pmc/Pdcad10c81d18.json
c889dbb4c7501a749d1454cf70c27b5a2e7941e8384401c7d1577c712b19b161	10932	raw/abstract-enrichment/europe-pmc/Pdd45822de355.json
7c03d3192e64e882ad4d8abe31ffa1b1f2537d7365cad4128803406973fc3dcb	8113	raw/abstract-enrichment/europe-pmc/Pdd65d5eb4756.json
3a62450395f919ff092d84ea75140a66252575341b3c6214ead2693aecabe683	263	raw/abstract-enrichment/europe-pmc/Pde2beae9939a.json
562a14959a8475ef8651b32988344c921d68cf343e8fc84bec9a072a6bf46c24	468	raw/abstract-enrichment/europe-pmc/Pde2cf0605c36.json
bf7aaa80038eabd3fa05ba212a269e66b20687e9f13ead413b50f1caef976442	10096	raw/abstract-enrichment/europe-pmc/Pdfaaa07e74b7.json
d78a9a81235eb7da19888b67d8fbef0f54fb5c245f6d5bd4e9084f6bf8a8f514	265	raw/abstract-enrichment/europe-pmc/Pdfe020af6ced.json
6904541625b92c420b6a819b5c680a1d1a0b2e3646834f2f56ad32cc89ff400e	9376	raw/abstract-enrichment/europe-pmc/Pe009a648aa22.json
366850b52e796ff9a825a3619f11f931de5fe76678f9ef2c001580c49c0b7439	13741	raw/abstract-enrichment/europe-pmc/Pe0949fbb142c.json
e792c5a47f541f337184134666f82694e34d3b95f0bd9de01039dfbf91427c80	5538	raw/abstract-enrichment/europe-pmc/Pe0e06b86958d.json
d21db2b4d3f5cffbd6d96e90e0ca4a8f06bba15cf3decec8e69080b6377a6a63	257	raw/abstract-enrichment/europe-pmc/Pe189113fb1ef.json
1731bc59cf20c27216c824d3102677b8f1ce9ded3c2d0e804dea12c7e2e2a353	5827	raw/abstract-enrichment/europe-pmc/Pe2a93dfc1479.json
a31f6fc8c3598de356dda7df9d7a16109453a14ee6488fb706099b4b34b06663	14969	raw/abstract-enrichment/europe-pmc/Pe2da1537ad43.json
a4251c355754c5d1ae50912362fa8812da218363756683c3ee2889a634ccf67f	11946	raw/abstract-enrichment/europe-pmc/Pe3742ee87c01.json
8078d2db34b2a82ab09f99fc80b7d2dbd6a1c8b1966bfc9390540a3b55ddb0aa	259	raw/abstract-enrichment/europe-pmc/Pe4b933f4c4b4.json
19b19a6733e90c81e8bbece8e03cb635fb9a327dcac392092a63e63cb2734f56	397	raw/abstract-enrichment/europe-pmc/Pe644f798c18a.json
1b31032dccfd9b7d537bbbfa0c736ca56bc7ac317ab39fb1061c1622cb0824fc	253	raw/abstract-enrichment/europe-pmc/Pe70700b58c3a.json
e80c9094b94b0365e2cf221f2fcbda1afff065552a54cc9162f87a4ef15b138c	265	raw/abstract-enrichment/europe-pmc/Pe86902a7f868.json
391df310a381f06c6fe20e877ce510c9cf92923092a36c3a28297b7d8aa57d17	265	raw/abstract-enrichment/europe-pmc/Pe87fed2bd07e.json
52eb67c19977875f0c1c6fbb5599ad38d72ffd360e2a4ebf34ec5fc740e5b9ba	12564	raw/abstract-enrichment/europe-pmc/Pe89d4eeac35f.json
2849d3ead6c9af0c0e4d2dc6ca2ed58da72e01d54f3b8d532ec0e784e7579da0	6614	raw/abstract-enrichment/europe-pmc/Pea4006a4cbe7.json
a5016bb888c2ba5b654c5959e0f4d93b782ebc313fe8498ca86b6ad8df20bd0b	426	raw/abstract-enrichment/europe-pmc/Peadee032e8d5.json
6d9be6807a937c2b8b04852c7552e506377e72ef14ad8e457e3b8b3a5c36f668	11086	raw/abstract-enrichment/europe-pmc/Pec186daa7a61.json
f0b2945b1c124829da7ece0561c66f32aa57ba0db6fd8c20717465f2c6d94c8c	262	raw/abstract-enrichment/europe-pmc/Pec3e85426d80.json
cb51fbee44b84694c69ffd04577d7426dce68c141d321f9201abce03d4f88693	9979	raw/abstract-enrichment/europe-pmc/Pecb7df225f0a.json
2dada3e454f496096f1d7301f4df8bcb979373db6d1b1a5bb05794a4a67acee1	360	raw/abstract-enrichment/europe-pmc/Pecbadc11e35e.json
f548219c754876cbcb073fa4bce0b5fad832e1904484c336775c8524d1163aa7	7298	raw/abstract-enrichment/europe-pmc/Ped61d7cb62d5.json
b541e938f07a2ed61c186f5d2b98220f7eda1b17c1bead3d1f72f4c8dc64737d	263	raw/abstract-enrichment/europe-pmc/Ped779e0ac17f.json
d4ad4bf497610a6b8f999a4b67c7cca1ba4a5fc5296f5692a992b7847f920c1a	265	raw/abstract-enrichment/europe-pmc/Ped96abfc68b3.json
33602fc08ae71c581a5049521d56b8d659d6a72e448958ae1bca300921b72d57	259	raw/abstract-enrichment/europe-pmc/Pee7740372828.json
4b8d1e7e6b1b538e24df451ba477c116b9432aee3f29ddc6d265f881b8f11c96	12817	raw/abstract-enrichment/europe-pmc/Peec56b3b3afc.json
0b298ab18753fe68e53de7bbca9497b308d346d62543d0b28d6ebdceb0e893d6	394	raw/abstract-enrichment/europe-pmc/Pef3ced106aeb.json
441266522768325c7bcb668d8ff0cc5aef6b93a8bc4aeb2661834a0f6e0c43bc	14127	raw/abstract-enrichment/europe-pmc/Pef9052d3a9fb.json
44ed548ce2c9abd962dec56192ce1bbbb367f0a15f9c30ff2d7e43d04186a20f	8466	raw/abstract-enrichment/europe-pmc/Peff0b0bc1a98.json
c92535d0a71b15701cf6d227305dd57f1acd9c0a2e0bab75d2e3ce95c45d6855	9023	raw/abstract-enrichment/europe-pmc/Pf00d630c8fd3.json
4631e37d6c2eade56b6a3b5bbaf17c6cb43d979d162d4691e1c85a652115f839	6542	raw/abstract-enrichment/europe-pmc/Pf14bd437e067.json
df35b314681821927c475a02b9be69fa08eab510efc52f5f680b8b0567658128	271	raw/abstract-enrichment/europe-pmc/Pf15ead9a8537.json
01c5df82648840f743374da22cc56760d8d0e3b2f16b127687589ee8cb127fbf	376	raw/abstract-enrichment/europe-pmc/Pf1630b259de2.json
f0811f455fb285db0e8662ab9c1679295f40c9bcbdc4221131540f4d65a97485	262	raw/abstract-enrichment/europe-pmc/Pf25064f4a2ad.json
e9dcbc48ece84cb257619c198ec2e6602213133d05fc75f0510223702306127b	9922	raw/abstract-enrichment/europe-pmc/Pf344c5af7789.json
24930672e09c5dfe3d0bac282e1579177a1eeb39c26ba7e8efa1b84939c84004	263	raw/abstract-enrichment/europe-pmc/Pf351292386f8.json
b7f083e1dc2cef80e54c2ad37183127bdf89e422ad10e6c9ceac15932c855a54	5985	raw/abstract-enrichment/europe-pmc/Pf37d30972659.json
f46da445287053c75f3b01c30639de967707a10103f28d086181c0370b4baf5e	9092	raw/abstract-enrichment/europe-pmc/Pf3a72d6b94bb.json
2fad5d2ae75c8266842c3c102058f02321df1f164db50822b097c2d594a99f85	263	raw/abstract-enrichment/europe-pmc/Pf608dd5a3874.json
a66d10ad028ecf9ba71efc1f3e4a4fc0f755e549fc462dcc50d94c89ebca7226	265	raw/abstract-enrichment/europe-pmc/Pf6f125a47b95.json
06c08c6b5b9e6b9bae736a7cf8516b550e236ccc24d057eb8563b1eb13660044	304	raw/abstract-enrichment/europe-pmc/Pf7f7821372c7.json
59b3a3f990ea00231934a9cc93f1e0b6a55b6c9ddbf8b67cc233a41cfb812a1a	262	raw/abstract-enrichment/europe-pmc/Pf8c51f9e91da.json
2daf81d980515be9ca695ee42416d3833b3580ff55c83050176b4f8d1e19a3d3	263	raw/abstract-enrichment/europe-pmc/Pf97aadcd8870.json
01639ed0f3eeefbfadd1ddd90d211512bee491771c350e4f3cb2d99906189bc2	262	raw/abstract-enrichment/europe-pmc/Pf98fbb8e4d6c.json
07dae883f8f1737f47b27d2b6b4c89b576f88b439f4507ab7b4a5966e97d8500	524	raw/abstract-enrichment/europe-pmc/Pf9bd92628bd6.json
df89e6578d5ba157c9fb73ca7ef3541ac5989998b545b2367a62b6aa1b97125e	329	raw/abstract-enrichment/europe-pmc/Pf9e360ec522d.json
78b31a5d0f9c35240895981cf397642f01152734da07d131ce1723790ccb10bb	263	raw/abstract-enrichment/europe-pmc/Pf9f5fcdea8ea.json
3333cdf98668878198dc66fabd12ca853f9c0da6a1b9a80b0ee0009154294a90	13353	raw/abstract-enrichment/europe-pmc/Pf9fed55e0ff6.json
e114faae60a62f0d4f6192e582f8b51f7fd276c79af29378c9982f3d25fbff2e	265	raw/abstract-enrichment/europe-pmc/Pfa357d7f07ac.json
21c4f21784f3c48ff6ff93b7537926abe37b6a482cc57ec208bce8c7879778ef	263	raw/abstract-enrichment/europe-pmc/Pfa4b970981f5.json
008205514cfd92c2d353eda8f62dbb80f664ee487869adb100c4fd9b03d7b6e8	289	raw/abstract-enrichment/europe-pmc/Pfa5768a1fca0.json
4300ca1175ead6350368530a07278ca7bd43d7e8f22ee3d654ad44e8c16d909b	7163	raw/abstract-enrichment/europe-pmc/Pfa7f9a03dcef.json
44aa0f2e6086c562c1ccc3f4fed90a3816e2139567bae3036f2df0f5402aa579	354	raw/abstract-enrichment/europe-pmc/Pfb017e256591.json
c6be5131140786c294799d4284bfc260b86592b16d62f748d4740f7d77a696cc	4025	raw/abstract-enrichment/europe-pmc/Pfb6e01283cc6.json
7397f1162025eceeec83ff5d8034bab4646d79d9336c447632c079f2282ddc15	11167	raw/abstract-enrichment/europe-pmc/Pfba1d62d4da1.json
26e64a0638275b0a0d0963a28c9b8b00c2d71697791b6b3cb7414e3a41123081	108809	raw/abstract-enrichment/europe-pmc/Pfc2b8f543dba.json
9d372cd98cfb2eb166c651e66fb1e56bc46422f9b4629e011764aeeaa8a2f685	264	raw/abstract-enrichment/europe-pmc/Pfc453caa372b.json
3180c2d81719df67e7ed6d6f0586024a831709464353e45cb16822fbf6a22ee1	16142	raw/abstract-enrichment/europe-pmc/Pfc7b84a3e79a.json
9b39f89549d90d8e7f4d6ae2a087ad3e0bc49fe523888563446d04ca218f340f	10156	raw/abstract-enrichment/europe-pmc/Pfcae82023a5e.json
7f941e85e88e3096e25eeba7a21039039c7caa84ce3de95f4e96024e85601156	9906	raw/abstract-enrichment/europe-pmc/Pfde4af314c19.json
1dd9a60ab78f4a07d254d5e9cda80fc3f5aa675a0c41a464ac39dcbffc5d3735	8779	raw/abstract-enrichment/europe-pmc/Pfea9453ee071.json
2bf68c104e85e494c52f741dd0b1183c411ae3e6d1e233bdcf7c6e16f679e119	7641	raw/abstract-enrichment/europe-pmc/Pffc3e5b1f3b6.json
e42bf5ffa6b7be4521dc24d7db5e86a73d8fb72a18cb1323d3fc1cd64bff0417	309	raw/abstract-enrichment/openalex/P003c9881f328.json
12b6b05df1f4c0eff18746ac5366c0a384ae64e19231491c6f5eb591cc596074	308	raw/abstract-enrichment/openalex/P015dc297aef2.json
0e0632c4ba904316f79d2ecd62cd582a4fb7d11a0215ad33d3438ffe4440afa4	248	raw/abstract-enrichment/openalex/P02feaff644fb.json
7e1e73fa58468153c6d714b165361dc42f07cd418d54a9218855b9994f00f84f	470	raw/abstract-enrichment/openalex/P034e2973a244.json
87edff5bd77522c9ffc5eaf45c4bbfab595662d34a28edc56910b675ea67c571	282	raw/abstract-enrichment/openalex/P0523f6e11e24.json
a2e2b8eb9b04dbeb9ba516b383db878cb2166a1b2f5f4f9cfdea75b8dc09dd36	270	raw/abstract-enrichment/openalex/P067e025e3e4a.json
94cf9d4af970146f10bc73ab7e3b5e7a7b7d94ae2743d39d8e077e5fe5583327	9014	raw/abstract-enrichment/openalex/P08bb1553a888.json
bfb5731bf340800036bdfbc720d4d6e085821ce2d448d471d35983dc88dae6a5	281	raw/abstract-enrichment/openalex/P08d79784bb03.json
7fae148b67c917403e4fbc4fef348448e0538c727df519c80730119e6b253a6b	8284	raw/abstract-enrichment/openalex/P09c23731ef10.json
474795d3ff08f1b4663cd5288f4dfb495780f11fe1473a573225ae4ffaf3530d	104737	raw/abstract-enrichment/openalex/P0b5c54ca6340.json
873655071c86a074a53ef6658e92edde7de15ea0901b69cce9e6c8580d3105f9	341	raw/abstract-enrichment/openalex/P0c3a87c5ec10.json
71b6bce853c96929abb019bee9f46465bf0909c3116b9a673c58abec4736d4ff	275	raw/abstract-enrichment/openalex/P1136a243fc37.json
bb2a413e62d6e96acd05927498f3023e4bd111629eb5937d45e30085b310de0a	282	raw/abstract-enrichment/openalex/P1156e03ae456.json
11f986c0b55e49a7f12059bf695309964235cdeddbafd1596dfa3b47a7b5b37b	391	raw/abstract-enrichment/openalex/P1157ea5e766d.json
39bb0ae80bb2f81b32fb4d7ffdbc4cd5c956e09c61c7f5b921faebec51c597c0	19477	raw/abstract-enrichment/openalex/P11ca9f832962.json
04cc806f7481a0e84ebc94f4d2bf8df1dbb5bfb7168864af9691a2a69d5d4f47	284	raw/abstract-enrichment/openalex/P120c7e3dd930.json
732de24e9abe88df3a0a3f2a71189a889757e71f53eb609bc3ce4ddcaf5f38c9	21486	raw/abstract-enrichment/openalex/P15b4bfd877c2.json
49dc7e5a545bba1356aa89b12b4c6498fbd43997473f7d95851dc8f2b69a2576	293	raw/abstract-enrichment/openalex/P16cdc749c441.json
88ff971d97888e3f5f1de7698e62170f201e0cc51266af505d2dc5192bf71636	392	raw/abstract-enrichment/openalex/P1994b407f698.json
f269836541c713c3c9246bc6d70bfeb32c3c97e217920cc70fdc2768dba59f96	298	raw/abstract-enrichment/openalex/P1a06de880cf3.json
abccebdba710f4ebc6f41a35fdabbd3a33c7d086ca9815e813c3ff468585a095	251	raw/abstract-enrichment/openalex/P1b6d073ac485.json
364d95d6ee57bec54e12dada7f96599ed46a0af2dc50dffc4f972732f4d813ce	390	raw/abstract-enrichment/openalex/P1bb3e57695e3.json
e7c8f78c380f601cb33fb61a7c272e70ff8016bc6a07543dd0a8048cac69760e	314	raw/abstract-enrichment/openalex/P1d5546d66c8d.json
7b86faa805941851a476c1e79ca7dda04ab6bfc63b3401dc421668c2ab5b26f9	334	raw/abstract-enrichment/openalex/P1ef58ea1ced2.json
7ecb30b7de543088a998bd743b5c7c311ff6fdfb1903f92af6133ead34d50f11	291	raw/abstract-enrichment/openalex/P1f880b0388b6.json
dcaf1fad19be5fab437c7c412dc9adec43171dafda26553925ee8717de00d528	290	raw/abstract-enrichment/openalex/P20c50e33cbc9.json
1d7e4f949aadcbe5d2a515205de8bb219b02732d0b2d58838913b5eed823e7df	263	raw/abstract-enrichment/openalex/P2165ba0a2700.json
b28317d76ce57cb546da2365a931a7c914ee7f4edebe88902075d735b21193ca	334	raw/abstract-enrichment/openalex/P21802ac5b277.json
962af719be6d0f4b3c2c1439d121a99c79aa328024edaaf2360fe92edbe443c0	292	raw/abstract-enrichment/openalex/P233c1b03d89b.json
0fc655c2a266a5d6b40ea52b39e8c765499536a881fa9fe9e63720cd00d37749	40832	raw/abstract-enrichment/openalex/P253bfb1a494f.json
7d39e1ae1defa7b74df561e8a8ca5f4ff924222d75eed4d4928e0a0c818efb7d	288	raw/abstract-enrichment/openalex/P25d4901409f2.json
147e76ab70b7f505bddf0e79273e2bef19d3ee5ef1b138f3450607d0664a16f9	47462	raw/abstract-enrichment/openalex/P26228e1c88cd.json
3798241302a345d62f7806b5e6c84b69fbff1de8ba8910d45e92b5840a22ec78	285	raw/abstract-enrichment/openalex/P2649e903d74d.json
02e61628927cc9cf56141a042ae4fc799677051de6a757e476c3b42aeb5ea3a7	406	raw/abstract-enrichment/openalex/P2944ac2f0b66.json
ae71c99a573079d42d9b06ca672e7e69f71bbe4afb062c9a4d2061336c12ad67	25647	raw/abstract-enrichment/openalex/P2a5344aaf909.json
46e7344e14ddbc63eaee1f9e4d589a49cc52ef839cdd35950e3f986b00f196e6	272	raw/abstract-enrichment/openalex/P2c53b8af612a.json
2b8c078cb8fbe598d6461051404e946f441ed82f406b0a88f44141d11d4cd667	377	raw/abstract-enrichment/openalex/P2ce34513d611.json
ce3fbd8085800b107b1fd68c9357f05e091a502948a507ea2cdb89aa5853a7af	400	raw/abstract-enrichment/openalex/P2d496c8e7bd1.json
83e65011617f51ffbb1b521eb0d0307221f9b80b3bbc904056f055a2b914525d	23643	raw/abstract-enrichment/openalex/P2de30ff1b6a2.json
95e7049581cb89fb17a80d086e0704eb1e515ce9908fa3678bbe738bdd6ebd1f	436	raw/abstract-enrichment/openalex/P2e1fb167f5de.json
ee657621ec11c1befc481b1ad7ce916b8c6c1d404276783b9e5d16bdb9f3b696	283	raw/abstract-enrichment/openalex/P3026e0c929c8.json
f686c7d1f9dd85d3c89de87dc7516e50606e8040230ed0478f9da07005bc9abe	8426	raw/abstract-enrichment/openalex/P3315d77a0fef.json
b6858747d4535594e19f9f9a59aed2a0c263e324cb66aab70d7a88cf10074864	275	raw/abstract-enrichment/openalex/P333bc0a00b2e.json
5bbdfff7f6e1454d4b32d019b6c5cf02de302d2aa54c1e173a2063b4e2fa59c8	410	raw/abstract-enrichment/openalex/P339ffa8ed5e1.json
61154bbc4193985dc5fba8169bd19622b71b6220e4fa8c863f76b3ed8bc7436d	297	raw/abstract-enrichment/openalex/P33a140967526.json
2dbed9ccbff6e26bb5996f594f0139d4901d19b0751d8a91979301e3cbe499be	291	raw/abstract-enrichment/openalex/P340093753a8e.json
26cda37e46905096e353ec710be0dded5e680137dd63a6350469700713dde403	231	raw/abstract-enrichment/openalex/P34fc146d934c.json
59bcb39e01033e738b2409347c61b38d26c8044a11e326183c49e099e2265a9e	277	raw/abstract-enrichment/openalex/P3588053759b1.json
c33107502b93a445a24ebae936f46c7257ab7247497409c8780eeea7f2a74436	1187	raw/abstract-enrichment/openalex/P37552d9da077.json
223915a479548e27b6683bdd2e04093a928ee15e20fac0b6793c3155b74e48fa	38403	raw/abstract-enrichment/openalex/P377354a1c01b.json
3cff541274a363b517f5fb06878d00d7fb70458a9276f963d4d482230a56f0bd	379	raw/abstract-enrichment/openalex/P377e8f449ac3.json
ca40645fba490f5a513a0d58b113ded4a7b81fcdd5a249453545e4490a2de636	272	raw/abstract-enrichment/openalex/P39aa6b8e8212.json
8f22e78a152a5cb3d74f486884d4f73ed9d498b1e3eaa8c0278b55280da81f3d	754	raw/abstract-enrichment/openalex/P39e64cf6da9e.json
e25663cdd1355c4f987829c34ad39052f5c0fa37dc50d3ab1adf81af9bf419d7	289	raw/abstract-enrichment/openalex/P3aa152b536d3.json
f7eae58a1fa4cff7d1d7e9986d2cf90233e34f3d18ae01ae00ff6d1343e65cee	389	raw/abstract-enrichment/openalex/P3aac8f033830.json
e6915b22779cf96ab4fe6795978e5aaab9ec48ac20802ba64170efaaa2de1680	302	raw/abstract-enrichment/openalex/P3cf34218cf6c.json
8b5db0c307afd33041e6a578b7f2156b13ca69ba61ab267d13ea5aea994245b2	370	raw/abstract-enrichment/openalex/P3d2445638185.json
a4beaacb38462956e4df5f1a807ba8c704362679a07971fcd4a46238b11a7951	280	raw/abstract-enrichment/openalex/P3d7a0ab2bf83.json
a4d10bc7849dd5b5975bf7f647167797510841dd343fba9f033b428be621ebb3	214	raw/abstract-enrichment/openalex/P3ea0e210e22b.json
f1f30b55365d8e806962f6274d316249222296adc7966a5cc29fda3e20ef76bb	20459	raw/abstract-enrichment/openalex/P3f2abba286c8.json
7ee4bf4017d51e38b0bbc72487663387c5a6b4e79edc061d4f7ff7f4ef4e19d9	1120	raw/abstract-enrichment/openalex/P405bc3c8e09e.json
26bec14203be5017589fde78d852e442981a2e186ff511d6184a1c4f07ae0c0d	266	raw/abstract-enrichment/openalex/P40726da8958c.json
2e9be5b535e68a484b8bbfd1acaf263506ff68e261c8c4de9b9dd588761a08d3	273	raw/abstract-enrichment/openalex/P40b215d20d9e.json
218c1c28c3204bbb1feb91973f977d2268d099aee5d0ecefc0914f9e0698f8ee	307	raw/abstract-enrichment/openalex/P43018d39229e.json
a4351d7061d7660cfce7b7ec41de3aea1d37c2c1be3e6c49bbd37b2f53397f07	295	raw/abstract-enrichment/openalex/P432a79489c56.json
3b766306742342e83662c4324662f3b3e0b77c242b96b4f59afe6ffe21e8151b	341	raw/abstract-enrichment/openalex/P43db3782c193.json
91cd47b454e97d1e4c44ec5918396de6022c5f618a3014ec58cf93acdda0c2c9	25883	raw/abstract-enrichment/openalex/P45d871d28536.json
cc2b15aac97eab9261c778824f4c2388562a802e39aaf5f25aa16b0a2867fc3b	301	raw/abstract-enrichment/openalex/P466234d7e0fd.json
4ec911f69e7d5e88539656b458f4097acc1ac4f7cfaee955d78eb3a1409685e3	323	raw/abstract-enrichment/openalex/P468a19134e1c.json
7dc20e88dc423536f74f7a1e71a8b158a79439a2f99af7ede30396da1a248bb4	259	raw/abstract-enrichment/openalex/P46d2a1f61779.json
8e5ab663f489dec4ca4ee37ef26d41917886d1927fd8384144238eed7ccf9cab	238	raw/abstract-enrichment/openalex/P474f02af1aa4.json
c382d86da01960c8aa29f978e3b94d755c00b1ca778eaf46b3a7af43e0cfdd6d	339	raw/abstract-enrichment/openalex/P47ba951060e3.json
bb411bae5511c8e2c8ec5ebaa8897d5116abee170b9d186161959655513f5d96	229	raw/abstract-enrichment/openalex/P4bd3235fe9b3.json
4ae95471484bc170c8f687b7b697bbbd8b98ff84d5afbed4dd88895dc8497425	69278	raw/abstract-enrichment/openalex/P4c1287d63267.json
f70395a169db30859953af77817fbafee9d7c04e554cb2c9529062e1dd56e38a	299	raw/abstract-enrichment/openalex/P4d1ab2904979.json
84d7b865adf41e5538e320881430dec83af6e9acd477f01114678f35755f2be6	24946	raw/abstract-enrichment/openalex/P4f7d28023aed.json
eba6bb8109cb881f7e9c7d031fd2211d9be70f66d9a00616936bfbb306cd7df7	34786	raw/abstract-enrichment/openalex/P506f0b825adf.json
1e1162086aded0713a000dd72568ea332946b68683b5d4e2f1615f8dadb05f2b	1205	raw/abstract-enrichment/openalex/P511128669765.json
50d20a81423560ee1399dd59810923d03d2f76af3661caef73e00df7528c32bb	251	raw/abstract-enrichment/openalex/P54cd8a591097.json
d3bfcf538d67d4dfc397caa939da3ee41fa890439e782f7e1a622157835c494f	263	raw/abstract-enrichment/openalex/P567b0f3641c7.json
2e078fcd8abf8c52511c7192055c10c1ecb864510171fe7b4a23b83a34bf1192	334	raw/abstract-enrichment/openalex/P59cb3366e0fb.json
ac3afae54955af04b9c4cde41b582a8f0275631b7c3c6bd9326ff64511a7d298	28427	raw/abstract-enrichment/openalex/P59e714e1fce2.json
28ab4fba92230dd46ec3042ed5cc3ffe9de716c1a4ee98884eb2da5b84bd6cf3	25362	raw/abstract-enrichment/openalex/P5ac8dfba3af7.json
3d0657175df729bc97b448fd5c4e86dced5f83f7ecc735c2da2145712ab43c29	296	raw/abstract-enrichment/openalex/P5add12702a59.json
7f49c3fd058c7176813dc4428ec70cba432dfdedcc256496337766c1c5534281	332	raw/abstract-enrichment/openalex/P5ae9cc22993e.json
a9a5a6395fb97de01611202e728ac7eb76d86c31f4a5eb298bd5a25540f97c50	363	raw/abstract-enrichment/openalex/P5bec9d1e24fe.json
17533c3767bfe82c750b97d33a8dce592bd6be5dabcbbe13c07faa00d3883a61	35933	raw/abstract-enrichment/openalex/P5e320478e320.json
4142020730d2580370bc46a21a01ffc4dbdd6c619198490ed8c5905030226ab4	256	raw/abstract-enrichment/openalex/P5e66d8a7bd8d.json
32db50869bb495237e077c9b45cdd91ab53467f357163062a8b7bd714296e19c	333	raw/abstract-enrichment/openalex/P5f50726cf4a8.json
53b077780246bdff2e871eff2505e77c9f9b21ff5ca2b70b51a0c9ec037fdc2c	317	raw/abstract-enrichment/openalex/P5f8189835c53.json
ea625b1088cd81826fe7a8101dfe19acb17e9b4d5a8d2a555aeec0ad8c3ebf2d	1150	raw/abstract-enrichment/openalex/P61103450f9aa.json
e60482f81809e02929634952483821ee7f1f07fcb3c4e8cf53471460d0fa5a7f	327	raw/abstract-enrichment/openalex/P611223c17b37.json
a8b384ae2778f4a3a484acc056f16e2f74520bd67881fb7aa4c63c976360ae04	253	raw/abstract-enrichment/openalex/P61ea3fc10ad9.json
157d1bbe773d780235866d2cb53d2801e9e49b85ed1baa85e770b6e960909a5e	296	raw/abstract-enrichment/openalex/P64183916db64.json
1b5201420bc45ec3f46ccff9abbe3f569e62f7553e3f28a0f3899ce336fb728a	6761	raw/abstract-enrichment/openalex/P64e16aef1f61.json
e3e66ff2477f28f2127baa63dac3756cd4c6bbd2c744b9be20b753f563d81aff	252	raw/abstract-enrichment/openalex/P667e5f22acd2.json
ed7fb7c1de4bb7d40b8a0dca6adabcbeea626a07ffe57802cc7d9d97ba939254	362	raw/abstract-enrichment/openalex/P66958245e6ca.json
15c41b2ce1bc49d6911b0110a5b23c34ff9f2ba6f3e49f03751c19553973cde1	314	raw/abstract-enrichment/openalex/P67c0b3001b9e.json
1e25e565b74c92dab273d69f78c1de9181feb3a360fb4cb8d52d859e14fed5da	333	raw/abstract-enrichment/openalex/P68a1eb144197.json
713e14ddf145123ee589f6bb150e74f014329a819221d318890db99323c53ecb	278	raw/abstract-enrichment/openalex/P68df5445d0ea.json
3655ced4d04681801e34bc43af204217544ce7ccb9bcadc1bb06e062645f67e5	371	raw/abstract-enrichment/openalex/P6b31af1c7811.json
d834d21010f65f4dd4488ee61234ac16446987f3caf0ec5cc3c6cc7ce2a201b8	348	raw/abstract-enrichment/openalex/P6bacb9cbb814.json
b49c163a0537a87d3dc8533305350f852fa38248a41ff6b4a829d2391e7172eb	354	raw/abstract-enrichment/openalex/P75336e8d84b3.json
eff37079390e4688d8832c7c0018cbba060abf2d68c1d5270af64dfd404e2a0d	1048	raw/abstract-enrichment/openalex/P756f01b2ff6d.json
0e549aeb9a15b6ad1939ff08fc93922aa51d83c6ae8db5d04709b793e4458511	45605	raw/abstract-enrichment/openalex/P7614c6335daa.json
af1cbe69e5f351ced86cbad6fe137255bf0bbef9d8a7f7393604bb135bc9a40a	298	raw/abstract-enrichment/openalex/P7620e663660a.json
5d50392c0df4fa64574b5f62c3b78841b77c675dc56463970303f522aa6564e6	355	raw/abstract-enrichment/openalex/P7a8c668aeea3.json
775a526c40fb969fce478b2120bdb47ab426cbe6fee18bda89a4fbc022a2cbed	339	raw/abstract-enrichment/openalex/P7c5fe363ca77.json
c3a3b32a80fa894babab903888e7fb5133b5156ff3308173ac938cff6480ec97	251	raw/abstract-enrichment/openalex/P7ca685a46c8c.json
b73dd81feaf712750076936bb5abfaeb99cef8e0f29193326b85285bfb69d28f	297	raw/abstract-enrichment/openalex/P7d53fa73a976.json
fdda6220c37b0130dc1654a1302bc8750b75b6f8956ee6e7c0e97a121611af60	293	raw/abstract-enrichment/openalex/P7d688abd6bcf.json
940ccdb939c5f345edb61d86f9a83763e80ed06b52f1d3a1c7b6e4f8b697c782	420	raw/abstract-enrichment/openalex/P7ef2b5fb072a.json
edc504cb584989377424d985b1163acfbb6c7db541729bf10a265b6e84351ccc	245	raw/abstract-enrichment/openalex/P80cf08c29a42.json
79361750d7506b34fb664e03ce813fed03ed77dec70dbb3d78169c194f478ed2	264	raw/abstract-enrichment/openalex/P81e008bc1d31.json
260578dc9aed1cee048d901749a5b8074183f306a572e087b4cfe729e4c17921	321	raw/abstract-enrichment/openalex/P82fbf70a5b6b.json
95f5f8a15eff74401c76665966bc970434409b7f06590978c7dbdd9c8f426433	416	raw/abstract-enrichment/openalex/P830297ce7d27.json
abfed7f9fb964e67cdbbc7eaa083b20defeda08470ebf7da2591695a83a34b7d	248	raw/abstract-enrichment/openalex/P83fa33a88390.json
d7447cf0bec292eba4193508ea3016482fa427bf7a02b2ac59684e5d1fdc0b8d	301	raw/abstract-enrichment/openalex/P84a38d6933e8.json
540a5d82a0de0ac815153f489681611be77778e32c0395056497760c6fe9c7b4	309	raw/abstract-enrichment/openalex/P84f1e4d003df.json
7c60e013d4c9cebb9a804a011216d244ed552a3fd0ff97860338c1d56a13ef24	243	raw/abstract-enrichment/openalex/P85c3ce37ef3b.json
f53462bcf1d28864b4a52bc979dab7a9013a13bd727ccb77814930face0e49f1	260	raw/abstract-enrichment/openalex/P89cbe984ed1e.json
27552a6069489c9f6bb7f4d76405cfce5a03605077d406a2cd43ffff5e19066d	322	raw/abstract-enrichment/openalex/P8a57898149c2.json
beaa45f235d8f8adb04ef77b46df9f2b521a5a6bcf76f3e093ff0dddab898d68	302	raw/abstract-enrichment/openalex/P8c8726f00777.json
7a78c26b7c0b7846bb30e01217b148d103e5233173577ffaa6cd816cd6b9a3e9	518	raw/abstract-enrichment/openalex/P8dc71c3580b0.json
590ad3c8e65b6d5af5c612ac147cfcb116809bbe0d1891f1915f86eb9df91396	61873	raw/abstract-enrichment/openalex/P90681f253887.json
02d5c473082151066ddbb302346c4c888f7b50c8b5faaf7e1dd8f52fbf468fd4	284	raw/abstract-enrichment/openalex/P9103dc185eb6.json
dfc0be0c279e0bab05efda6f7870ed930ea1f929780ebad4bcc1616fb8862893	299	raw/abstract-enrichment/openalex/P9162d3a2b1ec.json
cd52c89b83409a90ae746af778a848385fb6d48a65a09e28323954ef462b4cac	347	raw/abstract-enrichment/openalex/P9193988f45da.json
613231ffbea3de8173aff836c9c3ffa22a2fe522f1b69a762c86408d488612a2	331	raw/abstract-enrichment/openalex/P9374a020ad6d.json
743ea3a92897161ec4ed7f0df66ff20378c85511348dfcedd2996765ff7484a8	261	raw/abstract-enrichment/openalex/P9a574eb2998c.json
5360210da21702b7264293aa182e9080ba13001e980669d0c7d545e3dc4810c8	48019	raw/abstract-enrichment/openalex/P9ab48de8b58f.json
3bcebd6f7faf7d6e3038d8afe7f0954bccbf9f37c2a1ad40f7b51bb14ff46353	288	raw/abstract-enrichment/openalex/P9c649dabf7f6.json
697a55b6d23ba464b82b46444fe26e1ed7d9d5f29b4d132ea48848cae511f807	256	raw/abstract-enrichment/openalex/P9c9a882ecc6e.json
046bd16de2b8f8f0556d9fe1a4a034f88f8f34aa65a2e38c465aed043a2ff67f	214	raw/abstract-enrichment/openalex/P9d54ec69be9f.json
84b35757723fa55966b333f5b578fa4a3f07f4df0a0657c8b0f6a5fb8f2c4ba8	280	raw/abstract-enrichment/openalex/P9f8d79564cae.json
b3b58e42f682c276d4ecc8324b88f3bb3a8e7e109a1a463eb5a27a5abebe4962	281	raw/abstract-enrichment/openalex/P9f954a709c1a.json
3b57b9f395351ff6688003e2f46bcd175ff32d329bccb11720b3a0807dde974d	323	raw/abstract-enrichment/openalex/Pa0e177deeaee.json
daf09cd27f676952f010b700eb176ad28b8d5ae5398e871a101e6f45f91cd730	273	raw/abstract-enrichment/openalex/Pa3e51be25ac9.json
da2f11519ca6dd3c27d1a1b0afa32e32b628755eae3d83342fb97791860f1b3f	282	raw/abstract-enrichment/openalex/Pa5573d973489.json
e554d3bd72602fb8ae326e7629e6035ff72b0aa3232c4bc8c50f3185444e0837	931	raw/abstract-enrichment/openalex/Pa61112c965ae.json
79bacd5edc054f0989916eedbab1389c8324ff5c9a76e5c59a5c42c14dce937d	308	raw/abstract-enrichment/openalex/Pa858d1506a85.json
adf67cc81517159466b71cc6a86e7fbcba5d5c511c89a56e4b6b11c208d7bb96	289	raw/abstract-enrichment/openalex/Pa9dc1bf87268.json
e4d70c1c1c1625d307bf19bc1e30d53193e6074f93f064b902516a9b60266889	248	raw/abstract-enrichment/openalex/Pac0903202da7.json
0be77204e8c9ada13fbd559b4bcbf0f167988140ab1078c9ea2a44bff7e794e8	266	raw/abstract-enrichment/openalex/Pacc1dfbe2c94.json
7122d483a446c5129ce28a5e3338e962054d05bc2ca306896b1d4bd183bee36f	19112	raw/abstract-enrichment/openalex/Padaee0ce7919.json
84c0373fc40c566bf89deeb830cda8d5fa7e19955d37c203126c1013da6dcaef	242	raw/abstract-enrichment/openalex/Pae80badfa62d.json
96d2d9d2c0f2265e5691d9531c6f41754ed161612ec88b74798bc77f996c5d7d	31631	raw/abstract-enrichment/openalex/Pae956bbe01e3.json
c32ba052aa49d8ba1a38a42f6d88d1a5b3deb5d73cc56512d7f988834ed6ff7c	302	raw/abstract-enrichment/openalex/Paeff67f2fadc.json
3c487dae715ee1c3f0f4c943ddcdbec72603e76b9435983237ce9c4a9fc8855d	360	raw/abstract-enrichment/openalex/Paf122526aa99.json
a615c5a8a09d35dd86480c14bd93c004b8d3a43a97381c2866cbcd8372b68690	1107	raw/abstract-enrichment/openalex/Paf9d36eebaf3.json
14fd52f880c18c603945f62092bcbbb5de6d9a4fdf6a05fb5520eede8099d3ff	235	raw/abstract-enrichment/openalex/Pb0cc5eeb954f.json
e55f031ce2798f6a9c69c4c007a485526bd25f946c74db2b8ad752bed5f93221	375	raw/abstract-enrichment/openalex/Pb312ba376d2a.json
aeb089182b54fa263047edb80476b8c4d2d85b85e87a98e2e63c4cd6ed8f2ec6	324	raw/abstract-enrichment/openalex/Pb35393b35995.json
34db3f2dc4dab57b7d11a444b28560eee7e077c36a48af62664e0140798573bb	352	raw/abstract-enrichment/openalex/Pb5610cfd0ec3.json
33b05f40bb6c05e2780487dc1d7ea764a69ab416f57671eddb84cdce95540a58	310	raw/abstract-enrichment/openalex/Pb561a294ad84.json
2d12fa1c7a0bc43e4306bf694fac3a3ce1d0e60693e2299a272aca7047353283	346	raw/abstract-enrichment/openalex/Pb5ebb2aaabac.json
6baccabbd48560217ffb462fe764dac0edaf0226280cc4284cba40057d02e429	102279	raw/abstract-enrichment/openalex/Pb726f48a7db1.json
adac25050053de16be7b41b633da94517ec64ffef608d57d217f0e271aa65880	279	raw/abstract-enrichment/openalex/Pb773d7ffe753.json
b495cc8ae0bceb1dc5879c8a2e3e19af431916361e20b7ea1deec597a7a74bb5	367	raw/abstract-enrichment/openalex/Pb846d582ec94.json
f602e111e799e41855f90cd74c7acec9958c7bd703d676006fc8637a4fdda0b4	298	raw/abstract-enrichment/openalex/Pb98703050592.json
7a30a1d91362cf37abe0238ae135ebc9f683606dc3abfae54aaebce301e4b8a5	16793	raw/abstract-enrichment/openalex/Pba8153fed120.json
0e767350dfc77cd1738186b6bb2e8c6146ab7768e837c70f76f0b5d682c7a0b9	21939	raw/abstract-enrichment/openalex/Pbab69b6eae13.json
bf32627fc6cad3d096864de48884c0e992dfacd74ac2071ecb89d76ffd493c75	221	raw/abstract-enrichment/openalex/Pbd3abb143636.json
e83f5a4315599f606ff6e93ca33580c01dc8f193abe601cbeff392d7d5d9cc29	258	raw/abstract-enrichment/openalex/Pbdb62e628247.json
9bf904bf20972a03e36f329c8d477e0b4bb0840a4c00ece4c2a41e4fcf6bc133	333	raw/abstract-enrichment/openalex/Pbf48f5d37820.json
8923942a3f54ec55058df973f6ac6f0509be787e51a53306c2000289fb8aadf8	38737	raw/abstract-enrichment/openalex/Pc01459fc7e61.json
0f82623f0095cabb658223839aa14cedac2cdd3914348b36aa0db0cce7471fea	273	raw/abstract-enrichment/openalex/Pc194a35d6048.json
56882d1fe9dd9497478eceb76d1f3dd154fde2b8d8a1336b788acad7d7f9e536	31497	raw/abstract-enrichment/openalex/Pc2fdc28319b6.json
3c2b9a49e86a67706fd53f6da4278cd73f9664b12144aeab431c13a89aa3c5ac	328	raw/abstract-enrichment/openalex/Pc32fe13c11bf.json
03844847f9816f6eaa6b29ed48c1ee0ff51c7a6418e32a45a63b9e26edba44d4	315	raw/abstract-enrichment/openalex/Pc4184d6f7289.json
f8f7034eb66993d6947a5eac9430375f62fbff4ac1bd1dbb50ed2aa2383a966d	337	raw/abstract-enrichment/openalex/Pc4cd3cc279f5.json
14232eafe438a1a4fe66a634c5ea8c282727755b2d2ce62ee8197844ec44e3af	309	raw/abstract-enrichment/openalex/Pc60c7d24cd36.json
2b3234982c6bd7fe6da99e5886ef5cc72d9104e7c1f00bb58da01b37dacc7b75	45066	raw/abstract-enrichment/openalex/Pc7195d8ec694.json
a5aa5c1ec1c259118258c9ae538a6e0bd53ba8ccf66090d218adf4ca1ccddbf0	2016	raw/abstract-enrichment/openalex/Pc83105c05562.json
6dc3cad2ec6c2014edac66cdb1888606badbcd48bf5ce1ccba0108626964a438	238	raw/abstract-enrichment/openalex/Pc9d3cb144abe.json
6f0ee0ed8f0f8b124a6bfb0fd6a208e37a701197b6d2748bc65d9b8061822922	202	raw/abstract-enrichment/openalex/Pcd36cda22319.json
25045c22a4ff7bffb65eaa12c6d6b0ff4734c2e0b2cdf7377540cac849f0e9dd	1434	raw/abstract-enrichment/openalex/Pcde14527e400.json
8bfe1bf11959479ff17fe7757c8be404191bf7bb0e35a46ac524a1a59c564222	308	raw/abstract-enrichment/openalex/Pcf43e0c69e7d.json
d64e17c0f9a65595c02f2b3b611c87fee13133bbee595e695f3b547643f10718	271	raw/abstract-enrichment/openalex/Pcf94997837b9.json
0120cee009bf7aeb8010380b2749d40477fc2a8c2f15bc9dcb404134d4af67f1	14461	raw/abstract-enrichment/openalex/Pd16d4555f0af.json
829bce6ca15aec8b1b42bb68116ba74b36d9b614e0bb2dc95f17e82df5886cda	375	raw/abstract-enrichment/openalex/Pd2b2bfb0f9d7.json
f027c051a7b0850268581f18a496f2465c9f2fda764da1404c53a9517e19ef5a	304	raw/abstract-enrichment/openalex/Pd2dc32310872.json
5d0279da6ac45078d49eaf1c30db793629d65ea3059ac9ed83fc7c07de291efe	360	raw/abstract-enrichment/openalex/Pd4d0869d144e.json
974bd8ebde32452a472d88f1c2a059a433a0ad9c82561d770a19a5e1d7df75d0	274	raw/abstract-enrichment/openalex/Pd4e2d2b6d363.json
d34e23ab4a650cb5e98fbe9fa00067a16462fe32ab19cc6ed209a3d3652a3ea3	254	raw/abstract-enrichment/openalex/Pd52da6a8710d.json
05f9042ecf1d3680605b8ee3eb5021cc90fdd1da4df3af2ef79dd265e8b91dd4	299	raw/abstract-enrichment/openalex/Pdc1d84a279f0.json
1537479de2ec9d6327e1814d6a051ea6ace2051eb953f74a902f0978d65cccfb	258	raw/abstract-enrichment/openalex/Pdcad10c81d18.json
d733b1e66920a2147b4424a38190457ff05f321f231a417d8f23eb8f3c1595e2	243	raw/abstract-enrichment/openalex/Pe0e06b86958d.json
ef369b6506d8b4efd01740286f74b95353da86c8c555b32788180e08b3deaafb	328	raw/abstract-enrichment/openalex/Pe2a93dfc1479.json
af5f429c799f57e579b5081a0104be26b5e1420418aa1178f45b3b3bd09c687f	250	raw/abstract-enrichment/openalex/Pe4b933f4c4b4.json
9b74e5fd3672230e30820f5039cfb999f943978b3f3bea341f7462cf76a51cc5	199	raw/abstract-enrichment/openalex/Pe70700b58c3a.json
39c000b8cd6b839603434f9a69caf65acdd7f32214326a43d6ae45245f87784c	316	raw/abstract-enrichment/openalex/Pe86902a7f868.json
b2a40146d15a592b8a1d4e4b3d0d967ae1074683c9a5a1f870a40d7f0e5264bf	312	raw/abstract-enrichment/openalex/Pec3e85426d80.json
0f1fca50273eebb94dab971020bd84c7fd2785430cb9cfc643a7b94d685d9f9f	291	raw/abstract-enrichment/openalex/Pecb7df225f0a.json
614092303f61e603fac0a2cdde75a7f2724d874f5b3d7e71e18e6dd85e61efd6	294	raw/abstract-enrichment/openalex/Ped61d7cb62d5.json
42112db0a57bdac3b45fe02c02b9a411b509d52d3d09e8aa09cdf935323799bf	402	raw/abstract-enrichment/openalex/Ped779e0ac17f.json
7b5aad251a2787b6bb751e004833c168c6a0404cb98baa1b1cab9ceb10ca5dcd	365	raw/abstract-enrichment/openalex/Ped96abfc68b3.json
470dd98fb4d34c87180bb407cf42968ba55ab60944b5664e163bf138dae2bbd9	257	raw/abstract-enrichment/openalex/Pee7740372828.json
7a20462098c827fe26b582b2d562d6996b790abc19ff9480546613d112cd21fc	8508	raw/abstract-enrichment/openalex/Pef3ced106aeb.json
ca77526efa2b84ed3979f4f71b44d90caae53e2bd1c4d39e24f3d06248d2f390	265	raw/abstract-enrichment/openalex/Pf14bd437e067.json
c21910574e16dc1bd48f1b03d62eb068d6d4ed38b49030f11bd5637c54afbda5	330	raw/abstract-enrichment/openalex/Pf25064f4a2ad.json
236d3cb21028696df18b40790d727e62b5991cb4aec205956ca6abc6006ed6c5	335	raw/abstract-enrichment/openalex/Pf37d30972659.json
ccc1ba3ab5acd7f732ba3edbcbe051a681568170c3c9e2c351f1997ecb8d0efc	284	raw/abstract-enrichment/openalex/Pf608dd5a3874.json
0901991f84c889b9f474a1d4110f068d2114c4c115917429542e6b7cb9ba2f6e	321	raw/abstract-enrichment/openalex/Pf6f125a47b95.json
daa377653ac7002b0392abf972911c6022c9cc40a25fae967475554b72f9806b	58324	raw/abstract-enrichment/openalex/Pf7f7821372c7.json
d1cea9d9bae40ffda3f24a7801e92d0714a0196fd126f792473b550fd9cea6b7	391	raw/abstract-enrichment/openalex/Pf8c51f9e91da.json
382210540f97b0d0679b223d82c3040af6fa1e532cd4f58d7e613d04115b0c40	385	raw/abstract-enrichment/openalex/Pf9f5fcdea8ea.json
6d518b32bfab27d46c05cbd49c61dc4b28989a3e3c66e6e55119980ac4d8912a	8366	raw/abstract-enrichment/openalex/Pf9fed55e0ff6.json
1a86c642d30320215d456cc22502c579ad301b7c56c14bf054747581bc9db2d0	350	raw/abstract-enrichment/openalex/Pfa357d7f07ac.json
9e5b78bf86fbd935d5039526d37583d753dc7c4f2374c6cafef6bcab79c9b1cf	299	raw/abstract-enrichment/openalex/Pfa4b970981f5.json
11b759e9cd7cab593646cc90806ee8cad1f52e4c60e3d305f63256e25b820651	871	raw/abstract-enrichment/openalex/Pfb017e256591.json
15c9dc5b6c80ed7e5f16b6bdd9cdd8518d7105cbc51ea1168bcb8b02322d9428	113648	raw/abstract-enrichment/openalex/Pfb6e01283cc6.json
919047b4374dfe32235de3da4a81c91d00fb3c4a296c349f7ae43a33eb3fdbf7	233	raw/abstract-enrichment/openalex/Pfc453caa372b.json
2606b67bf33ac6d4a11461b9069edacb3b074aecf9469a2241f424c1a3d152d2	2919	raw/eligibility/crossref/P044a89f67519.json
17ec01849f0de08c27f7d14f69b34710abee96685989d0e77ec359261791855f	2352	raw/eligibility/crossref/P067c2cbcf426.json
94da5b7f6a6789a0070d8b644aec2a158f6109d441296faa90f8e334f6059af8	2611	raw/eligibility/crossref/P07330ca3f4ec.json
42056c13d92c98904d94ec8b818f4dae042c91983ae96e59f5ae29de01ab1723	3200	raw/eligibility/crossref/P09332e7720fa.json
4134aaf2db1d600bac363f13037f3e67e2e77c74fe0344c529e7b3e2a870721f	2923	raw/eligibility/crossref/P09c23731ef10.json
4ff49fa581d28322eb17ecbcc5abc9eaba760d3afee87f63b8ee63b55a361fd2	2984	raw/eligibility/crossref/P0b5c54ca6340.json
b8cbb812fee6976f573d6f7657eb875d3101c55986c0715afc46fde19bbf395b	2353	raw/eligibility/crossref/P111b14fc8d2b.json
d9ba90fb430a75c3ecda5de3c70eadba1c6e4e9681e6706631c675a491237213	3121	raw/eligibility/crossref/P11ca9f832962.json
5e6b4b66e8218e549493a8d000d70edc2e50bd5ce32104ecd482869adca83034	2641	raw/eligibility/crossref/P14b6dad96875.json
f2fcfeb3c014c3e6aab1cddb083f9f268aca65c4c40727a641cc9f6ec915276e	2537	raw/eligibility/crossref/P1b6cd0a57acd.json
d9e97493b4e832169e6dfc791869c21d7473b00ea2942bcf4614b210597f59eb	2895	raw/eligibility/crossref/P1ecc6dedecf9.json
8bdd5beb556d31f645ec7e264bff45a4761f45cfa9266d6efc9b180b0910764f	2992	raw/eligibility/crossref/P281e5e88a021.json
6ae69cd4d49f58bc42d23c629e584cc9a2672c9ef4f90cc7a4c46a5b1580cddb	2676	raw/eligibility/crossref/P2a5344aaf909.json
141ab857e8592c48768ccae8794733e2738cffeae4050b21090f36b69d71a965	2859	raw/eligibility/crossref/P30da04c118fe.json
fa6c042a7949c28db41572786fcf1f87efc8307f7ab65d9d1d65f575d55bf6f7	2816	raw/eligibility/crossref/P316d19de2966.json
252a644797007d02bb743428a74e5823065257b758effaf9148fb5fddf5c01b4	3047	raw/eligibility/crossref/P3315d77a0fef.json
f938e618396f361f55a65d13b77c93a5ac36cbdbbd1f604494cff610eec8a067	3005	raw/eligibility/crossref/P3418b26f7b1c.json
f39edb7010c953ca47f63f1525c67c17c2da1cd85730c4c6444e62270c37e73b	3063	raw/eligibility/crossref/P3c675cbc2488.json
81adede061e15e050a216c06a67517572a1b9165fd95385075c44280de7a7d90	2767	raw/eligibility/crossref/P3e44613cd727.json
ce55f9c747fa88e0e135e93301f6c5141806a031cbf77447d85d5e5fa90fed18	2815	raw/eligibility/crossref/P3f242e7f49d2.json
a63aeee46d874928dd13c918d917228a1bcf5955a10dfe9dd8a309bb1d72d134	2872	raw/eligibility/crossref/P3fdeed15c384.json
caf2e6e6fb5f23e58c21357c32d7247e53479aa303dc089be15deb5a1e4ca9ce	2765	raw/eligibility/crossref/P42cc3a70afa5.json
a66295bbfa4eb74b4012682d529354beaaca091e4f55ea2b62f81e2bb3779f51	2476	raw/eligibility/crossref/P43f8184d18dc.json
1837d53c60978e1e6bb56e05716bc46191be609bbe6caebe66ebdb1e1948c3e3	2986	raw/eligibility/crossref/P4516ff9b63f6.json
9065e74a3395f207e2d84cfd865af235ab0b128190000cfbad1f20b8791f378b	3076	raw/eligibility/crossref/P4b0800bff9dd.json
d5ef319bd3576c0e1c396caf223fd98955022b88047db5647b8954ff9ad175c8	5562	raw/eligibility/crossref/P4c1287d63267.json
8eeb877f161155fafda0ec4ac2069dc7dcac97fde90e0d114850fdd97e0511df	2790	raw/eligibility/crossref/P51adc18bf221.json
28d0b138be6b17e66804e945e548087367cd84f2729c8a137e6f0294ea4c6de0	2645	raw/eligibility/crossref/P5385e4cad477.json
64d8cc6918e31118d949299d0ab01c867115ad5d0f91af6183442561f2ee521e	2820	raw/eligibility/crossref/P53c72a066967.json
9e15d52128d75e5fbb1eae0fd28b1412f525c5546743ebec3148d97bae2e345c	2920	raw/eligibility/crossref/P545f3aafb5a6.json
bceb09035e14f0e0154dc61df00762b8781568c3d7ebb9cea12527b332638b79	2903	raw/eligibility/crossref/P59e714e1fce2.json
fda93eabdd80580411909c1059effcd0c1637cab6dcccf56dc8fbf7675917263	2326	raw/eligibility/crossref/P5ac8dfba3af7.json
bfb7020e620f8846f1f7ad3dfdc7a4271a74b7dd7d98936f5430ee0c64c54c35	2510	raw/eligibility/crossref/P5bf723f80dae.json
4335704f9a6c2614fa43ff6bfe6eb407c2d0c90b7ac63bef154a04e5cf7d1e9e	2962	raw/eligibility/crossref/P5e320478e320.json
8f0f0d80c47fc53bc0504413a1e4d317412068268dae34a5a7901d5de14898ce	2595	raw/eligibility/crossref/P5f3cb6513ef9.json
02697240293d44ae550054660b40de57442013ebdfd47271c886ea827cf6bdbe	2852	raw/eligibility/crossref/P619839203e5c.json
07c244676dbf26c2f1ce4a2c315067b6a0587d17d73d3359505cb886cc47d2bb	2793	raw/eligibility/crossref/P65959d97a621.json
af60c331e3cc6a93dd41d109097fc3451899ce3344b05f7a2964d6bfbf4a5449	2669	raw/eligibility/crossref/P6750cba8862d.json
d6fe0a8c7872f6b2e547325b7bbe43bdcbefc713990a3058ec5b54964d06159d	2845	raw/eligibility/crossref/P691b5188e8cd.json
44f9a9f3199486027f1bff459932a2fda47cd6fc1b47de140193c548ea5a60a2	2594	raw/eligibility/crossref/P6d54f94f85aa.json
697cf32e31089c33a8b590af64f1634f76d5cceee3fd8b19ff78d6f1d1078d09	2843	raw/eligibility/crossref/P71ab211341ed.json
661aac515d613fa2421574847fb768b1007ea65d740ab93b0ef87d30c1890710	2528	raw/eligibility/crossref/P73b9bacf0069.json
1db4b92fbc8e2f1d372de69089d95c58eef77f0c63f421d9b5d2a84bf14a6f4a	2847	raw/eligibility/crossref/P752f408045ed.json
b612f5bd0fbc80550e86b14715c5c41273bd89cf16b395240da2abc6e40a455f	1718	raw/eligibility/crossref/P7a0dc5e9bb0b.json
21dd9bdb4248b4155f03e4d98fb8c89c62788ff3568c52ad00bb98f2852a9a9d	2949	raw/eligibility/crossref/P7daa3d5df637.json
4b128695cf515ae09b2fc23799dca84b28573cff4b9efcecb76683c816713133	2508	raw/eligibility/crossref/P7ef61e179dc4.json
9b026e158039624a73dc121f20f1f15413bbae4084f1fe37cd22efba752a0c30	2898	raw/eligibility/crossref/P7f9bc073bff5.json
0ab5b0951c6d393551d3c7ce0ff67a5e403767315abeb799deedb1cc149693cc	2833	raw/eligibility/crossref/P81e4b02792fc.json
ce84d62e177dcccbbfad48df7f1965bfd46d14b066a671df6241501943fefccb	2566	raw/eligibility/crossref/P857f6174eb43.json
3380f5f43e00a2b591d3fa904253bd40db1fefcfdb4d538fe5fcd1b21b2e7ed5	2719	raw/eligibility/crossref/P8689b1754aac.json
344ba4c16467c4d52e0ab3d0beda626c12c33bac4d9f7765e5ef72126633b54f	3000	raw/eligibility/crossref/P86d95a8b4909.json
ecd041e8c27af17f4c55d145d73b8ce75d91a796953a722fa2e28d06f676fcd7	2873	raw/eligibility/crossref/P8769bd1ebab9.json
591acd936b3d9518a1b5832b058d32eb737e41492db7e18383223fa6395a5ac0	3200	raw/eligibility/crossref/P8cc66c3409dd.json
7494d4529859d3807738e22ce1444bd6a1c00c2691e6da30d8cf137589266601	2610	raw/eligibility/crossref/P9491049e9e6c.json
b35ca09492f3c70c709137689cc755776c357541c7943dec800af1e75aee9cb7	2711	raw/eligibility/crossref/P9b77a57aa69d.json
1bef3cec4119ecacd409e011db2cb08957c66c98a271c98d5505602abf3585d6	2961	raw/eligibility/crossref/Pa2f22eb9c8e6.json
35bda971994a3841b90d151b39756bd5a9bc89cb3cd424c64278778a4fc605cd	2857	raw/eligibility/crossref/Pa34fd38811e9.json
928b2397a81974959e0291d5db5359e13fede362788c84f25bdba53a961a2de2	2837	raw/eligibility/crossref/Pa722b21a3a1b.json
6a3fe972407aeca1a6e0f01a7549f78a2fc813146ed4d3522e481a9978ad0679	2969	raw/eligibility/crossref/Pa861e8a48a01.json
415e079bf4fd170408ab6b288d81e7db7eb5fba461e0acd0216c6f5384f5b2a9	3007	raw/eligibility/crossref/Pa97548661585.json
e67e7ec8181f4a37203054bf4c9ab4d21c97c9d1e5e1db8c4320c8d302263a77	2815	raw/eligibility/crossref/Pab4d4ceade27.json
05fb0c0bc8f220d265f3b04c3f4c8eba58d18a2631792af81573f09d09537917	2646	raw/eligibility/crossref/Paddfca67968e.json
584800609fc69588c1ee9dcbea8dc5584c6285cf905ef2fd60fd26c16c40dde2	2739	raw/eligibility/crossref/Pae956bbe01e3.json
e86ec9b1fb1647d055ec70c462baa43b040bcae413195fe4cc81d4dfeb86abfb	2806	raw/eligibility/crossref/Pb726f48a7db1.json
87c59386b73d08a6b6fb57818e7a7d38d988681c56a4189ec046e3a530769dd0	2502	raw/eligibility/crossref/Pb73a5655a261.json
e394c69db56c3dcd07f4adb3fc1bf19d321abfbd86e3601f50b7189f110186ec	3360	raw/eligibility/crossref/Pb866e123b828.json
27f12cca5caaf3dc4b0a79893818b3a3309b2701e9aaa97bbb283add235c2788	3405	raw/eligibility/crossref/Pbab69b6eae13.json
3ea7f46624b16a92cdefe148e7f9c22568a6b9f55ce8e0f3c3ba355be1244526	2887	raw/eligibility/crossref/Pbe3a1a6fdb0f.json
50964ff10a6678128c550d2dc1f199eb79fd7609a61bd048de1cfc254fa9df49	2693	raw/eligibility/crossref/Pbf28bb0f6839.json
acc123530d51bda2bd1a8ee60bda60b62404af665e161824e1026be58d8e8e9e	2800	raw/eligibility/crossref/Pbf5c3e940581.json
8437d3d07b23cc83b6221eeae24713a4a87f9ec7c41435bce740764d65323248	3968	raw/eligibility/crossref/Pc2fdc28319b6.json
157235d4413ee30dc9deb4e02958dca71cbc02bf7125305a51e20600c3d27771	3233	raw/eligibility/crossref/Pc62523eaa5a6.json
152246db9766cffafcd9e82ac246732d286236347156f455978a83062f4f3408	3053	raw/eligibility/crossref/Pc6b0a60e2e38.json
ad999d2ed43d0699e29a8a7547c732d8ac57df4f8e18ccae8aa6fe936afa2bbc	2567	raw/eligibility/crossref/Pcaa1bae952c4.json
7f8adbc6b2bb2fe6680fcbe277f941dbcbdc885c7a06cbd4aee43ecc4f34d555	2547	raw/eligibility/crossref/Pcaf7874e2cc9.json
6db92dd0431e430ec1d7578fe824dc0d9b1f349e7e7f973c88d0de24a07f647c	3249	raw/eligibility/crossref/Pcec6c09af28c.json
732fc598b5d773851f600ff0e314abb609666123032940292648ad339cf71782	2634	raw/eligibility/crossref/Pcf05ac2edd07.json
4d35f19d2781d029370683e7e2e27e7f5f3210dbe45fe7abe4b2f8cd63bb2a83	2553	raw/eligibility/crossref/Pdab77a519fd0.json
995b2763464bac15d664ad73baac503d39aa4ffdd9d27796ffe5dbcb2cf515f8	2680	raw/eligibility/crossref/Pdfaaa07e74b7.json
138b2acca93a20c7649d3e8bd8a88a657fe30eaedb81a4b0eb2fa090c9aec5d8	2677	raw/eligibility/crossref/Pe56b7f793f97.json
252d238986c44d9d6f12c961f32f71dcbb439957dfaadedce440e0dc3fb0f9ba	2628	raw/eligibility/crossref/Pe99d203e830b.json
f817fe17afc330bd9a420c51c247d58bdcc827250585edc1d2839b47571e91a7	2795	raw/eligibility/crossref/Pef3ced106aeb.json
77b1307efbf9e39c44df10eddb3a3cb650b3bb7f101eea75513b5b2c1a834e87	2615	raw/eligibility/crossref/Peff0b0bc1a98.json
8c69e37799b736836e9d0250584679a9e7a1c72a15a8989635dfc513b28ac4e7	2366	raw/eligibility/crossref/Pf15ead9a8537.json
941422db3fe7999d837d29411c0b3e9492d96e35f01e93762f4e0cbe210b3216	3142	raw/eligibility/crossref/Pf9fed55e0ff6.json
0d58434527793f28cc878fb076de6934787d2bb701f82d98d0cbc17d169521fe	2806	raw/eligibility/crossref/Pfa7f9a03dcef.json
97604147e55b20a4617610d90402dc2a872cfe59651bf021c6d122b10a608c67	3140	raw/eligibility/crossref/Pfe8cf7f742f4.json
d3145b62115932fd525ded51b4f10bd73f430a03371ae8e21d5a474e135e2066	2871	raw/eligibility/crossref/Pff0691e33dd8.json
294cd92402bcbd3a3299dc083c745953d0fd89bb858238444c9c40d54dbec4d6	8352	raw/eligibility/openalex/P067c2cbcf426.json
1a6cab3477c26c47e07b147f9ff18fb14f38dd32518a1ec7a664826a067b8d3c	1791	raw/eligibility/openalex/P09c23731ef10.json
db0a7c9e490ef609112dd7d6506c197ed787510808f2d02cd2a0404ec2850032	4131	raw/eligibility/openalex/P11ca9f832962.json
55d8042da95b48aea08a4de1975dff42cbe668dec9e915cc32457ffcb3688605	2747	raw/eligibility/openalex/P3315d77a0fef.json
3cd87b221592f0d7fd9910b6cb680f887b5177bb99323b1cab43c953eaebdd53	8775	raw/eligibility/openalex/P3c675cbc2488.json
fae12ba2504a61ad60d92fd90866b99bf5127eb75d82775b16fd908efc4a1d13	8929	raw/eligibility/openalex/P43f8184d18dc.json
aa9486889854d08587c6368c4cba14a47d836a58a5a1e5c114f5596448a6c80f	9018	raw/eligibility/openalex/P4b0800bff9dd.json
533650ecfd359ff3ff11088617af72d1e5b7a0d2d525cd42b43f7055b58ef2bc	8398	raw/eligibility/openalex/P4c1287d63267.json
6a98472267b4bcf1b4a7dded005ba9b6aa39a47caf6f0226c967b31632c29916	8887	raw/eligibility/openalex/P5385e4cad477.json
a9522ec42e2b47e6a5b91f020350326bdc9e8b5e93009364c9bb28268c8fa49f	8979	raw/eligibility/openalex/P59e714e1fce2.json
b49523ef6c861b83dcf18cff222bad66890b8f862c42a74fc973c2cdcd81f5d2	9256	raw/eligibility/openalex/P5bf723f80dae.json
8e25c90a911da6a33f1fecb582f55660c5102c3633327eb56b40999ee55ceba0	8636	raw/eligibility/openalex/P619839203e5c.json
81429d1ada762989838b7f116c8d916676ecbca0cd9fe992fd62b3fda5e409f6	8546	raw/eligibility/openalex/P6750cba8862d.json
cbd556ab49d8b2aff3970cd7042f2fbab161844a46f71969be1dc53fb7ab291e	8824	raw/eligibility/openalex/P857f6174eb43.json
102a073dbd228d7d9bcb8d580fb7c1c728da60efb02f11df9744cbbbbac60cf8	8573	raw/eligibility/openalex/P8689b1754aac.json
36a8ec17b7a2bb39e450456b0a9991adf6fca261aa402c206265c60821a7edd9	8516	raw/eligibility/openalex/P8769bd1ebab9.json
66c5b0fbd9ffcb4dd32e567494313497ac5efec43290e57aa5d88732e67c3673	991	raw/eligibility/openalex/Pa34fd38811e9.json
1ad4de5db1bba244566cbdcfe5a8e47a6b9b137add99da532353cfe041f5f0c0	9330	raw/eligibility/openalex/Pae956bbe01e3.json
d9c95914f49ade20fa5ff47c17d1faf09af689abe52956e0dc7eaef5fbf7734d	8056	raw/eligibility/openalex/Pb73a5655a261.json
3e1a377f2d8c370d3b799c436a25b219cd348d42b7339cd2ad77eafb1c1f77b1	9620	raw/eligibility/openalex/Pc6b0a60e2e38.json
75e293993e9d2e40bb2e4eae723f320537006505687207a784ccc599dd22821a	8551	raw/eligibility/openalex/Pcaf7874e2cc9.json
4e8313ec2096b970076068181fb0bbb3c5ecf35f6024b8bef140ca2e16948d2c	8711	raw/eligibility/openalex/Pdab77a519fd0.json
7cf80655fa6231663b71aee61557cf3f1c31be22b5686fc3255ff561cf42893f	2491	raw/eligibility/openalex/Pef3ced106aeb.json
9ce837dedf611a9551697e522751d658617f01f21795b74b7e421b127689ef53	2801	raw/eligibility/orcid/ben-van-hout.json
dd18102f4fbd106f254e19ccc7c52c53936ddcace8cc4701a607c261050fcad2	137749	raw/eligibility/orcid/ciaran-o-neill.json
b36a6ce957139325d9302f491882de96467478af90c9e0fc13c7a8ee1ef9859e	596709	raw/eligibility/orcid/elly-stolk.json
ba7985ddb29cb15efd8c0de5d4acae1e9986453910237fe4db0348e1736d3e0a	160212	raw/eligibility/orcid/fredrick-purba.json
d13a9143f89e08fe9b1f2a96bae889ac64c601c66c2b25633038301b34337ba3	731801	raw/eligibility/orcid/gerard-de-pouvourville.json
fdf761dca938c012b6c6ef310f7c71bd03a51ad910393cf540e888e4fbe568f4	24971	raw/eligibility/orcid/maksat-jumamyradov.json
31dc3774e48d47feb6514718687f4f5ab66251356a055a05325b2c1cf46b2b59	191539	raw/eligibility/orcid/margreet-franken.json
77f5aa13a3caf10c13b486aaf2c7e5840faa0474a9fa64884ee6127127a8edd4	81751	raw/eligibility/orcid/nyantara-wickramasekera.json
2de0d488c8d0e980c56cf29ee749d112ddbed514ba94a8503e4931345fe907d7	633511	raw/eligibility/orcid/philip-powell.json
ac91639acb19f8f7bcf468a5e962e641dc5a8fd0c65dd370190fff571f6d79a4	899401	raw/eligibility/orcid/piyameth-dilokthornsakul.json
1c264c1c329c8530c08b56fc3bfd9a717a993c3fafe95ea42adf16ce51820898	1190	raw/eligibility/pubmed/P067c2cbcf426-search.json
85b5ddba1a9c48fbc27889ce3975036d8cb95a80f07540e32df182833ebb2bc7	1705	raw/eligibility/pubmed/P09c23731ef10-search.json
cdc1a34f03f1092765cb179c37b0ac6a287f93b4a3241a4874978ddbe60d71a7	3432	raw/eligibility/pubmed/P11ca9f832962-search.json
8c0d91a8d6fc4f1d6019829e36d2892b492bee07f1cee0f95737464760bcad0a	654	raw/eligibility/pubmed/P3315d77a0fef-search.json
3dbe46f78b6dd67dcc679e56dec2371c788f793060a8f8e74a3c2754d959c441	1444	raw/eligibility/pubmed/P3c675cbc2488-search.json
dd905cc0ad18c8c7b8098e098d0014bcfc0006c7c4459f7a6b9325f3591bf6f7	3290	raw/eligibility/pubmed/P43f8184d18dc-search.json
854189aac4614a7d0a2f367657571988a882dabb6ee3d0524febd11014e2734f	7471	raw/eligibility/pubmed/P4b0800bff9dd-records.xml
4e2b36cb44716d9b02ebf6260a7da87ba72c083e87d53082641e05468d8acaa9	2045	raw/eligibility/pubmed/P4b0800bff9dd-search.json
50674862c79d9c1416a90ab45032adbdd02c7941dc750bcfd43d676647a54268	1385	raw/eligibility/pubmed/P4c1287d63267-search.json
660c378f5ce01da37949505a45d2a46a8e60104a9e7c753b599eed5c95289b81	53723	raw/eligibility/pubmed/P5385e4cad477-records.xml
cce96fe1a17393d5f9a330bcebbb3afdbc1623bcac17668af23c95079a17c846	1888	raw/eligibility/pubmed/P5385e4cad477-search.json
a9d732fa532bd1a66c01fedd8ea6e7fd2659dff018d21f17bf741e96b2ffa5f8	626	raw/eligibility/pubmed/P59e714e1fce2-search.json
aef7d64eb25da78b09cf4e1aa3409ac2d6c6300c1d0301332155590b59b2d006	1767	raw/eligibility/pubmed/P5bf723f80dae-search.json
ba6083d12010771137e82ebab0bc4d9f9eae101294d24a01f5d849488cee17dd	5400	raw/eligibility/pubmed/P619839203e5c-records.xml
a0ec25f3b2dd60333a92cf8214ba8638d313357c1a03fc8882ac55696fcd4f58	3828	raw/eligibility/pubmed/P619839203e5c-search.json
62308076e7205c33eff8980265162287cf38ff712de96aa07b7f235080c37867	977	raw/eligibility/pubmed/P6750cba8862d-search.json
dfb48eadbada7901248c2ab38c6f979a58e125c6b4bb4051e7586ebd78e01180	1735	raw/eligibility/pubmed/P857f6174eb43-search.json
2983fc4e5947865996d415b7658f96a6c679242a5592e3c29abd6f7c68c77ed1	996	raw/eligibility/pubmed/P8689b1754aac-search.json
e3946e52c2370694d3ab59431a5a176d93b84a8e7c0ca45eb6c4a7e05755dfc5	2364	raw/eligibility/pubmed/P8769bd1ebab9-search.json
cd8095022f171cc51ea3cc9268a654658f0b652970eb64182fd1c62d723840aa	2192	raw/eligibility/pubmed/Pa34fd38811e9-search.json
f8239aa90cf070a39b373736b7e452c8b4e05bf0b04fd07885e1ffdb829c45cb	58966	raw/eligibility/pubmed/Pae956bbe01e3-records.xml
4fef96bee0c58f7e2b3f189b27198952834916ce21d3fd2ce9a19ac89509ad82	2823	raw/eligibility/pubmed/Pae956bbe01e3-search.json
8e9a20b72fa22e7e136e08dabfc05487c6805dfcf05d15b2f446df573cadbfdf	2285	raw/eligibility/pubmed/Pb73a5655a261-search.json
1b73222832752f66f03e13366281e7499e96eb17f1dba646fcd2883e6adc62c2	7952	raw/eligibility/pubmed/Pc6b0a60e2e38-records.xml
8f68b021265284f9951118676f209cd707db73a68bc4cf5cfe192388514d51fa	7225	raw/eligibility/pubmed/Pc6b0a60e2e38-search.json
4642bd5f9183ff00548ea6f1c97abd8420508ce842369e87748de7163244517c	2424	raw/eligibility/pubmed/Pcaf7874e2cc9-search.json
4954177cdce6a0dc9cf092d35388f0d98edc8a435b9770de58b52a19a3f01b95	106035	raw/eligibility/pubmed/Pdab77a519fd0-records.xml
063e35da5c3d39124f7aae38deb0a17e51fb5382136bbb314d5688137ed2c991	611	raw/eligibility/pubmed/Pdab77a519fd0-search.json
89d6d80af0a1b07dcbafb8412f5cbee49f8ca9dda75e18063f9f6f2205836ec8	640	raw/eligibility/pubmed/Pef3ced106aeb-search.json
34ffa5a13b769e55c8cbfd40e14c163fe1ce22c1e5b42bc68e0af05cc702daf6	1001	raw/europe-pmc/P05e5d6fe8a0a-search.json
1aa35eb6335b85df8de67210a570bcdbe3f78b530884e676008476a956ecbd4d	196	raw/europe-pmc/P0ae44f6cc117-search.json
18bb4c74c357b1fd47d01c3f3c558244b75b7b3d99e7ffa0cad3d5e621062dda	81560	raw/europe-pmc/P147e4c75f89e-PMC8800863.xml
3b972c5e54fc81c12d8016b07b1088c75cb655469c84c988b0cb5f49c6797b53	1046	raw/europe-pmc/P147e4c75f89e-search.json
cca0337c93cd5d8b8d88b43f639b95a7628eafd6308576155a0e977a2e2c1f75	196	raw/europe-pmc/P15ff1e68a85a-search.json
0fca0fc65d5aae9ed9ab59a4634579bfecdaf7b569fe0b4e4809913dda2eded5	184334	raw/europe-pmc/P197cf1f57e96-PMC12858505.xml
8264d9afe60d317b0df26d62754ad1a30623437a0bc7f5de2ca55c9df5c9b311	1105	raw/europe-pmc/P197cf1f57e96-search.json
2216f4bbb945f5a32b867f9074863cf77061dade356421aed26793bdc942df26	197	raw/europe-pmc/P1e96b924b531-search.json
9a31e1c4746bf090a81d770a74db4d5615a9ceb023d6036410a8508c11e420ed	872	raw/europe-pmc/P42d93a2d63f4-search.json
e415a117f85bf00c6b5db0ae27cc29043326b43dfee897b9a2583824d54e02e6	1106	raw/europe-pmc/P46000c7cbbe8-search.json
5cf64fbb85eaca740d4b46bd017d8570dd8292a3ab29965b49cd9360bce37f11	1099	raw/europe-pmc/P49fcf222dcec-search.json
f19c2aae46658cd96a52cdd4a52b787db4c74a26e9fe5b253c7c51ecda728dde	120026	raw/europe-pmc/P517360bbecc3-PMC9579618.xml
d93d209405c4bc33cab5f186ce44442986b15aaa5de87abe87b17bc52ec94f9d	1070	raw/europe-pmc/P517360bbecc3-search.json
bc074093544c858c63f86ad9c22987c116b745f9d64f7ae4b80115ed8999d93e	82872	raw/europe-pmc/P6cedd861f14b-PMC12769934.xml
d945ac9c7fec82a041e0fa84f493b006972494ac0eb7b659d67e995e39ce8a83	1072	raw/europe-pmc/P6cedd861f14b-search.json
d3b73ccbc0c64894420854ed1e2a596c24a9f0b5795c1b3ea62a8f49b89feeb7	84363	raw/europe-pmc/P6f8b7b7bec2c-PMC4920942.xml
a69723c9420ca15f419480299c3e585c5500b52695f912336746e9d7d62aa1d9	1016	raw/europe-pmc/P6f8b7b7bec2c-search.json
179b7e1f566cc43fcf85258c80e65bf3c60903040726e4a236356253900a409b	155810	raw/europe-pmc/P75339c6d635f-PMC13269515.xml
4afe729f4b8c49652d9b9a899495aa24c1ced87414b5dfd1569339f1e88fed12	1104	raw/europe-pmc/P75339c6d635f-search.json
878177b4ec24d6e506adf787bdc70caa55fb91161864ce2fe9297cfe703b9a4c	114490	raw/europe-pmc/P7f6351573c87-PMC5074319.xml
a9f751b09855081d52fb4ed83dc76c8106332247925a85c2b2f3ff2723b6e8a0	1093	raw/europe-pmc/P7f6351573c87-search.json
6b00dafb0420b2731140721c570044a84a050cfcbadae3b072dcd3a2ec9d50c3	111205	raw/europe-pmc/P7fd551fe228d-PMC12911809.xml
56a689509da4bfaa144c058c386da86c2852aea9377ead9862ebdded0769a06f	1044	raw/europe-pmc/P7fd551fe228d-search.json
fa045983c4bc1c1264fc38ab9ae962320038d13ec0070f63990e650fc33bed8b	164348	raw/europe-pmc/P8d488800e756-PMC12168295.xml
a2f34f0148af78602d889c0f2efd1f70ffaec2e90a0ed38f73631af93762b159	1155	raw/europe-pmc/P8d488800e756-search.json
2a23161c9d51009ca4cff4ff44acfd6840d890afed166fe4bc5a826c68f611eb	922	raw/europe-pmc/P9d705ba2d740-search.json
67f8a11bc13feecfcee71a183bb039423693ed873796508e45ae40f4a9ad7401	128527	raw/europe-pmc/Pa17f04ae87b1-PMC9971655.xml
d8713fd219d65766fb606140ab4d82ce1c2f2fc065539bd38234dab97aaf66fd	2467	raw/europe-pmc/Pa17f04ae87b1-search.json
279db15502546f5b418ec6d46ba899e5d0db254746c2f8e361d607e837025d2a	1015	raw/europe-pmc/Pa62cdfdcb618-search.json
c2849231985a2b4b5b76f5794939de233a9c19c19042161711ba06228b056256	149550	raw/europe-pmc/Pa6453c3e5462-PMC8469093.xml
6c9dee394bba41514a9de4007c3c0637f826f9fd9e4add0c77f09270397655c8	991	raw/europe-pmc/Pa6453c3e5462-search.json
4ed9c766962d32c71de708e589871d08699547a228465c0b9f68a5092d90ea1e	78963	raw/europe-pmc/Pb2f2e9a1453b-PMC10297753.xml
7bc87d4c0c26c1046e6e57acfdabcb92152624874d21f2ca245e0f6633f45b08	945	raw/europe-pmc/Pb2f2e9a1453b-search.json
9ec27b4e1490f0aac67eef11bae90c819121d5c11025c72b9187f5229e3933d0	161175	raw/europe-pmc/Pb639d0f3b20e-PMC12535937.xml
bd7151d5f809bce707083970ad083b877a3750675f5067f7a10a6a1ce05e01d9	1001	raw/europe-pmc/Pb639d0f3b20e-search.json
4adc49120e667d8b4fa29e6f56afc6269db7e071638907a900f679b19d4a864f	955	raw/europe-pmc/Pc5fa68dfcef0-search.json
e25654840107b21d30b5d6283727cdc5fc67abd828adbf624c6d76f92c6716e1	95368	raw/europe-pmc/Pd21c61eb7b4f-PMC12422609.xml
d68fe6f8489fd8ddbbd74132baea576214e0d4ad9f21c5905a0de6b4ba5c889a	1045	raw/europe-pmc/Pd21c61eb7b4f-search.json
64d40d8ec803f16163b88173c085fbdcdf4012a7d9ffca23cc54757870c3b99f	904	raw/europe-pmc/Pe95381c261c6-search.json
ffe5e23adb36709bfaf77dc7ec541a914a13e4fc7e8eec659116c4d99bf5b81d	98199	raw/europe-pmc/Pf19b6a946d16-PMC9438210.xml
278311b72542e012889b002917491c464f18cab542131b647f19fda9734e545e	1130	raw/europe-pmc/Pf19b6a946d16-search.json
9edee4e846303e5cbdfda2df49205c0523b6be5c995729509b0f09634071757c	885	raw/europe-pmc/Pf53a5ee15eef-search.json
9a3e2cc5205c913607f28a34a6e14dfb7b0e4293c58c58ba372ec01a00d8750d	560420	raw/pubmed/ben-van-hout-initial-records.xml
606d33ac7b1eb23d99a217686539d29f2f850d33baa4eb7c192a95dce6478c99	972	raw/pubmed/ben-van-hout-initial-search.json
d40448cad0a1580e4c7368bd238031deaccf3c645fc61375c640efca1c8ad355	19	raw/pubmed/ben-van-hout-records.xml
ed97b85d5df32ee80405bfb32e1c78f5c25ac2227f92de9900f9757150fad853	610	raw/pubmed/ben-van-hout-search.json
a9e1f99d27d70ec536e54ac83055ae87a08f0d4539e05b752d4b6cf242c6c6bf	929031	raw/pubmed/ben-van-hout-v2-records.xml
f4f3fc4a891fb06e5ea944fc5e8d7756bc9f6dbd1e91ae2f244603241ed7d729	2199	raw/pubmed/ben-van-hout-v2-search.json
f12acd14bf8582dc2d3cf81d6cf138c40c2eaf334c73aa0f2a8bc3e154590ab9	1713926	raw/pubmed/ciaran-o-neill-initial-records.xml
eb80dea3c74774d69f5355be5d4f574e8234a39ecc7bd60c62f59668804dcaab	1468	raw/pubmed/ciaran-o-neill-initial-search.json
d40448cad0a1580e4c7368bd238031deaccf3c645fc61375c640efca1c8ad355	19	raw/pubmed/ciaran-o-neill-records.xml
3d21108019e8b622095e70cef4d99518a4164ffe5f7e5f7d45c636005895378c	612	raw/pubmed/ciaran-o-neill-search.json
139ba9b8d5bd3691ecca0fa64fca980b887a767918976b7cb644f4db4805c584	3047151	raw/pubmed/ciaran-o-neill-v2-records.xml
2f4992f4a0990a5bf17accb0eda256d410c6052314d1db6bb1e2251dacdb149b	3148	raw/pubmed/ciaran-o-neill-v2-search.json
b833b06910bdb7df4515b45b5a3e5d0104b1e6d01aa8a2452adbb0b92008e8b2	778309	raw/pubmed/elly-stolk-initial-records.xml
f944d10dfd15cb7c2dbe034df3b7673f0d35835c96dbbd827a715307bd4a4b0e	1023	raw/pubmed/elly-stolk-initial-search.json
d40448cad0a1580e4c7368bd238031deaccf3c645fc61375c640efca1c8ad355	19	raw/pubmed/elly-stolk-records.xml
1fc2fbf33a1e7b485fd32fb1b1a94ffd5e740992f7f444b2f96b19b890111b07	608	raw/pubmed/elly-stolk-search.json
e42a404e172f1d56ec175a85248d28c754139e0bd668c18328e9c91ac763b19c	1501584	raw/pubmed/elly-stolk-v2-records.xml
689b1d3ad232142eb5ebe974896b10aef7a28928adccbc0ff7511ca89418b6e6	2416	raw/pubmed/elly-stolk-v2-search.json
915e2d9953a2c266c1082154b9153fca3bbf84b8f26885d47294f203823c72dd	47257	raw/pubmed/fredrick-purba-initial-records.xml
380cd04488edf8facf093b9ba8e8935187e79b9a76d3451058af6aadea06deac	526	raw/pubmed/fredrick-purba-initial-search.json
d40448cad0a1580e4c7368bd238031deaccf3c645fc61375c640efca1c8ad355	19	raw/pubmed/fredrick-purba-records.xml
23de99ad330bbed03c15e4eb0c56b501fb72f80d9e96ae75a499472df5d89117	612	raw/pubmed/fredrick-purba-search.json
49f81d9561ec4dd7a0509f6d7f25c45f346f5ac07daf8728c95d51602c894068	1325212	raw/pubmed/fredrick-purba-v2-records.xml
1c6296d86665581826563bb6e95424f2e2ff9378f6d2c8c9ecb911b7280fe013	1941	raw/pubmed/fredrick-purba-v2-search.json
ca061859ae4d8a2d5eccfdb31e89c028ed139bdc6e6c41efd936986262c6c9fa	328695	raw/pubmed/gerard-de-pouvourville-initial-records.xml
9db45e7b3cbfc28cc5fefe5aedcd6978bda76a620c79a5e89fa40152c6839dc4	800	raw/pubmed/gerard-de-pouvourville-initial-search.json
d40448cad0a1580e4c7368bd238031deaccf3c645fc61375c640efca1c8ad355	19	raw/pubmed/gerard-de-pouvourville-records.xml
3cd97169affe6019a494ecb93131f92571f0368854179a8f48a7156290c4ac67	620	raw/pubmed/gerard-de-pouvourville-search.json
8c97f32d3af83cefb82b0f4bcafacfcf5730c4b6a54007d9967b1ab9fcaeaf21	369108	raw/pubmed/gerard-de-pouvourville-v2-records.xml
bcb69ae155bf804d0f3e72930a5f401f992e706d50c7f124a0786e93519c3efe	1730	raw/pubmed/gerard-de-pouvourville-v2-search.json
19ce11174dee12e5871d0f468af1b9897452cb914ee7e0ea6e8464f8f9ac0e11	90385	raw/pubmed/maksat-jumamyradov-initial-records.xml
496b58d7286e0d960ad52f99a3edebe76e3966d5ab01c49c6dc475dc0375da70	576	raw/pubmed/maksat-jumamyradov-initial-search.json
d40448cad0a1580e4c7368bd238031deaccf3c645fc61375c640efca1c8ad355	19	raw/pubmed/maksat-jumamyradov-records.xml
3247e8a869c6e965b4582ead64c1a20bd09faa681655926972ee5bb0f3264e4c	616	raw/pubmed/maksat-jumamyradov-search.json
19ce11174dee12e5871d0f468af1b9897452cb914ee7e0ea6e8464f8f9ac0e11	90385	raw/pubmed/maksat-jumamyradov-v2-records.xml
6114da1e547bbd64edae5ac5e445221f6d799120deaff811a7f032e82c60afd6	1374	raw/pubmed/maksat-jumamyradov-v2-search.json
ded9d39de90ccd7a8e8217f316df4df7695a0959fcdcdfc7b82878ddfcc85d39	36826	raw/pubmed/margreet-franken-initial-records.xml
de94c2aa75a6272445e6b82a045ee5c00e7d2d24ca3b98b026d708769fb5a9a8	528	raw/pubmed/margreet-franken-initial-search.json
d40448cad0a1580e4c7368bd238031deaccf3c645fc61375c640efca1c8ad355	19	raw/pubmed/margreet-franken-records.xml
d253593c9c65119d5310b6198d37dafadf502842b6b6270632f050e9404348f0	614	raw/pubmed/margreet-franken-search.json
bbda09200c5fed205a77babf5894369298810aef4d510efc6e7a2facf5869963	521135	raw/pubmed/margreet-franken-v2-records.xml
c05ae903312baac932e99dbc04d978753f2e2de7a0d3b3a6825e1f2c2f94ea23	1616	raw/pubmed/margreet-franken-v2-search.json
25e6fd18ade48af796d4b055cda01c01001fdb547e689ce6762b09401888664b	197743	raw/pubmed/nyantara-wickramasekera-initial-records.xml
2bc5d34c8e139364a434b1b6c134b8c852465a8d14f0a2c09c5001a3ad389f50	601	raw/pubmed/nyantara-wickramasekera-initial-search.json
d40448cad0a1580e4c7368bd238031deaccf3c645fc61375c640efca1c8ad355	19	raw/pubmed/nyantara-wickramasekera-records.xml
563a62f5eafaeded1c227cb1a78ee4832f09b5b87da3e1a9825bd36fd67d84ad	621	raw/pubmed/nyantara-wickramasekera-search.json
a602ef7f82e49f58d9b2ec78d545659dea0c832d09ab128bf9521637ee73f14b	527877	raw/pubmed/nyantara-wickramasekera-v2-records.xml
ed82d9a0abf07b510d6c8ef4df63a9d209916559ff120c42eabdde3394e7e3d3	1561	raw/pubmed/nyantara-wickramasekera-v2-search.json
08b519df52832f5aae87251bb9699ff5758b73e9ca95fd1f4c2e862b670c47e1	541844	raw/pubmed/philip-powell-initial-records.xml
88b4bc57d1fdb76422dd489c4c230b5d675a3d421d659f00967bfee8f556e752	661	raw/pubmed/philip-powell-initial-search.json
d40448cad0a1580e4c7368bd238031deaccf3c645fc61375c640efca1c8ad355	19	raw/pubmed/philip-powell-records.xml
1436e3140bc1929ead9d46756d2f81500c71c482426bf0fd3349a6d182866280	611	raw/pubmed/philip-powell-search.json
38bb0ecc9ae921b91036346d1fbec60ba33ab64b3f00c9d6ac0b91cae96aa6a4	1617864	raw/pubmed/philip-powell-v2-records.xml
d960169cc4bb87537113f8adec84c8055cae5767ab1e2b0c08fb42c04ceb962b	1888	raw/pubmed/philip-powell-v2-search.json
9806884236d1e29a42c6b2f5730c9602131483414ddabae8cd6c7fbb30be045c	820311	raw/pubmed/piyameth-dilokthornsakul-initial-records.xml
b8b691c798535d7cdbe5f4db33daf737850747b1ed0e3fcabcad3821d36df94a	978	raw/pubmed/piyameth-dilokthornsakul-initial-search.json
d40448cad0a1580e4c7368bd238031deaccf3c645fc61375c640efca1c8ad355	19	raw/pubmed/piyameth-dilokthornsakul-records.xml
a8beb4bcdcca2fb4bff10424da5236ecdf2ec6f0a8a0fd6f6f535969339ca0f6	622	raw/pubmed/piyameth-dilokthornsakul-search.json
b9555637a6713e62826fcb7d7b8db96b8d171516635d97d7aff4d2600828b65e	846199	raw/pubmed/piyameth-dilokthornsakul-v2-records.xml
4ae24c2395bf346ed698c957d1febcb090af78063283f35b36fab3b4a0d2b08e	1806	raw/pubmed/piyameth-dilokthornsakul-v2-search.json
bdd68c38237bc54806d34ad26bc43f0ef33dc3113bc71e3c175d0fc93dc32383	20963	raw/scholar/ben-van-hout.txt
7200c2575737b3183f995ed4cb0f9b080703f417e3d0be5c62326171e079bdb8	21946	raw/scholar/fredrick-purba.txt
0f126197cf0c6861a7fd1feff386624da4b57f83832822ea3d6662cdbf650f1d	21848	raw/scholar/gerard-de-pouvourville.txt
aa3b761bf273eba5b5027aa54bc3c6e5e36b1872ec07761af407e05390a7f5e7	218	screening-corpus-validation.json
175cb78d7ff56c1a449dc6493d55878311bccb76eb815a70631133e3bdad97d8	6361	screening-final/batch-01/batch.json
a9f9a80b355d994907198c535285355bd09dbdb348216c3014d62e5803468e72	3611	screening-final/batch-01/decisions.jsonl
b52d2d9830fee9e6ab81789a2e295064c29de07e203f83292c3fc34b6843f58d	78	screening-final/batch-01/final.txt
44606e4d13b0506fafea8d1b5f701f3e4febb9763d8b4ad43768364693ebd160	48278	screening-final/batch-01/input.md
f0a6e782aa96e994568fb91e6c53c9a93398153ed6f8a853093ff79a50c5e496	449	screening-final/batch-01/run.json
e3b0c44298fc1c149afbf4c8996fb92427ae41e4649b934ca495991b7852b855	0	screening-final/batch-01/stderr.txt
d2c78a545e32f0911bd2c76dbdd83468b9a3b1be5d9b9cce350f43402b49ed18	86	screening-final/batch-01/submit_screening
f2c26708522e5a92d6f9d94ad6be3268c4b37a6bf8e78f6f6fd097a7c92f4ad3	8720	screening-final/batch-01/trace.jsonl
e3bbcd33da929deeefc47ae5201d7c343198ff94056e15d73142949a21d430de	5961	screening-final/batch-02/batch.json
9bf59805ca02a7253f6ecf9258b096b012a242f1476f37ed71fb7094b5df8772	3729	screening-final/batch-02/decisions.jsonl
9312f2dff9a98dc29a1f1e809ccbd39ff195fcc03b705bb514208a3cf76bf65f	46	screening-final/batch-02/final.txt
850c2a072d869745a1c98244413c78eca0e891eff542dcefab5cff09449021d3	50323	screening-final/batch-02/input.md
b7808ed54146f53f65454c02a44df70a6d4a1e3e8e0300df6bf388ea6f7e364d	449	screening-final/batch-02/run.json
e3b0c44298fc1c149afbf4c8996fb92427ae41e4649b934ca495991b7852b855	0	screening-final/batch-02/stderr.txt
d2c78a545e32f0911bd2c76dbdd83468b9a3b1be5d9b9cce350f43402b49ed18	86	screening-final/batch-02/submit_screening
60b67aa4a6dc9401a61ea14d70b3817571e44ba122c6017e00aecc525c9559aa	8790	screening-final/batch-02/trace.jsonl
12aed8e3e999aab298ecc8158b12fb25fef7cead6728a03d4099ed1c1958afa3	5669	screening-final/batch-03/batch.json
8411467249e90c60ef905142c8aef1cdaeceaf194f04f780257138df5b0313b6	3282	screening-final/batch-03/decisions.jsonl
822fad74068007d5771008be034bb2ab844c0fd5864a24505048761d7fc77104	77	screening-final/batch-03/final-resume.txt
572a1416259e403fe510e70bdb515ea189567ecae6c0bc584bb3b00ccc52ece2	161	screening-final/batch-03/final.txt
cbc6b20787066ada2ab4c9c5b7803dbbf22c2449c63133dfff4febb46fcf5f2e	45565	screening-final/batch-03/input-attempt-01.md
0e66c34813b8498b4f547acebfb44b529dc49bd7e7353f944323b132e67bf1be	45065	screening-final/batch-03/input.md
d634c21e8e2734a14c75f35f4f9e39d5e95f4e82394438a093609a56deaa56fc	456	screening-final/batch-03/run-resume.json
146d57291b01406914e2feed6f925faa3e1eef68224e648e72e1d677fa1be369	449	screening-final/batch-03/run.json
e3b0c44298fc1c149afbf4c8996fb92427ae41e4649b934ca495991b7852b855	0	screening-final/batch-03/stderr-resume.txt
e3b0c44298fc1c149afbf4c8996fb92427ae41e4649b934ca495991b7852b855	0	screening-final/batch-03/stderr.txt
d2c78a545e32f0911bd2c76dbdd83468b9a3b1be5d9b9cce350f43402b49ed18	86	screening-final/batch-03/submit_screening
2b98c3d2a88ba62a0ce029a821ab67eaf95010b8e56a6e5da5e6b9088f1a2254	7920	screening-final/batch-03/trace-resume.jsonl
b8a372a002696fb66d49ce74a22d33949abab491c6f4757df5dcb6c72e3f9e16	507	screening-final/batch-03/trace.jsonl
4364cb21cbbd82622f0ce383c06432ff92b870dcea9e80ccba81c541174f4179	6211	screening-final/batch-04/batch.json
c28d437825c22d9326ee26854df968a84341e610a406075fabc15e803e8c7936	3782	screening-final/batch-04/decisions.jsonl
a3e9c9b499170187592ce1a648caffbf205921ed424ab583bf1e142a3bfccc82	78	screening-final/batch-04/final.txt
8782e9237987cd7e2362747daa328bc12ec8246d69620fc05d5b1bf040d718f5	50694	screening-final/batch-04/input.md
8c25a23da292e23212ce1548663d24137f71dbb4103a8cf759f0fe048696eaf3	449	screening-final/batch-04/run.json
e3b0c44298fc1c149afbf4c8996fb92427ae41e4649b934ca495991b7852b855	0	screening-final/batch-04/stderr.txt
d2c78a545e32f0911bd2c76dbdd83468b9a3b1be5d9b9cce350f43402b49ed18	86	screening-final/batch-04/submit_screening
623205605bdf155491923349b9127b973abdb1ea889da0b4313d507bd3cbeb31	8502	screening-final/batch-04/trace.jsonl
adfe17728bf1f4fbc875367617b365b046b22a247cdd15c041c5b26cf0a01bdb	5830	screening-final/batch-05/batch.json
e7a2089c6fb55235450d0c944199fbc2f4d058fdbe831c64d28194dd744dceb7	3583	screening-final/batch-05/decisions.jsonl
b8c44f6fdf21bc697005fcc1356e064ff29fb23749313057287d5419e21f5a00	82	screening-final/batch-05/final.txt
d877d8b5ad54ccb6a37b967d836568a461e735003c90c8e19ecaf2a97cc79f15	42717	screening-final/batch-05/input.md
33178fe56b779caa047a5be3f47c11d77a87db0a774ec7721f16b7d3166e02e8	449	screening-final/batch-05/run.json
e3b0c44298fc1c149afbf4c8996fb92427ae41e4649b934ca495991b7852b855	0	screening-final/batch-05/stderr.txt
d2c78a545e32f0911bd2c76dbdd83468b9a3b1be5d9b9cce350f43402b49ed18	86	screening-final/batch-05/submit_screening
81543b0ccacc2ae415bbf0e54ddc5cf78324092a7e37aeb538c01c3bfdcc306e	8515	screening-final/batch-05/trace.jsonl
48578da3c9fedfcc185abe7d9a5b22752557fc43ec17020a4a429a40d40b823a	5580	screening-final/batch-06/batch.json
29d4743937b56d34ac2164805bc462a686caca8be293d98bb28d772e8e0676e0	3641	screening-final/batch-06/decisions.jsonl
ca98a4c6933cdf50ab8a628559ca9dafff901fbe4108d9719967a5bc7de78f2b	65	screening-final/batch-06/final.txt
81555be1d9d0125bb488eae1dc03a29200bd27ec4ad0e0ed82a69598cea987b1	34802	screening-final/batch-06/input.md
9eb97059ec25a7b6fc0bf324bd353ad2756dbf7a31bb0a7cfb341ff4cf00ba4b	449	screening-final/batch-06/run.json
e3b0c44298fc1c149afbf4c8996fb92427ae41e4649b934ca495991b7852b855	0	screening-final/batch-06/stderr.txt
d2c78a545e32f0911bd2c76dbdd83468b9a3b1be5d9b9cce350f43402b49ed18	86	screening-final/batch-06/submit_screening
3aca4632ad15c0c7d9affb6ffdc72b5db1f44e9367bf56fb38faf8b94db1bc08	8062	screening-final/batch-06/trace.jsonl
3b61f42270286d32c0258fff9235e5f24e3225f60135e145d7747f7beb86e3a8	6108	screening-final/batch-07/batch.json
76eb05a30228937abe4369f811586e53b8e716b683dc820e801c34bf189fd514	3937	screening-final/batch-07/decisions.jsonl
12bfc04b481060e14e256636c30ee7d70d6d1060b4debc9519c541a6666ade00	55	screening-final/batch-07/final.txt
1e65cd307580b80183c3cd6fc976046e00b58347fc799fb41057e9b5d563fe20	42597	screening-final/batch-07/input.md
679557b977e713b22cf650b8db1e641912c9ac999727a10d05ea44534b146ff2	449	screening-final/batch-07/run.json
e3b0c44298fc1c149afbf4c8996fb92427ae41e4649b934ca495991b7852b855	0	screening-final/batch-07/stderr.txt
d2c78a545e32f0911bd2c76dbdd83468b9a3b1be5d9b9cce350f43402b49ed18	86	screening-final/batch-07/submit_screening
df9da8f213ebbd604e28529ded0321377e62c100d345b5bf0d7f5281a2b9dca2	8873	screening-final/batch-07/trace.jsonl
854d88019493d3d7289582d4a327b9ce2e7f73e851ad92498f37f1fe4d1e5b1d	6119	screening-final/batch-08/batch.json
be502d1fe78471aeb345a77fdd6e7660e5055211b36804aa40a5c6c71e156010	3970	screening-final/batch-08/decisions.jsonl
12bfc04b481060e14e256636c30ee7d70d6d1060b4debc9519c541a6666ade00	55	screening-final/batch-08/final.txt
6de8d3b3ac9ca86ad8c5231bbc82b75d76c874668a16526897a3b33fee280046	53131	screening-final/batch-08/input.md
7ad4b5899b4b97276f0e0c25dd3656310ac5944c7dceb19f095e8b4bcfb227f1	449	screening-final/batch-08/run.json
e3b0c44298fc1c149afbf4c8996fb92427ae41e4649b934ca495991b7852b855	0	screening-final/batch-08/stderr.txt
d2c78a545e32f0911bd2c76dbdd83468b9a3b1be5d9b9cce350f43402b49ed18	86	screening-final/batch-08/submit_screening
cf7007cb9912b267edd86a701dab25828109c380d6bff7804e14611f13185597	8770	screening-final/batch-08/trace.jsonl
ef0ec7eb2b851d50c1f80afb8e63fa96874291b41ced8d2d354573fb54753491	6572	screening-final/batch-09/batch.json
6a001fb0f295b831e7cbd40257743988d2a3aec875c673a30370efa18067613a	3667	screening-final/batch-09/decisions.jsonl
d7da3a0e78e764d2fcdc93fd2db39c83ebb4d2aa6a176a5e62df806a8badb9a3	85	screening-final/batch-09/final.txt
e4c08015525239035838e303c046dd1e62ff51fb78585b043cc22a1479884208	50022	screening-final/batch-09/input.md
5282a15830fa74b4dcfea08122149e7659769ff556ec1cb912fe1972f9df2d4b	449	screening-final/batch-09/run.json
e3b0c44298fc1c149afbf4c8996fb92427ae41e4649b934ca495991b7852b855	0	screening-final/batch-09/stderr.txt
d2c78a545e32f0911bd2c76dbdd83468b9a3b1be5d9b9cce350f43402b49ed18	86	screening-final/batch-09/submit_screening
e86f3b1f570115b090df2722106043caded36fa0820d53bb857bd24faebce1b2	8699	screening-final/batch-09/trace.jsonl
10ce2b079a65a158433b6110cb8871cf6b6624c649faf4b131ecc85cf02eb259	6436	screening-final/batch-10/batch.json
babf6fddd7ca677cc1ad70095a9fe82c39988ba09359517f580538f0c8b05252	3908	screening-final/batch-10/decisions.jsonl
12bfc04b481060e14e256636c30ee7d70d6d1060b4debc9519c541a6666ade00	55	screening-final/batch-10/final.txt
05f4ff0e08f756eda43e40ca6d2e3a78aaa5e480519efe78ede97677ba3df70a	44930	screening-final/batch-10/input.md
c6cdb736026c1879ab475cbee35f45f46440f8b8beea7355016b6de2111275dc	449	screening-final/batch-10/run.json
e3b0c44298fc1c149afbf4c8996fb92427ae41e4649b934ca495991b7852b855	0	screening-final/batch-10/stderr.txt
d2c78a545e32f0911bd2c76dbdd83468b9a3b1be5d9b9cce350f43402b49ed18	86	screening-final/batch-10/submit_screening
a9d0c046a1d6d8ac3832d6a059cfe6e14af49dc1d27eec868b2f2b7c7fdad454	8825	screening-final/batch-10/trace.jsonl
add81f7b76c63843e1dc0d496659eea4fa74a70effe8a7e466f642395711275c	5876	screening-final/batch-11/batch.json
14b282a68b2feaa255acb59341ea5b927514bf3eb54675740921a95e8e46498b	3571	screening-final/batch-11/decisions.jsonl
e7708afc385b8f5704992179280a846acc725e6c2e0662b387f8ce0b63d9d117	78	screening-final/batch-11/final.txt
24055116eb950e6681e9d7a24db9839233ab21afce28332c031dda5536631f34	48550	screening-final/batch-11/input.md
389c0ddf1a4378aa073c3b976cd05ce34aa24f175d23c67e5fe54368bc5495a0	449	screening-final/batch-11/run.json
e3b0c44298fc1c149afbf4c8996fb92427ae41e4649b934ca495991b7852b855	0	screening-final/batch-11/stderr.txt
d2c78a545e32f0911bd2c76dbdd83468b9a3b1be5d9b9cce350f43402b49ed18	86	screening-final/batch-11/submit_screening
e32ced20fb4ab187ada1ebc1c24a90d01acebd6df23893ec5200f1a94209bae1	8644	screening-final/batch-11/trace.jsonl
69b05606000f35dc42d111c5d1de97833f041fb6e35a684a99fe4c2813ae3016	6151	screening-final/batch-12/batch.json
fb1e58b3cd7d11b2289d991c395a169e744e758f1a636449f36868eb433c467c	3854	screening-final/batch-12/decisions.jsonl
7fa19e845ff9242c099dfff279c92264365f1219c978e1002bb78d9686a8c086	63	screening-final/batch-12/final.txt
d6a7edc303d721203dff2ebe9b7c2cd3328be32321deb391312c2b60c3256e33	44029	screening-final/batch-12/input.md
fc7e4ac0dee18a2a81d6ae41ba8466600d0c124b4fa55ec10e6b440734bbf32c	449	screening-final/batch-12/run.json
e3b0c44298fc1c149afbf4c8996fb92427ae41e4649b934ca495991b7852b855	0	screening-final/batch-12/stderr.txt
d2c78a545e32f0911bd2c76dbdd83468b9a3b1be5d9b9cce350f43402b49ed18	86	screening-final/batch-12/submit_screening
d0dc285208bbedca3c752ace32f2c227c4e7972a0ede2a75029ca521cf4e6e5b	8474	screening-final/batch-12/trace.jsonl
d98a29bdf0bb1aaa46880b66ad538acdcdeffa096bd878a717b3058fa4827a43	6165	screening-final/batch-13/batch.json
cc34990633532589d0d92730ef47175bf4124486e184be0c4abffbef63fc28ee	3380	screening-final/batch-13/decisions.jsonl
d2d159238b775a00db4b5fd135f20b4b892ed648fd8c60ba7d65800597ada474	66	screening-final/batch-13/final.txt
8448de433faba2c2f58c31332bf3bb976fabdfecb9f5bbb378987a37d33646a5	50564	screening-final/batch-13/input.md
9341eca28a5862f1853722a0c223464e538827ff11abbf8adf5351218c4afab0	449	screening-final/batch-13/run.json
e3b0c44298fc1c149afbf4c8996fb92427ae41e4649b934ca495991b7852b855	0	screening-final/batch-13/stderr.txt
d2c78a545e32f0911bd2c76dbdd83468b9a3b1be5d9b9cce350f43402b49ed18	86	screening-final/batch-13/submit_screening
6817a99d9a0bef24a83266554337c6291a88b5dc916b3ee667ff016ed0609694	7615	screening-final/batch-13/trace.jsonl
98ff8a5a5d65981b76cb0b7c6634af0b363aebf9bb43aa14fcd7f6b346c18857	6098	screening-final/batch-14/batch.json
1cfa00bd61531494ebd0d4a8415ee9b8efa62c7bffbfda73696c93cb4789c3f4	3355	screening-final/batch-14/decisions.jsonl
e7708afc385b8f5704992179280a846acc725e6c2e0662b387f8ce0b63d9d117	78	screening-final/batch-14/final.txt
7e93c7d8dc24e54bc677347c2efe6207303c057245fe254d17a09311a55b3ce5	46924	screening-final/batch-14/input.md
d0779e2841c01e9888aaf737a359be7225fbeb1a88a88ba18ec90700cf34d3d6	449	screening-final/batch-14/run.json
e3b0c44298fc1c149afbf4c8996fb92427ae41e4649b934ca495991b7852b855	0	screening-final/batch-14/stderr.txt
d2c78a545e32f0911bd2c76dbdd83468b9a3b1be5d9b9cce350f43402b49ed18	86	screening-final/batch-14/submit_screening
084c43c62a0f3f8eaf9c6fcb5efe21f84fe1955c4645710aedcb801b00f84748	7892	screening-final/batch-14/trace.jsonl
7464a452763531c9955d017217aad8fe8478a714065d6bda66beeefbc0256ae2	5964	screening-final/batch-15/batch.json
63b2668ec9ec5fca0f1cf52eeb3047d32addbb1f0c10ca3434b69006c4e9448c	3520	screening-final/batch-15/decisions.jsonl
c0d4b687d0fb470e8855803f318e4befebf1dfa1426f01f6a7cb92cbdaaa3b6e	52	screening-final/batch-15/final.txt
d579f6db6ddf2018c27d57d661365fecc3e3b60ddd8185a15a8d5b29c61d938d	41616	screening-final/batch-15/input.md
98697ddf93c9676233bd931fcb0a9fdce146f1874a4cb355350675eb44cd799b	449	screening-final/batch-15/run.json
e3b0c44298fc1c149afbf4c8996fb92427ae41e4649b934ca495991b7852b855	0	screening-final/batch-15/stderr.txt
d2c78a545e32f0911bd2c76dbdd83468b9a3b1be5d9b9cce350f43402b49ed18	86	screening-final/batch-15/submit_screening
9f98c7f47bf2809d58013d4f75a3a275c96a64050c3c756d9cb9d8013f1d91ce	8362	screening-final/batch-15/trace.jsonl
f05c82db96420bbf1ac69a4c600762ea9bf28bcb942f43e49bbb611e96e649e6	6032	screening-final/batch-16/batch.json
ccfbeac18b3e2403564e047b531345cf96a046c97e26c8589708726c6a4ae652	3371	screening-final/batch-16/decisions.jsonl
17b7568d7a11148dbe3b669c4d00782e387a8bc9cef1840df591d1ea909f31c6	78	screening-final/batch-16/final.txt
38bcb1976333ddb90c8db82bc1760335c5ed58eeb180ebb75050b37b8fb1fb30	40538	screening-final/batch-16/input.md
711d9cec1b43ab6d11641f0b3608248ff04f329d874bb3c5f2ac2878ebb516b4	449	screening-final/batch-16/run.json
e3b0c44298fc1c149afbf4c8996fb92427ae41e4649b934ca495991b7852b855	0	screening-final/batch-16/stderr.txt
d2c78a545e32f0911bd2c76dbdd83468b9a3b1be5d9b9cce350f43402b49ed18	86	screening-final/batch-16/submit_screening
8ee54aa54b5d765f5875673c6081cf30222ae0e616008ebb36f5d0552d6e0e55	7944	screening-final/batch-16/trace.jsonl
9ec1319f21cc10e43a5b648a71ce6c87e4e4b01d86b8428c7187ef31d5e1d10a	5966	screening-final/batch-17/batch.json
c4155886fd0e5501a58f1d0c6996aaa065adb6d9acb50de142fdd397ae3448f1	3376	screening-final/batch-17/decisions.jsonl
de017c08727cc68af9b5b3add01d040ac480fb641fb159f70848f646a502aa7b	71	screening-final/batch-17/final.txt
39bce913264f9ae6f70665008e06086722af4d06b92c3c341481e33d20a65305	41097	screening-final/batch-17/input.md
d0d7ae17aa810352c2d58207e2be65bf72949fc020b7099f70bde8b47899d7ec	449	screening-final/batch-17/run.json
e3b0c44298fc1c149afbf4c8996fb92427ae41e4649b934ca495991b7852b855	0	screening-final/batch-17/stderr.txt
d2c78a545e32f0911bd2c76dbdd83468b9a3b1be5d9b9cce350f43402b49ed18	86	screening-final/batch-17/submit_screening
bd169c5e2f0693d183955b0d98a421e261c9a9d7cb5b1e1bfa7bb4363d5571b3	7763	screening-final/batch-17/trace.jsonl
c712a2ebbec8f16991c630a6f9d732091694644ebdde52016bd9e97b17b0709f	5356	screening-final/batch-18/batch.json
03f3940715695ceb1b39a511d9284e5871734832c140ebcc29c80f162e57148a	3661	screening-final/batch-18/decisions.jsonl
bc3cfede740e6710321a1e95fa003822727dbe0a921b8346ee1d7f2ae4da9f44	72	screening-final/batch-18/final-resume.txt
c9ab6998c4a28d32ddb440e834f29f308c1cd8d0776ba00a501952255c513703	160	screening-final/batch-18/final.txt
1c6b963611adcfc77887c700a78ccf7f5819a66254f5f7608770e14626d07c0e	37043	screening-final/batch-18/input-attempt-01.md
f0ee112210b62391008e61129481b71eabcb98ea49623659f63cec73ce87a71b	36638	screening-final/batch-18/input.md
cec138a1ccf5ea31e243644dacb454c7e4b9d654d596bbade82af66d10633538	456	screening-final/batch-18/run-resume.json
fbeedc9fcbdb917b096379baacb3e0cd8ef77a7bc7e7ce34a536b3a38e698d48	449	screening-final/batch-18/run.json
e3b0c44298fc1c149afbf4c8996fb92427ae41e4649b934ca495991b7852b855	0	screening-final/batch-18/stderr-resume.txt
e3b0c44298fc1c149afbf4c8996fb92427ae41e4649b934ca495991b7852b855	0	screening-final/batch-18/stderr.txt
d2c78a545e32f0911bd2c76dbdd83468b9a3b1be5d9b9cce350f43402b49ed18	86	screening-final/batch-18/submit_screening
bca03cbee91a3ccd12cf6486e43e0ce2d0b97a2cc386ec3705ec86a706912b24	8417	screening-final/batch-18/trace-resume.jsonl
8af3484f2fef1b9a6bdb04ecc54a3e6a2cb27b938c05824ac78671859c135034	506	screening-final/batch-18/trace.jsonl
cd4bcc7bf52c39e82329bbfe0b71bf19b5a70939c63a35ab3283ca567783850c	5832	screening-final/batch-19/batch.json
b338e5bd2638b14662b0bfe9d972ca1470f2b3838d5e88079d572655e3738ff9	3819	screening-final/batch-19/decisions.jsonl
fdb86caa1ecc049639a83d3ffc40f42010a23218e3b3d5d059c96e43957cf7ca	84	screening-final/batch-19/final.txt
b732b3fcc1c5049fae38eb55880daff108838e5551dead1692de6a63cfa39e68	42850	screening-final/batch-19/input.md
a4ffdb8a09b86c81b75389fe572cec34962551bb76f7e1d8108a07c4e8eef5b9	449	screening-final/batch-19/run.json
e3b0c44298fc1c149afbf4c8996fb92427ae41e4649b934ca495991b7852b855	0	screening-final/batch-19/stderr.txt
d2c78a545e32f0911bd2c76dbdd83468b9a3b1be5d9b9cce350f43402b49ed18	86	screening-final/batch-19/submit_screening
44403994eb1ca979da35ac4a69dfbd23d67faf08c84d145d3d9cbfae68e16653	9169	screening-final/batch-19/trace.jsonl
4188a22d2c97346fe01a7ab3d47fdacf18569f445856c643614eec635ba3fb64	5517	screening-final/batch-20/batch.json
3e907f61353acf0662aba2913746e99422dc51c3b62056c9089ea23660b09037	3633	screening-final/batch-20/decisions.jsonl
e31803ab6ca37ace63427b126ed643ca7980f12737a1e59fdf8c1de290f1373e	89	screening-final/batch-20/final.txt
c7aadccd264e6019bce25630afb1cdce1092e145c565eb3d179a2770855879fa	44483	screening-final/batch-20/input.md
95a8bed9c4c5250f303da41c9ec484ee8983406689736a8ed2c1031131462216	449	screening-final/batch-20/run.json
e3b0c44298fc1c149afbf4c8996fb92427ae41e4649b934ca495991b7852b855	0	screening-final/batch-20/stderr.txt
d2c78a545e32f0911bd2c76dbdd83468b9a3b1be5d9b9cce350f43402b49ed18	86	screening-final/batch-20/submit_screening
3deb6e4ee5f3e15ed56a7380d160c12606615de24aba94d6f6a6e3a22bd45527	8141	screening-final/batch-20/trace.jsonl
4d33610d75e46840515b2acce0e1f603d722e51d3ad53df145fc9b443d7efef1	5817	screening-final/batch-21/batch.json
8c6957000a1861c5ebebbe273695fa224c8bd35e263569e615d045d17540fa21	3244	screening-final/batch-21/decisions.jsonl
2a61300cfbf8ec3510faab1682ae36b67ecd8d23e5dc057de89dfbf4876a41d7	73	screening-final/batch-21/final.txt
5e3a8f7a00a5c59df6a4d45ddab4522e60de51d2fbdef2e834768dad20a4acb6	46785	screening-final/batch-21/input.md
64da4184cc277087930728b8e44f67bd7a54cff42b1ce834e1c0f9bed64c9fc5	449	screening-final/batch-21/run.json
e3b0c44298fc1c149afbf4c8996fb92427ae41e4649b934ca495991b7852b855	0	screening-final/batch-21/stderr.txt
d2c78a545e32f0911bd2c76dbdd83468b9a3b1be5d9b9cce350f43402b49ed18	86	screening-final/batch-21/submit_screening
afc18d065d03a8c99104924a857804af90e81d65fcc6c498666c038021b558f5	8040	screening-final/batch-21/trace.jsonl
2e5c311007638c10ca28006c2f728b41b3c9c720660c7c3db20499b34119bf17	5572	screening-final/batch-22/batch.json
34f836b59fc12da59e20016dff4861e7de9b4ea9e22431a3f0b4d935d631a6e4	3720	screening-final/batch-22/decisions.jsonl
ca98a4c6933cdf50ab8a628559ca9dafff901fbe4108d9719967a5bc7de78f2b	65	screening-final/batch-22/final.txt
550992be3bcd1f5218b221fc673cf916791d3b4697f1db400bde44bea92361bf	39199	screening-final/batch-22/input.md
0ac36c1cc43e5b72318af21ffb3e8e3e9f1f53eeb692611d87301163cd5e7e12	449	screening-final/batch-22/run.json
e3b0c44298fc1c149afbf4c8996fb92427ae41e4649b934ca495991b7852b855	0	screening-final/batch-22/stderr.txt
d2c78a545e32f0911bd2c76dbdd83468b9a3b1be5d9b9cce350f43402b49ed18	86	screening-final/batch-22/submit_screening
13ff3bc9a9ce7603607d536789ff0c9ad2fc476ee44d889f87d3430d22d0d399	14789	screening-final/batch-22/trace.jsonl
5a0dbf43faabe19c389967afe5931b90a5b9fa5c1ebe9228e31fc33f1600a641	5068	screening-final/batch-23/batch.json
422c7a33d89dabbd0b5fdc0d46e74f4e67407dbc0c461eb86ad629ad1fa935d6	4090	screening-final/batch-23/decisions.jsonl
7b1072f5675f910f05192c12d6616978210b00ad03ce097b4ad5b1e122430a7e	55	screening-final/batch-23/final-resume.txt
e959d3bfe75464a12569c82214513175e6779e717966e5302eff3971248178d3	149	screening-final/batch-23/final.txt
657240ec8bd9464b756b742d562f7e8ce5724bdd75f1a11f9e327fe5be38a9b1	39213	screening-final/batch-23/input-attempt-01.md
4540cee7566f7db2719842b697d27d6d7fbf12bd40fadb9b8e066397caa3cab0	38660	screening-final/batch-23/input.md
6e55f70bcef02b3add3ecac1a3f911eca2136649b53f5f8d2347e20df9138163	456	screening-final/batch-23/run-resume.json
4b70219d1246a253cc204f7a9841f20cfeb4783ebbd3562d9f67c68285b9a026	449	screening-final/batch-23/run.json
e3b0c44298fc1c149afbf4c8996fb92427ae41e4649b934ca495991b7852b855	0	screening-final/batch-23/stderr-resume.txt
e3b0c44298fc1c149afbf4c8996fb92427ae41e4649b934ca495991b7852b855	0	screening-final/batch-23/stderr.txt
d2c78a545e32f0911bd2c76dbdd83468b9a3b1be5d9b9cce350f43402b49ed18	86	screening-final/batch-23/submit_screening
4174eefa04284d195efb7b49c795cea18ccb230cf716c46999e15b7205656353	9252	screening-final/batch-23/trace-resume.jsonl
1669deaf6a8e66d8f86e0600da7a20c24ee5c9957ccb854b16d2788681ff6ed6	495	screening-final/batch-23/trace.jsonl
bc3ef2336d5e0462ec8bf594e176efdb2b96706724f37b93b873d522b69c76ac	5941	screening-final/batch-24/batch.json
d6bf69ccb729c508c229f7aadd31ada91cc123cdd9a304f63c421239ed39329b	3771	screening-final/batch-24/decisions.jsonl
c03f43623db73cc77c8fd1bcc731a07737c9ee0b673c9a701ba7fc889a322481	83	screening-final/batch-24/final.txt
7c494042c1c87cb98d6ff818808058391b26ecc999086c7487f9c84f7085acf9	41475	screening-final/batch-24/input.md
41ebb347be37e27eafa883de66a367801f2e96b68ea83ca446ad65d71a7dd887	449	screening-final/batch-24/run.json
e3b0c44298fc1c149afbf4c8996fb92427ae41e4649b934ca495991b7852b855	0	screening-final/batch-24/stderr.txt
d2c78a545e32f0911bd2c76dbdd83468b9a3b1be5d9b9cce350f43402b49ed18	86	screening-final/batch-24/submit_screening
83ffe32088d324fc492351687519fa13dc0d27a42833188bd7809855373a4e81	8425	screening-final/batch-24/trace.jsonl
822c133274f4f813b0a1e47a05d385b737a79b9bb370933a30658047f2e12c9d	6186	screening-final/batch-25/batch.json
0f37d600b59b712f4a2b6c61658262f5a462533cc659c295a8759fe1ab41fd0f	3784	screening-final/batch-25/decisions.jsonl
e5e3af64c2018bcdc46a5af09210ceb5077cdce45a4871e9b471c22712e6b4f0	78	screening-final/batch-25/final.txt
a9dd7c91726db29e5e6a4fdd8d2e07fc58d579d484948fb52653fa39d32636f3	48627	screening-final/batch-25/input.md
f1bfdf1d729d68bde7837bbdad49d9c55db1ea7fc7d579dc74aa8dea66286d21	449	screening-final/batch-25/run.json
e3b0c44298fc1c149afbf4c8996fb92427ae41e4649b934ca495991b7852b855	0	screening-final/batch-25/stderr.txt
d2c78a545e32f0911bd2c76dbdd83468b9a3b1be5d9b9cce350f43402b49ed18	86	screening-final/batch-25/submit_screening
c8fe5a3e7724724584638f12936b73856299d402a62c301e7250ddb2f399e975	8605	screening-final/batch-25/trace.jsonl
f88d7ba1c38fcc8d2155f66bedfa52ff84ce6c34f7188b2580bb3ab245e1da91	6354	screening-final/batch-26/batch.json
0413b693325b3c2ba5dedbd32664316d1c9eea7b96dbf68968b022de21525f42	3521	screening-final/batch-26/decisions.jsonl
9312f2dff9a98dc29a1f1e809ccbd39ff195fcc03b705bb514208a3cf76bf65f	46	screening-final/batch-26/final.txt
0677e082f29f913f0493859b2d74f62b9d4a06d5c710cf707be5e47f0411bcce	44917	screening-final/batch-26/input.md
2702dc9f9aa93b3edb5ba724db2b7020e2e6edaff85824fdf3f07de920eb3c86	449	screening-final/batch-26/run.json
e3b0c44298fc1c149afbf4c8996fb92427ae41e4649b934ca495991b7852b855	0	screening-final/batch-26/stderr.txt
d2c78a545e32f0911bd2c76dbdd83468b9a3b1be5d9b9cce350f43402b49ed18	86	screening-final/batch-26/submit_screening
0e2eb4a07d0f8a4a162e4a823a63cb6730a72ae9d98ba97ba96e3feecd4b2707	8365	screening-final/batch-26/trace.jsonl
efd864ea719714218ee02003310387512821bb0e0fd33ebda6dbf54782063347	6086	screening-final/batch-27/batch.json
3175973ddc3087786b1b9ad03058474ab730118f824e9e9def449288156caf45	3496	screening-final/batch-27/decisions.jsonl
ca98a4c6933cdf50ab8a628559ca9dafff901fbe4108d9719967a5bc7de78f2b	65	screening-final/batch-27/final.txt
5eec1a52d4eb8c625e80dac89034ff31e033650db6fe4fec0dacf71dc92ac665	41194	screening-final/batch-27/input.md
c200211ca57340451f0af7176272535dcfebe601cb8f4b8f3e430e64fc67cac1	449	screening-final/batch-27/run.json
e3b0c44298fc1c149afbf4c8996fb92427ae41e4649b934ca495991b7852b855	0	screening-final/batch-27/stderr.txt
d2c78a545e32f0911bd2c76dbdd83468b9a3b1be5d9b9cce350f43402b49ed18	86	screening-final/batch-27/submit_screening
529655e28ca0d28bd1768230eb47b606cea90030d25eec9b0117040a92f5f8f1	7761	screening-final/batch-27/trace.jsonl
a23047712e533f7adc383c5232d361beec5b1b96c4da61fc1c44ffca92a27293	6036	screening-final/batch-28/batch.json
e2116f47dae04f288465c48dd95ace508206a9816f5606f3d36c3bea419570de	3309	screening-final/batch-28/decisions.jsonl
c03f43623db73cc77c8fd1bcc731a07737c9ee0b673c9a701ba7fc889a322481	83	screening-final/batch-28/final.txt
c5afd1ab97830cf298a278aed4917d578f8566b9b70b3e866675a0e34b56bc30	41128	screening-final/batch-28/input.md
73bd0a7c22e8a7afed8ec2b2ad2f0152d1a7948631eef7e0e54aa613dc63fcd1	449	screening-final/batch-28/run.json
e3b0c44298fc1c149afbf4c8996fb92427ae41e4649b934ca495991b7852b855	0	screening-final/batch-28/stderr.txt
d2c78a545e32f0911bd2c76dbdd83468b9a3b1be5d9b9cce350f43402b49ed18	86	screening-final/batch-28/submit_screening
b3031b81c40e8fac41d5c5f4078774e8124c247014f7d3efbf0d38f4b26b1225	8451	screening-final/batch-28/trace.jsonl
a3983c514735df9d4e7d77b2b5e51f5ff08f77dca9386d11a6a6b4305eacd9fd	5884	screening-final/batch-29/batch.json
57a24d04ea0ba0c9a77235da1dd1c0a91b62bdcf482026d63e58b4cecd40ff76	3635	screening-final/batch-29/decisions.jsonl
b52d2d9830fee9e6ab81789a2e295064c29de07e203f83292c3fc34b6843f58d	78	screening-final/batch-29/final.txt
5a6f82ebccdba9c78c86a2ca468b9ce73f378bc52ab62b5c2dbfb4645abb1220	42504	screening-final/batch-29/input.md
1f0bcf95b647f8b32b4104f4b9ea7f6261d6593ba9be39243878ae4d9609265e	449	screening-final/batch-29/run.json
e3b0c44298fc1c149afbf4c8996fb92427ae41e4649b934ca495991b7852b855	0	screening-final/batch-29/stderr.txt
d2c78a545e32f0911bd2c76dbdd83468b9a3b1be5d9b9cce350f43402b49ed18	86	screening-final/batch-29/submit_screening
14bcb7843c28a7930e2a43d74d6ccc25e2851b30d3ba9d1dacd2ad59512ec678	8294	screening-final/batch-29/trace.jsonl
1a4b4a4ae5c64abb6e7f0b2fe96ed9740b27638d5c3ef4797563e58dc30b09ca	6078	screening-final/batch-30/batch.json
1ab994ab1e263b579b53be5838bd8d89224b4216deda118be6f4b41f53875fd7	3681	screening-final/batch-30/decisions.jsonl
06b79cb1cea53022f8cff55da8689a7945ae8e9ee0b69c229373200872bc3790	61	screening-final/batch-30/final.txt
4bb21b38cac423c46b7b2b08e778e5a7f00ce96f3cd67ef6ac45b97a5fa6f0cb	42218	screening-final/batch-30/input.md
1d4453baa5238d5dc679d7d9b2911c2b78ba6b4833e0956b56e4a4651e0feddd	449	screening-final/batch-30/run.json
e3b0c44298fc1c149afbf4c8996fb92427ae41e4649b934ca495991b7852b855	0	screening-final/batch-30/stderr.txt
d2c78a545e32f0911bd2c76dbdd83468b9a3b1be5d9b9cce350f43402b49ed18	86	screening-final/batch-30/submit_screening
adc643680b9090c21db1de30e2211b6a6a7030ac30b4ac511a09739cddd9d32d	8457	screening-final/batch-30/trace.jsonl
ce6bb883378e730548d06a36b067014bb68da2550d82d76bc76097ca0bf63952	6615	screening-final/batch-31/batch.json
1d6f56031675b2be70c05b4e6dfc4bd8371d165b83dad97b346e04276e15a3c0	3986	screening-final/batch-31/decisions.jsonl
b8c44f6fdf21bc697005fcc1356e064ff29fb23749313057287d5419e21f5a00	82	screening-final/batch-31/final.txt
a6c8769d46f877966d120d4b8e545f7a0d06bd17a85ad5960c88936e54190d51	47290	screening-final/batch-31/input.md
dbe301c92319e95ac1b0fc6369de2e22b99bcff1b3c2bb5cb11e318d92dbab30	449	screening-final/batch-31/run.json
e3b0c44298fc1c149afbf4c8996fb92427ae41e4649b934ca495991b7852b855	0	screening-final/batch-31/stderr.txt
d2c78a545e32f0911bd2c76dbdd83468b9a3b1be5d9b9cce350f43402b49ed18	86	screening-final/batch-31/submit_screening
d8c6d07964748fac856e62eda736d6aae5d512793c952f84188066ef5c15cd12	9153	screening-final/batch-31/trace.jsonl
5e668217b3ed28c3bfc2d1887c414e90575acfc82666213557f18d9accc2850b	6593	screening-final/batch-32/batch.json
58ed91854f5dd8caf6ce8812da624e02c5634a0a1bac7761b82d59dcdedd76df	3909	screening-final/batch-32/decisions.jsonl
2e1193224ffcf8ddea34284147bf8123d2907f6a4b7793df9c6fd415e7a8202d	65	screening-final/batch-32/final.txt
187cc742188913439d67b69b7e0397b12f3325e38f92250ef430ba926749921e	45112	screening-final/batch-32/input.md
e05dcc131a4e5119b0eb6e873652c7a57b6d7bb8da574e6e9bb6c07d9b80653b	449	screening-final/batch-32/run.json
e3b0c44298fc1c149afbf4c8996fb92427ae41e4649b934ca495991b7852b855	0	screening-final/batch-32/stderr.txt
d2c78a545e32f0911bd2c76dbdd83468b9a3b1be5d9b9cce350f43402b49ed18	86	screening-final/batch-32/submit_screening
66228a10cea1537cb17f742942bcc3961c1888658aa51122176a4b5725a62ae5	8913	screening-final/batch-32/trace.jsonl
d97550320d91f9d64bcc21a8ba50589851068dcdff8b7ad2e65cc3fdfa2ceb7b	6365	screening-final/batch-33/batch.json
49d6fca73fd5c60ffb80abef6c2817a8e86a1fdb654d2d9354ebc102bba669c0	3532	screening-final/batch-33/decisions.jsonl
cf0c22cb98a8d7b0198b01c6418fa27c48963c506029294b047c29cbac487a69	77	screening-final/batch-33/final.txt
61dda1b9953674d38dc93793d67abc2090e937fc3f9ffd165f9455da75f2317b	50485	screening-final/batch-33/input.md
34943d318f07b4d203f30f4aabad33b6f65331bdc32b09701623284f403f9b91	449	screening-final/batch-33/run.json
e3b0c44298fc1c149afbf4c8996fb92427ae41e4649b934ca495991b7852b855	0	screening-final/batch-33/stderr.txt
d2c78a545e32f0911bd2c76dbdd83468b9a3b1be5d9b9cce350f43402b49ed18	86	screening-final/batch-33/submit_screening
ced19e4eb52122edb7e31242011fbbca65d9842c22bc52af8eb6ce876f80381d	14432	screening-final/batch-33/trace.jsonl
31f68793590f23a52a10f5851d84f5e950d73500101ce042d978c7d234504c71	6269	screening-final/batch-34/batch.json
853c9c1fc3cf0b6ed8ffb18af25c0b6fe892ad5acded52f0c8e5e36fdaa49cf4	3157	screening-final/batch-34/decisions.jsonl
8a7293b3e7626cd6aa853d9ed083ee9ac12aee8e8dbf625ca4913d6a3f7f61fa	83	screening-final/batch-34/final.txt
74dc892b6393fbf8013c6ec124959a381cbc58c841cf188b15525d9d042f09dc	52725	screening-final/batch-34/input.md
d0aa070fc8b80d9f4776c39a9fc929fa4ddabf45fea996973fb33c6ac543e9d2	449	screening-final/batch-34/run.json
e3b0c44298fc1c149afbf4c8996fb92427ae41e4649b934ca495991b7852b855	0	screening-final/batch-34/stderr.txt
d2c78a545e32f0911bd2c76dbdd83468b9a3b1be5d9b9cce350f43402b49ed18	86	screening-final/batch-34/submit_screening
b6db8143786c04892bbf691abc7cd2af4f69c62f37773d4498df51b92e9bcefd	7368	screening-final/batch-34/trace.jsonl
6fc4878850f7acb5b435bb88a3c6ec3ebef15dde8ccef5bef4e97d2d91d5d3f8	6042	screening-final/batch-35/batch.json
0909b70455c1d68eed0dd41d0b8d2950ab2592c00a3b783ac5829ed0ad5a4d7b	3833	screening-final/batch-35/decisions.jsonl
d995b0755344c591c669cd1fa79582b8da47227fe944089bc0c9cda48c1bf1ce	88	screening-final/batch-35/final-resume.txt
3aca536fe30a8b7cf016dae465d6102b846622df49817c025b915bb0336b834b	242	screening-final/batch-35/final.txt
53109859426d65f4a0a96785a9b9dd3bee86c55de4618b338cdd998fe97ea2d1	37218	screening-final/batch-35/input-attempt-01.md
87d2082cd0064042358335cadfcedf2f786b7fef3a5ffd8f3ca31d3461750494	12949	screening-final/batch-35/input.md
edbaa1dcfcdfe7771e785fe65378843bb8396f514f3745c46ee679e6c7462b1a	456	screening-final/batch-35/run-resume.json
24b9808ebb080baf289399d56ec964963af6acc62722260055d83c649100d39e	449	screening-final/batch-35/run.json
e3b0c44298fc1c149afbf4c8996fb92427ae41e4649b934ca495991b7852b855	0	screening-final/batch-35/stderr-resume.txt
e3b0c44298fc1c149afbf4c8996fb92427ae41e4649b934ca495991b7852b855	0	screening-final/batch-35/stderr.txt
d2c78a545e32f0911bd2c76dbdd83468b9a3b1be5d9b9cce350f43402b49ed18	86	screening-final/batch-35/submit_screening
874cc9d2789a67e3ce955579a45a5f4e4c537742563efdeb6f7c94d7b3caf04b	3980	screening-final/batch-35/trace-resume.jsonl
01a1f4c50e7ab91d9a97aa5c1eba0c61a4677e575122acd81c6847f461b411ac	7194	screening-final/batch-35/trace.jsonl
f0b20bd6f480d2b1d55ca48b83ad7ce0c0dea642980b187bd7daa0a9110bb759	6666	screening-final/batch-36/batch.json
19f33b64abc4ce38c5213c3f5e65448cbceb95365aae05e5b144c707ca4bbbd5	3718	screening-final/batch-36/decisions.jsonl
38e1c967707a6e5e63786288af937d1ecbc9ec8049257d86abb412c71b124227	65	screening-final/batch-36/final.txt
6297c778bcde645cf76262616c7dd2760b3f1ae306a0371f7cc3fe6d7a7e9b04	38995	screening-final/batch-36/input.md
650a604ecaabfa8787e6f707c03b677c5d5c283f4154529e192dfdc32863c5d1	449	screening-final/batch-36/run.json
e3b0c44298fc1c149afbf4c8996fb92427ae41e4649b934ca495991b7852b855	0	screening-final/batch-36/stderr.txt
d2c78a545e32f0911bd2c76dbdd83468b9a3b1be5d9b9cce350f43402b49ed18	86	screening-final/batch-36/submit_screening
36a56902005eb2ffa07bf7b943cab7933edfd3480408ae5fd4caf797cf12cee0	8631	screening-final/batch-36/trace.jsonl
bcfde3c0ff65448fbd9313ade1e0111564a23258a9fbfc7184c5e62d1047e2f8	5901	screening-final/batch-37/batch.json
debcd4bfd42b972f33cfc44da7851d4a1695d08a3a695a71cae131420be7b39b	4012	screening-final/batch-37/decisions.jsonl
06b79cb1cea53022f8cff55da8689a7945ae8e9ee0b69c229373200872bc3790	61	screening-final/batch-37/final.txt
bcad007fd467eb13f4d51e610f077b8faa84a2a325ff103b9f47067fee192ef3	37617	screening-final/batch-37/input.md
c939de33eb201e66a2f94472b72da35e9f3d4bc8e70cdec5b959048d34d922c0	449	screening-final/batch-37/run.json
e3b0c44298fc1c149afbf4c8996fb92427ae41e4649b934ca495991b7852b855	0	screening-final/batch-37/stderr.txt
d2c78a545e32f0911bd2c76dbdd83468b9a3b1be5d9b9cce350f43402b49ed18	86	screening-final/batch-37/submit_screening
fe3341d4659fab3f957e7e15648f34c5edf697c75c2672361c6e0105033badaa	9183	screening-final/batch-37/trace.jsonl
682411de33d040e6bcba9f7ffef9cb6fcb83da728002ba38d2b259cfbb4e9500	6090	screening-final/batch-38/batch.json
545d5101c5e8a9a11d8fdad01a0508953bcdf372d39bb4109fe1b109167b15ce	3771	screening-final/batch-38/decisions.jsonl
4ffafa1cd5c9ef79654743ee07da5ca4f6ba643caf53bb0e37c5ccd84046abc4	72	screening-final/batch-38/final.txt
629d7d1e4d1e34ccf02732b04240d7823174482646ce367f04e1838298967255	30690	screening-final/batch-38/input.md
3ae6e4dc13f76bb9af73c0301b761ce675543498f6735da584c7e124084bc103	449	screening-final/batch-38/run.json
e3b0c44298fc1c149afbf4c8996fb92427ae41e4649b934ca495991b7852b855	0	screening-final/batch-38/stderr.txt
d2c78a545e32f0911bd2c76dbdd83468b9a3b1be5d9b9cce350f43402b49ed18	86	screening-final/batch-38/submit_screening
a15134c712dc6fb7113f40bebefb72f201b52214fd24494db0fc8c3b93ccb0b6	8408	screening-final/batch-38/trace.jsonl
8b20afd7e5cb993d47dbfe23d2893791b51d57c7623551ffcbcdce32eca0e3a5	6196	screening-final/batch-39/batch.json
b40ccf88aa90c01dc15f75f41b9d0a64d7f1bf491bc2d2a4a323a36392241769	3760	screening-final/batch-39/decisions.jsonl
b8c44f6fdf21bc697005fcc1356e064ff29fb23749313057287d5419e21f5a00	82	screening-final/batch-39/final.txt
484e1e6aa750160440ecab161de7e4b4fccc3ed9529f6740667ce7a516826297	44044	screening-final/batch-39/input.md
eee38f00a0286cc816da2d3bab0975adefcbb37642b11383caae94273bc105eb	449	screening-final/batch-39/run.json
e3b0c44298fc1c149afbf4c8996fb92427ae41e4649b934ca495991b7852b855	0	screening-final/batch-39/stderr.txt
d2c78a545e32f0911bd2c76dbdd83468b9a3b1be5d9b9cce350f43402b49ed18	86	screening-final/batch-39/submit_screening
a73bc2d1019c691e3f450849e9aff6865e9049073f9071f237216be0df14771c	14860	screening-final/batch-39/trace.jsonl
7e6074701d53bd630c76e25a0e8650323eb01adee6bd9cb8c70b4f372434a76a	6307	screening-final/batch-40/batch.json
4d23c12cdf9f4aba72ad2e2cf2201798935b333cbffdd045c0ced8c0ab0589f4	3454	screening-final/batch-40/decisions.jsonl
cf0c22cb98a8d7b0198b01c6418fa27c48963c506029294b047c29cbac487a69	77	screening-final/batch-40/final.txt
989ae15063a9c137ffe7c01bc00e951ae0df5942384c67474cfde4c9f43984f9	49083	screening-final/batch-40/input.md
212c02df387c74c9d3b024273fc4768448ece5ddddca75d23ed0e305518d09d2	449	screening-final/batch-40/run.json
e3b0c44298fc1c149afbf4c8996fb92427ae41e4649b934ca495991b7852b855	0	screening-final/batch-40/stderr.txt
d2c78a545e32f0911bd2c76dbdd83468b9a3b1be5d9b9cce350f43402b49ed18	86	screening-final/batch-40/submit_screening
c2fe864263db240ea02624a7f6536d952167571280babc7d63fbde95f77218e1	8130	screening-final/batch-40/trace.jsonl
2680d6df2e944bc55ed84f61cafe823142ee7e5b74a755121c4198b7700554db	6413	screening-final/batch-41/batch.json
f4939c2fe020e8c3c3c0be49075ad6b11fcb3d1c69a726294e64326c0a8575c3	3978	screening-final/batch-41/decisions.jsonl
56d763677cd7d08d0dc0a8d8fd9c64dae43eb94e007d072df3df06501fde3983	88	screening-final/batch-41/final.txt
d9acbe34fe14f0db84ae2c70c2f56ff4309b13c34e1ee326084d95f3b9f3489e	47095	screening-final/batch-41/input.md
1553d11b8e083b35fcfcaee8f9f39b1403f33ff27045a5ab44c3e1094e094ad4	449	screening-final/batch-41/run.json
e3b0c44298fc1c149afbf4c8996fb92427ae41e4649b934ca495991b7852b855	0	screening-final/batch-41/stderr.txt
d2c78a545e32f0911bd2c76dbdd83468b9a3b1be5d9b9cce350f43402b49ed18	86	screening-final/batch-41/submit_screening
e08d730e3ba9e6d37a35a2c58f7db6569d7b51d6b8d1efb888bd329df5bbe388	9330	screening-final/batch-41/trace.jsonl
96e9ccd5c0b462887cedc6f5912b3f9c515661263972ead90f2081650e41e8c3	6086	screening-final/batch-42/batch.json
21270813e2fb7c6ba6ae8e4c4fb5d3b97b794e5c38e70e72654b14f1f110ac42	3847	screening-final/batch-42/decisions.jsonl
d2d159238b775a00db4b5fd135f20b4b892ed648fd8c60ba7d65800597ada474	66	screening-final/batch-42/final.txt
c921019b287c4cc33bea088eac99da6e15ba81bd53a752de06b2f135939a98fd	48614	screening-final/batch-42/input.md
e02b70266696b927a738c317ea09b6384df31b5fca2151657a425dcf1e0a39f8	449	screening-final/batch-42/run.json
e3b0c44298fc1c149afbf4c8996fb92427ae41e4649b934ca495991b7852b855	0	screening-final/batch-42/stderr.txt
d2c78a545e32f0911bd2c76dbdd83468b9a3b1be5d9b9cce350f43402b49ed18	86	screening-final/batch-42/submit_screening
2a4e840f537f646d1aeb9e718dda9d2cdec0598f93f93c91260f02f773b17f82	8708	screening-final/batch-42/trace.jsonl
c60d5516f066ca2c998c1ba77dacc717ce5ffcc931ef0cf291b1c2ca4a9317b3	6279	screening-final/batch-43/batch.json
4ec32cf5d335c38d4d3f3652d4215105385668fcd4d2108c19bc1b2377b91b90	3714	screening-final/batch-43/decisions.jsonl
26b464a49978e911f6d7b83e867dd1679228ef71f91db6bb51f1720fba2ba412	68	screening-final/batch-43/final.txt
81d301f9ac473a61d56a7403446bfebf83be75e8c759ef68191682238ea02850	56859	screening-final/batch-43/input.md
7663419bd8d64368efbd57d7d186c225ffc8f562e8fa424809305f5d9f4c1eb0	449	screening-final/batch-43/run.json
e3b0c44298fc1c149afbf4c8996fb92427ae41e4649b934ca495991b7852b855	0	screening-final/batch-43/stderr.txt
d2c78a545e32f0911bd2c76dbdd83468b9a3b1be5d9b9cce350f43402b49ed18	86	screening-final/batch-43/submit_screening
43fe104e63b4e9918ee2c517054db16c4d1b70642241fc86c3609e7270cf6836	8916	screening-final/batch-43/trace.jsonl
8e49ebfe889639468bbbece83b2d5782f8ee04e29118dcf253dadc8e80d30be2	6446	screening-final/batch-44/batch.json
a726caeab30c0eefa570e010a4d9d4336324d3354f86ab30fcb8b4763b3ff91b	3181	screening-final/batch-44/decisions.jsonl
b8c44f6fdf21bc697005fcc1356e064ff29fb23749313057287d5419e21f5a00	82	screening-final/batch-44/final.txt
19d77bbac9d0c5fb83666ce05fb944eaab7fb8e9db2b0f4d4e5207123f947244	78739	screening-final/batch-44/input.md
51827bddaddbfb6d2fa86e51d13531ee1931c695458585e8ddab80009a154aea	449	screening-final/batch-44/run.json
e3b0c44298fc1c149afbf4c8996fb92427ae41e4649b934ca495991b7852b855	0	screening-final/batch-44/stderr.txt
d2c78a545e32f0911bd2c76dbdd83468b9a3b1be5d9b9cce350f43402b49ed18	86	screening-final/batch-44/submit_screening
5ed9908fc5571e52548a0822746ce22466e78fcd6d1a8750c20ebc3a7868a113	7475	screening-final/batch-44/trace.jsonl
3aed6a17e3055420cd23380da95ef5c64cd327846f6ce64192728994f6d18152	6334	screening-final/batch-45/batch.json
f4dfc5042994fce9b9520f56aca078ae3eedd7e463ef8978df25b3806c8b0827	3844	screening-final/batch-45/decisions.jsonl
cf0c22cb98a8d7b0198b01c6418fa27c48963c506029294b047c29cbac487a69	77	screening-final/batch-45/final.txt
1ca3711e1c576af4dd98902f464f5be34405930a7feefe58d99ead23ecc53397	50130	screening-final/batch-45/input.md
4c372db5481125bd5f6be5f6147228a40050fa41df030b0702159cf703f5ca9d	449	screening-final/batch-45/run.json
e3b0c44298fc1c149afbf4c8996fb92427ae41e4649b934ca495991b7852b855	0	screening-final/batch-45/stderr.txt
d2c78a545e32f0911bd2c76dbdd83468b9a3b1be5d9b9cce350f43402b49ed18	86	screening-final/batch-45/submit_screening
42e137893df54d2526fb39f4f86ce7fcb290118f06e31967ad4900ac570982e3	15038	screening-final/batch-45/trace.jsonl
b2dc5e13c82aae9fe858c0f0f0ecf8f3a74bcac0f6398fab0b760ae50ba53024	6186	screening-final/batch-46/batch.json
8b295ddb9ca53d16880fb03e2fc406ff266822a9e8c7fab24a6e825e7b4a4e85	3708	screening-final/batch-46/decisions.jsonl
b52d2d9830fee9e6ab81789a2e295064c29de07e203f83292c3fc34b6843f58d	78	screening-final/batch-46/final.txt
a815a57cb8f0ceeb72e44a8af7e2426e91e9e7c232d2f32e87f6844fea0f7cd3	52743	screening-final/batch-46/input.md
be7f5a8a5a1ef485cfe7a2449d056787d069b2151c28c82e696c9eee9e224ba1	449	screening-final/batch-46/run.json
e3b0c44298fc1c149afbf4c8996fb92427ae41e4649b934ca495991b7852b855	0	screening-final/batch-46/stderr.txt
d2c78a545e32f0911bd2c76dbdd83468b9a3b1be5d9b9cce350f43402b49ed18	86	screening-final/batch-46/submit_screening
5dc29585e09c9505a328d9d84948881d0716900f342d827e188b392617bdf007	8679	screening-final/batch-46/trace.jsonl
c0b4f94ff998100645ac37e4241ee6046a275186adffc37a1a4d14f6b7688a44	6076	screening-final/batch-47/batch.json
633d9c742fa68f4afd57ec736eba0dc59bcab511562b0bc2e16bfaeaf370e646	4155	screening-final/batch-47/decisions.jsonl
660c77ce3be670bd3345dfa8e90ef6a08eb10783dc93c444ecbf5de0cbecd144	73	screening-final/batch-47/final.txt
cab08e64af01b9dc176c2cc23f161bb0880ff99b833dcb403e2f06924026862d	39524	screening-final/batch-47/input.md
82c8bd1d5fde825d0595b9e42951bb63cce0e205277af56586fce233549422fd	449	screening-final/batch-47/run.json
e3b0c44298fc1c149afbf4c8996fb92427ae41e4649b934ca495991b7852b855	0	screening-final/batch-47/stderr.txt
d2c78a545e32f0911bd2c76dbdd83468b9a3b1be5d9b9cce350f43402b49ed18	86	screening-final/batch-47/submit_screening
cad69ca3e5f478ba3a2a4075532f564338d61b9dff37b9aae1c627de1771a982	9637	screening-final/batch-47/trace.jsonl
15795b152796fae750dca9d17a1d7d95a088cf26039e87c4d7c319d558d9e2d3	5934	screening-final/batch-48/batch.json
1fd3ab220696e7e310b423359d852e8c6b0578ea469208f94ba4466c280e6c31	3760	screening-final/batch-48/decisions.jsonl
ca5731caf5dbb937b2052a49bd6f81f90ac949d6374326ce9c8cf58f6eb820f4	83	screening-final/batch-48/final.txt
e2c6edc104ea658a6392d7ada87d3351d1d84289eef8a4c2a5ab90b5dba99946	40040	screening-final/batch-48/input.md
ae76e5a86a2f9b18e92fa0c7e6d55a837d5e13ad9e692ce8fe5af48a90742a1b	449	screening-final/batch-48/run.json
e3b0c44298fc1c149afbf4c8996fb92427ae41e4649b934ca495991b7852b855	0	screening-final/batch-48/stderr.txt
d2c78a545e32f0911bd2c76dbdd83468b9a3b1be5d9b9cce350f43402b49ed18	86	screening-final/batch-48/submit_screening
66c33ea25fef8af71994a9a0e4b083157c57a1082d5c69e9c70ef0c99cd9ad12	8556	screening-final/batch-48/trace.jsonl
e9377991d4cfe7644a1187b61100afed72690e2326e6cafaba78a747c57b3a99	6691	screening-final/batch-49/batch.json
c4813b3ea45df60bb41a657c10a38968eb8092dd38d536f7ca9c10ce839dcdee	3249	screening-final/batch-49/decisions.jsonl
12bfc04b481060e14e256636c30ee7d70d6d1060b4debc9519c541a6666ade00	55	screening-final/batch-49/final.txt
a5adb60b1c52552917c8517b1db998e34b349e2c85800a35fb1434bb4fa7fa9f	48060	screening-final/batch-49/input.md
e28014747efa32d25d2ad6713d5b49d11f2acc58038930ce2c70e97e115b4d56	449	screening-final/batch-49/run.json
e3b0c44298fc1c149afbf4c8996fb92427ae41e4649b934ca495991b7852b855	0	screening-final/batch-49/stderr.txt
d2c78a545e32f0911bd2c76dbdd83468b9a3b1be5d9b9cce350f43402b49ed18	86	screening-final/batch-49/submit_screening
ea323731512af29f71b3fdd4a7a6d71925f2efa567991e0f5077c2a93997cd88	7819	screening-final/batch-49/trace.jsonl
3336056892f0dedc1be71df6401334b9a22c6f9b047be3b5b0649396f55176b3	6223	screening-final/batch-50/batch.json
cfa3ef4b62ee975ac115d796c8bcae01d74532499a69fb01474a0e0b3b8d08f5	3463	screening-final/batch-50/decisions.jsonl
5bcaffbcabe181cb612f77bca36530d94f023c1c44fe7f68785cf46da96284a1	94	screening-final/batch-50/final-resume.txt
af31da829bfd8cb504d7356b6abf5a9bc8cbbc225e7c993c4921321ddc7edede	298	screening-final/batch-50/final.txt
b889ef81161659e6f68245802ea813e9551249b319572429be26bc295f37c6fe	44926	screening-final/batch-50/input-attempt-01.md
dcccab5a8ebc7f6de7820f1fbebf3221d05d5c057499059cc6ff064582cd4d6c	14998	screening-final/batch-50/input.md
47a2821e44e8409e9db61a6c3a33c1820ad15f43c088359fa4eaf8cffad3aade	456	screening-final/batch-50/run-resume.json
4364569617c257f4955d6e3c9e25f8ef763beef743107bc1899d689b140a5ac5	449	screening-final/batch-50/run.json
e3b0c44298fc1c149afbf4c8996fb92427ae41e4649b934ca495991b7852b855	0	screening-final/batch-50/stderr-resume.txt
e3b0c44298fc1c149afbf4c8996fb92427ae41e4649b934ca495991b7852b855	0	screening-final/batch-50/stderr.txt
d2c78a545e32f0911bd2c76dbdd83468b9a3b1be5d9b9cce350f43402b49ed18	86	screening-final/batch-50/submit_screening
e3af51c205d31b71173e7a45922d748b8b8a13365b89129bbf46259334548d88	5484	screening-final/batch-50/trace-resume.jsonl
778c18a9cc87727176c56e5f19a3f01d2ca2221e3ec55c840b49fc2ab4d45cc5	6356	screening-final/batch-50/trace.jsonl
cd80f45baca6b28857fdedc77dba6ec961fd64b85ba015468d39e20b125b9801	6764	screening-final/batch-51/batch.json
26761227c7eaf2d2716aae2607ea3c576f254b74259c9976616a3c21ae493d35	4070	screening-final/batch-51/decisions.jsonl
d7da3a0e78e764d2fcdc93fd2db39c83ebb4d2aa6a176a5e62df806a8badb9a3	85	screening-final/batch-51/final.txt
dc476c86b3e8bd15e73cd3fe56e38782b35cb902328a4174be7794271074dbe0	45798	screening-final/batch-51/input.md
c8f6dc74a711e5fc4fdf8d481ef71db03851cd2b8e9965744dfe098d325e8b0f	449	screening-final/batch-51/run.json
e3b0c44298fc1c149afbf4c8996fb92427ae41e4649b934ca495991b7852b855	0	screening-final/batch-51/stderr.txt
d2c78a545e32f0911bd2c76dbdd83468b9a3b1be5d9b9cce350f43402b49ed18	86	screening-final/batch-51/submit_screening
d59f06812cec68cb4deb09c2390171387278f39120aaf8c6cd27d101ae16e3d8	15521	screening-final/batch-51/trace.jsonl
c34fe1501bc311eaf79ae206af4e7b8f43149e0b9ca9e8d09fcb63b430a1efda	6244	screening-final/batch-52/batch.json
322de47c0ea186612dfd7473b85ec29e9c18afe718e9c12518713e956fbcfd76	3917	screening-final/batch-52/decisions.jsonl
11399b8fe993312afa08e8a3ec9a2a0c5d314b151368e9331da310d863504dda	58	screening-final/batch-52/final.txt
04ab79cf570a623df701597aa2c963060b6c12530c63ee4996cd98d2c0bf08c5	48352	screening-final/batch-52/input.md
11c2fc3a3f72531d137a6f3a8ada4487ead6aa2c8045bd46d85dd15200d1152a	449	screening-final/batch-52/run.json
e3b0c44298fc1c149afbf4c8996fb92427ae41e4649b934ca495991b7852b855	0	screening-final/batch-52/stderr.txt
d2c78a545e32f0911bd2c76dbdd83468b9a3b1be5d9b9cce350f43402b49ed18	86	screening-final/batch-52/submit_screening
07080571177a96f94f8c6b985d51921886a197e2ed46f376060554c805cc30ec	8060	screening-final/batch-52/trace.jsonl
064e001446b14b44955519ecb0b15f11811222f4f529ad1d2d9143c17e2b53b7	5977	screening-final/batch-53/batch.json
7c610db4b39a2511319b64960795505b16b11dd9f462bf7a78662cd710450372	3211	screening-final/batch-53/decisions.jsonl
bcb397cd0130f604fcfdbaa4efd8516b3585dc6b4e761415f29b8ead2f3641c9	95	screening-final/batch-53/final-resume.txt
e28932b8456f6b5332fc966c41b99db694dc9d4f5904c59269428b69d275617e	167	screening-final/batch-53/final.txt
304d6f5d0b48bf4904be7a8df177ddfc5a53f3af5fe6addca6d021b409febf7c	43128	screening-final/batch-53/input-attempt-01.md
8a4ac10a1618d8878ce00f7e96b24059ed431b84126ab435903496ff7d87e131	42638	screening-final/batch-53/input.md
8622c85248c2c3a9803727d429e0ecf9ffd32fb1ab34988af19da78b3d254d34	456	screening-final/batch-53/run-resume.json
71e3d847cf7049a17c185e1b74b6e8fa31c1da315164ad071e83151316c48088	449	screening-final/batch-53/run.json
e3b0c44298fc1c149afbf4c8996fb92427ae41e4649b934ca495991b7852b855	0	screening-final/batch-53/stderr-resume.txt
e3b0c44298fc1c149afbf4c8996fb92427ae41e4649b934ca495991b7852b855	0	screening-final/batch-53/stderr.txt
d2c78a545e32f0911bd2c76dbdd83468b9a3b1be5d9b9cce350f43402b49ed18	86	screening-final/batch-53/submit_screening
447d6bb816a23818b967fb53a862c9ed9f22c8fc65eacc875206f14ae66a9752	7222	screening-final/batch-53/trace-resume.jsonl
0a913f2acec84d2852c33dabb772a2dc63bfd821b7c56ea22277c399b07c0d6a	513	screening-final/batch-53/trace.jsonl
bd8c49e36ebb620b885c0175878d666cfe5ec708e86090833fef8291a4110ead	6081	screening-final/batch-54/batch.json
bed76ab27460a9226f50a1bc87565b26679d07ff88c74b7eb70ab813fa16fa0e	3782	screening-final/batch-54/decisions.jsonl
9cc3f08552eae94aaac3ea38426bb5fabd5a51b65090e681404ae001d5565d1f	87	screening-final/batch-54/final.txt
c20266fdd4d3f48396fe2c4242f7ad6cbbe6a55beb05985aeb3fdd98b1bfd938	43659	screening-final/batch-54/input.md
1c49c69a73ffaa4aa709f745d4da320ca5337bd6cc8a4b7a9d7684026885fb1d	449	screening-final/batch-54/run.json
e3b0c44298fc1c149afbf4c8996fb92427ae41e4649b934ca495991b7852b855	0	screening-final/batch-54/stderr.txt
d2c78a545e32f0911bd2c76dbdd83468b9a3b1be5d9b9cce350f43402b49ed18	86	screening-final/batch-54/submit_screening
9f7695d96573b4b51c2dbbef3fe656c38136a6923676bcb567a75a3879604006	8938	screening-final/batch-54/trace.jsonl
1a1a2869bc5f4261381dea5b2b765a0143c2ad459608af16e100ef0d4fb52d50	2467	screening-final/batch-55/batch.json
0b146974e0b115ea05e74665d58ba9842dccaf44d82e6337e769ef0d73eff2b0	1561	screening-final/batch-55/decisions.jsonl
9cf8e3b45a6ba6a38245d622b5f1ae1d863076621b1abff2ccaa9fe4a7836fbd	58	screening-final/batch-55/final.txt
004d2ddb17c3231d0e4edd0f841b87c5b46f84c40ab944a15eed18bb838f5a0b	20897	screening-final/batch-55/input.md
c0e3c6496688507b3b7c1279ca74a3d6927a22f4b058ef5fe962ee25566b3179	449	screening-final/batch-55/run.json
e3b0c44298fc1c149afbf4c8996fb92427ae41e4649b934ca495991b7852b855	0	screening-final/batch-55/stderr.txt
d2c78a545e32f0911bd2c76dbdd83468b9a3b1be5d9b9cce350f43402b49ed18	86	screening-final/batch-55/submit_screening
d7a1b27f7d2f18853949b4ab863f354982d72b49b44b7a50f01526d3b7eeecc6	4142	screening-final/batch-55/trace.jsonl
9512364a54310e579ebe3d80a0e9bff66d017a1982d531f2e034b218a0fcb818	3740	screening-final/results-summary.json
c527ec1364ac88829f12c679aeb6a9fb331ffae380fc83cbcc3c9ca9d89675a0	311939	screening-final/results.csv
fd26bbeffed583e3b8b5662ca565e0567e717fc673ab62a72861d21079fab447	60152	screening-final/retained.csv
50ab36bcf42b76ec146507b8236a5083ce530d2e636af8bf3ae7fffae9f18325	31554	screening-final/selection.json
2ac2c029804601942bb0f225d337beb7390c5d53d2b5b7f1592874f41416b9d4	599	screening-final/validation.json
80844b67934329cd7b49f29b43a19d2ea7bd463d9b86cb77fbc830b18ea2c0d3	464	screening-v2/SOURCES.md
6a8598d1538475533850b226df07ddddf014a39310974064873d8b0d84ee008b	5055	screening-v2/SYSTEM.md
6cbd2895be28e2fc7676110f421d07ef6527d16ff7aac0afd24150ed42bf1bbe	378	screening-v2/TEST.md
429239bedc7825ed6f8ee1085ac85269bcb9aba52933c17fbf5e2b1d66e9e933	5328	screening-v2/batch-01/batch.json
27b2574a39fd3449ca8bf76f747585b2060d5fa07ac50ac6a063173c0d171efd	3424	screening-v2/batch-01/decisions.jsonl
d2d159238b775a00db4b5fd135f20b4b892ed648fd8c60ba7d65800597ada474	66	screening-v2/batch-01/final.txt
bbfe8132cf65125379b4c016c3ba913850b566d62bb14f54c8778bd07098e6b6	38480	screening-v2/batch-01/input.md
3545d92a510156e1865c052a2fe344a92939826babeaaef55bcadcbc5a4b0d7a	446	screening-v2/batch-01/run.json
e3b0c44298fc1c149afbf4c8996fb92427ae41e4649b934ca495991b7852b855	0	screening-v2/batch-01/stderr.txt
d2c78a545e32f0911bd2c76dbdd83468b9a3b1be5d9b9cce350f43402b49ed18	86	screening-v2/batch-01/submit_screening
fdebf4fc65ada5e19ced9ea83080301bfca880180a2342dca6f9a771534d732b	8092	screening-v2/batch-01/trace.jsonl
0a8fa6f9961e4dd70842d01839d689b3cdc8f5299562e0e9a50e2967bd91ca00	5311	screening-v2/batch-02/batch.json
355f6a8584ba38199577e8ba68b6485753443aa1b03c0faf372c5c55634a161d	3474	screening-v2/batch-02/decisions.jsonl
5842953630ff568a4b847bf7473c234ae930e9ee9ae034e0324f4aa73e80ff22	57	screening-v2/batch-02/final.txt
685f2b3e1421aaf838b6c896ab4513d081300f7105f7dfdfb013df96a9e0e34d	29158	screening-v2/batch-02/input.md
8bac54eb83c672ae9970f5afa20ce6f4b8590072ced7e9106dc8ce30bc4eab46	446	screening-v2/batch-02/run.json
e3b0c44298fc1c149afbf4c8996fb92427ae41e4649b934ca495991b7852b855	0	screening-v2/batch-02/stderr.txt
d2c78a545e32f0911bd2c76dbdd83468b9a3b1be5d9b9cce350f43402b49ed18	86	screening-v2/batch-02/submit_screening
05c8c38ff1a0bbb3deb035792f154e522ccb99646f8874b6081d0b7ca622eb35	7945	screening-v2/batch-02/trace.jsonl
a932c55418b95f801f18a912efd56e9887885ca7b1654cc617f088c4dfd7adeb	187	screening-v2/results-summary.json
aaa7f006a13b14eb6019e8bd48145db20fec87702893f0f3278ab38a41be5692	11145	screening-v2/results.csv
6f225a54516dc906ad4a997c2073b4d331dd79672acc978911862fd6b1e0c715	1281	screening-v2/selection.json
f7b68f1be5b955a84456eace353091c9f986a0e36035dc3a0abbd4a4e1dd1b65	187	screening-v3/EVALUATION.md
7a048e9b23ee5ded67941016f281a851a9ba9e6efe51e56e0f1c5e577ab9ebc0	5944	screening-v3/SYSTEM.md
b06260b6e9644dfa05f777c8fefea655eb9801b6bd406c41ffab27009886e4bb	5503	screening-v3/batch-01/batch.json
0762868cbf5e9e3ef0f17a7e56412fbe86467f45925c0ea4b3fe0620c82f1f52	3614	screening-v3/batch-01/decisions.jsonl
057665454462b2baea8696ca9e229efd1855cef45a68f2d94ef320623d7dceca	79	screening-v3/batch-01/final.txt
ea543b7dd3bbf569677dae736b78b36b1c46902d5592268ea5f2654127c67c60	48109	screening-v3/batch-01/input.md
b1b357891a6b67cbae4ab0b2f1a7a9879ce94f4a2b14d41f363e6a3a3f324ba4	446	screening-v3/batch-01/run.json
e3b0c44298fc1c149afbf4c8996fb92427ae41e4649b934ca495991b7852b855	0	screening-v3/batch-01/stderr.txt
d2c78a545e32f0911bd2c76dbdd83468b9a3b1be5d9b9cce350f43402b49ed18	86	screening-v3/batch-01/submit_screening
d80d63e92ddca41d898866ae205b44f318ba41ebcb7727723fc481ab92c18696	8561	screening-v3/batch-01/trace.jsonl
d6aed08fbf30fd9aae4f9c793efdfb0a1cea43342ffed0e3378cae47ff5d069f	5212	screening-v3/batch-02/batch.json
f4a9e082f411349bd9a4356b13c5f75e701223212759e71c14a26cedb3bf737a	3651	screening-v3/batch-02/decisions.jsonl
9312f2dff9a98dc29a1f1e809ccbd39ff195fcc03b705bb514208a3cf76bf65f	46	screening-v3/batch-02/final.txt
a085b7a6dfd31a219bd64a6c9a439d35f8a604d323ec2db23c9e112c6ebc430e	43955	screening-v3/batch-02/input.md
c61da2387a6e9e2d7e54dee1bf4856006ee0e3e9d6e0076f02a59b3190ce27f0	446	screening-v3/batch-02/run.json
e3b0c44298fc1c149afbf4c8996fb92427ae41e4649b934ca495991b7852b855	0	screening-v3/batch-02/stderr.txt
d2c78a545e32f0911bd2c76dbdd83468b9a3b1be5d9b9cce350f43402b49ed18	86	screening-v3/batch-02/submit_screening
11de4d766f18c9fb8bbd888f2d95df64e9898ae823e0f5d83f8f2ddf9b8fdf1a	8438	screening-v3/batch-02/trace.jsonl
be8443728b3b0a3e7aa7097f99d397b8e06fdd6fe13466177bde6a8ec8fbab45	5455	screening-v3/batch-03/batch.json
ef6fcc2b20fec760b4155653b8a6e0f8165a7b7d92496c162a91ccfeca387595	3898	screening-v3/batch-03/decisions.jsonl
38e1c967707a6e5e63786288af937d1ecbc9ec8049257d86abb412c71b124227	65	screening-v3/batch-03/final.txt
f2c8a2fb346d86726e684a8914fb07c76f666e848075cffac8169a9dbbf1f440	41187	screening-v3/batch-03/input.md
2c828ac802e43a8872924635b242b245fa1e38fd6f6eb7fbc94066e9e24785d4	446	screening-v3/batch-03/run.json
e3b0c44298fc1c149afbf4c8996fb92427ae41e4649b934ca495991b7852b855	0	screening-v3/batch-03/stderr.txt
d2c78a545e32f0911bd2c76dbdd83468b9a3b1be5d9b9cce350f43402b49ed18	86	screening-v3/batch-03/submit_screening
e978a2fd4689d17f8c6b3abb87336f4b8915c5fa810704c7124b5d4f1047c6fd	8798	screening-v3/batch-03/trace.jsonl
63306c27d9075c1af3573532ffb4b7d768826b0bf7e695e19e35361e2e2421e8	22002	screening-v3/evaluation.csv
e4b402b4bdeffc5f5222c245e8ec567b815ae2c52c0d85b1a8a88440c4bc0285	972	screening-v3/evaluation.json
9ab6a4d79eae692bc95a13ee88714ac2a8d4d054e4a6793040da433a54879ec3	6662	screening-v3/reference.csv
59ae130bf692ceb32d699fb8d9f0b82521b01f92f0a29d76fe8500fad3f6c184	408	screening-v3/results-summary.json
6d805fff5dcfe0cd200f899c32be0214fc916c7f1753aa5d404d8603a0de8539	17391	screening-v3/results.csv
f0a56ff01c19cf35934f5afe8b5674c16ae0ca33bf8494a77763db4eb1a12930	2040	screening-v3/selection.json
9905a732293cbe4b22fbffc77418d2f0430a039e050c730e4baa5d25159f2a2f	197	screening-v3-boundary/EVALUATION.md
5dd9178d221888b6b867eae4f299af5808826ae8d419bdb4d5114634e9dd5cdb	6200	screening-v3-boundary/batch-01/batch.json
a854e202b7a1ccf902cbc7dadc0e5ab8fb7eaed4d4e02210a34cc45847ddbcfb	3592	screening-v3-boundary/batch-01/decisions.jsonl
7fa19e845ff9242c099dfff279c92264365f1219c978e1002bb78d9686a8c086	63	screening-v3-boundary/batch-01/final.txt
6bc63c6dcf2fd1f226dfab12358106421c7176ddaec5f725a97ef702bc0adf93	44397	screening-v3-boundary/batch-01/input.md
1481a7373ea4353371a6035d8f70a950fa6994d1101d60f5ceff6778b1b5319e	455	screening-v3-boundary/batch-01/run.json
e3b0c44298fc1c149afbf4c8996fb92427ae41e4649b934ca495991b7852b855	0	screening-v3-boundary/batch-01/stderr.txt
d2c78a545e32f0911bd2c76dbdd83468b9a3b1be5d9b9cce350f43402b49ed18	86	screening-v3-boundary/batch-01/submit_screening
04868f19416ac16644fb97570860ad4049a5ddf1b094695fd3627284ac78f18b	8267	screening-v3-boundary/batch-01/trace.jsonl
56f190a88a548883829fd4fb38787dac139ebf212dc808fdb6cf7f8ac9e00d4f	7284	screening-v3-boundary/evaluation.csv
0ea617e0bc2d728280d76ce9b8d4e59daa6245b5356cffbdba436fe92239d543	630	screening-v3-boundary/evaluation.json
44c72009498d379917e247d8adc060f117799c2003423831601de6dd1af29fda	2314	screening-v3-boundary/reference.csv
dddc6feb40590c94e2bad65b5f4903178d28a760cda1ff1813d98ea6ed1a41c3	280	screening-v3-boundary/results-summary.json
5074b8b7eb90c1ad0aacc77fbeecc034712ea473e006ed4885c9ed27f31881b8	5680	screening-v3-boundary/results.csv
74968649bec457b6cb340d461f1e6af9ed166f847afe756e30a4fc8b049cf085	997	screening-v3-boundary/selection.json
