normalized_title_year,dois,pmids
1 dove bda caregiver measles do:2020,10.7910/dvn/zxzeuy/0yo4xm;10.7910/dvn/zxzeuy/jkuknl,
1 dove bda caregiver pneumonia do:2020,10.7910/dvn/ltw3a5/dhpe2z;10.7910/dvn/tp2oky/nnohwh;10.7910/dvn/vgsxn7/mywwf1,
1 dove bda facility pneumonia do:2020,10.7910/dvn/ltw3a5/iatekm;10.7910/dvn/tp2oky/fdrxhd;10.7910/dvn/vgsxn7/hdkah2,
1st euroqol central and eastern europe regional meeting book of abstracts:2026,10.5281/zenodo.20689092;10.5281/zenodo.20689093,
2 dove bda societal do:2020,10.7910/dvn/ltw3a5/knulg9;10.7910/dvn/tp2oky/nxxxta;10.7910/dvn/vgsxn7/c6qpnt;10.7910/dvn/ykpsj7/kpgw0r;10.7910/dvn/zxzeuy/7ckmqp,
a community based parent support programme to prevent child maltreatment protocol for a randomised controlled trial:2018,10.12688/hrbopenres.12812.1;10.12688/hrbopenres.12812.2,32002506
a comparative examination of healthcare use related to hearing impairment in europe:2018,10.1177/2284240318757938;10.33393/grhta.2018.450,
a comparison for older people with diabetes of health and health care utilisation in two different health systems on the island of ireland:2020,10.1186/s12889-020-09529-0;10.21203/rs.3.rs-16311/v1;10.21203/rs.3.rs-16311/v2,
a comprehensive prognostic signature based on interaction of immune cell infiltration with stromal composition for resected pancreatic ductal adenocarcinoma:2017,10.1016/j.pan.2017.05.107;10.1055/s-0037-1604945,
a consistency test of the time trade off:2003,10.1016/s0167-6296(03)00046-8;10.2139/ssrn.428260,
a cost effectiveness study of intravenous immunoglobulin in childhood idiopathic thrombocytopenia purpura patients with life threatening bleeding:2014,10.1007/s40273-014-0171-9;10.1016/j.jval.2014.03.1332,
a cost minimization analysis of orthopaedic consultations using videoconferencing in comparison with conventional consulting:2002,10.1177/1357633x0200800507;10.1258/135763302760314252,
a cross sectional assessment of pharmacists knowledge attitude and practice of prevention of mother to child transmission of hiv in two nigerian teaching hospitals:2022,10.21010/ajid.v16i2s.3;10.21010/ajidv16i2s.3,
a dynamic population model of disease progression in copd:2005,10.1183/090313936;10.1183/090313936.05.00122004;10.1183/09031936.05.00122004,16055869
a framework for the definition and interpretation of the use of surrogate endpoints in interventional trials:2023,10.1016/j.eclinm.2023.102283;10.2139/ssrn.4534799,
a modified delphi to define drug dosing errors in pediatric critical care:2020,10.1186/s12887-020-02384-3;10.21203/rs.3.rs-58661/v1;10.21203/rs.3.rs-58661/v2,
a network meta analysis of everolimus plus exemestane versus chemotherapy in the first and second line treatment of estrogen receptor positive metastatic breast cancer:2015,10.1007/s10549-015-3453-9;10.1093/annonc/mdv336.21,26044370
a new approach to measuring health system output and productivity:2007,10.1177/0027950107080395;10.1177/00279501072000011201,
a parent child dyad approach to the assessment of health status and health related quality of life in children with asthma:2012,10.2165/11597890;10.2165/11597890-000000000-00000,
a prediction risk score for hiv among adolescent girls and young women in south africa identifying those in need of hiv pre exposure prophylaxis:2023,10.1016/j.ijid.2023.04.377;10.1080/25787489.2023.2221377;10.21203/rs.3.rs-2069075/v2,
a public health pharmacy course at a malaysian pharmacy school:2009,10.1016/s0002-9459(24)00106-2;10.5688/aj7307136,
a randomized controlled trial evaluating the effect of an internet based cognitive behavioral program on anxiety symptoms in a community based sample of adolescents:2022,10.1016/j.janxdis.2022.102637;10.2139/ssrn.4032321,
a randomized trial of progesterone in women with bleeding in early pregnancy:2019,10.1056/nejmoa1813730;10.1097/01.aoa.0000603772.96889.98;10.1097/01.ogx.0000578752.29446.8d,
a randomized trial of prophylactic antibiotics for miscarriage surgery:2019,10.1056/nejmoa1808817;10.1097/01.aoa.0000575220.38445.03;10.1097/01.ogx.0000568884.42187.65,
a rapid review of covid 19 vaccine prioritization in the u s alignment between federal guidance and state practice:2021,10.1101/2021.03.11.21253411;10.3390/ijerph18073483,33801651
a review and meta analysis of health state utility values in breast cancer:2020,10.15131/shef.data.11889714;10.15131/shef.data.11889714.v1,
a trial protocol for the effectiveness of digital interventions for preventing depression in adolescents the future proofing study:2019,10.21203/rs.2.14135/v1;10.21203/rs.2.14135/v2,
a us population health survey on the impact of covid 19 using the eq 5d 5l:2020,10.21203/rs.3.rs-71000/v1;10.21203/rs.3.rs-71000/v2,
abundance of i bifidobacterium i species in the infant gut microbiota and associations with maternal infant characteristics in dhaka bangladesh:2025,10.1101/2025.03.03.25323106;10.1128/msphere.00314-25,
acceptability and perceived barriers to adoption of the core outcome set for maternal and neonatal health research and surveillance during emerging and ongoing epidemic threats mnh epi cos an online survey:2025,10.1101/2025.03.31.25324937;10.1371/journal.pgph.0005474,
acceptance of the german e mental health portal www psychenet de an online survey:2016,10.7287/peerj.preprints.1867;10.7287/peerj.preprints.1867v1;10.7287/peerj.preprints.1867v2;10.7717/peerj.2093,27547515
access criteria for anti tnf agents in spondyloarthritis influence on comparative 1 year cost effectiveness estimates:2017,10.1186/s12962-017-0081-8;10.14288/1.0355536,
acute respiratory distress syndrome and shunt detection with bubble studies a systematic review and meta analysis:2022,10.1097/cce.0000000000000789;10.1101/2022.08.02.22278344,
adaptacion de la version espanola del perfil de salud infantil child health and illness profile child edition chip ce:2004,10.1016/s1695-4033(04)78321-6;10.1157/13062319,15207163
additional file 1 appendix 1 of determinants of hospital length of stay for people with serious mental illness in england and implications for payment systems a regression analysis:2015,10.6084/m9.figshare.4324583;10.6084/m9.figshare.4324583.v1,
additional file 1 of a critical evaluation of the effectiveness of interventions for improving the well being of caregivers of children with cerebral palsy a systematic review protocol:2016,10.6084/m9.figshare.4461560;10.6084/m9.figshare.4461560.v1,
additional file 1 of a multifaceted implementation strategy versus passive implementation of low back pain guidelines in general practice a cluster randomised controlled trial:2016,10.6084/m9.figshare.4459331;10.6084/m9.figshare.4459331.v1,
additional file 1 of a pragmatic randomised controlled trial assessing the non inferiority of counselling for depression versus cognitive behaviour therapy for patients in primary care meeting a diagnosis of moderate or severe depression practiced study protocol for a randomised controlled trial:2017,10.6084/m9.figshare.4713787;10.6084/m9.figshare.4713787.v1,
additional file 1 of a qualitative study on singaporean womena s views towards breast cancer screening and single nucleotide polymorphisms snps gene testing to guide personalised screening strategies:2017,10.6084/m9.figshare.5624512;10.6084/m9.figshare.5624512.v1,
additional file 1 of a systematic review protocol on the effectiveness of therapeutic exercises utilised by physiotherapists to improve function in patients with burns:2017,10.6084/m9.figshare.5530747;10.6084/m9.figshare.5530747.v1,
additional file 1 of avoiding routine gastric residual volume measurement in neonatal critical care the neogastric trial study protocol for a multi centre unblinded randomised controlled trial:2026,10.6084/m9.figshare.31273126;10.6084/m9.figshare.31273126.v1,
additional file 1 of burden and disutility of sleep disturbance and early morning off symptoms in people with advancing parkinsons disease a vignette based approach using the eq 5d 5l:2026,10.6084/m9.figshare.32403019;10.6084/m9.figshare.32403019.v1,
additional file 1 of can the general public use vignettes to discriminate between alzheimers disease health states:2016,10.6084/m9.figshare.4360250;10.6084/m9.figshare.4360250.v1,
additional file 1 of content validity and test retest reliability of a low back pain questionnaire in zimbabwean adolescents:2017,10.6084/m9.figshare.4706005;10.6084/m9.figshare.4706005.v1,
additional file 1 of cost effectiveness simulation and analysis of colorectal cancer screening in hong kong chinese population comparison amongst colonoscopy guaiac and immunologic fecal occult blood testing:2015,10.6084/m9.figshare.4336118;10.6084/m9.figshare.4336118.v1,
additional file 1 of decision aids for second line palliative chemotherapy a randomised phase ii multicentre trial:2017,10.6084/m9.figshare.5368177;10.6084/m9.figshare.5368177.v1,
additional file 1 of development of a conceptual model of bkv impacts on health related quality of life in kidney transplant recipients a qualitative study:2026,10.6084/m9.figshare.31041967;10.6084/m9.figshare.31041967.v1,
additional file 1 of does indigenous health research have impact a systematic review of reviews:2017,10.6084/m9.figshare.4776181;10.6084/m9.figshare.4776181.v1,
additional file 1 of drug related risk of severe hypoglycaemia in observational studies a systematic review and meta analysis:2015,10.6084/m9.figshare.4426460;10.6084/m9.figshare.4426460.v1,
additional file 1 of effectiveness of the empower par intervention in improving clinical outcomes of type 2 diabetes mellitus in primary care a pragmatic cluster randomised controlled trial:2016,10.6084/m9.figshare.4356821;10.6084/m9.figshare.4356821.v1,
additional file 1 of exploring how individuals complete the choice tasks in a discrete choice experiment an interview study:2016,10.6084/m9.figshare.4466612;10.6084/m9.figshare.4466612.v1,
additional file 1 of health economic evaluation of human papillomavirus vaccines in women from venezuela by a lifetime markov cohort model:2017,10.6084/m9.figshare.4609162;10.6084/m9.figshare.4609162.v1,
additional file 1 of health related quality of life in adults with epidermolysis bullosa a cross sectional study in seven european countries using eq 5d 5l:2026,10.6084/m9.figshare.32110164;10.6084/m9.figshare.32110164.v1,
additional file 1 of higher severity of infant rsv infections is associated with lower parental quality of life a european observational study:2026,10.6084/m9.figshare.33099919;10.6084/m9.figshare.33099919.v1,
additional file 1 of how do social norms influence the sexual and reproductive health related attitudes and behaviours of very young adolescents in sub saharan africa a scoping review:2026,10.6084/m9.figshare.30994872;10.6084/m9.figshare.30994872.v1,
additional file 1 of impact of pulmonary exacerbations and lung function on generic health related quality of life in patients with cystic fibrosis:2016,10.6084/m9.figshare.4389914;10.6084/m9.figshare.4389914.v1,
additional file 1 of interpreting patient reported outcomes after ischemic stroke defining minimal important difference in eq 5d across recovery phases:2026,10.6084/m9.figshare.32130711;10.6084/m9.figshare.32130711.v1,
additional file 1 of longitudinal studies that use data collected as part of usual care risk reporting biased results a systematic review:2017,10.6084/m9.figshare.5383294;10.6084/m9.figshare.5383294.v1,
additional file 1 of measurement properties of the eq 5d across four major geriatric conditions findings from topics mds:2017,10.6084/m9.figshare.4720588;10.6084/m9.figshare.4720588.v1,
additional file 1 of methods for analyzing observational longitudinal prognosis studies for rheumatic diseases a review worked example using a clinic based cohort of juvenile dermatomyositis patients:2017,10.6084/m9.figshare.4801453;10.6084/m9.figshare.4801453.v1,
additional file 1 of patient and public involvement and engagement in methodology research process experiences and recommendations from the spirit and consort surrogate project:2025,10.6084/m9.figshare.30938222;10.6084/m9.figshare.30938222.v1,
additional file 1 of prevalence and associated factors of herbal medicine use among pregnant women on antenatal care follow up at university of gondar referral and teaching hospital ethiopia a cross sectional study:2017,10.6084/m9.figshare.4600762;10.6084/m9.figshare.4600762.v1,
additional file 1 of psychometric properties of the clinical sustainability assessment tool csat short form across three research centers evaluating effectiveness and implementation of a cancer symptom surveillance and management intervention:2026,10.6084/m9.figshare.31418666;10.6084/m9.figshare.31418666.v1,
additional file 1 of psychometric validation of the euroqol 5 dimension 5 level eq 5d 5l in chinese patients with adolescent idiopathic scoliosis:2016,10.6084/m9.figshare.4421612;10.6084/m9.figshare.4421612.v1;10.6084/m9.figshare.c.3630260_d1,
additional file 1 of subjective health expectations of patients with age related macular degeneration treated with antivegf drugs:2017,10.6084/m9.figshare.5487850;10.6084/m9.figshare.5487850.v1,
additional file 1 of the meaning of marriage the meaning of family and the function of family for indonesian married people:2025,10.6084/m9.figshare.30969911;10.6084/m9.figshare.30969911.v1,
additional file 1 of translation and cultural adaptation of the eq 5d y 5l into modern standard arabic for use in egypt:2026,10.6084/m9.figshare.31428683;10.6084/m9.figshare.31428683.v1,
additional file 1 of using a discrete choice experiments to explore societal preferences for valuing new drugs for rare diseases:2025,10.6084/m9.figshare.30969848;10.6084/m9.figshare.30969848.v1,
additional file 1 of variations in health related quality of life across sociodemographic groups health conditions and modifiable risk factors a population based eq 5d 3l study:2026,10.6084/m9.figshare.33044790;10.6084/m9.figshare.33044790.v1,
additional file 1 of wherea s the evidence a systematic review of economic analyses of residential aged care infrastructure:2017,10.6084/m9.figshare.4775779;10.6084/m9.figshare.4775779.v1,
additional file 1 table s1 of a five year model to assess the early cost effectiveness of new diagnostic tests in the early diagnosis of rheumatoid arthritis:2016,10.6084/m9.figshare.4409009;10.6084/m9.figshare.4409009.v1,
additional file 1 table s1 of a systematic literature review of health state utility values in head and neck cancer:2017,10.6084/m9.figshare.5373487;10.6084/m9.figshare.5373487.v1,
additional file 1 table s1 of health care use and costs at the end of life a comparison of elderly australian decedents with and without a cancer history:2017,10.6084/m9.figshare.5135971;10.6084/m9.figshare.5135971.v1,
additional file 1 table s1 of non communicable diseases mapping research funding organisations funding mechanisms and research practices in italy and germany:2017,10.6084/m9.figshare.5463034;10.6084/m9.figshare.5463034.v1,
additional file 1 table s1 of the association between misperceptions around weight status and quality of life in adults in australia:2017,10.6084/m9.figshare.4768678;10.6084/m9.figshare.4768678.v1,
additional file 1 table s1 of womena s experiences of ovulation testing a qualitative analysis:2015,10.6084/m9.figshare.4316417;10.6084/m9.figshare.4316417.v1,
additional file 2 of a critical evaluation of the effectiveness of interventions for improving the well being of caregivers of children with cerebral palsy a systematic review protocol:2016,10.6084/m9.figshare.4461557;10.6084/m9.figshare.4461557.v1,
additional file 2 of avoiding routine gastric residual volume measurement in neonatal critical care the neogastric trial study protocol for a multi centre unblinded randomised controlled trial:2026,10.6084/m9.figshare.31273129;10.6084/m9.figshare.31273129.v1,
additional file 2 of decision aids for second line palliative chemotherapy a randomised phase ii multicentre trial:2017,10.6084/m9.figshare.5368198;10.6084/m9.figshare.5368198.v1,
additional file 2 of does indigenous health research have impact a systematic review of reviews:2017,10.6084/m9.figshare.4776193;10.6084/m9.figshare.4776193.v1,
additional file 2 of drug related risk of severe hypoglycaemia in observational studies a systematic review and meta analysis:2015,10.6084/m9.figshare.4426448;10.6084/m9.figshare.4426448.v1,
additional file 2 of effectiveness of the empower par intervention in improving clinical outcomes of type 2 diabetes mellitus in primary care a pragmatic cluster randomised controlled trial:2016,10.6084/m9.figshare.4356836;10.6084/m9.figshare.4356836.v1,
additional file 2 of factors affecting the healthcare utilization from shasthyo suroksha karmasuchi scheme among the below poverty line population in one subdistrict in bangladesh a cross sectional study:2022,10.60692/q1mba-7g005;10.60692/qmfc1-cdq06;10.6084/m9.figshare.20279203,
additional file 2 of how do social norms influence the sexual and reproductive health related attitudes and behaviours of very young adolescents in sub saharan africa a scoping review:2026,10.6084/m9.figshare.30994875;10.6084/m9.figshare.30994875.v1,
additional file 2 of interpreting patient reported outcomes after ischemic stroke defining minimal important difference in eq 5d across recovery phases:2026,10.6084/m9.figshare.32130714;10.6084/m9.figshare.32130714.v1,
additional file 2 of patient and public involvement and engagement in methodology research process experiences and recommendations from the spirit and consort surrogate project:2025,10.6084/m9.figshare.30938225;10.6084/m9.figshare.30938225.v1,
additional file 2 of psychometric validation of the euroqol 5 dimension 5 level eq 5d 5l in chinese patients with adolescent idiopathic scoliosis:2016,10.6084/m9.figshare.4421624;10.6084/m9.figshare.4421624.v1,
additional file 2 of the value of eq 5d 3l and eq vas as a patient reported outcome measure for patients with ankylosing spondylitis in routine healthcare an evaluation of construct validity and responsiveness based on the swedish rheumatology quality register:2026,10.6084/m9.figshare.31957602;10.6084/m9.figshare.31957602.v1,
additional file 2 table s2 of a five year model to assess the early cost effectiveness of new diagnostic tests in the early diagnosis of rheumatoid arthritis:2016,10.6084/m9.figshare.4408985;10.6084/m9.figshare.4408985.v1,
additional file 2 table s2 of non communicable diseases mapping research funding organisations funding mechanisms and research practices in italy and germany:2017,10.6084/m9.figshare.5463049;10.6084/m9.figshare.5463049.v1,
additional file 3 of a critical evaluation of the effectiveness of interventions for improving the well being of caregivers of children with cerebral palsy a systematic review protocol:2016,10.6084/m9.figshare.4461554;10.6084/m9.figshare.4461554.v1,
additional file 3 of avoiding routine gastric residual volume measurement in neonatal critical care the neogastric trial study protocol for a multi centre unblinded randomised controlled trial:2026,10.6084/m9.figshare.31273132;10.6084/m9.figshare.31273132.v1,
additional file 3 of decision aids for second line palliative chemotherapy a randomised phase ii multicentre trial:2017,10.6084/m9.figshare.5368213;10.6084/m9.figshare.5368213.v1,
additional file 3 of drug related risk of severe hypoglycaemia in observational studies a systematic review and meta analysis:2015,10.6084/m9.figshare.4426436;10.6084/m9.figshare.4426436.v1,
additional file 3 of exploring how individuals complete the choice tasks in a discrete choice experiment an interview study:2016,10.6084/m9.figshare.4466609;10.6084/m9.figshare.4466609.v1,
additional file 3 of factors affecting the healthcare utilization from shasthyo suroksha karmasuchi scheme among the below poverty line population in one subdistrict in bangladesh a cross sectional study:2022,10.60692/d09r7-0wx80;10.60692/s7nsh-54g67;10.6084/m9.figshare.20279206,
additional file 3 of patient and public involvement and engagement in methodology research process experiences and recommendations from the spirit and consort surrogate project:2025,10.6084/m9.figshare.30938228;10.6084/m9.figshare.30938228.v1,
additional file 3 table s3 of a five year model to assess the early cost effectiveness of new diagnostic tests in the early diagnosis of rheumatoid arthritis:2016,10.6084/m9.figshare.4408964;10.6084/m9.figshare.4408964.v1,
additional file 4 of avoiding routine gastric residual volume measurement in neonatal critical care the neogastric trial study protocol for a multi centre unblinded randomised controlled trial:2026,10.6084/m9.figshare.31273135;10.6084/m9.figshare.31273135.v1,
additional file 4 of decision aids for second line palliative chemotherapy a randomised phase ii multicentre trial:2017,10.6084/m9.figshare.5368228;10.6084/m9.figshare.5368228.v1,
additional file 4 of drug related risk of severe hypoglycaemia in observational studies a systematic review and meta analysis:2015,10.6084/m9.figshare.4426424;10.6084/m9.figshare.4426424.v1,
additional file 5 of avoiding routine gastric residual volume measurement in neonatal critical care the neogastric trial study protocol for a multi centre unblinded randomised controlled trial:2026,10.6084/m9.figshare.31273141;10.6084/m9.figshare.31273141.v1,
additional file 5 of decision aids for second line palliative chemotherapy a randomised phase ii multicentre trial:2017,10.6084/m9.figshare.5368246;10.6084/m9.figshare.5368246.v1,
additional file 5 of drug related risk of severe hypoglycaemia in observational studies a systematic review and meta analysis:2015,10.6084/m9.figshare.4426409;10.6084/m9.figshare.4426409.v1,
additional file 6 of decision aids for second line palliative chemotherapy a randomised phase ii multicentre trial:2017,10.6084/m9.figshare.5368276;10.6084/m9.figshare.5368276.v1,
additional file 7 of decision aids for second line palliative chemotherapy a randomised phase ii multicentre trial:2017,10.6084/m9.figshare.5368297;10.6084/m9.figshare.5368297.v1,
adherence to low dose methotrexate in children with juvenile idiopathic arthritis using a sensitive methotrexate assay:2024,10.1186/s12969-024-00988-y;10.21203/rs.3.rs-4001976/v1,
advancing the development of patient reported outcomes for adult myositis at omeract 2016 an international delphi study:2017,10.3899/jrheum.161252;10.3899/jrheum.161252.c1,28765245;29196552
adverse events of special interest following the use of bnt162b2 in adolescents a population based retrospective cohort study:2022,10.1080/22221751.2022.2050952;10.6084/m9.figshare.19317936,35254219
alitretinoin for the treatment of severe chronic hand eczema:2010,10.3310/hta14suppl1-06;10.3310/hta14suppl1/06,20507802
alphabetic search comment on klahr chase and lovelace 1983:1994,10.1037//0278-7393.20.1.236;10.1037/0278-7393.20.1.236,
alternatives africaines analyse et prospective:2026,10.5281/zenodo.20641755;10.5281/zenodo.20641756,
an economic evaluation of transcervical endometrial resection versus abdominal hysterectomy for the treatment of menorrhagia:1993,10.1016/0020-7292(93)90363-2;10.1111/j.1471-0528.1993.tb15238.x,8476830
an emerging framework for fully incorporating public involvement pi into patient reported outcome measures proms:2020,10.1186/s41687-019-0172-8;10.17863/cam.49329,31933005
an empirical comparison of methods for analyzing correlated data from a discrete choice survey to elicit patient preference for colorectal cancer screening:2012,10.1186/1471-2288-12-15;10.1186/1471-2288-12-1522348526,
an examination of trends in antibiotic prescribing in primary care and the association with area level deprivation in england:2020,10.1186/s12889-020-09227-x;10.21203/rs.2.20393/v2,
an exploratory study of alternative time frames and descriptors for eq 5d 5l in obstructive airway diseases using mixed methods:2024,10.1016/j.jval.2024.07.004;10.1016/j.jval.2024.12.001,39094689
analisis coste efectividad en la evaluacion economica de intervenciones sanitarias:2004,10.1016/s0025-7753(04)74288-8;10.1157/13060174,
analisis de costes y resultados en la evaluacion economica de las intervenciones sanitarias:2004,10.1016/s0025-7753(04)74260-8;10.1157/13059544,
anatomical cystocele recurrence:2016,10.1097/aog.0000000000001272;10.1097/ogx.0000000000000317,26942363
aquatic training and detraining on fitness and quality of life in fibromyalgia:2007,10.1249/01.mss.0b0138059aec4;10.1249/mss.0b0138059aec4,
assessing human and economic benefits of cancer prevention:2005,10.1007/3-540-26337-3_2;10.1007/978-3-540-68986-7_2,
assessing the effect of age at sexual debut on hiv acquisition among adolescents girls and young women in malawi evidence from malawi population based hiv impact assessment:2022,10.21203/rs.3.rs-2208629/v1;10.21203/rs.3.rs-2208629/v2,
assessing the incidence of catastrophic health expenditure and impoverishment from out of pocket payments and their determinants in bangladesh evidence from the nationwide household income and expenditure survey 2016:2021,10.1093/inthealth/ihab015;10.60692/ggh2m-hnf29;10.60692/zchcj-5kg49,33823538
assessing the relative importance of key quality of life dimensions for people with and without a disability an empirical ranking comparison study:2021,10.1186/s12955-021-01901-x;10.21203/rs.3.rs-691502/v1,34906156
assessing the sustainability of the belgian health system using projections:2021,10.57598/r341c;10.57598/r341s,
association between ambient btex mixture and neurological hospitalizations a multicity time series study in taiwan:2023,10.1016/j.ecoenv.2023.115239;10.1289/isee.2023.pk-030,
association between interpregnancy interval and adverse birth outcomes in women with a previous stillbirth an international cohort study:2019,10.1016/s0140-6736(18)32266-9;10.1097/ogx.0000000000000722,
association of covid 19 vaccination in pregnancy with adverse peripartum outcomes:2022,10.1001/jama.2022.4255;10.1097/ogx.0000000000001088,
association of covid 19 with short and long term risk of cardiovascular disease and mortality a prospective cohort in uk biobank:2023,10.1093/cvr/cvac195;10.3399/bjgp23x734121,
association of height with inflammation and periodontitis the study of health in pomerania:2007,10.1111/j.1600-051x.2007.01068.x;10.1308/135576107781327124,
association of individual health literacy with preventive behaviours and family well being during covid 19 pandemic mediating role of family information sharing:2020,10.20944/preprints202009.0658.v1;10.3390/ijerph17238838,33261157
association of nocturnal penile rigidity with testosterone metabolic syndrome and other variables a prospective cross sectional pilot study:2011,10.1016/j.acuro.2011.03.014;10.1016/j.acuroe.2011.03.012,21621303
asthma cost effectiveness analyses are we using the recommended outcomes in estimating value:2017,10.1016/j.jaip.2017.07.028;10.1183/1393003.congress-2017.pa3876,
austerity policy and child health in european countries a systematic literature review:2020,10.1186/s12889-020-08732-3;10.21203/rs.3.rs-16839/v1;10.21203/rs.3.rs-16839/v2;10.21203/rs.3.rs-16839/v3,
australian public perspectives on genomic data storage and sharing benefits concerns and access preferences:2022,10.1016/j.ejmg.2022.104676;10.2139/ssrn.4229592,
australian public perspectives on genomic newborn screening which conditions should be included:2024,10.1186/s40246-024-00611-x;10.21203/rs.3.rs-3952524/v1,
author reply:2022,10.1016/j.jval.2022.01.019;10.1016/j.jval.2022.10.010,36372299
author reply:2025,10.1016/j.jval.2025.06.019;10.1016/j.jval.2025.11.020,40675213;41419003
author response for agespecific associations between the number of comorbidities and allcause mortality and public direct medical costs in patients with type 2 diabetes a retrospective cohort study:2022,10.1111/dom.14889/v2/response1;10.1111/dom.14889/v3/response1,
author response for childhood allergy and tolerance biomarkers and predictors champ and quality of life:2021,10.1111/pai.13652/v2/response1;10.1111/pai.13652/v3/response1,
author response for exploring genotypephenotype relationships in the scp cdkl5 scp deficiency disorder using an international dataset:2020,10.1111/cge.13862/v2/response1;10.1111/cge.13862/v3/response1,
author response for longterm effects of coronavirus disease 2019 on diabetes complications and mortality in people with diabetes two cohorts in the uk and hong kong:2023,10.1111/dom.15279/v2/response1;10.1111/dom.15279/v3/response1,
author response for patients preferences for oncedaily oral versus onceweekly injectable diabetes medications the revise study:2020,10.1111/dom.14244/v2/response1;10.1111/dom.14244/v3/response1,
author response for prevalence of complications and comorbidities in males and females with obesity realworld insights from claims data analysis:2024,10.1111/dom.15914/v2/response1;10.1111/dom.15914/v3/response1,
author response for the realworld observational prospective study of health outcomes with dulaglutide and liraglutide in patients with type 2 diabetes scp trophies scp final 24month analysis of time to first significant treatment change treatment persistence and clinical outcomes:2023,10.1111/dom.15244/v2/response1;10.1111/dom.15244/v3/response1,
author response for the scp realworld scp observational prospective study of health outcomes with dulaglutide and liraglutide in patients with type 2 diabetes scp trophies scp patient disposition clinical characteristics and treatment persistence at 12 months:2022,10.1111/dom.14823/v2/response1;10.1111/dom.14823/v3/response1,
author response intravenous immunoglobulin therapy in patients with painful idiopathic small fiber neuropathy:2021,10.1212/wnl.0000000000012710;10.1212/wnl.0000000000012712;10.1212/wnl.0000000000012714,
autologous breast reconstruction techniques after mammary resection:2015,10.57598/r251c;10.57598/r251cs;10.57598/r251s,
autorinnen und autoren:2012,10.1016/b978-3-437-22311-2.10016-7;10.1016/b978-3-437-22483-6.10040-3;10.1016/b978-3-437-23251-0.10013-6,
availability of workplace policy for prevention of coronavirus disease 2019 and its relationship with personal protection behaviours a survey of employees:2020,10.21203/rs.3.rs-27221;10.21203/rs.3.rs-27221/v1,
avoiding routine gastric residual volume measurement in neonatal critical care the neogastric trial study protocol for a multi centre unblinded randomised controlled trial:2026,10.1186/s13063-025-09403-7;10.6084/m9.figshare.c.8294578;10.6084/m9.figshare.c.8294578.v1,
b protocol for assessing content validity in generic preference weighted measures a scoping review b:2026,10.15131/shef.data.31257622;10.15131/shef.data.31257622.v1,
back pain mental health and substance use are associated in adolescents:2018,10.1093/pubmed/fdy129;10.1101/274605,
barriers and opportunities for the uptake of biosimilar medicines in belgium:2013,10.57598/r199c;10.57598/r199cs,
barriers of effective health insurance coverage for rural to urban migrant workers in china a systematic review and policy gap analysis:2020,10.1186/s12889-020-8448-8;10.17863/cam.52021;10.21203/rs.2.13976/v2;10.21203/rs.2.13976/v3,
barriers to use of electronic adherence monitoring in an hiv clinic:2001,10.1345/1542-6270(2001)035<1010:btuoea>2.0.co;2;10.1345/aph.10349,
barro s fertility equations the robustness of the role of female education and income:2001,10.1080/00036840010003230;10.1080/00036840122385,
baseline factors that are associated with change in visual acuity in intermediate amd over two years in a multicentre cohort study in europe intercept amd report 2:2025,10.1038/s41433-025-04062-z;10.21203/rs.3.rs-6247988/v1,
bda caregiver measles tab:2020,10.7910/dvn/zxzeuy/ntwucd;10.7910/dvn/zxzeuy/rjtdhg,
bda caregiver pneumonia tab:2020,10.7910/dvn/ltw3a5/i5yvsw;10.7910/dvn/tp2oky/v9g5y6;10.7910/dvn/vgsxn7/uoh0qv,
bda facility measles tab:2020,10.7910/dvn/zxzeuy/bs2yt0;10.7910/dvn/zxzeuy/uhmdsr,
bda facility pneumonia tab:2020,10.7910/dvn/ltw3a5/zjceon;10.7910/dvn/tp2oky/hrrbza;10.7910/dvn/vgsxn7/tych7g,
bda societal measles tab:2020,10.7910/dvn/zxzeuy/atfeei;10.7910/dvn/zxzeuy/g7wyew,
bda societal pneumonia tab:2020,10.7910/dvn/ltw3a5/ybihb5;10.7910/dvn/tp2oky/xg5cat;10.7910/dvn/vgsxn7/t7e4lo,
biologic treatment de escalation in patients with crohns disease is common in the united states:2025,10.1053/j.gastro.2025.01.167;10.1093/ibd/izae282.125,
breast cancer screening in navarra interpretation of a high detection rate at the first screening round and a low rate at the second round:1997,10.1002/(sici)1097-0215(19971114)73:4<464::aid-ijc2>3.0.co;2-y;10.1002/(sici)1097-0215(19971114)73:4<464::aid-ijc2>3.3.co;2-8,
burden and disutility of sleep disturbance and early morning off symptoms in people with advancing parkinsons disease a vignette based approach using the eq 5d 5l:2026,10.1186/s41687-026-01053-w;10.6084/m9.figshare.c.8497423;10.6084/m9.figshare.c.8497423.v1,41979718
burden of hpv related anogenital diseases in young women in germany an analysis of german statutory health insurance claims data from 20122017:2019,10.21203/rs.2.12734/v1;10.21203/rs.2.12734/v2,
burden of hpv related anogenital diseases in young women in germany an analysis of german statutory health insurance claims data from 20122017:2020,10.21203/rs.2.12734/v3;10.21203/rs.2.12734/v4,
burden of smoking in brazil and potential benefit of increasing taxes on cigarettes for the economy and for reducing morbidity and mortality:2019,10.1590/0102-311x00129118;10.6084/m9.figshare.9739616,31483047
calcium fortification of water during pregnancy for the prevention of preeclampsia in a low income setting a cost effectiveness analysis:2023,10.5281/zenodo.7828989;10.5281/zenodo.7828990,
caly swe value set an integrated approach for a valuation study based on an online administered tto and dce survey:2022,10.5281/zenodo.7493396;10.5281/zenodo.7495843;10.5281/zenodo.7496499,
can voucher scheme enhance primary care provision for older adults cross sectional study in hong kong:2020,10.1186/s12877-020-01851-x;10.21203/rs.3.rs-34748/v1;10.21203/rs.3.rs-34748/v2;10.21203/rs.3.rs-34748/v3,
capecitabine for the treatment of advanced gastric cancer:2010,10.3310/hta14suppl2-02;10.3310/hta14suppl2/02,21047486
cardiovascular pre participation screening in young athletes:2015,10.57598/r241c;10.57598/r241cs;10.57598/r41cs,
care integration decreases hospitalization costs retrospective cohort study of palliative care consult service for hospital patients with metastatic cancer:2020,10.21203/rs.3.rs-41113/v1;10.21203/rs.3.rs-41113/v2,
catastrophic healthcare expenditure and impoverishment in tropical deltas evidence from the mekong delta region:2018,10.1186/s12939-018-0757-5;10.60692/8b6z9-aw167;10.60692/z7h07-de271,29703209
cathepsin d expression in pancreatic ductal adenocarcinoma pdac cells increases proliferation and reduces survival of pancreatic cancer patients:2015,10.1016/j.pan.2015.05.104;10.1055/s-0035-1559095,
causes of differences in the uptake of cardiac implantation electronic devices in slovenia in comparison to other countries:2018,10.1515/sjph-2018-0001;10.2478/sjph-2018-0001,
cetuximab plus radiotherapy for the treatment of locally advanced squamous cell carcinoma of the head and neck:2009,10.3310/hta13suppl1-08;10.3310/hta13suppl1/08,19567214
changes in eating behavior through lifestyle treatment in women with polycystic ovary syndrome pcos a randomized controlled trial:2022,10.1186/s40337-022-00593-y;10.21203/rs.3.rs-1323480/v1,35581616
changes in health behaviors mental and physical health among older adults under severe lockdown restrictions during the covid 19 pandemic in spain:2021,10.1101/2021.02.15.21251738;10.3390/ijerph18137067,
changes in mental health among living kidney donors after donation a matched control study:2014,10.1016/j.trim.2014.11.112;10.1097/00007890-201407151-01643,
changes in preterm birth and stillbirth during covid 19 lockdowns in 26 countries:2023,10.1038/s41562-023-01522-y;10.60692/vsz2j-wdx70;10.60692/ywenh-10h85,
chat with ilias goranitis and jemimah ride co authors of the direct checklist:2026,10.6084/m9.figshare.33043205;10.6084/m9.figshare.33043205.v1;10.6084/m9.figshare.33043205.v2;10.6084/m9.figshare.33043205.v3,
chemotherapy and supportive care practice patterns among older adults with metastatic pancreatic cancer:2025,10.1200/jco.2025.43.16_suppl.e16373;10.1200/op-25-00534,
child and adolescent mental health during the covid 19 pandemic results of the three wave longitudinal copsy study:2022,10.1016/j.jadohealth.2022.06.022;10.2139/ssrn.4024489,
childhood allergy and tolerance biomarkers and predictors champ and quality of life:2021,10.1111/pai.13652;10.22541/au.161705633.34589412/v1,
chondrogenic priming of human bone marrow stromal cells a better route to bone repair:2008,10.1089/ten.tea.2008.0297;10.1089/ten.tec.2008.0297,19505182
chronic low back pain what does cognitive coping skills training add to operant behavioral treatment results of a randomized clinical trial:1999,10.1037//0022-006x.67.6.931;10.1037/0022-006x.67.6.931,
chronic pancreatitis prognosis score copps preliminary results from a prospective multicenter international validation study:2019,10.1016/j.pan.2019.05.372;10.1055/s-0039-1695211,
client preferences for the design and delivery of injectable opioid agonist treatment services results from a best worst scaling task:2025,10.1016/j.drugalcdep.2024.111434;10.1111/add.16620,39054406
clinical presentations laboratory and radiological findings and treatments for 11 028 covid 19 patients a systematic review and meta analysis:2020,10.1038/s41598-020-74988-9;10.21203/rs.3.rs-30388/v1,
cognitive educational treatment of fibromyalgia:1996,,8823699;8823700
combinatorial problems in repeated measurements designs:1989,10.1016/0012-365x(89)90371-3;10.1016/s0167-5060(08)70117-1,
combining bootstrap based stroke incidence models with discrete event modeling of travel time and stroke treatment non normal input and non linear output:2017,10.1109/wsc.2017.8247906;10.5555/3242181.3242318,
comment on a framework for understanding quality of life in individuals without capacity:2014,10.6084/m9.figshare.1145926;10.6084/m9.figshare.1145926.v1,
comparison of dermatology life quality index scores in adults and adolescents with alopecia areata:2025,10.1007/s13555-025-01417-y;10.25251/skin.10.supp.560,40272705
comparison of diagnosis based risk adjustment methods for episode based costs to apply in efficiency measurement:2023,10.1186/s12913-023-10282-4;10.21203/rs.3.rs-2545127/v1,
compliance and persistence with alzheimers disease treatment a retrospective analysis of multiregional hospital databases in thailand:2018,10.1016/j.jval.2018.07.707;10.1080/13696998.2018.1534739,30303420
conceptual development of a measure to assess pharmacists knowledge of herbal and dietary supplements:2008,10.1016/s0002-9459(24)00413-3;10.5688/aj720359,
conflicts or synergy when combining modeling approaches perspectives from psychology:2016,10.1109/wsc.2016.7822198;10.5555/3042094.3042282,
congenital heart defects and mental health stress psychological treatment use and covid 19 related burden in young patientslessons from the p bahn study:2026,10.3390/jcm15114342;10.5445/ir/1000194637,42279203
considering the societal perspective in economic evaluations a systematic review in the case of depression:2020,10.1186/s13561-020-00288-7;10.5281/zenodo.5046470,
consolidated health economic evaluation reporting standards 2022 cheers 2022 statement updated reporting guidance for health economic evaluations:2022,10.1007/s10198-021-01426-6;10.1007/s40258-021-00704-x;10.1007/s40273-021-01112-8;10.1016/j.clinthera.2022.01.011;10.1016/j.hpopen.2021.100063;10.1016/j.jval.2021.11.1351;10.1080/13696998.2021.2014721;10.1111/1471-0528.17012;10.1136/bmj-2021-067975;10.1177/23814683211061097;10.1186/s12889-021-12491-0;10.1186/s12913-021-07460-7;10.1186/s12916-021-02204-0;10.18553/jmcp.2022.28.2.146;10.18553/jmcp.2022.cheers;10.6084/m9.figshare.18133607,35012427;35031096
consolidated health economic evaluation reporting standards cheers statement:2013,10.1007/s10198-013-0471-6;10.1007/s40273-013-0032-y;10.1016/j.clinthera.2013.03.003;10.1016/j.jval.2013.02.010;10.1017/s0266462313000160;10.1111/1471-0528.12241;10.1136/bmj.f1049;10.1186/1478-7547-11-6;10.1186/1741-7015-11-80;10.3111/13696998.2013.784591,
consumers views on generic medicines a review of the literature:2009,10.1211/ijpp.17.02.0002;10.1211/ijpp/17.02.0002,
content validity face validity and comprehensiveness of generic quality of life measures in adults and children with rare genetic conditions and their carers a think aloud qualitative study:2026,10.1007/s11136-026-04324-7;10.21203/rs.3.rs-8341102/v1,
contingent valuation a pilot study for eliciting willingness to pay for a reduction in mortality from vaccine preventable illnesses for children and adults in bangladesh:2021,10.1016/j.vhri.2020.10.004;10.60692/9pvap-7jh63;10.60692/x8n9p-g6r18,
contributors:2019,10.1016/b978-0-12-813467-2.09978-8;10.1016/b978-0-12-813796-3.01002-6,
correction to:2022,10.1007/s10198-022-01530-1;10.1007/s40273-022-01135-9,35156178;36197576
correlates of breastfeeding duration in an urban cohort from argentina:2003,10.1080/08035250310004216;10.1111/j.1651-2227.2003.tb00630.x,12948072
corrigendum:2024,10.1302/0301-620x.106b4.bjj-2024-00041;10.1302/0301-620x.106b9.bjj-2024-00050,
cost effectiveness analysis of afatinib vs gefitinib in egfr mutated population with advanced non small cell lung cancer:2017,10.1183/1393003.congress-2017.pa2794;10.1200/jco.2017.35.15_suppl.e20548,
cost effectiveness analysis of ceritinib vs crizotinib in previously untreated anaplastic lymphoma kinase alk positive non small cell lung cancer nsclc in hong kong:2020,10.1186/s12962-020-00244-6;10.21203/rs.3.rs-17823/v2,
cost effectiveness analysis of kras testing and cetuximab as last line therapy for colorectal cancer:2010,10.1007/bf03256395;10.2165/11587610-000000000-00000,21275455
cost effectiveness and cost utility of an organized screening programme for glaucoma:2007,10.1111/j.1600-0420.2007.00947.x;10.1111/j.1755-3768.2007.00947.x,
cost effectiveness of a market based home fortification of food with micronutrient powder programme in bangladesh:2020,10.1017/s1368980020003602;10.60692/jh9vk-sfn64;10.60692/t8hvy-e6884,33118899
cost effectiveness of guideline based stepped and collaborative care versus treatment as usual for patients with depression a cluster randomized trial:2020,10.1186/s12888-020-02829-0;10.21203/rs.3.rs-16539/v1,
cost effectiveness of intensity modulated radiotherapy imrt versus conventional radiotherapy for the treatment of head and neck cancers in india a study protocol v1:2017,10.17504/protocols.io.jztcp6n;10.17504/protocols.io.jzvcp66,
cost effectiveness of nurse practitioners in primary and specialised ambulatory care systematic review:2021,10.32920/14637459;10.32920/14637459.v1,
cost effectiveness of paliperidone palmitate for the treatment of schizophrenia in germany:2013,10.1007/s40258-013-0050-0;10.1016/j.jval.2013.08.1403,
cost effectiveness of pegfilgrastim versus filgrastim for prevention of chemotherapy induced febrile neutropenia in patients with lymphoma a systematic review:2022,10.1186/s12913-022-08933-z;10.21203/rs.3.rs-1509838/v1,
cost effectiveness of varenicline compared with bupropion nrt and nortriptyline for smoking cessation in the netherlands:2008,10.1185/030079907x242917;10.1185/030079908x242917,18021492
cost effectiveness utility analysis of two drug regimens in the treatment of depression:2017,10.26180/5091520;10.26180/5091520.v1;10.4225/03/5938f0f8dd76b,
cost implications of introducing the biofire filmarray meningitis encephalitis panel vs real time pcr in adult and pediatric populations in the uk:2026,10.1080/13696998.2025.2609504;10.6084/m9.figshare.31186175;10.6084/m9.figshare.31186175.v1,
cost implications of treatment non completion in a forensic personality disorder service a markov model:2013,10.6084/m9.figshare.154839;10.6084/m9.figshare.154839.v1,
cost of behavior change communication channels of manoshi a maternal neonatal and child health mnch program in urban slums of dhaka bangladesh:2013,10.1186/1478-7547-11-28;10.60692/t0v96-btk49;10.60692/ve86p-pam27,
cost of introducing group prenatal care gpc in bangladesh a supply side perspective:2017,10.1186/s40886-017-0059-4;10.60692/7gd9c-3s012;10.60692/rk00d-9xv44,
cost of pneumonia in children under 5 in bangladesh 2017 18:2020,10.7910/dvn/ltw3a5;10.7910/dvn/tp2oky;10.7910/dvn/vgsxn7,
cost savings associated with fully automated digital cognitive behavioral therapy for insomnia disorder sleepiorx a matched control study of us patients:2025,10.36469/001c.146434;10.36469/jheor.2025.146434,
cost utility of biological treatment sequences for luminal crohns disease in europe:2017,10.1080/14737167.2017.1322509;10.6084/m9.figshare.4929632,
costs and effects of inhaled corticosteroids and bronchodilators in asthma and chronic obstructive pulmonary disease:1995,10.1164/ajrccm.151.4.7697275;10.1164/ajrccm/151.4.975,
costs and its drivers for diabetes mellitus type 2 patients in france and germany a systematic review of economic studies:2020,10.1186/s12913-020-05897-w;10.21203/rs.3.rs-42075/v1;10.21203/rs.3.rs-42075/v2,
costs of services and funding gap of the bangladesh national tuberculosis control programme 20162022 an ingredient based approach:2023,10.1371/journal.pone.0286560;10.60692/42h25-s4p39;10.60692/wen5x-8rt82,37267308
costs of smoking attributable productivity losses in poland:2013,10.1007/978-94-007-4546-9-23;10.1007/978-94-007-4546-9_23,
couverture vaccinale contre le papillomavirus humain hpv chez les adolescents francais etude papillon:2024,10.1016/j.gofs.2024.03.016;10.1016/j.jeph.2024.202216,
covid 19 and pregnancy an umbrella review of clinical presentation vertical transmission and maternal and perinatal outcomes:2021,10.1101/2021.04.29.21256327;10.1371/journal.pone.0253974,
covid associated complications after reconstructive breast surgery a retrospective cohort study:2023,10.1007/s10549-023-07064-1;10.21203/rs.3.rs-2869959/v1,
cross cultural adaptation and content validation of the singapore english version of eq 5d y a qualitative study:2024,10.1186/s12955-024-02290-7;10.21203/rs.3.rs-4431935/v1,
cultural adaptation and content validity of a chinese translation of the person centered primary care measure findings from cognitive debriefing:2020,10.1101/2020.07.15.20154179;10.1136/fmch-2020-000621,32962989
current and future trends in the hta of medical devices:2016,10.1007/978-3-319-32703-7_257;10.1007/978-3-319-32703-7_258,
curve overcorrection predicts coronal imbalance in selective thoracic fusion in adolescent idiopathic scoliosis:2022,10.1016/j.bas.2022.100971;10.1177/21925682221124526,36045481
data driven cutoff selection for the patient health questionnaire 9 depression screening tool:2024,10.1001/jamanetworkopen.2024.29630;10.17615/h78b-3y92,
data from a randomized controlled trial testing provision of fecal and blood test options on participation for colorectal cancer screening:2023,10.1158/1940-6207.c.6547277;10.1158/1940-6207.c.6547277.v1,
data from implementing strategies at the workplace level to increase colorectal cancer screening uptake in argentina a controlled interrupted time series study:2023,10.1158/1940-6207.c.6547067;10.1158/1940-6207.c.6547067.v1,
dataset on adolescent preferences toward eq 5d y in germany:2021,10.5281/zenodo.5109925;10.5281/zenodo.5109926,
dataset on adolescent preferences toward eq 5d y in slovenia:2021,10.5281/zenodo.5084263;10.5281/zenodo.5084264,
dataset on adolescent preferences toward eq 5d y in spain:2021,10.5281/zenodo.5115930;10.5281/zenodo.5115931,
dataset on adult preferences toward eq 5d y health states in germany:2021,10.5281/zenodo.5109907;10.5281/zenodo.5109908,
dataset on adult preferences toward eq 5d y health states in slovenia:2021,10.5281/zenodo.5084286;10.5281/zenodo.5084287,
dataset on adult preferences toward eq 5d y health states in spain:2021,10.5281/zenodo.5115948;10.5281/zenodo.5115949,
dataset on preferences of patients with diabetes towards eq 5d 5l health states in germany:2021,10.5281/zenodo.5109943;10.5281/zenodo.5109944,
dataset on preferences of patients with diabetes towards eq 5d 5l health states in spain:2021,10.5281/zenodo.5115952;10.5281/zenodo.5115953,
dataset on preferences of rheumatic patients preferences towards eq 5d 5l health states in spain:2021,10.5281/zenodo.5115970;10.5281/zenodo.5115971,
dataset on preferences of rheumatic patients towards eq 5d 5l health states in germany:2021,10.5281/zenodo.5109945;10.5281/zenodo.5109946,
dce raw data:2021,10.5281/zenodo.4745557;10.5281/zenodo.4745558,
definition of age dependent reference values for diameter of the common bile duct and pancreatic duct on mrcp from a population based cohort study:2017,10.1055/s-0037-1603045;10.1055/s-0037-1604899,
demographic clinical and echocardiographic factors associated with residual perfusion defects beyond six months after pulmonary embolism:2023,10.1016/j.thromres.2023.06.004;10.2139/ssrn.4383030,
depistage du cancer du sein entre 70 et 74 ans:2012,10.57598/r176b;10.57598/r176bs,
deriving the pedsutil health state classification system to measure health utilities for pediatric populations based on the pedsql a confirmatory factor analysis:2024,10.1186/s12955-024-02300-8;10.21203/rs.3.rs-3794404/v1,
dermatological diseases hungarian gen pop database 2021 cub:2022,10.5281/zenodo.6531365;10.5281/zenodo.6531366,
detection and management of diabetes in england results from the health survey for england:2017,10.1007/s13300-017-0300-5;10.1016/j.jval.2017.08.632,
determinants of enrollment of informal sector workers in cooperative based health scheme in bangladesh:2017,10.1371/journal.pone.0181706;10.60692/6kynm-mnf10;10.60692/dh0j9-gq123,
determining the efficiency path to universal health coverage cost effectiveness thresholds for 174 countries based on growth in life expectancy and health expenditures:2023,10.1016/s2214-109x(23)00162-6;10.1530/ey.20.11.2,
developing a core outcome set cos for dementia with lewy bodies dlb:2022,10.12688/hrbopenres.13590.1;10.12688/hrbopenres.13590.2,36619176
development and internal validation of the multiethnic type 2 diabetes outcomes model for the u s domus:2025,10.2337/dc25-0911;10.2337/figshare.29968117;10.2337/figshare.29968117.v1,40997278
development and validation of an inventory to measure stressful events findings from a population based survey:2020,10.34171/mjiri.34.48;10.47176/mjiri.34.48,
development of a conceptual model of bkv impacts on health related quality of life in kidney transplant recipients a qualitative study:2026,10.1186/s41687-025-00987-x;10.6084/m9.figshare.c.8238319;10.6084/m9.figshare.c.8238319.v1,41499015
development of a core outcome set for maternal and perinatal health research and surveillance in light of emerging and ongoing epidemic threats:2024,10.12688/gatesopenres.15136.1;10.12688/gatesopenres.15136.2,
development of a microcosting protocol to determine the economic cost of diagnostic genomic testing for rare diseases in australia:2023,10.1101/2023.09.04.23295012;10.1136/bmjopen-2022-069441,
development of a prognostic scoring system for chronic pancreatitis cpss:2014,10.1016/j.pan.2014.05.426;10.1055/s-0034-1386060,
development of an online suicide prevention program involving people with lived experience ideas and challenges:2021,10.1186/s40900-021-00307-9;10.21203/rs.3.rs-499926/v1,
die eine zahl wird es nicht geben:2014,10.1007/s00337-014-1151-z;10.1007/s00482-014-1454-y,
direct medical costs of tetanus dengue and sepsis patients in an intensive care unit in vietnam:2022,10.3389/fpubh.2022.893200;10.60692/7htb5-5e018;10.60692/mfj7x-jmv75,
disability payments for persons with severe mental illness in alberta canada:2009,10.1176/appi.ps.60.5.686;10.1176/ps.2009.60.5.686,
discrepancies between chained and classic utilities induced by anchoring with occasional adjustments:2002,10.1177/02729890222062919;10.1177/0272989x0202200105,
disseminating public health messages about second hand smoking through mosque congregations in bangladesh:2021,10.1016/s2214-109x(21)00139-x;10.60692/k2b0c-qyz71;10.60692/pt0e8-d8212,
do health preferences differ among asian populations a comparison of eq 5d 5l discrete choice experiments data from 11 asian studies:2021,10.21203/rs.3.rs-180271;10.21203/rs.3.rs-180271/v1,
do hybrid simulation models always increase flexibility to handle parametric and structural changes:2016,10.1109/wsc.2016.7822196;10.5555/3042094.3042280,
do patients want shared decision making and how is this measured:2011,10.7551/mitpress/9143.003.0007;10.7551/mitpress/9780262016032.003.0004,
doelmatigheid in praktijkrichtlijnen voor medicijnen resultaten van een quick scan:2010,10.1007/bf03089593;10.1007/s12508-010-0077-7,
dove bangladesh survey healthcare facility follow up survey 20170704 gb docx:2020,10.7910/dvn/ltw3a5/dsbbqd;10.7910/dvn/tp2oky/p1mwjw;10.7910/dvn/vgsxn7/lnr6h4;10.7910/dvn/ykpsj7/ky6xky;10.7910/dvn/zxzeuy/gsqkck,
dove bangladesh survey healthcare facility survey 20170704 gb docx:2020,10.7910/dvn/ltw3a5/96whjg;10.7910/dvn/tp2oky/puzfey;10.7910/dvn/vgsxn7/q1dyb0;10.7910/dvn/ykpsj7/kf6wr8;10.7910/dvn/zxzeuy/wjvnvx,
dove bangladesh survey patient caretaker exit survey 20170704 gb docx:2020,10.7910/dvn/ltw3a5/hzsxfe;10.7910/dvn/tp2oky/f7nhrm;10.7910/dvn/vgsxn7/1arvop;10.7910/dvn/ykpsj7/i7wpud;10.7910/dvn/zxzeuy/mmwail,
dove bangladesh survey patient caretaker follow up survey 20170704 gb docx:2020,10.7910/dvn/ltw3a5/zdey2c;10.7910/dvn/tp2oky/tdwrke;10.7910/dvn/vgsxn7/kmr7ai;10.7910/dvn/ykpsj7/i48ngr;10.7910/dvn/zxzeuy/wwifom,
dove bangladesh survey pharmacy survey 20170704 gb docx:2020,10.7910/dvn/ltw3a5/npfozf;10.7910/dvn/tp2oky/uxsazs;10.7910/dvn/vgsxn7/uri88y;10.7910/dvn/ykpsj7/uwppq6;10.7910/dvn/zxzeuy/5ilj3q,
drug related problems in admitted geriatric patients the impact of clinical pharmacist interventions:2019,10.21203/rs.2.13459/v1;10.21203/rs.2.13459/v2,
early versus delayed initiation of vedolizumab in ulcerative colitis treatment response in the real world ralee:2022,10.1053/j.gastro.2021.12.218;10.1093/ibd/izac015.171,
early warning covid 19 outbreak in long term care facilities using wastewater surveillance correlation prediction and interaction with clinical and serological statuses:2024,10.1016/s2666-5247(24)00126-5;10.2139/ssrn.4775799,
economic evaluation of integrated care:2025,10.1007/978-3-031-25376-8_34-1;10.1007/978-3-031-96286-8_34,
economic evaluation of provision of postpartum intrauterine device services in bangladesh and tanzania:2021,10.60692/jpm3m-gpy07;10.60692/z2084-3t438;10.9745/ghsp-d-20-00447,
economic resources consumption structure in severe hypoglycemia episodes a systematic review and meta analysis:2015,10.1586/14737167.2015.1076338;10.6084/m9.figshare.1568612;10.6084/m9.figshare.1568612.v1,
economics the death of a discipline:2014,10.6084/m9.figshare.1101354;10.6084/m9.figshare.1101354.v1,
effect of acupuncture vs sham acupuncture on live births among women undergoing in vitro fertilization a randomized clinical trial:2018,10.1001/jama.2018.5336;10.1097/01.ogx.0000544552.75306.7c,
effect of acupuncture vs sham acupuncture on live births among women undergoing in vitro fertilization:2018,10.1001/jama.2018.5336;10.1097/01.ogx.0000544552.75306.7c,
effect of using triclosan impregnated polyglactin suture to prevent infection of saphenectomy wounds in cabg a prospective double blind randomized clinical trial:2019,10.21470/1678-9741-2019-0048;10.6084/m9.figshare.10295924,
effective continuing professional development for translating shared decision making in primary care a study protocol:2010,10.1186/1748-5908-5-83;10.5167/uzh-42950,
effectiveness of health voucher scheme and micro health insurance scheme to support the poor and extreme poor in selected urban areas of bangladesh an assessment using a mixed method approach:2021,10.1371/journal.pone.0256067;10.60692/9zehj-b3w93;10.60692/pp2w2-2q580,34723992
effects of a virtual isupport program on carers and people with dementia:2025,10.1002/alz.70747;10.22541/au.175373188.89353890/v1,41023309
effects of dulaglutide and insulin glargine on estimated glomerular filtration rate in a real world setting:2018,10.1016/j.clinthera.2018.07.002;10.2337/db18-1557-p,
effects of n acetylcysteine on outcomes in chronic obstructive pulmonary disease bronchitis randomized on nac cost utility study broncus a randomised placebo controlled trial:2005,10.1016/j.rmedu.2005.09.021;10.1016/s0140-6736(05)66456-2,15866309
efficacy and safety of tirzepatide in adults with type 2 diabetes a perspective for primary care providers:2022,10.2337/cd22-0029;10.2337/figshare.21424614;10.2337/figshare.21424614.v1,
einflussfaktoren auf die standortwahl von hausarztlichen land und stadtarzten in niedersachsen:2017,10.1055/s-0043-103092;10.15488/1391,
el analisis de impacto presupuestario en salud puesta al dia con un modelo de abordaje generico:2011,10.1590/s1726-46342011000300021;10.17843/rpmesp.2011.283.536,
emergence of bcr abl kinase domain mutations associated with newly diagnosed chronic myeloid leukemia a meta analysis of clinical trials of tyrosine kinase inhibitors:2015,10.18553/jmcp.2015.21.2.114;10.18553/jmcsp.2015.21.2.114,
enhanced recovery after surgery program in open and laparoscopic liver resection:2019,10.1016/j.hpb.2019.10.212;10.1016/j.hpb.2019.10.852,
enhancing clinical competencies through ai assisted simulation an african perspective:2026,10.5281/zenodo.20639642;10.5281/zenodo.20639643,
enhancing mass casualty disaster management competencies through an integrated disaster simulation training program:2021,10.2139/ssrn.3968815;10.2139/ssrn.3973773,
eq 5d 3l health state utility values in transfusion dependent thalassemia patients in malaysia a cross sectional assessment:2020,10.21203/rs.3.rs-50758/v1;10.21203/rs.3.rs-50758/v2;10.21203/rs.3.rs-50758/v3,
erratum:2013,10.1016/j.jval.2013.11.001;10.1159/000349897,
estimating catastrophic costs due to pulmonary tuberculosis in bangladesh:2020,10.2991/jegh.k.200530.001;10.60692/58g1t-dgn61;10.60692/r5paw-53w95,
estimating preference based eq 5d health state utilities or item responses from neuropathic pain scores:2012,10.1007/bf03262491;10.2165/11630970-000000000-00000,
estimating the health related quality of life benefit of prophylactic treatment for covid 19 in immunocompromised people a multimethod valuation study:2024,10.36469/001c.120605;10.36469/jheor.2024.120605,
estimating the indirect costs associated with adenocarcinoma or squamous cell carcinoma of the oesophagus in switzerland evidence from a cross sectional survey:2025,10.1136/bmjopen-2024-090401;10.48620/94914,
estimating the transmission dynamics of omicron in beijing november to december 2022:2022,10.1101/2022.12.15.22283522;10.21203/rs.3.rs-2382470/v1,
estimation of health state utility values in fabry disease using vignette development and valuation:2023,10.36469/001c.71344;10.36469/jheor.2023.71344,37064293
evaluaciones economicas de tecnologias sanitarias una perspectiva global para su aplicacion en america latina:2011,10.1590/s1726-46342011000300020;10.17843/rpmesp.2011.283.535,
evaluating complex interventions:2025,10.1007/978-3-031-25376-8_36-1;10.1007/978-3-031-96286-8_36,
evaluating the implementation related challenges of shasthyo suroksha karmasuchi health protection scheme of the government of bangladesh a study protocol:2018,10.1186/s12913-018-3337-x;10.60692/21m33-7yr87;10.60692/gpfgb-t6361,30012139
evaluation of fracture risk among type 2 diabetes patients with non valvular atrial fibrillation receiving different oral anticoagulants:2022,10.15605/jafes.037.afes.40;10.2337/figshare.20736733;10.2337/figshare.20736733.v1,
evaluation of potential biomarkers during irinotecan based systemic treatment for colorectal cancerstudy protocol of the optima study:2025,10.1186/s12885-025-14500-6;10.17615/xa3y-9s81,
evaluation of the health related quality of life and associated factors in zimbabwean adults living with hiv a cross sectional study:2023,10.1186/s13104-023-06536-3;10.21203/rs.3.rs-2661470/v1,37794503
exercise therapy for patellofemoral pain syndrome:2003,10.1002/14651858.cd003472;10.1016/s0031-9406(05)60488-9,14583980
exploring a new method for deriving the monetary value of a qaly:2014,10.1007/s10198-015-0722-9;10.2139/ssrn.2539653,26289341
exploring characteristics of copd patients with clinical improvement after integrated disease management or usual care post hoc analysis of the recode study:2020,10.1186/s12890-020-01213-8;10.21203/rs.2.17741/v2;10.21203/rs.2.17741/v3,32552784
exploring patient satisfaction after operative and nonoperative treatment for midshaft clavicle fractures a focus group analysis:2020,10.1186/s12891-020-03557-y;10.21203/rs.3.rs-16871/v1;10.21203/rs.3.rs-16871/v2,32811493
exploring the interdependencies of research funders in the uk:2014,10.13140/rg.2.1.4269.0088;10.2139/ssrn.2644302,
extent and causes of the collapse in the registration of innovative medications in lebanon a mixed methods analysis:2025,10.1101/2025.08.05.25333096;10.1371/journal.pone.0330585,41452850
external validation and updating of prediction models for estimating the 1 year risk of low health related quality of life in colorectal cancer survivors:2022,10.1016/j.jclinepi.2022.09.019;10.2139/ssrn.4107083,
eye movement desensitization and reprocessing emdr treatment in the medical setting a systematic review:2023,10.1016/j.jpsychores.2023.111256;10.2139/ssrn.4495140,
factors affecting the healthcare utilization from shasthyo suroksha karmasuchi scheme among the below poverty line population in one subdistrict in bangladesh a cross sectional study:2022,10.1186/s12913-022-08254-1;10.60692/sey67-ffs19;10.60692/yfs1q-q9655,
factors enabling comprehensive maternal health services in the benefits package of emerging financing schemes a cross sectional analysis from 1990 to 2014:2018,10.1371/journal.pone.0201398;10.60692/0pweb-aja96;10.60692/x84wt-1tk24,
factors influencing the admission decision for complexity intervention units a concept mapping approach:2019,10.1016/j.jpsychores.2019.03.052;10.1371/journal.pone.0221807,31527872
fedisa modikologo breaking the intergenerational cycle of violence against women and children theoretical framework and protocol for a prospective cohort study:2025,10.12688/wellcomeopenres.23513.1;10.12688/wellcomeopenres.23513.2,
fetal hemoglobin in starvation ketosis of young women:1998,10.1182/blood.v91.2.691;10.1182/blood.v91.2.691.691_691_694,
financial incentives to integrate care in europe:2025,10.1007/978-3-031-25376-8_76-1;10.1007/978-3-031-96286-8_76,
flipping the paradigm a qualitative exploration of research translation centres in the uk and australia:2020,10.21203/rs.3.rs-16464/v1;10.21203/rs.3.rs-16464/v2,
from flying doctor to virtual doctor an economic perspective on australia s telemedicine experience:2002,10.1177/1357633x0200800501;10.1258/135763302760314199,12396851
from retinal pixels to patients evolution of deep learning research in diabetic retinopathy screening:2025,10.1109/bigdata66926.2025.11402603;10.48550/arxiv.2511.11065,
gender differences in children s hospitalization in catalonia another inequality:1999,10.1080/08035259950168504;10.1111/j.1651-2227.1999.tb00195.x,10519342
generic preference based measures how economists measure health benefit:2014,10.6084/m9.figshare.1101309;10.6084/m9.figshare.1101309.v1,
gesundheitsbezogene lebensqualitat konzepte messung und analyse:2019,10.1007/978-3-662-54179-1_19-1;10.1007/978-3-662-58314-2_19,
global health in preconception pregnancy and postpartum alliance development of an international consumer and community involvement framework:2020,10.1186/s40900-020-00218-1;10.21203/rs.2.22625/v2,
global regional and national cancer incidence mortality years of life lost years lived with disability and disability adjusted life years for 29 cancer groups 1990 to 2017:2019,10.1001/jamaoncol.2019.2996;10.60692/ctmd4-14v14;10.60692/qr0x0-6js34,
golimumab for the treatment of psoriatic arthritis:2011,10.3310/hta15suppl1-10;10.3310/hta15suppl1/10,21609657
gran ronda de medicina interna y especialidades del hospital nacional cayetano heredia caso clinico 02 2014 varon de 22 anos con fiebre colecciones intrabdominales y baja de peso:2014,10.20453/rmh.2014.253;10.20453/rnp.2014.253,
guidance from an informed public on collecting and sharing pgx test results for major depressive disorder its no different from your blood type:2026,10.1080/14622416.2026.2686870;10.6084/m9.figshare.32676161;10.6084/m9.figshare.32676161.v1,42290379
guidelines for analysing and reporting eq 5d outcomes:2003,10.1007/978-94-017-0233-1_2;10.1007/978-94-017-0233-1_9,
health dialogue intervention versus opportunistic screening in primary care for type 2 diabetes and cardiovascular disease prevention in settings with low socioeconomic status detect study protocol for a pragmatic cluster randomized trial:2024,10.1186/s13063-024-08533-8;10.21203/rs.3.rs-4609767/v1,
health economic assessment of behavioural rehabilitation in chronic low back pain a randomised clinical trial:1998,10.1002/(sici)1099-1050(199802)7:1<39::aid-hec323>3.0.co;2-s;10.1002/(sici)1099-1050(199802)7:1<39::aid-hec323>3.3.co;2-j,
health economic evaluation of screening and treating children with familial hypercholesterolemia early in life many happy returns on investment:2020,10.1016/j.atherosclerosis.2020.05.007;10.1093/ehjci/ehaa946.3535,
health economic evaluations of genomic newborn screening approaches by studies within the international consortium on newborn sequencing:2026,10.1038/s41431-026-02136-4;10.21203/rs.3.rs-8303779/v1,42236918
health economics the cheerful face of the dismal science lecture:2015,10.6084/m9.figshare.1285695;10.6084/m9.figshare.1285695.v1,
health preference research in europe:2020,10.1016/j.jval.2019.11.009;10.1177/0272989x19890544,
health related qol in celiac disease patients in slovenia:2020,10.1186/s12955-020-01612-9;10.21203/rs.3.rs-30620/v1;10.21203/rs.3.rs-30620/v2,
health related quality of life after stereotactic radiosurgery in patients with brain metastases:2023,10.1007/s00520-023-08203-6;10.21203/rs.3.rs-3062695/v1,38008876
health related quality of life among children with transfusion dependent thalassemia a cross sectional study in malaysia:2020,10.1186/s12955-020-01381-5;10.21203/rs.2.20369/v1;10.21203/rs.2.20369/v2;10.21203/rs.2.20369/v3,32408899
health system performance assessment hspa a first step in the assessment of environmental sustainability:2026,10.57598/r419c;10.57598/r419s1;10.57598/r419s2,
health system performance assessment:2022,10.57598/r352c;10.57598/r352ts,
healthcare costs and resource use associated with cervical intraepithelial neoplasia and cervical conization a retrospective study of german statutory health insurance claims data:2022,10.36469/001c.35329;10.36469/2022.35329;10.36469/jheor.2022.35329,
healthcare facility follow up survey pdf:2020,10.7910/dvn/ltw3a5/q04ok8;10.7910/dvn/tp2oky/9lr7ft;10.7910/dvn/vgsxn7/djbldr;10.7910/dvn/ykpsj7/kttwna;10.7910/dvn/zxzeuy/i8ougz,
healthcare facility follow up survey xls:2020,10.7910/dvn/ltw3a5/csgfzd;10.7910/dvn/tp2oky/w1oncc;10.7910/dvn/vgsxn7/sguf8e;10.7910/dvn/ykpsj7/oxv5ft;10.7910/dvn/zxzeuy/smesao,
healthcare facility main survey pdf:2020,10.7910/dvn/ltw3a5/bzg05a;10.7910/dvn/tp2oky/xtahzl;10.7910/dvn/vgsxn7/uugfid;10.7910/dvn/ykpsj7/yvg191;10.7910/dvn/zxzeuy/wuw6h8,
healthcare facility main survey xls:2020,10.7910/dvn/ltw3a5/x6gsp4;10.7910/dvn/tp2oky/3ohtgd;10.7910/dvn/vgsxn7/nsxgxp;10.7910/dvn/ykpsj7/hq74k4;10.7910/dvn/zxzeuy/kydaxs,
healthcare utilization of below poverty line population under government funded health protection scheme in one sub district in bangladesh a cross sectional study:2021,10.21203/rs.3.rs-139778/v1;10.21203/rs.3.rs-141392/v1,
healthy alberta communities impact of a three year community based obesity and chronic disease prevention intervention:2013,10.1016/j.orcp.2013.12.690;10.1016/j.ypmed.2013.08.024,
hepatite c depistage et prevention:2012,10.57598/r173b;10.57598/r173bs,
higher severity of infant rsv infections is associated with lower parental quality of life a european observational study:2026,10.1186/s41687-026-01157-3;10.6084/m9.figshare.c.8619538;10.6084/m9.figshare.c.8619538.v1,42507294
home based group education on renal replacement therapy for patients with end stage renal disease a multi center randomized controlled trial:2014,10.1016/j.trim.2014.11.133;10.1097/00007890-201407151-01625,
hospital based hta hb hta in the latin america and caribbean lac regions a scoping review protocol:2023,10.31219/osf.io/4q8e6;10.31219/osf.io/na8ju,
how can we improve patients access to new drugs under uncertainties south koreas experience with risk sharing arrangements:2020,10.21203/rs.3.rs-63507/v1;10.21203/rs.3.rs-89818/v1,
how do children understand and respond to the eq 5d y 3l a mixed methods study in a community based sample of 612 year olds:2024,10.1186/s12955-024-02320-4;10.21203/rs.3.rs-4981795/v1,39633400
how do social norms influence the sexual and reproductive health related attitudes and behaviours of very young adolescents in sub saharan africa a scoping review:2026,10.6084/m9.figshare.c.8229117;10.6084/m9.figshare.c.8229117.v1,
how does lower leg alignment differ between soccer players other athletes and non athletic controls:2016,10.1007/s00167-016-4348-y;10.1016/j.joca.2016.01.216,
how to improve the belgian process for managed entry agreements:2017,10.57598/r288;10.57598/r288cs,
hyperglycemia and glucose variability are associated with worse survival in mechanically ventilated covid 19 patients the prospective maastricht intensive care covid cohort:2023,10.1186/s13098-023-01228-1;10.21203/rs.3.rs-2420040/v1,
identification of publicly available data sources to inform the conduct of health technology assessment in india:2018,10.12688/f1000research.14041.1;10.12688/f1000research.14041.2,
impact of educational intervention on willingness to pay for health insurance a study of informal sector workers in urban bangladesh:2013,10.1186/2191-1991-3-12;10.60692/6qjmd-jxk84;10.60692/df68t-rq547,
implementation of hospital at home:2015,10.57598/r250c;10.57598/r250s,
implementing oral event driven and daily and long acting pre exposure prophylaxis in mobile men in sub saharan africa a phase 3b open label hybrid type 2 implementation and effectiveness trial mobile men:2025,10.1186/s13063-025-09138-5;10.21203/rs.3.rs-5704553/v1,
important drop rate of acute diabetes complications in people with type 1 or type 2 diabetes after initiation of flash glucose monitoring in france the relief study:2021,10.2337/figshare.14143874;10.2337/figshare.14143874.v1,
improvement of medication adherence in osteoporosis through telemedicine combined with email a patient reported experience and outcome measure based prospective study:2025,10.1136/ bmjhci-2024-101338;10.1136/bmjhci-2024-101338,40695493
improving model validation in health technology assessment comments on guidelines of the ispor smdm modeling good research practices task force:2013,10.1016/j.jva1.2013.06.015;10.1016/j.jval.2013.06.015,24041364
improving patient participation in longitudinal research an innovative patient led patient oriented qualitative research project to understand the motivations and barriers to getting and staying involved in the imagine spor study:2021,10.1053/j.gastro.2021.01.169;10.1093/ibd/izaa347.119,
improving the monitoring of chronic heart failure in argentina is the implantable pulmonary artery pressure with cardiomems heart failure system cost effective:2021,10.1186/s12962-021-00295-3;10.21203/rs.3.rs-404915/v1,
in reply:2019,10.1016/j.annemergmed.2019.06.006;10.3238/arztebl.2019.0144b,
in search of patient characteristics that may guide empirically based treatment selection for personality disorder patientsa concept map approach:2012,10.1521/pedi.2012.26.4.481;10.1521/pedi_2012_26_015,22867501
incidence cost and gender differences of oropharyngeal and noncervical anogenital cancers in south korea:2020,10.1186/s12889-020-09161-y;10.21203/rs.2.23463/v1,32600300
incident reports involving hospital administrative staff analysis of data from the japan council for quality health care nationwide database:2020,10.1186/s12913-020-05903-1;10.21203/rs.3.rs-45005/v3,33213455
incorporating economic methods into cochrane systematic reviews case studies in brain tumour research:2023,10.1186/s13643-023-02254-w;10.21203/rs.3.rs-2488306/v1,
incorporating societal concerns for fairness in numerical valuations of health programmes:1999,10.1002/(sici)1099-1050(199902)8:1<25::aid-hec398>3.0.co;2-h;10.1002/(sici)1099-1050(199902)8:1<25::aid-hec398>3.3.co;2-8,
incorporating societal preferences in reimbursement decisions:2014,10.57598/r234c;10.57598/r234s,
inequalities in health status from eq 5d findings a cross sectional study in low income communities of bangladesh:2016,10.15171/ijhpm.2016.06;10.60692/km7gk-p3s60;10.60692/zn1s4-c5m16,
inequalities in the decline and recovery of pathological cancer diagnoses during the first six months of the covid 19 pandemic a population based study:2021,10.1038/s41416-021-01472-0;10.1101/2021.02.23.21252276,
inequalities in the prevalence of undiagnosed hypertension among bangladeshi adults evidence from a nationwide survey:2019,10.1186/s12939-019-0930-5;10.60692/8nas4-7gh44;10.60692/yq553-fzg55,30770739
infliximab for the treatment of acute exacerbations of ulcerative colitis:2010,10.3310/hta14suppl1-02;10.3310/hta14suppl1/02,
infliximab for the treatment of ulcerative colitis:2009,10.3310/hta13suppl3-02;10.3310/hta13suppl3/02,
informing disinvestment through cost effectiveness modelling is lack of data a surmountable barrier:2009,10.1007/bf03256137;10.2165/00148365-200907010-00001,
integrating economic and health evidence to inform covid 19 policy in low and middle income countries:2020,10.12688/wellcomeopenres.16380.1;10.12688/wellcomeopenres.16380.2,36081645
international journal of european mediterranean and african studies:2024,10.5281/zenodo.20555538;10.5281/zenodo.20555539,
interpreting patient reported outcomes after ischemic stroke defining minimal important difference in eq 5d across recovery phases:2026,10.1186/s12955-026-02524-w;10.6084/m9.figshare.c.8450655;10.6084/m9.figshare.c.8450655.v1,
interventions to reduce the time to diagnosis of brain tumours:2020,10.1002/14651858.cd013564;10.1002/14651858.cd013564.pub2,
introduction:2007,10.1007/1-4020-5511-0_1;10.1177/026975800701400201,
investigating rewards and deposit contract financial incentives for physical activity behavior change using a smartphone app randomized controlled trial:2022,10.2196/38339;10.5167/uzh-226728,36201384
investigating the multifaceted needs and challenges of family caregivers of individuals with spinal cord injury a qualitative study:2026,10.1080/07380577.2026.2667520;10.6084/m9.figshare.32207251;10.6084/m9.figshare.32207251.v1,
is willingness to pay higher for cancer prevention and treatment:2017,10.1016/j.jcpo.2016.09.006;10.1016/j.jval.2017.08.301,
japanese population norms for preference based measures eq 5d 3l eq 5d 5l and sf 6d:2015,10.1007/s11136-015-1108-2;10.1016/j.jval.2015.09.2830,26303761
japanese value set for the functional assessment of cancer therapy eight dimension fact 8d cancer specific preference based quality of life instrument:2025,10.1186/s12955-025-02442-3;10.21203/rs.3.rs-5909634/v1,41163230
knowledge and predictors of implementation of standard precautions for infection prevention and control among health care practitioners:2024,10.21010/ajid%20v18i2s.5;10.21010/ajidv18i2s.5,
la salud en la infancia:2004,10.1157/13062250;10.1590/s0213-91112004000700009,15171857
lack of congruence in the ratings of patients health status by patients and their physicians:2001,10.1177/02729890122062361;10.1177/0272989x0102100204,
latent classes of early response trajectories to biologics initiation in juvenile idiopathic arthritis an analysis of four trials:2022,10.1186/s12969-022-00719-1;10.21203/rs.3.rs-1413607/v1,
latent profiles of movement behaviour compositions and their associations with adiposity and health related quality of life in australian children a cross sectional and 12 month longitudinal study:2026,10.1136/bmjopen-2025-109130;10.26187/deakin.32621205,
lead versus lag time trade off variants does it make any difference:2013,10.1007/s10198-013-0505-0;10.1016/j.jval.2013.03.205,
letters to the editor:2009,10.1002/j.2055-2335.2009.tb00462.x;10.1002/j.2055-2335.2009.tb00485.x,
letters to the editor:2011,10.1002/j.2055-2335.2011.tb00071.x;10.1002/j.2055-2335.2011.tb00116.x;10.1002/j.2055-2335.2011.tb00871.x,
long term economic evaluation of interventions targeting multiple mental health conditions protocol for a rapid review of methods:2016,10.7287/peerj.preprints.1988;10.7287/peerj.preprints.1988v1,
long term efficacy and cost effectiveness of infliximab as first line treatment in rheumatoid arthritis systematic review and meta analysis:2019,10.1080/14737167.2019.1647104;10.6084/m9.figshare.9205931,31340686
loss aversion in eq 5d y 3l does it explain willingness to trade off life duration in adult and child perspectives:2025,10.25397/eur.28706093;10.34894/6mbxrz,
magnetic resonance imaging for the investigation of knee injuries an investigation of preferences:1998,10.1002/(sici)1099-1050(1998110)7:7<595::aid-hec381>3.0.co;2-e;10.1002/(sici)1099-1050(1998110)7:7<595::aid-hec381>3.3.co;2-5,
making an impact on the web:2014,10.6084/m9.figshare.1213872;10.6084/m9.figshare.1213872.v1,
maternal and perinatal outcome after expectant management of the hellp syndrome compared with pre eclampsia without hellp syndrome:1998,10.1016/s0301-2115(97)00146-2;10.1097/00006254-199808000-00003,
mean standard deviation and percentiles of the schema and domain scores of the german version of the young schema questionnaire short form 3 ysq s3 in a german opportunity sample n 1 150:2022,10.5281/zenodo.6516739;10.5281/zenodo.6516740,
measurement properties of the 9 item shared decision making questionnaire sdm q 9 a systematic psychometric review and meta analysis:2025,10.31234/osf.io/y89mj_v1;10.31234/osf.io/y89mj_v2,
measuring up to the task:2001,10.1046/j.1524-4733.2001.004004279.x;10.1046/j.1524-4733.2001.44001.x,
medicion de la calidad de vida en ninos y adolescentes comprobacion preliminar de la validez y fiabilidad de la version espanola del cuestionario kindl:2004,10.1016/s0212-6567(04)79429-9;10.1157/13061582,
meeting the global target in reproductive maternal newborn and child health care services in low and middle income countries:2020,10.60692/np34x-6s827;10.60692/zxn8g-0bf32;10.9745/ghsp-d-20-00097,
mental health of children and adolescents in times of global crises findings from the longitudinal copsy study from 2020 to 2024:2024,10.2139/ssrn.5033413;10.2139/ssrn.5043075,
methylene blue dosing strategies in critically ill adults with shock a retrospective cohort study:2022,10.21203/rs.3.rs-1752415/v1;10.21203/rs.3.rs-1752415/v2,
mhealth mapping:2021,10.5281/zenodo.4492878;10.5281/zenodo.4492879,
midodrine for the early liberation from vasopressor support in the icu liberate a feasibility study:2024,10.1186/s40814-024-01577-2;10.21203/rs.3.rs-3843817/v1,
migration of the femoral stem after impaction bone grafting:2002,10.1302/0301-620x.84b6.0840825;10.1302/0301-620x.84b6.13004,12211672
missing data analysis in longitudinal studies findings from a quality of life study in malaysian tuberculosis patients:2014,10.1007/s11482-014-9302-x;10.1016/j.jval.2014.08.361,
mittelwert standardabweichung und perzentile der schema und domanen scores der deutschen version des young schema questionnaire short form 3 ysq s3 in einer deutschen gelegenheitsstichprobe n 1150:2022,10.5281/zenodo.6516725;10.5281/zenodo.6516726,
moesm4 of accounting for equity considerations in cost effectiveness analysis a systematic review of rotavirus vaccine in low and middle income countries:2018,10.6084/m9.figshare.6290123;10.6084/m9.figshare.6290123.v1,
multi staged development and pilot testing of a self assessment tool for organizational health literacy:2023,10.1186/s12913-023-10448-0;10.21203/rs.3.rs-2643873/v1,38093331
multiple chronic conditions in older people and their effects on health care utilization a network analysis approach using share data:2017,10.1016/j.jval.2017.08.2759;10.18690/978-961-286-020-2.77,
national health reform needs strategic investment in health services research:2008,10.1176/appi.ps.61.3.229;10.5694/j.1326-5377.2008.tb01502.x,18205561
need for nursing care support in cancer patients registry linkage study in germany:2018,10.4119/seejph-1881;10.4119/unibi/seejph-2018-204,
neuromodulatie bij chronische pijn:2012,10.57598/r189a;10.57598/r189as,
neuromodulation pour la prise en charge de la douleur chronique:2012,10.57598/r189b;10.57598/r189bs,
norwegian population norms for the eq 5d 5l results from a general population survey:2021,10.1007/s11136-021-02938-7;10.21203/rs.3.rs-303129/v1,
nosocomial pneumonia caused by methicillin resistant staphylococcus aureus treated with linezolid or vancomycin a secondary economic analysis of resource use from a spanish perspective:2016,10.1016/j.medin.2016.01.007;10.1016/j.medine.2016.01.003,
not available:2025,10.1007/s00103-025-04034-4;10.1007/s00347-024-02137-y,39527290;40111477
novel in situ gelling hydrogels loaded with recombinant collagen peptide microspheres as a slowrelease system induce ectopic bone formation:2018,10.1002/adhm.201800507;10.1002/adhm.201801496,
observational study protocol for repeated clinical examination and critical care ultrasonography within the simple intensive care studies:2019,10.3791/58802;10.3791/58802-v,
one suggestion for a new model of academic publishing:2014,10.6084/m9.figshare.1101321;10.6084/m9.figshare.1101321.v1,
opportunity costs of implementing nice decisions in nhs wales:2014,10.1016/j.jval.2014.08.1043;10.2139/ssrn.2556176,
opsporing van borstkanker tussen 70 en 74 jaar:2012,10.57598/r176a;10.57598/r176as,
outcomes from cochlear implantation for child and family parental perspectives:2008,10.1002/dei.243;10.1179/146431508790559751,
outpatient prescribing and antibiotic use for children in a tertiary hospital:2020,10.4103/smj.smj_27_18;10.4103/smjsmj2718,
overall sideeffect bother consistently associated with early treatment discontinuation due to adverse events in four clinical trials with various cancer types and treatments:2025,10.1002/cncr.70084;10.17615/hzd5-0b83,
overview of the main methods used for estimating catastrophic health expenditure:2023,10.1186/s12962-023-00457-5;10.60692/263tc-cwx93;10.60692/819h5-wgs51,
p026 development of a preference weighted symptom scale for inflammatory bowel disease:2018,10.1053/j.gastro.2017.11.061;10.1093/ibd/izy019.029,
pain2 0 study protocol for a multicentre randomised controlled trial to evaluate the efficacy of a 10 week outpatient interdisciplinary multimodal pain therapy to manage recurrent pain for patients with risk factors of developing chronic pain in germany:2024,10.1186/s13063-024-07975-4;10.21203/rs.3.rs-3597041/v1,
parental experiences of scoliosis management in rett syndrome:2009,10.1080/09638280902846392;10.3109/09638280902846392,
parents and their deaf child their perceptions three years after cochlear implantation:2002,10.1002/dei.114;10.1179/146431502790560962,
patient and public involvement and engagement in methodology research process experiences and recommendations from the spirit and consort surrogate project:2025,10.1186/s40900-025-00807-y;10.6084/m9.figshare.c.8214980;10.6084/m9.figshare.c.8214980.v1,
patient caregiver exit survey pdf:2020,10.7910/dvn/ltw3a5/kwjwj1;10.7910/dvn/tp2oky/6iltp7;10.7910/dvn/vgsxn7/bxvapo;10.7910/dvn/ykpsj7/fpw0np;10.7910/dvn/zxzeuy/vyukld,
patient caregiver follow up survey pdf:2020,10.7910/dvn/ltw3a5/bezahe;10.7910/dvn/tp2oky/3aedzp;10.7910/dvn/vgsxn7/4gyurm;10.7910/dvn/ykpsj7/jcpr3w;10.7910/dvn/zxzeuy/2tvldk,
patient caretaker exit survey xls:2020,10.7910/dvn/ltw3a5/ca4wyz;10.7910/dvn/tp2oky/eez52g;10.7910/dvn/vgsxn7/rsf1p7;10.7910/dvn/ykpsj7/3cmvgh;10.7910/dvn/zxzeuy/arklxb,
patient caretaker follow up survey xls:2020,10.7910/dvn/ltw3a5/udcfya;10.7910/dvn/tp2oky/cfcun0;10.7910/dvn/vgsxn7/5plswl;10.7910/dvn/ykpsj7/ypkdgc;10.7910/dvn/zxzeuy/cjfmsq,
patient perceived burden to caregivers construct components importance and wording for a single item:2023,10.21203/rs.3.rs-2423517;10.21203/rs.3.rs-2423517/v1,
patient reported outcome measures implications for nursing:2011,10.7748/ns.25.18.42.s50;10.7748/ns2011.01.25.18.42.c8233,
patient satisfaction with the health care services of a government financed health protection scheme in bangladesh cross sectional study:2024,10.2196/49815;10.60692/8d2wz-trh92;10.60692/bz8a4-y0085,38656783
patientenbeteiligung bei medizinischen entscheidungen:2005,10.1007/bf03652169;10.1055/s-2005-918235,
patients accounts of living with and managing inflammatory bowel disease in rural southern new zealand a qualitative study:2020,10.1101/2020.06.25.20133421;10.1136/bmjopen-2020-041789,
patients language proficiency and inpatient depression treatment in baden wurttemberg south germany:2009,10.1176/appi.ps.60.4.545;10.1176/ps.2009.60.4.545,
patterns of coronal and sagittal deformities in adolescent idiopathic scoliosis:2020,10.21203/rs.3.rs-42561/v1;10.21203/rs.3.rs-42561/v2,
patterns of coronal and sagittal deformities in adolescent idiopathic scoliosis:2021,10.1186/s12891-020-03937-4;10.21203/rs.3.rs-42561/v3,
pay for performance:2026,10.57598/r424as;10.57598/r424c;10.57598/r424s;10.57598/r424s1,
performance of the belgian health system report 2024 supplement technical sheets for indicators dimensions:2024,10.57598/r376s1;10.57598/r376s2,
performance of the belgian health system:2019,10.57598/r313c;10.57598/r313s1;10.57598/r313s2,
performance of the belgian health system:2023,10.57598/r370c;10.57598/r370s,
performance of the experimental euroqol toddler and infant populations eq tips and pedsql in infants and toddlers with a health condition:2025,10.36469/001c.145813;10.36469/jheor.2025.145813,41268146
pericardial fat and its influence on cardiac diastolic function:2020,10.1186/s12933-020-01097-2;10.21203/rs.3.rs-20600/v1;10.21203/rs.3.rs-20600/v2,32807203
personal payments from pharmaceutical companies to authors of oncology clinical practice guidelines:2021,10.1002/onco.13823;10.1002/onco.13983,33982829;34546620
perspective on patient centered communication a focus group study investigating the experiences and needs of nursing professionals:2024,10.1186/s12912-024-02487-7;10.21203/rs.3.rs-4835486/v1,
pharmaceutical promotion prior authorisation and the use of erectile dysfunction medications in the us medicaid population:2009,10.1179/175330309791010975;10.1179/mmh.2009.2.4.384,
pharmaceutical public health in africa the contributions of pharmacy professionals to public health:2023,10.1007/978-3-030-50247-8_120-1;10.1007/978-3-030-64477-2_120,
pharmacy and drug shop survey xls:2020,10.7910/dvn/ltw3a5/la7gbn;10.7910/dvn/tp2oky/edzp2g;10.7910/dvn/vgsxn7/9dkxvk;10.7910/dvn/ykpsj7/zgzsp1;10.7910/dvn/zxzeuy/oox8sp,
pharmacy and drugshop survey pdf:2020,10.7910/dvn/ltw3a5/tzpvtt;10.7910/dvn/tp2oky/ppex5e;10.7910/dvn/vgsxn7/8heiaw;10.7910/dvn/ykpsj7/brqj7r;10.7910/dvn/zxzeuy/uq4pcn,
phytochemical evaluation of leaves of some medicinal plants from parts of niger delta:2015,10.6084/m9.figshare.1379739;10.6084/m9.figshare.1379739.v1,
pilates for low back pain:2015,10.1002/14651858.cd010265.pub2;10.1097/brs.0000000000001398,
pistes om het belgische systeem van artikel 81 overeenkomsten te verbeteren:2017,10.57598/r288a;10.57598/r288as,
population vulnerability to covid 19 in europe a burden of disease analysis:2020,10.1101/2020.04.29.20064279;10.1186/s13690-020-00433-y,
post procedural pain following percutaneous thermal liver tumor ablation under procedural sedation and analgesia a single center retrospective cohort study:2024,10.31487/j.acr.2024.01.02;10.31487/j.acr.2024.01.02.sup,
practice patterns of canadian urologists in benign prostatic hyperplasia and prostate cancer:2000,10.1016/s0022-5347(05)67911-6;10.1097/00005392-200002000-00026,
practice variation in physician referral for allogeneic hematopoietic cell transplantation:2012,10.1016/j.bbmt.2011.12.376;10.1038/bmt.2012.95,
predictive validity of a computerized emergency triage tool:2007,10.1111/j.1553-2712.2007.tb00362.x;10.1197/j.aem.2006.08.021,
predictors of face mask use during the covid 19 pandemic in indonesia application of the health belief model psychological distress and health motivation:2022,10.12688/f1000research.123583.1;10.12688/f1000research.123583.3,38037555
predictors of face mask use during the covid 19 pandemic in indonesia application of the health belief model psychological distress and health motivation:2023,10.12688/f1000research.123583.2;10.12688/f1000research.123583.3,38037555
predictors of self monitoring of blood pressure by older adults with hypertension:1992,10.1300/j058v06n02_07;10.3109/j058v06n02_07,
preface:2002,10.1093/oso/9780192632531.002.0002;10.1258/1357633021937596,
preference heterogeneity in health valuation a latent class analysis of the peru eq 5d 5l values:2022,10.21203/rs.3.rs-1635713;10.21203/rs.3.rs-1635713/v1,
preference measurement using conjoint methods an empirical investigation of reliability:2000,10.1002/1099-1050(200007)9:5<385::aid-hec533>3.0.co;2-w;10.1002/1099-1050(200007)9:5<385::aid-hec533>3.3.co;2-n,
preference reversals violations of unidimensional procedure invariance:1997,10.1037//0096-1523.23.4.1196;10.1037/0096-1523.23.4.1196,
preferences for genetic interventions for sca and huntingtons disease results of a discrete choice experiment among patients:2024,10.1186/s13023-024-03408-2;10.21203/rs.3.rs-3576801/v1,39468657
preferences for new and existing contraceptive products:2011,10.1002/hec.1686;10.2165/11598040-000000000-00000,21809412;23078190
preferences for schizophrenia related health states a comparison of patients caregivers and psychiatrists:1996,10.1097/00004850-199606000-00004;10.1097/00004850-199611020-00004,
preferencia de tadalafilo vs sildenafilo en pacientes espanoles con disfuncion erectil resultados procedentes de un estudio multicentrico internacional:2006,10.1016/s0210-4806(06)73399-x;10.4321/s0210-48062006000100011,
preferred reporting items for studies mapping onto preference based outcome measures the maps statement:2015,10.1007/s11136-015-1082-8;10.1007/s40258-015-0191-4;10.1007/s40273-015-0319-2;10.1017/s0266462315000379;10.1177/0272989x15598332;10.1186/s12955-015-0305-6;10.3111/13696998.2015.1070554,29669469
premature cessation of breastfeeding in infants development and evaluation of a predictive model in two argentinian cohorts the clacyd study 1993 1999:2001,10.1080/080352501750197692;10.1111/j.1651-2227.2001.tb00796.x,11430715
presentation pointers:1998,10.1097/00000446-199805000-00036;10.2307/3471944,
prevalence and predictors of meditation use in australia and new zealand results from a nationally representative survey:2025,10.1186/s12906-025-05183-4;10.31219/osf.io/ecsqv_v1,41345610
principles of distributive justice used by members of the general public in the allocation of donor liver grafts for transplantation a qualitative study:2002,10.1046/j.1369-6513.2002.00176.x;10.1046/j.1369-6513.2002.00503.x,
priorities in academic publishing quality vs quantity:2014,10.6084/m9.figshare.1138635;10.6084/m9.figshare.1138635.v1,
problems measuring prostate related utilities in low literacy patients:2004,10.1200/jco.2004.22.14_suppl.6129;10.1200/jco.2004.22.90140.6129,
professional grief among psycho oncologists in germany a cross sectional survey study:2025,10.1002/pon.70355;10.1101/2025.08.11.25332944,41351232
promoting the use of utility values in african healthcare systems a comprehensive review of worldwide variations:2024,10.5281/zenodo.20591538;10.5281/zenodo.20591539,
prospect theory in the health domain a quantitative assessment:2013,10.1016/j.jhealeco.2013.08.006;10.2139/ssrn.2209845,24103499
prospective outcomes of injury study:2009,10.1136/ip.2009.022558;10.1136/ip.2009.022558a,
protocol for a systematic review of the application of the kidney failure risk equation and oxford classification in estimating prognosis in iga nephropathy:2024,10.1186/s13643-024-02543-y;10.21203/rs.3.rs-3252590/v1,
protocol for an economic evaluation alongside the re evaluating the inhibition of stress erosions e revise trial:2025,10.1101/2025.06.23.25330120;10.1136/bmjopen-2025-106841,41213683
psychological determinants of health related quality of life in patients with chronic liver disease:2010,10.1016/s0033-3182(10)70676-9;10.1176/appi.psy.51.2.157,20332291
psychometric properties of the clinical sustainability assessment tool csat short form across three research centers evaluating effectiveness and implementation of a cancer symptom surveillance and management intervention:2026,10.1186/s43058-026-00867-5;10.6084/m9.figshare.c.8327003;10.6084/m9.figshare.c.8327003.v1,41612516
psychometric properties of the polish version of sf 12v2 in the general population survey:2021,10.1080/14737167.2021.1920401;10.6084/m9.figshare.14531881,33941017
public preferences for the allocation of donor liver grafts for transplantation:2000,10.1002/(sici)1099-1050(200003)9:2<137::aid-hec489>3.0.co;2-1;10.1002/(sici)1099-1050(200003)9:2<137::aid-hec489>3.3.co;2-t,
pulmonary rehabilitation to improve physical capacity dyspnea and quality of life following pulmonary embolism the perehab study study protocol for a two centre randomized controlled trial:2020,10.21203/rs.3.rs-24003/v1;10.21203/rs.3.rs-24003/v2;10.21203/rs.3.rs-24003/v3,
quality of life and survival in patients with uterine carcinosarcoma a tertiary center observational study:2025,10.1016/j.gore.2025.101679;10.1016/j.ijgc.2024.101345,
quality of life with late onset pompe disease qualitative interviews and general public utility estimation in the united kingdom:2023,10.36469/001c.68157;10.36469/jheor.2023.68157,36883056
racial and ethnic differences in risk of second primary cancers among breast cancer survivors:2015,10.1007/s10549-015-3439-7;10.1200/jco.2015.33.15_suppl.e12592,
randomized controlled trial of the role of positron emission tomography in the management of stage i and ii non small cell lung cancer:2004,10.1200/jco.2004.04.126;10.1200/jco.2004.04.128,15197196
randomized trial with ice ifosfamide carboplatin etoposide plus whole body hyperthermia versus ice chemotherapy for malignant pleural mesothelioma:2004,10.1200/jco.2004.22.14_suppl.7288;10.1200/jco.2004.22.90140.7288,
read me txt:2020,10.7910/dvn/ltw3a5/ptkjfe;10.7910/dvn/tp2oky/fkzu93;10.7910/dvn/vgsxn7/yzhm6p;10.7910/dvn/ykpsj7/bir5hd;10.7910/dvn/zxzeuy/nnll9h,
real time safety surveillance of seasonal influenza vaccines in children australia 2015:2015,10.2807/1560-7917.es.2015.20.43.30050;10.2807/1560-7917.es.2015.20.43.300502015,
real world budget impact of the adoption of insulin glargine biosimilars in primary care in england 2015 2018:2020,10.2337/dc19-2395;10.2337/figshare.12240668;10.2337/figshare.12240668.v1,32527798
real world experience of interictal burden and treatment in migraine a qualitative interview study:2022,10.1186/s10194-022-01429-5;10.21203/rs.3.rs-1489794/v1,35676636
real world treatment patterns healthcare resource utilization hcru and costs in newly diagnosed patients with rectal cancer rc in the united states us:2025,10.1200/jco.2025.43.4_suppl.295;10.1200/op.2025.21.10_suppl.12,
reducing hpv associated oropharyngeal cancer risk and exploring the role of safe sexual activity and behavioral modifications:2024,10.1186/s12982-024-00370-z;10.23937/2469-5734/1510164,
reference intervals of serum thyroid function tests in a previously iodine deficient area:2005,10.1055/s-2005-862793;10.1089/thy.2005.15.279,
refinement of the child amblyopia treatment questionnaire cat qol using rasch analysis:2019,10.1080/09273972.2019.1601743;10.6084/m9.figshare.8025875,31012391
relationship between meteorological and air quality parameters and covid 19 in casablanca region morocco:2022,10.1289/isee.2022.p-0666;10.3390/ijerph19094989,
reliability of computerized emergency triage:2006,10.1111/j.1553-2712.2006.tb01691.x;10.1197/j.aem.2005.10.014,
reliability of routinely collected anthropometric measurements in primary care:2023,10.32920/24168450;10.32920/24168450.v1,
remote monitoring of patients with cardiovascular implantable electronic devices:2021,10.57598/r345c;10.57598/r345sc,
remote work and the environment exploratory analysis of indoor air quality of commercial offices and the home office:2021,10.11648/j.ijema.20210902.12;10.21203/rs.3.rs-146008/v1,
rentabilitat von sozialkapital im betrieb:2009,10.1007/978-3-540-69213-3_6;10.1007/978-3-8351-9223-2_6,
replication archive for one size fits all:2021,10.25397/eur.16864105;10.34894/07j6le,
reporting format for economic evaluation:1998,10.2165/00019053-199814020-00004;10.2165/00019053-199814030-00003,
required hospital capacity in 2025 and criteria for rationalisation of complex cancer surgery radiotherapy and maternity services:2017,10.57598/r289c;10.57598/r289cs;10.57598/r289s,
responsiveness and convergent validity of qlu c10d and eq 5d 3l in assessing short term quality of life following esophagectomy:2021,10.1186/s12955-021-01867-w;10.21203/rs.3.rs-164925/v1,
responsiveness of the euroqol 5 dimension eq 5d questionnaire in patients with spondyloarthritis:2020,10.21203/rs.3.rs-116962/v1;10.21203/rs.3.rs-21062/v1,
review happiness by design paul dolan:2014,10.6084/m9.figshare.1152711;10.6084/m9.figshare.1152711.v1,
riche research inventory indicators gaps and roadmaps for child health in europe an eu fp7 project:2014,10.7287/peerj.preprints.295;10.7287/peerj.preprints.295v1,
rimonabant for the treatment of overweight and obese people:2009,10.3310/hta13suppl3-03;10.3310/hta13suppl3/03,19846024
ropivacaine undergoes slower systemic absorption from the caudal epidural space in children than bupivacaine:2002,10.1097/00000539-200202000-00006;10.1213/00000539-200202000-00006,
sarcopenic obesity and physical fitness in octogenarians the multi center exernet project:2013,10.3305/nutr;10.3305/nutrhosp.v28in06.6951,24506363
seeking the state of the art in standardized measurement of health care resource use and costs in juvenile idiopathic arthritis a scoping review:2019,10.11575/prism/44622;10.1186/s12969-019-0321-x,
selection of patient reported outcome measures in pulmonary arterial hypertension clinical trials a systematic review meta analysis and health related quality of life framework:2025,10.1101/2024.08.09.24311740;10.1183/16000617.0006-2025,40368429
self reported population health an international perspective based on eq 5d:2013,10.1007/978-94-007-7596-1;10.1016/j.jval.2013.08.812,
selfie a novel horizon2020 project on integrated care for multi morbidity:2016,10.1093/eurpub/ckw173.062;10.5334/ijic.2852,
semi structured interviews on surrogate outcomes:2021,10.5281/zenodo.4560287;10.5281/zenodo.4560288,
serial measurements in covid 19 induced acute respiratory disease to unravel heterogeneity of the disease course design of the maastricht intensive care covid cohort maastriccht:2020,10.1101/2020.04.27.20080309;10.1136/bmjopen-2020-040175,32994259
seroma formation after mastectomy a systematic review and network meta analysis of different flap fixation techniques:2024,10.1002/jso.27589;10.1016/j.ejso.2023.107594,
shared decision making for older poor newly diagnosed prostate cancer patients may not be feasible:2004,10.1200/jco.2004.22.14_suppl.6086;10.1200/jco.2004.22.90140.6086,
smoking and pre existing co morbidities as risk factors for developing severity of covid 19 infection evidence from a field hospital in a rural area of bangladesh:2023,10.1371/journal.pone.0295040;10.60692/4tzhe-94q67;10.60692/v58ct-gy914,
social capital and social inequality in adolescents health in 601 flemish communities a multilevel analysis:2011,10.1016/j.socscimed.2011.10.025;10.1093/eurpub/ckr119,
soil salinity household wealth and food insecurity in tropical deltas evidence from south west coast of bangladesh:2015,10.1007/s11625-015-0337-1;10.60692/ajk4m-yy564;10.60692/s32pm-mnc07,
spanish sketches:1931,10.1093/nq/clx.apr11.258;10.1093/nq/clx.mar14.187,
static automated external defibrillators for opportunistic use by bystanders:2017,10.57598/r294c;10.57598/r294cs,
stimulate icp delphi symptoms trajectory inequalities and management understanding long covid to address and transform existing integrated care pathways delphi study protocol:2022,10.1101/2022.04.06.22273514;10.1371/journal.pone.0277936,36449461
strategies to advance living kidney donation a single center s experience:2009,10.1177/152692480901900110;10.7182/prtr.19.1.m502435859555966,19341066
strengthening care for rural children sc4rc study protocol for a stepped wedge translational trial of an integrated general practitionerpaediatrician model of primary care in regional victoria and new south wales:2025,10.1186/s13063-025-09307-6;10.21203/rs.3.rs-6650680/v1,
subjective well being and generic preference based measures of health an empirical contribution:2014,10.6084/m9.figshare.1101311;10.6084/m9.figshare.1101311.v1,
subsequent injury study sins improving outcomes for injured new zealanders:2016,10.1136/annrheumdis-2016-042193;10.1136/injuryprev-2016-042193,29170262
sugar sweetened beverages attributable disease burden and the potential impact of policy interventions a systematic review of epidemiological and decision models:2021,10.1186/s12889-021-11046-7;10.21203/rs.3.rs-143826/v1,34315428
supplementary data from implementing strategies at the workplace level to increase colorectal cancer screening uptake in argentina a controlled interrupted time series study:2023,10.1158/1940-6207.22533407;10.1158/1940-6207.22533407.v1,
supplementary figure from implementing strategies at the workplace level to increase colorectal cancer screening uptake in argentina a controlled interrupted time series study:2023,10.1158/1940-6207.22533404;10.1158/1940-6207.22533404.v1,
supplementary material for effects of a psychological internet intervention in the treatment of mild to moderate depressive symptoms results of the evident study a randomized controlled trial:2016,10.6084/m9.figshare.3996195;10.6084/m9.figshare.3996195.v1,
supplementary material for isoflurane rapidly modifies synaptic and cytoskeletal phosphoproteomes of the supraoptic nucleus of the hypothalamus and the cortex:2023,10.6084/m9.figshare.23276798;10.6084/m9.figshare.23281208,
supplementary material for twelve month and lifetime prevalence of mental disorders in cancer patients:2016,10.6084/m9.figshare.3569637;10.6084/m9.figshare.3569637.v1,
supplementary table 1 from a randomized controlled trial testing provision of fecal and blood test options on participation for colorectal cancer screening:2023,10.1158/1940-6207.22533860;10.1158/1940-6207.22533860.v1,
supporting elderly people with cognitive impairment during and after hospital stays with intersectoral care management intersec cm study protocol for a randomised controlled trial:2019,10.21203/rs.2.9659/v1;10.21203/rs.2.9659/v2;10.21203/rs.2.9659/v3,
surgery for unresectable stage iiic and iv melanoma in the era of new systemic therapy:2020,10.1200/jco.2020.38.15_suppl.10032;10.3390/cancers12051176,32392717
surrogate endpoints in trials a call for better reporting:2022,10.1136/bmj.o1912;10.1186/s13063-022-06904-7,
systematic review of the cost effectiveness of nurse practitioners and clinical nurse specialists what is the quality of the evidence:2021,10.32920/14637009;10.32920/14637009.v1,
tasks and activities of an effective collaborative dementia care management program in german primary care:2022,10.1002/alz.063085;10.3233/jad-215656,
technical efficiency of public district hospitals in bangladesh a data envelopment analysis:2019,10.1186/s12962-019-0183-6;10.60692/63pn5-87z96;10.60692/pn94f-tfb60,31367193
ten year effectiveness of multidisciplinary risk assessment and management programme diabetes mellitus ramp dm on macrovascular microvascular complications and all cause mortality a population based cohort study:2022,10.2337/figshare.20349255;10.2337/figshare.20349255.v1,
testing the descriptive performance of the rank dependent utility in the domain of health profiles:2001,10.1007/pl00011441;10.2139/ssrn.310221,
tgf affects collagen cross linking independent of chondrocyte phenotype but strongly depending on physical environment:2008,10.1089/tea.2007.0345;10.1089/ten.tea.2007.0345,19230128
the authors reply:2012,10.1136/heartjnl-2012-302271;10.1136/heartjnl-2012-302273,
the burden of disease among adolescents with personality pathology quality of life and costs:2012,10.1521/pedi.2012.26.4.593;10.1521/pedi_2012_26_024,22867509
the burden of healthcare costs associated with prostate cancer in ireland:2016,10.33393/grhta.2017.372;10.5301/grhta.5000249,
the burden of injury in central eastern and western european sub region a systematic analysis from the global burden of disease 2019 study:2022,10.1186/s13690-022-00891-6;10.21203/rs.3.rs-1292258/v1,
the development of a consensus statement for the prescription of powered wheelchair standing devices in duchenne muscular dystrophy:2020,10.1080/09638288.2020.1810786;10.6084/m9.figshare.12910145,32878485
the economic burden of diarrhea in children under 5 years in bangladesh:2021,10.1016/j.ijid.2021.04.038;10.60692/kttys-vps25;10.60692/wf9n1-d1s94,
the economic burden of measles in children under five in bangladesh:2020,10.1186/s12913-020-05880-5;10.21203/rs.3.rs-45001/v1;10.21203/rs.3.rs-45001/v2;10.21203/rs.3.rs-45001/v3;10.60692/33m1y-c1a37;10.60692/bcj5d-93963,
the effect of buzzy distraction cards on reducing pediatric pain and fear during blood collection in the rheumatology polyclinic a randomized controlled trial:2023,10.1016/j.pedn.2023.10.013;10.2139/ssrn.4523277,37919179
the effect of social norm based intervention with observable behaviour on physical activity among adolescents a randomized controlled trial:2020,10.1186/s13102-020-00202-y;10.21203/rs.3.rs-25009/v1;10.21203/rs.3.rs-25009/v2;10.21203/rs.3.rs-25009/v3,
the effectiveness of a government sponsored health protection scheme in reducing financial risks for the below poverty line population in bangladesh:2023,10.1093/heapol/czad115;10.60692/gm76s-1hq07;10.60692/k538r-fba18,38164712
the effectiveness of introducing group prenatal care gpc in selected health facilities in a district of bangladesh study protocol:2017,10.1186/s12884-017-1227-6;10.60692/6dwha-f7p26;10.60692/q75j1-nkq61,
the fibromyalgia treatment with physical exercise in warm water reduces the impact of the disease on female patients physical and mental health:2007,10.1016/s1699-258x(07)73596-9;10.1016/s2173-5743(07)70206-x,
the formation of physician altruism:2022,10.1016/j.jhealeco.2022.102716;10.2139/ssrn.4079393,36603361
the future proofing study design methods and baseline characteristics of a prospective cohort study of the mental health of australian adolescents:2022,10.1002/mpr.1954;10.31234/osf.io/x6vdj,
the impact of a training programme incorporating the conceptual framework of the international classification of functioning icf on knowledge and attitudes regarding interprofessional practice in rwandan health professionals a cluster randomized control trial:2021,10.1186/s12909-021-02537-7;10.21203/rs.3.rs-52474/v2,
the impact of an increase in excise tax on the retail price of tobacco in new zealand:2015,10.1136/tobaccocontrol-;10.1136/tobaccocontrol-2015-052259,
the impact of community based health insurance on the utilization of medically trained healthcare providers among informal workers in bangladesh:2018,10.1371/journal.pone.0200265;10.60692/9ff0v-mea15;10.60692/qb4gp-axy78,29995899
the impact of targeted poverty alleviation program on multidimensional vulnerability evidence from china:2026,10.1080/00220388.2026.2698590;10.6084/m9.figshare.33058791;10.6084/m9.figshare.33058791.v1,
the impact on management and outcomes of benign and high risk breast lesions after the introduction of vacuum assisted excision:2022,10.1016/j.ejso.2021.12.118;10.1016/s0959-8049(22)01415-0,
the influence of birth outcomes and pregnancy complications on interpregnancy interval a quantile regression analysis:2023,10.1016/j.annepidem.2023.05.011;10.2139/ssrn.4352723,
the infrapatellar fat pad from diseased joints inhibits chondrogenesis of mesenchymal stem cells:2015,10.1016/j.joca.2015.02.889;10.22203/ecm.v030a21,
the kidscreen 27 scale translation and validation study of the slovenian version:2022,10.1186/s12955-022-01973-3;10.21203/rs.3.rs-1290683/v1,35448993
the meaning of marriage the meaning of family and the function of family for indonesian married people:2025,10.1186/s40359-025-03670-4;10.6084/m9.figshare.c.8223260;10.6084/m9.figshare.c.8223260.v1,
the negative factors influencing the career intention of general practice trainees in eastern china a qualitative study:2021,10.1186/s12909-022-03456-x;10.21203/rs.3.rs-677147/v1,
the q in the qaly are we fudging it:2014,10.6084/m9.figshare.1186883;10.6084/m9.figshare.1186883.v1,
the real world observational prospective study of health outcomes with dulaglutide and liraglutide in type 2 diabetes patients trophies design and baseline characteristics:2021,10.1007/s13300-021-01076-0;10.1055/s-0041-1727304,
the relationship between individual risk and cost effectiveness in screening interventions:2014,10.6084/m9.figshare.1101308;10.6084/m9.figshare.1101308.v1,
the relative social willingness to pay instrument justification and initial results:2017,10.26180/5084821;10.26180/5084821.v1;10.4225/03/593778222b6a3,
the situation of elderly with cognitive impairment living at home during lockdown in the corona pandemic in germany:2020,10.1186/s12877-020-01957-2;10.21203/rs.3.rs-38185/v1;10.21203/rs.3.rs-65455/v1;10.21203/rs.3.rs-65455/v2;10.21203/rs.3.rs-65455/v3;10.21203/rs.3.rs-65455/v4,33375944
the social costs of alcohol abuse in new zealand:1997,10.1046/j.1360-0443.1997.9211149110.x;10.1111/j.1360-0443.1997.tb02870.x,
the societal economic impact of vision impairment in adults 40 years and above findings from the national eye survey of trinidad and tobago:2023,10.1038/s41433-023-02860-x;10.21203/rs.3.rs-3156176/v1,
the tidier checklist will benefit the physical therapy profession:2016,10.1097/pep.0000000000000329;10.1590/bjpt-rbf.2014.0182;10.2519/jospt.2016.0108;10.2522/ptj.2016.96.7.930,
the tidier checklist will benefit the physiotherapy profession la liste de controle tidier profitera a la profession de physiotherapeute:2016,10.3138/ptc.68.4.gee;10.3138/ptc.68.4.gef,
the tidier checklist will benefit the physiotherapy profession:2016,10.1016/j.jphys.2016.02.015;10.1080/21679169.2016.1195042;10.1097/cpt.0000000000000043;10.16965/ijpr.2016.v4.i3.editorial;10.3138/ptc.68.4.gee;10.3233/ppr-160080,
the use of eq 5d 5l as a patient reported outcome measure in evaluating community rehabilitation services in alberta canada:2023,10.1186/s12955-023-02207-w;10.21203/rs.3.rs-3054517/v1,37978502
the use of multi criteria decision methods in health care:2005,10.1016/s1098-3015(10)67620-6;10.1016/s1098-3015(10)67621-8,
the use of patient reported outcome measures to improve patient related outcomes a systematic review:2024,10.1186/s12955-024-02312-4;10.21203/rs.3.rs-4116168/v1,
the value of eq 5d 3l and eq vas as a patient reported outcome measure for patients with ankylosing spondylitis in routine healthcare an evaluation of construct validity and responsiveness based on the swedish rheumatology quality register:2026,10.1186/s41687-026-01009-0;10.6084/m9.figshare.c.8406978;10.6084/m9.figshare.c.8406978.v1,
the value of functional genomics a contingent valuation:2025,10.1080/14737167.2025.2605152;10.6084/m9.figshare.30893478.v2,
three years into the pandemic results of the longitudinal german copsy study on youth mental health and health related quality of life:2023,10.2139/ssrn.4304666;10.3389/fpubh.2023.1129073,
through the patients eyes psychometric evaluation of the 64 item version of the experienced patient centeredness questionnaire epat 64:2024,10.1101/2024.03.28.24304955;10.1136/bmjqs-2024-017434,
toward data driven profiles to support shared decision making for patients with copd a latent class analysis:2026,10.1080/10447318.2026.2645765;10.6084/m9.figshare.31890157;10.6084/m9.figshare.31890157.v1,
towards assessing the preferred usage features of upper limb prostheses most important items regarding prosthesis use in people with major unilateral upper limb absencea dutch national survey:2021,10.1080/09638288.2021.1988734;10.6084/m9.figshare.17069974,34813394
traite d economie et de gestion de la sante:2009,10.3917/scpo.bras.2009.01.011;10.3917/scpo.bras.2009.01.269;10.3917/scpo.bras.2009.01.401;10.3917/scpo.bras.2009.01.415;10.3917/scpo.bras.2009.01.427,
transcatheter valve implantation for patients with aortic stenosis a position statement from the european association of cardio thoracic surgery eacts and the european society of cardiology esc in collaboration with the european association of percutaneous cardiovascular interventions eapci:2008,10.1016/j.ejcts.2008.04.039;10.1093/eurheartj/ehn183;10.4244/eijv4i2a36,
translation and cultural adaptation of the eq 5d y 5l into modern standard arabic for use in egypt:2026,10.1186/s41687-025-00985-z;10.6084/m9.figshare.c.8328953;10.6084/m9.figshare.c.8328953.v1,
trastuzumab in adjuvant breast cancer therapy a model based cost effectiveness analysis:2006,10.1080/02841860601096841;10.1200/jco.2006.24.18_suppl.628,
treatment of very early rheumatoid arthritis with symptomatic therapy disease modifying antirheumatic drugs or biologic agents a cost effectiveness analysis:2009,10.1059/0003-4819-151-9-200911030-00006;10.7326/0003-4819-151-9-200911030-00006,
treatment outcome of 18 month day hospital mentalization based treatment mbt in patients with severe borderline personality disorder in the netherlands:2012,10.1521/pedi.2012.26.4.568;10.1521/pedi_2012_26_021,22867507
treatment preferences for medication or surgery in patients with deep endometriosis and bowel involvement a discrete choice experiment:2021,10.1111/1471-0528.17053;10.22541/au.162755408.88954722/v1,
treatment priorities and unmet needs according to adults and adolescents with nonsegmental vitiligo in the united states:2026,10.1080/09546634.2026.2645479;10.6084/m9.figshare.31833433;10.6084/m9.figshare.31833433.v1,
trends determinants and inequities of 4 anc utilisation in bangladesh:2017,10.1186/s41043-016-0078-5;10.60692/vatnz-fmj54;10.60692/yvrx6-myq29,
trends in cystic fibrosis survival over 40 years in south africa an observational cohort study:2021,10.1002/ppul.25810;10.22541/au.163577611.11640988/v1,
understanding social preferences regarding the prioritisation of treatments addressing unmet need and severity:2012,10.2139/ssrn.2245073;10.2139/ssrn.2633405,
unraveling the human bone microenvironment beyond the classical extracellular matrix proteins a human bone protein library:2011,10.1021/pr200522n;10.1021/pr201033w,21892838
unsafe testosterone based dosing regimen of androgen deprivation therapy in patients with locally advanced or metastatic prostate cancer a prematurely ended randomized controlled trial midas trial:2020,10.1080/0284186x.2020.1862908;10.6084/m9.figshare.13489432,
updated trends in the global prevalence and burden of mental disorders 19902023 a systematic analysis for the global burden of disease study 2023:2026,10.1016/s0140-6736(26)00519-2;10.26187/deakin.32538702,
using a discrete choice experiments to explore societal preferences for valuing new drugs for rare diseases:2025,10.1186/s13023-025-04141-0;10.6084/m9.figshare.c.8223221;10.6084/m9.figshare.c.8223221.v1,
using the sustained attention to response test to detect cognitive dysfunction after day case surgery:2002,10.1017/s0265021502000947;10.1097/00003643-200208000-00007,
uterine artery embolization versus hysterectomy in the treatment of symptomatic uterine fibroids 2 years outcome from the randomized emmy trial:2007,10.1016/j.ajog.2007.02.029;10.1097/01.ogx.0000282838.01460.c7,
utility and its relationship with disease activity and physical disability of patients with psoriatic arthritis in thailand:2021,10.21203/rs.3.rs-964920;10.21203/rs.3.rs-964920/v1,
validating the well being of older people woop instrument in china:2022,10.21203/rs.3.rs-2179767/v1;10.3390/ijerph20010277,
validation of the arabic and tunisian arabic version of the kindl questionnaires for children with diabetes type 1:2018,10.1080/19932820.2018.1537457;10.4103/ljms.ljms_25_18,30481145
validity and reliability of the spanish eq 5d y proxy version:2014,10.1016/j.anpede.2013.11.005;10.1016/j.anpedi.2013.11.028,24411558
validity of surrogate endpoints and their impact on coverage recommendations a retrospective analysis across international health technology assessment agencies:2021,10.1177/0272989x21994553;10.5281/zenodo.4600880;10.5281/zenodo.4665387,33719711
valuing health at the end of life a stated preference discrete choice experiment:2015,10.1016/j.socscimed.2014.11.022;10.2139/ssrn.2631592,
variations in health related quality of life across sociodemographic groups health conditions and modifiable risk factors a population based eq 5d 3l study:2026,10.1186/s12955-026-02587-9;10.6084/m9.figshare.c.8606208;10.6084/m9.figshare.c.8606208.v1,42477811
version espanola del cuestionario aleman de calidad de vida relacionada con la salud en poblacion infantil y de adolescentes el kindl:2004,10.1016/s1695-4033(04)78320-4;10.1157/13062318,15207162
vision paper probot enhancing patient reported outcome measures for diabetic retinopathy using chatbots and generative ai:2024,10.1109/bigdata62323.2024.10825782;10.48550/arxiv.2411.02973,
waiting in the nhs part 2 a change of prescription:2002,10.1177/014107680209500604;10.1258/jrsm.95.6.280,
what could the future hold simulating the demand for osteoarthritis oa care in alberta to plan a sustainable oa care system:2014,10.1016/j.joca.2014.02.411;10.1016/j.jval.2014.08.2664,
what counts as an academic publication:2014,10.6084/m9.figshare.1256279.v1;10.64628/ab.3gr3ssevt,
what do early career researchers value in academic jobs evidence from a mixed methods study in the uk:2026,10.31222/osf.io/4e3ps_v1;10.31222/osf.io/4e3ps_v2,
what explains willingness to pay for smoking cessation treatments addiction level quit rate effectiveness or the opening bid:2012,10.1007/bf03261875;10.2165/11633290-000000000-00000,
what should be reported in a methods section on utility assessment:2001,10.1177/02729890122062497;10.1177/0272989x0102100305,
which countries need covid 19 vaccines the most development of a prioritisation tool:2022,10.1101/2022.04.27.22274377;10.1186/s12889-022-13948-6,35945545
who should do what comparing eq 5d 3l and eq 5d 5l proxy ratings by informal caregivers and health professional for people with dementia:2022,10.21203/rs.3.rs-1260576;10.21203/rs.3.rs-1260576/v1,
willingness to pay for community based health insurance among informal workers in urban bangladesh:2016,10.1371/journal.pone.0148211;10.60692/bame1-h7a11;10.60692/qcgc5-wet69,
workshop for priority setting in aedes aegypti control interventions in latin america and the caribbean a policy dialogue:2019,10.1590/0102-311x00092918;10.6084/m9.figshare.7974716,30994739
would you rather be ill now or later:2012,10.1002/hec.2894;10.2139/ssrn.2037781,23229912
wp1 deliverable 1 2 policy recommendations about successful and flexible implementation of the different schemes to promote access to high quality affordable innovative health technologies:2026,10.5281/zenodo.19767681;10.5281/zenodo.19767682,
wp1 milestone 2 within country performance of novel payment pricing schemes costs and benefits of implementation:2026,10.5281/zenodo.19767185;10.5281/zenodo.19767186,
youth mental health in times of global crises evidence from the longitudinal copsy study:2024,10.2139/ssrn.5033407;10.2139/ssrn.5043077,
