879dfe537e08aa654ede6f99e619d812a8fe5314c3ecc2f054bdf33d0ca761a6	2024	PAUSE_2026-08-05.md
5b6c41e6de824ddead99dbc3829cd23959d4c9ea4be021c659f0c345a8c07423	8198	SCALE_STATUS.md
a948b03894194feffab340c23ca794d83608913a928d85db6724386107053702	469402	abstract-enrichment-selection.json
0a23e8cdc75bc21e076f25b4af44a1510c3e34681b630cc3df07752061d43031	707	abstract-enrichment-summary.json
1c37ace96cc6860544259b86a88d0df8f245b8c88d62b7429ca729e1f7f20acd	219	abstract-enrichment-validation.json
c561401bdf716a8b3d91c024ca72b8052291fee038563d79bd9ecc662849d505	674429	abstract-unavailable-or-short.csv
73ec6e66156d7f148e6c38b38756c85256e2dc5eb0c9ded31be501a59a22e26f	59153980	article-corpus.jsonl
8ab14fe9f8438481bb6611662bb43cae9f75510da5d65a5e55c7a05a33c3065f	646	exclusion-audit-v1/REVIEWER_NOTES.md
f08214947079d7ed660fc3ac69aafb3f53d96d1a80acfaf123c216fd695acefd	6082	exclusion-audit-v1/SYSTEM.md
e36357eebdeae7f8c59bf361b64d67c0c4c757fed8aef918af00f2aeeadff17b	420	exclusion-audit-v1/TASK.md
9ccb52a5e9388d2f2b550cb1ae3d4a6a1f19790a114354b236192a20598f6812	5663	exclusion-audit-v1/batch-0001/batch.json
03666cfea5ca4bb965a9dbded23b1ae03a213965c2ca1bf3bc5680bf3704333d	3986	exclusion-audit-v1/batch-0001/decisions.jsonl
03af782b3187d39affe54b87795d74c15f06dd9ee319363315982b49e72b5d40	49725	exclusion-audit-v1/batch-0001/input.md
d2c78a545e32f0911bd2c76dbdd83468b9a3b1be5d9b9cce350f43402b49ed18	86	exclusion-audit-v1/batch-0001/submit_screening
736c1f9ac5daa569b3ddee6eeae544b236ec489f86f091d185062f0d8fb4b27a	5746	exclusion-audit-v1/batch-0002/batch.json
1f71a5ff5956dda5f3f410ae90261f52da032d56e39c6f7a153f10d7b094b128	3833	exclusion-audit-v1/batch-0002/decisions.jsonl
87089dc4bb3fa0f20c8c10a7a03f0f612ee1d9a8f73654f4cc5bc320e413486d	48616	exclusion-audit-v1/batch-0002/input.md
d2c78a545e32f0911bd2c76dbdd83468b9a3b1be5d9b9cce350f43402b49ed18	86	exclusion-audit-v1/batch-0002/submit_screening
6c6166f9bf3c997c74e65e75396a06e150c9826db5df12e1b45e21ec1a7a66a0	5274	exclusion-audit-v1/batch-0003/batch.json
fec46aacd412686d981df816fee1fb5964fa5763b368fa8a1363d04076f1ee0e	3711	exclusion-audit-v1/batch-0003/decisions.jsonl
62c43a20ed77e754a0c403a3f173dee4c2e9d9c1ca3f34cf5affc0c19c42679f	50125	exclusion-audit-v1/batch-0003/input.md
d2c78a545e32f0911bd2c76dbdd83468b9a3b1be5d9b9cce350f43402b49ed18	86	exclusion-audit-v1/batch-0003/submit_screening
583c557fd2161d8e2d2f6314249ba78b1558dc74eebc54febfd6fbfe423afa34	5551	exclusion-audit-v1/batch-0004/batch.json
e796e14dcd177b73a7654a52381f65ade7993ff8802c1e75c260142dcd9c0947	3809	exclusion-audit-v1/batch-0004/decisions.jsonl
dccd71bc72fcae6cbbf6d90f4757514b58c115f01dc1055da3d50556e56037f8	46623	exclusion-audit-v1/batch-0004/input.md
d2c78a545e32f0911bd2c76dbdd83468b9a3b1be5d9b9cce350f43402b49ed18	86	exclusion-audit-v1/batch-0004/submit_screening
11da5e025c3196eefb8f7684ba727bb509ba79b912b22174f04d0f66e8a8270b	5736	exclusion-audit-v1/batch-0005/batch.json
9ede9c7e6e0549b7dbd07f74bae6ae14ac617a8b2ae66e51aadd12253012f1f5	3744	exclusion-audit-v1/batch-0005/decisions.jsonl
e0b531782ef87c79cbe07833fdf9b0934eff4236615872fad4babf659565a81d	64842	exclusion-audit-v1/batch-0005/input.md
d2c78a545e32f0911bd2c76dbdd83468b9a3b1be5d9b9cce350f43402b49ed18	86	exclusion-audit-v1/batch-0005/submit_screening
9a61eefb6251694db06844f2aacf364d6d07bd74e5f8f2c30816e5e3d2c5c037	43438	exclusion-audit-v1/comparison.csv
f26419430d50d282835f68b8cebec644ab754d21b5ad2168d9260fd42fab0606	4658	exclusion-audit-v1/disagreements.json
a5a12a79f52b27829ed6a2d684c706aa56f212e409986717046b93690b47b0f6	1421	exclusion-audit-v1/evaluation.json
13b8534d8c52ed4a3f74d7d67e748a6f6eec310afcf344ed893ba122cd9809f3	1132	exclusion-audit-v1/primary-agent-adjudication.csv
9837fb43f15486a09e5a8b2812b2e66a9175927aa21bbdc47f35ecdf4e614dd5	3464	exclusion-audit-v1/selection.json
cbfb3f17ef913c4cccfc63dc2acec036af50f848ff15a1774ad9b5b312d9dc0f	674	exclusion-audit-v2/REVIEWER_NOTES.md
f08214947079d7ed660fc3ac69aafb3f53d96d1a80acfaf123c216fd695acefd	6082	exclusion-audit-v2/SYSTEM.md
e36357eebdeae7f8c59bf361b64d67c0c4c757fed8aef918af00f2aeeadff17b	420	exclusion-audit-v2/TASK.md
b6f5ad7549148aadd0d829e815ae987ad3214e8a9ea6794d394ca277f9a8aa8e	5834	exclusion-audit-v2/batch-0001/batch.json
9a8455d3fb50f0ea90de774d5f86eb49016cdd16be7558e14081f592fb9d8bad	3738	exclusion-audit-v2/batch-0001/decisions.jsonl
9239549414d4c30f02ba4d11fc1e74c44c839df582db4b68eb3851889edf8dee	47249	exclusion-audit-v2/batch-0001/input.md
d2c78a545e32f0911bd2c76dbdd83468b9a3b1be5d9b9cce350f43402b49ed18	86	exclusion-audit-v2/batch-0001/submit_screening
723292f25794457f8fbcc46ecfd340e6e765317a3c22c5e75bc9666c26268bae	5663	exclusion-audit-v2/batch-0002/batch.json
2b59392a7424d5c1cab393c0cb066c5bbc4c40b2a55afa7866ac7b146a9ca6b3	3684	exclusion-audit-v2/batch-0002/decisions.jsonl
bce0f26ce894e86776d0d359f57bf30caf5d100bb62dd1e61979cd839a2a2ec1	45983	exclusion-audit-v2/batch-0002/input.md
d2c78a545e32f0911bd2c76dbdd83468b9a3b1be5d9b9cce350f43402b49ed18	86	exclusion-audit-v2/batch-0002/submit_screening
dc03ac39982e16d5a23b78f96f3513ce51ffc81d75fb0e3692150fc51c491b25	5479	exclusion-audit-v2/batch-0003/batch.json
7e24c62263673d9683d5fd1552c111580164c1ab373195a50400a3854b6fe2fb	3752	exclusion-audit-v2/batch-0003/decisions.jsonl
ae084d4a498da0efa9bb8084433d85093868feb3b962ee7bf028566a40f46e68	47981	exclusion-audit-v2/batch-0003/input.md
d2c78a545e32f0911bd2c76dbdd83468b9a3b1be5d9b9cce350f43402b49ed18	86	exclusion-audit-v2/batch-0003/submit_screening
329ecb2121a4c1a412f459e5534f4bbbc983d39f002cff01fa3e92455a13d6ab	5404	exclusion-audit-v2/batch-0004/batch.json
11cc770690e7ec1d210d84f618fcdfbf99fbbe9cdb85a50468c7177d9221d7da	3827	exclusion-audit-v2/batch-0004/decisions.jsonl
62db158c61b84d2bc28c32db1dc876e2f73b57fd5229579885ad99e84648fe2a	43016	exclusion-audit-v2/batch-0004/input.md
d2c78a545e32f0911bd2c76dbdd83468b9a3b1be5d9b9cce350f43402b49ed18	86	exclusion-audit-v2/batch-0004/submit_screening
217f9adc44f57380cba04c813199bfe95372ae86431efe0f66a52419c92f8b7b	5776	exclusion-audit-v2/batch-0005/batch.json
16a61392b4c784add3a1304b86ca41cdb16b495fd6203f3f2d66c8d703038749	3655	exclusion-audit-v2/batch-0005/decisions.jsonl
b4af6b744423d6f72c9ff4af4e04a1feac5f7f82459aa9c3c18effdf58e1bb5a	52777	exclusion-audit-v2/batch-0005/input.md
d2c78a545e32f0911bd2c76dbdd83468b9a3b1be5d9b9cce350f43402b49ed18	86	exclusion-audit-v2/batch-0005/submit_screening
be0783d3a64c33bf3004573c945d2b23345405e573faeac9422b10e28f0e8891	42908	exclusion-audit-v2/comparison.csv
1536ab01c24aad537ec0d630b4f558907314305c116ce73f5e96bd554f4affd3	1488	exclusion-audit-v2/disagreements.json
3ed83514ab994435e51d5ad98f09d5f04902d1e8bcddf57cde25c51799acb092	1338	exclusion-audit-v2/evaluation.json
719392b5de527981ee3987186c9c0a3c8f258eea0a1eef9d1c59f5a607da179f	426	exclusion-audit-v2/primary-agent-adjudication.csv
83d2b78029c32fc0585ff0a051114a7c2b3e80f2853fb387dd39ef4b41bb0e82	3511	exclusion-audit-v2/selection.json
1f39169b9eb638a20b22aeed1dadff659b64eacaba054d18b5d7e8e57ca876a6	1417463	funding-metadata-discovery.csv
398a62bc475b67fb198fcd568cb130727f78a80e7caa89ebf15d8df93c4e7e0a	48586	funding-metadata-pilot-evaluation.csv
90172341ea6736aaa729d94899cf20042d1279152421404a69f81604b06407be	989	funding-metadata-pilot-evaluation.json
91d5b8992f0f08a02816fde7f0c901b57a955221156202b8f3bf3e2448e7ea92	423	identifier-source-summary.json
ca57d91349ffd962bdfe1bbfea8b0777a61e9b66d6ca616bf51b1d0b098e2102	90460	identifier-sources/A5000326162.json
d4683cf13b547b83195c2046a71bd6df3749550d6b2d1fcab90543fe59b5a3ac	48155	identifier-sources/A5000687889.json
11aa13f4970be5933270bd9174eb70b1dc0624c231627bd60dd701de104fcf55	2533	identifier-sources/A5001372652.json
9471e4051a61260efd98691c6cced43af1ed441e984fb58c5274e51406a09050	2578	identifier-sources/A5001767251.json
ccac4f2011679920143f64421da75ff8a854165bd5ae840baaa6d0eef2a89ac8	67860	identifier-sources/A5001823062.json
fe4c12b81e3ee67ad6629366da8edb6bf70c8309d1bee00823e3ed573c6cc5e7	30244	identifier-sources/A5002022038.json
839fe5f2bfe9dcdc8bb27334d5c39da672e6e3d5f4f51aabf6ce5cf6f259495c	13083	identifier-sources/A5002095623.json
fa11711a0ac9f0a75a6a7029d95018588dc9fcd83a908c0aadcbb970da45dc1d	47268	identifier-sources/A5002636040.json
da663434c90d860a11df68bb0b38debbc7d67f5fd4d1eaf2a9d251df7275d26e	254	identifier-sources/A5003208889.json
0122b64538a120fb885d9ada07e23763390d689023b6c299ec3726777d51a6fa	9078	identifier-sources/A5003389681.json
57a3cdf238c5768efb05953f9a09a11d376aeb105b1920124949e71934f5acd2	34424	identifier-sources/A5003956817.json
de823ad963057d97fd7ae6a2bf697fd1558d17686bfa626826b49c8f3d2cbaec	4573	identifier-sources/A5005424373.json
de9f30ffa9941c0d56257f337e36c8a8cc9d0e69aa765ceb73959b9df853dab8	19780	identifier-sources/A5005862614.json
cdf74b66c2bf0d1cb33a086d04dba23c8c2efde9328620d8a1997767992cbc1a	71369	identifier-sources/A5006452129.json
404d07355b27ed7474ce79ac7d8c37044d60db99a7166e07bca5f134bbe4a1aa	17396	identifier-sources/A5006458172.json
7703cfee4f993ae11383f512e7db56418b7a3e9bbd91446c9a8313b21aa4d1a8	18021	identifier-sources/A5006750775.json
dec57bc13451dc0076619f7c3c26af3ef1df566d4797f06ccf7175cafdaa5fd8	44228	identifier-sources/A5007210675.json
80f8910e18ef4d6cb0a57945a04268c1219ce9d6df48160d4715498742cbe52b	23318	identifier-sources/A5007225491.json
dbcaa47487518b70775dd08ec0170b70f851a5271a2b44cf8be6daa6e8f7fc30	60906	identifier-sources/A5007564965.json
e26da220eef8c8b5a1e2f2ef9a328838a5abf91848fca69b58750bc71868caf5	181576	identifier-sources/A5008052793.json
4c785b737f88efb10102219459b25b587b8e6d41dbfa60fdfd362cc768394abe	3052	identifier-sources/A5008581679.json
7bccdbf32d32a7eba0ca1efbe20bcd0a81aa25e22a0186cc9760e3f3f19b9b64	9472	identifier-sources/A5008650274.json
818e2b3928fb4698ad371482ec1e241e1eb51535a75eb16174aa6d66112a4898	13989	identifier-sources/A5009462612.json
b6fbd0e46f1798d4264994a4d71d134d250829d812f19101a581b7a14a0ffc5c	23139	identifier-sources/A5009546494.json
7bb9c8c7f4cf87088aeb7e511cf6890d5a09359f695006b384bcfff9e8310031	73092	identifier-sources/A5010221662.json
a9eeccb6a71d85e9a8fce473396f2834047d2f76bfc91482e35be77da02e13de	234949	identifier-sources/A5010272673.json
a8f55afb76aa643e12dedb5f34a63ca51e38236b9b2424163c2de247a66d85a6	13545	identifier-sources/A5010406225.json
89bc5e747a2e33a3b8f68517b0685381f88f38d705569d1d366daf7f785977ca	157840	identifier-sources/A5010948852.json
7aaac35b51414111443d89432216eae2198ccd5b057e89ad202ef70a9a1aa206	111654	identifier-sources/A5011025629.json
5e440a593831fbfe750dece2f1dca457f72221dec430a0ce3382bc1d43b87c49	139383	identifier-sources/A5011474576.json
7f33467d3477c8659fa6a7b9c6e828fd823e6f03ca668ac280fa89d51bbc4255	22784	identifier-sources/A5011771775.json
9388ade78e4acd3cf3457d6a99b07f0c3f33ff95897e2dbcbe8df04aa481fad3	58713	identifier-sources/A5013305477.json
93f0ad213d247b6c0b54a3ec52281939c06e18aa1a1a214b33e49846aae734ae	5950	identifier-sources/A5013523692.json
7509792c7838ba4b648f440219e86b904442212ca9a2f84e81c3677393702855	99505	identifier-sources/A5013594779.json
d690ea28a48e17f16ecdd8fa95b09c28937d7ffd34e63f6156c4df8f10044791	117508	identifier-sources/A5013970219.json
5e9112df713471531a1bb172648d43b644b3ec558684eade4c4064b234b22663	9565	identifier-sources/A5014952669.json
d10d9c7aefc390bfbc19579159c953b97032a09dd3f0fdacbbe590852f30fc03	6410	identifier-sources/A5015275165.json
ebb006b0099f6ffaa0c2751b2ad3f746f4cf702e9f4e04bede98a31da5dd6afe	107268	identifier-sources/A5015417862.json
d49fc505969692ae15a934306b73a652d5beb2b7c61143a61ee44c4a0a0d4d8d	43023	identifier-sources/A5015667412.json
f8c856501be8335166b75efb7558e99a125dc6da3d0f6f52a0204dcddcc28ceb	89573	identifier-sources/A5015763173.json
91e223b754ac708285a21d454e9272ae04014d6b1e9d47de081c77003e21ed9e	61979	identifier-sources/A5015781187.json
771a0ee035c4704d1285124649ffe04e63006cf721a6748ca9c25d8618b8c8da	80225	identifier-sources/A5016414995.json
8b7db1bc9bccd13e822796e50e1c1552b5646b330934a280e89f2173aa5e87ea	41924	identifier-sources/A5017788431.json
03ee12e63c67c52edfbeaa3f275747b27092249e6da53b7c42c3b7cc0eba1e5c	30077	identifier-sources/A5018646670.json
000f83ec5f700eab93caeb42cc6735edfed6349615772f7750c4646b80a61961	13918	identifier-sources/A5018887750.json
b1505b5ab962b82c0136e5e8b29823a7cc21c1f3853368004cd50879c2962fd5	241549	identifier-sources/A5020122364.json
584553b6b80353c77abf6eed283be9531120decd382ee2425e545fdacc6d759f	65493	identifier-sources/A5020619329.json
90450ed06223e3c64f56819430a161c317b2d57583493ed3f46612331aefae38	87891	identifier-sources/A5020867003.json
3e3a60be8ce53435cefb50986306cced38ff96a65d81e070f5bf9580d7f7cb57	16155	identifier-sources/A5021426515.json
bf9884acf06cb032d9f77484becd7acdb6a231ddaad74a1b9aa46ff7eb45d2f9	112779	identifier-sources/A5021576811.json
e1fe17e5d645ab892af1d4d9557efe2827fb7656e0c22eab0d7756c25da28c6f	30811	identifier-sources/A5022213392.json
ab3633937703d22f001497fe1325e96f9e361b31109ef1219d51e7f21c14d486	100192	identifier-sources/A5022446221.json
b509ad48bcc12216d7d8e8451f665ac651c2dc82037bcab32c2aa60ff93311f3	40469	identifier-sources/A5022698267.json
1b1af7987dab2e8551c6a908b03b41dc08167109497dbca799ddd95ad2ed89ca	84934	identifier-sources/A5023093255.json
a5721e07c2ec6b276d1f7c9b41b03255f9a4a8ef7fbe5773243777844f14fc68	78003	identifier-sources/A5023451391.json
000a43cee46a73cae673d098070664722a9bb15f00ccba411862c340b221881d	9860	identifier-sources/A5023709885.json
a3af511551422cee2f54cb6a96aca8f8ca4c6dbdd0cf8b8012e0af8ddd9ff87e	20176	identifier-sources/A5023843843.json
72c81b4373e61c02051e6bd5d309e9db5ced177a0154c5aff148cf4050723ec0	156872	identifier-sources/A5024021740.json
2f362dfa7de253e4651946339cf56f95cd687ea70c194a4e40d2b094527db3af	11478	identifier-sources/A5024494805.json
9590200474917688ab49accecd575c679ce3ca1f92e9cf51b1dd8d9f2658cb07	57864	identifier-sources/A5024575926.json
00e7ef2267069034e4074bd844a6510392afaf9474eb30a2cfa486814bcd4636	40470	identifier-sources/A5024629360.json
3f2052f7af67a01cdaff64f63fdc505bc52fbc3ba5066dfbbd4742392fd36a8b	151073	identifier-sources/A5024802434.json
dab3a8674ef79eface5710b5aa66a167b162723ddf5bc10952357496f38dbf76	21431	identifier-sources/A5024805890.json
301ffc49215d5b7620ef22fa452ee03e5bd5c12cf50b44dceb84ae656689eb6c	44912	identifier-sources/A5025678242.json
1965a92ef4f87010ee2a9e009751207943bcbc5f87bbc098ac38c5ca979c4656	15640	identifier-sources/A5025807986.json
037f677978cb6dbd098b991063009aa3c2c02103350613de87578e8d1c31ffd3	9971	identifier-sources/A5026033494.json
8168d5da2564b9b8603c7084eef533fab536bb93b56eb5161523ef1d43defb39	48484	identifier-sources/A5026880787.json
0a058ebdbc9c85b11d201c6532db2c5bcd5ec3f248766d1c98aa1bdc5ab87aac	99999	identifier-sources/A5027424571.json
ef29002a142835c09c2d476122289f67c82512a4a943cc77cad6726e0055b8c6	46387	identifier-sources/A5028508726.json
2c8856945e2e4e3b4a036197adbf2ac3f0216f22cb15fc66fd88b6ccafb260df	57353	identifier-sources/A5029465719.json
29081d47d2db5adc0ff9e6a3098a86234529c160cf52c8af44d6ec9388a52854	6500	identifier-sources/A5029564514.json
fc2d27bfe95918e3b179285de5b3c9ad2b835b17098bd9ee1fcab68a393edcbc	24049	identifier-sources/A5029600163.json
ad88602b62250bead0e519eaaf5eefd8085c4ad8b4cbf353101655d90008add8	62576	identifier-sources/A5029949490.json
8bc51edd7e5e9d551542100a41e50be8ee73a15db88f1ba57a9f62c3da2479a4	88161	identifier-sources/A5031114648.json
57d8497d1169f5dc5d650caf6da88c11f96c51adfd66f67c568135cabbc76858	26273	identifier-sources/A5031557006.json
395e640d74f5d4987462fdfa6449fd582b987dca230d62a23c681a3a77c4ab88	18319	identifier-sources/A5031953969.json
ecd6202d64eafacf5d6b74e47fbc0d195e2e0a54efe0e7ca929ac02370f6e4ae	125240	identifier-sources/A5032469209.json
d932dff530ff331ec0c6befdb9e066619aabf7d7a3299d829de52cd2f3f0112e	8061	identifier-sources/A5032609556.json
b7c972adc7ec62f253474a911bbff9eae99a0703b53db413609746de66b7653f	2482	identifier-sources/A5032690231.json
e9c4c7adc771fac2392f381d3535e81686eb835f165db750801ad38680be7c39	16669	identifier-sources/A5032927955.json
403b69718c8d990826590d9fd91d66486567ecbc08e502faae6b251e6cb6f7ff	22510	identifier-sources/A5033160244.json
2418383f2c57290c6fcf7b16dc8bb385d3e6a9c7aed1d78fbb81b57f4cdcfdbf	245915	identifier-sources/A5033480820.json
5765e1935a0fe6d9aec4b2767456fc2dae5bc5ab4d9d415e8369226f75102b9a	29223	identifier-sources/A5033706754.json
e2f283bcfbe1295599d8118ca355d1d47c817574d1d7231385fc367adba7ad26	12138	identifier-sources/A5033743427.json
55c87b3819dcd3663bcad04de034aed0f423bb9a463c7455095f489cc9cff833	82216	identifier-sources/A5033845511.json
9f4e7ba4f5ee73436f3c46f504ddcac60355d8a2bbaea8b8cb76384f56c24f4a	67676	identifier-sources/A5033903811.json
c031bf91abdabe740b1be9c58519ceebaf9bec4c3e4c5014fe6a95926a03660a	42646	identifier-sources/A5034831401.json
fe2bbd8c2ce024ec0ba240fe41ce3351bfa896622c0524a6194d3eed42cfca8d	116889	identifier-sources/A5035126117.json
6bcf2f66adfe27a0f80c1f1d4b40fd5ce832ae590f9a4e9f487b9a237ee952f6	51364	identifier-sources/A5035318354.json
a71cc9712015c173223d542064ae00a8fd282bf04bf80ef34fe73892b0fb9197	215187	identifier-sources/A5035697100.json
6a8b419ca8880ea2ac87f33ff6d776dcbb0995d9a36d49798b9f6f733ece8e08	29067	identifier-sources/A5036883637.json
c79b0a620fe8b9c01632febc67c43af10f9ceb1fbde7ef5ccc9033344bf5b6e1	946	identifier-sources/A5036902866.json
53d369ef961155dc5c9dfa10978ae5238206af84cd8ceb84fcac483c320c4bf7	40823	identifier-sources/A5037314317.json
741e0b8e42ba70f75b2ceca92d56fd01612d33fc9e42831b8da2d50b99f76ee0	8664	identifier-sources/A5037683865.json
afe7af6f9e6224ac7b439ab9cb1b4a16f53b24b6cccaab123fa58b282c70d76a	12328	identifier-sources/A5038383689.json
5b666bdc2873f3bbd9509aac1522bca1e96d14e9779e5efd7739009cdf7038b9	86053	identifier-sources/A5038405248.json
79b555b39ee61acab4c1f4a70badb18859aba7e06f91b3e47cdbfdeb311136b2	62290	identifier-sources/A5038451583.json
dbcfb179107dc46d9f5b86d3c3755035bda4f6775c6fd8852559a8e116328f6e	18503	identifier-sources/A5038664789.json
0ee8c89f7802b7f35d0b78358cd9917a8000d19d716a5439d108e13cc3284ac4	61956	identifier-sources/A5039006946.json
8163f79eeb2f7959205759e1e5c6e5ab5a053312857d44b44c57557a944573b1	43950	identifier-sources/A5039017875.json
415c9faae7ba8c3b055a97837a4ddc227e7cb2a140e79bccfb718f17cf1c23c3	116773	identifier-sources/A5039737173.json
800d14092f82a4e8aabda328c110587b1430d97ff9a511998120e7f65b412b33	36130	identifier-sources/A5040157120.json
6318b8dd61f4ed13a340cce20d00f8d6f67e2cb050b12b96394df83e2fdf740f	45552	identifier-sources/A5040405517.json
dc7fc5a017e46cd2c1f9395b9eb6b1896bca32c30a9320080aa79df0a58fa282	3736	identifier-sources/A5040546783.json
67b3f4750a853af90625313f91ba2fd3fb1abd3e36f5fa5fc8b8f936a78767ba	56116	identifier-sources/A5041551368.json
b497719cced572bc0f60e28d3e52372b76cd4b5aa3a0e68168d706eaaa763231	480783	identifier-sources/A5041610413.json
6900475dc2dbe07a30a95719e6fd1dd7a5d85efb18326bd60bdfcaf0a28f5350	190946	identifier-sources/A5042480120.json
6326344be139cb71d28e86f7af256a397886e66afe7fb740388d339baa3aadbc	27993	identifier-sources/A5043083823.json
423a8cee4d81288829c778afa0a388107606a151699055314ed04b9ec9af3b7b	27782	identifier-sources/A5043257626.json
c60a7f45d764bd56be203f01d6ed377956c1debac683db618141627f62f0a51c	30641	identifier-sources/A5043601549.json
1ced884354a52eb5dc3f53f4907401d241ded4466b9d350cb8f68c5d4d2eb3f0	46163	identifier-sources/A5043932217.json
5ec3916fb0fbbe845a525b83ed1c6eb07d9a69277f6c2da8aacb16b3cd1c4a0d	47250	identifier-sources/A5044860561.json
37cbdfd24072df7d775f91e6f399989bbd897ed3c3d40971563aefd416922efb	252	identifier-sources/A5044999875.json
2d6e5e9e96acf369c5f0735b5d4cd4451fb7ee44bcae3c4e60ebc515323d8dfc	252	identifier-sources/A5045433583.json
2415da9711657801287cdac00259c3ec35f1de6153de5cb26d9c6b50721390f5	316454	identifier-sources/A5045593878.json
6748dcc59ea20508a90d8680e3b855fc2a312bdc0aef47a9455f0b9314e74ecf	82563	identifier-sources/A5045933977.json
d6e4af142df95485cc899e6fc765bcfefe5689e9df5467f2701baea98b8e8832	55320	identifier-sources/A5046647690.json
139fe014db7ea7a8443e3d729dfaa85ac58f59961be0ccf90bf499c043e04031	255	identifier-sources/A5047866823.json
af119671f7460dc76c2977ab8f5faeae4d89475826e6564a85be0a986546c3eb	54050	identifier-sources/A5047944478.json
afb2d739a477ad751527b95a9160ffab1243ce735ce03db8ab45c95da48610c8	12635	identifier-sources/A5047957689.json
a213c12257bdb9bb134b58ebbde0d89e95106b3bc01c7430cf4da65de44a08b6	23997	identifier-sources/A5047977076.json
20019a764f15317c4ef6439c49b317a7ccc27a849beacd6f6444c3f3f12451dd	20041	identifier-sources/A5048427287.json
865df94dd20ade5e5470cca975a5a2b3b6ea8183d135735ba19dbd0cba16d3df	275055	identifier-sources/A5048738092.json
57c9b3d05c11a0bea08590d008867ee7690bdb419d3e7e83b5854ea7c9f42abd	59231	identifier-sources/A5048830550.json
c31fc218e7143dc5479691eba1402a046ac90ab39dd6ef7894cf5aa72b49b4f3	386516	identifier-sources/A5049401142.json
6b00c3cda503f04e3ab31b82c37e24b42f13815ea52fd633d2e76a0a6c2fae48	5911	identifier-sources/A5049547434.json
5c9b89895d28161a8aa2f894acac977f0d6df75e26fcfbfb322147dc494484f8	79151	identifier-sources/A5049804622.json
7e4b0a0b8b72277f9e7d8799fac7af55d6eda6284fcdce119900784fa5721917	49973	identifier-sources/A5050078092.json
5fda2deaf68a662e5c87812a1eb444e15f982298ac3c5d040d3ba3eb4e20e748	5676	identifier-sources/A5050459768.json
49497a1472044ad1ffb5d46cb3947d1457d870430c874c6965ec117d9fc9734a	9320	identifier-sources/A5050544932.json
ec5b0c8f2ef75a0a10c40df8befe354d04e91f3df9522d96c9ee15e8e81add2c	13758	identifier-sources/A5050754442.json
c4a814dd71390480b4f22d5e3a26c909f8d37b5c9d9b92b8a1d8de86cae617d2	152735	identifier-sources/A5051490866.json
d7671b6901b644af9541716c0b0935a74473890e1061ab9a28948067574ad9ba	26509	identifier-sources/A5052181611.json
2fa4b23eba4fdde632c8640014a954916ef3d2e7552345f6ac78811eadfe4c55	2772	identifier-sources/A5052220528.json
c5c96dc24026b4c6147d5df5bbf9f963ffc27446ae4864bd467de0e4b3eb3901	20832	identifier-sources/A5052327641.json
cce668317402ed833fcd75934dc4f51d62d565112cbd3cd345971ef336120ba2	185543	identifier-sources/A5052496992.json
6d8ae00bb3d6a6d644e54e637a90750381bb68817d8bf9a184f479dd13e3696b	46765	identifier-sources/A5053077563.json
7f409e9c286be81cb1f00cd646f10aba75f6faa297dac3710ace9e02b03f41fe	43758	identifier-sources/A5053497885.json
47a6fa9a709fad51b1ac6325e801d04cea7f265d5afe25b1ecf666bba3dca692	73381	identifier-sources/A5053689562.json
bd5d130359af9a2b30ade77fc2fc787e4bbe38e088032b4483a532688ce875d6	10340	identifier-sources/A5054297438.json
0bdb3eefcc8c8bd50e6b1cd3cc2ea1f63e799be092d45fffe34b4fb2db08a922	81479	identifier-sources/A5054485095.json
debeccbc11fd6f5dd67e07cec6e1d0f4d771bd2fed4bed24a790f6e76a10ac6e	17535	identifier-sources/A5055089597.json
338bf267e82afd05d838f1bae4c5f6370ff0d64a6dea2fcfd45ccb748b7c0e97	20911	identifier-sources/A5055927783.json
6de1d95ca2ea0e3aa9e73f932ca288de8947ea5b77c1925dd109f43f93273230	19959	identifier-sources/A5056335393.json
b0615f017b3bd8aede2427ff06fc13a7eeaf5d97b96114e7200355c260fbd4b3	22110	identifier-sources/A5056962219.json
aebfa499061ff4292f1b0958284213cfc88427add183b6fa90b6ae7193e8fb2e	255	identifier-sources/A5057802030.json
ae1bcc197e4d2020dc85da037c62efcd4b30bc8052502fe0a830ab32248ef172	42829	identifier-sources/A5058351382.json
35650bf1d1aa099d760effc52e5b135f46a0c5bf8dfb31cca1450d6bfbae2098	114073	identifier-sources/A5058888906.json
3d07a1854a40785dd809acc5c5ae8fbeae14eddac15a3e16327d2a87750f6441	16969	identifier-sources/A5058964513.json
a4fdc9b16e12ba816f612952ab460883cfde79e72994583aceb99f13d8c94b50	79727	identifier-sources/A5059806422.json
b9fc68992b50cc2ca8352a597554361e75bbf820302a038d7f4d3541560b3c97	203625	identifier-sources/A5060049178.json
49206be1bbe900df473e56fd450746be7f727eb337f4fbde20cf9c16e27da80f	37408	identifier-sources/A5060133399.json
499a86e33d3551e4f4a1e214062f34feee9ec53889b30f84c6f641ce2cf37006	117285	identifier-sources/A5061371202.json
0d5f0097e54ad1c797cf94f64ef6964c0ec9ca5dd98d5cdedcba006ed2a9d250	7843	identifier-sources/A5061701004.json
65839c98d7d1ef993ffef4749acd0e6238e1961ba0a8dacd58673d632ec8b092	26435	identifier-sources/A5063358434.json
68e571df604c1d7116e1ad78eadb55d9e14bfdf67a6c199c0862be00315d5e8b	37654	identifier-sources/A5063482306.json
73e869cebfdbd108c2dede5e1a7ba2392a594102fbeef1f0bfc227d16bd63fc3	22178	identifier-sources/A5063513647.json
6d82071cc5354226cade8f9f2fd0ca31171f211122ddc642931e7dd5730d3930	128128	identifier-sources/A5064557440.json
c997b60efbcaf18ec8c936eaa32313bff821baa701a5d5b6aaefb3c390b79ced	18327	identifier-sources/A5064578943.json
152955d185031e8624975d33f02b8ce2278017d36198c1c9e2f05f026aac00e8	14502	identifier-sources/A5064611767.json
1ab078e4654ab0f7ed33c0c71ca9fae9a0892d3290640bb933ea360a8c0daffa	66846	identifier-sources/A5066367734.json
91d3eb77fae6ae935e316cce6fb4bb063d0f17719379830fc47b6c2b7ce1bdec	100123	identifier-sources/A5067226056.json
95da10f3c7de614698b2579ff6d1fe540b6633529a1fb1ce03278854376a1279	7795	identifier-sources/A5067862987.json
a252d8c7f084214471ab99950b428588d75bbd1d1477a805023d4a6cd8476239	1207	identifier-sources/A5067968462.json
7dc48530b2f45d6aeafd0fd416980d52de1eb366ff7bfa546d5f2a73ef777c2e	35855	identifier-sources/A5068470091.json
b18f8bb56c62ed191bbf541c7d922bfbef7898c5800a09c2bfda59b3885b41bf	59758	identifier-sources/A5069023369.json
4719ec3e954b6a8ee4a14586c1e1df5da612ed1f82e6f654518527651f3b4fb8	51863	identifier-sources/A5069574274.json
1627dd3506145f9665db76952e4a071bc87f60fb49abaa04c31bcf9c32123deb	68876	identifier-sources/A5070231679.json
49ca38de0d9e4b1ae6bf9178f486e91ad931281ecc4276a77032faf5535d8285	363742	identifier-sources/A5070505553.json
54f36a7db7826ee586b9e84602631f28772e3d8a1321734574f0ceb3020f159a	79177	identifier-sources/A5070605387.json
e9b35e20eab2e5a13c87b9427bd6ff0bdc78d3874fa452e178f0fdf4536418ff	22812	identifier-sources/A5070682056.json
6e1b1fdac2a43fb8f011da4a031e0bb4a7ccfb3d5ecf128d077aaf03ab9b55d5	5236	identifier-sources/A5071601943.json
e0abfb6cc138426054a389bd32f0acfbf4ecf09cebc10d33838b084e0d572c98	232778	identifier-sources/A5071690494.json
d01e413a34d38582f48b58b6364350cb3ec2c883045477a4a229ddb91b7ee97c	120326	identifier-sources/A5072704582.json
c285fad8657a257892744d3664222fbbee018ff5f9af0b1989338cc8faa3516f	5317	identifier-sources/A5073060343.json
fdd2c29e00258bb7d2167b99a4056e795060c06639657cb7c87737f8ebee83c7	43538	identifier-sources/A5073760994.json
06e0afc5fa43ff250df5ab534f896e1f86452ae4f2c64a56726710f95399e758	16499	identifier-sources/A5074565937.json
f171e9146d5f4f86a7d73bdc752e573015b728ff882dbfe5a50a78e2406729c8	15117	identifier-sources/A5076552397.json
13fdbef901ff1a58e3a082844ff491746f3fd4cdc942bd9e6a3da666ddb3bb73	302411	identifier-sources/A5076742980.json
88116b32f7a35a61f5490d38c247f09d158813f22be5e4c06ba26e24951c805d	3083	identifier-sources/A5076822287.json
bc63091f6a0ec435ca22f8428f16545f5a00ba6b3b649e9fae0723b70a0199c1	58153	identifier-sources/A5077076014.json
7b8f67377d8909ea8f7b854cb89e10afd6b43fce1f6197091a0626d39df47559	249	identifier-sources/A5078556304.json
9e463125cd654d9acac12949cb705c93954c18324a356feeb3e9508ee746a8cb	49539	identifier-sources/A5078862538.json
6e2921811f4f085385a1f695e251ab6c607b6ee2e9d7969e1ab712599f7890f5	162554	identifier-sources/A5078953009.json
1498f9eb681def839eb9afb8498610c283c5f051f3709bcd2e56426d1a4502b9	15536	identifier-sources/A5079423723.json
62ff222d39faa2e101403195b00e99d3f0cc4782e92f1f2de7b1dfcd22b548d2	8180	identifier-sources/A5080372262.json
d3ec492ca06f9e8542ea574d668ebf5a288840a4fe225211afaec545c1071226	87349	identifier-sources/A5081348197.json
ab43de981c8d296f447735aafd8874ba829aacc7987ea5085913d091df209b68	6330	identifier-sources/A5081829233.json
98f7c945a1f235955896d53a815a2a2efbfb9b7aa94e73cb3a1913bdf5b3f4b5	65004	identifier-sources/A5082166488.json
eb28259aa7e057c5f7aa56264be3d92b1dcb19b0d3eea0c162d84814cb9b2e3d	56966	identifier-sources/A5083575745.json
62ec7f2b925c60a1562a20a0a6f9513a21b40b35d654b8417dfa84c24aa89001	15401	identifier-sources/A5085631323.json
5a657550a44b407cbbd04f846489aeaf4be0cb160b4e10eb38de789886465a2a	109341	identifier-sources/A5085975930.json
63c6a5a7393c10c397cbae6f6f65d72e26c1a070927be82407ad02661fc03ed8	33208	identifier-sources/A5086002810.json
1f5b40688164b3dd6b73ad5219739475861a12501179f6fa93b08a996a261244	68167	identifier-sources/A5086031530.json
5e0b41eed6a020607c7214cb15571bac49358bbe6f7631cab7525e85dae8f563	12883	identifier-sources/A5086041403.json
dab38f0c4a6e514df37a466c8f56c7a390ab3858d5508933b9d4baf102d4f459	338822	identifier-sources/A5087173002.json
237fc1feaed0f858cbba3426d204dde7891da45b00b4b7e255fecb0070b254f5	76307	identifier-sources/A5087246819.json
aba7f479c31a41ffa7cd6af96c7385fa4fbd05555bfb1df5c93c9cbbedb29c0c	36492	identifier-sources/A5087726711.json
a8c078fc8490f34db56c0f3ae516109b5a353ca5133dc964ba6b0196a411911f	109606	identifier-sources/A5088093819.json
4c8d4045b52104cc3b934d9df38de5866c976d56a45d6900f4f3a6e240864a9c	168179	identifier-sources/A5089160643.json
a0098a1cd37e98d7e232521bd514c61427a56155508bdbe686755ae5ea0a33d2	18182	identifier-sources/A5089652474.json
3ebfa3f6e3f5f48f35bb68e49ad99d7ac0905543732adcc471c8d74b997b626c	19439	identifier-sources/A5089696059.json
20e323e2f760abf75057c45290ebffb31d9251786d6b88ffe31517ffce63e74d	159830	identifier-sources/A5090013218.json
8cfeaa46788d84770fdeec0373e74f602ce345450da858da33a22a137b83edb8	250	identifier-sources/A5090387330.json
7660815f20b120676b4b191a8360b028e5cda701a0151bbc095efa5e92e5ac7b	13994	identifier-sources/A5090783923.json
3b44da6aefeb2dcd3433b6c4893d0827b7371e790b2a7ad557690f1bb21874db	33884	identifier-sources/A5090969739.json
6dac1dd7d35707b442abcef9ed749dacab2a111b7815e5a6f6af1638f1faf03d	31868	identifier-sources/A5091343801.json
2c6c2268b3c338a50fd4ff43e7bc0cd83cf9c2bcf52a17edea5837ef0685e562	35794	identifier-sources/A5091571513.json
61ae2f928cca0c15996b39d7c17c8187315a8bbeb537a5e5f058ecfe4322253a	30811	identifier-sources/A5091811569.json
92d74d713427a5eb3eb2074f815a1146badd4ec3fffc1f7179324003c104653a	251	identifier-sources/A5093433205.json
5cca44f0fcaa7ff151069f9f593913d937962d42cd485bc729ac035fe7c7621f	19710	identifier-sources/A5101451604.json
76220d1977591f74d44ea0329799358389107cbe522d52b3dd30a691e6727aca	214823	identifier-sources/A5101841802.json
3ab48b45bd821a1077ba76ea426b4d4fcd440f7d39b04c9c5ea439804cf9aa5e	19711	identifier-sources/A5102727513.json
10cb12969a4710048a2ff622cfc6ded7bc9d964ce335f18aa1992b34c9064559	105187	identifier-sources/A5103206776.json
6c1425dd2544ae332c6557562e1fbdc1cea9bd54ff5ed0e8965dacd895b050a2	246	identifier-sources/A5109074641.json
915375edc0161d2cf73b90c1e1a0b5fca5509463e001f5642de84c270c243991	249	identifier-sources/A5110324582.json
39b54a99d4df6d63304839b13f9d18ee05bffa2f2e7cae66d6f63d7c8e7d2919	248	identifier-sources/A5113241600.json
3d5d224903778cd838ca7c48e17eabbe1ee54218c2625fe0894781548d38ca83	5871	identifier-sources/A5117116214.json
8bbd15d6b29076fcb88eb3ff7170c9937bad6ff789912ceb87bf3c43a604e5c8	253	identifier-sources/A5117152200.json
56e02ef5f6973fd5553462d58601bf4c9bcf2523f79a2259769227c098b801f9	257	identifier-sources/A5121459836.json
b1f65430dbfaf4f93c853fa6dd282a92e5f24ee9e7539a73aff432709678730a	256	identifier-sources/A5121462085.json
a93cb2da718b09c435cb470d95b43365607ed96aa4cb77a72ae96e3f0cad882f	262	identifier-sources/A5138651068.json
40d01030fd7c4dc0c3849dfa6cc93896f77d5d8d8d77639815c3cda8fc3daae3	1481	openalex-discovery-summary.json
4e6444d939bc88eede6dc6f4d44d712273be70fb485709837610796a35966f82	72811895	openalex-discovery.jsonl
de591c860a707fc88bf9cd869c7e1f9df1cd85835edae37ff360d39ddb6eb7e1	1029	profile-qa-v1/SYSTEM.md
04637a59aacf62d00664fcaa3692a75d67f6e83763d4591d5ac0f79f37d51849	87444	profile-qa-v1/accepted.csv
d37b69405d7c58f27f071e0f07bc11cceb457eaafc48443bb12260fe1b532a92	551	profile-qa-v1/batch-01/batch.json
43c4eb288e93d23ea1abf10bbd36763c774340fcd76e660418868bcffd189ac8	1305	profile-qa-v1/batch-01/decisions.jsonl
63173a6bec82fdaa885ee34e42e18ae7bdb288248cc97cf34f5af5eb9c2942b7	70	profile-qa-v1/batch-01/final.txt
b51bc0ad7d3f3ed3876f50ca368ce3de223e57c5c39bf7ed8df669372c567b29	50463	profile-qa-v1/batch-01/input.md
13e9c151d10aff4e077ebc95d7c8d5c810da43b65e7434b72709b1af8d5bdba2	447	profile-qa-v1/batch-01/run.json
e3b0c44298fc1c149afbf4c8996fb92427ae41e4649b934ca495991b7852b855	0	profile-qa-v1/batch-01/stderr.txt
4c5313cb52f8631dc1064138f5ddaf054d1ab8cbe5dda1e35c9eb92daf99c449	87	profile-qa-v1/batch-01/submit_profile
a39b8ca133600f248101031ba25e2d72bb759d88702e72d79add54a69e387c3d	5309	profile-qa-v1/batch-01/trace.jsonl
b52fd9a8dd17e6fb5c97f508099c9d1d864787fb357562783047ddf6df40b4f2	542	profile-qa-v1/batch-02/batch.json
e8369ead323a8b171e8b21953d79c25878662265e24909f3fffa1f65b638a5e1	1577	profile-qa-v1/batch-02/decisions.jsonl
626a515bfba9674e15fec0c67bfb4fc2689b255ea780da2f0c216c4d60e52455	54	profile-qa-v1/batch-02/final.txt
d17476cb5f0b4a53f0f523002f6309dc0489e004ef73bef68611155673971457	46475	profile-qa-v1/batch-02/input.md
c353064b831fa466dbe51e2ef0e51e7f06cf120824f418bc9179ddcdf2ecda09	447	profile-qa-v1/batch-02/run.json
e3b0c44298fc1c149afbf4c8996fb92427ae41e4649b934ca495991b7852b855	0	profile-qa-v1/batch-02/stderr.txt
4c5313cb52f8631dc1064138f5ddaf054d1ab8cbe5dda1e35c9eb92daf99c449	87	profile-qa-v1/batch-02/submit_profile
a1a879a28e956433116fe288847c78436e3843287f11a6a5b83e9eb123675009	5785	profile-qa-v1/batch-02/trace.jsonl
047fbc9281336c97433cb8abcea87e7d2da93d95047a9defbe5d72b5b1647c4f	537	profile-qa-v1/batch-03/batch.json
b6864c641b70f45ebe0071fd35493e831792852915e65cb5ee1c146d840813ab	1548	profile-qa-v1/batch-03/decisions.jsonl
626a515bfba9674e15fec0c67bfb4fc2689b255ea780da2f0c216c4d60e52455	54	profile-qa-v1/batch-03/final.txt
6dd176466420f85d6117c232ae90d9db2cc7a6c2bc7eefa5870427516a8f447d	55507	profile-qa-v1/batch-03/input.md
d1f334dd0b4d234f5c544ceb8db8976a1e0777d0fa390ae0ae0116573c2f8309	447	profile-qa-v1/batch-03/run.json
e3b0c44298fc1c149afbf4c8996fb92427ae41e4649b934ca495991b7852b855	0	profile-qa-v1/batch-03/stderr.txt
4c5313cb52f8631dc1064138f5ddaf054d1ab8cbe5dda1e35c9eb92daf99c449	87	profile-qa-v1/batch-03/submit_profile
a9a20c3ab83d7a82917401fdd842f88908d447fed98993f94bcb72d2fffb5251	5743	profile-qa-v1/batch-03/trace.jsonl
7cd52f6a43548e70ae14ef6f4e9ad78d7c1571c42c0c375cc159f11ce3335a66	544	profile-qa-v1/batch-04/batch.json
5c74810d6f6a55c7fea2166ced3b98f3675fd256ae30a36c7995e80bea3de22a	1461	profile-qa-v1/batch-04/decisions.jsonl
93931a65e341d5fcce19c8a4e6e3330671a93341ac8d585b9b53e9a79a89928c	112	profile-qa-v1/batch-04/final.txt
ccec33b2d5d6b49e690f33ac1ea6b08ebd041407aad1cf5de23101f351865137	54797	profile-qa-v1/batch-04/input.md
677fd15eb244480d3ed3d483c29bcb4f0aa87632bfa6ab9bad3139cfb649415d	447	profile-qa-v1/batch-04/run.json
e3b0c44298fc1c149afbf4c8996fb92427ae41e4649b934ca495991b7852b855	0	profile-qa-v1/batch-04/stderr.txt
4c5313cb52f8631dc1064138f5ddaf054d1ab8cbe5dda1e35c9eb92daf99c449	87	profile-qa-v1/batch-04/submit_profile
b2c27dade23eedf0080cb72894a5b4e8d9aa4ca5bce1ff4f79f1f851657b5282	4339	profile-qa-v1/batch-04/trace.jsonl
fc0d1764a82afdab8cfcc978d2ef0c1a452ac0382814cbffc22aae53d3d1593e	542	profile-qa-v1/batch-05/batch.json
3bf3f67280d3c59d13bda10ee6c0ef16496311906dfd386800d8b43772992f64	1792	profile-qa-v1/batch-05/decisions.jsonl
4e9782293cfc388788f4ac9bc7f0a65c5932db1c9abb15bcf1a4164d3bc626c7	64	profile-qa-v1/batch-05/final.txt
b602535b7b5d173fc0a4f49ce89cae4466fc04d14e9c76e7be863503b02d93a8	59635	profile-qa-v1/batch-05/input.md
251b661e926c7e0129aac18fa683543c0cb2787268bc9ad567f0035acf60de0e	447	profile-qa-v1/batch-05/run.json
e3b0c44298fc1c149afbf4c8996fb92427ae41e4649b934ca495991b7852b855	0	profile-qa-v1/batch-05/stderr.txt
4c5313cb52f8631dc1064138f5ddaf054d1ab8cbe5dda1e35c9eb92daf99c449	87	profile-qa-v1/batch-05/submit_profile
407d637a2252242d64612a9e9fdbe9dc4592d7ff6b6c4fc3039dacaa1aa7d355	8361	profile-qa-v1/batch-05/trace.jsonl
b472eed82c21ee9597f49432932a2370145c40d2e863822763e0958bdb890bc7	532	profile-qa-v1/batch-06/batch.json
9ad594a478e44db31ae44d11b9e30d2d2a1e87dc66fd067e00b1f0827c1cbc3f	1606	profile-qa-v1/batch-06/decisions.jsonl
4340dab0cf09ec4769c3858746fca3d56f7137eaa9e79618700bf4a0b42f826f	194	profile-qa-v1/batch-06/final.txt
c285890ccb3fe4cf8f1e0194e0909eb4b6c0ccb60446959273449649fe4e43a5	52581	profile-qa-v1/batch-06/input.md
1266aea4d308e9d3a8ba3421d27bc05ad6b49a991f5f5bc32aa3279346be0d16	447	profile-qa-v1/batch-06/run.json
e3b0c44298fc1c149afbf4c8996fb92427ae41e4649b934ca495991b7852b855	0	profile-qa-v1/batch-06/stderr.txt
4c5313cb52f8631dc1064138f5ddaf054d1ab8cbe5dda1e35c9eb92daf99c449	87	profile-qa-v1/batch-06/submit_profile
2155f84b0e30fd2903e5cec2bb84d6cb2d275d527afafcee1c13ddce405d76ef	5980	profile-qa-v1/batch-06/trace.jsonl
ba706dc8a2e39155ba6de092682529abd378028c8524d8db8745f79128907a42	541	profile-qa-v1/batch-07/batch.json
22d5105d29eaee059b2b22255d6556aa57df7813aa4e86d01d358128a17f1b63	1432	profile-qa-v1/batch-07/decisions.jsonl
626a515bfba9674e15fec0c67bfb4fc2689b255ea780da2f0c216c4d60e52455	54	profile-qa-v1/batch-07/final.txt
119f56db0ef8e5f8e2a37fd8f3136ddcafe5045792196a9fe1215875d159055a	64825	profile-qa-v1/batch-07/input.md
4c09d01f92031274851d0b04b367eebddaebd0d52cb155d647d6614252816342	447	profile-qa-v1/batch-07/run.json
e3b0c44298fc1c149afbf4c8996fb92427ae41e4649b934ca495991b7852b855	0	profile-qa-v1/batch-07/stderr.txt
4c5313cb52f8631dc1064138f5ddaf054d1ab8cbe5dda1e35c9eb92daf99c449	87	profile-qa-v1/batch-07/submit_profile
e9250831641b82cdc654ce64f15bb524fcfe984d081a7a3cf08fc92007a1be4c	5496	profile-qa-v1/batch-07/trace.jsonl
380b372b9693af6cacf27a948607fa9f9692635bad07ff4c29dd2dffbe27e4ae	553	profile-qa-v1/batch-08/batch.json
20da3a808427c84e5c3306bcbd2524daf35350d19bfcc97f699d2588c6e93158	1275	profile-qa-v1/batch-08/decisions.jsonl
22311aec3ef7f281ab0ccebe71db894ade3ff5508000d5e05340830588e001c7	62	profile-qa-v1/batch-08/final.txt
656098a11f686f5fdd4cc84888207549d2e068250e7bd0b3100ebb336a47f025	57200	profile-qa-v1/batch-08/input.md
a3cb3d2a6888b910eb3c4646f011b6dada6ff12b4ce733f49ac41832fe9d7d3e	447	profile-qa-v1/batch-08/run.json
e3b0c44298fc1c149afbf4c8996fb92427ae41e4649b934ca495991b7852b855	0	profile-qa-v1/batch-08/stderr.txt
4c5313cb52f8631dc1064138f5ddaf054d1ab8cbe5dda1e35c9eb92daf99c449	87	profile-qa-v1/batch-08/submit_profile
93cbcf4ab6f4edcee46336305fa0a68307c6244e80fa9a8421d32435dd212a87	5218	profile-qa-v1/batch-08/trace.jsonl
9f81d4d68c590fc2723c0c679383fa114258f435d8ff1b28292273f2b30f1c4d	536	profile-qa-v1/batch-09/batch.json
5c8de94d3c9fea90ddae7f72cf21eda48c321b99a18e22904e2792b46e9b49bf	1466	profile-qa-v1/batch-09/decisions.jsonl
9ab2cc925119be39b8931393520f033b653748288d035d245918e7897fa8b61f	84	profile-qa-v1/batch-09/final.txt
aad3e12f338656b4e8718a8c5abb5f9eef47c9bc73adf9ce0217cf18e42ecc15	61356	profile-qa-v1/batch-09/input.md
c781e1d87e7e159c7b5ff5ec760ed1379a2a69be51772f5e5c817b780a3732ce	447	profile-qa-v1/batch-09/run.json
e3b0c44298fc1c149afbf4c8996fb92427ae41e4649b934ca495991b7852b855	0	profile-qa-v1/batch-09/stderr.txt
4c5313cb52f8631dc1064138f5ddaf054d1ab8cbe5dda1e35c9eb92daf99c449	87	profile-qa-v1/batch-09/submit_profile
b62fee941b9985610efb658362f3387312d8c2e818cb34253256143e167e44ca	5597	profile-qa-v1/batch-09/trace.jsonl
1d9a09499ffca7dd20b4e4841f8277bbc6f1ebb1d708fa23cf25bbe2b4f03c05	547	profile-qa-v1/batch-10/batch.json
2eb5c752d0318a4e54f892a2d77184c8d28352e995cb82bdaa3aef77efbccee8	1881	profile-qa-v1/batch-10/decisions.jsonl
3c5014db1de31820ab17a21c38d2ddb22533a1d13058514f4aab031fd30fd261	66	profile-qa-v1/batch-10/final.txt
5535b74c23b4c02fabbf400d179f7e58cfd907a67db3cee0776f6df40e98322e	62149	profile-qa-v1/batch-10/input.md
e1a989c2c979e536e73ae31066b1304800f897d67df4b752c259562a6e783c5d	447	profile-qa-v1/batch-10/run.json
e3b0c44298fc1c149afbf4c8996fb92427ae41e4649b934ca495991b7852b855	0	profile-qa-v1/batch-10/stderr.txt
4c5313cb52f8631dc1064138f5ddaf054d1ab8cbe5dda1e35c9eb92daf99c449	87	profile-qa-v1/batch-10/submit_profile
b864e01596eb5ca3c321c025ae9ea9cb5d5232337cf31ae9465c64df7600b55c	6403	profile-qa-v1/batch-10/trace.jsonl
dc552eeb07b2e5acd225198e6c0517aa8103d39a256042189294b27f35f79cf8	537	profile-qa-v1/batch-11/batch.json
8c05e47ae4f0041516846e15ba71163e25e0f256ab1991278e315acc2b1cf31c	1570	profile-qa-v1/batch-11/decisions.jsonl
63173a6bec82fdaa885ee34e42e18ae7bdb288248cc97cf34f5af5eb9c2942b7	70	profile-qa-v1/batch-11/final.txt
086827ed553853157356587c4977ef21e2085e1631d7bd936b5d075a830e1c64	62076	profile-qa-v1/batch-11/input.md
52f7b426d2941b143404d41cd4ae65646e93208cbed8bf904783c2a02f731f60	447	profile-qa-v1/batch-11/run.json
e3b0c44298fc1c149afbf4c8996fb92427ae41e4649b934ca495991b7852b855	0	profile-qa-v1/batch-11/stderr.txt
4c5313cb52f8631dc1064138f5ddaf054d1ab8cbe5dda1e35c9eb92daf99c449	87	profile-qa-v1/batch-11/submit_profile
0b3d4aed4eb5868931041658a5958b96c540ceb4f27d580599eb2b16424e2ecd	4268	profile-qa-v1/batch-11/trace.jsonl
842ce8f6a4306ccdeb4a02c0e2cb4b1d2e53253b074725ba1275bf94e492b82a	539	profile-qa-v1/batch-12/batch.json
41fa777d050a9b5fd337e2de6a42b0c241b84c33f9b1f7a153871ba9ceeba459	1625	profile-qa-v1/batch-12/decisions.jsonl
0091f9098e9728c699a1d92f3227fdff514961def2aa76ef86871ea57c91ba4b	211	profile-qa-v1/batch-12/final.txt
fccf69337477f3c6802dfd47761c6cb860820fcab0a9fe10264ed15448a5c1d8	58972	profile-qa-v1/batch-12/input.md
00536a400851104269c159fc3bf7bf7533592b9d3c41d2f74bdcf144e95611ea	447	profile-qa-v1/batch-12/run.json
e3b0c44298fc1c149afbf4c8996fb92427ae41e4649b934ca495991b7852b855	0	profile-qa-v1/batch-12/stderr.txt
4c5313cb52f8631dc1064138f5ddaf054d1ab8cbe5dda1e35c9eb92daf99c449	87	profile-qa-v1/batch-12/submit_profile
1187218c1415cc01dfb38e9903caadc304f80b8fcff406cfc794194557285ce2	6034	profile-qa-v1/batch-12/trace.jsonl
429266e4a7887cab5304be3b279e9142ce59b376c01590d6246dc2343067b199	525	profile-qa-v1/batch-13/batch.json
08e57bdaacd89c1cee2c01a5bd9786144ed3f4c0a76dda78cf1e6873e5088aaf	1517	profile-qa-v1/batch-13/decisions.jsonl
85ebd0ceeae3ab6dd57e9ee33a47deb44e6b77c22f074a18466db73351a88cf9	50	profile-qa-v1/batch-13/final.txt
917e1a6cf3bdd2c5e1b272556a7037593fb2752a9fe3c6121b5172efadd4fd98	62270	profile-qa-v1/batch-13/input.md
0472d027e14ea115798377eb38bc71e975041404dfb2507dc2e24563f44966fa	447	profile-qa-v1/batch-13/run.json
e3b0c44298fc1c149afbf4c8996fb92427ae41e4649b934ca495991b7852b855	0	profile-qa-v1/batch-13/stderr.txt
4c5313cb52f8631dc1064138f5ddaf054d1ab8cbe5dda1e35c9eb92daf99c449	87	profile-qa-v1/batch-13/submit_profile
783502d8303f7db3fe8771a59b40f6b005ff167bdd5f14216952984f2981ca93	5648	profile-qa-v1/batch-13/trace.jsonl
9c70adea3a6210cf703f19fae7fe616dfeb53f60ea8611869685deb0c5dd6f15	546	profile-qa-v1/batch-14/batch.json
57bd5a75f65945ea1999040fdf23903826c4cdcd2e56b0f60b00518de9e82792	1931	profile-qa-v1/batch-14/decisions.jsonl
4a7384b5ffe971aad52088ed7571c5d46bd672452419f2f23a4877648f198bea	68	profile-qa-v1/batch-14/final.txt
53fb16b0ea02cf541e44932d1fdba9f00bd2c5cf375a1a093f62aee2f1be9d33	63944	profile-qa-v1/batch-14/input.md
83a906d5edc744be75917e3a8c106878689afa5090b78640e30482e4b8b38a36	447	profile-qa-v1/batch-14/run.json
e3b0c44298fc1c149afbf4c8996fb92427ae41e4649b934ca495991b7852b855	0	profile-qa-v1/batch-14/stderr.txt
4c5313cb52f8631dc1064138f5ddaf054d1ab8cbe5dda1e35c9eb92daf99c449	87	profile-qa-v1/batch-14/submit_profile
b52cd24fba91742ddccb95e66ade0624aa0fdb90e76e60f38e2e4b190415945d	6518	profile-qa-v1/batch-14/trace.jsonl
5ac5fede9ca298d35198ed07712c8a19873c70904cee2c7da86ef396fe5ab6c2	525	profile-qa-v1/batch-15/batch.json
87e1c2609c5d6fd072b42bb9d0028e2ffd9c05f1ee1a00d2f754a1b39a6dbd43	1784	profile-qa-v1/batch-15/decisions.jsonl
16404122494829986e2628c3f5dcc99658803019dfb35acfbf6b2ecf096f311d	139	profile-qa-v1/batch-15/final.txt
75a1275c24ebea0ad6cc2247ec7730850efe6fa9e1c927078ce49fa4641f2215	60593	profile-qa-v1/batch-15/input.md
451bd4e70e3e1ed2d98f8e64a496b02dc363e81e23f729d982a9aa8b2ce02446	447	profile-qa-v1/batch-15/run.json
e3b0c44298fc1c149afbf4c8996fb92427ae41e4649b934ca495991b7852b855	0	profile-qa-v1/batch-15/stderr.txt
4c5313cb52f8631dc1064138f5ddaf054d1ab8cbe5dda1e35c9eb92daf99c449	87	profile-qa-v1/batch-15/submit_profile
f8b4acb46bc1acc8bfe6d77b4536d83f5eda45eb732e5c11e2424351e561c264	6318	profile-qa-v1/batch-15/trace.jsonl
44a527b07e284da9ca1eed344754296ced064d5729b5f1ecb2a2e491c180b772	527	profile-qa-v1/batch-16/batch.json
7b9ecdbbb9b3d36835ba67cb61ae8002508ae48d93995046a157797d41325640	1673	profile-qa-v1/batch-16/decisions.jsonl
23688043e7bbe087797509d795c81d627c15d22007e683f5dbff6fe1d5864974	188	profile-qa-v1/batch-16/final.txt
069ecce9046678e51c113dc456c76f43bfb6f78efa41ea32cfec010f1a84ac57	63262	profile-qa-v1/batch-16/input.md
51255679f222b03462c910bcbf80b049af01e286d58863901c050ceb8c6e37ae	447	profile-qa-v1/batch-16/run.json
e3b0c44298fc1c149afbf4c8996fb92427ae41e4649b934ca495991b7852b855	0	profile-qa-v1/batch-16/stderr.txt
4c5313cb52f8631dc1064138f5ddaf054d1ab8cbe5dda1e35c9eb92daf99c449	87	profile-qa-v1/batch-16/submit_profile
1d14e212c2547b564b9732c25e9d285b78b9a5ab5f25b74addd897bb28135b52	6097	profile-qa-v1/batch-16/trace.jsonl
a136a68d1a7d3f3b7132a4b6f5a9b202eade84c6ff3baaca881b07b3d476a170	545	profile-qa-v1/batch-17/batch.json
6c82bfae445dd12d90ded4b013f4d1174f015c648a09e682930feb3e7b09f63b	1714	profile-qa-v1/batch-17/decisions.jsonl
c1722f42f28512d8c227acdc1038a7b366dd860cd4b64cd56632537516db76ba	205	profile-qa-v1/batch-17/final.txt
0fedd0c2b3dad37acffb2c29225a3ea51a1b68ada304161126d6f9a4c5d2f636	72774	profile-qa-v1/batch-17/input.md
6f009d8ba526a171147d782bd16dbff8c724490c1c7c2d5c875fc60f4653b9dc	447	profile-qa-v1/batch-17/run.json
e3b0c44298fc1c149afbf4c8996fb92427ae41e4649b934ca495991b7852b855	0	profile-qa-v1/batch-17/stderr.txt
4c5313cb52f8631dc1064138f5ddaf054d1ab8cbe5dda1e35c9eb92daf99c449	87	profile-qa-v1/batch-17/submit_profile
48b35a28f56e619b853a56a2a735e3d4d2f527bd7313509e93354c8266eab4ba	6228	profile-qa-v1/batch-17/trace.jsonl
f712c37f89f85d943bce894cd69d7f32e6271b98593733a4858998549870da5e	561	profile-qa-v1/batch-18/batch.json
8b225ea8723bc8c0d51226f779931819d4d694524194e0cbe683c6767cdaf603	1314	profile-qa-v1/batch-18/decisions.jsonl
575f74477882f2ce8ede032de75207fda03438687ee86fcc8e20c5c0e522d7c3	65	profile-qa-v1/batch-18/final.txt
42cd810c6ba489ca11df7ccfb6768fcd5142436fe87848ea49e23572c3de0640	58337	profile-qa-v1/batch-18/input.md
b48c418dfa19226f1d5a8e3ca214685dd997cfbba93259e49f602338efec9657	447	profile-qa-v1/batch-18/run.json
e3b0c44298fc1c149afbf4c8996fb92427ae41e4649b934ca495991b7852b855	0	profile-qa-v1/batch-18/stderr.txt
4c5313cb52f8631dc1064138f5ddaf054d1ab8cbe5dda1e35c9eb92daf99c449	87	profile-qa-v1/batch-18/submit_profile
79852183aa9e7f3ebfefa7c9b221593179ecffbd6e8237d5c1c75867dcfa9646	5303	profile-qa-v1/batch-18/trace.jsonl
552423dc47f6689ceaf3c460bdd79417ee08fb5b16e9c31a0dcaf996a8746fc7	530	profile-qa-v1/batch-19/batch.json
1dcda0ab28c8b1b91276ec2f12925c6ec0096ec72e2a16b9f6a8be0de5fb9ad5	1651	profile-qa-v1/batch-19/decisions.jsonl
20ec00e2dfbdd0731823ae32d54eb6a19ce7fd4737309d7e9f477a53ed3ad01d	53	profile-qa-v1/batch-19/final.txt
060bc9c18d797d908ca10e66cb9f96a8c409599728334a67b5d0a755896d1f73	52588	profile-qa-v1/batch-19/input.md
eb7f290fa61c23973c422303a59b3ecdf4e7ad8b528a3c21104283ee5a710a6b	447	profile-qa-v1/batch-19/run.json
e3b0c44298fc1c149afbf4c8996fb92427ae41e4649b934ca495991b7852b855	0	profile-qa-v1/batch-19/stderr.txt
4c5313cb52f8631dc1064138f5ddaf054d1ab8cbe5dda1e35c9eb92daf99c449	87	profile-qa-v1/batch-19/submit_profile
ced4c4d2715e8b6ead055c6357b1a378e0fa68df804481b6efdbd34e9c46b672	5917	profile-qa-v1/batch-19/trace.jsonl
6ac39965ccbec98aafef0a8a405a3f8a6815a48700246e2becd54f5882ac50f2	530	profile-qa-v1/batch-20/batch.json
caaf6299cf0d6b2cd83113997ae4fa8a7334807b989f281d51cf3d17313afcf9	1574	profile-qa-v1/batch-20/decisions.jsonl
9ab2cc925119be39b8931393520f033b653748288d035d245918e7897fa8b61f	84	profile-qa-v1/batch-20/final.txt
8b81918bebd7391584feb2a4e9c00e2ce46613cb2b2bb5b72625b78bab176d90	60680	profile-qa-v1/batch-20/input.md
7230cd4f7a4981a53aa6998e8075f7a95709efd94ec94c8611ff407c0c0ad3a5	447	profile-qa-v1/batch-20/run.json
e3b0c44298fc1c149afbf4c8996fb92427ae41e4649b934ca495991b7852b855	0	profile-qa-v1/batch-20/stderr.txt
4c5313cb52f8631dc1064138f5ddaf054d1ab8cbe5dda1e35c9eb92daf99c449	87	profile-qa-v1/batch-20/submit_profile
a406f6f7abc7879b9eb7af7c6992b51d98ec6c63a71b3e7ca7c3ed5906164c71	5801	profile-qa-v1/batch-20/trace.jsonl
e2b745287784e522591b60ce999b11a3c3abf6c387bfba8717820379c9d3c764	535	profile-qa-v1/batch-21/batch.json
61017b2707b294a75415ff3f55be878f36a4d0b4d6fffa81e83564c9ceccbd46	1600	profile-qa-v1/batch-21/decisions.jsonl
79aa3c57f619344e406775d1fe7057dc2bfc1e81e1d193ed150fc13399708d73	94	profile-qa-v1/batch-21/final.txt
778733c65ab2fb426c176e74bbec467ba2479ceb234e04118328591cce569ba2	61482	profile-qa-v1/batch-21/input.md
247f100d0016b004cc3c31093b4f09ab395b3fd254b556f68ef2230eeb006977	447	profile-qa-v1/batch-21/run.json
e3b0c44298fc1c149afbf4c8996fb92427ae41e4649b934ca495991b7852b855	0	profile-qa-v1/batch-21/stderr.txt
4c5313cb52f8631dc1064138f5ddaf054d1ab8cbe5dda1e35c9eb92daf99c449	87	profile-qa-v1/batch-21/submit_profile
e4bebd37d8f7db746f0bd4dec3129b1f49bd181e91c790973f8e864ddb6b6dea	5907	profile-qa-v1/batch-21/trace.jsonl
4a3be4d0d415d2baa817466ee3dce2d8a6ed7aeea2eba0859822b5a5e6d25489	526	profile-qa-v1/batch-22/batch.json
e0817615b50a86d71d5b80a359362e7b992898d7cf76723f1f5faf802ea5db50	1779	profile-qa-v1/batch-22/decisions.jsonl
abec253bf722ff129d933be1ee667a179c4be6805a9c4655e80e5077cd025135	66	profile-qa-v1/batch-22/final.txt
4d7302b03da727cf9c91411bdcebbcc55c0963b0ed941f18e1549c48daa6fcdf	60135	profile-qa-v1/batch-22/input.md
09f7ce31df973a278e5781afc33a6ffaf406a49f21282e3baa78668473a655bf	447	profile-qa-v1/batch-22/run.json
e3b0c44298fc1c149afbf4c8996fb92427ae41e4649b934ca495991b7852b855	0	profile-qa-v1/batch-22/stderr.txt
4c5313cb52f8631dc1064138f5ddaf054d1ab8cbe5dda1e35c9eb92daf99c449	87	profile-qa-v1/batch-22/submit_profile
e7e4fda9d10b157838366708b510470c99f15610da7d35f111e0f37217afebb9	12087	profile-qa-v1/batch-22/trace.jsonl
18eca6acd867f446bb2a368a41dccd672eab00aa1d2ed31e341fa7a4d8838f3c	548	profile-qa-v1/batch-23/batch.json
35d747fe9db015b4fe1fe3a8f126a6a643ce9837bbbb8ba95208090b8eee53b9	1567	profile-qa-v1/batch-23/decisions.jsonl
903da96686f032d3cc0b82e451b349c56937f03d656276866534d1a9f0e3886c	48	profile-qa-v1/batch-23/final.txt
1e6dc116075914ddb8bda42b0d578eeaed96a13c04e35ad171ee4a24a37cc56c	57880	profile-qa-v1/batch-23/input.md
cef495035c8df425686ce4edc9b26ec37c5987fd4d665dc4f398579d47f9757d	447	profile-qa-v1/batch-23/run.json
e3b0c44298fc1c149afbf4c8996fb92427ae41e4649b934ca495991b7852b855	0	profile-qa-v1/batch-23/stderr.txt
4c5313cb52f8631dc1064138f5ddaf054d1ab8cbe5dda1e35c9eb92daf99c449	87	profile-qa-v1/batch-23/submit_profile
79862e80f5f5746a87145a519a41aca6759f388eb23d777363c327df4ac1c88e	4277	profile-qa-v1/batch-23/trace.jsonl
2e703e2c1a1371643abba1ff36835de6d2ad95c63738d76a84b651c33e45907e	530	profile-qa-v1/batch-24/batch.json
d634d8ddc027b24bf59a998b3ea856e7a882a5a5ec9afd642281b3af4a4580df	1446	profile-qa-v1/batch-24/decisions.jsonl
575f74477882f2ce8ede032de75207fda03438687ee86fcc8e20c5c0e522d7c3	65	profile-qa-v1/batch-24/final.txt
0a030546db9d3b86223666f74a84502188aa4c47cb745e1f5cf6a6ecc814982a	55437	profile-qa-v1/batch-24/input.md
cee935e45ac4f7cb670351487f304a3ea018244df95dec958cc881bbf03b7180	447	profile-qa-v1/batch-24/run.json
e3b0c44298fc1c149afbf4c8996fb92427ae41e4649b934ca495991b7852b855	0	profile-qa-v1/batch-24/stderr.txt
4c5313cb52f8631dc1064138f5ddaf054d1ab8cbe5dda1e35c9eb92daf99c449	87	profile-qa-v1/batch-24/submit_profile
f0d882b4d647e861f06055d6a0dc55a3f168bb88de01d31b39980acf7d68d4c9	5538	profile-qa-v1/batch-24/trace.jsonl
fcc9ed840721373e4b3baefcaf8ba494ad3a9b67e401f9dbcaa50a41b177e83f	526	profile-qa-v1/batch-25/batch.json
2fdbf5285e50fe408290a8e837daed9dd66ada6b5369341ef970b90b029fad43	1343	profile-qa-v1/batch-25/decisions.jsonl
a0f55fd64a518d4c3c65ade09d03cec17316fda9b6b6a088bdc41c5e49df4220	141	profile-qa-v1/batch-25/final.txt
b1d610d0f48d446b40ca06d794726861d6bc4f13c0d78047f74c17729f7d44e5	58167	profile-qa-v1/batch-25/input.md
91d78d7dde9b7b886a1cf14238ab204f476ea92914c9241e46e2b5e9ab874bff	447	profile-qa-v1/batch-25/run.json
e3b0c44298fc1c149afbf4c8996fb92427ae41e4649b934ca495991b7852b855	0	profile-qa-v1/batch-25/stderr.txt
4c5313cb52f8631dc1064138f5ddaf054d1ab8cbe5dda1e35c9eb92daf99c449	87	profile-qa-v1/batch-25/submit_profile
518188546a37af815e94edbcfcba5974cefde56b80cb80b1dd54cfa615716d4a	5394	profile-qa-v1/batch-25/trace.jsonl
646139a798befacb69661a3714f9b87746309afe65ffb4edfbe60c07332f9abc	544	profile-qa-v1/batch-26/batch.json
7a2120347a7f1d219ff3d1a34e1315899130b3ae06cdb0f4c6d1bea08400b255	1497	profile-qa-v1/batch-26/decisions.jsonl
9742f13a13261d6073e05fee3601340d4682153509a0dc9812b01f7b55624d3a	162	profile-qa-v1/batch-26/final.txt
d8d5811ab5366859930dbe181a687dd534b3c735f4235aefe4fd8d8718bd3d26	58979	profile-qa-v1/batch-26/input.md
651e88c7756e369c2fd6ab7b60d78e1ac68c212e8b67d683b4a366f1f625915f	447	profile-qa-v1/batch-26/run.json
e3b0c44298fc1c149afbf4c8996fb92427ae41e4649b934ca495991b7852b855	0	profile-qa-v1/batch-26/stderr.txt
4c5313cb52f8631dc1064138f5ddaf054d1ab8cbe5dda1e35c9eb92daf99c449	87	profile-qa-v1/batch-26/submit_profile
42cf548cb95299700bdc6f3d5415c8c807064f421cf9f369987d36731ac94b98	5710	profile-qa-v1/batch-26/trace.jsonl
831b641a5f491adce60fdb64e204f26033e4eba4eb091a872f7f85d1205adedb	542	profile-qa-v1/batch-27/batch.json
71a2db2ee35e73a95bac5ea6e4db5838bb912052b580a5cfa7a4987a689d748b	1587	profile-qa-v1/batch-27/decisions.jsonl
626a515bfba9674e15fec0c67bfb4fc2689b255ea780da2f0c216c4d60e52455	54	profile-qa-v1/batch-27/final.txt
c9b51a47f90a2bcfcc93e718eecb57cd96c8dae06f1ade2a6e95f26a433264af	60576	profile-qa-v1/batch-27/input.md
9586efd6dd3d9999ff366929112e105752fe167711f4eba64333c695d5f3e2c7	447	profile-qa-v1/batch-27/run.json
e3b0c44298fc1c149afbf4c8996fb92427ae41e4649b934ca495991b7852b855	0	profile-qa-v1/batch-27/stderr.txt
4c5313cb52f8631dc1064138f5ddaf054d1ab8cbe5dda1e35c9eb92daf99c449	87	profile-qa-v1/batch-27/submit_profile
e26d08e0408f6db011823ae8311ac19d232d2adb80470a429d4301a64c6dd61c	5824	profile-qa-v1/batch-27/trace.jsonl
9a84d8e42dd553a6c025e145b1581c58417b34fd2a86c5af15daa3e465f09d36	538	profile-qa-v1/batch-28/batch.json
a8aca60dc31724f20ec8c67e212e896e2f8ed79e1d2e3ad666eb7156ecad2a49	1901	profile-qa-v1/batch-28/decisions.jsonl
139fea207a773abf85de02946e141746b02861182fef447ec394285f5a08d12a	56	profile-qa-v1/batch-28/final.txt
31c61ac4e28a248323ecf92ef177cd0953a14a6d1be50d32baa1ac5ab2ba3626	55455	profile-qa-v1/batch-28/input.md
f97d8ab11702b47afc50831391acc032a500201cf59cab8bcd94bc45547cc210	447	profile-qa-v1/batch-28/run.json
e3b0c44298fc1c149afbf4c8996fb92427ae41e4649b934ca495991b7852b855	0	profile-qa-v1/batch-28/stderr.txt
4c5313cb52f8631dc1064138f5ddaf054d1ab8cbe5dda1e35c9eb92daf99c449	87	profile-qa-v1/batch-28/submit_profile
b70e7e60bb9838efa9c6ff1223df158e41e5ad15bca6d1290eecf0002671dae2	4826	profile-qa-v1/batch-28/trace.jsonl
50a878d74c801a70c89ec95553faab1ee8cf0de5a961d5ad6ebcb2756b1346b7	518	profile-qa-v1/batch-29/batch.json
6f709909a40be0168df445456224e618e514524405040e732ba4b5fa2be45e96	1441	profile-qa-v1/batch-29/decisions.jsonl
d879e46f4ecb668ec950cdeaf9203a2c67109037f78db3a9efaa0d1178f098a7	71	profile-qa-v1/batch-29/final.txt
e6b44ec6181577b9225522dc8d7497ad7b390c5bcc17d11161d99b3698218e6f	62097	profile-qa-v1/batch-29/input.md
ce520074046a6db94f7ee04a79f0d7fe7af956f20ac91dd1ef6b3d93983fc269	447	profile-qa-v1/batch-29/run.json
e3b0c44298fc1c149afbf4c8996fb92427ae41e4649b934ca495991b7852b855	0	profile-qa-v1/batch-29/stderr.txt
4c5313cb52f8631dc1064138f5ddaf054d1ab8cbe5dda1e35c9eb92daf99c449	87	profile-qa-v1/batch-29/submit_profile
6c1cb967edde254a704126dafb3fa2be1deba38c44e9adcb5bf0c7d072e58d21	5549	profile-qa-v1/batch-29/trace.jsonl
4db4fc59c6505dc6cf642a4da22a50b5d5fb8137d30261e4fdf06ec37ab1df5c	528	profile-qa-v1/batch-30/batch.json
14ee7c05e969a08288643746bdaf9a767c645dc766446bea330cd60ac5c6234c	1666	profile-qa-v1/batch-30/decisions.jsonl
3fcdd6dfe3362c74f488190ba3586cb06e76cdd4a12b3670a3528b971d22fb24	56	profile-qa-v1/batch-30/final.txt
38e51f7b5962cee0a172bb545a37702332b2f9d4fb2c80af08ddbb410754e38b	51966	profile-qa-v1/batch-30/input.md
e17bec6f110bd22681c09fa8fc6202415ee923276c04fe78ad34b548eb767b55	447	profile-qa-v1/batch-30/run.json
e3b0c44298fc1c149afbf4c8996fb92427ae41e4649b934ca495991b7852b855	0	profile-qa-v1/batch-30/stderr.txt
4c5313cb52f8631dc1064138f5ddaf054d1ab8cbe5dda1e35c9eb92daf99c449	87	profile-qa-v1/batch-30/submit_profile
faba9d55fb38a7c5858610aa153d2515ed5fce0926cf5c10de395d5fedc070e3	6022	profile-qa-v1/batch-30/trace.jsonl
c4a1c6aab2c8a06e859cda8c00f065c3a0bfe0c0f3cb91ce25a401506bc00f9d	536	profile-qa-v1/batch-31/batch.json
d71faad0da1d9b85186ee4ad0b781bf3e66026aa07392452421fcb7cbd7c768e	1450	profile-qa-v1/batch-31/decisions.jsonl
9972b0455bbf515c762ba1926099e1448240b503dbf259ff2cd3918844800e93	166	profile-qa-v1/batch-31/final.txt
83326f4e18eca88083d4ccf2bf7f898cd4e28877bd3236ed69ef394ff9ec9ebe	60458	profile-qa-v1/batch-31/input.md
8e04fa524db594ca839c4f3d8ae034ba2550e94cc3f3d670d62d63344f81623d	447	profile-qa-v1/batch-31/run.json
e3b0c44298fc1c149afbf4c8996fb92427ae41e4649b934ca495991b7852b855	0	profile-qa-v1/batch-31/stderr.txt
4c5313cb52f8631dc1064138f5ddaf054d1ab8cbe5dda1e35c9eb92daf99c449	87	profile-qa-v1/batch-31/submit_profile
5efe6b00ab4552514d0fe38aee04f0fc6e585621a87c57065c774aab3e444332	4037	profile-qa-v1/batch-31/trace.jsonl
de8eaa557fb6710de549b2398ff3fb9309831b1ab68a8c27df41a7e1c7a80754	544	profile-qa-v1/batch-32/batch.json
04046f378ca9c0162fce6b2ef2146cfc9c6790ba34ce75016a7125d1e9a690f3	1506	profile-qa-v1/batch-32/decisions.jsonl
4aa1e3c2fa7eb4a24083903c8c8d5018cc9917b67c89aaca8c56b6fd35c39a35	160	profile-qa-v1/batch-32/final.txt
3c8695613a9930188436af575cec3ef975744bf2672d691ed1ee6346ebb742a5	63829	profile-qa-v1/batch-32/input.md
293d043dae5a518978e8dc7a70ca5784ece4a947dcbdea999d48d2b6d8524652	447	profile-qa-v1/batch-32/run.json
e3b0c44298fc1c149afbf4c8996fb92427ae41e4649b934ca495991b7852b855	0	profile-qa-v1/batch-32/stderr.txt
4c5313cb52f8631dc1064138f5ddaf054d1ab8cbe5dda1e35c9eb92daf99c449	87	profile-qa-v1/batch-32/submit_profile
4e8c1858bf3e8a927b98bef10b0c39721b8d1650474aebd655fbe480cd18262d	8091	profile-qa-v1/batch-32/trace.jsonl
2ff2f1fbebde660fc9302eeebccb2b98c1ba7c1b1359614ee40b40155f260c37	538	profile-qa-v1/batch-33/batch.json
d5197da3b4c408a3fd8b41f8e83904a7bc3a7427cde733b167a06452baf5e484	1448	profile-qa-v1/batch-33/decisions.jsonl
46558808b5bff97780de3b905ee8db16047d42487967422b3f7500b7cba8588c	65	profile-qa-v1/batch-33/final.txt
38029e779f87776cadea85b9794d27da1fea9d71171cd6f704c9257363553f28	61239	profile-qa-v1/batch-33/input.md
bf4fd270f81e0d2baee7872d023490d8fdebd2a0a864555bf299435b4d43e0aa	447	profile-qa-v1/batch-33/run.json
e3b0c44298fc1c149afbf4c8996fb92427ae41e4649b934ca495991b7852b855	0	profile-qa-v1/batch-33/stderr.txt
4c5313cb52f8631dc1064138f5ddaf054d1ab8cbe5dda1e35c9eb92daf99c449	87	profile-qa-v1/batch-33/submit_profile
a041e935de944abe6646954e1d52746f611317e7983e8379414a28123a6a084a	3894	profile-qa-v1/batch-33/trace.jsonl
465eceb2898df349ee3a12cb8497f071d518669c43516caeb3413773ddcb4a8f	534	profile-qa-v1/batch-34/batch.json
4c9c96ec03d206a6108156592d98fb1b1b2a1c5868dc647b9bd1cae7ed0d79c6	1625	profile-qa-v1/batch-34/decisions.jsonl
1da2a2eff0c825c0ef1c6d1c94bb2b04fca0d11229402c9c9727e16630b7704d	68	profile-qa-v1/batch-34/final.txt
93163752e427c2f898161a24a446fb2f62be8764d3ef3fd9baa3ffb252b71f12	62077	profile-qa-v1/batch-34/input.md
935ec7705c67c29f617a5947781ab4794351491639a9bc710583c37c00ce6d16	447	profile-qa-v1/batch-34/run.json
e3b0c44298fc1c149afbf4c8996fb92427ae41e4649b934ca495991b7852b855	0	profile-qa-v1/batch-34/stderr.txt
4c5313cb52f8631dc1064138f5ddaf054d1ab8cbe5dda1e35c9eb92daf99c449	87	profile-qa-v1/batch-34/submit_profile
7bb0db45b95bf7af748f8bab868c0cf182cbee9d769539bbd911c573d5c0bea1	5943	profile-qa-v1/batch-34/trace.jsonl
968a17d6ee87f466b786060f33d1b11bad1e755f4a43fd03bb8f42e2556b5208	535	profile-qa-v1/batch-35/batch.json
48b5ac4e68b4d7a5f614f3621d431dc4eb357ba0dd498010669fc8e9931dcd6c	1434	profile-qa-v1/batch-35/decisions.jsonl
9ab2cc925119be39b8931393520f033b653748288d035d245918e7897fa8b61f	84	profile-qa-v1/batch-35/final.txt
6328566f82741e128fee12858e18c723556b7886c2ff6fecce59f2fc101d0da3	60161	profile-qa-v1/batch-35/input.md
598625e16b53b3bfdf6a8ba6806f6e378221fed3396a1754d59e436ea77ae65d	447	profile-qa-v1/batch-35/run.json
e3b0c44298fc1c149afbf4c8996fb92427ae41e4649b934ca495991b7852b855	0	profile-qa-v1/batch-35/stderr.txt
4c5313cb52f8631dc1064138f5ddaf054d1ab8cbe5dda1e35c9eb92daf99c449	87	profile-qa-v1/batch-35/submit_profile
82286411dfd55dbe243d9711a0bdb9d7161b3414a3e24fd463600587e2b6c9ca	5521	profile-qa-v1/batch-35/trace.jsonl
91344f4088987c288cc6a67c0c12b45f562920bbac2dc0c6b2f23e77885518ea	545	profile-qa-v1/batch-36/batch.json
ddea07c2547d45a890f53837090de5aec4a19a9c2a23ffea7006053b2a77726b	1310	profile-qa-v1/batch-36/decisions.jsonl
5589bc80d4eb6102c7186686e94a239ca08ba3db0d49768efc902eb67b19fcf2	63	profile-qa-v1/batch-36/final.txt
2a58f28ec2c19fc745a447eb0a2940ac3e09323dc2a24a270187612ff59370d4	62600	profile-qa-v1/batch-36/input.md
aaf60f1f72c983696514ef635fac6319791a38635ed800456168897e7161062d	447	profile-qa-v1/batch-36/run.json
e3b0c44298fc1c149afbf4c8996fb92427ae41e4649b934ca495991b7852b855	0	profile-qa-v1/batch-36/stderr.txt
4c5313cb52f8631dc1064138f5ddaf054d1ab8cbe5dda1e35c9eb92daf99c449	87	profile-qa-v1/batch-36/submit_profile
d912e69c803ab2b0f349ed9ba455881b8679823643617e7024f7414850042217	3674	profile-qa-v1/batch-36/trace.jsonl
af9d6100e046798184a6ff8ff6000099d87355650d4ff6c3a7d6b5cbd0098b98	551	profile-qa-v1/batch-37/batch.json
c80bedfa2ea705b7fe71023dda02a38ef7b75487a502ecb1e924cc515995ecc7	1313	profile-qa-v1/batch-37/decisions.jsonl
575f74477882f2ce8ede032de75207fda03438687ee86fcc8e20c5c0e522d7c3	65	profile-qa-v1/batch-37/final.txt
dbd10f95a272adee09ca7676c576f9e2b06d9ba9dd6e900bd316556b7e3153f1	60476	profile-qa-v1/batch-37/input.md
cb8cdc7ac10951f8365e78262ebf7d51c609cd0f667158c88cbffea46d084a00	447	profile-qa-v1/batch-37/run.json
e3b0c44298fc1c149afbf4c8996fb92427ae41e4649b934ca495991b7852b855	0	profile-qa-v1/batch-37/stderr.txt
4c5313cb52f8631dc1064138f5ddaf054d1ab8cbe5dda1e35c9eb92daf99c449	87	profile-qa-v1/batch-37/submit_profile
c54e22287fb7964dbedb602993e368c56c2c21573a717e5488742da2474ae8fc	5259	profile-qa-v1/batch-37/trace.jsonl
f09366b9b8eab0d9a1ddff869d8fbcaa2ff911df00eac1f8b933865a6f41fabf	535	profile-qa-v1/batch-38/batch.json
c24ada4d8603c56f95566ba4e2e9a8d23a01cb329b5bbcc9b683000af1ac1345	1526	profile-qa-v1/batch-38/decisions.jsonl
22311aec3ef7f281ab0ccebe71db894ade3ff5508000d5e05340830588e001c7	62	profile-qa-v1/batch-38/final.txt
030a7ef4d81200de2348fca2efcfd8edce93751d2dabb56980ddcd2b839e4786	60084	profile-qa-v1/batch-38/input.md
2d3b8fafcaa5dac533562dfc326aab18d02f5d5a5918acdd69392dd2037e8802	447	profile-qa-v1/batch-38/run.json
e3b0c44298fc1c149afbf4c8996fb92427ae41e4649b934ca495991b7852b855	0	profile-qa-v1/batch-38/stderr.txt
4c5313cb52f8631dc1064138f5ddaf054d1ab8cbe5dda1e35c9eb92daf99c449	87	profile-qa-v1/batch-38/submit_profile
c91486f4e00f7ad83db0f3ce030b9b0e9568eaef7732818981ff2750dbadb020	5693	profile-qa-v1/batch-38/trace.jsonl
8f46b8c0f896199ed47934da9c517d916b5524e1044dcb2070edc67309d6f35b	523	profile-qa-v1/batch-39/batch.json
369a77a12978affbce9bea1f44433ad5b4ca7273cb1b1ff0f08b64fb7d5bdef2	1348	profile-qa-v1/batch-39/decisions.jsonl
c420de2e02c68d8b5a013ff4c9989819b8268f2cf5098066ad4a964ea0d66e0c	135	profile-qa-v1/batch-39/final.txt
7a416a3826bcc5f9fd659010b418c53f1ec8e88368c512009d6d5de6a166789f	61470	profile-qa-v1/batch-39/input.md
0831633eaaf2cf3c401186b62f5bcd03fb18b99ff3bdd9d287644569d0d62f8f	447	profile-qa-v1/batch-39/run.json
e3b0c44298fc1c149afbf4c8996fb92427ae41e4649b934ca495991b7852b855	0	profile-qa-v1/batch-39/stderr.txt
4c5313cb52f8631dc1064138f5ddaf054d1ab8cbe5dda1e35c9eb92daf99c449	87	profile-qa-v1/batch-39/submit_profile
e5a0ee1610565cf2953575786f250bc842f276d3e9e604a33674c0b5f47f7310	3805	profile-qa-v1/batch-39/trace.jsonl
4788df87c469f50d343aa7edbdd25bed867f8f3f5db98b0ac4d71cd69c9e2da3	521	profile-qa-v1/batch-40/batch.json
9a74cbc8599d8b92a5e445b281426dfed627dba69ea14faee2b200cadd6e23b4	1620	profile-qa-v1/batch-40/decisions.jsonl
b22f820496cfdfc310be15ec5387ab26569dff0b2819567e463b974f983123ef	59	profile-qa-v1/batch-40/final.txt
b0746d6ce9d463a02ba719267019a4989619fe4bfe26017799a0491938dcc5f8	80411	profile-qa-v1/batch-40/input.md
7cb65e2d9a95512df0d3257c83b360eb6c8baa2b278d466a24803d7dd85365d7	447	profile-qa-v1/batch-40/run.json
e3b0c44298fc1c149afbf4c8996fb92427ae41e4649b934ca495991b7852b855	0	profile-qa-v1/batch-40/stderr.txt
4c5313cb52f8631dc1064138f5ddaf054d1ab8cbe5dda1e35c9eb92daf99c449	87	profile-qa-v1/batch-40/submit_profile
79f408a47cd783df1720575867c51b3c75f47c697a7ae18afb6715c236789a89	4205	profile-qa-v1/batch-40/trace.jsonl
f8ed277efea54d98604635f801c70865898106f5db1bc67a3e6921ed71e3c0cc	540	profile-qa-v1/batch-41/batch.json
abb23d3fb81d935b90905512b78d435cd8b2a3901a0a5893b165dae27d07f6ad	1718	profile-qa-v1/batch-41/decisions.jsonl
3fcdd6dfe3362c74f488190ba3586cb06e76cdd4a12b3670a3528b971d22fb24	56	profile-qa-v1/batch-41/final.txt
fd097a18385a22caddeb000f2b7ab17cb6efd3ee753bf39e8b92c8b9c21b5184	57943	profile-qa-v1/batch-41/input.md
4ff136d2932dd69d92f307b38163e6512fb6e3b24b5b935119970855d11ddaa9	447	profile-qa-v1/batch-41/run.json
e3b0c44298fc1c149afbf4c8996fb92427ae41e4649b934ca495991b7852b855	0	profile-qa-v1/batch-41/stderr.txt
4c5313cb52f8631dc1064138f5ddaf054d1ab8cbe5dda1e35c9eb92daf99c449	87	profile-qa-v1/batch-41/submit_profile
77d447a3bd5ca1a868507a03fb1df896a4d34b654698bacdfbce4bf685c6d72a	6071	profile-qa-v1/batch-41/trace.jsonl
527ba2446a15de5af681050813d61ead6be534a2db2e74f35d9bfec27ff04e98	532	profile-qa-v1/batch-42/batch.json
63361b4ce0a335a17d14f7ef7b727d0e90dee7181c2d1183ac3358ecbf0ea868	1754	profile-qa-v1/batch-42/decisions.jsonl
f48187f0bd49260cb374e730d0d792b98d5a79627eb6b71f588cdea4b2debfda	84	profile-qa-v1/batch-42/final.txt
8f5eb9d1263c72574ca6b9dc9872ac5bfa1358f44135e1aa49a9085d618cc274	64027	profile-qa-v1/batch-42/input.md
4051644dcd29d58971ede9ca3894aaa2c93135419c626aa5df6dc0c472c44f7a	447	profile-qa-v1/batch-42/run.json
e3b0c44298fc1c149afbf4c8996fb92427ae41e4649b934ca495991b7852b855	0	profile-qa-v1/batch-42/stderr.txt
4c5313cb52f8631dc1064138f5ddaf054d1ab8cbe5dda1e35c9eb92daf99c449	87	profile-qa-v1/batch-42/submit_profile
b62a8b96f4dded06b3b0efbe89deaa0070c44c1db5dee7ba6d94531f5165ecac	6106	profile-qa-v1/batch-42/trace.jsonl
cfe8b2e601a1ef19e1199f244f39cc3c3939c15f44ca17e6b93fd889143d1eb3	544	profile-qa-v1/batch-43/batch.json
028b0527f3f451152c9744e6d1237bfed1da7601ac1104450b197cff92cdee4d	1642	profile-qa-v1/batch-43/decisions.jsonl
3fcdd6dfe3362c74f488190ba3586cb06e76cdd4a12b3670a3528b971d22fb24	56	profile-qa-v1/batch-43/final.txt
aac5ca387a895a7f763105168ab8576746bef0f219511c1f8d9197e2a6957ebc	62398	profile-qa-v1/batch-43/input.md
1bd307d859bc9189ed5e9e7e3f4871e5bcf67f656886212b111bbe4616fe0d8b	447	profile-qa-v1/batch-43/run.json
e3b0c44298fc1c149afbf4c8996fb92427ae41e4649b934ca495991b7852b855	0	profile-qa-v1/batch-43/stderr.txt
4c5313cb52f8631dc1064138f5ddaf054d1ab8cbe5dda1e35c9eb92daf99c449	87	profile-qa-v1/batch-43/submit_profile
e030a5aaa454ee188bdaceb8148174f10a92dff588a38151787138a232de16ae	5919	profile-qa-v1/batch-43/trace.jsonl
d031bb2935e75a9db013ab95cd164c872173127167ce9a2bccb112a9517bed70	527	profile-qa-v1/batch-44/batch.json
f888a5e4acc1b275ea2b3e9ba68fcf0cec72392f362c245d96f3cea39a34d2b1	1402	profile-qa-v1/batch-44/decisions.jsonl
b09d72024743f3b2fc514e5a3ab1749b1666eeb6563ce81176346522ac740908	185	profile-qa-v1/batch-44/final.txt
7944886d84b9fff84e8f355fe6461c1d0345556af5b52a8ec064fac6227f4495	56519	profile-qa-v1/batch-44/input.md
2966ae8d52c1aa93575257abc22a30956e3b71ee217ffffeb31cc471c8c63991	447	profile-qa-v1/batch-44/run.json
e3b0c44298fc1c149afbf4c8996fb92427ae41e4649b934ca495991b7852b855	0	profile-qa-v1/batch-44/stderr.txt
4c5313cb52f8631dc1064138f5ddaf054d1ab8cbe5dda1e35c9eb92daf99c449	87	profile-qa-v1/batch-44/submit_profile
d1320d95bf5031bf1fa58adb5598a4a650ea54afc87a7ad19593301fba236551	3961	profile-qa-v1/batch-44/trace.jsonl
84d749e92a17b1ba4db6c15ce8e76ba8ca0906f5c49aec62b1edc20a4cc00357	533	profile-qa-v1/batch-45/batch.json
65559ccd17d0e073581f23d3ebb6626b5bee8312a6fed7788355d9d1e2d31b10	1747	profile-qa-v1/batch-45/decisions.jsonl
626a515bfba9674e15fec0c67bfb4fc2689b255ea780da2f0c216c4d60e52455	54	profile-qa-v1/batch-45/final.txt
9131164a3aca4c6a5001ec8f326594a06051b687174434d65098b27f524e219c	62908	profile-qa-v1/batch-45/input.md
b8004c0d7cbfc851de6b7ff244bf1045bdfe6ac8dab3fe85ec8404a7cfd3d4e2	447	profile-qa-v1/batch-45/run.json
e3b0c44298fc1c149afbf4c8996fb92427ae41e4649b934ca495991b7852b855	0	profile-qa-v1/batch-45/stderr.txt
4c5313cb52f8631dc1064138f5ddaf054d1ab8cbe5dda1e35c9eb92daf99c449	87	profile-qa-v1/batch-45/submit_profile
d525ebc25bc99ebee3860bfa627664f983234ed35f3b4602b81d1e53ebe16b69	6126	profile-qa-v1/batch-45/trace.jsonl
ff3c0210d327d2abc3624d0faf47d723a8636540c2a4867e8aa6e8b1ea7789bf	527	profile-qa-v1/batch-46/batch.json
69d3bace832960e01403fff92bdb6b9e4e3fa966293b98019210c41a8729fe6f	1789	profile-qa-v1/batch-46/decisions.jsonl
575f74477882f2ce8ede032de75207fda03438687ee86fcc8e20c5c0e522d7c3	65	profile-qa-v1/batch-46/final.txt
e31b13f83800016e10d70a3744c313dc04dd30ef231c2de82c9f65f5e5aaf087	60675	profile-qa-v1/batch-46/input.md
a8a481671e70720d54a09b69fbfe60ff302b5943ef6bff4e07fa590853866743	447	profile-qa-v1/batch-46/run.json
e3b0c44298fc1c149afbf4c8996fb92427ae41e4649b934ca495991b7852b855	0	profile-qa-v1/batch-46/stderr.txt
4c5313cb52f8631dc1064138f5ddaf054d1ab8cbe5dda1e35c9eb92daf99c449	87	profile-qa-v1/batch-46/submit_profile
9e6704e6116e0a7c7ac3f0f205d906f08d2f94959a1bc236959ca4656a5c25da	6230	profile-qa-v1/batch-46/trace.jsonl
c88e016cfccf13d43ee9fbd1d06b500161592f189c3095d2dac831dd1ad1b3a3	541	profile-qa-v1/batch-47/batch.json
170898bfe8c19aef6d7d2f3c23fd432998970903f2e96bd6de2df52e84dfd1dd	1492	profile-qa-v1/batch-47/decisions.jsonl
ae079f97358fc32035bef717ef48c34f9dc5261ad739a748033e072e752532d3	53	profile-qa-v1/batch-47/final.txt
48a943cf8065ecb387ab9b37851a3f4b0d45618f4c7c753b1685e20296916165	56192	profile-qa-v1/batch-47/input.md
03c76d3f80a7bd1f30c78b3c8a7635e98b85fbc4a7b171d5cd9bf331d47fbb7a	447	profile-qa-v1/batch-47/run.json
e3b0c44298fc1c149afbf4c8996fb92427ae41e4649b934ca495991b7852b855	0	profile-qa-v1/batch-47/stderr.txt
4c5313cb52f8631dc1064138f5ddaf054d1ab8cbe5dda1e35c9eb92daf99c449	87	profile-qa-v1/batch-47/submit_profile
b917890abe8f727373692ad1355041e19926d315efb6fb74d60f23f997e786e3	5634	profile-qa-v1/batch-47/trace.jsonl
b6c12a2a610fb3b234034cc3725610281eb998514693f8b5944d6a1861584b8e	532	profile-qa-v1/batch-48/batch.json
12b3d3057b7f0ab2244340f08aefa8e4d63389f28d30807f25df62d2f5b68a35	1630	profile-qa-v1/batch-48/decisions.jsonl
626a515bfba9674e15fec0c67bfb4fc2689b255ea780da2f0c216c4d60e52455	54	profile-qa-v1/batch-48/final.txt
e9671cf1f1d005db42b4d866419733f765781b8f3bbaf4cc0117d5f25f56188b	58372	profile-qa-v1/batch-48/input.md
542ab1e7188a2b860cf90fe787bb42835a22b284400bfb4e5cf14a818a55384b	447	profile-qa-v1/batch-48/run.json
e3b0c44298fc1c149afbf4c8996fb92427ae41e4649b934ca495991b7852b855	0	profile-qa-v1/batch-48/stderr.txt
4c5313cb52f8631dc1064138f5ddaf054d1ab8cbe5dda1e35c9eb92daf99c449	87	profile-qa-v1/batch-48/submit_profile
7e191ae249464d41787241b7a42357ea09a12ffe937a75d1f12a33c36be9afd0	4270	profile-qa-v1/batch-48/trace.jsonl
d4bc128bf568e0534619e1806ea96e29f21952e17e58ad8feac2fe92942207ad	526	profile-qa-v1/batch-49/batch.json
91dc2e40c00fda8bcbdb02e84772de6064a394d13e9694c9b6970df456f2c2ee	1568	profile-qa-v1/batch-49/decisions.jsonl
575f74477882f2ce8ede032de75207fda03438687ee86fcc8e20c5c0e522d7c3	65	profile-qa-v1/batch-49/final.txt
823983d05e5b32b952eaa4bdf2ca839f3bbb39338954f4fb8fbe66390175b448	56107	profile-qa-v1/batch-49/input.md
3c42b4ca52d9b53546a19dc5a7a58bc583aa6504b78ec1eb0c37a334d3b4e13f	447	profile-qa-v1/batch-49/run.json
e3b0c44298fc1c149afbf4c8996fb92427ae41e4649b934ca495991b7852b855	0	profile-qa-v1/batch-49/stderr.txt
4c5313cb52f8631dc1064138f5ddaf054d1ab8cbe5dda1e35c9eb92daf99c449	87	profile-qa-v1/batch-49/submit_profile
29e0c4a84a82ef69a81f48cce0847c64de220f26381f518377f6baa7dd7b768b	5770	profile-qa-v1/batch-49/trace.jsonl
0b5fe560366cc6d7b4a7e254243eb3bc19fb67fbe166eb3f87ae66691906fb23	529	profile-qa-v1/batch-50/batch.json
ffdaed1aa9ee388880510360c7adde5e5cb57a085d25975613f559159800ba0a	1369	profile-qa-v1/batch-50/decisions.jsonl
492f857d4a181ba335762f721dcf8da44c4b2ffb0ec227e165cb5bd961cd2029	56	profile-qa-v1/batch-50/final.txt
431a23bdbf7e402429510805d9820f5d9ca46de0abd6b3ef9564d138fded9a8e	56532	profile-qa-v1/batch-50/input.md
7fb3c639c3536e89360d934e39df22d834de3f13e4b629a03ff47b6728603150	447	profile-qa-v1/batch-50/run.json
e3b0c44298fc1c149afbf4c8996fb92427ae41e4649b934ca495991b7852b855	0	profile-qa-v1/batch-50/stderr.txt
4c5313cb52f8631dc1064138f5ddaf054d1ab8cbe5dda1e35c9eb92daf99c449	87	profile-qa-v1/batch-50/submit_profile
097b87bfdb674449020790059ede961c5b55eb15204fee92e71fbd0903b8b6a6	8122	profile-qa-v1/batch-50/trace.jsonl
316f9a4c1a0155681216b7d42cafd9b94f2e270b60b5d31b4c303f46a6656d33	553	profile-qa-v1/batch-51/batch.json
eedbd2847ce383a4f5abc41ee4008c2176823bdddd3f5e80aa202c5bf6e80a57	1874	profile-qa-v1/batch-51/decisions.jsonl
9ab2cc925119be39b8931393520f033b653748288d035d245918e7897fa8b61f	84	profile-qa-v1/batch-51/final.txt
a4d3c112cffdb342844c0ca987edee918920bd9711d9c7e5cbc0414a255b94a9	60750	profile-qa-v1/batch-51/input.md
f3161e6ad134f464b31b4e85a8714dbdb2a6d427466fceb0cc17d4ffa3ace84e	447	profile-qa-v1/batch-51/run.json
e3b0c44298fc1c149afbf4c8996fb92427ae41e4649b934ca495991b7852b855	0	profile-qa-v1/batch-51/stderr.txt
4c5313cb52f8631dc1064138f5ddaf054d1ab8cbe5dda1e35c9eb92daf99c449	87	profile-qa-v1/batch-51/submit_profile
363ea00137d5af4476a171ecab54b06eb7fca22492496092a9eaf34efb024b8d	6439	profile-qa-v1/batch-51/trace.jsonl
0383e0e01cac2005bf84bf764ab8744db4f7792b8d86e3b64351bdfcf1aa5e69	541	profile-qa-v1/batch-52/batch.json
5afafa48ef0c269e46fe3bb4883245319c940aebfac6465fe3013e8a34336c18	1316	profile-qa-v1/batch-52/decisions.jsonl
7d16768e93982c4b00d6c702b7b09ea88db52a27e5874c59ce65b9b859678e44	84	profile-qa-v1/batch-52/final.txt
619b7426361b2875f6324342eb00795d2f22ee8514e34ba3875e18a078c5b144	46633	profile-qa-v1/batch-52/input.md
10c574ff30611e6fd33c40f0cf46a28d17a80a55b6ca2b6cf671f3949989ccf8	447	profile-qa-v1/batch-52/run.json
e3b0c44298fc1c149afbf4c8996fb92427ae41e4649b934ca495991b7852b855	0	profile-qa-v1/batch-52/stderr.txt
4c5313cb52f8631dc1064138f5ddaf054d1ab8cbe5dda1e35c9eb92daf99c449	87	profile-qa-v1/batch-52/submit_profile
e145fb8c6f68562c0888e0745af3eadaceeb7d9d11277a234147e654f448156d	5295	profile-qa-v1/batch-52/trace.jsonl
73a9fe5b0042702d5dc4c256ef653b993e584ae8092040f8dd6860a5c62c2d4c	521	profile-qa-v1/batch-53/batch.json
4b7e02f6715087f23bf003af9350a8b2019b16a80240a22c76cfcd230ea3c211	1483	profile-qa-v1/batch-53/decisions.jsonl
85ebd0ceeae3ab6dd57e9ee33a47deb44e6b77c22f074a18466db73351a88cf9	50	profile-qa-v1/batch-53/final.txt
0e4ad2fdd81af37048fa22fea0d3c3a4fe24035ff2eb5a17182d1008ba36647b	61653	profile-qa-v1/batch-53/input.md
e35618f77748267c053844223e0c18335be0085aa076fb63b1fa20d4c383764e	447	profile-qa-v1/batch-53/run.json
e3b0c44298fc1c149afbf4c8996fb92427ae41e4649b934ca495991b7852b855	0	profile-qa-v1/batch-53/stderr.txt
4c5313cb52f8631dc1064138f5ddaf054d1ab8cbe5dda1e35c9eb92daf99c449	87	profile-qa-v1/batch-53/submit_profile
721d4364d95ea20bf7ff95e1abdb1bde8cf0c651b3edeff95bbc6557282c5b7c	3961	profile-qa-v1/batch-53/trace.jsonl
9c62d47475edc3d9c279c36d2d326c9af5b3411e952377018fbac8fd867fad6b	530	profile-qa-v1/batch-54/batch.json
bfa203fbddad8cb98b182958b941943b2e472762efee5b55835462f1e9452a4c	1672	profile-qa-v1/batch-54/decisions.jsonl
bdc63cae02b094c446fa0de56c5b83a98859b5c8addd3ec07cafef4f217b3b4a	67	profile-qa-v1/batch-54/final.txt
8c63ea24d56aa03f6a86b1608335c55b43252a096f6561c4e6f4d4ab36b5d6ad	61329	profile-qa-v1/batch-54/input.md
3e23d06e6249ca635e7f01079734964d11547ac01991526d79bf3e919a0b91e9	447	profile-qa-v1/batch-54/run.json
e3b0c44298fc1c149afbf4c8996fb92427ae41e4649b934ca495991b7852b855	0	profile-qa-v1/batch-54/stderr.txt
4c5313cb52f8631dc1064138f5ddaf054d1ab8cbe5dda1e35c9eb92daf99c449	87	profile-qa-v1/batch-54/submit_profile
fbb8a3d5ad0743b3d381c630c8479862d6f89a279cb1a81cb4199e19a7cd9469	5962	profile-qa-v1/batch-54/trace.jsonl
7a3bf81fbeb2e51cf25cf316fe436778ec5d3014607dea4d3ad9084c8b0c8d69	211	profile-qa-v1/batch-55/batch.json
d4bdd537f607cdaf41af699975bbdb70c1b1c799badfe7bc6742a1691bce9ac6	449	profile-qa-v1/batch-55/decisions.jsonl
7365b84955b7de9f7d93066994e89e9b261cf1c4e5ad9eab36e5c6e836eb385b	59	profile-qa-v1/batch-55/final.txt
a25182a395c69c78d70911243326b1e535b87f7af3eed3366f04934b9516f45e	13830	profile-qa-v1/batch-55/input.md
8ed4d453e6918666e38039c91b1909e79f9f78a64284091aff3c742121a01bbc	447	profile-qa-v1/batch-55/run.json
e3b0c44298fc1c149afbf4c8996fb92427ae41e4649b934ca495991b7852b855	0	profile-qa-v1/batch-55/stderr.txt
4c5313cb52f8631dc1064138f5ddaf054d1ab8cbe5dda1e35c9eb92daf99c449	87	profile-qa-v1/batch-55/submit_profile
b442fab7443c326d8fe5de90fe87f32e5dceb252fe6f927ac534d4d6455eb013	2240	profile-qa-v1/batch-55/trace.jsonl
81003dbfa382d9318517d23dbe7c06bc5b04b313d7ffc6c8f6d60f1cc1a7dd79	533	profile-qa-v1/evaluation.json
a853dcbc869a30116686e1cad5f8326c47b394f7a27d30e39898e77f70f243c7	19724	profile-qa-v1/held.csv
c7eb2874700a8b308d707909df32a3123f163c9660ed34168e81e5de27fd3837	38576	profile-qa-v1/inspection-set.csv
fc2dafbe40e8c87ff1040e61cbabd0724f4a5d0c615f554aaac8608468848f41	80697	profile-qa-v1/results.csv
e5bacfc2ec3e0e86a8766e55e9e3636278743c604803297f16da710dd42ce98d	11053	profile-qa-v1/selection.json
59ac939f032a4a3b476e393f52054c88fbd6b371bab7792ba0abe9e44350d6e4	201	profile-qa-v1/summary.json
c7a049b6db267ef3c2ad939a49a967204376f31652fa0cfab5c61b075b63470f	53365	profile-review-queue-final.csv
c8ebc1e41831b0a8189e857f33b9401fadcc1b5ee61d8d217a0965b3e5211fff	29813	profile-review-queue.csv
be1e6c9257c98db3a1d2707516977bc2cce3a9977345140cd35c05214a8e8fb2	74393	profile-scale-readiness.csv
6e48b3083fffa46040668f079b491049824ecf242946742bfb5c1b62ec30bb4c	145915	raw/abstract-enrichment/europe-pmc/batch-0001.json
125efb8cf2c29b854ad780e58008faaea403497db8d1d6c2400c28efeea816ee	106522	raw/abstract-enrichment/europe-pmc/batch-0002.json
3d3edf89583bce51ba17540db9784495c281372d8fc86b55ed493804638c90bb	92135	raw/abstract-enrichment/europe-pmc/batch-0003.json
6576b67ee0559b13b0a212ad369270b329a58a36db07f14cf6a696ce7907322a	101200	raw/abstract-enrichment/europe-pmc/batch-0004.json
e3c4c784acd81204183f8a42c568cad47c808e960e8e5e99e10e79bad039a457	127747	raw/abstract-enrichment/europe-pmc/batch-0005.json
0bdf9a0abdc9e9638a8712b18426dba1e63a497c07d4d89977babf9925f29f7c	100646	raw/abstract-enrichment/europe-pmc/batch-0006.json
133933ec58975c65a3f0e4a70836015b3aa7912c95628786673fee204683f976	135322	raw/abstract-enrichment/europe-pmc/batch-0007.json
de1f44b7a282d4a63c9cf62c4384d513c4ee779e7e54b67f7379f7872b409ac8	79880	raw/abstract-enrichment/europe-pmc/batch-0008.json
8a8d2bbee2c195b8adec9e255a5dcf403db765aa6430a397f8ef4f02de4c19ee	142911	raw/abstract-enrichment/europe-pmc/batch-0009.json
9630fa986242282cf9f8f6d0ab47827d8e34e7315dcd568f19b37a67cea50a33	123734	raw/abstract-enrichment/europe-pmc/batch-0010.json
524c9208d05ad05a038ce3a613f1fce96d2ef674fc9873ef883b4a4f1ae536fa	101030	raw/abstract-enrichment/europe-pmc/batch-0011.json
db7bc8303b79a9eb2a9642005629e0ae64d5d9f761954cf043249bd1e3715738	125171	raw/abstract-enrichment/europe-pmc/batch-0012.json
d095eb4732c6eca7570a2ba21b20ce9bb7de9a77366226e4733f8fd064119bd7	89895	raw/abstract-enrichment/europe-pmc/batch-0013.json
7086e8007217b3306991fb4dd7ceda048454181f3e4445b85563e75364057a6f	95817	raw/abstract-enrichment/europe-pmc/batch-0014.json
9d023e0ca817d82fb2e0a4083d85409e52b6ba059677e6917165385129b9ec6a	97168	raw/abstract-enrichment/europe-pmc/batch-0015.json
1471696590f314a61f1515161be28715b893a696589b8f3e95647ae846c933db	137638	raw/abstract-enrichment/europe-pmc/batch-0016.json
c8b664d4d0b5ad35aef55f89f7567b91bda673a62ae9bd4f5d1abed0e188512b	165762	raw/abstract-enrichment/europe-pmc/batch-0017.json
60a92dbd0b45b64ed1280e9dc13ae2b5bee3a7b5da7629d2f8b4e6f1058d5a83	172924	raw/abstract-enrichment/europe-pmc/batch-0018.json
fb6b53b008d98562552de0d4c038ab9e41ce21a970af5f426e1b8f2b252cd5a2	131452	raw/abstract-enrichment/europe-pmc/batch-0019.json
0536c26e49db0d45196b874825e2fcdd102b04982e67939918821e6a598a263e	132895	raw/abstract-enrichment/europe-pmc/batch-0020.json
ff86675b3830ccaffd494e06f561924af783e027bb4ab221c8f1003ea0f5b875	103832	raw/abstract-enrichment/europe-pmc/batch-0021.json
7f6c54b828f20b563a5282655322ca445002015a6af0eb3a53a10df58ab07ae6	117924	raw/abstract-enrichment/europe-pmc/batch-0022.json
d5b5136c7dd6a9d43fa82f82d8978bc3f635b02eb8b8e8ab6b6ce3b834294341	80577	raw/abstract-enrichment/europe-pmc/batch-0023.json
fef473f9d1ea65a0f44627f5d0ebc4e3e1e4c8e4d02c4d3b754c69e1ae6acce7	87606	raw/abstract-enrichment/europe-pmc/batch-0024.json
e57b4313d6182dc4983a96f5240b226f4d1213076d59d9dd72e04af11b5deac0	186647	raw/abstract-enrichment/europe-pmc/batch-0025.json
0de6608f62679db57f280f26366945868b3fe4d4fec9ae9c6f8db4736bcf840b	84730	raw/abstract-enrichment/europe-pmc/batch-0026.json
f26993f2fe6d0c3316e488028ea25a1c8fd7f0215c002c2ef626da94e10e8863	117238	raw/abstract-enrichment/europe-pmc/batch-0027.json
3d5532ea6134563b5425454991bdb3da38a7b5d171738d4436ed1c52c9181de0	110441	raw/abstract-enrichment/europe-pmc/batch-0028.json
e4005fd3b433ac6bba18eea1e351f50a04fbb65680909dd343ca6a5560db41af	139381	raw/abstract-enrichment/europe-pmc/batch-0029.json
01acb7f83cbb2614fa5921b44bb388dee9ba56bbc0b510b93bac97acc8919e49	139881	raw/abstract-enrichment/europe-pmc/batch-0030.json
3df0daf03cdcf26cdd8d4e3effe0652717a63b36019afb54bc6bd06422c76647	96441	raw/abstract-enrichment/europe-pmc/batch-0031.json
8f3034dfe4a95ce7f2e81b0fb6ed592736d36d8b5535d907b151f2c2a58726cd	90300	raw/abstract-enrichment/europe-pmc/batch-0032.json
b4ef222299d6f187b8892c5f4029c10ce36917d49703dfb4dd3c7988910a4fba	153984	raw/abstract-enrichment/europe-pmc/batch-0033.json
a2246cd06914cf54277ac023eaecade3a2ed074e724e4d6c637ea273a736abb2	130278	raw/abstract-enrichment/europe-pmc/batch-0034.json
bec0aedbbbace853892758fcaada7edbfa85a9bbe1d7e1330e4e1d15ee14d9e1	110863	raw/abstract-enrichment/europe-pmc/batch-0035.json
d53a46952b2251e326d1823ded9ee1fcd7c3c3906c00b302057bd704f241c2d7	157085	raw/abstract-enrichment/europe-pmc/batch-0036.json
3b91efde6fc9408b22a53c7546444adc35e288d5d2d5fcee9aa52e4ec730a83e	116409	raw/abstract-enrichment/europe-pmc/batch-0037.json
1af3147bd4888e0ba76a540e0c714adc033ef80177566169424e47f2d6d9e796	87352	raw/abstract-enrichment/europe-pmc/batch-0038.json
d2fb13602bf0fb703e1fee97c1ffe659fe6a446b13313f83e9cde03644605bd7	120255	raw/abstract-enrichment/europe-pmc/batch-0039.json
79ff8bc0504d6393ffea8350961eac63a52f378744e4a9aed1c242b82980def1	88192	raw/abstract-enrichment/europe-pmc/batch-0040.json
a1fc78fcad83929fe8dc223e586459b47bcdbc94009ba748fb1a4f66be9c69f1	108360	raw/abstract-enrichment/europe-pmc/batch-0041.json
5eba11b12ca24c19b13a28ad6594937b55db7e56109c52b11eaee21335390ecd	122225	raw/abstract-enrichment/europe-pmc/batch-0042.json
695232c8516fd148a6e736bcd403577fac29cff03d7ddf4d492a780e59753696	107983	raw/abstract-enrichment/europe-pmc/batch-0043.json
14ad8f7f22d866c64dffe3076a0dcc68894b3fa4a413e887269ea448aea75ce3	69190	raw/abstract-enrichment/europe-pmc/batch-0044.json
b363da23ac3d1f257524de59f5258edff41e1cd29491664aafb00b9ee262411f	164622	raw/abstract-enrichment/europe-pmc/batch-0045.json
2b6d44e8dad3f51f18de455f23e3de9322fe009ecc204839c0970b5768d7b024	90999	raw/abstract-enrichment/europe-pmc/batch-0046.json
a35b48c9760fa172c90adac0ee8c6865eec1f63fbb201cbf07949a58c69e1502	73418	raw/abstract-enrichment/europe-pmc/batch-0047.json
28ef509190e164c9000d4ab7aae52582be852e2f6333bac1c8922185e8e6f0b7	138253	raw/abstract-enrichment/europe-pmc/batch-0048.json
235b1298fadb31306138accd4595b50d02cd9f785458a4058ab28d8e0986d3b9	115427	raw/abstract-enrichment/europe-pmc/batch-0049.json
c1916016bd9df7e4fa5ebfdec001dc914634d0d4ab6091b7894389317cb38ad6	138979	raw/abstract-enrichment/europe-pmc/batch-0050.json
09c65fc8dd1b0bdeb05f7c4d8a461f8dafc6803d129b2128d71d725ec36f2d4a	117004	raw/abstract-enrichment/europe-pmc/batch-0051.json
9c449b65770daea1a1807678260bbd013c43860c088cff85bd5a0882eb7c23f1	170006	raw/abstract-enrichment/europe-pmc/batch-0052.json
b568fdadfa27db8ccf94f5bc31394bb0799c212789d11deabe8d0fbeab340618	121685	raw/abstract-enrichment/europe-pmc/batch-0053.json
78cc3949945cc51e565726a2fdd0eab997a667e9a4e336c5d69800b913a77fbd	133195	raw/abstract-enrichment/europe-pmc/batch-0054.json
58f9359afe0676e1564bfdb2f96636b8d393209fafca0f3621c737b7fac794e2	158001	raw/abstract-enrichment/europe-pmc/batch-0055.json
f1bd7da10da9fd02d40cdbc3165200fd9f9e32ba6a910573ec39866b8f8296d8	121315	raw/abstract-enrichment/europe-pmc/batch-0056.json
11bedccb89db2b2489fdc1ec6e9ecc69566b928f16b2d9f96b0a2592ca9de5ea	112413	raw/abstract-enrichment/europe-pmc/batch-0057.json
360bf5d8bb1c7d1f196dfe045d1a5d5c0d464dfbe2854346d01f3de752c3e9f5	137296	raw/abstract-enrichment/europe-pmc/batch-0058.json
c9bcf71a92c209220c2116b539c98d8d00bb2321aa9de4ce33149139516fa71f	154727	raw/abstract-enrichment/europe-pmc/batch-0059.json
652c83792c17a76f7476e16cdd40fc1a4652d5ca4f05a5d82ab50aeb22633da6	184048	raw/abstract-enrichment/europe-pmc/batch-0060.json
8588ffe9963b5054a872273a2578e4b1a44d0a57b8d398c80843776c94e5a7fa	131172	raw/abstract-enrichment/europe-pmc/batch-0061.json
9190276513a9461a42514bae52e23c168840c4d3a251489234607602967f013c	106557	raw/abstract-enrichment/europe-pmc/batch-0062.json
eda90c44486413bd9640518df5178fc5f2880a5dfcae4821839dbd26772c8cd8	95105	raw/abstract-enrichment/europe-pmc/batch-0063.json
8d60222792dc1e4dc42f3afca908d4cbf9c487e75b36eb5da5c5084642748faf	249569	raw/abstract-enrichment/europe-pmc/batch-0064.json
be5bc83587ab5024e95b11753bef0af2c80fce9dc26b3190c760d119bf21cd5c	148248	raw/abstract-enrichment/europe-pmc/batch-0065.json
fa7fc8ec66a988fbc2cd3be5a652535684f8d416b8955af96031d73a025ab320	196719	raw/abstract-enrichment/europe-pmc/batch-0066.json
ec753a9419c88f0a467cecb69552f85fc98d08860a6500d0392a039a6970d11c	115216	raw/abstract-enrichment/europe-pmc/batch-0067.json
0b2847ae0fb10b0f1ce864b367e7716c87317fa392592f060e56f8bbb8e03b73	154766	raw/abstract-enrichment/europe-pmc/batch-0068.json
033b98bfcbe34f50e5a5a66fd472f2d3d46efd7de5c8917790ae6e655ad346a0	115467	raw/abstract-enrichment/europe-pmc/batch-0069.json
883a79ed80836e8b198ee10c0fd52ecb2cef9ba1536cc57e5057a577e312cc34	131238	raw/abstract-enrichment/europe-pmc/batch-0070.json
b00490150600332a6096a979e1f7bdc91088020e5668d6ac5c40009f8dcb3b8b	139882	raw/abstract-enrichment/europe-pmc/batch-0071.json
40912f35afdc6f2167f577f7867c1fa4b05e8a31e3df8c8ec5da8f9d46401375	102139	raw/abstract-enrichment/europe-pmc/batch-0072.json
2076f82bd6b3fc9efd70e5579e3dad5aa996c010f86653e6bd240d3cebe950d3	133054	raw/abstract-enrichment/europe-pmc/batch-0073.json
f537e55ddb24ea22a6b40b3a0cd945f6355fb3e644ba77a4d9a5f23bb94c54f0	137408	raw/abstract-enrichment/europe-pmc/batch-0074.json
b5f4c489e002a47b00f2a9bddcbc03b002c47003c7e80d18413ba5621281dba6	117542	raw/abstract-enrichment/europe-pmc/batch-0075.json
de48c40c2c2a8d640e031e9cc3d7ef2084ea5213d6a62e0042d42a68f1a33c48	89152	raw/abstract-enrichment/europe-pmc/batch-0076.json
799219d74e1f0022bb424af3d84f7d56c3b457ec0fd962b8083d7ecbc35a2dff	97339	raw/abstract-enrichment/europe-pmc/batch-0077.json
040d2632ffa60f96657fe188100b96b50d4a3df3f39849a65b130112ecde3737	76484	raw/abstract-enrichment/europe-pmc/batch-0078.json
5eebc2568258f1c31e87a45b84338a3ff3770648db8caad39f1b968c3b7ea336	102289	raw/abstract-enrichment/europe-pmc/batch-0079.json
6e5f87b52a46ab4ebdbb42f638e9226874f1eac54ff3cffb83acc4b0d2520203	127267	raw/abstract-enrichment/europe-pmc/batch-0080.json
814ef423532d64638d70e773646b0d387c818c28705279de7e57643765834e15	188916	raw/abstract-enrichment/europe-pmc/batch-0081.json
3a23cd98eb6ed37be6587443a63c946ec673d87ab4ff7764a7a7e59e5ce661e2	100774	raw/abstract-enrichment/europe-pmc/batch-0082.json
48eadfc9e1f9b7f267f4c9e797293fdb9dfe3e768052515f481f33ffc801c9a2	124543	raw/abstract-enrichment/europe-pmc/batch-0083.json
8c887bc0aad3da8921317ca0722ba3e7ebd2534cd3e804d516ed44a64eff68fc	139141	raw/abstract-enrichment/europe-pmc/batch-0084.json
b6d7fea9ec98bc7ffba150203044aba4c36c26a6a7fc357ed4ce6c82b58b2cbb	141644	raw/abstract-enrichment/europe-pmc/batch-0085.json
b507a248bd18682b496951729ffd5a058b87590954b0811f48889b9028cf9974	82607	raw/abstract-enrichment/europe-pmc/batch-0086.json
e5723fdee257c84c845760d4d1c3f913e3dcf05da9c9524d8bcfe838a3ef76f2	140111	raw/abstract-enrichment/europe-pmc/batch-0087.json
e5871c67c7576b1974f817ff7e74255e0d09d7fcf7bdc1ee6aca961250c78b74	129920	raw/abstract-enrichment/europe-pmc/batch-0088.json
8fcc41aa306ee5950a2033bb04db1d51ecb03843efa990f0eaa3fccba3f821c4	306181	raw/abstract-enrichment/europe-pmc/batch-0089.json
9a14b7599578b176540ddd46a5373ed746121a98a50d50d0ba4d1b03cdaab07b	116509	raw/abstract-enrichment/europe-pmc/batch-0090.json
3b73e7adf9674c3d1ae6cd4f26c1456146948efe993116e0bc2782e028f84540	113558	raw/abstract-enrichment/europe-pmc/batch-0091.json
78d5da178ac64bf40b7ad75d7e9c0ef17b8e481352c788274f4f0d5aaba495b7	79386	raw/abstract-enrichment/europe-pmc/batch-0092.json
84d9d3d5181347ad6d79c3554fe88e14662cc1290fcdde783266412150859827	113736	raw/abstract-enrichment/europe-pmc/batch-0093.json
47125429b71f68beb21d7b575d1057c2c8a4029bd9bf8287f58f5eeac9e432d2	112913	raw/abstract-enrichment/europe-pmc/batch-0094.json
d62ec457de1b95635b57e682c30c92183197cfee488a6907221d3235eab77fd5	144575	raw/abstract-enrichment/europe-pmc/batch-0095.json
f5b3882341ba55be5425faf081dbe7a05d6e8b39bf1c11d90c714397901d828e	118982	raw/abstract-enrichment/europe-pmc/batch-0096.json
7a0f8430a3bc43fee5e0e935a0ddb9c39677a072f2180a9c2eff1f261a2706bf	110458	raw/abstract-enrichment/europe-pmc/batch-0097.json
ad906bf6cba767933f39eca827a67db86dd9bb640144a4541c2ab191cede30ec	166435	raw/abstract-enrichment/europe-pmc/batch-0098.json
c601b107a17e40902f869c519d5b043352fca1df83c43feb782d135c794f5170	119996	raw/abstract-enrichment/europe-pmc/batch-0099.json
e8e97655e573179865bb4a6a9fb7ed1c7bc0b66337180188cdeb3206b9eb1000	111800	raw/abstract-enrichment/europe-pmc/batch-0100.json
570b29fd31d6ee242f8b55ea8182aa2db35304327c6ef9307a5d28d80d4b5393	87737	raw/abstract-enrichment/europe-pmc/batch-0101.json
228578e5ee00f9b1329824eec3776ddcf3cac5e1a3ffb05f36c7f50fefa16e91	132300	raw/abstract-enrichment/europe-pmc/batch-0102.json
af0678ad236e714981d7340fa8b3b554eea357da34c0eb7f1f36d8265d97ce2b	131157	raw/abstract-enrichment/europe-pmc/batch-0103.json
9269b5ec16f2720eab45356326ee997072ba895e82e42426e071d3533e1a2d96	176908	raw/abstract-enrichment/europe-pmc/batch-0104.json
0c4f478a4ae7130ca60b7d631132640dc9077ee515acf02617e06d4588d12d96	105983	raw/abstract-enrichment/europe-pmc/batch-0105.json
80095544cbce06ca256704229226be17765af893a3340249018c5c2b6e0ac293	166653	raw/abstract-enrichment/europe-pmc/batch-0106.json
800763cef17c287f9a8c30f2667dd741ec1886a1e75f447b31a65b9e6662dd60	90497	raw/abstract-enrichment/europe-pmc/batch-0107.json
6f4ec2f8d5f3f20f188d81e93d0736ed93a49e303c3363c8198c62b9bef4acb0	92721	raw/abstract-enrichment/europe-pmc/batch-0108.json
72255951d49fd1d0884e2543984f95222d203e76d3bf1ec71b3e38afcf22ecab	98277	raw/abstract-enrichment/europe-pmc/batch-0109.json
ba14e34d30248bd4671ff1fcee9892e416b2b6d069addde1a5c61cfcf214bd90	121538	raw/abstract-enrichment/europe-pmc/batch-0110.json
ab995098a9f116b09d039a9d5f3074f39022c5815c631a8b3dba0caff3cf6589	93150	raw/abstract-enrichment/europe-pmc/batch-0111.json
f1ce30b8cb02bc26001dfafb2dceac2e0e7bfce526406bb6f981ae84f96c5b76	63145	raw/abstract-enrichment/europe-pmc/batch-0112.json
eb9d0ac4f4410fc9c7243b04cffdd5670645b80373ca038188afd6d6e7dfd12b	113533	raw/abstract-enrichment/europe-pmc/batch-0113.json
63b3ec2640884c5f08e184790a7d2323eb75b907d828db835f2213c7b787e5a5	99553	raw/abstract-enrichment/europe-pmc/batch-0114.json
fbf80ffc28bd37452d9965e53a5b9f4f73547113678a0b8e2d8741a1c92fdaee	101946	raw/abstract-enrichment/europe-pmc/batch-0115.json
b8d57361baca94a3d60c299a313c4f1be087747829a60431ada70fee618cfeb7	56041	raw/abstract-enrichment/europe-pmc/batch-0116.json
775f9a4ffc57414838d15f0239fc21caf03474bde62679f095f15bb28e007de7	60852	raw/abstract-enrichment/europe-pmc/batch-0117.json
3f0f62e87416b338c0bbc4f6eadbaf0feac5c2d724346a36a9b3ad144cad66d7	82863	raw/abstract-enrichment/europe-pmc/batch-0118.json
c77b7841a7e800d02363731e1c487c53a489709fa2066e7d55122107150b08ce	74400	raw/abstract-enrichment/europe-pmc/batch-0119.json
d5e043c70579b8b63072aee254f15829d6ca0cc0f8915493bba87429998d49a5	74767	raw/abstract-enrichment/europe-pmc/batch-0120.json
d1bcbaad09534c1b7657eab4a2b895a5b63452db165faf949a81bd05ce8c0694	62503	raw/abstract-enrichment/europe-pmc/batch-0121.json
17fa024ac02b39a3fea26f0f5b9e73d1d813d5015ba13f1735bb6d66a892295a	72318	raw/abstract-enrichment/europe-pmc/batch-0122.json
21ee56de946baebf5068012d99e33c165d5182b56cf446199fab3aa98bc908a9	204787	raw/abstract-enrichment/europe-pmc/batch-0123.json
086f175c4e3eee38225cb240334c7d4e02436e2e2d5871650b73a50cd7396616	101258	raw/abstract-enrichment/europe-pmc/batch-0124.json
53690803266dbe40e9b7fc353995173114347fd6df3b9d444931669cfd320b3e	61697	raw/abstract-enrichment/europe-pmc/batch-0125.json
29c2105a711de574bc11f142b2fe6174924121f849d423cb4d7ebe56f9f37898	74587	raw/abstract-enrichment/europe-pmc/batch-0126.json
569265920cb96f87ef1401ccd920c62a2851c3c3b2a7591846c2e7b7cd47f16d	62262	raw/abstract-enrichment/europe-pmc/batch-0127.json
c2cd24792425d53e4c031f64ba277781716c7bd5496de7132fb9326a6bb97d94	117649	raw/abstract-enrichment/europe-pmc/batch-0128.json
4128181b7494962c737de5a5a85695728ea4ce02817f60d9ca71dc4c047fd175	65854	raw/abstract-enrichment/europe-pmc/batch-0129.json
9ed78e6022adaeea3c3cc3a897cb6b1925acbef3761699438f6b6d2d687fd1bd	112882	raw/abstract-enrichment/europe-pmc/batch-0130.json
0b21ef474ee5ee7bd38ed5b107d209e69d4be34c6e9f92a127a53d6d7fbda07c	329340	raw/abstract-enrichment/europe-pmc/batch-0131.json
9a4c3e5b035cea0260161ecd4c42ba54fe5b90ef5b00a8e4162b59ccf2e4e857	82239	raw/abstract-enrichment/europe-pmc/batch-0132.json
d6cf6b877ded8ad71c996de73c108e55c02bded89e40b45c7fdc0148cc4b1097	73933	raw/abstract-enrichment/europe-pmc/batch-0133.json
1b04d3c64634f113dc593b7d53ed4f2ece3268d0d8ed2c215e8bb4baec8e75bb	101701	raw/abstract-enrichment/europe-pmc/batch-0134.json
c5c750a4824e5b7d26fd1bf5b487ec617e50f83551b001fc6addb3a2f4b6970a	128383	raw/abstract-enrichment/europe-pmc/batch-0135.json
e547f2067d430fc2feac61724efa16f3aef0e53982ee8d7413865bfa94d90a66	81038	raw/abstract-enrichment/europe-pmc/batch-0136.json
3c30eb7ce52b0dff8e6be92d941574816f9854a96f66ee4c0e5fb7da0cd372e4	69075	raw/abstract-enrichment/europe-pmc/batch-0137.json
0272016b62ce8f2080167f1c46ae0e933217c2c7764c3082251698a06c151942	68484	raw/abstract-enrichment/europe-pmc/batch-0138.json
c895e0cb21f917fb133ebb68030d125f909665a77a74055a676a39c77de07409	117146	raw/abstract-enrichment/europe-pmc/batch-0139.json
db3831b2cd2952c4c5b86e7446a214cdadd0a2058531f49c82bc1e20b1373872	103907	raw/abstract-enrichment/europe-pmc/batch-0140.json
82624ea9eccb2cb143632260d6112128d55ffbe21be80e9b1294053ebbd41cd2	77308	raw/abstract-enrichment/europe-pmc/batch-0141.json
231ba7c49c8a3034b0db3c045b02c2cbfccddc9f4ead60600b1bfc3a195b6bb5	96045	raw/abstract-enrichment/europe-pmc/batch-0142.json
209824081ead3d1433678cfa9dd8af2f424169a2f817bb89a0598acd99a6fa47	83650	raw/abstract-enrichment/europe-pmc/batch-0143.json
c9aef70b6ecdeaa299456584dedb4f63f23d417a000eb7e090522cb25679e46d	94800	raw/abstract-enrichment/europe-pmc/batch-0144.json
6c059f8561c359112682ca0a8a9967fe0dae749f1553caa21c0ad1e8f6ddaa97	78309	raw/abstract-enrichment/europe-pmc/batch-0145.json
122333945d401c303008ff6a1c022e337b0c051f9182f24e7707ed3476b575c3	59029	raw/abstract-enrichment/europe-pmc/batch-0146.json
23429965d34840b0afb398238b0320484ad2841385588729f98099689e34a161	98001	raw/abstract-enrichment/europe-pmc/batch-0147.json
a36d7ad7769467e29c42e1e97aaec0c08a6e340cb92676aa0a23414674fcdc2a	66996	raw/abstract-enrichment/europe-pmc/batch-0148.json
d245aea60b55e68b3be24dd53056298e7c46acf9a0d1c9f92831e5f013305032	93680	raw/abstract-enrichment/europe-pmc/batch-0149.json
9661ece5bccbe1be0ef7d04bdfb985f81b3b928ea6fa60790a9f7c3001d5cfad	105086	raw/abstract-enrichment/europe-pmc/batch-0150.json
2f7f223e194bf55964fb01a1b6400690e8f79cd28e8e77cb38be586dfdff8877	82625	raw/abstract-enrichment/europe-pmc/batch-0151.json
750b609b92e4635d68abd1d8ae4efb7ee3f1773398fd65a6008b748fbac22466	96117	raw/abstract-enrichment/europe-pmc/batch-0152.json
864dc8935704513299febd7f77e5b08627877c733158653634eb068d8793468b	97962	raw/abstract-enrichment/europe-pmc/batch-0153.json
132c3b9449f758beca1d708b2b55eacad6b3f83f3ca4318d4c47703c7c9df9aa	206986	raw/abstract-enrichment/europe-pmc/batch-0154.json
e00e3b60bf9e2013d6a970f6942111f4091731fcd1c3530cf32bab29afec4d6f	75036	raw/abstract-enrichment/europe-pmc/batch-0155.json
ba953a74f1b3deb4d48c88bd5d56c4af4e4db25ca3c538870eb4a5179a5a61a9	203512	raw/abstract-enrichment/europe-pmc/batch-0156.json
7ab5c56642ebb3e6335e8c2efd16a6b9cf5e38a2cd84fccd94b8f21c5bddbd11	164100	raw/abstract-enrichment/europe-pmc/batch-0157.json
93e220717c9fae13781bfb9ddcb54635359adbab5e10e586997bf41611274cd2	137867	raw/abstract-enrichment/europe-pmc/batch-0158.json
d09f37480a4ef9d07deb1ced4aaafc9ea3e28a1d4a365ed0032f05e063819f1d	92679	raw/abstract-enrichment/europe-pmc/batch-0159.json
85a2417ddeead54f23ce1271052beb049ebef95000fbe50f221ca959afd04784	226105	raw/abstract-enrichment/europe-pmc/batch-0160.json
a6bd990917b2a05660831e0c3c8b9b8dcaba8997af82c87b86d9899a455208f3	114838	raw/abstract-enrichment/europe-pmc/batch-0161.json
d22b2adbb176d88baec6ad7edd2b418723dbd730a6c56cb240e2bac83311718f	214278	raw/abstract-enrichment/europe-pmc/batch-0162.json
e60467c10e78f024c0be5cfb98ea2860a8b4da1c9ec99257a15dde5cf8e670a1	90606	raw/abstract-enrichment/europe-pmc/batch-0163.json
7063678f9ca0d7f7b29e4c970aa9baa9f8a93b36beda653107e5948b8d8a5b4f	110639	raw/abstract-enrichment/europe-pmc/batch-0164.json
17df2253b6eefabeaccf586de909a774e1252afafb20fad138eec67c44bcd63a	104585	raw/abstract-enrichment/europe-pmc/batch-0165.json
2879b2985cb0584b481ab63c0a0928dccb71e4ba08f4a6ef1179360a033711e6	75109	raw/abstract-enrichment/europe-pmc/batch-0166.json
0fede8e1988a3cd9344e5528dd71890c31b35607fd2202a34d78b40ce6115de8	48623	raw/abstract-enrichment/europe-pmc/batch-0167.json
3f454078f04237064551e6049f85f72892e5fd1e6722ab7c1614d2ab32ca07f6	98165	raw/abstract-enrichment/europe-pmc/batch-0168.json
6110cd6e1a08c34ffebde8400be574c3928a04395e9c4b8aa9f68d1a6f4139f0	107161	raw/abstract-enrichment/europe-pmc/batch-0169.json
b1969d47bbdf44ca318d048f89f62516ce97f0bc4bead2785ef92380f38f5964	92871	raw/abstract-enrichment/europe-pmc/batch-0170.json
3b89e4ef94b8b1c4c34201741ef7df8cff4c9bb9b2f9bf4204e5842e4698a647	101553	raw/abstract-enrichment/europe-pmc/batch-0171.json
55f4ac0ef3b836c173da18db254d5d63edf1f40ac4d9d7d2f1022a856954dadb	80649	raw/abstract-enrichment/europe-pmc/batch-0172.json
a6cb9ee2dd6d66bbf78d86b6a0996717c8ce798e82ddd9cbadf661ad47781062	88311	raw/abstract-enrichment/europe-pmc/batch-0173.json
4e7a67b4415e9a1284f4ca09a4c17f42b1a574f7bf6db77ffb5f3166e3e0f9b3	90927	raw/abstract-enrichment/europe-pmc/batch-0174.json
9b5bd39ee4db2edb4a5e912f4503b029f8fcd823da7752058aac09c1e7e6df08	103214	raw/abstract-enrichment/europe-pmc/batch-0175.json
6ef5c1506281a00b109f78fbc9aabdb9445f8d73c110f48ce8022e2dd89db8c2	102128	raw/abstract-enrichment/europe-pmc/batch-0176.json
60d120db94f85e5675c8aeb46aa4c1bf5cc632985014713c427bfe573874d51e	86118	raw/abstract-enrichment/europe-pmc/batch-0177.json
14e069562162a1f9684062a45b2d79186cbece5b833ac54afd3e4356bf805b6b	85704	raw/abstract-enrichment/europe-pmc/batch-0178.json
e7ad39f5ec7258c0e25760a0a3b5a934f9ae57c81f2781b0698b9ca21f78868d	80400	raw/abstract-enrichment/europe-pmc/batch-0179.json
388a5359062bd2faf16b8078839bc638c96194eb66c91522ab3b7c2a2b807160	52603	raw/abstract-enrichment/europe-pmc/batch-0180.json
96e296f81be3aae22a091a494bc1de1be39af67527879ddf56d84005df70d144	71972	raw/abstract-enrichment/europe-pmc/batch-0181.json
669a2296e10eefa2a9434efbbfdeb0115919b66195d5576a9ff0aef11cfeb4d4	117976	raw/abstract-enrichment/europe-pmc/batch-0182.json
3562965f8c3c8833fb5594688732ab8225647bac9b627ed74a11dcd6e0dc513a	71902	raw/abstract-enrichment/europe-pmc/batch-0183.json
b71d01570afa4cc79b807c0b7405610d0091b34dc8604b32a2bfd55cc307bb40	73477	raw/abstract-enrichment/europe-pmc/batch-0184.json
02daf9971faaf7cb4c0046696c25b073c1cd278624962829febecb485f7a8590	40615	raw/abstract-enrichment/europe-pmc/batch-0185.json
03eab9716e3a6be83e5fdf443741948a77b18ea5d060656224d06151c49d139d	93931	raw/abstract-enrichment/europe-pmc/batch-0186.json
7e978ae51fd9e9c6faf33191311558ca53b666fa05566f987dccdef231f3c0fc	55562	raw/abstract-enrichment/europe-pmc/batch-0187.json
7950ea34c6bd9374c33b44e96ebbdef58cbc32f686e009598aeb8c832d4645eb	61508	raw/abstract-enrichment/europe-pmc/batch-0188.json
75a839772877fe9f4240bfa2ac4e8924b82dd12c4eda3240203a3d33d470e191	47816	raw/abstract-enrichment/europe-pmc/batch-0189.json
e91ef81cfc79ae5321c99cfe8df5f91a2542fe9b418a9f106397b190dcefac9b	61021	raw/abstract-enrichment/europe-pmc/batch-0190.json
24d03ac8e3916cc2aa23fe25ccc39efc613ee0bb8c7d1888293371a9123741c2	74103	raw/abstract-enrichment/europe-pmc/batch-0191.json
5164c5272d51c4b376e9def58e051b43918c249ef72835a8ff4e2b4a25490da9	99322	raw/abstract-enrichment/europe-pmc/batch-0192.json
029dc7280c01a7cb3919903e3d5b3999b9936e8537d6335ec34a16f668330c1a	75561	raw/abstract-enrichment/europe-pmc/batch-0193.json
60aa599640ef0e2f706d4ab037ef8b7db57b19a629704f38e18a3fad68da1fb1	102093	raw/abstract-enrichment/europe-pmc/batch-0194.json
1cde09465a6d9b99d3a720cbe05830d6277a82de552b81de817f9b95b3a994b2	58112	raw/abstract-enrichment/europe-pmc/batch-0195.json
f7bc426d403584cb6fffc10431474e393d8650b787119e86c38208a5eb188b70	68357	raw/abstract-enrichment/europe-pmc/batch-0196.json
093eb9c5caa57f3020a7ce27db3fbaf81ee6f16904a02c7f396a7f593c29561a	55255	raw/abstract-enrichment/europe-pmc/batch-0197.json
ca4bf2c86d7296e9b467f0a1ac1cdfee88507af552584dfa6294ca52dcbe8566	89607	raw/abstract-enrichment/europe-pmc/batch-0198.json
7075b11273a682fe5627d242ce7bdb5895af7e44fd39d76948988f862a53bb23	82593	raw/abstract-enrichment/europe-pmc/batch-0199.json
c83c18de097a750ab32199125fcca0f8396cf15e15474f51fc8e603c18f7ad39	142379	raw/abstract-enrichment/europe-pmc/batch-0200.json
8c774449bcfe7d4da4414ca0651ae3511905eb05aa814e6b22b316c1b1bce320	70061	raw/abstract-enrichment/europe-pmc/batch-0201.json
2c50a1772bbb8126511961ca139e3f7d8acd45afcc5d31d7497f5d6b40fc4d69	94685	raw/abstract-enrichment/europe-pmc/batch-0202.json
50d90259a6e3a6c8eac509fce4345c74969c5676c501f7a159f719f9636de1ac	87312	raw/abstract-enrichment/europe-pmc/batch-0203.json
fd4c03ad752c489f46a743bb4749e8fea062433c6c379173872d452da6d142fd	107838	raw/abstract-enrichment/europe-pmc/batch-0204.json
91c4abff70ae66ffb1d8ed26010493b4af1ad7316b53bb865ef74f62e63beb20	78247	raw/abstract-enrichment/europe-pmc/batch-0205.json
9919e6102724d00c6fcd8b25b789e524b2a427da6b45cfb29fb99cb95fe05e51	82650	raw/abstract-enrichment/europe-pmc/batch-0206.json
1cd3af337b92731d5fbbc6f5f59d555a3d6354d355e1ad5e12133c04ed79c1fc	104384	raw/abstract-enrichment/europe-pmc/batch-0207.json
0794bbb162b395ef450632fc5409c3cbe0bb05ba713911e02abe21a67a1dfd9f	99269	raw/abstract-enrichment/europe-pmc/batch-0208.json
a486e668db5378d9dd0466ff74d45f5141a9b9c434aa9105111eabce6b33a00f	73222	raw/abstract-enrichment/europe-pmc/batch-0209.json
95e9919aee7488615e8d18d266e8050be79ce8f3d197296f73133886d863fdc7	99934	raw/abstract-enrichment/europe-pmc/batch-0210.json
2773354faaa1b7b94d9220bc0e165359c29b0ae03ba170c740b5609c12f52b1e	63433	raw/abstract-enrichment/europe-pmc/batch-0211.json
e614383092082b016e9322a838dad7b113d9c49cfc30a2cb47271d269b8872af	138216	raw/abstract-enrichment/europe-pmc/batch-0212.json
91cfc89cfc8f2084fad63a231a39ba39f96ce22505db5230204baa685b28479c	77996	raw/abstract-enrichment/europe-pmc/batch-0213.json
f73ca3fe6c9e4617bbdf3cbbbefb3f4f7c6c9b6472fc3cbdc2978fb824de0d90	86526	raw/abstract-enrichment/europe-pmc/batch-0214.json
0882a2b89af9b49b0bc2f6f23ca86539069236066f2e2be32c4974d7ae443623	73220	raw/abstract-enrichment/europe-pmc/batch-0215.json
65a588d27ebc11fe3feaf9b96c214bc42906b072c97c077ec7ed7c754e36fd44	96764	raw/abstract-enrichment/europe-pmc/batch-0216.json
e4709b53922333c60f8a899c55210d37f39f1854ec621d32264187d011e7e97d	61159	raw/abstract-enrichment/europe-pmc/batch-0217.json
23917e3d11558e8ee18de445bb419215a8c8343535b6b5ed26284e6544d9f163	85436	raw/abstract-enrichment/europe-pmc/batch-0218.json
ca00350a5e8cc5b86bd5aeae2b6d86ed0b132500f1fee75cc6ce95a8bd77e18d	90599	raw/abstract-enrichment/europe-pmc/batch-0219.json
9ca46cfc2941d5bd720e0d6b1f26c5f602a0bde948532ea823cc2b5f7dffc477	69902	raw/abstract-enrichment/europe-pmc/batch-0220.json
4b838251261517432ef836a12334d436a6a38beed4925f17377b412eab086d61	54239	raw/abstract-enrichment/europe-pmc/batch-0221.json
5eddbac24b856f0e029ba321e3df5bf6c9b1c1ce350a6d6a57971a67c8331a5e	69963	raw/abstract-enrichment/europe-pmc/batch-0222.json
25efed20346ebfad2c6f4a8d515fc6654e4649e618096eeeca74b7225cd44e0e	79585	raw/abstract-enrichment/europe-pmc/batch-0223.json
9e2fb98805934887bcc93df2914d8f6e1ccf423dff7d0e44d1b3a42c4a80513a	96537	raw/abstract-enrichment/europe-pmc/batch-0224.json
53c7dcccd3765681e601dda591f92bf7db1bf24f7eea44ef30f46925cd720411	105076	raw/abstract-enrichment/europe-pmc/batch-0225.json
d878e227ddb798faa9cf5c264cab340958667519121effd33327a58f5496aad3	82768	raw/abstract-enrichment/europe-pmc/batch-0226.json
4ae443d144ab64da5e6ee82ae9fa9f11d7340c455478f7610b5cfe4134a50aa4	125130	raw/abstract-enrichment/europe-pmc/batch-0227.json
b39cf99f8c0169c678da7f7c7ee9f8a79e72a4b08e6a53769c5cba2e384c2363	72563	raw/abstract-enrichment/europe-pmc/batch-0228.json
0ff2561f7c33a9b232c6c9be6a815709b701364c7e931f6803dc500ea7c57576	70059	raw/abstract-enrichment/europe-pmc/batch-0229.json
925a9e1a3daa3137a4cb09acca861f851d6dd2c5716186d271f91d40f8c00b28	85195	raw/abstract-enrichment/europe-pmc/batch-0230.json
41feb17dd42f8679acf2a012084c00b9392602f6d0fa2b2a595d4abee3c096c6	73733	raw/abstract-enrichment/europe-pmc/batch-0231.json
6d689e815e8f2b9d1fd5885b80f0cfeff0cdb3d6e5621acd0a8121ac6ae821d8	92946	raw/abstract-enrichment/europe-pmc/batch-0232.json
a9cd34a4fb2098393cf689cfb1563139229f519ba162cdb94c946f6c3b19d573	79219	raw/abstract-enrichment/europe-pmc/batch-0233.json
ef180b4ecea5ab40aa8acccfbbbd011b609adc8be61eeb921d9a13f9f9d23bb1	74146	raw/abstract-enrichment/europe-pmc/batch-0234.json
bdd51d06d03b43aeed626b198cc725b267d538b0e90827faed1be5d8c92403b5	90306	raw/abstract-enrichment/europe-pmc/batch-0235.json
021ec7d05ab20f3bc9e4afe6bcdfdb3c1eaf95e34b62f9c5c285527066553718	65976	raw/abstract-enrichment/europe-pmc/batch-0236.json
7d7dab2ad77c2e544d713e33f294e515b1eeb5fbbf31763d24ada5a83ec0a05a	104582	raw/abstract-enrichment/europe-pmc/batch-0237.json
0626f8a8217b9cd86c1e6230730c31b947825246fdaf856c5b338b9cda84ede4	96381	raw/abstract-enrichment/europe-pmc/batch-0238.json
28cd2f00baa746c4c26cd13d92096fff8cc705e28344efa367d49268ecca9540	89791	raw/abstract-enrichment/europe-pmc/batch-0239.json
db7defc03e5dfa8ddd5722d27ecdb7d68be9d10682f7cb87e62d9371908d1cab	67844	raw/abstract-enrichment/europe-pmc/batch-0240.json
3a0b483d29e253e94f1cfb59096c38ad9a2e3fbff224a7cff244d7c53b8a1ff7	90593	raw/abstract-enrichment/europe-pmc/batch-0241.json
797aaf9aabae0d21cd82d0ed2dd2d90941326d2f8261cd7d15b625d854296c54	97690	raw/abstract-enrichment/europe-pmc/batch-0242.json
b55e64e0794d0e32d744cc6594d5b86548a1e4ca6d70d04ff18682393400c632	81030	raw/abstract-enrichment/europe-pmc/batch-0243.json
9180f7f82661574b36524eb7cfc67f8cf17eae9e4e97e53fc768c0ae274a2bea	100134	raw/abstract-enrichment/europe-pmc/batch-0244.json
e92f4ddc2ff2d44810430fbaa7e5a287ba401769e347d707fcc80719cc22b1c3	75434	raw/abstract-enrichment/europe-pmc/batch-0245.json
645d686d459e0dd5c56b7e1346b1969521da0cec926f640bf7a611c9e0e8eea0	76312	raw/abstract-enrichment/europe-pmc/batch-0246.json
71cf2688e6d656837f16829076abbb2beb9366ceb50fa8dae47f22fcc89f3ec1	86668	raw/abstract-enrichment/europe-pmc/batch-0247.json
4d8de00a9482662ad3be1164e719e08d24ec0a2d95521982915cfae32e531448	104504	raw/abstract-enrichment/europe-pmc/batch-0248.json
d520551de86c02c24bf43be0e492539bae8f4d77f19eebd26871b936c34ce52b	105104	raw/abstract-enrichment/europe-pmc/batch-0249.json
8551293bafd483e18fd631f3cf3ff16699f17e1d262f8b1d290b92dc2df37bb8	109429	raw/abstract-enrichment/europe-pmc/batch-0250.json
818544505a85dc4d677a18f615da59cbcd11d3dac0793909370fe9bf55d57f64	89444	raw/abstract-enrichment/europe-pmc/batch-0251.json
a7ec6ff3b56dcb965bedd827f79be8a21757646b8de864af960e0714124275ec	57049	raw/abstract-enrichment/europe-pmc/batch-0252.json
b47e6c0151d8144c687b92a8ebe277902641d0d68ab17a2f1a1acd26cfadffed	74586	raw/abstract-enrichment/europe-pmc/batch-0253.json
1e6520d0758ecc62cd4ad58a9ee86cf2869a97626d78bb325ac4365c576aed4c	101010	raw/abstract-enrichment/europe-pmc/batch-0254.json
2db9e4b9ae00cd445bcfae2be3337fd6b5c5101ea4f7c1a5e867db27fb377367	94688	raw/abstract-enrichment/europe-pmc/batch-0255.json
169805fa768259f16efb83d5d7b83ab60d3f705182704d671bdcaa97d0873769	90538	raw/abstract-enrichment/europe-pmc/batch-0256.json
831ac273d13e101f1ce388ffd9e4f07c7af8f4e35a3d1d65fe75f54e809eba69	87911	raw/abstract-enrichment/europe-pmc/batch-0257.json
aff70b21b8a4bbfc33d3bbe606659e667fd54a024ad4af8ab08909cdb203b815	61895	raw/abstract-enrichment/europe-pmc/batch-0258.json
661d55dd703f9be23ba928425c4249b6c03ddb34dc5dc69aa65eb88c551313c4	72985	raw/abstract-enrichment/europe-pmc/batch-0259.json
2c321251e2860c00e6e109d5f8921d9810d02f458d69b3e6f871b1688edfb24c	81939	raw/abstract-enrichment/europe-pmc/batch-0260.json
ecfa796e3d8c3a72f6aebf800fb5381a8acd0411ccd77f05207350e4150cc7a8	92266	raw/abstract-enrichment/europe-pmc/batch-0261.json
127d37bbe03675865ae2a07e45e4988c2e4a2c03a59c9a2a8556fb832fea4719	69757	raw/abstract-enrichment/europe-pmc/batch-0262.json
5f6aa4a99fa0f0bc5399b49af6638ee3e9224db28b7522813143348f9a8e7381	96980	raw/abstract-enrichment/europe-pmc/batch-0263.json
a1ab943a9db610715c2ad9d24bcb55ce32453999a4c71bc9caac356a5595fb41	100374	raw/abstract-enrichment/europe-pmc/batch-0264.json
071a9ee094d0c053cdf41438d89b7a7865edfee7a704ce55d7a2805983ffe7e1	46369	raw/abstract-enrichment/europe-pmc/batch-0265.json
719fd1a7d6b15cdf70e74c27c7ab65c938bafad5d90a0290b5bf7d237dc85af1	69593	raw/abstract-enrichment/europe-pmc/batch-0266.json
02f1bb02b79a58b64cde44c66207485b50664538236805ff4838026069f4ee42	83940	raw/abstract-enrichment/europe-pmc/batch-0267.json
e8b317ca3b0a665b0abad0df5cc72ffa661ecbbaa9c2a615253b19d02d63a5e0	71351	raw/abstract-enrichment/europe-pmc/batch-0268.json
d728504c61c6d01c2d54e9a9a81ec675e1e81f4cad8f961672ea1d5d71809e59	90530	raw/abstract-enrichment/europe-pmc/batch-0269.json
d1f6a556192a0539cb95d3d721f13737bb853ca1accc5ee09bd7ddca8ae6ffbd	92074	raw/abstract-enrichment/europe-pmc/batch-0270.json
be36d34bfb545191171a8a2f1c76f4a4ebdd71a93b8c0702e323819e6b34f7e8	86288	raw/abstract-enrichment/europe-pmc/batch-0271.json
5e3d0678b9e756d73dad288a75cf22f8e72851234e24157d2a00551901aaa9a4	94130	raw/abstract-enrichment/europe-pmc/batch-0272.json
f67446b06032673c74776ba42954217c19383b61e541fb948e373aba689e8e9d	72131	raw/abstract-enrichment/europe-pmc/batch-0273.json
80777b217c35da839466878bbf0dfbbd7f0ee5bfc9789282ad23b6c3e02acd97	88812	raw/abstract-enrichment/europe-pmc/batch-0274.json
57e4b1cf4e09b15f003b1b349dba66e0f94d6b5d116c962dba1b5549d38fa855	66992	raw/abstract-enrichment/europe-pmc/batch-0275.json
698cea7d9b4865e17908ec75af17e206212d56664e3538c6298ffbe2f43e8a65	60610	raw/abstract-enrichment/europe-pmc/batch-0276.json
fb30dba235708aac3c0995cca2624056a5438b48a170e98e8ee2636fba263c77	77513	raw/abstract-enrichment/europe-pmc/batch-0277.json
14b444b29ba434409f9c5728cd9c67617f33444002243a05b8cf70e3d502ea5d	68974	raw/abstract-enrichment/europe-pmc/batch-0278.json
051d7fe9e3681c3d23dc09ba71357e8b5b6839ce723211d29a5d9ea8b6435951	82519	raw/abstract-enrichment/europe-pmc/batch-0279.json
0632d283aef73e64de0b590c11f6997bbe2228da7f84f7515f8dc6b9cc9cf102	89420	raw/abstract-enrichment/europe-pmc/batch-0280.json
a1745be65c3c8bac7cb2bd80e6f7af9bae27c8da908e629b13e67c7a5a0a1482	59145	raw/abstract-enrichment/europe-pmc/batch-0281.json
ed473e0ce66be289923424bb8ac26a18dda4dace1501e0e8de45510f3d53f294	65307	raw/abstract-enrichment/europe-pmc/batch-0282.json
96a7832ecfe8748a94c806a216b958eae92c1956d05336901ccb2e89268333ed	102174	raw/abstract-enrichment/europe-pmc/batch-0283.json
82bf7e084c3e8e10966a33a4c39314c5d0d9e9f26029c98762618718eaff63d2	87211	raw/abstract-enrichment/europe-pmc/batch-0284.json
de6adbcbf75c2a299f2db34d24d75b789d826877c657ec67731a1ad9b7a0137c	54355	raw/abstract-enrichment/europe-pmc/batch-0285.json
e26f7c90a2d3634fdc38e184e7c447c7bbdc93fc7d0abdcdf0408aa33fa10bcb	87495	raw/abstract-enrichment/europe-pmc/batch-0286.json
f333e1ab9cd06bbd008287e8730429cb0ef391eb4a70be5274d23c8a8733fc48	60071	raw/abstract-enrichment/europe-pmc/batch-0287.json
ba8019321fa553633863681539c551b56e72f87fd0b8477aff3f2fdb41ba6f71	75264	raw/abstract-enrichment/europe-pmc/batch-0288.json
97d017d7bbe1268d5b4f8542c2957ab08ca6b3c3f279ee62156a6b2a64ae1d64	58523	raw/abstract-enrichment/europe-pmc/batch-0289.json
3b3ab61e644808c962f6453ba621c3e0bf38faaac5c8f82694cfd37339b32f71	66363	raw/abstract-enrichment/europe-pmc/batch-0290.json
e697bdbd8c724f52ce42fe9d5667109a307fe7c1f580b793970098a207db900e	66837	raw/abstract-enrichment/europe-pmc/batch-0291.json
f73f8ce790d37d27963c3067022c6d7a59dd7a883084791337fd60d1341b06a8	42071	raw/abstract-enrichment/europe-pmc/batch-0292.json
e128360cd5c3ef3d281e6546657abdc374ad0ce0f8f99348b2740b9a5d30e510	59037	raw/abstract-enrichment/europe-pmc/batch-0293.json
378e85c711ce861d79951048835f8ec496a8ac5c9dd7fa72cd3e76bb578e96ab	45503	raw/abstract-enrichment/europe-pmc/batch-0294.json
1e2dc4661f94dc1ff00011547866b58b89e9a14024d117aa497b49b89801f1df	53011	raw/abstract-enrichment/europe-pmc/batch-0295.json
503d4c307fed3474d72e0c5adcabe64cca79b25e0b34d5599ecd418ea8153bd4	47096	raw/abstract-enrichment/europe-pmc/batch-0296.json
a76a6ccbe9bc04e2a4bf6e319ad1345ec86c67327e9b8fa628312945fe624d87	59670	raw/abstract-enrichment/europe-pmc/batch-0297.json
8bbd5482046d18f728b432578a206e6eb793e4c2a973291862e55dafe1b93e77	86246	raw/abstract-enrichment/europe-pmc/batch-0298.json
e7bcba490da59901f1c2106b16f0ca4e01233eda8587fba669424622e8f2455c	81816	raw/abstract-enrichment/europe-pmc/batch-0299.json
d6d3caa66a44d71033a4ebbae4a2630d11b550b300f0264e3179e10a635292f9	73124	raw/abstract-enrichment/europe-pmc/batch-0300.json
dc7b99ef68b353189292a2163c1e53e10b89f8216ab6a01f434c833f14d2d56d	69401	raw/abstract-enrichment/europe-pmc/batch-0301.json
538af7b48e9e1ef3fbfda7c2da64e7f2591eced0380cad3c9867daf195c6e467	75117	raw/abstract-enrichment/europe-pmc/batch-0302.json
b6e26280dbe00b9704016f2577ec8b6b321af5c732c3dc291c6da3f8d0d5e9ef	47609	raw/abstract-enrichment/europe-pmc/batch-0303.json
bec8556ce6422b910bb991490da536fdede1bc9937626d21ef71ef24ebae11ed	77636	raw/abstract-enrichment/europe-pmc/batch-0304.json
a442e976e8bcba50f59ca7a7df15426d411d63516f168b7bd987b82fd66bc8b8	94761	raw/abstract-enrichment/europe-pmc/batch-0305.json
2b8b8e04e0506a364216caa7660b4fb8ef7f3bf0ecd2eed2309ab1353c56ff4f	70696	raw/abstract-enrichment/europe-pmc/batch-0306.json
e846aab70ca89683d46909ad8ac8f288a1fd818d672c6366a394c82e26506d38	57109	raw/abstract-enrichment/europe-pmc/batch-0307.json
6bd746a09e5c3059463e7f6ebdb3b55e38b98413b4d89e807f2fd21bc61f722f	74465	raw/abstract-enrichment/europe-pmc/batch-0308.json
bbc7b9f3ad04e8759cfca18ab7ff0ecae17062041ae6f54cc4f625693201b9da	63201	raw/abstract-enrichment/europe-pmc/batch-0309.json
c14bae6575615b96c2ddce83a9d7d71d3ad8809f1265b0c81c7ac2d0ef410a00	80285	raw/abstract-enrichment/europe-pmc/batch-0310.json
218c8b9dfb5b6b1f90a6d0917aca841b10c14d53c644ed2b50e2b425804b512d	59026	raw/abstract-enrichment/europe-pmc/batch-0311.json
5f45ad47761a2f259f4c074f8e092c65956875ef9d349cbae2ef077dd8c50ca1	52350	raw/abstract-enrichment/europe-pmc/batch-0312.json
e8d9d5d5d7a13b6dd5cb101d9862d04c80a0080db99ccb003dda4fb57f10e561	35270	raw/abstract-enrichment/europe-pmc/batch-0313.json
5039a242b8d1b4b4bffaeb366834d8499d3ed7d18a370a3f5f43d4277c1bd9ac	43523	raw/abstract-enrichment/europe-pmc/batch-0314.json
f305b4c8603426cbb769104cee8df452ded7a8f9e439abe2f4e2257438260523	27061	raw/identifier-sources/orcid/0000-0001-5000-0875.json
ea080d5d726b2c71af20b6df4dc36196bc848229402c441d7c55a5e574b146c0	114734	raw/identifier-sources/orcid/0000-0001-5030-430X.json
c79e91867a172f29c38cdee8d696eef2734ad9520401fdfd4e75f6c1272b4081	74	raw/identifier-sources/orcid/0000-0001-5062-6886.json
0711b00f83be573b39ea297d72217f1d1e97296e46c8b8bd910c081fca50a7f4	69529	raw/identifier-sources/orcid/0000-0001-5473-3857.json
ed14a83428be2ce2d64a3baed4e99676612fe851f3fe146224f0296ca1bdcd63	579703	raw/identifier-sources/orcid/0000-0001-5645-7091.json
c0583744119492cea342255255983ba840da1334905a34030d29a5917bdc47d8	74	raw/identifier-sources/orcid/0000-0001-5674-4795.json
face5678f530b014790d81ab6f25e28d59c5f70a3d0873bc5057b6876a1c749f	52825	raw/identifier-sources/orcid/0000-0001-5782-1844.json
4410af81128fa4daae7f92104ba1983f9cfa08d7fbd1cd10c40255d0d25194cf	180601	raw/identifier-sources/orcid/0000-0001-5824-9405.json
f71be1e442a5b3e8116fc0d0b2200db257bd748e53099db22f27aa2e12d2301a	342343	raw/identifier-sources/orcid/0000-0001-5968-0416.json
dd38b4a21d8f960a8de08ed6621d600ebdac9839c88a9c5fc32607099e581558	1766	raw/identifier-sources/orcid/0000-0001-5984-3588.json
863060a57c6833271f408bc4de379846056e5a54067a31734a53be41244c9f85	935876	raw/identifier-sources/orcid/0000-0001-6042-1243.json
68037f2f6332d43303501beac77c0dc916e62c2eec07a383cb21f5eaaf8f7ccb	93482	raw/identifier-sources/orcid/0000-0001-6211-3471.json
826a973cb9417242e9eaf05a64e805bb2c43f2ce8279aada1f958ece42b87b98	24405	raw/identifier-sources/orcid/0000-0001-7093-3058.json
a983fd961665c9564e8b95e7839db2842c14fb596a39977b1865088251a24e57	32362	raw/identifier-sources/orcid/0000-0001-7261-1255.json
ddb053643af3740622a85cfe4fb96a408fddb49ce21a3cc315ed7306c26874b0	95287	raw/identifier-sources/orcid/0000-0001-7300-254X.json
29c1f64d943571824c3ca768bbd58e18f934d931da0f5fba6a08f4095885a56f	946156	raw/identifier-sources/orcid/0000-0001-7358-9037.json
c8103dfbafb2e0a8be29e4007a68040d6b4377f96fb6e79e7db2affcd5a0917a	1599475	raw/identifier-sources/orcid/0000-0001-7365-1988.json
0f9e98f3eaaee6d5ab8d821b2bb0113e3c10736cbe0dccca3757cf770b88124b	803040	raw/identifier-sources/orcid/0000-0001-7443-9890.json
e0e30d58d4dcdf04e2b2a5035c9e851189d96758121bd807bf7531b9001640d5	26387	raw/identifier-sources/orcid/0000-0001-7645-2079.json
802c7493b32c0b5784492987af3b383722cb13496b627d9cf7cf8f9a0aa95f23	78444	raw/identifier-sources/orcid/0000-0001-7668-3934.json
e1dc5fea2f76c09c96e2b27e084327bc7ba7d521796926826f137e6ca9f85b55	131319	raw/identifier-sources/orcid/0000-0001-7692-4099.json
1e45d4064c0bac6e32de9fe9094696330dd672cfc65a77e3427d05cf4cf618e0	99426	raw/identifier-sources/orcid/0000-0001-7719-6986.json
1ac2b00022675054cbabc90f9dca656ecfe0a149507b53728ff4acd23ec0fb5f	590006	raw/identifier-sources/orcid/0000-0001-7741-4760.json
d132d20aa1573d1df95e4271ba5829254121079211c2f0647d0a45e752c5e9b4	16145	raw/identifier-sources/orcid/0000-0001-7821-9131.json
6d4b14382023e59dff98922d8e495c2e5edac49051644d88fa420e4cf0f3183a	15461	raw/identifier-sources/orcid/0000-0001-7859-3684.json
1ae410b713eb54ba5d62088f599ac13ca08af658888fec593ad5a8ba0e95ba65	62550	raw/identifier-sources/orcid/0000-0001-7946-8324.json
bb1a234fd90db3476f1a55056d64bfe9282bb63f7b59ae4ae20bd711511457d2	74	raw/identifier-sources/orcid/0000-0001-7977-5156.json
536853e8e6fe59afdb2c32491dee3a15ad706ae337633331f1ed931ea28bdb7f	409370	raw/identifier-sources/orcid/0000-0001-8024-7801.json
d96afbda6efc22bbcac65beb28447472e01ac8b0b57ad4b61206c3c0a40737bc	74	raw/identifier-sources/orcid/0000-0001-8433-1402.json
23be809351c94357f83ae52a17744761e86fb1d1d891128ff9946453d3b1ff7d	44779	raw/identifier-sources/orcid/0000-0001-8452-2591.json
e92efa52c3916359488006f0ee417f09a736b689d31d3d89f6347b23ed2226d5	28398	raw/identifier-sources/orcid/0000-0001-8695-9738.json
8061412eb088115a96d63618a92ac205aeb901e679bac8a1df178935c19f238c	1676369	raw/identifier-sources/orcid/0000-0001-8706-3159.json
59c3238a0ea22264138cfa84a29088397834861f3525637b8cd48dc9af65560f	60686	raw/identifier-sources/orcid/0000-0001-9145-3694.json
644c95c5aa0cf299fbfcc62dd95b1e584c8dfaf6a9eb51be722161c447b9558c	1677	raw/identifier-sources/orcid/0000-0001-9218-617X.json
e53ab533bc127bf05c6175cee9c2834c8fbebdb3fd28c28afe4cd111491da1aa	114864	raw/identifier-sources/orcid/0000-0001-9470-2369.json
cbafffab66022ab840a2ef000ab83386b316f99623b6aaf7f8c3af508285a40c	74	raw/identifier-sources/orcid/0000-0001-9472-2669.json
cb9ef7d4abfe09f165bc4f05fc239b295e6cdc800e451288c7140183652d7aac	42953	raw/identifier-sources/orcid/0000-0001-9488-887X.json
0bbd4a75a3d4f43a6fabd9929d2fc465f7582413e6c18cdcc0c35b72c9fb4b65	24518	raw/identifier-sources/orcid/0000-0001-9492-7875.json
244c74d07ce628d71cae0dfa70f806d4f5860e76f0cb0d7c9de064c7ee9bf145	334998	raw/identifier-sources/orcid/0000-0001-9499-1500.json
eb3a8d77d7f21596fc72fcb2d9e4998dc36104654898453837b3a791e02283f1	74	raw/identifier-sources/orcid/0000-0001-9552-6969.json
f8e1dcfb1f745f66c26460f2745be35be9a48c916c1f5dd76e0cbeeeaf1e9e61	27280	raw/identifier-sources/orcid/0000-0001-9556-0075.json
36488532d18a9481cb22a43541f91691a5124902d23cb196bd2a6b38e1970123	9601	raw/identifier-sources/orcid/0000-0001-9579-9625.json
7431c680e73b4d3012103974a88e8a7165f3158f362a525adc7f8cc805564325	74	raw/identifier-sources/orcid/0000-0001-9636-6012.json
d2c727486b28bc561bc0e9457745b07d37d35f8dd8bf5926dc499704d3e9618f	74	raw/identifier-sources/orcid/0000-0001-9674-620X.json
d8b67241a17d9f40ecb13e658902698002df7e937423c950c05e1060d8084cae	1590	raw/identifier-sources/orcid/0000-0001-9698-6094.json
4b2eec7b0bf8f54218f5d91e18c6bac1bd548100632592d64ecf882a8ac0176b	27942	raw/identifier-sources/orcid/0000-0001-9729-6992.json
6fabeec21e63004cb1ca148625e746aac4bdbbf94a2cb8451479decfba4db30a	62473	raw/identifier-sources/orcid/0000-0001-9763-3485.json
b39f0efc07676194492d24f1c1c087d83e2c247d87abaaad9fb914d4e073599a	197202	raw/identifier-sources/orcid/0000-0001-9962-7775.json
2b73bd9f8801d6eb0abb47b738e7d6195e474468d77f8cadfa6ee9380b11f01b	462066	raw/identifier-sources/orcid/0000-0001-9983-6219.json
63e1cd8b62273f150bfa6274c0276f5317933240857704435a6aaab66d54a8fa	74	raw/identifier-sources/orcid/0000-0001-9996-4317.json
bf0198845db6be3f92d6ba39781d190dc95870d50b6d563287693d05a45710ec	205523	raw/identifier-sources/orcid/0000-0002-0006-6769.json
429c5b7ff09c5af5e98a97eb0a371a999e70cd48ec2f665bf0e47c79684214a9	1689476	raw/identifier-sources/orcid/0000-0002-0039-9635.json
e284ea55dc3db0564244e7b21cc00a9fef0d2e5dae4736ed82f51658da5ae8e6	122708	raw/identifier-sources/orcid/0000-0002-0174-4066.json
3fecd1140fb6b436dc83b5330f22a32b2069b7131ee51b4200bb2306ed88050e	175659	raw/identifier-sources/orcid/0000-0002-0715-7591.json
d8b5310d71e6c2f2b81dcd07cfa104924a1ed67ff5271b0783e6a4541f2fdb57	74	raw/identifier-sources/orcid/0000-0002-0759-7087.json
4b847a1ca171350f81e5e88fe7c5e70bd20fe11d702bb14d05d69420c81fc5a2	923410	raw/identifier-sources/orcid/0000-0002-1001-8883.json
cb4828177ef4b7a53383af48607c3a0727375fa131baf8e74b738bcfa82eef99	11130	raw/identifier-sources/orcid/0000-0002-1083-0994.json
7f4d45c82a71ee61d4a9c7d657d2ba3afe1563525b09b52308de1d2b68ab6c49	168986	raw/identifier-sources/orcid/0000-0002-1148-4747.json
1d673818925b3075e030842206accc0fa663c6553a722171082d235be8e806c1	22247	raw/identifier-sources/orcid/0000-0002-1238-7156.json
d6919541974628bbd5df2842cc1665099e50c03ddadc20d15ee04943f1230f3d	38523	raw/identifier-sources/orcid/0000-0002-1294-1874.json
0bfdf3122c7cb12c8d0857220745bc1934576ce9452a34188fbd805fb1726e9c	38891	raw/identifier-sources/orcid/0000-0002-1320-8084.json
eec05f5f1ae6c38a79ed2955d43e2f4d66df63f0dbfd5309e67c2d993308b21d	471464	raw/identifier-sources/orcid/0000-0002-1349-6434.json
15d4d1d864cfa46285929cd449a99c65fafd33d8d09fd3c340289f68fcf09e31	12868	raw/identifier-sources/orcid/0000-0002-1450-4790.json
f950439b873440a1bbe1565e7cf63175755d00df47c1c17afd8ec769bc5f121b	1020901	raw/identifier-sources/orcid/0000-0002-1510-3462.json
77ba6170873e0b7c7aa6d02a00431787f3fa5926db77ec50e77235f80d77136b	56582	raw/identifier-sources/orcid/0000-0002-1561-5361.json
0ca88c2b7af77c0ffeb0181b734f45922bbde8855bc308fccbb76d2afb5a0ec6	21069	raw/identifier-sources/orcid/0000-0002-1856-0968.json
8c99be73426a38b7b94ba7326578589e9027d72f1c733ab6880856cb48d9cffc	33598	raw/identifier-sources/orcid/0000-0002-1908-5708.json
e9bbc885fac062ff48960517adaeeee2ef8d05fb03535027c4306400a9ede989	107538	raw/identifier-sources/orcid/0000-0002-2031-095X.json
3e1d91de1e957f4a437eb763542a8dbc20277f8cee60fa7aa5e1fdda67d2f7c9	4937	raw/identifier-sources/orcid/0000-0002-2055-548X.json
94d3085cc5da802f5ce58d46c7c0ff2714091dd55049d0fca5a8f33903942ec8	243527	raw/identifier-sources/orcid/0000-0002-2174-6800.json
4850e5e036009c4319b12c5e6384dce06bc5f8a8a7dc291df1d540322df431b3	196630	raw/identifier-sources/orcid/0000-0002-2243-8818.json
3d7006cf036be4ca0e6836d687df471f628e529dbf09ef1fc636df74d3468696	247932	raw/identifier-sources/orcid/0000-0002-2446-7903.json
bd414297b86d84f2d2531b1c1cfd41b86b385a0e0b53f36c2f1790d08da8fad3	74	raw/identifier-sources/orcid/0000-0002-2492-8933.json
642debd709907f1401363c47a2bfb1ccc4a093ecea4b878a3eff32bbec0d5b3a	53213	raw/identifier-sources/orcid/0000-0002-2576-9110.json
ac91b64f472a5df5c835a12cacb0f2bc7c9d9ca849cfba8f4fa18d1493842d77	74	raw/identifier-sources/orcid/0000-0002-2612-1789.json
66d24289eeb298e374ef7bd35c696f040b059b72f7518c2086aa70ddab57e5a9	3289	raw/identifier-sources/orcid/0000-0002-2656-0570.json
84636702ff16bfd1f6ea025f8f5e270be2bde4cbd8b4e51919ccc9b966798667	153482	raw/identifier-sources/orcid/0000-0002-2695-8917.json
c8518a48b77acc46a0396f3adbd6931128a73b33ea1f6bfa99e04e451b36e9d3	6526	raw/identifier-sources/orcid/0000-0002-2747-7955.json
efb0a08df79252be70eda7d2958950b98b007a126173fce5636c2a7f5c84286d	94759	raw/identifier-sources/orcid/0000-0002-2803-7337.json
be0f2dfab4f5271a8ef2e125b4db5308041c54139629e7f3758c5e06823911ca	126054	raw/identifier-sources/orcid/0000-0002-2833-0621.json
93cc8b9325f927250da6cf6eb041695d5a796d1548d58ca986ce3670801677b4	44349	raw/identifier-sources/orcid/0000-0002-2914-5022.json
fb47ec9b5a8fe7caeec16c03b5e76ccc1c0cec5cff98bfca55c83feac8cdad94	38805	raw/identifier-sources/orcid/0000-0002-3110-6954.json
77b324a87f588ccb650200764393bfc21ec903f7b80674f301c8ed27dc4ec5bc	321720	raw/identifier-sources/orcid/0000-0002-3112-3893.json
16749c9efb18870dd4318d9e062a669eadecd9166c6992f6c28b7aa5fba3c6db	133340	raw/identifier-sources/orcid/0000-0002-3213-7373.json
d5b438566f5b07829fc3f60e5f221547d1e22c8861b95ddb68bb59f9b90379e6	20133	raw/identifier-sources/orcid/0000-0002-3370-1554.json
d26953d47519003fac8762ac95609fa939974d2a1b7b3d31369b39925fba2997	904153	raw/identifier-sources/orcid/0000-0002-3425-0089.json
008ed1668f5e3f8ad505b070e22b27ac4e9b668dcd9eb426c97fe405676ba4b4	86841	raw/identifier-sources/orcid/0000-0002-3530-7921.json
f7e66d97255f6d503f70a50e1d55e500633017076e25820a574f495302f1b6fa	949340	raw/identifier-sources/orcid/0000-0002-3607-0508.json
4a41c4adc020dc07843da81281256414d5543ec4651269de1c8a7b697a795e09	706448	raw/identifier-sources/orcid/0000-0002-3879-6193.json
8d3f4668f17eddee9d54f6aa735a56f2add385f860e1749a0f07a6da2c1b026d	65466	raw/identifier-sources/orcid/0000-0002-3975-4868.json
1372cdff8f5945e5211c9c0b2b5f1529a87ae9e320837517ebe1ebbd0198cad6	35546	raw/identifier-sources/orcid/0000-0002-4212-8438.json
e130d3830a8a4e9acf63d4d016294e0839cd8c89c79c39ca46e6aefe5362ef87	74	raw/identifier-sources/orcid/0000-0002-4301-4790.json
e7c8976d9f1a92d60f9fc0039e205410e93beef60a7bfdb2cbeddd54de1528ff	21033	raw/identifier-sources/orcid/0000-0002-4476-0656.json
1cf7879e59f185cc64243d69dcb264797939788f027a7dc5f1ce645d4e663195	48608	raw/identifier-sources/orcid/0000-0002-4479-9948.json
f6cf0483c85219f6787b1a84478fa0ea6c4e774265b166293cda1ae73b558cbc	74	raw/identifier-sources/orcid/0000-0002-4534-4857.json
3b494eac2ae03d49f830d13dbfabbc0e58e69e330be7373480d65b1564526de9	74	raw/identifier-sources/orcid/0000-0002-4574-1318.json
c11166f9b30a3f5949437992e81e7295c09e5f97bceb5d5968243fdbf0cf0afe	101789	raw/identifier-sources/orcid/0000-0002-4927-7858.json
18549c859d1d3f4fa70b4495c1a6ec2d2d410888f3cee988fa53901c2ab05d0c	148757	raw/identifier-sources/orcid/0000-0002-5228-1292.json
c6509b22ddec04de63e1011958e07b9df1524c6e9ed8371f757a1f4e3019783c	266593	raw/identifier-sources/orcid/0000-0002-5269-509X.json
17c2ab9a3e794e4905c59fd580da82e6c4952c0f4d5535454482b5d096dabfa4	403563	raw/identifier-sources/orcid/0000-0002-5416-5893.json
b543bd302bb9eff292e77b4bcef3c7c7f7562380f6e6da732052d08a099392f7	455199	raw/identifier-sources/orcid/0000-0002-5629-9270.json
64635902cb1c35e9124fb16a21602d910d9f0174622d2f9d21ee4d611e173567	9876	raw/identifier-sources/orcid/0000-0002-5880-3354.json
898ec2f5ce0daccedc2becd7d6bd1927dabe0349df12110ef99f9e747a8aa483	423399	raw/identifier-sources/orcid/0000-0002-5941-6823.json
b32e5f0c0ca18e444878d3ea22f4a11460ae6c1d2faa23275cd84184d48c613b	32542	raw/identifier-sources/orcid/0000-0002-5953-5929.json
5d0bb3fb901b56929b0f9ecf5fc8d13e97aec092b7934143a9fa98bbb50db7db	14813	raw/identifier-sources/orcid/0000-0002-5956-8309.json
a679e20f9d3adb8383bb4c998a0a208affe78d3f2401572fa861da33492fb887	9382	raw/identifier-sources/orcid/0000-0002-5970-1122.json
f48b237a9cea576c4946bcbf003b1a42581bdc2e60634334a80b421560b9bd44	29015	raw/identifier-sources/orcid/0000-0002-6111-8008.json
f734c686dfbacb846ecfa324aa35eff9196b2e258ba60e57a72c8b868ebef751	46499	raw/identifier-sources/orcid/0000-0002-6552-5153.json
33068b55f12d717b5c46c1f09d266a29c3deb82e2d679a02209f94747a6d7e01	355481	raw/identifier-sources/orcid/0000-0002-6625-0649.json
d66dee3d2ebeae1cd07aa606bcd279487e9910db5e9e45d1f1d98dde06cc6fbc	20334	raw/identifier-sources/orcid/0000-0002-6711-5262.json
45fee8b829c04caa85b549920660d69a2993a72bacdfd6a1a4d5dff423a477cc	3383	raw/identifier-sources/orcid/0000-0002-6771-6746.json
a289c7e6d5a56186378474ca3f27cc362dc8c3db0bff6124e8ac13a240d9d6b5	72302	raw/identifier-sources/orcid/0000-0002-6826-3865.json
8c56f926c6443a1af6b018da9ea4838f8e88a221896699622275935f493c2f47	89869	raw/identifier-sources/orcid/0000-0002-6826-4278.json
13c49d0e1c63377856a393b1da656a15329edd87d4e47e01e2558e3fa183d42e	282908	raw/identifier-sources/orcid/0000-0002-6846-4341.json
545b07a42d58bb6eb0c0c7d371fc4d097c49864d76fc02a3b730ba28d8060f71	374831	raw/identifier-sources/orcid/0000-0002-6895-6071.json
e84c58c25841a4ef7ab97f28c759b1a105828f43dac82cd21a4fc29136ca465c	33141	raw/identifier-sources/orcid/0000-0002-6915-1865.json
160da0fd7d504008735bab0bdd967e52093c315a36a4e4ab7eb6c15fde84b72e	78225	raw/identifier-sources/orcid/0000-0002-6943-753X.json
2aaa2bed4f7495ce611094fb2cb182ef81b29e79349a80fa56526ecca9e5b432	534279	raw/identifier-sources/orcid/0000-0002-6981-1771.json
04481334a45bec49877b94dcbdd161d9df73469f0f50f2762b48774f990c7553	58274	raw/identifier-sources/orcid/0000-0002-7094-1573.json
d2aa438a4e0e105920465c4eb894b0f2045ea008f4735140cb834ffad72c05f8	161348	raw/identifier-sources/orcid/0000-0002-7122-9780.json
9f918330d1091a27dacc4351f1c4983bbc629182159e1db5901b4be42d66dd30	84314	raw/identifier-sources/orcid/0000-0002-7315-3230.json
895be89d814db234f7b56d6d52dc710bafe1f8462d77e1cf11d363917233289f	92033	raw/identifier-sources/orcid/0000-0002-7336-3043.json
c5c42d880660aab125177a0efe39233837f834342f3fae3ba9f402286070caee	57131	raw/identifier-sources/orcid/0000-0002-7363-1327.json
1adbdc3467332159f9ec2d3529e3fe2540087a4f57f4180f576bfae01cbacb42	104165	raw/identifier-sources/orcid/0000-0002-7444-1584.json
64f22774a4d695fe6e82fbbed9aae43a18295878e8ac2af33ac657fc7e62e764	3257	raw/identifier-sources/orcid/0000-0002-7553-562X.json
c9ecbcb3529e5a5018033327c746e0637b5615f4736dc143d208a73e4843deb0	57901	raw/identifier-sources/orcid/0000-0002-7597-6556.json
1f64fbda666ad419c0bffc184fec9f3238c76247fad8920d244ba107f7e17226	74	raw/identifier-sources/orcid/0000-0002-7703-7114.json
1f80d7f3a1f8acb14a95e7c4a331978cbd653b4bacd6890ffb95bfa14343e5fb	168182	raw/identifier-sources/orcid/0000-0002-7890-6756.json
8fd0b8aeb7795bba8318878999133aab13a3e937e6fa9fa834f88712790434a9	130371	raw/identifier-sources/orcid/0000-0002-7959-3149.json
d28278bb6fb9c3c94858c75b711c805563e123e9e20c062fc1c152ec2d1aa386	12649	raw/identifier-sources/orcid/0000-0002-7976-0330.json
e3f60d497a367cd885235235e208f6a01bd3e09860b0bf8cb5e1765776ee768e	165219	raw/identifier-sources/orcid/0000-0002-8025-5841.json
1c3af584401b7c46539fe97883a09360aa79e86ca9d0995151d33417fecaa61e	9936	raw/identifier-sources/orcid/0000-0002-8057-1318.json
5aedda5f283a41ecdafc9bdb8b826df8fa5c96811d257ce772109e00efd89415	308694	raw/identifier-sources/orcid/0000-0002-8152-6068.json
b05e3cd25f301e572cf0ac5496a678d919f3cd37fbbcf8f0607f91ae3d90ebc4	74	raw/identifier-sources/orcid/0000-0002-8189-5357.json
1084e6ff20ff82c6b5ab5abcb547c55eb99e81882d2c105d1503dd21cfdffa70	1709	raw/identifier-sources/orcid/0000-0002-8364-1086.json
2ca5d282f64e2fa695f6427fbf04cd98bec760d60cfd5bb9000cb2639f0814c0	586321	raw/identifier-sources/orcid/0000-0002-8467-8008.json
a4ce2de872101cd879dabc6dc4d7b5a215a316c3eaf414952b775098f17e39a6	1521185	raw/identifier-sources/orcid/0000-0002-8602-0381.json
e20989c43de9b0939fdc01f46d029fbee9d01714a7162c270182e695bc1b503c	35557	raw/identifier-sources/orcid/0000-0002-8718-5516.json
566c9da290206bcd4d6a725929f7fec936c0341af6f343240becd72abdd1617d	112137	raw/identifier-sources/orcid/0000-0002-8739-5249.json
c2db3b940e45abf63ea3bf3f3958cac84208f13404ea91199ea88c91ba03e922	80931	raw/identifier-sources/orcid/0000-0002-8784-9650.json
6956fa28553afc411e824754d71b3977314c6dbe42e544d9d38d67c502057895	747957	raw/identifier-sources/orcid/0000-0002-8990-9514.json
11037be110fc45f03dbf975a9158a0f329e96fbca76b4949514b60dedf90ae89	154890	raw/identifier-sources/orcid/0000-0002-8993-8884.json
def6e727ec125176ca651c0d5c422c4db3207ca4c01f68ca73dfc9290ddc18eb	6558	raw/identifier-sources/orcid/0000-0002-9143-5506.json
ba41f50c5168a5b589fd786a22c056db9283e72dfe7646ec496ac0ff90d77171	3290	raw/identifier-sources/orcid/0000-0002-9325-0062.json
c9baa0ec974d2c4b750dfe8b61a64862b2bb95cada08e7895642761512d10423	11406	raw/identifier-sources/orcid/0000-0002-9344-3390.json
98390c6d73f73dbb50bb7d96d93cf620a1ae7455bd78917ad486dd62f69c33e7	410795	raw/identifier-sources/orcid/0000-0002-9373-7663.json
a2fe99b0c14c17ff33519e1c2807e19029f5eb75f60723e8052ec7ab738c9033	11582	raw/identifier-sources/orcid/0000-0002-9568-5190.json
678adec7c7d3d14dd687dd4671364cc381b67b4beb1c9731f87a8ac805ba264e	209058	raw/identifier-sources/orcid/0000-0002-9684-3410.json
7d057c3f9240f21505bd78e3097bb8411ebe517df2dfa835e2c27d10e9d9293c	74	raw/identifier-sources/orcid/0000-0002-9806-9393.json
a74c6d4ef7888d38d47887495b29a2db33845d0408ed09943337b1600c84f736	74	raw/identifier-sources/orcid/0000-0002-9939-7348.json
3353f7549c872fec0d830b893ad883b1d84a77160a304802b53000997d1c0267	142086	raw/identifier-sources/orcid/0000-0003-0071-732X.json
5a4e588b24f8d18bdeb1eeece0e3fc91f5c1ad0f0ca06aa82bf7f82af0f0ef61	174456	raw/identifier-sources/orcid/0000-0003-0092-5970.json
5bab9a351d7eae887692ddaa40f3b6a0baae36881599453bab88bb2e1e8fec9e	161746	raw/identifier-sources/orcid/0000-0003-0133-2763.json
51813447805dd497a9c03ed333f2b25737b6c3664f50a9e5b44692dc4c85c8d0	74	raw/identifier-sources/orcid/0000-0003-0159-1335.json
e2fef1041e4eaa16285792226c690404f77547889b9814bb808457906d36d00b	152402	raw/identifier-sources/orcid/0000-0003-0207-4137.json
b903bd3ef7bba16fc6bb2c07474bc0451aaf3b942f044b16f8d6746096f3ef75	117464	raw/identifier-sources/orcid/0000-0003-0424-6887.json
5f2f54aa4b36af81b8411bcdc6144cd4d20fc770ec624f625314f23d3a5b5739	74	raw/identifier-sources/orcid/0000-0003-0770-4564.json
376396770f6938d8b1fe4b78e8576438fb38b9224996123ebe817e779c30d1f2	238252	raw/identifier-sources/orcid/0000-0003-1121-1316.json
84e540792fd588c27e802c66056b2beb3e9402ecdb1571121960bae835bcc34f	361771	raw/identifier-sources/orcid/0000-0003-1169-3431.json
071853b2f4ad408ed6a9580eaae68376f41cc023d23d72b627a8ae57312baf53	74	raw/identifier-sources/orcid/0000-0003-1220-0731.json
225bed12eb96f684e725ed4102b4e359114fa43c8d02a92390ca47ea9477200f	74	raw/identifier-sources/orcid/0000-0003-1252-0946.json
8615704f90363f3242b9988814cb60dbe1622d77f82126bdfe87510a382c25e1	14049	raw/identifier-sources/orcid/0000-0003-1426-6777.json
a19d4b09779f6e4ace452617f3939158591af85b3d1394aa24e97108d159c342	14607	raw/identifier-sources/orcid/0000-0003-1438-321X.json
577124a6be1837d79204d3fdb66b0acf75062a6fb7459d0f50a1bd8409cf5ff4	104745	raw/identifier-sources/orcid/0000-0003-1509-3409.json
e3e6bdc80391320ef03a1de1a07d0ff9de37571f9eb64b972f67c90359187e1f	102432	raw/identifier-sources/orcid/0000-0003-2190-4546.json
9db5bdfc8b810a4f5390775bd4144fcd4e136d9aee770daa5a072012f6ff3907	346400	raw/identifier-sources/orcid/0000-0003-2377-1652.json
5c97448afb592547f0990f98ab9878d72d66fbf441c3f712c6a886d4f7769b09	5007	raw/identifier-sources/orcid/0000-0003-2475-6497.json
f3682c20b885bb33fe9f91aeb3f176bf04b7949534e9dc8169ee62422d1d34eb	44281	raw/identifier-sources/orcid/0000-0003-2504-343X.json
4d558926b9580114d50405d0cf288455f68a6efaaa24a49c92cac2110d35f341	230100	raw/identifier-sources/orcid/0000-0003-2512-4862.json
d935a1b75c51ca951440350e1d7175d14f70b29166afa4bd5941abdbf9021bd0	17744	raw/identifier-sources/orcid/0000-0003-2546-9449.json
73c09b169433d0dfbc9fb64062c84a90f0763d263280eaffc55e7b1456955133	839041	raw/identifier-sources/orcid/0000-0003-2796-729X.json
fb5a48b00ff715a5a415ba062f197f0142298e0fa49e8a7196fe9cacf2c291bf	261214	raw/identifier-sources/orcid/0000-0003-2867-0498.json
a92a58b03ea917be206838e9c7473dd8b27f5414e699549148acaeb0aebc5dba	173144	raw/identifier-sources/orcid/0000-0003-2906-3913.json
e686f3e573a24f1cc69765231c57a830d19bc69b346088b9afb0bfcbb240a612	74	raw/identifier-sources/orcid/0000-0003-2952-9103.json
743061410f465839077feab59cf8eb259c7db691e0a17974ba0b49e695b9d478	1363002	raw/identifier-sources/orcid/0000-0003-3016-9600.json
5ce5e4d6a5657e627183b34f1c78fdad6cb53d9c29c95cb0d9d9155b41c1f41b	412707	raw/identifier-sources/orcid/0000-0003-3018-5109.json
919c4108f8ddb2bf753ec9d580fc7215f2577e38f7e25d262808c62a034b8f97	132867	raw/identifier-sources/orcid/0000-0003-3055-9932.json
9107c076ed17d330c74d9e408343a8bf8d350439f895703f98f86b7a1faca980	57329	raw/identifier-sources/orcid/0000-0003-3259-095X.json
a23a517cafbc4c3399639645617b4a2acdbaee360c61af65e2436d4eb294ffaa	1787	raw/identifier-sources/orcid/0000-0003-3321-5481.json
09fcf47e428c7d97495b98a35b59dde6904d62ce45ce9b72989fc91a6b47d9d9	38009	raw/identifier-sources/orcid/0000-0003-3330-5081.json
b88e6cc0db72aadc2bded7cef42c2381f2f8134fd5ce78186a0981f1b30bcde8	74	raw/identifier-sources/orcid/0000-0003-3513-2364.json
0aeff717cd8e3ff4025adb0e444d7605e81e53e4e2855c25b22162a6fe457594	465053	raw/identifier-sources/orcid/0000-0003-3607-6579.json
6d9170c40134b9c36ac4a15b549a6a0b43d9c0c2ff383113776aca1566a4a61c	198662	raw/identifier-sources/orcid/0000-0003-3656-8063.json
2ea3cf5604f541e7867b77d80f116685fec52fbd7f67b9dee02acef301004815	152761	raw/identifier-sources/orcid/0000-0003-3696-9086.json
e51c62dc6dff6d01b70e9843d8960bd64b9dac20e6781c5ad7bca268983f5f1d	784023	raw/identifier-sources/orcid/0000-0003-3746-9913.json
b9b666a4470898f134f0119dffe516dc4f8e637bd071c2ef0aea776014f8b802	355546	raw/identifier-sources/orcid/0000-0003-3881-9890.json
bd53947cb6ca103dbc2377b6447222c97f92347e0e9fd4bb5ff563fa5d28048a	74	raw/identifier-sources/orcid/0000-0003-3891-5452.json
1be0748ef80abce0a479c9eb09503bb57651df38e262276ce47baaca8785928b	74480	raw/identifier-sources/orcid/0000-0003-3891-8522.json
fcb87fe2f6d6c921801b4b9e80ab7cfed19c2d056c3e8702f1ac9a7c05022a5e	27017	raw/identifier-sources/orcid/0000-0003-3943-7392.json
68b7508cee439d78683e2b1a0b229d2a603e95357a5cabb4d28a8ec2c9bcb6db	74	raw/identifier-sources/orcid/0000-0003-4042-5997.json
09773ed51a3521907fe9385edf213c005486f0dd5583759b7013931ace0dff32	74	raw/identifier-sources/orcid/0000-0003-4049-8395.json
eea06130d6a83134a0692ed18ab0b29ca1f9d737b9dba8c3ac39d7d84db12e5d	47085	raw/identifier-sources/orcid/0000-0003-4202-7116.json
8416c5b220400528c883b46fffc63191e8257a1a39ea5dc4e8c42be8cafee2c7	110624	raw/identifier-sources/orcid/0000-0003-4207-510X.json
ef8f79f8e5ffa51ce08585ea8995a81166fca6f6f59b718be1d004efc96dec22	421795	raw/identifier-sources/orcid/0000-0003-4245-5399.json
7208384db7489732945499938b5cfbc4f655543c075d88c05adf5b75626d3c77	1720	raw/identifier-sources/orcid/0000-0003-4265-1330.json
2ecaf7107a4503258aa333319c06ab8af1b1b686d708d921a603a2972717f1ef	74	raw/identifier-sources/orcid/0000-0003-4286-8855.json
c13d672a73b8d043d077ef0e5af42b691c493026a2b8b278cbe15fdaeffbda43	74	raw/identifier-sources/orcid/0000-0003-4318-1481.json
db3788b05fc2811ce8812351916005be07f31a077a0905b3e9418cec07490461	236452	raw/identifier-sources/orcid/0000-0003-4318-6100.json
7002124db85757bd3aca1ce25f1fe39a287168d9a3d6b42ff16f262366d39adb	59898	raw/identifier-sources/orcid/0000-0003-4512-8000.json
9fbdd3a40fe2048c2330c9261751bc2ca5db8de029fcd9fd7300bc14f44090a5	74	raw/identifier-sources/orcid/0000-0003-4661-7287.json
5c00a0365552a59990446bba5dd45f02a8370ff168dafd7b71aae6894e175411	9222	raw/identifier-sources/orcid/0000-0003-4786-4108.json
5d56e374dbfa1b0c9d58f9138d895b0215d6e06f00ae950f067fe61834322532	157330	raw/identifier-sources/orcid/0000-0003-4804-235X.json
328adba3c784cd01053ba229096b9b3a1ce98cc6dbe8a811f1e65b43715f1ca8	269061	raw/identifier-sources/orcid/0000-0003-4972-8871.json
1e14872adf44ac5fb2e253b7d21a31f3ba22debc400094072232af6397d8e257	74	raw/identifier-sources/orcid/0009-0002-5645-184X.json
f2085aee83a57975fc8ab3c22eaed512a21a9b8f5684b045845c1f746e27afb0	15002	raw/identifier-sources/orcid/0009-0004-2252-454X.json
53d71c985cfbd8c451615b487f27a5d41e1cdadc9eb8910c381cad8664da2208	1740	raw/identifier-sources/orcid/0009-0006-8112-628X.json
6787616ca1aa03fb78fe9087e91c4be57be41eb04f69c1f539574fc0c20f2eec	14150	raw/identifier-sources/orcid/0009-0008-0180-7224.json
96b118316c7ef3b0ebceb7cf61dce728b224446ccf088aceccd3cb7735c3c08d	397615	raw/identifier-sources/pubmed/0000-0001-5000-0875-records-001.xml
980d4d4a4df35ad343861dae4d7b305761a806009be4fcbb137d45e1b5c25401	533	raw/identifier-sources/pubmed/0000-0001-5000-0875-search.json
62a81aa46e7c961c1e6119f57f7f1451cec1e9e81352de5652bd8cd1c1e195f2	660750	raw/identifier-sources/pubmed/0000-0001-5030-430X-records-001.xml
141f994c251cf7ff907331e61f27fc92d9b7a45db05b92b57d02218bd3a01cde	610	raw/identifier-sources/pubmed/0000-0001-5030-430X-search.json
0ee92b2aea7ce4bfb7960d785321a69214ed11c134e8332af69a3c761110448c	43532	raw/identifier-sources/pubmed/0000-0001-5062-6886-records-001.xml
d5fd9927867b05b553445ee38741eebea36a572839a1c9b59f5fd714a8e6fa66	366	raw/identifier-sources/pubmed/0000-0001-5062-6886-search.json
0fb38c1ae6c1be7b052d2bd6cf34e62f9d41a92a396fb8e9ce34d180af76cb5b	206508	raw/identifier-sources/pubmed/0000-0001-5473-3857-records-001.xml
f91e98e12122a7de53192e2e649367c4ce10131e17b202a5e034d06ec8d3a044	432	raw/identifier-sources/pubmed/0000-0001-5473-3857-search.json
62adcc1bedfe626571b29a46528a6449d67251d0c8a51655ca94c6bdd17bf586	260326	raw/identifier-sources/pubmed/0000-0001-5645-7091-records-001.xml
e55501817fbd9b6cd398631bc2e83b05c3329af06d66d35f5c2de892e61174a8	467	raw/identifier-sources/pubmed/0000-0001-5645-7091-search.json
b3c2e24b6a7dab906377fe7b18d8dcc0a68cf71763857c98038e4669bb46bbed	82382	raw/identifier-sources/pubmed/0000-0001-5674-4795-records-001.xml
922c407c0844582e1bdec01afa5543c2c22143cebd04e73a115fd2ba782262ab	377	raw/identifier-sources/pubmed/0000-0001-5674-4795-search.json
a0ce45a36964d794f3f28af5766bfe8c9256bd47c3526fc34348e0f8db7aa341	255943	raw/identifier-sources/pubmed/0000-0001-5782-1844-records-001.xml
b751b8eb6c1f739963d3ffbe5929d2d8a817326a2af69279c331110bb5b17136	432	raw/identifier-sources/pubmed/0000-0001-5782-1844-search.json
2e948e8e60fd07c1a16c6f9b5312ac7be28f10e639c8cd793162e20cba830e76	105290	raw/identifier-sources/pubmed/0000-0001-5824-9405-records-001.xml
d618d4a34f54c446d59ca596a96619c7f40b8e6ff9d81a77b8bbb52fe86380fc	410	raw/identifier-sources/pubmed/0000-0001-5824-9405-search.json
26bfd515479b76a8f1ba8b2eee50f47887cf1fa9500a612a4ca3a00fde99af00	87622	raw/identifier-sources/pubmed/0000-0001-5968-0416-records-001.xml
f45fc50b669168539718c0241ec275bbd8bfacf2b728649243ec16318df70275	388	raw/identifier-sources/pubmed/0000-0001-5968-0416-search.json
8fd8e3e5b8738eda227baa69957a015c490c37d18082784445b13ebdbd1b87c8	168595	raw/identifier-sources/pubmed/0000-0001-5984-3588-records-001.xml
df6049d851fd8480fbd77ba0dcb44ab21f3a6bba470c61cb219bf2c9d37f7657	399	raw/identifier-sources/pubmed/0000-0001-5984-3588-search.json
c2444cb9a99eb48f19fb19e17104a19b581ecd1ff139ddaf4eaae4881010838a	189149	raw/identifier-sources/pubmed/0000-0001-6042-1243-records-001.xml
6d453ee6660c0e962c577d8eabd23934cf70573fefddf6a932381443c5f56992	456	raw/identifier-sources/pubmed/0000-0001-6042-1243-search.json
29d47c668b8fa19d55ba5c6dfe2f054baf5dde70844d657162e506be80ea755f	27078	raw/identifier-sources/pubmed/0000-0001-6211-3471-records-001.xml
eec5ddaca70f60066a241f3a30f0a44b420fa680ca8d5f570fabd37a5bb36a9d	355	raw/identifier-sources/pubmed/0000-0001-6211-3471-search.json
e69e6e335f5887b54aae74910e9546c331f2d68a0362251f95ac08b1e1711c01	552599	raw/identifier-sources/pubmed/0000-0001-7093-3058-records-001.xml
1d27374c14cdb0c6050d31913ef4c5d9b55fdefe7cd3026875b3843232adb906	500	raw/identifier-sources/pubmed/0000-0001-7093-3058-search.json
715a08070aa9a501d13cfcb41b07bd698272447afe5c3dcb4b91d50c2bdc0ade	192285	raw/identifier-sources/pubmed/0000-0001-7261-1255-records-001.xml
bc366c5bee4a5b05fd92dfc691af3dc4209201a4582fdf50d9cb11e112f4b587	421	raw/identifier-sources/pubmed/0000-0001-7261-1255-search.json
ecd09c27c6aeb3693051a69fac9a3a25fff3ee96eae6a051ba32529a86f4d322	26849	raw/identifier-sources/pubmed/0000-0001-7300-254X-records-001.xml
94a2a84d9f247dea427336469b2c07326bec3ef47b045913b7e5999ae24a096a	355	raw/identifier-sources/pubmed/0000-0001-7300-254X-search.json
3b3d1dc1859f2417b9bf62c861f226f902dd5e94cc2746e043afcb9864e1eebe	1920185	raw/identifier-sources/pubmed/0000-0001-7358-9037-records-001.xml
2ae9a6bf858d6c8ad967f235f83cb8efbb686485564aa5179ccea1634fc603bc	1292	raw/identifier-sources/pubmed/0000-0001-7358-9037-search.json
ebcd5c49bed2c6fad4b9a2eab6ecf4a9d3e94cc10d10ea8fd0f638e8f8f2b950	1628950	raw/identifier-sources/pubmed/0000-0001-7365-1988-records-001.xml
2c984c00177b4174072bbb17b05c2f6e3059c09001a10f39371c00e34276ee33	1006	raw/identifier-sources/pubmed/0000-0001-7365-1988-search.json
54826c3b0722bd08996b7b1f15b6ae2c471c0d6f8097ed68b37f2f03e614a60f	1225624	raw/identifier-sources/pubmed/0000-0001-7443-9890-records-001.xml
aa4871b3c5732701333e8d23a3fffa4e60c4efbd2d99ee3d316d2694cae1c68d	874	raw/identifier-sources/pubmed/0000-0001-7443-9890-search.json
861f2424b73941208fd59822f2570b398449a715927965c2f031d2619a2c2cd2	264852	raw/identifier-sources/pubmed/0000-0001-7645-2079-records-001.xml
4d579d85153b5cbef611ff244cc50d6e88cb368f51189a7042d8b1d03cf57bca	443	raw/identifier-sources/pubmed/0000-0001-7645-2079-search.json
7db8f81397964d27d9690f09bc217c132720d07af42038c1944807deb9d2d01f	560886	raw/identifier-sources/pubmed/0000-0001-7668-3934-records-001.xml
605627a996dbd5eb15111d9f1b3367d3e22efdc9d55a4813386a0ccb955803bd	588	raw/identifier-sources/pubmed/0000-0001-7668-3934-search.json
27c4934d6fe3eae578d451082396866f15010c33cedaaf61ff10d1115c37833b	281200	raw/identifier-sources/pubmed/0000-0001-7692-4099-records-001.xml
55b59e1bde7e4ade3dd71538926c012049b46e30fefbe5f73ec0cdbb6473032a	511	raw/identifier-sources/pubmed/0000-0001-7692-4099-search.json
9165fec18f576df04c1f968290518502a865fd352acd547716611d5be34038f6	1845024	raw/identifier-sources/pubmed/0000-0001-7719-6986-records-001.xml
89ebbe41c792a3a8059607eadfd8198ed1553b5837ab380fb385e343f6f510b5	1292	raw/identifier-sources/pubmed/0000-0001-7719-6986-search.json
39dbc56047e8caa40616ce875e22f1b72618b6ed86ea3e593d522d2b7240c02b	444346	raw/identifier-sources/pubmed/0000-0001-7741-4760-records-001.xml
54998821ad4a32883e6e36cfcc36c6e9aebba01ecb1d425646f43a81da05b107	555	raw/identifier-sources/pubmed/0000-0001-7741-4760-search.json
2809e6ba75f80aacf9df19a87092486e2f4a35d48b297ca55b8778ec139712f7	63995	raw/identifier-sources/pubmed/0000-0001-7821-9131-records-001.xml
bd1c0dcd546a050c30164deb847bcc5e4646f6892a115d95a247eda841fe2705	366	raw/identifier-sources/pubmed/0000-0001-7821-9131-search.json
b6fb171b2a18608bca87410a50ce19f029ed050454a1a513e48d9318ca3da0d0	122348	raw/identifier-sources/pubmed/0000-0001-7859-3684-records-001.xml
71978914804bc4ef9e8a8c579ff906bf46f0ba1c1cc16355bf583e50164cc87f	399	raw/identifier-sources/pubmed/0000-0001-7859-3684-search.json
5b72cd02cf112239bbf32c929aa148c2aa2eb07f44f6ddfcac21967dc663907a	724180	raw/identifier-sources/pubmed/0000-0001-7946-8324-records-001.xml
e932be509b4956ea74ce391f3b6533e306a41ce60755cea34e87a027ee8242b7	654	raw/identifier-sources/pubmed/0000-0001-7946-8324-search.json
57e786dc3a776ae082040d746518e62e5896f4e53becd202a37901110a18e01e	15648	raw/identifier-sources/pubmed/0000-0001-7977-5156-records-001.xml
ddc0426a76cbace99ef02f35f2964d8085253286c13335366b47d30f457394fb	355	raw/identifier-sources/pubmed/0000-0001-7977-5156-search.json
162eb570b8742e9918de8cb99a893391e64e4a899454d94107448dd8a124e93e	554446	raw/identifier-sources/pubmed/0000-0001-8024-7801-records-001.xml
2966c800590cff8143b8917911e71143750dc86d003373bdb4e698be37789e1f	555	raw/identifier-sources/pubmed/0000-0001-8024-7801-search.json
f3f2d5e27602d1c0c6d3cef4e3c054da57c79249c17039de795fd266942a1f2d	204904	raw/identifier-sources/pubmed/0000-0001-8433-1402-records-001.xml
f0faaba90d44d0a4006ae8d2475931905afe6fdc2674c9b2791182cd097ee8c5	467	raw/identifier-sources/pubmed/0000-0001-8433-1402-search.json
d5781c003533fa7566633ca98fb654080b94b518a08c8db3099f1912fd96c570	232619	raw/identifier-sources/pubmed/0000-0001-8452-2591-records-001.xml
f1c4c562d3df4f0d5461208e23df99fc23a0f1495f5accfb5a745dc58a5a9c6c	467	raw/identifier-sources/pubmed/0000-0001-8452-2591-search.json
ed619b5d9aab0bdc3b5569dec921bad3b7b86ce54a3a45c5536a51ff8364565a	416314	raw/identifier-sources/pubmed/0000-0001-8695-9738-records-001.xml
9b8f7a5a88c46fbaed5164dd21e990e6549da35721dff4827b7e555948e617db	511	raw/identifier-sources/pubmed/0000-0001-8695-9738-search.json
14b502654771acd68c751490cf1577cd72238d634cbdc216858cf79f48ebb87e	655823	raw/identifier-sources/pubmed/0000-0001-8706-3159-records-001.xml
54ea4894531999ea49e4c1c79c3becc6b794abc195032bc55cee2836094f6a7f	654	raw/identifier-sources/pubmed/0000-0001-8706-3159-search.json
e27a4432ab1dfd40adb56efa13e696b4a02dbf3c12d2d9dd78b469fb1850459a	420	raw/identifier-sources/pubmed/0000-0001-9145-3694-search.json
2afd633a29dacb65596033e25e10bfc7b373d507ebc79e839ac5d0a4b73d7104	617263	raw/identifier-sources/pubmed/0000-0001-9218-617X-records-001.xml
4ec46470328faf1942c85f84dcb6efd10a490d54447a45ddb6737adc54cacdef	544	raw/identifier-sources/pubmed/0000-0001-9218-617X-search.json
8570430348bce08e52bc106c8056d6b0e64b4c479245b62bb52a2ee6219b668f	257280	raw/identifier-sources/pubmed/0000-0001-9470-2369-records-001.xml
19c981508d480b4b547f67ee761bd889f789195323dcd394e32c550299469492	489	raw/identifier-sources/pubmed/0000-0001-9470-2369-search.json
4267f5f95fecdd11b4ab003429f696c26e82135ffacb13faa973ccbebc771ba7	224210	raw/identifier-sources/pubmed/0000-0001-9472-2669-records-001.xml
876b5e62670690708b8fd4449107b356f90bc8bc9f5ef947748ec5afeda1e166	478	raw/identifier-sources/pubmed/0000-0001-9472-2669-search.json
12dbbb5571326202a07b14d79a4533f0aa7136ba50c4f390f9aca0799a9fa65a	189825	raw/identifier-sources/pubmed/0000-0001-9488-887X-records-001.xml
11e7a0576d05a7579f4ecb15c52a72e1b57e62d7d443a2bff694988e19c6f46f	443	raw/identifier-sources/pubmed/0000-0001-9488-887X-search.json
a0351c08e37ee0948e0529abf7241a442a9df208e012978c42baadf8f841b6cb	209704	raw/identifier-sources/pubmed/0000-0001-9492-7875-records-001.xml
a7c672fa56fddfa6c1d492634343edd1a437bb165907f1ebd730101a3057ecb2	399	raw/identifier-sources/pubmed/0000-0001-9492-7875-search.json
48dc425be952296a07d0f87344c0e34715aea0e9cee5158b0d96df763bae36fa	732819	raw/identifier-sources/pubmed/0000-0001-9499-1500-records-001.xml
89880e321fd512719f6230bb9cc86c4a220f5f2562acc7c64fa1df9e08b60de1	643	raw/identifier-sources/pubmed/0000-0001-9499-1500-search.json
eca67cfee6d4f76fa2db3c0a917c3e9a85a36b5026c79d068aff2d3b552c7fa3	744011	raw/identifier-sources/pubmed/0000-0001-9552-6969-records-001.xml
970206a3c68f084bb1bceb8df2c437a23917abd63b56ee7f2f0002080ac44dec	621	raw/identifier-sources/pubmed/0000-0001-9552-6969-search.json
4a9c9dd489a51de05ceb67408fd047e55b0d8a6dc828114f39234d170fcc5f7f	66164	raw/identifier-sources/pubmed/0000-0001-9556-0075-records-001.xml
a3223f500e21210ac582f63c45acabe038e72d21f44822dd1220eccd33b70a2d	388	raw/identifier-sources/pubmed/0000-0001-9556-0075-search.json
a85871612f3e5d026f6b271c178ad61dba1bd3b8cef34181a88cf8d2a5b77d38	420	raw/identifier-sources/pubmed/0000-0001-9579-9625-search.json
c03967cbe90e1c3b561103cc7f5c4a01d146617b7c816d546a26c73291039610	1379269	raw/identifier-sources/pubmed/0000-0001-9636-6012-records-001.xml
c9032b23f732b13f6295b8f519c012f47ebc82ef5a5e80eb4d0ff9071b4c609b	918	raw/identifier-sources/pubmed/0000-0001-9636-6012-search.json
533cc59ca88f01d1bab86ebdce4350bdc316049be0c49f5dd9b029388967e3b4	1726279	raw/identifier-sources/pubmed/0000-0001-9674-620X-records-001.xml
2cfe87b7d3ea0e18660f68d266a47e4c6f884d6fc4f47c4f2ee7c87a5ecaabbd	1127	raw/identifier-sources/pubmed/0000-0001-9674-620X-search.json
038df3eac6d84ef0bddd1e24bdabe2a59359f53f7e678a25fbb2fd6c6cc46025	11968	raw/identifier-sources/pubmed/0000-0001-9698-6094-records-001.xml
ea0d567c58346abcd4c586005bb85fc561fd5a7aeba78375eedac93b84595e08	355	raw/identifier-sources/pubmed/0000-0001-9698-6094-search.json
b22ddb37076144a9383c7f5b35bb529a70ae229bc1f68a155882778f8ca7cb4b	317861	raw/identifier-sources/pubmed/0000-0001-9729-6992-records-001.xml
0bd514ea550537fb19a6ecf1f662c300d7f06db5e2be3b283b9bd0ca077c8534	443	raw/identifier-sources/pubmed/0000-0001-9729-6992-search.json
62401c2be2075eb47c301e443d2956caea07f1920034b2421eb7bfa7f52e7fd0	21433	raw/identifier-sources/pubmed/0000-0001-9763-3485-records-001.xml
17787b764cc86ba0a942af479384cd17c01eba1fd53e9bedaffc026d2abddf93	355	raw/identifier-sources/pubmed/0000-0001-9763-3485-search.json
3c9a638889e12cd18e165787d020452c682d6a715abce1c62597ba47f743dc21	25637	raw/identifier-sources/pubmed/0000-0001-9962-7775-records-001.xml
631ed5ac43ef0ebc12db611acb5116f45521754c336577c45e69ad61a7e980c5	355	raw/identifier-sources/pubmed/0000-0001-9962-7775-search.json
db76de1ae3c47052800517b5be6bc439c0afd88b10239cb5e757121039e81c14	1655467	raw/identifier-sources/pubmed/0000-0001-9983-6219-records-001.xml
66e9952e8795663ef21509b9bd4d50ff0878ed14498ca2d302820fa02aeb9a9d	1006	raw/identifier-sources/pubmed/0000-0001-9983-6219-search.json
ddddf7833dfeeb4dc65686186a5d792300c0ddcc597c928967dcadc1264b4762	231208	raw/identifier-sources/pubmed/0000-0001-9996-4317-records-001.xml
5baf2892802d7d59b0504f9e74ca667abc29f9d7f0da566b65fc5523c1877aa6	432	raw/identifier-sources/pubmed/0000-0001-9996-4317-search.json
692c461a512e475adab0391d95f3ed36a3193c1bcdb03a7ac6053a01003f68d4	224594	raw/identifier-sources/pubmed/0000-0002-0006-6769-records-001.xml
6e298d43d659644e911023efc7f6482cc4e42d747ab6d2cebfd5be16ccf18969	478	raw/identifier-sources/pubmed/0000-0002-0006-6769-search.json
6d2960c43083e229217532fdc1da645b0645651cfdabc0b01b44499165b90f54	496338	raw/identifier-sources/pubmed/0000-0002-0039-9635-records-001.xml
dd7f655999c08c1dd26a15cc20d22560d0d049ae14dc9b9967705a88690700ea	566	raw/identifier-sources/pubmed/0000-0002-0039-9635-search.json
4c8724067b464ce6004df9fcc7ba3688a3b1d15ce8c73a6f648f2d96ecfe7498	458667	raw/identifier-sources/pubmed/0000-0002-0174-4066-records-001.xml
9c4bc59ffbfccf19ae9213b0a10e3fc08a5d0ad063304394620c8b02ac832f5f	533	raw/identifier-sources/pubmed/0000-0002-0174-4066-search.json
e6357dd79b6b7b5417bbe5f9bbbde48751f3b3627ba523bad197a0d3cd74aa9f	107066	raw/identifier-sources/pubmed/0000-0002-0715-7591-records-001.xml
18262ef03922e3eeb36ce8fdd13f8fd4a8a51119ae3f82b1462fa3863ced79e6	377	raw/identifier-sources/pubmed/0000-0002-0715-7591-search.json
1c55c33b05a8e4d6f48f2a97dcf30ca28528bf3de48908ccf6834d5ad6086243	81860	raw/identifier-sources/pubmed/0000-0002-0759-7087-records-001.xml
f161b9f77247dc404a4821416f09eea2cc96a05589b7c67f18b257ac1819e846	366	raw/identifier-sources/pubmed/0000-0002-0759-7087-search.json
83242a7ce55a9da3fbf0607672ef057a9331af73f25f6883f42e20b4f3e30199	1422893	raw/identifier-sources/pubmed/0000-0002-1001-8883-records-001.xml
5e6546f54d838ed27172888cf64f347291d902ce6b0b92435328c508e5b5b407	819	raw/identifier-sources/pubmed/0000-0002-1001-8883-search.json
76db9fd93e290f956921e843a673d2160976ea88c2dada00bc006fea2756abb8	94098	raw/identifier-sources/pubmed/0000-0002-1083-0994-records-001.xml
0725c526d5613df8c392f4a24c12b16e7d8f92533d9742633c1cf9f89e6c5a31	410	raw/identifier-sources/pubmed/0000-0002-1083-0994-search.json
8e673388cccb854a93c0e5f6f507423bd69ec8513bfc89bad31b669ec36aeaf1	523335	raw/identifier-sources/pubmed/0000-0002-1148-4747-records-001.xml
57c464b35085660415d0672dc319b8395848d67cb0a68f3b90b711049bbacee6	555	raw/identifier-sources/pubmed/0000-0002-1148-4747-search.json
abdaedf006f5e2686e0a3f4f65ce8ffe9bcbe68ac68d744d1009d44a838865af	252436	raw/identifier-sources/pubmed/0000-0002-1238-7156-records-001.xml
f76940609c50ef2335b6f91382625ee2c28fdc078940779c10d7d942df409f9d	467	raw/identifier-sources/pubmed/0000-0002-1238-7156-search.json
cf83bca525dbef9784dc8968983cba7e6b12ccc1783924cdebfa9d25fc7049e5	58867	raw/identifier-sources/pubmed/0000-0002-1294-1874-records-001.xml
595be27551dfd04a7a403823bc1bcca6cd3fc05518ccfd284cb6bcc354e6ed9f	399	raw/identifier-sources/pubmed/0000-0002-1294-1874-search.json
bc1e7147cbe1e6e26a7c7dc61ea23efce1f44051e6796db57abc71b60d91e9c2	134073	raw/identifier-sources/pubmed/0000-0002-1320-8084-records-001.xml
ff481f0d7195a3b73c3cdb85254bb2fb5a3209c1a32e6bc9cab56b9cb6e69d60	388	raw/identifier-sources/pubmed/0000-0002-1320-8084-search.json
404753bb2a921f2e6205435f8f572e5bc5678ac2b6852e0d8e180df84346fd38	141690	raw/identifier-sources/pubmed/0000-0002-1349-6434-records-001.xml
3c93d8f4bfb8d45dcddbef1a9973cc9c1aed4b238326a5bab3f06fcc956c5687	432	raw/identifier-sources/pubmed/0000-0002-1349-6434-search.json
1399bff4d9685ee4a1608640a317e728a600380c2c487f44b224cb2450f0271c	256350	raw/identifier-sources/pubmed/0000-0002-1450-4790-records-001.xml
2c5dd04b7f8bcf12d89066ecb0fc025fcf3926d45bb56ef766973bd201163515	432	raw/identifier-sources/pubmed/0000-0002-1450-4790-search.json
3e5f07a1d0df631e8b35c280321c765ed35af360b86baf0eac5814471d84bd66	527556	raw/identifier-sources/pubmed/0000-0002-1510-3462-records-001.xml
bf86d37d17ba65a1800109fe842856c821e32e0013d0668fe3a2040cbacaebca	588	raw/identifier-sources/pubmed/0000-0002-1510-3462-search.json
dc09a9f30b3ab8121210918599d3e823a4d9dc262ee69e837344ed346e445f6c	1014570	raw/identifier-sources/pubmed/0000-0002-1561-5361-records-001.xml
c5a19537b2a9b9ade12717e2cc35865e4359f531bd28da5b2a7771b8d667a4c3	753	raw/identifier-sources/pubmed/0000-0002-1561-5361-search.json
c2a529d56859f15f8a27e3ef601a52cebb6f577ab28d171464510442c36ddf06	154378	raw/identifier-sources/pubmed/0000-0002-1856-0968-records-001.xml
5e83b5f1558d1fd6c80b1446a1ebf09b08819dd55e5443703352e9296c8865ca	443	raw/identifier-sources/pubmed/0000-0002-1856-0968-search.json
83d2f2afcf65785e8d9457a2847e8443f9a1ff9516b78dd560a283bb3a8c793d	44847	raw/identifier-sources/pubmed/0000-0002-1908-5708-records-001.xml
568605920c251943b693d7605a9dc186d498413589e9ab8098bf2f0247b08f57	388	raw/identifier-sources/pubmed/0000-0002-1908-5708-search.json
5566e88861119102760c74dc8dbdeb2e6615bcbfab1617e35e1a831c0c066feb	762373	raw/identifier-sources/pubmed/0000-0002-2031-095X-records-001.xml
f3c11b734166317cf3b40c3b79c28864fe9fd6289a1eae42ddbef4529aed287c	588	raw/identifier-sources/pubmed/0000-0002-2031-095X-search.json
c5d2549b17d2182cc713b8ebfe278e00700ce1a6ed4c8521baaf7550060b6b7f	394139	raw/identifier-sources/pubmed/0000-0002-2055-548X-records-001.xml
4e8521e3e2188bced727e5c5e2e641d495a52e7db03785ede42aaa43d5d8cf20	500	raw/identifier-sources/pubmed/0000-0002-2055-548X-search.json
8e35e5ce16905a4925648a8b9f9a62deabb8b1fcbca57b700d3fbffab5757084	286257	raw/identifier-sources/pubmed/0000-0002-2174-6800-records-001.xml
480741d4a0a197d6faf5df6088c82a8bad5ff364ea4fe68b8e3e30633ea6a382	489	raw/identifier-sources/pubmed/0000-0002-2174-6800-search.json
2c308e261e2308c3db86ed3022637d61ca599e9eb55c567f038efda422896aa5	282825	raw/identifier-sources/pubmed/0000-0002-2243-8818-records-001.xml
5e55d55eab097e341bb06e74d47ffc00fee2e566422a1f114aba096d97c3a2b6	467	raw/identifier-sources/pubmed/0000-0002-2243-8818-search.json
90ebb4c38f876e33697a83cba73d56e3d352a1fa09706ec94cccbcc7c42bc451	672618	raw/identifier-sources/pubmed/0000-0002-2446-7903-records-001.xml
1c896cc6f8cbf875aa1772786ab9fff283edcb7f30c76fa93639b0125d0a7d1f	621	raw/identifier-sources/pubmed/0000-0002-2446-7903-search.json
512b2a98f01e4df5bf8650627859f3d934fd3245ee772da71df3fa6a9b7c89db	132076	raw/identifier-sources/pubmed/0000-0002-2492-8933-records-001.xml
76838273cd109bbf8b8df0841277eda7ee50849056b88c19214aea80da51a95c	410	raw/identifier-sources/pubmed/0000-0002-2492-8933-search.json
49eb032dd3139324fb6dabdcb149009744a9fd3a4934cb302d1eb7b2fc2fce3b	181664	raw/identifier-sources/pubmed/0000-0002-2576-9110-records-001.xml
c8d1053e18b84764bb2aeb57773ea7491708bb92edc7feaa90ba02b8d56a1cc3	421	raw/identifier-sources/pubmed/0000-0002-2576-9110-search.json
74230ae038034e985e5b36ae928e4ee0981dbc3457a94ef6971d846836c038e9	22848	raw/identifier-sources/pubmed/0000-0002-2612-1789-records-001.xml
53a46cc206c9fa833a473166d4e8be592823d92726ef6250eb3e334d39797c25	377	raw/identifier-sources/pubmed/0000-0002-2612-1789-search.json
2ace7c81ec59a74a7fc5e95fa277901bcc3975073f950bda78e601755a46fc96	420	raw/identifier-sources/pubmed/0000-0002-2656-0570-search.json
9ad410abf74b1497bf56ae2217fe6c16466e7d27b0a8d99b7023dc492c2f428d	151795	raw/identifier-sources/pubmed/0000-0002-2695-8917-records-001.xml
b250bfc52f16f16e36fec0623ae452eb4a221af7dce1da70a31fcbf109f845aa	410	raw/identifier-sources/pubmed/0000-0002-2695-8917-search.json
efe4f9e294aeb5cd92a7b4ccda5d647ed2c3bd7a25b2d893b6b76882f005b810	76276	raw/identifier-sources/pubmed/0000-0002-2747-7955-records-001.xml
c17476d02174a33bb5e68037e7d7be50c676364b23805ee06de5fc67fa005c58	377	raw/identifier-sources/pubmed/0000-0002-2747-7955-search.json
124ebd08a01ce60b0d51012dbd1832bf7a66c1f63319780936044cb0f9a7d8ce	165135	raw/identifier-sources/pubmed/0000-0002-2803-7337-records-001.xml
903b1bc99fb64197ee68cfef08ddb2d750e02878ccf7a5220c18df773da4e47c	432	raw/identifier-sources/pubmed/0000-0002-2803-7337-search.json
807cf47466000bb5acc33422aad000eb809967e6c28bf840d8ecfdb581f4fe1a	446897	raw/identifier-sources/pubmed/0000-0002-2833-0621-records-001.xml
3ea0cfe1e7dc9271528d549443b648eec1ba1fcc3c30f1e6af204779a9d52c5a	621	raw/identifier-sources/pubmed/0000-0002-2833-0621-search.json
3d0453394e4dea0b9d31b20c8c4b27a955e28eee07eeb894d3d03d6639e46413	329626	raw/identifier-sources/pubmed/0000-0002-2914-5022-records-001.xml
d0f2de1c8fedbca5a42438616e390cc28ac6a9f88967645209f41e0b829820f3	511	raw/identifier-sources/pubmed/0000-0002-2914-5022-search.json
7de03fb7975a317e5e997a2f38bad7a5c2d5d60833930b55bdcd80dac9f14e41	121926	raw/identifier-sources/pubmed/0000-0002-3110-6954-records-001.xml
061e49ef2d50c1aa42a42da5d609df722d6274609e8d3db6cfbd2efb147babec	388	raw/identifier-sources/pubmed/0000-0002-3110-6954-search.json
e7bcfd1df475dff0a5f34c07a28c21dd56d9774d8401ff2dd5ffb7ed9029628e	1447276	raw/identifier-sources/pubmed/0000-0002-3112-3893-records-001.xml
ec135a7811d32d69aa2fbb47a7905b659e9a6d3b380b4902107e50a1ef9a739c	929	raw/identifier-sources/pubmed/0000-0002-3112-3893-search.json
20fc883fbf38e482b7284a63596f034ac35ca5c9f99a827dde49a1c441da462a	541333	raw/identifier-sources/pubmed/0000-0002-3213-7373-records-001.xml
c5f0bd930bb1f03a45d5fdb18d77f74014d99cb05fd029769ed049533f044bdb	654	raw/identifier-sources/pubmed/0000-0002-3213-7373-search.json
088ef9016d59a7c5c17d75c8a5772d33a21e553411d9239ae66740d57e93cfac	42163	raw/identifier-sources/pubmed/0000-0002-3370-1554-records-001.xml
0f8bb7cafac048eb70fadb1e82681f1fa4a1be63200611d2c505a13d8fafd713	366	raw/identifier-sources/pubmed/0000-0002-3370-1554-search.json
e36ea9b02145d5f1db2e5c0a208236c20c5ef93700d333cbf9b67d6d5f62e75b	423678	raw/identifier-sources/pubmed/0000-0002-3425-0089-records-001.xml
f5b087af61f7b09b62587dcb3ae5d1d5e2d29345c4979a2f2948c58ea6852641	544	raw/identifier-sources/pubmed/0000-0002-3425-0089-search.json
bc157c50e352db03555b79ac760690a1ea8df9217a7178a352f35edc2e9a52be	41250	raw/identifier-sources/pubmed/0000-0002-3530-7921-records-001.xml
b1f71bc7ee94a679524e7912414798d2807ac655c278e4378f72d17ba3279c4f	377	raw/identifier-sources/pubmed/0000-0002-3530-7921-search.json
dc4cf03a72503d088f3ee6058c36e2b118e957280e050d6e81c8649c744e2140	977746	raw/identifier-sources/pubmed/0000-0002-3607-0508-records-001.xml
7ea97ac0805ba69aa495b4baed7af0faa9deaf39ff495aaa98a6956f2d0c7f42	742	raw/identifier-sources/pubmed/0000-0002-3607-0508-search.json
809ee8d04176a7d70202e8d04cbf362458005f9b0be6e9c7446da75bc584af1d	781184	raw/identifier-sources/pubmed/0000-0002-3879-6193-records-001.xml
156414c7491c9af368853d3a806ee8a90bbbd774fb9084d602f6c98cf8734445	742	raw/identifier-sources/pubmed/0000-0002-3879-6193-search.json
cc3e5ccbdf9fe163eb1ba1b56e80157ad47729ddf47cd2efd8a3fafe9e5218d8	375553	raw/identifier-sources/pubmed/0000-0002-3975-4868-records-001.xml
8dd85e39606e38c0e2935d6bdf15a65abc782916aad8e85237bb171cdc45a3f3	522	raw/identifier-sources/pubmed/0000-0002-3975-4868-search.json
f1d4c221debc3937fd71a20ea424d41111320a067e7c1fbaad0ae10bb6b7f998	185228	raw/identifier-sources/pubmed/0000-0002-4212-8438-records-001.xml
c2a813969f33d405ed81dc77571c7cc1541622e0a9eead3e7b1021e974d6bcdf	421	raw/identifier-sources/pubmed/0000-0002-4212-8438-search.json
42a28b9fd2fe32b2b8195b09b2003995f6b39ea7f3d56a0af2adaa47c1adb806	7106	raw/identifier-sources/pubmed/0000-0002-4301-4790-records-001.xml
cc8074f55e563937f3a2711ce691869b40a5c63ad4a0b20d1cf51f137fa62317	355	raw/identifier-sources/pubmed/0000-0002-4301-4790-search.json
84a08daf7950542e48869296944bb6d0a6d446eb9561bc82283c65b213204adf	382696	raw/identifier-sources/pubmed/0000-0002-4476-0656-records-001.xml
a34566323ea0bdd6e6e1eebf62af7b870c133f51ae835d660672ccfb4e423647	500	raw/identifier-sources/pubmed/0000-0002-4476-0656-search.json
abd4dc2cf2601f9393578d3d17c861a2d0b6316ab5468662640919dd8c90f800	198632	raw/identifier-sources/pubmed/0000-0002-4479-9948-records-001.xml
321519ab2f6dea7f72824c62198a524efdebb8daa849ecda1e91141e17e26496	443	raw/identifier-sources/pubmed/0000-0002-4479-9948-search.json
f895bebd0b7e0312f947959fd889b18c38aa0287cb7cceb47ccaaef663db2ab8	219800	raw/identifier-sources/pubmed/0000-0002-4534-4857-records-001.xml
d45971cfffdd7c01fa35b2d219fbfcda2fdb72ded8bcf45f4ba497809f126d11	443	raw/identifier-sources/pubmed/0000-0002-4534-4857-search.json
16f5c69d44b2ff34edd9e5de912372ff43a5bacce326db94017a1d3e7be33610	767901	raw/identifier-sources/pubmed/0000-0002-4574-1318-records-001.xml
3f0f4205a7bfb0948179f2718e3d21b0eb5813c74c8d63ae8388adab1471b806	786	raw/identifier-sources/pubmed/0000-0002-4574-1318-search.json
bd0fa2ea49bae7a6e40b485de6e36feaa0ea1160ff73c1b5d4aa1a5799227615	299255	raw/identifier-sources/pubmed/0000-0002-4927-7858-records-001.xml
650687e909d48589d89864e44f10da64f208038c554ca6c540e9936bd78453e2	511	raw/identifier-sources/pubmed/0000-0002-4927-7858-search.json
ee8575bbe79e27b608344e090055d59627641e1adb4e232a9badd3c63bded49e	202682	raw/identifier-sources/pubmed/0000-0002-5228-1292-records-001.xml
c49a4896d8d9b3f03b3207d1777ccef1921600160dd989d8fc5f64627fa39ef4	421	raw/identifier-sources/pubmed/0000-0002-5228-1292-search.json
8e14202b5a226e4828a439acbec24147a5c0e50a557d7d2ac34ba52c795df4c5	709393	raw/identifier-sources/pubmed/0000-0002-5269-509X-records-001.xml
16ab3a21f9a59fff53a3f890cb82261b32493523f7f22605323e202812ff64c0	610	raw/identifier-sources/pubmed/0000-0002-5269-509X-search.json
0183846d94a3370a1b32ec001d8b5a98060c40816d72a3eaed5dfff8924e36b2	674025	raw/identifier-sources/pubmed/0000-0002-5416-5893-records-001.xml
7391ba00ca4ed7c3698696b235386c5017f30318c29f07b894c01abe35fa1d18	443	raw/identifier-sources/pubmed/0000-0002-5416-5893-search.json
90cb1a381d62df085a7bcdc7e05023b8589970405cd9701d9d4b61fa6eb90b22	637493	raw/identifier-sources/pubmed/0000-0002-5629-9270-records-001.xml
a329d6ffa90e384f6bcbcffdbf758c1ab3d3e7e853a5588bfc400d7a4db1fbc7	676	raw/identifier-sources/pubmed/0000-0002-5629-9270-search.json
56d475d6d814ad4bc052e3e44da5648d8ccc492dee50d0f118c740f62a84c37a	67372	raw/identifier-sources/pubmed/0000-0002-5880-3354-records-001.xml
bb1557d3853959f187e6a5d59252bc422e8aacd4669b3699f0bb7a360317725f	399	raw/identifier-sources/pubmed/0000-0002-5880-3354-search.json
98f2d486dd62c339e6838fbcb9b42ae8bab17e833a7f932745f0b56848c874ba	259692	raw/identifier-sources/pubmed/0000-0002-5941-6823-records-001.xml
23d27422e2ead4b71c6525bd13f51100533ed01d4b341666821a532b27bc8ba2	467	raw/identifier-sources/pubmed/0000-0002-5941-6823-search.json
6b03a7000643a41c996369be318667a1f08b465c21464778e837c21ad2cd40a2	394903	raw/identifier-sources/pubmed/0000-0002-5953-5929-records-001.xml
d401b73c0d92d2afde644bb081ada75973ba1a1a84bb2fdf31e17d867a1b7a4b	566	raw/identifier-sources/pubmed/0000-0002-5953-5929-search.json
d56e855579f6983eaddf71407c17d0d5116e69972d6c04ae36ee0ad9757e16b8	155630	raw/identifier-sources/pubmed/0000-0002-5956-8309-records-001.xml
4fef7d6b6db642d5470a56a974a180507d5bf1eedc58a22cec00351e2ed085d2	399	raw/identifier-sources/pubmed/0000-0002-5956-8309-search.json
996cbfe22d0712b6a4f50486419565d516487dbe61dcd4936b47c71fee069dc8	6641	raw/identifier-sources/pubmed/0000-0002-5970-1122-records-001.xml
ec6162db82f75e9edbbca78073ff0833c370c8896aedac834e836f37c62ef1a7	355	raw/identifier-sources/pubmed/0000-0002-5970-1122-search.json
7f4ec8f5e5b74bc4fae2d0c254784b72756581fabdd71aa92df5e44ed9d2ddff	325952	raw/identifier-sources/pubmed/0000-0002-6111-8008-records-001.xml
993920d692586abaf305d2470c66dc38c97d0bd4360d12ff7bffba6a82e778f1	533	raw/identifier-sources/pubmed/0000-0002-6111-8008-search.json
15a821bef9b8e53e11d456ba3c1f1a32b269b3f229949e62b47606173ba25fbe	353364	raw/identifier-sources/pubmed/0000-0002-6552-5153-records-001.xml
f92feb60bb8bf1ec6512f673112900e206e1d2d7d1d24dd8960e13ad4e1150f9	500	raw/identifier-sources/pubmed/0000-0002-6552-5153-search.json
8003fee1d4fdec14de9340b349d604841af3e50fa7db520f5994b3a801019ef3	158444	raw/identifier-sources/pubmed/0000-0002-6625-0649-records-001.xml
2c7c35f05dad5a02a9fc3626e88e3317a9a71de67d841a6a6136a3bf5123b645	421	raw/identifier-sources/pubmed/0000-0002-6625-0649-search.json
1156e6ed05678074d2e5876d8f10eb35f2e569639a0306ad3b493ed4d3532775	169918	raw/identifier-sources/pubmed/0000-0002-6711-5262-records-001.xml
d2c054aafdab7a087f77c90467cb5908ade4c0f6c53a120433c8f5086ff31c1a	410	raw/identifier-sources/pubmed/0000-0002-6711-5262-search.json
d1bb21a15c781781767adb4c584ff97866d53da71afc2365b9129cb80bda4eb3	321908	raw/identifier-sources/pubmed/0000-0002-6771-6746-records-001.xml
fd43e7a1fa332db044cabef9087daed6b7c28ceb26978e7f393cc68b3e2cf07e	500	raw/identifier-sources/pubmed/0000-0002-6771-6746-search.json
572b2f65c1d672e3a862f766dfadce121fbbd5ba61434f0f35cd428b1e3ef8da	134852	raw/identifier-sources/pubmed/0000-0002-6826-3865-records-001.xml
419923ef005a77eb06a7da0db6b2ff025c9df26407695a0650d54f2dcb98ad58	432	raw/identifier-sources/pubmed/0000-0002-6826-3865-search.json
2e7a5e360cc5b970063352f8fcf34a0538d5ae83ccd70df8e77b33dfb6c5387e	255421	raw/identifier-sources/pubmed/0000-0002-6826-4278-records-001.xml
f0f3082c4abacbdd124fb2395bde936bdd1c22b0270705737233667206754317	421	raw/identifier-sources/pubmed/0000-0002-6826-4278-search.json
c6eb77186b46f87416581da0ff15c33515caa11397ece7f01ee1854eb96e32a2	81820	raw/identifier-sources/pubmed/0000-0002-6846-4341-records-001.xml
2e9f64b927beab65dcaa9af69000414d9e7914ccdddd939214643dbfa4d85ace	377	raw/identifier-sources/pubmed/0000-0002-6846-4341-search.json
8c9691e39c797ef3ca7187f00296627cde0539acef794990390f9215b07d1085	3347830	raw/identifier-sources/pubmed/0000-0002-6895-6071-records-001.xml
c30039fa428fd0e89db75f0b7051fa0dccccd987a3d80f6fa5fa3aae77f71436	2031	raw/identifier-sources/pubmed/0000-0002-6895-6071-search.json
94a703628df8d5dc568e10cd124aa15741fb61f01e7957e2ff141dd8d7feead9	257612	raw/identifier-sources/pubmed/0000-0002-6915-1865-records-001.xml
fd5c64833b2a60b4bc61a1cd33de5db1e5984b71249fd2476ec71e83189fe7a5	478	raw/identifier-sources/pubmed/0000-0002-6915-1865-search.json
2808f618af1545be72b502ec003773bc3820b13adfc124d8ef8d91b7add2e1a8	303458	raw/identifier-sources/pubmed/0000-0002-6943-753X-records-001.xml
44475f8554f4a876d631be77f013fba539401599798879647539955f8d2cdc63	467	raw/identifier-sources/pubmed/0000-0002-6943-753X-search.json
5bf5d6748d0265018a250585f06741d3149f643d869462199ca9c980fa2c2610	377434	raw/identifier-sources/pubmed/0000-0002-6981-1771-records-001.xml
03f5e5afb210a74bc56141146ecc3da27994bf0bf47a34ad04766d9af89b8e00	566	raw/identifier-sources/pubmed/0000-0002-6981-1771-search.json
b0c6f92cbf8a526f713a60cb378f8abe1d7fd9878001abbd887dbf53b6aa51f7	666258	raw/identifier-sources/pubmed/0000-0002-7094-1573-records-001.xml
ee7045573cf4b898bf2a1d6e56a6f015e18fad51b666cec881697aa91d3c8c34	610	raw/identifier-sources/pubmed/0000-0002-7094-1573-search.json
b615cb4e4671ea4f3fab3b1074a016165dc968905065935b4b41fdf5783936f9	83212	raw/identifier-sources/pubmed/0000-0002-7122-9780-records-001.xml
51100e74adcf6aba1405b117c6459fd8599c047adf1d98dd093fa29e7f399b02	377	raw/identifier-sources/pubmed/0000-0002-7122-9780-search.json
2785a07508e794de83b67f28aa0e42b6014f8929ddf72bed3644b68b9fc40e19	258748	raw/identifier-sources/pubmed/0000-0002-7315-3230-records-001.xml
7dceb6042a6e08307f2c35b2f55db0afcc5abda17f3c66737df610e1d9abd810	467	raw/identifier-sources/pubmed/0000-0002-7315-3230-search.json
eda6eb94056cdd28305a7e0b648733c19bd3c55d2ec81842feb95aa3e3cab185	656838	raw/identifier-sources/pubmed/0000-0002-7336-3043-records-001.xml
bad4058652a7be0a2ee45fc588e40a229bad83ebe20d46835fb633ddec15e1d2	621	raw/identifier-sources/pubmed/0000-0002-7336-3043-search.json
363efcf973cba2a6ec62a353f1cb167811bd6c40caa598349cc6a69331bdbd62	244894	raw/identifier-sources/pubmed/0000-0002-7363-1327-records-001.xml
98b3f958e38796d41c9705f741b04a374d0e3bf114a9919963874526cc460af3	456	raw/identifier-sources/pubmed/0000-0002-7363-1327-search.json
e7344212d4a62275375fe008dce69f30b9e750e0af9b2a043f5d4424afdb3350	161430	raw/identifier-sources/pubmed/0000-0002-7444-1584-records-001.xml
b60e8cc3d99012cb794f0ed58a22f342611f582f5546bddeebfef4b7a1ca2860	410	raw/identifier-sources/pubmed/0000-0002-7444-1584-search.json
7034b0aba6ca4ee70bcb4c1ded5ac8fa309eb52ef158a09cded4da5923af33e3	62708	raw/identifier-sources/pubmed/0000-0002-7553-562X-records-001.xml
ee99b4013c04728553e0afc4a80f3d9944de77137f1c487e43695d95e2592c82	377	raw/identifier-sources/pubmed/0000-0002-7553-562X-search.json
d2167499498fd28f3f8a1c85a67ecfd3435020ca314d6dcada5d9bb26e2bda65	626503	raw/identifier-sources/pubmed/0000-0002-7597-6556-records-001.xml
8ee429b15c71fd6fe5051affdd93a4859e545e1658694bb8fe06fade1eec85ef	687	raw/identifier-sources/pubmed/0000-0002-7597-6556-search.json
e7638705f656a8c500de2ce935dfd58c655a5f21721bf2da43222f2ce8a86b0d	188967	raw/identifier-sources/pubmed/0000-0002-7703-7114-records-001.xml
0ac925977ce1a5e71426f9d494234bd8c6eedff94447225f52dd4d1f332f6482	467	raw/identifier-sources/pubmed/0000-0002-7703-7114-search.json
ad2a086bd70b76316e4276633c96525eca3089b0b0171ae59f8d5de69d1c5068	562002	raw/identifier-sources/pubmed/0000-0002-7890-6756-records-001.xml
3c815cd8031daae8f38b55c9f240333e01a5b39101315120d3ac0860dcae6cae	555	raw/identifier-sources/pubmed/0000-0002-7890-6756-search.json
115851459711a91be1983cb13a600ee35e894cbd1775c3307d0e63ff5a56d4d1	1164046	raw/identifier-sources/pubmed/0000-0002-7959-3149-records-001.xml
be5c665dcef54d3641a2c8ed2204873fab8b7e8febf911450559af00ca9a6a4d	731	raw/identifier-sources/pubmed/0000-0002-7959-3149-search.json
ffd8847caad1ba6cd005343b7ee878216fdf0c044f17236a1923005332713254	111652	raw/identifier-sources/pubmed/0000-0002-7976-0330-records-001.xml
2a7788d44d91490f6c6e216e3fdafa504ae782d065c584b4950af431d01ae970	399	raw/identifier-sources/pubmed/0000-0002-7976-0330-search.json
c32437f4dcf1f8a7387be3ca723315ec19fb6a4aa6337a0c2b3ce9bad0bc5572	484550	raw/identifier-sources/pubmed/0000-0002-8025-5841-records-001.xml
5acbf146e568535a9c86381ed0eeac9be855557714bb4ebca12925449726db95	599	raw/identifier-sources/pubmed/0000-0002-8025-5841-search.json
4f9db706d2aa74004e832dfd7d3f46a867b2dc432557157177ea5eb14af4069f	41917	raw/identifier-sources/pubmed/0000-0002-8057-1318-records-001.xml
cd99f4f6c3d9b75dc047cfad48af0675e99956e1513ad85fe0fec8fdce72b10e	355	raw/identifier-sources/pubmed/0000-0002-8057-1318-search.json
d260151dbcf32b5a0997f188ab2fef499587aad3d04764177fd88e15088d05d5	465127	raw/identifier-sources/pubmed/0000-0002-8152-6068-records-001.xml
378f1529dae45f2c874ac942ac1c01d9122994cfe59cb77af08b09738ed89cf2	511	raw/identifier-sources/pubmed/0000-0002-8152-6068-search.json
5e47f299fa0b1b81bc12eab12c631ecef3d86f38c593da0c9cdd67541389a9b8	148738	raw/identifier-sources/pubmed/0000-0002-8189-5357-records-001.xml
4c47667eff5e6dcd610ed634d30be3f90420fb77ba54e4b2fcbb2f830db555b3	421	raw/identifier-sources/pubmed/0000-0002-8189-5357-search.json
b9fc7af6d7a95e6c77c2c4c9f61afbeb75171c729ebf368eb7f743a1a445f874	249271	raw/identifier-sources/pubmed/0000-0002-8364-1086-records-001.xml
3150f77ab74eb87252baa593a8e0e295915400d2ff2db1de4e53f658a7937950	443	raw/identifier-sources/pubmed/0000-0002-8364-1086-search.json
f0c8cd1e08ce0f678ca10b36f8ad34397830dea2285cc4930e1110edbd8417bb	2678455	raw/identifier-sources/pubmed/0000-0002-8467-8008-records-001.xml
22f082133add73a1233adb6423371bfd4c6f634aa46c28b0c6482badb34f028a	1413	raw/identifier-sources/pubmed/0000-0002-8467-8008-search.json
6979af986f53aa12f939dc2e870023434b7f44ff02220a54b81943e03a13b46d	362797	raw/identifier-sources/pubmed/0000-0002-8602-0381-records-001.xml
27d8cfa84d3ff1a683f92d6d7d5d4f10f4cafd15c5dd85587da92e609f6a928e	489	raw/identifier-sources/pubmed/0000-0002-8602-0381-search.json
a4deedd7fc876750cee704b5b650da40d1d5047d32dd24a9b0719655e5ca0f7f	81735	raw/identifier-sources/pubmed/0000-0002-8718-5516-records-001.xml
8b765f672f3585f362b4970c7ce3d6055ed7ef509707b6ddea49382f9ccc4dfb	377	raw/identifier-sources/pubmed/0000-0002-8718-5516-search.json
9ec32aed766f174697f51c0df03bf6308d1d6620de2a632c066ed209ebe1eb10	189995	raw/identifier-sources/pubmed/0000-0002-8739-5249-records-001.xml
5c7f39275049acdaee687dfa40dfa3b3812d86994ff4e95387022a5578828c0d	456	raw/identifier-sources/pubmed/0000-0002-8739-5249-search.json
bf4b3f32046d4467bd3a142d444fec17e95bdc4164a27c25d3dbdec3efeefa09	413733	raw/identifier-sources/pubmed/0000-0002-8784-9650-records-001.xml
2e0b387506278541721e52d374f93e1917ce9d27b7bb3820b6950bad3b97cf59	522	raw/identifier-sources/pubmed/0000-0002-8784-9650-search.json
2f7614e0eb9a27647b93301ae6df5862b7ca1063bfd089ab9af1c9665517f747	158832	raw/identifier-sources/pubmed/0000-0002-8990-9514-records-001.xml
d8be8d3e272f419d7b97dfe6c00bd1f131201dab2622ca4d111328b92e1c05e4	443	raw/identifier-sources/pubmed/0000-0002-8990-9514-search.json
6a81a97b4ee8a32b6792e42d86fca239da2f88c6c5f18a14e62dd828bef5eead	639883	raw/identifier-sources/pubmed/0000-0002-8993-8884-records-001.xml
ba634467af7de25855836ead48354987d2841207d04a830807038848c992476e	621	raw/identifier-sources/pubmed/0000-0002-8993-8884-search.json
42fdb0ad4ee29b7284e0fc4ab784a1d8a101da048efd233b8979f499902e624f	77716	raw/identifier-sources/pubmed/0000-0002-9143-5506-records-001.xml
0b8ae0c3a29f670f062c75017f881e111b7af87dd8069e9b35618d77f69af297	388	raw/identifier-sources/pubmed/0000-0002-9143-5506-search.json
70765c823da6341a9971433d569221624c71d1ad0731b5e062e5eccd567e918a	58422	raw/identifier-sources/pubmed/0000-0002-9325-0062-records-001.xml
d1899730f49c622278f319547b84714c431c47fcf299f9961e576172fe1142be	366	raw/identifier-sources/pubmed/0000-0002-9325-0062-search.json
a5488cfeb08ce4b80a25973c1114c64ea28e14d29e2d2b00dbe42abcdf28c49c	139364	raw/identifier-sources/pubmed/0000-0002-9344-3390-records-001.xml
8415d3697b46a27c743f8f400a101a1405514243a6511c711cce19a67a419089	388	raw/identifier-sources/pubmed/0000-0002-9344-3390-search.json
40505ef733f74d79455b1a7b34b046ca449f6807df4060897c7da6fc672a65fe	881530	raw/identifier-sources/pubmed/0000-0002-9373-7663-records-001.xml
01bd8206f5bb252b1ba1e43a3b5719f8d52814803c83ce640d5b862741d986f0	720	raw/identifier-sources/pubmed/0000-0002-9373-7663-search.json
494d9978b5c2dbfc464d04c561eca5bd2168be25a29d4bfcd45a5011377b1108	76750	raw/identifier-sources/pubmed/0000-0002-9568-5190-records-001.xml
c8ebac9aae041c95af3624945353723535e537e27f9744f0fc4bf5786f669baf	399	raw/identifier-sources/pubmed/0000-0002-9568-5190-search.json
73d4bea3f4bbfdd4fdb08eda8731e06123ee6bad902f5f1221ece1addeb62f01	45921	raw/identifier-sources/pubmed/0000-0002-9684-3410-records-001.xml
4572def99dee81565cbe4d40a6449377db9c9e5312b6c9aa7e235d3b37d82a60	399	raw/identifier-sources/pubmed/0000-0002-9684-3410-search.json
b4e02435e188259bb4d43926ff60f177154f307ba604830d2f42242f73bf7edf	260982	raw/identifier-sources/pubmed/0000-0002-9806-9393-records-001.xml
7b2a4a8a53acac4719004780b13d291dbb1e5b1adb605a6d956359dc6d8bdfd6	421	raw/identifier-sources/pubmed/0000-0002-9806-9393-search.json
40f924dc938c897ee452df7fc6178968069587bd179d060b7ac89920365868e5	406772	raw/identifier-sources/pubmed/0000-0002-9939-7348-records-001.xml
37f1f922efe1df23af42144269a1217acbbfc13b3de33e96a3d744fc051eea5c	467	raw/identifier-sources/pubmed/0000-0002-9939-7348-search.json
a03187b34041005dc6dfd1fe4b0adf6dbf9b11d554c5630dfee9219d0fed5747	257710	raw/identifier-sources/pubmed/0000-0003-0071-732X-records-001.xml
9c57cc43e604e8dad1645b9e5925ddfa1b407e0fb8b9a762312eafe8b66aa29c	489	raw/identifier-sources/pubmed/0000-0003-0071-732X-search.json
0a21864f078ec70782979263fcc2bdc24fbb15a5c07b819fbb0018d843316494	478018	raw/identifier-sources/pubmed/0000-0003-0092-5970-records-001.xml
acfd016e3de78c00f0b74630e74b887350d4cca4df8aaf500158834b13ff1366	522	raw/identifier-sources/pubmed/0000-0003-0092-5970-search.json
ab55752faf3c65e23798b64014a1c5cf83cad180a6a9939311c8ac50328accdd	504945	raw/identifier-sources/pubmed/0000-0003-0133-2763-records-001.xml
a23f32fbad2f8de5b1b4fb1d5f87baf626f2ea9aa2bc93ac37182dd88658442b	610	raw/identifier-sources/pubmed/0000-0003-0133-2763-search.json
88c993f7b652568de0216044ab6a7c0bf48de600a21ef5b77daf7b5f6780c0b4	188288	raw/identifier-sources/pubmed/0000-0003-0159-1335-records-001.xml
0c4c0a1656811e8128083532669f40e6b6a3b0c610baad7d87fc3c046a52c80b	489	raw/identifier-sources/pubmed/0000-0003-0159-1335-search.json
b6199a144341f38dacb49328e8e968603032cc7ae318e99585da5d3ca6e11ef3	89859	raw/identifier-sources/pubmed/0000-0003-0207-4137-records-001.xml
1962eadb986e1986e57c12aaee37c246f7a2bc49dd9b23bcebc0651d6104b62b	399	raw/identifier-sources/pubmed/0000-0003-0207-4137-search.json
955eed154f42c6d76265c5f700492657bf36e30fba4a99e7742c4e9ea7f3e3d4	254664	raw/identifier-sources/pubmed/0000-0003-0424-6887-records-001.xml
088e2994bebc631d7f3a6474418b9e7bed72a07e27884bebee016c945b2321f4	478	raw/identifier-sources/pubmed/0000-0003-0424-6887-search.json
2f52906cafc77e3a78f4ba815c2b661a581fd3e1ddf1befb7935d9da6c00a49e	83162	raw/identifier-sources/pubmed/0000-0003-0770-4564-records-001.xml
c6c8486e80aafa53cf73ec6f7dbbd108ca1684db58093ae089779b1f703a62b9	377	raw/identifier-sources/pubmed/0000-0003-0770-4564-search.json
97400d9db0823be5d0b51fbdbd2732a9a165ccfa46d1a4d8b80d88ae86449ec0	167326	raw/identifier-sources/pubmed/0000-0003-1121-1316-records-001.xml
f753bdde89c857c536aa30b7a2c6cdf390baaf84a7bdbe74616aabe1dce9f5e5	432	raw/identifier-sources/pubmed/0000-0003-1121-1316-search.json
4005bdffd5446ddac6c2c1a981a30c294ece29771d46615f1694ed54da70dc24	727473	raw/identifier-sources/pubmed/0000-0003-1169-3431-records-001.xml
b7a70555e7f11dc27ba6b460e017847383f746b5e380813f8c3c58b00447d03a	654	raw/identifier-sources/pubmed/0000-0003-1169-3431-search.json
f7524c65aa23232099cbf210c63a571ab35d14a4c605f90be73218e4eba0aad1	141960	raw/identifier-sources/pubmed/0000-0003-1220-0731-records-001.xml
e7d4218039c839ca213c948ff17070170b7456955e5cc7063d55748b7cda73ac	399	raw/identifier-sources/pubmed/0000-0003-1220-0731-search.json
a13b594e6574a9bd8d29a55320553d07d831c5c74f0ace40a6a54a77341d0c8e	125662	raw/identifier-sources/pubmed/0000-0003-1252-0946-records-001.xml
14bec3ccaf2a152f746cabc3869e913c9b0189b2db97e18c428f4a78dc70d8e8	421	raw/identifier-sources/pubmed/0000-0003-1252-0946-search.json
cb588dc6cd971caa144a5e43517a6398edd6d5b5b6b31b7c4a216c2ba4f56b0b	420	raw/identifier-sources/pubmed/0000-0003-1426-6777-search.json
37ddea5e29aa1ee07b1a8059e0788ce514909c15c037ddb50f1dd17544fd8061	208647	raw/identifier-sources/pubmed/0000-0003-1438-321X-records-001.xml
73372fb8a7044346bb3a8c4da903185ac499e11a79102c24ebf982f8102a883d	421	raw/identifier-sources/pubmed/0000-0003-1438-321X-search.json
b08cdb9d0f139883fc1059de8473f647c8e3cf570917ca255b93ed200bd63d0c	235072	raw/identifier-sources/pubmed/0000-0003-1509-3409-records-001.xml
ff033028c2f297da59e0bfaa62d7c2959d7f4a0045954d42a61b503c4f6da0a7	421	raw/identifier-sources/pubmed/0000-0003-1509-3409-search.json
c3336423c192d6cedef075d5ad6b2ce38f368d8f8656edeb67aa033ccdaf0773	51650	raw/identifier-sources/pubmed/0000-0003-2190-4546-records-001.xml
1ddcfa4b441058c8621f7d18438422024d272c2a610e3f05c80982454801ee8a	377	raw/identifier-sources/pubmed/0000-0003-2190-4546-search.json
1177dd56c3b2033ece75c040e4e5585211237317a3eef859a444e31cc45b297f	420	raw/identifier-sources/pubmed/0000-0003-2377-1652-search.json
77f96802748029306447bce55b4a29d55fb095591028af4095232f5cd5ca634e	536083	raw/identifier-sources/pubmed/0000-0003-2475-6497-records-001.xml
b693d3a99a27a104c4ba070c4115703ddc72e3672fd847cf197911eee1a12e4e	566	raw/identifier-sources/pubmed/0000-0003-2475-6497-search.json
a2784c7576bd32e6f11f403911414b292eed11565c1bbef606e3912950fe5c9e	420	raw/identifier-sources/pubmed/0000-0003-2504-343X-search.json
901e9e5b7f9491987f2593f6de0e7b2bc9e1110002f430e02b07b110368f1b86	129875	raw/identifier-sources/pubmed/0000-0003-2512-4862-records-001.xml
7f3d1c3e08ee6f1e4b80f7a5f61649f97651a775c1c263a07db75ae7d572f5e2	410	raw/identifier-sources/pubmed/0000-0003-2512-4862-search.json
6d66903ec462e0f0402a727a8e0a21ea0879cdc38f475594b1a854eae5016fd7	65246	raw/identifier-sources/pubmed/0000-0003-2546-9449-records-001.xml
e198210393356b1803eb47b12fcbd54a2a5ff6ce67c44a165edf118ff3d36694	377	raw/identifier-sources/pubmed/0000-0003-2546-9449-search.json
f85a1615283bb47047a030cd0e92f71e5d2352efd891ebb34d195621368602e0	1727781	raw/identifier-sources/pubmed/0000-0003-2796-729X-records-001.xml
47cad3bffe0070b7c76e6885daedfa1942fd7e08be3e922f73e2778637ae40ac	1061	raw/identifier-sources/pubmed/0000-0003-2796-729X-search.json
f8539009b999da3798907ab70b21394523a3906035daa1b17294e1fc1a043007	610061	raw/identifier-sources/pubmed/0000-0003-2867-0498-records-001.xml
ed6f6dfb447f0f88424df8a1c29fd0133c2497986946aebb6e029c84523adb43	599	raw/identifier-sources/pubmed/0000-0003-2867-0498-search.json
df922b45ca1f44f37819807b29170cd357d45a7add23e6d932a4367f19a90a83	357006	raw/identifier-sources/pubmed/0000-0003-2906-3913-records-001.xml
28f0be96e23124138f148e8eb0533cce1e70072ae03768476967d13553eede03	500	raw/identifier-sources/pubmed/0000-0003-2906-3913-search.json
f91c10d8c6002fd4856a44403ecd57b06e7f254c420452e443d7be3d146ffd63	180358	raw/identifier-sources/pubmed/0000-0003-2952-9103-records-001.xml
56858965c74390e7123c5f45a93f22dcf15e2c9940dcc2898a4b692ecfe68f54	421	raw/identifier-sources/pubmed/0000-0003-2952-9103-search.json
5e74ba51b9534fe784ddc74288972fec0d4dcdad717c36cfc29876dd3d4753e4	155639	raw/identifier-sources/pubmed/0000-0003-3016-9600-records-001.xml
38ef3826407992672c53c320256cd8f025fc98ec78d62e794d5949cc3a4deda4	410	raw/identifier-sources/pubmed/0000-0003-3016-9600-search.json
4c52de3f1dc5ad5f9be82eac3f491e2e552430c6afa2848e348ba644f8285f1b	304790	raw/identifier-sources/pubmed/0000-0003-3018-5109-records-001.xml
00918730bfc580378dfd9cdc0e62e38addc33a6b9c96c20f0093412e9559872d	500	raw/identifier-sources/pubmed/0000-0003-3018-5109-search.json
b5de98bc688b8d9db5cc60e39af601a7551b500c3ba8c607ae5065739f543867	254053	raw/identifier-sources/pubmed/0000-0003-3055-9932-records-001.xml
f78c518a86837a226151e6e4cb43a62b2c277d01f44e8b2d8de8db4cb28fa169	500	raw/identifier-sources/pubmed/0000-0003-3055-9932-search.json
519c23f0dee47bc187d2ab0383b61b0d9974a9be312b361c50b745fd7b80f479	420	raw/identifier-sources/pubmed/0000-0003-3259-095X-search.json
052bdb5a5c04247500e973240b49b8d43ab4768f9fc0dcf096f8e1be086d1ef0	420	raw/identifier-sources/pubmed/0000-0003-3321-5481-search.json
7d7aed89926367e146971ed72c4b38f1f800eeb66e549ed446ba343b5a0bbcf4	27844	raw/identifier-sources/pubmed/0000-0003-3330-5081-records-001.xml
51cf32582aa61cfaec4c16b2226f6f63f20ddd4051090d221daf4f690f783879	355	raw/identifier-sources/pubmed/0000-0003-3330-5081-search.json
b55b3c7b77f715ad45b8772b1b577c9ecd4be43a31836c0739e5f3e79de2658b	40766	raw/identifier-sources/pubmed/0000-0003-3513-2364-records-001.xml
e801ba52f5a308a3df8b678eef357e2e43e5f1483a77cdbe3799fc4ae8d51b8a	366	raw/identifier-sources/pubmed/0000-0003-3513-2364-search.json
139c1e79ac15756c9931d8442659c225c2b8c17fc78c5ed791c5db3282397e9c	313109	raw/identifier-sources/pubmed/0000-0003-3607-6579-records-001.xml
ffffc49b08cd99c65f3a01a125bd3e1b043f78d8b61171816172bff37bea1190	511	raw/identifier-sources/pubmed/0000-0003-3607-6579-search.json
e5fbc64073038f86897477bf7fca0d98169bdd66b932dfb6044d6c88b482aaa7	1064490	raw/identifier-sources/pubmed/0000-0003-3656-8063-records-001.xml
33fc3ed737122a69a0698cf66317185e7cf005421ab4bb704afb1c37797d9afc	852	raw/identifier-sources/pubmed/0000-0003-3656-8063-search.json
983f7cc1d8e16affa3807d1439871cf3915160ce8451943fb10b300cd2a2542c	243966	raw/identifier-sources/pubmed/0000-0003-3696-9086-records-001.xml
b01c1569ec81872e1155bfb918c6b95d2a53107f030954663bcbb37e11fc822c	456	raw/identifier-sources/pubmed/0000-0003-3696-9086-search.json
9781dc6456c998399c5cad5d47dc5a4c3da844e974aa8ed92b8a46bc009b78d0	510657	raw/identifier-sources/pubmed/0000-0003-3746-9913-records-001.xml
d935f4e29a3d9e1d00ad92a5605a89d1a244039a2f2fa632473f5327bfbe6a8d	544	raw/identifier-sources/pubmed/0000-0003-3746-9913-search.json
94f067fe2a8ec00f2a78149582b93ae1cbaca3527f19d1010b05012d98d0cf0b	82340	raw/identifier-sources/pubmed/0000-0003-3881-9890-records-001.xml
dda5cc622f60530e67610127296131e274a0091b4c51772b318a1f060078500b	388	raw/identifier-sources/pubmed/0000-0003-3881-9890-search.json
f8f5be335aa27fb4097903efba146dd722d79769476fc1a7aa04b9bb697915ba	145180	raw/identifier-sources/pubmed/0000-0003-3891-5452-records-001.xml
542a34d138bad88bbcccaa3c98c45d093234457da17f226927d37d41f6e94595	388	raw/identifier-sources/pubmed/0000-0003-3891-5452-search.json
a41e2fc3b671987471ad0830a83b386884d60945a3916c2a2e5fb5a46fb09202	1349973	raw/identifier-sources/pubmed/0000-0003-3891-8522-records-001.xml
8decefe79ec79702143b755b504662495b3b7bbf77852e8f54141c328d2dd2b9	929	raw/identifier-sources/pubmed/0000-0003-3891-8522-search.json
594023b3a9905563e42262ad4699495774ad988fb267a6114b821e0f7eff1e1c	132270	raw/identifier-sources/pubmed/0000-0003-3943-7392-records-001.xml
843297cb9004e8f18f1de772484a7961e60762ee69c7572a5aadc526ec303d66	399	raw/identifier-sources/pubmed/0000-0003-3943-7392-search.json
95cd8cbe9058443e2eb2f2749fa09e89c1d05a8a00dec4ee8ce7c3fdf166b3cb	56308	raw/identifier-sources/pubmed/0000-0003-4042-5997-records-001.xml
ef81ec2fc41b8f6eb4a75bc76de3e1c372c7ccabfd5bf137e3a674c5f7d3b2a4	366	raw/identifier-sources/pubmed/0000-0003-4042-5997-search.json
ea2c934f4e87f378064b3e4abeac20fe1292d4689603bd068565158c6a38134e	169602	raw/identifier-sources/pubmed/0000-0003-4049-8395-records-001.xml
e67746d6245a6f2a5d52738444ea12c2b357f7110f94ff25eeea29a4a90a4e77	410	raw/identifier-sources/pubmed/0000-0003-4049-8395-search.json
a29907de011a5c241de9be403e6db2977f419cb6e463147046138ae140d03838	140155	raw/identifier-sources/pubmed/0000-0003-4202-7116-records-001.xml
c0b40cda08647d2832b9d1ec446df3e6f7c154dd4fceaa0aaf6ab78f515d7dd0	410	raw/identifier-sources/pubmed/0000-0003-4202-7116-search.json
948fc5e7d0ad4a57eade1656bfeafd64872ec6e9a8a1102e3f368e8a208258f9	28162	raw/identifier-sources/pubmed/0000-0003-4207-510X-records-001.xml
e3ddcbd59050338e63a307df0d5dddc770f6259ca78d952fc04aa8328c6e99ae	355	raw/identifier-sources/pubmed/0000-0003-4207-510X-search.json
d526de3a4bb62b3ec334477d63e3505b96b1af42bf10ae5640eb50643af5ca92	161648	raw/identifier-sources/pubmed/0000-0003-4245-5399-records-001.xml
d7a65a1414a0029ba99870466169a198a8b8e9e132bbf6db410ecf25eaea26df	456	raw/identifier-sources/pubmed/0000-0003-4245-5399-search.json
46f4ee8723313790e6786864cce8d03ea1525d8b91456e86679b5526045038aa	503211	raw/identifier-sources/pubmed/0000-0003-4265-1330-records-001.xml
66505400fa265551f42f540d0a990f2c524a93064eabadd1ad42331d3b813827	599	raw/identifier-sources/pubmed/0000-0003-4265-1330-search.json
f7c2698f8c2dca3f8971c533ba64820366f79d20e9d431de6db72ba64f68a0b5	95820	raw/identifier-sources/pubmed/0000-0003-4286-8855-records-001.xml
d37d648c0a103f2815b10eade67dd0685b11aabde4114d22f01de1e0f7c47208	388	raw/identifier-sources/pubmed/0000-0003-4286-8855-search.json
1e7f6406b78410f07894282204952c9cbb9f0e9279df8c74a4b30e567d8051ae	242528	raw/identifier-sources/pubmed/0000-0003-4318-1481-records-001.xml
e40bb4914539d07fb36b6728bad71dc5c5f749b35e41c2cf16b26eb43fdc13fc	467	raw/identifier-sources/pubmed/0000-0003-4318-1481-search.json
d5e3dd4484696686f75420ab7069352018443f53002c3adcd4fe06873136f87e	262807	raw/identifier-sources/pubmed/0000-0003-4318-6100-records-001.xml
2f1a4092c7ceaffc4b488b45e1dd093388be729ac546719e073a8ebaf6b448c6	443	raw/identifier-sources/pubmed/0000-0003-4318-6100-search.json
b00884e6f753e6b391335fb61786f12b7de1319a5a7fa3118db556096abcd5a5	733554	raw/identifier-sources/pubmed/0000-0003-4512-8000-records-001.xml
96aa6686ceaf7d88a22f4a5aa2f03f0975295be6f845992d79ed875b8bb98f50	720	raw/identifier-sources/pubmed/0000-0003-4512-8000-search.json
83848e073e2614719bbeb053564e085aa77ccfb4a21ccfc5b4313c8926c1c5e3	64436	raw/identifier-sources/pubmed/0000-0003-4661-7287-records-001.xml
13fde75ccb8927184ab91c9d4fac6d19c307ffd8bdc8866e9b3f6e28c5cb27f7	377	raw/identifier-sources/pubmed/0000-0003-4661-7287-search.json
533637ca75ab7bfb7629e3f5d77c795cec1949bb9c9755a84d47a564fc56decb	78607	raw/identifier-sources/pubmed/0000-0003-4786-4108-records-001.xml
42c9587479f70c55c3aad2b8bc924ece62f80cd4f8212fa832c3435ed5e55bb6	388	raw/identifier-sources/pubmed/0000-0003-4786-4108-search.json
780d4bab0bf9b1f162753b37d8cce7c8abb358a2fc30669e04b82ebf719ff7f5	320791	raw/identifier-sources/pubmed/0000-0003-4804-235X-records-001.xml
d52dcaabb347d7d193c228b5f7f47f2ba9c55f06db3fdafc0209d2ff739c5940	555	raw/identifier-sources/pubmed/0000-0003-4804-235X-search.json
20a870ca30f57efabc69e7cac9a5eae9652d939f56792948c3eca96739f152d3	1034663	raw/identifier-sources/pubmed/0000-0003-4972-8871-records-001.xml
bc3af4d0841f5987238725a3cbcf9450cd2cf8bfc558603a0ec3e45278cf29ac	808	raw/identifier-sources/pubmed/0000-0003-4972-8871-search.json
903f4fa1bc143c937cc4178f4b62e01a0573b3d9d92ef4303387d65e367476ad	38978	raw/identifier-sources/pubmed/0009-0002-5645-184X-records-001.xml
53d8c58a09011d64091f025bb8474a1e64e5a7e0660444a3d5b88d77f108ed16	366	raw/identifier-sources/pubmed/0009-0002-5645-184X-search.json
d2ffffc7e91e8eed4d1d14e1665e0ec84053c41c0800764c18dd9b090229479e	54106	raw/identifier-sources/pubmed/0009-0004-2252-454X-records-001.xml
6959e9199a11bd66cf81b944aa6951b96aca725c0bd79f4d7cfbe7e5eb2d5fb9	366	raw/identifier-sources/pubmed/0009-0004-2252-454X-search.json
fee322b6c5e43178e0432292ad81df5148d36259e7fc488df3ebc3407d3ad125	27047	raw/identifier-sources/pubmed/0009-0006-8112-628X-records-001.xml
7a88d23b877b219138e2b7deaa8a765b8fe2dd0c57823563b5f71a35c8c126d9	355	raw/identifier-sources/pubmed/0009-0006-8112-628X-search.json
6269c016ab9b41653348fc7ab5c99c5e7aad8daff788d879e2a2d89432c9204d	36559	raw/identifier-sources/pubmed/0009-0008-0180-7224-records-001.xml
c3b945f2eba29cf60eb190b46ce15b1466cee7e8511cd8db8980c06fa5548d45	366	raw/identifier-sources/pubmed/0009-0008-0180-7224-search.json
a67465065594d61370c78e74bbfa3947f3d9ad133b6ab7acac6ec177e2a66890	1023	scale-input-summary.json
40b10f5e472e35d3bfb21f30ff1259d345ae3aa412339150cf02699579fefa4b	1274	screening-v1/FINAL_SCREEN.md
f9dfc14f2ce8cbb8541bb00fa658eac55dfd63a2b20d8da4a1986cf14f13c040	594	screening-v1/PRODUCTION_CHECK.md
f08214947079d7ed660fc3ac69aafb3f53d96d1a80acfaf123c216fd695acefd	6082	screening-v1/SYSTEM.md
4724b4a5cbe9673402604f19f3fa6ec7782800b111b1b5591cffe0f2aef24ba5	5816	screening-v1/batch-0001/batch.json
d1952fdf22730dfb6b3691fcf4a503d6f3f18a219c1963c41e3129fcaf1b3b54	3681	screening-v1/batch-0001/decisions.jsonl
057665454462b2baea8696ca9e229efd1855cef45a68f2d94ef320623d7dceca	79	screening-v1/batch-0001/final.txt
6f8eb647d777aa840640ed69e66511fc4b8c89dae0aedd6c28b765cba107e23c	46361	screening-v1/batch-0001/input.md
69fe92905731b5a5e8c1d41fe39e268243e3401be7a6bb963e3f7abf557ab5b4	450	screening-v1/batch-0001/run.json
e3b0c44298fc1c149afbf4c8996fb92427ae41e4649b934ca495991b7852b855	0	screening-v1/batch-0001/stderr.txt
d2c78a545e32f0911bd2c76dbdd83468b9a3b1be5d9b9cce350f43402b49ed18	86	screening-v1/batch-0001/submit_screening
570ad20a61428c7058cee53e0d8187df9d477c64192819c234b2e0c67dc3d75f	8703	screening-v1/batch-0001/trace.jsonl
f98bcf483ccb857526984ab2563b9042f5fd2531e0eb7c2235b1adca272aac08	5924	screening-v1/batch-0002/batch.json
d9a9a129e2fdd02b59e2500680190e15a9620fdbedb9dba89ee57ed5af10b88f	3661	screening-v1/batch-0002/decisions.jsonl
057665454462b2baea8696ca9e229efd1855cef45a68f2d94ef320623d7dceca	79	screening-v1/batch-0002/final.txt
c34fa166dbee4bcc5238aa7fe9b8544d69135f800eb36f80ae60757148106a7b	53128	screening-v1/batch-0002/input.md
d6c67b71df3fec3aef2f8df70a2133a8a41434238ead55b3a30ac34e6a1b280f	450	screening-v1/batch-0002/run.json
e3b0c44298fc1c149afbf4c8996fb92427ae41e4649b934ca495991b7852b855	0	screening-v1/batch-0002/stderr.txt
d2c78a545e32f0911bd2c76dbdd83468b9a3b1be5d9b9cce350f43402b49ed18	86	screening-v1/batch-0002/submit_screening
0b75376e329caf7df60392f3af99ca3af0fbebe22b5bcc706ff2643231883bba	14829	screening-v1/batch-0002/trace.jsonl
569365467b5143b47a8bdd4573c45710fd7ed36bb6291a6dc102e713e76553c8	5987	screening-v1/batch-0003/batch.json
0ca1fa0ea52558c7d6c45b53f59d647e3f22d71c014fac7130fa46d1d2a039f5	3643	screening-v1/batch-0003/decisions.jsonl
7480c4c880742e949ebe4da762bf42a2ebbe46446454737f50b2dc59fd23a0f8	57	screening-v1/batch-0003/final.txt
b573434ace9208692088958a7b7e05409017227133f642a47da171280ed8c913	47678	screening-v1/batch-0003/input.md
20e1c29075f469f65dfd21b858edf97376f2602d359057d498c992261a5ab0d9	450	screening-v1/batch-0003/run.json
e3b0c44298fc1c149afbf4c8996fb92427ae41e4649b934ca495991b7852b855	0	screening-v1/batch-0003/stderr.txt
d2c78a545e32f0911bd2c76dbdd83468b9a3b1be5d9b9cce350f43402b49ed18	86	screening-v1/batch-0003/submit_screening
e3b2b84399833ac0964444fecb67784401e67d15cc3aa4a31e575090e287b750	14614	screening-v1/batch-0003/trace.jsonl
d90e273439c3fd112d459eb286090eb14b11b47116ed3ecf1a5148835cb27383	5759	screening-v1/batch-0004/batch.json
11e66a1fd9385404ef6892f2bec177cc1cf84f16100beb1ae008d2f87ba50b64	3776	screening-v1/batch-0004/decisions.jsonl
56d763677cd7d08d0dc0a8d8fd9c64dae43eb94e007d072df3df06501fde3983	88	screening-v1/batch-0004/final.txt
49f9071630c69d1590243452847540b1135f7c2c971c45ad01475eb23c8366d0	53065	screening-v1/batch-0004/input.md
207536f18ab67ce1d79b9acca0b6b86f43113bdbac7221b56416b45f2f4c392d	450	screening-v1/batch-0004/run.json
e3b0c44298fc1c149afbf4c8996fb92427ae41e4649b934ca495991b7852b855	0	screening-v1/batch-0004/stderr.txt
d2c78a545e32f0911bd2c76dbdd83468b9a3b1be5d9b9cce350f43402b49ed18	86	screening-v1/batch-0004/submit_screening
cc3897352cbf010ceaeeeafac2cc10f7f36854cce79d2aa534dba845b05e5a8f	8595	screening-v1/batch-0004/trace.jsonl
a5e45cdbe1975a88619c9d5c9458fb3fa3c09d1a9da9702b76f5ea84b2356e20	5788	screening-v1/batch-0005/batch.json
c8e43bf90f56dfa0926f2cc187cc5213b3e474e90a545f90964ef6af872a2626	3535	screening-v1/batch-0005/decisions.jsonl
5bb66b4b9c4e1cb8c1f3d6534b78ce8ad1b477ec832cecbc06488faaa0094d9c	58	screening-v1/batch-0005/final.txt
8109faada1a258d2f4e5b559ee116b573d1537d52df06d9f57e7218d533de19e	49803	screening-v1/batch-0005/input.md
8b966a860641ae06a8c5e20c2886757e004d2b704eaf2873395fad960c0c5547	450	screening-v1/batch-0005/run.json
e3b0c44298fc1c149afbf4c8996fb92427ae41e4649b934ca495991b7852b855	0	screening-v1/batch-0005/stderr.txt
d2c78a545e32f0911bd2c76dbdd83468b9a3b1be5d9b9cce350f43402b49ed18	86	screening-v1/batch-0005/submit_screening
d85464d9280933f54e62042e54558483432f6a03a0bb051f961598cca56d3b4c	9401	screening-v1/batch-0005/trace.jsonl
f479228ee1e104bd66a2ef5f3e7dd7ec8782242c32c4e71f2f3f2bba347723d3	5702	screening-v1/batch-0006/batch.json
aa06a50ea6ca8728637518cf8063fba240d41ac85f26a6173e05ab48f93d5ca8	3784	screening-v1/batch-0006/decisions.jsonl
ac9b8e030141cde97982de4a2a1e2c621b3a07354789992cebc9573dfd9dbf88	72	screening-v1/batch-0006/final.txt
12aea5d794038d22bf414667eb958111151e7b3447be2a9fa94b684ea2c4094b	49544	screening-v1/batch-0006/input.md
848df046790397a55aaef2352af2620f3aae98a561bff460985153455035e1f0	450	screening-v1/batch-0006/run.json
e3b0c44298fc1c149afbf4c8996fb92427ae41e4649b934ca495991b7852b855	0	screening-v1/batch-0006/stderr.txt
d2c78a545e32f0911bd2c76dbdd83468b9a3b1be5d9b9cce350f43402b49ed18	86	screening-v1/batch-0006/submit_screening
b73da150c0d81e04260626b65ea340954812eafa9012af68cf09e8beb1554c2e	8430	screening-v1/batch-0006/trace.jsonl
228db4c4112de87294fe4f8e281128bc593b6e3d52593104f783541f2cbb63e6	5732	screening-v1/batch-0007/batch.json
021ca3c1bef31f69fb2f72a54516159a941418699016fc7b855b0c35e44371b2	3249	screening-v1/batch-0007/decisions.jsonl
77a688e0a5f5b8a90991ae67aaa15cbdee4e412c9b1c4ed8360cd9f8cde6720c	91	screening-v1/batch-0007/final.txt
c35b1b64715433defb1fce6900acf5cee8f9302b55bc87308c5fd41ce2043695	49013	screening-v1/batch-0007/input.md
5e5536f1ee011e82e1bf23754f35b863c91983d6c48c498d49a14afaa354914c	450	screening-v1/batch-0007/run.json
e3b0c44298fc1c149afbf4c8996fb92427ae41e4649b934ca495991b7852b855	0	screening-v1/batch-0007/stderr.txt
d2c78a545e32f0911bd2c76dbdd83468b9a3b1be5d9b9cce350f43402b49ed18	86	screening-v1/batch-0007/submit_screening
f532c484fe79a04d819d90fad0ea04a6d0cba1f5110accb6d4b4b34286a8eaca	7544	screening-v1/batch-0007/trace.jsonl
d2ad53be2cd93aef489f623c04d9ebc03a47e30f1567fb87339175875492af48	5573	screening-v1/batch-0008/batch.json
158b227327de70e17fb4a9830836db82f90dcd17c388534471e37255ce44c575	3487	screening-v1/batch-0008/decisions.jsonl
cf0c22cb98a8d7b0198b01c6418fa27c48963c506029294b047c29cbac487a69	77	screening-v1/batch-0008/final.txt
9f8848d6482a1743537e3fbfe9a4c4633d838b83e7588e0a71c5f8a5947c357b	60548	screening-v1/batch-0008/input.md
0189c69d203fc6e5720c3eaad86689d8e484f9ee5b6aa55522232e49ea0c1446	450	screening-v1/batch-0008/run.json
e3b0c44298fc1c149afbf4c8996fb92427ae41e4649b934ca495991b7852b855	0	screening-v1/batch-0008/stderr.txt
d2c78a545e32f0911bd2c76dbdd83468b9a3b1be5d9b9cce350f43402b49ed18	86	screening-v1/batch-0008/submit_screening
449d7588f5d4c770d9fcfaac802ad10373f10441780e85027d4d38e315ae0796	8078	screening-v1/batch-0008/trace.jsonl
7cfc8ba3acf5d8b4e504d796285ab1bb8a426cc61019d7f9fea3ab2515cb129e	6087	screening-v1/batch-0009/batch.json
ccc1d533620360687600f647da1e2e279255708eb4795b34776ddd8fb243ac19	3600	screening-v1/batch-0009/decisions.jsonl
2e5d22bc5036d0ec9ff5033656bff921e0cc41a18277f26036e7036bb5c699b5	79	screening-v1/batch-0009/final.txt
d586c3d7aea0103aed4c22f64421b76c3bf5a610e7e1c1ff7afd343570f77429	50111	screening-v1/batch-0009/input.md
e4b3461c74b58eb1ed677dbb65c6eb40ac7d49443c49053d0423fa830d8d0ae4	450	screening-v1/batch-0009/run.json
e3b0c44298fc1c149afbf4c8996fb92427ae41e4649b934ca495991b7852b855	0	screening-v1/batch-0009/stderr.txt
d2c78a545e32f0911bd2c76dbdd83468b9a3b1be5d9b9cce350f43402b49ed18	86	screening-v1/batch-0009/submit_screening
724d71986f2beba0786cde786e777765eb83813dda5b2db11f9fd0e74daefe25	14523	screening-v1/batch-0009/trace.jsonl
55dd610c4aac9cf53cb8ff4b558768834c244ef1b778f01c40903193af0bf3eb	6084	screening-v1/batch-0010/batch.json
e9772dcabb627562f8e45342d79347ec35e7760f8bf9ad999d9d1fcf5b21c1f4	3603	screening-v1/batch-0010/decisions.jsonl
e31803ab6ca37ace63427b126ed643ca7980f12737a1e59fdf8c1de290f1373e	89	screening-v1/batch-0010/final.txt
4c328516feddd62a9bcd433fb6c9166b212a43a1cae3dd03e61e358d148b0634	50156	screening-v1/batch-0010/input.md
2db7a015943cebb5116d9c5cd2cf56ca17150b820b294a33be7bb6011acc66af	450	screening-v1/batch-0010/run.json
e3b0c44298fc1c149afbf4c8996fb92427ae41e4649b934ca495991b7852b855	0	screening-v1/batch-0010/stderr.txt
d2c78a545e32f0911bd2c76dbdd83468b9a3b1be5d9b9cce350f43402b49ed18	86	screening-v1/batch-0010/submit_screening
9877843b25dd40f8ccc18486293bce5f6c8c0be11749e2bb666297f46dbefff7	8080	screening-v1/batch-0010/trace.jsonl
cd86d828fbbf6010a5d432c599c5c59bbc07d35e4c677d8c4d9d0f215feca5f6	5628	screening-v1/batch-0011/batch.json
515c98ec3cf3374b4fad2243049e9f331fea8fd5f2f8e8d1c34615acb23c5797	3880	screening-v1/batch-0011/decisions.jsonl
d8d3f566fa79885f3f0c2f869c71abc9ecdb2a116da1a9ce4ea8db8df8497254	70	screening-v1/batch-0011/final.txt
237a36f2643fbea0c4402864d375903e47a3773ec3b49415f07acdef17391fdd	46978	screening-v1/batch-0011/input.md
518bb16e7d2ad1542c65cd4aa67c5bcdf1535c47fe7419bf42c1d6095d4ab573	450	screening-v1/batch-0011/run.json
e3b0c44298fc1c149afbf4c8996fb92427ae41e4649b934ca495991b7852b855	0	screening-v1/batch-0011/stderr.txt
d2c78a545e32f0911bd2c76dbdd83468b9a3b1be5d9b9cce350f43402b49ed18	86	screening-v1/batch-0011/submit_screening
a40e14df9aa1c144d2000e706293a1ba82672314bc32625cd4fa42f13a3f0281	8751	screening-v1/batch-0011/trace.jsonl
51328127732adb52af08ab43bcfc2bebec0d4dc4d35ac8a86e49a9bf47aea19b	5670	screening-v1/batch-0012/batch.json
1c1af864133ffa9c5c17052fa9c7340facfc149563c331350be5d3fa42575d5a	4121	screening-v1/batch-0012/decisions.jsonl
9312f2dff9a98dc29a1f1e809ccbd39ff195fcc03b705bb514208a3cf76bf65f	46	screening-v1/batch-0012/final.txt
06dd2acd2a676016bbedb32dcdf1bc4a150ccaa19cc6c1a8be08e3e44a0f70db	49952	screening-v1/batch-0012/input.md
720bf62eaf119af850d2891c1ba6aa7491fa47dc41eb396bfd1834e5b9f3c654	450	screening-v1/batch-0012/run.json
e3b0c44298fc1c149afbf4c8996fb92427ae41e4649b934ca495991b7852b855	0	screening-v1/batch-0012/stderr.txt
d2c78a545e32f0911bd2c76dbdd83468b9a3b1be5d9b9cce350f43402b49ed18	86	screening-v1/batch-0012/submit_screening
d3f6f64d9554b8f0de3240a0dc133555c9d8500a508895677bd1410c806b8e60	15725	screening-v1/batch-0012/trace.jsonl
b91c2791b0606119ccd00ace6d0d87cc92262238fb4efa3e3bb0bf65b8a53bf3	5758	screening-v1/batch-0013/batch.json
2a505146d65791f82a541dfadcb36356d0582c49082d94b945726b927f26bf2a	3605	screening-v1/batch-0013/decisions.jsonl
23a75b1ba4f65b54f62e596d1d6cdcf5f10199bb7d17da6ac2a15905a894247e	78	screening-v1/batch-0013/final.txt
5614c3d63aaf04c34a4e282c0975923ff0900529b0e2c880d04fccc6c8d5d0d0	47915	screening-v1/batch-0013/input.md
09ce3f4827fd86ec522ab72d19e9c98c530c6b78ad5b119e7eb927becc9cade8	450	screening-v1/batch-0013/run.json
e3b0c44298fc1c149afbf4c8996fb92427ae41e4649b934ca495991b7852b855	0	screening-v1/batch-0013/stderr.txt
d2c78a545e32f0911bd2c76dbdd83468b9a3b1be5d9b9cce350f43402b49ed18	86	screening-v1/batch-0013/submit_screening
ad83fca3ace2b43b41c1798d5ff126d066ce383753a70dca300aaca901ba9d42	8313	screening-v1/batch-0013/trace.jsonl
d7b4e5b6ad07d9110e60cd0a471c0f75ab4f1c0800f338c4e656add707e8463b	5718	screening-v1/batch-0014/batch.json
637f6401886ebc25d1f58cfda31c1bbadca71a5246fd155d85f5f00659e843a3	3574	screening-v1/batch-0014/decisions.jsonl
c0d4b687d0fb470e8855803f318e4befebf1dfa1426f01f6a7cb92cbdaaa3b6e	52	screening-v1/batch-0014/final.txt
aca9c88e7ed117231a951b1961ba2a1d7783d2dca21d1488ee66cdfe81dd13bc	49075	screening-v1/batch-0014/input.md
730c3c6f3be7dd353667acf96e317c6c29bfd76e64e9b6045b7648ba5e919472	450	screening-v1/batch-0014/run.json
e3b0c44298fc1c149afbf4c8996fb92427ae41e4649b934ca495991b7852b855	0	screening-v1/batch-0014/stderr.txt
d2c78a545e32f0911bd2c76dbdd83468b9a3b1be5d9b9cce350f43402b49ed18	86	screening-v1/batch-0014/submit_screening
df927ef352618e04cf1242b154d8ab0e757bcabd3bcef183d50860f113563c69	9567	screening-v1/batch-0014/trace.jsonl
5538db7581c81a913e2ef23cf0325db71f5c9585e2bbdb40681071397742fc8e	5634	screening-v1/batch-0015/batch.json
d34ece1cd63c899ec8b5e6672f8d678aa44dd3c5da254597554c67d8be14b052	3666	screening-v1/batch-0015/decisions.jsonl
d7da3a0e78e764d2fcdc93fd2db39c83ebb4d2aa6a176a5e62df806a8badb9a3	85	screening-v1/batch-0015/final.txt
9238c618ce1bcda42b371ed287733d4ca8564005534bb1f242b2e6979daf9526	49650	screening-v1/batch-0015/input.md
308ea2fae9ed6a414cfc476dbc9a8f18b57ff522d14574ff6b8b491e73882bf7	450	screening-v1/batch-0015/run.json
e3b0c44298fc1c149afbf4c8996fb92427ae41e4649b934ca495991b7852b855	0	screening-v1/batch-0015/stderr.txt
d2c78a545e32f0911bd2c76dbdd83468b9a3b1be5d9b9cce350f43402b49ed18	86	screening-v1/batch-0015/submit_screening
62d83653adcc5b1beabe57603a4c0366e8a3a2e7ae2a5573a96a64b3bc3817ac	8363	screening-v1/batch-0015/trace.jsonl
fe8beef1d42f4710a5a5dc0271bedacdcc4722155dabbcaebe7495c90f751350	6021	screening-v1/batch-0016/batch.json
a354b8d4aa49c3113b0c2bfa199aa1d871240232a999e04e291df76a0b2262ed	3446	screening-v1/batch-0016/decisions.jsonl
660c77ce3be670bd3345dfa8e90ef6a08eb10783dc93c444ecbf5de0cbecd144	73	screening-v1/batch-0016/final.txt
c9a4ffa7ce3d939160f89ebf02d0288815dcfa1cdf5fff2589a99172710e701c	48710	screening-v1/batch-0016/input.md
1a7997b15c3673af306e258620ad5027f5e2788043ae6908893d60f46cbefe96	450	screening-v1/batch-0016/run.json
e3b0c44298fc1c149afbf4c8996fb92427ae41e4649b934ca495991b7852b855	0	screening-v1/batch-0016/stderr.txt
d2c78a545e32f0911bd2c76dbdd83468b9a3b1be5d9b9cce350f43402b49ed18	86	screening-v1/batch-0016/submit_screening
c3d9b37f480c81900817d912d25620f47ff4dcb1a5ee341a6854467c031a106d	7936	screening-v1/batch-0016/trace.jsonl
8536bb639ed8d3c35bcd5ae6ed0cb682801c9e0b6a5c23b836848f5ff4f0e2cc	5793	screening-v1/batch-0017/batch.json
b9a07a1d32c66fe2dc6b9a1c727e4a3dccf0f593601d135c494e48a44979c177	3811	screening-v1/batch-0017/decisions.jsonl
eb7566d5067790ea8d3a2ea6eb0a3c93064cf775b5b34ace2718c1a967197fed	76	screening-v1/batch-0017/final.txt
3ce09ad5f9ab3269e22ef84ef89811b9c8112d05ca5e6069f55ff5fa655e742a	48351	screening-v1/batch-0017/input.md
fdffe7660ff39ad17209a029a6b6cc23ea4cc95d4c6a70faafab07592f69b1ac	450	screening-v1/batch-0017/run.json
e3b0c44298fc1c149afbf4c8996fb92427ae41e4649b934ca495991b7852b855	0	screening-v1/batch-0017/stderr.txt
d2c78a545e32f0911bd2c76dbdd83468b9a3b1be5d9b9cce350f43402b49ed18	86	screening-v1/batch-0017/submit_screening
44e1303637fb056512572419ff58e93293a065a6e3d7096e0b2ef46014b9dc41	8660	screening-v1/batch-0017/trace.jsonl
54b414049717cb96ad227e47e4483b4aa475c0e746fca3d77acacb14419dfd15	5512	screening-v1/batch-0018/batch.json
4b381ff2a81557a63e0f42a179112eae463cec8cf20c7b4f076e988bbbd0d1e3	3903	screening-v1/batch-0018/decisions.jsonl
41c4f07a292062af7f979ee89f187936c09df5016404945200e28af0fe8dc0e3	67	screening-v1/batch-0018/final.txt
62bdf98e8e631dca3c6f813b5aadbb394f068a8cc4a1f5bc1b274e5b7588a491	46143	screening-v1/batch-0018/input.md
7b7fd1307a2d9bdb14abcf612fd68e9269006e7298caef6ddd5d7a8a2a60c302	450	screening-v1/batch-0018/run.json
e3b0c44298fc1c149afbf4c8996fb92427ae41e4649b934ca495991b7852b855	0	screening-v1/batch-0018/stderr.txt
d2c78a545e32f0911bd2c76dbdd83468b9a3b1be5d9b9cce350f43402b49ed18	86	screening-v1/batch-0018/submit_screening
a4002a5c5cf7ddb3ff9857741ed87669dc9b52f8874bd27b1c3e1a997b4ad11c	16325	screening-v1/batch-0018/trace.jsonl
a68e76691845351f565a9e5e2596c10282288704d62772e58984bfcac58e638c	5857	screening-v1/batch-0019/batch.json
5f548aaa735f37844ac20881740705f2d61aa093bd473d9130c69bc8e52c0ddb	3986	screening-v1/batch-0019/decisions.jsonl
12bfc04b481060e14e256636c30ee7d70d6d1060b4debc9519c541a6666ade00	55	screening-v1/batch-0019/final.txt
f96d20b9116f560b86c564368748fa86e4fb95b0824f471f8b922847b2df0cd7	53694	screening-v1/batch-0019/input.md
c1ccea00bd4c0001402f390f036df04a1306704d71c644b73055c024c412e98d	450	screening-v1/batch-0019/run.json
e3b0c44298fc1c149afbf4c8996fb92427ae41e4649b934ca495991b7852b855	0	screening-v1/batch-0019/stderr.txt
d2c78a545e32f0911bd2c76dbdd83468b9a3b1be5d9b9cce350f43402b49ed18	86	screening-v1/batch-0019/submit_screening
a9e66e57806b310b89e074b64af8d1007088b94220958f602b5e71da0a08ace3	8965	screening-v1/batch-0019/trace.jsonl
f5933cd8b8a32f6cb7ac063dfa47853ddf745dbe95ad8d24080234bc7162f8e2	5699	screening-v1/batch-0020/batch.json
feef80a4d4455b2c3db836d642cbbd84b86ad492b2564f286b525d74c4218323	3974	screening-v1/batch-0020/decisions.jsonl
d0c3d24b711c168236e0876388b7994b4773abe66c084951b98b307851be7e19	52	screening-v1/batch-0020/final.txt
732a943c969cb7bb573e9a2e5b6fac7d0d14d27978651c2dc1a57a0d6c78bb20	46915	screening-v1/batch-0020/input.md
258d507b415e0053f2a25254a1d0e69e0d981d79194fcfbcbb4be24a8df47fd2	450	screening-v1/batch-0020/run.json
e3b0c44298fc1c149afbf4c8996fb92427ae41e4649b934ca495991b7852b855	0	screening-v1/batch-0020/stderr.txt
d2c78a545e32f0911bd2c76dbdd83468b9a3b1be5d9b9cce350f43402b49ed18	86	screening-v1/batch-0020/submit_screening
9417a821b42a796cb8c0a495c7e0f2ca9aff2ab749419ce17096c68773e2dfb9	9424	screening-v1/batch-0020/trace.jsonl
05b9bf14b6777eecb4d246b078e2f7f8570d69180566da17f53182adcbc2b1bb	5508	screening-v1/batch-0021/batch.json
4164002c570f03ed73d0e6a3e17ab5a1ee3139a6213ddf1bae65ae3956dbe008	3821	screening-v1/batch-0021/decisions.jsonl
cf0c22cb98a8d7b0198b01c6418fa27c48963c506029294b047c29cbac487a69	77	screening-v1/batch-0021/final.txt
24a6ed1bbf4c43b53f9ad391d496d05a31baf7f82f96de0a8f387b7bd6f82d2a	49976	screening-v1/batch-0021/input.md
98825e8302837e84d520d98acd2d689d8c898a76e15b35a7424aae3fdadc377b	450	screening-v1/batch-0021/run.json
e3b0c44298fc1c149afbf4c8996fb92427ae41e4649b934ca495991b7852b855	0	screening-v1/batch-0021/stderr.txt
d2c78a545e32f0911bd2c76dbdd83468b9a3b1be5d9b9cce350f43402b49ed18	86	screening-v1/batch-0021/submit_screening
7a17367180806a91b47054c4aaccc5f26286d56e86663c2e180ae2af423bbf39	15017	screening-v1/batch-0021/trace.jsonl
56e5957910592725bdfcfee10a9e9af415503772313b79993fa0681e5ad218f1	5693	screening-v1/batch-0022/batch.json
0f110e044044848d4f1e4d4bf3fd0978428ae8d7ff6cdfb245a95f4412c75f06	4250	screening-v1/batch-0022/decisions.jsonl
d8d3f566fa79885f3f0c2f869c71abc9ecdb2a116da1a9ce4ea8db8df8497254	70	screening-v1/batch-0022/final.txt
bdcb2749ecb9ead6a0f46fe3aa84792746f6b05d50cd398fe8c6df547f424ca8	49164	screening-v1/batch-0022/input.md
db7fb28095bf80e46a1f1ead2e4e553dceb5380c0c355cd85059e9a6e9685dd2	450	screening-v1/batch-0022/run.json
e3b0c44298fc1c149afbf4c8996fb92427ae41e4649b934ca495991b7852b855	0	screening-v1/batch-0022/stderr.txt
d2c78a545e32f0911bd2c76dbdd83468b9a3b1be5d9b9cce350f43402b49ed18	86	screening-v1/batch-0022/submit_screening
6790cd8b645518b4ebf59fec7e198857db7b5d5368eeafc1fc60cbc04da3666c	9515	screening-v1/batch-0022/trace.jsonl
d815f94e50183db537fe86ec0c6316f831f364f0bca44fb14a2a510fc4ca3639	5957	screening-v1/batch-0023/batch.json
d5555c6ecde39b386589d48be4816b625b93c2928156f294840744f08aae2127	3952	screening-v1/batch-0023/decisions.jsonl
7480c4c880742e949ebe4da762bf42a2ebbe46446454737f50b2dc59fd23a0f8	57	screening-v1/batch-0023/final.txt
82f166c94f5a1aaa1b53600ef59da8269cbeac0a04ce80a02d0100d8a9ede72e	51478	screening-v1/batch-0023/input.md
ce45018bb5a677a38b50ac6605a4b9726058360248a30035a7fa4dde1384e864	450	screening-v1/batch-0023/run.json
e3b0c44298fc1c149afbf4c8996fb92427ae41e4649b934ca495991b7852b855	0	screening-v1/batch-0023/stderr.txt
d2c78a545e32f0911bd2c76dbdd83468b9a3b1be5d9b9cce350f43402b49ed18	86	screening-v1/batch-0023/submit_screening
2d7fe3914b27bca5ca75ed4b6e68a7c47ba88758a27bdb27d931bdfa0d2f2cbc	16068	screening-v1/batch-0023/trace.jsonl
af519ba718cc77debdf5d9b14133d614e39080d69f62ce9d2923ee89196caa0c	5697	screening-v1/batch-0024/batch.json
782728882f63a4c1ce15d54374668ae03b0beb14c179ff32f740e0212abe93d8	4021	screening-v1/batch-0024/decisions.jsonl
ca5731caf5dbb937b2052a49bd6f81f90ac949d6374326ce9c8cf58f6eb820f4	83	screening-v1/batch-0024/final.txt
67a79b9d97ab2ccdd9b9167a863771b8076c40619f585f0283668baae88f7798	49436	screening-v1/batch-0024/input.md
721e18a8646ff895de1b2a697b8a92be4af94e6bbcf9c313e433bcee06719329	450	screening-v1/batch-0024/run.json
e3b0c44298fc1c149afbf4c8996fb92427ae41e4649b934ca495991b7852b855	0	screening-v1/batch-0024/stderr.txt
d2c78a545e32f0911bd2c76dbdd83468b9a3b1be5d9b9cce350f43402b49ed18	86	screening-v1/batch-0024/submit_screening
26b4bfb21f1d7e54c255983d8fa7bb108d5c634d5ae6bbf5723462d2c0a4bde8	9481	screening-v1/batch-0024/trace.jsonl
ed47609402163dc3b794995460b93fb816c77c11fa28b1d8650cc3c3f8df1c49	5543	screening-v1/batch-0025/batch.json
fabeb7826751f08ad14592bf5809b30864b163fd5bc0dede355526f983088530	3966	screening-v1/batch-0025/decisions.jsonl
12bfc04b481060e14e256636c30ee7d70d6d1060b4debc9519c541a6666ade00	55	screening-v1/batch-0025/final.txt
f42d3ed0f98ffffd161ca9098ed63966c3d0e30b2518383c67a282483a69c2aa	48933	screening-v1/batch-0025/input.md
c1790cda31348145c954f263d3ca3106e51c447ff8611d9426f48e75e29121cd	450	screening-v1/batch-0025/run.json
e3b0c44298fc1c149afbf4c8996fb92427ae41e4649b934ca495991b7852b855	0	screening-v1/batch-0025/stderr.txt
d2c78a545e32f0911bd2c76dbdd83468b9a3b1be5d9b9cce350f43402b49ed18	86	screening-v1/batch-0025/submit_screening
dbaa68cc489d55e4f0fb80dbd1ad9265fe4f9f86fdf00fddf6f99d933f00df97	8765	screening-v1/batch-0025/trace.jsonl
b5f24ef6be9213f8da13db9316ec8f2689ce261aa073e800a76b82cf3b7db23b	6022	screening-v1/batch-0026/batch.json
f591baa77e34f06dcf9420ed4bd8bbec59be52309b95e5f63eedb88a5cfbb968	3668	screening-v1/batch-0026/decisions.jsonl
12bfc04b481060e14e256636c30ee7d70d6d1060b4debc9519c541a6666ade00	55	screening-v1/batch-0026/final.txt
53c9f1bdfc278e097e6acbe6c9f8ed1bdfe6913f2ac9df0b8b9d4f4859c7bad2	50328	screening-v1/batch-0026/input.md
62fb1ad4570a686ec36f6390f61505f57ae24bddd709f94f5325f4d21bc1d0ff	450	screening-v1/batch-0026/run.json
e3b0c44298fc1c149afbf4c8996fb92427ae41e4649b934ca495991b7852b855	0	screening-v1/batch-0026/stderr.txt
d2c78a545e32f0911bd2c76dbdd83468b9a3b1be5d9b9cce350f43402b49ed18	86	screening-v1/batch-0026/submit_screening
bdd80d9c67069f48e31bda1411c155f5a0be675009cecb4042899bdc65263e4d	14656	screening-v1/batch-0026/trace.jsonl
ec4d997452716600ca111f3f1ff6cc35b21ccf4ae181f1acd02dec039721ad6a	5900	screening-v1/batch-0027/batch.json
caf4accf400694e553a9cfeafaa796776e1ecc38874eb024013f30eb8c440f96	3492	screening-v1/batch-0027/decisions.jsonl
c0d4b687d0fb470e8855803f318e4befebf1dfa1426f01f6a7cb92cbdaaa3b6e	52	screening-v1/batch-0027/final.txt
156ceeb7c363e16f6bbeb5fdbe0ae4fdca89ac6b1cd32241f6035bfdc6c157e4	57572	screening-v1/batch-0027/input.md
939ffd6dee04e4918cebd8caa97174292001ec048f70f812f495874aeb6d8f69	450	screening-v1/batch-0027/run.json
e3b0c44298fc1c149afbf4c8996fb92427ae41e4649b934ca495991b7852b855	0	screening-v1/batch-0027/stderr.txt
d2c78a545e32f0911bd2c76dbdd83468b9a3b1be5d9b9cce350f43402b49ed18	86	screening-v1/batch-0027/submit_screening
3c9398417b15f521c99fa7f75ece3100c5ee439f39b8253ece525f1083da5bc0	8150	screening-v1/batch-0027/trace.jsonl
66c99509033eed63896893668ce80996237f1a3ba2f25d61f85366cd28b76a7c	6189	screening-v1/batch-0028/batch.json
963f66c1a8d7d0d0936a1bb6d84db1d86921d44fe13893a61a41ede41929faf0	3932	screening-v1/batch-0028/decisions.jsonl
0e0497d96f455a21551f46f0c0e21d59be48f0c52d141ad8db153c9de70fcb36	136	screening-v1/batch-0028/final.txt
b3e68196b56a8af14e91e6b72aad12b432e18eed7f4131a53c72f70e19e78b1b	51300	screening-v1/batch-0028/input.md
667ece7da6af2381391ca80e40e7ae8b95da88850fa3e1b607f99a06c118a0ec	450	screening-v1/batch-0028/run.json
e3b0c44298fc1c149afbf4c8996fb92427ae41e4649b934ca495991b7852b855	0	screening-v1/batch-0028/stderr.txt
d2c78a545e32f0911bd2c76dbdd83468b9a3b1be5d9b9cce350f43402b49ed18	86	screening-v1/batch-0028/submit_screening
4b6e2a2a024f86a5e4083e55425d6ada5e5e1c1880f7f5cefbed985cf9e4ac0e	8942	screening-v1/batch-0028/trace.jsonl
726b6ce64c6a0c03b10324343284f74d7af9ddc4c4cb35ea2f2be5f95555fcb5	5671	screening-v1/batch-0029/batch.json
d7bfbb077a78a814396f0ce55b987cfcecb012d6d61791f4e4535a8a8187c7b2	3489	screening-v1/batch-0029/decisions.jsonl
b52d2d9830fee9e6ab81789a2e295064c29de07e203f83292c3fc34b6843f58d	78	screening-v1/batch-0029/final.txt
3f4e224430f82e26c577ee622f915b51db3d909877f6873f6e6793a67b39ddb3	53528	screening-v1/batch-0029/input.md
fff64d4ae91f2f01467f431e3be3332e1e73a8130e681678435f766740d072d5	450	screening-v1/batch-0029/run.json
e3b0c44298fc1c149afbf4c8996fb92427ae41e4649b934ca495991b7852b855	0	screening-v1/batch-0029/stderr.txt
d2c78a545e32f0911bd2c76dbdd83468b9a3b1be5d9b9cce350f43402b49ed18	86	screening-v1/batch-0029/submit_screening
edfa28f16c9773aa0ac703b4e026e8ada26443b5abc0fca05e0807fc610e4177	7953	screening-v1/batch-0029/trace.jsonl
6daf37e68159d28b87921f710d0c31ecc94fdb8596c2ad1471587bf574f2fadc	5832	screening-v1/batch-0030/batch.json
cb4455f22136db411a1762cccd09e41b44dddf034bd4f50ebd4a5de95cc6aed6	3570	screening-v1/batch-0030/decisions.jsonl
5bb66b4b9c4e1cb8c1f3d6534b78ce8ad1b477ec832cecbc06488faaa0094d9c	58	screening-v1/batch-0030/final.txt
75639f881dd72d0635516d91e86963ee35ec5ecc4e82f3fef64203357df3cb7f	51775	screening-v1/batch-0030/input.md
efa7bb57a2f7d644499e75c598a4b9f68fb9ea40d6146dcd7efc5fa9d2badcbb	450	screening-v1/batch-0030/run.json
e3b0c44298fc1c149afbf4c8996fb92427ae41e4649b934ca495991b7852b855	0	screening-v1/batch-0030/stderr.txt
d2c78a545e32f0911bd2c76dbdd83468b9a3b1be5d9b9cce350f43402b49ed18	86	screening-v1/batch-0030/submit_screening
ba81a2b4e1b26a17252be3f8e230dfb09f07e63b93f64e3acec3e61db48537ec	8511	screening-v1/batch-0030/trace.jsonl
dbb8b5d66fa30b9894f7550c2b6a320f6b409380ee6daece0eac8bbd559cbcfd	5909	screening-v1/batch-0031/batch.json
812c47e8afc56126b3636972d266ed9c62460c59e8567a5bc9a01e4b36afc0f4	3759	screening-v1/batch-0031/decisions.jsonl
d8d3f566fa79885f3f0c2f869c71abc9ecdb2a116da1a9ce4ea8db8df8497254	70	screening-v1/batch-0031/final.txt
dbde36a97a304f340c172aac6a70ccfe1ec7807b405277888124a9919e3ec50c	47387	screening-v1/batch-0031/input.md
916f053c2c6cabc70491d98d62160d5ce033bf265d4588855386bfe890396e59	450	screening-v1/batch-0031/run.json
e3b0c44298fc1c149afbf4c8996fb92427ae41e4649b934ca495991b7852b855	0	screening-v1/batch-0031/stderr.txt
d2c78a545e32f0911bd2c76dbdd83468b9a3b1be5d9b9cce350f43402b49ed18	86	screening-v1/batch-0031/submit_screening
081bd516a8cdbd5a27d4f603b0a78d3b4aad730a58e1ae10039fc79b4caec505	8374	screening-v1/batch-0031/trace.jsonl
49869af795cd8418ba6f63a0907036d3a9dc684536ce20b801458e3255cd5d13	5717	screening-v1/batch-0032/batch.json
4bfb0487c084ff3af058cf45639360a8aba37db55ac349939f124071a88bd494	3434	screening-v1/batch-0032/decisions.jsonl
6824e4acfd0c951221fbb12f834a1008062d205af70fb4ce9aa62434b59ac897	64	screening-v1/batch-0032/final.txt
0bd4f06a4d8c6571fc6a61bc4ae11e83060e0e9bdc1e59c3a8e01758114eefd9	49572	screening-v1/batch-0032/input.md
b52b937aa7cb9f5044f4f265031a7a542b44f8c88a6844abb20acbd79900e259	450	screening-v1/batch-0032/run.json
e3b0c44298fc1c149afbf4c8996fb92427ae41e4649b934ca495991b7852b855	0	screening-v1/batch-0032/stderr.txt
d2c78a545e32f0911bd2c76dbdd83468b9a3b1be5d9b9cce350f43402b49ed18	86	screening-v1/batch-0032/submit_screening
93a3b2d5a9fa428ea15e27fe4609db1a419d358054b7ddc2e7334032de72d96f	8200	screening-v1/batch-0032/trace.jsonl
89e3b7418fc194a455ae97afb5e29975ee04a4c8799b95c5271bfeba212e77dd	5538	screening-v1/batch-0033/batch.json
34f22529768a025ad03a2c178bbac68fdf8d9a1c53464373c1a47f809c105ccd	3743	screening-v1/batch-0033/decisions.jsonl
e4205f4ab1df30bb4a1bbad55b89a2946595b0272ce9e1a543854c324addcd57	44	screening-v1/batch-0033/final.txt
cc5217cfbc87e32a7758d9198c087b7f7a8c868aad348c77965bc4fe8881d083	77202	screening-v1/batch-0033/input.md
c80061cdfae9455ebc6e2fbb10ed1c77f87e904408b199f929fbc411dfd36b93	450	screening-v1/batch-0033/run.json
e3b0c44298fc1c149afbf4c8996fb92427ae41e4649b934ca495991b7852b855	0	screening-v1/batch-0033/stderr.txt
d2c78a545e32f0911bd2c76dbdd83468b9a3b1be5d9b9cce350f43402b49ed18	86	screening-v1/batch-0033/submit_screening
20783ac1a4e306e9caad63130e1b05b88482d57d0ac0a3a678812e72cf2f8c53	8620	screening-v1/batch-0033/trace.jsonl
0bc40f26151a4cf1c035b1a1ba23715d8baafb42cc70e31e63ce1043566707f4	5695	screening-v1/batch-0034/batch.json
308bb44020b5b25473fe755187bb31e8512fbc0d9d8ecba2ee4a6e1ded9dc43e	4098	screening-v1/batch-0034/decisions.jsonl
8f102a075148f10de32a40f406684ba1bd37d26923a303a8f88728469e19482f	73	screening-v1/batch-0034/final.txt
2461161b0af09d1c1a856419aa1abe778f9151b8e6467e9feaa199db3feba8a2	56091	screening-v1/batch-0034/input.md
1e66bbf74ce054e1f53c833949acaaf062122f66ab25673cd7391b29f1c8f656	450	screening-v1/batch-0034/run.json
e3b0c44298fc1c149afbf4c8996fb92427ae41e4649b934ca495991b7852b855	0	screening-v1/batch-0034/stderr.txt
d2c78a545e32f0911bd2c76dbdd83468b9a3b1be5d9b9cce350f43402b49ed18	86	screening-v1/batch-0034/submit_screening
e41e75e5ac89f40e7e3ac8dab0d1940a8943fadc42bfb0e52b2b07c0c42618a1	9620	screening-v1/batch-0034/trace.jsonl
72fdea4ac6e2ee894a1704837d5fb28b2ab7cc7d24eb8275e18c3cebff0674f7	5409	screening-v1/batch-0035/batch.json
182f4b6efe6eab3ce64585450444cf4f179d518f92a2da8f54fe49bca5f3f39c	3622	screening-v1/batch-0035/decisions.jsonl
12bfc04b481060e14e256636c30ee7d70d6d1060b4debc9519c541a6666ade00	55	screening-v1/batch-0035/final.txt
0924dc02e187ce4120d3fd213df1774b4f0ebba206ac2465c1171ba61372cbff	47374	screening-v1/batch-0035/input.md
698438f4cc2d1851dec9b34fbd522efcaedf6eef1ef8ddfe575d1e145875d51e	450	screening-v1/batch-0035/run.json
e3b0c44298fc1c149afbf4c8996fb92427ae41e4649b934ca495991b7852b855	0	screening-v1/batch-0035/stderr.txt
d2c78a545e32f0911bd2c76dbdd83468b9a3b1be5d9b9cce350f43402b49ed18	86	screening-v1/batch-0035/submit_screening
f34ff1e4dc9c0d294b8eb1d82e09143191a78f8e46f7cd6d3a0eac50c6a2abd1	8548	screening-v1/batch-0035/trace.jsonl
ef258c9a768fad709c9b8cb1000d9550ec3ce4316fe35d269f6cfd6ce3d97a6d	5872	screening-v1/batch-0036/batch.json
c38f7ef9423e78e40b33248055845b43148cce797ac32c341614f3b309940dfb	3741	screening-v1/batch-0036/decisions.jsonl
8a7293b3e7626cd6aa853d9ed083ee9ac12aee8e8dbf625ca4913d6a3f7f61fa	83	screening-v1/batch-0036/final.txt
7f62765da2265ce91dc89f4386a1356de44dda5498447e577a7dea5a92eb587a	49163	screening-v1/batch-0036/input.md
3636f22aa8c0bc35680ef768b3bd7cb4dc6578985610a7b08d206285207b0235	450	screening-v1/batch-0036/run.json
e3b0c44298fc1c149afbf4c8996fb92427ae41e4649b934ca495991b7852b855	0	screening-v1/batch-0036/stderr.txt
d2c78a545e32f0911bd2c76dbdd83468b9a3b1be5d9b9cce350f43402b49ed18	86	screening-v1/batch-0036/submit_screening
bcdb008018ec2f7ee241510f20ecbcc738151d8ea3f613c7109c39edebed8470	8501	screening-v1/batch-0036/trace.jsonl
2805797a90c0833ebd8a3ed715c84945e43228d64332f1eb5bfdef0e8c52ad3c	5915	screening-v1/batch-0037/batch.json
33d001bdd10fcda7dbaa9450a1c72def1448751f6a60ae6e956bf2b5406a7010	3496	screening-v1/batch-0037/decisions.jsonl
67e1405cca3676492de054f7a4efaab8b1b443f6ee82a04a74b4d9d782548c5d	89	screening-v1/batch-0037/final.txt
88d5a5d0375c5471c357e328ebc3b3b65d0e9c89442320c53575050da7136234	50892	screening-v1/batch-0037/input.md
089711cbeb1fc48c2075d2b308d741fae20d864df009e91db682dfa060a5d132	450	screening-v1/batch-0037/run.json
e3b0c44298fc1c149afbf4c8996fb92427ae41e4649b934ca495991b7852b855	0	screening-v1/batch-0037/stderr.txt
d2c78a545e32f0911bd2c76dbdd83468b9a3b1be5d9b9cce350f43402b49ed18	86	screening-v1/batch-0037/submit_screening
d0b4a4ca77f2355af181d5f37dfff457971a052020e04f263cda512c571cad5b	8041	screening-v1/batch-0037/trace.jsonl
be9ec0176a295c48d50d1f06b20ea2fe4f30500a9d5ebabf6298f847723a74da	5680	screening-v1/batch-0038/batch.json
75342c8a3fb8ba4eedc4fc0d0d6fc20312a208877d54ff31a1d53975d8b785f3	3876	screening-v1/batch-0038/decisions.jsonl
d7da3a0e78e764d2fcdc93fd2db39c83ebb4d2aa6a176a5e62df806a8badb9a3	85	screening-v1/batch-0038/final.txt
affb3afb9c825ba13f46a470a8e1c078a9794dd88e30f90d6b9ca1143060fe3a	49233	screening-v1/batch-0038/input.md
67def8290aaa9a73cbd1a427d7dfef10d72d8833ec31b8aa7975368328d49484	450	screening-v1/batch-0038/run.json
e3b0c44298fc1c149afbf4c8996fb92427ae41e4649b934ca495991b7852b855	0	screening-v1/batch-0038/stderr.txt
d2c78a545e32f0911bd2c76dbdd83468b9a3b1be5d9b9cce350f43402b49ed18	86	screening-v1/batch-0038/submit_screening
25974b43c679d69b0d548bf5856dcbe885cc43cba7334c3981f0864a456e487d	15111	screening-v1/batch-0038/trace.jsonl
6694c15138200918334cd4bed202bc6ded23d3e78f8886ef51c3c12b541d1823	5942	screening-v1/batch-0039/batch.json
16ba4dba05d6c5c9773d9e7229cd7a3a7c2a353ad794b44e1f7ee4a0699a4ec5	3558	screening-v1/batch-0039/decisions.jsonl
a3e9c9b499170187592ce1a648caffbf205921ed424ab583bf1e142a3bfccc82	78	screening-v1/batch-0039/final.txt
372c80fd84d2d92c8c3ee1c48a8366a6726a65e9eb4700d578d617b21a9b2c8c	55573	screening-v1/batch-0039/input.md
71730ada6752dce5b23ac5785223df6369a66d4e4dcf07418396269d32b22917	450	screening-v1/batch-0039/run.json
e3b0c44298fc1c149afbf4c8996fb92427ae41e4649b934ca495991b7852b855	0	screening-v1/batch-0039/stderr.txt
d2c78a545e32f0911bd2c76dbdd83468b9a3b1be5d9b9cce350f43402b49ed18	86	screening-v1/batch-0039/submit_screening
6680f67bde32ae7316cdcb8d593f731ac307c25152f04ec4762082678a95dd7c	8309	screening-v1/batch-0039/trace.jsonl
d021a85a50edf298ed7b9512af4da53aad69da812b20c298e1664465eecb72bb	5633	screening-v1/batch-0040/batch.json
a56edc86f5648dcfeffed4ca8c29072f0aeb563c4826ff5eb5c0c7f14505f5b6	3679	screening-v1/batch-0040/decisions.jsonl
06b79cb1cea53022f8cff55da8689a7945ae8e9ee0b69c229373200872bc3790	61	screening-v1/batch-0040/final.txt
588fc128dc6486fcb8fdd0b375f79acf07d40568e77c299561ecc96c36a52d26	53037	screening-v1/batch-0040/input.md
cf34f12951b70ec65c833d931e5c7de17972c83aba468bb023967f2d69f3cb11	450	screening-v1/batch-0040/run.json
e3b0c44298fc1c149afbf4c8996fb92427ae41e4649b934ca495991b7852b855	0	screening-v1/batch-0040/stderr.txt
d2c78a545e32f0911bd2c76dbdd83468b9a3b1be5d9b9cce350f43402b49ed18	86	screening-v1/batch-0040/submit_screening
b7f4812b11e6bdb5949aa3620317184879fff744070b881e30503c474c292f8b	8201	screening-v1/batch-0040/trace.jsonl
67c8ff3fa02698e60c02d157763f0e33d394453708e712342e8a0d096995632e	6240	screening-v1/batch-0041/batch.json
39d5498f2d90ea6ac8127b2b5b2d441ac332bd1b372cf0c569a70365d635e338	3632	screening-v1/batch-0041/decisions.jsonl
6f5e9fcb8eb66fa3d616c9b3fdf6cca9d99a57cbf227f2832ff8ce0196b8d771	94	screening-v1/batch-0041/final.txt
2eaea7460dc39f905ec165e93b1c5112c6c5c7166e313a659cf69e90c17da030	50485	screening-v1/batch-0041/input.md
c90e91a1f5aac764a1d00b190f6b4958618325128df93b3023e11f496a6f8d2b	450	screening-v1/batch-0041/run.json
e3b0c44298fc1c149afbf4c8996fb92427ae41e4649b934ca495991b7852b855	0	screening-v1/batch-0041/stderr.txt
d2c78a545e32f0911bd2c76dbdd83468b9a3b1be5d9b9cce350f43402b49ed18	86	screening-v1/batch-0041/submit_screening
27d9d4dd9a49442ac05a1dbce2894a2080bc9d07f0653b6602db741076c50f04	8407	screening-v1/batch-0041/trace.jsonl
11336b9a93de31ef4afe5a23fa863b7b96906fa7c8f40ce19b20a4b064fd2ac3	5701	screening-v1/batch-0042/batch.json
000aae767072fb9d72d070346ac499273b8a65a601e69b5ceef21f03c6ede943	3798	screening-v1/batch-0042/decisions.jsonl
b52d2d9830fee9e6ab81789a2e295064c29de07e203f83292c3fc34b6843f58d	78	screening-v1/batch-0042/final.txt
f5b58d07178344e20d304390efa7dcbdbf428d449d2bbaa21164abae3e9a3343	49283	screening-v1/batch-0042/input.md
b3e674e06e7b681cc8e35f134cc0de302e2c6b21d77cd83100645ec6e5d7bd81	450	screening-v1/batch-0042/run.json
e3b0c44298fc1c149afbf4c8996fb92427ae41e4649b934ca495991b7852b855	0	screening-v1/batch-0042/stderr.txt
d2c78a545e32f0911bd2c76dbdd83468b9a3b1be5d9b9cce350f43402b49ed18	86	screening-v1/batch-0042/submit_screening
170210e632291422ffd629dbf02fcbc41512e3434a133d27093738bde819eed2	8928	screening-v1/batch-0042/trace.jsonl
9d1d72b433b75f9158252062e8fc800bf0a18af1a0a7d508f416bc5373c39a93	5989	screening-v1/batch-0043/batch.json
4ccec678a6df9cacfb765d62bec4d2af6cc33f5daab2436be899c6d83c89f41a	3474	screening-v1/batch-0043/decisions.jsonl
06c8a354437ec1e2a18c694d64366c99c1abe3674e810e8e610a5c7cbe15ed5d	44	screening-v1/batch-0043/final.txt
13e57c0ca921306be5ddd33a869d6cd8fdaa5dec3da74bdf17c8eba3cd47eb58	45609	screening-v1/batch-0043/input.md
1f8f3d53ce3ddbec56f1617a9d9f6faa4b90b8ae0365a1a169faa4d630e9261e	450	screening-v1/batch-0043/run.json
e3b0c44298fc1c149afbf4c8996fb92427ae41e4649b934ca495991b7852b855	0	screening-v1/batch-0043/stderr.txt
d2c78a545e32f0911bd2c76dbdd83468b9a3b1be5d9b9cce350f43402b49ed18	86	screening-v1/batch-0043/submit_screening
3128807147c3d2cb7e9c3a716e5e067622933ffe83c40ac7f10194933c7630bd	8090	screening-v1/batch-0043/trace.jsonl
48e36a9d8413a64f7bd3d10d46d5f9e8e558d95aa12c2a57740960f354c87bdb	5599	screening-v1/batch-0044/batch.json
e66ddf670420223d2e559a9952196d4ff885f98bce2e1d9a2511bea4b13a541c	3725	screening-v1/batch-0044/decisions.jsonl
e7708afc385b8f5704992179280a846acc725e6c2e0662b387f8ce0b63d9d117	78	screening-v1/batch-0044/final.txt
83920c98f54515ccbd721613935ce798b1f8d3bbd5e5587c895bb6ca1f25285f	52378	screening-v1/batch-0044/input.md
2103a54818b9a7238d93386e97cfbc41cacd178d59d3729653faaf425a68b950	450	screening-v1/batch-0044/run.json
e3b0c44298fc1c149afbf4c8996fb92427ae41e4649b934ca495991b7852b855	0	screening-v1/batch-0044/stderr.txt
d2c78a545e32f0911bd2c76dbdd83468b9a3b1be5d9b9cce350f43402b49ed18	86	screening-v1/batch-0044/submit_screening
01a4fc1ca0dc596d590c7f45f6a9508aecd52f8b98b3b3eea9e8a9727688968b	15246	screening-v1/batch-0044/trace.jsonl
603aee71cbcd90d202a5a2e9a75a6383afcbaa88ece1d2e0c4b9901ab45c468a	6034	screening-v1/batch-0045/batch.json
65e4401fc61f9a13565505c812466c86a95e225ed9e01b0012dc68da13c54f24	4001	screening-v1/batch-0045/decisions.jsonl
6824e4acfd0c951221fbb12f834a1008062d205af70fb4ce9aa62434b59ac897	64	screening-v1/batch-0045/final.txt
ca4ee51f90d9a7be468faf3eea59dec146e91f85ba35736f47e38e0c213ba0e5	49710	screening-v1/batch-0045/input.md
146352d46d832a85aa936b7a061d6632c07881f91f84e808c757a0c7dc27079e	450	screening-v1/batch-0045/run.json
e3b0c44298fc1c149afbf4c8996fb92427ae41e4649b934ca495991b7852b855	0	screening-v1/batch-0045/stderr.txt
d2c78a545e32f0911bd2c76dbdd83468b9a3b1be5d9b9cce350f43402b49ed18	86	screening-v1/batch-0045/submit_screening
4c6a435f355eb849da138c0545a2261a336610a3613bbd86885804d97ba21abc	9060	screening-v1/batch-0045/trace.jsonl
3946b1d4d392e775389147889c69511ae0946687877305a8520b0773fa45ebc8	5708	screening-v1/batch-0046/batch.json
a3b8a7b6b979eb0eaac7d8d9ea3963ed8a2a2e5d3c7afeb84a38ece99f0c7e15	3435	screening-v1/batch-0046/decisions.jsonl
6a647fa05f8287f2a1246fea2ab03331574244e89e5058a4036230169c64ab6d	94	screening-v1/batch-0046/final.txt
8256ef1d474dc23a1aeec40963518c072c40d19ad816853cdd8e2f29942f14a9	45119	screening-v1/batch-0046/input.md
1ebc3a6c2f021add226a5ffcfa01eeac96af72c5a7a4c2c7f65e5e952d4702fe	450	screening-v1/batch-0046/run.json
e3b0c44298fc1c149afbf4c8996fb92427ae41e4649b934ca495991b7852b855	0	screening-v1/batch-0046/stderr.txt
d2c78a545e32f0911bd2c76dbdd83468b9a3b1be5d9b9cce350f43402b49ed18	86	screening-v1/batch-0046/submit_screening
562eed6cdc97b4c80d01bb298c3b64aea09268acb77748b411ca4d772af292a6	7751	screening-v1/batch-0046/trace.jsonl
9cc82c7f58f833f1fda346640a0967b86b78b2cd551a06b979fc4be4852215d6	5626	screening-v1/batch-0047/batch.json
f3b6edc04a95e48adf7e932f0dfdb228ba771d5561f11aa6a3e41f29971f0595	3546	screening-v1/batch-0047/decisions.jsonl
f4fd0e862c5c906152027cce96ae2c1d6f4800de19f5b05894bb55d8377d9a70	72	screening-v1/batch-0047/final.txt
cd82416615603f2adf6e1a276276b8be40093e333bf2117f0b3816c49f5662a7	59928	screening-v1/batch-0047/input.md
0d0764367e17bcf47e1b05a85ff5cbab8a171725f0d3af91bad8ff680b287b82	450	screening-v1/batch-0047/run.json
e3b0c44298fc1c149afbf4c8996fb92427ae41e4649b934ca495991b7852b855	0	screening-v1/batch-0047/stderr.txt
d2c78a545e32f0911bd2c76dbdd83468b9a3b1be5d9b9cce350f43402b49ed18	86	screening-v1/batch-0047/submit_screening
097ed3ec6354747d9ec18d08625004394e8e1baa8119315c9524dfb1843c23ee	8152	screening-v1/batch-0047/trace.jsonl
d041325391d8a29221d4c6253ad9df57b40d374c418d4768122c4f82093f1a8a	5591	screening-v1/batch-0048/batch.json
0df74ea39a090d268039278adb708d6da8d7c0d306b8e7acb7694a6acbb5d9e0	3597	screening-v1/batch-0048/decisions.jsonl
06b79cb1cea53022f8cff55da8689a7945ae8e9ee0b69c229373200872bc3790	61	screening-v1/batch-0048/final.txt
2eae62a820fb88d0520e55a90353b994210ac9641df446397b9ad3d339ece47e	52946	screening-v1/batch-0048/input.md
af5da123b75b26bc62356803f4fef543ea585569230d43aa40b57f021d1ac688	450	screening-v1/batch-0048/run.json
e3b0c44298fc1c149afbf4c8996fb92427ae41e4649b934ca495991b7852b855	0	screening-v1/batch-0048/stderr.txt
d2c78a545e32f0911bd2c76dbdd83468b9a3b1be5d9b9cce350f43402b49ed18	86	screening-v1/batch-0048/submit_screening
d6eabe980f8e4677f4231604f9214d725a892d03049c6bf86d85481c7f1c14e3	8166	screening-v1/batch-0048/trace.jsonl
9efaa26ef2ee6ce513824aee96a0daed92cd0fe0c8cfa2c44cbbee7701f21a8d	5697	screening-v1/batch-0049/batch.json
13aa2da4e039d9addf859c9c072aba0ed62e63e2e2ffc640f0b89eb5693eea8a	3228	screening-v1/batch-0049/decisions.jsonl
8a7293b3e7626cd6aa853d9ed083ee9ac12aee8e8dbf625ca4913d6a3f7f61fa	83	screening-v1/batch-0049/final.txt
fccd34be954aad284347edce4acdbffdfc5f4e55d2b2c4939f43c20508d29dcf	49156	screening-v1/batch-0049/input.md
7867e4f0904e54d5a46fed56462999a32e466e819dad96790d83b03007de358f	450	screening-v1/batch-0049/run.json
e3b0c44298fc1c149afbf4c8996fb92427ae41e4649b934ca495991b7852b855	0	screening-v1/batch-0049/stderr.txt
d2c78a545e32f0911bd2c76dbdd83468b9a3b1be5d9b9cce350f43402b49ed18	86	screening-v1/batch-0049/submit_screening
bcaa18807a80fe8ba0dc4f8df6bb9b41f2e22766297af84febadb42edc6d76e1	7823	screening-v1/batch-0049/trace.jsonl
3a7833403e457de00c1d650dad719e0198da64a49fd6dd9c51117eea6685426a	5854	screening-v1/batch-0050/batch.json
389b38807071118b221ef321833e9f78a35bd1d6fbed2b7d4b944b5887af3995	3804	screening-v1/batch-0050/decisions.jsonl
2809cfc90156673e68c3ba157ef254cefe1524244b4839b9679b441a61ddc94e	80	screening-v1/batch-0050/final.txt
a39a2fbc01b81218f80d193c83ee46bf0a893eedb7c77fbd5dfffb38dd5d504d	53907	screening-v1/batch-0050/input.md
0f4790afed90e0ee68c379de7511470e6a7c2e8b86617a7387ada1f4c2e34ec7	450	screening-v1/batch-0050/run.json
e3b0c44298fc1c149afbf4c8996fb92427ae41e4649b934ca495991b7852b855	0	screening-v1/batch-0050/stderr.txt
d2c78a545e32f0911bd2c76dbdd83468b9a3b1be5d9b9cce350f43402b49ed18	86	screening-v1/batch-0050/submit_screening
e207b48f92fab16fdb1b0aca3d95c1c49d15bafe96ae80af6c88fa6dca886bb7	8968	screening-v1/batch-0050/trace.jsonl
ab8ec9ae16cf5ad0e4d29c369bf285d5ab35a1f01bbe5cb41abf92b9e13a311b	5813	screening-v1/batch-0051/batch.json
f4ea88e2335167ea110880e35b9da04ffe813ff544dd925d18935052d38e5c4a	3650	screening-v1/batch-0051/decisions.jsonl
888eb3ff5ca1045c9e62af34fae0589c12cf58255d410de373a8e438009d9fe3	72	screening-v1/batch-0051/final.txt
533baac743e168fc20e45a33c69e0e77b438913769239ccdd4fdf101f6c5d9c1	46607	screening-v1/batch-0051/input.md
ec9a421bd5995ccf9fa108ac07dc1f50228b8fb83ddc66087779e199b8759186	450	screening-v1/batch-0051/run.json
e3b0c44298fc1c149afbf4c8996fb92427ae41e4649b934ca495991b7852b855	0	screening-v1/batch-0051/stderr.txt
d2c78a545e32f0911bd2c76dbdd83468b9a3b1be5d9b9cce350f43402b49ed18	86	screening-v1/batch-0051/submit_screening
c41a3546757fbbeb52e0b7d100b2bcf0b720ecc5d522d413de3bdeb2a22f6564	14698	screening-v1/batch-0051/trace.jsonl
9fdc28a24bd0c02aeee48f22322fe6fd2bd19590841de9506c4beb4fc0a6b837	5663	screening-v1/batch-0052/batch.json
15bcd0fd035682d55f63ae2061dcf7ef3382d9944eb066087406de41e8f85f1e	3782	screening-v1/batch-0052/decisions.jsonl
7bbe762a95a011fda9a1a8f4592011993291635ca9a2d82605939c6d0b00fa10	83	screening-v1/batch-0052/final.txt
25e57df0db81823ff26e51a2c3e7fefc9afb0a3e9a72269c926a9863b618c043	50763	screening-v1/batch-0052/input.md
ad99d2052a7154befcb0ee9a7c79c45a5d9776fa9ee6b0463c865b41c364c298	450	screening-v1/batch-0052/run.json
e3b0c44298fc1c149afbf4c8996fb92427ae41e4649b934ca495991b7852b855	0	screening-v1/batch-0052/stderr.txt
d2c78a545e32f0911bd2c76dbdd83468b9a3b1be5d9b9cce350f43402b49ed18	86	screening-v1/batch-0052/submit_screening
7eb0b91c1735afb99b020f4d4a2ed1705fa3b41a6ca96e1104b2b104a583ee80	8982	screening-v1/batch-0052/trace.jsonl
22d28ab95c69a87cad20c605e6f979641c1438462f67fe9accf9009af2a39885	6090	screening-v1/batch-0053/batch.json
89d51f08a5a0e0895ee35093852a78448bc5ebf2e38288c70212a116575682d6	3575	screening-v1/batch-0053/decisions.jsonl
6f5e9fcb8eb66fa3d616c9b3fdf6cca9d99a57cbf227f2832ff8ce0196b8d771	94	screening-v1/batch-0053/final.txt
d95f63c1df7470e9af57ece6e871c29fea4b4d4db4f08b72ca5b3c3828e77429	49505	screening-v1/batch-0053/input.md
5ddf86084d4ce4d63f0f153b827b381ad8b2caeca85fbbe99ca861c2748fec9a	450	screening-v1/batch-0053/run.json
e3b0c44298fc1c149afbf4c8996fb92427ae41e4649b934ca495991b7852b855	0	screening-v1/batch-0053/stderr.txt
d2c78a545e32f0911bd2c76dbdd83468b9a3b1be5d9b9cce350f43402b49ed18	86	screening-v1/batch-0053/submit_screening
8739a3e9fe6978f58effc01ad2b62e3c5b73e4c98393805e9f8980e9c56adbf7	7964	screening-v1/batch-0053/trace.jsonl
ea6bab46959f1ee2aaa6a8848c8a25f4db6bea7af8fe40e3af92f2a524c4a2ac	5571	screening-v1/batch-0054/batch.json
3597a6479695b99e37ac422fd1ffd5570bed15b9cebda0edca8451073b743f53	3378	screening-v1/batch-0054/decisions.jsonl
23a75b1ba4f65b54f62e596d1d6cdcf5f10199bb7d17da6ac2a15905a894247e	78	screening-v1/batch-0054/final.txt
d7dd72938b2deac833d612d8db6a8a24a9905bbde4be4604225772a0a8fbf752	48895	screening-v1/batch-0054/input.md
6bd230bf285c82f241efabf7afc7dac93722406b83a14907675f5a3f4c752cbc	450	screening-v1/batch-0054/run.json
e3b0c44298fc1c149afbf4c8996fb92427ae41e4649b934ca495991b7852b855	0	screening-v1/batch-0054/stderr.txt
d2c78a545e32f0911bd2c76dbdd83468b9a3b1be5d9b9cce350f43402b49ed18	86	screening-v1/batch-0054/submit_screening
faad09e4a3b4c746cef33156d066a32ecaee630e623f3bd9e689cf1829293db6	7649	screening-v1/batch-0054/trace.jsonl
76bedce2c21905a7b9899f0843e5e1ec9b406b13f8a5bcac3e50987335ac317e	5815	screening-v1/batch-0055/batch.json
090a175652811d2b10ddaa439d4ff832967af873d6b40e710c1ae7082ddaae30	3712	screening-v1/batch-0055/decisions.jsonl
057665454462b2baea8696ca9e229efd1855cef45a68f2d94ef320623d7dceca	79	screening-v1/batch-0055/final.txt
d2ee18a4652e82720a3fd6aa14bf659cee69e59f3a0ce59bf082ce4a218baa6a	55021	screening-v1/batch-0055/input.md
1fc575c43f91e148f91a212c5ffadbfad362e2a789b74ee2ff487e56c749da94	450	screening-v1/batch-0055/run.json
e3b0c44298fc1c149afbf4c8996fb92427ae41e4649b934ca495991b7852b855	0	screening-v1/batch-0055/stderr.txt
d2c78a545e32f0911bd2c76dbdd83468b9a3b1be5d9b9cce350f43402b49ed18	86	screening-v1/batch-0055/submit_screening
166cdbcd1576c6d5aae9b0ba74486be70932b1ac8e14c3498e1c7ed0b95172b0	9013	screening-v1/batch-0055/trace.jsonl
65e98de6f20109d622871d15d5956738f0a7ca754abd81be4b165a5740edbafd	5802	screening-v1/batch-0056/batch.json
8e5dffd7f3540cb1b697fe79f1eb66f246b41d797156c5ea0baf0224ecef69ae	3916	screening-v1/batch-0056/decisions.jsonl
88c0b8849ea8f3a9e65426298d6208f9528aa5a0fbcf608ec7c0f3a38bb3149d	84	screening-v1/batch-0056/final.txt
15724119f814afd7fe2b5c8827c494749f379b5a3a5d9c350695a9f5c416833f	49625	screening-v1/batch-0056/input.md
339e3e17303f8fae5b02e767fbbdbed08633dd7e284bbe4ba55b2e4c83ae1dbb	450	screening-v1/batch-0056/run.json
e3b0c44298fc1c149afbf4c8996fb92427ae41e4649b934ca495991b7852b855	0	screening-v1/batch-0056/stderr.txt
d2c78a545e32f0911bd2c76dbdd83468b9a3b1be5d9b9cce350f43402b49ed18	86	screening-v1/batch-0056/submit_screening
b34371239e90b2005b4e1f9cc13bd8b425b8636fe0cdc2054893e2a80f25e783	9091	screening-v1/batch-0056/trace.jsonl
6453b44c105f0b59365e6f5e0ceb1195aba9f2f29641b9630637abd4dcf41cdd	5832	screening-v1/batch-0057/batch.json
49e047130a6f1ae6515b272af858489e0673abd331e9dd20165d5f4d9f738137	3431	screening-v1/batch-0057/decisions.jsonl
7480c4c880742e949ebe4da762bf42a2ebbe46446454737f50b2dc59fd23a0f8	57	screening-v1/batch-0057/final.txt
61995933e50f685de5159cf61be2f57d22938273c3c518ce007da5337cc89685	51476	screening-v1/batch-0057/input.md
475137fb754fd1f98c4fab3d82e6e5a9d2ae365432edf6c7191390846de7b01e	450	screening-v1/batch-0057/run.json
e3b0c44298fc1c149afbf4c8996fb92427ae41e4649b934ca495991b7852b855	0	screening-v1/batch-0057/stderr.txt
d2c78a545e32f0911bd2c76dbdd83468b9a3b1be5d9b9cce350f43402b49ed18	86	screening-v1/batch-0057/submit_screening
cad582bf4286246b30f807cfdb7ba629ed4d3ac8930763af1264fe58c348a682	8195	screening-v1/batch-0057/trace.jsonl
9dd106fbbefd2b46451c144fea048cf0ee7e7ac5c9cf205e134a732516a048dc	5875	screening-v1/batch-0058/batch.json
545c075a1ca3db30b209a10d93bbfd2b48173b91f094c0b42e65b80c29b991bf	4018	screening-v1/batch-0058/decisions.jsonl
d4f36d039c6b9de9705fad12089c8e20dfaa603625b52da6e3689b7838c2b44a	92	screening-v1/batch-0058/final.txt
76cdff6c8747985987f0efc336960725b1cfa43e7238a014484f54c34a78de96	60851	screening-v1/batch-0058/input.md
1df54d626686b35c6c6883bf90a4202fa85afb09c89f30e0a676085138bc16be	450	screening-v1/batch-0058/run.json
e3b0c44298fc1c149afbf4c8996fb92427ae41e4649b934ca495991b7852b855	0	screening-v1/batch-0058/stderr.txt
d2c78a545e32f0911bd2c76dbdd83468b9a3b1be5d9b9cce350f43402b49ed18	86	screening-v1/batch-0058/submit_screening
e0fcf790b0bf499b43b9ce22fa3eb4ef2e8c2ed1e1fa82aeeef188d03c9f6236	15416	screening-v1/batch-0058/trace.jsonl
ef786d56530084387362b21e9594c8b9169001209d86ed9fff43125d63eaf0ee	5572	screening-v1/batch-0059/batch.json
c0b9ec0024f2c8419ef9908b4b86a4cfed76d3a960ae58d0ff28950e0b01ee25	3755	screening-v1/batch-0059/decisions.jsonl
3f4a2dc23055ece6adc8f78e51ff19879c5f4cbbba89d75be27f172f164c74f7	78	screening-v1/batch-0059/final.txt
e526e5cd8f6a0f9656eedd47735f06228a6a47d0e5dc7b91481e3e080dbbe118	53639	screening-v1/batch-0059/input.md
5b82e7da3b8a57014d6ae43357496e87b27a92745980bf8c087554f44e2cb0c0	450	screening-v1/batch-0059/run.json
e3b0c44298fc1c149afbf4c8996fb92427ae41e4649b934ca495991b7852b855	0	screening-v1/batch-0059/stderr.txt
d2c78a545e32f0911bd2c76dbdd83468b9a3b1be5d9b9cce350f43402b49ed18	86	screening-v1/batch-0059/submit_screening
c2c8a6247fee611546a43c2a7a9b977b437751d6cfdcd37f4bf709df81feef14	8767	screening-v1/batch-0059/trace.jsonl
1e7114b4af2743df31dc3e7e7c72d3ef719c5cdb87217880bfb98db8f0c0dc6b	6065	screening-v1/batch-0060/batch.json
983e9866435534760825d231275ba844d7ea4a0a63a4f9cdb53fabcc321dfee4	3745	screening-v1/batch-0060/decisions.jsonl
01da75f35c59f3599b00edb2a467cb0f97025f4318d73f3506ab8416bc9e981c	83	screening-v1/batch-0060/final.txt
0bd294fe07b9290eb204364909bbeab8a2517b582cc583c9205f191432c74ccd	52098	screening-v1/batch-0060/input.md
30b8d3f9855f89f8cd21528427c9c9079d63184ab86d88d483b30c54df4f756f	450	screening-v1/batch-0060/run.json
e3b0c44298fc1c149afbf4c8996fb92427ae41e4649b934ca495991b7852b855	0	screening-v1/batch-0060/stderr.txt
d2c78a545e32f0911bd2c76dbdd83468b9a3b1be5d9b9cce350f43402b49ed18	86	screening-v1/batch-0060/submit_screening
5dd43fd246fd302cacf1a64ab6781afee56e09a49b6dee8fe70ab699a11b5b22	7890	screening-v1/batch-0060/trace.jsonl
1013d9ad3356bc7fb36a7d33032ef553254078234e0148d82bfc2c1709ad070b	5909	screening-v1/batch-0061/batch.json
a8ed545728e117115fb30f3c3e5574ead516a181f75133b728e424fc3ff88b66	3522	screening-v1/batch-0061/decisions.jsonl
2e23d8343b01c321dfde6653669c38c66a736b5b755c413dd44fddd266b19220	65	screening-v1/batch-0061/final.txt
89f898714c8999b2cee746e8c00684a4306bd0935a5a12358b6c7d1df8f50430	47058	screening-v1/batch-0061/input.md
0b4aed81ff4e5c2e1656fadab1bedc6c16b8b09694b68872fa8bea8cce42301b	450	screening-v1/batch-0061/run.json
e3b0c44298fc1c149afbf4c8996fb92427ae41e4649b934ca495991b7852b855	0	screening-v1/batch-0061/stderr.txt
d2c78a545e32f0911bd2c76dbdd83468b9a3b1be5d9b9cce350f43402b49ed18	86	screening-v1/batch-0061/submit_screening
e0e21b3534b67c5e407487cc16010d046f15170e116b4c9c837a2bc894d0640f	8060	screening-v1/batch-0061/trace.jsonl
bd0785603e4b44d14d8bbc6259f7321aca3d3c6a0c5de6f9f946be62faf61eb8	5883	screening-v1/batch-0062/batch.json
347ab5215d987ba2b56bfb8840b1f81d64b2c5f6c0add6514204735e2f101b7f	4059	screening-v1/batch-0062/decisions.jsonl
b8c44f6fdf21bc697005fcc1356e064ff29fb23749313057287d5419e21f5a00	82	screening-v1/batch-0062/final.txt
fe3513079cbf48c9c248e0ff971a7092c86fab20f81b8588fae03a8ab0977077	53121	screening-v1/batch-0062/input.md
8aa77717b1f9066e5bf953265986e32e7e2c0d7118750a89ad9e676c7deec69c	450	screening-v1/batch-0062/run.json
e3b0c44298fc1c149afbf4c8996fb92427ae41e4649b934ca495991b7852b855	0	screening-v1/batch-0062/stderr.txt
d2c78a545e32f0911bd2c76dbdd83468b9a3b1be5d9b9cce350f43402b49ed18	86	screening-v1/batch-0062/submit_screening
2bbce80f53690c21e873ef8ecc130c5f675ce72869c1e5a7a83ec5ebd0dfe33f	9480	screening-v1/batch-0062/trace.jsonl
1d9233383eed28b6771f3bd1cef9de14fbec6156f516a98d8431a286a63be81f	5633	screening-v1/batch-0063/batch.json
a531ccfada0c0cb41a787c325b2a534d392776d612ccc43142028d1270f60dfd	3777	screening-v1/batch-0063/decisions.jsonl
67e1405cca3676492de054f7a4efaab8b1b443f6ee82a04a74b4d9d782548c5d	89	screening-v1/batch-0063/final.txt
ff525e5397d20a9d40bf8764fd5984cd09150ee83819b77a5f8b04a9c5984aa8	47588	screening-v1/batch-0063/input.md
d4704713de61a8134d74fd1dab86a0f21671e72f016c9c9d5345a2bbeca73c96	450	screening-v1/batch-0063/run.json
e3b0c44298fc1c149afbf4c8996fb92427ae41e4649b934ca495991b7852b855	0	screening-v1/batch-0063/stderr.txt
d2c78a545e32f0911bd2c76dbdd83468b9a3b1be5d9b9cce350f43402b49ed18	86	screening-v1/batch-0063/submit_screening
fd81538d94539cc810d85a59bbd1ffe33bb735e7d93bab509e5037a6d94df994	8590	screening-v1/batch-0063/trace.jsonl
cc25b5bc8cc6cac06e627d79403178624b8b1d1ca5f58d3921177d9195bfddab	5983	screening-v1/batch-0064/batch.json
f0ea07aee65a57dcc31689c3efea4f498b5d498a181b04da1f299ef3cafd3910	3877	screening-v1/batch-0064/decisions.jsonl
2a61300cfbf8ec3510faab1682ae36b67ecd8d23e5dc057de89dfbf4876a41d7	73	screening-v1/batch-0064/final.txt
b28429b4b2051b69369497db72ea66ba395e66e3482a30b227cf508c266989c5	49035	screening-v1/batch-0064/input.md
e65aaabaec4320a08440d26ba144302024824430151b0aa26a503e9d6bf05402	450	screening-v1/batch-0064/run.json
e3b0c44298fc1c149afbf4c8996fb92427ae41e4649b934ca495991b7852b855	0	screening-v1/batch-0064/stderr.txt
d2c78a545e32f0911bd2c76dbdd83468b9a3b1be5d9b9cce350f43402b49ed18	86	screening-v1/batch-0064/submit_screening
0ebaaa389003843576a7a275417b692e3a5d03518447ed0caaabf95b9222bd2f	9296	screening-v1/batch-0064/trace.jsonl
ff7e590f27e4dc34aa3bcde5b787c75156744324e0354a5315d344fd21326ef9	5886	screening-v1/batch-0065/batch.json
f6478f5bc6c478cbf3fe0c1f79304205b7b1cafc090a11bfb0928b7a7aba8bfa	3844	screening-v1/batch-0065/decisions.jsonl
d4eb5a0874cab325f20942040afc89aeff93fa6a8984e0b246698427ea60d98d	176	screening-v1/batch-0065/final.txt
b4fd92f6244b6287a3f3a85b2c55fd906bac83622fc1dd62effeb9f04f099ef0	48433	screening-v1/batch-0065/input.md
78193a6268cac5680dbb199ecca525167f63fef5d00ee4beb2766a3e34e4a0bc	450	screening-v1/batch-0065/run.json
e3b0c44298fc1c149afbf4c8996fb92427ae41e4649b934ca495991b7852b855	0	screening-v1/batch-0065/stderr.txt
d2c78a545e32f0911bd2c76dbdd83468b9a3b1be5d9b9cce350f43402b49ed18	86	screening-v1/batch-0065/submit_screening
35c6fb4f389485d3255c1b7cbea9a83a2d53f6b19680d61c5e2c943294feff84	8868	screening-v1/batch-0065/trace.jsonl
61ac128d2098e0a728132de7704a14ad82242ebf37d8c4ec451370f4688e6331	5632	screening-v1/batch-0066/batch.json
ff8e33088efa1b49830ae3c117f731c68beda44c3a238bf9a9f7945f7c2f690d	3707	screening-v1/batch-0066/decisions.jsonl
660c77ce3be670bd3345dfa8e90ef6a08eb10783dc93c444ecbf5de0cbecd144	73	screening-v1/batch-0066/final.txt
5138fa8377a07c854c2c4f40ba83e2b4ec64b737909158972c85d3340e20cc8a	47346	screening-v1/batch-0066/input.md
a115c637017fa648139b645566c5e764def40c9a0aaefb0f439a6ba1f4dcff24	450	screening-v1/batch-0066/run.json
e3b0c44298fc1c149afbf4c8996fb92427ae41e4649b934ca495991b7852b855	0	screening-v1/batch-0066/stderr.txt
d2c78a545e32f0911bd2c76dbdd83468b9a3b1be5d9b9cce350f43402b49ed18	86	screening-v1/batch-0066/submit_screening
6c998117632c294eff27d6e0475eeb9207f89a7f043534b8e2f2fa3947c3a489	8528	screening-v1/batch-0066/trace.jsonl
ac89668d43e5c29e4fa2572480d4b653885caa40924ac886d51f59fa2554cf64	5772	screening-v1/batch-0067/batch.json
b6d391b6327195992ce1077471615264f2d0f05e94eb308df6906d1d54e33f78	3843	screening-v1/batch-0067/decisions.jsonl
67e1405cca3676492de054f7a4efaab8b1b443f6ee82a04a74b4d9d782548c5d	89	screening-v1/batch-0067/final.txt
e7a69db78f870bdefd10f4d2b418d8420ce0a5329eebcab41f439c42d31ebc1f	47707	screening-v1/batch-0067/input.md
d2761ae0ed24974b8e14f2c0175634cfc3dc4a3e4e6c3ab729c07f6460e821ea	450	screening-v1/batch-0067/run.json
e3b0c44298fc1c149afbf4c8996fb92427ae41e4649b934ca495991b7852b855	0	screening-v1/batch-0067/stderr.txt
d2c78a545e32f0911bd2c76dbdd83468b9a3b1be5d9b9cce350f43402b49ed18	86	screening-v1/batch-0067/submit_screening
90c2cb74bcf4600dcedf0696b0d27d57f101fb5141f617c3d2e315b6b1cd1c92	10083	screening-v1/batch-0067/trace.jsonl
b8770583f92dc2015e54edc043b4dddffbca194348e07273762e73bffbb54fc3	5818	screening-v1/batch-0068/batch.json
17cf288dcbb772a6fc41ada14ee493dae97258c8d15b8a847492d256448b1c95	3870	screening-v1/batch-0068/decisions.jsonl
6824e4acfd0c951221fbb12f834a1008062d205af70fb4ce9aa62434b59ac897	64	screening-v1/batch-0068/final.txt
f429856325220253516dad8a99399a83d1c711b3c165129e9a082d584f6a2269	54228	screening-v1/batch-0068/input.md
87d56b8b80df64d7d38ebeb443bdb6b4c99e7b1451e43e3ebd0169b4aee56565	450	screening-v1/batch-0068/run.json
e3b0c44298fc1c149afbf4c8996fb92427ae41e4649b934ca495991b7852b855	0	screening-v1/batch-0068/stderr.txt
d2c78a545e32f0911bd2c76dbdd83468b9a3b1be5d9b9cce350f43402b49ed18	86	screening-v1/batch-0068/submit_screening
66b94d517e2f6984b58541b91e87737408f2a9048cf62142fbd9b2d0bcac2a7a	8668	screening-v1/batch-0068/trace.jsonl
05c1055c1632b700f0eaeb8abf31f23587c31db39e564f485da203a66377df7f	5778	screening-v1/batch-0069/batch.json
92dfbd23aa1e3633b153494070c5eed0690638178a2a0e3ef650e3e7b2f9a4c7	3942	screening-v1/batch-0069/decisions.jsonl
ca5731caf5dbb937b2052a49bd6f81f90ac949d6374326ce9c8cf58f6eb820f4	83	screening-v1/batch-0069/final.txt
ab46e9d958a43da08e90a73d88e729062aa792c6c4f7c702e57c80accf92e217	46277	screening-v1/batch-0069/input.md
79f59e45adf9e2a58117681de8bb42c9da2360ffb9e5daad534e77d9a7a68cb4	450	screening-v1/batch-0069/run.json
e3b0c44298fc1c149afbf4c8996fb92427ae41e4649b934ca495991b7852b855	0	screening-v1/batch-0069/stderr.txt
d2c78a545e32f0911bd2c76dbdd83468b9a3b1be5d9b9cce350f43402b49ed18	86	screening-v1/batch-0069/submit_screening
04bf96454121aea5d7e424963fce5dfdd65bc34bb6cb73b1d5cdc101e097506a	13207	screening-v1/batch-0069/trace.jsonl
b301fed1fe635cded2833624ac0f5d12248503500655f8fbee357e0920d6daec	5842	screening-v1/batch-0070/batch.json
6e4a85c983157489a3823edb53872330f8a09e9fd1fcae6a3f8212bb0c406623	4153	screening-v1/batch-0070/decisions.jsonl
10c13dd792db47e3f734191e7ad1448641908e6a3e39c39aa1c17d1d8d23f263	88	screening-v1/batch-0070/final.txt
1b10412a168bb0cf4f6d2e5d1bf317e6e35ff870bf2e0c5bdd71032512d287f4	47188	screening-v1/batch-0070/input.md
5fe569f99adf92bdf6bd811f3fa2c3b8b115449e2e0274ef2a6b56e47218adb9	450	screening-v1/batch-0070/run.json
e3b0c44298fc1c149afbf4c8996fb92427ae41e4649b934ca495991b7852b855	0	screening-v1/batch-0070/stderr.txt
d2c78a545e32f0911bd2c76dbdd83468b9a3b1be5d9b9cce350f43402b49ed18	86	screening-v1/batch-0070/submit_screening
17af15149fc49ebba14a82f74d37e132cdc7494aae648c5c8b301d25317f60ca	9664	screening-v1/batch-0070/trace.jsonl
9eb0d5c404c95539c80c667cfa17a99d0717482e1e06660e5d2b18a40e77eb31	5719	screening-v1/batch-0071/batch.json
79bf2fe05b17a7ae1ca4a2c12b111bd71ac5b48fab7b95b16ffda0082dbd25f7	3753	screening-v1/batch-0071/decisions.jsonl
f4fd0e862c5c906152027cce96ae2c1d6f4800de19f5b05894bb55d8377d9a70	72	screening-v1/batch-0071/final.txt
989a8217d5530f2005ce45f8ea0084925b33c0319e81636874e79d3435ad6a40	51099	screening-v1/batch-0071/input.md
86ecff541d8cfdf095d68b8798e7be15edd88d4fa401bd866add8bb77b0545ab	450	screening-v1/batch-0071/run.json
e3b0c44298fc1c149afbf4c8996fb92427ae41e4649b934ca495991b7852b855	0	screening-v1/batch-0071/stderr.txt
d2c78a545e32f0911bd2c76dbdd83468b9a3b1be5d9b9cce350f43402b49ed18	86	screening-v1/batch-0071/submit_screening
8d2d74bf64b1150fe7ab9eddc6954813900307ec6e513147cc0d10ad9eebeea2	9095	screening-v1/batch-0071/trace.jsonl
74f4d77d78a437190f3872e0f6cd863de095004bd8d87a6a12e00c9618705d57	5753	screening-v1/batch-0072/batch.json
ae2847589c36f5efa17d7f5a9f1f89e4fdc68d9a89b2dfe6d8586063eaf0d322	3531	screening-v1/batch-0072/decisions.jsonl
9312f2dff9a98dc29a1f1e809ccbd39ff195fcc03b705bb514208a3cf76bf65f	46	screening-v1/batch-0072/final.txt
c9c39d9fb4065ee601cca1b522a04fac6e27a011ac83b961fadf7e6d6286d715	47336	screening-v1/batch-0072/input.md
ea84f9ebdaa595dc281b45d10ec9fd16e16985743be82a4f96127204c66f9a55	450	screening-v1/batch-0072/run.json
e3b0c44298fc1c149afbf4c8996fb92427ae41e4649b934ca495991b7852b855	0	screening-v1/batch-0072/stderr.txt
d2c78a545e32f0911bd2c76dbdd83468b9a3b1be5d9b9cce350f43402b49ed18	86	screening-v1/batch-0072/submit_screening
fe0edcc504ee475e123a52194d2046f7e3092419a87570ffcc82889a3dc48ab4	8558	screening-v1/batch-0072/trace.jsonl
df201ec1c403a9e0424eb2e7e6c50b2d362528d541f16ecb3598ffa03fbd566b	5789	screening-v1/batch-0073/batch.json
c1cec9353f83843039f5337af814fad156b4acfd40c5a4f643bfa7b66cae2107	3914	screening-v1/batch-0073/decisions.jsonl
3d0a364f0963b4b9ab16a9085adb9cae90888b0a0e0c7d603af753e5cd0fe79d	89	screening-v1/batch-0073/final.txt
4babe953a4cf8878d22a892fde40bee8a912710e5f8532f0e3c6eb5f60f04754	51317	screening-v1/batch-0073/input.md
48237427e2c8acf7e985a8ca4d7d7e6c2dc971e694cc65a749d929393de72717	450	screening-v1/batch-0073/run.json
e3b0c44298fc1c149afbf4c8996fb92427ae41e4649b934ca495991b7852b855	0	screening-v1/batch-0073/stderr.txt
d2c78a545e32f0911bd2c76dbdd83468b9a3b1be5d9b9cce350f43402b49ed18	86	screening-v1/batch-0073/submit_screening
90dfa430112f79e009ca3ece9860110c89bafca5f66952939e5a3c725b1d74a7	9037	screening-v1/batch-0073/trace.jsonl
904bfdecbb4099ab8a540587b3295f9a31f91ca065d415466a75ceae22e72d7c	5876	screening-v1/batch-0074/batch.json
ee39e9187afe8d49e93c37fd772ae7b295b3cbb7a95ff7e2e7db38ff10b64350	3547	screening-v1/batch-0074/decisions.jsonl
0eab5018487d6cb7fc9ab8c1b97473bc7fcedfc09802acbc06a694a42598a7ea	64	screening-v1/batch-0074/final.txt
c8f3c71cb6ad8f7d762e886947d753fa1033ec8ba46195a207442f97a7450951	48863	screening-v1/batch-0074/input.md
a2369f8dc06b23254c0df5c96bf6bfe28e846a3b5c7c3ec621f6d2a22a03c8d6	450	screening-v1/batch-0074/run.json
e3b0c44298fc1c149afbf4c8996fb92427ae41e4649b934ca495991b7852b855	0	screening-v1/batch-0074/stderr.txt
d2c78a545e32f0911bd2c76dbdd83468b9a3b1be5d9b9cce350f43402b49ed18	86	screening-v1/batch-0074/submit_screening
c613be687aab6bb38c089771b8dd7df158c55193886c304974bb8abe244e5c14	14448	screening-v1/batch-0074/trace.jsonl
3c42674571bf92575fc269082a686daf7974ed556272de21fdfe75b607d5056d	5579	screening-v1/batch-0075/batch.json
f95adaaab06036b3a06e92fcd5cd15cab770431e7ffc0d29d3e65735e52b40b6	3544	screening-v1/batch-0075/decisions.jsonl
3f4a2dc23055ece6adc8f78e51ff19879c5f4cbbba89d75be27f172f164c74f7	78	screening-v1/batch-0075/final.txt
dbc01429f4fb459d204a1c2ff61fb68b7e82f2b56106ff59953f7c7f15ef1da5	49014	screening-v1/batch-0075/input.md
69459f68bf514e4aa451c5cf51b5748330071d9febff77dd662964d50f8ed574	450	screening-v1/batch-0075/run.json
e3b0c44298fc1c149afbf4c8996fb92427ae41e4649b934ca495991b7852b855	0	screening-v1/batch-0075/stderr.txt
d2c78a545e32f0911bd2c76dbdd83468b9a3b1be5d9b9cce350f43402b49ed18	86	screening-v1/batch-0075/submit_screening
37a63fc734dc1d847173ab6b699c313e08070861c431b3d72b3bcd053cb25908	8698	screening-v1/batch-0075/trace.jsonl
be23d567c25842b1372bac8343921d4c1e076a6bcd6cd4cec01983470a149bed	5552	screening-v1/batch-0076/batch.json
2b787623dd17e6b53bbffa81929449a54be07aab6d2a55ee424a173944a609ea	3287	screening-v1/batch-0076/decisions.jsonl
621013eb952d5e7f9c2775f3abd43141b1e199ef7fb2ee1008d4f1c839812246	90	screening-v1/batch-0076/final.txt
535fbe5504116654fa219fd7e99353d281b4129a323f810528d349bc7542153b	47442	screening-v1/batch-0076/input.md
658386adb778fcb3828eed18cb70f039f5d4523996cff813f535dd927bc41c1f	450	screening-v1/batch-0076/run.json
e3b0c44298fc1c149afbf4c8996fb92427ae41e4649b934ca495991b7852b855	0	screening-v1/batch-0076/stderr.txt
d2c78a545e32f0911bd2c76dbdd83468b9a3b1be5d9b9cce350f43402b49ed18	86	screening-v1/batch-0076/submit_screening
d9b38ae715eed63ee3b543453c6ac2b7508e307e38828d4ba5020c0e1003de30	7355	screening-v1/batch-0076/trace.jsonl
c1aea4246ca75a419f7cd77e25dfe22a4d37008d9403b0d4b9474da596bf2bd7	5927	screening-v1/batch-0077/batch.json
08a8a9a9c04c5a586a98b3dcc5d364fc91c74de9d0a1365ac5d2b9e96fd6cd5a	3937	screening-v1/batch-0077/decisions.jsonl
d2d159238b775a00db4b5fd135f20b4b892ed648fd8c60ba7d65800597ada474	66	screening-v1/batch-0077/final.txt
cf5641e0888ec648aef3959e8f104b2297a05022f25fa0a1b7e71e7cdf56996b	53446	screening-v1/batch-0077/input.md
d8aef8cd0c6aac2e0d27fda2c3156f9da074578bf9d28c93e841e082d3d41085	450	screening-v1/batch-0077/run.json
e3b0c44298fc1c149afbf4c8996fb92427ae41e4649b934ca495991b7852b855	0	screening-v1/batch-0077/stderr.txt
d2c78a545e32f0911bd2c76dbdd83468b9a3b1be5d9b9cce350f43402b49ed18	86	screening-v1/batch-0077/submit_screening
4fcb038405a196f8787a21a25826167019e2c71d1ab088ef4da5abe1fb8508d6	15243	screening-v1/batch-0077/trace.jsonl
4e0ff19de0dc1280f7dee74b3d531c2ca69d39de29486acdf56fde663b31ff0f	5626	screening-v1/batch-0078/batch.json
164a7e15e7cafb48b31e5854aff314ad0713b87d49e14fbbb82e87e5408d839e	3447	screening-v1/batch-0078/decisions.jsonl
057665454462b2baea8696ca9e229efd1855cef45a68f2d94ef320623d7dceca	79	screening-v1/batch-0078/final.txt
66f077b3985f27039d1dcde434c7c4df0a2f0d088a321be49c3efe1c68ba19dc	49152	screening-v1/batch-0078/input.md
825cf31a5e7f20a7e95260f3fd42cfeef06ec5da1b5c8bb1bf3e35e26726e21d	450	screening-v1/batch-0078/run.json
e3b0c44298fc1c149afbf4c8996fb92427ae41e4649b934ca495991b7852b855	0	screening-v1/batch-0078/stderr.txt
d2c78a545e32f0911bd2c76dbdd83468b9a3b1be5d9b9cce350f43402b49ed18	86	screening-v1/batch-0078/submit_screening
4f4946c9f23b0d677bca4eefe15edfc5463684638b525e2e893af8d051f2f507	8221	screening-v1/batch-0078/trace.jsonl
46caee72baf6cd1f43be02a106a69319001fc4b37d28876bbb8af5fe9df8fbe4	5653	screening-v1/batch-0079/batch.json
bcdb253e17510d215ee2a363f591524e7e618b7aa5d0b334636f966183084c66	3770	screening-v1/batch-0079/decisions.jsonl
057665454462b2baea8696ca9e229efd1855cef45a68f2d94ef320623d7dceca	79	screening-v1/batch-0079/final.txt
8dcd9c2e5fcda0ba529b3ddc61991b2c395cd484ed478155a94e5ef546b8dff3	49771	screening-v1/batch-0079/input.md
6bf2a096976d22702a6741825cee0b0cde68ad723c412355f899fd744ab87202	450	screening-v1/batch-0079/run.json
e3b0c44298fc1c149afbf4c8996fb92427ae41e4649b934ca495991b7852b855	0	screening-v1/batch-0079/stderr.txt
d2c78a545e32f0911bd2c76dbdd83468b9a3b1be5d9b9cce350f43402b49ed18	86	screening-v1/batch-0079/submit_screening
80340cf79136a323e7d6385a30db523d0e85b1ddedd7f3c6bea5dc729f2aa9e7	8577	screening-v1/batch-0079/trace.jsonl
cf414eb6057b4f49f18a5c6d9ebcb0a8850cfc32eda29aca25e1b9a02026be5d	5835	screening-v1/batch-0080/batch.json
2cf20c38422751d5c4e2d1b430bcdfacaa50a9f62574baf69d50803f1a8436b0	3868	screening-v1/batch-0080/decisions.jsonl
f5a27266bb0910fca907b1904c09287ce68e0dea75d743f62b73c5523e7b30c0	83	screening-v1/batch-0080/final.txt
acc7f375bc2050ee07e558dfa0f39b7bbce66732b3573e93527d8dd58131e0fa	51298	screening-v1/batch-0080/input.md
47a0687a0db056d1feae07b0f5b4018544cb521c14c3c3fbb2e73830d26ff387	450	screening-v1/batch-0080/run.json
e3b0c44298fc1c149afbf4c8996fb92427ae41e4649b934ca495991b7852b855	0	screening-v1/batch-0080/stderr.txt
d2c78a545e32f0911bd2c76dbdd83468b9a3b1be5d9b9cce350f43402b49ed18	86	screening-v1/batch-0080/submit_screening
5ebc2f8858ee904347743d73a7e74e83a585135f922122dd621ca05d79042391	8689	screening-v1/batch-0080/trace.jsonl
eb3024114e2382ea333ee62aa4f6c420e403f6d9b481e3a360f01eb0ceed650e	5628	screening-v1/batch-0081/batch.json
700e9f760ba6b485872c822fa9effd1ef136756fd5405feb5e5092466585feab	3841	screening-v1/batch-0081/decisions.jsonl
ca5731caf5dbb937b2052a49bd6f81f90ac949d6374326ce9c8cf58f6eb820f4	83	screening-v1/batch-0081/final.txt
95efbbc6634e43a939ff7ed97966829a369a9f4ecb4570172b3ab841cc4580dd	42582	screening-v1/batch-0081/input.md
43f7f0a44099b05cd63eb757d4cbfd03b49247d500c3f345ae3eb032c143bd02	450	screening-v1/batch-0081/run.json
e3b0c44298fc1c149afbf4c8996fb92427ae41e4649b934ca495991b7852b855	0	screening-v1/batch-0081/stderr.txt
d2c78a545e32f0911bd2c76dbdd83468b9a3b1be5d9b9cce350f43402b49ed18	86	screening-v1/batch-0081/submit_screening
a3992804f1a451f4603176117c3bf704a1a5bad336fef1e49eee2380e44883c2	15033	screening-v1/batch-0081/trace.jsonl
54f34bb556afbd74f53512ac965d756545b851843175fb1e5af8f802e7ba6bcd	5898	screening-v1/batch-0082/batch.json
7301e5a115efd7f4bc8f2f31cce1e48fc592425e87c77d9f82dcad960cbf2f18	3722	screening-v1/batch-0082/decisions.jsonl
d7da3a0e78e764d2fcdc93fd2db39c83ebb4d2aa6a176a5e62df806a8badb9a3	85	screening-v1/batch-0082/final.txt
afc07b078f24500ed3dd9b4341e887299c99d10e5d85a82760d7ede1468ed868	52411	screening-v1/batch-0082/input.md
2c1e2453968e52fdf2ee9d49397eeb6f3a46734f2dcbb376f01083656145359e	450	screening-v1/batch-0082/run.json
e3b0c44298fc1c149afbf4c8996fb92427ae41e4649b934ca495991b7852b855	0	screening-v1/batch-0082/stderr.txt
d2c78a545e32f0911bd2c76dbdd83468b9a3b1be5d9b9cce350f43402b49ed18	86	screening-v1/batch-0082/submit_screening
0f949e078f01a299f8aadef34303676a980a82dbaa39dab8cd3a84c2913e6131	14853	screening-v1/batch-0082/trace.jsonl
c4815a8fc72f78fd4a9d7e588e737fb6872fe873abad13e878af0fe2897a2dd9	5718	screening-v1/batch-0083/batch.json
3ff747e80e208cf149e1b6cad4e99e1cbf368470f6c9b3d12e60d4feef9e7674	3790	screening-v1/batch-0083/decisions.jsonl
67e1405cca3676492de054f7a4efaab8b1b443f6ee82a04a74b4d9d782548c5d	89	screening-v1/batch-0083/final.txt
daebef162a3b9b9c75b6e9434f650e8299e153c5f91677edd4a775f4ce02498f	51860	screening-v1/batch-0083/input.md
b4fe3aae04db97f86f6e472bb6799e5acc792b024715629c3093e32382628a7c	450	screening-v1/batch-0083/run.json
e3b0c44298fc1c149afbf4c8996fb92427ae41e4649b934ca495991b7852b855	0	screening-v1/batch-0083/stderr.txt
d2c78a545e32f0911bd2c76dbdd83468b9a3b1be5d9b9cce350f43402b49ed18	86	screening-v1/batch-0083/submit_screening
adfa77b9dc8d0a79ced418ae41d0627c6a6ff2991bcfbf31634a937351f22d3f	8081	screening-v1/batch-0083/trace.jsonl
0abf6984800ac583337fd681f8c44d4af2e5ac1ab5d1579b03ff2ca9fb194233	5843	screening-v1/batch-0084/batch.json
7ada0410be9fa6b369cbc64c3d77870ab93cd8ea99586d259ed35f31072099b0	3710	screening-v1/batch-0084/decisions.jsonl
d7da3a0e78e764d2fcdc93fd2db39c83ebb4d2aa6a176a5e62df806a8badb9a3	85	screening-v1/batch-0084/final.txt
ee237307516152d68a6e611810bab78b0ea1688b7c1eb499833c9e0488987255	48777	screening-v1/batch-0084/input.md
445dbebc493f23b143bfd0453a9993f162c891d3ac3704c09ce47b59c639d81f	450	screening-v1/batch-0084/run.json
e3b0c44298fc1c149afbf4c8996fb92427ae41e4649b934ca495991b7852b855	0	screening-v1/batch-0084/stderr.txt
d2c78a545e32f0911bd2c76dbdd83468b9a3b1be5d9b9cce350f43402b49ed18	86	screening-v1/batch-0084/submit_screening
bdf62bd52d5446b84680db49291acac517a142def94b23a0c04ad4edaaae02b9	8784	screening-v1/batch-0084/trace.jsonl
e80b285bf0197912cc391b65eeaacc20541034743926bdb40611890c65998164	5892	screening-v1/batch-0085/batch.json
43a35fe4c01635c4533e8628104582eebe9ad29ebf40498bfce71948c7053ae1	3837	screening-v1/batch-0085/decisions.jsonl
12bfc04b481060e14e256636c30ee7d70d6d1060b4debc9519c541a6666ade00	55	screening-v1/batch-0085/final.txt
f60d4889902ece3b75aac7a37b62e963ea1bf900054015767fa691f3aab61ad7	45861	screening-v1/batch-0085/input.md
cae09027343eccf89ee8a5758a0e45560c2c7268fb634ffea7cfbe187f560951	450	screening-v1/batch-0085/run.json
e3b0c44298fc1c149afbf4c8996fb92427ae41e4649b934ca495991b7852b855	0	screening-v1/batch-0085/stderr.txt
d2c78a545e32f0911bd2c76dbdd83468b9a3b1be5d9b9cce350f43402b49ed18	86	screening-v1/batch-0085/submit_screening
23b8ff68b01ee31f5f48806454f2a9aef4576a5cbc50d1513a1c7207b56161ce	8508	screening-v1/batch-0085/trace.jsonl
3b8bdaaff3bb419b3a674842b25e11163314966722a3d5ad6ffefa188405099b	5451	screening-v1/batch-0086/batch.json
d4e40a666d2f9ffcc48db7378ea013a05a273e82520a20e11a7254a6276f456b	3550	screening-v1/batch-0086/decisions.jsonl
23a75b1ba4f65b54f62e596d1d6cdcf5f10199bb7d17da6ac2a15905a894247e	78	screening-v1/batch-0086/final.txt
875b125d5185c79beda4eaf7083040ed8a4851f24118d2ca0fde41711bcd1aa8	47996	screening-v1/batch-0086/input.md
864da5acbf47b158f1615db747ac3fdc1c03be4647d4cec85a26b0f163eb1748	450	screening-v1/batch-0086/run.json
e3b0c44298fc1c149afbf4c8996fb92427ae41e4649b934ca495991b7852b855	0	screening-v1/batch-0086/stderr.txt
d2c78a545e32f0911bd2c76dbdd83468b9a3b1be5d9b9cce350f43402b49ed18	86	screening-v1/batch-0086/submit_screening
34911bb228be5f569e811965f1bd8d27cd540d9b7434b4bd65b00fc41655afb9	7962	screening-v1/batch-0086/trace.jsonl
f8670241ca947ea3a809779b5b0818fc8a6b43f386ec828e1341684248232df1	5529	screening-v1/batch-0087/batch.json
006484e788dfa3d3d6fc21ce9d678ec403fe14b196f580186d54c8710a673143	3612	screening-v1/batch-0087/decisions.jsonl
9312f2dff9a98dc29a1f1e809ccbd39ff195fcc03b705bb514208a3cf76bf65f	46	screening-v1/batch-0087/final.txt
27ea1a6b4a00002de59bd03a2ea85cbfae6e75e96449e1b66b475caf4435b660	48976	screening-v1/batch-0087/input.md
fe5eb07174f461ce356b5f2bd7ff5ae17c351dd650fe58ad3747ca5cc75ab725	450	screening-v1/batch-0087/run.json
e3b0c44298fc1c149afbf4c8996fb92427ae41e4649b934ca495991b7852b855	0	screening-v1/batch-0087/stderr.txt
d2c78a545e32f0911bd2c76dbdd83468b9a3b1be5d9b9cce350f43402b49ed18	86	screening-v1/batch-0087/submit_screening
05e91e539ee446b5271c13f7b2a0ec286ae81856710701331a0df84e35ac9871	8373	screening-v1/batch-0087/trace.jsonl
358643ebe9984d4ada6af8c31b77e4df7ad86eeb68fd1d1b61d0731a20ed5bb3	6054	screening-v1/batch-0088/batch.json
8a78df3a8d0e1a1079b056da0aba85ceb6c9491c8e5b191a6e067833b4c34d50	3830	screening-v1/batch-0088/decisions.jsonl
cf0c22cb98a8d7b0198b01c6418fa27c48963c506029294b047c29cbac487a69	77	screening-v1/batch-0088/final.txt
6ad8e3ddc2ace14905ed5be5039969bc1a371e55fcb499837e6195da4fcbd1d0	47442	screening-v1/batch-0088/input.md
634bbf145284d4505c582d6f43163f845534c18c765231eb274bbc40bf30cc3a	450	screening-v1/batch-0088/run.json
e3b0c44298fc1c149afbf4c8996fb92427ae41e4649b934ca495991b7852b855	0	screening-v1/batch-0088/stderr.txt
d2c78a545e32f0911bd2c76dbdd83468b9a3b1be5d9b9cce350f43402b49ed18	86	screening-v1/batch-0088/submit_screening
ccd913ed725b3350cf0e291efcf7d1cad680813ba186ea6ac54d262d7ed707be	9013	screening-v1/batch-0088/trace.jsonl
742d4ab4897df9440538b80e881f216f80980022c7ff6e83a44409a8e9edcd26	5479	screening-v1/batch-0089/batch.json
292fe4eb9ace349ba3f5c374079ec9ccfdcea5cb2d5c99e3733f51a1a70b5912	4035	screening-v1/batch-0089/decisions.jsonl
12bfc04b481060e14e256636c30ee7d70d6d1060b4debc9519c541a6666ade00	55	screening-v1/batch-0089/final.txt
0e8c8367eaef563bb7ea15b003fc7f606e786266bb0966d95cd9a6caefbeb78e	50401	screening-v1/batch-0089/input.md
408e5e1f512bc06ad714b9af569ebbe976259651ebb261dbb25e2a2765d167f4	450	screening-v1/batch-0089/run.json
e3b0c44298fc1c149afbf4c8996fb92427ae41e4649b934ca495991b7852b855	0	screening-v1/batch-0089/stderr.txt
d2c78a545e32f0911bd2c76dbdd83468b9a3b1be5d9b9cce350f43402b49ed18	86	screening-v1/batch-0089/submit_screening
4d520893501940dde172036ff0b9a892dc74ba55708a019e9b2583dedda6f2f1	9121	screening-v1/batch-0089/trace.jsonl
883b3e9202a3756117ea56ba84848ac670f483d51ed8dd11aca3d7050031b8e4	5723	screening-v1/batch-0090/batch.json
84e040cd7d8366c017bf24f693c64b664c5a57a9b2b3e68e03dd31d1fe751fd0	3816	screening-v1/batch-0090/decisions.jsonl
d8d3f566fa79885f3f0c2f869c71abc9ecdb2a116da1a9ce4ea8db8df8497254	70	screening-v1/batch-0090/final.txt
f97bc5cec0575daf77aa5f9826b5b4ccbdfa833030233546494b93a86781a6a2	44452	screening-v1/batch-0090/input.md
2290a2097cc393aff1abc68f0115f2c56d051973cc2973c6fcd4227f1b3df663	450	screening-v1/batch-0090/run.json
e3b0c44298fc1c149afbf4c8996fb92427ae41e4649b934ca495991b7852b855	0	screening-v1/batch-0090/stderr.txt
d2c78a545e32f0911bd2c76dbdd83468b9a3b1be5d9b9cce350f43402b49ed18	86	screening-v1/batch-0090/submit_screening
affae9d26f2443483029ba41e24437c8e6eff3800d1cdc4c67b530bfe15db7b0	15190	screening-v1/batch-0090/trace.jsonl
084073a5ad572f4ff9bd85b72648f6e71f54d3907d2aaedfae07f99c9609afb2	5624	screening-v1/batch-0091/batch.json
ceac84f6e46aba645de5e69c442d85d0027b04fc4e5085025b902c55601bdd85	3493	screening-v1/batch-0091/decisions.jsonl
06c8a354437ec1e2a18c694d64366c99c1abe3674e810e8e610a5c7cbe15ed5d	44	screening-v1/batch-0091/final.txt
4a033a4d7bb830ca6e53e6511e19a53e1446db2e1662b2c1043e19c0f897ae45	45596	screening-v1/batch-0091/input.md
e401b32afb0e9bfee68757c442aa83b591469863cedb2f20121f1895e6018c78	450	screening-v1/batch-0091/run.json
e3b0c44298fc1c149afbf4c8996fb92427ae41e4649b934ca495991b7852b855	0	screening-v1/batch-0091/stderr.txt
d2c78a545e32f0911bd2c76dbdd83468b9a3b1be5d9b9cce350f43402b49ed18	86	screening-v1/batch-0091/submit_screening
22c37ee189222add5603d9e7545bbd0f5e01dca25685a31ed9c5aa5aa440e79c	8558	screening-v1/batch-0091/trace.jsonl
1dd3bf1fa5e0fd64dc07acca055165be15712ae2b1426ed03f966cac1fb08660	5717	screening-v1/batch-0092/batch.json
9623aa73b5b9588910970a966cf16c4e40e4d407e0955284fe78554b7ae2ac97	4038	screening-v1/batch-0092/decisions.jsonl
01da75f35c59f3599b00edb2a467cb0f97025f4318d73f3506ab8416bc9e981c	83	screening-v1/batch-0092/final.txt
fe925b506ccc2ceac7cf454341f8ffd5fdc14430576c28b6e2247bab8c6b2737	61893	screening-v1/batch-0092/input.md
e3c0030f7f08b56e2d72351e3a3871b05720ec44b57b3618e05a7488f24d6f62	450	screening-v1/batch-0092/run.json
e3b0c44298fc1c149afbf4c8996fb92427ae41e4649b934ca495991b7852b855	0	screening-v1/batch-0092/stderr.txt
d2c78a545e32f0911bd2c76dbdd83468b9a3b1be5d9b9cce350f43402b49ed18	86	screening-v1/batch-0092/submit_screening
3327566c397e1b0e216bd03ff38f82208f759c93df7eaeda0884a37dcb42a662	9195	screening-v1/batch-0092/trace.jsonl
de01c3a212cef87b746aa0cd2beaa5841dadfeed517c1f9a4c900e84910a0da2	5590	screening-v1/batch-0093/batch.json
0c20d76d016ee7c85237c7728071015aa51bca1db0a2ff2ab872d962c35e5cca	3684	screening-v1/batch-0093/decisions.jsonl
23a75b1ba4f65b54f62e596d1d6cdcf5f10199bb7d17da6ac2a15905a894247e	78	screening-v1/batch-0093/final.txt
17481059827c343a447f15e214f21d2570a4a12a154c1dc1f17764b3ec87fc01	56371	screening-v1/batch-0093/input.md
5738c76a6359f00e28a552937e825bf155aa3028bd57c7f9b8c83e6d13bd9afb	450	screening-v1/batch-0093/run.json
e3b0c44298fc1c149afbf4c8996fb92427ae41e4649b934ca495991b7852b855	0	screening-v1/batch-0093/stderr.txt
d2c78a545e32f0911bd2c76dbdd83468b9a3b1be5d9b9cce350f43402b49ed18	86	screening-v1/batch-0093/submit_screening
2c186dfe19a9eedf7105c8ea680afb458d2d186961749b3497e78dcb9071c82d	8732	screening-v1/batch-0093/trace.jsonl
7b94ae46dca92ae26323e455e4049582ffdc0c9936dfcc9c31ae165716d63c22	6027	screening-v1/batch-0094/batch.json
6b4963a5b9dd58830b04895f5bc14c852def421adc9a94ad7b6198d8f6549a85	3372	screening-v1/batch-0094/decisions.jsonl
23a75b1ba4f65b54f62e596d1d6cdcf5f10199bb7d17da6ac2a15905a894247e	78	screening-v1/batch-0094/final.txt
96df1580c59c1051ff6e8d7e90b24e1df00c06d277ba4a1cf37247baf607fbd1	48306	screening-v1/batch-0094/input.md
976a595ab88e339acfc00bfa5ae87bdbe3a8e6d57dd5d7e58d534e12a94389c0	450	screening-v1/batch-0094/run.json
e3b0c44298fc1c149afbf4c8996fb92427ae41e4649b934ca495991b7852b855	0	screening-v1/batch-0094/stderr.txt
d2c78a545e32f0911bd2c76dbdd83468b9a3b1be5d9b9cce350f43402b49ed18	86	screening-v1/batch-0094/submit_screening
2d6905ce3abfde202cd4a41e7606e32fbb1552aa44a2707b81bf6285ef8a6c6e	7929	screening-v1/batch-0094/trace.jsonl
2ae1bc2343e4ab656f06be78a42b0cb3cda0fb0a6c560be4d77d8828de759d1c	5665	screening-v1/batch-0095/batch.json
589f57827399620fb4c4f1203e4dc962ab4ba8a78ce66658c8c51cbbd00f8a3c	3212	screening-v1/batch-0095/decisions.jsonl
f4fd0e862c5c906152027cce96ae2c1d6f4800de19f5b05894bb55d8377d9a70	72	screening-v1/batch-0095/final.txt
c11f44edbec3179daf2ad3af2589cc5f1b20968de547d1ac8197c4e70038e1e8	50647	screening-v1/batch-0095/input.md
f882a9ed8382082bbaf39cea86fa18e3fe45a379135fc63cfd68d84275b35746	450	screening-v1/batch-0095/run.json
e3b0c44298fc1c149afbf4c8996fb92427ae41e4649b934ca495991b7852b855	0	screening-v1/batch-0095/stderr.txt
d2c78a545e32f0911bd2c76dbdd83468b9a3b1be5d9b9cce350f43402b49ed18	86	screening-v1/batch-0095/submit_screening
0e33b818cd7a37d1e19baf1216b3f80cec5410851d86695144e0f4340eb6a553	7424	screening-v1/batch-0095/trace.jsonl
7b1123f7fa996dbb0654452888dd90dbad3dad07794fa8ad17a96a1c79b5bdd9	6091	screening-v1/batch-0096/batch.json
40691a874db15f74f02cb2e76df34d56fcbe99d87655afc8a7e3b29e3289151c	3572	screening-v1/batch-0096/decisions.jsonl
4ff1e9c846a4e05337f7b2acf211134b532cca9c4755ba3ebf467754f37def8e	64	screening-v1/batch-0096/final.txt
81fa4905ec2c15bf3d81373e85b5eb2684d6d831e3b9c8b03351054403bc1a34	53395	screening-v1/batch-0096/input.md
c207ba17a94e549975c2f3b79b62e730745ac00d6c1569e2887f0b6339e840ec	450	screening-v1/batch-0096/run.json
e3b0c44298fc1c149afbf4c8996fb92427ae41e4649b934ca495991b7852b855	0	screening-v1/batch-0096/stderr.txt
d2c78a545e32f0911bd2c76dbdd83468b9a3b1be5d9b9cce350f43402b49ed18	86	screening-v1/batch-0096/submit_screening
100d4fb1c708196b4a1855631c4ca06f3a0961c99e519ab486dc05ccdc589b28	14512	screening-v1/batch-0096/trace.jsonl
af531d7d1c0094791e21d58b41172b37b3b62b2e280c838040dc86f8c0c26d7f	5569	screening-v1/batch-0097/batch.json
ffc5686e1505ac7dbcf57a2347560949b0cb11f752bf1502a0ee5b461e8a7eeb	3360	screening-v1/batch-0097/decisions.jsonl
0887b8646de2525941e76970d4be92dc9e4159f758e803b539b98c7395dfb0b6	78	screening-v1/batch-0097/final.txt
7aa3ba462c10b37f2f3a798268df4e0552d87f0b4cc3d18a4103c1adfcd8c249	45533	screening-v1/batch-0097/input.md
c503b3858ded8cba67f1186762d4cda782ce0647ba5f128087f6ef4266e4145b	450	screening-v1/batch-0097/run.json
e3b0c44298fc1c149afbf4c8996fb92427ae41e4649b934ca495991b7852b855	0	screening-v1/batch-0097/stderr.txt
d2c78a545e32f0911bd2c76dbdd83468b9a3b1be5d9b9cce350f43402b49ed18	86	screening-v1/batch-0097/submit_screening
099b2278bf8ce0349de71078a14b22f90104f027e947aff9ad15db62beb82ec7	7581	screening-v1/batch-0097/trace.jsonl
6a97b3479661af379d12a32e38ae288f710cb9ef5379fbc5c24517bc5bcf6d90	5764	screening-v1/batch-0098/batch.json
9b0cc3a268573f0a51d1f50ff4b0f7f30433d3c922f9018e682263cb671b4a0f	3704	screening-v1/batch-0098/decisions.jsonl
12bfc04b481060e14e256636c30ee7d70d6d1060b4debc9519c541a6666ade00	55	screening-v1/batch-0098/final.txt
894388d7b814bce7bafaf0a971fb482747c628568978954394e030031a075ded	49172	screening-v1/batch-0098/input.md
e5f45109d91d068445702266594bb7165427385dfc9e76e1f616e02a1a773272	450	screening-v1/batch-0098/run.json
e3b0c44298fc1c149afbf4c8996fb92427ae41e4649b934ca495991b7852b855	0	screening-v1/batch-0098/stderr.txt
d2c78a545e32f0911bd2c76dbdd83468b9a3b1be5d9b9cce350f43402b49ed18	86	screening-v1/batch-0098/submit_screening
f6055d65abc21a39cf48b03d2fa88819df391afe4f4b8f14b31aad1b0ffb5dba	8406	screening-v1/batch-0098/trace.jsonl
6e10481514b7bc4a962223a2fc4a37d50c313912eb96e6e22dc975365056ba62	5717	screening-v1/batch-0099/batch.json
6583e02f1b6fe41b575838cea462be96b94c3e457f21485c31363e94cd77576c	3703	screening-v1/batch-0099/decisions.jsonl
67e1405cca3676492de054f7a4efaab8b1b443f6ee82a04a74b4d9d782548c5d	89	screening-v1/batch-0099/final.txt
ca00d366cfe92817ce3df4456362ec5faaf7cf3782d5628b0fb9a47b5a0e79aa	51184	screening-v1/batch-0099/input.md
0d7c08162d59655b067fa0f334951ba88d8311e43620d374731614b424e06759	450	screening-v1/batch-0099/run.json
e3b0c44298fc1c149afbf4c8996fb92427ae41e4649b934ca495991b7852b855	0	screening-v1/batch-0099/stderr.txt
d2c78a545e32f0911bd2c76dbdd83468b9a3b1be5d9b9cce350f43402b49ed18	86	screening-v1/batch-0099/submit_screening
1ee65e8c4412b41d26bccc9186d9d2357d527043bf6fea404138e7155405b757	8185	screening-v1/batch-0099/trace.jsonl
eebaac99e4e9d0e35855d7281483529997a915db370c6b7d9a741875b57954c5	5649	screening-v1/batch-0100/batch.json
1c732c8d047f62c2484451b3daa397e22cd8f34e1609596fde34358f11aa9352	3377	screening-v1/batch-0100/decisions.jsonl
51fce473d9773173c866f391a1b45bc0ca8a18f282e53ee5fe4cc4a0eea35c35	88	screening-v1/batch-0100/final.txt
757668c69655ac2f2cbdd0759de69fe41df10fc888db3e70891e006844e6c066	47439	screening-v1/batch-0100/input.md
6b8c1be7db5da51afe19e09fc22e00622468a74d6bd3ce4ca58f61dc9ccdd6fd	450	screening-v1/batch-0100/run.json
e3b0c44298fc1c149afbf4c8996fb92427ae41e4649b934ca495991b7852b855	0	screening-v1/batch-0100/stderr.txt
d2c78a545e32f0911bd2c76dbdd83468b9a3b1be5d9b9cce350f43402b49ed18	86	screening-v1/batch-0100/submit_screening
7a51c3abe2ba0f466026dddae4529adbf436b8a38671fcfca855fddfa7a04f5d	7600	screening-v1/batch-0100/trace.jsonl
34e0b52ef36db345b36f1ca4505272c9bcc89cd927fe0f618bde3be22db2d3b8	5810	screening-v1/batch-0101/batch.json
8250e36f2c9a5413c3ac59ff5b53d7a482288c66a9c7610835770b26fd971f0a	3652	screening-v1/batch-0101/decisions.jsonl
d2d159238b775a00db4b5fd135f20b4b892ed648fd8c60ba7d65800597ada474	66	screening-v1/batch-0101/final.txt
d4cb0c9652933d79c3e93e19d05898caf66e569334c8592d60d890366a8684e3	49747	screening-v1/batch-0101/input.md
3580e174c70a5561ab044082c5fe03358ffda6c1b0edbc93177393471d2d76eb	450	screening-v1/batch-0101/run.json
e3b0c44298fc1c149afbf4c8996fb92427ae41e4649b934ca495991b7852b855	0	screening-v1/batch-0101/stderr.txt
d2c78a545e32f0911bd2c76dbdd83468b9a3b1be5d9b9cce350f43402b49ed18	86	screening-v1/batch-0101/submit_screening
1f2f12e66098244c906e4dbf160bb294c2f5ff1a4d4f9847394c5cda328b8f80	8652	screening-v1/batch-0101/trace.jsonl
068fa265463c00966fa138f3e7080e1589c787454308802797091124f1de5152	5933	screening-v1/batch-0102/batch.json
c26009240f12e84af141fad7c13bada3fe5937f6ca9ff89df8cafdc74ce155d8	3317	screening-v1/batch-0102/decisions.jsonl
cf0c22cb98a8d7b0198b01c6418fa27c48963c506029294b047c29cbac487a69	77	screening-v1/batch-0102/final.txt
6118dc47e39e12e71b57a3788dac856096ae9ec0519b508d38a1d53f20bd90d2	51121	screening-v1/batch-0102/input.md
3069c776eddc7407e29da511922eac564579300b5edb00cd9bf5e8d5ab1f5843	450	screening-v1/batch-0102/run.json
e3b0c44298fc1c149afbf4c8996fb92427ae41e4649b934ca495991b7852b855	0	screening-v1/batch-0102/stderr.txt
d2c78a545e32f0911bd2c76dbdd83468b9a3b1be5d9b9cce350f43402b49ed18	86	screening-v1/batch-0102/submit_screening
2955a26f73a555c5980fef690815d8d158070b9894cb66ceae01057dbf6fd49a	7735	screening-v1/batch-0102/trace.jsonl
5f7056d68f99281b1c844d93ee582e796a5c51dc40ead3af4f3f6ad9f5347ce1	6009	screening-v1/batch-0103/batch.json
f732c5339e746316325350923b40c9efbc018f1a9e6200b79b509d00f179f514	3556	screening-v1/batch-0103/decisions.jsonl
d7da3a0e78e764d2fcdc93fd2db39c83ebb4d2aa6a176a5e62df806a8badb9a3	85	screening-v1/batch-0103/final.txt
3c6a772ebfc31643ff9bd9ac4c93ae6fb577a8a8b1df0c6f5712d9a692b8f0ca	49504	screening-v1/batch-0103/input.md
9c245ecf9f6b16da44d2b207c540ac22d58278452f316972a1feb989e85d8c9f	450	screening-v1/batch-0103/run.json
e3b0c44298fc1c149afbf4c8996fb92427ae41e4649b934ca495991b7852b855	0	screening-v1/batch-0103/stderr.txt
d2c78a545e32f0911bd2c76dbdd83468b9a3b1be5d9b9cce350f43402b49ed18	86	screening-v1/batch-0103/submit_screening
9bab53cb254be1508cb76fea419b3bfce53b8d3d24886abd5a7ac46436387f23	8554	screening-v1/batch-0103/trace.jsonl
e8e8db4e1d23c17f22703042527dc92526bd919f6fa1d29c5125d1f46648b8de	5625	screening-v1/batch-0104/batch.json
3aac83131f4010c2ccd745b804d3dbf003cd6c5d7e377ed4621d31050330ff8f	3680	screening-v1/batch-0104/decisions.jsonl
e25ed53caa871372b513edd4b9dbdce211bb4b997cb595bea36a5cc52bfae9e2	72	screening-v1/batch-0104/final.txt
35cc61f14dccdd55d20e201022c448c876ee40b1583d6b2c947d66f0a704de7d	46490	screening-v1/batch-0104/input.md
80901584202b28543f72576fbebc9ef509c9769841245581141ac644f7e3703c	450	screening-v1/batch-0104/run.json
e3b0c44298fc1c149afbf4c8996fb92427ae41e4649b934ca495991b7852b855	0	screening-v1/batch-0104/stderr.txt
d2c78a545e32f0911bd2c76dbdd83468b9a3b1be5d9b9cce350f43402b49ed18	86	screening-v1/batch-0104/submit_screening
6105dbe3a900c64339f4fc449a7d8e18f48f5bc4e884ac15fb9e4725e757e334	8385	screening-v1/batch-0104/trace.jsonl
6f5a31f0e594b8f241a574bd12fc365f35a577e86fe446cfec458d29d80f43ad	5699	screening-v1/batch-0105/batch.json
25a39c772ba5ffe9aa95f9abc79d0527dde9f597e87e8f21da216db36d6caf22	3445	screening-v1/batch-0105/decisions.jsonl
d2d159238b775a00db4b5fd135f20b4b892ed648fd8c60ba7d65800597ada474	66	screening-v1/batch-0105/final.txt
44f809739bded71f45aa48cded3ff9e8fe576227170072d85f3c36c654380a34	49075	screening-v1/batch-0105/input.md
0c7cd47fc033f7a27bb00934bfa6e9892d6cef1dd2f4c097391d426d6f021a6a	450	screening-v1/batch-0105/run.json
e3b0c44298fc1c149afbf4c8996fb92427ae41e4649b934ca495991b7852b855	0	screening-v1/batch-0105/stderr.txt
d2c78a545e32f0911bd2c76dbdd83468b9a3b1be5d9b9cce350f43402b49ed18	86	screening-v1/batch-0105/submit_screening
b44fc2ad3b2a83ac3367c824a4074fe8cc6f61c846c40f000c9137a106823f01	7890	screening-v1/batch-0105/trace.jsonl
7f2169de621d9a3ca4bd25beb18435f05c729e9a82a0387a5235d487c412f78a	5682	screening-v1/batch-0106/batch.json
e6f52e4e80af16d4cc560011b511dcc26248903c5ccc60feada03fc66e634144	3599	screening-v1/batch-0106/decisions.jsonl
67e1405cca3676492de054f7a4efaab8b1b443f6ee82a04a74b4d9d782548c5d	89	screening-v1/batch-0106/final.txt
67d5482e6d7fb73309347b1fffa41e8d58cd6d4e4d229df633b4b47d0a8ff8fe	52882	screening-v1/batch-0106/input.md
6d4691161776de90c1a89b53af04089dbe19cd0ff16f80a3db74edbe7fe33dc9	450	screening-v1/batch-0106/run.json
e3b0c44298fc1c149afbf4c8996fb92427ae41e4649b934ca495991b7852b855	0	screening-v1/batch-0106/stderr.txt
d2c78a545e32f0911bd2c76dbdd83468b9a3b1be5d9b9cce350f43402b49ed18	86	screening-v1/batch-0106/submit_screening
43309a9bfa34527d13220e1b6ca3e3500970ccffdb2546132eb170db406fb42e	8079	screening-v1/batch-0106/trace.jsonl
ff4a444e952cb67620b1074d132fdea9a65c54b40c9f55bb456271c2aa0fcab1	5854	screening-v1/batch-0107/batch.json
2b8da10851a27ce56ccf921824785e5db4e7104f2df70ce9c665e16138e265b6	3849	screening-v1/batch-0107/decisions.jsonl
b8c44f6fdf21bc697005fcc1356e064ff29fb23749313057287d5419e21f5a00	82	screening-v1/batch-0107/final.txt
80630d0a634acf948489deab0a1d236fa403c8cb35bfe7f479abc990260c0ca0	48280	screening-v1/batch-0107/input.md
6e38990d13c01b496e3be2dabd57963a15c9907576e69936fe3cd4b72db647b7	450	screening-v1/batch-0107/run.json
e3b0c44298fc1c149afbf4c8996fb92427ae41e4649b934ca495991b7852b855	0	screening-v1/batch-0107/stderr.txt
d2c78a545e32f0911bd2c76dbdd83468b9a3b1be5d9b9cce350f43402b49ed18	86	screening-v1/batch-0107/submit_screening
ac9b10215e8249e8c087170f222fa03ef41fd6abbb204ade5d0ed709659dde9a	15078	screening-v1/batch-0107/trace.jsonl
adf32d06bfd39ea94876168d4f3bf9384d651cfe42935dae150f13146877d51f	5682	screening-v1/batch-0108/batch.json
47d4a404caef0fb37d8d96fdca06cb23320b97ca03e3258b997cdb89e7863296	3435	screening-v1/batch-0108/decisions.jsonl
06c8a354437ec1e2a18c694d64366c99c1abe3674e810e8e610a5c7cbe15ed5d	44	screening-v1/batch-0108/final.txt
676fc92506c4517dc92c4847a9666d7c5726f1f03da760b28ea2ac38b4b47240	49779	screening-v1/batch-0108/input.md
dbca1fef8dab60fd9473d82958587a2b26f12bbc1edf08d2988aeca50220277e	450	screening-v1/batch-0108/run.json
e3b0c44298fc1c149afbf4c8996fb92427ae41e4649b934ca495991b7852b855	0	screening-v1/batch-0108/stderr.txt
d2c78a545e32f0911bd2c76dbdd83468b9a3b1be5d9b9cce350f43402b49ed18	86	screening-v1/batch-0108/submit_screening
0b6d00787de110206d1e4d071ed7aa866b56999d465124cc282e156d309352fc	14219	screening-v1/batch-0108/trace.jsonl
e2076fcd8a982ae09caade8651bb8f71aa024bd42947e02b838355925ff34aec	5916	screening-v1/batch-0109/batch.json
179221539e1e77aaec695c9efad05dbc35bb41d2916b05842cc560d753092d2b	4139	screening-v1/batch-0109/decisions.jsonl
c03f43623db73cc77c8fd1bcc731a07737c9ee0b673c9a701ba7fc889a322481	83	screening-v1/batch-0109/final.txt
19c5d10877cfc297ca2475077c66d7b074ff29abead346afe51bcfa2482c50f9	47914	screening-v1/batch-0109/input.md
c9730b70bcada28628b6e0dc09f9610988512745eab00a63cab1fff968da0afe	450	screening-v1/batch-0109/run.json
e3b0c44298fc1c149afbf4c8996fb92427ae41e4649b934ca495991b7852b855	0	screening-v1/batch-0109/stderr.txt
d2c78a545e32f0911bd2c76dbdd83468b9a3b1be5d9b9cce350f43402b49ed18	86	screening-v1/batch-0109/submit_screening
b9a8260310d37eeb7e5d6502d1b9fc5f33fc389babec65fe3978b894cc4cc0b4	9643	screening-v1/batch-0109/trace.jsonl
7bbe75ae3bce697e5a11d5e1343728994b89206ab1d378499713f88bff01b3f1	5578	screening-v1/batch-0110/batch.json
e477afdcaae3f30b22244c284aca84a3a2c7e4d16eb18f4ea8de070552c8bed4	3552	screening-v1/batch-0110/decisions.jsonl
6bed4dfa2de03c0b36fdea9c163bbafae8d4e2bed319b12b56703d51af9469a2	55	screening-v1/batch-0110/final.txt
b91c079fca8e8faef8a3867991210d2316adbc319b93df03364b8f1f43f1c377	47474	screening-v1/batch-0110/input.md
2c39b1d9fa7dd9af6dedca14aad0bf2a7967860c86cc368f7af9290f59912cba	450	screening-v1/batch-0110/run.json
e3b0c44298fc1c149afbf4c8996fb92427ae41e4649b934ca495991b7852b855	0	screening-v1/batch-0110/stderr.txt
d2c78a545e32f0911bd2c76dbdd83468b9a3b1be5d9b9cce350f43402b49ed18	86	screening-v1/batch-0110/submit_screening
5506d3c0ff6a009c3596e3228fc15972e1d44d61fd7e3d79722a6626b627f23a	8400	screening-v1/batch-0110/trace.jsonl
6e8ed698d7518e3cae694617739ae07bad475dfcb0ff8dfe17c921afe03d621b	5495	screening-v1/batch-0111/batch.json
dbfa046be3561dc5549fed68169f20b57a3555e3222020af3e7548dc234a8252	3538	screening-v1/batch-0111/decisions.jsonl
abbd2442d4ebdf60b137ba02f9649114a3e71b069d7de09a24bed6338c159a62	70	screening-v1/batch-0111/final.txt
7711dc36bb0b51c207fb71bc28e4c24aa3404a015c3aa993ea17280d641d3c45	47170	screening-v1/batch-0111/input.md
4f57e1abefb045a433a908819eef9da12e1339d8417aebd39e1f7ebf1522f86e	450	screening-v1/batch-0111/run.json
e3b0c44298fc1c149afbf4c8996fb92427ae41e4649b934ca495991b7852b855	0	screening-v1/batch-0111/stderr.txt
d2c78a545e32f0911bd2c76dbdd83468b9a3b1be5d9b9cce350f43402b49ed18	86	screening-v1/batch-0111/submit_screening
cd9b32d618733b5255c6172e2b5db3881f7a3a45a705bb2a37b31333b2697d11	8130	screening-v1/batch-0111/trace.jsonl
455bfc78368b5dd6d3f137fd61b4e6d47922eed6abd4a0f306e9bd55a8680d5a	5737	screening-v1/batch-0112/batch.json
390d76e0e1c17d3dac28d6a26630d1a2bd42b10b996d722855d584711c7ad570	3903	screening-v1/batch-0112/decisions.jsonl
67e1405cca3676492de054f7a4efaab8b1b443f6ee82a04a74b4d9d782548c5d	89	screening-v1/batch-0112/final.txt
e3522fd58ceb39c031fc6beb5e8cf237e029f06b8378c60711667f907a1b2755	51415	screening-v1/batch-0112/input.md
7663028cd9c17b496848983dd9754e02a3e8df360738dc16c70c1aa9edffae3a	450	screening-v1/batch-0112/run.json
e3b0c44298fc1c149afbf4c8996fb92427ae41e4649b934ca495991b7852b855	0	screening-v1/batch-0112/stderr.txt
d2c78a545e32f0911bd2c76dbdd83468b9a3b1be5d9b9cce350f43402b49ed18	86	screening-v1/batch-0112/submit_screening
de9c591007da9f9375a6a1b6dd93ddc68b2da4a0d4980915774a3c5cc294db36	15148	screening-v1/batch-0112/trace.jsonl
eac49a6fde5d67a27d3509818d7dc90a67600e461e923982f203fceb734ab276	5611	screening-v1/batch-0113/batch.json
39ade5295d152d2b23feeb5566b78d3a3d2637436c5f2666efd8f58c5bba2d9e	3847	screening-v1/batch-0113/decisions.jsonl
67e1405cca3676492de054f7a4efaab8b1b443f6ee82a04a74b4d9d782548c5d	89	screening-v1/batch-0113/final.txt
fa9aeaf0e809514c1180f10695cc81a2062f76a77d82737567f832ae6228abd9	60588	screening-v1/batch-0113/input.md
308f95dee099b6fa9dec38f6422662b870df4258a84e09bf1390c6cc906dc2f1	450	screening-v1/batch-0113/run.json
e3b0c44298fc1c149afbf4c8996fb92427ae41e4649b934ca495991b7852b855	0	screening-v1/batch-0113/stderr.txt
d2c78a545e32f0911bd2c76dbdd83468b9a3b1be5d9b9cce350f43402b49ed18	86	screening-v1/batch-0113/submit_screening
eca768e1c7e569a20e8075cddadd78cd913a2ad11f8205a71ede9a85a4d2a238	8570	screening-v1/batch-0113/trace.jsonl
27e589084343148438ad97f3e0af4b46881f8525330d24bffb3810ee02dee6ac	5266	screening-v1/batch-0114/batch.json
1e1f8428777c95c1ff0d49f8b1b01c5b4313666c0b0e332954adb5f2ed125ddc	3546	screening-v1/batch-0114/decisions.jsonl
06c8a354437ec1e2a18c694d64366c99c1abe3674e810e8e610a5c7cbe15ed5d	44	screening-v1/batch-0114/final.txt
0617fc666eb9c993ae30e056a031d5a7991349e3ed6252ae3af6ba4727f41ad6	43994	screening-v1/batch-0114/input.md
499bfa4b6bbc27987d31f5807a591b7607425dd8d6437a9b42a1677d5281a4a1	450	screening-v1/batch-0114/run.json
e3b0c44298fc1c149afbf4c8996fb92427ae41e4649b934ca495991b7852b855	0	screening-v1/batch-0114/stderr.txt
d2c78a545e32f0911bd2c76dbdd83468b9a3b1be5d9b9cce350f43402b49ed18	86	screening-v1/batch-0114/submit_screening
0cad05a37292c20ffb02d32bd8c8a836af0a79ee161bbfe0da6084ecd141aa48	14381	screening-v1/batch-0114/trace.jsonl
0658f7369314fce0373282a9ad34e13095d377ea7f2b644c6ba00cf557ed92de	5836	screening-v1/batch-0115/batch.json
ec8d2f14d5e23ddae4d7752a932ca5cb49cd9500a796c61f48b49c19546114d3	3547	screening-v1/batch-0115/decisions.jsonl
23a75b1ba4f65b54f62e596d1d6cdcf5f10199bb7d17da6ac2a15905a894247e	78	screening-v1/batch-0115/final.txt
4b13b79c37796f058287050d5383acef3cd8954a3a3fa444395ddf0865d2e30a	51677	screening-v1/batch-0115/input.md
8b84f448e87d8d69712d89b37a2c5de60b8835223c300732043f3296232fbd9d	450	screening-v1/batch-0115/run.json
e3b0c44298fc1c149afbf4c8996fb92427ae41e4649b934ca495991b7852b855	0	screening-v1/batch-0115/stderr.txt
d2c78a545e32f0911bd2c76dbdd83468b9a3b1be5d9b9cce350f43402b49ed18	86	screening-v1/batch-0115/submit_screening
2b76d24565d24c9d9fbae1af068a29a76e592497c8aa3069c704f70f5e38e308	8448	screening-v1/batch-0115/trace.jsonl
48d4cffdaf9ff69992acb2d94069cfe8e79296f141012ae91883403ef4b2c1fa	6117	screening-v1/batch-0116/batch.json
4d02376277b724ccdcb7ffade48dd65990d57ab374277f609160c6de0bc79460	3578	screening-v1/batch-0116/decisions.jsonl
67e1405cca3676492de054f7a4efaab8b1b443f6ee82a04a74b4d9d782548c5d	89	screening-v1/batch-0116/final.txt
05d7f8dbdeb156597054bbbc3e24c67505337075e3a6fcbbe605f8294b76ee1a	50394	screening-v1/batch-0116/input.md
4659434023a56c00a7814aa863068945cf04bb45b0c9e1198d5f08b004e2ff07	450	screening-v1/batch-0116/run.json
e3b0c44298fc1c149afbf4c8996fb92427ae41e4649b934ca495991b7852b855	0	screening-v1/batch-0116/stderr.txt
d2c78a545e32f0911bd2c76dbdd83468b9a3b1be5d9b9cce350f43402b49ed18	86	screening-v1/batch-0116/submit_screening
29dca2da7d31b7363fa6b9a284967649ca8a03bb5e2ff0d8282964140002e0af	8187	screening-v1/batch-0116/trace.jsonl
147c9980ae2a9ba93151f2d9ec370a39f47a2db72c4d2295cb6fd9f587145022	6019	screening-v1/batch-0117/batch.json
a7b17c61d58a94625502c8018355085beccdf12725d2376d8cc3a1b7d49f43da	3671	screening-v1/batch-0117/decisions.jsonl
ca5731caf5dbb937b2052a49bd6f81f90ac949d6374326ce9c8cf58f6eb820f4	83	screening-v1/batch-0117/final.txt
a2ed6020c135896f5c7a7610924f2e1b30ae88f4598b5d8e5ed214108f0413da	50743	screening-v1/batch-0117/input.md
0f7f399b7929e3332f78f791e660e29113be9c84c2201e66424cd174ec4adbde	450	screening-v1/batch-0117/run.json
e3b0c44298fc1c149afbf4c8996fb92427ae41e4649b934ca495991b7852b855	0	screening-v1/batch-0117/stderr.txt
d2c78a545e32f0911bd2c76dbdd83468b9a3b1be5d9b9cce350f43402b49ed18	86	screening-v1/batch-0117/submit_screening
99562eb7a841e36d8594fb6ace1932bbdc684e70695e78a9110562e78cbe56c1	8529	screening-v1/batch-0117/trace.jsonl
1705bb25293c99881dd4940cb43c626b18fa6107f733e0f740e9dd2116a443ac	5905	screening-v1/batch-0118/batch.json
35c162f95de169ce54a4481be1063201e95d0a4f364db30a49b2477b6f8b3de1	3540	screening-v1/batch-0118/decisions.jsonl
8a7293b3e7626cd6aa853d9ed083ee9ac12aee8e8dbf625ca4913d6a3f7f61fa	83	screening-v1/batch-0118/final.txt
358cb4502e926c4921eaaa134b189924913e16081cfdb02bddc346babb13a0ae	49648	screening-v1/batch-0118/input.md
0d77aad32df70042724f6d1ffb9f78d6bc9fa63b1fa37473015d3df49e47f354	450	screening-v1/batch-0118/run.json
e3b0c44298fc1c149afbf4c8996fb92427ae41e4649b934ca495991b7852b855	0	screening-v1/batch-0118/stderr.txt
d2c78a545e32f0911bd2c76dbdd83468b9a3b1be5d9b9cce350f43402b49ed18	86	screening-v1/batch-0118/submit_screening
82efc8fbd16fb8e95687362e8984a5ee897e6c3bd70ca5473e6330101e40d33c	14460	screening-v1/batch-0118/trace.jsonl
e66743a57864180b3c24350d38ed03b1b33564c7d2531e67b6e239eaa28b3f72	5598	screening-v1/batch-0119/batch.json
9521c6ebf99ad53e2f208058e581120d52a5951ed727f802c111393f27b2270b	3619	screening-v1/batch-0119/decisions.jsonl
ca5731caf5dbb937b2052a49bd6f81f90ac949d6374326ce9c8cf58f6eb820f4	83	screening-v1/batch-0119/final.txt
23dcdbdd29f2e6c8f4142e1cea3aefe79fc18649c8f843fbddcf2b637e60d263	47415	screening-v1/batch-0119/input.md
49464dfad191acb5a0c47e987fc93a0d4bbac8c5c02b9e79905fab57dc0e5647	450	screening-v1/batch-0119/run.json
e3b0c44298fc1c149afbf4c8996fb92427ae41e4649b934ca495991b7852b855	0	screening-v1/batch-0119/stderr.txt
d2c78a545e32f0911bd2c76dbdd83468b9a3b1be5d9b9cce350f43402b49ed18	86	screening-v1/batch-0119/submit_screening
53270599569be0133633e6d9386ff1c838042b482f2edfdb9e11d5ad09c573fc	8600	screening-v1/batch-0119/trace.jsonl
62c5923b2024261dfd70f331b869b150a6cf99f4f3686d97f54c2bac684e2561	5352	screening-v1/batch-0120/batch.json
ed7386ba69d23b00993284e0b3a682c4b64dea4920238e6767b3155f5fb88b81	3684	screening-v1/batch-0120/decisions.jsonl
8a7293b3e7626cd6aa853d9ed083ee9ac12aee8e8dbf625ca4913d6a3f7f61fa	83	screening-v1/batch-0120/final.txt
15bf8b386d48827df8d28246fb5ae0606ea1af75752b2feb8346cd427d490924	47965	screening-v1/batch-0120/input.md
2073ba5bb31d5d0c30c23ff195747a484949c4422653bf6960ecfb31851c29e6	450	screening-v1/batch-0120/run.json
e3b0c44298fc1c149afbf4c8996fb92427ae41e4649b934ca495991b7852b855	0	screening-v1/batch-0120/stderr.txt
d2c78a545e32f0911bd2c76dbdd83468b9a3b1be5d9b9cce350f43402b49ed18	86	screening-v1/batch-0120/submit_screening
8f3f0aa297b3926ea826d59b8f133eabd3bdffdef601309fd99ccfcb894a881e	8408	screening-v1/batch-0120/trace.jsonl
c441324c54fdd4687d5fe69b6752d3c9f529ba71ac1c37d131ffa6455a5f4431	6276	screening-v1/batch-0121/batch.json
cd935bed59617e7ee39bd6e4b3378b0e96746f0a650c169d3c23f36fd9978089	3575	screening-v1/batch-0121/decisions.jsonl
cf0c22cb98a8d7b0198b01c6418fa27c48963c506029294b047c29cbac487a69	77	screening-v1/batch-0121/final.txt
19884498315f0cf3d36a00cd02697fb9ab2531719fd40a92ac66aab0c8e3da72	51364	screening-v1/batch-0121/input.md
b3e0ef242b7721964cf8fb63f4afd1dd4c71ae3abc783cde0672015327c93b1d	450	screening-v1/batch-0121/run.json
e3b0c44298fc1c149afbf4c8996fb92427ae41e4649b934ca495991b7852b855	0	screening-v1/batch-0121/stderr.txt
d2c78a545e32f0911bd2c76dbdd83468b9a3b1be5d9b9cce350f43402b49ed18	86	screening-v1/batch-0121/submit_screening
6a71d55a7d240857d675e21a802b888debee93cabea6102058328ea6b17dd101	8508	screening-v1/batch-0121/trace.jsonl
7fb5ce221de35b91a3fcb84c5315aaa2d0d553761205ca70ea3c263a6e002ad8	5606	screening-v1/batch-0122/batch.json
d0fe8b5f5b9bdbc31ef5b0e05071e0140ea36c749876f6f64dda83eb9ceba09c	4217	screening-v1/batch-0122/decisions.jsonl
10c13dd792db47e3f734191e7ad1448641908e6a3e39c39aa1c17d1d8d23f263	88	screening-v1/batch-0122/final.txt
507982b46308c4b135f7ceb9143981bfe3ee938c6d847f55cc26718af7c3a2f8	48555	screening-v1/batch-0122/input.md
679a569e24409b71cd0c3f8088275d373e3f815e3005900e15d3bd1b938bcc92	450	screening-v1/batch-0122/run.json
e3b0c44298fc1c149afbf4c8996fb92427ae41e4649b934ca495991b7852b855	0	screening-v1/batch-0122/stderr.txt
d2c78a545e32f0911bd2c76dbdd83468b9a3b1be5d9b9cce350f43402b49ed18	86	screening-v1/batch-0122/submit_screening
d36fde24b0aa247caf7c6b06f873625c1e1ced479844300be89c004214fab58b	9475	screening-v1/batch-0122/trace.jsonl
b0c8f1e61accbcfea243b0cbaaa80c5970e0219092b227c58148c0f3fb343001	5285	screening-v1/batch-0123/batch.json
cb27faf81fe6981c0a00c48b425c2d696edea9003f094bd58cc5811cf1f52e17	3895	screening-v1/batch-0123/decisions.jsonl
67e1405cca3676492de054f7a4efaab8b1b443f6ee82a04a74b4d9d782548c5d	89	screening-v1/batch-0123/final.txt
7bc848e0ada1c100775cb8c8c4d8bd02e2f1ff57089cc54e4714032987fda304	48423	screening-v1/batch-0123/input.md
2098163cfb69518486821239b45003b5f720338d1324b64c671a4d39801743f7	450	screening-v1/batch-0123/run.json
e3b0c44298fc1c149afbf4c8996fb92427ae41e4649b934ca495991b7852b855	0	screening-v1/batch-0123/stderr.txt
d2c78a545e32f0911bd2c76dbdd83468b9a3b1be5d9b9cce350f43402b49ed18	86	screening-v1/batch-0123/submit_screening
38696c0c48e3d77c474758386cd45c02f91b65acbc61aa0496ff4bcc611ab884	8837	screening-v1/batch-0123/trace.jsonl
69a4f301394d2cee6fc428445c9095234794eb75aa1ba37963fbbb8722e48bbc	5648	screening-v1/batch-0124/batch.json
89d8248cc976fa31755a1fbc498147de98369be19f48cffbe6d086840d669006	3573	screening-v1/batch-0124/decisions.jsonl
12bfc04b481060e14e256636c30ee7d70d6d1060b4debc9519c541a6666ade00	55	screening-v1/batch-0124/final.txt
bfb3c2f52af7642c0c40eb64b4325d7af365e641b91b0473494f4f095d67902d	54220	screening-v1/batch-0124/input.md
757352a1fba427e2228b14fc547caef7718b7de8789e03fdc8e8b81e6ff37218	450	screening-v1/batch-0124/run.json
e3b0c44298fc1c149afbf4c8996fb92427ae41e4649b934ca495991b7852b855	0	screening-v1/batch-0124/stderr.txt
d2c78a545e32f0911bd2c76dbdd83468b9a3b1be5d9b9cce350f43402b49ed18	86	screening-v1/batch-0124/submit_screening
da136367874fa81eb270d71aec693390d4720a5d04601269b07c8a5fb225ed68	8217	screening-v1/batch-0124/trace.jsonl
10a428d06536789da8cf1aa38c8736c8dad0ed962235670906055dc7d7166248	6194	screening-v1/batch-0125/batch.json
edc12a44223b8de27dcf30a06d28bc9fcca80734fb4c1cdd689d00a012139ccc	4051	screening-v1/batch-0125/decisions.jsonl
d2d159238b775a00db4b5fd135f20b4b892ed648fd8c60ba7d65800597ada474	66	screening-v1/batch-0125/final.txt
747f0bd023b1c3e49372639b9602ede6d365932213edd4f1d1ca567816d28a8e	50710	screening-v1/batch-0125/input.md
298b2319ff636eff38615c7f5dba1e79578fa005c9313414833abf1a46b9305b	450	screening-v1/batch-0125/run.json
e3b0c44298fc1c149afbf4c8996fb92427ae41e4649b934ca495991b7852b855	0	screening-v1/batch-0125/stderr.txt
d2c78a545e32f0911bd2c76dbdd83468b9a3b1be5d9b9cce350f43402b49ed18	86	screening-v1/batch-0125/submit_screening
e589c23d2d75e940271bd6cdc8a8cd788e9bab6d20294cb8c3c4545e26fa6717	9121	screening-v1/batch-0125/trace.jsonl
c2215f9428f0c988816cea21a930ebd7f8cce6f626e334361627c8d8452aaa94	5493	screening-v1/batch-0126/batch.json
d18b5fc64b7d689308e3ff6396c3cbe72f899308f7b1af999bd066642add787f	3374	screening-v1/batch-0126/decisions.jsonl
0d25cc713bf3267dbf579c60f268f35deec8975a6eecfff4e7ff049c2082475c	84	screening-v1/batch-0126/final.txt
e8147d1c8a49a92236834df937913dbd07658b61a515995147eddfc877677328	45848	screening-v1/batch-0126/input.md
216ab918b0a22f3894a0a9d2518a5f2d163dfca7c504974b0778cafbbf80c285	450	screening-v1/batch-0126/run.json
e3b0c44298fc1c149afbf4c8996fb92427ae41e4649b934ca495991b7852b855	0	screening-v1/batch-0126/stderr.txt
d2c78a545e32f0911bd2c76dbdd83468b9a3b1be5d9b9cce350f43402b49ed18	86	screening-v1/batch-0126/submit_screening
77d2588ae2f38f1fff7032a69297f0b51e02508d2da4ebe1a2edeb520fa2a129	7629	screening-v1/batch-0126/trace.jsonl
4646b3deaa57d784f40bf431601242336e227c94be7d5ede54b77548b63d39df	5567	screening-v1/batch-0127/batch.json
4c3cc9be7921303d377fd6dfe97de1af95dbce2dadf61c62c6a8d50be4ca2645	3729	screening-v1/batch-0127/decisions.jsonl
1bae878a1f6c678133f0cf6d4b2750f885df02bf4951443fa94dba5db158ea07	57	screening-v1/batch-0127/final.txt
4feb5ce7a65d00458135ee3a843831940b6600e383ff18d54508f1ee9c6ab98e	47891	screening-v1/batch-0127/input.md
e1e2bfeb6b18eadb3bc8a5ebf152e18f9b24b823bc89b048c5863ca7718c23a2	450	screening-v1/batch-0127/run.json
e3b0c44298fc1c149afbf4c8996fb92427ae41e4649b934ca495991b7852b855	0	screening-v1/batch-0127/stderr.txt
d2c78a545e32f0911bd2c76dbdd83468b9a3b1be5d9b9cce350f43402b49ed18	86	screening-v1/batch-0127/submit_screening
980fb282d0871ae6eea14e5edb524e92b830e5ba5148ed4e74f82b3b24ede1c2	8210	screening-v1/batch-0127/trace.jsonl
77fecb73f92bb3ffb3449474fb8c3daa6f855b65927be4d4cbb1cfccc5198c35	5833	screening-v1/batch-0128/batch.json
db1091e63c137486036d7a5821e2b6caba72b36277e1628a50069e47b1f4ea03	3362	screening-v1/batch-0128/decisions.jsonl
d2d159238b775a00db4b5fd135f20b4b892ed648fd8c60ba7d65800597ada474	66	screening-v1/batch-0128/final.txt
66e64cc207ebdb653ede91ba7ad745f7e32ebd3b5135c66611f93f2be064dce9	49873	screening-v1/batch-0128/input.md
9b08b12dd9ec3bd4922bcf6566f2d80bbbc031332ed9a19dc6dcef7ddf90bcfa	450	screening-v1/batch-0128/run.json
e3b0c44298fc1c149afbf4c8996fb92427ae41e4649b934ca495991b7852b855	0	screening-v1/batch-0128/stderr.txt
d2c78a545e32f0911bd2c76dbdd83468b9a3b1be5d9b9cce350f43402b49ed18	86	screening-v1/batch-0128/submit_screening
8d8180bb0fb32f130080a127e90c90bfa67364abe23aacce45f9ac580af18370	7743	screening-v1/batch-0128/trace.jsonl
a52815b0a8c2b87402f92794b2a5baf56018773c345f65a57be41fdc3609514d	5909	screening-v1/batch-0129/batch.json
dfb229fb023fad1dfe7178b8e989367099797d2252edb37e45b4cabb52933c1c	3547	screening-v1/batch-0129/decisions.jsonl
4ffafa1cd5c9ef79654743ee07da5ca4f6ba643caf53bb0e37c5ccd84046abc4	72	screening-v1/batch-0129/final.txt
b014ac8d842082eb2c6f7ecb38472ceed1c8e98a7e98e2a9db4b72a98758eca1	48586	screening-v1/batch-0129/input.md
c71d8d0fcca6b6fb0cf6af8833e60dc2f355d4351a8cb9807e6893ad13b4cfaa	450	screening-v1/batch-0129/run.json
e3b0c44298fc1c149afbf4c8996fb92427ae41e4649b934ca495991b7852b855	0	screening-v1/batch-0129/stderr.txt
d2c78a545e32f0911bd2c76dbdd83468b9a3b1be5d9b9cce350f43402b49ed18	86	screening-v1/batch-0129/submit_screening
62ab8003a636c65516cbcbad5accec224dfcccdffcced676154368a63d1a0b70	7883	screening-v1/batch-0129/trace.jsonl
69046af61f30f42c916cdb4785ae66ec184d8038b1167de20df6fef0bb3a993d	5718	screening-v1/batch-0130/batch.json
79e50feb02ff27f3bae10a48f3b2dac7dd14cd2ff23086317a04ee58c4c87288	4136	screening-v1/batch-0130/decisions.jsonl
36cdff6b20c6320882907020b79c9532c635493e3d44e1f5c35f8586ae2f1964	85	screening-v1/batch-0130/final.txt
22c42da337635c70e06c2000840cab36a494167beb987557f5e7d3140268ea57	48549	screening-v1/batch-0130/input.md
7b91a08a2ea1256075d7753337b79a55835f8b9306d22b492941d43c6f64eb47	450	screening-v1/batch-0130/run.json
e3b0c44298fc1c149afbf4c8996fb92427ae41e4649b934ca495991b7852b855	0	screening-v1/batch-0130/stderr.txt
d2c78a545e32f0911bd2c76dbdd83468b9a3b1be5d9b9cce350f43402b49ed18	86	screening-v1/batch-0130/submit_screening
f430bc4e0b71184a43955cf1e300d6b9af6b5bb4c4eea1e49e41caf326508ffe	15942	screening-v1/batch-0130/trace.jsonl
7f3ccbd4542594ce05f9b977394ca7e5e609574aed8598b689e670e6e432e61d	5329	screening-v1/batch-0131/batch.json
132c3f5ed2bbb8e1c7dfe9448d2601fb35843f5a82549f01fe1d4576b3ce2ee1	3646	screening-v1/batch-0131/decisions.jsonl
3f4a2dc23055ece6adc8f78e51ff19879c5f4cbbba89d75be27f172f164c74f7	78	screening-v1/batch-0131/final.txt
6513c2c3433ca5c731e83c100dd311710beeee1ab5a4d82048eb8e65882b3171	48843	screening-v1/batch-0131/input.md
92eeb335694290d0a044a4975cbb2aa2b407a9b7f97c726b38c0cc5fa47b26a2	450	screening-v1/batch-0131/run.json
e3b0c44298fc1c149afbf4c8996fb92427ae41e4649b934ca495991b7852b855	0	screening-v1/batch-0131/stderr.txt
d2c78a545e32f0911bd2c76dbdd83468b9a3b1be5d9b9cce350f43402b49ed18	86	screening-v1/batch-0131/submit_screening
b58207fca2c21093ffbde9adcffab41799e1222a7edeed33b7cfa88cfd7074a3	8638	screening-v1/batch-0131/trace.jsonl
14b41a3ddcf680e2f3ff357ee388b77a36ab9e2e4f4466b76beea11cada2352a	5549	screening-v1/batch-0132/batch.json
57a5ce422621ba7a69cd32e5b0545b7c6aff376a0bce39029046ab48e849af12	3503	screening-v1/batch-0132/decisions.jsonl
6824e4acfd0c951221fbb12f834a1008062d205af70fb4ce9aa62434b59ac897	64	screening-v1/batch-0132/final.txt
1454aaeac0d87a78ca4ea9afdf375ead3498441258da0cd4e9754d013429bfd2	47963	screening-v1/batch-0132/input.md
07bed948716a14e97503ed374a77510e833f038bcc6f402c3e1792a1f271eec8	450	screening-v1/batch-0132/run.json
e3b0c44298fc1c149afbf4c8996fb92427ae41e4649b934ca495991b7852b855	0	screening-v1/batch-0132/stderr.txt
d2c78a545e32f0911bd2c76dbdd83468b9a3b1be5d9b9cce350f43402b49ed18	86	screening-v1/batch-0132/submit_screening
e3331b63957c5968aae4eec3757f07a80681845d27c066ba4938b2cb86dec117	8252	screening-v1/batch-0132/trace.jsonl
38d10980bbf26a0103b645e60f1614f829a34f0d41cdceecb65074df49ccbc58	5483	screening-v1/batch-0133/batch.json
5a441342cb53e1f798fe0913381a1c85af23c0e82898f5ed8245be3f38b0937a	4061	screening-v1/batch-0133/decisions.jsonl
75efc1a8c810b931834598e98daa5195cc738684357261dc9c71a56c7a0b5f17	78	screening-v1/batch-0133/final.txt
60e89d0f7961b427b17edb34b6956f6021e76f6836933349b9e466af1c2c7563	49143	screening-v1/batch-0133/input.md
1f09aede6ef705dda6a56f5fc9d3798d7779351c8e0c3d19378280b052c1363a	450	screening-v1/batch-0133/run.json
e3b0c44298fc1c149afbf4c8996fb92427ae41e4649b934ca495991b7852b855	0	screening-v1/batch-0133/stderr.txt
d2c78a545e32f0911bd2c76dbdd83468b9a3b1be5d9b9cce350f43402b49ed18	86	screening-v1/batch-0133/submit_screening
3e0edb18eb3282b5490c92f946d443b1e571b034f3e24430862404c965dfc6a4	15627	screening-v1/batch-0133/trace.jsonl
810fe3cc70f38a699ba65a60dfca360bf29bd1872dbde4ccca9ae0dd59929a2c	5658	screening-v1/batch-0134/batch.json
e9c2c1725c514e57ee5edc1041ffd9fcd5b4623b8beaac324c297e7330419b69	3483	screening-v1/batch-0134/decisions.jsonl
4d9c485619911a1b312ab33f356c447d4ea0bbb00ee1b997f88b0e29a1d5b500	60	screening-v1/batch-0134/final.txt
486a36b004a5159d88de29fee43a517ebb6b892d2aa715ae53d2bc8785c11150	46391	screening-v1/batch-0134/input.md
8063c0f0d62ffa6de9631e99fbe013dc97f1fb736bac272ea50fc169a1cdc631	450	screening-v1/batch-0134/run.json
e3b0c44298fc1c149afbf4c8996fb92427ae41e4649b934ca495991b7852b855	0	screening-v1/batch-0134/stderr.txt
d2c78a545e32f0911bd2c76dbdd83468b9a3b1be5d9b9cce350f43402b49ed18	86	screening-v1/batch-0134/submit_screening
2faf8b16f437cccc72ab027573c0428e7fd1f2887260fecbe5c39affa2c989df	8993	screening-v1/batch-0134/trace.jsonl
7009464969524bac5a92c63080b0078233d306340b0771b03c4cfefc1b22e5ff	5693	screening-v1/batch-0135/batch.json
0d0890eb58c357d60dbc5972108c2018e491249cf78e1160b16725b88690ca6a	3755	screening-v1/batch-0135/decisions.jsonl
6824e4acfd0c951221fbb12f834a1008062d205af70fb4ce9aa62434b59ac897	64	screening-v1/batch-0135/final.txt
224e38d90ad856f43dcfbaca28d948fb32fb0fb44239b54e89364afb2f164e8b	47338	screening-v1/batch-0135/input.md
a8788b283681a4d7e1f4f489bcf6fb68f1e09bfc74dc2a71fcf2c324771e0145	450	screening-v1/batch-0135/run.json
e3b0c44298fc1c149afbf4c8996fb92427ae41e4649b934ca495991b7852b855	0	screening-v1/batch-0135/stderr.txt
d2c78a545e32f0911bd2c76dbdd83468b9a3b1be5d9b9cce350f43402b49ed18	86	screening-v1/batch-0135/submit_screening
91bebc20535bcc19dd401ec5e8f3a91bda8450d5ba67f23407487763c099943e	14866	screening-v1/batch-0135/trace.jsonl
eb549225719bb3cb8c70683d032f53488d8c3c0531615ddee2d54d93cbe2ccb6	5585	screening-v1/batch-0136/batch.json
e82bf1c12ec7918d77381518a0befe0707fcdd7cc433f076abcb5a3ec5a49a70	3471	screening-v1/batch-0136/decisions.jsonl
12bfc04b481060e14e256636c30ee7d70d6d1060b4debc9519c541a6666ade00	55	screening-v1/batch-0136/final.txt
4791d95738dd4ba72e8ff434e4a49e6bcbf76558be1029ef0077e1e610117156	50191	screening-v1/batch-0136/input.md
c7edf63e0ca7495827312ccdd737fc6b228fbee4bea8df38cbdfe7df0a83bd46	450	screening-v1/batch-0136/run.json
e3b0c44298fc1c149afbf4c8996fb92427ae41e4649b934ca495991b7852b855	0	screening-v1/batch-0136/stderr.txt
d2c78a545e32f0911bd2c76dbdd83468b9a3b1be5d9b9cce350f43402b49ed18	86	screening-v1/batch-0136/submit_screening
3e82deb746f5b3f4bdeaa668031417ee8ceeaba695c44324f0b8e47480da2472	7958	screening-v1/batch-0136/trace.jsonl
244d61b2dce17132018d74f1e768fbda85ec0248f12bfee3122ee409cc8c56ed	5754	screening-v1/batch-0137/batch.json
bf81c4451007f36a74fa955c4cd3ffef3c00be23c2c1e2c3d53978d5fc832feb	3708	screening-v1/batch-0137/decisions.jsonl
4ffafa1cd5c9ef79654743ee07da5ca4f6ba643caf53bb0e37c5ccd84046abc4	72	screening-v1/batch-0137/final.txt
d6576eaf1ee1a07d04db14ffdbcd059da1ca9e01ca0aa7c4a1a3caabc54e6ec7	55167	screening-v1/batch-0137/input.md
404cbd7355749c9a84793ade024c2d2a3819488dfefb1531e21e46d693d8dca3	450	screening-v1/batch-0137/run.json
e3b0c44298fc1c149afbf4c8996fb92427ae41e4649b934ca495991b7852b855	0	screening-v1/batch-0137/stderr.txt
d2c78a545e32f0911bd2c76dbdd83468b9a3b1be5d9b9cce350f43402b49ed18	86	screening-v1/batch-0137/submit_screening
a35edc05d3dac2917dde05f686fd6f58f2922dc9ee1a4e0fd61ed4216ca5ea11	9203	screening-v1/batch-0137/trace.jsonl
6612a0720480d23caf54a1d14e282ae03e35b1d9d05a3d785f353463fe7555c9	5646	screening-v1/batch-0138/batch.json
869f2d2259ff8b51105ce1893bb7fe36b807beb51361111ebfecc7ab6f8531f1	3719	screening-v1/batch-0138/decisions.jsonl
6cdc92c4d88ba7dbde41458e4c1387cc4fc0619b2058b6bd6d9c0da382cbec9a	72	screening-v1/batch-0138/final.txt
38293689d014f219f6ef142c5ba6500d512ab3723d8ae40a050d748473f40b76	47791	screening-v1/batch-0138/input.md
47824d8df0ae7f8dbc14fbb2d30312508c21e9e895a23af9983ce4b246b40b14	450	screening-v1/batch-0138/run.json
e3b0c44298fc1c149afbf4c8996fb92427ae41e4649b934ca495991b7852b855	0	screening-v1/batch-0138/stderr.txt
d2c78a545e32f0911bd2c76dbdd83468b9a3b1be5d9b9cce350f43402b49ed18	86	screening-v1/batch-0138/submit_screening
248c019e7695a492668e85b7d2b61b5e9a2e7e4d13b0d050dae84597e63436df	14760	screening-v1/batch-0138/trace.jsonl
55e5f3ef64c7d7a875a1f954f2acc57db0348a2f518df71a73e34e7f31c92506	5780	screening-v1/batch-0139/batch.json
c625134826e271b2aef3be76433869837f6e6defc0aaee2d55c52f6589c3bffe	3432	screening-v1/batch-0139/decisions.jsonl
3f4a2dc23055ece6adc8f78e51ff19879c5f4cbbba89d75be27f172f164c74f7	78	screening-v1/batch-0139/final.txt
8b3132090664fec9c687b6642f540b894bfa588e5d5ce483c2c38f418a1c8a25	50027	screening-v1/batch-0139/input.md
f77cbc292701a565f5f7a9b8d558d53d8a819b062d98b614e3c49a30f6cd45d5	450	screening-v1/batch-0139/run.json
e3b0c44298fc1c149afbf4c8996fb92427ae41e4649b934ca495991b7852b855	0	screening-v1/batch-0139/stderr.txt
d2c78a545e32f0911bd2c76dbdd83468b9a3b1be5d9b9cce350f43402b49ed18	86	screening-v1/batch-0139/submit_screening
d4978298ee87715bc924f9acb9aae41beb4483b81a9ab91fd9651b28c169163c	8070	screening-v1/batch-0139/trace.jsonl
8ac475dc04aec2d4e8ad5abf519859a21a71603895a0c2f0abc6dc2dd659bcd2	5998	screening-v1/batch-0140/batch.json
3221d6fa114f85ef7a3831ce72f4ec4e6be0a3f47b7ee58a66e1fea10caeefde	3797	screening-v1/batch-0140/decisions.jsonl
cb3357c7a25e8fe1ccab63a8dfdeeb85bb86edd2ea14e65d375e15b3f4f97a49	58	screening-v1/batch-0140/final.txt
036c36a00591189db23e55e386786fe9b8f9ef345a68663896c5a058c5658cae	49952	screening-v1/batch-0140/input.md
872262a1b4af53fd9790f1182625182328cedf3f3dd9d985869a151ddbe7a2ed	450	screening-v1/batch-0140/run.json
e3b0c44298fc1c149afbf4c8996fb92427ae41e4649b934ca495991b7852b855	0	screening-v1/batch-0140/stderr.txt
d2c78a545e32f0911bd2c76dbdd83468b9a3b1be5d9b9cce350f43402b49ed18	86	screening-v1/batch-0140/submit_screening
86955cf3bd0bcdecb285ec4eb50cbed42ded2a457b1245ab8b065af3ee554f1d	9413	screening-v1/batch-0140/trace.jsonl
069830cb1e2292096ce24d5060f3ce5f4b8f8b760408caa803f7903178034445	5958	screening-v1/batch-0141/batch.json
b692b4ee3c10557ea1df37b608be62fb369bd68ebc18d6994d095b4c542853de	3788	screening-v1/batch-0141/decisions.jsonl
4ffafa1cd5c9ef79654743ee07da5ca4f6ba643caf53bb0e37c5ccd84046abc4	72	screening-v1/batch-0141/final.txt
a1b93658e0b5e8913ce2488594f2b9c98c8ecf8f1afee570c3074fd6edaedbaa	47438	screening-v1/batch-0141/input.md
a377d258530e5af4003f3a0ab754908cf12fe8f674438a8c2a2fdb51ddf315e2	450	screening-v1/batch-0141/run.json
e3b0c44298fc1c149afbf4c8996fb92427ae41e4649b934ca495991b7852b855	0	screening-v1/batch-0141/stderr.txt
d2c78a545e32f0911bd2c76dbdd83468b9a3b1be5d9b9cce350f43402b49ed18	86	screening-v1/batch-0141/submit_screening
b7ac6cb6046760023f0b9e347edd11d4a267b7c594963f69beba35bb12a4fb35	8589	screening-v1/batch-0141/trace.jsonl
b8ed21d2de615cef98487b0fc6de9e32347ed598efeab9fa30de8063c6cdf500	5797	screening-v1/batch-0142/batch.json
5fcfb1334e0468b5b3987128ca6bd9ce5a6794d020929e87a7521b0856cc3065	3553	screening-v1/batch-0142/decisions.jsonl
06c8a354437ec1e2a18c694d64366c99c1abe3674e810e8e610a5c7cbe15ed5d	44	screening-v1/batch-0142/final.txt
2fac2a01f0378cf65298b4250674b9dc12b15e45abaf0199a2538a212d1fd5d6	45760	screening-v1/batch-0142/input.md
93c45b69fe0c3b6eefdc8c2f4b5525c142878b6bc0ca0c851b51e6ca405181df	450	screening-v1/batch-0142/run.json
e3b0c44298fc1c149afbf4c8996fb92427ae41e4649b934ca495991b7852b855	0	screening-v1/batch-0142/stderr.txt
d2c78a545e32f0911bd2c76dbdd83468b9a3b1be5d9b9cce350f43402b49ed18	86	screening-v1/batch-0142/submit_screening
af29913bedfb0ab2cad647a82270d97e4f944b08010b5c1fac4cd6260ae65ce1	14452	screening-v1/batch-0142/trace.jsonl
58acdd48f2f25f8e1fefedde40b0e3578e3d044861ecc5f98cf970742d07b320	5667	screening-v1/batch-0143/batch.json
2cd1264684ddca7d94fa65de9da137087645358ff3ea3ab89d6f079100b03350	3685	screening-v1/batch-0143/decisions.jsonl
a14fa457afa02bfa0db106613fc54667f695583ed400fc7c5af5a66ead38bde2	76	screening-v1/batch-0143/final.txt
92e32daa59aab60b53def8859562243dcf8aa50796ba0268aef86b57baefc563	54281	screening-v1/batch-0143/input.md
8b35ccbe25f78d44a46cdc6c48935eb3cea3583eaae3cb61f6e88c0af7bf3ce3	450	screening-v1/batch-0143/run.json
e3b0c44298fc1c149afbf4c8996fb92427ae41e4649b934ca495991b7852b855	0	screening-v1/batch-0143/stderr.txt
d2c78a545e32f0911bd2c76dbdd83468b9a3b1be5d9b9cce350f43402b49ed18	86	screening-v1/batch-0143/submit_screening
a09ad52ee4bd9283f83d40da635a40e380d546b28808fce4d6235f497ecfba04	8417	screening-v1/batch-0143/trace.jsonl
aeda737a2654f28842353aefdb2a3732b7584909528133afbdaf1357b3a2cdf5	6193	screening-v1/batch-0144/batch.json
295cc0723c458143e25712fce6d47bde5e7751769a9cf231f0a6cb39d344ae78	4021	screening-v1/batch-0144/decisions.jsonl
c0d4b687d0fb470e8855803f318e4befebf1dfa1426f01f6a7cb92cbdaaa3b6e	52	screening-v1/batch-0144/final.txt
c8bf102b354bca8b551bd834fcb6d0267d677d60cd189ac8958d75e1658924c1	50286	screening-v1/batch-0144/input.md
4e7bcf3796db1731d0d51da84742f9255415ee4e3431c2af0427c5c8bbea36ec	450	screening-v1/batch-0144/run.json
e3b0c44298fc1c149afbf4c8996fb92427ae41e4649b934ca495991b7852b855	0	screening-v1/batch-0144/stderr.txt
d2c78a545e32f0911bd2c76dbdd83468b9a3b1be5d9b9cce350f43402b49ed18	86	screening-v1/batch-0144/submit_screening
e09ae756710f69be6b5f9a266314822d7170b6708ce64a4dbe32786ba3f3cf7c	15382	screening-v1/batch-0144/trace.jsonl
bb03b1aa5b6a370f840d170f6916667ab10175af713e456001dc62d0b350bf2c	5769	screening-v1/batch-0145/batch.json
0a19843de89eb7d0ffd5398fdc3497e33905160ca97cbe9d3468ebc3dd441b36	3726	screening-v1/batch-0145/decisions.jsonl
23a75b1ba4f65b54f62e596d1d6cdcf5f10199bb7d17da6ac2a15905a894247e	78	screening-v1/batch-0145/final.txt
3b31be44c588d25cec6e148b1ad7c7ff26368a58b67c9d52864207b35f8e9802	44519	screening-v1/batch-0145/input.md
21a32b79ef47501ed17e3c5c8f3961ff8b64f05dc03a96303aaaa23c34a06572	450	screening-v1/batch-0145/run.json
e3b0c44298fc1c149afbf4c8996fb92427ae41e4649b934ca495991b7852b855	0	screening-v1/batch-0145/stderr.txt
d2c78a545e32f0911bd2c76dbdd83468b9a3b1be5d9b9cce350f43402b49ed18	86	screening-v1/batch-0145/submit_screening
ba4bd9925050d4d9fa0cc9575ea4005a11a36331bfdd31fa10b4f949806a0c08	8798	screening-v1/batch-0145/trace.jsonl
a148aca06e03a03c2bdd237b061ba6e34705786193e968858fafc03bc0c85230	5465	screening-v1/batch-0146/batch.json
7f11e8a168db5cb16c6bcf31fdc8662f6e7d1b8eec7e1d2c4466f1152f764d82	3397	screening-v1/batch-0146/decisions.jsonl
e4205f4ab1df30bb4a1bbad55b89a2946595b0272ce9e1a543854c324addcd57	44	screening-v1/batch-0146/final.txt
47744172aed43f2e64f425b5075b70be9e72c01a3d515e96d41f259c69ee8de4	46116	screening-v1/batch-0146/input.md
aa78dc52245e35f7e4c4361e679ab4bb552262e35e29029a6b7b5fca69f2f244	450	screening-v1/batch-0146/run.json
e3b0c44298fc1c149afbf4c8996fb92427ae41e4649b934ca495991b7852b855	0	screening-v1/batch-0146/stderr.txt
d2c78a545e32f0911bd2c76dbdd83468b9a3b1be5d9b9cce350f43402b49ed18	86	screening-v1/batch-0146/submit_screening
2d46557ca65dc320e2867b287a4c171eb4db736ca3c9a606f9843c480a09f04c	8290	screening-v1/batch-0146/trace.jsonl
d17983b087a825dc87a510a6a5953e24d5604baf3c90d9375f56951879dec662	5851	screening-v1/batch-0147/batch.json
82938e5a1444aa38e3f1ec9fc073fb6697add9056a4d9251a26992b0c3ffb775	3648	screening-v1/batch-0147/decisions.jsonl
75efc1a8c810b931834598e98daa5195cc738684357261dc9c71a56c7a0b5f17	78	screening-v1/batch-0147/final.txt
afa36165c8137f14c8e2ef5e75c3d892b2c8a6d5066686275acb2ea1f019b25e	50087	screening-v1/batch-0147/input.md
3e99e026d4bc2c87a5cd6431de8374e4ce84e373bb0477bf8769c767a427db52	450	screening-v1/batch-0147/run.json
e3b0c44298fc1c149afbf4c8996fb92427ae41e4649b934ca495991b7852b855	0	screening-v1/batch-0147/stderr.txt
d2c78a545e32f0911bd2c76dbdd83468b9a3b1be5d9b9cce350f43402b49ed18	86	screening-v1/batch-0147/submit_screening
0bc4ffb35fe5a169cf57e9b341585135a2b2302a20d65ae2f5bf96a77a76ff2a	8499	screening-v1/batch-0147/trace.jsonl
4b87cea645bf6772bdad3b5f3c1205ab6c6e8e0f7f191c358ed80962a747eacc	5642	screening-v1/batch-0148/batch.json
49e917ce649710398ae5e3203a93edcd5336df8859203ba5dd29c7141e124da3	3742	screening-v1/batch-0148/decisions.jsonl
cf0c22cb98a8d7b0198b01c6418fa27c48963c506029294b047c29cbac487a69	77	screening-v1/batch-0148/final.txt
82a32b6fc1a6cc2beadf33f8d6d2e7012bd98ea2676804fec256b21e9b105333	47952	screening-v1/batch-0148/input.md
5bd32a1aca05e97b6227aef7b22430fe5ae952422d0a8d5eee3f880a0f72b9ca	450	screening-v1/batch-0148/run.json
e3b0c44298fc1c149afbf4c8996fb92427ae41e4649b934ca495991b7852b855	0	screening-v1/batch-0148/stderr.txt
d2c78a545e32f0911bd2c76dbdd83468b9a3b1be5d9b9cce350f43402b49ed18	86	screening-v1/batch-0148/submit_screening
3942ecb5bf4ff2ad9451bc64076d3ff53ba1a6991a72c65200486d5fb6c922d7	8681	screening-v1/batch-0148/trace.jsonl
3fbce82a2c0a5d03feef05632d4b638eb76501a6f1cc4b7f2f297d6220b34b4b	5501	screening-v1/batch-0149/batch.json
b30c03339a964fb15924a8215c751cf0b600885267169a91f85a836c43012f1a	3997	screening-v1/batch-0149/decisions.jsonl
d2d159238b775a00db4b5fd135f20b4b892ed648fd8c60ba7d65800597ada474	66	screening-v1/batch-0149/final.txt
2f3eeef0a6aa4560ff6761349c79698277972469255ab83f6ce6917094d9863b	48543	screening-v1/batch-0149/input.md
20e0eb5be725aeff681f2e380bce729a19f88df3ee37bdc9481c0ca688d296fb	450	screening-v1/batch-0149/run.json
e3b0c44298fc1c149afbf4c8996fb92427ae41e4649b934ca495991b7852b855	0	screening-v1/batch-0149/stderr.txt
d2c78a545e32f0911bd2c76dbdd83468b9a3b1be5d9b9cce350f43402b49ed18	86	screening-v1/batch-0149/submit_screening
10205e1835cc59e46c0f3386cff4570ebffd07653d5526c47cc4d352b51db10f	9018	screening-v1/batch-0149/trace.jsonl
e147b93ce8c4d2ce447e3ec8b452b820ea4f674513f94c3e935e18430db65507	5620	screening-v1/batch-0150/batch.json
4c54e2481d3dc26cb2e5682d41fc928b2afecaa20ea229a0f10c2e5a364d55fe	3674	screening-v1/batch-0150/decisions.jsonl
e5c26e8a32e0d0e005e62dcaf8221b9b506e599d2360fb679244b7c3f3e1fcaf	58	screening-v1/batch-0150/final.txt
de13c196cb26df464ddf0c33ffff6d03dd0f36f711911834bed26f9620fadad5	47295	screening-v1/batch-0150/input.md
2444dda01bac2dc333a6b2c8db64c30167befc8ab875421bb932e73f23e66304	450	screening-v1/batch-0150/run.json
e3b0c44298fc1c149afbf4c8996fb92427ae41e4649b934ca495991b7852b855	0	screening-v1/batch-0150/stderr.txt
d2c78a545e32f0911bd2c76dbdd83468b9a3b1be5d9b9cce350f43402b49ed18	86	screening-v1/batch-0150/submit_screening
2941612386da3cf29972247dc109ed3e7338eed006c8a285970ff39471195b8d	9232	screening-v1/batch-0150/trace.jsonl
fd9f5a026d3f0ba1ecf73b55d4172149bfb901bf78fa5d8100e0dd8ae3f6020a	6054	screening-v1/batch-0151/batch.json
d24d46d9d2624f6c307b89be54f8df703c3cb361251605a2998ca6babeaf4d2b	3421	screening-v1/batch-0151/decisions.jsonl
12bfc04b481060e14e256636c30ee7d70d6d1060b4debc9519c541a6666ade00	55	screening-v1/batch-0151/final.txt
df90bb49ac0f565a3b5c72f9032656c3b019b0de46495b5615549cbdfb333807	48557	screening-v1/batch-0151/input.md
8b50510cd36e24a16ceb48f0942f374eaa5eae24744ba253e740222eff9ed474	450	screening-v1/batch-0151/run.json
e3b0c44298fc1c149afbf4c8996fb92427ae41e4649b934ca495991b7852b855	0	screening-v1/batch-0151/stderr.txt
d2c78a545e32f0911bd2c76dbdd83468b9a3b1be5d9b9cce350f43402b49ed18	86	screening-v1/batch-0151/submit_screening
9b507ed795d7ee2da012b46ae52076a369f979c2f8f6ae8e3395b4a786426e20	7688	screening-v1/batch-0151/trace.jsonl
e06599713c214cc740f84ba6ac83f4fff1fc53067bc83b73ecf65873c61590c5	5566	screening-v1/batch-0152/batch.json
81cedf06efb5691d847fa6ae494796b9915ac58d0f725d6cd41a191da9cb5251	3452	screening-v1/batch-0152/decisions.jsonl
5b101407c6d0227cddc027c6d9a1e326f0b6b70677ba7f862552988383f7a072	132	screening-v1/batch-0152/final.txt
6713c21eebdd602c0b573e35884f4fe7e903b1afaee034645a9c272307ec685c	46904	screening-v1/batch-0152/input.md
791d99a74373c1120ad798e9e215510637a2dc57afdb22cd61758b9662dafa19	450	screening-v1/batch-0152/run.json
e3b0c44298fc1c149afbf4c8996fb92427ae41e4649b934ca495991b7852b855	0	screening-v1/batch-0152/stderr.txt
d2c78a545e32f0911bd2c76dbdd83468b9a3b1be5d9b9cce350f43402b49ed18	86	screening-v1/batch-0152/submit_screening
554a6e62e1261c18934fcde1d9f2ec7dbeb73d6499d41d8cefabbb73a4f00dcc	14311	screening-v1/batch-0152/trace.jsonl
dc0955606c0e910f6171f546da1b2ab15ac8772113c137441079414914ace4e0	5776	screening-v1/batch-0153/batch.json
4407c0a6f735353f7e12ae9c537b70ca0d9dac6c291aadf6ab0603a5ffbecf55	3603	screening-v1/batch-0153/decisions.jsonl
bb4f57f2675e2e3fb80a99dab595d734fb8184c16785bd79b74695fe95ed0fd2	73	screening-v1/batch-0153/final.txt
b1a376031cfa1131eb353f29cd1a230948ea18d8bf8fc7967fc36bbde1f29f77	48781	screening-v1/batch-0153/input.md
b41aad266cff772d46b6a4b7830b21098438ae85890d9f6dba33ace14605def3	450	screening-v1/batch-0153/run.json
e3b0c44298fc1c149afbf4c8996fb92427ae41e4649b934ca495991b7852b855	0	screening-v1/batch-0153/stderr.txt
d2c78a545e32f0911bd2c76dbdd83468b9a3b1be5d9b9cce350f43402b49ed18	86	screening-v1/batch-0153/submit_screening
0207d1996c3821935364ecbf9507860fe00d0417bab6c829136dbb9aced710aa	8210	screening-v1/batch-0153/trace.jsonl
09080e5c84ac4195ab611b59611b1ca13f2b4d5b367a67921117cf9a02a9fc45	5561	screening-v1/batch-0154/batch.json
11f90668efcf23c52e9f19704724374afe3efde3422e0e9ca83022088e386e83	3404	screening-v1/batch-0154/decisions.jsonl
56d763677cd7d08d0dc0a8d8fd9c64dae43eb94e007d072df3df06501fde3983	88	screening-v1/batch-0154/final.txt
28a0d8a3bdf0c41067b10f73a3e811ce634aaf108f51edfbe96af1e9ceae9111	48265	screening-v1/batch-0154/input.md
76408cbbeb0bc4ee663ceee07029bdb615cbc5b13c16285660e696aa8fcf81a6	450	screening-v1/batch-0154/run.json
e3b0c44298fc1c149afbf4c8996fb92427ae41e4649b934ca495991b7852b855	0	screening-v1/batch-0154/stderr.txt
d2c78a545e32f0911bd2c76dbdd83468b9a3b1be5d9b9cce350f43402b49ed18	86	screening-v1/batch-0154/submit_screening
01d4be883981b81a8cfe468156b4f67c42cbf83561e7292223c391369e64cccb	15070	screening-v1/batch-0154/trace.jsonl
7c291c5790884ad855c088d1221aaa1a5317cb9f89a3c8f42764fe4d0b997581	6001	screening-v1/batch-0155/batch.json
2b48fdf114493920053ebbc0b2301ee188b83bbf707c958a8519eedbf5ffb399	3864	screening-v1/batch-0155/decisions.jsonl
12bfc04b481060e14e256636c30ee7d70d6d1060b4debc9519c541a6666ade00	55	screening-v1/batch-0155/final.txt
bf396e0ca65c3d1796543508c7c9ab85cb366ad1033b2cd6fa6eff15def64ace	49573	screening-v1/batch-0155/input.md
0418762658d143c755ce77ba14af82eddb0f7fae5cee2d5dd1ee16db6ef184fe	450	screening-v1/batch-0155/run.json
e3b0c44298fc1c149afbf4c8996fb92427ae41e4649b934ca495991b7852b855	0	screening-v1/batch-0155/stderr.txt
d2c78a545e32f0911bd2c76dbdd83468b9a3b1be5d9b9cce350f43402b49ed18	86	screening-v1/batch-0155/submit_screening
f5a27bd8b348b3945c95a6909b82bd9f3ad680a4497651c9b97d19dce7b49c83	8564	screening-v1/batch-0155/trace.jsonl
1f0b524b71c6da7b62cf2b7d3c99881b424dfa2eb333fd0ade0801f8c3e9bb96	5927	screening-v1/batch-0156/batch.json
5cd8976839d7cfd8b50a18b4cbfebfa92e34db177d9b5c302858f30b6a463945	3883	screening-v1/batch-0156/decisions.jsonl
3f4a2dc23055ece6adc8f78e51ff19879c5f4cbbba89d75be27f172f164c74f7	78	screening-v1/batch-0156/final.txt
8bd45c71204087e46f7b41810908c25da0fa5ba632bacb294e7a4111246cece5	43466	screening-v1/batch-0156/input.md
82b64baa781daa7b6a595d3bbc357058a1ce29158558a3c63b7999217d015122	450	screening-v1/batch-0156/run.json
e3b0c44298fc1c149afbf4c8996fb92427ae41e4649b934ca495991b7852b855	0	screening-v1/batch-0156/stderr.txt
d2c78a545e32f0911bd2c76dbdd83468b9a3b1be5d9b9cce350f43402b49ed18	86	screening-v1/batch-0156/submit_screening
3425b7aa1f5f4b5921aec56f4046aa852f54459191e375eb7a8969ff4e20f566	15120	screening-v1/batch-0156/trace.jsonl
9868f4f9fa7843e5c77af50fa8059a9fe56e803caaf1ab32508299bb04dad710	5375	screening-v1/batch-0157/batch.json
5860c846c8aa573b58d294365de58be12ac14dd01f3e21923c353fda76a38607	3691	screening-v1/batch-0157/decisions.jsonl
01da75f35c59f3599b00edb2a467cb0f97025f4318d73f3506ab8416bc9e981c	83	screening-v1/batch-0157/final.txt
11899729b559f21e247404e44c83aea3cd17571771b65aac2ef4007d5ecc3c32	47198	screening-v1/batch-0157/input.md
feabcd1e5e4dde95e55418ffc7f60a289ff0a70b1f523201a2325e3089fe059f	450	screening-v1/batch-0157/run.json
e3b0c44298fc1c149afbf4c8996fb92427ae41e4649b934ca495991b7852b855	0	screening-v1/batch-0157/stderr.txt
d2c78a545e32f0911bd2c76dbdd83468b9a3b1be5d9b9cce350f43402b49ed18	86	screening-v1/batch-0157/submit_screening
e975bea2de7cd5e878235b04775a704ed25058415a3be0a20230970a82201b28	8741	screening-v1/batch-0157/trace.jsonl
639b8aea6ccc03e0548b9de35d6f21c7ea7c85a7575e36888f63e031358616ef	5543	screening-v1/batch-0158/batch.json
5e08c29e5232dd5d84fdd5e37e5f0c062e78df5ba688d64b1fecab8ccf9f23fe	3887	screening-v1/batch-0158/decisions.jsonl
538ee3b2c4eaf58a8efe35139de51380e6b65bff32ccfc063c183a5ec3d1a87f	154	screening-v1/batch-0158/final.txt
348070a3d396a1523f4708f21c1426730c54855c3d04b66cb7f9985660e9bdad	43880	screening-v1/batch-0158/input.md
0cbb5733ffe52493747c77bc18d6e5af8fb6c05e61ef076a8a86bb82b7fcff39	450	screening-v1/batch-0158/run.json
e3b0c44298fc1c149afbf4c8996fb92427ae41e4649b934ca495991b7852b855	0	screening-v1/batch-0158/stderr.txt
d2c78a545e32f0911bd2c76dbdd83468b9a3b1be5d9b9cce350f43402b49ed18	86	screening-v1/batch-0158/submit_screening
5d3c9d7f02f0a52a18ccb70a93f03bb7c79d8ec9e7776bd9a73a2ca3a5dbd3a5	15210	screening-v1/batch-0158/trace.jsonl
318196f0a977158a43d5b78b1581d71f4a03e8f8b502a7cfdad01020790675f0	5561	screening-v1/batch-0159/batch.json
ddf1a13483b1a0c419e484b997bc91fb4db812cbf8d9478d74525db40c8e85f2	3414	screening-v1/batch-0159/decisions.jsonl
f4fd0e862c5c906152027cce96ae2c1d6f4800de19f5b05894bb55d8377d9a70	72	screening-v1/batch-0159/final.txt
388e4e4606f87ad38db064ef083b9689c72ca4839d50cbc87347b74b25e5b6aa	48471	screening-v1/batch-0159/input.md
103f8e8dd3e4a1b011205238e363ee814a7ba990483250a80e015b3445a8f65b	450	screening-v1/batch-0159/run.json
e3b0c44298fc1c149afbf4c8996fb92427ae41e4649b934ca495991b7852b855	0	screening-v1/batch-0159/stderr.txt
d2c78a545e32f0911bd2c76dbdd83468b9a3b1be5d9b9cce350f43402b49ed18	86	screening-v1/batch-0159/submit_screening
a6309e10518eaaf377007a82271243c0468d81cfe04c84f19422a588873c1f00	7694	screening-v1/batch-0159/trace.jsonl
2426ac806202b30493f8604d2df0f76a2a61cfa8496515a5f2ac3e5fac927833	5867	screening-v1/batch-0160/batch.json
d19bccce43544a211a8de734e9025aabd9b05f60f663fdbe3df3f11eac48b2c0	3638	screening-v1/batch-0160/decisions.jsonl
4ffafa1cd5c9ef79654743ee07da5ca4f6ba643caf53bb0e37c5ccd84046abc4	72	screening-v1/batch-0160/final.txt
db5581ff16a25b6543f4b5ed2637ca24e2b511ee605e0a4c4fa4be917ea1851e	50696	screening-v1/batch-0160/input.md
287a1aa4483ccab12839ecd839f0e1e84de5b6657dff676ba19fe1ea3307b183	450	screening-v1/batch-0160/run.json
e3b0c44298fc1c149afbf4c8996fb92427ae41e4649b934ca495991b7852b855	0	screening-v1/batch-0160/stderr.txt
d2c78a545e32f0911bd2c76dbdd83468b9a3b1be5d9b9cce350f43402b49ed18	86	screening-v1/batch-0160/submit_screening
7d73003e7686b003f707a072ea1682afb46032c186df5c3fe244187111bee161	8356	screening-v1/batch-0160/trace.jsonl
b05cee7146bb1cfb822bd8478ca4fe7d0ebf8dfb3a1d295cf5c344fe9b91aaeb	6038	screening-v1/batch-0161/batch.json
094a73212ca2c8851df96969a53054d912f5e82b2af762317d912b9734be0b72	3406	screening-v1/batch-0161/decisions.jsonl
6824e4acfd0c951221fbb12f834a1008062d205af70fb4ce9aa62434b59ac897	64	screening-v1/batch-0161/final.txt
ccb6b5edc91e056a3c3726c75811c18caeff4ec30c885d5190f3cf5e4db9e16b	47297	screening-v1/batch-0161/input.md
3a89c4e98a62436c11b61d80d84efae94fcca6c13677f6065e37616d0eab3f01	450	screening-v1/batch-0161/run.json
e3b0c44298fc1c149afbf4c8996fb92427ae41e4649b934ca495991b7852b855	0	screening-v1/batch-0161/stderr.txt
d2c78a545e32f0911bd2c76dbdd83468b9a3b1be5d9b9cce350f43402b49ed18	86	screening-v1/batch-0161/submit_screening
85b9cdf8f085a5678dd1f0869a8a8305ba4720a4c6fc39122eb0ea8b7a2c94ee	7834	screening-v1/batch-0161/trace.jsonl
867f2679bc544f85b112865f1ba4ddcaf1f2a1e8420d1446cab05990894cc20d	5737	screening-v1/batch-0162/batch.json
8c19b5ff6a1d14c19ccddfd7f193d614fb0fe3b808379634b6664eb3482b8105	3275	screening-v1/batch-0162/decisions.jsonl
b52d2d9830fee9e6ab81789a2e295064c29de07e203f83292c3fc34b6843f58d	78	screening-v1/batch-0162/final.txt
7a7d061e083ce012875a0ee9a3855d71f710ac081827496416ae13e083b88488	45670	screening-v1/batch-0162/input.md
fc13c3891f0c95e4869389153326dcfa8b6cfcb714b4cd081d6d5af10afc0d7d	450	screening-v1/batch-0162/run.json
e3b0c44298fc1c149afbf4c8996fb92427ae41e4649b934ca495991b7852b855	0	screening-v1/batch-0162/stderr.txt
d2c78a545e32f0911bd2c76dbdd83468b9a3b1be5d9b9cce350f43402b49ed18	86	screening-v1/batch-0162/submit_screening
28eebe2b9af6f92be188512569bcdfb34247ca245859bbf4e4ff175b1eca557c	7906	screening-v1/batch-0162/trace.jsonl
5692bde90082f40ebb48f4bef349aca991c28d3325d35ffb9864bdd0eb8ac562	5631	screening-v1/batch-0163/batch.json
a637ea5ab12274846bf310b77dd6af5aaf8e0ade51962cf9526f8a5bb633d783	3629	screening-v1/batch-0163/decisions.jsonl
01da75f35c59f3599b00edb2a467cb0f97025f4318d73f3506ab8416bc9e981c	83	screening-v1/batch-0163/final.txt
cb3d9c1e147be9e159ab5eb58c4a739e87b1622f78b854da84ad04c30ad71d81	48170	screening-v1/batch-0163/input.md
1450164bcfbab2ec861e4a6f73efdb17e5b02d512e71615887d4dce3964e1b34	450	screening-v1/batch-0163/run.json
e3b0c44298fc1c149afbf4c8996fb92427ae41e4649b934ca495991b7852b855	0	screening-v1/batch-0163/stderr.txt
d2c78a545e32f0911bd2c76dbdd83468b9a3b1be5d9b9cce350f43402b49ed18	86	screening-v1/batch-0163/submit_screening
97a0e76ead1ee789d75d7ce0eb1966b158bb19e15a7232657267a9bc8c49c7df	8296	screening-v1/batch-0163/trace.jsonl
80577f319e66de7e8e8223fb32acdfa77b66492be8546098c61a59559cbf0a4f	5741	screening-v1/batch-0164/batch.json
629a3b5b3eb3a8086fe9d93813cb2b4c165c5a9669aae8949025d699b38e02ad	4100	screening-v1/batch-0164/decisions.jsonl
c03f43623db73cc77c8fd1bcc731a07737c9ee0b673c9a701ba7fc889a322481	83	screening-v1/batch-0164/final.txt
4fd75879f376913e3240e88f7d0986dae23d9f477048d3445a77592cd27f3566	46876	screening-v1/batch-0164/input.md
19f04aed0b4dd6e5e8ec94ea5c6f3c102781809a36efa32767b2fc87fb901caf	450	screening-v1/batch-0164/run.json
e3b0c44298fc1c149afbf4c8996fb92427ae41e4649b934ca495991b7852b855	0	screening-v1/batch-0164/stderr.txt
d2c78a545e32f0911bd2c76dbdd83468b9a3b1be5d9b9cce350f43402b49ed18	86	screening-v1/batch-0164/submit_screening
0ca19116a1abef78d0591555313c021144e3fc93c35f2b1ad025c1c247a23668	9162	screening-v1/batch-0164/trace.jsonl
4fbe6327587997c60c92c43205eec23aef4b1ab5b934086c6997a0e6b614ca7f	5914	screening-v1/batch-0165/batch.json
c1defec12a7dd25f29fb16c31f5c43d90a46fd4a5ff329fe9439324bf0a78387	3338	screening-v1/batch-0165/decisions.jsonl
38e1c967707a6e5e63786288af937d1ecbc9ec8049257d86abb412c71b124227	65	screening-v1/batch-0165/final.txt
863d958fb6163e5239eaaaf3f9f6c4260d8e1321b85092d61d732cbfba57dbd5	49198	screening-v1/batch-0165/input.md
db1e294bdf9012a9e14bbdaff056846b10d99bfc6c241b336cdc12f422eb24bb	450	screening-v1/batch-0165/run.json
e3b0c44298fc1c149afbf4c8996fb92427ae41e4649b934ca495991b7852b855	0	screening-v1/batch-0165/stderr.txt
d2c78a545e32f0911bd2c76dbdd83468b9a3b1be5d9b9cce350f43402b49ed18	86	screening-v1/batch-0165/submit_screening
e2f2e7388c588ee0f13e342b4289f38c330df20dc383c26bd55df95979460482	7775	screening-v1/batch-0165/trace.jsonl
c140661b597822411a48ef9b12b61ac37f86478d2d94b77e6f9ccef0a5a66466	5836	screening-v1/batch-0166/batch.json
fb3262ffe5ef884c9973bb9ec02da4576226437ebbac07129571288c90935b55	3614	screening-v1/batch-0166/decisions.jsonl
9312f2dff9a98dc29a1f1e809ccbd39ff195fcc03b705bb514208a3cf76bf65f	46	screening-v1/batch-0166/final.txt
14c0eaf3bf307cfd8b21ebd1b4011c8e968b0d8bf21870456caa4792970c08d2	46333	screening-v1/batch-0166/input.md
9d1f5f1cfbd7ee7ea0c4d131572dbe7faa264c74a8921a7315cd0a433e9bfb6e	450	screening-v1/batch-0166/run.json
e3b0c44298fc1c149afbf4c8996fb92427ae41e4649b934ca495991b7852b855	0	screening-v1/batch-0166/stderr.txt
d2c78a545e32f0911bd2c76dbdd83468b9a3b1be5d9b9cce350f43402b49ed18	86	screening-v1/batch-0166/submit_screening
cac0c8cdbff6daef68d469f8162adb5cddfb1a2e6a76ec59870ca9718fe60da3	8527	screening-v1/batch-0166/trace.jsonl
647e12aa2ace5c95ea0e326f3fdbb4547ca0a5833c767e686d096981e3c38465	5268	screening-v1/batch-0167/batch.json
82e8a2d0c58dad1c80c16fcd5c1eb986423658ad3e4762a6b35a4cfa73ab01a9	4091	screening-v1/batch-0167/decisions.jsonl
67e1405cca3676492de054f7a4efaab8b1b443f6ee82a04a74b4d9d782548c5d	89	screening-v1/batch-0167/final.txt
b70c34422b0e3421285e6087fa341aef8fb14aba849dd4d35d57b559c27eefb9	45806	screening-v1/batch-0167/input.md
059ba1fa8ae2fdbf2120bbc9ffe81d31ce48e4bd36b499933fc17630b9cc5b7d	450	screening-v1/batch-0167/run.json
e3b0c44298fc1c149afbf4c8996fb92427ae41e4649b934ca495991b7852b855	0	screening-v1/batch-0167/stderr.txt
d2c78a545e32f0911bd2c76dbdd83468b9a3b1be5d9b9cce350f43402b49ed18	86	screening-v1/batch-0167/submit_screening
c27d8102852e93d9d84fa0909b8cf1491ecefb484d2bf9c2a0db7b9245820363	8642	screening-v1/batch-0167/trace.jsonl
fdaf83f95b96cf60d22bf247292c2d617d3e1fb287948471d8d741dc78fb4909	5204	screening-v1/batch-0168/batch.json
bd20bd34662e50b9bcbd3f4a1f018ca700ed282fdbd41d9df9317a23b18e76b7	3701	screening-v1/batch-0168/decisions.jsonl
41c4f07a292062af7f979ee89f187936c09df5016404945200e28af0fe8dc0e3	67	screening-v1/batch-0168/final.txt
d56b351c2f307fc7b5bcf93187d4725b0c0c7a0d33367b328934d29912614cb8	45101	screening-v1/batch-0168/input.md
d699fdea686f87e468848fd50587f5112b6e8bdd4ecae7ee0f1079375866fb30	450	screening-v1/batch-0168/run.json
e3b0c44298fc1c149afbf4c8996fb92427ae41e4649b934ca495991b7852b855	0	screening-v1/batch-0168/stderr.txt
d2c78a545e32f0911bd2c76dbdd83468b9a3b1be5d9b9cce350f43402b49ed18	86	screening-v1/batch-0168/submit_screening
12c0260a738b9116009f0144afd8ac04702e067963eb0382081d0bff169ad65b	8253	screening-v1/batch-0168/trace.jsonl
d13b06bce258ca20e1b2f73d664045552e9d663ded927358d4dd4f2ea45b2008	6019	screening-v1/batch-0169/batch.json
1a2e49b86d790378c5b5ffb69ca1664ad8229776076f7c5bfbf218c2181fed61	3502	screening-v1/batch-0169/decisions.jsonl
a3e9c9b499170187592ce1a648caffbf205921ed424ab583bf1e142a3bfccc82	78	screening-v1/batch-0169/final.txt
a9aed96efc2fff3c52e0859f26c7e20ee41b42a4aa6cdd208999885615e98e6b	48645	screening-v1/batch-0169/input.md
b90e7e1daad002f39363c5cc1333faaf044d5c0437d57d1d80e3cf7b5e869bfe	450	screening-v1/batch-0169/run.json
e3b0c44298fc1c149afbf4c8996fb92427ae41e4649b934ca495991b7852b855	0	screening-v1/batch-0169/stderr.txt
d2c78a545e32f0911bd2c76dbdd83468b9a3b1be5d9b9cce350f43402b49ed18	86	screening-v1/batch-0169/submit_screening
2a497242e045e6a9ae606b6125e12a7dc778c926a73ecbe449099f0a95da45e4	8044	screening-v1/batch-0169/trace.jsonl
55a5c054e78bc4cf611b7682953c416d428a76a90eaf1b096365929ac6b69f64	5719	screening-v1/batch-0170/batch.json
098d6cc1e4598266ee703dd6f69adafd7fb9cad2f644fdff724fe551066b83c2	3534	screening-v1/batch-0170/decisions.jsonl
d2d159238b775a00db4b5fd135f20b4b892ed648fd8c60ba7d65800597ada474	66	screening-v1/batch-0170/final.txt
54c95cad802f13e7ca5dddae1d14fd58cbe770251d28fcc8b9fe5609fc225b5d	44776	screening-v1/batch-0170/input.md
eec9ed6b0986968773afa46fb898b4937da5bf0c711f09b6c699212e99516fc2	450	screening-v1/batch-0170/run.json
e3b0c44298fc1c149afbf4c8996fb92427ae41e4649b934ca495991b7852b855	0	screening-v1/batch-0170/stderr.txt
d2c78a545e32f0911bd2c76dbdd83468b9a3b1be5d9b9cce350f43402b49ed18	86	screening-v1/batch-0170/submit_screening
3ca37d37b0ddb7d5ee5dc8d2890e420999dc00fcfef9ba4313761ac999291520	7910	screening-v1/batch-0170/trace.jsonl
29c7a73afd7126290e8df782cf10531523933818f83567bf6d3943ceac1d0ab7	5301	screening-v1/batch-0171/batch.json
1c4bd999b689db897274e5459d6fc1c075d7c24e6c966639bfb7e107b0a7011b	3342	screening-v1/batch-0171/decisions.jsonl
03c66c24afaf535f80221feda52162c9f8e23371351bffcca3de3b2ad2887eee	85	screening-v1/batch-0171/final.txt
aa58602a087bb2275014db03fd3f03b7da061b4c55eaa72cf2cc8a538b05e6fb	45585	screening-v1/batch-0171/input.md
3ba484b2293dcbeb9c3d6a00c06d92722383c57246cdd593e6fc436f4a4f623f	450	screening-v1/batch-0171/run.json
e3b0c44298fc1c149afbf4c8996fb92427ae41e4649b934ca495991b7852b855	0	screening-v1/batch-0171/stderr.txt
d2c78a545e32f0911bd2c76dbdd83468b9a3b1be5d9b9cce350f43402b49ed18	86	screening-v1/batch-0171/submit_screening
a478a8783734fd72ebd32b3420ae836e3bcee615e4b864f867d71dd1fdc192a4	14068	screening-v1/batch-0171/trace.jsonl
43d7d48ef5a692b5ad3b53ac50ed3e3279f571fb19bdd29fefa15e9e749a7c25	5845	screening-v1/batch-0172/batch.json
a76a7d916ff468b87382590d535add64aaa151b89fc01630ec92b621706a3ed6	3636	screening-v1/batch-0172/decisions.jsonl
a3e9c9b499170187592ce1a648caffbf205921ed424ab583bf1e142a3bfccc82	78	screening-v1/batch-0172/final.txt
75552bd3d8a9d4413aef8ded445c1d6e9ab3b931945b0da6a01d155d33a54dc8	46330	screening-v1/batch-0172/input.md
1fd01f21505cbb69576cf72c2a1d44ba67071b74c688bb18bd94d21565fc5f66	450	screening-v1/batch-0172/run.json
e3b0c44298fc1c149afbf4c8996fb92427ae41e4649b934ca495991b7852b855	0	screening-v1/batch-0172/stderr.txt
d2c78a545e32f0911bd2c76dbdd83468b9a3b1be5d9b9cce350f43402b49ed18	86	screening-v1/batch-0172/submit_screening
848fe07c6bf69d23b7c5d3ec9b0f76271d87e0e156238424dbf786a798f31e19	8103	screening-v1/batch-0172/trace.jsonl
2fa2bd7a0707a62ddeea6017c46ec45382907fdc43b733be41e0d8cdb2fae23c	5732	screening-v1/batch-0173/batch.json
64a4eda8a9f28336abba600a33fe1442c824dfac8c6a56e80d84ac4044d58bba	3413	screening-v1/batch-0173/decisions.jsonl
7480c4c880742e949ebe4da762bf42a2ebbe46446454737f50b2dc59fd23a0f8	57	screening-v1/batch-0173/final.txt
b78c58e49fc76462823b2ff92eab01945b9e4b3fd107f1840a249c3a671fdb39	55970	screening-v1/batch-0173/input.md
ddbd3b50c3b4b20cdd02fb90f2e8a660bea491b78a16bd3d226d8783822820ad	450	screening-v1/batch-0173/run.json
e3b0c44298fc1c149afbf4c8996fb92427ae41e4649b934ca495991b7852b855	0	screening-v1/batch-0173/stderr.txt
d2c78a545e32f0911bd2c76dbdd83468b9a3b1be5d9b9cce350f43402b49ed18	86	screening-v1/batch-0173/submit_screening
5fa02dbb4eda5fae2be43f8d413b5bed79e47781630d3b0a1ee8fa03bea4680c	8160	screening-v1/batch-0173/trace.jsonl
800b2f861804a9677199da008ae9e958503ae1914d142f0c44bed62a51ca47d1	6041	screening-v1/batch-0174/batch.json
7ac02d9328905542609001870f27f5e67b230ff69a12844461ef745409ebb5bd	3612	screening-v1/batch-0174/decisions.jsonl
e4205f4ab1df30bb4a1bbad55b89a2946595b0272ce9e1a543854c324addcd57	44	screening-v1/batch-0174/final.txt
bcbc9c4b67ced99684518dd8bb840490a2ffa99dd1bd9da134180ee34144f286	61565	screening-v1/batch-0174/input.md
6925a7fa9a1e5d2f5d7343b575c0b231e8272961b016aad6496544de9b069bd2	450	screening-v1/batch-0174/run.json
e3b0c44298fc1c149afbf4c8996fb92427ae41e4649b934ca495991b7852b855	0	screening-v1/batch-0174/stderr.txt
d2c78a545e32f0911bd2c76dbdd83468b9a3b1be5d9b9cce350f43402b49ed18	86	screening-v1/batch-0174/submit_screening
314a522480a9160b459d91b6decf9e219c8a681e24410c3ce340aa90ce02b544	8527	screening-v1/batch-0174/trace.jsonl
856026efdf5b1af999eb33fdcf6375f7d0d07b250a4fc2f87050eed17b1d8293	5905	screening-v1/batch-0175/batch.json
51c0621a87f189bc25393992bcbb121362491dd7e65d2e2b14e2a1462b173caf	3391	screening-v1/batch-0175/decisions.jsonl
36dde2b7258b160d85ee16eaa355245af67075235e97a7e5c1384f2d39539b15	62	screening-v1/batch-0175/final.txt
f5f6f1de0070c6d8652f83c47182befb443666f12bd537176a0c17b92d061e29	49363	screening-v1/batch-0175/input.md
5d82093d3aeaf843736868d57d4a60ff6e29e7690a5a15aae12da30cf11b5fed	450	screening-v1/batch-0175/run.json
e3b0c44298fc1c149afbf4c8996fb92427ae41e4649b934ca495991b7852b855	0	screening-v1/batch-0175/stderr.txt
d2c78a545e32f0911bd2c76dbdd83468b9a3b1be5d9b9cce350f43402b49ed18	86	screening-v1/batch-0175/submit_screening
0e762733b5503ac2b2dab57f01de8f3744932a9be5fb4b9dc028c69294dbf7c3	8771	screening-v1/batch-0175/trace.jsonl
503d2550b37dc6add39a9af99d2fc6516f4f09616d4ce61c08ae83d8de46d63c	5482	screening-v1/batch-0176/batch.json
5e184e3333015acdee50837aa59d50a2c992fd75c7da46bbf018b3009dfc1472	3869	screening-v1/batch-0176/decisions.jsonl
6824e4acfd0c951221fbb12f834a1008062d205af70fb4ce9aa62434b59ac897	64	screening-v1/batch-0176/final.txt
c35cdf4491a864e85a68fbe0e56c5ce83167f265b5aff4e4b867d6b5025a32e4	48438	screening-v1/batch-0176/input.md
7eac8a1410655f6229871a7874ad2b3b786639d80195b2c8f24af4747ceb3558	450	screening-v1/batch-0176/run.json
e3b0c44298fc1c149afbf4c8996fb92427ae41e4649b934ca495991b7852b855	0	screening-v1/batch-0176/stderr.txt
d2c78a545e32f0911bd2c76dbdd83468b9a3b1be5d9b9cce350f43402b49ed18	86	screening-v1/batch-0176/submit_screening
0ab68c78a3ddf1b165e9a425fbe21917afa9361ff405d8c03cd5eff6e4bd1667	9079	screening-v1/batch-0176/trace.jsonl
369e36c1d421bc22bd5ea5f104e04817ad3ffc90be2804c8dde7e748af8eb044	5490	screening-v1/batch-0177/batch.json
cbc253850a3f76d3a35255e2d38b336bd45300de10fa911c4abacc62c5a65d67	3689	screening-v1/batch-0177/decisions.jsonl
057665454462b2baea8696ca9e229efd1855cef45a68f2d94ef320623d7dceca	79	screening-v1/batch-0177/final.txt
8793faaf95b4b9fe96443423b262715c6d6a89c1bbb07aae5667247517ad9b1c	56805	screening-v1/batch-0177/input.md
ae709e6f7cba7c87443aa4c69c1ed07d947995f906a7b9102d809f86c3667a3b	450	screening-v1/batch-0177/run.json
e3b0c44298fc1c149afbf4c8996fb92427ae41e4649b934ca495991b7852b855	0	screening-v1/batch-0177/stderr.txt
d2c78a545e32f0911bd2c76dbdd83468b9a3b1be5d9b9cce350f43402b49ed18	86	screening-v1/batch-0177/submit_screening
a64d4c90042f9bab7d72e8757a933848d551a052aa654ad86a90fc0e3d649aa1	8776	screening-v1/batch-0177/trace.jsonl
02a1469909147ba9d0f9f25ec54ee93ed1e9f6a9d26453636d89467a56539625	5514	screening-v1/batch-0178/batch.json
5471380780c7e48264917baae7d10434c2cf7a839af1641e353143c317be5367	3589	screening-v1/batch-0178/decisions.jsonl
d2d159238b775a00db4b5fd135f20b4b892ed648fd8c60ba7d65800597ada474	66	screening-v1/batch-0178/final.txt
1ef9df450eedeb142fe97d636fa47ec7e1a0b5163aa495fa1ed410500341abdd	45426	screening-v1/batch-0178/input.md
63e517056c16313d0775f92030380fee021f9749befcad871a4226a93c6458db	450	screening-v1/batch-0178/run.json
e3b0c44298fc1c149afbf4c8996fb92427ae41e4649b934ca495991b7852b855	0	screening-v1/batch-0178/stderr.txt
d2c78a545e32f0911bd2c76dbdd83468b9a3b1be5d9b9cce350f43402b49ed18	86	screening-v1/batch-0178/submit_screening
d174bf53cacfc9e607f4c08df8d21d1ea36474714234e94b6d3437afe403e984	8105	screening-v1/batch-0178/trace.jsonl
f1ec843da5c80841a7b36ab543704a5c4cb49ba40c94920b45887918524ffb8f	5683	screening-v1/batch-0179/batch.json
e06f692ff69e6576fb7d075fa4da6db354f0030222e400cbf08bb2ca4aa2039e	3642	screening-v1/batch-0179/decisions.jsonl
06c8a354437ec1e2a18c694d64366c99c1abe3674e810e8e610a5c7cbe15ed5d	44	screening-v1/batch-0179/final.txt
6d1de727629b440983ef3ac81e690c5c816777e26d2dcab974dcce121af92202	48575	screening-v1/batch-0179/input.md
0d5cfdd659db32162822cf7c81f5c8ac7a6c766edba097b37a307fac73869110	450	screening-v1/batch-0179/run.json
e3b0c44298fc1c149afbf4c8996fb92427ae41e4649b934ca495991b7852b855	0	screening-v1/batch-0179/stderr.txt
d2c78a545e32f0911bd2c76dbdd83468b9a3b1be5d9b9cce350f43402b49ed18	86	screening-v1/batch-0179/submit_screening
dc8bcfbb4197099aeb49ad82bd4faefc1d7f9997383f71b02de67b59dfb67ea8	8661	screening-v1/batch-0179/trace.jsonl
1b9ed996083d5d5fd019eb0a54377a006db4357e8b98981686d95400e480baa5	5855	screening-v1/batch-0180/batch.json
c83c480f6a3546208b0bd9ac0d1c65ca30aa9eda27d2c06ca4f170904d9e768a	3615	screening-v1/batch-0180/decisions.jsonl
20bdb07c3f1631ed4962fcbe880ea122458c716f71f1c57bdba36d1a36778751	55	screening-v1/batch-0180/final.txt
b2f3d244c41ca1789e17d70b02bdf279cb355cfb95e84d5f921381c45a6bdfef	48884	screening-v1/batch-0180/input.md
90494c47475254d8312736c4a36776ed47e9d45ce48f80beeb7063bdfa5b70fa	450	screening-v1/batch-0180/run.json
e3b0c44298fc1c149afbf4c8996fb92427ae41e4649b934ca495991b7852b855	0	screening-v1/batch-0180/stderr.txt
d2c78a545e32f0911bd2c76dbdd83468b9a3b1be5d9b9cce350f43402b49ed18	86	screening-v1/batch-0180/submit_screening
ee83d1a26edd0c9800320458f4b367413944e129ab02439f90f7a332d289d491	15259	screening-v1/batch-0180/trace.jsonl
e01d4ccbe23e4eb0fead0c5996b476424a177f1eff3740b29390319ebc72764b	5971	screening-v1/batch-0181/batch.json
e8afaf6cf203001fd95c8a877a023239a14efa99895086fd863bb4e17967a231	3557	screening-v1/batch-0181/decisions.jsonl
9312f2dff9a98dc29a1f1e809ccbd39ff195fcc03b705bb514208a3cf76bf65f	46	screening-v1/batch-0181/final.txt
854ac389f17bdafa604839edb76d9c8260e73543999f032290bb5569e441c633	48589	screening-v1/batch-0181/input.md
99f0f209a566de6a658202104ccbbfc626691fe49c92db342cd2451dd1fa1719	450	screening-v1/batch-0181/run.json
e3b0c44298fc1c149afbf4c8996fb92427ae41e4649b934ca495991b7852b855	0	screening-v1/batch-0181/stderr.txt
d2c78a545e32f0911bd2c76dbdd83468b9a3b1be5d9b9cce350f43402b49ed18	86	screening-v1/batch-0181/submit_screening
06ad0f8dac578ed6787769f9977d11bd6086afd637c8a6cdcbefe2167f3bacdf	14604	screening-v1/batch-0181/trace.jsonl
5313e86165af379241bd12afebe6f2b2b54f1fbb8dd0db676f84a9a39549a08d	5662	screening-v1/batch-0182/batch.json
33a4d3d40e3310485c2ef65d1ef3fa47c7687f2e9d1bdb970d032868f76a667d	3545	screening-v1/batch-0182/decisions.jsonl
6824e4acfd0c951221fbb12f834a1008062d205af70fb4ce9aa62434b59ac897	64	screening-v1/batch-0182/final.txt
f6a29aacf5102d33a34143c4ce3ef89f8269e542a33e71732a19a9727282be0b	48948	screening-v1/batch-0182/input.md
46356b6c8b8c64d8b5466b7f64669bfc8e1257a9a266630fcf3cb6d9612abcc1	450	screening-v1/batch-0182/run.json
e3b0c44298fc1c149afbf4c8996fb92427ae41e4649b934ca495991b7852b855	0	screening-v1/batch-0182/stderr.txt
d2c78a545e32f0911bd2c76dbdd83468b9a3b1be5d9b9cce350f43402b49ed18	86	screening-v1/batch-0182/submit_screening
611e4ebe2fc5e8fdd5c90e032f3128beeaf46ecfb97821901e55c29eb9f4af45	8110	screening-v1/batch-0182/trace.jsonl
2a55b6526fde430c359e9c368e1fef9180999cb213364e30b9146194c0ca433e	5856	screening-v1/batch-0183/batch.json
7b896114180dc735258899bd1553e66017a0d84cc6a4951b507b2a1a4b5f3889	3541	screening-v1/batch-0183/decisions.jsonl
f3decc9ff55615c9f40a70b8ac006775c2eb6b9d7fce4339e7c0045413c17da4	64	screening-v1/batch-0183/final.txt
3cbb0e3e9f28d377c030d426b7cf5291d2bfd5142f0c98ef11078d789f117a73	46246	screening-v1/batch-0183/input.md
c169228d20efd0e94ab5699d08ae08e0ae89a495927768642a17188a0c8c6da0	450	screening-v1/batch-0183/run.json
e3b0c44298fc1c149afbf4c8996fb92427ae41e4649b934ca495991b7852b855	0	screening-v1/batch-0183/stderr.txt
d2c78a545e32f0911bd2c76dbdd83468b9a3b1be5d9b9cce350f43402b49ed18	86	screening-v1/batch-0183/submit_screening
23826689b66edb9a91f2a1078b1bf55190ad1804d40a8d814c4df39c1b6625f3	8022	screening-v1/batch-0183/trace.jsonl
5d3cce4e256245781c57f42b3ba75bd2d021b6a4561f0d8279e24c0610411404	5715	screening-v1/batch-0184/batch.json
22ce0510cbb86ab3bce609132c888012602b5b3d4c11cb5569beb38e84465c70	3756	screening-v1/batch-0184/decisions.jsonl
56d763677cd7d08d0dc0a8d8fd9c64dae43eb94e007d072df3df06501fde3983	88	screening-v1/batch-0184/final.txt
6a0bdae2174d190769cfd33b622f45e54b5f35fc697355c8b6ac28b7f7418551	45129	screening-v1/batch-0184/input.md
0f02f695b70c3d19acb2cbc4bbdbb217a51947273ddd3c7efe6b41826e51ee83	450	screening-v1/batch-0184/run.json
e3b0c44298fc1c149afbf4c8996fb92427ae41e4649b934ca495991b7852b855	0	screening-v1/batch-0184/stderr.txt
d2c78a545e32f0911bd2c76dbdd83468b9a3b1be5d9b9cce350f43402b49ed18	86	screening-v1/batch-0184/submit_screening
49fe9b4612d5aee9632634d46f0008b2dd0ee8a14e7f14fd3d54f9822e31e20e	8944	screening-v1/batch-0184/trace.jsonl
9fe99c90cb44011f97ca0c1127c454e429b3d5ef46e9c8e49ebe329616c16606	5624	screening-v1/batch-0185/batch.json
0b3756d81fd18d14278fb7ffa1f7d6c64a966d32773f015e4866705a43d2409f	3680	screening-v1/batch-0185/decisions.jsonl
9312f2dff9a98dc29a1f1e809ccbd39ff195fcc03b705bb514208a3cf76bf65f	46	screening-v1/batch-0185/final.txt
6eb830ca85395bf8fa3b07a82e8d4bf1debc801f4ef5931f9fe704beff4d3c62	47361	screening-v1/batch-0185/input.md
7434f20944dbae0c0906aa10c0d9f4f2b7b559864d98d4cfbb51c00bd877279e	450	screening-v1/batch-0185/run.json
e3b0c44298fc1c149afbf4c8996fb92427ae41e4649b934ca495991b7852b855	0	screening-v1/batch-0185/stderr.txt
d2c78a545e32f0911bd2c76dbdd83468b9a3b1be5d9b9cce350f43402b49ed18	86	screening-v1/batch-0185/submit_screening
88283d26b987c33071dc3a2cb10df5ea9685dd9a27ae0de935b08c67ba5d9388	8675	screening-v1/batch-0185/trace.jsonl
b3bcfa1f33f5cba56dea7c2a195725b4aa90b95b42836f97f95b5f6b6ee56d42	5910	screening-v1/batch-0186/batch.json
8e336cb7aa9ea86bbdecb0e210cc7d461bb366cbea6596909a73e1a8af46d9a9	3874	screening-v1/batch-0186/decisions.jsonl
bbba3ee6cb5d7fd5d1a3d1056e846f45b1ac5a7b047632b1b30518928bb7ae96	76	screening-v1/batch-0186/final.txt
ed0e502d841ee7c4382b97b986af4eb31fcbe67645110f0284fc5e2b85243dbd	47907	screening-v1/batch-0186/input.md
d2bc693a155e394095d15e0570912a6be93e5fa017fd56a435c1c02b332fee03	450	screening-v1/batch-0186/run.json
e3b0c44298fc1c149afbf4c8996fb92427ae41e4649b934ca495991b7852b855	0	screening-v1/batch-0186/stderr.txt
d2c78a545e32f0911bd2c76dbdd83468b9a3b1be5d9b9cce350f43402b49ed18	86	screening-v1/batch-0186/submit_screening
735935d362a61fbd19429b0aab28cef25ef4f2e549f546d5026c5820bf6d66cd	9117	screening-v1/batch-0186/trace.jsonl
c0ef8ce170b7164f0aa389283ce94ef2c09240a22821bc682cca4394786751c7	5880	screening-v1/batch-0187/batch.json
2591a25ba8d817f68aaeb8f20da27bd8c5d2460cafff2c18c80bcb49dcf8b1ef	3535	screening-v1/batch-0187/decisions.jsonl
3f4a2dc23055ece6adc8f78e51ff19879c5f4cbbba89d75be27f172f164c74f7	78	screening-v1/batch-0187/final.txt
658de548ccc14155ba81e709bdde87ac2b1e955c32e491385765d07ac372c003	49748	screening-v1/batch-0187/input.md
aee46e06d01298dd239a35e1cc5ee4fd0660f766cacf44de385abe2fd6a01453	450	screening-v1/batch-0187/run.json
e3b0c44298fc1c149afbf4c8996fb92427ae41e4649b934ca495991b7852b855	0	screening-v1/batch-0187/stderr.txt
d2c78a545e32f0911bd2c76dbdd83468b9a3b1be5d9b9cce350f43402b49ed18	86	screening-v1/batch-0187/submit_screening
0220a45b5c57b70720f2c02bc665d3422f0fb34a03c08d0257d3a92769cac25f	8327	screening-v1/batch-0187/trace.jsonl
a0eebf84b112619b7d01e8680ee3fbef8b4da11f23fe8a23a494ce58572bc9a6	5797	screening-v1/batch-0188/batch.json
2304c8af4ff298a13f1d20615bdf1b6d95e84dc00f71798dcc64b188d21e4436	3680	screening-v1/batch-0188/decisions.jsonl
c0d4b687d0fb470e8855803f318e4befebf1dfa1426f01f6a7cb92cbdaaa3b6e	52	screening-v1/batch-0188/final.txt
b9d7119de844b9edf1b16e22e4546051fef740ed553dcc9da555d5f9e8ce5bd0	46834	screening-v1/batch-0188/input.md
e85c0fb18c82280c9bdb492af4e7c8c4928d2bcacd29d2aea6bc06f3f9e37ebe	450	screening-v1/batch-0188/run.json
e3b0c44298fc1c149afbf4c8996fb92427ae41e4649b934ca495991b7852b855	0	screening-v1/batch-0188/stderr.txt
d2c78a545e32f0911bd2c76dbdd83468b9a3b1be5d9b9cce350f43402b49ed18	86	screening-v1/batch-0188/submit_screening
fd68960fd3d4f9ecea4f4bcea3cde7da37d4a99bb226d4a24bc79fea6f39be99	8526	screening-v1/batch-0188/trace.jsonl
96931d31c703b261fa8b633bf1d30a60a79334e1cb1ee0607a268ef98a28c418	5809	screening-v1/batch-0189/batch.json
c6571a7abd5fb841f6cd0ba4533a77cde4d78fec7bad2a08e891d59f92326289	3696	screening-v1/batch-0189/decisions.jsonl
01da75f35c59f3599b00edb2a467cb0f97025f4318d73f3506ab8416bc9e981c	83	screening-v1/batch-0189/final.txt
035f6acbb174fe5dfc7fbe3afeeef1476d016c3fe0d25a45888bda7980b6aca4	42850	screening-v1/batch-0189/input.md
94ebdbe745f399ef0f00b373818070b00b9a0953dc6f1762274259a5a7f7e572	450	screening-v1/batch-0189/run.json
e3b0c44298fc1c149afbf4c8996fb92427ae41e4649b934ca495991b7852b855	0	screening-v1/batch-0189/stderr.txt
d2c78a545e32f0911bd2c76dbdd83468b9a3b1be5d9b9cce350f43402b49ed18	86	screening-v1/batch-0189/submit_screening
fc8a99689e3ec5dd512e5069bf80b243b66608888a6f8c46b382a668e9851a48	7978	screening-v1/batch-0189/trace.jsonl
b016a2600bbec7d636d348e90a8a96c453e39a89ae5a6e2497e3d8c55d4796ce	5519	screening-v1/batch-0190/batch.json
837fbf90a1958e0b453bd2d4bdf0d7328e4262b46adce2d5a4570a0f59f9cd58	3702	screening-v1/batch-0190/decisions.jsonl
4ffafa1cd5c9ef79654743ee07da5ca4f6ba643caf53bb0e37c5ccd84046abc4	72	screening-v1/batch-0190/final.txt
bb7d299585c99d021c58b66f3f55818e407785f1ed902ba2dbd5d8199e9b836f	49232	screening-v1/batch-0190/input.md
6e43ea211dca749290869da0060ab94eb72c52f56a5043b832a5dfe7ce3b5deb	450	screening-v1/batch-0190/run.json
e3b0c44298fc1c149afbf4c8996fb92427ae41e4649b934ca495991b7852b855	0	screening-v1/batch-0190/stderr.txt
d2c78a545e32f0911bd2c76dbdd83468b9a3b1be5d9b9cce350f43402b49ed18	86	screening-v1/batch-0190/submit_screening
4ad793a9a10d3f3d92a22b6b09318b5f498dc7cdedab801f2e7e763c7e8942ee	8456	screening-v1/batch-0190/trace.jsonl
69e289541428485ae35f7ccb80643a17e8188125a8a74512c2faf1447906c798	6025	screening-v1/batch-0191/batch.json
b009a65360607d1af2f9dd1021a6a8d2378912afad099255e76358da78c06316	3502	screening-v1/batch-0191/decisions.jsonl
ca5731caf5dbb937b2052a49bd6f81f90ac949d6374326ce9c8cf58f6eb820f4	83	screening-v1/batch-0191/final.txt
8ea69a61f49e3d105fafcc77a7b0b75c07d19a747d9af34816e5b1e5a7ff00f9	48338	screening-v1/batch-0191/input.md
f878aab2f3eae6f7cbcaa5910e018b5ab2c3b52b3598a72064c926b57444fe3e	450	screening-v1/batch-0191/run.json
e3b0c44298fc1c149afbf4c8996fb92427ae41e4649b934ca495991b7852b855	0	screening-v1/batch-0191/stderr.txt
d2c78a545e32f0911bd2c76dbdd83468b9a3b1be5d9b9cce350f43402b49ed18	86	screening-v1/batch-0191/submit_screening
84b7953016f1d1fa35df1debb5eb3e49e66c8e383e8572f939f8b2d28ce160e6	14367	screening-v1/batch-0191/trace.jsonl
b0b3eef820083f8f41141113fbc4b121c0d81bc4584643747f73cdfaee55d416	5736	screening-v1/batch-0192/batch.json
341fd4812d20c2c58916fef26709a4dfe169884ee9c88db70524da96133932b8	3869	screening-v1/batch-0192/decisions.jsonl
9312f2dff9a98dc29a1f1e809ccbd39ff195fcc03b705bb514208a3cf76bf65f	46	screening-v1/batch-0192/final.txt
83430dc57bec5a74fd0bd507974cbe0f539f3ba143bd130a52e29f773e74e018	51069	screening-v1/batch-0192/input.md
f5534f75bca352f7aef6aa1ae8e5b4b1105b53059ddd37c520e9384c989a3cdf	450	screening-v1/batch-0192/run.json
e3b0c44298fc1c149afbf4c8996fb92427ae41e4649b934ca495991b7852b855	0	screening-v1/batch-0192/stderr.txt
d2c78a545e32f0911bd2c76dbdd83468b9a3b1be5d9b9cce350f43402b49ed18	86	screening-v1/batch-0192/submit_screening
785590a0fff9ad0f4f32e1d48867ce942bb560fc55faac7bb8756e1a73bd7d33	8888	screening-v1/batch-0192/trace.jsonl
03f337366370d796dc9551659d09b092cef38b4134b6afd1e583208effb86653	5800	screening-v1/batch-0193/batch.json
3f8ca57742b14efb78291e9f89ca3b34f5d7130fdc00319c33f52a3bca747517	3701	screening-v1/batch-0193/decisions.jsonl
67e1405cca3676492de054f7a4efaab8b1b443f6ee82a04a74b4d9d782548c5d	89	screening-v1/batch-0193/final.txt
498334abccbed8317dcc9c45accb9e7db7773938db57c9bdee5d6c6a9dfeb8dd	47387	screening-v1/batch-0193/input.md
0543321d288b5dba3c6a9f91abad2aaf5c7a98feb7181bb897d8f4d8bed2e6de	450	screening-v1/batch-0193/run.json
e3b0c44298fc1c149afbf4c8996fb92427ae41e4649b934ca495991b7852b855	0	screening-v1/batch-0193/stderr.txt
d2c78a545e32f0911bd2c76dbdd83468b9a3b1be5d9b9cce350f43402b49ed18	86	screening-v1/batch-0193/submit_screening
4e809a0f57247992617b4fc4ffa801b59ffde936ac6c945c5a4a128abdf184ca	14760	screening-v1/batch-0193/trace.jsonl
dc65727495ed7fb515494d5d454b4678349def32110c807bbedc2f193336be99	5582	screening-v1/batch-0194/batch.json
426eea49445c1ef998e74e22972906cd4426c7ba787c143b2bf2d6278726c93e	3778	screening-v1/batch-0194/decisions.jsonl
01da75f35c59f3599b00edb2a467cb0f97025f4318d73f3506ab8416bc9e981c	83	screening-v1/batch-0194/final.txt
b2fb4f6eceb5b199c7b87d7f7deb59c455bb459de0658b1d152de3bb1348332b	47041	screening-v1/batch-0194/input.md
f9e439d1c9f5b353020bf9ccae0c6b8bc2e2e5ea5aa2bf5f94c27c9539cd76c3	450	screening-v1/batch-0194/run.json
e3b0c44298fc1c149afbf4c8996fb92427ae41e4649b934ca495991b7852b855	0	screening-v1/batch-0194/stderr.txt
d2c78a545e32f0911bd2c76dbdd83468b9a3b1be5d9b9cce350f43402b49ed18	86	screening-v1/batch-0194/submit_screening
99eb4e6ac5d52c8493edd14010a1f8fd7462937229ea756b7840538606a4e718	8666	screening-v1/batch-0194/trace.jsonl
4f00074b6cdd2c1eb44b423c15daebf559450213fee2b3b5fe0766719cad0367	5618	screening-v1/batch-0195/batch.json
21909b750a156d520c31389cb2a2a08c8e08a4b0f6aec64fe626200e8ad955e6	3300	screening-v1/batch-0195/decisions.jsonl
411b35c8bf9d9cd13e68997fd48646487931d80ebf47e3244393ddcdc5d120bd	90	screening-v1/batch-0195/final.txt
75de80fa7cb6544c256118b24337d775fceeb0633985712ede5b41c2ac4e8943	48969	screening-v1/batch-0195/input.md
57b9686d4529e5714b9f7bb0228d0ccadb522c4b7c7608f88d1550f471e2e62a	450	screening-v1/batch-0195/run.json
e3b0c44298fc1c149afbf4c8996fb92427ae41e4649b934ca495991b7852b855	0	screening-v1/batch-0195/stderr.txt
d2c78a545e32f0911bd2c76dbdd83468b9a3b1be5d9b9cce350f43402b49ed18	86	screening-v1/batch-0195/submit_screening
a66b99694a5d694592e641c4f4b0bab6d7dac39cdc0a93c396effb6ae087e5e5	7626	screening-v1/batch-0195/trace.jsonl
346c91c0450b1ddc6cc477c3e8471ec35abf78acb122e82b4288d2325f84c6b2	5515	screening-v1/batch-0196/batch.json
172f0c573e34b025ad9663b412b1551db090b9f0e170224e2be1663a52a74b42	3601	screening-v1/batch-0196/decisions.jsonl
6824e4acfd0c951221fbb12f834a1008062d205af70fb4ce9aa62434b59ac897	64	screening-v1/batch-0196/final.txt
8d4cec5f28ec512ee7e07115816239716fef05cfde7588dcf62ed2dc6b3579bf	47118	screening-v1/batch-0196/input.md
88b4b1d5b7444ce7fd7d94ce7400edf358fef664d2ea7c36c5dc72c1e2462e1c	450	screening-v1/batch-0196/run.json
e3b0c44298fc1c149afbf4c8996fb92427ae41e4649b934ca495991b7852b855	0	screening-v1/batch-0196/stderr.txt
d2c78a545e32f0911bd2c76dbdd83468b9a3b1be5d9b9cce350f43402b49ed18	86	screening-v1/batch-0196/submit_screening
7116bbe6d6339d6188677af2b2d69a861de04c36a8864ec4f0d940ecd266f5e6	8206	screening-v1/batch-0196/trace.jsonl
adc1bb555d88f8fdea1afbde309d6e837567e687a19f3803f8c44ae95eb23e73	5539	screening-v1/batch-0197/batch.json
849d125c2a7dae4b9c89b8ec1cc01af4e9df7ead7862ae04d2945d77ba3c5734	3345	screening-v1/batch-0197/decisions.jsonl
667e5b4eca1c228db10b29032ae2e7be94e69021f84ae4fbdc3a575bc184bc31	83	screening-v1/batch-0197/final.txt
c69af19db5d59cb0ad4465153bf4ad15a1e218a22294f816b5c61b41b7f43189	45077	screening-v1/batch-0197/input.md
5c13375b801cb5597f7c8786f466a6fb0a85af1dba3354c45e9e0f33ccf9cfc2	450	screening-v1/batch-0197/run.json
e3b0c44298fc1c149afbf4c8996fb92427ae41e4649b934ca495991b7852b855	0	screening-v1/batch-0197/stderr.txt
d2c78a545e32f0911bd2c76dbdd83468b9a3b1be5d9b9cce350f43402b49ed18	86	screening-v1/batch-0197/submit_screening
188ede52acf7aca9d089f296dcf49c121782ecfcf8676ecb0e8733393d260601	7884	screening-v1/batch-0197/trace.jsonl
85dbe8d5ef5182d73b61f6c03d484c8789b825c5c00e9307ce6ade5a0c1f8afe	5678	screening-v1/batch-0198/batch.json
6a33a4d943e1573654c26927dcae7b1a976a95b09e7b192c0da844d662f2107d	3465	screening-v1/batch-0198/decisions.jsonl
8363b9f1f335db3f8d1283d05dd60734590341d1381a0816ebf7eabe658923be	76	screening-v1/batch-0198/final.txt
b8befec11b0e94524faf95fa60d930ab58ace1eda203046151c498fec5739f2b	46969	screening-v1/batch-0198/input.md
50188f39c6dd1e49d2a90346bbffcd142f95a946cacb73b9a97afaa343574017	450	screening-v1/batch-0198/run.json
e3b0c44298fc1c149afbf4c8996fb92427ae41e4649b934ca495991b7852b855	0	screening-v1/batch-0198/stderr.txt
d2c78a545e32f0911bd2c76dbdd83468b9a3b1be5d9b9cce350f43402b49ed18	86	screening-v1/batch-0198/submit_screening
61a4a00b0be56842eb5c14c1f88b5f7642c7ec8e677b7d4f8cc6b25816f0b907	7920	screening-v1/batch-0198/trace.jsonl
0df42ca22648f5041858026d5093b9874f838f02b4271c9c934ee46f7d05e5ea	5555	screening-v1/batch-0199/batch.json
625f9917273dc440743eaf1d79b7bf7a878041a362dc5b52891c06b8f9801843	3894	screening-v1/batch-0199/decisions.jsonl
e5c26e8a32e0d0e005e62dcaf8221b9b506e599d2360fb679244b7c3f3e1fcaf	58	screening-v1/batch-0199/final.txt
07b3f58213ac1993bb66d4f73d8c599a7400b39e0f7b6df4b58680bdab141a7e	45934	screening-v1/batch-0199/input.md
b6b2cfdb9d66bf2250cfd76476a3b27d08f51a68473c4e5bd2f4a9db09286abf	450	screening-v1/batch-0199/run.json
e3b0c44298fc1c149afbf4c8996fb92427ae41e4649b934ca495991b7852b855	0	screening-v1/batch-0199/stderr.txt
d2c78a545e32f0911bd2c76dbdd83468b9a3b1be5d9b9cce350f43402b49ed18	86	screening-v1/batch-0199/submit_screening
a00df3ff6f89572d4d3ad655753304c5e7c4ebcc39002dabbe9f3d9d08c01e9f	8870	screening-v1/batch-0199/trace.jsonl
cc5d7b419c85c8fb32c69916d0ccf1dd1963e79e27a793c5c00dcaade9d35740	5795	screening-v1/batch-0200/batch.json
a65b05ed447af97dcd9ce735b19b77a9326d80383c1fc40661bd8fb153c99e5e	3777	screening-v1/batch-0200/decisions.jsonl
12bfc04b481060e14e256636c30ee7d70d6d1060b4debc9519c541a6666ade00	55	screening-v1/batch-0200/final.txt
e571f0475f3621b1f85c1454bb3d2774dcc86cc28d949021e1aff76a3c3005cd	47855	screening-v1/batch-0200/input.md
f70d8719cee49821e01e479ae28ddda053fb2ac7003633817c2c1cb657ed85e2	450	screening-v1/batch-0200/run.json
e3b0c44298fc1c149afbf4c8996fb92427ae41e4649b934ca495991b7852b855	0	screening-v1/batch-0200/stderr.txt
d2c78a545e32f0911bd2c76dbdd83468b9a3b1be5d9b9cce350f43402b49ed18	86	screening-v1/batch-0200/submit_screening
2af8f6cf2b5f2dfa5c4547d1db36e6e69bd088fb8fecab976e3790d8f54117e7	8395	screening-v1/batch-0200/trace.jsonl
3ece2c38852ae58025ed0e6e3db9a824b710e7f554389e3978d98a4049f11a64	5756	screening-v1/batch-0201/batch.json
bad3ed6f4cdb76cf2437e5fbb623ed8ff8482f29734a6b8f4e3bf5118b0ab208	3698	screening-v1/batch-0201/decisions.jsonl
6824e4acfd0c951221fbb12f834a1008062d205af70fb4ce9aa62434b59ac897	64	screening-v1/batch-0201/final.txt
e83e9569e26ee150342947487baa5542dacae05f5347f6158289d5cbf18ae201	50563	screening-v1/batch-0201/input.md
669617a83c75a8686967089c24e740de9c43ce8913596973ad8ad1c3ec840d93	450	screening-v1/batch-0201/run.json
e3b0c44298fc1c149afbf4c8996fb92427ae41e4649b934ca495991b7852b855	0	screening-v1/batch-0201/stderr.txt
d2c78a545e32f0911bd2c76dbdd83468b9a3b1be5d9b9cce350f43402b49ed18	86	screening-v1/batch-0201/submit_screening
20e9f689394d07457ce02b474780b03860eee6156dbfd3d82bf50cb51427615d	8239	screening-v1/batch-0201/trace.jsonl
67264264f3c77451088d519e92d01c992a2c54ec958eb6b4e67cf38cc847c561	5828	screening-v1/batch-0202/batch.json
cc697e3a2f385e96162e4fdaeebc2e6860f2fafc9c1af24dc17b376cc58c9a3f	3889	screening-v1/batch-0202/decisions.jsonl
3abafc24c9bc9cf1942571fe4fc18893613de6f4a5e081c3fa988dd5afb8c1dc	89	screening-v1/batch-0202/final.txt
3db9f5737692a0bd040ff1e48afaf8c165276dfe7ed12d148f91837538f94129	45966	screening-v1/batch-0202/input.md
1eccee93dd1d241ec57030ecb191aa07929616117de000f0cbdbfca5654d43dd	450	screening-v1/batch-0202/run.json
e3b0c44298fc1c149afbf4c8996fb92427ae41e4649b934ca495991b7852b855	0	screening-v1/batch-0202/stderr.txt
d2c78a545e32f0911bd2c76dbdd83468b9a3b1be5d9b9cce350f43402b49ed18	86	screening-v1/batch-0202/submit_screening
7e9ed858f4b602116d117024374f5f049afffe185bf9974337cef38ca54dafdb	15614	screening-v1/batch-0202/trace.jsonl
1d316c8bcf51d4bc59fa67ea271e23fcf0efbe615d7973db75d7eb7025398bf5	5730	screening-v1/batch-0203/batch.json
3d4d231009bac3ed89ba78a7714c2a9c12c45e857cf5d5fac61a9279fc12c226	3683	screening-v1/batch-0203/decisions.jsonl
12bfc04b481060e14e256636c30ee7d70d6d1060b4debc9519c541a6666ade00	55	screening-v1/batch-0203/final.txt
c983ed98b6c8309c8f41d803c4b3a57e869e886491cad6fdab7d6082af6f5d95	45668	screening-v1/batch-0203/input.md
d15988763122f5f1969058f7dca059e5ec0ed2faf862ad6fa4300ff1849b35a6	450	screening-v1/batch-0203/run.json
e3b0c44298fc1c149afbf4c8996fb92427ae41e4649b934ca495991b7852b855	0	screening-v1/batch-0203/stderr.txt
d2c78a545e32f0911bd2c76dbdd83468b9a3b1be5d9b9cce350f43402b49ed18	86	screening-v1/batch-0203/submit_screening
ac2af06f4140ec3b105857bcd65970f1f8871f9acf8b028aa41ec20a01005575	8527	screening-v1/batch-0203/trace.jsonl
8e420255541fbc658c89311b0e4fb8634a2895e5ee6f39dd917da1aa18f78ce4	5672	screening-v1/batch-0204/batch.json
81e6c0db7c4a8af51aa06c97278f70c6e30c62e9688b1b314a57ba202c0d7b87	3775	screening-v1/batch-0204/decisions.jsonl
6824e4acfd0c951221fbb12f834a1008062d205af70fb4ce9aa62434b59ac897	64	screening-v1/batch-0204/final.txt
7c4661ddf0c765f9bc74477f16b08d6ab3dd7a845e89b73bc31fc0388afcb4ab	48047	screening-v1/batch-0204/input.md
c48c80f955b696d15ec0385c0926c4c3cde2c7843c6ad514e3f18f77887ba340	450	screening-v1/batch-0204/run.json
e3b0c44298fc1c149afbf4c8996fb92427ae41e4649b934ca495991b7852b855	0	screening-v1/batch-0204/stderr.txt
d2c78a545e32f0911bd2c76dbdd83468b9a3b1be5d9b9cce350f43402b49ed18	86	screening-v1/batch-0204/submit_screening
d49d37e80ae82304d9030889d29f8646158196f01c88600dcb9a8451e6bb6224	14890	screening-v1/batch-0204/trace.jsonl
2e44e8d7fb14b69824ccc44a657f801e2ea55e66348f414ed5ea1fbbeb3c0097	5611	screening-v1/batch-0205/batch.json
cacb28b316c23ab124d937ffc3e5bcb1da2f36c90cf0ed4abd289ea410c5b368	3481	screening-v1/batch-0205/decisions.jsonl
67e1405cca3676492de054f7a4efaab8b1b443f6ee82a04a74b4d9d782548c5d	89	screening-v1/batch-0205/final.txt
8a2447bac1e886ddbe32946e81ae239e769ec50bc82704b78edd4fa535e1ef9b	47580	screening-v1/batch-0205/input.md
8ac07a626f54c14abc8de1fe55c15ca060f9d977c1af58645b05752f58c5d599	450	screening-v1/batch-0205/run.json
e3b0c44298fc1c149afbf4c8996fb92427ae41e4649b934ca495991b7852b855	0	screening-v1/batch-0205/stderr.txt
d2c78a545e32f0911bd2c76dbdd83468b9a3b1be5d9b9cce350f43402b49ed18	86	screening-v1/batch-0205/submit_screening
a9b31a97ce482625fe6fa58c90f883abb16dfd951b7abc42a7a4e706f9c251cc	7768	screening-v1/batch-0205/trace.jsonl
487fb73c0fcb59900e7b99b69a30f38d6c7f3cbbc5c9c03b7dff40fe0aa9e04b	5524	screening-v1/batch-0206/batch.json
e0b28373a6ec073a1ac6bfa0d55c95110ecfac1cb8907272449f927e8bb6fcc4	3653	screening-v1/batch-0206/decisions.jsonl
b52d2d9830fee9e6ab81789a2e295064c29de07e203f83292c3fc34b6843f58d	78	screening-v1/batch-0206/final.txt
c040a7fd5dc24c29af8176a80942d0bf13cb1c8af8bb9f2083354500dc1f6331	44721	screening-v1/batch-0206/input.md
bda00d341830143a49177ff9b638de71fd7abc7127a20c4cc172a7991f843015	450	screening-v1/batch-0206/run.json
e3b0c44298fc1c149afbf4c8996fb92427ae41e4649b934ca495991b7852b855	0	screening-v1/batch-0206/stderr.txt
d2c78a545e32f0911bd2c76dbdd83468b9a3b1be5d9b9cce350f43402b49ed18	86	screening-v1/batch-0206/submit_screening
561fc76a70dc6a25457cd47cb13c8049c223a368df09221b7a9d211d03647d2b	8383	screening-v1/batch-0206/trace.jsonl
bc13af1a8d8751ec645b4ca32f1132cfac5003fb2e8a6d77a4369d03f9b78319	5547	screening-v1/batch-0207/batch.json
3d25a2ed9a66b885f2e700b1e84f589c01887babeefec88bd0fff419d5809409	3856	screening-v1/batch-0207/decisions.jsonl
ec64984a79233d9b7c4ece8fd9ddc6c1e281c7074b9d41953ae62df60b61adb9	71	screening-v1/batch-0207/final.txt
784bf5d5131dce7e27b86f8cc487ffc9247bc9048697036d124163a61a5e98fe	51534	screening-v1/batch-0207/input.md
293768bc1f6125c312f8ea5730b7e091542eab443357961de472b715f9bae9c0	450	screening-v1/batch-0207/run.json
e3b0c44298fc1c149afbf4c8996fb92427ae41e4649b934ca495991b7852b855	0	screening-v1/batch-0207/stderr.txt
d2c78a545e32f0911bd2c76dbdd83468b9a3b1be5d9b9cce350f43402b49ed18	86	screening-v1/batch-0207/submit_screening
2a8c47c3f786700aab2d9fc65f6ebb96ee5a76910bf062eb1070359b0320faec	9042	screening-v1/batch-0207/trace.jsonl
661b1de26ebf608841e9bc9de19ce266a421e9a3c95d9d62994b84d31d14e7bd	5650	screening-v1/batch-0208/batch.json
105961f7800a40908140e1c9e23a35439a5dc95d682e21ac356141caff707d30	3504	screening-v1/batch-0208/decisions.jsonl
b52d2d9830fee9e6ab81789a2e295064c29de07e203f83292c3fc34b6843f58d	78	screening-v1/batch-0208/final.txt
7f0c70fae650ed229c3ee468453efd49784b3393e4a0b2ade29fcbbca85965c9	46141	screening-v1/batch-0208/input.md
1d375957382f20fef4703b0c12fa9ddca085c244a5fdecab9ddf0d802d953761	450	screening-v1/batch-0208/run.json
e3b0c44298fc1c149afbf4c8996fb92427ae41e4649b934ca495991b7852b855	0	screening-v1/batch-0208/stderr.txt
d2c78a545e32f0911bd2c76dbdd83468b9a3b1be5d9b9cce350f43402b49ed18	86	screening-v1/batch-0208/submit_screening
a28274e78738b9be3b855a09dd768b5414e5caf6443ef9a476cb7eaeba3ce149	8102	screening-v1/batch-0208/trace.jsonl
cebe4b716411cac10565cab5afb0b6265e9418a9caeaba64945a92f0524d36b4	5615	screening-v1/batch-0209/batch.json
590276569b537f98768e71979acc9a12cbd84f5bcd38fb7e0747f71f6db71ac3	3413	screening-v1/batch-0209/decisions.jsonl
b8c44f6fdf21bc697005fcc1356e064ff29fb23749313057287d5419e21f5a00	82	screening-v1/batch-0209/final.txt
85ea8a504143e76df3114f6ddfd8fcdb677b076d62d4d3208463740e4c73a69c	41214	screening-v1/batch-0209/input.md
6193e395ef45a995ae9c7c13a9735e0aa68c8274f411a5f366dcb1e89dd8a24a	450	screening-v1/batch-0209/run.json
e3b0c44298fc1c149afbf4c8996fb92427ae41e4649b934ca495991b7852b855	0	screening-v1/batch-0209/stderr.txt
d2c78a545e32f0911bd2c76dbdd83468b9a3b1be5d9b9cce350f43402b49ed18	86	screening-v1/batch-0209/submit_screening
400a1d533281465faff255be185517efcb574a884300e0282dc2dfc0eba57ca9	7707	screening-v1/batch-0209/trace.jsonl
702be6e9e45447b8154e6115990c283cec9556ed7fbb2d0cf7f66c2110153555	5724	screening-v1/batch-0210/batch.json
8c42ae91f496a62cf726ce0a64730f8633a84f379dd50d4bbbafe79efb04d279	3612	screening-v1/batch-0210/decisions.jsonl
23a75b1ba4f65b54f62e596d1d6cdcf5f10199bb7d17da6ac2a15905a894247e	78	screening-v1/batch-0210/final.txt
7ade56b89fb4018fcb8a76ad7dfd2af214eaa3c87602e0dc3fef9d5b91c1498d	43722	screening-v1/batch-0210/input.md
cc5a5f037cfe1fe319ce63cd947213a711c071e213c0e9569ecb9870ccf29eb9	450	screening-v1/batch-0210/run.json
e3b0c44298fc1c149afbf4c8996fb92427ae41e4649b934ca495991b7852b855	0	screening-v1/batch-0210/stderr.txt
d2c78a545e32f0911bd2c76dbdd83468b9a3b1be5d9b9cce350f43402b49ed18	86	screening-v1/batch-0210/submit_screening
63979a9587b7960d983d63468df6443b157fe4b33df630d4e7e547d5d47412b8	8409	screening-v1/batch-0210/trace.jsonl
58075d36c60329ad4eb093ca606cd791b3112f8e99638f021cf129fe97ce2cdd	5770	screening-v1/batch-0211/batch.json
76a77ebed0c4f90d61086f39f9207d7a8527fdcfdd6a7a47371a4f38ea75508c	3656	screening-v1/batch-0211/decisions.jsonl
b8c44f6fdf21bc697005fcc1356e064ff29fb23749313057287d5419e21f5a00	82	screening-v1/batch-0211/final.txt
62e931c8b93bbe547058f63797a725b89c0faaf0e8097560d973118244ed8923	41742	screening-v1/batch-0211/input.md
3d4bfcb60eeeb97db797a8cd2cc5eba9d90ee5114290b64bd4a0dc6f4380fb1e	450	screening-v1/batch-0211/run.json
e3b0c44298fc1c149afbf4c8996fb92427ae41e4649b934ca495991b7852b855	0	screening-v1/batch-0211/stderr.txt
d2c78a545e32f0911bd2c76dbdd83468b9a3b1be5d9b9cce350f43402b49ed18	86	screening-v1/batch-0211/submit_screening
c9a2f2ba35a93ec2886daac2f9019c6eff7eab9c708f7ef1cb73f558d9fc856b	14701	screening-v1/batch-0211/trace.jsonl
676ffb9f93f06e313722fe49cc8c1317d54d5438206f566ac34729b6fb26e7f3	5800	screening-v1/batch-0212/batch.json
ad36b4095e20d2a9fe2cca933b9a98945d5cf185ebbaf625ea0c67f5e18df99d	3495	screening-v1/batch-0212/decisions.jsonl
660c77ce3be670bd3345dfa8e90ef6a08eb10783dc93c444ecbf5de0cbecd144	73	screening-v1/batch-0212/final.txt
dbe285244b19e30c7e488315a0dee2120e23b54bfa3ed9382737b872493bad13	49299	screening-v1/batch-0212/input.md
7f1858252174b53f64981596036687b1fd83db685eeeb18b99f01347de40025d	450	screening-v1/batch-0212/run.json
e3b0c44298fc1c149afbf4c8996fb92427ae41e4649b934ca495991b7852b855	0	screening-v1/batch-0212/stderr.txt
d2c78a545e32f0911bd2c76dbdd83468b9a3b1be5d9b9cce350f43402b49ed18	86	screening-v1/batch-0212/submit_screening
2071308554eef79b494711b22d6a4480c6aaa52898883ed049af53ff744360be	7856	screening-v1/batch-0212/trace.jsonl
d314395466737f15581e047f63b5979ad1273a4eb2646d8870f63b983af60389	5755	screening-v1/batch-0213/batch.json
6a0a80f3f229c834288c328041e18d97c9796da79f2f298424b694b298044dce	3670	screening-v1/batch-0213/decisions.jsonl
5bb66b4b9c4e1cb8c1f3d6534b78ce8ad1b477ec832cecbc06488faaa0094d9c	58	screening-v1/batch-0213/final.txt
932fd623bb4641270ed7037651d7cc4a132a98294fc7ab0c18b690ae223bda12	47386	screening-v1/batch-0213/input.md
917b9e98c10fe46065c21afe8bfee5ae4d925cef80fa5399a4c55cf5d751d981	450	screening-v1/batch-0213/run.json
e3b0c44298fc1c149afbf4c8996fb92427ae41e4649b934ca495991b7852b855	0	screening-v1/batch-0213/stderr.txt
d2c78a545e32f0911bd2c76dbdd83468b9a3b1be5d9b9cce350f43402b49ed18	86	screening-v1/batch-0213/submit_screening
de82f573ec405e01fd35e09a58adf21ce1355f6794a153bdaf31270170cf73a6	8830	screening-v1/batch-0213/trace.jsonl
8808013df7697d464d6a10100576d13137609090df2f48eaffec86e507afffc7	5483	screening-v1/batch-0214/batch.json
d251d7b2d5fe05379cb2572e4dd53234940de3b1dcf3fd21f0323d1485622887	3458	screening-v1/batch-0214/decisions.jsonl
23a75b1ba4f65b54f62e596d1d6cdcf5f10199bb7d17da6ac2a15905a894247e	78	screening-v1/batch-0214/final.txt
baccf320f4dd713deb023824c8252f04fc9a1b73ade17bc973fa434f8de1f17f	47120	screening-v1/batch-0214/input.md
ac037090ee9734f204a03083b74270b18175b6c11dcc235169b159520387cdb5	450	screening-v1/batch-0214/run.json
e3b0c44298fc1c149afbf4c8996fb92427ae41e4649b934ca495991b7852b855	0	screening-v1/batch-0214/stderr.txt
d2c78a545e32f0911bd2c76dbdd83468b9a3b1be5d9b9cce350f43402b49ed18	86	screening-v1/batch-0214/submit_screening
b143bc81f63c695341e937d52d7a062191329f3be3a49ef8b5487b3382430bb5	8106	screening-v1/batch-0214/trace.jsonl
10cbd500cde9197825a263cc128d68cd8e05c45f9f25642019cfaba58bab09c2	5788	screening-v1/batch-0215/batch.json
25c73b50d3566046e2c30812e5ceaad0095697fd1b3d76f17871ba301b0c54ee	3808	screening-v1/batch-0215/decisions.jsonl
d2d159238b775a00db4b5fd135f20b4b892ed648fd8c60ba7d65800597ada474	66	screening-v1/batch-0215/final.txt
e6c026db6922f35d2b9c756c845647a489a82f3b25558a0cf83182c9a2d92fea	54404	screening-v1/batch-0215/input.md
a62abda5f8a1bd1cd525a768c1bbf14ec428615a9b8af634f06eeeb664aafc0b	450	screening-v1/batch-0215/run.json
e3b0c44298fc1c149afbf4c8996fb92427ae41e4649b934ca495991b7852b855	0	screening-v1/batch-0215/stderr.txt
d2c78a545e32f0911bd2c76dbdd83468b9a3b1be5d9b9cce350f43402b49ed18	86	screening-v1/batch-0215/submit_screening
dfc9692c5060bac2ec976122910980d92f3aba3085155dd628e52de1751f8d1d	9152	screening-v1/batch-0215/trace.jsonl
0e2af2b0703312e76cbd0879ab97d13a6f3b2de70424f97fcfffa14266385046	5335	screening-v1/batch-0216/batch.json
ac03303b24ec4056a437a2fed5848d755c8697d6565c7e15b3b9e0d26635a807	3724	screening-v1/batch-0216/decisions.jsonl
6824e4acfd0c951221fbb12f834a1008062d205af70fb4ce9aa62434b59ac897	64	screening-v1/batch-0216/final.txt
c95f8ab8caedd2c190aec72208ccb58a6373f036bef041fd502ad0e4123b49e3	51556	screening-v1/batch-0216/input.md
c7fc3a6728fb4db29be33745f1d1945d28c57418d044ba4db5523ceb280ee1e5	450	screening-v1/batch-0216/run.json
e3b0c44298fc1c149afbf4c8996fb92427ae41e4649b934ca495991b7852b855	0	screening-v1/batch-0216/stderr.txt
d2c78a545e32f0911bd2c76dbdd83468b9a3b1be5d9b9cce350f43402b49ed18	86	screening-v1/batch-0216/submit_screening
9f14656e947f8a9ab6bb2a9d14c429a519f357acb8a030ec584b2108267995c4	8208	screening-v1/batch-0216/trace.jsonl
1c003c65ba82deac831c221edaaca2fdcf8387f2410476f157163e0528bc7489	5834	screening-v1/batch-0217/batch.json
c82dd4c54e7ff8449fa2ea6c686b482061089324f146f7cc1697374c72825b2d	3900	screening-v1/batch-0217/decisions.jsonl
998b5a47163ec1fd870e46a96776cba7af5f989a257cad735b45ed0d3f58a2d5	73	screening-v1/batch-0217/final.txt
46b9077b4e50b69999dd623e3b3fb28625d70fb82b15d76ee3240abb75428b68	48267	screening-v1/batch-0217/input.md
192a750fdcc0c0f6ab36635adaa2daf3de3371809a1de950ea00e93d081485c4	450	screening-v1/batch-0217/run.json
e3b0c44298fc1c149afbf4c8996fb92427ae41e4649b934ca495991b7852b855	0	screening-v1/batch-0217/stderr.txt
d2c78a545e32f0911bd2c76dbdd83468b9a3b1be5d9b9cce350f43402b49ed18	86	screening-v1/batch-0217/submit_screening
0a243bf0c3e0208380e96b3b5869baa11afdb43fbd25a55d434d4a0442e2c7c1	9140	screening-v1/batch-0217/trace.jsonl
cdb19debbb823c5b7168b3d9b089e0735bb12acaad5933730d72dda99832dd09	5719	screening-v1/batch-0218/batch.json
3201d873c429ea3d788ff14b951477da546f8c7c39c9485abea52da7e2fb42d8	3911	screening-v1/batch-0218/decisions.jsonl
e5c26e8a32e0d0e005e62dcaf8221b9b506e599d2360fb679244b7c3f3e1fcaf	58	screening-v1/batch-0218/final.txt
d5c9ab9a2ed7c82c4680a350337857573c8016dbc6c38ae4ff5eee1ceeea48ff	47298	screening-v1/batch-0218/input.md
8d784d426504ac0e933d7114a8a9ef091cf3eb505bece4c30efd9f9c44f3f735	450	screening-v1/batch-0218/run.json
e3b0c44298fc1c149afbf4c8996fb92427ae41e4649b934ca495991b7852b855	0	screening-v1/batch-0218/stderr.txt
d2c78a545e32f0911bd2c76dbdd83468b9a3b1be5d9b9cce350f43402b49ed18	86	screening-v1/batch-0218/submit_screening
33912309c8d5edd14a9b0bd95e973a351f5203df758a9184d87e8f1343650408	8869	screening-v1/batch-0218/trace.jsonl
049859a88c2981f96da59ea4f5ef1c593034b1d632be434ba4e0e0a3829d9eec	5870	screening-v1/batch-0219/batch.json
96ad92edbb66e7eb42daff35d2e922886b2ad6bded61e3ceeaaef033cc66a4ef	3619	screening-v1/batch-0219/decisions.jsonl
f5a27266bb0910fca907b1904c09287ce68e0dea75d743f62b73c5523e7b30c0	83	screening-v1/batch-0219/final.txt
52cb262ca0b5d34eefc9ee595d4efb90bca72e2613b7a4633388262892fa4c0b	47322	screening-v1/batch-0219/input.md
0a65e6ef9f8a121fdcf1d1bbd00a777d6c86d5d0f982a3dffbcb0ebc62b50ff1	450	screening-v1/batch-0219/run.json
e3b0c44298fc1c149afbf4c8996fb92427ae41e4649b934ca495991b7852b855	0	screening-v1/batch-0219/stderr.txt
d2c78a545e32f0911bd2c76dbdd83468b9a3b1be5d9b9cce350f43402b49ed18	86	screening-v1/batch-0219/submit_screening
cfdf0bd29245b3007371e6269ab764c8b60a11eb2fd5d52dbb25cdd457491bee	8630	screening-v1/batch-0219/trace.jsonl
473d1c17741d5c5e494f6ba0767eee3e2480c856ecc63e37be94740ac4c98c0e	5517	screening-v1/batch-0220/batch.json
b86110274ca242919853ca1c141871cd1476362c953ffebf825a32bb3585e122	3835	screening-v1/batch-0220/decisions.jsonl
2809cfc90156673e68c3ba157ef254cefe1524244b4839b9679b441a61ddc94e	80	screening-v1/batch-0220/final.txt
13040a00091092fc311a44941319720f2decca0bcc9480bd2d01d907987e70a7	44835	screening-v1/batch-0220/input.md
1744055c1f42d46eba0824721ab318a8b1339d07ad40c564094d1968e309db12	450	screening-v1/batch-0220/run.json
e3b0c44298fc1c149afbf4c8996fb92427ae41e4649b934ca495991b7852b855	0	screening-v1/batch-0220/stderr.txt
d2c78a545e32f0911bd2c76dbdd83468b9a3b1be5d9b9cce350f43402b49ed18	86	screening-v1/batch-0220/submit_screening
3b779d6470dc6171eddf7e2928d297fa7c339e6761b982f73d074149778d20ab	8712	screening-v1/batch-0220/trace.jsonl
b4382c3403a75439759b5bc194cb5ccfd992c5c736221910a45c17cbc4be58b4	5412	screening-v1/batch-0221/batch.json
47dcddae73af9b3e7f62242a1bdc097affd85a564f0061a1a3b5dee8b5b6e6f1	3417	screening-v1/batch-0221/decisions.jsonl
cf0c22cb98a8d7b0198b01c6418fa27c48963c506029294b047c29cbac487a69	77	screening-v1/batch-0221/final.txt
5af5a442b5b589fb99ed37e6227289fa0a293198af28477e00467ecf4c055ad3	50679	screening-v1/batch-0221/input.md
a6a7d27b7b412bd2228cd1d36fde4a112612c3eb9ef4aac73cdebcc6e15db0cd	450	screening-v1/batch-0221/run.json
e3b0c44298fc1c149afbf4c8996fb92427ae41e4649b934ca495991b7852b855	0	screening-v1/batch-0221/stderr.txt
d2c78a545e32f0911bd2c76dbdd83468b9a3b1be5d9b9cce350f43402b49ed18	86	screening-v1/batch-0221/submit_screening
47d48601fffc6a05a9b4b57883e1e0f5189c0ec9276be4272f4b95d0d1d4bd92	7964	screening-v1/batch-0221/trace.jsonl
391eed1e88c0beac906cba89fa98e8e5e084470f884eb0cd7adec09136da88ed	5670	screening-v1/batch-0222/batch.json
027b64de47263c5a423451a0dcb26ab24918dbe9557998e6451bd9d34da48033	3862	screening-v1/batch-0222/decisions.jsonl
67e1405cca3676492de054f7a4efaab8b1b443f6ee82a04a74b4d9d782548c5d	89	screening-v1/batch-0222/final.txt
2525db6af1306f6fa1abfb90fa0181b2268f147c914814548e9fbf4b3fde5612	50917	screening-v1/batch-0222/input.md
f0a56a0e64c3e9340fa08b2cc19a7f58246d1b7289e5783e2d024ca9e79dd41b	450	screening-v1/batch-0222/run.json
e3b0c44298fc1c149afbf4c8996fb92427ae41e4649b934ca495991b7852b855	0	screening-v1/batch-0222/stderr.txt
d2c78a545e32f0911bd2c76dbdd83468b9a3b1be5d9b9cce350f43402b49ed18	86	screening-v1/batch-0222/submit_screening
bd938ea65766063f34e9874f52c4fb962f8ebd8eac77e23bbd9889df2fae6386	8776	screening-v1/batch-0222/trace.jsonl
fb8f54fa875d56cc4d3ecd9e7f990b7f7a6d2d543f3941f6c37de77664d29f4e	5819	screening-v1/batch-0223/batch.json
aa509267d40a90cd0268735114810f7b1c4f77f83603e1df82360c010e0c5bfe	3444	screening-v1/batch-0223/decisions.jsonl
f0b2c64c760501553b11c3ffcfe0336531c943c17a554e4f72672a6d79f989ba	74	screening-v1/batch-0223/final.txt
3478763e187a26c451fc327921c419d48e5fd34090e72ece20ea87ea401585bc	47011	screening-v1/batch-0223/input.md
cb3622505cfd3613cf66a0535905728726e716b34808eac683c60934a76c1675	450	screening-v1/batch-0223/run.json
e3b0c44298fc1c149afbf4c8996fb92427ae41e4649b934ca495991b7852b855	0	screening-v1/batch-0223/stderr.txt
d2c78a545e32f0911bd2c76dbdd83468b9a3b1be5d9b9cce350f43402b49ed18	86	screening-v1/batch-0223/submit_screening
f8f64fd8923d27547331fd7158f9b49c12165abdf9bf69c7d64f53ee90b8bae0	8248	screening-v1/batch-0223/trace.jsonl
95725685a9ddb30a7fea1c254a6114161338cccb902295e27ab623b6b678eaab	5638	screening-v1/batch-0224/batch.json
21c7c3ba08de3d1a8f6d4f071c71fc287f69224fb6f308678b462626e19cb7e2	3486	screening-v1/batch-0224/decisions.jsonl
67e1405cca3676492de054f7a4efaab8b1b443f6ee82a04a74b4d9d782548c5d	89	screening-v1/batch-0224/final.txt
f089b9f0f6d49ce62a967a72402572c924ca74ee62396d1d5a49fa1499eee845	48867	screening-v1/batch-0224/input.md
2b6756b80339ff959fd994756d55cf4c1973b4b3ebd1d57834033a9bdd2cc92f	450	screening-v1/batch-0224/run.json
e3b0c44298fc1c149afbf4c8996fb92427ae41e4649b934ca495991b7852b855	0	screening-v1/batch-0224/stderr.txt
d2c78a545e32f0911bd2c76dbdd83468b9a3b1be5d9b9cce350f43402b49ed18	86	screening-v1/batch-0224/submit_screening
661e38b51dd522589c83c0058bb477ff4823b845c768baf6db8a04cbb670a0d0	8018	screening-v1/batch-0224/trace.jsonl
78f0720050015b879ab0ab9d4eb7155f6daa2e1f5f4cf5a8cd490a3a39994a83	5618	screening-v1/batch-0225/batch.json
e9f82bce68c82bbc1224753af660392f5f919be073d75ebde3286096c86b09d3	4149	screening-v1/batch-0225/decisions.jsonl
23a75b1ba4f65b54f62e596d1d6cdcf5f10199bb7d17da6ac2a15905a894247e	78	screening-v1/batch-0225/final.txt
21f32917c2fc9a8f461b317dd3df617a0a47be15d6c58fa72acdaee091973d45	44935	screening-v1/batch-0225/input.md
0bf6e6f8be6718014598b82f48f58e838ed6687181f3554c922d238434c3726f	450	screening-v1/batch-0225/run.json
e3b0c44298fc1c149afbf4c8996fb92427ae41e4649b934ca495991b7852b855	0	screening-v1/batch-0225/stderr.txt
d2c78a545e32f0911bd2c76dbdd83468b9a3b1be5d9b9cce350f43402b49ed18	86	screening-v1/batch-0225/submit_screening
df86907d08a48ec5e3c502a9ece3fb061a27295b9980cbad6bf0bcc85a4649c0	15659	screening-v1/batch-0225/trace.jsonl
ffa10701ce47c24ebeb32a1edbf184e2be8a54ab6070091ce3d48b2574aa92e2	5839	screening-v1/batch-0226/batch.json
c1ae65f22c340b5bb59187802b3400444cc2e55817af6fd63f493377b0aab338	3811	screening-v1/batch-0226/decisions.jsonl
d7da3a0e78e764d2fcdc93fd2db39c83ebb4d2aa6a176a5e62df806a8badb9a3	85	screening-v1/batch-0226/final.txt
c5124408bb47d119746b890daf478be647ed374c2da5e9c43f0db6e444e487a9	48505	screening-v1/batch-0226/input.md
9ae8c292205f7df9774a9caf977eb1018ae2e515aaa987b69c7a0496f794b10e	450	screening-v1/batch-0226/run.json
e3b0c44298fc1c149afbf4c8996fb92427ae41e4649b934ca495991b7852b855	0	screening-v1/batch-0226/stderr.txt
d2c78a545e32f0911bd2c76dbdd83468b9a3b1be5d9b9cce350f43402b49ed18	86	screening-v1/batch-0226/submit_screening
7e6c99cf9de98a5d925c81348b59f402e797379edde14cce556fd0cd706cdad9	14995	screening-v1/batch-0226/trace.jsonl
985ba85571092ff6b702da86f1fdee868c0fa74d6c85f82c9b4be9d9e10291be	5682	screening-v1/batch-0227/batch.json
ae5c42172f3c4fdb06e80b66384954619173fbe4d08af4067f36525d9e0a4954	3356	screening-v1/batch-0227/decisions.jsonl
057665454462b2baea8696ca9e229efd1855cef45a68f2d94ef320623d7dceca	79	screening-v1/batch-0227/final.txt
796ae11584feb06108e242230c915ceea03cdd523976867467b54a71cbb5e70d	44351	screening-v1/batch-0227/input.md
56d447581b07e96b7161e53000c70701c99dac44da50194ecd013e767c85a49c	450	screening-v1/batch-0227/run.json
e3b0c44298fc1c149afbf4c8996fb92427ae41e4649b934ca495991b7852b855	0	screening-v1/batch-0227/stderr.txt
d2c78a545e32f0911bd2c76dbdd83468b9a3b1be5d9b9cce350f43402b49ed18	86	screening-v1/batch-0227/submit_screening
55b528bd63379f775c6689e2a74ba8c0228a94b9377de620f87e4158ad174d2e	7853	screening-v1/batch-0227/trace.jsonl
e18e8da5b63157807a3f220fc768d30f9e77b2ead6c7358dc255d3196060d927	5924	screening-v1/batch-0228/batch.json
89d5509e235b1eea07c5c383b41704a0bdbd0c539e756e328ee02b8569e5fd3a	4270	screening-v1/batch-0228/decisions.jsonl
01da75f35c59f3599b00edb2a467cb0f97025f4318d73f3506ab8416bc9e981c	83	screening-v1/batch-0228/final.txt
f6aee2ed706fbcd9fe34563d99765c56b332849afe0cb81de0182fe1c3a3ba6d	47962	screening-v1/batch-0228/input.md
752227ca35cba47b0bd51d8b9d57a6919a4b280a07c5fadae1e0ec3a8eedcfee	450	screening-v1/batch-0228/run.json
e3b0c44298fc1c149afbf4c8996fb92427ae41e4649b934ca495991b7852b855	0	screening-v1/batch-0228/stderr.txt
d2c78a545e32f0911bd2c76dbdd83468b9a3b1be5d9b9cce350f43402b49ed18	86	screening-v1/batch-0228/submit_screening
881729c559e88edc96f016525b5c34884a35a6697c6c19cd7f6b12111fa5166b	9573	screening-v1/batch-0228/trace.jsonl
8c3ccee14d5fbde15fcb64ec7d4e23410f465b9ea9411df8bd73daf08f7150ad	5514	screening-v1/batch-0229/batch.json
535a2578f43c94ae5a073168d42027b303da18b428912020d84fa5daa94db42d	3531	screening-v1/batch-0229/decisions.jsonl
8a7293b3e7626cd6aa853d9ed083ee9ac12aee8e8dbf625ca4913d6a3f7f61fa	83	screening-v1/batch-0229/final.txt
3525e332ba0c89ed6c59b7764c9ba02ce8f0d8fb63d91f2eda3f00fa3a46d98b	46204	screening-v1/batch-0229/input.md
4af5bbd717cf4e52fe1afc39bd969e502eebdf90f418791f1265139c33334b75	450	screening-v1/batch-0229/run.json
e3b0c44298fc1c149afbf4c8996fb92427ae41e4649b934ca495991b7852b855	0	screening-v1/batch-0229/stderr.txt
d2c78a545e32f0911bd2c76dbdd83468b9a3b1be5d9b9cce350f43402b49ed18	86	screening-v1/batch-0229/submit_screening
01926592961edecc8745528e5a205e293adc7b8138e984585d79dcba3729c340	7858	screening-v1/batch-0229/trace.jsonl
1b7f2f8136b6d295f1e5c74e3e795d0dea0c5d75cac8a7caf1b9076178aae414	5853	screening-v1/batch-0230/batch.json
09c0240090559c9d0eedada7954a8ad1a2cdd3a54746466d864a3529fc5bbd14	3440	screening-v1/batch-0230/decisions.jsonl
f5a27266bb0910fca907b1904c09287ce68e0dea75d743f62b73c5523e7b30c0	83	screening-v1/batch-0230/final.txt
211fc701676738ad61a65e6621fcdadb9e99fb53e63785cbfe8595dbd572f2ef	49691	screening-v1/batch-0230/input.md
bbcbcfca39391829de66fcf2d077cb23aa6a3e4894c46ffb88f704fe263af9cb	450	screening-v1/batch-0230/run.json
e3b0c44298fc1c149afbf4c8996fb92427ae41e4649b934ca495991b7852b855	0	screening-v1/batch-0230/stderr.txt
d2c78a545e32f0911bd2c76dbdd83468b9a3b1be5d9b9cce350f43402b49ed18	86	screening-v1/batch-0230/submit_screening
ec5922a085bfc6d7b6dd669d9977ba54f333ce430880dec29516dc07bd14d2ce	14241	screening-v1/batch-0230/trace.jsonl
986f1884e5993c23fcf6306a329a60e002828f0a0cec394f5880e489a30a205f	5738	screening-v1/batch-0231/batch.json
aed975bb29cae9bf6dd1f636bd727202a4c224d3e88c83ff9f4f277abb6b2d0d	3777	screening-v1/batch-0231/decisions.jsonl
12bfc04b481060e14e256636c30ee7d70d6d1060b4debc9519c541a6666ade00	55	screening-v1/batch-0231/final.txt
b9f568757e3a493e8331a694e25aeadf65c47bee32967f203f890b0657b189e8	49253	screening-v1/batch-0231/input.md
349221d1c6cc58dda7971a601494c9516a4ee95a3f6e89a73e88a3dffac7f02a	450	screening-v1/batch-0231/run.json
e3b0c44298fc1c149afbf4c8996fb92427ae41e4649b934ca495991b7852b855	0	screening-v1/batch-0231/stderr.txt
d2c78a545e32f0911bd2c76dbdd83468b9a3b1be5d9b9cce350f43402b49ed18	86	screening-v1/batch-0231/submit_screening
b8be742594b134c1e4312e7200f4cae6b51bf7cf5e4786616d010fa8267dcb40	8597	screening-v1/batch-0231/trace.jsonl
36ba325470b4fa4dd03380b2e837ee330785d4a47b20696c071f132f7bc747d5	5851	screening-v1/batch-0232/batch.json
77050a24bbb59948c01a059ab070ac75c18812ee3def91d744cbd0800984be2e	4000	screening-v1/batch-0232/decisions.jsonl
057665454462b2baea8696ca9e229efd1855cef45a68f2d94ef320623d7dceca	79	screening-v1/batch-0232/final.txt
2941e29f04f0d0da5df39ce58af441b72c1beadb7faadbd2f932d74d114839ec	46051	screening-v1/batch-0232/input.md
d6db6b509aac76d343f2e35c8aa830781a7a80a2524fad882ab7587b31a37037	450	screening-v1/batch-0232/run.json
e3b0c44298fc1c149afbf4c8996fb92427ae41e4649b934ca495991b7852b855	0	screening-v1/batch-0232/stderr.txt
d2c78a545e32f0911bd2c76dbdd83468b9a3b1be5d9b9cce350f43402b49ed18	86	screening-v1/batch-0232/submit_screening
ca3dc83f8512e6848b71aa867a7360482fd2a3ff6f563065f7b9570cb2da8710	9432	screening-v1/batch-0232/trace.jsonl
4642b3ee6931b5bee29fb97953a7d71a5cbfbf32a422d996f49e9c92f7be6614	5474	screening-v1/batch-0233/batch.json
86639b78016274a6fa9643fbbdbf02b98ba728568ec03a0f5821119b9bea9b75	3996	screening-v1/batch-0233/decisions.jsonl
56d763677cd7d08d0dc0a8d8fd9c64dae43eb94e007d072df3df06501fde3983	88	screening-v1/batch-0233/final.txt
f95698810d7fb96a56360b586057a94920b39b93470ca0ee023d5cf925bfa28c	47980	screening-v1/batch-0233/input.md
f67c121b58d348ea7b05c737e9b822ee6fbcf02a413e9ab385522ab8167382a8	450	screening-v1/batch-0233/run.json
e3b0c44298fc1c149afbf4c8996fb92427ae41e4649b934ca495991b7852b855	0	screening-v1/batch-0233/stderr.txt
d2c78a545e32f0911bd2c76dbdd83468b9a3b1be5d9b9cce350f43402b49ed18	86	screening-v1/batch-0233/submit_screening
a0c88513b66af30b5daa40b761da9c09a2a9a7c91ec1f907a3a513f3b199b4b8	13687	screening-v1/batch-0233/trace.jsonl
145a40ee6bf3d022c881d3cfd46906cb7fafc3eb48230cd52f899ffaa33ff171	6080	screening-v1/batch-0234/batch.json
39dffa3a8cb2bfd469d7336ab81302d72bb4fdf90cb35be4ecb329c252f8fd0c	3515	screening-v1/batch-0234/decisions.jsonl
1813fb69fcfa67c46abafb227126212d123475f15570b95a601ae9ef5e4d5262	80	screening-v1/batch-0234/final.txt
042b64b64b55785f243a67f18f79c69be1d92ff42def0a9fc4f92c285ac02bdc	49010	screening-v1/batch-0234/input.md
98f3b2ef0eaf22aa636973ca95ded5d3fbefcc2dcf616a9349a9e77e7016ed18	450	screening-v1/batch-0234/run.json
e3b0c44298fc1c149afbf4c8996fb92427ae41e4649b934ca495991b7852b855	0	screening-v1/batch-0234/stderr.txt
d2c78a545e32f0911bd2c76dbdd83468b9a3b1be5d9b9cce350f43402b49ed18	86	screening-v1/batch-0234/submit_screening
e6e36aa6c224140f7e423c1209f7ee175df662f9c1362812f4b0e0818893b78e	8065	screening-v1/batch-0234/trace.jsonl
09944f59e5d28cccc52c8690dc0807eceb5034dc2d15847328458fb598ac1c8f	5598	screening-v1/batch-0235/batch.json
a08c6eb822fd19a1f0bfa6166693736e00108d9048532c76180f2359f0816550	3532	screening-v1/batch-0235/decisions.jsonl
56d763677cd7d08d0dc0a8d8fd9c64dae43eb94e007d072df3df06501fde3983	88	screening-v1/batch-0235/final.txt
a454d2077d94f409f5f60916324ba33ecba4882b4ee7aad58aa152397fad04e4	45338	screening-v1/batch-0235/input.md
05d9a397f3bdabe298da35aeb13f6b72a3a6e0366c539ab3176eaa8faa881f7a	450	screening-v1/batch-0235/run.json
e3b0c44298fc1c149afbf4c8996fb92427ae41e4649b934ca495991b7852b855	0	screening-v1/batch-0235/stderr.txt
d2c78a545e32f0911bd2c76dbdd83468b9a3b1be5d9b9cce350f43402b49ed18	86	screening-v1/batch-0235/submit_screening
bea513819a093711e3d416912e56eafc5ce77fdf435946c3e3a3935991357add	8501	screening-v1/batch-0235/trace.jsonl
bf9bf56538548c5a34d5981a371f89569635fd3b97798abb7ad2bb58a0d9b4a3	5452	screening-v1/batch-0236/batch.json
e6ad6d74a2562afbefee20752c02f61ba3100556d8a5222eaa1a20c7ac404298	3946	screening-v1/batch-0236/decisions.jsonl
67e1405cca3676492de054f7a4efaab8b1b443f6ee82a04a74b4d9d782548c5d	89	screening-v1/batch-0236/final.txt
27ba0541058c9ffd4266d311513b6daeb21a2878f20f578ebe1edffaa2a16acc	48748	screening-v1/batch-0236/input.md
b3a01a440fd4fee0a2343bcb8f9e567dd20ff44c8f1870fc1fef92bed65d74e6	450	screening-v1/batch-0236/run.json
e3b0c44298fc1c149afbf4c8996fb92427ae41e4649b934ca495991b7852b855	0	screening-v1/batch-0236/stderr.txt
d2c78a545e32f0911bd2c76dbdd83468b9a3b1be5d9b9cce350f43402b49ed18	86	screening-v1/batch-0236/submit_screening
838356afbd5f27ff75c3999d2f1db7ffdbcba9a8247b56e3e658335026f51c2f	9258	screening-v1/batch-0236/trace.jsonl
91db91e29d7638a9f5382d29c3b93fce407712f5d2eec4be8636c758d08b4392	5749	screening-v1/batch-0237/batch.json
60598c2fb85b51f537e03d64d562fb06dc75dcf180df4e72fd52aac6e3efedf6	3602	screening-v1/batch-0237/decisions.jsonl
d2d159238b775a00db4b5fd135f20b4b892ed648fd8c60ba7d65800597ada474	66	screening-v1/batch-0237/final.txt
8412bf629a7da6c9463e3003f516f1ee29f8d478ff41c61a002c3b76bbbe4d02	46926	screening-v1/batch-0237/input.md
41196cec14ac9c884d196566e35cd86b04eacb7053a1749ead30fcf3a3966b54	450	screening-v1/batch-0237/run.json
e3b0c44298fc1c149afbf4c8996fb92427ae41e4649b934ca495991b7852b855	0	screening-v1/batch-0237/stderr.txt
d2c78a545e32f0911bd2c76dbdd83468b9a3b1be5d9b9cce350f43402b49ed18	86	screening-v1/batch-0237/submit_screening
ae17ad8866de3134cad90d3c7e1b9fd4310b06e1a1581e0fa8cf7e2684580bb0	8224	screening-v1/batch-0237/trace.jsonl
d22a21736ecd28f892c34a3d225830edc71e2c3cba0ef844410e4eb916e49f70	5822	screening-v1/batch-0238/batch.json
7e00789a33ad5f9c9f5af1365cca90796cc12cadcf6cc3e647b37723c75e23d4	3563	screening-v1/batch-0238/decisions.jsonl
e17a295da5a7dde1573e49cb2a883c8164d28700a2a5fbc8a624bdc975a75b43	52	screening-v1/batch-0238/final.txt
2f492eb893b270f955fd47f7cdc338196981b2f11913b467b2b980e57515bdb8	46818	screening-v1/batch-0238/input.md
4bab47e5cc7cb604b1c4dd285e79f0a41ec388a2930e0399d474179d93f72b43	450	screening-v1/batch-0238/run.json
e3b0c44298fc1c149afbf4c8996fb92427ae41e4649b934ca495991b7852b855	0	screening-v1/batch-0238/stderr.txt
d2c78a545e32f0911bd2c76dbdd83468b9a3b1be5d9b9cce350f43402b49ed18	86	screening-v1/batch-0238/submit_screening
e9e4f1adb40d9b8da1e38f0dd7c3b36bf7a18092f5adcc3a8cc68a1804e41c54	8374	screening-v1/batch-0238/trace.jsonl
80d4243a5a17ea00e8a4d3d0c963ae430108b98f67a2ea2576c1b63cbb8347bf	5680	screening-v1/batch-0239/batch.json
5849a854d519ea955e4be301c41072a88ee30dae2af9366666c5bf79aa3057e5	4020	screening-v1/batch-0239/decisions.jsonl
67e1405cca3676492de054f7a4efaab8b1b443f6ee82a04a74b4d9d782548c5d	89	screening-v1/batch-0239/final.txt
f644559eadc668fbf10fb201ce6a6c686ac5c35e15ebfafb48b214ecd85307eb	51992	screening-v1/batch-0239/input.md
1b51a24f096db35bbefd96db9581f3c330f9509395f5f22a1f4cc0017660c489	450	screening-v1/batch-0239/run.json
e3b0c44298fc1c149afbf4c8996fb92427ae41e4649b934ca495991b7852b855	0	screening-v1/batch-0239/stderr.txt
d2c78a545e32f0911bd2c76dbdd83468b9a3b1be5d9b9cce350f43402b49ed18	86	screening-v1/batch-0239/submit_screening
8069edde222d935629950224a4ca4add68e3c102f604268de451ecb7a75bb7ad	9297	screening-v1/batch-0239/trace.jsonl
e417798fdd9fbdbc93c941210adaab87aba0feec3e0f7ccdb641132839a3408b	5592	screening-v1/batch-0240/batch.json
2475709cf55a8a9785a2b426d76ec9251659d75e7be9288e4cceed9b6394e80e	3613	screening-v1/batch-0240/decisions.jsonl
ca5731caf5dbb937b2052a49bd6f81f90ac949d6374326ce9c8cf58f6eb820f4	83	screening-v1/batch-0240/final.txt
3f3894e04d217692947ad46c6f1193b7bda4446d956936712f69998862032b2a	50768	screening-v1/batch-0240/input.md
d612267553b17424c23c6eb259eebfbb76a3af82c5c487376d1841652491646a	450	screening-v1/batch-0240/run.json
e3b0c44298fc1c149afbf4c8996fb92427ae41e4649b934ca495991b7852b855	0	screening-v1/batch-0240/stderr.txt
d2c78a545e32f0911bd2c76dbdd83468b9a3b1be5d9b9cce350f43402b49ed18	86	screening-v1/batch-0240/submit_screening
baa6193f2f6a8bfb4bc69787d383be6d277a455b94d24eda60bd49daa797e870	8428	screening-v1/batch-0240/trace.jsonl
b27f20d30f7b727fc6abca0f0dcf901cc4a51b651a031995072f896c9ffaad94	5951	screening-v1/batch-0241/batch.json
78cb0e1eb6d378cc5124d94311bd8667f3f3efb9e6d36bf5e49db578309068c4	3527	screening-v1/batch-0241/decisions.jsonl
10c13dd792db47e3f734191e7ad1448641908e6a3e39c39aa1c17d1d8d23f263	88	screening-v1/batch-0241/final.txt
7ce37474baee414c0ac850ccb3f9046c7093f49015d2066ccc2fd4af1290601b	48522	screening-v1/batch-0241/input.md
e0ec3031653f6a94fac400380b9a3c8b0b71760f7160f49adbf5c352402ca3d3	450	screening-v1/batch-0241/run.json
e3b0c44298fc1c149afbf4c8996fb92427ae41e4649b934ca495991b7852b855	0	screening-v1/batch-0241/stderr.txt
d2c78a545e32f0911bd2c76dbdd83468b9a3b1be5d9b9cce350f43402b49ed18	86	screening-v1/batch-0241/submit_screening
29cebca9ff4a8cc723168e8dd0ef17148f5d5b6a08dc8316d6900909a29d9078	8100	screening-v1/batch-0241/trace.jsonl
495ffa4be666aa9763cea2e2e24150cf20998dbca1483feea0620439efd012a2	5698	screening-v1/batch-0242/batch.json
7c818873d495cbca033d7ca71702704de1e27c9f99734af34d1f1f3ed1e714db	3384	screening-v1/batch-0242/decisions.jsonl
41c4f07a292062af7f979ee89f187936c09df5016404945200e28af0fe8dc0e3	67	screening-v1/batch-0242/final.txt
29aaf78c3fefd786f781bd1bc29b0a8cffcd200510721e31af6686f262d0a5a5	54552	screening-v1/batch-0242/input.md
98b05fb5963becd438a0510cfd570c1a72a534f6536e82f2b1b5a78b7b85ff4c	450	screening-v1/batch-0242/run.json
e3b0c44298fc1c149afbf4c8996fb92427ae41e4649b934ca495991b7852b855	0	screening-v1/batch-0242/stderr.txt
d2c78a545e32f0911bd2c76dbdd83468b9a3b1be5d9b9cce350f43402b49ed18	86	screening-v1/batch-0242/submit_screening
b06babfae2ef8f5f31cb46a0c80300e39c0e83abb2207141cd2635b409c84145	7796	screening-v1/batch-0242/trace.jsonl
31e80eb13672c54e4543734323362e781f4aae34e0bd3ce36439b959fab6d554	5576	screening-v1/batch-0243/batch.json
76c0a0626fa5c173e816bdbedda5038af50ae74db6f74395e90d82d6cad7cdf1	3672	screening-v1/batch-0243/decisions.jsonl
67e1405cca3676492de054f7a4efaab8b1b443f6ee82a04a74b4d9d782548c5d	89	screening-v1/batch-0243/final.txt
4c5335694d48e008f94fbcfc70f213b7835f5143cd8bd3d2ef94ccb7614deb32	50976	screening-v1/batch-0243/input.md
0a9262f228e57104a575776646f6c694fa7a31f915f5a24fe16f85cce9a49c82	450	screening-v1/batch-0243/run.json
e3b0c44298fc1c149afbf4c8996fb92427ae41e4649b934ca495991b7852b855	0	screening-v1/batch-0243/stderr.txt
d2c78a545e32f0911bd2c76dbdd83468b9a3b1be5d9b9cce350f43402b49ed18	86	screening-v1/batch-0243/submit_screening
2476ab61d42cbc5e3d010ef4258b60b3e20df0a285a5ba79c89c6ae69fb46500	8397	screening-v1/batch-0243/trace.jsonl
f28fb10146aa6fea0a6447ba5de09631670900cbf80bc7b931a030133b6cce95	5739	screening-v1/batch-0244/batch.json
7a5e3382d51af54a7bd6b5fb820f7f5a4005cf10d0d9bc796221a56f08798f91	3331	screening-v1/batch-0244/decisions.jsonl
67e1405cca3676492de054f7a4efaab8b1b443f6ee82a04a74b4d9d782548c5d	89	screening-v1/batch-0244/final.txt
734c5cbe8aa21ff6e470f93f1ce9e838d7a2e6ef71966abf379c55201174b610	51039	screening-v1/batch-0244/input.md
56574d1443c955e83a8ab663a37d229ce2be3f426f1fded15a9ddcede784af45	450	screening-v1/batch-0244/run.json
e3b0c44298fc1c149afbf4c8996fb92427ae41e4649b934ca495991b7852b855	0	screening-v1/batch-0244/stderr.txt
d2c78a545e32f0911bd2c76dbdd83468b9a3b1be5d9b9cce350f43402b49ed18	86	screening-v1/batch-0244/submit_screening
bd94e692ad148b78088f69d7526bc93ffff9755fead42a1d0674dcd811dc4e8d	8290	screening-v1/batch-0244/trace.jsonl
9f94ebe95ffc34117e6b1aa4d70cc5fc9e61fd8e616c0962da311b0456b0a74b	5654	screening-v1/batch-0245/batch.json
390fca214b25bff72a030df72f4b48eb5d1f848f82ad7bfe718ec7f8991362fa	3737	screening-v1/batch-0245/decisions.jsonl
67e1405cca3676492de054f7a4efaab8b1b443f6ee82a04a74b4d9d782548c5d	89	screening-v1/batch-0245/final.txt
67d12b349930fa4ee3a95aea29b89fa78f540f189f14158d4c7a81dd6933af88	46278	screening-v1/batch-0245/input.md
04f9928d49c57580bcee195d3a223746d5f7d498379167d841d3b1f8db58e950	450	screening-v1/batch-0245/run.json
e3b0c44298fc1c149afbf4c8996fb92427ae41e4649b934ca495991b7852b855	0	screening-v1/batch-0245/stderr.txt
d2c78a545e32f0911bd2c76dbdd83468b9a3b1be5d9b9cce350f43402b49ed18	86	screening-v1/batch-0245/submit_screening
dc6d5cdd7c79cdd8d55eb239cd017b97a6ad88df562461578b03050074d5d7bb	14885	screening-v1/batch-0245/trace.jsonl
8850a4db759aeb1de8ab2448cf5742602b7c98695b40bc6c5dddb0e86bca1d44	5809	screening-v1/batch-0246/batch.json
d685f95d42f6458271ccd83153242310577630a5cc55d106e1e05211c75b906f	3930	screening-v1/batch-0246/decisions.jsonl
b8c44f6fdf21bc697005fcc1356e064ff29fb23749313057287d5419e21f5a00	82	screening-v1/batch-0246/final.txt
d2c4e98362e3bb40a40d8128b5410d82ebd805440a90ba61a0c83ee02206c1f2	45797	screening-v1/batch-0246/input.md
29bf8b6ad352aef5d575fb66dad81628bb1bea13b563e3520a8ed547a6b2c594	450	screening-v1/batch-0246/run.json
e3b0c44298fc1c149afbf4c8996fb92427ae41e4649b934ca495991b7852b855	0	screening-v1/batch-0246/stderr.txt
d2c78a545e32f0911bd2c76dbdd83468b9a3b1be5d9b9cce350f43402b49ed18	86	screening-v1/batch-0246/submit_screening
cc24da7ee1e982e95864b5db5a2aed74ad7226b21958dce0d6299948dc00491d	8896	screening-v1/batch-0246/trace.jsonl
3c5b49331d5f8049fb06a002d6f76719c2486e58245a6f6ce954bd42ce0a6746	5312	screening-v1/batch-0247/batch.json
6aa5ec168491dc7bdfaf72c72d30ef345ccf987c641967dc835da149aa608594	4077	screening-v1/batch-0247/decisions.jsonl
23a75b1ba4f65b54f62e596d1d6cdcf5f10199bb7d17da6ac2a15905a894247e	78	screening-v1/batch-0247/final.txt
63d6cec940fb250ba602b287a4a0948a01d8337df28423bb3c972f78c7f20a14	48604	screening-v1/batch-0247/input.md
24137bc67e894075817dd6e929c442abf4ca84140bb6842c5eb3ddab388ba60a	450	screening-v1/batch-0247/run.json
e3b0c44298fc1c149afbf4c8996fb92427ae41e4649b934ca495991b7852b855	0	screening-v1/batch-0247/stderr.txt
d2c78a545e32f0911bd2c76dbdd83468b9a3b1be5d9b9cce350f43402b49ed18	86	screening-v1/batch-0247/submit_screening
87e7408b0fc2b71a388330dcf3c332e4c0dc610332684659e1e8c1309ad2cb28	15752	screening-v1/batch-0247/trace.jsonl
533d84598ca30031f3053624b872bfb2f4e1831b5344c7c2bf741e8a5d75e5d1	5700	screening-v1/batch-0248/batch.json
746e0aa15acc6dec569217e810f773732c719b8faa47ce93c9e086a7edccb12c	3589	screening-v1/batch-0248/decisions.jsonl
26bef249543e5774515a8bd3d37ce3124c59bbda444c966e66d7937a6baa1a2e	68	screening-v1/batch-0248/final.txt
8d6e3f260f1b885d714cb796a47b2773f2e990be2121114cfca6603b9d4735bf	45528	screening-v1/batch-0248/input.md
39da70013c3c79547b6bc49c8e73aae9f3ff6f0e7fe9e5a63f778885f02eae42	450	screening-v1/batch-0248/run.json
e3b0c44298fc1c149afbf4c8996fb92427ae41e4649b934ca495991b7852b855	0	screening-v1/batch-0248/stderr.txt
d2c78a545e32f0911bd2c76dbdd83468b9a3b1be5d9b9cce350f43402b49ed18	86	screening-v1/batch-0248/submit_screening
b68c30029ccebff8b3c5177fe5f171b1de36301dc4801328e724a93ce89e9bd8	8193	screening-v1/batch-0248/trace.jsonl
e4b9627b0009187b0c919cb5d5e95bc21a081bb4cf6c5a40f1841ab373d1f56e	6319	screening-v1/batch-0249/batch.json
d9c198d45ef0034d529a84a72a46817bb296d9a04fc76accf8927dea0247e0ee	3652	screening-v1/batch-0249/decisions.jsonl
057665454462b2baea8696ca9e229efd1855cef45a68f2d94ef320623d7dceca	79	screening-v1/batch-0249/final.txt
13a342d2f4e859581fca6a34f8f2cda1c604fe6d44b81bef304c5897c12ca8b1	50383	screening-v1/batch-0249/input.md
0c8a7c529498ee17489ef90d55db02c594960df79df8072ad3240da0bf380a4a	450	screening-v1/batch-0249/run.json
e3b0c44298fc1c149afbf4c8996fb92427ae41e4649b934ca495991b7852b855	0	screening-v1/batch-0249/stderr.txt
d2c78a545e32f0911bd2c76dbdd83468b9a3b1be5d9b9cce350f43402b49ed18	86	screening-v1/batch-0249/submit_screening
173d335e2ec5a50c98fea39e92fc0e5a1ce5d7d715322766dcff75483cffceb8	8487	screening-v1/batch-0249/trace.jsonl
fef50ca2c9e59ac2bce5cb131aa4b105748573a1181ebe62ef6424343be10479	5846	screening-v1/batch-0250/batch.json
007a0a65e1bdbac0038a855f0d5fd27c05c6525eb72057b1da97e4b335be3b47	3770	screening-v1/batch-0250/decisions.jsonl
a3e9c9b499170187592ce1a648caffbf205921ed424ab583bf1e142a3bfccc82	78	screening-v1/batch-0250/final.txt
b177b1fd828d200cc1f4963919ff21c9fd2277f894b505d20d01627bb302c9e2	44958	screening-v1/batch-0250/input.md
8617a8c5acaa6f2cfe5a5983a9faa4b98cdb96016b53ca78f79a6752815d0970	450	screening-v1/batch-0250/run.json
e3b0c44298fc1c149afbf4c8996fb92427ae41e4649b934ca495991b7852b855	0	screening-v1/batch-0250/stderr.txt
d2c78a545e32f0911bd2c76dbdd83468b9a3b1be5d9b9cce350f43402b49ed18	86	screening-v1/batch-0250/submit_screening
d98de3c9dece358a987e4ab450bf11c52c390267330fda0dd36ab6cf2dc8bcc8	8961	screening-v1/batch-0250/trace.jsonl
c794955f58ee2374d467c15fa3a02b3bca559cf8699d15996612d5e0606b8c2e	5579	screening-v1/batch-0251/batch.json
ef2ff514247bbe9e141dc656bf44a9fa90f58760f0f38bc3e9f6b2b174007e4e	3697	screening-v1/batch-0251/decisions.jsonl
12bfc04b481060e14e256636c30ee7d70d6d1060b4debc9519c541a6666ade00	55	screening-v1/batch-0251/final.txt
ff572dad43ba09f45f43f014959fd3f18ee300afd582c33c876e72b32f706177	48875	screening-v1/batch-0251/input.md
ef85f669c6b7ddbc214e8ae82dedea5b8775248e1f1470cbbf30af4d48de4125	450	screening-v1/batch-0251/run.json
e3b0c44298fc1c149afbf4c8996fb92427ae41e4649b934ca495991b7852b855	0	screening-v1/batch-0251/stderr.txt
d2c78a545e32f0911bd2c76dbdd83468b9a3b1be5d9b9cce350f43402b49ed18	86	screening-v1/batch-0251/submit_screening
129e5c4078652f784c8dc5ebc8f287c78fc021ee945a525876ffc440426e9fe3	8407	screening-v1/batch-0251/trace.jsonl
60b724e0f665c9bfbc133227f7aad5d078e9e97bf7868fdf19e1781215ea4f4f	5653	screening-v1/batch-0252/batch.json
15049c7302496be5ab4c378458fa521120559a85f11b2152d06745a8833e0b80	3403	screening-v1/batch-0252/decisions.jsonl
6824e4acfd0c951221fbb12f834a1008062d205af70fb4ce9aa62434b59ac897	64	screening-v1/batch-0252/final.txt
4dc68f7b7f478a18d903a8472e9e3d3ff7f7a5f4803aa13c70f5e1b06d2862f9	46813	screening-v1/batch-0252/input.md
4323b4b7a1395fe1904c935422733d725f33491a3d35daeb42552061243ea811	450	screening-v1/batch-0252/run.json
e3b0c44298fc1c149afbf4c8996fb92427ae41e4649b934ca495991b7852b855	0	screening-v1/batch-0252/stderr.txt
d2c78a545e32f0911bd2c76dbdd83468b9a3b1be5d9b9cce350f43402b49ed18	86	screening-v1/batch-0252/submit_screening
f0eae2a5a41f2b729dc7f32afaa235a3de7380b6348d0e17a735e5f458bf527d	7727	screening-v1/batch-0252/trace.jsonl
0c9965e5be04a613be8b5741a1b23d7ebad702300e29b24dea58e55f350fd1ec	5668	screening-v1/batch-0253/batch.json
4a9e612cc58b97eae530b9db870cbde74e6909207371325337f266faf6b82881	3451	screening-v1/batch-0253/decisions.jsonl
3f4a2dc23055ece6adc8f78e51ff19879c5f4cbbba89d75be27f172f164c74f7	78	screening-v1/batch-0253/final.txt
0a1c9616095c5dcdd9f48be99d5be2c352a07099be957165d0629ff7bce1b44c	45207	screening-v1/batch-0253/input.md
6110b096e04cd539954c2896d0c3116a8e7338483b1751db8b352749c50d67e6	450	screening-v1/batch-0253/run.json
e3b0c44298fc1c149afbf4c8996fb92427ae41e4649b934ca495991b7852b855	0	screening-v1/batch-0253/stderr.txt
d2c78a545e32f0911bd2c76dbdd83468b9a3b1be5d9b9cce350f43402b49ed18	86	screening-v1/batch-0253/submit_screening
7220b5921f43cea94479e86e36b04c18839c849eca57f0416270428c8b1bf349	8083	screening-v1/batch-0253/trace.jsonl
1e5e7ae37bed135037e8ac3275598ca7936fef47e42e35507022fb8bc148f946	5817	screening-v1/batch-0254/batch.json
d5d7266954ce7ced8c4628a11a0717516b877f997cc4d51f2bd3ee6c048a9b5d	4068	screening-v1/batch-0254/decisions.jsonl
67e1405cca3676492de054f7a4efaab8b1b443f6ee82a04a74b4d9d782548c5d	89	screening-v1/batch-0254/final.txt
bd7a182c1d3ef3f200eddeffd5afb7fcc9762097fe30b79404d20e3e99e4dd2a	44939	screening-v1/batch-0254/input.md
0af5b81bce5639ef052d21f3a861e3fe3fb35675775a9c10754f58c8e2dffb38	450	screening-v1/batch-0254/run.json
e3b0c44298fc1c149afbf4c8996fb92427ae41e4649b934ca495991b7852b855	0	screening-v1/batch-0254/stderr.txt
d2c78a545e32f0911bd2c76dbdd83468b9a3b1be5d9b9cce350f43402b49ed18	86	screening-v1/batch-0254/submit_screening
f346430fd6173af53ac998dfa45c49833971429030444551ed90a1d60cf36d2e	10099	screening-v1/batch-0254/trace.jsonl
d1d2c5bf01520e5a06b1e22fb864ed88cd2d69dfade7e8def70e97cf9d93cdc8	5874	screening-v1/batch-0255/batch.json
2cb94da0eb11b3474c85f054e5e9e9942d4b381b767c6bbd756f78bcdbf98c97	3332	screening-v1/batch-0255/decisions.jsonl
ca5731caf5dbb937b2052a49bd6f81f90ac949d6374326ce9c8cf58f6eb820f4	83	screening-v1/batch-0255/final.txt
251b4ce482977dc99377202791d60a025465ab179d88706d3f421aaecd4a8d69	49502	screening-v1/batch-0255/input.md
427a3a9ad0a34edd51b5b8d91f171b72759f4e36d89e4b04d102fa926b531b07	450	screening-v1/batch-0255/run.json
d3aebc8b413a29c1c7acea7df392393e24481d717b1118d9bb44be74d0f55550	143	screening-v1/batch-0255/stderr.txt
d2c78a545e32f0911bd2c76dbdd83468b9a3b1be5d9b9cce350f43402b49ed18	86	screening-v1/batch-0255/submit_screening
e4143545033638993630c76db4c1cf8c4eb0cd080eb4f99dc0f32a2b17ff7740	8280	screening-v1/batch-0255/trace.jsonl
a1bc5dd9d0fa325a07b1d628701aca611738f2af55087aae85a753617ddb198c	5719	screening-v1/batch-0256/batch.json
7f0f1605344d53337005d99913177d279fc73a1de9ad5af51744182110742fd9	4169	screening-v1/batch-0256/decisions.jsonl
057665454462b2baea8696ca9e229efd1855cef45a68f2d94ef320623d7dceca	79	screening-v1/batch-0256/final.txt
48c7c1e97d1369e0549ae941eff9ad4abfc33cda8d93c1510fd72d3d1f2c0d44	43762	screening-v1/batch-0256/input.md
ddb075d88d2f653a16e13120bbe7fa9465d2d62dbed68f00b5421fad1b330f53	450	screening-v1/batch-0256/run.json
e3b0c44298fc1c149afbf4c8996fb92427ae41e4649b934ca495991b7852b855	0	screening-v1/batch-0256/stderr.txt
d2c78a545e32f0911bd2c76dbdd83468b9a3b1be5d9b9cce350f43402b49ed18	86	screening-v1/batch-0256/submit_screening
ab5ef64431a3c6002740f2a9c976290098b55e818e104aad04905773ab042f53	9700	screening-v1/batch-0256/trace.jsonl
37ca51c843f51ae715820df3a02be96b53d7040b9f617330b105ffec25104ccd	5724	screening-v1/batch-0257/batch.json
9a2be2c2ce7d48aed4dadf72dfed8bec7b470f62c52d5afa940fd48dba18c752	3422	screening-v1/batch-0257/decisions.jsonl
01da75f35c59f3599b00edb2a467cb0f97025f4318d73f3506ab8416bc9e981c	83	screening-v1/batch-0257/final.txt
a43e78ff85d3de9889c2650bb3a3fe055e903c9da6faddaa1acdec3a5e37be96	53822	screening-v1/batch-0257/input.md
d15acd18cf4e48eb4f7334e4502cf52b72e3b3dd7c6a1a4a6c18f8791e1a216e	450	screening-v1/batch-0257/run.json
e3b0c44298fc1c149afbf4c8996fb92427ae41e4649b934ca495991b7852b855	0	screening-v1/batch-0257/stderr.txt
d2c78a545e32f0911bd2c76dbdd83468b9a3b1be5d9b9cce350f43402b49ed18	86	screening-v1/batch-0257/submit_screening
42dc467e41ba156da83f0f74c1edeeac6fd16ed9457b46054b61e65e5a12154d	8512	screening-v1/batch-0257/trace.jsonl
d8b10d5e790a1b60e3117bf5b281b0935edfcf147d265a6ff4547c94c4a3017c	5665	screening-v1/batch-0258/batch.json
3fb0eaf5e5d86ea61bcc1bbea45866258c21a2886cd1252b493d23d2c1f2860a	3786	screening-v1/batch-0258/decisions.jsonl
9312f2dff9a98dc29a1f1e809ccbd39ff195fcc03b705bb514208a3cf76bf65f	46	screening-v1/batch-0258/final.txt
527906a08b39c6202f631a39d0a14971bd1d8cee99914f9fc9697b8b4341e44e	46650	screening-v1/batch-0258/input.md
b7d606ac80e84d3cb4425e75e89f8dcbe7d5b74081ba353a9d5f687cf967e6c3	450	screening-v1/batch-0258/run.json
e3b0c44298fc1c149afbf4c8996fb92427ae41e4649b934ca495991b7852b855	0	screening-v1/batch-0258/stderr.txt
d2c78a545e32f0911bd2c76dbdd83468b9a3b1be5d9b9cce350f43402b49ed18	86	screening-v1/batch-0258/submit_screening
2987f8f261d6ef2128fe21720f2830e7f286f7ed0f234143310651466aec0571	14896	screening-v1/batch-0258/trace.jsonl
d63eb2d0273c56c8783a731ab2ea9e17e836755f9295e33a7d56650293e1084f	5612	screening-v1/batch-0259/batch.json
4cd999bbe22ad600a8fdfbc38f2efbb9f34a9b03e5490e61da49afb66c407022	3370	screening-v1/batch-0259/decisions.jsonl
755742134aa4adeac1aa9cfc97901803e54fde9ff921a467c718be766f960700	80	screening-v1/batch-0259/final.txt
99134dc6935c0140d07b05fda1b67a155550f706c79560ed0f50d9ab64c5b377	42492	screening-v1/batch-0259/input.md
e110069f6d818e6a901e799448328c90e28142e04f3a4c41923d906f30a87d6e	450	screening-v1/batch-0259/run.json
e3b0c44298fc1c149afbf4c8996fb92427ae41e4649b934ca495991b7852b855	0	screening-v1/batch-0259/stderr.txt
d2c78a545e32f0911bd2c76dbdd83468b9a3b1be5d9b9cce350f43402b49ed18	86	screening-v1/batch-0259/submit_screening
33318f01dcec7024e14fd401169840cb0625ee39205259f8c2bc3ee3965b282d	7927	screening-v1/batch-0259/trace.jsonl
6cfd9db5254bfd2d535ef0d25c53eb9f4c6c971e666c926a77518b58b1a386e5	5551	screening-v1/batch-0260/batch.json
19263bdfc4ce7900feeca567b37fc21758a9e8a044d476764be1fc6b974f6e62	3505	screening-v1/batch-0260/decisions.jsonl
f4fd0e862c5c906152027cce96ae2c1d6f4800de19f5b05894bb55d8377d9a70	72	screening-v1/batch-0260/final.txt
9e94dfc38c9ca508c2e69a8e6a4c1b80e118fc3e7282217fb82886486024da38	45161	screening-v1/batch-0260/input.md
0a401b000077e452b34b070efd4b1f72e27f2b0a4d1f7bfcf59400cf116fa59d	450	screening-v1/batch-0260/run.json
e3b0c44298fc1c149afbf4c8996fb92427ae41e4649b934ca495991b7852b855	0	screening-v1/batch-0260/stderr.txt
d2c78a545e32f0911bd2c76dbdd83468b9a3b1be5d9b9cce350f43402b49ed18	86	screening-v1/batch-0260/submit_screening
2e8a4aefeec45ff8cba8f71acb38034ce0d703ab1df58118abfd0aed53b384ab	8036	screening-v1/batch-0260/trace.jsonl
7b663dd6a3f86f0332e737d5cfd8a176cb9245be7686dd7a97b3ac615314377e	5450	screening-v1/batch-0261/batch.json
fbbf87ea3defaae12f9cc4d81ef46e3288f7fc8775b1c5fd014313541824cc48	3673	screening-v1/batch-0261/decisions.jsonl
01da75f35c59f3599b00edb2a467cb0f97025f4318d73f3506ab8416bc9e981c	83	screening-v1/batch-0261/final.txt
a2265cfe1f5a3808d84596c74eb874f835e8d4c68d8690961b66ef8279aea54b	44034	screening-v1/batch-0261/input.md
3f365310e77615f6125da6421ea68dd67412e7628c78dfd589ed1330d8bca06e	450	screening-v1/batch-0261/run.json
e3b0c44298fc1c149afbf4c8996fb92427ae41e4649b934ca495991b7852b855	0	screening-v1/batch-0261/stderr.txt
d2c78a545e32f0911bd2c76dbdd83468b9a3b1be5d9b9cce350f43402b49ed18	86	screening-v1/batch-0261/submit_screening
482e3232eb0a15488e853c651e75ff7694d2c9a372bc3ea8489c04ff4430bd05	8378	screening-v1/batch-0261/trace.jsonl
1bd4adb0d3b025c1f0fa58bd404424c96ae8291fc561c4f1237db85dda140e79	5635	screening-v1/batch-0262/batch.json
58c68827e9e1baf2906bc8870b489565c8430d99f5b057b08419cbeca088fbe6	4039	screening-v1/batch-0262/decisions.jsonl
23a75b1ba4f65b54f62e596d1d6cdcf5f10199bb7d17da6ac2a15905a894247e	78	screening-v1/batch-0262/final.txt
cb2b34d85cef6a2314b4e06a011e3b6c187d9016010024778c116009ef635039	47065	screening-v1/batch-0262/input.md
56e9c0214a4fecef9a7b4ecad3e1abb794ef8b1c5fbfddc9e7f4461652dd3bcf	450	screening-v1/batch-0262/run.json
e3b0c44298fc1c149afbf4c8996fb92427ae41e4649b934ca495991b7852b855	0	screening-v1/batch-0262/stderr.txt
d2c78a545e32f0911bd2c76dbdd83468b9a3b1be5d9b9cce350f43402b49ed18	86	screening-v1/batch-0262/submit_screening
7de229a7a5d05d37c9f6f48563b6c6806883c73a61179e7a51b4d3ce8a71d660	15465	screening-v1/batch-0262/trace.jsonl
0a5b51f2a8ff2e4c6e832105e36e88b87e5c9de6723e125f5e8973ecee8adbfc	5669	screening-v1/batch-0263/batch.json
6c1cb8ee97a501898d87a9ee0647c3b740d557b8dd3679d11885d9dd9732635d	3414	screening-v1/batch-0263/decisions.jsonl
7edd9659fab02e6fba7aa045c60824ee6497f385013fdf853c31c7d5c4ed1f35	84	screening-v1/batch-0263/final.txt
8f552f866fa2406b3adf647e52b38df601a0ac8e3fb7ef8ec60dddc6a06c5ce0	50273	screening-v1/batch-0263/input.md
30fc7a1a042c7486417d7cd322ba1cad5cb12102d6820d66bf315febccd7f8bf	450	screening-v1/batch-0263/run.json
e3b0c44298fc1c149afbf4c8996fb92427ae41e4649b934ca495991b7852b855	0	screening-v1/batch-0263/stderr.txt
d2c78a545e32f0911bd2c76dbdd83468b9a3b1be5d9b9cce350f43402b49ed18	86	screening-v1/batch-0263/submit_screening
5b122a6050361e9e911c377b243db30b41b6ac3e4fb55440756ca5d258f5556c	7689	screening-v1/batch-0263/trace.jsonl
e3f8d28e38d9a9b9ec66ef4c27c411f230cab02b0697538692b7b8af9291d027	5768	screening-v1/batch-0264/batch.json
9d7db79ec5ed3831da1620622c015df998e86d29c83b36ddf014220639d1265b	3420	screening-v1/batch-0264/decisions.jsonl
d8d3f566fa79885f3f0c2f869c71abc9ecdb2a116da1a9ce4ea8db8df8497254	70	screening-v1/batch-0264/final.txt
02408c05a4624925d8ac650ed8b04b39fff319d1a970b2058876236a4068d529	43567	screening-v1/batch-0264/input.md
b804b045487ac697d0820092645a11474acb0a309b9fc0f99de682c146fea662	450	screening-v1/batch-0264/run.json
e3b0c44298fc1c149afbf4c8996fb92427ae41e4649b934ca495991b7852b855	0	screening-v1/batch-0264/stderr.txt
d2c78a545e32f0911bd2c76dbdd83468b9a3b1be5d9b9cce350f43402b49ed18	86	screening-v1/batch-0264/submit_screening
70894f98ea40d822ee9317aac268af14e8716a85daeace0c6f5022b898694df5	7861	screening-v1/batch-0264/trace.jsonl
018f5239b2fb570ebdaaee5441e3cd74ae4a90ea95105a912a9a5b50cd963388	5702	screening-v1/batch-0265/batch.json
82b11885445361210ac9c2e14e34f37250eb7be2ca75c49e1b5e686b20b5d78c	3766	screening-v1/batch-0265/decisions.jsonl
3d0a364f0963b4b9ab16a9085adb9cae90888b0a0e0c7d603af753e5cd0fe79d	89	screening-v1/batch-0265/final.txt
9473d896498a471ad91d5a74ad80ff7885f6cb0dbc22c84f042a564fc2b6aded	44446	screening-v1/batch-0265/input.md
c4f800717884d32fc0bb87c6a2ea0b006c3ce4aae4ee091baed9a3d77dc6a008	450	screening-v1/batch-0265/run.json
e3b0c44298fc1c149afbf4c8996fb92427ae41e4649b934ca495991b7852b855	0	screening-v1/batch-0265/stderr.txt
d2c78a545e32f0911bd2c76dbdd83468b9a3b1be5d9b9cce350f43402b49ed18	86	screening-v1/batch-0265/submit_screening
31ea00a5eb4857f91db52d336e3de3b789cadb000e9613263a62911bd799acf8	9479	screening-v1/batch-0265/trace.jsonl
1b1fa71e7813be0b9d9229d09a5d9f4ba730024907a983f3c324931fb7202c16	5907	screening-v1/batch-0266/batch.json
52296b74c8797daef611e1d054870493d01857b95ab1bbab7a3c1922084ae208	3906	screening-v1/batch-0266/decisions.jsonl
5bb66b4b9c4e1cb8c1f3d6534b78ce8ad1b477ec832cecbc06488faaa0094d9c	58	screening-v1/batch-0266/final.txt
79af3085cf8da64bd2798bb4135350a3f76d8e319e0db113ee31c7b7483fdb66	48106	screening-v1/batch-0266/input.md
72f5c804799d64b0fec17bed76480b20ec363e3b204d727fb2e20499e37eaeae	450	screening-v1/batch-0266/run.json
e3b0c44298fc1c149afbf4c8996fb92427ae41e4649b934ca495991b7852b855	0	screening-v1/batch-0266/stderr.txt
d2c78a545e32f0911bd2c76dbdd83468b9a3b1be5d9b9cce350f43402b49ed18	86	screening-v1/batch-0266/submit_screening
52fc373b28f7f5073f29bb16933357556d4f2099050359a98de536085c060bb1	15284	screening-v1/batch-0266/trace.jsonl
3c888a2c9c835c365b0d7d4407859993cb5cd330791f6035612357d68c8bca94	5719	screening-v1/batch-0267/batch.json
e98e4bbe75bfa734a9f66e8341685359ceffce662aa45894fa7615c6baaae74e	3575	screening-v1/batch-0267/decisions.jsonl
38e1c967707a6e5e63786288af937d1ecbc9ec8049257d86abb412c71b124227	65	screening-v1/batch-0267/final.txt
4237b711e63107853b5e3de9733c399fcb6c8b08b2f954706bb96d6fa5185bab	47696	screening-v1/batch-0267/input.md
a5f869d1f527d17c4f05328ee27de6f5b409761ca351c20e9e5294f353630143	450	screening-v1/batch-0267/run.json
e3b0c44298fc1c149afbf4c8996fb92427ae41e4649b934ca495991b7852b855	0	screening-v1/batch-0267/stderr.txt
d2c78a545e32f0911bd2c76dbdd83468b9a3b1be5d9b9cce350f43402b49ed18	86	screening-v1/batch-0267/submit_screening
a1d421cdae37ec838743b99031ca3bc0dadb2cf1bf3d4c09eaff7ea905c88445	7939	screening-v1/batch-0267/trace.jsonl
3ae33e37e835652a82f0a0385ebd181fdedfaa2abc5dd44f9194f6a95dd4b0ba	5304	screening-v1/batch-0268/batch.json
27d3fd591d4735289958e9d3ddf5af5a44fb9219dd0e18134e9fcc317b9d954d	3585	screening-v1/batch-0268/decisions.jsonl
23a75b1ba4f65b54f62e596d1d6cdcf5f10199bb7d17da6ac2a15905a894247e	78	screening-v1/batch-0268/final.txt
f0390225dc029404b5925b8c57ca6748111462f4e8bd0917045a3783b3b81915	45892	screening-v1/batch-0268/input.md
86e26e3142b13104c63bcf07f699dfd39340bd8326d21b0e39c0df75cb0fd7b0	450	screening-v1/batch-0268/run.json
e3b0c44298fc1c149afbf4c8996fb92427ae41e4649b934ca495991b7852b855	0	screening-v1/batch-0268/stderr.txt
d2c78a545e32f0911bd2c76dbdd83468b9a3b1be5d9b9cce350f43402b49ed18	86	screening-v1/batch-0268/submit_screening
fa5229f4b2d079f064db64b79d7b1e017fe827bf704f62ad67ab02cc886dfddc	8195	screening-v1/batch-0268/trace.jsonl
a5b8be27666e2e3d99370f75261ab87168be489d1acaa89c0b6a909ab0e6546d	5914	screening-v1/batch-0269/batch.json
0ba85e12c38058c68328b45cf52c75186c584ed292c73b10a18ed9b081cd1a27	3425	screening-v1/batch-0269/decisions.jsonl
41c4f07a292062af7f979ee89f187936c09df5016404945200e28af0fe8dc0e3	67	screening-v1/batch-0269/final.txt
19db3e3c8e8cac9d4ad7dfcecdd4fc9e8e6c99a323441faa204010901c545504	46392	screening-v1/batch-0269/input.md
1a63d1388e0aa1b9d375a302c3dbaa03fffa60aeffa82ed50357a5d564e1de96	450	screening-v1/batch-0269/run.json
e3b0c44298fc1c149afbf4c8996fb92427ae41e4649b934ca495991b7852b855	0	screening-v1/batch-0269/stderr.txt
d2c78a545e32f0911bd2c76dbdd83468b9a3b1be5d9b9cce350f43402b49ed18	86	screening-v1/batch-0269/submit_screening
9bb9fd6625f65e2b572bbb6f8b12e02e7607f854f6a828a20eb733790374c012	8023	screening-v1/batch-0269/trace.jsonl
4f6bdc82f669cd2645738175f155e6c8e02c1a88365fa014b8c0c507c9a96f11	5750	screening-v1/batch-0270/batch.json
2325f08f293d8667cb5f62422010c0298a321489674a7ffba99d4297fd9d5e79	3796	screening-v1/batch-0270/decisions.jsonl
d7da3a0e78e764d2fcdc93fd2db39c83ebb4d2aa6a176a5e62df806a8badb9a3	85	screening-v1/batch-0270/final.txt
895cd5cf32bf49509788ca1bd76fd25373784cb7235b2fc339d02722489151f5	47920	screening-v1/batch-0270/input.md
2a12e0bd08c8cb454b038813a33b0728f8f437e42c413cf225cc7970fc2b4d52	450	screening-v1/batch-0270/run.json
e3b0c44298fc1c149afbf4c8996fb92427ae41e4649b934ca495991b7852b855	0	screening-v1/batch-0270/stderr.txt
d2c78a545e32f0911bd2c76dbdd83468b9a3b1be5d9b9cce350f43402b49ed18	86	screening-v1/batch-0270/submit_screening
29a821c3d0418666a46227252ff5d6088cb4983249af2f39b23d0b785e8b7d03	14945	screening-v1/batch-0270/trace.jsonl
97598af2fe3ad2c369aa20829ee2acd4bb660739a48c878f89ffc81777c51947	5758	screening-v1/batch-0271/batch.json
a40511ea1a025bdbf65d2746a232a1e5b2c05d5c889f56ce8aff52aac09b0515	3403	screening-v1/batch-0271/decisions.jsonl
411b35c8bf9d9cd13e68997fd48646487931d80ebf47e3244393ddcdc5d120bd	90	screening-v1/batch-0271/final.txt
b53fb28ae4e0022bd921584a633c708dedec0721596e3098dd8d6c79ae90fcb8	46871	screening-v1/batch-0271/input.md
218106788a03e9f190125de57035f64ba7240dd9551c4fc0df57d4f594c8a787	450	screening-v1/batch-0271/run.json
e3b0c44298fc1c149afbf4c8996fb92427ae41e4649b934ca495991b7852b855	0	screening-v1/batch-0271/stderr.txt
d2c78a545e32f0911bd2c76dbdd83468b9a3b1be5d9b9cce350f43402b49ed18	86	screening-v1/batch-0271/submit_screening
8cba50692dec690920f5bd6fd3d58eb03f3b29f2ba22b1711ff489a725c6e4f8	7610	screening-v1/batch-0271/trace.jsonl
6afc811f75edfb6722f19e2cae564b2325369ac566806d144efc73d2db70fc50	5766	screening-v1/batch-0272/batch.json
c64e55d6d353a70504bca9a3bd7ff5a50336408b711457181ada8b19b675dbf1	3739	screening-v1/batch-0272/decisions.jsonl
36101d42826ce91a0f473a8f864f5172b5093e85659b53a6cdceb120bd3449be	60	screening-v1/batch-0272/final.txt
21ffa8a2a8320c3714080e924ece063c0247b565a66d837cd66e7f5ec3be0e6d	47827	screening-v1/batch-0272/input.md
e603f251ea3abcc7558266e8985f787bf81a88d9cdbb657a0f3d720f88700a64	450	screening-v1/batch-0272/run.json
e3b0c44298fc1c149afbf4c8996fb92427ae41e4649b934ca495991b7852b855	0	screening-v1/batch-0272/stderr.txt
d2c78a545e32f0911bd2c76dbdd83468b9a3b1be5d9b9cce350f43402b49ed18	86	screening-v1/batch-0272/submit_screening
1453f0e5437fb608584a1a3d8ea521aeffd7bd1cd771735ec08d0974858d2da3	8310	screening-v1/batch-0272/trace.jsonl
dcaf9fe7e9f51ea66fb47717d9d19a4e3f0e0a497117cb92cf312a6ac3dd9a3b	5807	screening-v1/batch-0273/batch.json
e6aaab02157e35d68a0ce8beebce591f658bcc5f600f1dcb90d5e5551ce9dd33	3800	screening-v1/batch-0273/decisions.jsonl
0887b8646de2525941e76970d4be92dc9e4159f758e803b539b98c7395dfb0b6	78	screening-v1/batch-0273/final.txt
161e31efb2de8f3d6a8a896d7ae4f672161acb7029be2016411fb558e7142439	47926	screening-v1/batch-0273/input.md
bde4a4f5c5d80842a3b8db50f575d63d1d79498377d21880d5f7be54c6053bc1	450	screening-v1/batch-0273/run.json
e3b0c44298fc1c149afbf4c8996fb92427ae41e4649b934ca495991b7852b855	0	screening-v1/batch-0273/stderr.txt
d2c78a545e32f0911bd2c76dbdd83468b9a3b1be5d9b9cce350f43402b49ed18	86	screening-v1/batch-0273/submit_screening
f1d5f52c750ba68f6bb74d795e17d41df0bbe83dfee7813b30894f78b0bd456a	8485	screening-v1/batch-0273/trace.jsonl
1982c1e6066899b9efd5efb94d6e99ebcd4558ad95effcfda525342d7e7d5281	5692	screening-v1/batch-0274/batch.json
4812405f13bb9cf09c751d8c912151cfbf1e4c7b6d4df0301d05466805cd69bf	3608	screening-v1/batch-0274/decisions.jsonl
3d0a364f0963b4b9ab16a9085adb9cae90888b0a0e0c7d603af753e5cd0fe79d	89	screening-v1/batch-0274/final.txt
57fff2447a9b22a797ec6e4a29813248310421353406f8063f155e9590dceb9e	45631	screening-v1/batch-0274/input.md
f06293aa26c1b4d43dd2014f52d3a7a08363a845c64e772aae09d31b872c53b3	450	screening-v1/batch-0274/run.json
e3b0c44298fc1c149afbf4c8996fb92427ae41e4649b934ca495991b7852b855	0	screening-v1/batch-0274/stderr.txt
d2c78a545e32f0911bd2c76dbdd83468b9a3b1be5d9b9cce350f43402b49ed18	86	screening-v1/batch-0274/submit_screening
f96cafe399b910554f8ca9874ab0b093690f8d3d6466a039a7bc68fc0e5c0568	8421	screening-v1/batch-0274/trace.jsonl
58f9a8168bcb8dcaea49ffdda7991b5e1aa9ffbd133885718780a870245167e6	5825	screening-v1/batch-0275/batch.json
d4caf17118949aa63f09e39fecb23f13911f033b016535e9fe041283ffce72ec	3932	screening-v1/batch-0275/decisions.jsonl
d2d159238b775a00db4b5fd135f20b4b892ed648fd8c60ba7d65800597ada474	66	screening-v1/batch-0275/final.txt
38648e71c2447f55a6298a52146c224a4eb4f5cef7ab67bc11b86ff6707c116a	47946	screening-v1/batch-0275/input.md
a17391285e5a7303ccc5b907444f8ff2f32e0e0db15a6d3b503d0bfdf4920250	450	screening-v1/batch-0275/run.json
e3b0c44298fc1c149afbf4c8996fb92427ae41e4649b934ca495991b7852b855	0	screening-v1/batch-0275/stderr.txt
d2c78a545e32f0911bd2c76dbdd83468b9a3b1be5d9b9cce350f43402b49ed18	86	screening-v1/batch-0275/submit_screening
30d7c6c035449e1e1f47dddc2e154c735f4d8d85be0ee62c780b13b4d2e7c342	8623	screening-v1/batch-0275/trace.jsonl
979a32b4917a463d173df68c0f4ced27267de94ef6bbbf2ae67aef3343342e50	6128	screening-v1/batch-0276/batch.json
4077691e987fb4acf5a330ba35f63f4b4da39fc5ee91f77385c887b2d5a998d5	3572	screening-v1/batch-0276/decisions.jsonl
23a75b1ba4f65b54f62e596d1d6cdcf5f10199bb7d17da6ac2a15905a894247e	78	screening-v1/batch-0276/final.txt
eac3637232af09f572cd9f907c133df0847297e91524ab98dcf93d20002acd27	51460	screening-v1/batch-0276/input.md
294552a7fce457e6bfde833f79186eeade257b5f88565350ce438d7b372cdd6b	450	screening-v1/batch-0276/run.json
e3b0c44298fc1c149afbf4c8996fb92427ae41e4649b934ca495991b7852b855	0	screening-v1/batch-0276/stderr.txt
d2c78a545e32f0911bd2c76dbdd83468b9a3b1be5d9b9cce350f43402b49ed18	86	screening-v1/batch-0276/submit_screening
df37a10c9a938fd1404aab8e088c75df6e0e5df013c8737f54cc7918ebaf655b	14508	screening-v1/batch-0276/trace.jsonl
bc0310cac0db3c9bfee8659aa865f92c77a781034588d96b3cb37ce482637ad7	5635	screening-v1/batch-0277/batch.json
78e8631bc819f281c8f8a30bb5710a65ef2068b1e334ebd5dce005d5542b9b1c	3759	screening-v1/batch-0277/decisions.jsonl
18da08c079240c211bdf1712f68fc4edf50ee2e43135aaf9ec189bc707984e55	82	screening-v1/batch-0277/final.txt
2464e0b598dc7f6b4febeef9a0753ee37f3ca85f7ff9eda691fca6f587abb46a	51778	screening-v1/batch-0277/input.md
02d4a235bb878e336b0ae48acc71099b83c66b2f6edcafae25452e26dfcd7230	450	screening-v1/batch-0277/run.json
e3b0c44298fc1c149afbf4c8996fb92427ae41e4649b934ca495991b7852b855	0	screening-v1/batch-0277/stderr.txt
d2c78a545e32f0911bd2c76dbdd83468b9a3b1be5d9b9cce350f43402b49ed18	86	screening-v1/batch-0277/submit_screening
99a7dadfd80b590132cc38b9797973131ad264ca9393481b33026f6f69e468c9	8634	screening-v1/batch-0277/trace.jsonl
406ac71bdaa7fc2f53146c7b640ddceffeac04119504d52de43f635556ef114a	6030	screening-v1/batch-0278/batch.json
d478828911ef7debc28620341c4135dec487a22c5b2248be48436400e0710932	3598	screening-v1/batch-0278/decisions.jsonl
3f4a2dc23055ece6adc8f78e51ff19879c5f4cbbba89d75be27f172f164c74f7	78	screening-v1/batch-0278/final.txt
4c3e194040a7b489de96128dcc9e3bb7910b263c97fd71071459e3b489a7ad35	50222	screening-v1/batch-0278/input.md
fca0414ba1eb7de7d1126d47637451b159f47bb3d2cd5050d2400d00f3cb0e93	450	screening-v1/batch-0278/run.json
e3b0c44298fc1c149afbf4c8996fb92427ae41e4649b934ca495991b7852b855	0	screening-v1/batch-0278/stderr.txt
d2c78a545e32f0911bd2c76dbdd83468b9a3b1be5d9b9cce350f43402b49ed18	86	screening-v1/batch-0278/submit_screening
906b50a30024d7ba5a77329f945db7ef73985bef7450e163f901b0d6272dc2c6	8548	screening-v1/batch-0278/trace.jsonl
b42e87c27bac088786ce5ac2c5193908f40178ad0a73795777c8c171b665367b	5393	screening-v1/batch-0279/batch.json
4c88fe48c0be2b6c0ab3c3f8ca615922e62792beb45139ea44677b98bcb8f032	3665	screening-v1/batch-0279/decisions.jsonl
d8d3f566fa79885f3f0c2f869c71abc9ecdb2a116da1a9ce4ea8db8df8497254	70	screening-v1/batch-0279/final.txt
4acf6228843429b165227cd413650b498078183a8cbbf9a20ce83168cd6e1998	47607	screening-v1/batch-0279/input.md
4fe486100b584b72a0fa2c4b446dcfc883624ca3a2220edcbef0932641b249e9	450	screening-v1/batch-0279/run.json
e3b0c44298fc1c149afbf4c8996fb92427ae41e4649b934ca495991b7852b855	0	screening-v1/batch-0279/stderr.txt
d2c78a545e32f0911bd2c76dbdd83468b9a3b1be5d9b9cce350f43402b49ed18	86	screening-v1/batch-0279/submit_screening
26a0696336a0e16d60a8d51706b214ebc5c11bf028965a93f05b5ed0f0b7d90e	14679	screening-v1/batch-0279/trace.jsonl
81a2d2b6a861c1e4a2f0f42df61635119fe10db967f14de35eeef69fbae7fd28	5579	screening-v1/batch-0280/batch.json
177ad82b032221a19bcb276cf1141639777bceff7e0879493198fcd4078a786c	3596	screening-v1/batch-0280/decisions.jsonl
660c77ce3be670bd3345dfa8e90ef6a08eb10783dc93c444ecbf5de0cbecd144	73	screening-v1/batch-0280/final.txt
5f3658b47ed6cefcc5f3077c4565171aea7a16439ad1204217a0a237287d7cd5	47223	screening-v1/batch-0280/input.md
7d05997b371f2eab85ae419e3b1d05460b278506de0c8cee94bd6ccb2bf23657	450	screening-v1/batch-0280/run.json
e3b0c44298fc1c149afbf4c8996fb92427ae41e4649b934ca495991b7852b855	0	screening-v1/batch-0280/stderr.txt
d2c78a545e32f0911bd2c76dbdd83468b9a3b1be5d9b9cce350f43402b49ed18	86	screening-v1/batch-0280/submit_screening
6d9107574df683eef7443c48e4027c703eec68b1c487adb9ab73dc0b6be5144b	7976	screening-v1/batch-0280/trace.jsonl
f6932c369cee8800a1a26339e8aaed2da33a31d83cca79eb318e15ba32931d08	5330	screening-v1/batch-0281/batch.json
5861b9bdeaf902a9f403e0fea93d3303afe624d91ef5f0c312eec827a7aede73	4114	screening-v1/batch-0281/decisions.jsonl
d8d3f566fa79885f3f0c2f869c71abc9ecdb2a116da1a9ce4ea8db8df8497254	70	screening-v1/batch-0281/final.txt
2b9944ae2c29acc4f2067bf1feda4e32f3bfdb89a5e3b2f75c4d8a8f0a4abfb4	45558	screening-v1/batch-0281/input.md
7064335b2c83460396e334095e0dc318bca44578cf11c4de555708876f4dcd36	450	screening-v1/batch-0281/run.json
e3b0c44298fc1c149afbf4c8996fb92427ae41e4649b934ca495991b7852b855	0	screening-v1/batch-0281/stderr.txt
d2c78a545e32f0911bd2c76dbdd83468b9a3b1be5d9b9cce350f43402b49ed18	86	screening-v1/batch-0281/submit_screening
f83ca2d9c2a5702a75fb16ec71ebe114f748c47f87ddb982cd4e758b0558883e	15606	screening-v1/batch-0281/trace.jsonl
51e4610cfdf5bd5eae5f45d5fa211bd0d4844a250759465dea6678a0943ba1c3	5676	screening-v1/batch-0282/batch.json
a6689fec598a650cd73e3d60d10cba36d5b9baedd596b2969e16c5c0ae6eeaa6	3944	screening-v1/batch-0282/decisions.jsonl
23a75b1ba4f65b54f62e596d1d6cdcf5f10199bb7d17da6ac2a15905a894247e	78	screening-v1/batch-0282/final.txt
01c7c963ca5aace0b5118fcc35df9748b6b4aca137213cc3f038500e797103e3	47584	screening-v1/batch-0282/input.md
ba64f1f037ec5e6401d23dbc7b7223d395cba332f9bc2a17d496edaa08e3b33a	450	screening-v1/batch-0282/run.json
e3b0c44298fc1c149afbf4c8996fb92427ae41e4649b934ca495991b7852b855	0	screening-v1/batch-0282/stderr.txt
d2c78a545e32f0911bd2c76dbdd83468b9a3b1be5d9b9cce350f43402b49ed18	86	screening-v1/batch-0282/submit_screening
19e0baf09987301fc40f2d05dce9ebeba35fee9d591b75266d80dc2b38881b19	11654	screening-v1/batch-0282/trace.jsonl
ae6f32ee5ad327322339a7f661a913c590d9a2738b41c550a280a26e46deb8f1	5475	screening-v1/batch-0283/batch.json
52a23c95d10cc74f03e97157e70a8998b15b16de0b8263bc4f624b1f1b9927a9	3602	screening-v1/batch-0283/decisions.jsonl
41c4f07a292062af7f979ee89f187936c09df5016404945200e28af0fe8dc0e3	67	screening-v1/batch-0283/final.txt
d7a55dd0cc23eed57feff99c20afdca3672d976067509272bb27663104b17e31	45499	screening-v1/batch-0283/input.md
6ca444c43906febd41b4d408e5f48229bf2b203b69ff225a8670b949c056a182	450	screening-v1/batch-0283/run.json
e3b0c44298fc1c149afbf4c8996fb92427ae41e4649b934ca495991b7852b855	0	screening-v1/batch-0283/stderr.txt
d2c78a545e32f0911bd2c76dbdd83468b9a3b1be5d9b9cce350f43402b49ed18	86	screening-v1/batch-0283/submit_screening
36c42190d02237c153b258a31367f27fdd0baf7d7069fd71a633442321ad97c2	8701	screening-v1/batch-0283/trace.jsonl
21525ef4830448af4ea76e28e2eefdd8a02dc981a404207ceb7120105e213f64	5680	screening-v1/batch-0284/batch.json
f335029702e3bb776479546cbc01d8990cd83731dfadb8b4313acbf1f25236bf	3656	screening-v1/batch-0284/decisions.jsonl
67e1405cca3676492de054f7a4efaab8b1b443f6ee82a04a74b4d9d782548c5d	89	screening-v1/batch-0284/final.txt
d6452a202aba61bb1282ce1c326fd2c4d65ec13d69f9006acdcbae6705ad369d	46520	screening-v1/batch-0284/input.md
cb63b3666cd6dbc928acf3edbb757c3bea26df2b444b49e7de5d75bfd244a5b5	450	screening-v1/batch-0284/run.json
e3b0c44298fc1c149afbf4c8996fb92427ae41e4649b934ca495991b7852b855	0	screening-v1/batch-0284/stderr.txt
d2c78a545e32f0911bd2c76dbdd83468b9a3b1be5d9b9cce350f43402b49ed18	86	screening-v1/batch-0284/submit_screening
eaf56ea81dc4012216e303b062fdcc33f4593dce2a869cdee80fe007fda4e46d	8190	screening-v1/batch-0284/trace.jsonl
ccbab0489fe5cb01518634fb012371a6d5177f3351b7a20b55c7e55ec6606b4d	5944	screening-v1/batch-0285/batch.json
888292cd20bba461f76c19f0130435e5bfacdf17431e43040f74b819dc6afaab	3410	screening-v1/batch-0285/decisions.jsonl
cf0c22cb98a8d7b0198b01c6418fa27c48963c506029294b047c29cbac487a69	77	screening-v1/batch-0285/final.txt
fd7ddf3903fb6071d6c5306c07aaaadfbe7c87e99a4ac3c81ebf29772596e5cc	48015	screening-v1/batch-0285/input.md
438e0abe637219754c9a9f5b6389f587494c1bebb50bcfe58db5da8c2c5efeea	450	screening-v1/batch-0285/run.json
e3b0c44298fc1c149afbf4c8996fb92427ae41e4649b934ca495991b7852b855	0	screening-v1/batch-0285/stderr.txt
d2c78a545e32f0911bd2c76dbdd83468b9a3b1be5d9b9cce350f43402b49ed18	86	screening-v1/batch-0285/submit_screening
2c727339a1c633cf0efe0e320df37e8fceba436bce380b5065f5503932407117	8194	screening-v1/batch-0285/trace.jsonl
e634953723e245c9b0294e13c842f5acf0f73f474c5a222fca285f8d3babf398	5461	screening-v1/batch-0286/batch.json
c1f40815d1c28db5d4d44672d2dfaf459136b687f7e0fd078a4b91da5bd872df	3496	screening-v1/batch-0286/decisions.jsonl
8e4a2f24165e9f90e4a8a1db1ef942a4ac7f0bd0996873b782cca3199203a2c2	69	screening-v1/batch-0286/final.txt
ac18f4db9f106374c83e63a0d0c834fcd25391d93f7e3810ac9ed592691fdb11	38954	screening-v1/batch-0286/input.md
917285acde7eebabf4e38459cd253de09f1261609cdcbd40e4ab66a0a42e1100	450	screening-v1/batch-0286/run.json
e3b0c44298fc1c149afbf4c8996fb92427ae41e4649b934ca495991b7852b855	0	screening-v1/batch-0286/stderr.txt
d2c78a545e32f0911bd2c76dbdd83468b9a3b1be5d9b9cce350f43402b49ed18	86	screening-v1/batch-0286/submit_screening
b1c1383bef6f748430b4755d0bab04855a3b9f8b75ca36a5a6211132ffeef5d1	7840	screening-v1/batch-0286/trace.jsonl
0003d7c05040c90a910d006cf67efb1a8e49d9002cd6b085ccbf53270508a06b	5533	screening-v1/batch-0287/batch.json
2ad67de68f20f8774f90a9fd5f4b02c7d3876db2023c4bc2846a4ce53fda7f1c	3662	screening-v1/batch-0287/decisions.jsonl
057665454462b2baea8696ca9e229efd1855cef45a68f2d94ef320623d7dceca	79	screening-v1/batch-0287/final.txt
bfd1c162c6911977572a7a3e96b480df65027ca74a69864b0f34ae6104ce4044	49186	screening-v1/batch-0287/input.md
289f0b462cd930969b37f30b33327726c979f199112ff5878bfe670db9eecd08	450	screening-v1/batch-0287/run.json
e3b0c44298fc1c149afbf4c8996fb92427ae41e4649b934ca495991b7852b855	0	screening-v1/batch-0287/stderr.txt
d2c78a545e32f0911bd2c76dbdd83468b9a3b1be5d9b9cce350f43402b49ed18	86	screening-v1/batch-0287/submit_screening
886440515dd3934b0d1b8fa21fab2be6d290717a7af6aeddbb66dffd364e4a07	8660	screening-v1/batch-0287/trace.jsonl
cd08b2bad88e1699bed3c98103d653c650556a7eaba01ecf201e60a4bfa4e137	5464	screening-v1/batch-0288/batch.json
f9b67b2a164d0806d2ed766ebf6c9c9a96ecff8e65ff7f5d49771081fc5e8630	3411	screening-v1/batch-0288/decisions.jsonl
67e1405cca3676492de054f7a4efaab8b1b443f6ee82a04a74b4d9d782548c5d	89	screening-v1/batch-0288/final.txt
698f2a654941b90b622622766a2c953daa187db56e65b1bcad7f3c6e804fc13c	46232	screening-v1/batch-0288/input.md
526c207773b2d12209257ee5fcad6e260a9e155888aca5971d545a40f4c98513	450	screening-v1/batch-0288/run.json
e3b0c44298fc1c149afbf4c8996fb92427ae41e4649b934ca495991b7852b855	0	screening-v1/batch-0288/stderr.txt
d2c78a545e32f0911bd2c76dbdd83468b9a3b1be5d9b9cce350f43402b49ed18	86	screening-v1/batch-0288/submit_screening
ea5d549f1d8ac043da790fe74de37f09fd44cbd9081b41dc4bcdce57f0d98db3	7694	screening-v1/batch-0288/trace.jsonl
d3a767450a76a04317301d6ae91b22a93c73d6752f89d9799b0490892b206db4	5339	screening-v1/batch-0289/batch.json
ba2599611891d7734c9f44b7f68169cb21105a917a512683265f264efe09facc	3385	screening-v1/batch-0289/decisions.jsonl
01da75f35c59f3599b00edb2a467cb0f97025f4318d73f3506ab8416bc9e981c	83	screening-v1/batch-0289/final.txt
115f1e8ad0fb3e2b1239e7fe1b0c8f967ab99ae5022b477b41da2ef872df5ef9	46101	screening-v1/batch-0289/input.md
c5d6ef2bfa114b7f8930baa99260c86f9133b19df1feb55bdfe9b149a682ba2d	450	screening-v1/batch-0289/run.json
e3b0c44298fc1c149afbf4c8996fb92427ae41e4649b934ca495991b7852b855	0	screening-v1/batch-0289/stderr.txt
d2c78a545e32f0911bd2c76dbdd83468b9a3b1be5d9b9cce350f43402b49ed18	86	screening-v1/batch-0289/submit_screening
be7cbb374cffb4b71b171d06c91bcc5336bab0ae2a43bcc550fab924a5c12080	7824	screening-v1/batch-0289/trace.jsonl
43b07b693cff8818280fcf861b332786f20c28f0280f3f06b5d0bf0876789dfb	5539	screening-v1/batch-0290/batch.json
b3d18176502565c766f9a2c72ca206e416c3b889c7399db5e295b7fc7641c2b2	3811	screening-v1/batch-0290/decisions.jsonl
23a75b1ba4f65b54f62e596d1d6cdcf5f10199bb7d17da6ac2a15905a894247e	78	screening-v1/batch-0290/final.txt
372082cfdaa0e25512c2f00fbc4d8013c083927a6758174b943d6c691f562699	52754	screening-v1/batch-0290/input.md
3e99ee7e1dec60ded3666a04fbd4a5b100176dde04905a6b00625d6f4738a8a4	450	screening-v1/batch-0290/run.json
e3b0c44298fc1c149afbf4c8996fb92427ae41e4649b934ca495991b7852b855	0	screening-v1/batch-0290/stderr.txt
d2c78a545e32f0911bd2c76dbdd83468b9a3b1be5d9b9cce350f43402b49ed18	86	screening-v1/batch-0290/submit_screening
9fdf9c1f288f8ba05a2a3a7266ea37a6a2e763145c9e89384b311a81436b4c63	14978	screening-v1/batch-0290/trace.jsonl
12c6be65995eefff1ea2322dbbd5cffb31c2a8312c60da798c1924baa8610dc5	5580	screening-v1/batch-0291/batch.json
90cd8ffa702f10707e7a4aa7ddf240e9463550c9af24ea7011442fce1c9e88c2	3550	screening-v1/batch-0291/decisions.jsonl
d2d159238b775a00db4b5fd135f20b4b892ed648fd8c60ba7d65800597ada474	66	screening-v1/batch-0291/final.txt
44369c48d5e71f4a53f9cf9997fb65cfb7fe3e63d1b1bc2bd7f420e927a7f17e	44803	screening-v1/batch-0291/input.md
bbcaa8e4b1e059ad43c0f49082f017c283462d645e5d9cbc79e0ea89d19f0ae6	450	screening-v1/batch-0291/run.json
e3b0c44298fc1c149afbf4c8996fb92427ae41e4649b934ca495991b7852b855	0	screening-v1/batch-0291/stderr.txt
d2c78a545e32f0911bd2c76dbdd83468b9a3b1be5d9b9cce350f43402b49ed18	86	screening-v1/batch-0291/submit_screening
d6c9b244f9356c6f2180db167ef66b2694390af3f3f1df1fc8efb1e6372b111b	8137	screening-v1/batch-0291/trace.jsonl
c35d94483f7dddd35990795c16533e05fede01e87940922ee99197970a569c81	5724	screening-v1/batch-0292/batch.json
21e8bbbe59a88839ed2af201f74467fa1cd58fc6653bd56487c46ada0918ed46	3721	screening-v1/batch-0292/decisions.jsonl
d2b1781c93406c36a29412426399ae689b901fda002c92986bf3790e888d34c0	73	screening-v1/batch-0292/final.txt
b0275fa6b6ec192ae4d36b9ef22a7ceb3c0b28a7a612ec224b85cd14d845b03e	45800	screening-v1/batch-0292/input.md
55952e0e3a9024fd7016b8295961e4be345363912495a45f89b21e8873429922	450	screening-v1/batch-0292/run.json
e3b0c44298fc1c149afbf4c8996fb92427ae41e4649b934ca495991b7852b855	0	screening-v1/batch-0292/stderr.txt
d2c78a545e32f0911bd2c76dbdd83468b9a3b1be5d9b9cce350f43402b49ed18	86	screening-v1/batch-0292/submit_screening
b7a1558930ca21c3d0e4ce6ba6de7e33c9b841a20ce222c4f7c14153ad738377	8470	screening-v1/batch-0292/trace.jsonl
b87ed4589306390a59c79a4a833154ff3e5e631934f6139d3b70bb3edb53bbcf	5582	screening-v1/batch-0293/batch.json
86b934a73b758df6d6931a1bcb515ecead2c6355af5d903f9eeb951a0da68089	4006	screening-v1/batch-0293/decisions.jsonl
23a75b1ba4f65b54f62e596d1d6cdcf5f10199bb7d17da6ac2a15905a894247e	78	screening-v1/batch-0293/final.txt
1e81329078eaa3dc6804ae9145cadf28e561369d49af7b0ee9189cbf54ed23c3	44983	screening-v1/batch-0293/input.md
9affbdf93a97d939ceac9f3b818aae73935bac325b24464b20ec56cbcb76ecf8	450	screening-v1/batch-0293/run.json
e3b0c44298fc1c149afbf4c8996fb92427ae41e4649b934ca495991b7852b855	0	screening-v1/batch-0293/stderr.txt
d2c78a545e32f0911bd2c76dbdd83468b9a3b1be5d9b9cce350f43402b49ed18	86	screening-v1/batch-0293/submit_screening
4fe45fa842fb2b20026f4df99c44f51c363d966d735d8038dff2f2070d33c21b	9351	screening-v1/batch-0293/trace.jsonl
b233aa0db6e1e42f6a0052f2270b81426f222e4249fd8e7e2a9b2f0eca56c686	5686	screening-v1/batch-0294/batch.json
c349a4ffe8b4b72b0545ad0907a23f3c44a25d764492beef05d82b810ec56559	3355	screening-v1/batch-0294/decisions.jsonl
af4f0344beb3adca4142f815fb4429ef9104c95b06fbafdd7c7e5304fabb1dcc	57	screening-v1/batch-0294/final.txt
8d7ef40318bca2bc6351d1c18c01dd3b09d7df02538d386cb02685960d1a6e32	44974	screening-v1/batch-0294/input.md
92c80a9c427622fab63138f3814ba59dd56fe24cc993d73ede58a6f1d757a8e7	450	screening-v1/batch-0294/run.json
e3b0c44298fc1c149afbf4c8996fb92427ae41e4649b934ca495991b7852b855	0	screening-v1/batch-0294/stderr.txt
d2c78a545e32f0911bd2c76dbdd83468b9a3b1be5d9b9cce350f43402b49ed18	86	screening-v1/batch-0294/submit_screening
4b9217940733a19d2d60055f63954daf97c3efeb32f1c6f78f6fcd8d5f794459	14055	screening-v1/batch-0294/trace.jsonl
3eb9fb312db691723d7c9b68691323c745097962396c6d3650aa77c24a10b318	5376	screening-v1/batch-0295/batch.json
f29f06167f0ae9d2a9aa537e94c1c0da0e97afb1972187c271a6d34a390b8945	3930	screening-v1/batch-0295/decisions.jsonl
8a7293b3e7626cd6aa853d9ed083ee9ac12aee8e8dbf625ca4913d6a3f7f61fa	83	screening-v1/batch-0295/final.txt
9629ca97c8c222360b2aa512b359c6e9a5d4bb6790f38099f51bcce82fa457dd	44418	screening-v1/batch-0295/input.md
3fee3c8a5ab82efb73ff1568f0ef368ef35b0f8daed2f40bad643be8f2117a75	450	screening-v1/batch-0295/run.json
e3b0c44298fc1c149afbf4c8996fb92427ae41e4649b934ca495991b7852b855	0	screening-v1/batch-0295/stderr.txt
d2c78a545e32f0911bd2c76dbdd83468b9a3b1be5d9b9cce350f43402b49ed18	86	screening-v1/batch-0295/submit_screening
9dee83804b15c296516e1d6458751d8f8858d491c9226dc5612b877c4ce8f0e2	9213	screening-v1/batch-0295/trace.jsonl
b7253e64267ed34679bee6c96ef968aba08a0042507564af4864349416911308	5389	screening-v1/batch-0296/batch.json
2f9318efe8eb25f47178139044fb8241d2e2d8a9c5e806ddf0cd55ae26a33af0	3718	screening-v1/batch-0296/decisions.jsonl
d2d159238b775a00db4b5fd135f20b4b892ed648fd8c60ba7d65800597ada474	66	screening-v1/batch-0296/final.txt
63d3412864bfc970cc12962e6d82cc5d44476ad2c4261796a20897665cc8342b	43510	screening-v1/batch-0296/input.md
460a4ee3ef6a57811fddb538bf360401da53ccc4eb3b6d7c26d9646ff0845fb1	450	screening-v1/batch-0296/run.json
e3b0c44298fc1c149afbf4c8996fb92427ae41e4649b934ca495991b7852b855	0	screening-v1/batch-0296/stderr.txt
d2c78a545e32f0911bd2c76dbdd83468b9a3b1be5d9b9cce350f43402b49ed18	86	screening-v1/batch-0296/submit_screening
451ead7876e2752f59267035ebacdeaf1abbab8b6aa9e28c070a54cbe9ed59ec	8472	screening-v1/batch-0296/trace.jsonl
e3c72b8d47be412141574644b2da37e40bdaff6d38cc9470b1e6ee4d208002ae	5355	screening-v1/batch-0297/batch.json
fd4fc64ded6363072b0283d4d91b72936f7c58067334502dc2452a4d655a6eb7	3747	screening-v1/batch-0297/decisions.jsonl
26b464a49978e911f6d7b83e867dd1679228ef71f91db6bb51f1720fba2ba412	68	screening-v1/batch-0297/final.txt
a44c4091545ae0d094be93939b08ba06adf91b4fb4767ff76c319dd05519b9fd	48685	screening-v1/batch-0297/input.md
bcd6e3c31c9d23124e6480ca1b8bb0e281dce6e2852cbb90ff333d4e5ccba807	450	screening-v1/batch-0297/run.json
e3b0c44298fc1c149afbf4c8996fb92427ae41e4649b934ca495991b7852b855	0	screening-v1/batch-0297/stderr.txt
d2c78a545e32f0911bd2c76dbdd83468b9a3b1be5d9b9cce350f43402b49ed18	86	screening-v1/batch-0297/submit_screening
80a8a9c42ee4f3f4a80fbbd7ad3abe05c6193743117277d4f03999ab585f5b54	8604	screening-v1/batch-0297/trace.jsonl
dda449ac43cb88d081047b2371f09d437b0d84251eb769609bb4f78704dbc311	5731	screening-v1/batch-0298/batch.json
4dd4990a11a770b701716c117bef47e6afc1121aef19616a7588b92abd887b76	3748	screening-v1/batch-0298/decisions.jsonl
67e1405cca3676492de054f7a4efaab8b1b443f6ee82a04a74b4d9d782548c5d	89	screening-v1/batch-0298/final.txt
84e53f10eb3b78de22dc560e2b36371298d0508e7a730f8072ae07a46a608b59	48728	screening-v1/batch-0298/input.md
53c7425c7be3fb370fa342ee9fcecb6ddc27a2f0d420e97060d9057955fac93f	450	screening-v1/batch-0298/run.json
e3b0c44298fc1c149afbf4c8996fb92427ae41e4649b934ca495991b7852b855	0	screening-v1/batch-0298/stderr.txt
d2c78a545e32f0911bd2c76dbdd83468b9a3b1be5d9b9cce350f43402b49ed18	86	screening-v1/batch-0298/submit_screening
63ae3510626ea93c3a92e7ef2ec8ae4ca9c7fcdd6084e792c2f5fdccfcc46e1d	8624	screening-v1/batch-0298/trace.jsonl
d76dde8f452e622abed5b647e42f6ea59ee4e975f95767ba0ad3d54a09585c99	5674	screening-v1/batch-0299/batch.json
3f62b73eb97576bd0693a06dca888e45afb643af99219ac57db56ac45f3dbcc2	3860	screening-v1/batch-0299/decisions.jsonl
c3eb5f356a60919ae36e6ac7896161b7fd9d2b732168aff45c1dbea98362f66f	71	screening-v1/batch-0299/final.txt
b638093708cf3f72f43550b077e280f61ab754cddd615c4e330b4e4fa28b3ad5	50894	screening-v1/batch-0299/input.md
d461fba6c501375a4b27c9a411b2c2d410b0b9f8c00f25a6b0b3d5bafd3cb591	450	screening-v1/batch-0299/run.json
e3b0c44298fc1c149afbf4c8996fb92427ae41e4649b934ca495991b7852b855	0	screening-v1/batch-0299/stderr.txt
d2c78a545e32f0911bd2c76dbdd83468b9a3b1be5d9b9cce350f43402b49ed18	86	screening-v1/batch-0299/submit_screening
accd3e9f2c9ae7f6c53ad42cd58c9e3fb9c19935adfb7694b4148b9c3af03158	8508	screening-v1/batch-0299/trace.jsonl
a6a03c732ec87edc4234cca94a4c11072c09c11e3c53f9b92ed53d1fcf53b951	5755	screening-v1/batch-0300/batch.json
739fd02179190837e7a637fa7e6b6f204ceea5eccd3328578e50cb940a4f2bab	3738	screening-v1/batch-0300/decisions.jsonl
ac9b8e030141cde97982de4a2a1e2c621b3a07354789992cebc9573dfd9dbf88	72	screening-v1/batch-0300/final.txt
f0a792c1476f814bf8f9f5be731ebe620cf2cac2969684f485adcd534e8b043b	41424	screening-v1/batch-0300/input.md
436b24652192b2f9b7c730aff95132ea532a767bff12152ce1cdd12b406ec362	450	screening-v1/batch-0300/run.json
e3b0c44298fc1c149afbf4c8996fb92427ae41e4649b934ca495991b7852b855	0	screening-v1/batch-0300/stderr.txt
d2c78a545e32f0911bd2c76dbdd83468b9a3b1be5d9b9cce350f43402b49ed18	86	screening-v1/batch-0300/submit_screening
221b1db0ded10499fd2a92661a712a44cfc82ecce5ea086b4580f9fa2725be55	14854	screening-v1/batch-0300/trace.jsonl
f033e808b701f26766520d55c2c72a8e0795336e2fc5c0f148d0be0d3051b851	5401	screening-v1/batch-0301/batch.json
5a17920dc64ffddc34ef851febb754ff25ecea33d8197f71e466788e3ac69100	3459	screening-v1/batch-0301/decisions.jsonl
cf0c22cb98a8d7b0198b01c6418fa27c48963c506029294b047c29cbac487a69	77	screening-v1/batch-0301/final.txt
c5aa6421d50fc38a523839992be6ba25cc676cc5aa5387cd473c3fb481b599bf	67083	screening-v1/batch-0301/input.md
ccb2d7145c7e05f088aecd14a55e6d0826b0bc09157626f7ec96f1b98585633b	450	screening-v1/batch-0301/run.json
e3b0c44298fc1c149afbf4c8996fb92427ae41e4649b934ca495991b7852b855	0	screening-v1/batch-0301/stderr.txt
d2c78a545e32f0911bd2c76dbdd83468b9a3b1be5d9b9cce350f43402b49ed18	86	screening-v1/batch-0301/submit_screening
70044c9f8c9dbcb90b4c042cf5a717a167107766a75d37f2e01143665066ac6f	8337	screening-v1/batch-0301/trace.jsonl
308c55dc5b2ac39dd55c22d13f9296ffb0c72d814e84e5df654362cb7128793b	5473	screening-v1/batch-0302/batch.json
4e7de5cb4b456dc81d2c41a6c126d5856ef36e675c99c61956ec773f73eba520	3554	screening-v1/batch-0302/decisions.jsonl
1ec75ecb2f77f4ec994098b19855fac2bda65e468dc3a0d1e23dd3efab12b720	85	screening-v1/batch-0302/final.txt
57770f37142d67203f98cae79d58c6683df47b04efe16bdbfec06ba0fd6f48da	43338	screening-v1/batch-0302/input.md
88bfffc3866f7d4ded3611f22a237ec22b81d3310e15eeb413dd8349f720c0e3	450	screening-v1/batch-0302/run.json
e3b0c44298fc1c149afbf4c8996fb92427ae41e4649b934ca495991b7852b855	0	screening-v1/batch-0302/stderr.txt
d2c78a545e32f0911bd2c76dbdd83468b9a3b1be5d9b9cce350f43402b49ed18	86	screening-v1/batch-0302/submit_screening
134756ecb1414fac691dcaf347b4250f62029dc806b730c38dd7811a0f66f2fc	14469	screening-v1/batch-0302/trace.jsonl
5e9d88b71f8dea1dff38bec9b67a998b6b9108be7d084144263af9b207ff4bf9	5388	screening-v1/batch-0303/batch.json
28020ca29cf65d2519243e085d448e692b16e8cb416b9d005cfbf7f49fd2da3e	3677	screening-v1/batch-0303/decisions.jsonl
67e1405cca3676492de054f7a4efaab8b1b443f6ee82a04a74b4d9d782548c5d	89	screening-v1/batch-0303/final.txt
26a38a779cf0d174b0ec7f47c3595d0fca8b81f9d4a470b1722c2a38c9975e3d	48256	screening-v1/batch-0303/input.md
17cb25ee65a61c1419324b2045a4a81de1a73858da600294df5f21231c448b5a	450	screening-v1/batch-0303/run.json
e3b0c44298fc1c149afbf4c8996fb92427ae41e4649b934ca495991b7852b855	0	screening-v1/batch-0303/stderr.txt
d2c78a545e32f0911bd2c76dbdd83468b9a3b1be5d9b9cce350f43402b49ed18	86	screening-v1/batch-0303/submit_screening
d74c410677df5360c64fe47691f9a63a0a04ef5d3469165aa0473bbcc2ac212c	8248	screening-v1/batch-0303/trace.jsonl
52c695c751c50392a15b02b56accde1796b1fd3c36161de3824fe831f97f2d27	5570	screening-v1/batch-0304/batch.json
72054911c676a6be4a8eb63f5e0a4d5480d06086c7d8b85da31cd9d22352f9df	4124	screening-v1/batch-0304/decisions.jsonl
41c4f07a292062af7f979ee89f187936c09df5016404945200e28af0fe8dc0e3	67	screening-v1/batch-0304/final.txt
c601b9e5fc466cd7ad2322bc262287f1065185ac260978bc3ae4f9e4bc7efc59	46421	screening-v1/batch-0304/input.md
8347153428f1873fc61f7a1bd224fc18a18222e9b1ee6d87da413616ffa0a924	450	screening-v1/batch-0304/run.json
e3b0c44298fc1c149afbf4c8996fb92427ae41e4649b934ca495991b7852b855	0	screening-v1/batch-0304/stderr.txt
d2c78a545e32f0911bd2c76dbdd83468b9a3b1be5d9b9cce350f43402b49ed18	86	screening-v1/batch-0304/submit_screening
b0ed399c1d31f29c59fe9415d9b6449c8d8387c3a11cf16738ff652f826f34a8	9269	screening-v1/batch-0304/trace.jsonl
fb4fff97c1e2ce278283c600c252d0101b50c8c7e883ad4929c55c539ea8e56b	5647	screening-v1/batch-0305/batch.json
3915b6162312c1994d18d8ecbb63aecd6f2a95c01c345e13481d6a7657789ad8	3892	screening-v1/batch-0305/decisions.jsonl
cf0c22cb98a8d7b0198b01c6418fa27c48963c506029294b047c29cbac487a69	77	screening-v1/batch-0305/final.txt
e75a5bddb6666c7ac4965dbf39b85128097001d352bf6afb6cb67142dab15658	51151	screening-v1/batch-0305/input.md
bfee5632d56d8b9de49396073c7242b2ddc6fbd30ce168002d2c529cdb91e671	450	screening-v1/batch-0305/run.json
e3b0c44298fc1c149afbf4c8996fb92427ae41e4649b934ca495991b7852b855	0	screening-v1/batch-0305/stderr.txt
d2c78a545e32f0911bd2c76dbdd83468b9a3b1be5d9b9cce350f43402b49ed18	86	screening-v1/batch-0305/submit_screening
c8d48ec97863ebe97f0de4de1a2237cbab5e2f79d248058d8ccfd8e7d8dc0079	15129	screening-v1/batch-0305/trace.jsonl
481838b965e93e30a5513c52f38ab7a7e89188352e80577a4013d5073b736445	5558	screening-v1/batch-0306/batch.json
4ad5dc7cef05a9c6a9dae4f6f2181597fc5254bbb344dfed9bfdfa0bc6060f23	3775	screening-v1/batch-0306/decisions.jsonl
abbd2442d4ebdf60b137ba02f9649114a3e71b069d7de09a24bed6338c159a62	70	screening-v1/batch-0306/final.txt
5ac294353dea8024fd35fc23d3cc0aed5bc7809a51ce03b464bf1b05015e3406	43860	screening-v1/batch-0306/input.md
839077f47c6b4dc9137fac372ee7e507abe57d4c2d3c50e8f6b21e278116aea0	450	screening-v1/batch-0306/run.json
e3b0c44298fc1c149afbf4c8996fb92427ae41e4649b934ca495991b7852b855	0	screening-v1/batch-0306/stderr.txt
d2c78a545e32f0911bd2c76dbdd83468b9a3b1be5d9b9cce350f43402b49ed18	86	screening-v1/batch-0306/submit_screening
bf9e068e078520a68fe5ae21e3482a7f1983233a9aefeccfbbed6596d9701f27	14895	screening-v1/batch-0306/trace.jsonl
c95e9b497bdcd95e28a0fe319f178298c5e3df6626895d1212f6534bfa4e7149	5783	screening-v1/batch-0307/batch.json
afc311be2f1621b30d581aed7d694ea6f0a90c1ec414dcb6efad4dc5730dd890	3437	screening-v1/batch-0307/decisions.jsonl
3f4a2dc23055ece6adc8f78e51ff19879c5f4cbbba89d75be27f172f164c74f7	78	screening-v1/batch-0307/final.txt
80f48c5991dea18ad6d599aee52f61f19d933aecaec237da11a2c45e17f47813	47342	screening-v1/batch-0307/input.md
fb135452370a6510ae9d093a28625b8ecdcc5a174f937f7f1e7e7e2b5a7758d8	450	screening-v1/batch-0307/run.json
e3b0c44298fc1c149afbf4c8996fb92427ae41e4649b934ca495991b7852b855	0	screening-v1/batch-0307/stderr.txt
d2c78a545e32f0911bd2c76dbdd83468b9a3b1be5d9b9cce350f43402b49ed18	86	screening-v1/batch-0307/submit_screening
cef9e80288e2b353679ca45d4003e1ee04faaadc066e7b960c82470c5e545309	14260	screening-v1/batch-0307/trace.jsonl
75bd8e8b680b929a863b99687ebb208772a58f09482d5df6fee0f3854251de48	5722	screening-v1/batch-0308/batch.json
2a68413bd078a7b2704ecb2e53c7999819d0578209245a5fa43c9922cde6f59a	3760	screening-v1/batch-0308/decisions.jsonl
3d0a364f0963b4b9ab16a9085adb9cae90888b0a0e0c7d603af753e5cd0fe79d	89	screening-v1/batch-0308/final.txt
059a343d658d01c5d2a59efccbbb965ecacac2f4ff5d58ed77527f2bf4f7f01e	44678	screening-v1/batch-0308/input.md
492eefa9180491ae8546d63fab50d48cbd8645abbe6d6f07d44ff3e1cb0f7b70	450	screening-v1/batch-0308/run.json
e3b0c44298fc1c149afbf4c8996fb92427ae41e4649b934ca495991b7852b855	0	screening-v1/batch-0308/stderr.txt
d2c78a545e32f0911bd2c76dbdd83468b9a3b1be5d9b9cce350f43402b49ed18	86	screening-v1/batch-0308/submit_screening
bd19d2e8a1a8f8481d6aa9949e9fd080ec172362f849b42240a58014529db531	8665	screening-v1/batch-0308/trace.jsonl
24c3874074b18e68d5bcbc3f33c616c79ccfc0b1e7a1a19d3fffd09d5bad0959	5501	screening-v1/batch-0309/batch.json
76ec24812ddcbcf5a2388c77001b195481d2936bb10576ecf394e75d4d7580d3	3643	screening-v1/batch-0309/decisions.jsonl
2e1193224ffcf8ddea34284147bf8123d2907f6a4b7793df9c6fd415e7a8202d	65	screening-v1/batch-0309/final.txt
82e5268b4bfd8c1ba6a93ef05cf941737ef35919659ed83a87936c2bd3eb871e	47487	screening-v1/batch-0309/input.md
8d8b3082fbf2ea82ada2a7072999f96f683a9894d4f51ef0318f5d9e22492ecd	450	screening-v1/batch-0309/run.json
e3b0c44298fc1c149afbf4c8996fb92427ae41e4649b934ca495991b7852b855	0	screening-v1/batch-0309/stderr.txt
d2c78a545e32f0911bd2c76dbdd83468b9a3b1be5d9b9cce350f43402b49ed18	86	screening-v1/batch-0309/submit_screening
0118f2e41cc62f0389409385c42f6947d2c5c4a41526c0bf0ef79d4eba371562	9236	screening-v1/batch-0309/trace.jsonl
7a15a0963db0d961ebe8ca07e1dc2e1e87503db691adbd8870e10d6dbd4292f3	5434	screening-v1/batch-0310/batch.json
5660918bd6736d997db7b3c86f9b1d6590d67d2116756a91ce86ef30291e9d6e	3634	screening-v1/batch-0310/decisions.jsonl
ae844736dd938167e5983dbbdbd43d5d3f1301b2090fa01889974c1eca12cceb	66	screening-v1/batch-0310/final.txt
23c7ada1dd1dc789de599f6579f356d628762328ea90295f5b0a492212893891	48417	screening-v1/batch-0310/input.md
715b0536d44d333425e5f12007cb2a241880c34c1dff5d27180328422e6c891a	450	screening-v1/batch-0310/run.json
e3b0c44298fc1c149afbf4c8996fb92427ae41e4649b934ca495991b7852b855	0	screening-v1/batch-0310/stderr.txt
d2c78a545e32f0911bd2c76dbdd83468b9a3b1be5d9b9cce350f43402b49ed18	86	screening-v1/batch-0310/submit_screening
d57eac73277abaff7fa3bf2273258919f75cba33cd66d6b94fcdc5662e79e6e6	10108	screening-v1/batch-0310/trace.jsonl
2c09fe44d7a7b7f431ef546447eefa15d684b569906e685ccc8bc11215ed2c0a	5466	screening-v1/batch-0311/batch.json
309b1c824c08e235ab7740ad94d641c5232917840e5b845722b286438342af1b	3240	screening-v1/batch-0311/decisions.jsonl
cf0c22cb98a8d7b0198b01c6418fa27c48963c506029294b047c29cbac487a69	77	screening-v1/batch-0311/final.txt
03418a5b50ab57f138f9f629f4d7436875706d65dbbc84e5c0eae1d1fe237262	55071	screening-v1/batch-0311/input.md
c68ccf10d931eb41edad4dfb497dd47e7df5a535e799a36b7633a86213f21edd	450	screening-v1/batch-0311/run.json
e3b0c44298fc1c149afbf4c8996fb92427ae41e4649b934ca495991b7852b855	0	screening-v1/batch-0311/stderr.txt
d2c78a545e32f0911bd2c76dbdd83468b9a3b1be5d9b9cce350f43402b49ed18	86	screening-v1/batch-0311/submit_screening
e415aae3a55e443f718ee74075cc7a3d54640977943c457af15cb3a8c01b492f	8296	screening-v1/batch-0311/trace.jsonl
d34d94ea3165f220603850f2bc5e23987e403f414e5db8d6338f0b8e44a4337f	5429	screening-v1/batch-0312/batch.json
42a208e536f6f9fb1483ab2cbb0e6bab2c45adaa1cbb5732ac3a4be4a69f127b	3893	screening-v1/batch-0312/decisions.jsonl
755742134aa4adeac1aa9cfc97901803e54fde9ff921a467c718be766f960700	80	screening-v1/batch-0312/final.txt
0118598a24e3d227e1781d52ab5ccb88fa8d8eb204490f952c24b6ec4d60aa86	46101	screening-v1/batch-0312/input.md
11ca5183fd3409f0edda16b6eb0a5743ff15fedec8dd00543b27912286776dcd	450	screening-v1/batch-0312/run.json
e3b0c44298fc1c149afbf4c8996fb92427ae41e4649b934ca495991b7852b855	0	screening-v1/batch-0312/stderr.txt
d2c78a545e32f0911bd2c76dbdd83468b9a3b1be5d9b9cce350f43402b49ed18	86	screening-v1/batch-0312/submit_screening
b6cdd65bc4018c0e3c93dde6442a4bf59972d0348bf02ebacb1210917f61c869	8895	screening-v1/batch-0312/trace.jsonl
453fecd2dda5d90de9c2fdeadd85cf03be730a6845dde586cb98ce986ad0bd25	5442	screening-v1/batch-0313/batch.json
c32d3c32db3f8ca63141c459fb580006ccebca255c321722c729469f7737a166	3478	screening-v1/batch-0313/decisions.jsonl
01da75f35c59f3599b00edb2a467cb0f97025f4318d73f3506ab8416bc9e981c	83	screening-v1/batch-0313/final.txt
f94dc5c0cded0d4166c7daa5a10653e3691b0f43c1c68a34e4cc425df537652d	50821	screening-v1/batch-0313/input.md
bdea9589e7ce93d12543b742fdf2cb5d04089230f2943ac58be3d577f1d75a60	450	screening-v1/batch-0313/run.json
e3b0c44298fc1c149afbf4c8996fb92427ae41e4649b934ca495991b7852b855	0	screening-v1/batch-0313/stderr.txt
d2c78a545e32f0911bd2c76dbdd83468b9a3b1be5d9b9cce350f43402b49ed18	86	screening-v1/batch-0313/submit_screening
c64d094aeadfaa34784729563a80b5e6a5d673b6bd613b584f1e30ae308bb6b9	7986	screening-v1/batch-0313/trace.jsonl
16167bbc895ce8c1caf0992a7f902ff8fb17460a9878cda616580b8461d91c20	5846	screening-v1/batch-0314/batch.json
d4aaf1f8c8398a60c3f1fb645da6a1aafc9daae57bbb35c198a7800d7633602d	3592	screening-v1/batch-0314/decisions.jsonl
06c8a354437ec1e2a18c694d64366c99c1abe3674e810e8e610a5c7cbe15ed5d	44	screening-v1/batch-0314/final.txt
0f370f73caa20295c61bdb92ff4f59f2ec72d38843edb76076daf65bc119afce	43887	screening-v1/batch-0314/input.md
1b16422c8107aa6371b9a464266a96c0cbd91199a5787c821881b1ba4e807c7e	450	screening-v1/batch-0314/run.json
e3b0c44298fc1c149afbf4c8996fb92427ae41e4649b934ca495991b7852b855	0	screening-v1/batch-0314/stderr.txt
d2c78a545e32f0911bd2c76dbdd83468b9a3b1be5d9b9cce350f43402b49ed18	86	screening-v1/batch-0314/submit_screening
2c384fafbce883f5cc7c6f93e0156e234591aecfa9ff776313ca1e4d6b287ac6	9456	screening-v1/batch-0314/trace.jsonl
e0d2a4f582002d95200ede0728eec251c0a0f6c67838f32fbc0ae6a4e8f38ebd	5295	screening-v1/batch-0315/batch.json
9de96aed7443c4ebb51f7d9059e33cdc8e90f6eeb9a0435edf25e4bf20a6c00c	3388	screening-v1/batch-0315/decisions.jsonl
ec64984a79233d9b7c4ece8fd9ddc6c1e281c7074b9d41953ae62df60b61adb9	71	screening-v1/batch-0315/final.txt
b35a335e250a4da1e2169bb2ff86d56dfa56ba41303ae9fe8a480afd1f02a5cc	48940	screening-v1/batch-0315/input.md
99b8a90cc512888545da980b2136cbc910f1c63bc7d111ef1bd2925364390545	450	screening-v1/batch-0315/run.json
e3b0c44298fc1c149afbf4c8996fb92427ae41e4649b934ca495991b7852b855	0	screening-v1/batch-0315/stderr.txt
d2c78a545e32f0911bd2c76dbdd83468b9a3b1be5d9b9cce350f43402b49ed18	86	screening-v1/batch-0315/submit_screening
c2933b840e8f3d5fb647a10fa57b799ce1d533e82e815b3b191e1f035c438bde	7801	screening-v1/batch-0315/trace.jsonl
8ed8c443a3b24a6083674ea8ad95b467d1e5155635585b6cbaf389a7192454a8	5644	screening-v1/batch-0316/batch.json
4a5a4be5277f70de141596ff50141e462fa553dd75a6dff4aa134adbbb38dc1b	3557	screening-v1/batch-0316/decisions.jsonl
057665454462b2baea8696ca9e229efd1855cef45a68f2d94ef320623d7dceca	79	screening-v1/batch-0316/final.txt
096df1566e4267fbb044e3600855e275658dbb0bd7d8f07e1b73bf7fbfbbb977	48866	screening-v1/batch-0316/input.md
7df2f2289e5bc8e96b778c8c55592f991517cb8a296b1c6af53e8c104de7b5d2	450	screening-v1/batch-0316/run.json
e3b0c44298fc1c149afbf4c8996fb92427ae41e4649b934ca495991b7852b855	0	screening-v1/batch-0316/stderr.txt
d2c78a545e32f0911bd2c76dbdd83468b9a3b1be5d9b9cce350f43402b49ed18	86	screening-v1/batch-0316/submit_screening
3940f77e384361c825086c6cf3eaa09c62d96f00b889f9aa4fc52da32a31578a	14501	screening-v1/batch-0316/trace.jsonl
21416ebfff3b75f798dd2666fe024ffc3799446f388cb4d9039ee9956278c31c	5294	screening-v1/batch-0317/batch.json
d6540fd8016357794975b11c15a6283bd357ba555310a4331eb43c654bfbe9e7	3513	screening-v1/batch-0317/decisions.jsonl
67e1405cca3676492de054f7a4efaab8b1b443f6ee82a04a74b4d9d782548c5d	89	screening-v1/batch-0317/final.txt
1f4d2665e2b7f17549705be5e40999338bc0c32d948b9576572a83a0d82733d6	44368	screening-v1/batch-0317/input.md
a932666c88f7b0cc7e2f56b688245c35eed807962142273ee5dac74a7692b1f5	450	screening-v1/batch-0317/run.json
e3b0c44298fc1c149afbf4c8996fb92427ae41e4649b934ca495991b7852b855	0	screening-v1/batch-0317/stderr.txt
d2c78a545e32f0911bd2c76dbdd83468b9a3b1be5d9b9cce350f43402b49ed18	86	screening-v1/batch-0317/submit_screening
8df495668f733678b2e345d94d92ba10cafd88349b801e0bae4e267d3aea8f94	8324	screening-v1/batch-0317/trace.jsonl
f850287b0fddf63a45f88854dab3b7a9a4155486545455dea0606b4359e43bc7	5698	screening-v1/batch-0318/batch.json
631f1703b39ba9d29224d64feb02a1097d824918bba1d7de8d9260a708ee6ce6	3623	screening-v1/batch-0318/decisions.jsonl
f5a27266bb0910fca907b1904c09287ce68e0dea75d743f62b73c5523e7b30c0	83	screening-v1/batch-0318/final.txt
853b8b53f6276e0e378aa65ed98db02d7919e71920bfc925f688c6b4a68a8565	51829	screening-v1/batch-0318/input.md
13c444b9e17dd91490afb5d6a954a93431914407b2e43a478883a92f8d2d0a3e	450	screening-v1/batch-0318/run.json
e3b0c44298fc1c149afbf4c8996fb92427ae41e4649b934ca495991b7852b855	0	screening-v1/batch-0318/stderr.txt
d2c78a545e32f0911bd2c76dbdd83468b9a3b1be5d9b9cce350f43402b49ed18	86	screening-v1/batch-0318/submit_screening
2ac9fb50462fd9a0dd19aad6e209e1949de38f45a601f7f11762ecf3c2219533	14657	screening-v1/batch-0318/trace.jsonl
5a23e3c2bcae928eae49cd0b011a44cc117a7be22a6cc29f7d17dfdf28518435	5555	screening-v1/batch-0319/batch.json
21c0452a828f7abd645dddd570e63adb66d63ccb1b5965d8fbe44e0192db548d	3838	screening-v1/batch-0319/decisions.jsonl
8a7293b3e7626cd6aa853d9ed083ee9ac12aee8e8dbf625ca4913d6a3f7f61fa	83	screening-v1/batch-0319/final.txt
c224396f03ae84226c6891a9eca11a043ec4db9b73daadd5848fbd69ed14b1e0	47668	screening-v1/batch-0319/input.md
a96156531472b94c147d7e37e2401b34bd5dc7d07ddc0f4af466276984df5505	450	screening-v1/batch-0319/run.json
e3b0c44298fc1c149afbf4c8996fb92427ae41e4649b934ca495991b7852b855	0	screening-v1/batch-0319/stderr.txt
d2c78a545e32f0911bd2c76dbdd83468b9a3b1be5d9b9cce350f43402b49ed18	86	screening-v1/batch-0319/submit_screening
3f6ab6a4a735308e558dd8f518060ebab3d0ec34bc6e880150612ecc59b00a2a	9487	screening-v1/batch-0319/trace.jsonl
7c7ca690df17d23a121814687b326bdaa48e5050e7e23b229ec6e559fe4d6198	5305	screening-v1/batch-0320/batch.json
67c09627bc9cf37dc5f0035a8290c481803e4a158adcb63ac8e623ce03266eb9	3682	screening-v1/batch-0320/decisions.jsonl
c0d4b687d0fb470e8855803f318e4befebf1dfa1426f01f6a7cb92cbdaaa3b6e	52	screening-v1/batch-0320/final.txt
5decb474f824f1968de1aa72ddbe4f936a613d79bbcc08fa2b020adbf84a7f46	44120	screening-v1/batch-0320/input.md
33685595820ef08700ffdd03e50b649f7a38c68435ca15cab964246172c869ef	450	screening-v1/batch-0320/run.json
e3b0c44298fc1c149afbf4c8996fb92427ae41e4649b934ca495991b7852b855	0	screening-v1/batch-0320/stderr.txt
d2c78a545e32f0911bd2c76dbdd83468b9a3b1be5d9b9cce350f43402b49ed18	86	screening-v1/batch-0320/submit_screening
58dbe7af1fc3a1fd00dd21a985a3705b3cf774867aab7c1f827cc6c192bfd796	8719	screening-v1/batch-0320/trace.jsonl
8b9277d371fbff93e2ad5a4354a270ab0ddd47bbfcfe84dbd71ad1f17464d605	5474	screening-v1/batch-0321/batch.json
11258d8281b66a5a05353505b466894c79bf20ca74619870462b02655bdd2b8f	3617	screening-v1/batch-0321/decisions.jsonl
67e1405cca3676492de054f7a4efaab8b1b443f6ee82a04a74b4d9d782548c5d	89	screening-v1/batch-0321/final.txt
722c845d0f39a5737e883adb92193aeeb7896a94e28e906e3ac83e0ea4b8c0eb	43423	screening-v1/batch-0321/input.md
1a0da64f1ee1b1b0b9e874c4ade99e2f55175a1179582dedd32f1e5cb7b92da6	450	screening-v1/batch-0321/run.json
e3b0c44298fc1c149afbf4c8996fb92427ae41e4649b934ca495991b7852b855	0	screening-v1/batch-0321/stderr.txt
d2c78a545e32f0911bd2c76dbdd83468b9a3b1be5d9b9cce350f43402b49ed18	86	screening-v1/batch-0321/submit_screening
a240e61e4c641ac2142ec6cc7db8a9d19ebfb4e34abc8fdd262a44f85db68577	8278	screening-v1/batch-0321/trace.jsonl
1ba80ca359923fdec793f0955800f3fe1e1e6061c74d2bbe32ad560bedbad0e5	6032	screening-v1/batch-0322/batch.json
465b9adfb3522907f0456639f8b45f08dc7296462f4dd3b7aee4132d077586e5	3717	screening-v1/batch-0322/decisions.jsonl
9312f2dff9a98dc29a1f1e809ccbd39ff195fcc03b705bb514208a3cf76bf65f	46	screening-v1/batch-0322/final.txt
7552587ee0bf23d25ae7da3a35fbda2f9bd7439c99c37e56f9dc57d47bf96c30	49474	screening-v1/batch-0322/input.md
90a70c1c923edfe8e57368c49dba807b39362e9a4836252e29e3140e987c9604	450	screening-v1/batch-0322/run.json
e3b0c44298fc1c149afbf4c8996fb92427ae41e4649b934ca495991b7852b855	0	screening-v1/batch-0322/stderr.txt
d2c78a545e32f0911bd2c76dbdd83468b9a3b1be5d9b9cce350f43402b49ed18	86	screening-v1/batch-0322/submit_screening
a0d84e08fbc0cefe3ec441e8d73ced1900cf5b6c421187a36bb9ad5c9b92c13a	8610	screening-v1/batch-0322/trace.jsonl
8682d56f9cf8439e4d230a938ccb67f9496db65a5c6a16b59ccd93ca54e63941	5637	screening-v1/batch-0323/batch.json
fa73d9c89df44c4ea691551977c2f275c07473c417fed0e1af99b29e3cc6b29b	3454	screening-v1/batch-0323/decisions.jsonl
23a75b1ba4f65b54f62e596d1d6cdcf5f10199bb7d17da6ac2a15905a894247e	78	screening-v1/batch-0323/final.txt
328055ee2b51af5256beb6910b839a84acb877c885c54b383544e5a4bfad45bc	48663	screening-v1/batch-0323/input.md
849c98eeeafcca5455acfa58d2c07eed0de26dd8d0944e8ed11e16f9767e618a	450	screening-v1/batch-0323/run.json
e3b0c44298fc1c149afbf4c8996fb92427ae41e4649b934ca495991b7852b855	0	screening-v1/batch-0323/stderr.txt
d2c78a545e32f0911bd2c76dbdd83468b9a3b1be5d9b9cce350f43402b49ed18	86	screening-v1/batch-0323/submit_screening
f40b567ac31fad6b1f06ba9a2b7e48f3711b68a2f645f0cfb3306562381f90e3	8267	screening-v1/batch-0323/trace.jsonl
f7eb830a1f65dc415f0171012fc14c45242270590dde3b1bd6a1e03af94ed193	5710	screening-v1/batch-0324/batch.json
d77ef409b430da3c6d455afd347102a92fcda817a5484f3059119d4e3a1bf3f3	3946	screening-v1/batch-0324/decisions.jsonl
23a75b1ba4f65b54f62e596d1d6cdcf5f10199bb7d17da6ac2a15905a894247e	78	screening-v1/batch-0324/final.txt
7bab37b686645939edb9246c7e1c36e33213a4967a0514c20af5cf2a76cec731	64219	screening-v1/batch-0324/input.md
d61e4ae4ca2c08788444edadee1ce1e2bd8221a31bfeb3b65ed446f74d538890	450	screening-v1/batch-0324/run.json
e3b0c44298fc1c149afbf4c8996fb92427ae41e4649b934ca495991b7852b855	0	screening-v1/batch-0324/stderr.txt
d2c78a545e32f0911bd2c76dbdd83468b9a3b1be5d9b9cce350f43402b49ed18	86	screening-v1/batch-0324/submit_screening
8025866107d5976c990bad2fb8dd2e6c572857355cba88e134d67411f94b20b8	9083	screening-v1/batch-0324/trace.jsonl
e584de89ba2ed1582f24c6b080b632c49b64ba9c3d3999a763ff8bbe188c6b21	5767	screening-v1/batch-0325/batch.json
e36e8a4ba81e4b7e705439b476bbba86a8d26900b007e9004df922328773706a	4001	screening-v1/batch-0325/decisions.jsonl
12bfc04b481060e14e256636c30ee7d70d6d1060b4debc9519c541a6666ade00	55	screening-v1/batch-0325/final.txt
713f89470d02f87f38317db841c279c76cce81cf16d80cec56369ee4e16ba2d9	47774	screening-v1/batch-0325/input.md
040f58005670afa521e39effda3f7b113cbeb8592d3222e95175fcf9516817f4	450	screening-v1/batch-0325/run.json
e3b0c44298fc1c149afbf4c8996fb92427ae41e4649b934ca495991b7852b855	0	screening-v1/batch-0325/stderr.txt
d2c78a545e32f0911bd2c76dbdd83468b9a3b1be5d9b9cce350f43402b49ed18	86	screening-v1/batch-0325/submit_screening
49463e0e8aaa81e8a009f4e7415d17a9dba39998bb24ff42b71543fa3a85979c	9174	screening-v1/batch-0325/trace.jsonl
3c0cd1bdb5b7c9011cee695e6fa3e40fa2ff97beaefc1cae82e2b484c692e7fe	5356	screening-v1/batch-0326/batch.json
8bcf842790e65343c389a7329cacfff7252fa8a589a0714b22e01f073323c9af	3492	screening-v1/batch-0326/decisions.jsonl
f4fd0e862c5c906152027cce96ae2c1d6f4800de19f5b05894bb55d8377d9a70	72	screening-v1/batch-0326/final.txt
fea6507ac57655f568e5434c6a45cae036a885f30daf3b89e360ca4abd089111	50871	screening-v1/batch-0326/input.md
efe9678eb64c2db9fd7e9b6debe09609d69125ce6a0920082baee1c83118f7df	450	screening-v1/batch-0326/run.json
e3b0c44298fc1c149afbf4c8996fb92427ae41e4649b934ca495991b7852b855	0	screening-v1/batch-0326/stderr.txt
d2c78a545e32f0911bd2c76dbdd83468b9a3b1be5d9b9cce350f43402b49ed18	86	screening-v1/batch-0326/submit_screening
b68416d3106ce1384afe5d8683834c40577dd97b0f37d668eb54788518402d35	7841	screening-v1/batch-0326/trace.jsonl
ba32d9be315b9fe77eaa4837d8c26ab599e11f5f227af81aa06eef7d6bdd9433	5635	screening-v1/batch-0327/batch.json
1dab0584f4fb6312cd8bdb37a03955ad944e073454b0ff7cb4fe04eaecff873c	3922	screening-v1/batch-0327/decisions.jsonl
06b79cb1cea53022f8cff55da8689a7945ae8e9ee0b69c229373200872bc3790	61	screening-v1/batch-0327/final.txt
316c15c345b6c701c1189e0823777afccd01fd4ab11efae11b0cfd089474ca74	55900	screening-v1/batch-0327/input.md
bd2e9e1cae28dcb3e21599efaf0fbfb2e09c57c8599862d807f052607b87c2f9	450	screening-v1/batch-0327/run.json
e3b0c44298fc1c149afbf4c8996fb92427ae41e4649b934ca495991b7852b855	0	screening-v1/batch-0327/stderr.txt
d2c78a545e32f0911bd2c76dbdd83468b9a3b1be5d9b9cce350f43402b49ed18	86	screening-v1/batch-0327/submit_screening
4cfec16b857f6b18b91733182110cb909ebb2c289c7847c898b8122c12b4d46a	8259	screening-v1/batch-0327/trace.jsonl
e352625fecac408b5b28266f286572928b17692d2df2b1cd40810546b0dffd29	5686	screening-v1/batch-0328/batch.json
bf63c61b1824a7def8cd366339dba018c81f3cec50fe4b36b95c094d7543b625	3674	screening-v1/batch-0328/decisions.jsonl
755742134aa4adeac1aa9cfc97901803e54fde9ff921a467c718be766f960700	80	screening-v1/batch-0328/final.txt
ddfe7a26b05ea4ec7f5a25abe739794a7d6a6c6df78ab0257a1e4ed54d57fec6	46821	screening-v1/batch-0328/input.md
ad7980313102a51031fe3d7b0ea3d18cd177ce5ceea8b3a064a39163a1e471bf	450	screening-v1/batch-0328/run.json
e3b0c44298fc1c149afbf4c8996fb92427ae41e4649b934ca495991b7852b855	0	screening-v1/batch-0328/stderr.txt
d2c78a545e32f0911bd2c76dbdd83468b9a3b1be5d9b9cce350f43402b49ed18	86	screening-v1/batch-0328/submit_screening
a9f265abf0eafbda38fc08f477c5881fec35edb9da138b9a19967eaa40084283	8546	screening-v1/batch-0328/trace.jsonl
964afe93d2f3f6fb71b75acb3f0fa29e3eae983557b314db1beadb342d7ef793	5763	screening-v1/batch-0329/batch.json
cccab5c167b1eb5f3e8e41c6c1c2f2f8b023164ed06cd2c52ac546f23b3aedbc	3550	screening-v1/batch-0329/decisions.jsonl
75efc1a8c810b931834598e98daa5195cc738684357261dc9c71a56c7a0b5f17	78	screening-v1/batch-0329/final.txt
bf2541b3ebab431e9e03050e6de10657775e862c26612375b5883cbbc1f114c8	44950	screening-v1/batch-0329/input.md
2cff3d515db4dd3ee3032d8b093336403c3b69c6208943bba5df92eecdd47827	450	screening-v1/batch-0329/run.json
e3b0c44298fc1c149afbf4c8996fb92427ae41e4649b934ca495991b7852b855	0	screening-v1/batch-0329/stderr.txt
d2c78a545e32f0911bd2c76dbdd83468b9a3b1be5d9b9cce350f43402b49ed18	86	screening-v1/batch-0329/submit_screening
13a1a62d0a1a0e6073c3d3d271f20319a3dc41eeda4e885cd476ec0169120be9	14471	screening-v1/batch-0329/trace.jsonl
15b9395dd904ece6b45cf9110016ce897a9e5d676d2f32e67784575b004ee70a	5336	screening-v1/batch-0330/batch.json
75669e0ceacb5805deeb7664379bd233d05027d598ca46ff85999b8904441ed6	3735	screening-v1/batch-0330/decisions.jsonl
cf0c22cb98a8d7b0198b01c6418fa27c48963c506029294b047c29cbac487a69	77	screening-v1/batch-0330/final.txt
c9d88b02d8ecce0faa1b494f49bccfa982b3c48936aafb141f18e3408048cd4e	49181	screening-v1/batch-0330/input.md
a077a016e5f59ce97cbb31517b22cc9ca653001fa3130968b72f9d24311beeb1	450	screening-v1/batch-0330/run.json
e3b0c44298fc1c149afbf4c8996fb92427ae41e4649b934ca495991b7852b855	0	screening-v1/batch-0330/stderr.txt
d2c78a545e32f0911bd2c76dbdd83468b9a3b1be5d9b9cce350f43402b49ed18	86	screening-v1/batch-0330/submit_screening
cacdede32834d4447a9a7abfe9ef9132eb95b7933d3d14b4b8bfeb3602d9433f	8654	screening-v1/batch-0330/trace.jsonl
edea970563a72b64a9d16629f97c6a00c1860b0f47b8950663d423dea8033700	5507	screening-v1/batch-0331/batch.json
fed760d33d1291579a7216f2031965a5ba632d23eedb0b7168d678a3d49c139a	3996	screening-v1/batch-0331/decisions.jsonl
becd6281fd8272c5841271a84a48cbb87a9002a177e99323d4b698b645486028	80	screening-v1/batch-0331/final.txt
783a9e506b09b0bed349b234ae6bc4c9a1eb9d65aa392eea28342abb668f5310	42368	screening-v1/batch-0331/input.md
bc2e069546560c2be1b27ff28159d558317fbeecaa41c69189f0ea1c4f6a9b9f	450	screening-v1/batch-0331/run.json
e3b0c44298fc1c149afbf4c8996fb92427ae41e4649b934ca495991b7852b855	0	screening-v1/batch-0331/stderr.txt
d2c78a545e32f0911bd2c76dbdd83468b9a3b1be5d9b9cce350f43402b49ed18	86	screening-v1/batch-0331/submit_screening
9f49a8bf0605b84ea0b8a2081ff1abe53bd586f3a305e71d3a415b214d65bd21	15349	screening-v1/batch-0331/trace.jsonl
062443461b583ae189edf6cca26296133746e793ba34130ed42abef38b4ddf85	5397	screening-v1/batch-0332/batch.json
b90925bd7224eea5820d0caabf160475556e8cdb9a707cbf2b013f8facceb6eb	3505	screening-v1/batch-0332/decisions.jsonl
c03f43623db73cc77c8fd1bcc731a07737c9ee0b673c9a701ba7fc889a322481	83	screening-v1/batch-0332/final.txt
9b87a81ce94b93e32c439f573853c3c8b7176bfc176b0a4784aab9ebfff0ecba	47866	screening-v1/batch-0332/input.md
f68414944cbb8cb8fca1078dd3c31e53b746b7987cc523c3d9764eb76485329b	450	screening-v1/batch-0332/run.json
e3b0c44298fc1c149afbf4c8996fb92427ae41e4649b934ca495991b7852b855	0	screening-v1/batch-0332/stderr.txt
d2c78a545e32f0911bd2c76dbdd83468b9a3b1be5d9b9cce350f43402b49ed18	86	screening-v1/batch-0332/submit_screening
25b734f3db867fae72f4af9f6809eb2ecc456c495254134487d1df36ff049a46	8736	screening-v1/batch-0332/trace.jsonl
62461ec2a3830ac1d5aa05166f9226060e81b631b893f88170faa3fc4eba8d2b	5570	screening-v1/batch-0333/batch.json
0ad4a85115a8302575762c04c45b65ad788b02e0383d5ef7584deb21e1b99de8	3674	screening-v1/batch-0333/decisions.jsonl
0eab5018487d6cb7fc9ab8c1b97473bc7fcedfc09802acbc06a694a42598a7ea	64	screening-v1/batch-0333/final.txt
6dbe3457c54c7225ded56b051da490a46b340d9fcce64188fdafd1b55ebe5047	41838	screening-v1/batch-0333/input.md
52837a95736845ebff1f34f2bd179755fe6004c96e074d53b1d1d5d09af7acb0	450	screening-v1/batch-0333/run.json
e3b0c44298fc1c149afbf4c8996fb92427ae41e4649b934ca495991b7852b855	0	screening-v1/batch-0333/stderr.txt
d2c78a545e32f0911bd2c76dbdd83468b9a3b1be5d9b9cce350f43402b49ed18	86	screening-v1/batch-0333/submit_screening
dcd7dc0a637d0f9c55c3bce278a64ece779bb34efae2148b434bd258497976b6	8235	screening-v1/batch-0333/trace.jsonl
7e070f4b35c56730cbaa7715638dd6348f10e036e64ba34db66e1c78f135edbc	5656	screening-v1/batch-0334/batch.json
2e18422c6adbc3199f5bcd6f5263d0b89ccb7c2b22fafcfdfb93d13055a6c7c0	3859	screening-v1/batch-0334/decisions.jsonl
f080d9d1f58efb3945e65977fa813007dedcdb47cc2897ab6d030b7641dcebc7	124	screening-v1/batch-0334/final.txt
83a9c2d661e5c3ddf30b1cee9d8a7ff6fdeb8757932a97a01f4c53863016a722	45584	screening-v1/batch-0334/input.md
39ad93342c023e59ca45dda11b6c6cac2901c9af10d7a3bebb26538c8d92f769	450	screening-v1/batch-0334/run.json
e3b0c44298fc1c149afbf4c8996fb92427ae41e4649b934ca495991b7852b855	0	screening-v1/batch-0334/stderr.txt
d2c78a545e32f0911bd2c76dbdd83468b9a3b1be5d9b9cce350f43402b49ed18	86	screening-v1/batch-0334/submit_screening
6b67425abdad6a0027430def44c5bd5cd2964e0aff18cbfa08c9eb0a83d5d641	8559	screening-v1/batch-0334/trace.jsonl
6b72a7041538f8fe8bca4a262ecf128b70614da2ee02c3fb82a2106108c349f2	5240	screening-v1/batch-0335/batch.json
a577f47a80583a1122c84fab0bc2da617347c8e22600a3213041108d27df8cc6	3509	screening-v1/batch-0335/decisions.jsonl
755742134aa4adeac1aa9cfc97901803e54fde9ff921a467c718be766f960700	80	screening-v1/batch-0335/final.txt
2f2e6b2d95c52e445e907bf18c3a4289a0b33ed6bd50163e6fc79f7ff803af20	46964	screening-v1/batch-0335/input.md
3c3de8790c9d794b51034157b91f2547856baaccb69ee37db8c6acaab2976672	450	screening-v1/batch-0335/run.json
e3b0c44298fc1c149afbf4c8996fb92427ae41e4649b934ca495991b7852b855	0	screening-v1/batch-0335/stderr.txt
d2c78a545e32f0911bd2c76dbdd83468b9a3b1be5d9b9cce350f43402b49ed18	86	screening-v1/batch-0335/submit_screening
1746d650f9bd5819dbf3b1cacdf4e0f52c973fb700b98893c0d72e8c8030ad8e	8052	screening-v1/batch-0335/trace.jsonl
9b6bff24d8bb4e1fa32605efb0173ec0c3266080a2c9fec0b4664200252fafcf	5693	screening-v1/batch-0336/batch.json
6c636a37db8a51945b42f77ceb240598eb16c5e0ecad935b6d90dc9ed3a25b40	3469	screening-v1/batch-0336/decisions.jsonl
6824e4acfd0c951221fbb12f834a1008062d205af70fb4ce9aa62434b59ac897	64	screening-v1/batch-0336/final.txt
9ca24d11d3b2cca0174d7316ebeb969d2fbe7767aa2329e7ceaa63e1dd9f5069	41495	screening-v1/batch-0336/input.md
9e58e2afb9d7e54c12a7257cd811f62386b9d30308ff13996aa805346908affd	450	screening-v1/batch-0336/run.json
e3b0c44298fc1c149afbf4c8996fb92427ae41e4649b934ca495991b7852b855	0	screening-v1/batch-0336/stderr.txt
d2c78a545e32f0911bd2c76dbdd83468b9a3b1be5d9b9cce350f43402b49ed18	86	screening-v1/batch-0336/submit_screening
14c9a5d34a5645e7370e5728bbd15a99d453bb198b3f4ff7d56f7c8056318a56	7856	screening-v1/batch-0336/trace.jsonl
2a0c6591c62fe1ec66a47fab59b59b839d9496f736406544bef6dd2d0bccc1a9	5654	screening-v1/batch-0337/batch.json
e2ab1df2532f2d0ed1dabc230d2c08c55958397101c3fcb150712f9f362a50de	3180	screening-v1/batch-0337/decisions.jsonl
12bfc04b481060e14e256636c30ee7d70d6d1060b4debc9519c541a6666ade00	55	screening-v1/batch-0337/final.txt
7fff0f8307c0e0b08cd1ea392dab0b43b0c0a182398a994e87706f5934e6adab	47084	screening-v1/batch-0337/input.md
22f1a33477b3a89eb19ed0a619a61ae660d91cf0bc59636d03f05d60cff2e0f8	450	screening-v1/batch-0337/run.json
e3b0c44298fc1c149afbf4c8996fb92427ae41e4649b934ca495991b7852b855	0	screening-v1/batch-0337/stderr.txt
d2c78a545e32f0911bd2c76dbdd83468b9a3b1be5d9b9cce350f43402b49ed18	86	screening-v1/batch-0337/submit_screening
ccb08d7a1b0e0aa0182f09a73c67b6b306dd82cc801faa0be12d8b5a551d36d5	7361	screening-v1/batch-0337/trace.jsonl
99bdf612c1480a6e3ec60473aad4c5668dadd16f4cd77c8956cca1f5be21ef85	5364	screening-v1/batch-0338/batch.json
031ec8c02be43f5815d4d01f506e4f54a1497cc45ff850797bb25ab26673ede5	3787	screening-v1/batch-0338/decisions.jsonl
755742134aa4adeac1aa9cfc97901803e54fde9ff921a467c718be766f960700	80	screening-v1/batch-0338/final.txt
f63b9fd7bc4c57eb4d7187327bc601356e0b6ac20679aeeccdcfa12897aa47f3	47213	screening-v1/batch-0338/input.md
b96329c5161bf7878931b5f95c3e20d16dc437dca7d2faa9546759ee8d4d5e55	450	screening-v1/batch-0338/run.json
e3b0c44298fc1c149afbf4c8996fb92427ae41e4649b934ca495991b7852b855	0	screening-v1/batch-0338/stderr.txt
d2c78a545e32f0911bd2c76dbdd83468b9a3b1be5d9b9cce350f43402b49ed18	86	screening-v1/batch-0338/submit_screening
a64c6145095beee53d40920a5a1fb0bd3ff9aa2fbe52103a7ed1dffd38335b34	12857	screening-v1/batch-0338/trace.jsonl
c1e45448fa49b43b22ef58c374e657e8b9949fee24206789b7822debfd95d137	5813	screening-v1/batch-0339/batch.json
35eafb9fc3c50789d91534bdcabd0baaaddd3e8c16e19f65f2477a37c35b1769	3624	screening-v1/batch-0339/decisions.jsonl
abbd2442d4ebdf60b137ba02f9649114a3e71b069d7de09a24bed6338c159a62	70	screening-v1/batch-0339/final.txt
7ef42a1a373107983315f678bf545ed3cd4a82bb19d5ddb3c2783d13ecd7ac56	43622	screening-v1/batch-0339/input.md
a3209fd920508d2f1aca252c5c5a119dd4621bc28033b8d0123958791fd929b9	450	screening-v1/batch-0339/run.json
e3b0c44298fc1c149afbf4c8996fb92427ae41e4649b934ca495991b7852b855	0	screening-v1/batch-0339/stderr.txt
d2c78a545e32f0911bd2c76dbdd83468b9a3b1be5d9b9cce350f43402b49ed18	86	screening-v1/batch-0339/submit_screening
5e72ab21c19bb359f020f90ac78e1bc2a4520dfeb3d10a9cd02189a49c78102f	8354	screening-v1/batch-0339/trace.jsonl
9a5a968b644a5e80dea9e015234a4d3af53682cf5bb73427890c761681d7a70b	5450	screening-v1/batch-0340/batch.json
dcc97f0f75b8d38052cae09d00585db2c2caf4e07beeb58e23005d16c965b13d	3707	screening-v1/batch-0340/decisions.jsonl
9bb88f69a9cb27b112aab40c27b754a11eef6fe96849010cfe4ca10643d9fd50	98	screening-v1/batch-0340/final.txt
ea73cb8cea14023a51d2a5037ee7a29cc1e18650273b950a175040f22ffbd15e	47653	screening-v1/batch-0340/input.md
ca0e4a75a3a5f47c166d81f8275c78d076111b8a86370b9b55ddb68c407c75b5	450	screening-v1/batch-0340/run.json
e3b0c44298fc1c149afbf4c8996fb92427ae41e4649b934ca495991b7852b855	0	screening-v1/batch-0340/stderr.txt
d2c78a545e32f0911bd2c76dbdd83468b9a3b1be5d9b9cce350f43402b49ed18	86	screening-v1/batch-0340/submit_screening
6c86891b567d9f6bcb67b407993f48d3f74f6dd57621b51a89d9191367cfa21b	8466	screening-v1/batch-0340/trace.jsonl
3fdf7e341cfc0ce6448b64b668fcae072687eb0a286c7d812c46f1a48418fd00	5476	screening-v1/batch-0341/batch.json
a81aa7bc2c2f9bfebf9dadf5afcce1bc598e13cc874661742d20793776bd3959	3638	screening-v1/batch-0341/decisions.jsonl
d2d159238b775a00db4b5fd135f20b4b892ed648fd8c60ba7d65800597ada474	66	screening-v1/batch-0341/final.txt
de12edf21969f1623ab255010f5422868c1cb596c880c5fd68f4ded57d820b17	45466	screening-v1/batch-0341/input.md
eca03049527a5ff8ab1c3db64a3b11248576eac083338d8797a0811ad15521a8	450	screening-v1/batch-0341/run.json
e3b0c44298fc1c149afbf4c8996fb92427ae41e4649b934ca495991b7852b855	0	screening-v1/batch-0341/stderr.txt
d2c78a545e32f0911bd2c76dbdd83468b9a3b1be5d9b9cce350f43402b49ed18	86	screening-v1/batch-0341/submit_screening
27f68a63a069dbb289a633ee63223d65708b27ecb9f4c145130378c1592824a7	8379	screening-v1/batch-0341/trace.jsonl
02c984909c1ad324059ef2e8db0d79bc9ffdf85b2fe008702626aafdcae8cb4b	5837	screening-v1/batch-0342/batch.json
9d725b07b1b016cbd229b511b8dabc7ce564eac18dd2a27c7b4ff5e1044c45ef	3633	screening-v1/batch-0342/decisions.jsonl
af4f0344beb3adca4142f815fb4429ef9104c95b06fbafdd7c7e5304fabb1dcc	57	screening-v1/batch-0342/final.txt
9d87a7f3ffbdc3972b4875abd300d9aa0e0cd6cf350d4e19e26e775b3ba0a108	48362	screening-v1/batch-0342/input.md
0c2f6899257dcb92d7320d44d4f5d5ebc1c2fba5ce0b7fa82531b20655053402	450	screening-v1/batch-0342/run.json
e3b0c44298fc1c149afbf4c8996fb92427ae41e4649b934ca495991b7852b855	0	screening-v1/batch-0342/stderr.txt
d2c78a545e32f0911bd2c76dbdd83468b9a3b1be5d9b9cce350f43402b49ed18	86	screening-v1/batch-0342/submit_screening
17ea64133d9125d21ea1ef9fa6ebe06ea150af7feb307f8bf524714a60db4a84	8597	screening-v1/batch-0342/trace.jsonl
97cae8a15d842cd48c23e53017fcef24003ce7acf898f5918fbe5337048ee124	5799	screening-v1/batch-0343/batch.json
2f1d07151af290c787c1e1fd47fa37439da310c67e759c19760182690e880b17	3629	screening-v1/batch-0343/decisions.jsonl
2e5d22bc5036d0ec9ff5033656bff921e0cc41a18277f26036e7036bb5c699b5	79	screening-v1/batch-0343/final.txt
a252c34b67fb9fd93ad7ad5517d8bdd0b4ebc9dbc6aaaf56f77825d75cba3cad	45403	screening-v1/batch-0343/input.md
de83a7caea76774266be14a5dc6be87720b156c7c0176bed1b1fef0912a939a8	450	screening-v1/batch-0343/run.json
e3b0c44298fc1c149afbf4c8996fb92427ae41e4649b934ca495991b7852b855	0	screening-v1/batch-0343/stderr.txt
d2c78a545e32f0911bd2c76dbdd83468b9a3b1be5d9b9cce350f43402b49ed18	86	screening-v1/batch-0343/submit_screening
198d891087ffd96ba8250837345833f5178773fddbd6acd73f5bebb1c766b7c4	8429	screening-v1/batch-0343/trace.jsonl
286da963a1b7b62135529acd86fef1692e3a79c41e45dd2e1c6ca39d377e9ea9	5800	screening-v1/batch-0344/batch.json
1ff1fa199c8089a6dcc02482a218e8bc463900e92d9aa412ff504fadd1b6849a	3388	screening-v1/batch-0344/decisions.jsonl
67e1405cca3676492de054f7a4efaab8b1b443f6ee82a04a74b4d9d782548c5d	89	screening-v1/batch-0344/final.txt
e79ce78d53672743f537799b667b305ae9c6aadec648393c5d3e3178afe70f46	44858	screening-v1/batch-0344/input.md
70b17bb83794e57b7f3ee9e345b293c961e66a51dbcf1e90a281131e1ca16b12	450	screening-v1/batch-0344/run.json
e3b0c44298fc1c149afbf4c8996fb92427ae41e4649b934ca495991b7852b855	0	screening-v1/batch-0344/stderr.txt
d2c78a545e32f0911bd2c76dbdd83468b9a3b1be5d9b9cce350f43402b49ed18	86	screening-v1/batch-0344/submit_screening
26024bb137db7e03b2b6f8887ee59810030720b8926bd75349f3df55c3cff70b	7631	screening-v1/batch-0344/trace.jsonl
f76bc4064755f5307f1640741259adf2f328cfa9ee632feb779a5a4c6f39acad	5444	screening-v1/batch-0345/batch.json
d06af186223c5c305e76d6fe1d2d566a619c767f9c5a3ca8bcb6fea2a11bd2c2	3707	screening-v1/batch-0345/decisions.jsonl
6824e4acfd0c951221fbb12f834a1008062d205af70fb4ce9aa62434b59ac897	64	screening-v1/batch-0345/final.txt
4d00327e87875100899697053e2d05a6d9447e125d8722440e9036d08142de63	43428	screening-v1/batch-0345/input.md
875d2ee8b4e8dff3db1dd1ad4c0337d4242893508b6cfeeae3dd1615f46c761d	450	screening-v1/batch-0345/run.json
e3b0c44298fc1c149afbf4c8996fb92427ae41e4649b934ca495991b7852b855	0	screening-v1/batch-0345/stderr.txt
d2c78a545e32f0911bd2c76dbdd83468b9a3b1be5d9b9cce350f43402b49ed18	86	screening-v1/batch-0345/submit_screening
27fae193255bd02c01f29e3e9e662380dc81b0d1594aa217bfdbd237acb3317e	14776	screening-v1/batch-0345/trace.jsonl
9850a384ed022f55d41c47e51d6e6e3f1c3316879997de7bca419ad971314d86	5517	screening-v1/batch-0346/batch.json
b299d8763afb7bdeb46c9392edaaf21fc531477d3eb12feec4f8cd53c3a735a0	3841	screening-v1/batch-0346/decisions.jsonl
ca5731caf5dbb937b2052a49bd6f81f90ac949d6374326ce9c8cf58f6eb820f4	83	screening-v1/batch-0346/final.txt
f1472085291bf171e950b164d747ef9631c0a6fa64808f84432d781aafdbec29	46940	screening-v1/batch-0346/input.md
0eb16fe1e9ecb260ae7318aa2fe076e063f2993c41b8443fd4351e4b137ee082	450	screening-v1/batch-0346/run.json
e3b0c44298fc1c149afbf4c8996fb92427ae41e4649b934ca495991b7852b855	0	screening-v1/batch-0346/stderr.txt
d2c78a545e32f0911bd2c76dbdd83468b9a3b1be5d9b9cce350f43402b49ed18	86	screening-v1/batch-0346/submit_screening
92a53d09433113f20968b8e727cb013afff6728bdff911673a189cf198b3d2da	11870	screening-v1/batch-0346/trace.jsonl
49b2d8bb6c8cf7e18b5dbfeb21018dd3a0022b619d0cd7b283bda8cad9d5e0fb	5390	screening-v1/batch-0347/batch.json
829954e41f7f5a7458bae63babdf1b295f3d2504f70cf8af9382c4f837e5ea9a	3914	screening-v1/batch-0347/decisions.jsonl
23a75b1ba4f65b54f62e596d1d6cdcf5f10199bb7d17da6ac2a15905a894247e	78	screening-v1/batch-0347/final.txt
b9f879ee3ded1c94f874f77527e739b997bdbbd05c479735344a245b8dbe43fa	45161	screening-v1/batch-0347/input.md
fbf5eac51e3250759fb312be69c118e2beaf2582cb1cce079cdbc2011d1f9dc0	450	screening-v1/batch-0347/run.json
e3b0c44298fc1c149afbf4c8996fb92427ae41e4649b934ca495991b7852b855	0	screening-v1/batch-0347/stderr.txt
d2c78a545e32f0911bd2c76dbdd83468b9a3b1be5d9b9cce350f43402b49ed18	86	screening-v1/batch-0347/submit_screening
0564df6935bc0c357e3c6cd206b00a6efc25d197af517dcd01ba3940ec4f9316	9037	screening-v1/batch-0347/trace.jsonl
d15a1d539adf2b2d91ca3b1792011f70c18ef88cd1a6a14f2120f3590891e515	5792	screening-v1/batch-0348/batch.json
11701c60ad86062de5a1a2ac57c914612aa41ad469d70f3d1e7f3eaad09f1ac9	3688	screening-v1/batch-0348/decisions.jsonl
be11ed89e21035b0af9229f5fce296043fa8016b50ab3edb2a35299a55174c45	126	screening-v1/batch-0348/final.txt
7a24daad2dd8639b55db34f688821f54eb215a19e19c41a3446974204661641d	53461	screening-v1/batch-0348/input.md
c733c5d9c98017e5ac6ec05b7c8c2063b6189d415db8047e8762f87554bde23d	450	screening-v1/batch-0348/run.json
e3b0c44298fc1c149afbf4c8996fb92427ae41e4649b934ca495991b7852b855	0	screening-v1/batch-0348/stderr.txt
d2c78a545e32f0911bd2c76dbdd83468b9a3b1be5d9b9cce350f43402b49ed18	86	screening-v1/batch-0348/submit_screening
3b4cb1ec9044aaef61a8b90489be6784f587df0fa9f63cf4662b5e68b53f71fd	8459	screening-v1/batch-0348/trace.jsonl
5433f1af32b3f1bd9e2fce554d578d2b83f7831ad02142b9a462f80a5cb1e016	5586	screening-v1/batch-0349/batch.json
db496f3ecfa943bcf9c66cf9ad7f0eda5004baa2cebe13b3afca6fe1d529d7bc	3627	screening-v1/batch-0349/decisions.jsonl
23a75b1ba4f65b54f62e596d1d6cdcf5f10199bb7d17da6ac2a15905a894247e	78	screening-v1/batch-0349/final.txt
b0925b5ab5e494ef510663cf9ab5bf0276488cc0b025e24d8fa07e70d970a9cf	44358	screening-v1/batch-0349/input.md
fa7c7e2fa1af209839b89499e0dd38a330b06aaaa5fa81a33582640b1a9b28ca	450	screening-v1/batch-0349/run.json
e3b0c44298fc1c149afbf4c8996fb92427ae41e4649b934ca495991b7852b855	0	screening-v1/batch-0349/stderr.txt
d2c78a545e32f0911bd2c76dbdd83468b9a3b1be5d9b9cce350f43402b49ed18	86	screening-v1/batch-0349/submit_screening
a38e7bb6505c015ec399527909a82f943f3c05e221d0e8321fc7e07d9ef9687a	7774	screening-v1/batch-0349/trace.jsonl
9c8f46151d5812dd13f04f7d6fc5aeb757f085443e7404815b711fb81ff9dce6	5513	screening-v1/batch-0350/batch.json
e034498c939f1c05dda7652aba2197b239a71e084e5c423b9eb869ef8279ef9c	3468	screening-v1/batch-0350/decisions.jsonl
abbd2442d4ebdf60b137ba02f9649114a3e71b069d7de09a24bed6338c159a62	70	screening-v1/batch-0350/final.txt
4aab27dbe2e1b93f9a2d48e35645a3c3ef48cbff43c70fa0f1e728f2bc49196e	52119	screening-v1/batch-0350/input.md
3863c54df68706442b9f57bd1e260aee76fa519c44534145ae0be977b8e30c4c	450	screening-v1/batch-0350/run.json
e3b0c44298fc1c149afbf4c8996fb92427ae41e4649b934ca495991b7852b855	0	screening-v1/batch-0350/stderr.txt
d2c78a545e32f0911bd2c76dbdd83468b9a3b1be5d9b9cce350f43402b49ed18	86	screening-v1/batch-0350/submit_screening
5a8d367d418b300ce5566800f4a29e7ba75bec7901c483a7f90aa90aca317162	7789	screening-v1/batch-0350/trace.jsonl
bade8387c4825857560eb08a877ff2fbc0ce53f75007537d489bbab53b7e4bf9	5425	screening-v1/batch-0351/batch.json
1bb02f4749b09a656a45162ae31cc4b81695691103b3173c5923a4d79672f5df	3710	screening-v1/batch-0351/decisions.jsonl
17b7568d7a11148dbe3b669c4d00782e387a8bc9cef1840df591d1ea909f31c6	78	screening-v1/batch-0351/final.txt
414150e2f3996741c5e1e930e4ae6338b54d0268424d6f0b5efecfcd147f6f46	46277	screening-v1/batch-0351/input.md
f319b3a1d8e94aba6f695edcf7fcf78044acc793538e970e5542ac8be97d86bc	450	screening-v1/batch-0351/run.json
e3b0c44298fc1c149afbf4c8996fb92427ae41e4649b934ca495991b7852b855	0	screening-v1/batch-0351/stderr.txt
d2c78a545e32f0911bd2c76dbdd83468b9a3b1be5d9b9cce350f43402b49ed18	86	screening-v1/batch-0351/submit_screening
5075e034bfe3de71a58494a4f15397e07115d483b030a62bb157624f63b6795b	14775	screening-v1/batch-0351/trace.jsonl
329c1dd1c866b7cfead2bf2c52dd9f6255c027c3b0187b4c892a97186bb90513	5507	screening-v1/batch-0352/batch.json
81ba5dc35ed519fbe4521b674282cd412a67e68b822178ab1e2b6dfd39613a87	3505	screening-v1/batch-0352/decisions.jsonl
41c4f07a292062af7f979ee89f187936c09df5016404945200e28af0fe8dc0e3	67	screening-v1/batch-0352/final.txt
640d805996f00a19317dc326f26c8d1cb0270e8a30f45b77f935cabf88e02e02	42616	screening-v1/batch-0352/input.md
24a61dd5c56530b35e229addacefc8309f40bc274aa1ca918b2bd0b6724293cd	450	screening-v1/batch-0352/run.json
e3b0c44298fc1c149afbf4c8996fb92427ae41e4649b934ca495991b7852b855	0	screening-v1/batch-0352/stderr.txt
d2c78a545e32f0911bd2c76dbdd83468b9a3b1be5d9b9cce350f43402b49ed18	86	screening-v1/batch-0352/submit_screening
543e9fd36c1303fb56d57be6d3fd5dde26e77f7b1819804902b83233cb14f364	8741	screening-v1/batch-0352/trace.jsonl
83add0518f056780193558248e6da2a5eb100a5877877c6760b771f5b76997f3	5570	screening-v1/batch-0353/batch.json
f2b2ab6fefb12bf0c2cca4c97eef5f3ed612ec91d5ce5a4effebcbd370117c92	3422	screening-v1/batch-0353/decisions.jsonl
50019226cd0ce6f3fd760853f969e78a5dd6dbed7bb058adf16170d383805619	97	screening-v1/batch-0353/final.txt
d0a823a4e7128a9255f86ca46b89e650d251a185f4b4fcc68f44df9f6a3f780b	47119	screening-v1/batch-0353/input.md
c775ca47de7598a426ef35d9616e0c8031c14724c9cde64466eff29c915d0eb9	450	screening-v1/batch-0353/run.json
e3b0c44298fc1c149afbf4c8996fb92427ae41e4649b934ca495991b7852b855	0	screening-v1/batch-0353/stderr.txt
d2c78a545e32f0911bd2c76dbdd83468b9a3b1be5d9b9cce350f43402b49ed18	86	screening-v1/batch-0353/submit_screening
e54650318bc15a7455cd9c371159facb9b977ec20b6116073d88c058a8624ef5	7901	screening-v1/batch-0353/trace.jsonl
c71202d4103406756cbbedb7174078ff5fe43b8fb981d7299df7ebc9eeb05599	5392	screening-v1/batch-0354/batch.json
e408d6bd7d9fc6c9c98e886559b7d1321b289c917a57dd5f56229e509c5ce09e	3905	screening-v1/batch-0354/decisions.jsonl
67e1405cca3676492de054f7a4efaab8b1b443f6ee82a04a74b4d9d782548c5d	89	screening-v1/batch-0354/final.txt
442024d7ac4e3f53772506cab8f8eda52948b53c66cf3daa23cfa0718c112892	47887	screening-v1/batch-0354/input.md
bea582f7cfc2a3f65f8244ada36de73a600b3738e756cd7832bf5f39cbe7d5fe	450	screening-v1/batch-0354/run.json
e3b0c44298fc1c149afbf4c8996fb92427ae41e4649b934ca495991b7852b855	0	screening-v1/batch-0354/stderr.txt
d2c78a545e32f0911bd2c76dbdd83468b9a3b1be5d9b9cce350f43402b49ed18	86	screening-v1/batch-0354/submit_screening
07d93873e3258f36146601ffd99c86f3c1f53be9a31c5c9df6885a7b13b4dec5	8933	screening-v1/batch-0354/trace.jsonl
da04ab9ee9c308ff0b4108cd2797d179ce02c9ae36ad19322bd7cb971cf3cec7	5609	screening-v1/batch-0355/batch.json
f2357b9761f7b94c41087ed629eb5cb0831c8f65302f92dd0676e83cd415da49	3364	screening-v1/batch-0355/decisions.jsonl
d2d159238b775a00db4b5fd135f20b4b892ed648fd8c60ba7d65800597ada474	66	screening-v1/batch-0355/final.txt
8cdf83538244a8981375d77e9834c369be970eb8518496667561674ae19fbb5b	44284	screening-v1/batch-0355/input.md
ac17d7134e0538ca47f8603bbd93202c2e9dae4a9b59f85f9f5562547e735cd9	450	screening-v1/batch-0355/run.json
e3b0c44298fc1c149afbf4c8996fb92427ae41e4649b934ca495991b7852b855	0	screening-v1/batch-0355/stderr.txt
d2c78a545e32f0911bd2c76dbdd83468b9a3b1be5d9b9cce350f43402b49ed18	86	screening-v1/batch-0355/submit_screening
6626e2f0f23875a8b679f9ccd69844bde3af2a57baff731e3b6d715a8e8e1e49	7588	screening-v1/batch-0355/trace.jsonl
0eecb9934cce05e0408ec2cc9ab0d371b65e915559e23f879352a60fc4bb4f93	5303	screening-v1/batch-0356/batch.json
eeddcabc95fb7c49d6a1f151d348b0ea8f8511c19b9ba1059f931b34384a94f1	3575	screening-v1/batch-0356/decisions.jsonl
1813fb69fcfa67c46abafb227126212d123475f15570b95a601ae9ef5e4d5262	80	screening-v1/batch-0356/final.txt
34c9fd64fe0936bd2e56328339892ffb9453cd7ea7ebef5b7ffeed86ac032edd	45204	screening-v1/batch-0356/input.md
9159b96374e0ed071e01b7dc9d6357fa4ecfe25cc159e4014c0703817f81cadd	450	screening-v1/batch-0356/run.json
e3b0c44298fc1c149afbf4c8996fb92427ae41e4649b934ca495991b7852b855	0	screening-v1/batch-0356/stderr.txt
d2c78a545e32f0911bd2c76dbdd83468b9a3b1be5d9b9cce350f43402b49ed18	86	screening-v1/batch-0356/submit_screening
7a3ea4091318626aeba98b00cee4a8a68a2daf60b27d3b765801dc0fd74ac503	8507	screening-v1/batch-0356/trace.jsonl
695856af9fc0525ed7eb8d54850d4d75040d05d82e802650879ee5012c616f5e	5486	screening-v1/batch-0357/batch.json
e93cbdb28ce6b9d3e37bfaabdb7ff23d736290bff04a02b042cf283c8d9f1420	3207	screening-v1/batch-0357/decisions.jsonl
23a75b1ba4f65b54f62e596d1d6cdcf5f10199bb7d17da6ac2a15905a894247e	78	screening-v1/batch-0357/final.txt
dd88a004c6ede79cb35d05729f27bbc9a4c33b528858606eb8c129a4ecdafa49	45159	screening-v1/batch-0357/input.md
2c4fd163994afe24c7e76aa2b09957564be85974efe4e334c81e803fcc2ca188	450	screening-v1/batch-0357/run.json
e3b0c44298fc1c149afbf4c8996fb92427ae41e4649b934ca495991b7852b855	0	screening-v1/batch-0357/stderr.txt
d2c78a545e32f0911bd2c76dbdd83468b9a3b1be5d9b9cce350f43402b49ed18	86	screening-v1/batch-0357/submit_screening
74a8e0ac7bf97ece5d4a0ebe4fa31e2f8b128ee7abafc9e48220ec79aa718bf5	8114	screening-v1/batch-0357/trace.jsonl
a321a47e6651bd0e35f7689c5e1fcc59ddc2db426caa7fa45b78370701abb9b6	5424	screening-v1/batch-0358/batch.json
9bd9fd7404df5df5ea8ca29499c0eede2d68446c6fbe77543c34ca56ca376373	3935	screening-v1/batch-0358/decisions.jsonl
3f4a2dc23055ece6adc8f78e51ff19879c5f4cbbba89d75be27f172f164c74f7	78	screening-v1/batch-0358/final.txt
e6488efd0cbda41384817112a5fbfdc5586b43167e85e9026cf3c3cf581e998a	55398	screening-v1/batch-0358/input.md
68e0c86e835f446e3f770a4b03190630528ba7b95c889058a85060e54cab0223	450	screening-v1/batch-0358/run.json
e3b0c44298fc1c149afbf4c8996fb92427ae41e4649b934ca495991b7852b855	0	screening-v1/batch-0358/stderr.txt
d2c78a545e32f0911bd2c76dbdd83468b9a3b1be5d9b9cce350f43402b49ed18	86	screening-v1/batch-0358/submit_screening
7b5cb417e407ad197c402393f70dccac4c0cfed3af3c099aab79a45850d73c30	9223	screening-v1/batch-0358/trace.jsonl
703d2ed6ea13c95f8599f426c22624a650bd658cf62c3b958f67362c290d64ce	5339	screening-v1/batch-0359/batch.json
e9e3598cce39ce673e27bc5d97614c7ef1c69097235ec2c6f2b05d36ef0e7676	3445	screening-v1/batch-0359/decisions.jsonl
10c13dd792db47e3f734191e7ad1448641908e6a3e39c39aa1c17d1d8d23f263	88	screening-v1/batch-0359/final.txt
ebff5682a60e0ec2e6fe71781e3643adbe85687e520e745384165d1ebb440b8d	44617	screening-v1/batch-0359/input.md
7d14e57841cefe4839b304b6a4d3b5386f1048e0b97214dbed8363a5d62cf7e2	450	screening-v1/batch-0359/run.json
e3b0c44298fc1c149afbf4c8996fb92427ae41e4649b934ca495991b7852b855	0	screening-v1/batch-0359/stderr.txt
d2c78a545e32f0911bd2c76dbdd83468b9a3b1be5d9b9cce350f43402b49ed18	86	screening-v1/batch-0359/submit_screening
91a949211a38f7b1745f59401e66818928b50fbc2f18bb937cd2a5aa3cfbed0a	8003	screening-v1/batch-0359/trace.jsonl
5df04b4225c9daa4b72ba57968a1899f1a9d02640445e468cf589f35fbb16c02	5491	screening-v1/batch-0360/batch.json
df1aeb7ab0e20dbe7d5c141c46883973daa8164301fd1eebbc07594ce8475e22	3506	screening-v1/batch-0360/decisions.jsonl
d8d3f566fa79885f3f0c2f869c71abc9ecdb2a116da1a9ce4ea8db8df8497254	70	screening-v1/batch-0360/final.txt
f562eb944f77c901089d4f29a871940e778a1ab489745c49e0e9d32019072c0b	45761	screening-v1/batch-0360/input.md
04e1dc0835c707ab468350e711e93867f1d052ec722f0fbfbda1e4b862767a15	450	screening-v1/batch-0360/run.json
e3b0c44298fc1c149afbf4c8996fb92427ae41e4649b934ca495991b7852b855	0	screening-v1/batch-0360/stderr.txt
d2c78a545e32f0911bd2c76dbdd83468b9a3b1be5d9b9cce350f43402b49ed18	86	screening-v1/batch-0360/submit_screening
2145ebb5fe63e6bde36c53b67221210c9db7f4656f41a905901019a073dd5eef	7782	screening-v1/batch-0360/trace.jsonl
0298f1b9ffd01d181270e12f96a09687ea3958ae90b76c9fe1acfa8372cb5437	5368	screening-v1/batch-0361/batch.json
e8b85e080d7d45eda14a6f2e61acfd6d674ce5ebea0b8956d4308b06b6c5dfd4	4038	screening-v1/batch-0361/decisions.jsonl
d4f36d039c6b9de9705fad12089c8e20dfaa603625b52da6e3689b7838c2b44a	92	screening-v1/batch-0361/final.txt
a91cd7c69aae85693e195a3404f1023739735a318cba131a95246b0d526d216a	43896	screening-v1/batch-0361/input.md
f6a252ecba730e0bc6eb1f22514836171fc91aa917713e55efb0f153d53b40ba	450	screening-v1/batch-0361/run.json
e3b0c44298fc1c149afbf4c8996fb92427ae41e4649b934ca495991b7852b855	0	screening-v1/batch-0361/stderr.txt
d2c78a545e32f0911bd2c76dbdd83468b9a3b1be5d9b9cce350f43402b49ed18	86	screening-v1/batch-0361/submit_screening
e0edec0bda39d36d98eff29a721402b4df59c3867d280789c4dfcc5dbab80a8d	9281	screening-v1/batch-0361/trace.jsonl
f04980e2b84b3e977bffeb1d04188edadffc2e798bd71684d1e885b07b06dfc6	5753	screening-v1/batch-0362/batch.json
da4f40c376fccc3da8f06f00c691986b760a3f9d2622a0b48c4bc6f9b286f4d6	3459	screening-v1/batch-0362/decisions.jsonl
8ae1fb92ced061e68579c206dc85211075feb67ea3fe513f78edf6897c5fd9f2	65	screening-v1/batch-0362/final.txt
84a3957cb0134772d56b43af79341181f847bf7a71b37b22a4f66d957c31de1d	45728	screening-v1/batch-0362/input.md
1ccaa6a9f5d8eda02ef6e82366820d8d61d25aefc6ffee572f7ed0055023bdaa	450	screening-v1/batch-0362/run.json
e3b0c44298fc1c149afbf4c8996fb92427ae41e4649b934ca495991b7852b855	0	screening-v1/batch-0362/stderr.txt
d2c78a545e32f0911bd2c76dbdd83468b9a3b1be5d9b9cce350f43402b49ed18	86	screening-v1/batch-0362/submit_screening
9901f45ae4f18a2b959a4e2834dd23ace9727ed3a98dc83869ce44290da895cb	15606	screening-v1/batch-0362/trace.jsonl
af680770fb4622e2a176c981ff4befe555d967ef6e3c9e470d231171a8c47fa5	5585	screening-v1/batch-0363/batch.json
13cd2ac6eb10167a41149bc69d175734e87c0a72ee87e6a61775d877a8fb664e	4025	screening-v1/batch-0363/decisions.jsonl
d2d159238b775a00db4b5fd135f20b4b892ed648fd8c60ba7d65800597ada474	66	screening-v1/batch-0363/final.txt
de77325938f24e6b7979a0a0cf1efab514a9fab98ecba0619ba48ccf1283e8ef	46758	screening-v1/batch-0363/input.md
63bf568153463d9c2ceafcd48c50386af21913bf624762d2fcceef404cb615b1	450	screening-v1/batch-0363/run.json
e3b0c44298fc1c149afbf4c8996fb92427ae41e4649b934ca495991b7852b855	0	screening-v1/batch-0363/stderr.txt
d2c78a545e32f0911bd2c76dbdd83468b9a3b1be5d9b9cce350f43402b49ed18	86	screening-v1/batch-0363/submit_screening
c89ee18a99f34ca3642029a76b2128a29de34d8ef21ca326eda060c43d8caa1a	8906	screening-v1/batch-0363/trace.jsonl
3097f112b30b20d60fff7080975473fd1d0d0549d7832e1f17bbe2ff3c415eef	5500	screening-v1/batch-0364/batch.json
e6422495ae79545c65b2e64c99543c69b4a0b62248b4c9885f1fa614fcb06a6e	4213	screening-v1/batch-0364/decisions.jsonl
c46797a8c6da59d1a3675d9be4d5b44b059290bd028d3ab3d5f1d79e10cbdee0	79	screening-v1/batch-0364/final.txt
7046cc6ef0f2cdaca4e7bb409628cf8bf274bbc3afb95819d4ff153448a83285	53467	screening-v1/batch-0364/input.md
fc56c4d74ced064fc3cbccec1cb6cb3d81a02fc0b7a984ad13d62ebbd8b78b93	450	screening-v1/batch-0364/run.json
e3b0c44298fc1c149afbf4c8996fb92427ae41e4649b934ca495991b7852b855	0	screening-v1/batch-0364/stderr.txt
d2c78a545e32f0911bd2c76dbdd83468b9a3b1be5d9b9cce350f43402b49ed18	86	screening-v1/batch-0364/submit_screening
7f01ff02887e4050764e1deadfbb1868f3c71d3dc5e6d50e2dd98b13b03d1d77	9786	screening-v1/batch-0364/trace.jsonl
98c15c1af68118e8d9bc5bfd30a7f6634d0687747e8db7627104d32583db23f0	5686	screening-v1/batch-0365/batch.json
d3d124c7ed9acf531ae602fb8e78678614817a73b549c5efc95caaaf098c9f6b	3570	screening-v1/batch-0365/decisions.jsonl
755742134aa4adeac1aa9cfc97901803e54fde9ff921a467c718be766f960700	80	screening-v1/batch-0365/final.txt
c1b78b137769aaef94618e59fbc3ff6c4461b16f341f9ed02f0e164877e8910d	45168	screening-v1/batch-0365/input.md
b96f52327a4d589515257645418931ac9f1d7d49be4450bf2f63dcd2c55da20e	450	screening-v1/batch-0365/run.json
e3b0c44298fc1c149afbf4c8996fb92427ae41e4649b934ca495991b7852b855	0	screening-v1/batch-0365/stderr.txt
d2c78a545e32f0911bd2c76dbdd83468b9a3b1be5d9b9cce350f43402b49ed18	86	screening-v1/batch-0365/submit_screening
3c31b549f497fdddcc5a0c65fd4646ab3b223cd25edea7ff79fe31fcfcb9529c	8273	screening-v1/batch-0365/trace.jsonl
0bb1c8ffe5faf9955053e883db957bc43c79204722385b3ced24b5fba5235c35	5909	screening-v1/batch-0366/batch.json
1fbd1b01bc0a94bde25c57826277b89004afe3549fbf244f9ad6b853ea8200fb	3360	screening-v1/batch-0366/decisions.jsonl
06b79cb1cea53022f8cff55da8689a7945ae8e9ee0b69c229373200872bc3790	61	screening-v1/batch-0366/final.txt
dcd07b39efd609ea15604d53a6ec68c53ce2008e2d6eadcb65ba15672d21ed8e	44354	screening-v1/batch-0366/input.md
c46ea9c535d1213e97e4b65784729ae42d6b15c5a8e1716cd20f536caa7b5c30	450	screening-v1/batch-0366/run.json
e3b0c44298fc1c149afbf4c8996fb92427ae41e4649b934ca495991b7852b855	0	screening-v1/batch-0366/stderr.txt
d2c78a545e32f0911bd2c76dbdd83468b9a3b1be5d9b9cce350f43402b49ed18	86	screening-v1/batch-0366/submit_screening
0f9c4072c2e820403bec93fe40fb24a2a58e5a4ea633e35f769ea734ad84729e	7560	screening-v1/batch-0366/trace.jsonl
73d3beaf962a2b0a6941e68efe2166997e43ad9c52c625ab83c272289befd4df	5708	screening-v1/batch-0367/batch.json
7c32c4d71aa87e91519afc0ecde4bdbb4a544de6982539a594c0938ba04ae4da	3595	screening-v1/batch-0367/decisions.jsonl
67e1405cca3676492de054f7a4efaab8b1b443f6ee82a04a74b4d9d782548c5d	89	screening-v1/batch-0367/final.txt
846ff4687876cae9b0591d598f89e88d4e22e02e3ea34bc796795b47d7b51ac7	45843	screening-v1/batch-0367/input.md
8a3ba23a7df8893c141a11b5e723454b3b7b8a1b4903093eb00ef52e3c1f61c3	450	screening-v1/batch-0367/run.json
e3b0c44298fc1c149afbf4c8996fb92427ae41e4649b934ca495991b7852b855	0	screening-v1/batch-0367/stderr.txt
d2c78a545e32f0911bd2c76dbdd83468b9a3b1be5d9b9cce350f43402b49ed18	86	screening-v1/batch-0367/submit_screening
b37c600998ff530f5c96cfc5c858bddf0ba1f26e1976ed4db6a0048e468d1760	8236	screening-v1/batch-0367/trace.jsonl
7206b5bced5d28ccd42cdd19b43dcee5b8821ee39c39a22e50580ce519610291	5660	screening-v1/batch-0368/batch.json
c640945e620efc64ca2f360375f28d7d091ec30d6f35ce5f4309c4012d2969f5	3633	screening-v1/batch-0368/decisions.jsonl
f9ebf0ca18630a01c0083f430d4d6e3b44e6031a2ebd7a3e14d3e689376c23c4	87	screening-v1/batch-0368/final.txt
2b367b8423efa6dcd16f7f5f3103cf715507faa2b5e008946ca2da4e8f3b719b	44872	screening-v1/batch-0368/input.md
84ea141a3768e6141ac8d4873ad7b4ea88917130d6aeec13ae5ea9ad6da1fc5b	450	screening-v1/batch-0368/run.json
e3b0c44298fc1c149afbf4c8996fb92427ae41e4649b934ca495991b7852b855	0	screening-v1/batch-0368/stderr.txt
d2c78a545e32f0911bd2c76dbdd83468b9a3b1be5d9b9cce350f43402b49ed18	86	screening-v1/batch-0368/submit_screening
90fd55d474466c06cb1167b8d2243c2e75b81b50ed9a49b2203010cf704af045	8386	screening-v1/batch-0368/trace.jsonl
cf0dd7c05b95be2f608fb64560567d98305998d9e90bd64ddb84558ff719f2d5	5557	screening-v1/batch-0369/batch.json
2014f35960e7a322ed603d64671f135a4ab4748074bc014c4974594b64fe1fca	3913	screening-v1/batch-0369/decisions.jsonl
314910b8a2fbf622ca9b02c99e602f1a08d767790b1c8d886283fc3dfe686ec8	80	screening-v1/batch-0369/final.txt
fa53e1e734258369f5041257f087e23d29a45c5f243d637acaa84c7a66a21d08	44994	screening-v1/batch-0369/input.md
0b31d5755601304b16411a288e6ff2d0d22715f7f65615d098b0bae7629247f9	450	screening-v1/batch-0369/run.json
e3b0c44298fc1c149afbf4c8996fb92427ae41e4649b934ca495991b7852b855	0	screening-v1/batch-0369/stderr.txt
d2c78a545e32f0911bd2c76dbdd83468b9a3b1be5d9b9cce350f43402b49ed18	86	screening-v1/batch-0369/submit_screening
9485c0cb849eef9726c4e119c9955a7b55e2deda587463e6051c2540455d4797	9237	screening-v1/batch-0369/trace.jsonl
1511ef9870eeb8a31f1f9f46a6b978f53fbe406510bffdc4b7779fde55eff02c	5722	screening-v1/batch-0370/batch.json
b700210061f4f59a9db7e1b087271dd7347967eb1d8992e425874d6c41654294	3966	screening-v1/batch-0370/decisions.jsonl
3f4a2dc23055ece6adc8f78e51ff19879c5f4cbbba89d75be27f172f164c74f7	78	screening-v1/batch-0370/final.txt
ef403691cc67b32b583df17bd4728e0f698e7604aea5d9851a992494177bac05	45720	screening-v1/batch-0370/input.md
1e97fb671d3e909e709a0c743baf3471388dfda00d025d7c61cf42d85a5e1076	450	screening-v1/batch-0370/run.json
e3b0c44298fc1c149afbf4c8996fb92427ae41e4649b934ca495991b7852b855	0	screening-v1/batch-0370/stderr.txt
d2c78a545e32f0911bd2c76dbdd83468b9a3b1be5d9b9cce350f43402b49ed18	86	screening-v1/batch-0370/submit_screening
f91e0b9915bdcb822d2f7e57f428b80b72acab5e9802a0d8169251f5dc42c226	15306	screening-v1/batch-0370/trace.jsonl
d2929f3b48b29fc2c7f8ae6f06344c5e950f456248eace1e25f3dd4c6c73594f	5742	screening-v1/batch-0371/batch.json
3cd7be95af7a949f0ca8189e2f7e00b9acf97e694e73a6bcff4dc5e1aadc672f	3359	screening-v1/batch-0371/decisions.jsonl
f0cc71e1bb57f75f1f8aedc273036d5849f2871abe59c916935f0b3b62539d80	38	screening-v1/batch-0371/final.txt
cf0302e191d8470d5389e328d76488146f0db2c22daf06bd7def2ef9c735ab5f	50315	screening-v1/batch-0371/input.md
41a7121a8d345b1a85a35b8255ea52bb95943b54beb28cc15b64355751d2f5f1	450	screening-v1/batch-0371/run.json
e3b0c44298fc1c149afbf4c8996fb92427ae41e4649b934ca495991b7852b855	0	screening-v1/batch-0371/stderr.txt
d2c78a545e32f0911bd2c76dbdd83468b9a3b1be5d9b9cce350f43402b49ed18	86	screening-v1/batch-0371/submit_screening
5b36aa7d5dc09d92d1e430140d2232a16f168ca4bce0c51c60fd7271af8da5bf	12936	screening-v1/batch-0371/trace.jsonl
f7ba4fe3cc31ee3d639fd1424ea7f148d534a075c5f8c915e2687be2dbdf59ad	6280	screening-v1/batch-0372/batch.json
9e28a14a76a1019b3e3d9658cb8aa4a76a5f713b37d64c63505fb788e8799bd2	3638	screening-v1/batch-0372/decisions.jsonl
d2d159238b775a00db4b5fd135f20b4b892ed648fd8c60ba7d65800597ada474	66	screening-v1/batch-0372/final.txt
193c4e9c29ff1eec20d7cba46e1a207f9092c78f589aded0759f7d3a145cdce8	49524	screening-v1/batch-0372/input.md
90f120a424ecf229e82bebd3d30ac14782dd550fc5521f22425485aec4cd78a5	450	screening-v1/batch-0372/run.json
e3b0c44298fc1c149afbf4c8996fb92427ae41e4649b934ca495991b7852b855	0	screening-v1/batch-0372/stderr.txt
d2c78a545e32f0911bd2c76dbdd83468b9a3b1be5d9b9cce350f43402b49ed18	86	screening-v1/batch-0372/submit_screening
fcfc6e952d60c0029d2f5e0b57cda60a476ab9ceb803fffba085722ee49212b7	8120	screening-v1/batch-0372/trace.jsonl
abaf3d6ac34382f0e2b75f85fc85921b0b66f63c8a653454586f0bf2733be7c5	5575	screening-v1/batch-0373/batch.json
aebb0758d8b1e9c4d509d1f9a2d8e1c52d39d1b0dd47301ee3261b9e66716f4c	3728	screening-v1/batch-0373/decisions.jsonl
6824e4acfd0c951221fbb12f834a1008062d205af70fb4ce9aa62434b59ac897	64	screening-v1/batch-0373/final.txt
34584286fcf1650ce4c66d30e1663999fd9f2ead7e58f8bd896a0524f124adde	47851	screening-v1/batch-0373/input.md
a534a0c48643d236868463eb1492a192e285583515e2a95d586a88bf7dac1b65	450	screening-v1/batch-0373/run.json
e3b0c44298fc1c149afbf4c8996fb92427ae41e4649b934ca495991b7852b855	0	screening-v1/batch-0373/stderr.txt
d2c78a545e32f0911bd2c76dbdd83468b9a3b1be5d9b9cce350f43402b49ed18	86	screening-v1/batch-0373/submit_screening
286cae091c8fe9213cd536aa81f6d58f8656fac8b42543d04e0cc1eb616f45ae	8236	screening-v1/batch-0373/trace.jsonl
8eef3daab2100e4e434bb8900a3707ed07b5cd108732536d9b2a437bba2db578	5558	screening-v1/batch-0374/batch.json
ce1bebf150e2a8fce04c5b2f0ea75084c1f02c740527bc180fb81e2338b32bc1	3566	screening-v1/batch-0374/decisions.jsonl
23a75b1ba4f65b54f62e596d1d6cdcf5f10199bb7d17da6ac2a15905a894247e	78	screening-v1/batch-0374/final.txt
dd794ef1fa508de16bb3cbe08448294e8b0dbed86c17fa707512880e694d6108	43136	screening-v1/batch-0374/input.md
37b472480eafc29f33c93c0c954176c87bb78a020151a2b87841cc187001b106	450	screening-v1/batch-0374/run.json
e3b0c44298fc1c149afbf4c8996fb92427ae41e4649b934ca495991b7852b855	0	screening-v1/batch-0374/stderr.txt
d2c78a545e32f0911bd2c76dbdd83468b9a3b1be5d9b9cce350f43402b49ed18	86	screening-v1/batch-0374/submit_screening
cf13d190bf1f872305a808d3aeb8c89dc5be7f997e8ebd2dce16dcf9070778f6	14493	screening-v1/batch-0374/trace.jsonl
545f0d0c5d293a3a3faeedc08fe56fc2f7edff19c5ab8b1d20936b554917a1ab	5697	screening-v1/batch-0375/batch.json
788e37d9a29c266374e21572c4af68e7871c992aa363cf458056ed2f11677e80	4238	screening-v1/batch-0375/decisions.jsonl
23a75b1ba4f65b54f62e596d1d6cdcf5f10199bb7d17da6ac2a15905a894247e	78	screening-v1/batch-0375/final.txt
45a3c76c5d9898288243a184cb76b7044b665ed8dd061340a1d907bdb25c8c55	45720	screening-v1/batch-0375/input.md
ae923b0efac6af99aaaa3812eb373795dc6a2da50aa965f130352547794cbe69	450	screening-v1/batch-0375/run.json
e3b0c44298fc1c149afbf4c8996fb92427ae41e4649b934ca495991b7852b855	0	screening-v1/batch-0375/stderr.txt
d2c78a545e32f0911bd2c76dbdd83468b9a3b1be5d9b9cce350f43402b49ed18	86	screening-v1/batch-0375/submit_screening
7ecfcccfb350947c86bf88dd1c901191f18ff704574b15070dc17a4e2c7406c6	9514	screening-v1/batch-0375/trace.jsonl
0dd6b930cf726c696da9c1f9b6d526ec509a75a02d4258fd148ef5dc9a3acd88	5899	screening-v1/batch-0376/batch.json
288563847da822f148c3474f4c93c1c7be62444dd60d93a90faa1ffb0cc28cf9	4138	screening-v1/batch-0376/decisions.jsonl
057665454462b2baea8696ca9e229efd1855cef45a68f2d94ef320623d7dceca	79	screening-v1/batch-0376/final.txt
0eadfe83d0a4315f29f70f323077079b117a6224b30db24ef8ba3624cbe9eed4	53530	screening-v1/batch-0376/input.md
2b5a8e7d95555cd282d5fdddcb9acbdf4f082ab98d56159c4b38379401681436	450	screening-v1/batch-0376/run.json
e3b0c44298fc1c149afbf4c8996fb92427ae41e4649b934ca495991b7852b855	0	screening-v1/batch-0376/stderr.txt
d2c78a545e32f0911bd2c76dbdd83468b9a3b1be5d9b9cce350f43402b49ed18	86	screening-v1/batch-0376/submit_screening
8ed06d65c595b8e7f7acc5681854f52ef0f185b51242a1d8350cd4747d8de7c8	15900	screening-v1/batch-0376/trace.jsonl
e54b45164cf75b8ae940afd868c6bda3c29dfc1758f000e8b4bb31a6198812f9	5241	screening-v1/batch-0377/batch.json
04168840d4d260b31d22487e92dfe855c7ff484eaeb9da1d820d6b637122b962	3983	screening-v1/batch-0377/decisions.jsonl
ca5731caf5dbb937b2052a49bd6f81f90ac949d6374326ce9c8cf58f6eb820f4	83	screening-v1/batch-0377/final.txt
c2665197427404bfaae466773d23be4261e126525aac6623f93c7d7b255dea63	43152	screening-v1/batch-0377/input.md
f7ff5fd7dfdfb8e737260b9a082ca25b8f66b33d277a329c2ab064e8d3e87bc9	450	screening-v1/batch-0377/run.json
e3b0c44298fc1c149afbf4c8996fb92427ae41e4649b934ca495991b7852b855	0	screening-v1/batch-0377/stderr.txt
d2c78a545e32f0911bd2c76dbdd83468b9a3b1be5d9b9cce350f43402b49ed18	86	screening-v1/batch-0377/submit_screening
17e362f800a34836ef698a44fd9b39da80c26be470ba1d9a7d9298db12962cfd	9149	screening-v1/batch-0377/trace.jsonl
040423e94d6575968d4d50ad985b09eec1d73b28ad3c66050db617e8f06748af	5233	screening-v1/batch-0378/batch.json
6752061a9727d5c7808cd3405ab3b3d2fbfc7eec91b76db57b0b4bec87e4ee19	3577	screening-v1/batch-0378/decisions.jsonl
d8d3f566fa79885f3f0c2f869c71abc9ecdb2a116da1a9ce4ea8db8df8497254	70	screening-v1/batch-0378/final.txt
cb7c1c4e0dfe93c4fde3e970c52215a5da41f39fa8eb4eae4436f3ecee952708	46736	screening-v1/batch-0378/input.md
08856a462688adf26e83b2b748e725d2fa19ebad94b90f7fd533492ef7e01bdb	450	screening-v1/batch-0378/run.json
e3b0c44298fc1c149afbf4c8996fb92427ae41e4649b934ca495991b7852b855	0	screening-v1/batch-0378/stderr.txt
d2c78a545e32f0911bd2c76dbdd83468b9a3b1be5d9b9cce350f43402b49ed18	86	screening-v1/batch-0378/submit_screening
5d176c2a788a244d629dd278ad8db095c58b324c2ea9db008c265cadce64a682	8263	screening-v1/batch-0378/trace.jsonl
c66f395d4c8261b539f14db78c17a4ea18b0cee6afdb201d85bf172c9a38491e	5668	screening-v1/batch-0379/batch.json
78715b12def41946c27f11fec8af905b7ebf7da43ebbe2f5c13ea28ba85ccccf	4014	screening-v1/batch-0379/decisions.jsonl
cf0c22cb98a8d7b0198b01c6418fa27c48963c506029294b047c29cbac487a69	77	screening-v1/batch-0379/final.txt
66a144048c616e92a37fb66f1672e3b7b9cb81dcbb0c7bc18e4dcfd2f7892797	48401	screening-v1/batch-0379/input.md
5069bc5bdaa3410e608cfa16233ef5c3fb739fc58bc05b13490740794b215a72	450	screening-v1/batch-0379/run.json
e3b0c44298fc1c149afbf4c8996fb92427ae41e4649b934ca495991b7852b855	0	screening-v1/batch-0379/stderr.txt
d2c78a545e32f0911bd2c76dbdd83468b9a3b1be5d9b9cce350f43402b49ed18	86	screening-v1/batch-0379/submit_screening
94998cdcfae976c70f66a8b198752a59eb6fdb58217ac357dba64b10e2979a82	9990	screening-v1/batch-0379/trace.jsonl
8a39e7de310081f4d5c49052bcd5fb78055ae7621aa2a83dfed50787cf650fc6	5802	screening-v1/batch-0380/batch.json
9e1ad3b21581543a7bbfc3de95dd48c6f8972c38069412e1a505cd0fb7cdebdc	3430	screening-v1/batch-0380/decisions.jsonl
23a75b1ba4f65b54f62e596d1d6cdcf5f10199bb7d17da6ac2a15905a894247e	78	screening-v1/batch-0380/final.txt
3ad54d956739c2c77d2c5a4a44598da33b27add6ff65afc8a75a11f91a0b8246	45512	screening-v1/batch-0380/input.md
5915795a9587c93c86dc31f3e5c3799dc651d0c852e4bef4e9498beebfd7f73a	450	screening-v1/batch-0380/run.json
e3b0c44298fc1c149afbf4c8996fb92427ae41e4649b934ca495991b7852b855	0	screening-v1/batch-0380/stderr.txt
d2c78a545e32f0911bd2c76dbdd83468b9a3b1be5d9b9cce350f43402b49ed18	86	screening-v1/batch-0380/submit_screening
cc7b44b5ca1a8e0d609a3994bb4fcf0cb0d0162278f6dcaf653e6cfd6ebed46a	8194	screening-v1/batch-0380/trace.jsonl
aa9933c796db284c6b22c520e4c7c1fb747b4ef66e8868be76fdd19e5c07a87c	5604	screening-v1/batch-0381/batch.json
4c5a97d9d407275f5c33ed7bffe55892901bf815279eed758222e58dfd8b12da	3788	screening-v1/batch-0381/decisions.jsonl
37c3a33b9ca202c8a899958fcb72cca5e6d5edaefb988f6c39519fd0895bb462	61	screening-v1/batch-0381/final.txt
36128ec3a0f6beee152dbeff13ab5f8faec095dba662911035d701af48ef9d46	46260	screening-v1/batch-0381/input.md
8ec049052a3c11a551bcfdae389632a9a2bac1f8b5c277413ace977925f8feb8	450	screening-v1/batch-0381/run.json
e3b0c44298fc1c149afbf4c8996fb92427ae41e4649b934ca495991b7852b855	0	screening-v1/batch-0381/stderr.txt
d2c78a545e32f0911bd2c76dbdd83468b9a3b1be5d9b9cce350f43402b49ed18	86	screening-v1/batch-0381/submit_screening
cd7b9b8773b802025f9d82b1740d431375697e937d74334fdcb787ec022fdd37	9084	screening-v1/batch-0381/trace.jsonl
6e5abff93fb2be6b28054a98424edb5eef615697088872c1b128f70349d8c3e6	5648	screening-v1/batch-0382/batch.json
4f0cf433e840aa1ee815d1e82f38f181524338274da7b5b936021ee7dc35e389	4011	screening-v1/batch-0382/decisions.jsonl
3f4a2dc23055ece6adc8f78e51ff19879c5f4cbbba89d75be27f172f164c74f7	78	screening-v1/batch-0382/final.txt
b02c18304e641d186fcf22fc9b0776217eff958c36bcd8ea322423e64bd6fcc9	49300	screening-v1/batch-0382/input.md
d34ba721f05ca70947efcc5f60628b7becfb63ff6126d637df1c7e3812c60d07	450	screening-v1/batch-0382/run.json
e3b0c44298fc1c149afbf4c8996fb92427ae41e4649b934ca495991b7852b855	0	screening-v1/batch-0382/stderr.txt
d2c78a545e32f0911bd2c76dbdd83468b9a3b1be5d9b9cce350f43402b49ed18	86	screening-v1/batch-0382/submit_screening
8cd32b1189adb8bb510ddffeb2f3748a6bee6e725ee24641d161ccdc3ba385f1	9402	screening-v1/batch-0382/trace.jsonl
0e107b3092eb39ee3843c9c27c7fda04872574d6cb40a0e3bff37767cb6000b6	5948	screening-v1/batch-0383/batch.json
0f8c9fcff703fba86b877d6cf9122f3bdc18a0e53e70c8ba18f2c7517e3eb612	3577	screening-v1/batch-0383/decisions.jsonl
26bef249543e5774515a8bd3d37ce3124c59bbda444c966e66d7937a6baa1a2e	68	screening-v1/batch-0383/final.txt
337cf01857bd7ffd29e91b8586b48cb6e5efa4ead8aa6537a4115b35b00203df	45817	screening-v1/batch-0383/input.md
dcd97e81f9e1eb445dea9b62d7f13b49b23e2d9458136752489b4b9ab7a15a96	450	screening-v1/batch-0383/run.json
e3b0c44298fc1c149afbf4c8996fb92427ae41e4649b934ca495991b7852b855	0	screening-v1/batch-0383/stderr.txt
d2c78a545e32f0911bd2c76dbdd83468b9a3b1be5d9b9cce350f43402b49ed18	86	screening-v1/batch-0383/submit_screening
b29951a259dcbb493e6def2983db3f3bb36c82ff99cddabb2e64630cc6be7891	8166	screening-v1/batch-0383/trace.jsonl
f7779ec87cfad6fa120937796c3bee6d9d60c924631cc3a849e55d06ba4357dd	5563	screening-v1/batch-0384/batch.json
bbce3645e91f3da527e6bed71613699cb192079bed7e92666437f67f2b83bc1d	4054	screening-v1/batch-0384/decisions.jsonl
eb7566d5067790ea8d3a2ea6eb0a3c93064cf775b5b34ace2718c1a967197fed	76	screening-v1/batch-0384/final.txt
0b309e5661779ccfdfde9f66a85c31d1021fdd3bbc98cd065b78e4f8f368409e	46055	screening-v1/batch-0384/input.md
8aa11685cae2aee329ae02cd07200bce2bf5a3d3ff68e0a9c3e9f8ccf3e5ba5a	450	screening-v1/batch-0384/run.json
e3b0c44298fc1c149afbf4c8996fb92427ae41e4649b934ca495991b7852b855	0	screening-v1/batch-0384/stderr.txt
d2c78a545e32f0911bd2c76dbdd83468b9a3b1be5d9b9cce350f43402b49ed18	86	screening-v1/batch-0384/submit_screening
25ef9777079721356ca42b358397bcc29b6725f34df3b2a43bfa318ff82bf481	9443	screening-v1/batch-0384/trace.jsonl
4b5d702f0c715fee08718351741fc3d6bc95af31b26b3013be2d1f46e790b66f	5547	screening-v1/batch-0385/batch.json
977e75c6f3571ab239bcd85de7187af93e6fc6045f8910bcf0b6b1a707a4154a	3920	screening-v1/batch-0385/decisions.jsonl
b8c44f6fdf21bc697005fcc1356e064ff29fb23749313057287d5419e21f5a00	82	screening-v1/batch-0385/final.txt
28c882978460833b73fd4b32bbd105463ea60ae558e8779fabaca12f26444849	53520	screening-v1/batch-0385/input.md
dcce3fcb855e06ce6c8b40c504b2448ea0e1f6e37cc2085cd546f290f7733564	450	screening-v1/batch-0385/run.json
e3b0c44298fc1c149afbf4c8996fb92427ae41e4649b934ca495991b7852b855	0	screening-v1/batch-0385/stderr.txt
d2c78a545e32f0911bd2c76dbdd83468b9a3b1be5d9b9cce350f43402b49ed18	86	screening-v1/batch-0385/submit_screening
47b210540b0e15623815a4b63e4b21057072e991a80625f23485cae53feacbdf	15211	screening-v1/batch-0385/trace.jsonl
c29f04e4fdf77ce2952ad6d275fa0543b50a5a4d7b8f14c1172492572eab3be9	5107	screening-v1/batch-0386/batch.json
296b5969c82acf1f0955823114ab0922db5ce82cb70e783a6f624eab1ff8f636	3737	screening-v1/batch-0386/decisions.jsonl
23a75b1ba4f65b54f62e596d1d6cdcf5f10199bb7d17da6ac2a15905a894247e	78	screening-v1/batch-0386/final.txt
1581b292570711e3289ce934cfbedbe7787d198b0ac062c98f37d2532dc76a8f	39904	screening-v1/batch-0386/input.md
023e0929a3d38b11c6131d46d05730a34ea2691733953564eea941318165dccf	450	screening-v1/batch-0386/run.json
e3b0c44298fc1c149afbf4c8996fb92427ae41e4649b934ca495991b7852b855	0	screening-v1/batch-0386/stderr.txt
d2c78a545e32f0911bd2c76dbdd83468b9a3b1be5d9b9cce350f43402b49ed18	86	screening-v1/batch-0386/submit_screening
0ac90ee5a6d942d9b1bc2d5580cda3870e8b8c09ce43ccbbf2220026eafbc6b7	14846	screening-v1/batch-0386/trace.jsonl
7b544cbf5f6adc860b19b436b7cffe0619085a19aa69eb26fff2c9659b89e3d5	5765	screening-v1/batch-0387/batch.json
958d9caa0939deada83892def5feda4669e28214a165fbc4d099ddcf82b28521	3842	screening-v1/batch-0387/decisions.jsonl
e5c26e8a32e0d0e005e62dcaf8221b9b506e599d2360fb679244b7c3f3e1fcaf	58	screening-v1/batch-0387/final.txt
80e3cc5b024f21a1285b8929ed107250b118f6b7c3bab60eccee6b82d273c95b	47168	screening-v1/batch-0387/input.md
bdefc84d8ad6c544e2ba9edb7877aa409e2215d8f74f5d4f27fa753ea39d5e4c	450	screening-v1/batch-0387/run.json
e3b0c44298fc1c149afbf4c8996fb92427ae41e4649b934ca495991b7852b855	0	screening-v1/batch-0387/stderr.txt
d2c78a545e32f0911bd2c76dbdd83468b9a3b1be5d9b9cce350f43402b49ed18	86	screening-v1/batch-0387/submit_screening
ca3966c2266f33f9070d462888448c4da25694dfd733fb3a99522e4b5e7d4bca	8548	screening-v1/batch-0387/trace.jsonl
36ae4276567b42efb49515be771f620c17340fc941aa69f8da77a0a605461046	5598	screening-v1/batch-0388/batch.json
1d3794438cecbd1b44491ad95fffa2be7e18ec23844f1018dc086f64bef94282	3642	screening-v1/batch-0388/decisions.jsonl
67e1405cca3676492de054f7a4efaab8b1b443f6ee82a04a74b4d9d782548c5d	89	screening-v1/batch-0388/final.txt
52c1cba41009e339255ee23f214944b3b8e4e907caa9bbc2c9988e5ad3955d22	42265	screening-v1/batch-0388/input.md
78336b7eb5d54b9c3c7d5d1c7cb4b3704481a14b62d26309b7100029a2a5332a	450	screening-v1/batch-0388/run.json
e3b0c44298fc1c149afbf4c8996fb92427ae41e4649b934ca495991b7852b855	0	screening-v1/batch-0388/stderr.txt
d2c78a545e32f0911bd2c76dbdd83468b9a3b1be5d9b9cce350f43402b49ed18	86	screening-v1/batch-0388/submit_screening
5915a6bb9d64416116f3b97b8064f2b61614ac75000bf86e727973b173b916bd	8321	screening-v1/batch-0388/trace.jsonl
4c7485242f6ea9ee7d11f58ba66c4e1105f262bb5c8903126ce565640f41895f	5533	screening-v1/batch-0389/batch.json
79fd507d372ec8c371542aa49ef1ea093bb29734b2424d7819ab1f46d33ee41e	3466	screening-v1/batch-0389/decisions.jsonl
06c8a354437ec1e2a18c694d64366c99c1abe3674e810e8e610a5c7cbe15ed5d	44	screening-v1/batch-0389/final.txt
b3d4c082a0106dbb2eafe33c4cbc825591855884115508faf3afaf95d529e7be	44709	screening-v1/batch-0389/input.md
f6c7d5cbf9e59afbdc14d381d62f2f97e43c54955cd7590eff6dabdccb0dc052	450	screening-v1/batch-0389/run.json
e3b0c44298fc1c149afbf4c8996fb92427ae41e4649b934ca495991b7852b855	0	screening-v1/batch-0389/stderr.txt
d2c78a545e32f0911bd2c76dbdd83468b9a3b1be5d9b9cce350f43402b49ed18	86	screening-v1/batch-0389/submit_screening
cec9f304db4806333734eaa0b41c26cb9ac337040a8e0383b62e9723040c08a0	8249	screening-v1/batch-0389/trace.jsonl
a7121852e954b8ddcf51e5dccc2e22b24ad006bcbc988b7eaa93042d4a20fc45	5503	screening-v1/batch-0390/batch.json
a1bcad22f89185dfb62b1580038330f39c18a14a939e6b36785d12b488eb744e	3739	screening-v1/batch-0390/decisions.jsonl
ca5731caf5dbb937b2052a49bd6f81f90ac949d6374326ce9c8cf58f6eb820f4	83	screening-v1/batch-0390/final.txt
1b2dc4ef3948a3b313119cd67df2b1ab8449ecfa557fbb2c80759f8be0faae1e	47466	screening-v1/batch-0390/input.md
301aae7e18b9879722fec919289d48815eff89e025eb665f76a9afbb2e95e4e9	450	screening-v1/batch-0390/run.json
e3b0c44298fc1c149afbf4c8996fb92427ae41e4649b934ca495991b7852b855	0	screening-v1/batch-0390/stderr.txt
d2c78a545e32f0911bd2c76dbdd83468b9a3b1be5d9b9cce350f43402b49ed18	86	screening-v1/batch-0390/submit_screening
3a0c316ab3c1de87900c529c68eb1e4c0765a9033dcc4c27dbad751e83b45854	8853	screening-v1/batch-0390/trace.jsonl
f6a5572c3eedbcc7dc8ba8d4f177a7204b5a3c60bf834b0acf884b15bcd34bee	5698	screening-v1/batch-0391/batch.json
75305f7e5359b1d8b669357f59f13dc628d5d97e62d9ac3f31b4c6fd9c53bdaa	3737	screening-v1/batch-0391/decisions.jsonl
67e1405cca3676492de054f7a4efaab8b1b443f6ee82a04a74b4d9d782548c5d	89	screening-v1/batch-0391/final.txt
03817388c26e3aa8c449ac55342ebd92d8056c7562949711908e91a8dd2a60b7	48516	screening-v1/batch-0391/input.md
8c46b23b703c8e53a2f5c93de4fd7a900411b67d2baeba8c9ffc5e489ff6c7cb	450	screening-v1/batch-0391/run.json
e3b0c44298fc1c149afbf4c8996fb92427ae41e4649b934ca495991b7852b855	0	screening-v1/batch-0391/stderr.txt
d2c78a545e32f0911bd2c76dbdd83468b9a3b1be5d9b9cce350f43402b49ed18	86	screening-v1/batch-0391/submit_screening
6a6aba736d3178ad7e12e939c4ebab781386ad0836b9232622bc075125c56db8	8593	screening-v1/batch-0391/trace.jsonl
74a31aca624d11d0a145dc54e93b90fca87c828f6ddaa3c7810dea4eeb9f638d	5752	screening-v1/batch-0392/batch.json
cb57dba9d0312f0fc6bc1a03deb07ebd9ef950aea8bcb05f68773c774ff60614	3496	screening-v1/batch-0392/decisions.jsonl
cf0c22cb98a8d7b0198b01c6418fa27c48963c506029294b047c29cbac487a69	77	screening-v1/batch-0392/final.txt
4f437e0ce7ae5ac9879fcfd2e648a225ec3f4825219510108c7ce68253a5d31a	46182	screening-v1/batch-0392/input.md
64854c9e5a2a31193db41a409bf5e4c5a9a9ebc8b78ccfba68b77b15bb8eea13	450	screening-v1/batch-0392/run.json
e3b0c44298fc1c149afbf4c8996fb92427ae41e4649b934ca495991b7852b855	0	screening-v1/batch-0392/stderr.txt
d2c78a545e32f0911bd2c76dbdd83468b9a3b1be5d9b9cce350f43402b49ed18	86	screening-v1/batch-0392/submit_screening
3e54839c7ee3e678b6a256a5e9f578880fcba75943e046754e7404979abb8db4	8351	screening-v1/batch-0392/trace.jsonl
f356aa5334596f3bcee22fe8acacd681ad1b6ecb4f14516d5c40536b454c68c2	5703	screening-v1/batch-0393/batch.json
2950d2090e28f887df38bcd1dc393d44ada5e9ab4330255786cc66a2ef156542	3599	screening-v1/batch-0393/decisions.jsonl
b8c44f6fdf21bc697005fcc1356e064ff29fb23749313057287d5419e21f5a00	82	screening-v1/batch-0393/final.txt
5c3170499911c36e58ebab288503292ed643c114881842afbc3d73a7377da8b8	44964	screening-v1/batch-0393/input.md
1430d6f7d61c5713b063b692704efad5d002e0924c976776ce7a925fa9732db8	450	screening-v1/batch-0393/run.json
e3b0c44298fc1c149afbf4c8996fb92427ae41e4649b934ca495991b7852b855	0	screening-v1/batch-0393/stderr.txt
d2c78a545e32f0911bd2c76dbdd83468b9a3b1be5d9b9cce350f43402b49ed18	86	screening-v1/batch-0393/submit_screening
eb9b37a508715c3c73100a1186adf8c653e6bf0abbe37b80e2de2ff18e64ea40	8566	screening-v1/batch-0393/trace.jsonl
1b8cfeb5c55d94f14488587056da068458641d90eed0b2c3faee563ed3797227	5911	screening-v1/batch-0394/batch.json
d8d513e9a6880cd7c9077592f566152822a5e4fd6bd34c165d4fe2628cc4b0f9	3781	screening-v1/batch-0394/decisions.jsonl
12bfc04b481060e14e256636c30ee7d70d6d1060b4debc9519c541a6666ade00	55	screening-v1/batch-0394/final.txt
306ede1d377df53256fa1d05d19a86ceecda59058732a7860faaaa84bb196bc8	47370	screening-v1/batch-0394/input.md
7a35e5773e335e8fc84922e2eddd22d1204d28c7eb59721bf790c38bd85e0c3c	450	screening-v1/batch-0394/run.json
e3b0c44298fc1c149afbf4c8996fb92427ae41e4649b934ca495991b7852b855	0	screening-v1/batch-0394/stderr.txt
d2c78a545e32f0911bd2c76dbdd83468b9a3b1be5d9b9cce350f43402b49ed18	86	screening-v1/batch-0394/submit_screening
b0de8403aa42a6bc92b8df806d2bd6012290a5e035b73a07999c4b206b2d568e	8556	screening-v1/batch-0394/trace.jsonl
c7b739087a1596de77d2eef71b4b5696a2516e7e89b5fb47372e7b1e9deb1ac9	5712	screening-v1/batch-0395/batch.json
43eecf40cb19688019fde3fae75f375d6f0f72243613121651cbe51e21a4de1a	3686	screening-v1/batch-0395/decisions.jsonl
23a75b1ba4f65b54f62e596d1d6cdcf5f10199bb7d17da6ac2a15905a894247e	78	screening-v1/batch-0395/final.txt
31b739b3a553087ad0cf157a0e0dd9d1661f4e14533f9e87347228acd2f9f9e5	44563	screening-v1/batch-0395/input.md
6c9d2a66af60e2a38c8f773b779e9ce5b500e2517a0f69ee778fffbdf5a837af	450	screening-v1/batch-0395/run.json
e3b0c44298fc1c149afbf4c8996fb92427ae41e4649b934ca495991b7852b855	0	screening-v1/batch-0395/stderr.txt
d2c78a545e32f0911bd2c76dbdd83468b9a3b1be5d9b9cce350f43402b49ed18	86	screening-v1/batch-0395/submit_screening
480dcb122c8b0ac8078563b6a6b83a156bf3fea59c2440baee3d38312b95c58d	8570	screening-v1/batch-0395/trace.jsonl
9c3deb0aa4732f367456dd0b838948ed17fe1a2d96f470d4b15addd1543e4d10	5495	screening-v1/batch-0396/batch.json
8ab33a08acb3c0418a5db7444ae97985751bccac0ab86ddf034ff6a3dcb198dd	3628	screening-v1/batch-0396/decisions.jsonl
f4fd0e862c5c906152027cce96ae2c1d6f4800de19f5b05894bb55d8377d9a70	72	screening-v1/batch-0396/final.txt
bc39c6dc4d5541b463521e7056211cc2781101f7f1df6c507c703fe6d7e4461c	47447	screening-v1/batch-0396/input.md
d42f1d7c33967ae7c7b68ce730a28e552a13ac31ca902de42177ee499035a723	450	screening-v1/batch-0396/run.json
e3b0c44298fc1c149afbf4c8996fb92427ae41e4649b934ca495991b7852b855	0	screening-v1/batch-0396/stderr.txt
d2c78a545e32f0911bd2c76dbdd83468b9a3b1be5d9b9cce350f43402b49ed18	86	screening-v1/batch-0396/submit_screening
95780c5a7214de09fb4b396e8af989c6ecbefb369a0c8df4f56d8c229345da32	14616	screening-v1/batch-0396/trace.jsonl
3fb214503a83b55432b33a598b7088efc0c8bdaeaf83cac9af2169a0283e399b	5508	screening-v1/batch-0397/batch.json
0f90833ebe95e4f4e810058cd223d67009bae4ef0c9f1999a02de33f624b2cc9	3585	screening-v1/batch-0397/decisions.jsonl
41c4f07a292062af7f979ee89f187936c09df5016404945200e28af0fe8dc0e3	67	screening-v1/batch-0397/final.txt
2396e2788d874a79de0fc1f230c57c0edf3bf615f4400865c3000de6d1407d1c	45100	screening-v1/batch-0397/input.md
e26132cc7c351a75525245bfdf6b1b39dc440646d6fba04276012e16d1c960a2	450	screening-v1/batch-0397/run.json
e3b0c44298fc1c149afbf4c8996fb92427ae41e4649b934ca495991b7852b855	0	screening-v1/batch-0397/stderr.txt
d2c78a545e32f0911bd2c76dbdd83468b9a3b1be5d9b9cce350f43402b49ed18	86	screening-v1/batch-0397/submit_screening
43d6bd76b4978c28d88c19147c64669b72c06dbbd6be3b4aff9dc836a53783ab	8208	screening-v1/batch-0397/trace.jsonl
b0cc3e06e26cccb1c8781f350c816e060a8a5a35c6564c5ce1218b5cccdb68d1	5563	screening-v1/batch-0398/batch.json
7187f192b7b7e36da990b331475c61393d9d8b8d12e3e1912c82f2ff6f7973cf	3513	screening-v1/batch-0398/decisions.jsonl
b52d2d9830fee9e6ab81789a2e295064c29de07e203f83292c3fc34b6843f58d	78	screening-v1/batch-0398/final.txt
fb74a09d929ff7d49ca1c34688840dd4b748da9b2f10550c2fec7467fe5681e8	44793	screening-v1/batch-0398/input.md
d9c8a7e4a331e1b8676f7b6846bf50ec2f9541a661fbd9927524ed3eb2b31301	450	screening-v1/batch-0398/run.json
e3b0c44298fc1c149afbf4c8996fb92427ae41e4649b934ca495991b7852b855	0	screening-v1/batch-0398/stderr.txt
d2c78a545e32f0911bd2c76dbdd83468b9a3b1be5d9b9cce350f43402b49ed18	86	screening-v1/batch-0398/submit_screening
c414839e4cc3c94343aecdf4d00d3e448704a85781ed06ad4da902a95fd44dc2	7898	screening-v1/batch-0398/trace.jsonl
f3ca4c10b9d922b6cb313d14421aee7ca44c4f22cf7964291b0912421c68508d	5420	screening-v1/batch-0399/batch.json
3f15d2fd65d84bae9fa3314c06bcd73d10593f38cdb765c20313d944a77d9eec	3338	screening-v1/batch-0399/decisions.jsonl
e7708afc385b8f5704992179280a846acc725e6c2e0662b387f8ce0b63d9d117	78	screening-v1/batch-0399/final.txt
fc0ad63239be5f64f9dcee7568af36b03f5139c33c052b5a52f8fa24e1967c32	49042	screening-v1/batch-0399/input.md
0ed55e5cff0fbeef5c9edb7340da90b310b7b9cb85d2d34077e94e55be2e4422	450	screening-v1/batch-0399/run.json
e3b0c44298fc1c149afbf4c8996fb92427ae41e4649b934ca495991b7852b855	0	screening-v1/batch-0399/stderr.txt
d2c78a545e32f0911bd2c76dbdd83468b9a3b1be5d9b9cce350f43402b49ed18	86	screening-v1/batch-0399/submit_screening
5c187521e4df5c480bd49f5673a2b7fad8a2667949b7b75307454bc1389d9e2f	7861	screening-v1/batch-0399/trace.jsonl
a7d6c8c41f18d7ab0698e158171463d00ec264b5413f3b95163e856674d95632	5844	screening-v1/batch-0400/batch.json
abf282209593de166b7395d2b598ba3978b240f90837e152e2d069836baf10a4	3503	screening-v1/batch-0400/decisions.jsonl
88b8d2b4c7b9afcc17a893cc5ceea7b4a4c1f15795cdf220de9a1812a9321a59	83	screening-v1/batch-0400/final.txt
0ccb41ad9cfb168b35e25f77f0bad13f877d0df4fac6ab26776f0def81791f9c	49486	screening-v1/batch-0400/input.md
e0481c1fe2560f13ac643ccdf638090a694cae7b680d2021c2b2d83b760a1a6d	450	screening-v1/batch-0400/run.json
e3b0c44298fc1c149afbf4c8996fb92427ae41e4649b934ca495991b7852b855	0	screening-v1/batch-0400/stderr.txt
d2c78a545e32f0911bd2c76dbdd83468b9a3b1be5d9b9cce350f43402b49ed18	86	screening-v1/batch-0400/submit_screening
359cb0441440d2652b4255befd18528b2284c97f1e3d944469cbb68a309a1111	8589	screening-v1/batch-0400/trace.jsonl
5baf15de725e601f955996d3d763c6a1cfd0ff133c847fec315779c183f76cab	5524	screening-v1/batch-0401/batch.json
006040624d63eefc01280505406d1b1392733646552c44205a868ce671893c75	3597	screening-v1/batch-0401/decisions.jsonl
ca5731caf5dbb937b2052a49bd6f81f90ac949d6374326ce9c8cf58f6eb820f4	83	screening-v1/batch-0401/final.txt
9a7f027e4d5f4226d41f755042c62d9e06ba78277e19a40a53908dab0dfa7bcd	44853	screening-v1/batch-0401/input.md
3314ffa97e4922b25d994a2d1b58656a79a255146994cab9d8a4ae733844bbb3	450	screening-v1/batch-0401/run.json
e3b0c44298fc1c149afbf4c8996fb92427ae41e4649b934ca495991b7852b855	0	screening-v1/batch-0401/stderr.txt
d2c78a545e32f0911bd2c76dbdd83468b9a3b1be5d9b9cce350f43402b49ed18	86	screening-v1/batch-0401/submit_screening
5777f6bcc3a84019cdb137d6c5e4abf0434e690c7506db84b93eee119766e9f4	8384	screening-v1/batch-0401/trace.jsonl
3513ba1a5270ff04a89c50eb3110e9a9a378475704ec684339ea92a18b21a545	5639	screening-v1/batch-0402/batch.json
0e0385bde797fa87919183a55734371f561ce915fcfc99d03aac8b45d197942d	3623	screening-v1/batch-0402/decisions.jsonl
c03f43623db73cc77c8fd1bcc731a07737c9ee0b673c9a701ba7fc889a322481	83	screening-v1/batch-0402/final.txt
986ca6a006457d113befc50f204af28c162939f2d4fe019b8372917fbc3b39df	43650	screening-v1/batch-0402/input.md
170d693480d90f2163e6bd91a7cf3706b12be76965fd7bc423a67ed1124350b5	450	screening-v1/batch-0402/run.json
e3b0c44298fc1c149afbf4c8996fb92427ae41e4649b934ca495991b7852b855	0	screening-v1/batch-0402/stderr.txt
d2c78a545e32f0911bd2c76dbdd83468b9a3b1be5d9b9cce350f43402b49ed18	86	screening-v1/batch-0402/submit_screening
4e0333ffe2c0ba7b65e22627cdf6f914fac3a0ee5c1bd64479ae3e261a60f43d	8452	screening-v1/batch-0402/trace.jsonl
5e298a6a43b4cee461ea6f52d26e952554b97404e0f579de3fd03bcd60005868	5543	screening-v1/batch-0403/batch.json
07e5d3e76125038eca001e09143e2f0010ca8f048faa0d87611e116d1dafe5d2	3257	screening-v1/batch-0403/decisions.jsonl
7480c4c880742e949ebe4da762bf42a2ebbe46446454737f50b2dc59fd23a0f8	57	screening-v1/batch-0403/final.txt
18351edbbf929f16a7d47f59b847a8ec0032b7ba4c22c310460fff26d00985fd	42247	screening-v1/batch-0403/input.md
250f53ef22fd2a0dfd82fe4cf5160ac940d0cf93dd71cec00088c63ec34d3d96	450	screening-v1/batch-0403/run.json
e3b0c44298fc1c149afbf4c8996fb92427ae41e4649b934ca495991b7852b855	0	screening-v1/batch-0403/stderr.txt
d2c78a545e32f0911bd2c76dbdd83468b9a3b1be5d9b9cce350f43402b49ed18	86	screening-v1/batch-0403/submit_screening
b53eb6433f7bbdaff26fe59ab76cae5b3e65dae3c1e44f5c44fc5fd17c00d0ea	7839	screening-v1/batch-0403/trace.jsonl
a2c640586268c296a0d78c1ce364f4296e3b9e340a19be808e7cb90ee9bcebd7	5681	screening-v1/batch-0404/batch.json
4a3d5a686c18c23afed47097a43aac558f59f67cd018e3be17b5f19b530d8255	3396	screening-v1/batch-0404/decisions.jsonl
d2d159238b775a00db4b5fd135f20b4b892ed648fd8c60ba7d65800597ada474	66	screening-v1/batch-0404/final.txt
d6912f9e4c1991e6f8637f9d66e8f3c04eee98b17bce3dd9f0744fc9d8efc19b	44175	screening-v1/batch-0404/input.md
ebda05d958beab529bd2ec009ca9dd214a271abd64ee4dd1f39b794fae9665fa	450	screening-v1/batch-0404/run.json
e3b0c44298fc1c149afbf4c8996fb92427ae41e4649b934ca495991b7852b855	0	screening-v1/batch-0404/stderr.txt
d2c78a545e32f0911bd2c76dbdd83468b9a3b1be5d9b9cce350f43402b49ed18	86	screening-v1/batch-0404/submit_screening
a0bc1f202db4c9468e380a2dfbf6e3b72283278e25fa2b0dd1a39f075a755d90	8204	screening-v1/batch-0404/trace.jsonl
2ecd401ebd744a753a485eb485de452be2ee63cae54d929ff903e1a725d081d3	5445	screening-v1/batch-0405/batch.json
eeb8f48c314d001975c6b77e5b3ca8ca7f24bb48071533f4df0da8686694cdfb	3598	screening-v1/batch-0405/decisions.jsonl
4ad6de41fcb0b59dbb64104ced8a80164c6dd5b45f86860250b1d375adcc8b36	77	screening-v1/batch-0405/final.txt
d3a24fd64821a60ceffbd0fc622ee36d37f8137ca736a7df5d29e32f90567a01	45461	screening-v1/batch-0405/input.md
87b5742bb2d6383b74ae6dbf37844a3da80f54189f428b6cda32ec6938674721	450	screening-v1/batch-0405/run.json
e3b0c44298fc1c149afbf4c8996fb92427ae41e4649b934ca495991b7852b855	0	screening-v1/batch-0405/stderr.txt
d2c78a545e32f0911bd2c76dbdd83468b9a3b1be5d9b9cce350f43402b49ed18	86	screening-v1/batch-0405/submit_screening
b54bd7db9860e5efe757c1da0ad4a195d66b375704fd832e2077b6f1c7edb2cb	14585	screening-v1/batch-0405/trace.jsonl
fcc9efd3df13773491813274b1cd3b82a28c0fec3e4fb858f0df19c8659d5936	5722	screening-v1/batch-0406/batch.json
b725df3c6445ca7af522f9d83e4b350fb81a864ea0fda143e01def72659fdd2b	3692	screening-v1/batch-0406/decisions.jsonl
492c12f1cd05ca3e0ab5327c8fc0ad620f7a93ad4c1c746da54da955a8add1fb	74	screening-v1/batch-0406/final.txt
2704623476212faaf4279f8d7edfb333ab3e6404a4a50762402eb2dca5350975	46443	screening-v1/batch-0406/input.md
63c8bb6ebe0d3ef86d1cd9ef3ab35932baa761fb5cd3f65beb7c0ba8c9a3419a	450	screening-v1/batch-0406/run.json
e3b0c44298fc1c149afbf4c8996fb92427ae41e4649b934ca495991b7852b855	0	screening-v1/batch-0406/stderr.txt
d2c78a545e32f0911bd2c76dbdd83468b9a3b1be5d9b9cce350f43402b49ed18	86	screening-v1/batch-0406/submit_screening
0ae17f1748b15f23343746e3a733440042236345c687fdead08bb391a176fa64	8253	screening-v1/batch-0406/trace.jsonl
09d04da200ef2e669fcacbf1d18941fca4fb03b3dc5d93daef34db5f66d089c7	5883	screening-v1/batch-0407/batch.json
aa722c2727b1a4f4500133671cf47c324981779bf16990f478b3da21c2f36924	3594	screening-v1/batch-0407/decisions.jsonl
755742134aa4adeac1aa9cfc97901803e54fde9ff921a467c718be766f960700	80	screening-v1/batch-0407/final.txt
f9e3c348c128c2b9157851b28ad8e8668fd9caaa2fa85e2a98974083895dc710	47669	screening-v1/batch-0407/input.md
c243c10e9e288efe9f5185388b6928ac8a9b7d075b4e23d8e0c2c6da2d11a344	450	screening-v1/batch-0407/run.json
e3b0c44298fc1c149afbf4c8996fb92427ae41e4649b934ca495991b7852b855	0	screening-v1/batch-0407/stderr.txt
d2c78a545e32f0911bd2c76dbdd83468b9a3b1be5d9b9cce350f43402b49ed18	86	screening-v1/batch-0407/submit_screening
6547c8ae7d16123b8eb0f31fe46c1a716c78ab8696112e9258ef0859181780e7	8530	screening-v1/batch-0407/trace.jsonl
bbde72edc59ca95584a267d454812fb55ae9e2847d2d96735072851de59a7bea	5541	screening-v1/batch-0408/batch.json
cf7b472b5a8c444e6b1e2b852088fa370ea2dddd9f2d27419ced8b15b4526880	3903	screening-v1/batch-0408/decisions.jsonl
ca5731caf5dbb937b2052a49bd6f81f90ac949d6374326ce9c8cf58f6eb820f4	83	screening-v1/batch-0408/final.txt
664c06d42b4a9b59d51044a0715880098967a70676fc22c9887319a5bb302ad9	46780	screening-v1/batch-0408/input.md
b552bb295f168cf4b41b960a4a29398739a43df12071d4bb5096dcb5a48d9c5a	450	screening-v1/batch-0408/run.json
e3b0c44298fc1c149afbf4c8996fb92427ae41e4649b934ca495991b7852b855	0	screening-v1/batch-0408/stderr.txt
d2c78a545e32f0911bd2c76dbdd83468b9a3b1be5d9b9cce350f43402b49ed18	86	screening-v1/batch-0408/submit_screening
86474f6c3f3aea36eb43f865d47db3f9e2dc97f3c3693294c1df50c0438be402	9166	screening-v1/batch-0408/trace.jsonl
69163135acced2b032f089d900709a6bc340f91cb628a8d32bd98f0c0fd71eb9	5610	screening-v1/batch-0409/batch.json
1080fccc35fd158f7c23c85be46138af69c11ee06a24820216ee4713411df48e	3432	screening-v1/batch-0409/decisions.jsonl
ac9b8e030141cde97982de4a2a1e2c621b3a07354789992cebc9573dfd9dbf88	72	screening-v1/batch-0409/final.txt
5367f0b0b7325fec4e25862f615d08172ebed8a588a1cdfb9a19217dbaf4fa91	46227	screening-v1/batch-0409/input.md
a3be4f8c419399a122c2da929f07d1d8a55e2376beb6eca132070de05dfb9641	450	screening-v1/batch-0409/run.json
e3b0c44298fc1c149afbf4c8996fb92427ae41e4649b934ca495991b7852b855	0	screening-v1/batch-0409/stderr.txt
d2c78a545e32f0911bd2c76dbdd83468b9a3b1be5d9b9cce350f43402b49ed18	86	screening-v1/batch-0409/submit_screening
d2873959e3241a78f6d0014b8ef0fb6bbdc5a81917969a04461ab77f8f9ed699	7887	screening-v1/batch-0409/trace.jsonl
8ef70a298d3c836119a644b83a5a5bf3b6f04d0523a741c945c2cb7f0a1549ed	5496	screening-v1/batch-0410/batch.json
954e499780478e5d8041620c8b478ba4949b8267069f68a06d40e5de74d443bc	3534	screening-v1/batch-0410/decisions.jsonl
d2d159238b775a00db4b5fd135f20b4b892ed648fd8c60ba7d65800597ada474	66	screening-v1/batch-0410/final.txt
a4c606b555a51742d5e174aa006025533452e76bfd73ef14de9b2a2f973755be	48559	screening-v1/batch-0410/input.md
61c5fd6a9180fe7da8908d0e6c08ee8ed08d41fcb0a7fb7eece8a95960a39b0d	450	screening-v1/batch-0410/run.json
e3b0c44298fc1c149afbf4c8996fb92427ae41e4649b934ca495991b7852b855	0	screening-v1/batch-0410/stderr.txt
d2c78a545e32f0911bd2c76dbdd83468b9a3b1be5d9b9cce350f43402b49ed18	86	screening-v1/batch-0410/submit_screening
0054009c235320bb3781bae588c8ba784f7994d99c952873a3afd781c87adf2e	7957	screening-v1/batch-0410/trace.jsonl
5b5938354a572204cbadbe29e0001be908ee4ac3e851082097b706565857ecb2	5203	screening-v1/batch-0411/batch.json
c0a9a1fd14b3b4c07ab21c64cae784449ed8a4d090336d2082119b1e373deaf9	3853	screening-v1/batch-0411/decisions.jsonl
12bfc04b481060e14e256636c30ee7d70d6d1060b4debc9519c541a6666ade00	55	screening-v1/batch-0411/final.txt
a9c876c212430c2ebaefcb58765e6dab7d5ad7237d0f0f6a81e4795935dc53ab	46191	screening-v1/batch-0411/input.md
2eeedc289cd2b7cae569016689f568024f8be27847e234bb8f9ef2ec0f8fd6ec	450	screening-v1/batch-0411/run.json
e3b0c44298fc1c149afbf4c8996fb92427ae41e4649b934ca495991b7852b855	0	screening-v1/batch-0411/stderr.txt
d2c78a545e32f0911bd2c76dbdd83468b9a3b1be5d9b9cce350f43402b49ed18	86	screening-v1/batch-0411/submit_screening
628b532213661e4ce69c5a42f1e46b4bf8178c140a7fa79edd49f822fb604562	8843	screening-v1/batch-0411/trace.jsonl
0079c2d0d70becf5d500621e36144dfe0570a237e85169e363c98e11a63e330b	5251	screening-v1/batch-0412/batch.json
d806bebf01451b7afafe3c5077a70491726d0e1398896c35e455a51af0e5d168	3358	screening-v1/batch-0412/decisions.jsonl
67e1405cca3676492de054f7a4efaab8b1b443f6ee82a04a74b4d9d782548c5d	89	screening-v1/batch-0412/final.txt
041b24c2c6b9094cbe43ba43dee3661a1bd7c624beba23822f5b2249100ff0cf	42700	screening-v1/batch-0412/input.md
115a1259d2d2509b8fb61c2a892e38514bb8328d0d4079c9e73a89ce85077881	450	screening-v1/batch-0412/run.json
e3b0c44298fc1c149afbf4c8996fb92427ae41e4649b934ca495991b7852b855	0	screening-v1/batch-0412/stderr.txt
d2c78a545e32f0911bd2c76dbdd83468b9a3b1be5d9b9cce350f43402b49ed18	86	screening-v1/batch-0412/submit_screening
1820baa83de834a6488c0d3486e58c4c10ea6ea95388f066c24b909be03fac2b	7758	screening-v1/batch-0412/trace.jsonl
9e7ad67e1118d57764eab7d3a192ab5e8af086e1a2782bee22830de558bb108b	5363	screening-v1/batch-0413/batch.json
937d9658a9ac6b3fd114e9e9c0f3b6a6cf2df855d2bbc756631a0143fb3b79c4	3437	screening-v1/batch-0413/decisions.jsonl
d2d159238b775a00db4b5fd135f20b4b892ed648fd8c60ba7d65800597ada474	66	screening-v1/batch-0413/final.txt
92d718c087e8a079415958dda8106722f31a10c4cdd9ebfaf7a42dd30ebf0247	46200	screening-v1/batch-0413/input.md
4bd594c34469680286c594ec6c9b7efb3c4113f0082ccddf66e4055c1ed2a98b	450	screening-v1/batch-0413/run.json
e3b0c44298fc1c149afbf4c8996fb92427ae41e4649b934ca495991b7852b855	0	screening-v1/batch-0413/stderr.txt
d2c78a545e32f0911bd2c76dbdd83468b9a3b1be5d9b9cce350f43402b49ed18	86	screening-v1/batch-0413/submit_screening
4ba489b8cb3a52fc198db8566368738824dfde3bcb9ec421c6d83768a1859d7e	8222	screening-v1/batch-0413/trace.jsonl
f01f6240fcfabc7ce9cc1da62e4f31faf1107a3d77c18537451f17f49c903a9a	5326	screening-v1/batch-0414/batch.json
33a176f1e88aacf595e08f9d64ff329cb4431c8af57fccc65d95a2142f2dc2d0	3670	screening-v1/batch-0414/decisions.jsonl
8a7293b3e7626cd6aa853d9ed083ee9ac12aee8e8dbf625ca4913d6a3f7f61fa	83	screening-v1/batch-0414/final.txt
578a2ccb809757cc5ef45c2654c9174ec50d470b84d43eed634ca8d639db1385	46213	screening-v1/batch-0414/input.md
3851bedcb1d52677e0c26678a81315b20856d3cf9527eca3699ffc20752fae9d	450	screening-v1/batch-0414/run.json
e3b0c44298fc1c149afbf4c8996fb92427ae41e4649b934ca495991b7852b855	0	screening-v1/batch-0414/stderr.txt
d2c78a545e32f0911bd2c76dbdd83468b9a3b1be5d9b9cce350f43402b49ed18	86	screening-v1/batch-0414/submit_screening
9483ebc93f7f5a40e5a3f5a049c4bcd4b50874324d5361b26dc77b7623777fda	8460	screening-v1/batch-0414/trace.jsonl
d4b96c4950fe8aa2685a76cc196ebc2c9dcfe98143ccafb29432c4ccebfcb249	5996	screening-v1/batch-0415/batch.json
6c25f9e0326621e526f62ae68ae03af381f48a55c62dcee3949b462587e46440	3988	screening-v1/batch-0415/decisions.jsonl
6824e4acfd0c951221fbb12f834a1008062d205af70fb4ce9aa62434b59ac897	64	screening-v1/batch-0415/final.txt
0bf8db0ed8d4450fcbf7d164fe0d8493f7ecfd3293e74e2ee2a4de1c1f4b0ce0	51004	screening-v1/batch-0415/input.md
c6d1e2981295e9dce0b9dbbc693225d03e5b5b26af7d993386a0bbf141028331	450	screening-v1/batch-0415/run.json
e3b0c44298fc1c149afbf4c8996fb92427ae41e4649b934ca495991b7852b855	0	screening-v1/batch-0415/stderr.txt
d2c78a545e32f0911bd2c76dbdd83468b9a3b1be5d9b9cce350f43402b49ed18	86	screening-v1/batch-0415/submit_screening
879172b57569bd4932d44159a514904c875bd1aecb6225bcadf0ce4705e39ece	8986	screening-v1/batch-0415/trace.jsonl
823edf89f7db7abf39b916669e42ebf4eea29effaeb843ab118a32f58de2ff3a	5612	screening-v1/batch-0416/batch.json
1c97341f090d0c273486b8a01b89e5bb96bbd301092fa22b4c49cb8a381df238	3542	screening-v1/batch-0416/decisions.jsonl
2809cfc90156673e68c3ba157ef254cefe1524244b4839b9679b441a61ddc94e	80	screening-v1/batch-0416/final.txt
88603452924248062784f24feefa87fb55e76d74ed46a0b1d703947cf839834a	43844	screening-v1/batch-0416/input.md
a4bb40adbbb562d990994b60d84a2ba5a89c77dc0b8bfcdcef2257fe71b42835	450	screening-v1/batch-0416/run.json
e3b0c44298fc1c149afbf4c8996fb92427ae41e4649b934ca495991b7852b855	0	screening-v1/batch-0416/stderr.txt
d2c78a545e32f0911bd2c76dbdd83468b9a3b1be5d9b9cce350f43402b49ed18	86	screening-v1/batch-0416/submit_screening
9c2b185b88c04f4d0beb561ba18579d596aef34e0cb798acbe844ea8e6d9784b	8276	screening-v1/batch-0416/trace.jsonl
5ce401b0117fd58bf538f0075a9fa02f7dd3e4696c8ff82e89f10b695767e30e	5280	screening-v1/batch-0417/batch.json
f5c663f327ba973c1f07b078b1e3fca0c0dd87a57cc6be675de17bfac10e30a8	4009	screening-v1/batch-0417/decisions.jsonl
75efc1a8c810b931834598e98daa5195cc738684357261dc9c71a56c7a0b5f17	78	screening-v1/batch-0417/final.txt
509110e7f39b875b45f1f5575ca2af68d88002bb4b9c158e72032d63f67c204a	42422	screening-v1/batch-0417/input.md
4568437f170f3faa551f444f250f58b79bffbab02a40bb1d9147c0615d39d55d	450	screening-v1/batch-0417/run.json
e3b0c44298fc1c149afbf4c8996fb92427ae41e4649b934ca495991b7852b855	0	screening-v1/batch-0417/stderr.txt
d2c78a545e32f0911bd2c76dbdd83468b9a3b1be5d9b9cce350f43402b49ed18	86	screening-v1/batch-0417/submit_screening
566c4fc29f5bf45477a62f70fafc2e5f987c4f3658696318816fb5d00cbe0aff	15368	screening-v1/batch-0417/trace.jsonl
012f9d3b8e760c3c5bc63db13bede2a9f705773e442e43f090c2c033e6c3a2aa	5676	screening-v1/batch-0418/batch.json
b26204a89254a65c0ca07a20db566e9d224015b5c41adb07563b18785f8503b5	3436	screening-v1/batch-0418/decisions.jsonl
9312f2dff9a98dc29a1f1e809ccbd39ff195fcc03b705bb514208a3cf76bf65f	46	screening-v1/batch-0418/final.txt
19f790647683cd2957da580f0484c7460fac9e0ad2026ff3c1ab2120fe2ad58d	46863	screening-v1/batch-0418/input.md
11949afb6d33251164a0b4aa59a3651fe71a35456f8b92e1e65e056c00f3d907	450	screening-v1/batch-0418/run.json
e3b0c44298fc1c149afbf4c8996fb92427ae41e4649b934ca495991b7852b855	0	screening-v1/batch-0418/stderr.txt
d2c78a545e32f0911bd2c76dbdd83468b9a3b1be5d9b9cce350f43402b49ed18	86	screening-v1/batch-0418/submit_screening
167ac2289cf68dc44e487697bf8203cf0236e726447b50f68b9fa9b239a8b10c	8197	screening-v1/batch-0418/trace.jsonl
13bf81397238e808d4a4a91dea2215c4644e46da4f0bdb2fe912ab5654f397f7	5737	screening-v1/batch-0419/batch.json
78015dc4a74bc1a704528c773d2e7faa8ad78b3f868f8873d537e524d91a4449	3577	screening-v1/batch-0419/decisions.jsonl
d2d159238b775a00db4b5fd135f20b4b892ed648fd8c60ba7d65800597ada474	66	screening-v1/batch-0419/final.txt
ffcaa3af5dad48e67d466a68c5ccc0b3bdbb5c67a89549c4d4f982389e29bdb6	44160	screening-v1/batch-0419/input.md
4ea5ce7ebce4af20f3cd62453a3c8e4b48b392005e753b559808e0a0d7bda978	450	screening-v1/batch-0419/run.json
e3b0c44298fc1c149afbf4c8996fb92427ae41e4649b934ca495991b7852b855	0	screening-v1/batch-0419/stderr.txt
d2c78a545e32f0911bd2c76dbdd83468b9a3b1be5d9b9cce350f43402b49ed18	86	screening-v1/batch-0419/submit_screening
2edc47468d4c4451de2b3e7d45022ef8023bf404042a5e27fa33b0ac61c192fd	14496	screening-v1/batch-0419/trace.jsonl
13a85eed95f35005d229d1c3c81013c38295f6b99ca12b8e5ed5a010b466582f	5421	screening-v1/batch-0420/batch.json
500dbdc6097e7d7389677acc00b72370e8fc5fad7df99a1d09f7cd37bcd90996	3707	screening-v1/batch-0420/decisions.jsonl
e5c26e8a32e0d0e005e62dcaf8221b9b506e599d2360fb679244b7c3f3e1fcaf	58	screening-v1/batch-0420/final.txt
6eb45b592c6b54813606248f3ca641d6fa6fdd33fbe1b33f29ec17d4395f26b5	41921	screening-v1/batch-0420/input.md
f245001c05bec0cc75cb4d8277b49fa291745c8931acde79204194a3c59a1aa9	450	screening-v1/batch-0420/run.json
e3b0c44298fc1c149afbf4c8996fb92427ae41e4649b934ca495991b7852b855	0	screening-v1/batch-0420/stderr.txt
d2c78a545e32f0911bd2c76dbdd83468b9a3b1be5d9b9cce350f43402b49ed18	86	screening-v1/batch-0420/submit_screening
b0d70fd475d425004ef782bfbb330d2c039ee60ccde08f5c671739ab1f0eca8f	8744	screening-v1/batch-0420/trace.jsonl
370df4b45ddd132ca9b7f517ad8420cdcd84fe08499b4b63234909c216ab9279	5733	screening-v1/batch-0421/batch.json
43c6ed51695fa7f40fc4cd67abf5daab48c2e6adfb104352f75afebd67288b52	3420	screening-v1/batch-0421/decisions.jsonl
12bfc04b481060e14e256636c30ee7d70d6d1060b4debc9519c541a6666ade00	55	screening-v1/batch-0421/final.txt
4ed006dd60874cdd32cb4597ca2044489e997028418f8645fc917861e26fe4a3	48077	screening-v1/batch-0421/input.md
bc1771760a00b50e3fafccfd4098667800dc8677ed469dda19d5c49acc2218f0	450	screening-v1/batch-0421/run.json
e3b0c44298fc1c149afbf4c8996fb92427ae41e4649b934ca495991b7852b855	0	screening-v1/batch-0421/stderr.txt
d2c78a545e32f0911bd2c76dbdd83468b9a3b1be5d9b9cce350f43402b49ed18	86	screening-v1/batch-0421/submit_screening
8122111e0f7a04a14eaeca3d8beb7137b9ea3b9e7154218ffabd95ca859f9193	8016	screening-v1/batch-0421/trace.jsonl
d74c6edfff39726868b72f5a9037cfe043c84379b3c6a8f90d5853b48a094cbf	5735	screening-v1/batch-0422/batch.json
650984009fb1d978472c339fb54a349099d24c0072eb53af3108b1e77ed03048	3534	screening-v1/batch-0422/decisions.jsonl
abbd2442d4ebdf60b137ba02f9649114a3e71b069d7de09a24bed6338c159a62	70	screening-v1/batch-0422/final.txt
3383de3c03e12e79bfa6bd99d8bcf31188d148cfab3321974740cfc5d6399f15	47809	screening-v1/batch-0422/input.md
0d3e87d1232e2be9700e8ab9db3264af4e854ebd19ac600d1241d839c9d5aad2	450	screening-v1/batch-0422/run.json
e3b0c44298fc1c149afbf4c8996fb92427ae41e4649b934ca495991b7852b855	0	screening-v1/batch-0422/stderr.txt
d2c78a545e32f0911bd2c76dbdd83468b9a3b1be5d9b9cce350f43402b49ed18	86	screening-v1/batch-0422/submit_screening
23f1307367376ad04c5df53c0ce2f882a4105428431f2b011280e715f1675f2f	8780	screening-v1/batch-0422/trace.jsonl
85d4a831ea669798b14aef3c61ddaae5103eea3c4b3eea2cdfaf4c7646def29c	5505	screening-v1/batch-0423/batch.json
a837e5432945289b10909c272bc1331d13aaf148c5b7d972c84cffbd16914b28	3384	screening-v1/batch-0423/decisions.jsonl
17b7568d7a11148dbe3b669c4d00782e387a8bc9cef1840df591d1ea909f31c6	78	screening-v1/batch-0423/final.txt
4217ee6a483cd41eb152e67b6281b4e9d26bc70233b7652dbeb049addc2cb46f	43518	screening-v1/batch-0423/input.md
b48ba5e4490f6c9cec41ef1253a6078ff043c474ba4a5ee76f92a2afd9b65858	450	screening-v1/batch-0423/run.json
e3b0c44298fc1c149afbf4c8996fb92427ae41e4649b934ca495991b7852b855	0	screening-v1/batch-0423/stderr.txt
d2c78a545e32f0911bd2c76dbdd83468b9a3b1be5d9b9cce350f43402b49ed18	86	screening-v1/batch-0423/submit_screening
62d4e3bad5d9356c693e17c657b0fd1b1db8ed3605e66bbc2b094e808a42eca5	7395	screening-v1/batch-0423/trace.jsonl
2a399f7bc068c1b2751747c161a57f222f5f09deabac7fa92d3234b557397c09	5617	screening-v1/batch-0424/batch.json
d42d84c30b381930996517e50b99c89b9fc79a5f54d2497a46d8bb4c42b26edd	3738	screening-v1/batch-0424/decisions.jsonl
3d0a364f0963b4b9ab16a9085adb9cae90888b0a0e0c7d603af753e5cd0fe79d	89	screening-v1/batch-0424/final.txt
562be8bea1148ff2fc0b12ccc39adbabb76f0dac9cca27e8389d9e2b7ea70b46	44916	screening-v1/batch-0424/input.md
d5075719a83862b621b57a8892205ef369e57a78c1c7e95477194db8dba61c0e	450	screening-v1/batch-0424/run.json
e3b0c44298fc1c149afbf4c8996fb92427ae41e4649b934ca495991b7852b855	0	screening-v1/batch-0424/stderr.txt
d2c78a545e32f0911bd2c76dbdd83468b9a3b1be5d9b9cce350f43402b49ed18	86	screening-v1/batch-0424/submit_screening
39d6851a01d749301ce134a4752b9b8979a774e2dea01da7ba3fd3f1184ebab4	8681	screening-v1/batch-0424/trace.jsonl
b4a95428a8b7702ef83c5303f7bc9e591ce469ec5fdd1b9ac4c382b89237c2cc	5676	screening-v1/batch-0425/batch.json
b8e44a51d62b5ded434d81c333e814e0e0e8ff3b0d920fd7f379adadcb7e6510	3819	screening-v1/batch-0425/decisions.jsonl
e17a295da5a7dde1573e49cb2a883c8164d28700a2a5fbc8a624bdc975a75b43	52	screening-v1/batch-0425/final.txt
dc1880b0f2e1e089802363116b3aeb55ffb4c3d58e24ba5ac658bc37357f4564	50080	screening-v1/batch-0425/input.md
52c5c600a7e112198cc3a36c63fbf09c5de94b65795f9abd7bcca2a4a26a73ec	450	screening-v1/batch-0425/run.json
e3b0c44298fc1c149afbf4c8996fb92427ae41e4649b934ca495991b7852b855	0	screening-v1/batch-0425/stderr.txt
d2c78a545e32f0911bd2c76dbdd83468b9a3b1be5d9b9cce350f43402b49ed18	86	screening-v1/batch-0425/submit_screening
ed2db334d591fcb26190bc76c11d3d408678c4c69603af276ec8a5d83a4d5850	8967	screening-v1/batch-0425/trace.jsonl
eea5fa0045c868d9070e1fa4fecac62bb5bb9d6675c6fad708370f602f92e96a	5512	screening-v1/batch-0426/batch.json
2b088e0dd8a5c7ab49739a786681ee353a39788c23e31c4f7e290806001ec418	3649	screening-v1/batch-0426/decisions.jsonl
057665454462b2baea8696ca9e229efd1855cef45a68f2d94ef320623d7dceca	79	screening-v1/batch-0426/final.txt
30ba77b0c9dbc30ec961f432e14db3498e7d577e02eb20f6dc660c673086bb89	48179	screening-v1/batch-0426/input.md
b432ce08c83ced3224abb8801b098f72f83388a107a0c0bc60970267ac4287c5	450	screening-v1/batch-0426/run.json
e3b0c44298fc1c149afbf4c8996fb92427ae41e4649b934ca495991b7852b855	0	screening-v1/batch-0426/stderr.txt
d2c78a545e32f0911bd2c76dbdd83468b9a3b1be5d9b9cce350f43402b49ed18	86	screening-v1/batch-0426/submit_screening
b2182fe4274a5d6876165baee8f5a1edf535a1f8140ee8f9d954b499c16a8f9b	8363	screening-v1/batch-0426/trace.jsonl
b6fcb4ff11418464e7616ac771c094133b16bc3629cffc110a90bde3ca44cc66	5665	screening-v1/batch-0427/batch.json
89ea80ec306fddcd3f9b91dbaa25039b601ef254f86cfbe80a0d646f4019e859	3558	screening-v1/batch-0427/decisions.jsonl
ca5731caf5dbb937b2052a49bd6f81f90ac949d6374326ce9c8cf58f6eb820f4	83	screening-v1/batch-0427/final.txt
992b840c512a7347dcc0685dccb7b426cdb261cd7cfd2477ae67e25470aed04e	44406	screening-v1/batch-0427/input.md
3d0004f3b8ad56193b8d09854a5b962dc78eb7e18b1bca553e44d997fd013692	450	screening-v1/batch-0427/run.json
e3b0c44298fc1c149afbf4c8996fb92427ae41e4649b934ca495991b7852b855	0	screening-v1/batch-0427/stderr.txt
d2c78a545e32f0911bd2c76dbdd83468b9a3b1be5d9b9cce350f43402b49ed18	86	screening-v1/batch-0427/submit_screening
c0886efb5be6de645d15679975e273526db2720ee72b17298416298fb8014f87	8243	screening-v1/batch-0427/trace.jsonl
a223c4f2aed10e4dfeb839d65523fdca6fff4242d3ffe77d923b89465133d8df	5837	screening-v1/batch-0428/batch.json
c2f477f726859d2cf20f857b73e20da71f8690072537e68237296f48756fd075	3632	screening-v1/batch-0428/decisions.jsonl
d2d159238b775a00db4b5fd135f20b4b892ed648fd8c60ba7d65800597ada474	66	screening-v1/batch-0428/final.txt
e3a16f18f700ae5a171bfa15fa9fb413bae1f4371e843105064e242b1d84f8c2	46212	screening-v1/batch-0428/input.md
3502291923dcce7b20bda3d72198224ce3f8f046ec241b4cf19d9dcd4d887575	450	screening-v1/batch-0428/run.json
e3b0c44298fc1c149afbf4c8996fb92427ae41e4649b934ca495991b7852b855	0	screening-v1/batch-0428/stderr.txt
d2c78a545e32f0911bd2c76dbdd83468b9a3b1be5d9b9cce350f43402b49ed18	86	screening-v1/batch-0428/submit_screening
0963b17ee5ea87de38a7f8f70f300714a81ab028b9bb4f4b407559db37b8c7b2	8284	screening-v1/batch-0428/trace.jsonl
8cc5bf48b398e3ac87e5f48455ade9af02795d9d1fbe52d317b61568d9910a6d	5291	screening-v1/batch-0429/batch.json
014cd9581b48d672885554866950a8780cddfaf5120bd59c2a347b7c2bdde112	3684	screening-v1/batch-0429/decisions.jsonl
a3e9c9b499170187592ce1a648caffbf205921ed424ab583bf1e142a3bfccc82	78	screening-v1/batch-0429/final.txt
59ed37a68cf4cb9a651ca511b4947b4e5d048a30e12f4aea3ff3c50bae458e4e	49405	screening-v1/batch-0429/input.md
54ccdaa549eb625fa9e570b7ecad5eff69d006d8417407a878a5f3b470d84f7e	450	screening-v1/batch-0429/run.json
e3b0c44298fc1c149afbf4c8996fb92427ae41e4649b934ca495991b7852b855	0	screening-v1/batch-0429/stderr.txt
d2c78a545e32f0911bd2c76dbdd83468b9a3b1be5d9b9cce350f43402b49ed18	86	screening-v1/batch-0429/submit_screening
b3a5b814ae1f1a2ac5e9348fc3c39f2020220e6d3aadda075a110fd3e07c641f	14716	screening-v1/batch-0429/trace.jsonl
b435175dc24ba15a9d5c805465422fe23e3940e1b18707ed0c018995fc835b78	5302	screening-v1/batch-0430/batch.json
57b5233ea6aabf8a29307bb579878d0325c4a8ad47db58766562ad47427696a0	3942	screening-v1/batch-0430/decisions.jsonl
a7adf7aba41f2f218727e20bfe661c4b162f52dadfc8b7d620333d00b821c879	167	screening-v1/batch-0430/final.txt
a504de24e6e8e8542688dc5bb0f7688884c39a698637e0d17ea36f5aca39b45a	48009	screening-v1/batch-0430/input.md
bee23fbdcba87346276a18dbe7f0f4a4eec1807968c374a7e7eb18c96c1f2ac6	450	screening-v1/batch-0430/run.json
e3b0c44298fc1c149afbf4c8996fb92427ae41e4649b934ca495991b7852b855	0	screening-v1/batch-0430/stderr.txt
d2c78a545e32f0911bd2c76dbdd83468b9a3b1be5d9b9cce350f43402b49ed18	86	screening-v1/batch-0430/submit_screening
8f1f37483949eb731af1610414f62348c52eccf97369b2b1d6636c4e839fc0b1	15327	screening-v1/batch-0430/trace.jsonl
806a772ad92faa43f91714135f6690b225f2ded7c7c6407d844bae880b22f13a	5566	screening-v1/batch-0431/batch.json
93125547614a91c06b4e5f4988f611a34471c82e3a1dcceef4de9ef8c775360d	3863	screening-v1/batch-0431/decisions.jsonl
d8d3f566fa79885f3f0c2f869c71abc9ecdb2a116da1a9ce4ea8db8df8497254	70	screening-v1/batch-0431/final.txt
4cb4662264dfda4b55283cb3ac8872e4f30ee1755280029721d546fc87c1803c	49213	screening-v1/batch-0431/input.md
265154b412448354c7ea02d4d1105a7f0999f4c2942abeabc12fd078018f9495	450	screening-v1/batch-0431/run.json
e3b0c44298fc1c149afbf4c8996fb92427ae41e4649b934ca495991b7852b855	0	screening-v1/batch-0431/stderr.txt
d2c78a545e32f0911bd2c76dbdd83468b9a3b1be5d9b9cce350f43402b49ed18	86	screening-v1/batch-0431/submit_screening
f6d03fd8790b0eb9c28d147a301acb3cf12d45092c8bb6c13f2fe9881ce9b48d	9106	screening-v1/batch-0431/trace.jsonl
9ff5d37dc49df3581e610370abbbe12dfc8005135178ec02febf9feb4524d835	5677	screening-v1/batch-0432/batch.json
5f499a865a10385a33bab824762d938920a5882dfd3ff72c77f9e0f8d8cfdc23	4028	screening-v1/batch-0432/decisions.jsonl
01da75f35c59f3599b00edb2a467cb0f97025f4318d73f3506ab8416bc9e981c	83	screening-v1/batch-0432/final.txt
a88f362a66b8d2f26fb69fe2e1ab22741cfc9920085ca6cc255414cc3a8d168c	44053	screening-v1/batch-0432/input.md
62fea94407e94b2e370162cbb6b8408efd08174c2af1cfaf1f908a5e381e1d6c	450	screening-v1/batch-0432/run.json
e3b0c44298fc1c149afbf4c8996fb92427ae41e4649b934ca495991b7852b855	0	screening-v1/batch-0432/stderr.txt
d2c78a545e32f0911bd2c76dbdd83468b9a3b1be5d9b9cce350f43402b49ed18	86	screening-v1/batch-0432/submit_screening
0f679b5f22f02f12260a35a3e449468634460a0f427da001462932405c6c8fd1	15389	screening-v1/batch-0432/trace.jsonl
1abc30e78744904465cecc72e6df36721ac5633eec2f99897ad87009e9ce230f	5727	screening-v1/batch-0433/batch.json
c0ee2c260895e6ceca277d687194897e23b70113490cda8d86ed4e9e45a8965a	3640	screening-v1/batch-0433/decisions.jsonl
bbba3ee6cb5d7fd5d1a3d1056e846f45b1ac5a7b047632b1b30518928bb7ae96	76	screening-v1/batch-0433/final.txt
78a47362bb9b310e44707b5b600d7e671189b1f620be7e7de2d0a4cd3ce36ff8	45071	screening-v1/batch-0433/input.md
570fda68352abc5e12c6a9ccb40bd4b5ed2a447c00232924f42faba4b6b0fee1	450	screening-v1/batch-0433/run.json
e3b0c44298fc1c149afbf4c8996fb92427ae41e4649b934ca495991b7852b855	0	screening-v1/batch-0433/stderr.txt
d2c78a545e32f0911bd2c76dbdd83468b9a3b1be5d9b9cce350f43402b49ed18	86	screening-v1/batch-0433/submit_screening
e076f4d06738829beb00b195e7fe33ab48940945fb953ff1c9f76d9afe031271	8464	screening-v1/batch-0433/trace.jsonl
491def06f9bfd60dd4d0d750fdd7b93953fe642cee828cc7f58afa4e62fa8452	5585	screening-v1/batch-0434/batch.json
839dd2a9e4a6e04dc45b6d8c621fe60d8fa7dc6ac48530043b5a013a5b1e68ba	3368	screening-v1/batch-0434/decisions.jsonl
ca5731caf5dbb937b2052a49bd6f81f90ac949d6374326ce9c8cf58f6eb820f4	83	screening-v1/batch-0434/final.txt
5b4d1fe02ef8b17b41802a57bff70e7b12aa2b10b74c8ddea1e77cf7689d4405	42848	screening-v1/batch-0434/input.md
a34995af222ebee782dc2e85cea9917269b66f58d3bed6a66a6600260bf7b340	450	screening-v1/batch-0434/run.json
e3b0c44298fc1c149afbf4c8996fb92427ae41e4649b934ca495991b7852b855	0	screening-v1/batch-0434/stderr.txt
d2c78a545e32f0911bd2c76dbdd83468b9a3b1be5d9b9cce350f43402b49ed18	86	screening-v1/batch-0434/submit_screening
7ad2a28ceae2294f171020b154d61b6e82be151800706f31f946bf51a9c88ae3	7931	screening-v1/batch-0434/trace.jsonl
542be8f3b45fb2c7a68d5eed684ce33f619d72da39b2d9c817d5f65eb8cae45d	5413	screening-v1/batch-0435/batch.json
5e6611a9563afea4908fd38d70c3c95e73174d7c9084321f6522d67bcc340c9b	3780	screening-v1/batch-0435/decisions.jsonl
6176ad5fbb91fc8471d49b86c73adeaa7cfe038698c2909307c299350401a059	81	screening-v1/batch-0435/final.txt
4cda36fcb49784b8f6d689acaee14b5b99142b2f70bac3a652d2b77708030930	45533	screening-v1/batch-0435/input.md
280309e8a7b0018338d4efbb967726ce70f3d918883e877e0dbf573ddc5594c0	450	screening-v1/batch-0435/run.json
e3b0c44298fc1c149afbf4c8996fb92427ae41e4649b934ca495991b7852b855	0	screening-v1/batch-0435/stderr.txt
d2c78a545e32f0911bd2c76dbdd83468b9a3b1be5d9b9cce350f43402b49ed18	86	screening-v1/batch-0435/submit_screening
2baaaba23d36eedad41c76dc418fce92e8d3f219302d3bedab4ca33a9080a38b	8425	screening-v1/batch-0435/trace.jsonl
e4790a5fe498033131afe43482883df9223d089fb16566d8e662c89ce2d44282	5616	screening-v1/batch-0436/batch.json
d35380fb01da490865a6212e32c7294ba13e3544e79af5ecde672387d5c0984e	3833	screening-v1/batch-0436/decisions.jsonl
97c9f10527c979a5f02f823e7efbc45e17952fd52d74961055f77b8c81263131	49	screening-v1/batch-0436/final.txt
f030dc1af1e0aa456b9219e5cab98463916719ddfe858b4deda0a9d292c0b87f	45671	screening-v1/batch-0436/input.md
3588a3996be898b9a942e0e4cf49630b661733c2e20b33257d34608a3b548841	450	screening-v1/batch-0436/run.json
e3b0c44298fc1c149afbf4c8996fb92427ae41e4649b934ca495991b7852b855	0	screening-v1/batch-0436/stderr.txt
d2c78a545e32f0911bd2c76dbdd83468b9a3b1be5d9b9cce350f43402b49ed18	86	screening-v1/batch-0436/submit_screening
553f3bb2445111c2022017c0ff076be58f49be309281e0daa243e3699cc5a783	8662	screening-v1/batch-0436/trace.jsonl
ebed6808c861a45105346c0d51a07f910c07fa69441c2115e1f5074e819e14cd	6235	screening-v1/batch-0437/batch.json
8bfb4b90bd482391478b8bcb76e3e45544c4e8094db6acfb1b9e1b2b073f75ed	4064	screening-v1/batch-0437/decisions.jsonl
23a75b1ba4f65b54f62e596d1d6cdcf5f10199bb7d17da6ac2a15905a894247e	78	screening-v1/batch-0437/final.txt
7d41bab120b992e2d6809cdca2689fe59248975d4a36dbdc7e5e3cad5ca58513	51704	screening-v1/batch-0437/input.md
7b606d7930d369ff426b89be15d47acb62fc52774852db0bb5a9f47a529f02ea	450	screening-v1/batch-0437/run.json
e3b0c44298fc1c149afbf4c8996fb92427ae41e4649b934ca495991b7852b855	0	screening-v1/batch-0437/stderr.txt
d2c78a545e32f0911bd2c76dbdd83468b9a3b1be5d9b9cce350f43402b49ed18	86	screening-v1/batch-0437/submit_screening
f8e294f7fe5cf4ca1491d4f2aa89a6d0574a4e40be20773a1627aa6bdae45282	9467	screening-v1/batch-0437/trace.jsonl
0d5972c50a263ab3297f4d1f6683dd210e6d2439b55781a4a677837ed3563cec	5361	screening-v1/batch-0438/batch.json
a579badf7ed863c2190d7e66b72ee1f4d3d43ddea036fd52cc5d481441975650	3636	screening-v1/batch-0438/decisions.jsonl
d7da3a0e78e764d2fcdc93fd2db39c83ebb4d2aa6a176a5e62df806a8badb9a3	85	screening-v1/batch-0438/final.txt
5b1046dbc2a3cd15496e289e97de501c111ff35cfefe35cc4f532842bab7c4a8	46062	screening-v1/batch-0438/input.md
0ffc97e6f88e448bbcc27e43d43b33b5a87f4d7c75511da01c9af07daa74d25c	450	screening-v1/batch-0438/run.json
e3b0c44298fc1c149afbf4c8996fb92427ae41e4649b934ca495991b7852b855	0	screening-v1/batch-0438/stderr.txt
d2c78a545e32f0911bd2c76dbdd83468b9a3b1be5d9b9cce350f43402b49ed18	86	screening-v1/batch-0438/submit_screening
2686e6fd472433481dcca9b5ecb925c624757b4246112f5223018c100c01355b	14635	screening-v1/batch-0438/trace.jsonl
4d438bea335ff9274ab0343270e6865044772049cb9450225bf01faab2953621	5159	screening-v1/batch-0439/batch.json
f401cf5f1473963b045624ce4f629b7f5fff70b7c30e224c3d13dc00da121579	3409	screening-v1/batch-0439/decisions.jsonl
ac9b8e030141cde97982de4a2a1e2c621b3a07354789992cebc9573dfd9dbf88	72	screening-v1/batch-0439/final.txt
cb3cb46f20bae9f1ee88b175b2d3c8d2989d10291ce007bc61b8f6375156971e	44742	screening-v1/batch-0439/input.md
2672df3883d85e597812c121603f307f96ef90a6a641879fddf4a6f01763e6c5	450	screening-v1/batch-0439/run.json
e3b0c44298fc1c149afbf4c8996fb92427ae41e4649b934ca495991b7852b855	0	screening-v1/batch-0439/stderr.txt
d2c78a545e32f0911bd2c76dbdd83468b9a3b1be5d9b9cce350f43402b49ed18	86	screening-v1/batch-0439/submit_screening
c945782cfd84dbe9dd5bb894f2c886260491f0461d2e1c735bf13d8ec75c08a6	14176	screening-v1/batch-0439/trace.jsonl
2993185c8a28ddafba6757f4f508ebc9c02335bd2a33117ca5b4ab3d09a6ccb2	5218	screening-v1/batch-0440/batch.json
481b78e0abbb479cc0428e8e974fd90318fe1771939bb0ad44aeca379a8d8153	3402	screening-v1/batch-0440/decisions.jsonl
41c4f07a292062af7f979ee89f187936c09df5016404945200e28af0fe8dc0e3	67	screening-v1/batch-0440/final.txt
037015524af16cf31ad8e6157751b8c47dc87db6688a909654b54488305eed2c	43533	screening-v1/batch-0440/input.md
e5c62d54c8c02f0c5e855486cd120c84a5dad9674be0673e9513bc80b799ac52	450	screening-v1/batch-0440/run.json
e3b0c44298fc1c149afbf4c8996fb92427ae41e4649b934ca495991b7852b855	0	screening-v1/batch-0440/stderr.txt
d2c78a545e32f0911bd2c76dbdd83468b9a3b1be5d9b9cce350f43402b49ed18	86	screening-v1/batch-0440/submit_screening
a33531d58658025d40b5593745893e5883150a734a4e591e582f8f72623a7176	7830	screening-v1/batch-0440/trace.jsonl
9d24be4d6966ed8138eba16beda97f1429a3ad1a8f0098c4596c5bda8da1c4d1	5388	screening-v1/batch-0441/batch.json
d7b0c2e54c652d299d64a8ce30c8ae484fd8ea8d1e33cabda16f838f32b6ce85	3792	screening-v1/batch-0441/decisions.jsonl
d2d159238b775a00db4b5fd135f20b4b892ed648fd8c60ba7d65800597ada474	66	screening-v1/batch-0441/final.txt
4bab3a3f08a4b6275d79102ce0b005127b9c7b1ea158df062647ba6706a7d916	40994	screening-v1/batch-0441/input.md
09de7a7c10c374da4e21ac55fa931b82a4e958cf8990748b61a540769decaaef	450	screening-v1/batch-0441/run.json
e3b0c44298fc1c149afbf4c8996fb92427ae41e4649b934ca495991b7852b855	0	screening-v1/batch-0441/stderr.txt
d2c78a545e32f0911bd2c76dbdd83468b9a3b1be5d9b9cce350f43402b49ed18	86	screening-v1/batch-0441/submit_screening
0df4286e2f37df5b8fff9d58f0d91f1c7bf85813238bff1ca9510fdcabf8255b	8603	screening-v1/batch-0441/trace.jsonl
9501dfee19764d6d596bf53154381cca48d83d01f60b77c9592a33e40f308b48	5727	screening-v1/batch-0442/batch.json
1df4b19b2ce5047f2333ed0d9ec5fa9685cf4a77f60f20bdbed8d67dca1cea7e	3932	screening-v1/batch-0442/decisions.jsonl
12bfc04b481060e14e256636c30ee7d70d6d1060b4debc9519c541a6666ade00	55	screening-v1/batch-0442/final.txt
80626f891338f921a7e0f7ddb1c9a2f761c502a8fc053ab6b377a645f750362c	44346	screening-v1/batch-0442/input.md
aa9ae77c06ac6b1ec553052fbe07c275cee18990c0467aeca69928068b9f2d52	450	screening-v1/batch-0442/run.json
e3b0c44298fc1c149afbf4c8996fb92427ae41e4649b934ca495991b7852b855	0	screening-v1/batch-0442/stderr.txt
d2c78a545e32f0911bd2c76dbdd83468b9a3b1be5d9b9cce350f43402b49ed18	86	screening-v1/batch-0442/submit_screening
b345c908e1ac9f254c5799262758cbc98a6dc50bd063a3d07ab273728f093d4c	15350	screening-v1/batch-0442/trace.jsonl
cc9862297569e2d42ff05cdac5aeeee7bb017bc620037c591c3d41314b13b0df	6308	screening-v1/batch-0443/batch.json
f5eaa4476ac4ebba544b4e8abaa955a33818b4e556b3a69a3344095dbfb8084d	3687	screening-v1/batch-0443/decisions.jsonl
d8d3f566fa79885f3f0c2f869c71abc9ecdb2a116da1a9ce4ea8db8df8497254	70	screening-v1/batch-0443/final.txt
57940b6628eaac4958cf4d5f8927762e12206ea51071df227c73c09846a5680d	42765	screening-v1/batch-0443/input.md
637e199421904a0f0e38c10cefd3b5c9fa3e40c3d4a3b2486533fd520d347c35	450	screening-v1/batch-0443/run.json
e3b0c44298fc1c149afbf4c8996fb92427ae41e4649b934ca495991b7852b855	0	screening-v1/batch-0443/stderr.txt
d2c78a545e32f0911bd2c76dbdd83468b9a3b1be5d9b9cce350f43402b49ed18	86	screening-v1/batch-0443/submit_screening
1931465765d1093167c52a5e867caab50ddcb26d9ab4c3664f567b6939965a69	8390	screening-v1/batch-0443/trace.jsonl
aa705d9942be2e7dc6a5513a998d725cc4d41dcdf23f94e2680efc745f042e55	5708	screening-v1/batch-0444/batch.json
7f84c222516ee3ff8bd06d69aa6758cd3801eb9a58ecea12de42490ec48c21a8	3683	screening-v1/batch-0444/decisions.jsonl
6824e4acfd0c951221fbb12f834a1008062d205af70fb4ce9aa62434b59ac897	64	screening-v1/batch-0444/final.txt
18e9a16eb4e98fac589c6c7a543cc3a6674361d6e1e7d59fb9dd49d33bb60a3f	47339	screening-v1/batch-0444/input.md
297331a2216544ac51ad20e219b5fdada271cdec22258f8df30af7e45e7ddbbe	450	screening-v1/batch-0444/run.json
e3b0c44298fc1c149afbf4c8996fb92427ae41e4649b934ca495991b7852b855	0	screening-v1/batch-0444/stderr.txt
d2c78a545e32f0911bd2c76dbdd83468b9a3b1be5d9b9cce350f43402b49ed18	86	screening-v1/batch-0444/submit_screening
716f0140b67ec6ff6133bf36fd3b230b84d8fd0c8affbadd9511b30d8acd8b16	8605	screening-v1/batch-0444/trace.jsonl
4b8f4932f7f3033f4682f64ea1710aede511155ae48facbda24a2f688b4e4ae4	6028	screening-v1/batch-0445/batch.json
c8ae02aae4e305033428a4bc95bf09eba6646eb6b7e9bf638c9754a0a06eba49	3887	screening-v1/batch-0445/decisions.jsonl
06c8a354437ec1e2a18c694d64366c99c1abe3674e810e8e610a5c7cbe15ed5d	44	screening-v1/batch-0445/final.txt
441c6f9bffea65faab3830c19592b36fab12f7c2bdba891658225faefcdbe635	50968	screening-v1/batch-0445/input.md
47c859be7d915cfb1776cdd9dc79e892aba65ce005c8aa42d4db96d608bd3e33	450	screening-v1/batch-0445/run.json
e3b0c44298fc1c149afbf4c8996fb92427ae41e4649b934ca495991b7852b855	0	screening-v1/batch-0445/stderr.txt
d2c78a545e32f0911bd2c76dbdd83468b9a3b1be5d9b9cce350f43402b49ed18	86	screening-v1/batch-0445/submit_screening
5604344d000ad49ef71e9bbd37174fc8fe33a5a0fc7cf3cf9d773f9fbacb3804	9074	screening-v1/batch-0445/trace.jsonl
a518aa334442e4d075b4e368c8ac5f20986acd361d9c4453b035ce4edf786ec8	5384	screening-v1/batch-0446/batch.json
a355005450a3e7ca0cc738c6bebc4bb5796390d5ad8e8cf00a6e9f34c6f0891b	3793	screening-v1/batch-0446/decisions.jsonl
01da75f35c59f3599b00edb2a467cb0f97025f4318d73f3506ab8416bc9e981c	83	screening-v1/batch-0446/final.txt
11a3350a7d2440a6a0786426bd62b768f9970e7b3b177816e644f1df97ee0c3f	43304	screening-v1/batch-0446/input.md
f2a9e0b8a66a03b21a2a7ff53b8eb7a92b5ae999f79fe2a4532ed052e897b6c7	450	screening-v1/batch-0446/run.json
e3b0c44298fc1c149afbf4c8996fb92427ae41e4649b934ca495991b7852b855	0	screening-v1/batch-0446/stderr.txt
d2c78a545e32f0911bd2c76dbdd83468b9a3b1be5d9b9cce350f43402b49ed18	86	screening-v1/batch-0446/submit_screening
094df22e533d2f57f738ff0ca51f8cf142c11c711fd3fdc2a61944e80c174dcb	8695	screening-v1/batch-0446/trace.jsonl
d7832d4e7c0c6585c9b4401ec1f0b2bfefed43a51ced588aed15699d255cbe73	5437	screening-v1/batch-0447/batch.json
a8a364af4ec97dd2c2be832b5d4b43d0d541de3b2a1e29b919ec8a6d6aeebeb4	3841	screening-v1/batch-0447/decisions.jsonl
01da75f35c59f3599b00edb2a467cb0f97025f4318d73f3506ab8416bc9e981c	83	screening-v1/batch-0447/final.txt
31509fda2c8719bb94525293502566368280abc4c15be99804b54668585f3812	41523	screening-v1/batch-0447/input.md
5b0776d30c0c8a9488685b4d63b6b8c0f9d048417b83137b00a81900e41db75b	450	screening-v1/batch-0447/run.json
e3b0c44298fc1c149afbf4c8996fb92427ae41e4649b934ca495991b7852b855	0	screening-v1/batch-0447/stderr.txt
d2c78a545e32f0911bd2c76dbdd83468b9a3b1be5d9b9cce350f43402b49ed18	86	screening-v1/batch-0447/submit_screening
6c27975bf0795d6deaa5a0dc8218a93b5bd6ff15a8c97fd83b07c738a22ec606	9045	screening-v1/batch-0447/trace.jsonl
e87f1dffede84bc0d95117e4e625025e66faffd8647f7259a66f4699d02a1aa3	5495	screening-v1/batch-0448/batch.json
3a19fc92ca7c0ee189d293d6b9e59f1414e69a0fedebfe6303dbd7339cddce8c	3428	screening-v1/batch-0448/decisions.jsonl
23a75b1ba4f65b54f62e596d1d6cdcf5f10199bb7d17da6ac2a15905a894247e	78	screening-v1/batch-0448/final.txt
db71aa1bb46ec19009812e0e0529f12187ecaa205c2add6b111c5a553be49665	50561	screening-v1/batch-0448/input.md
ce566eb712cdbc0f60a59e6c38b79c226a03c18fcd26fbb29e19f398cffd7148	450	screening-v1/batch-0448/run.json
e3b0c44298fc1c149afbf4c8996fb92427ae41e4649b934ca495991b7852b855	0	screening-v1/batch-0448/stderr.txt
d2c78a545e32f0911bd2c76dbdd83468b9a3b1be5d9b9cce350f43402b49ed18	86	screening-v1/batch-0448/submit_screening
f69d23db9da55d1aaa4102043553a1a2de70da6c4f7a20587de34f0d840ed0db	8301	screening-v1/batch-0448/trace.jsonl
c9d0a156cf752a4149027445b5965d8e25819d361a47a7adbba4188d75547f2a	5447	screening-v1/batch-0449/batch.json
20a8cde5f5f227d07348cbb6ad6dfd88911b486fecb938b19ffa51a35af26482	3991	screening-v1/batch-0449/decisions.jsonl
6f5e9fcb8eb66fa3d616c9b3fdf6cca9d99a57cbf227f2832ff8ce0196b8d771	94	screening-v1/batch-0449/final.txt
a03da7d51dcabeb68aa6465a0db5dac92ed68789f8aa25366cb65439f1594dae	48717	screening-v1/batch-0449/input.md
b7675cf045222bc152cadb8b70e15c91699fa0bddc26a2144a33ca23dfdca95a	450	screening-v1/batch-0449/run.json
e3b0c44298fc1c149afbf4c8996fb92427ae41e4649b934ca495991b7852b855	0	screening-v1/batch-0449/stderr.txt
d2c78a545e32f0911bd2c76dbdd83468b9a3b1be5d9b9cce350f43402b49ed18	86	screening-v1/batch-0449/submit_screening
bef84632859f27688540a643bad402810504d088c7df59f3bca92941f92a2e53	15416	screening-v1/batch-0449/trace.jsonl
b5bd1f804da0e30c3ca62a668b7e4faab99b46d71e12e0bf4aab16eacc9489c4	5317	screening-v1/batch-0450/batch.json
713380999c0e91ce0263813f73c8a4792e74359ca62dcbb0a66835c342fc7999	3898	screening-v1/batch-0450/decisions.jsonl
51fce473d9773173c866f391a1b45bc0ca8a18f282e53ee5fe4cc4a0eea35c35	88	screening-v1/batch-0450/final.txt
016e9e110eb7864c2018f0a17efdb6cd556bafdfbf4d65f6d83459e2def18a31	52393	screening-v1/batch-0450/input.md
f5d677ea4f63a1620e8ee3df4010c758bab173d8ad3bb22cb5defef11f6582f4	450	screening-v1/batch-0450/run.json
e3b0c44298fc1c149afbf4c8996fb92427ae41e4649b934ca495991b7852b855	0	screening-v1/batch-0450/stderr.txt
d2c78a545e32f0911bd2c76dbdd83468b9a3b1be5d9b9cce350f43402b49ed18	86	screening-v1/batch-0450/submit_screening
21107e824c1612bfd4813bfb32291d843e5f0b2caa0941c87996901633a661a0	8679	screening-v1/batch-0450/trace.jsonl
c0efe9bb477fce0ec54a39c9b93c7dc277c4d3a438c3db1f6f2ffdc9b64ff690	5277	screening-v1/batch-0451/batch.json
66a6a751c00f623167c3444b5e94871597ddf85c19b5666a8144fbf31c5cb4be	3353	screening-v1/batch-0451/decisions.jsonl
b8c44f6fdf21bc697005fcc1356e064ff29fb23749313057287d5419e21f5a00	82	screening-v1/batch-0451/final.txt
1cdd1a9fb5f0ebb1a3a73a809e72fb8e33bbf5557bd3e7e491939a15097b23c9	44410	screening-v1/batch-0451/input.md
e33fc53afea1310ffeb4ffe8f2cb8f81464b83960c2fdf655697ba9908d149e9	450	screening-v1/batch-0451/run.json
e3b0c44298fc1c149afbf4c8996fb92427ae41e4649b934ca495991b7852b855	0	screening-v1/batch-0451/stderr.txt
d2c78a545e32f0911bd2c76dbdd83468b9a3b1be5d9b9cce350f43402b49ed18	86	screening-v1/batch-0451/submit_screening
5ce02e91a633bf876c1e7a2ffee20d8381c6cc40423102d075bd5a4abaaaae09	7820	screening-v1/batch-0451/trace.jsonl
b599aa58db2f9c2f565716c4bd79e95f9ce144af9b7644272b0c9f52993ffd4e	5433	screening-v1/batch-0452/batch.json
6926415269d6cea752e193c38759dba033ef1e8284a7583ec60d2c3671de56ad	3423	screening-v1/batch-0452/decisions.jsonl
057665454462b2baea8696ca9e229efd1855cef45a68f2d94ef320623d7dceca	79	screening-v1/batch-0452/final.txt
16d2a5ee37042e7d4143a9d4d80f3e3e0b8e08013a29a92490f6e5343e08778b	44823	screening-v1/batch-0452/input.md
030c10dfe96c9c73fa5fb8ff1ead9aaac44596ce55c09c57de6fcaa6a2aace76	450	screening-v1/batch-0452/run.json
e3b0c44298fc1c149afbf4c8996fb92427ae41e4649b934ca495991b7852b855	0	screening-v1/batch-0452/stderr.txt
d2c78a545e32f0911bd2c76dbdd83468b9a3b1be5d9b9cce350f43402b49ed18	86	screening-v1/batch-0452/submit_screening
13406ff670c8c8476e6de23775e72cb1d617a7cd5e67a91342a81a5ce2f5ee14	14178	screening-v1/batch-0452/trace.jsonl
d48d226e60ed73fa9c1b4b34b1ea354ff6a3fbbdcd5c9029175741fce675c384	5337	screening-v1/batch-0453/batch.json
fb85b24c43a235ec9eefd8e0a4a0290ead70d789edc9e346404f54f822a94342	4035	screening-v1/batch-0453/decisions.jsonl
67e1405cca3676492de054f7a4efaab8b1b443f6ee82a04a74b4d9d782548c5d	89	screening-v1/batch-0453/final.txt
d743cb03303218d18d87ed65ba9af80f125271bdeab0d8eef5755d01d63eb983	40836	screening-v1/batch-0453/input.md
74f27e5af3a3a0bbdd09b2218dbb4cdfa2e92cb852e0c098b2dc0526c511b4e9	450	screening-v1/batch-0453/run.json
e3b0c44298fc1c149afbf4c8996fb92427ae41e4649b934ca495991b7852b855	0	screening-v1/batch-0453/stderr.txt
d2c78a545e32f0911bd2c76dbdd83468b9a3b1be5d9b9cce350f43402b49ed18	86	screening-v1/batch-0453/submit_screening
40b936d5ae3fef38c6cbf10f2e3279a544a1cfc3a73662dfdc2e4033f9f3d7a3	9103	screening-v1/batch-0453/trace.jsonl
965097cc28efb070e8461b82cd3d7acd6e52828c99fb47ac80c0e839870344ac	5642	screening-v1/batch-0454/batch.json
29ee9be2441c000483e6f54aca0735658376cae1cdba8af73cf93f1200bcb5c4	3976	screening-v1/batch-0454/decisions.jsonl
d8d3f566fa79885f3f0c2f869c71abc9ecdb2a116da1a9ce4ea8db8df8497254	70	screening-v1/batch-0454/final.txt
193345ec8f96e03b2f355c5eca65d6a01f0f5584fa354388eb55b75b261f94df	47388	screening-v1/batch-0454/input.md
73f096c512e1006d60663ed10c6176b6db8cf3a8a3548987af5ad754924ffd59	450	screening-v1/batch-0454/run.json
e3b0c44298fc1c149afbf4c8996fb92427ae41e4649b934ca495991b7852b855	0	screening-v1/batch-0454/stderr.txt
d2c78a545e32f0911bd2c76dbdd83468b9a3b1be5d9b9cce350f43402b49ed18	86	screening-v1/batch-0454/submit_screening
aa24b8edb36aa08c3ff98aefe9d5603e65db0e9b3440b6788278a603e6005d60	9049	screening-v1/batch-0454/trace.jsonl
77d21935ad3f232941e9cc7d830628412c8672663e4771b751f180815d4ba8ba	5837	screening-v1/batch-0455/batch.json
7915ed8f581d3aad4504e5027b16624531eea42e282097669c25cdc58a8a3d4d	3655	screening-v1/batch-0455/decisions.jsonl
67e1405cca3676492de054f7a4efaab8b1b443f6ee82a04a74b4d9d782548c5d	89	screening-v1/batch-0455/final.txt
d8d98ae2c81f7b82749ff8b9b147a7ea99fd3856511b6eaeaa2fe7534269ec1e	43272	screening-v1/batch-0455/input.md
7623c97dcf6161d62fc336d1cefcd69b792ceca5591a60c6200c7530105c299b	450	screening-v1/batch-0455/run.json
e3b0c44298fc1c149afbf4c8996fb92427ae41e4649b934ca495991b7852b855	0	screening-v1/batch-0455/stderr.txt
d2c78a545e32f0911bd2c76dbdd83468b9a3b1be5d9b9cce350f43402b49ed18	86	screening-v1/batch-0455/submit_screening
88b6c71ed192fd1ecce573cc31ca738348f6ff8270ba07c1237a9e2421e91876	8194	screening-v1/batch-0455/trace.jsonl
fa0639a1e8d0e837b699a769b9d8452976c3abe36e5e5bac0a7402a562e15b8e	5531	screening-v1/batch-0456/batch.json
abf4ee1c18c80ce1d7562912122218cc2a021e176c0d84c79373bc0e83464647	3029	screening-v1/batch-0456/decisions.jsonl
2e23d8343b01c321dfde6653669c38c66a736b5b755c413dd44fddd266b19220	65	screening-v1/batch-0456/final.txt
4449da56c913606090c9d5b836f7bcb2991ca8b7dcf53d837b80db2afbfef66b	46913	screening-v1/batch-0456/input.md
e0098d36c3f3900ae2a2f42cdbb0370542abd8ac687865fddf4c294d0de5b8cd	450	screening-v1/batch-0456/run.json
e3b0c44298fc1c149afbf4c8996fb92427ae41e4649b934ca495991b7852b855	0	screening-v1/batch-0456/stderr.txt
d2c78a545e32f0911bd2c76dbdd83468b9a3b1be5d9b9cce350f43402b49ed18	86	screening-v1/batch-0456/submit_screening
986dbe3cf77f1929cb78bf8270f272cb66b4b2d00fb93177bc71d6e9845df2c8	7720	screening-v1/batch-0456/trace.jsonl
6d9eb554c3b01c1a4700a89753a55a2704da79c5e8d0cbaedbf7cbaa30583333	5692	screening-v1/batch-0457/batch.json
66e2c6eb029e48e4efde1fc0c8623dac06e6b48227fc645b02aa2e69dc7bf3c9	3486	screening-v1/batch-0457/decisions.jsonl
56d763677cd7d08d0dc0a8d8fd9c64dae43eb94e007d072df3df06501fde3983	88	screening-v1/batch-0457/final.txt
2b634142e8bf39a0d0c9589020cf1ae6bbf776cdba2d3aee5606837ff8b12b7b	47424	screening-v1/batch-0457/input.md
73b1055bf04a531d41ab14daf44d039b0ada137a0ab8fcf46d49e5c418a9966a	450	screening-v1/batch-0457/run.json
e3b0c44298fc1c149afbf4c8996fb92427ae41e4649b934ca495991b7852b855	0	screening-v1/batch-0457/stderr.txt
d2c78a545e32f0911bd2c76dbdd83468b9a3b1be5d9b9cce350f43402b49ed18	86	screening-v1/batch-0457/submit_screening
15b8a7153ebeb1e61cd83ab806ab28f8a94afc2f17234e7269067874f241d1b2	8164	screening-v1/batch-0457/trace.jsonl
f965e64077d12247a1caa8067ab41f8e17440baebe2fc15243b4b872f5de7d53	5567	screening-v1/batch-0458/batch.json
2f8869319add35008a075e1c1a1e347f1f16bd8826eaa5215f2edae2870e40e6	4069	screening-v1/batch-0458/decisions.jsonl
e5c26e8a32e0d0e005e62dcaf8221b9b506e599d2360fb679244b7c3f3e1fcaf	58	screening-v1/batch-0458/final.txt
c7de8a04844f8d7daf591e3720893f7c4b1700e2d6ca3df6d8c53f9a83748349	44867	screening-v1/batch-0458/input.md
7200d4557e39a06559e7b1678ad3e6b9f4118fee6b01f52fc7c1e4c041481bdf	450	screening-v1/batch-0458/run.json
e3b0c44298fc1c149afbf4c8996fb92427ae41e4649b934ca495991b7852b855	0	screening-v1/batch-0458/stderr.txt
d2c78a545e32f0911bd2c76dbdd83468b9a3b1be5d9b9cce350f43402b49ed18	86	screening-v1/batch-0458/submit_screening
7c880d3a38d64bb48365f00a396a9091dfff3da36a6022bda948f596422505f9	9233	screening-v1/batch-0458/trace.jsonl
56cd2fa25cbf5f5d0ffb5f64eb10999fecc9f88a74591e25ac40ac5fec05d28a	5746	screening-v1/batch-0459/batch.json
695dc1b80d05bd92bdfc9b8110fa59fb26792394486bced85a597b6010b1dbde	3541	screening-v1/batch-0459/decisions.jsonl
d8d3f566fa79885f3f0c2f869c71abc9ecdb2a116da1a9ce4ea8db8df8497254	70	screening-v1/batch-0459/final.txt
a0364ccef08a240fa883650796904c7a243e27768111a415691bf1ffb0303750	47199	screening-v1/batch-0459/input.md
8290883c10c251239ce2fbdd9efec71769aca7fcfbbd334d948e57f4730e39dc	450	screening-v1/batch-0459/run.json
e3b0c44298fc1c149afbf4c8996fb92427ae41e4649b934ca495991b7852b855	0	screening-v1/batch-0459/stderr.txt
d2c78a545e32f0911bd2c76dbdd83468b9a3b1be5d9b9cce350f43402b49ed18	86	screening-v1/batch-0459/submit_screening
2b10e6bf24431404a1ab76721eb3a35cd0e275cbd76361bbbb59416c6526ab2a	8124	screening-v1/batch-0459/trace.jsonl
66bd5d3606aca9dca471db2f5ff08ae01e48ed173f83026e2df8434fdb6d46c7	5295	screening-v1/batch-0460/batch.json
3de15961a8c775a5800d7f5dad17d3279fd148bd51d9cb4000f638a1f7fd2fc9	3235	screening-v1/batch-0460/decisions.jsonl
3d0a364f0963b4b9ab16a9085adb9cae90888b0a0e0c7d603af753e5cd0fe79d	89	screening-v1/batch-0460/final.txt
87759f279f71fe830598403b13c5d9c43aa5eb5d70520fd02cf2f36e10d468e6	45491	screening-v1/batch-0460/input.md
2cd648320ab507746e1ebecd3c2c143c3236af2ac285976cc72a1e0e0aef8655	450	screening-v1/batch-0460/run.json
e3b0c44298fc1c149afbf4c8996fb92427ae41e4649b934ca495991b7852b855	0	screening-v1/batch-0460/stderr.txt
d2c78a545e32f0911bd2c76dbdd83468b9a3b1be5d9b9cce350f43402b49ed18	86	screening-v1/batch-0460/submit_screening
d760ded726609f7a85c3cc0efcb16691b4871bc1829e7c2c14ee718514068847	7341	screening-v1/batch-0460/trace.jsonl
333c766361c3af1863a8b3a0a76a00eaaaed0611659a898f5a457489f42a8f93	5374	screening-v1/batch-0461/batch.json
32ec6a6419f82d63c287331139d5658660a4736005cc3667e3e136ccd2a5e1d4	3569	screening-v1/batch-0461/decisions.jsonl
8a7293b3e7626cd6aa853d9ed083ee9ac12aee8e8dbf625ca4913d6a3f7f61fa	83	screening-v1/batch-0461/final.txt
9526c1574521f5e52144359f26c38e3b20d8d13e7912d58e55a9165503c428af	42115	screening-v1/batch-0461/input.md
7c69ad57d9d4afddb319410617c992318659d6b53157de8fa7a1f4abba643921	450	screening-v1/batch-0461/run.json
e3b0c44298fc1c149afbf4c8996fb92427ae41e4649b934ca495991b7852b855	0	screening-v1/batch-0461/stderr.txt
d2c78a545e32f0911bd2c76dbdd83468b9a3b1be5d9b9cce350f43402b49ed18	86	screening-v1/batch-0461/submit_screening
7713efdcb4af4e5e5e842e2ae3140627b509d24e8432fde6987829521cde5551	8084	screening-v1/batch-0461/trace.jsonl
16f2e511e889c0e7e24825ede9c1fb2693048cfe0c584dd91f85a834168c9541	5329	screening-v1/batch-0462/batch.json
8f621946b6c5b9a228d08db613ad8f677656809f4ea57f4dfaaea4bcb1632359	3365	screening-v1/batch-0462/decisions.jsonl
38e1c967707a6e5e63786288af937d1ecbc9ec8049257d86abb412c71b124227	65	screening-v1/batch-0462/final.txt
deebeed1287317a79796f97598583f45ad8dd14bec3e9980f22048b4f5d7cba4	52420	screening-v1/batch-0462/input.md
e8c7d3e8d6d3dfe68c03212d77be0de4d77443c322b9e92cdc30e1c5a0ee93a0	450	screening-v1/batch-0462/run.json
e3b0c44298fc1c149afbf4c8996fb92427ae41e4649b934ca495991b7852b855	0	screening-v1/batch-0462/stderr.txt
d2c78a545e32f0911bd2c76dbdd83468b9a3b1be5d9b9cce350f43402b49ed18	86	screening-v1/batch-0462/submit_screening
cc3cb6877e4c9d003ab622099896b6ae27db014f0e6ca885e0fbfb278bfc0b19	7756	screening-v1/batch-0462/trace.jsonl
dfcd9c2fdc83ae8c9da51eeabb5664dde1a2317f8d0cbc75add93eb663686264	5291	screening-v1/batch-0463/batch.json
1d61a153b068a2fc9ebc1d5eb6f1799c3c266dfb3ab3e6210a49bed2b73665ab	3872	screening-v1/batch-0463/decisions.jsonl
67e1405cca3676492de054f7a4efaab8b1b443f6ee82a04a74b4d9d782548c5d	89	screening-v1/batch-0463/final.txt
edc83071dd10f116efae4df0f126dd27a9d2077e6fced7bfdf148ce05cb85e4c	45758	screening-v1/batch-0463/input.md
418d5ca3b0749affe8778f4e7437abba97d6e0ab128ab916f0cf43dd7f306f2b	450	screening-v1/batch-0463/run.json
e3b0c44298fc1c149afbf4c8996fb92427ae41e4649b934ca495991b7852b855	0	screening-v1/batch-0463/stderr.txt
d2c78a545e32f0911bd2c76dbdd83468b9a3b1be5d9b9cce350f43402b49ed18	86	screening-v1/batch-0463/submit_screening
c76431fa34c47cfd3ce3421bb1b9a2c04a397c152f056e68b072a84d76bd902d	15123	screening-v1/batch-0463/trace.jsonl
c84cc99efa9865be76d5a0c5851b17d1f0c3f0fd3e31f6a659f8c3da135c7ade	5637	screening-v1/batch-0464/batch.json
38d052697e78ec1d0d307023502d9ace29ca1cfd6e50b0e907e75501e7da8c05	3695	screening-v1/batch-0464/decisions.jsonl
0d25cc713bf3267dbf579c60f268f35deec8975a6eecfff4e7ff049c2082475c	84	screening-v1/batch-0464/final.txt
f0c26db4211f94f373548785d89314b20180dd3e89cb94852cbaec4a8810952e	46652	screening-v1/batch-0464/input.md
fd8b249ac9564a07a0ee5d16fda05d0e22ac5169a81dc48531591a97ae96f87c	450	screening-v1/batch-0464/run.json
e3b0c44298fc1c149afbf4c8996fb92427ae41e4649b934ca495991b7852b855	0	screening-v1/batch-0464/stderr.txt
d2c78a545e32f0911bd2c76dbdd83468b9a3b1be5d9b9cce350f43402b49ed18	86	screening-v1/batch-0464/submit_screening
1a45512098b42e8fe13635a6484cd42ef3f3baf2bf6ff8582e007d55b16639e8	8895	screening-v1/batch-0464/trace.jsonl
7c00e6bda2f7f1bbc3249cae202f06379f247e473358484b2d1062abd61be22f	5622	screening-v1/batch-0465/batch.json
0cf6d23969f4c7a0b16530951802272a5672faa4040eff0d6007a07eb483cce0	4131	screening-v1/batch-0465/decisions.jsonl
67e1405cca3676492de054f7a4efaab8b1b443f6ee82a04a74b4d9d782548c5d	89	screening-v1/batch-0465/final.txt
e5f7e573f4c5e7bb121d7385bbc64bfe59f32f6014cd7934ee77dc5915dd0139	44773	screening-v1/batch-0465/input.md
ba9620b35f29a5931d83121833babf9c4ef5655cd9f5e9cafa09f7e979acc7bc	450	screening-v1/batch-0465/run.json
e3b0c44298fc1c149afbf4c8996fb92427ae41e4649b934ca495991b7852b855	0	screening-v1/batch-0465/stderr.txt
d2c78a545e32f0911bd2c76dbdd83468b9a3b1be5d9b9cce350f43402b49ed18	86	screening-v1/batch-0465/submit_screening
d070c003ba74f1a1c73c3a8d70c462fa716eb4f83b5f27e0d99b629ce865c5bb	9308	screening-v1/batch-0465/trace.jsonl
349ce666ffa0be05761df6160e8b3de15218e2b414d1d0cbba4f727d7deb7db6	5593	screening-v1/batch-0466/batch.json
559e00e99d9a6238535527d8d117fe0997bb1ef9c7b1770a7df479a24dd93d62	3628	screening-v1/batch-0466/decisions.jsonl
23a75b1ba4f65b54f62e596d1d6cdcf5f10199bb7d17da6ac2a15905a894247e	78	screening-v1/batch-0466/final.txt
b410b6f22ad98c2b388199fd67b3599bc2b54e8589bdbc63f1b17a55224acee7	48343	screening-v1/batch-0466/input.md
23657025e8e7acd121e151d74709c2589289ba3ab1d2c3ebb840727efe92f5b6	450	screening-v1/batch-0466/run.json
e3b0c44298fc1c149afbf4c8996fb92427ae41e4649b934ca495991b7852b855	0	screening-v1/batch-0466/stderr.txt
d2c78a545e32f0911bd2c76dbdd83468b9a3b1be5d9b9cce350f43402b49ed18	86	screening-v1/batch-0466/submit_screening
c7995620f872022ab1cc25bb8ab57d6a1a1c315023853ed864245044c82357a8	7982	screening-v1/batch-0466/trace.jsonl
f8ac2e3f0c2798ee095cf0f8e6f57772dbb51ad189513b4023766a46366fc9d3	5549	screening-v1/batch-0467/batch.json
69ae08631021ddba206d084903ba11d87fca878010b8dad295597e4a2a7b0e89	3714	screening-v1/batch-0467/decisions.jsonl
2e1193224ffcf8ddea34284147bf8123d2907f6a4b7793df9c6fd415e7a8202d	65	screening-v1/batch-0467/final.txt
9e33027c913173c19b88f2848e12d279537e72ac0ace6c24c8ab1467d8efd1ce	52824	screening-v1/batch-0467/input.md
ae8a8a0f0be620ae704fd22532a05e7c0213891c827bd41e2f4abeefa95216a2	450	screening-v1/batch-0467/run.json
e3b0c44298fc1c149afbf4c8996fb92427ae41e4649b934ca495991b7852b855	0	screening-v1/batch-0467/stderr.txt
d2c78a545e32f0911bd2c76dbdd83468b9a3b1be5d9b9cce350f43402b49ed18	86	screening-v1/batch-0467/submit_screening
cc4dfb962c8e94de03678672638c1dd27a47120b0ff77aae920eb30d99f75b92	8188	screening-v1/batch-0467/trace.jsonl
37c5a14d4bfef3c3d7e6daca4952cd8d09c4808812c14c37549c095e9b1061a8	5447	screening-v1/batch-0468/batch.json
f8eafa2a8ccdd3d67a55125357e6b753f015f3993920681f4b2fe09458a75094	3812	screening-v1/batch-0468/decisions.jsonl
755742134aa4adeac1aa9cfc97901803e54fde9ff921a467c718be766f960700	80	screening-v1/batch-0468/final.txt
bc567a6b95697517a560124606c2c310144352a5775b9e965e46c0e7634ac159	44202	screening-v1/batch-0468/input.md
a24b62266e01e6c9b20209897104d3e569b94ff9d899b54c4b67252604989eee	450	screening-v1/batch-0468/run.json
e3b0c44298fc1c149afbf4c8996fb92427ae41e4649b934ca495991b7852b855	0	screening-v1/batch-0468/stderr.txt
d2c78a545e32f0911bd2c76dbdd83468b9a3b1be5d9b9cce350f43402b49ed18	86	screening-v1/batch-0468/submit_screening
01b6adbd22b3f8757a1215eba489b0731e5765ccd34dae570a862e6ec736cc17	8806	screening-v1/batch-0468/trace.jsonl
be1f6648bd96ceb1d8d53fa4a09d3206ef5e85d1946f259c16ad4272ec9fe263	5485	screening-v1/batch-0469/batch.json
363ce74365583ad97c9973b0e4c90c62ee954dca80c607e53b63908341473846	3417	screening-v1/batch-0469/decisions.jsonl
3f4a2dc23055ece6adc8f78e51ff19879c5f4cbbba89d75be27f172f164c74f7	78	screening-v1/batch-0469/final.txt
77ad6f628f34a57df878333b818019ca84d01d010777e4c243a40861c2982b0f	48433	screening-v1/batch-0469/input.md
617049e75fa73e7d2b8da9847f6694c1d5ec1ba2b551de650fba67c4aa4fc529	450	screening-v1/batch-0469/run.json
e3b0c44298fc1c149afbf4c8996fb92427ae41e4649b934ca495991b7852b855	0	screening-v1/batch-0469/stderr.txt
d2c78a545e32f0911bd2c76dbdd83468b9a3b1be5d9b9cce350f43402b49ed18	86	screening-v1/batch-0469/submit_screening
7b77383ea64a521e2d1fdea8d295374c9921f3bac5534d58ebbf185de50aa55b	8207	screening-v1/batch-0469/trace.jsonl
1e876dead9e3cb73ab675517d4b01d030034004e03438ee15d6cc765ce724bb3	5649	screening-v1/batch-0470/batch.json
190937f3364159d89c075ef6d1a272ec7bde02b0af3b297e077488efc2dcd7da	3481	screening-v1/batch-0470/decisions.jsonl
d2d159238b775a00db4b5fd135f20b4b892ed648fd8c60ba7d65800597ada474	66	screening-v1/batch-0470/final.txt
fa648423e92437ef1f1f271a83cfed68a9dbddb721defd641eb04925d5167ded	43987	screening-v1/batch-0470/input.md
4e640efc5e972fd955fc6e3dc7f834bdc9ee6a41f84368f9de8af3ee3add53ee	450	screening-v1/batch-0470/run.json
e3b0c44298fc1c149afbf4c8996fb92427ae41e4649b934ca495991b7852b855	0	screening-v1/batch-0470/stderr.txt
d2c78a545e32f0911bd2c76dbdd83468b9a3b1be5d9b9cce350f43402b49ed18	86	screening-v1/batch-0470/submit_screening
3aeddb10fa2e3d231e1a02793391c635a5f732f9bc4015014463b525eed9ae9e	8063	screening-v1/batch-0470/trace.jsonl
08b2834c10ff22c2e0198ee5d41fc1d6d0edee539e57bfc84d0f716aaa5cca4b	5417	screening-v1/batch-0471/batch.json
17d51a363a3574d91dc32d373f6f7e6e3f010da168b60d688a54e84b65c000fc	3996	screening-v1/batch-0471/decisions.jsonl
4ff1e9c846a4e05337f7b2acf211134b532cca9c4755ba3ebf467754f37def8e	64	screening-v1/batch-0471/final.txt
3fd76919ba050b4d7a39fc7d4c48b41bb7d2e6dab75f650924821bb42170dad0	46864	screening-v1/batch-0471/input.md
78af29298391329a9ec92ae397c54af7c4be17f8e3c1fe1bbbdd03af065b09b5	450	screening-v1/batch-0471/run.json
e3b0c44298fc1c149afbf4c8996fb92427ae41e4649b934ca495991b7852b855	0	screening-v1/batch-0471/stderr.txt
d2c78a545e32f0911bd2c76dbdd83468b9a3b1be5d9b9cce350f43402b49ed18	86	screening-v1/batch-0471/submit_screening
3d038fd4ebf0e6d5419f359949988b44efaa7b521ebf3d9697160ead3b6bcdac	8837	screening-v1/batch-0471/trace.jsonl
a8be03ef5df3c18c7f1e99d0d811a6d39a0d480abfc05101f0ee991880366e94	5441	screening-v1/batch-0472/batch.json
8fe1c4d18638ed16bdf2fb37475eae71c9c7efcfbc41ecb6a305f9386142255a	3541	screening-v1/batch-0472/decisions.jsonl
cf0c22cb98a8d7b0198b01c6418fa27c48963c506029294b047c29cbac487a69	77	screening-v1/batch-0472/final.txt
1b77abc56efc33616b28b3fa2c8fbdd6f23d1f1ba776dcdcf24a8d94a869ee37	43279	screening-v1/batch-0472/input.md
e4a852cbfe739776471005a1245043c94778d31256dac4f513f9955af4457649	450	screening-v1/batch-0472/run.json
e3b0c44298fc1c149afbf4c8996fb92427ae41e4649b934ca495991b7852b855	0	screening-v1/batch-0472/stderr.txt
d2c78a545e32f0911bd2c76dbdd83468b9a3b1be5d9b9cce350f43402b49ed18	86	screening-v1/batch-0472/submit_screening
cecfaaedc75e636936ca47770bbb9aeb8f194520dca5836b7039a7df5bec6832	8347	screening-v1/batch-0472/trace.jsonl
47826de9bbdc544fdc6f3c7aca1223bcf031b0ccc7808920d952b350a244e8b8	5902	screening-v1/batch-0473/batch.json
7a9f40b681fd2175ecc411d1daacf300d48fe78ff97c2bf7307336c9d46c53df	3575	screening-v1/batch-0473/decisions.jsonl
ca5731caf5dbb937b2052a49bd6f81f90ac949d6374326ce9c8cf58f6eb820f4	83	screening-v1/batch-0473/final.txt
168311dce156924364ee3aaa677762e3e4f524eeff88aa637ba1dfe8cfb77f3a	45696	screening-v1/batch-0473/input.md
1bc668f8d06e8bf2fb06f3ac3e01a601ce4fd544ab7220088d3c058f48dcb045	450	screening-v1/batch-0473/run.json
e3b0c44298fc1c149afbf4c8996fb92427ae41e4649b934ca495991b7852b855	0	screening-v1/batch-0473/stderr.txt
d2c78a545e32f0911bd2c76dbdd83468b9a3b1be5d9b9cce350f43402b49ed18	86	screening-v1/batch-0473/submit_screening
1e46b43ba3642ec0fefca59f9cfe6bc22085810b96a0e0f49c5713b1ad1d2a1d	14514	screening-v1/batch-0473/trace.jsonl
ebbabd2f21665794707854f7ae8e3e669acf105424197e350012e2dc634a58e7	5388	screening-v1/batch-0474/batch.json
0996c892ffde189a1cbb1075554c78de9a34b56f615b18a8dbeec06ceb285673	3898	screening-v1/batch-0474/decisions.jsonl
e5c26e8a32e0d0e005e62dcaf8221b9b506e599d2360fb679244b7c3f3e1fcaf	58	screening-v1/batch-0474/final.txt
c727b0c73e004fe49c2c74712604e8de54b3e2295b2462c3b74bbe551c18c893	44261	screening-v1/batch-0474/input.md
b64da69226362942a9fa2684e682c85cb30374a227ee283eb3758881ec94e492	450	screening-v1/batch-0474/run.json
e3b0c44298fc1c149afbf4c8996fb92427ae41e4649b934ca495991b7852b855	0	screening-v1/batch-0474/stderr.txt
d2c78a545e32f0911bd2c76dbdd83468b9a3b1be5d9b9cce350f43402b49ed18	86	screening-v1/batch-0474/submit_screening
4857316c9a0f686343f367f7c4c61990660ab91e9d747ff93a546d0ee27c2ee1	15136	screening-v1/batch-0474/trace.jsonl
c9b5b56800db38e9b82adca1e64f64952241aa7e2494f94b972292a5ded8147b	5630	screening-v1/batch-0475/batch.json
d1e5fd72fded7b0ee7bea7804d81df89727f033a49dbef18d43af1e1811d7512	3447	screening-v1/batch-0475/decisions.jsonl
a3e9c9b499170187592ce1a648caffbf205921ed424ab583bf1e142a3bfccc82	78	screening-v1/batch-0475/final.txt
769ffc56d7731b638d053fb52a04897c2c018d8d8e77e17faaca147285124ad3	48531	screening-v1/batch-0475/input.md
2062fdd135fd4289a79bb66c39801065d58b34505ecc6d98ab7941847903c5f5	450	screening-v1/batch-0475/run.json
e3b0c44298fc1c149afbf4c8996fb92427ae41e4649b934ca495991b7852b855	0	screening-v1/batch-0475/stderr.txt
d2c78a545e32f0911bd2c76dbdd83468b9a3b1be5d9b9cce350f43402b49ed18	86	screening-v1/batch-0475/submit_screening
43792a25dd78fc17919c1f60e775e1f6dec615daf99e1f650052ddbfaa2ff853	8247	screening-v1/batch-0475/trace.jsonl
e26860eaeabb205029d5e4913f7067d3e85bf90a1cbb085d7cfc621b202bbe9a	5340	screening-v1/batch-0476/batch.json
02a4abea45b67db3c966e21357f3251f39f0f19aff8b0964bb39a7b820a507a7	3732	screening-v1/batch-0476/decisions.jsonl
0d25cc713bf3267dbf579c60f268f35deec8975a6eecfff4e7ff049c2082475c	84	screening-v1/batch-0476/final.txt
8e07112781ad661da36edb5a7ad3f4ca412041549a8446dc0467200a2b9072fd	46702	screening-v1/batch-0476/input.md
3b2466f99944891cc05522ebb8d86606a6873e8bb7d5fa8b0d0b2889f8ef973e	450	screening-v1/batch-0476/run.json
e3b0c44298fc1c149afbf4c8996fb92427ae41e4649b934ca495991b7852b855	0	screening-v1/batch-0476/stderr.txt
d2c78a545e32f0911bd2c76dbdd83468b9a3b1be5d9b9cce350f43402b49ed18	86	screening-v1/batch-0476/submit_screening
2678aea8d9624c017ad20ca2564d31ee3731192e67a3aaea23cc7285361f0268	14817	screening-v1/batch-0476/trace.jsonl
2674b46ebebfc0cf103b7bdcd6a0d6ea22bc9dc4d04bb012d0e273d3e0c7cc62	5506	screening-v1/batch-0477/batch.json
d9629ce76b3f49936ecf407a58302b5556cea3db4c1431d1cf2ec29f43d1a355	3467	screening-v1/batch-0477/decisions.jsonl
23a75b1ba4f65b54f62e596d1d6cdcf5f10199bb7d17da6ac2a15905a894247e	78	screening-v1/batch-0477/final.txt
288981df1376261a251d00cddb2e9cb68cd8679b6c92852b4048f154162cfbf6	44133	screening-v1/batch-0477/input.md
f9631e6588584f18db3067b0a0c793ea3463c98f7c00254e4936222bb9d31416	450	screening-v1/batch-0477/run.json
e3b0c44298fc1c149afbf4c8996fb92427ae41e4649b934ca495991b7852b855	0	screening-v1/batch-0477/stderr.txt
d2c78a545e32f0911bd2c76dbdd83468b9a3b1be5d9b9cce350f43402b49ed18	86	screening-v1/batch-0477/submit_screening
d1427c2e05466eaffc72e37e25f12f7c9590287f485cd74581e77279e40d81d2	8288	screening-v1/batch-0477/trace.jsonl
4693776b6d920818432571afb3faa7c2f02a1a6820337bdf4cedb65fe7a0402e	5559	screening-v1/batch-0478/batch.json
42d3c6cb93f53e46f5210640d3cab36f20cf00df49880001245e2721e21fa828	3184	screening-v1/batch-0478/decisions.jsonl
23a75b1ba4f65b54f62e596d1d6cdcf5f10199bb7d17da6ac2a15905a894247e	78	screening-v1/batch-0478/final.txt
cd698842f583657c40e8bd4b0196ad93a99ac0868fb262de46699967a1b2e10f	44999	screening-v1/batch-0478/input.md
899b20129bc1be633dd3048bd6132a230824f2b86e54ecd01571251433c5a42f	450	screening-v1/batch-0478/run.json
e3b0c44298fc1c149afbf4c8996fb92427ae41e4649b934ca495991b7852b855	0	screening-v1/batch-0478/stderr.txt
d2c78a545e32f0911bd2c76dbdd83468b9a3b1be5d9b9cce350f43402b49ed18	86	screening-v1/batch-0478/submit_screening
81262b513700e5143647fba5e3bf4db54e18f2b8bb5881d17ba9ee5b38c6f6ed	13724	screening-v1/batch-0478/trace.jsonl
2b7d3564f2673c4c9e65c015e71c5bece70cd5f53ef364af76ca7cab79dc13c2	5315	screening-v1/batch-0479/batch.json
753e5f65786ee2215b44df13289cd244af43f5b71fff7a5d55f542fe7268095d	3653	screening-v1/batch-0479/decisions.jsonl
2809cfc90156673e68c3ba157ef254cefe1524244b4839b9679b441a61ddc94e	80	screening-v1/batch-0479/final.txt
b362af90389a976c0ee5547d3e78cdb1661a8b5990a75f0c7f59c68f480b7492	42800	screening-v1/batch-0479/input.md
bb017a0711f23189a2416353f0a0afb65ad2348661a09ae24c4d8c003aeb4fb5	450	screening-v1/batch-0479/run.json
e3b0c44298fc1c149afbf4c8996fb92427ae41e4649b934ca495991b7852b855	0	screening-v1/batch-0479/stderr.txt
d2c78a545e32f0911bd2c76dbdd83468b9a3b1be5d9b9cce350f43402b49ed18	86	screening-v1/batch-0479/submit_screening
7fb7cb689922c02d33702d5534eabcca823ff5ce829012f6ae817019cd34ad2e	8445	screening-v1/batch-0479/trace.jsonl
4161f98febae91013a6fbf918135e500e245f24d13dedfc2d90f8337b4a936b7	5234	screening-v1/batch-0480/batch.json
fab36332cc9d0a52cf37611bdd6da9be2a840d3df05e2eb95c3d5941fbefa8d8	3777	screening-v1/batch-0480/decisions.jsonl
a4fff3fe4960e6db256b44130f5518192a4918ed6fb91527956dd30626ae1e12	83	screening-v1/batch-0480/final.txt
23eeda51053f46607b23ec0282d1afeeeef9410ba601740e34944be813f0916c	43993	screening-v1/batch-0480/input.md
9613255a0549348de50d9c0517a0952c00973cbc7ab57736d82daac0afaa5d79	450	screening-v1/batch-0480/run.json
e3b0c44298fc1c149afbf4c8996fb92427ae41e4649b934ca495991b7852b855	0	screening-v1/batch-0480/stderr.txt
d2c78a545e32f0911bd2c76dbdd83468b9a3b1be5d9b9cce350f43402b49ed18	86	screening-v1/batch-0480/submit_screening
9d2448a1b6f84236f44258f27e252a33fc89aab985106890bfe775a269ac9f61	8505	screening-v1/batch-0480/trace.jsonl
cf004753ceaaf113b1c4d1049114f5fd883e5849dfbfeb655984bc2d8de3fcc4	5294	screening-v1/batch-0481/batch.json
aa5b4c6c5d34e78040ca3f8ab46bcc6f0bde49a8e86f95737d8744ad76d16d85	3996	screening-v1/batch-0481/decisions.jsonl
12bfc04b481060e14e256636c30ee7d70d6d1060b4debc9519c541a6666ade00	55	screening-v1/batch-0481/final.txt
00f672195995f74d2a6321f24f77af1663d54b5dfd6aed28ee8464afe8471ec2	43980	screening-v1/batch-0481/input.md
58e62ace7c7c0e0628018f9cdd00c0a673b77c030e72866cc3424fd5421c4b15	450	screening-v1/batch-0481/run.json
e3b0c44298fc1c149afbf4c8996fb92427ae41e4649b934ca495991b7852b855	0	screening-v1/batch-0481/stderr.txt
d2c78a545e32f0911bd2c76dbdd83468b9a3b1be5d9b9cce350f43402b49ed18	86	screening-v1/batch-0481/submit_screening
5d945418bc6183a4a51637595db9991e218e70090238be9e64ca991976359ecb	9982	screening-v1/batch-0481/trace.jsonl
10a80a5716aea5ba79f27f01ab4b6836db5d245658e8d82446bf4f8502acc1ec	5302	screening-v1/batch-0482/batch.json
5c513aec8f15e6a7e5fa3c64dfb30a70aa5c4a0470d16a4c62deb8b512752b7e	3723	screening-v1/batch-0482/decisions.jsonl
06c8a354437ec1e2a18c694d64366c99c1abe3674e810e8e610a5c7cbe15ed5d	44	screening-v1/batch-0482/final.txt
18d9c9e529eafe668d127874c0b7e33dbc18ecddd9f465c4e942557ad5dd9adb	42077	screening-v1/batch-0482/input.md
1a316bced06de3a1998b7941fb2d77cafd7b45a9553e424031394625d38228c9	450	screening-v1/batch-0482/run.json
e3b0c44298fc1c149afbf4c8996fb92427ae41e4649b934ca495991b7852b855	0	screening-v1/batch-0482/stderr.txt
d2c78a545e32f0911bd2c76dbdd83468b9a3b1be5d9b9cce350f43402b49ed18	86	screening-v1/batch-0482/submit_screening
bd8ab36142321fb673aff3962b8540bbdd627d2a510ed7fdf0e04c4e78c454e6	8759	screening-v1/batch-0482/trace.jsonl
82a6627b62478dd34fc7bf1f3190209af7c126232996474479799814b261d34f	5140	screening-v1/batch-0483/batch.json
b54794080d8208fab76af2643c05ad34f9ed061677c7cd98393623c158272576	3850	screening-v1/batch-0483/decisions.jsonl
ca5731caf5dbb937b2052a49bd6f81f90ac949d6374326ce9c8cf58f6eb820f4	83	screening-v1/batch-0483/final.txt
43499aa3da08ea6db3efcb566f2a8c092a573199df6e77de21a229a9741d9e42	43902	screening-v1/batch-0483/input.md
0861583a9d78b25217b127e7e7191fbc6d1af22ae169a7ed6ba1066e082c0c10	450	screening-v1/batch-0483/run.json
e3b0c44298fc1c149afbf4c8996fb92427ae41e4649b934ca495991b7852b855	0	screening-v1/batch-0483/stderr.txt
d2c78a545e32f0911bd2c76dbdd83468b9a3b1be5d9b9cce350f43402b49ed18	86	screening-v1/batch-0483/submit_screening
9c2a79c3f5c94f0b91b8a06d9673703cc8b67a9f79a21209af0b0af264b20d3e	9067	screening-v1/batch-0483/trace.jsonl
ff3a32f479ce721b2df891bc83f896621e72649c0d117feb927bae704b30d676	5504	screening-v1/batch-0484/batch.json
dcf4ad0c083f24277142a04b7d55378a190d8d558714c027b1228ac51292d3c4	3765	screening-v1/batch-0484/decisions.jsonl
bbba3ee6cb5d7fd5d1a3d1056e846f45b1ac5a7b047632b1b30518928bb7ae96	76	screening-v1/batch-0484/final.txt
19688aaea4c66c85178358bf6ed46da3fd3d943bccc85a782b76a7bec90c9d28	44622	screening-v1/batch-0484/input.md
de54c2b1fc991f6eba01cff7fdfcaf15135f8e187fe6647f415341eca9d00d4a	450	screening-v1/batch-0484/run.json
e3b0c44298fc1c149afbf4c8996fb92427ae41e4649b934ca495991b7852b855	0	screening-v1/batch-0484/stderr.txt
d2c78a545e32f0911bd2c76dbdd83468b9a3b1be5d9b9cce350f43402b49ed18	86	screening-v1/batch-0484/submit_screening
5f68ee9c71470d9d65c80bb71bc51ed48c46f2cba409a53fc4cdb973c243adac	8885	screening-v1/batch-0484/trace.jsonl
3621fe939fa36c77e6a6959affd86e9ee3b9d2c27d15a2e64be2c466f9259e1b	5311	screening-v1/batch-0485/batch.json
0f922598e9ea2db7ecd791e42cfa4b2659006f48372409d3dafb1bace995b23a	3594	screening-v1/batch-0485/decisions.jsonl
d2d159238b775a00db4b5fd135f20b4b892ed648fd8c60ba7d65800597ada474	66	screening-v1/batch-0485/final.txt
e4f740b11d48f3ca5ba2c3d1272a5333c098265d95ec2037199033e063bc6fcd	44298	screening-v1/batch-0485/input.md
d5799dacbd3a8b41c408aa9404b5482eebebc8016d5e40dc221bb6430474684c	450	screening-v1/batch-0485/run.json
e3b0c44298fc1c149afbf4c8996fb92427ae41e4649b934ca495991b7852b855	0	screening-v1/batch-0485/stderr.txt
d2c78a545e32f0911bd2c76dbdd83468b9a3b1be5d9b9cce350f43402b49ed18	86	screening-v1/batch-0485/submit_screening
0f01c5b40c2b6526406067cea97131e4bd992dd34b7aafbb6b91e3f25bb2a65a	8203	screening-v1/batch-0485/trace.jsonl
649e8072128b98f40dc9ff352a039631aaa0eec30774eb4745e1532b4cc6b47a	5568	screening-v1/batch-0486/batch.json
adec68e476952605d93e23bec73f02be6a5a202251fe53efb99d2a691f49a758	3737	screening-v1/batch-0486/decisions.jsonl
01da75f35c59f3599b00edb2a467cb0f97025f4318d73f3506ab8416bc9e981c	83	screening-v1/batch-0486/final.txt
414188a5547094698c708b28c75c4cb6d2c9539c20547eb2d77a1ad851d19070	45670	screening-v1/batch-0486/input.md
5593890d018d003ed1a941e60e55ab094e2ed4b1de847128cb46bd8b71fba6bd	450	screening-v1/batch-0486/run.json
e3b0c44298fc1c149afbf4c8996fb92427ae41e4649b934ca495991b7852b855	0	screening-v1/batch-0486/stderr.txt
d2c78a545e32f0911bd2c76dbdd83468b9a3b1be5d9b9cce350f43402b49ed18	86	screening-v1/batch-0486/submit_screening
d331ac073f194d24fdee96909b1f46d42866bad71daff6c2397a8caf6e6655bb	8519	screening-v1/batch-0486/trace.jsonl
519c2c943c957dfa489e9f6a9d9c3ee9afd5f5ec92a0e19c4fbdbc622a40a207	5654	screening-v1/batch-0487/batch.json
a1fff3c3cc94305cab20e89d0a2dc6a2d305df8f749d23ad94048fbe199f66a4	4289	screening-v1/batch-0487/decisions.jsonl
36dde2b7258b160d85ee16eaa355245af67075235e97a7e5c1384f2d39539b15	62	screening-v1/batch-0487/final.txt
b74f3b90bdf809e5e83a242bed6cda21bdfd103a4194c28f1cb56ba3bf4f23d5	47400	screening-v1/batch-0487/input.md
32d0622fdaee9f099798bf6365e55fee8397ae169574c76efe584d005392b2fa	450	screening-v1/batch-0487/run.json
e3b0c44298fc1c149afbf4c8996fb92427ae41e4649b934ca495991b7852b855	0	screening-v1/batch-0487/stderr.txt
d2c78a545e32f0911bd2c76dbdd83468b9a3b1be5d9b9cce350f43402b49ed18	86	screening-v1/batch-0487/submit_screening
dae9fbe50b57c9a20a16cf662bdefbc95d5f064727a22ae838fa8191f5b57851	16575	screening-v1/batch-0487/trace.jsonl
522a7b48342780ff123d24afc9e7088f741431cc43504407a965845c014fdc6e	5670	screening-v1/batch-0488/batch.json
84d0420a7bda63bd4479d879a12268aa92b8176426a3b1a1ef58e1ca19b0cb09	3263	screening-v1/batch-0488/decisions.jsonl
67e1405cca3676492de054f7a4efaab8b1b443f6ee82a04a74b4d9d782548c5d	89	screening-v1/batch-0488/final.txt
20bee9e9aabbe1fe129553a9cb0a107ddec154060e4bb960132f01766dd04f68	41388	screening-v1/batch-0488/input.md
7f11f2f70ac3715902aeafc9595302f2d121f89eb7833cb0ee34ca715863ed8e	450	screening-v1/batch-0488/run.json
e3b0c44298fc1c149afbf4c8996fb92427ae41e4649b934ca495991b7852b855	0	screening-v1/batch-0488/stderr.txt
d2c78a545e32f0911bd2c76dbdd83468b9a3b1be5d9b9cce350f43402b49ed18	86	screening-v1/batch-0488/submit_screening
339a84d346caf80d94a2c5bd7618129bd1d2febbf2ede1b707a23b4bac0e04f4	7886	screening-v1/batch-0488/trace.jsonl
3de81be73e4698fae12dd609dac61f9e71b5328141cbaf20241bc10cdbeccbb8	5712	screening-v1/batch-0489/batch.json
69f346443701c3e847fe2b14ed2393966eff0967ce40a610a4f22a58640bdf24	3638	screening-v1/batch-0489/decisions.jsonl
f5a27266bb0910fca907b1904c09287ce68e0dea75d743f62b73c5523e7b30c0	83	screening-v1/batch-0489/final.txt
e94cb21dab0cc8579ce389042cf04f5d27eae6f340da818be97ea99ff6ddc8d5	46016	screening-v1/batch-0489/input.md
f41da6bebe443d3d48aa6ff1c6b00e8e33ce27fe3d82515ffa9179ff7dca500e	450	screening-v1/batch-0489/run.json
e3b0c44298fc1c149afbf4c8996fb92427ae41e4649b934ca495991b7852b855	0	screening-v1/batch-0489/stderr.txt
d2c78a545e32f0911bd2c76dbdd83468b9a3b1be5d9b9cce350f43402b49ed18	86	screening-v1/batch-0489/submit_screening
80f9c7fb20b4fd60aa72bdb9d40e848e03bcf43edca62d2c01a1888d33a84bcf	8466	screening-v1/batch-0489/trace.jsonl
d82091117371b66141e2f4165951ae5c153dbbf55b0dde75a1a54878820ab519	5751	screening-v1/batch-0490/batch.json
6dabab66163a340fef5b8ce0ad194998f1e0fcd79b417756a7ecec049d216f6a	3456	screening-v1/batch-0490/decisions.jsonl
8a7293b3e7626cd6aa853d9ed083ee9ac12aee8e8dbf625ca4913d6a3f7f61fa	83	screening-v1/batch-0490/final.txt
ee14c9bd719b1ed805043fd9c16367620eb75de1ad4c00197cf6eb11b5dfe118	48872	screening-v1/batch-0490/input.md
02eb204e5c8662adb9489875d08ccbf5ac5eb279ac3d149633f5915f513db293	450	screening-v1/batch-0490/run.json
e3b0c44298fc1c149afbf4c8996fb92427ae41e4649b934ca495991b7852b855	0	screening-v1/batch-0490/stderr.txt
d2c78a545e32f0911bd2c76dbdd83468b9a3b1be5d9b9cce350f43402b49ed18	86	screening-v1/batch-0490/submit_screening
0e8ccf1c833320b6c211912fab216d58d6179794cbcca591d3f0f7d8bdc10f55	8397	screening-v1/batch-0490/trace.jsonl
e2e7382eadf8e2949477384087c46870af211f634ff7d6dc3b59d5edfdd59664	5151	screening-v1/batch-0491/batch.json
227f6d878a3b6273a66cea9f9560bf69210784b03495fe8b2431d560bdb43a0c	3894	screening-v1/batch-0491/decisions.jsonl
7fa19e845ff9242c099dfff279c92264365f1219c978e1002bb78d9686a8c086	63	screening-v1/batch-0491/final.txt
142ba768cd8513939c9d93c43d69b7d4ddbce88e2f86bc868df77ee46fa9474d	44333	screening-v1/batch-0491/input.md
fc319c9f9ac5503fe737265610abd2eacd279edfad4889d92935717299d349e0	450	screening-v1/batch-0491/run.json
e3b0c44298fc1c149afbf4c8996fb92427ae41e4649b934ca495991b7852b855	0	screening-v1/batch-0491/stderr.txt
d2c78a545e32f0911bd2c76dbdd83468b9a3b1be5d9b9cce350f43402b49ed18	86	screening-v1/batch-0491/submit_screening
fa5ff0de7274ab1ee1d2dd6d692df8a9fc13acf4e9beaea287e1e87399b68418	8830	screening-v1/batch-0491/trace.jsonl
16ddf0201a0bbfed99ebc3c821ba7ac80dfbf24645b6274c435fca06a60a1b01	5678	screening-v1/batch-0492/batch.json
438ce06f943512149f8aff8b2a0e9200086ad5b3189d824ac8310f9be20d493c	3871	screening-v1/batch-0492/decisions.jsonl
67e1405cca3676492de054f7a4efaab8b1b443f6ee82a04a74b4d9d782548c5d	89	screening-v1/batch-0492/final.txt
074a85a319125d8c4600e7de4369d36907ec5039d7a8d17950f0f48cb6326bd5	44211	screening-v1/batch-0492/input.md
c6918b315ff636bd173b3f4ec9792ab5e30bb448fa1ffe130fda5f547298ac3b	450	screening-v1/batch-0492/run.json
e3b0c44298fc1c149afbf4c8996fb92427ae41e4649b934ca495991b7852b855	0	screening-v1/batch-0492/stderr.txt
d2c78a545e32f0911bd2c76dbdd83468b9a3b1be5d9b9cce350f43402b49ed18	86	screening-v1/batch-0492/submit_screening
8bcb9cfc47e1cc80488a0da25caeff59dd39e66dc1f540cdd9ec152331349782	8970	screening-v1/batch-0492/trace.jsonl
5d159b5f3487ae3b7acab2688cd0ef881731ff68f0c97cccfa28440692338a23	5539	screening-v1/batch-0493/batch.json
18708aa3cf90f140705691cf1e233bab3df250e74f524353a45746e8da28ad2d	3614	screening-v1/batch-0493/decisions.jsonl
23a75b1ba4f65b54f62e596d1d6cdcf5f10199bb7d17da6ac2a15905a894247e	78	screening-v1/batch-0493/final.txt
bc3d94dd1e5db27517d449c6545dfcea771d4decf4e0295b3980140f02a97c03	43128	screening-v1/batch-0493/input.md
672f5f1bf4738c7fd5507df3030df104bd4d9f25e4a3d144a7759a8ddb03f52d	450	screening-v1/batch-0493/run.json
e3b0c44298fc1c149afbf4c8996fb92427ae41e4649b934ca495991b7852b855	0	screening-v1/batch-0493/stderr.txt
d2c78a545e32f0911bd2c76dbdd83468b9a3b1be5d9b9cce350f43402b49ed18	86	screening-v1/batch-0493/submit_screening
5958c8d80959fadd53c103ce40d322cf534dd8da8e63a2d93bbf900a50bb0603	8591	screening-v1/batch-0493/trace.jsonl
f3d78b1f1daacfa4adc95bedfca0d7c11922a12f4bb2faa0c19e02540dcc30b8	5270	screening-v1/batch-0494/batch.json
c047577f3ebbcf21da38bfcd8afb8c98d5e15f849e47e5890b428afa5b23f84d	3983	screening-v1/batch-0494/decisions.jsonl
06c8a354437ec1e2a18c694d64366c99c1abe3674e810e8e610a5c7cbe15ed5d	44	screening-v1/batch-0494/final.txt
e03a4bae92b78e9441608b3818da4ba198bdc8581269dbda1040cc346f37bf7d	46291	screening-v1/batch-0494/input.md
5ef0d92bd4981c97a7f5b93ea1bb7698bc6132e8882308e51714be48c0a39b36	450	screening-v1/batch-0494/run.json
e3b0c44298fc1c149afbf4c8996fb92427ae41e4649b934ca495991b7852b855	0	screening-v1/batch-0494/stderr.txt
d2c78a545e32f0911bd2c76dbdd83468b9a3b1be5d9b9cce350f43402b49ed18	86	screening-v1/batch-0494/submit_screening
4959037aa3bdcf54cc54bfd4cd069a75389d116e0c7055bbfb92fe394b21604e	9271	screening-v1/batch-0494/trace.jsonl
51c097894f18d0dfc344323a840dacddf8095efd3f8a0cc820f656c61871e0e1	5656	screening-v1/batch-0495/batch.json
3641a8d9a281010e90a8090e64f1b6cacdba0cfb34fc9398bacb984b370561ee	3825	screening-v1/batch-0495/decisions.jsonl
057665454462b2baea8696ca9e229efd1855cef45a68f2d94ef320623d7dceca	79	screening-v1/batch-0495/final.txt
5de860cc2d89bfc4d3edb35f0a9a5c54d66d10d758d98651f46134c29505d707	47656	screening-v1/batch-0495/input.md
a2dd903bbf15342073cf08bae330a99f71c285c1da7d3959645bf40eb6349940	450	screening-v1/batch-0495/run.json
e3b0c44298fc1c149afbf4c8996fb92427ae41e4649b934ca495991b7852b855	0	screening-v1/batch-0495/stderr.txt
d2c78a545e32f0911bd2c76dbdd83468b9a3b1be5d9b9cce350f43402b49ed18	86	screening-v1/batch-0495/submit_screening
0fdbca526ba230d49155edde84187a5642fdd92d282d833c5535280951a8ea8e	8702	screening-v1/batch-0495/trace.jsonl
2d80bf41a42eb891e0123be4c0aae85d17826bce4e5b54d8911755d14b2bbf53	5734	screening-v1/batch-0496/batch.json
0398ec0726b59d64c0ce3089ba4384f0565ae5b8623c124a2c9a134ed1fdf475	3430	screening-v1/batch-0496/decisions.jsonl
12bfc04b481060e14e256636c30ee7d70d6d1060b4debc9519c541a6666ade00	55	screening-v1/batch-0496/final.txt
f461642866737e39ce208e68f58ee7fadfe9a108b81928546ab8b4e276e906cb	40358	screening-v1/batch-0496/input.md
b32427f1ad8e433dfa13b8c1729df121937382b624e66faccedb304bfd6fc34f	450	screening-v1/batch-0496/run.json
e3b0c44298fc1c149afbf4c8996fb92427ae41e4649b934ca495991b7852b855	0	screening-v1/batch-0496/stderr.txt
d2c78a545e32f0911bd2c76dbdd83468b9a3b1be5d9b9cce350f43402b49ed18	86	screening-v1/batch-0496/submit_screening
66c22cbdabcade1d449958202fd61a20562e988cc8f22d5b7c1ccd6e12e5b105	7869	screening-v1/batch-0496/trace.jsonl
4c7d95d412bbb018309bc282c43fa145830acc92171a78c2692506760076dc43	5207	screening-v1/batch-0497/batch.json
b83329a19af22f6436e3f3d85f5518102da1de1389beb29c839e5c53ef1938e6	3471	screening-v1/batch-0497/decisions.jsonl
23a75b1ba4f65b54f62e596d1d6cdcf5f10199bb7d17da6ac2a15905a894247e	78	screening-v1/batch-0497/final.txt
fcc549271f62a11b0262df49e3c561e8bcda932893b3e2d01e1da73e7ad92a7c	46726	screening-v1/batch-0497/input.md
e778c4ad041bc0a0aaf8fa70e3c8230ec197848a801afa06aacd2447c196e85a	450	screening-v1/batch-0497/run.json
e3b0c44298fc1c149afbf4c8996fb92427ae41e4649b934ca495991b7852b855	0	screening-v1/batch-0497/stderr.txt
d2c78a545e32f0911bd2c76dbdd83468b9a3b1be5d9b9cce350f43402b49ed18	86	screening-v1/batch-0497/submit_screening
b4ec9155c27cb1fc7fc5c8736b0802cd4801053f8b03a6d8333c81be8a43ad1d	8287	screening-v1/batch-0497/trace.jsonl
39fb8e6cf81f1301dd1f2a8854281db6423c840ea8601a9cdbd7582e4076bc6a	5504	screening-v1/batch-0498/batch.json
0048d4c5816d81534a35f30be973d49409b67ccc49625ebd4c16e161672e7766	3816	screening-v1/batch-0498/decisions.jsonl
8a7293b3e7626cd6aa853d9ed083ee9ac12aee8e8dbf625ca4913d6a3f7f61fa	83	screening-v1/batch-0498/final.txt
0a2e0defa0313b870cc201e1cc08d7b602577557025a727f1b06a7c43eb026ab	46460	screening-v1/batch-0498/input.md
65ba10c9ec3010e3f2ff02a2b7b64cc85cd9fef4480d8c37ed880ef68f3a704c	450	screening-v1/batch-0498/run.json
e3b0c44298fc1c149afbf4c8996fb92427ae41e4649b934ca495991b7852b855	0	screening-v1/batch-0498/stderr.txt
d2c78a545e32f0911bd2c76dbdd83468b9a3b1be5d9b9cce350f43402b49ed18	86	screening-v1/batch-0498/submit_screening
e2ca04d83cc63139ae7d544584e34e027ce1363e8011aed6bc5bc25a763c3fc0	8406	screening-v1/batch-0498/trace.jsonl
8828a4021d23004ec4d72a3b3e7152087b4cc0a87af3039ce91e2c591d46e2eb	5470	screening-v1/batch-0499/batch.json
ce09c0ba9e484fcc18b553cb426b006cbe0e36112c4f28ef837f92b85d78309b	3515	screening-v1/batch-0499/decisions.jsonl
10c13dd792db47e3f734191e7ad1448641908e6a3e39c39aa1c17d1d8d23f263	88	screening-v1/batch-0499/final.txt
6246920b4d7c1ef7c833f4af74859a1c66988c7bbdd9182b0492a30f8fde1f02	46458	screening-v1/batch-0499/input.md
7199c1d0978e6c0041291a44877d46503741807fc26731efbaaf45b29d51fb07	450	screening-v1/batch-0499/run.json
e3b0c44298fc1c149afbf4c8996fb92427ae41e4649b934ca495991b7852b855	0	screening-v1/batch-0499/stderr.txt
d2c78a545e32f0911bd2c76dbdd83468b9a3b1be5d9b9cce350f43402b49ed18	86	screening-v1/batch-0499/submit_screening
a0c913a495788a207b04944a4e16466fbdf76efcf6ba08e09a1c735c2f6e3d40	8419	screening-v1/batch-0499/trace.jsonl
f47b4b31248d722b7d03cb61702c789e559186d64686209f6cca3af6fa9afee1	5366	screening-v1/batch-0500/batch.json
0c4330bee90e82c7866192ea9f52ef1ee24d110d17bacfc0a55f0493d66304d5	3415	screening-v1/batch-0500/decisions.jsonl
23a75b1ba4f65b54f62e596d1d6cdcf5f10199bb7d17da6ac2a15905a894247e	78	screening-v1/batch-0500/final.txt
488b38eb30bb699c51b3e09e43f071ae2a925b7bf4a43f8bd8ba9e7a6e50eab5	46491	screening-v1/batch-0500/input.md
b485cfc4c98801de9ec1df024707642fd14c9df06b236c5b74d336a93e0c124e	450	screening-v1/batch-0500/run.json
e3b0c44298fc1c149afbf4c8996fb92427ae41e4649b934ca495991b7852b855	0	screening-v1/batch-0500/stderr.txt
d2c78a545e32f0911bd2c76dbdd83468b9a3b1be5d9b9cce350f43402b49ed18	86	screening-v1/batch-0500/submit_screening
4022ff49154ae68d03544060356953d527d3a809e4d7a8701eab3bf1e4414bbf	14182	screening-v1/batch-0500/trace.jsonl
da90c49745d1d14528110400efc76d922a1f23a4cc1145b711e728cb6d613114	5585	screening-v1/batch-0501/batch.json
9403986c49ce5bb1b88ac791d9c0f9135f3009ca806ee780e33e07ed16b5f011	3572	screening-v1/batch-0501/decisions.jsonl
ca5731caf5dbb937b2052a49bd6f81f90ac949d6374326ce9c8cf58f6eb820f4	83	screening-v1/batch-0501/final.txt
55d34ebabef050cd5bc2b0a5d71e24cc24969e563306d48afd7c4be916e4682f	43689	screening-v1/batch-0501/input.md
b8b6d70efe91cbd5bb49f13fc8f7f3c05e8c5fddfd6c53e495975b01952b5679	450	screening-v1/batch-0501/run.json
e3b0c44298fc1c149afbf4c8996fb92427ae41e4649b934ca495991b7852b855	0	screening-v1/batch-0501/stderr.txt
d2c78a545e32f0911bd2c76dbdd83468b9a3b1be5d9b9cce350f43402b49ed18	86	screening-v1/batch-0501/submit_screening
774b4a3ad316edda2eefe3ef192ddae3215d49c3f8d4458fd3e63192f5cc14a5	8026	screening-v1/batch-0501/trace.jsonl
aff112e919e21db3c8459e5ef41fbc783bef73361c15bf3536eac9bf6ded58d4	5663	screening-v1/batch-0502/batch.json
5774ce3218254542f2c0319b526f307976809af4cbb12723e34dd6188fa74c84	3685	screening-v1/batch-0502/decisions.jsonl
cf0c22cb98a8d7b0198b01c6418fa27c48963c506029294b047c29cbac487a69	77	screening-v1/batch-0502/final.txt
d80a71c362f7c5cbe897ddb347e7daf8b2e746df6a2e9aa214e611d1f9ab7ec2	42530	screening-v1/batch-0502/input.md
383279f984b3f29000d0cab504d34dbbeb3d01c2da18ab3325684c70f28bf4ad	450	screening-v1/batch-0502/run.json
e3b0c44298fc1c149afbf4c8996fb92427ae41e4649b934ca495991b7852b855	0	screening-v1/batch-0502/stderr.txt
d2c78a545e32f0911bd2c76dbdd83468b9a3b1be5d9b9cce350f43402b49ed18	86	screening-v1/batch-0502/submit_screening
c01271781370c95f58baf0666976b6bf64db97f253626ea8d63d9f64d93e467e	8725	screening-v1/batch-0502/trace.jsonl
1c86e60b7d80d36eb5097d0453736048f0d8178539ab71e2ff6d827baa63ca39	5532	screening-v1/batch-0503/batch.json
8a413d95722e792f63a2f8c3b4d528d35deecf9c81475357dc456318f99535e6	3858	screening-v1/batch-0503/decisions.jsonl
38e1c967707a6e5e63786288af937d1ecbc9ec8049257d86abb412c71b124227	65	screening-v1/batch-0503/final.txt
6720643f2294debb78239eb461b72f1dad0cff396a63a0dfb419f8a77ff2dc3e	44880	screening-v1/batch-0503/input.md
da1e09415d05d8275beb5d5d4717d045db3cc6ae78866df6a2d0a059a0f6f8dc	450	screening-v1/batch-0503/run.json
e3b0c44298fc1c149afbf4c8996fb92427ae41e4649b934ca495991b7852b855	0	screening-v1/batch-0503/stderr.txt
d2c78a545e32f0911bd2c76dbdd83468b9a3b1be5d9b9cce350f43402b49ed18	86	screening-v1/batch-0503/submit_screening
8e330cce20642f2d17c4a14a3b7c405fa28c5f8802c63b2df5e69a267ac9b600	8889	screening-v1/batch-0503/trace.jsonl
9475e1f66d22a76a13ee5050366e860f8b44b30369ec4e0607fb8a635dc05092	5374	screening-v1/batch-0504/batch.json
7140c4c11e7d55ec84f621e7aab4fe150d9c62cc5c8627ca3c55fbfebcf75e12	3601	screening-v1/batch-0504/decisions.jsonl
6824e4acfd0c951221fbb12f834a1008062d205af70fb4ce9aa62434b59ac897	64	screening-v1/batch-0504/final.txt
b0b1d17764cb62555ac7ad2b19fd81d07f071d0985618a36f8b643e41b0e79f0	44368	screening-v1/batch-0504/input.md
bd6ba9e16a549c754cb61925b43c13e34bd26c9715f64bfe40ad94f6817dda7d	450	screening-v1/batch-0504/run.json
e3b0c44298fc1c149afbf4c8996fb92427ae41e4649b934ca495991b7852b855	0	screening-v1/batch-0504/stderr.txt
d2c78a545e32f0911bd2c76dbdd83468b9a3b1be5d9b9cce350f43402b49ed18	86	screening-v1/batch-0504/submit_screening
75d0b27159d62504b14a5aa5ac48b246fc4eb69b2b6f9613fa07bf973abc6a94	8060	screening-v1/batch-0504/trace.jsonl
0feb6498b3aba2af009473407fc5877896fda4dd3e5292d7f1645daa97fc3c09	5232	screening-v1/batch-0505/batch.json
95a0315d63869b044bda1343ad8897703864e5638b9bb9778a7044da145f97e0	3627	screening-v1/batch-0505/decisions.jsonl
8a7293b3e7626cd6aa853d9ed083ee9ac12aee8e8dbf625ca4913d6a3f7f61fa	83	screening-v1/batch-0505/final.txt
fd66a082ddacf1a1df16df481008758f7f55e0cabb678bd0226742d714f51d3e	45543	screening-v1/batch-0505/input.md
f010a7c113f60c543eeb736fe2b55b9593d80b2405443de0763b54efa4ca75ae	450	screening-v1/batch-0505/run.json
e3b0c44298fc1c149afbf4c8996fb92427ae41e4649b934ca495991b7852b855	0	screening-v1/batch-0505/stderr.txt
d2c78a545e32f0911bd2c76dbdd83468b9a3b1be5d9b9cce350f43402b49ed18	86	screening-v1/batch-0505/submit_screening
369268f8b7ce4c496b3304b3bfaac2089c02b1c974dca02f0621e37e1b657e43	8119	screening-v1/batch-0505/trace.jsonl
9daf6c7c405b8f7c58283a1267a6d90bc4bd14b44c9804aa763e3abbb2195525	5397	screening-v1/batch-0506/batch.json
d40d58c26980f5e1ca46332ac73c04cb19c70df65e709b4f7e5805a72f057d59	3529	screening-v1/batch-0506/decisions.jsonl
492c12f1cd05ca3e0ab5327c8fc0ad620f7a93ad4c1c746da54da955a8add1fb	74	screening-v1/batch-0506/final.txt
8f0103bdb47490a4735eeaa3608039d899fdd2e51c2a97991b71a39ec9300246	46283	screening-v1/batch-0506/input.md
83b5825287bf1858df2416f994348301fb1bb15fccccb87454e12be9a3c7d5f1	450	screening-v1/batch-0506/run.json
e3b0c44298fc1c149afbf4c8996fb92427ae41e4649b934ca495991b7852b855	0	screening-v1/batch-0506/stderr.txt
d2c78a545e32f0911bd2c76dbdd83468b9a3b1be5d9b9cce350f43402b49ed18	86	screening-v1/batch-0506/submit_screening
b78e04405b3e4345d7aee6dacec8ffd2fbf39678bfedf109dc81589f39911a1c	9142	screening-v1/batch-0506/trace.jsonl
6750595986aad81aa48956b7264e9f0f777ea17ac630ec4900d3e60be076dfae	5870	screening-v1/batch-0507/batch.json
b7ad751a5db02ab696d1ec3a434b7024d8826e6eb821a1d8773fe33afd0bbabd	3361	screening-v1/batch-0507/decisions.jsonl
cf0c22cb98a8d7b0198b01c6418fa27c48963c506029294b047c29cbac487a69	77	screening-v1/batch-0507/final.txt
7a77b14e1e0e662ab5d882ddfd14eb3956c051bf539847a3030c060dca62b42c	41683	screening-v1/batch-0507/input.md
3daaa816e85526939339c31f5fe1ce285451f9a1a25bf8647f206da8f7e87cfc	450	screening-v1/batch-0507/run.json
e3b0c44298fc1c149afbf4c8996fb92427ae41e4649b934ca495991b7852b855	0	screening-v1/batch-0507/stderr.txt
d2c78a545e32f0911bd2c76dbdd83468b9a3b1be5d9b9cce350f43402b49ed18	86	screening-v1/batch-0507/submit_screening
761889ca2ca29419e931426d2863dbde966dbeaf109312f34a77937927e7cad8	8070	screening-v1/batch-0507/trace.jsonl
6d922bf1c9254ab99e389ec96541cf36169f28b54342e213fde5f38a4d34cb23	5516	screening-v1/batch-0508/batch.json
b2bef3e1d990176c43e766f174a47d56dd9dcb7fd4837795ce11ae82e95f116d	3823	screening-v1/batch-0508/decisions.jsonl
d7da3a0e78e764d2fcdc93fd2db39c83ebb4d2aa6a176a5e62df806a8badb9a3	85	screening-v1/batch-0508/final.txt
1f499efb45994fbf5552e26acf652731de73e05e735eae6b4c7db9b4550b19c9	45464	screening-v1/batch-0508/input.md
af9b22f486a8e8ef2101af5199e46fe8b480c390a563708250903a1d1db20309	450	screening-v1/batch-0508/run.json
e3b0c44298fc1c149afbf4c8996fb92427ae41e4649b934ca495991b7852b855	0	screening-v1/batch-0508/stderr.txt
d2c78a545e32f0911bd2c76dbdd83468b9a3b1be5d9b9cce350f43402b49ed18	86	screening-v1/batch-0508/submit_screening
874832e8cbc8ab7fdbb49d0033e47fa67734528f0950bee988262b35b8cde150	8452	screening-v1/batch-0508/trace.jsonl
f747339999f44a56421e4b6c77abc72f1091b5ad6f513d1ac52941f958b14db9	5484	screening-v1/batch-0509/batch.json
5dcc473a953439494263594c6442007aef8aae8e96a09a7dc67b994dc195bfb8	4250	screening-v1/batch-0509/decisions.jsonl
3d0a364f0963b4b9ab16a9085adb9cae90888b0a0e0c7d603af753e5cd0fe79d	89	screening-v1/batch-0509/final.txt
e12e5f08823c48c9d84f921d54918a9ba034121978d7980aaa798dd4cd89482f	44432	screening-v1/batch-0509/input.md
ddf5627ac8ac33aced3e9269b7d90098f8037ce2a855edaf29d5bbf43c9401cc	450	screening-v1/batch-0509/run.json
e3b0c44298fc1c149afbf4c8996fb92427ae41e4649b934ca495991b7852b855	0	screening-v1/batch-0509/stderr.txt
d2c78a545e32f0911bd2c76dbdd83468b9a3b1be5d9b9cce350f43402b49ed18	86	screening-v1/batch-0509/submit_screening
0fb603a1e1856b44e11aea81a6d318529950ddee2c65e7e5767a3d6844560fad	9856	screening-v1/batch-0509/trace.jsonl
014c1211b569b777c039fe7d9a95a9975be0276094abf03ece26d626f37a328f	5098	screening-v1/batch-0510/batch.json
8f6d9c85778c9c92a833b23f3d3ce2e50dd22943a66d59d4218be64d607b6c29	3445	screening-v1/batch-0510/decisions.jsonl
12bfc04b481060e14e256636c30ee7d70d6d1060b4debc9519c541a6666ade00	55	screening-v1/batch-0510/final.txt
4810c41768248387afb332fb9d4ded0d3ecb03ece2e9927c46eb47c46ab22a64	45046	screening-v1/batch-0510/input.md
a82f7f4c542fbd9defbb8e989f2a9f58a9084a30a1928fff375e690f484c2929	450	screening-v1/batch-0510/run.json
e3b0c44298fc1c149afbf4c8996fb92427ae41e4649b934ca495991b7852b855	0	screening-v1/batch-0510/stderr.txt
d2c78a545e32f0911bd2c76dbdd83468b9a3b1be5d9b9cce350f43402b49ed18	86	screening-v1/batch-0510/submit_screening
ad6fcac4d4f081888a9c129d6b56b80f2f9d898d62521621b4e49ea7b766f455	14218	screening-v1/batch-0510/trace.jsonl
98db598891491ea57974915c6e99ecd4ba3ee7cf3e7e22e825a050994c07b0db	5706	screening-v1/batch-0511/batch.json
9c6f1451e9f73e946bf5f81f09d4df613409165a0ed53b46f3e0c73bae2b520b	3598	screening-v1/batch-0511/decisions.jsonl
12bfc04b481060e14e256636c30ee7d70d6d1060b4debc9519c541a6666ade00	55	screening-v1/batch-0511/final.txt
8a4a3d78f1c2430e21a7a4f86a996097e396c7bc478175a747cd66d81de86a6f	43437	screening-v1/batch-0511/input.md
100d4dd0cf19ee7eb1a677a2f6b1d907f3126a9c564686953510f3eee6a96867	450	screening-v1/batch-0511/run.json
e3b0c44298fc1c149afbf4c8996fb92427ae41e4649b934ca495991b7852b855	0	screening-v1/batch-0511/stderr.txt
d2c78a545e32f0911bd2c76dbdd83468b9a3b1be5d9b9cce350f43402b49ed18	86	screening-v1/batch-0511/submit_screening
50d0c84ca861100e2edbf9dce8c6e2f7d9cc3e4b6419ef3b892b649968381d84	8519	screening-v1/batch-0511/trace.jsonl
596a0a622b826b5bd3e1a3316d23c8ab09cb3ed64d003fab4487fc04a3679aab	5538	screening-v1/batch-0512/batch.json
c19cdc2de5a28ddf11d300d2bee1c90eb53352751cdaeefab517f44c806b8794	3836	screening-v1/batch-0512/decisions.jsonl
67e1405cca3676492de054f7a4efaab8b1b443f6ee82a04a74b4d9d782548c5d	89	screening-v1/batch-0512/final.txt
c1d5480405130ec769757de3b7dbf8729579b840adac935b97cb05fe95b19bca	41989	screening-v1/batch-0512/input.md
feed1f873de7fd294c4cdbdb9d075e5c428df56ee5f7e0de543eae45ac550d32	450	screening-v1/batch-0512/run.json
e3b0c44298fc1c149afbf4c8996fb92427ae41e4649b934ca495991b7852b855	0	screening-v1/batch-0512/stderr.txt
d2c78a545e32f0911bd2c76dbdd83468b9a3b1be5d9b9cce350f43402b49ed18	86	screening-v1/batch-0512/submit_screening
075c65fb04964153a0b249cf910e75675adc606f4fcfa9f60111991d5e133f27	15068	screening-v1/batch-0512/trace.jsonl
56061284e5c245ea98648f72fc628235dd10d078d68358ed392062fd32d1a378	5575	screening-v1/batch-0513/batch.json
a75863342835bea75c7ffca555113b7530c3d9f836475039803246a25709beb5	3531	screening-v1/batch-0513/decisions.jsonl
41c4f07a292062af7f979ee89f187936c09df5016404945200e28af0fe8dc0e3	67	screening-v1/batch-0513/final.txt
6b09072d336731bbaa20b307f6a6e12084dc0b82a92c314e0baa1ec8f80dd492	44522	screening-v1/batch-0513/input.md
95b8694280dcb618c411b6656502163c9fe4f291c3355c66415b977e107b55b1	450	screening-v1/batch-0513/run.json
e3b0c44298fc1c149afbf4c8996fb92427ae41e4649b934ca495991b7852b855	0	screening-v1/batch-0513/stderr.txt
d2c78a545e32f0911bd2c76dbdd83468b9a3b1be5d9b9cce350f43402b49ed18	86	screening-v1/batch-0513/submit_screening
57708d37d8b799269d78209b5387cafc8b99e83fd586f446f2aef4a206b903dc	7845	screening-v1/batch-0513/trace.jsonl
678ac0bca08e3cabc05b6fdfe064970db8ee2583c298e928b2de124e7717e44b	5531	screening-v1/batch-0514/batch.json
4aba3393522c86d486760d8279436a0adc0b9552963b82b8ffd9c333123c73f3	3735	screening-v1/batch-0514/decisions.jsonl
660c77ce3be670bd3345dfa8e90ef6a08eb10783dc93c444ecbf5de0cbecd144	73	screening-v1/batch-0514/final.txt
1f0ee89e957152d428d778bbb6c8b35e107d48849573f359fc48eb3ad5983cfb	46864	screening-v1/batch-0514/input.md
9828ec28e75a8687bcb9923fca908aeaa937b288708070a673dd7c2fd70a7907	450	screening-v1/batch-0514/run.json
e3b0c44298fc1c149afbf4c8996fb92427ae41e4649b934ca495991b7852b855	0	screening-v1/batch-0514/stderr.txt
d2c78a545e32f0911bd2c76dbdd83468b9a3b1be5d9b9cce350f43402b49ed18	86	screening-v1/batch-0514/submit_screening
79a26676eaeec6a92cabf7336e4cc3221e0a8e75f2c9a144f270c0c70698ebdb	8657	screening-v1/batch-0514/trace.jsonl
d5d44a5782c7ec2120652e415889e555cac3788b70959a9127cd2be285020884	5503	screening-v1/batch-0515/batch.json
eca804e22c81f6a369ae75245b5950969fe7d50a448dd83d9879b5e1c1f187a2	3597	screening-v1/batch-0515/decisions.jsonl
0887b8646de2525941e76970d4be92dc9e4159f758e803b539b98c7395dfb0b6	78	screening-v1/batch-0515/final.txt
a11543075cba25f34aecb907716836316094ea6e3893777c7309c76df55aa532	43044	screening-v1/batch-0515/input.md
92757f50b03e2a6d984023e8a6e4cae37b20119547c678c41befc79f1526a1aa	450	screening-v1/batch-0515/run.json
e3b0c44298fc1c149afbf4c8996fb92427ae41e4649b934ca495991b7852b855	0	screening-v1/batch-0515/stderr.txt
d2c78a545e32f0911bd2c76dbdd83468b9a3b1be5d9b9cce350f43402b49ed18	86	screening-v1/batch-0515/submit_screening
2cd4b81275461572e0cd937447c16365db0bf1afc20e85c8625c76f468bdb0cd	8229	screening-v1/batch-0515/trace.jsonl
fc9c9aeb74a2c968b40f6b4ee59d322db18f57f88376173309db0f088f64a301	5389	screening-v1/batch-0516/batch.json
71cf083ff187372c9002ab05cd281d8b5d4cd98dca0b17eb446a7e0b8ac550d4	3656	screening-v1/batch-0516/decisions.jsonl
b8c44f6fdf21bc697005fcc1356e064ff29fb23749313057287d5419e21f5a00	82	screening-v1/batch-0516/final.txt
9de18f8dd53098445f95fe7174e37f4cbf53aa65a86baf45abdcf595c3dba274	46777	screening-v1/batch-0516/input.md
0db9e84d34a2421f98b07a54176e7607feecac99bb505f172bd80e3b0b8ce758	450	screening-v1/batch-0516/run.json
e3b0c44298fc1c149afbf4c8996fb92427ae41e4649b934ca495991b7852b855	0	screening-v1/batch-0516/stderr.txt
d2c78a545e32f0911bd2c76dbdd83468b9a3b1be5d9b9cce350f43402b49ed18	86	screening-v1/batch-0516/submit_screening
9df4664330842343c6682d13e0b179bccf50474e37e70eb0486ef0f441963e80	14642	screening-v1/batch-0516/trace.jsonl
822034a4c523c2ca94d30dfa26fe6a7b0e54a0ff45e90be3188e253b3b6122af	5480	screening-v1/batch-0517/batch.json
d5eb254c29a69ab74b975c73017edf2b8312c449b2beb473c2f6699829c07aab	3559	screening-v1/batch-0517/decisions.jsonl
8363b9f1f335db3f8d1283d05dd60734590341d1381a0816ebf7eabe658923be	76	screening-v1/batch-0517/final.txt
6ccb72ec416211559f08af7e9bdc87d09484b125590052fb51b5a17141c60798	46789	screening-v1/batch-0517/input.md
ce71c6254646ab34f3e09a25ebdef680c112f2942d683a2cda8c2b9079194ba6	450	screening-v1/batch-0517/run.json
e3b0c44298fc1c149afbf4c8996fb92427ae41e4649b934ca495991b7852b855	0	screening-v1/batch-0517/stderr.txt
d2c78a545e32f0911bd2c76dbdd83468b9a3b1be5d9b9cce350f43402b49ed18	86	screening-v1/batch-0517/submit_screening
3695d43a2c94612bee653c28ec8fbcbc49f301e33bc16fffa15a88c8aad32c81	8144	screening-v1/batch-0517/trace.jsonl
a0409b308771881292e63eae39762f831be7ca2998b495eec9d1a12af5fa9311	5481	screening-v1/batch-0518/batch.json
dfbb587e838c2f3c61337fee4f1669131e046a39c9b60293d308b26ff1bae036	3561	screening-v1/batch-0518/decisions.jsonl
3f4a2dc23055ece6adc8f78e51ff19879c5f4cbbba89d75be27f172f164c74f7	78	screening-v1/batch-0518/final.txt
c1b42098ccebeb129ccfd71ca5799de2b424f61bb47b6ed1c158e28b559abb2c	45451	screening-v1/batch-0518/input.md
adca9b16cfed49a76e583eaabe8f725d0c1b2ecef7b74ec341ed52115141eecc	450	screening-v1/batch-0518/run.json
e3b0c44298fc1c149afbf4c8996fb92427ae41e4649b934ca495991b7852b855	0	screening-v1/batch-0518/stderr.txt
d2c78a545e32f0911bd2c76dbdd83468b9a3b1be5d9b9cce350f43402b49ed18	86	screening-v1/batch-0518/submit_screening
b803483a41f7cea35d425c04931b7fe970435abe39dd90ec2923c73d488f6f47	14480	screening-v1/batch-0518/trace.jsonl
456b0740d7b3ecbe1747b437326f7f1146095920971a093c8f7955d5bdb6f4a1	5774	screening-v1/batch-0519/batch.json
4ef66e95e2cb675808fcd29b56a793ebd1c6d3e80a9a8acdaf58116af8c748e7	3758	screening-v1/batch-0519/decisions.jsonl
d2d159238b775a00db4b5fd135f20b4b892ed648fd8c60ba7d65800597ada474	66	screening-v1/batch-0519/final.txt
5d97d65559ba9ecd3569436424edbc44c2e5d51230186dce8c41a5672e55b4ff	45440	screening-v1/batch-0519/input.md
acff1f260f4af218dc227b4be9d082026fd24d3e8ee32a4b67dd493fd2336230	450	screening-v1/batch-0519/run.json
e3b0c44298fc1c149afbf4c8996fb92427ae41e4649b934ca495991b7852b855	0	screening-v1/batch-0519/stderr.txt
d2c78a545e32f0911bd2c76dbdd83468b9a3b1be5d9b9cce350f43402b49ed18	86	screening-v1/batch-0519/submit_screening
d234ef8e45fcc6b6d773922c081ecff7ca79f13f7fb96915b4418aa17fc18a68	8871	screening-v1/batch-0519/trace.jsonl
7171033cda7e94eeea24e9b46b89277011506f92e75f605a1ac20d685d5699fb	5892	screening-v1/batch-0520/batch.json
53175e7c90556b1ebb8b3fea54e4e77e6c2311bc8b2ab28fdafd4ea9c11b3c04	3603	screening-v1/batch-0520/decisions.jsonl
057665454462b2baea8696ca9e229efd1855cef45a68f2d94ef320623d7dceca	79	screening-v1/batch-0520/final.txt
56de84fdd287e30eeab47ed293ed2eba2cfbc7d38b61dfe96edc17b140164457	46782	screening-v1/batch-0520/input.md
dd5f6b95d56fbe567e11e750a780186b79a7492af5214c0e0fe0f7f0131c938c	450	screening-v1/batch-0520/run.json
e3b0c44298fc1c149afbf4c8996fb92427ae41e4649b934ca495991b7852b855	0	screening-v1/batch-0520/stderr.txt
d2c78a545e32f0911bd2c76dbdd83468b9a3b1be5d9b9cce350f43402b49ed18	86	screening-v1/batch-0520/submit_screening
5c8ebb71b8440c46ee45e0f39caedb3108e194ee177edc99ae95f36dc3944a8c	8093	screening-v1/batch-0520/trace.jsonl
b942c364b63c55a18319413a5c5c4351e0e10fe7349249ecad40f8b6ec97ae57	5462	screening-v1/batch-0521/batch.json
428f39bfee6654a55e2e0466c3405c29e5ae475a3360a9e61873ce47ec0869d4	3284	screening-v1/batch-0521/decisions.jsonl
c3eb5f356a60919ae36e6ac7896161b7fd9d2b732168aff45c1dbea98362f66f	71	screening-v1/batch-0521/final.txt
7d5f513f2eeeb2cf5281f3aff635b1e851a05056505541001019d0345ac162db	41213	screening-v1/batch-0521/input.md
13c1d5b66c135de2c620aafd079456e1d6e31cedb089e5e6ad9c0ae0fcb8017c	450	screening-v1/batch-0521/run.json
e3b0c44298fc1c149afbf4c8996fb92427ae41e4649b934ca495991b7852b855	0	screening-v1/batch-0521/stderr.txt
d2c78a545e32f0911bd2c76dbdd83468b9a3b1be5d9b9cce350f43402b49ed18	86	screening-v1/batch-0521/submit_screening
954a66c92904dd15f935ff83288a8e869a210b487a63c248b4581eb95cf8f76e	12080	screening-v1/batch-0521/trace.jsonl
a434729df96ec2a46b530cc45b04d93a8bc6fe493b02b3231dd4dbe162d6f1fe	5357	screening-v1/batch-0522/batch.json
934ac38deb605a24cd1e3d9356fc25a3f5df39a88fad1ac2b53fc99ccbfb3883	3633	screening-v1/batch-0522/decisions.jsonl
d2d159238b775a00db4b5fd135f20b4b892ed648fd8c60ba7d65800597ada474	66	screening-v1/batch-0522/final.txt
7630968c81c72408b3499a617b48f6f0eed8f5d8feba0880fce7847fbb7c31be	43944	screening-v1/batch-0522/input.md
015d05d8d8b01695f4e5e0aae3c9e54cdc7945755a52b3007f5669df595ae7ea	450	screening-v1/batch-0522/run.json
e3b0c44298fc1c149afbf4c8996fb92427ae41e4649b934ca495991b7852b855	0	screening-v1/batch-0522/stderr.txt
d2c78a545e32f0911bd2c76dbdd83468b9a3b1be5d9b9cce350f43402b49ed18	86	screening-v1/batch-0522/submit_screening
0a39c8a67d214b436a3183a7160ab77656fb5fefa906106ce5e30d172291bb7b	8453	screening-v1/batch-0522/trace.jsonl
59a0f4352347cd04f6428d14dd872f8896f8e84b6348c646fc785b5b5d70c5fc	5346	screening-v1/batch-0523/batch.json
9c860ca4eeb5dacd003d907b44198fa7aa9a42677076dac05d0528957d6c87bc	3623	screening-v1/batch-0523/decisions.jsonl
56d763677cd7d08d0dc0a8d8fd9c64dae43eb94e007d072df3df06501fde3983	88	screening-v1/batch-0523/final.txt
99cebf499b328c834ba5dad3745244146a81c92d485feddee0ed25cd62174364	45273	screening-v1/batch-0523/input.md
ff773c81cb49461b818c4e1d03db0828a2c1c10dac464932e81974712a77c395	450	screening-v1/batch-0523/run.json
e3b0c44298fc1c149afbf4c8996fb92427ae41e4649b934ca495991b7852b855	0	screening-v1/batch-0523/stderr.txt
d2c78a545e32f0911bd2c76dbdd83468b9a3b1be5d9b9cce350f43402b49ed18	86	screening-v1/batch-0523/submit_screening
4970f1b70edfc5f3b2b4ca36eb303825f36ae866056c5be362ae5ceb6d4e05b3	8106	screening-v1/batch-0523/trace.jsonl
15f6f720bc7eb477f887843d1c4de923920ae949cf65f6c57e28da71a2b91a48	5191	screening-v1/batch-0524/batch.json
06767ebded209a85e27009ab76f6d5aed1bd0c7b7ec5705ea04cda72a1ae62a9	3927	screening-v1/batch-0524/decisions.jsonl
a3e9c9b499170187592ce1a648caffbf205921ed424ab583bf1e142a3bfccc82	78	screening-v1/batch-0524/final.txt
dbb17f4440f2f2e5794e090efa643eb5ad9d36223d18a3832f42648da1967950	38274	screening-v1/batch-0524/input.md
be9312eef90be46b98eba206b9e5b0568a49ff5b0e30047cc401fbeba5f8c836	450	screening-v1/batch-0524/run.json
e3b0c44298fc1c149afbf4c8996fb92427ae41e4649b934ca495991b7852b855	0	screening-v1/batch-0524/stderr.txt
d2c78a545e32f0911bd2c76dbdd83468b9a3b1be5d9b9cce350f43402b49ed18	86	screening-v1/batch-0524/submit_screening
9e31c6e8610df9a95518186292a7c88b213c85d5d42bef14c95f9012cc29db6d	9284	screening-v1/batch-0524/trace.jsonl
cb7d7699db8f6b1e474cb3d3b45510893dae84d492a7057fa57b6f97e1739f81	5685	screening-v1/batch-0525/batch.json
13fe0e8f288f5f62c998bf157f393d0955ed1aeea74f8e6c0c7c3bdafdb6d01c	3640	screening-v1/batch-0525/decisions.jsonl
d8d3f566fa79885f3f0c2f869c71abc9ecdb2a116da1a9ce4ea8db8df8497254	70	screening-v1/batch-0525/final.txt
819f89464357ecb013d536821d4a513f768ca131f541e9de722b927ee85740a4	44710	screening-v1/batch-0525/input.md
31031bd1ccae9fc4510a30c9ea16a818c5ead32e4a8b15b735afd7bafaa22786	450	screening-v1/batch-0525/run.json
e3b0c44298fc1c149afbf4c8996fb92427ae41e4649b934ca495991b7852b855	0	screening-v1/batch-0525/stderr.txt
d2c78a545e32f0911bd2c76dbdd83468b9a3b1be5d9b9cce350f43402b49ed18	86	screening-v1/batch-0525/submit_screening
ecff3ffb800426644d8a8c4574136ec5c3318d7ba8dd4a509b2c38fa0e6ffbd6	8390	screening-v1/batch-0525/trace.jsonl
0eb83d2aeab8ef9d2e8d7ec71d88d66701c4ba3cda446c3aa38a1c184c446bba	5605	screening-v1/batch-0526/batch.json
f33b91b419aa66806160868fe9a35c3196980fc48f92e3ca17e00d47e7c5f0c6	3465	screening-v1/batch-0526/decisions.jsonl
12bfc04b481060e14e256636c30ee7d70d6d1060b4debc9519c541a6666ade00	55	screening-v1/batch-0526/final.txt
991f82a617213dd99a1ad4364ddf8b3800ce3152bc4581e970b6b3488951106a	40937	screening-v1/batch-0526/input.md
d9d1aa2baec0c0f5496c35fcdf0ec869e5268e1f3a5662da2a31f6d4ba0c0a37	450	screening-v1/batch-0526/run.json
e3b0c44298fc1c149afbf4c8996fb92427ae41e4649b934ca495991b7852b855	0	screening-v1/batch-0526/stderr.txt
d2c78a545e32f0911bd2c76dbdd83468b9a3b1be5d9b9cce350f43402b49ed18	86	screening-v1/batch-0526/submit_screening
f2a3ce8c67fe2f2fe694658f22051c4d7030d18a45122dae0b9541e15bd93c43	8453	screening-v1/batch-0526/trace.jsonl
4f2af13b9a3577a628180645d6abb37a5a539552b50d2ddbd635e637034734d4	5166	screening-v1/batch-0527/batch.json
521e567119c58767d881932a9b6eccffc2f5184f213e8ced8f513d32e06e934f	3505	screening-v1/batch-0527/decisions.jsonl
23a75b1ba4f65b54f62e596d1d6cdcf5f10199bb7d17da6ac2a15905a894247e	78	screening-v1/batch-0527/final.txt
5948a28e40e0fe071e1f7d77c2e3f2ba9f9014135bc8f536426caab6c2955d3d	41977	screening-v1/batch-0527/input.md
bcd423a7662e88591506cdee39e71273e3b1c70c107ce7e3716b3bc7b0178135	450	screening-v1/batch-0527/run.json
e3b0c44298fc1c149afbf4c8996fb92427ae41e4649b934ca495991b7852b855	0	screening-v1/batch-0527/stderr.txt
d2c78a545e32f0911bd2c76dbdd83468b9a3b1be5d9b9cce350f43402b49ed18	86	screening-v1/batch-0527/submit_screening
a4c4dc9d3cf995ef07c59ad9defaf23ff67b520f23ac44d604007aae670ac406	8041	screening-v1/batch-0527/trace.jsonl
c866d70393ad53830659d048b7cde0b0770da315fe379b9f4f17c21d37373939	5608	screening-v1/batch-0528/batch.json
c8ced225b74b7ebdacf682f5f93f7c7df0a1ddae556dc0635347d8b53bb7190f	3711	screening-v1/batch-0528/decisions.jsonl
1f5f780fe91e9c9665191ee828df2a8858aafc50eaf96ed298ad09afd58d1491	60	screening-v1/batch-0528/final.txt
cc84781cd6c033d854e239c6cd892630d0ab1e72233ac9116b41d8fa691f6c43	49959	screening-v1/batch-0528/input.md
114b2133de51a14af1d1c6e266066fa975b14aa5ea4dc009c20a2278a5f26a62	450	screening-v1/batch-0528/run.json
e3b0c44298fc1c149afbf4c8996fb92427ae41e4649b934ca495991b7852b855	0	screening-v1/batch-0528/stderr.txt
d2c78a545e32f0911bd2c76dbdd83468b9a3b1be5d9b9cce350f43402b49ed18	86	screening-v1/batch-0528/submit_screening
9839a08974c06582bf72963acc8b9fd51bd0d2733135294ab5df59a532e87196	7951	screening-v1/batch-0528/trace.jsonl
d883ffb4760fe31136d2dc75c2b0a43721887198c0b069f88a05a53bfc1d62b5	5295	screening-v1/batch-0529/batch.json
3ea64a6d9c846b33fed3f338bef2292e7207fec650cdd9da01a716e86985799f	3854	screening-v1/batch-0529/decisions.jsonl
3f4a2dc23055ece6adc8f78e51ff19879c5f4cbbba89d75be27f172f164c74f7	78	screening-v1/batch-0529/final.txt
059d888da1cc20f0bfbe2cbfae786ed0006860f20d5ce571c88d7c482dacc42b	44002	screening-v1/batch-0529/input.md
1fecee30b0348bf849d6e624a7b1466140f5d833d6425483d89cd7d0a04e01d8	450	screening-v1/batch-0529/run.json
e3b0c44298fc1c149afbf4c8996fb92427ae41e4649b934ca495991b7852b855	0	screening-v1/batch-0529/stderr.txt
d2c78a545e32f0911bd2c76dbdd83468b9a3b1be5d9b9cce350f43402b49ed18	86	screening-v1/batch-0529/submit_screening
be6bfa655e534a6addf790dc0848bd633033e1208b33f2468c8bd35701082fa8	8898	screening-v1/batch-0529/trace.jsonl
4c35975bf6434463eae5a76bc06794cddca8cf9c592b005eb7e51c0c38468d0b	5422	screening-v1/batch-0530/batch.json
d07849a51eec9418bd374b731b49448ccf8639519948e91452d2ce7dc2f77942	3592	screening-v1/batch-0530/decisions.jsonl
23a75b1ba4f65b54f62e596d1d6cdcf5f10199bb7d17da6ac2a15905a894247e	78	screening-v1/batch-0530/final.txt
512c7fc1310a4d4ff0a54f87b0be3bae1f5b9a7ed81e60e302ab83689e0be8cc	40704	screening-v1/batch-0530/input.md
535f4e7c40f4dab8fe197c9e198c2000b4510e66ace7bf192bf9f4c0050813e2	450	screening-v1/batch-0530/run.json
e3b0c44298fc1c149afbf4c8996fb92427ae41e4649b934ca495991b7852b855	0	screening-v1/batch-0530/stderr.txt
d2c78a545e32f0911bd2c76dbdd83468b9a3b1be5d9b9cce350f43402b49ed18	86	screening-v1/batch-0530/submit_screening
fff1ce7b009eda5fe307238ee3ecb43d67d6ce13bc0df1000b154e4e391b68ab	8206	screening-v1/batch-0530/trace.jsonl
6d94c26221b6f855beabb959478659337ec748b09627de8f8fa923e818ba8d13	5594	screening-v1/batch-0531/batch.json
32873c73168660207536052238cb2e00913b96a34d508161cd4aad3a275c7019	3927	screening-v1/batch-0531/decisions.jsonl
b8c44f6fdf21bc697005fcc1356e064ff29fb23749313057287d5419e21f5a00	82	screening-v1/batch-0531/final.txt
14dc5f7f36dce4f9ee82a5295b89a3cf52aff22d9a50fbffc03d7480faa6ad91	42057	screening-v1/batch-0531/input.md
10b6490cfed6365cbef28a5a9a649d1c0fb8f7cae529153ddb456aede429f0da	450	screening-v1/batch-0531/run.json
e3b0c44298fc1c149afbf4c8996fb92427ae41e4649b934ca495991b7852b855	0	screening-v1/batch-0531/stderr.txt
d2c78a545e32f0911bd2c76dbdd83468b9a3b1be5d9b9cce350f43402b49ed18	86	screening-v1/batch-0531/submit_screening
7b9ff12325628bca93b34629b3044cfe91feb1a7a78d8f76cf72e9347b546b94	15252	screening-v1/batch-0531/trace.jsonl
7865061c451ac12a7b2d636a65b59ba900e9bed38351f1975b66b9b090f281cd	5500	screening-v1/batch-0532/batch.json
1656fc4301b56bc11d752b363c4898cdf1387d0211b7aa3286fc792c4dcdf15d	3309	screening-v1/batch-0532/decisions.jsonl
67e1405cca3676492de054f7a4efaab8b1b443f6ee82a04a74b4d9d782548c5d	89	screening-v1/batch-0532/final.txt
8f24346122d5811c48c0ec39d03d0bad5a84113b005c6329dd78c575409a12c8	41242	screening-v1/batch-0532/input.md
f9063c779b1732fca7cb11e8e52ecd7d071bf7d65ca951437e82f4f4da37edfe	450	screening-v1/batch-0532/run.json
e3b0c44298fc1c149afbf4c8996fb92427ae41e4649b934ca495991b7852b855	0	screening-v1/batch-0532/stderr.txt
d2c78a545e32f0911bd2c76dbdd83468b9a3b1be5d9b9cce350f43402b49ed18	86	screening-v1/batch-0532/submit_screening
b6ccb536b860c2b095f905abfcf30fa35061e436555b5806474e458e21a40a8c	7659	screening-v1/batch-0532/trace.jsonl
e19193d72d9dcbe04f9e483f871a0af83bc3548ff5b97e9428f5b1599e3bca42	5404	screening-v1/batch-0533/batch.json
1136328ab12adb70864460f61d4f5bfabed7006e2f91fc38a035a388c0dea649	3449	screening-v1/batch-0533/decisions.jsonl
d2d159238b775a00db4b5fd135f20b4b892ed648fd8c60ba7d65800597ada474	66	screening-v1/batch-0533/final.txt
190ff42f64f0768e3288633e28589ad812d7fe1b3e227cd9e219e5eec879ea68	39902	screening-v1/batch-0533/input.md
601951e95dab6c65c4f27a59a15ded07efae2a2847fc4670ca89d0f82eba7152	450	screening-v1/batch-0533/run.json
e3b0c44298fc1c149afbf4c8996fb92427ae41e4649b934ca495991b7852b855	0	screening-v1/batch-0533/stderr.txt
d2c78a545e32f0911bd2c76dbdd83468b9a3b1be5d9b9cce350f43402b49ed18	86	screening-v1/batch-0533/submit_screening
b097c39d12920343123f45c99c9858e138f59efdcd004d5070094e2a4420578f	7891	screening-v1/batch-0533/trace.jsonl
19402a5dd91d16ae99d5c2a7674db46285862c6a60526bc1e6f393bf579be300	5428	screening-v1/batch-0534/batch.json
5248c3f973c339f8efd31c8e88015b8bf31452f7c61f8e2bb3976ae6e1a6d930	3618	screening-v1/batch-0534/decisions.jsonl
12bfc04b481060e14e256636c30ee7d70d6d1060b4debc9519c541a6666ade00	55	screening-v1/batch-0534/final.txt
a2386bcb9ccee9027b14b967a8dd1e88cc3c85ffaa3c05bbb9ed1d2c3eab9eaf	42856	screening-v1/batch-0534/input.md
ea11948c7512a3b5ef4c061226ab6c24f775c780f9b90b823a07e7ca3b90e414	450	screening-v1/batch-0534/run.json
e3b0c44298fc1c149afbf4c8996fb92427ae41e4649b934ca495991b7852b855	0	screening-v1/batch-0534/stderr.txt
d2c78a545e32f0911bd2c76dbdd83468b9a3b1be5d9b9cce350f43402b49ed18	86	screening-v1/batch-0534/submit_screening
b8db15cd699a9a5d15197cf02062355756d757d2e40d2cbf7a6b3b2986b1486e	8392	screening-v1/batch-0534/trace.jsonl
a0e12fbc9cf6c07aa5d679bc0da218c3fc12087a5cb309beeca11300b61b272a	5470	screening-v1/batch-0535/batch.json
7d2982251ff60727e10727fed61e320e6cc0a38bab5188e68ecb763f98cfc55a	3735	screening-v1/batch-0535/decisions.jsonl
ca5731caf5dbb937b2052a49bd6f81f90ac949d6374326ce9c8cf58f6eb820f4	83	screening-v1/batch-0535/final.txt
58841b5d8a8edfda2758b82b7ad955c44c4a516bb656f25ccecbdcb3c8624545	39905	screening-v1/batch-0535/input.md
9b2b2035c9d6719810c58e07ea4d58190b55783658ee257bfa59466ae903cdb5	450	screening-v1/batch-0535/run.json
e3b0c44298fc1c149afbf4c8996fb92427ae41e4649b934ca495991b7852b855	0	screening-v1/batch-0535/stderr.txt
d2c78a545e32f0911bd2c76dbdd83468b9a3b1be5d9b9cce350f43402b49ed18	86	screening-v1/batch-0535/submit_screening
d2c2536280706c36fbe476200e0a35a5b323afaac9f830597af36a7f5ef1e799	8837	screening-v1/batch-0535/trace.jsonl
2ec6c7b85b10b8c826c4f62684b0dbcbe74c87156914bd54e4decc633c0bebee	5416	screening-v1/batch-0536/batch.json
05ef78e2f06acf0d1aec12a11e145d6c0a9557021218624459dd83a9b3f28e6e	4085	screening-v1/batch-0536/decisions.jsonl
bbba3ee6cb5d7fd5d1a3d1056e846f45b1ac5a7b047632b1b30518928bb7ae96	76	screening-v1/batch-0536/final.txt
35cd0c65bea249705c638fc380d455f87b21f1f5938287f50171994bb2992738	44414	screening-v1/batch-0536/input.md
c4b3b81cfd7347a34afd5b1eb98657d3fd99d50461dcaee24aa35318d7ee703f	450	screening-v1/batch-0536/run.json
e3b0c44298fc1c149afbf4c8996fb92427ae41e4649b934ca495991b7852b855	0	screening-v1/batch-0536/stderr.txt
d2c78a545e32f0911bd2c76dbdd83468b9a3b1be5d9b9cce350f43402b49ed18	86	screening-v1/batch-0536/submit_screening
11b80b1f84c3b171ec76cc1887a496fb37ec38c3823bc1c84868560a48a87a5f	9523	screening-v1/batch-0536/trace.jsonl
e313488c54a9cd50915598b264a89d08f598528038ed366e7ebb0ae3e6804f48	5336	screening-v1/batch-0537/batch.json
1ce3b4cec812b5396e33b08e9ae7aff3d8c63b7f5c816ca70df3d679996fb4cc	3764	screening-v1/batch-0537/decisions.jsonl
ec64984a79233d9b7c4ece8fd9ddc6c1e281c7074b9d41953ae62df60b61adb9	71	screening-v1/batch-0537/final.txt
db7099c3e2bb1bcf7a9c30eb63e2e15e40b75d280484b68bffd475584ee1773a	45267	screening-v1/batch-0537/input.md
27fe1eba6cdf8cd95bea07a3e8a12c20f83a6a4e4cd81d41f5e90d6fdb28acf6	450	screening-v1/batch-0537/run.json
e3b0c44298fc1c149afbf4c8996fb92427ae41e4649b934ca495991b7852b855	0	screening-v1/batch-0537/stderr.txt
d2c78a545e32f0911bd2c76dbdd83468b9a3b1be5d9b9cce350f43402b49ed18	86	screening-v1/batch-0537/submit_screening
858f553c83fc8a8e15171b1f70e99e3c6e591f8c7895730bdf91174d73548c0c	14876	screening-v1/batch-0537/trace.jsonl
1412910575ccd4af6f7b49907cb821f7813428ac53cf863c45860c74e134f57f	5153	screening-v1/batch-0538/batch.json
70b074a75e0341f3f9015df6954851588f34dade6dc8f38c7ab99378f7af1904	3332	screening-v1/batch-0538/decisions.jsonl
f4fd0e862c5c906152027cce96ae2c1d6f4800de19f5b05894bb55d8377d9a70	72	screening-v1/batch-0538/final.txt
6da1608b102a6361a98dc6e1156bd5cd0b3036a0d58fd7facffbdc893a5d5b6e	49918	screening-v1/batch-0538/input.md
30d994efe127ec4ef3713bde0b3ad4a51c0fdcd503cd9973874fe116a6c133dd	450	screening-v1/batch-0538/run.json
e3b0c44298fc1c149afbf4c8996fb92427ae41e4649b934ca495991b7852b855	0	screening-v1/batch-0538/stderr.txt
d2c78a545e32f0911bd2c76dbdd83468b9a3b1be5d9b9cce350f43402b49ed18	86	screening-v1/batch-0538/submit_screening
f331f2d1b1399297d6003727cdc2a89723be30d6ace8c6df571608b123442431	7570	screening-v1/batch-0538/trace.jsonl
183ab00c05139fda7c2aefd0c374ef52a1f54e45be8faf5b474e3ab60f63912a	5428	screening-v1/batch-0539/batch.json
c64763a6b6476e1678d160cbc03cbe9880cec27e7a56591fa66cc9dddf510e50	3492	screening-v1/batch-0539/decisions.jsonl
06c8a354437ec1e2a18c694d64366c99c1abe3674e810e8e610a5c7cbe15ed5d	44	screening-v1/batch-0539/final.txt
58dc8b2acdf18bf7816be11f2d34dd769cb387bc689ed514248079262be642a1	48927	screening-v1/batch-0539/input.md
ffab251f85b22e1409e1c30b9a0e7cdfef89db2b5fea019db5dab69a129c0ebe	450	screening-v1/batch-0539/run.json
e3b0c44298fc1c149afbf4c8996fb92427ae41e4649b934ca495991b7852b855	0	screening-v1/batch-0539/stderr.txt
d2c78a545e32f0911bd2c76dbdd83468b9a3b1be5d9b9cce350f43402b49ed18	86	screening-v1/batch-0539/submit_screening
c69ac2912bde481c6e4f6c5e80b3dae6b72fc3032130cb4c7977699bfce3cd73	14255	screening-v1/batch-0539/trace.jsonl
9fb2953214e1a871d54693f7cd02043251494cf0f7810d228dff540b3df9db79	5685	screening-v1/batch-0540/batch.json
cf07192002b0c92ee57f94d2bea96e0bb58516cf605c0dfaf59ad7f81e5ebac9	3599	screening-v1/batch-0540/decisions.jsonl
de017c08727cc68af9b5b3add01d040ac480fb641fb159f70848f646a502aa7b	71	screening-v1/batch-0540/final.txt
867ce5be76599fedfcc9813a2f2f1e5d8adf6ba1ba3d5128d3ef08247eb8566c	51021	screening-v1/batch-0540/input.md
d6a10271ac6a172bc6b91940401573bb01afd4813f686f86e6a5a13293d4fb62	450	screening-v1/batch-0540/run.json
e3b0c44298fc1c149afbf4c8996fb92427ae41e4649b934ca495991b7852b855	0	screening-v1/batch-0540/stderr.txt
d2c78a545e32f0911bd2c76dbdd83468b9a3b1be5d9b9cce350f43402b49ed18	86	screening-v1/batch-0540/submit_screening
0dc8025670fbc4ef93a203be461b27114caaaeffd6f0b3b1f7abb4b8955e5aed	8052	screening-v1/batch-0540/trace.jsonl
e1cc7514cda95b379393d1e40b96e5b26d57b8e079a63c3f70d99a444fa96ebd	5619	screening-v1/batch-0541/batch.json
04bde369932782bba484ef5b76f656147772b20e8c5a29b2473edcdd03fe9ed8	3249	screening-v1/batch-0541/decisions.jsonl
67e1405cca3676492de054f7a4efaab8b1b443f6ee82a04a74b4d9d782548c5d	89	screening-v1/batch-0541/final.txt
c012b63bd7f137e05fe3b0544484f0d2e3b6a7837b8ef957b27f44aaf6ba9590	48289	screening-v1/batch-0541/input.md
fccb8fd81dd8b9c204e025dd38b43c7c020d678d29db50808ea60fd67dcbc21c	450	screening-v1/batch-0541/run.json
e3b0c44298fc1c149afbf4c8996fb92427ae41e4649b934ca495991b7852b855	0	screening-v1/batch-0541/stderr.txt
d2c78a545e32f0911bd2c76dbdd83468b9a3b1be5d9b9cce350f43402b49ed18	86	screening-v1/batch-0541/submit_screening
73f60cba9e6c0376017657cf1b37963e26b54289c74c78232fcdfc6848125aa2	7543	screening-v1/batch-0541/trace.jsonl
c8466ec057e3ee3120e951e9d8054d1526b80d5b06992f1f446e281372ae75f0	5424	screening-v1/batch-0542/batch.json
3da3c39ca6ca85da41105be1af897ffbfaa77a76d3ce387ca17d32a675a18c0b	3494	screening-v1/batch-0542/decisions.jsonl
9312f2dff9a98dc29a1f1e809ccbd39ff195fcc03b705bb514208a3cf76bf65f	46	screening-v1/batch-0542/final.txt
8526d7d7cacd69be0a370f431e06f1f71c4d62813a404cda25ed055e6bf93869	45132	screening-v1/batch-0542/input.md
0f34e863fd82e4458c2c30cba90121d66118384a320b6cace7aac3868eaff430	450	screening-v1/batch-0542/run.json
e3b0c44298fc1c149afbf4c8996fb92427ae41e4649b934ca495991b7852b855	0	screening-v1/batch-0542/stderr.txt
d2c78a545e32f0911bd2c76dbdd83468b9a3b1be5d9b9cce350f43402b49ed18	86	screening-v1/batch-0542/submit_screening
d002691fcd8cf13f20f261335efacbecd683f7d7fd0ad8f13225ce5eadf7c8a6	8469	screening-v1/batch-0542/trace.jsonl
ad33925b9ed81ed5a1a6123384762deacba0a71a3261ccf4a7a063f58cf21306	5314	screening-v1/batch-0543/batch.json
3bdbabae5f57549351b4492ff6c1f99f2cf15602bbb5cd8179e5fc69c6283f3d	3591	screening-v1/batch-0543/decisions.jsonl
12bfc04b481060e14e256636c30ee7d70d6d1060b4debc9519c541a6666ade00	55	screening-v1/batch-0543/final.txt
97ddbaf870edb317e55bcd73df6835ce7f036689c06f4a7a61b14b415102e157	44097	screening-v1/batch-0543/input.md
fb5754aa9ebc4f3678668874cd77c548378623a4de912e355aa21b3b1da6cb0c	450	screening-v1/batch-0543/run.json
e3b0c44298fc1c149afbf4c8996fb92427ae41e4649b934ca495991b7852b855	0	screening-v1/batch-0543/stderr.txt
d2c78a545e32f0911bd2c76dbdd83468b9a3b1be5d9b9cce350f43402b49ed18	86	screening-v1/batch-0543/submit_screening
299aa34264f94c2731de558d92aa1e1fab52341c1ffd21c0002b6633e434235f	8277	screening-v1/batch-0543/trace.jsonl
421a2941439679229ccbf32b4b2682ae1960b572926beedbb8a3a304212b190b	5764	screening-v1/batch-0544/batch.json
e8fd91c956300339383889171c146ee8b696b8ca250326c0811ccee0444dcba0	3970	screening-v1/batch-0544/decisions.jsonl
12bfc04b481060e14e256636c30ee7d70d6d1060b4debc9519c541a6666ade00	55	screening-v1/batch-0544/final.txt
154c7d5d08f6519deee120b0dc8305ff39f53464028467717295e50b8d8450b2	44453	screening-v1/batch-0544/input.md
7e6e850983defcb0aa92d3a3326f4ed6805e628bf5106718deca0e6c7f6ff9fa	450	screening-v1/batch-0544/run.json
e3b0c44298fc1c149afbf4c8996fb92427ae41e4649b934ca495991b7852b855	0	screening-v1/batch-0544/stderr.txt
d2c78a545e32f0911bd2c76dbdd83468b9a3b1be5d9b9cce350f43402b49ed18	86	screening-v1/batch-0544/submit_screening
2b4d8946cb09c85748e775ccd6effebfbc125bf9c1ce3908e3d3707162186f5b	15270	screening-v1/batch-0544/trace.jsonl
91ca0d85d1dd2b6b1f16ae6bd2e06717df2d47449b74b6de7b6ec2382b004eab	5408	screening-v1/batch-0545/batch.json
77c95ff0afaa547433ce11b04e202678521e0e7513e797c9479bc7030e99fb3f	3748	screening-v1/batch-0545/decisions.jsonl
6824e4acfd0c951221fbb12f834a1008062d205af70fb4ce9aa62434b59ac897	64	screening-v1/batch-0545/final.txt
50f3fb33f40b0ecea18083434062702415a76fb70ca8763c992f3485c768b5ba	45221	screening-v1/batch-0545/input.md
b9cfea4ec1eb4225f4d97d468a6a06528591c7600e244dc2a302b95e77350dc8	450	screening-v1/batch-0545/run.json
e3b0c44298fc1c149afbf4c8996fb92427ae41e4649b934ca495991b7852b855	0	screening-v1/batch-0545/stderr.txt
d2c78a545e32f0911bd2c76dbdd83468b9a3b1be5d9b9cce350f43402b49ed18	86	screening-v1/batch-0545/submit_screening
89c585f7ea76d61751e4b2af432d6c02d47ba2fe33cb5dc53db391836b868f5c	14843	screening-v1/batch-0545/trace.jsonl
187214df48b1e54ec60d4e722213e9fb67dc8a2f1010352ed1dc7fd966afeff8	5517	screening-v1/batch-0546/batch.json
41b7b418508b3ba5c2550ed985c1719232d6a750e006d8c13e285d88eab7b782	3561	screening-v1/batch-0546/decisions.jsonl
12bfc04b481060e14e256636c30ee7d70d6d1060b4debc9519c541a6666ade00	55	screening-v1/batch-0546/final.txt
7bb9e25e37a2ff6599e08294405b3e9c0601dee2642f2348b401c2c49e35cffe	48158	screening-v1/batch-0546/input.md
40bc1a3787b2b779763d7ca20bd457ee9eb1b1dcb632450d4ac23873f581495e	450	screening-v1/batch-0546/run.json
e3b0c44298fc1c149afbf4c8996fb92427ae41e4649b934ca495991b7852b855	0	screening-v1/batch-0546/stderr.txt
d2c78a545e32f0911bd2c76dbdd83468b9a3b1be5d9b9cce350f43402b49ed18	86	screening-v1/batch-0546/submit_screening
89d04a621c888118fddbc1f363a8b1a1d9f8ed20caab591a2ac83f56b34f74a3	7970	screening-v1/batch-0546/trace.jsonl
6cd5779ee605be3432037bbfe7c3accd63d407160bd465b1b7da531cf6d913a8	5447	screening-v1/batch-0547/batch.json
d9f25e45187144cf954cdd7fdc01160ed894d0cd405e5f85139c7260cca29b14	4002	screening-v1/batch-0547/decisions.jsonl
01da75f35c59f3599b00edb2a467cb0f97025f4318d73f3506ab8416bc9e981c	83	screening-v1/batch-0547/final.txt
2cc0dced104224d64f8441a24af283b91b53cd699f38008ea6ee2709f4fa2112	51658	screening-v1/batch-0547/input.md
ad0b22eae2644d8bdf748bc3fcc0738199115aa58006fa0af01f4ec29cda9e54	450	screening-v1/batch-0547/run.json
e3b0c44298fc1c149afbf4c8996fb92427ae41e4649b934ca495991b7852b855	0	screening-v1/batch-0547/stderr.txt
d2c78a545e32f0911bd2c76dbdd83468b9a3b1be5d9b9cce350f43402b49ed18	86	screening-v1/batch-0547/submit_screening
ba6be1aac5c07fba4f5c08c87d10aa988cba2f1165b1ea0dca850eef7821c0cd	9036	screening-v1/batch-0547/trace.jsonl
21c29f79850cdb418c0e6ac84e677c1bbc766c95f0e7a8445b346a4660743b7a	5437	screening-v1/batch-0548/batch.json
2c18e52c8e8d2a8e1073d41fd886a84823846ff77cdaeaf5867d579c5e7dbece	3798	screening-v1/batch-0548/decisions.jsonl
cf0c22cb98a8d7b0198b01c6418fa27c48963c506029294b047c29cbac487a69	77	screening-v1/batch-0548/final.txt
9664863e16ea96ee92474b69d112476bb28af224f75116badd62051394fe8596	43467	screening-v1/batch-0548/input.md
9f2e51662665451396c5c7cb1160a82fe26907e6d30dd3aee9b5dc3a190f7554	450	screening-v1/batch-0548/run.json
e3b0c44298fc1c149afbf4c8996fb92427ae41e4649b934ca495991b7852b855	0	screening-v1/batch-0548/stderr.txt
d2c78a545e32f0911bd2c76dbdd83468b9a3b1be5d9b9cce350f43402b49ed18	86	screening-v1/batch-0548/submit_screening
aa08a24b382f5919cb6d2e0c10da2fc12aa9971a075462aa1f5140ab4b840290	8952	screening-v1/batch-0548/trace.jsonl
e53c0f24e0c0cac802c5454c29f6a25ffd20544fd6ee4b898299617050a7779d	5463	screening-v1/batch-0549/batch.json
e4988d63f4895d841661f4139012300f2ea9d4fe41539980cd1a768d4d864eea	3639	screening-v1/batch-0549/decisions.jsonl
057665454462b2baea8696ca9e229efd1855cef45a68f2d94ef320623d7dceca	79	screening-v1/batch-0549/final.txt
0bd3c80cd4a23aac7439292b33b92949eeeb8382ed19f0ec5738f954ab24294c	45808	screening-v1/batch-0549/input.md
16d0253f0cdaf62ff300310f5228ea901fdf5172ae60b0336e50d322b72ae7b3	450	screening-v1/batch-0549/run.json
e3b0c44298fc1c149afbf4c8996fb92427ae41e4649b934ca495991b7852b855	0	screening-v1/batch-0549/stderr.txt
d2c78a545e32f0911bd2c76dbdd83468b9a3b1be5d9b9cce350f43402b49ed18	86	screening-v1/batch-0549/submit_screening
bd9e49737c6a30c6d8aa32f4e5294a1782a07d299050e3e6ca3acc8c30623413	8629	screening-v1/batch-0549/trace.jsonl
7d692a350ce6b26dfa71b16eef789218b2f53c33fb52ef55d6bc42d7b6fdf45b	5345	screening-v1/batch-0550/batch.json
3473c8e3a5ab0e924018223fc961e1c07649088b2417e35976085893f8ee287a	3639	screening-v1/batch-0550/decisions.jsonl
3f4a2dc23055ece6adc8f78e51ff19879c5f4cbbba89d75be27f172f164c74f7	78	screening-v1/batch-0550/final.txt
5ee41957475d26fd2d475fabc222d4689e9a33fc7d3fac7185538dedecc5b198	49423	screening-v1/batch-0550/input.md
4d137e8a88de48cdf8730533ae013cd0559ea0c3f0f685c366ef815203ca847a	450	screening-v1/batch-0550/run.json
e3b0c44298fc1c149afbf4c8996fb92427ae41e4649b934ca495991b7852b855	0	screening-v1/batch-0550/stderr.txt
d2c78a545e32f0911bd2c76dbdd83468b9a3b1be5d9b9cce350f43402b49ed18	86	screening-v1/batch-0550/submit_screening
aea26b727b8aeb03a3f9c4305e492236f10221bd2d8b2c2e23362c9da1318e84	14635	screening-v1/batch-0550/trace.jsonl
7bdac8981a09987d996c07601eaa606f98e39abd97f5849dd698c522787e4092	5636	screening-v1/batch-0551/batch.json
762ed708877168e03680081d03b46d2b996ff905680dd39ac2c45c4560515de5	3477	screening-v1/batch-0551/decisions.jsonl
6824e4acfd0c951221fbb12f834a1008062d205af70fb4ce9aa62434b59ac897	64	screening-v1/batch-0551/final.txt
b45d93c41658f7682feff2bd1dcc82b842adab7a4abc90d8955e59649c4630d2	47229	screening-v1/batch-0551/input.md
7ed85e1af09c7edea1b74bccfcf4e65f611335918e45057260c719cf496bc24a	450	screening-v1/batch-0551/run.json
e3b0c44298fc1c149afbf4c8996fb92427ae41e4649b934ca495991b7852b855	0	screening-v1/batch-0551/stderr.txt
d2c78a545e32f0911bd2c76dbdd83468b9a3b1be5d9b9cce350f43402b49ed18	86	screening-v1/batch-0551/submit_screening
8609bbaa9c5f880cb03897630ecd99b79f6e36633cae6f65721a1172411c78dc	8395	screening-v1/batch-0551/trace.jsonl
024f4b5ed73ddbfc6ffbd31baf9c7c85b85ecd470596de8eaf2c4b1066aa6870	5274	screening-v1/batch-0552/batch.json
d5ba5457c6a5d1f064a263b488e445b52bfebee8d99baa6b34b548ea2a2e14c3	3508	screening-v1/batch-0552/decisions.jsonl
3f4a2dc23055ece6adc8f78e51ff19879c5f4cbbba89d75be27f172f164c74f7	78	screening-v1/batch-0552/final.txt
b6ccd7894a21bf22fe9b1bf10c04e85f4139ce4db04958c71655afb1891756e9	40856	screening-v1/batch-0552/input.md
b1763bf71a6082fcf43a74b411132b9fe07380768fc04bc594945618761ad27d	450	screening-v1/batch-0552/run.json
e3b0c44298fc1c149afbf4c8996fb92427ae41e4649b934ca495991b7852b855	0	screening-v1/batch-0552/stderr.txt
d2c78a545e32f0911bd2c76dbdd83468b9a3b1be5d9b9cce350f43402b49ed18	86	screening-v1/batch-0552/submit_screening
b2985aa6a26a3849bdd8f24811b84e5a1e82a534572ae7102d5dc418c938d7c1	8437	screening-v1/batch-0552/trace.jsonl
2b26ac16ba306abe2fe8e2a424c31f69bdc0a5c54df47109565388de9b659c52	5469	screening-v1/batch-0553/batch.json
7ea19ac848e9b902312a71cad63e48f49fe5fb5c709d77288033683267caf2e7	3340	screening-v1/batch-0553/decisions.jsonl
3f4a2dc23055ece6adc8f78e51ff19879c5f4cbbba89d75be27f172f164c74f7	78	screening-v1/batch-0553/final.txt
b1afc27e5a0b0d8eab2e8879d4a21a2641431341c0144e4861e530a34f5237d7	43748	screening-v1/batch-0553/input.md
447de0feba4a31705262ebb417fdd7b5595aace7e2217ad7855cdeba9a958990	450	screening-v1/batch-0553/run.json
e3b0c44298fc1c149afbf4c8996fb92427ae41e4649b934ca495991b7852b855	0	screening-v1/batch-0553/stderr.txt
d2c78a545e32f0911bd2c76dbdd83468b9a3b1be5d9b9cce350f43402b49ed18	86	screening-v1/batch-0553/submit_screening
559c6ff6a6e466984eec32e60699f31b450cf5f75a3a4adf4a2e1399b24900bd	7798	screening-v1/batch-0553/trace.jsonl
11321e325af601020ed86af8e5ad0cd8b964dec1e54f692fb822d543df69083d	5574	screening-v1/batch-0554/batch.json
bd12b4f25b9156ffe2b5f8b78ea1f3a51c01d6c9554de44eb7d68d177e4aade8	3275	screening-v1/batch-0554/decisions.jsonl
f4fd0e862c5c906152027cce96ae2c1d6f4800de19f5b05894bb55d8377d9a70	72	screening-v1/batch-0554/final.txt
f4d929ccdf2e3a2548b619bcc2cc68be4498fb8c816149df728d43620e647d8f	42088	screening-v1/batch-0554/input.md
14098a64a83c0af0c3b5c71b2fafa860a10e1613ef0ecc6ce524c1e31ece871e	450	screening-v1/batch-0554/run.json
e3b0c44298fc1c149afbf4c8996fb92427ae41e4649b934ca495991b7852b855	0	screening-v1/batch-0554/stderr.txt
d2c78a545e32f0911bd2c76dbdd83468b9a3b1be5d9b9cce350f43402b49ed18	86	screening-v1/batch-0554/submit_screening
d2ad5339c8e60b574d4853885127d729d860ef274eb2e02c19ee6e7511bd028c	7403	screening-v1/batch-0554/trace.jsonl
2b81dcf458167fdfa10b21242b27427f6a8a2247e1fefb6bd2074c2618ee4726	5227	screening-v1/batch-0555/batch.json
958429370c38c50f8b9e57548a69f3ae47dd33af90e8b592fda6765bb2c2ee54	3978	screening-v1/batch-0555/decisions.jsonl
f5a27266bb0910fca907b1904c09287ce68e0dea75d743f62b73c5523e7b30c0	83	screening-v1/batch-0555/final.txt
97d7051a360e810f825242eeb54258647d6d2c464a86e83e141f7b016d218758	40678	screening-v1/batch-0555/input.md
024fcf1a75a30cf5e609d4e822dc6634cd1c5c1ad795d1cf8d79315a039d5354	450	screening-v1/batch-0555/run.json
e3b0c44298fc1c149afbf4c8996fb92427ae41e4649b934ca495991b7852b855	0	screening-v1/batch-0555/stderr.txt
d2c78a545e32f0911bd2c76dbdd83468b9a3b1be5d9b9cce350f43402b49ed18	86	screening-v1/batch-0555/submit_screening
5d38473e9bcc24751acec031f0c5210a0fbb213480ceb9cff656334d27b14a29	15336	screening-v1/batch-0555/trace.jsonl
9cdcebb786de86653d66f29aa65049d3f775bb963cb162cccb43531d90e37c41	5236	screening-v1/batch-0556/batch.json
5db1bc337d3175c85f8e0569ef166138aa79d8bf171b63e69c41df912d80d929	3781	screening-v1/batch-0556/decisions.jsonl
56d763677cd7d08d0dc0a8d8fd9c64dae43eb94e007d072df3df06501fde3983	88	screening-v1/batch-0556/final.txt
3ba77aa9c067841d9e6f1c0ca4987b0212cc21ca64ecc5c20714bc8991b59f5e	41831	screening-v1/batch-0556/input.md
c98e5a53e66b246714abfb9e2182dee7372c6a54479d54428df099290eacfce8	450	screening-v1/batch-0556/run.json
e3b0c44298fc1c149afbf4c8996fb92427ae41e4649b934ca495991b7852b855	0	screening-v1/batch-0556/stderr.txt
d2c78a545e32f0911bd2c76dbdd83468b9a3b1be5d9b9cce350f43402b49ed18	86	screening-v1/batch-0556/submit_screening
7408364d69b567964706f93d6c8b12c507013fc2cae9b4ee18859a4ba3465131	15143	screening-v1/batch-0556/trace.jsonl
e517335c6b22b791956225e1cd41bab31b01d2d0da40f9218411f71f6ab3a46f	5199	screening-v1/batch-0557/batch.json
52b98c942d8209c08c9422edbc3d8657d55b9c41ba38776625ae9e1022222f45	3543	screening-v1/batch-0557/decisions.jsonl
d2d159238b775a00db4b5fd135f20b4b892ed648fd8c60ba7d65800597ada474	66	screening-v1/batch-0557/final.txt
260b6a0a054ba5caf4bcdaf15f08446b1a330901a95a86174347b5f2258add3e	40913	screening-v1/batch-0557/input.md
cc9adf18caa577cf1f5e26c7647b2f55acabb7c21a11d5ff1420655d826c03b3	450	screening-v1/batch-0557/run.json
e3b0c44298fc1c149afbf4c8996fb92427ae41e4649b934ca495991b7852b855	0	screening-v1/batch-0557/stderr.txt
d2c78a545e32f0911bd2c76dbdd83468b9a3b1be5d9b9cce350f43402b49ed18	86	screening-v1/batch-0557/submit_screening
fbd392be29e0a74e7345501ae8106c71dde34795e368e10c9dcabcd2ee641880	8434	screening-v1/batch-0557/trace.jsonl
7b28e60468f2eb082e4811309b2c75b70de1c082e6ffdad1af50c04c52a9cbd4	5606	screening-v1/batch-0558/batch.json
9a871502c3c79eb4164ec9e50e81518c2b440e0d1736b373e0ab9a30c8c24cd7	3657	screening-v1/batch-0558/decisions.jsonl
9312f2dff9a98dc29a1f1e809ccbd39ff195fcc03b705bb514208a3cf76bf65f	46	screening-v1/batch-0558/final.txt
26ffe5592bcd260b951d1571c9a055f191377757b8b99cedcc688801c6611c8f	42897	screening-v1/batch-0558/input.md
d9c9e85907273b511899a76b91330244ebb1563936626a6df949b1a0a70d6545	450	screening-v1/batch-0558/run.json
e3b0c44298fc1c149afbf4c8996fb92427ae41e4649b934ca495991b7852b855	0	screening-v1/batch-0558/stderr.txt
d2c78a545e32f0911bd2c76dbdd83468b9a3b1be5d9b9cce350f43402b49ed18	86	screening-v1/batch-0558/submit_screening
bfe39910927b94004c07e84dde466cccb0d24a28c97865a3ddce04162334ce60	14650	screening-v1/batch-0558/trace.jsonl
70ef6c34208f95af61286dd88a18e5dea891d71e72250db801c97fbb946f6ef9	5640	screening-v1/batch-0559/batch.json
954dcfa623afdc0896422c4d531afa2fbbc080cd8f154df57c5af364f8365dfe	3938	screening-v1/batch-0559/decisions.jsonl
8a7293b3e7626cd6aa853d9ed083ee9ac12aee8e8dbf625ca4913d6a3f7f61fa	83	screening-v1/batch-0559/final.txt
c8ef112039ba24449445173942a78448e42b16be3979d2014d30773a1bcb1bec	49044	screening-v1/batch-0559/input.md
af1ebb180acfae4ac3a6b647080a405c908fde35b4224a261b982f3b0e430daa	450	screening-v1/batch-0559/run.json
e3b0c44298fc1c149afbf4c8996fb92427ae41e4649b934ca495991b7852b855	0	screening-v1/batch-0559/stderr.txt
d2c78a545e32f0911bd2c76dbdd83468b9a3b1be5d9b9cce350f43402b49ed18	86	screening-v1/batch-0559/submit_screening
9b57103f9c1fe15b184d2f61bcb5f0a3315ff19b164fbdb7256c9d436b0ae1e0	9089	screening-v1/batch-0559/trace.jsonl
30413cf41b0d45c11402a9ea0a7bc6535176365cf7d75ea10ad43283e403388b	5506	screening-v1/batch-0560/batch.json
c3def0177cd02b60e3a8847448a2aaa8c98416891592ba521b7dac7c0740ee48	3497	screening-v1/batch-0560/decisions.jsonl
d2d159238b775a00db4b5fd135f20b4b892ed648fd8c60ba7d65800597ada474	66	screening-v1/batch-0560/final.txt
ee72ac1c39c4b55a3c48835f41cfab1e13a2b13f650c536dc674e8c8f07b24da	50945	screening-v1/batch-0560/input.md
ed8756b67716662057a047732bf68bbb55fed48b5011a1d1c1bbd5c3a807a955	450	screening-v1/batch-0560/run.json
e3b0c44298fc1c149afbf4c8996fb92427ae41e4649b934ca495991b7852b855	0	screening-v1/batch-0560/stderr.txt
d2c78a545e32f0911bd2c76dbdd83468b9a3b1be5d9b9cce350f43402b49ed18	86	screening-v1/batch-0560/submit_screening
684a4e55215967f8c61ca9ac4d53ef148c699cf4c4865716e36534d580e3e97a	13862	screening-v1/batch-0560/trace.jsonl
0cb6085b75d983114446734349bb227783b6bfd8ff218b5d6e19387cdee58871	5356	screening-v1/batch-0561/batch.json
d75d46f50f1c22e42703aaf64f2fe47cd71787e41865a7c48b8f7ff642e3f36b	3618	screening-v1/batch-0561/decisions.jsonl
b52d2d9830fee9e6ab81789a2e295064c29de07e203f83292c3fc34b6843f58d	78	screening-v1/batch-0561/final.txt
3ee214820854bc9c72884073112fcca3dafa1e94873e1b55faf0ba46075b2f19	41079	screening-v1/batch-0561/input.md
c299dcc40adb5a2ee9e43b0be02e206403623c6c8cb6d42416eb3143cb55fbb0	450	screening-v1/batch-0561/run.json
e3b0c44298fc1c149afbf4c8996fb92427ae41e4649b934ca495991b7852b855	0	screening-v1/batch-0561/stderr.txt
d2c78a545e32f0911bd2c76dbdd83468b9a3b1be5d9b9cce350f43402b49ed18	86	screening-v1/batch-0561/submit_screening
95eb9153b394ada1380a270661791236c7e779db35c3e0208e15bcb9cd5ca2aa	8287	screening-v1/batch-0561/trace.jsonl
ccc99111abed28fea012d1b11b88c2420219181faea37d19910461f6071a6c25	5519	screening-v1/batch-0562/batch.json
44c8e6d90875920eaa0ce25939b21fb30bbfd234df48e55e83ab8d11d3e7f79d	3592	screening-v1/batch-0562/decisions.jsonl
6824e4acfd0c951221fbb12f834a1008062d205af70fb4ce9aa62434b59ac897	64	screening-v1/batch-0562/final.txt
ab23fe6a28cd7842527523a69a3ef0de90c9e9a0fae910872912c4b0c59007a7	45288	screening-v1/batch-0562/input.md
5d6ed821ee3cc88db10a3ac69d3dc18dbc66189d8bc71207eee17c38978e3dbc	450	screening-v1/batch-0562/run.json
e3b0c44298fc1c149afbf4c8996fb92427ae41e4649b934ca495991b7852b855	0	screening-v1/batch-0562/stderr.txt
d2c78a545e32f0911bd2c76dbdd83468b9a3b1be5d9b9cce350f43402b49ed18	86	screening-v1/batch-0562/submit_screening
751019aba8ff5024455341588b2e3695d98bb880604849a13c34358cc3b0b872	8039	screening-v1/batch-0562/trace.jsonl
cb2eea9f791b42bf1601283d973f88583aceaf3b16d1b77ef715596f14d7838c	5278	screening-v1/batch-0563/batch.json
a919e0d2410b11e89140d94a542e8dd687dbaa451aa279641aa1cd3a33a62761	3859	screening-v1/batch-0563/decisions.jsonl
12bfc04b481060e14e256636c30ee7d70d6d1060b4debc9519c541a6666ade00	55	screening-v1/batch-0563/final.txt
8da1c109313bb2d69cf2b9e6551acc6cd414e619d4245840fa97069b3c9a98a5	54067	screening-v1/batch-0563/input.md
e863c5e6fc2825a458d4e7f6d23b0dc2e231feb61c5994f3213c4b6e1b44a570	450	screening-v1/batch-0563/run.json
e3b0c44298fc1c149afbf4c8996fb92427ae41e4649b934ca495991b7852b855	0	screening-v1/batch-0563/stderr.txt
d2c78a545e32f0911bd2c76dbdd83468b9a3b1be5d9b9cce350f43402b49ed18	86	screening-v1/batch-0563/submit_screening
d2ab0c2696ef2fd897dd7ee312af3e01e1b26abacc365a6ce8f842f9cec836b4	8726	screening-v1/batch-0563/trace.jsonl
e96122ae7783a0b52f7c93b7dfbd48dd701026c478c4b27a40dfe0c4e6826d4f	5327	screening-v1/batch-0564/batch.json
b13f86d5ee8869a13ad6e831a5232b60b7bc41c20f2c2ad463d447d85ed3fc0d	3607	screening-v1/batch-0564/decisions.jsonl
755742134aa4adeac1aa9cfc97901803e54fde9ff921a467c718be766f960700	80	screening-v1/batch-0564/final.txt
760385ede271f0bc0fc3790f697bf5b736d8c55522ee87741f0336aa25121b54	49328	screening-v1/batch-0564/input.md
e7c95c8bf89817191e82b2ba12d0e489cb8922687fd3195d78d323dc492d35ec	450	screening-v1/batch-0564/run.json
e3b0c44298fc1c149afbf4c8996fb92427ae41e4649b934ca495991b7852b855	0	screening-v1/batch-0564/stderr.txt
d2c78a545e32f0911bd2c76dbdd83468b9a3b1be5d9b9cce350f43402b49ed18	86	screening-v1/batch-0564/submit_screening
89eb088c5f98ab340bad7742ba72107db4c01159978f55cb3ef64d967b4fdc90	8533	screening-v1/batch-0564/trace.jsonl
27de33fe61b22508ac7996ca0d8f9cb710bcac300eadf46cccb34d6e9c1768d7	5601	screening-v1/batch-0565/batch.json
39903ea2732466c3a4035dd842a1a44ae13dc5a5336d3dca17971bac89fe2775	3660	screening-v1/batch-0565/decisions.jsonl
05d3897d0f8c35460df3d8b2f79f24b1209cc6faccef04022bb8b50224d1d1fd	121	screening-v1/batch-0565/final.txt
d74abf6deabba323915d04256579752adca9e7eebef596b719adc3cbbee54819	45713	screening-v1/batch-0565/input.md
7744c9483dc505d66488c3c8d696d668000ddef035ca7217d5a1707bb23d6229	450	screening-v1/batch-0565/run.json
e3b0c44298fc1c149afbf4c8996fb92427ae41e4649b934ca495991b7852b855	0	screening-v1/batch-0565/stderr.txt
d2c78a545e32f0911bd2c76dbdd83468b9a3b1be5d9b9cce350f43402b49ed18	86	screening-v1/batch-0565/submit_screening
9c54ede08721fba122df1e26ae993e370b3faac30034d5f7f5cfb1756569b6bf	8308	screening-v1/batch-0565/trace.jsonl
c53a838b42989c6b3ebe52e9ab48d18be55e546f5b8dc915e14cfb264f0ef07a	5423	screening-v1/batch-0566/batch.json
3c8c5c4a06b1543b0a3883db53c5f822666542515697d899b1bf228b8f8aff36	3416	screening-v1/batch-0566/decisions.jsonl
5bb66b4b9c4e1cb8c1f3d6534b78ce8ad1b477ec832cecbc06488faaa0094d9c	58	screening-v1/batch-0566/final.txt
ec7e00e16848bbd7054149a5ec27a0a2bc5192c21d1cdeb5edc8e095e7b1ca7f	46035	screening-v1/batch-0566/input.md
bbd1b3944e8e9e565fe763e2c5fff630c499e86b7daef0a71737cb98d8cb5d85	450	screening-v1/batch-0566/run.json
e3b0c44298fc1c149afbf4c8996fb92427ae41e4649b934ca495991b7852b855	0	screening-v1/batch-0566/stderr.txt
d2c78a545e32f0911bd2c76dbdd83468b9a3b1be5d9b9cce350f43402b49ed18	86	screening-v1/batch-0566/submit_screening
84df007f60c72c2db35eef561934b99438f1ee5890ea31154cab097d9e681349	8217	screening-v1/batch-0566/trace.jsonl
c82a6c6717ba0b1cc763ff05802486972020a615e83d71cb8503a40d219cdb39	5513	screening-v1/batch-0567/batch.json
24fb43ed4c73645dd498bd5dcbde98eab221e32eeec320ee2c3c9631ee1ad9cf	4060	screening-v1/batch-0567/decisions.jsonl
ba260b8594d18a6bcc496ebb7770804390fd70a6ea82fa3e3542f1e03c7164fb	77	screening-v1/batch-0567/final.txt
4b5a6da3cca56868d8a233832b4cb87319d5bea83351d8a9e8a3b6e59f07ee17	43837	screening-v1/batch-0567/input.md
f4325bac165373c80f762f8a020a25a93e11a8049bd1a47bd0cc6ac4a1816af2	450	screening-v1/batch-0567/run.json
e3b0c44298fc1c149afbf4c8996fb92427ae41e4649b934ca495991b7852b855	0	screening-v1/batch-0567/stderr.txt
d2c78a545e32f0911bd2c76dbdd83468b9a3b1be5d9b9cce350f43402b49ed18	86	screening-v1/batch-0567/submit_screening
a2c09bb4c5e6019e3a780077e0429df7921995ec53221b9af24a393c96a43a3e	15727	screening-v1/batch-0567/trace.jsonl
cfea6d59795bd3b1bf5aff859460efcc80e5f876936a3b7916f56e2cd6b07324	5182	screening-v1/batch-0568/batch.json
8674bbd59cca7c8b4ac95858ff0d87398ea12c1a63f75867f354f27e6dc76eaa	3462	screening-v1/batch-0568/decisions.jsonl
f3decc9ff55615c9f40a70b8ac006775c2eb6b9d7fce4339e7c0045413c17da4	64	screening-v1/batch-0568/final.txt
e026af1f2bb72b4679b7d9bfd234fde092392b4f2405491b262be3c415f06023	43236	screening-v1/batch-0568/input.md
7acbf82e1d941dbd2627bf8dd7d6dc31f9ef2bb41e40e2c0cd6a3d17b4c7512a	450	screening-v1/batch-0568/run.json
e3b0c44298fc1c149afbf4c8996fb92427ae41e4649b934ca495991b7852b855	0	screening-v1/batch-0568/stderr.txt
d2c78a545e32f0911bd2c76dbdd83468b9a3b1be5d9b9cce350f43402b49ed18	86	screening-v1/batch-0568/submit_screening
7e8a20db33880cc6e24a55a783664ade70b706cba5d5953f390c5de8e1cba5a9	8266	screening-v1/batch-0568/trace.jsonl
56cb3c49bb82ab403312e103e37f76c8fab40807e4b0ad9d918fb119b3a35767	5595	screening-v1/batch-0569/batch.json
b5d5765c60e7504877c8cbbcee421987d0df0b001229d6e407cb95f712a9f528	3792	screening-v1/batch-0569/decisions.jsonl
a3e9c9b499170187592ce1a648caffbf205921ed424ab583bf1e142a3bfccc82	78	screening-v1/batch-0569/final.txt
38b73b2e213c61005dddc849241db8614df626ee19fa3804019104f951eca8f5	46658	screening-v1/batch-0569/input.md
d53038288bf3fddb9294bba53379ad1bcb34425ec13c31598499589d12522c39	450	screening-v1/batch-0569/run.json
e3b0c44298fc1c149afbf4c8996fb92427ae41e4649b934ca495991b7852b855	0	screening-v1/batch-0569/stderr.txt
d2c78a545e32f0911bd2c76dbdd83468b9a3b1be5d9b9cce350f43402b49ed18	86	screening-v1/batch-0569/submit_screening
918f1fb3fd49d27edfecfdd734a3ddef7823147bd484cd3b906f6acaa0ad5606	8855	screening-v1/batch-0569/trace.jsonl
f18e0ce4c792e72a8fadd53dd166e2f476ad4da695b74b50bd90b0b2503e5fb8	5250	screening-v1/batch-0570/batch.json
0ab44789b4f001e66d3142d1b59f04f7a7b0dddef8a896a5535383cde9d943f7	3259	screening-v1/batch-0570/decisions.jsonl
56d763677cd7d08d0dc0a8d8fd9c64dae43eb94e007d072df3df06501fde3983	88	screening-v1/batch-0570/final.txt
8306ee3759184e08243318e6927c5c6de22e466f9cbfde492fb0c6ca73cabfaa	47738	screening-v1/batch-0570/input.md
f0a5ffe1ce350aee7be2be40f429fc77c50228daa431903ba0af59e0c4778b2b	450	screening-v1/batch-0570/run.json
e3b0c44298fc1c149afbf4c8996fb92427ae41e4649b934ca495991b7852b855	0	screening-v1/batch-0570/stderr.txt
d2c78a545e32f0911bd2c76dbdd83468b9a3b1be5d9b9cce350f43402b49ed18	86	screening-v1/batch-0570/submit_screening
46bf0ad9d746d6c59a669744362896e776fbaa6ba52934a1aa502c878fa1b6d8	7724	screening-v1/batch-0570/trace.jsonl
0dbbd7cae539edc3d06c929705e99713f56782b1092c2c69606c91c76dab8ba2	5687	screening-v1/batch-0571/batch.json
cb64bfa78998982b685a65ebd05480b443f7031aa393f363fd79dacc15015c84	3681	screening-v1/batch-0571/decisions.jsonl
3d0a364f0963b4b9ab16a9085adb9cae90888b0a0e0c7d603af753e5cd0fe79d	89	screening-v1/batch-0571/final.txt
82e08bc8f4c7b385b9383020b8aec8e6669fb5868b8ade85d2fbacc0d28b3c69	51376	screening-v1/batch-0571/input.md
ab3d618bbe85eddf186bfbecd9fca3a0f7bae30a173e6b5a94242e7c2bc3acd2	450	screening-v1/batch-0571/run.json
e3b0c44298fc1c149afbf4c8996fb92427ae41e4649b934ca495991b7852b855	0	screening-v1/batch-0571/stderr.txt
d2c78a545e32f0911bd2c76dbdd83468b9a3b1be5d9b9cce350f43402b49ed18	86	screening-v1/batch-0571/submit_screening
5a7a787031e1f4bd84bfb46dfae9f72b1b1349f776ccc61201a9cf79d81e51e8	8726	screening-v1/batch-0571/trace.jsonl
4567bfcd762032d752cfc330d26fd18aadaba20d45554aeedbcc43e1adbdff96	5172	screening-v1/batch-0572/batch.json
c657b4b117a9201a6f2ab938a1de8131acdc65b971d77940f2901f4eb5fc9054	3508	screening-v1/batch-0572/decisions.jsonl
f4fd0e862c5c906152027cce96ae2c1d6f4800de19f5b05894bb55d8377d9a70	72	screening-v1/batch-0572/final.txt
f2a031ef3a37c9e092b0d75a3b5b8c8d39395f6119c9c3f12bd733aa5346a42f	44232	screening-v1/batch-0572/input.md
4df867e8974ca44ce1ff194b5af7ea5371a42d4d9cee2b2bc7989b9efde3aa18	450	screening-v1/batch-0572/run.json
e3b0c44298fc1c149afbf4c8996fb92427ae41e4649b934ca495991b7852b855	0	screening-v1/batch-0572/stderr.txt
d2c78a545e32f0911bd2c76dbdd83468b9a3b1be5d9b9cce350f43402b49ed18	86	screening-v1/batch-0572/submit_screening
b598b060401ef12356825743db8a23ee97aac72a13974b185f859f50968793e2	7832	screening-v1/batch-0572/trace.jsonl
2e6c075da88ec6fc3f8bb1d09d8b7b3c6e04c09da7eb25435fb24c1bce94e759	5383	screening-v1/batch-0573/batch.json
9f9ea05254cda04a08f666c8f71fd0197a8ec9dc03af1adf592aae86f0bc067c	3657	screening-v1/batch-0573/decisions.jsonl
12bfc04b481060e14e256636c30ee7d70d6d1060b4debc9519c541a6666ade00	55	screening-v1/batch-0573/final.txt
763a99664e697cffc83503e3be42d3926c424cff9ff3631ccc99a8bd11504bec	47617	screening-v1/batch-0573/input.md
684d6a6996fdbbe0487df45c1c35487323c6ffa88b37239aff207ff4492500ae	450	screening-v1/batch-0573/run.json
e3b0c44298fc1c149afbf4c8996fb92427ae41e4649b934ca495991b7852b855	0	screening-v1/batch-0573/stderr.txt
d2c78a545e32f0911bd2c76dbdd83468b9a3b1be5d9b9cce350f43402b49ed18	86	screening-v1/batch-0573/submit_screening
256de3639149fd7e09028b328afe84c3952d47c9f8920ccbc7ca0158bc3a8d29	8338	screening-v1/batch-0573/trace.jsonl
8a9ed38e28c1f2a8f07521a37e9f15417dd3aaa56efa3713aa3cbf74d6f43fd3	5354	screening-v1/batch-0574/batch.json
3d659d5cf81ce67a2d5bbd2dce69ce301405efc6c1972705630a275acf42a92f	3874	screening-v1/batch-0574/decisions.jsonl
1213a5e1e35b284bf6f59444fd89f50193c3679489c395b25c51267ac95e52c9	121	screening-v1/batch-0574/final.txt
7344c3430316908ee81b43e9a821150c05abdfb6bbb1423c6da0a8adbc787643	49873	screening-v1/batch-0574/input.md
8c4ac48133d24fb5b8268b8dcc2da4567a4dd769dc8268f3ea30bcee65a6f828	450	screening-v1/batch-0574/run.json
e3b0c44298fc1c149afbf4c8996fb92427ae41e4649b934ca495991b7852b855	0	screening-v1/batch-0574/stderr.txt
d2c78a545e32f0911bd2c76dbdd83468b9a3b1be5d9b9cce350f43402b49ed18	86	screening-v1/batch-0574/submit_screening
6d9ffee35fca1bcf326d16352c7029f5d2555c97b813c3c97a2157719fbc1efa	15145	screening-v1/batch-0574/trace.jsonl
f9165b51208291dc292b9079b11762cd990033905ad7a72068e1696698e368af	5318	screening-v1/batch-0575/batch.json
b17db23987f743aeec180e477a623a820c21d174fbad65fa60e77e40bfbc3955	3621	screening-v1/batch-0575/decisions.jsonl
01da75f35c59f3599b00edb2a467cb0f97025f4318d73f3506ab8416bc9e981c	83	screening-v1/batch-0575/final.txt
35e69d7740913a6e77e71b6cac703bc96be03d7b6abe2d88b406b4ac5fcd9051	50079	screening-v1/batch-0575/input.md
0c48bed9333271df71d9a3c48c3d78d6c945eecf534779cfe22989dfea03b932	450	screening-v1/batch-0575/run.json
e3b0c44298fc1c149afbf4c8996fb92427ae41e4649b934ca495991b7852b855	0	screening-v1/batch-0575/stderr.txt
d2c78a545e32f0911bd2c76dbdd83468b9a3b1be5d9b9cce350f43402b49ed18	86	screening-v1/batch-0575/submit_screening
d993a5bb237d81e7e85fca4a19d98ab738b86c0bb03769605b4b9b45c30b5ec8	8592	screening-v1/batch-0575/trace.jsonl
4cb42c60ae31c94b3317827670177ff6fb98c194cf55d2915cf97e539170ae41	5390	screening-v1/batch-0576/batch.json
d589093160daaf05537e82b3521b9bcff93663b77d15c83c9a7c842e18e13268	3775	screening-v1/batch-0576/decisions.jsonl
cb3357c7a25e8fe1ccab63a8dfdeeb85bb86edd2ea14e65d375e15b3f4f97a49	58	screening-v1/batch-0576/final.txt
883abca55a70f8883d5362981af18c70cc4acff69c5d412284e96f69378587c9	49718	screening-v1/batch-0576/input.md
fc68d5cb5949634e61f1a59bbe8498bad40a32c3f6c7ba672f9e186904942941	450	screening-v1/batch-0576/run.json
e3b0c44298fc1c149afbf4c8996fb92427ae41e4649b934ca495991b7852b855	0	screening-v1/batch-0576/stderr.txt
d2c78a545e32f0911bd2c76dbdd83468b9a3b1be5d9b9cce350f43402b49ed18	86	screening-v1/batch-0576/submit_screening
e44e8da6bfd2ab23fc1c56b1427107fdbd6b0ff376ad54d0de2c53fb3ce0299c	9649	screening-v1/batch-0576/trace.jsonl
098728b922f14729d764094be8ffa7f4fbf6110cec26d7180aec9ef143cb6e2c	5542	screening-v1/batch-0577/batch.json
92a3625f547a3d7944c49d75b3ef2fa9a0869b8968f4eab95f1a749626a15e27	3645	screening-v1/batch-0577/decisions.jsonl
057665454462b2baea8696ca9e229efd1855cef45a68f2d94ef320623d7dceca	79	screening-v1/batch-0577/final.txt
866fc5cfaf81051f65ef7702c32b420656265bd6accccf33fdfaf5be3bd41b15	44617	screening-v1/batch-0577/input.md
3a1ce94618075921555eab40b10d0c12469628f0d7211bc7eb2d357c2caa556a	450	screening-v1/batch-0577/run.json
e3b0c44298fc1c149afbf4c8996fb92427ae41e4649b934ca495991b7852b855	0	screening-v1/batch-0577/stderr.txt
d2c78a545e32f0911bd2c76dbdd83468b9a3b1be5d9b9cce350f43402b49ed18	86	screening-v1/batch-0577/submit_screening
dc4d2749bdf51d1f9f552ea31ab6fe6c4278aa0c534718b20c0b68c023062cfb	8233	screening-v1/batch-0577/trace.jsonl
89c040e06aad25804b41d50a86ab16f3be5fd8858af89147c21787d04f2ca0a2	5865	screening-v1/batch-0578/batch.json
5bbbd6cc3ba4f40e1fd62b176733eaa854a063ef4af3633e875b3746faff2a5b	3837	screening-v1/batch-0578/decisions.jsonl
057665454462b2baea8696ca9e229efd1855cef45a68f2d94ef320623d7dceca	79	screening-v1/batch-0578/final.txt
97623d47c6b7f51b4ba74b4eab86e0881c1753c62c735a2788261b16e3d0f28d	47634	screening-v1/batch-0578/input.md
46048535b699c65839ffd5911d147d02e7d6e586bdb98a199acec1bce428b2b7	450	screening-v1/batch-0578/run.json
e3b0c44298fc1c149afbf4c8996fb92427ae41e4649b934ca495991b7852b855	0	screening-v1/batch-0578/stderr.txt
d2c78a545e32f0911bd2c76dbdd83468b9a3b1be5d9b9cce350f43402b49ed18	86	screening-v1/batch-0578/submit_screening
ef71f895f523f1f7eabfc80973e0b0639f92042a022a66cd5e965c1b301f33ff	15046	screening-v1/batch-0578/trace.jsonl
cf670a0251088affb933281a5f531e5666d31e4d6decaa1158037638da027299	5800	screening-v1/batch-0579/batch.json
14e1f52bfd2621db569b374ed81a1ee2b2c0549f5ff5fd52012d1cfd5f68f774	3549	screening-v1/batch-0579/decisions.jsonl
56d763677cd7d08d0dc0a8d8fd9c64dae43eb94e007d072df3df06501fde3983	88	screening-v1/batch-0579/final.txt
87403729e4ed5a4bb1cf20e1e110d588728dd179623788cf34917c7272d46dce	42208	screening-v1/batch-0579/input.md
a9f801e2ab32f15ea775c21983389f3aa44a9d7bb11f07dde664ef1aa5102b18	450	screening-v1/batch-0579/run.json
e3b0c44298fc1c149afbf4c8996fb92427ae41e4649b934ca495991b7852b855	0	screening-v1/batch-0579/stderr.txt
d2c78a545e32f0911bd2c76dbdd83468b9a3b1be5d9b9cce350f43402b49ed18	86	screening-v1/batch-0579/submit_screening
eead3134244c2788df206316d0063b2e60dd9e90a0fef77a7e3fa26e173e87b4	8455	screening-v1/batch-0579/trace.jsonl
5aef206a40a47f78bb1840c3ae4fefc15bf2715c4d5de458a1618c4fd2ea05c7	5679	screening-v1/batch-0580/batch.json
8f26f90cf1c6036e8987ba9fdac1df5fabae6c5956e4c88d1f9770b32d4e7e8f	3850	screening-v1/batch-0580/decisions.jsonl
d8d3f566fa79885f3f0c2f869c71abc9ecdb2a116da1a9ce4ea8db8df8497254	70	screening-v1/batch-0580/final.txt
84d958418be2ef08f71de4855f25182795dd94557d2260de9f52e9cd35ba57df	47083	screening-v1/batch-0580/input.md
9354c271a0f1376145fc287ffee1d2c951d92f85b6b5481b49d093e7da308688	450	screening-v1/batch-0580/run.json
e3b0c44298fc1c149afbf4c8996fb92427ae41e4649b934ca495991b7852b855	0	screening-v1/batch-0580/stderr.txt
d2c78a545e32f0911bd2c76dbdd83468b9a3b1be5d9b9cce350f43402b49ed18	86	screening-v1/batch-0580/submit_screening
290c9d74517309f14e973a6b1065cbcd34ee9c700049c2246891ed8840c99839	8724	screening-v1/batch-0580/trace.jsonl
f8acfee60eb86b2ef4bd30ab3ac12a955442b029a1ec8fac7b571b69ed65871b	5314	screening-v1/batch-0581/batch.json
96089964432b792018278bb69a863bbbd656f0e10741ad3391f17a5815227053	3569	screening-v1/batch-0581/decisions.jsonl
12bfc04b481060e14e256636c30ee7d70d6d1060b4debc9519c541a6666ade00	55	screening-v1/batch-0581/final.txt
e698844a63a1dcb15b91e8bced2c27702ff1b60c487be5c22a27adefff7ea581	47244	screening-v1/batch-0581/input.md
865d078b5b1c90a590369cf801aff4913d80e2b03ec2c7d83dcfd14b10a6736e	450	screening-v1/batch-0581/run.json
e3b0c44298fc1c149afbf4c8996fb92427ae41e4649b934ca495991b7852b855	0	screening-v1/batch-0581/stderr.txt
d2c78a545e32f0911bd2c76dbdd83468b9a3b1be5d9b9cce350f43402b49ed18	86	screening-v1/batch-0581/submit_screening
271829db39b75106ca6e80986410b191d127aa816391ebab9ac8ed8061aea210	8465	screening-v1/batch-0581/trace.jsonl
ec3aca7205b87190e74ce13627c1892757562ae6fe6e0f6ebbc45043b765947d	5376	screening-v1/batch-0582/batch.json
a5fcdf54b6f21901c6d204a176748dcaa791e72f20107d01a76711bddbe334d2	3939	screening-v1/batch-0582/decisions.jsonl
d2d159238b775a00db4b5fd135f20b4b892ed648fd8c60ba7d65800597ada474	66	screening-v1/batch-0582/final.txt
5b1aa3af7306c68c5ab1efd998e9ef19503b7b11b6d454685bc0b8afe46e5098	44286	screening-v1/batch-0582/input.md
3dc58c5b707181dbc5335579a9cc7ad7ccf9eeb69f9e7cf1fd51f5ec1fbe7b92	450	screening-v1/batch-0582/run.json
e3b0c44298fc1c149afbf4c8996fb92427ae41e4649b934ca495991b7852b855	0	screening-v1/batch-0582/stderr.txt
d2c78a545e32f0911bd2c76dbdd83468b9a3b1be5d9b9cce350f43402b49ed18	86	screening-v1/batch-0582/submit_screening
5c6547977101669eaf1758094666fb2baa5c01072221c09e494379bbc02bd65c	8942	screening-v1/batch-0582/trace.jsonl
4c97a92fd1a675f74ad44bb783812feccaa41a4f003c4b9fa0b4fc8a86aee5e2	5560	screening-v1/batch-0583/batch.json
b94d68a7e81475948ec065f8bb2f42227aae19178d8e8fafd66a14d58f4cc5e2	3492	screening-v1/batch-0583/decisions.jsonl
f3ee37e2152014110676a675d2f62adefef8a9d64347ccb8d0e81e65920cf8db	67	screening-v1/batch-0583/final.txt
d7d876808ce2c0d30ba5a823383bb36592b7b525336a65f50dea8e66a9f6c5e7	42054	screening-v1/batch-0583/input.md
c8dd78dc442508dee1ba865f3fb78869867fbc2aebe4f376b2b50857b7c1b81e	450	screening-v1/batch-0583/run.json
e3b0c44298fc1c149afbf4c8996fb92427ae41e4649b934ca495991b7852b855	0	screening-v1/batch-0583/stderr.txt
d2c78a545e32f0911bd2c76dbdd83468b9a3b1be5d9b9cce350f43402b49ed18	86	screening-v1/batch-0583/submit_screening
fcf424baac490ddcb299beff79e788e7b432f6773e6361b0d7365c027cdfb31f	8188	screening-v1/batch-0583/trace.jsonl
e3173dd46edc3cdebec08fc8c3f4426e66148df3911b1f2be97d1d18ee66a87a	5339	screening-v1/batch-0584/batch.json
d160f1390ed4f4e59b969e1b2f21f22b02e424f788787f2c6290c92732dfb6ed	3600	screening-v1/batch-0584/decisions.jsonl
23a75b1ba4f65b54f62e596d1d6cdcf5f10199bb7d17da6ac2a15905a894247e	78	screening-v1/batch-0584/final.txt
831d1f1bf92cf7cefbaa65d185e65bf4b8530511ce0c81c356d6257b8dd6ccc6	39384	screening-v1/batch-0584/input.md
8b6c0ffb39432f6534e21a4d6667556cc87af1891f64af120178ea1be93d8d26	450	screening-v1/batch-0584/run.json
e3b0c44298fc1c149afbf4c8996fb92427ae41e4649b934ca495991b7852b855	0	screening-v1/batch-0584/stderr.txt
d2c78a545e32f0911bd2c76dbdd83468b9a3b1be5d9b9cce350f43402b49ed18	86	screening-v1/batch-0584/submit_screening
99200cf4bdf3db30d3e0452d8fbaca151d2cdd4707ad490c4b9f79a4c3e1a0c5	8625	screening-v1/batch-0584/trace.jsonl
e44ee857088be64d14dc7e0e93ef5a6f1a130901cc5b36ade06deb7ab48cbedb	5350	screening-v1/batch-0585/batch.json
53deb5603b07b9e9b92f9fb714bafdfa904951bbd4ff03f1c30e604b18eaafd0	3347	screening-v1/batch-0585/decisions.jsonl
8a7293b3e7626cd6aa853d9ed083ee9ac12aee8e8dbf625ca4913d6a3f7f61fa	83	screening-v1/batch-0585/final.txt
3c15ee64cde4c861054eade97acdd54390d7b0fbf23b3cbd44def322ce82fb96	43193	screening-v1/batch-0585/input.md
227a6ac2eef75d9c86dc8cbff5780d7b0a60f52f9af0fb247c4c382e597267e5	450	screening-v1/batch-0585/run.json
e3b0c44298fc1c149afbf4c8996fb92427ae41e4649b934ca495991b7852b855	0	screening-v1/batch-0585/stderr.txt
d2c78a545e32f0911bd2c76dbdd83468b9a3b1be5d9b9cce350f43402b49ed18	86	screening-v1/batch-0585/submit_screening
156a3dd1a084421dfd8efe0baeff4924e316567c9c4ef696bb694811b25355f1	7141	screening-v1/batch-0585/trace.jsonl
8c71dd1fef3844af3c12f8cc63b13e36b93ff53a02a17b4c2b28c1ce9ef9971d	5329	screening-v1/batch-0586/batch.json
12cac9988f4f281aa6e54f2145c12bb2e960399a6dc2554fd965d9768e3ee576	3573	screening-v1/batch-0586/decisions.jsonl
12bfc04b481060e14e256636c30ee7d70d6d1060b4debc9519c541a6666ade00	55	screening-v1/batch-0586/final.txt
99b27f4d244adc82abff7c800bf03c2a5d3d383f1d13f6a57170ee4e79adf818	39629	screening-v1/batch-0586/input.md
3c0b4ad0489fe5808621b5f64a5029466f92e3ec949221b81c7fe51c0373c104	450	screening-v1/batch-0586/run.json
e3b0c44298fc1c149afbf4c8996fb92427ae41e4649b934ca495991b7852b855	0	screening-v1/batch-0586/stderr.txt
d2c78a545e32f0911bd2c76dbdd83468b9a3b1be5d9b9cce350f43402b49ed18	86	screening-v1/batch-0586/submit_screening
cd93d5e5344e9ed2a3d2bbf20f0c41d0f6a0d0b3854c349f32e86d0d3e9c2aa1	8452	screening-v1/batch-0586/trace.jsonl
f6af063b966fdffc8525097e0b0915da717229671153acc74fbe40f65a1804df	5343	screening-v1/batch-0587/batch.json
f2c47030f3fcfea24358607d6100d7575abc1b216d20455217d9b4cc5fbc8b34	3692	screening-v1/batch-0587/decisions.jsonl
492c12f1cd05ca3e0ab5327c8fc0ad620f7a93ad4c1c746da54da955a8add1fb	74	screening-v1/batch-0587/final.txt
ca09e744863e6c9d44bf38bd300924172c84173e0a109c7332aeddb929722230	43546	screening-v1/batch-0587/input.md
56563a75e31d7634bffbe753002e6aed09904dd63b8500c64adae1aa22b06c9b	450	screening-v1/batch-0587/run.json
e3b0c44298fc1c149afbf4c8996fb92427ae41e4649b934ca495991b7852b855	0	screening-v1/batch-0587/stderr.txt
d2c78a545e32f0911bd2c76dbdd83468b9a3b1be5d9b9cce350f43402b49ed18	86	screening-v1/batch-0587/submit_screening
3a4cd3854d8375cfd0d521f77de5ed1ab52cc5221a7a692e25ee360ccb823631	8413	screening-v1/batch-0587/trace.jsonl
a9133f5bc1444fadfb71584e1b255e100b95668d3409d50960c229d43c90ff28	5281	screening-v1/batch-0588/batch.json
f5e26174b1d9522803047e2c5580ca7c20b11c7b40ac7144241b2e58e4ecad15	3819	screening-v1/batch-0588/decisions.jsonl
2dfa7fa5ebf7dba7962d601d3a58156bb87a6f8d578bdff0378b637afa7d3a99	62	screening-v1/batch-0588/final.txt
2f15d8cf53b45b850552c73d06720541262478399755703624fdce975793f8db	49068	screening-v1/batch-0588/input.md
e1848347bb8d521479bb9bd893d3c67a17bf5a34f6dc55d372d6fd1aa974512d	450	screening-v1/batch-0588/run.json
e3b0c44298fc1c149afbf4c8996fb92427ae41e4649b934ca495991b7852b855	0	screening-v1/batch-0588/stderr.txt
d2c78a545e32f0911bd2c76dbdd83468b9a3b1be5d9b9cce350f43402b49ed18	86	screening-v1/batch-0588/submit_screening
c9b93f9f91cc42befdd4e6d7463c9427906ac83bf9199f723aec81cf092a8aff	9392	screening-v1/batch-0588/trace.jsonl
6895895615d46fc5cfc0ac8aa67f22e827612d68104e44be4d6dc523be0ae4ff	10600	screening-v1/batch-0589/batch.json
0a47a40312d351f2a35a4e6c69b4fb168166087c0674fc320cc0a7828f0c6a1b	3346	screening-v1/batch-0589/decisions.jsonl
cf0c22cb98a8d7b0198b01c6418fa27c48963c506029294b047c29cbac487a69	77	screening-v1/batch-0589/final.txt
45e9b9cd4dce7e6bb2ea43cc7bacae9e8bef3edc63b48cec97354dbcce5a348f	48455	screening-v1/batch-0589/input.md
1bb474f0b7ce1e912fb19bdb2282252676f0aace30f9f05ece9da208ca6aadac	450	screening-v1/batch-0589/run.json
e3b0c44298fc1c149afbf4c8996fb92427ae41e4649b934ca495991b7852b855	0	screening-v1/batch-0589/stderr.txt
d2c78a545e32f0911bd2c76dbdd83468b9a3b1be5d9b9cce350f43402b49ed18	86	screening-v1/batch-0589/submit_screening
bf1a3b5cccb39b74eb7b69dec1c07ea5eb5e988642911c0efb632b3690e60c19	14192	screening-v1/batch-0589/trace.jsonl
14fa35846873ab6922858c996db8bd46a4dbba8bf4047f0401a38b67629e431a	6082	screening-v1/batch-0590/batch.json
6bdcb88516433ac0bf32cd02bc6cc96458cd2b9b568b454521648d3b5b13281b	3705	screening-v1/batch-0590/decisions.jsonl
af4f0344beb3adca4142f815fb4429ef9104c95b06fbafdd7c7e5304fabb1dcc	57	screening-v1/batch-0590/final.txt
8a9a908abc33fd266898282ceac6a1f82af4183c0b51e3f3ccfd799e9a63b22c	45581	screening-v1/batch-0590/input.md
3aa4772c304e3ef0dd2992a4abe133ca8a8b0d66b7212c6a68cb7d8f5005a7fb	450	screening-v1/batch-0590/run.json
e3b0c44298fc1c149afbf4c8996fb92427ae41e4649b934ca495991b7852b855	0	screening-v1/batch-0590/stderr.txt
d2c78a545e32f0911bd2c76dbdd83468b9a3b1be5d9b9cce350f43402b49ed18	86	screening-v1/batch-0590/submit_screening
df35ae1eaabf03bfc1795177bbb5e4edf01f48d649da1ee3a8b64a9e267810c0	8938	screening-v1/batch-0590/trace.jsonl
11a05b2c6dc4478e755e675a3d7036fb3ce1e486254e87b87baf91cee2c3a005	5291	screening-v1/batch-0591/batch.json
11286d4727cea39c90bcce2204bc299b041e5f2bd3179921325a06d2bacc6a3d	3323	screening-v1/batch-0591/decisions.jsonl
abbd2442d4ebdf60b137ba02f9649114a3e71b069d7de09a24bed6338c159a62	70	screening-v1/batch-0591/final.txt
8b684ce596a8073603656e2699e6dc487a0979f116b6a5f4b9dc83a76909cbc5	41279	screening-v1/batch-0591/input.md
93360f77c4189afc18c0174ea6e11fdfaef922d34bea60f0ab997cbc6ad5dd6a	450	screening-v1/batch-0591/run.json
e3b0c44298fc1c149afbf4c8996fb92427ae41e4649b934ca495991b7852b855	0	screening-v1/batch-0591/stderr.txt
d2c78a545e32f0911bd2c76dbdd83468b9a3b1be5d9b9cce350f43402b49ed18	86	screening-v1/batch-0591/submit_screening
301bf988535d28b29aad8da7c8f62dd5361755eee73b61363d148b1bbc50d182	7823	screening-v1/batch-0591/trace.jsonl
814e0d4618fbf45f1844d9984d71a5a055abdb4f4b3771e3271fa3e47e3b232b	5509	screening-v1/batch-0592/batch.json
73bec18268c2f4ea2b957ef3c959dbea5334486a29b1b31a48922b2c2bb13731	3473	screening-v1/batch-0592/decisions.jsonl
38e1c967707a6e5e63786288af937d1ecbc9ec8049257d86abb412c71b124227	65	screening-v1/batch-0592/final.txt
b185cd720dd2b3f442c242b0fe52c580498cffc2c0114b496e4bcff1eb1c1ea8	44761	screening-v1/batch-0592/input.md
e643304c01ca8c0c07be2aaccfbbb8db2f3b0620c8d1e6aa5cd99d172b9fdf63	450	screening-v1/batch-0592/run.json
e3b0c44298fc1c149afbf4c8996fb92427ae41e4649b934ca495991b7852b855	0	screening-v1/batch-0592/stderr.txt
d2c78a545e32f0911bd2c76dbdd83468b9a3b1be5d9b9cce350f43402b49ed18	86	screening-v1/batch-0592/submit_screening
897a0a3ccd9cbcde4753dfaefb409f050c1d9a7bfdff1fb60e2589b0626d4ac3	7514	screening-v1/batch-0592/trace.jsonl
2169439f4fd7b28f717ec28aabad04df9be38605a26575b9700f87a9573deaba	5849	screening-v1/batch-0593/batch.json
f705bd8f33046567e34232dd50eec72c55a9e71487770679cb08d9897b50955b	3925	screening-v1/batch-0593/decisions.jsonl
01da75f35c59f3599b00edb2a467cb0f97025f4318d73f3506ab8416bc9e981c	83	screening-v1/batch-0593/final.txt
166d755960b523b377852a6aeb9833651c14a5f748b94ce2390cef3ab3db6adb	45633	screening-v1/batch-0593/input.md
db2d5f1263e508c1446c83b557716ad8f2d9106e04378ff44d365c2a5a1855e3	450	screening-v1/batch-0593/run.json
e3b0c44298fc1c149afbf4c8996fb92427ae41e4649b934ca495991b7852b855	0	screening-v1/batch-0593/stderr.txt
d2c78a545e32f0911bd2c76dbdd83468b9a3b1be5d9b9cce350f43402b49ed18	86	screening-v1/batch-0593/submit_screening
16c69f3f8556699e65eff968024b77fa7705718f01a784a3681fced863333daa	8479	screening-v1/batch-0593/trace.jsonl
1cdbbefe3d8ead4cddd74e8ea53551877c17109be6933c75614d3a70770f889d	5256	screening-v1/batch-0594/batch.json
d2a084e6691a4b2318ffc427976c556f44047b9323236a22dd10b3cde22eb12b	3410	screening-v1/batch-0594/decisions.jsonl
057665454462b2baea8696ca9e229efd1855cef45a68f2d94ef320623d7dceca	79	screening-v1/batch-0594/final.txt
562960949d32683948a61f46f82bf7327746610b2abd33760f34adc07369ba92	42090	screening-v1/batch-0594/input.md
d02e70137efac23f501e7696a91264745234e536ec0ef48bdcdb8893f3701b45	450	screening-v1/batch-0594/run.json
e3b0c44298fc1c149afbf4c8996fb92427ae41e4649b934ca495991b7852b855	0	screening-v1/batch-0594/stderr.txt
d2c78a545e32f0911bd2c76dbdd83468b9a3b1be5d9b9cce350f43402b49ed18	86	screening-v1/batch-0594/submit_screening
7a871dbeb4c39246376bbb8e34e871811ecef5dfdf1b7f52ce379ef67127e55f	8001	screening-v1/batch-0594/trace.jsonl
2cdd0ec89beafba061565b37e19b4d91d76441768909fcc623fba8602546c54c	5272	screening-v1/batch-0595/batch.json
d10a6eec0740b2c46847d7fee315a97293b018e835653ac542bdede8c560eafa	3635	screening-v1/batch-0595/decisions.jsonl
b52d2d9830fee9e6ab81789a2e295064c29de07e203f83292c3fc34b6843f58d	78	screening-v1/batch-0595/final.txt
7d935f6a85941b42df9fe2ed7fcde29d70d752f31d8a41fad8afd0a8d894b0d8	47355	screening-v1/batch-0595/input.md
6bbcdbb58b1fb506bd93b375d1c2d74c42888e6a3325c8b6636505770f765ade	450	screening-v1/batch-0595/run.json
e3b0c44298fc1c149afbf4c8996fb92427ae41e4649b934ca495991b7852b855	0	screening-v1/batch-0595/stderr.txt
d2c78a545e32f0911bd2c76dbdd83468b9a3b1be5d9b9cce350f43402b49ed18	86	screening-v1/batch-0595/submit_screening
bf2cb4a57c205344c74d549cd47bd8c925ad88bf9db5401138c9e6be43b822f9	8510	screening-v1/batch-0595/trace.jsonl
eebd5165b3aba9ab0af584e97ff0a98b911516dc412a0461cc677fefa1f705e0	5261	screening-v1/batch-0596/batch.json
2171b5b77612946b50f0b5dd459bc7db3546b3d8f157bdff4f8355970c8690f5	3828	screening-v1/batch-0596/decisions.jsonl
b52d2d9830fee9e6ab81789a2e295064c29de07e203f83292c3fc34b6843f58d	78	screening-v1/batch-0596/final.txt
c8a336f12c40a4423a33f132179e42ec91683d0db4343e67f42bf41d82e81627	37971	screening-v1/batch-0596/input.md
ccf4b5345fb5c4b4ff1d72bc75f4d40fa1a594df76dd5fdcdf161afebe6055e7	450	screening-v1/batch-0596/run.json
e3b0c44298fc1c149afbf4c8996fb92427ae41e4649b934ca495991b7852b855	0	screening-v1/batch-0596/stderr.txt
d2c78a545e32f0911bd2c76dbdd83468b9a3b1be5d9b9cce350f43402b49ed18	86	screening-v1/batch-0596/submit_screening
816a05a7299e737b058609962b02a023719022f287f9802a0ae0361ad2acbdf0	8691	screening-v1/batch-0596/trace.jsonl
c8a77bdb6078cdaec776e6f6125173b2d7108194a973249d25be368e91ade305	5366	screening-v1/batch-0597/batch.json
82eee991592d24be547386003b283b3c144c7e75f20fac39b4cfc1d42ae6a1db	3313	screening-v1/batch-0597/decisions.jsonl
ca5731caf5dbb937b2052a49bd6f81f90ac949d6374326ce9c8cf58f6eb820f4	83	screening-v1/batch-0597/final.txt
cd3beb17c274427aace90445110074e99630ac56511805d4b3b7be8da0519f42	41448	screening-v1/batch-0597/input.md
83e06288e6233f3f1012f0b40e6386dc2f96d34d6707ec1fa8c8c03d224240c6	450	screening-v1/batch-0597/run.json
e3b0c44298fc1c149afbf4c8996fb92427ae41e4649b934ca495991b7852b855	0	screening-v1/batch-0597/stderr.txt
d2c78a545e32f0911bd2c76dbdd83468b9a3b1be5d9b9cce350f43402b49ed18	86	screening-v1/batch-0597/submit_screening
11271e037db65b233f9c80c98c1930d8e092f82f6f480a250042da57862baa67	8004	screening-v1/batch-0597/trace.jsonl
305605b72956727e2309647e0ee2f2c0fcea17c7fd33aaa07f8106a312ca9023	5565	screening-v1/batch-0598/batch.json
f2204e5af0085cdae1c1c31a31d05567e801155659723464eaf9c149a38ac345	3630	screening-v1/batch-0598/decisions.jsonl
67e1405cca3676492de054f7a4efaab8b1b443f6ee82a04a74b4d9d782548c5d	89	screening-v1/batch-0598/final.txt
469b9f72b59d6abce5a6d8e67e070ae92511895ca35f140e5b16b4105babfec9	44201	screening-v1/batch-0598/input.md
73a7bcd78969303acb30eb948a651403da0d0303d555f7c19b38032bc06f716c	450	screening-v1/batch-0598/run.json
c88364a20b030a143163fe41513ee5a35fa958fb052e5247e2611fcb2e5b9e7d	385	screening-v1/batch-0598/stderr.txt
d2c78a545e32f0911bd2c76dbdd83468b9a3b1be5d9b9cce350f43402b49ed18	86	screening-v1/batch-0598/submit_screening
5436dbd60c19652151d851587907a86e1856946cf3e0982718405c0c8dea764f	15341	screening-v1/batch-0598/trace.jsonl
6361d41cc5a300322431cf4d6535458205bd4b0a10cf462ea0032f88e967c003	5273	screening-v1/batch-0599/batch.json
8acd3da7294a7b2fb8b4fc5eee5c623fae34a079c55b3a095443aa31ac342692	3488	screening-v1/batch-0599/decisions.jsonl
ca5731caf5dbb937b2052a49bd6f81f90ac949d6374326ce9c8cf58f6eb820f4	83	screening-v1/batch-0599/final.txt
73e81d71e192d5915c422a93fe093ecfa70db96b921f226e0e4b303dd53302da	46318	screening-v1/batch-0599/input.md
9d1af9b4c3e003535da1545cda8f92712a377e1fdd05b073c7f198969234dd2b	450	screening-v1/batch-0599/run.json
e3b0c44298fc1c149afbf4c8996fb92427ae41e4649b934ca495991b7852b855	0	screening-v1/batch-0599/stderr.txt
d2c78a545e32f0911bd2c76dbdd83468b9a3b1be5d9b9cce350f43402b49ed18	86	screening-v1/batch-0599/submit_screening
4145de91eb24e87cce867a34e54a18e711c668bef89a893b1a384fd41a8876e8	8321	screening-v1/batch-0599/trace.jsonl
911d8b98bd0954a061f5c3bf75ef32a89c7c48ce487c0b216260d6bd5487d2bd	5496	screening-v1/batch-0600/batch.json
fb94101287e4a0a1b7122bebb9f414330bac44c80187f2c336fdbdeddcd55ac5	3306	screening-v1/batch-0600/decisions.jsonl
d2d159238b775a00db4b5fd135f20b4b892ed648fd8c60ba7d65800597ada474	66	screening-v1/batch-0600/final.txt
32eaad6990be09b2fef5c36463d88bf0b7e928aaf445e9bbe62fc512805dce4e	39921	screening-v1/batch-0600/input.md
8a7a83bc6aec95e13be1f15eda2837f235cf96d4a4d08007889e5142fa46cdce	450	screening-v1/batch-0600/run.json
e3b0c44298fc1c149afbf4c8996fb92427ae41e4649b934ca495991b7852b855	0	screening-v1/batch-0600/stderr.txt
d2c78a545e32f0911bd2c76dbdd83468b9a3b1be5d9b9cce350f43402b49ed18	86	screening-v1/batch-0600/submit_screening
5220a95c6d8d4d72222c6185854b052d74583b58d4fa92ae2e59fe1db7b0b78a	7635	screening-v1/batch-0600/trace.jsonl
77ce95c7b1869a35e0c0f85db0f67bd82007a46292cdfc186797150b705c8ba4	5515	screening-v1/batch-0601/batch.json
d7fe03bd2c50050ef54bb88f81a79a3a9be85c97f250d7bfec8253f214cf2496	3632	screening-v1/batch-0601/decisions.jsonl
da5c34814c640551498a33d38f7660766a1ca42695e86f6fdf543aecf2044cf7	86	screening-v1/batch-0601/final.txt
00357bdc2f9b7c76fa2ab2c337d6825dcace9f67fb0ebe8ddba2b8e32b887129	42096	screening-v1/batch-0601/input.md
2b686a54b5bc7913b2f3a01293c2eec0bd87610c5283bb07ab615c175d7c5019	450	screening-v1/batch-0601/run.json
e3b0c44298fc1c149afbf4c8996fb92427ae41e4649b934ca495991b7852b855	0	screening-v1/batch-0601/stderr.txt
d2c78a545e32f0911bd2c76dbdd83468b9a3b1be5d9b9cce350f43402b49ed18	86	screening-v1/batch-0601/submit_screening
8ea98828d099d37c1bc3049c55d0da4ea3cc2abc1fee11fba3ac14762528dfa7	8346	screening-v1/batch-0601/trace.jsonl
ebef4a2350bf35f2ba375eeac1d1f782a9cbc227b551153cc6d38d8c21faae5c	5309	screening-v1/batch-0602/batch.json
fd81fdc1b640121381abfdfef08987179ac25377bf922e93268bb1c1b2c658da	3644	screening-v1/batch-0602/decisions.jsonl
3f4a2dc23055ece6adc8f78e51ff19879c5f4cbbba89d75be27f172f164c74f7	78	screening-v1/batch-0602/final.txt
3e5471d8055111377e37369bf55ac2eb18e7b590b6e9a6dc51fdd2a6c7ef39f7	45203	screening-v1/batch-0602/input.md
f52b798a7be032d2002c96aa191d80789cc50bf045e622b276d42364f87d88d1	450	screening-v1/batch-0602/run.json
e3b0c44298fc1c149afbf4c8996fb92427ae41e4649b934ca495991b7852b855	0	screening-v1/batch-0602/stderr.txt
d2c78a545e32f0911bd2c76dbdd83468b9a3b1be5d9b9cce350f43402b49ed18	86	screening-v1/batch-0602/submit_screening
f029b1227b294c059e73c6f8d22a89eff4a9e81f9932bdb87365d30414a77860	8547	screening-v1/batch-0602/trace.jsonl
37ded9c25a7018a6e65477ac2465df1faf7d91331ac16cfb5cd0d839db6bc3eb	5381	screening-v1/batch-0603/batch.json
fbda3fc92efee9a2aa100e428433123614dbd72e8d3923b7ead8e2c8b236d958	4017	screening-v1/batch-0603/decisions.jsonl
06c8a354437ec1e2a18c694d64366c99c1abe3674e810e8e610a5c7cbe15ed5d	44	screening-v1/batch-0603/final.txt
8980415b4a98c3a96166736134c31a0bcef5d319fe717a9be76bfc2737d96c52	58934	screening-v1/batch-0603/input.md
97310526505e7ffc6521bcad1c903893036ce6e52fee56abbe686d4c5c922ceb	450	screening-v1/batch-0603/run.json
e3b0c44298fc1c149afbf4c8996fb92427ae41e4649b934ca495991b7852b855	0	screening-v1/batch-0603/stderr.txt
d2c78a545e32f0911bd2c76dbdd83468b9a3b1be5d9b9cce350f43402b49ed18	86	screening-v1/batch-0603/submit_screening
b99d7ea1e8f851dff850165b2b8d126bb070a2733f8d0825d3ad6dfa85d0c542	15552	screening-v1/batch-0603/trace.jsonl
046ce6bb12373752f84406f0b1f79ada50b8fb3e139d37bbb988ef0334cae6c7	5311	screening-v1/batch-0604/batch.json
d8387e6b9a77c0b458afd6de4084b935d3dc086780f4df0ce892596b0504ad68	3270	screening-v1/batch-0604/decisions.jsonl
3f1ee12ac48ed70808e98e6b24c3fa3f023e9e17a3ed5fa6e9acef46a979db40	75	screening-v1/batch-0604/final.txt
a59c753f1805ac6a2a7a51e9d1086f5af12afddb5259cf546b84eda766a7a179	44179	screening-v1/batch-0604/input.md
b149fadd21321412d0c7cde5d8f50424ad51dcd686b7d86ddbaf9caca05a4ca5	450	screening-v1/batch-0604/run.json
e3b0c44298fc1c149afbf4c8996fb92427ae41e4649b934ca495991b7852b855	0	screening-v1/batch-0604/stderr.txt
d2c78a545e32f0911bd2c76dbdd83468b9a3b1be5d9b9cce350f43402b49ed18	86	screening-v1/batch-0604/submit_screening
6e65b2f3301ade76709fe2b384674bc0e7eb27a6a0bb8dc8ee8d8dbaa3bfc639	8207	screening-v1/batch-0604/trace.jsonl
ef22df7f34350fa8660ac91a980326065189005bd02331078def16ead8a62d08	5513	screening-v1/batch-0605/batch.json
9683a4e0df1d12c380d79f997b077eafab8e2b1e4e4f06e7cad7191c289dac34	3768	screening-v1/batch-0605/decisions.jsonl
01da75f35c59f3599b00edb2a467cb0f97025f4318d73f3506ab8416bc9e981c	83	screening-v1/batch-0605/final.txt
e5dc74eb5472e35e066fd4438ef2d4dd9705c725258789e804fd0dd0e8005bba	46954	screening-v1/batch-0605/input.md
0909cd76cfa992578f4cf4275921ef6c4e6b379fa32d521536c34ebd6cb1a113	450	screening-v1/batch-0605/run.json
e3b0c44298fc1c149afbf4c8996fb92427ae41e4649b934ca495991b7852b855	0	screening-v1/batch-0605/stderr.txt
d2c78a545e32f0911bd2c76dbdd83468b9a3b1be5d9b9cce350f43402b49ed18	86	screening-v1/batch-0605/submit_screening
0f50b0cd855bfbe5e66415c3aa0683755b935e2e1f9e2fbe7f9e5949cce64c82	14887	screening-v1/batch-0605/trace.jsonl
f2c0ebcb808661c527d14738b9ca67ed78a638bfe93f1ae9db0ea87b54868ab4	5213	screening-v1/batch-0606/batch.json
ccb3209d1525d7cf9f47b85edd673ba24851fea893e5bd13f6aa71ca7154d390	3591	screening-v1/batch-0606/decisions.jsonl
0887b8646de2525941e76970d4be92dc9e4159f758e803b539b98c7395dfb0b6	78	screening-v1/batch-0606/final.txt
1519dead5e985d3aff4ef73fbd7994dddec45a80bfca7c172089876c8b039058	45642	screening-v1/batch-0606/input.md
70905fcbd7da4127c4c36398479859950e967b12957f54875f5ed43cd75c320f	450	screening-v1/batch-0606/run.json
e3b0c44298fc1c149afbf4c8996fb92427ae41e4649b934ca495991b7852b855	0	screening-v1/batch-0606/stderr.txt
d2c78a545e32f0911bd2c76dbdd83468b9a3b1be5d9b9cce350f43402b49ed18	86	screening-v1/batch-0606/submit_screening
a94c5b846b2e1169a8eeda6cb624b7507a58ee0cb1b4c2f627c351bf14ff7188	8222	screening-v1/batch-0606/trace.jsonl
804a579d9db776259ee10d65ff13ca92f97a39832cdf498505a380e0cb491f24	5126	screening-v1/batch-0607/batch.json
e6b832bbbae1e8f0a7fce1eca369493677bbe369e076768aebf01abeded4cb73	3676	screening-v1/batch-0607/decisions.jsonl
12bfc04b481060e14e256636c30ee7d70d6d1060b4debc9519c541a6666ade00	55	screening-v1/batch-0607/final.txt
b130b8e69deb8a1b5ecb3b966a38940e30fb73cef05daae7641f21c52ec614ab	43369	screening-v1/batch-0607/input.md
0c43f33a93141750b9ee50a8701739fb466c900c5d643e446e7b82acf76529de	450	screening-v1/batch-0607/run.json
e3b0c44298fc1c149afbf4c8996fb92427ae41e4649b934ca495991b7852b855	0	screening-v1/batch-0607/stderr.txt
d2c78a545e32f0911bd2c76dbdd83468b9a3b1be5d9b9cce350f43402b49ed18	86	screening-v1/batch-0607/submit_screening
ab99d022a8547028f1e02442197d5b42fd9a33f746e54894e8078e98eef607f4	8671	screening-v1/batch-0607/trace.jsonl
0fadd7d67aa3038272fcd61362bcf55079f9f6a57e456e3591a5ca331cfe5316	5531	screening-v1/batch-0608/batch.json
d8f7bb000794a9c2670ef8e700db6433b62e0cace5c879890213eb0adabaa1b2	3173	screening-v1/batch-0608/decisions.jsonl
d2d159238b775a00db4b5fd135f20b4b892ed648fd8c60ba7d65800597ada474	66	screening-v1/batch-0608/final.txt
2a2363afc02ab48d9f05bb13896d9d3dbd14d7df8bc12264761ddf3101c722c3	42593	screening-v1/batch-0608/input.md
5461756c0b66e764fa50158c6504622dfb725b418c836ceed9469d4ae851c1df	450	screening-v1/batch-0608/run.json
e3b0c44298fc1c149afbf4c8996fb92427ae41e4649b934ca495991b7852b855	0	screening-v1/batch-0608/stderr.txt
d2c78a545e32f0911bd2c76dbdd83468b9a3b1be5d9b9cce350f43402b49ed18	86	screening-v1/batch-0608/submit_screening
458b5bdd117ec5b9537cfa2bd8d9efd1c3256b16e422fb61a90ee7d997414a62	13687	screening-v1/batch-0608/trace.jsonl
076fb60ed84a5121e17ecb8ab53809874afced17a539269ec873c39d2480ec32	5707	screening-v1/batch-0609/batch.json
ad1dc3bb6217b8fcfd90c138e5a319fe3ca67a99187da6a8a941a6346d709468	3607	screening-v1/batch-0609/decisions.jsonl
cf0c22cb98a8d7b0198b01c6418fa27c48963c506029294b047c29cbac487a69	77	screening-v1/batch-0609/final.txt
80205bb754ec68ae8fc6c8ae8c06c54bfe569dc32de694aae0a20541a37bf779	53026	screening-v1/batch-0609/input.md
4483b201fde3dc3bb025a01cc9066d4121d3bac001d444b779a9f27fdef84898	450	screening-v1/batch-0609/run.json
e3b0c44298fc1c149afbf4c8996fb92427ae41e4649b934ca495991b7852b855	0	screening-v1/batch-0609/stderr.txt
d2c78a545e32f0911bd2c76dbdd83468b9a3b1be5d9b9cce350f43402b49ed18	86	screening-v1/batch-0609/submit_screening
4bd24b49cff9aa084fd6096dd25d0835bab01132caba75fc733f81e2fff09364	8586	screening-v1/batch-0609/trace.jsonl
048ae735d3ef8d601360f6b3272544e905fa4c257381080e6b1fef57f2a479c1	5459	screening-v1/batch-0610/batch.json
60652ce814845e6b2b322ec17b52fcd1eb473bdd1748d08bd98bae212fe46cd7	3770	screening-v1/batch-0610/decisions.jsonl
f5a27266bb0910fca907b1904c09287ce68e0dea75d743f62b73c5523e7b30c0	83	screening-v1/batch-0610/final.txt
d63a6d4334e97a471fe55214779efe645049ca361d67aaea588036c9e7cd94ea	42634	screening-v1/batch-0610/input.md
c33fead6c028b4b9e0f230ca29a2e1532a094e46a4015d4e7d1669cb5c9db876	450	screening-v1/batch-0610/run.json
e3b0c44298fc1c149afbf4c8996fb92427ae41e4649b934ca495991b7852b855	0	screening-v1/batch-0610/stderr.txt
d2c78a545e32f0911bd2c76dbdd83468b9a3b1be5d9b9cce350f43402b49ed18	86	screening-v1/batch-0610/submit_screening
bee504fda4e255d64af75e68e35f6a99c6e1be12eadd28b4f0cc19ba65074e2d	9336	screening-v1/batch-0610/trace.jsonl
af23e7468e3d8b3e43ff7299bc22fe2819ca18f76228deaeb490ae83385af7e1	5251	screening-v1/batch-0611/batch.json
66611234ad1bd40a329bccc7470013de19a4684b19511e7d2b2a55666e6942e4	3629	screening-v1/batch-0611/decisions.jsonl
06b79cb1cea53022f8cff55da8689a7945ae8e9ee0b69c229373200872bc3790	61	screening-v1/batch-0611/final.txt
e504b74a1f9cb51d41ad5ac85450fb2e0ef92f617013c64651718fbfc0c89774	44839	screening-v1/batch-0611/input.md
454096a980e6dc14007d5ebbe8ea95f16c69c504924640173b69b11b2a680d6b	450	screening-v1/batch-0611/run.json
e3b0c44298fc1c149afbf4c8996fb92427ae41e4649b934ca495991b7852b855	0	screening-v1/batch-0611/stderr.txt
d2c78a545e32f0911bd2c76dbdd83468b9a3b1be5d9b9cce350f43402b49ed18	86	screening-v1/batch-0611/submit_screening
7f62ce40e6b4d0e3798ac8d7b1ccaa902ce6aa90cd4a177283b0e68fb6e41d64	8044	screening-v1/batch-0611/trace.jsonl
d5514c2eb13933994bf40825c127bf762e0e52992ea9e39c5b387c5fcd218982	5700	screening-v1/batch-0612/batch.json
5baa43be6f386d28490279c53156fbd97ec7b628992fac4e40c361deea31768e	3549	screening-v1/batch-0612/decisions.jsonl
2e5d22bc5036d0ec9ff5033656bff921e0cc41a18277f26036e7036bb5c699b5	79	screening-v1/batch-0612/final.txt
3c43adb3efded862fc610be1386e57e0348fd5262098f02bbc0d2f033c578bb0	46355	screening-v1/batch-0612/input.md
dc5e310580844dc96f0cff4d2958a42ed80a7740438b15f78b31eaa1fe55bea4	450	screening-v1/batch-0612/run.json
e3b0c44298fc1c149afbf4c8996fb92427ae41e4649b934ca495991b7852b855	0	screening-v1/batch-0612/stderr.txt
d2c78a545e32f0911bd2c76dbdd83468b9a3b1be5d9b9cce350f43402b49ed18	86	screening-v1/batch-0612/submit_screening
88e33906b29a8895018854091f6f2cc16803b62271750db7c9090fcbc83d212d	8178	screening-v1/batch-0612/trace.jsonl
c422f45bdc415334b7c6d9b33a6ba9cfc7b11e27394a258fb88c4e336ad212f2	5537	screening-v1/batch-0613/batch.json
b48d55c51e9166dd6c512c8ab4a09166cfb8d58eeedddd786635e5f993efecf5	3407	screening-v1/batch-0613/decisions.jsonl
d2d159238b775a00db4b5fd135f20b4b892ed648fd8c60ba7d65800597ada474	66	screening-v1/batch-0613/final.txt
1aa2329e2d3a51c8b546f83aedec88c1587f5cb9aa16cd1d634bc717dfa88786	41156	screening-v1/batch-0613/input.md
9495239fa173502d5014e9d8946884956d23fbb02107e3f8f38a0735346dded0	450	screening-v1/batch-0613/run.json
e3b0c44298fc1c149afbf4c8996fb92427ae41e4649b934ca495991b7852b855	0	screening-v1/batch-0613/stderr.txt
d2c78a545e32f0911bd2c76dbdd83468b9a3b1be5d9b9cce350f43402b49ed18	86	screening-v1/batch-0613/submit_screening
8ddac5e94a432649678c82879d1d599c3ab130c1615006086c64e8ec59304092	7834	screening-v1/batch-0613/trace.jsonl
15f218bcbcc664a4bcd92be2fde6d0364194ac7cebe49f87f665e47b5ed97dee	5705	screening-v1/batch-0614/batch.json
117d8162572633edbc0893ab92d844f9c3bb5e65d5063c79c78e39b0324ff294	3821	screening-v1/batch-0614/decisions.jsonl
ca5731caf5dbb937b2052a49bd6f81f90ac949d6374326ce9c8cf58f6eb820f4	83	screening-v1/batch-0614/final.txt
887c8bd4b51ef24fa08906ef83680782fd6cba89738be936827e14dbce08eed4	44819	screening-v1/batch-0614/input.md
5ea1517964c0bdc99aedf9fe634074f24827a0b7a5dcd65e3c2c3fa243b90931	450	screening-v1/batch-0614/run.json
e3b0c44298fc1c149afbf4c8996fb92427ae41e4649b934ca495991b7852b855	0	screening-v1/batch-0614/stderr.txt
d2c78a545e32f0911bd2c76dbdd83468b9a3b1be5d9b9cce350f43402b49ed18	86	screening-v1/batch-0614/submit_screening
4877bb3484798410448668a93e77896116b593a5b78931189777c8e6af456184	9008	screening-v1/batch-0614/trace.jsonl
e8ebc0a86de14f9c477cb632a9b397a349f6be862d54a01ca23a29126799f757	5605	screening-v1/batch-0615/batch.json
d71f3ebdb6d05567563aad32f7224582e69c5b1030b99afa6e1cf72814251eb1	3911	screening-v1/batch-0615/decisions.jsonl
3f4a2dc23055ece6adc8f78e51ff19879c5f4cbbba89d75be27f172f164c74f7	78	screening-v1/batch-0615/final.txt
17da6ebd4973d64d8a714a69bb15fa49e4fc86c74b16dcb08238063f4df160fb	47680	screening-v1/batch-0615/input.md
2e76c3296d32301d92bad59513ea478aee57bcff5edcf9243e8aa340836dffc1	450	screening-v1/batch-0615/run.json
e3b0c44298fc1c149afbf4c8996fb92427ae41e4649b934ca495991b7852b855	0	screening-v1/batch-0615/stderr.txt
d2c78a545e32f0911bd2c76dbdd83468b9a3b1be5d9b9cce350f43402b49ed18	86	screening-v1/batch-0615/submit_screening
d7beffe1c5c90b0935265430efe02722dab9a045c65c73ed8a98d1d2374cc3c1	9181	screening-v1/batch-0615/trace.jsonl
6cdf7b4c8627a10b381871605ff2db0e26d2aa37315f4f227f67569b0e315360	5417	screening-v1/batch-0616/batch.json
5b59157dc12ca4a82d41526f3d1de0f1fb44fa70a035664fe1c090d4d1ee8839	3522	screening-v1/batch-0616/decisions.jsonl
17b7568d7a11148dbe3b669c4d00782e387a8bc9cef1840df591d1ea909f31c6	78	screening-v1/batch-0616/final.txt
b91b4b1a5a350116495231a5adc40f77e7f1eda39f0be82e208562ba6c1ae6f0	46749	screening-v1/batch-0616/input.md
cae5788d84b8a830c7787523142a6a9023f323cdf07449eb4656e4f471441894	450	screening-v1/batch-0616/run.json
e3b0c44298fc1c149afbf4c8996fb92427ae41e4649b934ca495991b7852b855	0	screening-v1/batch-0616/stderr.txt
d2c78a545e32f0911bd2c76dbdd83468b9a3b1be5d9b9cce350f43402b49ed18	86	screening-v1/batch-0616/submit_screening
b957979a82691693c7c1c4fdae0e4b1eb23c1f68a543681951689e28a181dc66	8072	screening-v1/batch-0616/trace.jsonl
cb09c5f2c7efff660e6c959f3bd984f0928f0e9ec4801d4606d881e710184079	5436	screening-v1/batch-0617/batch.json
4fcb70e7ae1a1194669569066a12a52331e5a8a02db61138b98fdbcced6a6afb	3892	screening-v1/batch-0617/decisions.jsonl
67e1405cca3676492de054f7a4efaab8b1b443f6ee82a04a74b4d9d782548c5d	89	screening-v1/batch-0617/final.txt
0a6ad3f55cbfd2381b6ce76465639432309c5b3da07d85c2f8d6681608e1fde4	41289	screening-v1/batch-0617/input.md
528e725e3ad6816fa52748b84a2f7580e2d5cec313b52e4908649ff5c7fa0ec7	450	screening-v1/batch-0617/run.json
e3b0c44298fc1c149afbf4c8996fb92427ae41e4649b934ca495991b7852b855	0	screening-v1/batch-0617/stderr.txt
d2c78a545e32f0911bd2c76dbdd83468b9a3b1be5d9b9cce350f43402b49ed18	86	screening-v1/batch-0617/submit_screening
725eb630a4cf4369c6b202d22448d2ff572c43089d7a499f49a40cdcdc7d9e37	9150	screening-v1/batch-0617/trace.jsonl
0dcc5f9394fcca399ad7c9c8e19ea130744cfa7981bed8089f5d4f5c4bfc5d29	5425	screening-v1/batch-0618/batch.json
fe0ab415e6cbe585135d796c38f89070aceb24d82e1949f98caaa2f059a57479	3642	screening-v1/batch-0618/decisions.jsonl
2e1193224ffcf8ddea34284147bf8123d2907f6a4b7793df9c6fd415e7a8202d	65	screening-v1/batch-0618/final.txt
e96768dc53cce5514b315c30925b5754d820e1e73ef5315bed1fb0e1c79e222f	43622	screening-v1/batch-0618/input.md
bc05ee6434348e3fac4fc41a552e634d10ed0e14c61f7ac2c838b255e12a8bcf	450	screening-v1/batch-0618/run.json
e3b0c44298fc1c149afbf4c8996fb92427ae41e4649b934ca495991b7852b855	0	screening-v1/batch-0618/stderr.txt
d2c78a545e32f0911bd2c76dbdd83468b9a3b1be5d9b9cce350f43402b49ed18	86	screening-v1/batch-0618/submit_screening
dab04ed2c8ce59f4b0aea0b4ecc3a586309dc5d0f455e2c5f6e9c6a0855ec461	8315	screening-v1/batch-0618/trace.jsonl
90e460101e634c68f465792eb2329014a05df4cf65defbf9096f562fee5cd020	5669	screening-v1/batch-0619/batch.json
4390255a3f08686e60b44ac4f5abfef7f8f5f10e7c5bc9c05b0a9c11f862fb65	3543	screening-v1/batch-0619/decisions.jsonl
9740f5e1dfbab8f3c9b63962bfdd269fa9f0fed21ebbd8aad37886e5f420c793	78	screening-v1/batch-0619/final.txt
3aef6f6d869b8e57ed452623f984e4b1c7b0c3cc74c677364d607fbef3db0014	42414	screening-v1/batch-0619/input.md
8c79e440fe9b0819e38f36947e5d0f8a89ddf0db72778d1a4c83ec1a940da914	450	screening-v1/batch-0619/run.json
e3b0c44298fc1c149afbf4c8996fb92427ae41e4649b934ca495991b7852b855	0	screening-v1/batch-0619/stderr.txt
d2c78a545e32f0911bd2c76dbdd83468b9a3b1be5d9b9cce350f43402b49ed18	86	screening-v1/batch-0619/submit_screening
1b1b1b0582fa75fa1d5a0f62e4206ef40abd3059cc3518af125d1b924f364bae	8597	screening-v1/batch-0619/trace.jsonl
78899d8d69fedbfca1e75f41cbea42175a8229feeccefcf7ffbeab72095e4b62	5314	screening-v1/batch-0620/batch.json
613539a1af112a7ff0b849b5777f61fa7dec0bb0896cc35f8a99bfb8134b1db9	3579	screening-v1/batch-0620/decisions.jsonl
3f4a2dc23055ece6adc8f78e51ff19879c5f4cbbba89d75be27f172f164c74f7	78	screening-v1/batch-0620/final.txt
745cde53757e0bb7e8e44887b2bc87cad24da9b52efe1d01738f410e25e4e7d8	44598	screening-v1/batch-0620/input.md
2bc52d4339b13ac8f63c14a950f23aebbcb0b6c09eb944035a1b7f3f6b8e844c	450	screening-v1/batch-0620/run.json
e3b0c44298fc1c149afbf4c8996fb92427ae41e4649b934ca495991b7852b855	0	screening-v1/batch-0620/stderr.txt
d2c78a545e32f0911bd2c76dbdd83468b9a3b1be5d9b9cce350f43402b49ed18	86	screening-v1/batch-0620/submit_screening
c7491e28abab4221a26861e1f52d6cd96ae95931204b871acc9b1678cabc1e6b	8597	screening-v1/batch-0620/trace.jsonl
2f453ec02cf579672a12e219bd49b84e29ec70ad57191257b5922c446023dfd2	5865	screening-v1/batch-0621/batch.json
467f6da35e66b47f84727ad7f3da0ebb94990a10c10a12da3e8c573baaa2cbf4	3672	screening-v1/batch-0621/decisions.jsonl
ca5731caf5dbb937b2052a49bd6f81f90ac949d6374326ce9c8cf58f6eb820f4	83	screening-v1/batch-0621/final.txt
9a35f8db29e424e527fbddc2c1e4541c112e236d305fe3386ea9464f8c58cd57	42682	screening-v1/batch-0621/input.md
415da71e57d47e40899a0cdb58a0b2fccdff0cae973a8c11d52156e5f35f9864	450	screening-v1/batch-0621/run.json
e3b0c44298fc1c149afbf4c8996fb92427ae41e4649b934ca495991b7852b855	0	screening-v1/batch-0621/stderr.txt
d2c78a545e32f0911bd2c76dbdd83468b9a3b1be5d9b9cce350f43402b49ed18	86	screening-v1/batch-0621/submit_screening
a92d5e127b36c92ff920384f43f82b1d434dbac44b267d4c88f1a7776084d2da	14720	screening-v1/batch-0621/trace.jsonl
38efefa25d383e0517f4be919fff4655f1beb2cde9d0a67ecebd93df94102a63	5463	screening-v1/batch-0622/batch.json
c633d3a401e9e9f16caab05dd990d8d3c0e1b580dbcf32b60fa04a8069c7a0df	3326	screening-v1/batch-0622/decisions.jsonl
3f4a2dc23055ece6adc8f78e51ff19879c5f4cbbba89d75be27f172f164c74f7	78	screening-v1/batch-0622/final.txt
140a99579d487fa10a7a9d4adb3191b394aa64023221218e6a1bd055ea259abc	41179	screening-v1/batch-0622/input.md
fe74c2ab9cd432001483c9789516c0dc09c6f942fcac67e9c504fe1c42622b1b	450	screening-v1/batch-0622/run.json
e3b0c44298fc1c149afbf4c8996fb92427ae41e4649b934ca495991b7852b855	0	screening-v1/batch-0622/stderr.txt
d2c78a545e32f0911bd2c76dbdd83468b9a3b1be5d9b9cce350f43402b49ed18	86	screening-v1/batch-0622/submit_screening
af61d47a54a366a4a1dadf568fded42d43733bddaf0557153ff05f7555e4cf2b	7864	screening-v1/batch-0622/trace.jsonl
81eb61e6364f7b4f18764a8275d0ccade3c2fa5e20c40ec988cc88f0b9b8c764	5766	screening-v1/batch-0623/batch.json
1f6a4a838c6a08113709a4fe57353d2c7ac34c105e49b96d1c367d4611cbf3a4	3554	screening-v1/batch-0623/decisions.jsonl
d2d159238b775a00db4b5fd135f20b4b892ed648fd8c60ba7d65800597ada474	66	screening-v1/batch-0623/final.txt
8c29b52ff23c71393b1bd22de624db65e7f0d69fd92c84202202015a636d38d7	46957	screening-v1/batch-0623/input.md
d945041268d7189b00bee42a1d05e29c1c13c5bf696bd2d3da755f8aa888b13b	450	screening-v1/batch-0623/run.json
e3b0c44298fc1c149afbf4c8996fb92427ae41e4649b934ca495991b7852b855	0	screening-v1/batch-0623/stderr.txt
d2c78a545e32f0911bd2c76dbdd83468b9a3b1be5d9b9cce350f43402b49ed18	86	screening-v1/batch-0623/submit_screening
e87f7448051b9e1481fddfd28f943329fa67575452fbfe59fd8b2ef11a03e6ec	8032	screening-v1/batch-0623/trace.jsonl
7dad0611f01831e9aca5757aeecdaa141748361e924578ef2713a94d303fd243	5432	screening-v1/batch-0624/batch.json
87d8657093f7c2eef990ab64691dc4961e2b42eb5e4081421a39d9989259184d	3541	screening-v1/batch-0624/decisions.jsonl
d8d3f566fa79885f3f0c2f869c71abc9ecdb2a116da1a9ce4ea8db8df8497254	70	screening-v1/batch-0624/final.txt
55a20c69208467eb0ad0aedabb75d380f93c7d9d11117707b40582e85623ab23	44610	screening-v1/batch-0624/input.md
5c1eee34ba6b4fa273a4067529de0bd2186647c9dda57f3a0c2eea30cdf32588	450	screening-v1/batch-0624/run.json
e3b0c44298fc1c149afbf4c8996fb92427ae41e4649b934ca495991b7852b855	0	screening-v1/batch-0624/stderr.txt
d2c78a545e32f0911bd2c76dbdd83468b9a3b1be5d9b9cce350f43402b49ed18	86	screening-v1/batch-0624/submit_screening
8ff8cd05ca101dfd363e93d49be49b0f27345d19fca7ba0aed6d1c830249919d	7946	screening-v1/batch-0624/trace.jsonl
7ab0127332c5277eee63d01ad0adef521d6a4eaf4dbb761e1f96f16bc872ff52	5642	screening-v1/batch-0625/batch.json
68eba3b17cc5fe41b9319056ab2c6f7adeca839bd447bf3a8029ca91ff125bbe	3534	screening-v1/batch-0625/decisions.jsonl
e7708afc385b8f5704992179280a846acc725e6c2e0662b387f8ce0b63d9d117	78	screening-v1/batch-0625/final.txt
1a7cf429e937fd53820c380446fbcbd9db98d36eeff07b69fd600937858cedf8	47762	screening-v1/batch-0625/input.md
ce41ac2fda597e3d3efc5bbc3c20f23d51841e08abc88ddb231b524ea10badbf	450	screening-v1/batch-0625/run.json
e3b0c44298fc1c149afbf4c8996fb92427ae41e4649b934ca495991b7852b855	0	screening-v1/batch-0625/stderr.txt
d2c78a545e32f0911bd2c76dbdd83468b9a3b1be5d9b9cce350f43402b49ed18	86	screening-v1/batch-0625/submit_screening
8a3dc0e16f6ec42a59445f6279a1c9210ec7c2bda8e0b07fa251e9beea7f2ee6	14380	screening-v1/batch-0625/trace.jsonl
ecb8bda49f96377ccda7025bb3376d761ba9c5cf7183a197a7b7a90f990b302b	5500	screening-v1/batch-0626/batch.json
31c47a6914f7c9af140d6b01c7f491acd6a77d16fb9f9df486f036821dbcc51b	3437	screening-v1/batch-0626/decisions.jsonl
23a75b1ba4f65b54f62e596d1d6cdcf5f10199bb7d17da6ac2a15905a894247e	78	screening-v1/batch-0626/final.txt
3f4c14f002a13eb680bccf9254f79d45eb0efd42b6c6b9d34c7f764d8a64ac4a	42406	screening-v1/batch-0626/input.md
4ce98c2305abecf96de92dba1de226659fdd4bbf8ae624a1763dccf95d705371	450	screening-v1/batch-0626/run.json
e3b0c44298fc1c149afbf4c8996fb92427ae41e4649b934ca495991b7852b855	0	screening-v1/batch-0626/stderr.txt
d2c78a545e32f0911bd2c76dbdd83468b9a3b1be5d9b9cce350f43402b49ed18	86	screening-v1/batch-0626/submit_screening
15e4cdf23a1f268e766c9e1fc313d11bf553985387107beb9fce5643b1abe7c6	8245	screening-v1/batch-0626/trace.jsonl
543cdb716edf6d77589619719376491ec22a9aeb328df173fa6d75e5c6a49465	5644	screening-v1/batch-0627/batch.json
a2429e05e0b7ec6fddd2cf7d6faeb9cadbb5c3743bb1b4b770f19c0f2257bf9e	3610	screening-v1/batch-0627/decisions.jsonl
d2d159238b775a00db4b5fd135f20b4b892ed648fd8c60ba7d65800597ada474	66	screening-v1/batch-0627/final.txt
705aa41f25d4cd635e0ac7bd16e96cc1e45c1f1b54414f0e270f0479ac4c453f	46619	screening-v1/batch-0627/input.md
933de0ad49c0f94af9747b78695897fe7883f99eb73ccdcdd2c88994c5e62d80	450	screening-v1/batch-0627/run.json
e3b0c44298fc1c149afbf4c8996fb92427ae41e4649b934ca495991b7852b855	0	screening-v1/batch-0627/stderr.txt
d2c78a545e32f0911bd2c76dbdd83468b9a3b1be5d9b9cce350f43402b49ed18	86	screening-v1/batch-0627/submit_screening
0782485a10aa000cc87c0c0957a6140f3c9af733998424fa2f60623d891ec29f	10873	screening-v1/batch-0627/trace.jsonl
785821256456c0ff94a1e8db75328845d2b606db29949e78891adb42f5cb591a	5628	screening-v1/batch-0628/batch.json
1eeec0c57a8b8d2770316663c18f08e187355d8aa4da92f4b5618ff10971ce59	3710	screening-v1/batch-0628/decisions.jsonl
d2d159238b775a00db4b5fd135f20b4b892ed648fd8c60ba7d65800597ada474	66	screening-v1/batch-0628/final.txt
8e0d2f69d0483c8d0600dea5a94ad6c8ad0e684e6103eb4df87e66ffe4db0274	47465	screening-v1/batch-0628/input.md
6611fd3cf88a473de1289008728b246d3f3e1de37a693b29d2ce8a86cfba172b	450	screening-v1/batch-0628/run.json
e3b0c44298fc1c149afbf4c8996fb92427ae41e4649b934ca495991b7852b855	0	screening-v1/batch-0628/stderr.txt
d2c78a545e32f0911bd2c76dbdd83468b9a3b1be5d9b9cce350f43402b49ed18	86	screening-v1/batch-0628/submit_screening
fd8b67100ff22dda6952ddf8c8cb41b2891bbb9e07c6ff4e926212d29a93939a	14779	screening-v1/batch-0628/trace.jsonl
94ebdd25a85b56745bbc62f7679afd6fd57f09d8db86fcd7de9d009a0186ed0d	5494	screening-v1/batch-0629/batch.json
a2860e852dc45d2e2a0b00543ea2590d865c6cb35d419e7e074bfe691e929e81	3594	screening-v1/batch-0629/decisions.jsonl
3f4a2dc23055ece6adc8f78e51ff19879c5f4cbbba89d75be27f172f164c74f7	78	screening-v1/batch-0629/final.txt
b7d85030f34674f886a78f63cdb8ae17da95b080575266ae0edd33dd92561b90	47471	screening-v1/batch-0629/input.md
0c379b10b4b1331a231848ab9444725b40d439c61bd30a826b23853be71b8778	450	screening-v1/batch-0629/run.json
e3b0c44298fc1c149afbf4c8996fb92427ae41e4649b934ca495991b7852b855	0	screening-v1/batch-0629/stderr.txt
d2c78a545e32f0911bd2c76dbdd83468b9a3b1be5d9b9cce350f43402b49ed18	86	screening-v1/batch-0629/submit_screening
6d53506624668d584af07d7e417639e3a26c125ed95245788ab5e2b43bbd4883	8368	screening-v1/batch-0629/trace.jsonl
df5d3101837388ab357b3b9001920bc7c78a321b177cdf7b9e44ef16d858535f	5813	screening-v1/batch-0630/batch.json
7cdb01bc508d7429dec880de6b986109fc51a8da70bab77da715180db23ef7ec	3494	screening-v1/batch-0630/decisions.jsonl
a3e9c9b499170187592ce1a648caffbf205921ed424ab583bf1e142a3bfccc82	78	screening-v1/batch-0630/final.txt
b362e2bc2d3139486b9945c3eb76bb1d43775a1d07dde642efaa439f2dfceaf2	45594	screening-v1/batch-0630/input.md
317eccbe7122d4f49883e0c7083797f970f050cbc1172c994514bfd4421c73f4	450	screening-v1/batch-0630/run.json
e3b0c44298fc1c149afbf4c8996fb92427ae41e4649b934ca495991b7852b855	0	screening-v1/batch-0630/stderr.txt
d2c78a545e32f0911bd2c76dbdd83468b9a3b1be5d9b9cce350f43402b49ed18	86	screening-v1/batch-0630/submit_screening
2e1bea329d3746f258d57ba23733d84f289413372c8e4aca600405d379f12472	8185	screening-v1/batch-0630/trace.jsonl
27326756afecb58cda2209e84d20bb014547bdc441f3be791dd33a16b0b2771b	5428	screening-v1/batch-0631/batch.json
c0b05cb9f539a827febbbed7adbbfeab17b77185d208d7aacdde621694510ebf	3889	screening-v1/batch-0631/decisions.jsonl
a3e9c9b499170187592ce1a648caffbf205921ed424ab583bf1e142a3bfccc82	78	screening-v1/batch-0631/final.txt
621f35b7255c3bc91e5df4d67bf61f81d03b03900c0e355e54aa18d8a803e216	49379	screening-v1/batch-0631/input.md
25dd44304c53752576399b06ea681eb0d17f866f4f47bdfad5d155920166509a	450	screening-v1/batch-0631/run.json
e3b0c44298fc1c149afbf4c8996fb92427ae41e4649b934ca495991b7852b855	0	screening-v1/batch-0631/stderr.txt
d2c78a545e32f0911bd2c76dbdd83468b9a3b1be5d9b9cce350f43402b49ed18	86	screening-v1/batch-0631/submit_screening
a9c46a54bd946b64f8b5527542180fe71e738f8d41a9867b1db35be17e5dc74b	9129	screening-v1/batch-0631/trace.jsonl
036493f6cb41ca9e2e169c375c46acc2795180f9d29280255a31155ebe7d4288	5341	screening-v1/batch-0632/batch.json
e8f4158d7867e187c2e2be8a2b6ab7fdd9f710ec41cce76038139387934930d3	3397	screening-v1/batch-0632/decisions.jsonl
1d58b3dc6f238279235c08d11e19626f3e028911432aad80c3a071b2b29d9ae4	79	screening-v1/batch-0632/final.txt
4e29f9f7ff4db2f68b047f253e9fb1ee9cf6653e5c71bc10a2854a449bfd2a3e	44311	screening-v1/batch-0632/input.md
9260e9f912152fbf2c12be0d42d3bfcc989adab07e74266965966445259ec261	450	screening-v1/batch-0632/run.json
e3b0c44298fc1c149afbf4c8996fb92427ae41e4649b934ca495991b7852b855	0	screening-v1/batch-0632/stderr.txt
d2c78a545e32f0911bd2c76dbdd83468b9a3b1be5d9b9cce350f43402b49ed18	86	screening-v1/batch-0632/submit_screening
56bc4358a341dcade359c77ef965a9598047d397973844ffe1087b035100679c	9153	screening-v1/batch-0632/trace.jsonl
3c2757d04720d4c8e5407cba56fa393c909c5ae23aae1cee682585d21ff19e93	5472	screening-v1/batch-0633/batch.json
cdc57583f701bf7c5d7d3021be37fb39afcf0c36fb2525f60dde9ab7bec8f7bb	3645	screening-v1/batch-0633/decisions.jsonl
67e1405cca3676492de054f7a4efaab8b1b443f6ee82a04a74b4d9d782548c5d	89	screening-v1/batch-0633/final.txt
d522049754af2d166eea9c33e2fdafd432364294b3f05daf4f4b13f63165bcba	41779	screening-v1/batch-0633/input.md
56129f47adb0ec6688d16a9755c4344974aeb24dcf910121f109bdc2fdd629cf	450	screening-v1/batch-0633/run.json
e3b0c44298fc1c149afbf4c8996fb92427ae41e4649b934ca495991b7852b855	0	screening-v1/batch-0633/stderr.txt
d2c78a545e32f0911bd2c76dbdd83468b9a3b1be5d9b9cce350f43402b49ed18	86	screening-v1/batch-0633/submit_screening
4345dfad2fcb1f0581d884a45f712476b658bb31e19d31374e549d920b5cfea6	8331	screening-v1/batch-0633/trace.jsonl
29b200c2d8b55307c7841635fcb05f89e0aa4933c15dd081fe9ee3c779aa3e8b	5498	screening-v1/batch-0634/batch.json
4bd1ee2ff957d794b4f7b71481e747941a43ff7db7b02f8912ca1352ee760589	3666	screening-v1/batch-0634/decisions.jsonl
01da75f35c59f3599b00edb2a467cb0f97025f4318d73f3506ab8416bc9e981c	83	screening-v1/batch-0634/final.txt
266f1af3d221ef8d63d06d6e1d53628772f629dad5305929356263062d41bad2	48882	screening-v1/batch-0634/input.md
177d84274d25b8cde7653c8057d97aed02704077fe521a317a542c83161b69f4	450	screening-v1/batch-0634/run.json
e3b0c44298fc1c149afbf4c8996fb92427ae41e4649b934ca495991b7852b855	0	screening-v1/batch-0634/stderr.txt
d2c78a545e32f0911bd2c76dbdd83468b9a3b1be5d9b9cce350f43402b49ed18	86	screening-v1/batch-0634/submit_screening
600cbd8e73602b7c71a4863e458e0e3b48e4915976503e31ff2a550dc9555ec4	8292	screening-v1/batch-0634/trace.jsonl
d4d2a770d4f41839d9d4c61816e8b413cd21831cd3c48549e5c0172288b7e730	5621	screening-v1/batch-0635/batch.json
19558c80a30bacdc752409c26514775387a5091e970fedfc8efb4af51d921f2d	3309	screening-v1/batch-0635/decisions.jsonl
b8c44f6fdf21bc697005fcc1356e064ff29fb23749313057287d5419e21f5a00	82	screening-v1/batch-0635/final.txt
7e7cc0f4d3aff1ab3b4c307978651e6f72bdff3478fa7e79814866df86b5ef34	43905	screening-v1/batch-0635/input.md
d90f9663038490d3e14dc300a1f16032ce36cdb56438eefda85ad1e1d98c24d8	450	screening-v1/batch-0635/run.json
e3b0c44298fc1c149afbf4c8996fb92427ae41e4649b934ca495991b7852b855	0	screening-v1/batch-0635/stderr.txt
d2c78a545e32f0911bd2c76dbdd83468b9a3b1be5d9b9cce350f43402b49ed18	86	screening-v1/batch-0635/submit_screening
26682b05b737dcc4c4d9946b03a969f97ec27b7ffb88a8c15416b4161298b045	7984	screening-v1/batch-0635/trace.jsonl
c937751557ae9f16e1d30e55db9c711b38e2f8329d32e08fb3ca53692d138a06	5456	screening-v1/batch-0636/batch.json
97d42d1809e070f0d113b398a7de0410fe730a0f2257748c79186a42c7066b4b	3371	screening-v1/batch-0636/decisions.jsonl
06b79cb1cea53022f8cff55da8689a7945ae8e9ee0b69c229373200872bc3790	61	screening-v1/batch-0636/final.txt
caeb670c8711231872cd6ea584cd4396b4c0a8b10e7e468a01d43a3de4f7d4cc	44236	screening-v1/batch-0636/input.md
9cf5f202467b2e95a68a177316bf770e6d4d561fccc99ab12e09a595af3ae454	450	screening-v1/batch-0636/run.json
e3b0c44298fc1c149afbf4c8996fb92427ae41e4649b934ca495991b7852b855	0	screening-v1/batch-0636/stderr.txt
d2c78a545e32f0911bd2c76dbdd83468b9a3b1be5d9b9cce350f43402b49ed18	86	screening-v1/batch-0636/submit_screening
c5d2ba525c5abaec4430c0f469085a1dc47fd9364e8830def80b1906f928493d	7737	screening-v1/batch-0636/trace.jsonl
21b9b24d602af2ef4f1872940a7da9e0b5e567e84c29e098f5b2249e439ac4ad	4972	screening-v1/batch-0637/batch.json
9ae8064a4fc54bd5ed1a7e5839c31eb7901f7ff94a4ce2e8fa4024a5fa5abb69	3144	screening-v1/batch-0637/decisions.jsonl
3f4a2dc23055ece6adc8f78e51ff19879c5f4cbbba89d75be27f172f164c74f7	78	screening-v1/batch-0637/final.txt
08c108f12afe4fc8d3510919d3469a7231ea7824b5e3c09343350bcd4a227af4	47952	screening-v1/batch-0637/input.md
454ca8a1f7051e35549ad3dafab9730620ab3ce8235b18d068abe0e3cb8d5600	450	screening-v1/batch-0637/run.json
e3b0c44298fc1c149afbf4c8996fb92427ae41e4649b934ca495991b7852b855	0	screening-v1/batch-0637/stderr.txt
d2c78a545e32f0911bd2c76dbdd83468b9a3b1be5d9b9cce350f43402b49ed18	86	screening-v1/batch-0637/submit_screening
ce9a2c9dee37766bac1b925055183745214b102522c9e319110b4b9f544e0e25	7631	screening-v1/batch-0637/trace.jsonl
826c1851281756cdb00e598b51caf2c13ce285fc406b442cb285a72e9d1f03f8	5543	screening-v1/batch-0638/batch.json
7094485ef36d1320ce09956d31d697d3bd1b93370f5cafa748950ea13873a63e	3870	screening-v1/batch-0638/decisions.jsonl
8a7293b3e7626cd6aa853d9ed083ee9ac12aee8e8dbf625ca4913d6a3f7f61fa	83	screening-v1/batch-0638/final.txt
c5541a7203f7b5a3bb9fbd57ada0be3981f17336e2bb446807055fbb641b9bd9	43556	screening-v1/batch-0638/input.md
f3241a4ebec67685ef28b41d8431709cc14758766eec085fc3fd809e2f5af892	450	screening-v1/batch-0638/run.json
e3b0c44298fc1c149afbf4c8996fb92427ae41e4649b934ca495991b7852b855	0	screening-v1/batch-0638/stderr.txt
d2c78a545e32f0911bd2c76dbdd83468b9a3b1be5d9b9cce350f43402b49ed18	86	screening-v1/batch-0638/submit_screening
859fb9b69599ee5b822d354d12a7bb5aa618767a3d7803b5a4cbe21020b46ce4	9727	screening-v1/batch-0638/trace.jsonl
dda992114ebceebfb1f4a79574b28eb0ae1558c60edb215c66a923a3834dd61c	5635	screening-v1/batch-0639/batch.json
a346bf85a4c044fcccbf3207cde1c5693a0173f8ab3051e35d6d88e8cbc2d6fb	3713	screening-v1/batch-0639/decisions.jsonl
d2d159238b775a00db4b5fd135f20b4b892ed648fd8c60ba7d65800597ada474	66	screening-v1/batch-0639/final.txt
22f6dc90d157edafccadf73eaac10404d9fa0cfe1b5a4b5df08d2c2c44943765	69374	screening-v1/batch-0639/input.md
877d29e29ebb9c68f2acccc83461dc86ddae822767fed1e418ce59ee040a5daf	450	screening-v1/batch-0639/run.json
e3b0c44298fc1c149afbf4c8996fb92427ae41e4649b934ca495991b7852b855	0	screening-v1/batch-0639/stderr.txt
d2c78a545e32f0911bd2c76dbdd83468b9a3b1be5d9b9cce350f43402b49ed18	86	screening-v1/batch-0639/submit_screening
c088f168246ef892ab18ba0d16ee0310cd6f25893794c555245550303e5d1f16	8452	screening-v1/batch-0639/trace.jsonl
13c6ba680f5a931f33408db4d13044056268750947a6ea044d779c90f7222a32	5317	screening-v1/batch-0640/batch.json
ae9c87d6bf7d1e1e85d2650835aefa25d4d8948ecf9c669b0a909eb632708835	3896	screening-v1/batch-0640/decisions.jsonl
97c9f10527c979a5f02f823e7efbc45e17952fd52d74961055f77b8c81263131	49	screening-v1/batch-0640/final.txt
4f88c20e6df2e7dc58602bb0bd4cfd51dc96c9fc769a95bace8e0679afc412d5	40747	screening-v1/batch-0640/input.md
ee036f15e601d7a0b69599702d26df5739dae082043946e1d005963134aa1044	450	screening-v1/batch-0640/run.json
e3b0c44298fc1c149afbf4c8996fb92427ae41e4649b934ca495991b7852b855	0	screening-v1/batch-0640/stderr.txt
d2c78a545e32f0911bd2c76dbdd83468b9a3b1be5d9b9cce350f43402b49ed18	86	screening-v1/batch-0640/submit_screening
d2553a0995d1b9149aa20831f9c317164d1204b17fddde632b58b44d3081769e	8796	screening-v1/batch-0640/trace.jsonl
ea1076a67316c771bf9550edce277cb12a3e05f87288675042555eb2b8744006	5507	screening-v1/batch-0641/batch.json
d26473be050b132fe8941c5bb44ed989ac3cd73cbd22753b6a0d34cecd1972c0	3404	screening-v1/batch-0641/decisions.jsonl
12bfc04b481060e14e256636c30ee7d70d6d1060b4debc9519c541a6666ade00	55	screening-v1/batch-0641/final.txt
7e1a5b07f76cd442b093da08045b4f83413fa71bbd1347f3c6179ab0f5db9968	42337	screening-v1/batch-0641/input.md
6c068b3bafc6a62857e28d35ecf4584ebe35c7af5eea3c1061d6f25af5b39a0e	450	screening-v1/batch-0641/run.json
e3b0c44298fc1c149afbf4c8996fb92427ae41e4649b934ca495991b7852b855	0	screening-v1/batch-0641/stderr.txt
d2c78a545e32f0911bd2c76dbdd83468b9a3b1be5d9b9cce350f43402b49ed18	86	screening-v1/batch-0641/submit_screening
4c6d35347271f7c3bba577bd2d90233945db3201a6890bc6209a4199bd63ba13	8136	screening-v1/batch-0641/trace.jsonl
e3bcc9755f7d3533d7007bfcb5eadc1b2473eec1e8a4c95fb80796e271db492e	5548	screening-v1/batch-0642/batch.json
c65572469956d5dcf81d4af7fc5878198d5326e86adb9db921c67d3d6df63e31	3753	screening-v1/batch-0642/decisions.jsonl
d0c3d24b711c168236e0876388b7994b4773abe66c084951b98b307851be7e19	52	screening-v1/batch-0642/final.txt
1043741249411037b97613561716d08efec432fb4123986a52feef818ae3fec2	43223	screening-v1/batch-0642/input.md
07d6b1db9b33ac9261c18030849a8d4eca97de9add45256f2f163e431bb63640	450	screening-v1/batch-0642/run.json
e3b0c44298fc1c149afbf4c8996fb92427ae41e4649b934ca495991b7852b855	0	screening-v1/batch-0642/stderr.txt
d2c78a545e32f0911bd2c76dbdd83468b9a3b1be5d9b9cce350f43402b49ed18	86	screening-v1/batch-0642/submit_screening
1be63faaa1e89620fa47376b87f82cf2c19ee0acf451b30aca07bd368a59b0e1	9006	screening-v1/batch-0642/trace.jsonl
a157bcb2def85c4f4060427823fec5e7a5ef2621e2d9c0c15eee108ace5782ed	5379	screening-v1/batch-0643/batch.json
a489f90e7cd83fcea4f64c17375d0ae061ffb655a8a426eefa00653f40a31549	3672	screening-v1/batch-0643/decisions.jsonl
2e1193224ffcf8ddea34284147bf8123d2907f6a4b7793df9c6fd415e7a8202d	65	screening-v1/batch-0643/final.txt
2a7c9f766ad2c2e6ab44017d70ac3da5be3e9c43b8118cf178b1ad706d8fb11a	45714	screening-v1/batch-0643/input.md
4982c7bcd4c99decd9e10d459cc8e83d921b132ac8eb0927ba085fcfb11210f9	450	screening-v1/batch-0643/run.json
e3b0c44298fc1c149afbf4c8996fb92427ae41e4649b934ca495991b7852b855	0	screening-v1/batch-0643/stderr.txt
d2c78a545e32f0911bd2c76dbdd83468b9a3b1be5d9b9cce350f43402b49ed18	86	screening-v1/batch-0643/submit_screening
ce1d0eaf0b78e442209a99e044d63331a264588eeea58e4e5f2728806e40f84b	8447	screening-v1/batch-0643/trace.jsonl
b27b54f5e413fb6f05de9ad999278b9b1a9b9470c13ce3f68192b2e03f2ffc28	5697	screening-v1/batch-0644/batch.json
9079a6ba07af20842e3d98f712507699fb5a30e946070988716dd1c880f1243f	3834	screening-v1/batch-0644/decisions.jsonl
831e0a09db58c0d071761ed26e68d8b82ce6433e94b86968925e24240b8b09ac	66	screening-v1/batch-0644/final.txt
91cb99e54b719e305efab9d0ba2fb2792a4a5660d4cca75ea2352204ff3c089c	42206	screening-v1/batch-0644/input.md
9799d4b3e544f698a6749775248a581e5e0de1877c6d442664d5b45d3452a96f	450	screening-v1/batch-0644/run.json
e3b0c44298fc1c149afbf4c8996fb92427ae41e4649b934ca495991b7852b855	0	screening-v1/batch-0644/stderr.txt
d2c78a545e32f0911bd2c76dbdd83468b9a3b1be5d9b9cce350f43402b49ed18	86	screening-v1/batch-0644/submit_screening
ac91c85637e100bbcb1f6c9ddd0cc507d688b7a5b682e33ba81f2b3b839ef8e5	15029	screening-v1/batch-0644/trace.jsonl
863f25fc7ddc2dd67696d33b7c39e88042a8613f0ca40cc496b4ec6c1f2acbd0	5476	screening-v1/batch-0645/batch.json
fd2c7c1bf2ca2e07de8708a4c9e2b092dedf2d825601703bc0ae53b1019468e5	3637	screening-v1/batch-0645/decisions.jsonl
23a75b1ba4f65b54f62e596d1d6cdcf5f10199bb7d17da6ac2a15905a894247e	78	screening-v1/batch-0645/final.txt
0d0ac344e0d52b7dc28cb3e33ce3245c9884e32ae574381352ab70a811fd095b	47633	screening-v1/batch-0645/input.md
2223e7f987cdb396a03cd58f456ec87705b3aea607d8f2be3370b4708160f33a	450	screening-v1/batch-0645/run.json
e3b0c44298fc1c149afbf4c8996fb92427ae41e4649b934ca495991b7852b855	0	screening-v1/batch-0645/stderr.txt
d2c78a545e32f0911bd2c76dbdd83468b9a3b1be5d9b9cce350f43402b49ed18	86	screening-v1/batch-0645/submit_screening
e61e59578f37acbc83d5c1ec1252edae5dc3dd850ad3b215e636ec7a8083bc9d	8627	screening-v1/batch-0645/trace.jsonl
ceaa21a259c1c346cc62be29ee4ab6574f0dfc57dec09541b9ba88ff515d3489	5366	screening-v1/batch-0646/batch.json
04435abc3fd84caf0da6e250608b99e7a4b38387334a4f888694cfe47be42936	3818	screening-v1/batch-0646/decisions.jsonl
2cac955b5525a9ab536e83198b9ecd5051a74b57f6fdb051e2e0d65ca673e1e2	78	screening-v1/batch-0646/final.txt
0e9e57cf3d5d958b66deb732fa0c12ca2751ca1e5df86318574513a61e50e76f	43441	screening-v1/batch-0646/input.md
f23e9c19456dfc90eee6b52094954c4afcff5a76da75f490a33cfd129f2f1d58	450	screening-v1/batch-0646/run.json
e3b0c44298fc1c149afbf4c8996fb92427ae41e4649b934ca495991b7852b855	0	screening-v1/batch-0646/stderr.txt
d2c78a545e32f0911bd2c76dbdd83468b9a3b1be5d9b9cce350f43402b49ed18	86	screening-v1/batch-0646/submit_screening
f2b9d3c8286bc8de2b8f481797b45976acff6b3547791f644acdc0614d0fb9ae	8587	screening-v1/batch-0646/trace.jsonl
b56a44f1d045ed9353fbf2f6db9bfe6be7be30b613106c431d037324d526111e	5419	screening-v1/batch-0647/batch.json
cc8f8817f638fc88ea56543f08b9abf417275be3a24f20a31b67844dedf52256	4143	screening-v1/batch-0647/decisions.jsonl
d2d159238b775a00db4b5fd135f20b4b892ed648fd8c60ba7d65800597ada474	66	screening-v1/batch-0647/final.txt
32c0421f24f14a6818e8d6700a9b391298317b911e4fc7da3311ef7fcaea3df5	44595	screening-v1/batch-0647/input.md
4fe9ffdb7e4dea3b3393a1946d02f909122fc9dc72f9512c99e56ffe7f6d566d	450	screening-v1/batch-0647/run.json
e3b0c44298fc1c149afbf4c8996fb92427ae41e4649b934ca495991b7852b855	0	screening-v1/batch-0647/stderr.txt
d2c78a545e32f0911bd2c76dbdd83468b9a3b1be5d9b9cce350f43402b49ed18	86	screening-v1/batch-0647/submit_screening
89cb18c01e78e3fc225ccf6c39e874b66111d3d47e7cf02a510bc19aba6b5f08	9303	screening-v1/batch-0647/trace.jsonl
898cb1c15318f75974d3dcc965feadf2aa91aa3540b933cc32a33dfe4150e269	5357	screening-v1/batch-0648/batch.json
de483986d145cccd3ad62523fbc42aab9f796bb5fe71415127c04ebdd59f9d5c	4244	screening-v1/batch-0648/decisions.jsonl
750df8ea3c62a6e86d91ac545e02cfcebc6f45e4de05d7064765c659c6f6990c	83	screening-v1/batch-0648/final.txt
fd35cc47cf3aa4ed0366257b09157d774675ae5a897184d1720ad8bee6d7c497	40726	screening-v1/batch-0648/input.md
bb5f5f38cfcf3eba2fba93fcbebbccbc123e22aa80f6622d8e1da3d02254f0cb	450	screening-v1/batch-0648/run.json
e3b0c44298fc1c149afbf4c8996fb92427ae41e4649b934ca495991b7852b855	0	screening-v1/batch-0648/stderr.txt
d2c78a545e32f0911bd2c76dbdd83468b9a3b1be5d9b9cce350f43402b49ed18	86	screening-v1/batch-0648/submit_screening
53355e56033167ce1d83d80813b18b3566a770e6436c3a042aaabeb755bb6b33	9528	screening-v1/batch-0648/trace.jsonl
9ffd69deff17f114c1eb73ff482b1e0199c40e1d2c38263de53c206f4f401881	5375	screening-v1/batch-0649/batch.json
042cd0934fafec829bb803d4ec39d30e72052fbe800b23f7238dc6d29dfa14ef	3400	screening-v1/batch-0649/decisions.jsonl
6824e4acfd0c951221fbb12f834a1008062d205af70fb4ce9aa62434b59ac897	64	screening-v1/batch-0649/final.txt
71064d7c29d5ed4b21f20bec1cd212cb18efca162feaa721797a508f547c89f5	39692	screening-v1/batch-0649/input.md
7f70941ba9b5bf1667825cd71907a483cf6280e8b6005d02cbe41b8b5e2c6f56	450	screening-v1/batch-0649/run.json
e3b0c44298fc1c149afbf4c8996fb92427ae41e4649b934ca495991b7852b855	0	screening-v1/batch-0649/stderr.txt
d2c78a545e32f0911bd2c76dbdd83468b9a3b1be5d9b9cce350f43402b49ed18	86	screening-v1/batch-0649/submit_screening
519895703fa956b489b20562bdbfd61d6b570d3494fed3e7b2391f0c363c686c	7609	screening-v1/batch-0649/trace.jsonl
bebaffb00ac97adbcb041c8ea74297d5c2bc4dc4c512c91c6af5877c83dbbed6	5627	screening-v1/batch-0650/batch.json
9ffa027b3085c8f2a0ec14bf0b193bc04af2b09ac399eb67f53230e57a7b4cae	3755	screening-v1/batch-0650/decisions.jsonl
b52d2d9830fee9e6ab81789a2e295064c29de07e203f83292c3fc34b6843f58d	78	screening-v1/batch-0650/final.txt
33e946c888510637185dece3346bdd6859e25f00643eaae132005a8642b4b36d	46833	screening-v1/batch-0650/input.md
69ae80f109b6e2ac3adb58a834cef1d186fb3d499de4f9a6f5d44b8fc62eb6f0	450	screening-v1/batch-0650/run.json
e3b0c44298fc1c149afbf4c8996fb92427ae41e4649b934ca495991b7852b855	0	screening-v1/batch-0650/stderr.txt
d2c78a545e32f0911bd2c76dbdd83468b9a3b1be5d9b9cce350f43402b49ed18	86	screening-v1/batch-0650/submit_screening
2c97e3888a0aea913dd18ea3874ebce93a9c287f61cc29c6937e1e4653fe840d	12962	screening-v1/batch-0650/trace.jsonl
024e906ce93174504cc3dd26b9b92e87ce91a4832dfe2cea279d8ade4551c08d	5453	screening-v1/batch-0651/batch.json
74f97be8175495d6eba7649db523b122c817a4ddc47dbf604387efd3bfdb19c0	3571	screening-v1/batch-0651/decisions.jsonl
3f4a2dc23055ece6adc8f78e51ff19879c5f4cbbba89d75be27f172f164c74f7	78	screening-v1/batch-0651/final.txt
eac77a1ddf14ff3c20c49f7973209bac2d17fb4aafcbca35685ae09709c19544	48875	screening-v1/batch-0651/input.md
06b3f72af597b4ad70e350f2784cf808330315d3824b5f76957a0afdcf7f3d0e	450	screening-v1/batch-0651/run.json
e3b0c44298fc1c149afbf4c8996fb92427ae41e4649b934ca495991b7852b855	0	screening-v1/batch-0651/stderr.txt
d2c78a545e32f0911bd2c76dbdd83468b9a3b1be5d9b9cce350f43402b49ed18	86	screening-v1/batch-0651/submit_screening
f3cb9b1088aef3b040fa669d9874f19b8e140db6b6e3dd0bc4c13afbdedde5ee	15419	screening-v1/batch-0651/trace.jsonl
d87f079e3f400830dfaf6b8b9a21695a24714f92ba41eb53c2e9bebbe6564479	5515	screening-v1/batch-0652/batch.json
29a6b1e1e4dea35cb1041ec34b8e13167d3357bcd78c3ecda3bc25720707eaae	3619	screening-v1/batch-0652/decisions.jsonl
67e1405cca3676492de054f7a4efaab8b1b443f6ee82a04a74b4d9d782548c5d	89	screening-v1/batch-0652/final.txt
3df32bf20e9c39d4742308273e336bc9c7feb57715a1b42d0295b60f3e3e0a44	41889	screening-v1/batch-0652/input.md
04b9ea9b3d5e76e4bea8976c57682204529503ff6b438a6143e63e8ef7c6be72	450	screening-v1/batch-0652/run.json
e3b0c44298fc1c149afbf4c8996fb92427ae41e4649b934ca495991b7852b855	0	screening-v1/batch-0652/stderr.txt
d2c78a545e32f0911bd2c76dbdd83468b9a3b1be5d9b9cce350f43402b49ed18	86	screening-v1/batch-0652/submit_screening
cbc0b42ff102be17a7d06bbab4b8b529fc36572d71665aab3057fcf64f7a9c35	14613	screening-v1/batch-0652/trace.jsonl
72710c86d16f8d3daa0cf4c77ad82b3a327e9a78a478fd2fa3bf69e20074bbae	5468	screening-v1/batch-0653/batch.json
c8d5b97740a6d450838ac32a11318f36790a2d72b6f5efc9d57f924d49627538	3672	screening-v1/batch-0653/decisions.jsonl
67e1405cca3676492de054f7a4efaab8b1b443f6ee82a04a74b4d9d782548c5d	89	screening-v1/batch-0653/final.txt
b91e7fbd0d333f53330251d39fc8c46e52ee5ba4d0a94623f4c70060fde79d97	43912	screening-v1/batch-0653/input.md
f2815758bc4ac2d3fd5982f3ef125690fe3015839b7257fe357ef558161edb3e	450	screening-v1/batch-0653/run.json
e3b0c44298fc1c149afbf4c8996fb92427ae41e4649b934ca495991b7852b855	0	screening-v1/batch-0653/stderr.txt
d2c78a545e32f0911bd2c76dbdd83468b9a3b1be5d9b9cce350f43402b49ed18	86	screening-v1/batch-0653/submit_screening
c7aeed6112c8813f1df99c44c1d56e76b0ca931b2ec4962f909240ccca94ffa4	8375	screening-v1/batch-0653/trace.jsonl
2acb9793a0fca556957c75ecb3ee3f8712d14deeffdb70c2628b0f13f3a796c9	5361	screening-v1/batch-0654/batch.json
c0b003b81602a65ac7dea2adbe217ca4bddef40e87acb38a175fe7b76e25be31	3542	screening-v1/batch-0654/decisions.jsonl
23a75b1ba4f65b54f62e596d1d6cdcf5f10199bb7d17da6ac2a15905a894247e	78	screening-v1/batch-0654/final.txt
0c4607585822a083fb16cb71a9fe5d36c2e1f12a8039e5a60a98a03632b4f081	47285	screening-v1/batch-0654/input.md
ac5ff88109d8a9a71b5a34a36c2b530eae46a0a0eccd6dd8163d58ae2b8e3c34	450	screening-v1/batch-0654/run.json
e3b0c44298fc1c149afbf4c8996fb92427ae41e4649b934ca495991b7852b855	0	screening-v1/batch-0654/stderr.txt
d2c78a545e32f0911bd2c76dbdd83468b9a3b1be5d9b9cce350f43402b49ed18	86	screening-v1/batch-0654/submit_screening
56b02a62324f453b82724532672794d634d6e1ac00f4bcdcc41f7669d7f7f179	14447	screening-v1/batch-0654/trace.jsonl
966520e57527c072e0472a8d44acdf0b7729825fa463b5f498eeebf2638c8ffc	5491	screening-v1/batch-0655/batch.json
fedadd31380f5aafb8c948cbce7ab914120b40834da1663a84f6b59a30d5e3a7	3932	screening-v1/batch-0655/decisions.jsonl
01da75f35c59f3599b00edb2a467cb0f97025f4318d73f3506ab8416bc9e981c	83	screening-v1/batch-0655/final.txt
dde70384d06673a966f7d7979174f8f4077b414c8c42f3fc82a482434ab52698	46479	screening-v1/batch-0655/input.md
75eb080b9ce32e165357554c6a629be748f2184c9d87f272ce241850d78b40ba	450	screening-v1/batch-0655/run.json
e3b0c44298fc1c149afbf4c8996fb92427ae41e4649b934ca495991b7852b855	0	screening-v1/batch-0655/stderr.txt
d2c78a545e32f0911bd2c76dbdd83468b9a3b1be5d9b9cce350f43402b49ed18	86	screening-v1/batch-0655/submit_screening
088032a6e4711bf5549fcfbbe2c6a9c39605a58b68518cdfcc83b8a335a09fa6	15834	screening-v1/batch-0655/trace.jsonl
c56d2faf3d510376cef18011d212d999b33d178c39158c775d0d73a036dedf45	5541	screening-v1/batch-0656/batch.json
f21931a2b758de11cb9736403c4ab6d4a7af8919b2a3dc3ec67e14faee253f12	3518	screening-v1/batch-0656/decisions.jsonl
d2d159238b775a00db4b5fd135f20b4b892ed648fd8c60ba7d65800597ada474	66	screening-v1/batch-0656/final.txt
9bb0be92e151978c52a377b466a66bd20ad5fe8e4f5a2d31eada66bee7b2f137	46228	screening-v1/batch-0656/input.md
c165e02d3bf8d86a50aade83f84072a56dec06ecfa05e07dcf8cb322eb8520d6	450	screening-v1/batch-0656/run.json
e3b0c44298fc1c149afbf4c8996fb92427ae41e4649b934ca495991b7852b855	0	screening-v1/batch-0656/stderr.txt
d2c78a545e32f0911bd2c76dbdd83468b9a3b1be5d9b9cce350f43402b49ed18	86	screening-v1/batch-0656/submit_screening
51853227e8e9c786d865fb91a05378ee0df5f5ba1833172f8bbd55837650689f	8203	screening-v1/batch-0656/trace.jsonl
4db351db755f4a55730e7bcaf811cbdfa50ec8558c7a56c65c9136d431d4ac09	5294	screening-v1/batch-0657/batch.json
cab9e945456458eb9a995cd26d27ec3fe0facb258da94b28e358a911210b41fd	3345	screening-v1/batch-0657/decisions.jsonl
23a75b1ba4f65b54f62e596d1d6cdcf5f10199bb7d17da6ac2a15905a894247e	78	screening-v1/batch-0657/final.txt
b4fc9f8d186249bda531e5a81132dc001a79e70f72defacbef805e2ba285f5c7	48847	screening-v1/batch-0657/input.md
08895e6dc4a11450927e7535a14e0aef866906989fb8c87a4b27f50a60f9905e	450	screening-v1/batch-0657/run.json
e3b0c44298fc1c149afbf4c8996fb92427ae41e4649b934ca495991b7852b855	0	screening-v1/batch-0657/stderr.txt
d2c78a545e32f0911bd2c76dbdd83468b9a3b1be5d9b9cce350f43402b49ed18	86	screening-v1/batch-0657/submit_screening
f183b8103da981a8494e85df48a4f9334a6cdd8d64b266099a917196cc22f067	7872	screening-v1/batch-0657/trace.jsonl
19249d83fdce3e7d550b883ec6a2307681ce372107130c3ad7357fe9993b9621	5577	screening-v1/batch-0658/batch.json
de7bdd149fa4f32dd9d1f01d0ac56a818caf867126a997b26e499f12cefcbb07	3536	screening-v1/batch-0658/decisions.jsonl
01da75f35c59f3599b00edb2a467cb0f97025f4318d73f3506ab8416bc9e981c	83	screening-v1/batch-0658/final.txt
bac02933c5a06af4b36a87d3b8d5efb9575cd325e40494bd384601d1f0a56035	44831	screening-v1/batch-0658/input.md
659a56ba420cf79c313e827400785c3f59e749f1cab5f5c202b289fee1f91f34	450	screening-v1/batch-0658/run.json
e3b0c44298fc1c149afbf4c8996fb92427ae41e4649b934ca495991b7852b855	0	screening-v1/batch-0658/stderr.txt
d2c78a545e32f0911bd2c76dbdd83468b9a3b1be5d9b9cce350f43402b49ed18	86	screening-v1/batch-0658/submit_screening
9f1d5a0d60df70045bacedfb634a0e893b3b1ef315ee043490db0a211f5c2ae6	8435	screening-v1/batch-0658/trace.jsonl
07972e89ef5b804000ea80082dfdf61c9fb5371d3049ba2433c385de6adeaef5	5143	screening-v1/batch-0659/batch.json
8a2f01081a6994aa6286571273b54d778b4a5af9f7ae7db2c4402b8d41902880	3507	screening-v1/batch-0659/decisions.jsonl
f6d75e447e1b78df721d486356d48335801a23007534b6d01fee1f94a7286b62	81	screening-v1/batch-0659/final.txt
f528d24b60b27dc9ac57aab89a4942d52dd3616c40c94adb123c6480a9cdf8bb	40658	screening-v1/batch-0659/input.md
eeaa151629d2c4e32625b3434f9f69438bcd78e0e23c4120d15ec1c43b85a2e3	450	screening-v1/batch-0659/run.json
e3b0c44298fc1c149afbf4c8996fb92427ae41e4649b934ca495991b7852b855	0	screening-v1/batch-0659/stderr.txt
d2c78a545e32f0911bd2c76dbdd83468b9a3b1be5d9b9cce350f43402b49ed18	86	screening-v1/batch-0659/submit_screening
5c77166ed346cde9d9f825261e09401724a38b26669b17cb9a1cbac99fa68a79	14359	screening-v1/batch-0659/trace.jsonl
b786928f7407e0036887fbb25ab9538584123c3d075c30885376ce1ae9b6d970	5735	screening-v1/batch-0660/batch.json
e0519727641e6ee2e74d02fe9a9a806975cc4a907f2c931df6b77ee13b607845	3442	screening-v1/batch-0660/decisions.jsonl
cf0c22cb98a8d7b0198b01c6418fa27c48963c506029294b047c29cbac487a69	77	screening-v1/batch-0660/final.txt
a8bf217093694cf2ae711a6adc66596066b2e8f1907358db608b2e42c61b9382	43220	screening-v1/batch-0660/input.md
c3c0f9057cc01e14c0e8bc3b69a862494bec5026164c1942b7aadd1f5dd96070	450	screening-v1/batch-0660/run.json
e3b0c44298fc1c149afbf4c8996fb92427ae41e4649b934ca495991b7852b855	0	screening-v1/batch-0660/stderr.txt
d2c78a545e32f0911bd2c76dbdd83468b9a3b1be5d9b9cce350f43402b49ed18	86	screening-v1/batch-0660/submit_screening
2020aef70fb9c23d648c6c70f75235a02115e090cb9c9633b03cf5c1512fa135	7592	screening-v1/batch-0660/trace.jsonl
9bc0e0c7f1c0e05f4a64ab946e202f7c60de4cdc1a8d0f3f90df7272208d326a	5128	screening-v1/batch-0661/batch.json
ef089a566eb518962254e300b5068fc0e084c9b509a3d6c4994d7631b24f11c1	3868	screening-v1/batch-0661/decisions.jsonl
06c8a354437ec1e2a18c694d64366c99c1abe3674e810e8e610a5c7cbe15ed5d	44	screening-v1/batch-0661/final.txt
6c60030b1c2bb00aa539611fb6c48dbd6710b67e2aeebd09b8d8ffe9811fa71e	57278	screening-v1/batch-0661/input.md
7b38a4ebaaa199285fa3adef2f0b0d0f7f32cfb529e627981c470cc6f55165e3	450	screening-v1/batch-0661/run.json
e3b0c44298fc1c149afbf4c8996fb92427ae41e4649b934ca495991b7852b855	0	screening-v1/batch-0661/stderr.txt
d2c78a545e32f0911bd2c76dbdd83468b9a3b1be5d9b9cce350f43402b49ed18	86	screening-v1/batch-0661/submit_screening
92fc8f2c4a060bdcd87196da2b2d6e7fe1562098f8d2e1f8ee484ee2a5795002	15058	screening-v1/batch-0661/trace.jsonl
b1d17c31ab765173bec33c6069fe3ef83f0d98d0de1d0b97a5fe3233abd6ef0b	5258	screening-v1/batch-0662/batch.json
3ee3e0b4cf1f463c6ac0e4e51c0cc4ee410fd9608479c28f4ab5ae10c204bded	3826	screening-v1/batch-0662/decisions.jsonl
e7708afc385b8f5704992179280a846acc725e6c2e0662b387f8ce0b63d9d117	78	screening-v1/batch-0662/final.txt
c8baf8b54df268e3b66bc397ef09de1b876831c181799ab99c34f0d153d99737	41207	screening-v1/batch-0662/input.md
a9e9eb4e6eea12c09d7be91742dbaeee61a19d5e432eefdd66fb0f38016e6f88	450	screening-v1/batch-0662/run.json
e3b0c44298fc1c149afbf4c8996fb92427ae41e4649b934ca495991b7852b855	0	screening-v1/batch-0662/stderr.txt
d2c78a545e32f0911bd2c76dbdd83468b9a3b1be5d9b9cce350f43402b49ed18	86	screening-v1/batch-0662/submit_screening
309ef3871d74eacbede56c1d4636694002793e721ecd5baa04de619b17123152	8868	screening-v1/batch-0662/trace.jsonl
41cc8da529401fd3615f8a7045b1b7eecf428d64892362b72435054bf55ef59d	4914	screening-v1/batch-0663/batch.json
453ab389b7131e8cbf0fcfc689c2c4a112d2e1681e5cefe4781061d96a97eea3	3533	screening-v1/batch-0663/decisions.jsonl
06c8a354437ec1e2a18c694d64366c99c1abe3674e810e8e610a5c7cbe15ed5d	44	screening-v1/batch-0663/final.txt
f6f0bc34cf9125da02e6e35e48e0aff0a2b892c4a4eb9571ba82c6f62fac06f6	62068	screening-v1/batch-0663/input.md
9b9fb650afcb884dd370ea5f701d2fa0f2897cf278d6dfe931a74b77a4615557	450	screening-v1/batch-0663/run.json
e3b0c44298fc1c149afbf4c8996fb92427ae41e4649b934ca495991b7852b855	0	screening-v1/batch-0663/stderr.txt
d2c78a545e32f0911bd2c76dbdd83468b9a3b1be5d9b9cce350f43402b49ed18	86	screening-v1/batch-0663/submit_screening
c4a6c3db212b30534c2735875bb06508cfcdcf1b8ef7fadba45a5af0a88bb23f	7626	screening-v1/batch-0663/trace.jsonl
92095ba1510c0fb61760e454759fc3a714e3a7cffdd10bbb6306e2c8a2a1732d	5433	screening-v1/batch-0664/batch.json
8c8c96e83f15a3a58a0d5c5e0ce2c639adf1c2027e12f2dd6ea8e062c26d6a94	3554	screening-v1/batch-0664/decisions.jsonl
d2d159238b775a00db4b5fd135f20b4b892ed648fd8c60ba7d65800597ada474	66	screening-v1/batch-0664/final.txt
ecd740f297347827941d5de6ba9f24e9f6e4549fe26a10a9c76c8300ccd1a6dc	44312	screening-v1/batch-0664/input.md
4fe07f917f2150bb80867b37d0d115b0b6dc7d098701b284201f1f5ef2a2a60e	450	screening-v1/batch-0664/run.json
e3b0c44298fc1c149afbf4c8996fb92427ae41e4649b934ca495991b7852b855	0	screening-v1/batch-0664/stderr.txt
d2c78a545e32f0911bd2c76dbdd83468b9a3b1be5d9b9cce350f43402b49ed18	86	screening-v1/batch-0664/submit_screening
2a812f71aef355cc75d59230db9cf86c10a8c9389f21fddb7573fd405c46b491	8115	screening-v1/batch-0664/trace.jsonl
b44d241982d1b5f6d4b07c26ec9c1da668e93c0fb0dbe587f84dd8feb2d3ab59	5422	screening-v1/batch-0665/batch.json
f1cbab60c7e7b95daa67f371fd615249eb17bc023200a7708598a2e2bb52150b	3594	screening-v1/batch-0665/decisions.jsonl
d8d3f566fa79885f3f0c2f869c71abc9ecdb2a116da1a9ce4ea8db8df8497254	70	screening-v1/batch-0665/final.txt
02a0646db704ccd1387c3db60305f10c8cb1c163e9ceb82cc00f2b7d47263bca	44722	screening-v1/batch-0665/input.md
d5b893ed2dee84a8e3f0f991a178517fa1abe8e3078cccaffea1ccd328b114ab	450	screening-v1/batch-0665/run.json
e3b0c44298fc1c149afbf4c8996fb92427ae41e4649b934ca495991b7852b855	0	screening-v1/batch-0665/stderr.txt
d2c78a545e32f0911bd2c76dbdd83468b9a3b1be5d9b9cce350f43402b49ed18	86	screening-v1/batch-0665/submit_screening
6571d35f7d54087684a9472c0738e7faac7e7f8a807c82c8b9b248c30b2f6334	8541	screening-v1/batch-0665/trace.jsonl
581fc093e70e55594f7a8a94cdbdd476fd322337b402c278d41ca17dfa205a6d	5343	screening-v1/batch-0666/batch.json
8fa4de5aa3599571ec6cc3341e2ede34c6128e906787d4a95cdb426bc083dcec	3306	screening-v1/batch-0666/decisions.jsonl
01da75f35c59f3599b00edb2a467cb0f97025f4318d73f3506ab8416bc9e981c	83	screening-v1/batch-0666/final.txt
cdffde9f21354b673662dd12133cc6585be6ed83da12c1a0ee7831b56054d47b	41892	screening-v1/batch-0666/input.md
30d7288221d48ad1dfdc948f032ef6f3dafd73379ce5bafa3e9662b6e559c5d6	450	screening-v1/batch-0666/run.json
e3b0c44298fc1c149afbf4c8996fb92427ae41e4649b934ca495991b7852b855	0	screening-v1/batch-0666/stderr.txt
d2c78a545e32f0911bd2c76dbdd83468b9a3b1be5d9b9cce350f43402b49ed18	86	screening-v1/batch-0666/submit_screening
b10e6ac2adacbc3d9faee990ba3a9ef970373fe360b687dbfb58781922591e9d	7644	screening-v1/batch-0666/trace.jsonl
b5e70c3106c6ebe0aa4efc5c6ec58d615c3550e04b54d5a480cec553aff2498f	5235	screening-v1/batch-0667/batch.json
d7ba717d710ee86d6d7fcc8eb578ef6fdfc32c413212303472b0cc9f56eab878	3731	screening-v1/batch-0667/decisions.jsonl
1813fb69fcfa67c46abafb227126212d123475f15570b95a601ae9ef5e4d5262	80	screening-v1/batch-0667/final.txt
94ea44e5e3e7f16e4bdb712360cb623fc1a814414675831da936d169aa477f21	50806	screening-v1/batch-0667/input.md
c5aa42a171f38f0c0a1b64192061b5b1b8c428f1e76e240d944e32786afc0199	450	screening-v1/batch-0667/run.json
e3b0c44298fc1c149afbf4c8996fb92427ae41e4649b934ca495991b7852b855	0	screening-v1/batch-0667/stderr.txt
d2c78a545e32f0911bd2c76dbdd83468b9a3b1be5d9b9cce350f43402b49ed18	86	screening-v1/batch-0667/submit_screening
a27414f74081139d49bb845ed08880ea8ccdcfdb3c74df1b895627e1ef313a95	8485	screening-v1/batch-0667/trace.jsonl
d1f33cb4bac67f3149292f0d3491c40d11df1ec34c49f2dd8a814d2a68aa899e	5332	screening-v1/batch-0668/batch.json
38e5c738baa4c454f637783e1238e9e0bf827b2686146196d06c3a232af20ed1	3327	screening-v1/batch-0668/decisions.jsonl
b8c44f6fdf21bc697005fcc1356e064ff29fb23749313057287d5419e21f5a00	82	screening-v1/batch-0668/final.txt
af24a1f1c1271a32cf92366ef2d3800c1874217d2f983403ae94a0365c912699	36979	screening-v1/batch-0668/input.md
27e9a0f580a66cbb29663b6f1620a739b1931a135e9d82aa41e1f1ea54169d49	450	screening-v1/batch-0668/run.json
e3b0c44298fc1c149afbf4c8996fb92427ae41e4649b934ca495991b7852b855	0	screening-v1/batch-0668/stderr.txt
d2c78a545e32f0911bd2c76dbdd83468b9a3b1be5d9b9cce350f43402b49ed18	86	screening-v1/batch-0668/submit_screening
c711c17a1543a400f152c980f470a5172c72a6e6ac86c0320a5b98d37c522e90	8016	screening-v1/batch-0668/trace.jsonl
e7569b5abe5d9dd5a31b11783fafb72b2af45fdeadf2980cab3cc5495c277c9f	5262	screening-v1/batch-0669/batch.json
a3906af8375bfcd60f378ea8be2e00ff1a857b80a849a8da8f73deb00798e629	3999	screening-v1/batch-0669/decisions.jsonl
67e1405cca3676492de054f7a4efaab8b1b443f6ee82a04a74b4d9d782548c5d	89	screening-v1/batch-0669/final.txt
61959e900554aa8fc32fe531de805302065b2d8e59df3443737bebb58d3a8591	41732	screening-v1/batch-0669/input.md
2fa547d38ab717e9e57ed28a0784d9ad84cd3b6e134758864323f823e2c6be9a	450	screening-v1/batch-0669/run.json
e3b0c44298fc1c149afbf4c8996fb92427ae41e4649b934ca495991b7852b855	0	screening-v1/batch-0669/stderr.txt
d2c78a545e32f0911bd2c76dbdd83468b9a3b1be5d9b9cce350f43402b49ed18	86	screening-v1/batch-0669/submit_screening
d4b17e1afb677f5120510d75f6065e1dd28e05c6b2578ad8e23804a580239fb4	8626	screening-v1/batch-0669/trace.jsonl
31a06f734af7e3ea8b16f560b000ada626fd62accf0f7aac427a56582eab605f	5747	screening-v1/batch-0670/batch.json
69767710ff00a4fae867f3b2ecd344a587b29348c41b36c8bed0aa9f4dde8e28	3706	screening-v1/batch-0670/decisions.jsonl
755742134aa4adeac1aa9cfc97901803e54fde9ff921a467c718be766f960700	80	screening-v1/batch-0670/final.txt
0878cc70688d56c9986d5c0c0ec04cb23b592d15dbf7d909f1fa783323b09d7c	45130	screening-v1/batch-0670/input.md
43b100e4e93d621d7c95eb731ba43c80b631938220989e3700ab0902418d7910	450	screening-v1/batch-0670/run.json
e3b0c44298fc1c149afbf4c8996fb92427ae41e4649b934ca495991b7852b855	0	screening-v1/batch-0670/stderr.txt
d2c78a545e32f0911bd2c76dbdd83468b9a3b1be5d9b9cce350f43402b49ed18	86	screening-v1/batch-0670/submit_screening
e1399833a0b832d3ba66d1d424345948031a9b724e1d0ed72e5506ee4a85ca8e	8879	screening-v1/batch-0670/trace.jsonl
47cd7b7896bee2535541baa44dbacff24299bdc8a927a7d055537718cb27a5e9	5446	screening-v1/batch-0671/batch.json
9ab3e886bf3d137cf07cdfad4ee4a4311de47af5669cfd423152e278074e6457	3546	screening-v1/batch-0671/decisions.jsonl
8a7293b3e7626cd6aa853d9ed083ee9ac12aee8e8dbf625ca4913d6a3f7f61fa	83	screening-v1/batch-0671/final.txt
214cb6d1c445a060a79ab15bd441ba343a9213ad263ee36212ef36713f690afd	40165	screening-v1/batch-0671/input.md
f2df41bd29bec9ebc32944ec19c5bf0ea17c626c83c8d970bd79ac408e9465a9	450	screening-v1/batch-0671/run.json
e3b0c44298fc1c149afbf4c8996fb92427ae41e4649b934ca495991b7852b855	0	screening-v1/batch-0671/stderr.txt
d2c78a545e32f0911bd2c76dbdd83468b9a3b1be5d9b9cce350f43402b49ed18	86	screening-v1/batch-0671/submit_screening
8426578e450ac153c61fb1c7fd3ce598717f2301d761ce3ff6027796bc92740b	8135	screening-v1/batch-0671/trace.jsonl
6e7e83c4940db98dc243842385bd70e0375acb8b1d0edc82917978dc9aef8b51	5475	screening-v1/batch-0672/batch.json
25967506500317f1939ac1cd605065f40f7549a8183abb6e9064536553b5bc18	3698	screening-v1/batch-0672/decisions.jsonl
b8c44f6fdf21bc697005fcc1356e064ff29fb23749313057287d5419e21f5a00	82	screening-v1/batch-0672/final.txt
94a7eb054ccdab79fc00090aaea3af11aac216dfbb0d32f4677a0edf9b74f856	48329	screening-v1/batch-0672/input.md
778377ce7fbcc26b03f8c77ac436b58c2924efc17e269a776d9230e1fda2ac61	450	screening-v1/batch-0672/run.json
e3b0c44298fc1c149afbf4c8996fb92427ae41e4649b934ca495991b7852b855	0	screening-v1/batch-0672/stderr.txt
d2c78a545e32f0911bd2c76dbdd83468b9a3b1be5d9b9cce350f43402b49ed18	86	screening-v1/batch-0672/submit_screening
c3c5df37ad8a96381b31b9039a55d91c2b43774d4e48a855aa18f7c50029e442	8594	screening-v1/batch-0672/trace.jsonl
18f96c9c9e7ab1b084b52bb42ebdf99588d4f5771037d56933fd8542e0784068	5405	screening-v1/batch-0673/batch.json
04696081ca217a7f644accb6329fbc7e8a6f32bb190d764aa46fa09a0eb79be7	3457	screening-v1/batch-0673/decisions.jsonl
75efc1a8c810b931834598e98daa5195cc738684357261dc9c71a56c7a0b5f17	78	screening-v1/batch-0673/final.txt
6aa0b2fd5e679922445c091b8720483c1328c9dc954947ee73f7dfc826f7779c	41073	screening-v1/batch-0673/input.md
31498aa750fd81a1166fea46f7e20a0d138b0fc6c66ef174396041fbea28447a	450	screening-v1/batch-0673/run.json
e3b0c44298fc1c149afbf4c8996fb92427ae41e4649b934ca495991b7852b855	0	screening-v1/batch-0673/stderr.txt
d2c78a545e32f0911bd2c76dbdd83468b9a3b1be5d9b9cce350f43402b49ed18	86	screening-v1/batch-0673/submit_screening
f0080c5d427fbd1b0a92698ad01735531dd77746ad96e43c510038cecbd182db	8096	screening-v1/batch-0673/trace.jsonl
ef0d5363c75fd5c92fd6f9131e484bc3c6330c01ddaf5acfab8a8b30a56c2c16	5455	screening-v1/batch-0674/batch.json
0e043ec94ae4e163a7f8867507d0b35c4dcb183e5e8862a3f9018162e1d6e07c	3991	screening-v1/batch-0674/decisions.jsonl
a3e9c9b499170187592ce1a648caffbf205921ed424ab583bf1e142a3bfccc82	78	screening-v1/batch-0674/final.txt
56efdb8b04fe33c6445b37489c743f58df5fb7b9c8e1e2f91b36e6b4c62f046f	45807	screening-v1/batch-0674/input.md
2bfd9d907ef56186f087118890d277e72d43693085350b8cbca8ba674f59854a	450	screening-v1/batch-0674/run.json
e3b0c44298fc1c149afbf4c8996fb92427ae41e4649b934ca495991b7852b855	0	screening-v1/batch-0674/stderr.txt
d2c78a545e32f0911bd2c76dbdd83468b9a3b1be5d9b9cce350f43402b49ed18	86	screening-v1/batch-0674/submit_screening
9fd7c56108b6d9c3ff87adbceb3ed6ad3d0afe0c63993d86a0cbcf7a0b0280f9	15337	screening-v1/batch-0674/trace.jsonl
04b70874b9b2913d8d560eefc74d0fbddd4ed728464eaa5cb9b7e6f406c9443f	5244	screening-v1/batch-0675/batch.json
29f0a30999c86bec7a02dcbf21236d82be70df3ec90ad8c7d32ba8ae840bfef5	3417	screening-v1/batch-0675/decisions.jsonl
d2d159238b775a00db4b5fd135f20b4b892ed648fd8c60ba7d65800597ada474	66	screening-v1/batch-0675/final.txt
9a3e13c2b8920ad935947b0a7bf77fc37d00204dc024cde934c64707b1321ff1	49022	screening-v1/batch-0675/input.md
6ac888327ad8c62b9ed74964e76183a8d95b5ceea93e22a0876cfee77985b312	450	screening-v1/batch-0675/run.json
e3b0c44298fc1c149afbf4c8996fb92427ae41e4649b934ca495991b7852b855	0	screening-v1/batch-0675/stderr.txt
d2c78a545e32f0911bd2c76dbdd83468b9a3b1be5d9b9cce350f43402b49ed18	86	screening-v1/batch-0675/submit_screening
7414207bcbedadce05ff49d0cdcd4a876df7d8238690c9b92525c0f74f867ecf	8164	screening-v1/batch-0675/trace.jsonl
f117117251308cb339b62c3db19bc1489d4ff0c36397fee17a64f1d85d7f1e3c	5262	screening-v1/batch-0676/batch.json
43687a118cb63a9c4aa7ff87e9e448fe3486a8c597000e63a63f258436952713	3474	screening-v1/batch-0676/decisions.jsonl
9312f2dff9a98dc29a1f1e809ccbd39ff195fcc03b705bb514208a3cf76bf65f	46	screening-v1/batch-0676/final.txt
ca62be4d16a551fe2a23fc96ee2d4fec5ffc803eb672676754ffb70acd359981	42519	screening-v1/batch-0676/input.md
76330edf7bfc4dc742a12ccf013a7c8be5352707a0d843fb8f7400bf4743d501	450	screening-v1/batch-0676/run.json
e3b0c44298fc1c149afbf4c8996fb92427ae41e4649b934ca495991b7852b855	0	screening-v1/batch-0676/stderr.txt
d2c78a545e32f0911bd2c76dbdd83468b9a3b1be5d9b9cce350f43402b49ed18	86	screening-v1/batch-0676/submit_screening
62c05a9afc0b79c7fdb54ec6e341f93a3cf3acc4dcdd871cb0a239c802de8cde	8338	screening-v1/batch-0676/trace.jsonl
75f3511deb917a0f64d2b65b191d81e7bf21e2315960b995edb09e8b92dadba0	5230	screening-v1/batch-0677/batch.json
ebd35978c9503471e766956b627536ea70674c2319cba565bb280ed456fa3118	3766	screening-v1/batch-0677/decisions.jsonl
06b79cb1cea53022f8cff55da8689a7945ae8e9ee0b69c229373200872bc3790	61	screening-v1/batch-0677/final.txt
3b58c7d63771058160d1ae624613ec74e3d01ef059ed9a1f7ffe8c2196df0f3b	42403	screening-v1/batch-0677/input.md
0aef2295e796239151c05d70d3dd78699a8fd1e5021d35b6bf6e6ffca332f313	450	screening-v1/batch-0677/run.json
e3b0c44298fc1c149afbf4c8996fb92427ae41e4649b934ca495991b7852b855	0	screening-v1/batch-0677/stderr.txt
d2c78a545e32f0911bd2c76dbdd83468b9a3b1be5d9b9cce350f43402b49ed18	86	screening-v1/batch-0677/submit_screening
5afe95a59c425c158235b6e56b236f06dcf29351ef9657fdc94151e4d8d9e0c5	8493	screening-v1/batch-0677/trace.jsonl
4f75753d158496027a6a047fb2b94d0ca952921337b94ef5e66b6921d87be69b	5302	screening-v1/batch-0678/batch.json
9591476ecf10214f6209c940c5397e4297cea963b715db92b927837e52b1890f	3600	screening-v1/batch-0678/decisions.jsonl
057665454462b2baea8696ca9e229efd1855cef45a68f2d94ef320623d7dceca	79	screening-v1/batch-0678/final.txt
44371f83cc69200306f81afdbee99bf930451da0af73b5d40ba59e5766c17a9d	41366	screening-v1/batch-0678/input.md
fcf0c8ca02240b3a2468a9202346f909f6e429ec8e5ef283e352a90045bc352d	450	screening-v1/batch-0678/run.json
e3b0c44298fc1c149afbf4c8996fb92427ae41e4649b934ca495991b7852b855	0	screening-v1/batch-0678/stderr.txt
d2c78a545e32f0911bd2c76dbdd83468b9a3b1be5d9b9cce350f43402b49ed18	86	screening-v1/batch-0678/submit_screening
12d0c62f05a71524f811412f8b24390ed39218bdb35f435f0ecf4bd6c47078db	8233	screening-v1/batch-0678/trace.jsonl
aef63175af26b0352c4275267da186c9509f9038ede4f16c79915bd4eea7bb23	5671	screening-v1/batch-0679/batch.json
40e580a565fd3bbc960aeffaf7e8ddb7d6bdcf8060f19124a32745075635bab7	3562	screening-v1/batch-0679/decisions.jsonl
d2d159238b775a00db4b5fd135f20b4b892ed648fd8c60ba7d65800597ada474	66	screening-v1/batch-0679/final.txt
3af3a43799c739e4a2269c1408b3c757415e8ce9149019c0154c5d2689622b12	43034	screening-v1/batch-0679/input.md
839ece71671524d9c2bc72f7a730680362ece612576033d3946e8e7ce9da7f66	450	screening-v1/batch-0679/run.json
e3b0c44298fc1c149afbf4c8996fb92427ae41e4649b934ca495991b7852b855	0	screening-v1/batch-0679/stderr.txt
d2c78a545e32f0911bd2c76dbdd83468b9a3b1be5d9b9cce350f43402b49ed18	86	screening-v1/batch-0679/submit_screening
fc9f800d52f7be571f6f523a48b5805fcdccac9f26ed0d51e2e566e76e90127c	8233	screening-v1/batch-0679/trace.jsonl
22a093223bb0717952597b8d4d897c321095201151c64328f5d29c94332f6bc1	5206	screening-v1/batch-0680/batch.json
2c38bcf8c54e40c5296db9c844deaa654682c8fb858fd284f7a582046e03f2f8	3579	screening-v1/batch-0680/decisions.jsonl
8a7293b3e7626cd6aa853d9ed083ee9ac12aee8e8dbf625ca4913d6a3f7f61fa	83	screening-v1/batch-0680/final.txt
91215546ca6c3c144e8daeeffd1366693dc9efb7d702b7e6cf0947981f424996	41969	screening-v1/batch-0680/input.md
479d09d83d3210e6d2987e6021bd35cc7e330232f6d9a46b7c91b500605ceabc	450	screening-v1/batch-0680/run.json
e3b0c44298fc1c149afbf4c8996fb92427ae41e4649b934ca495991b7852b855	0	screening-v1/batch-0680/stderr.txt
d2c78a545e32f0911bd2c76dbdd83468b9a3b1be5d9b9cce350f43402b49ed18	86	screening-v1/batch-0680/submit_screening
a4ba29736c4106e168aa30eba0090a9480a991844b44d3a9637cef0162d1ff9e	7853	screening-v1/batch-0680/trace.jsonl
437a4a0785e3d70a33505924a3131430e6bc03925056d8ab9d606db04439c179	5296	screening-v1/batch-0681/batch.json
695ee97c847df5419c386fc3f8e90c408f4e28870d0fe5a6540b2a17343c8995	3815	screening-v1/batch-0681/decisions.jsonl
ca5731caf5dbb937b2052a49bd6f81f90ac949d6374326ce9c8cf58f6eb820f4	83	screening-v1/batch-0681/final.txt
2c512efa0af4ef56683b511d080d8ae8b62b493bf869e02b0c5618e4fd51c9e8	46022	screening-v1/batch-0681/input.md
d611f60fab54cf7b5063e8abbb044ad1b00a790b0c43f5c08e203b2fc3ec1a0a	450	screening-v1/batch-0681/run.json
e3b0c44298fc1c149afbf4c8996fb92427ae41e4649b934ca495991b7852b855	0	screening-v1/batch-0681/stderr.txt
d2c78a545e32f0911bd2c76dbdd83468b9a3b1be5d9b9cce350f43402b49ed18	86	screening-v1/batch-0681/submit_screening
ce564f8f8347ed8680b2233bdb162b379957faaf8f959d802614165c565856be	8994	screening-v1/batch-0681/trace.jsonl
de39a8a4e4bc044f93485080201c751d20bfb582b7ded0dd265dbe5f6625fa93	5188	screening-v1/batch-0682/batch.json
9be6908fe8b228396673541dc3146b03e76b286609e11025d577840285a38a0b	3076	screening-v1/batch-0682/decisions.jsonl
d2d159238b775a00db4b5fd135f20b4b892ed648fd8c60ba7d65800597ada474	66	screening-v1/batch-0682/final.txt
7e52ccc80748727690c1530686563bfdfb8be21bde2279d445885f815186a141	41605	screening-v1/batch-0682/input.md
2973fc1a2dd59c849bda49e9749697b4ae3a7b823e3e0dcbbd2151e6954c5cf8	450	screening-v1/batch-0682/run.json
e3b0c44298fc1c149afbf4c8996fb92427ae41e4649b934ca495991b7852b855	0	screening-v1/batch-0682/stderr.txt
d2c78a545e32f0911bd2c76dbdd83468b9a3b1be5d9b9cce350f43402b49ed18	86	screening-v1/batch-0682/submit_screening
d799b9c39440696704f8dc7126e98426b49db22fadb1cf92da24a2f2f9d374c4	13503	screening-v1/batch-0682/trace.jsonl
d6a875617914f6ae74796e5d0bd8a7adbeec6696cc6376abcfd833fc42acecdb	4973	screening-v1/batch-0683/batch.json
5625063a4e29e5857838f900c8c0990e444a977f2c1d5b4454804e0ad84ea3c5	3694	screening-v1/batch-0683/decisions.jsonl
2809cfc90156673e68c3ba157ef254cefe1524244b4839b9679b441a61ddc94e	80	screening-v1/batch-0683/final.txt
daa7f4ee02a4b3cacb2182bac9459cf2549d24cf1898722f45e0437eaeb3d581	43929	screening-v1/batch-0683/input.md
4137add4fd5f104e171c97b76a02e725f9c965595266260e32efb6652146997d	450	screening-v1/batch-0683/run.json
e3b0c44298fc1c149afbf4c8996fb92427ae41e4649b934ca495991b7852b855	0	screening-v1/batch-0683/stderr.txt
d2c78a545e32f0911bd2c76dbdd83468b9a3b1be5d9b9cce350f43402b49ed18	86	screening-v1/batch-0683/submit_screening
2c2ea8b6d052f115b4b11ee5cc632d2361f38e7cb15a5b68c95f3e302747e9fe	8432	screening-v1/batch-0683/trace.jsonl
ca5880b05edda600dd98bb40dddeae30606eb240811df8fc43755eb433e1a129	5395	screening-v1/batch-0684/batch.json
0c7792dbb03a5e625096ef298f496154e9d3d668d562ce1ee8f770f57e44949d	3238	screening-v1/batch-0684/decisions.jsonl
6824e4acfd0c951221fbb12f834a1008062d205af70fb4ce9aa62434b59ac897	64	screening-v1/batch-0684/final.txt
e7a1b3e8789d216a146a67017013eb0553d0604800ef7d22077f0c37eb601df9	40948	screening-v1/batch-0684/input.md
4040b346d9a33fb80249f798a19baba9b4faf690ca6a22d0d27e59b92ceb78bb	450	screening-v1/batch-0684/run.json
e3b0c44298fc1c149afbf4c8996fb92427ae41e4649b934ca495991b7852b855	0	screening-v1/batch-0684/stderr.txt
d2c78a545e32f0911bd2c76dbdd83468b9a3b1be5d9b9cce350f43402b49ed18	86	screening-v1/batch-0684/submit_screening
049faf336718efba158bb96528d6e45bc31e5c8b16649970f199994bc5bdeeb0	7375	screening-v1/batch-0684/trace.jsonl
458c3a229527fc9171a0a2c313e0c88955bc72e4d7e3187bea701fd766bf38a9	5179	screening-v1/batch-0685/batch.json
20c797ecf8891c839bbad28a1040cc0b5884a339931ceb050c14521116bd5851	3053	screening-v1/batch-0685/decisions.jsonl
d2d159238b775a00db4b5fd135f20b4b892ed648fd8c60ba7d65800597ada474	66	screening-v1/batch-0685/final.txt
b0f32d6d548007aed779571c87e71f613985e236fcad1936cb41266ae2fe78ad	40196	screening-v1/batch-0685/input.md
e32583a920509a86f5206ddb1ca36daf0b181c5a19873900d3414a4eacb55d1f	450	screening-v1/batch-0685/run.json
e3b0c44298fc1c149afbf4c8996fb92427ae41e4649b934ca495991b7852b855	0	screening-v1/batch-0685/stderr.txt
d2c78a545e32f0911bd2c76dbdd83468b9a3b1be5d9b9cce350f43402b49ed18	86	screening-v1/batch-0685/submit_screening
ae7b5dd80af804992662e13a5042fd960e7678b7550eb4c543740e479bba20b4	8568	screening-v1/batch-0685/trace.jsonl
2f123fb3b7d1180d4c8bc83569a7081007be33e01270aaaf0263694f20a4c5f6	5298	screening-v1/batch-0686/batch.json
959bfa2ae563010b51d03b3902295942d951fcf9542400cca0b11bc16d5221ac	4060	screening-v1/batch-0686/decisions.jsonl
d2d159238b775a00db4b5fd135f20b4b892ed648fd8c60ba7d65800597ada474	66	screening-v1/batch-0686/final.txt
71fc9dea92a3b2e642d25327e415a055d16fe596ceda7592c6a5900777e5d017	42553	screening-v1/batch-0686/input.md
ea6bbbe5ab635215dd704952d64f8bde3b2db02dad4b014c63ef951586525f55	450	screening-v1/batch-0686/run.json
e3b0c44298fc1c149afbf4c8996fb92427ae41e4649b934ca495991b7852b855	0	screening-v1/batch-0686/stderr.txt
d2c78a545e32f0911bd2c76dbdd83468b9a3b1be5d9b9cce350f43402b49ed18	86	screening-v1/batch-0686/submit_screening
66e598cd02b580e3a31c2614e471c249c82ba9e9e91615292eeb482b9ae50587	15453	screening-v1/batch-0686/trace.jsonl
cfc8800e1bc1fdb79753602c446fa1bd71327fd986108a79433be00f8b0cf229	5586	screening-v1/batch-0687/batch.json
73544cb56d3e51064ee62eb241e70fb729cf3c7fb9e415b2e199c029148092f6	3937	screening-v1/batch-0687/decisions.jsonl
5b29e24135c09c349e27e98d67ae1de4229d28f353e07e4e98ab2bd630f1cb8e	70	screening-v1/batch-0687/final.txt
b62577e71a07cd62b69442e7346e0c2d848c57d8b9097bb0f477f54d94de6174	50546	screening-v1/batch-0687/input.md
171aa144251a843f69153a6a6f18d4a7e6a88667a2394daa7236cb36bcaab4d0	450	screening-v1/batch-0687/run.json
e3b0c44298fc1c149afbf4c8996fb92427ae41e4649b934ca495991b7852b855	0	screening-v1/batch-0687/stderr.txt
d2c78a545e32f0911bd2c76dbdd83468b9a3b1be5d9b9cce350f43402b49ed18	86	screening-v1/batch-0687/submit_screening
67d040ca4ceb65affe46e63059bd8c611b77ca9ff0022da3a60c580e221f977b	8793	screening-v1/batch-0687/trace.jsonl
e33bd5f706a9598b264ccfce41359cba9fc3567056f443bf8eb930beacd3e875	5269	screening-v1/batch-0688/batch.json
749eb6d29613817c8c8253162612cc99b89ce8af506205e53586f4191184edd7	3567	screening-v1/batch-0688/decisions.jsonl
6824e4acfd0c951221fbb12f834a1008062d205af70fb4ce9aa62434b59ac897	64	screening-v1/batch-0688/final.txt
3a9830648866b0cc45c16e0fe41480cec0b15518b9fe10188f31a121a34cacd3	41487	screening-v1/batch-0688/input.md
4119554d100b04aa1d807808ed5c6b519beb2f5f06a67ac70519cdf0537a8884	450	screening-v1/batch-0688/run.json
e3b0c44298fc1c149afbf4c8996fb92427ae41e4649b934ca495991b7852b855	0	screening-v1/batch-0688/stderr.txt
d2c78a545e32f0911bd2c76dbdd83468b9a3b1be5d9b9cce350f43402b49ed18	86	screening-v1/batch-0688/submit_screening
911739c98f5b56a36bb69afee689d9e2aba2bb5a3fbe94b69106e1050cdc08ea	8150	screening-v1/batch-0688/trace.jsonl
9e32fdd8de38f147a86d52204b87adc646a366edf1be2bc70b80041631a4a700	5005	screening-v1/batch-0689/batch.json
e8e6dbec34404a511799ce1cee6e5191f6a896a5015eccba6ece07964c7f2aba	3648	screening-v1/batch-0689/decisions.jsonl
4ffafa1cd5c9ef79654743ee07da5ca4f6ba643caf53bb0e37c5ccd84046abc4	72	screening-v1/batch-0689/final.txt
b023893360a732c6913a79a240860e5895c559f5240fed299bea3f5e3c859757	44904	screening-v1/batch-0689/input.md
4fab738fdb98cadaf3de65c48fc482c4b63594540f3ada3004a4b17d9adfc499	450	screening-v1/batch-0689/run.json
e3b0c44298fc1c149afbf4c8996fb92427ae41e4649b934ca495991b7852b855	0	screening-v1/batch-0689/stderr.txt
d2c78a545e32f0911bd2c76dbdd83468b9a3b1be5d9b9cce350f43402b49ed18	86	screening-v1/batch-0689/submit_screening
39f7362edb352a5ed5fab2940c5face707a6f19f0ced5f30b1e6e8b9106ebadd	8332	screening-v1/batch-0689/trace.jsonl
c3e34015a456e5e69c180367d2c1477760e0f375aaca6e5230f13b05dba92884	5446	screening-v1/batch-0690/batch.json
2f2162d66eb874da60154ca706725622a60398cb7a294a53b713f443e036e8bb	3671	screening-v1/batch-0690/decisions.jsonl
6f5e9fcb8eb66fa3d616c9b3fdf6cca9d99a57cbf227f2832ff8ce0196b8d771	94	screening-v1/batch-0690/final.txt
2af78537f3bb429143b1ba1ce32786624144a8b82886261777bbd10f98d4ff75	43413	screening-v1/batch-0690/input.md
b6782d5391d436c941bdeeb1bee90f4b50c342ce1a1ec8cf4ab7f8c4ed8ddd2c	450	screening-v1/batch-0690/run.json
e3b0c44298fc1c149afbf4c8996fb92427ae41e4649b934ca495991b7852b855	0	screening-v1/batch-0690/stderr.txt
d2c78a545e32f0911bd2c76dbdd83468b9a3b1be5d9b9cce350f43402b49ed18	86	screening-v1/batch-0690/submit_screening
47b7ba471351a9c3364a4c6932eccba7f3fda94304d8500af09af9fe4243f15d	8143	screening-v1/batch-0690/trace.jsonl
f2f057bb386da331d1aeaca620124897f2998d8e4c056fa1b9108bda0f350ebb	4993	screening-v1/batch-0691/batch.json
b649ad067d149e8c39419bb9d81467f8a7e708f7f2c54dcefef907a797b87530	3580	screening-v1/batch-0691/decisions.jsonl
2df63951e3c28eff7d7a0242046a6cc780461814d41f081a22c3f734e7dc1e67	80	screening-v1/batch-0691/final.txt
270f5b870e634efecd1a8294e26c918c665f7ebe5812e708db115ffea15535e3	40397	screening-v1/batch-0691/input.md
6d5781b04a6469ec07e2b4b4533e31123b49896d980bbf5659d252345e9ac6cc	450	screening-v1/batch-0691/run.json
e3b0c44298fc1c149afbf4c8996fb92427ae41e4649b934ca495991b7852b855	0	screening-v1/batch-0691/stderr.txt
d2c78a545e32f0911bd2c76dbdd83468b9a3b1be5d9b9cce350f43402b49ed18	86	screening-v1/batch-0691/submit_screening
319014d7a3accfce3ae538b9d7e561ae302c1c67966832663e68c38bdddbaa89	8714	screening-v1/batch-0691/trace.jsonl
6ca23848e53ec5c4228fa1e0ecb2562156950c834c59e55927b01be42f64b257	5460	screening-v1/batch-0692/batch.json
0b06db61cddfbd01a7cb1764da26b9800d9506a60a6d2d6cba5f39cfb6d795b4	3637	screening-v1/batch-0692/decisions.jsonl
755742134aa4adeac1aa9cfc97901803e54fde9ff921a467c718be766f960700	80	screening-v1/batch-0692/final.txt
b52ec3604d80282b646494d6e27b2a79aa653853948c5291ec9c79a00585747d	48913	screening-v1/batch-0692/input.md
1a1f0c0e708274dd7c14c69d0f6aa80e5c11fd617cf160b33e8619472720c5b5	450	screening-v1/batch-0692/run.json
e3b0c44298fc1c149afbf4c8996fb92427ae41e4649b934ca495991b7852b855	0	screening-v1/batch-0692/stderr.txt
d2c78a545e32f0911bd2c76dbdd83468b9a3b1be5d9b9cce350f43402b49ed18	86	screening-v1/batch-0692/submit_screening
70ee60211e16ef3fa9ca2c065191a279060b7d4f0ae015dac3cdb213fd2b6914	8471	screening-v1/batch-0692/trace.jsonl
09ff84e1832abfb2cba4a3c61d158b663c233c92b1a8a3972f37e985b0c308a3	5457	screening-v1/batch-0693/batch.json
b8436544d69ab16f5980afe2be543900a8efde8458a504ef9ccdb731eec16e7a	3624	screening-v1/batch-0693/decisions.jsonl
d8d3f566fa79885f3f0c2f869c71abc9ecdb2a116da1a9ce4ea8db8df8497254	70	screening-v1/batch-0693/final.txt
fd6c8427b592082917e782862a6598f740faf4488ae778c8098d9624723d2a4e	44607	screening-v1/batch-0693/input.md
fec297e51bfcc80fefb9095d1da9b502ebf1cd68074db0c3cc31353d9d9e63c6	450	screening-v1/batch-0693/run.json
e3b0c44298fc1c149afbf4c8996fb92427ae41e4649b934ca495991b7852b855	0	screening-v1/batch-0693/stderr.txt
d2c78a545e32f0911bd2c76dbdd83468b9a3b1be5d9b9cce350f43402b49ed18	86	screening-v1/batch-0693/submit_screening
12f1ff0afb3d67d7692d4913b4af7ff9d61879e566aeba12c22b04f036452e74	8181	screening-v1/batch-0693/trace.jsonl
64b223761af7fdaf9b1e4efc73411f779dd2b10ca3692142a4d8ec6e255afa3e	5323	screening-v1/batch-0694/batch.json
968ff5822cd5edcffcd78b75605f0899a75367c20d0c486a09f9d1512ee329ba	4101	screening-v1/batch-0694/decisions.jsonl
8a7293b3e7626cd6aa853d9ed083ee9ac12aee8e8dbf625ca4913d6a3f7f61fa	83	screening-v1/batch-0694/final.txt
3f081b30bd41bf383944a5db232f11e5f2f84dc8611e0d1dce4772b0101259fe	40937	screening-v1/batch-0694/input.md
6b5e5a984397a07351827c6fcc5228ee039601b692507efdeffeaee0c592932c	450	screening-v1/batch-0694/run.json
e3b0c44298fc1c149afbf4c8996fb92427ae41e4649b934ca495991b7852b855	0	screening-v1/batch-0694/stderr.txt
d2c78a545e32f0911bd2c76dbdd83468b9a3b1be5d9b9cce350f43402b49ed18	86	screening-v1/batch-0694/submit_screening
4b4da458727d7c36e7344c17a219f26066ce1eb6e1a28b52bcff0cd0c9cbff06	9620	screening-v1/batch-0694/trace.jsonl
13db418d40548241337b7ae082a45c10d4084aa3bf449c626845b61878b7b278	5285	screening-v1/batch-0695/batch.json
67abfed531b9d0ce8349b380a49be50938d333df94049e6bb844eeac3fd98d5f	3504	screening-v1/batch-0695/decisions.jsonl
6f5e9fcb8eb66fa3d616c9b3fdf6cca9d99a57cbf227f2832ff8ce0196b8d771	94	screening-v1/batch-0695/final.txt
63f87c2d68f4374873b4d5f317ebd5ac85334a5fdf550cdd43996b7bacf7a107	40188	screening-v1/batch-0695/input.md
4eacedd4182a20bc69788981a4bf98b61ea391c91e076700064523398aed8b0b	450	screening-v1/batch-0695/run.json
e3b0c44298fc1c149afbf4c8996fb92427ae41e4649b934ca495991b7852b855	0	screening-v1/batch-0695/stderr.txt
d2c78a545e32f0911bd2c76dbdd83468b9a3b1be5d9b9cce350f43402b49ed18	86	screening-v1/batch-0695/submit_screening
435282c6a136f7c558289f6d027866cef2214ec149a2fb614e3bfbf1b43083ae	8793	screening-v1/batch-0695/trace.jsonl
784aecabef7c1ee4474f5b0d7dd73d9c93f7fe9033fb78ecffd6279b538b7851	5270	screening-v1/batch-0696/batch.json
ba6e922a4fa87e82439788f2419f1306b0c3b0b2b68a2263780c1da04fdcae83	3612	screening-v1/batch-0696/decisions.jsonl
f5a27266bb0910fca907b1904c09287ce68e0dea75d743f62b73c5523e7b30c0	83	screening-v1/batch-0696/final.txt
b8bb61399550919bad67d126f29d6ebbb47805172c06d0db14669c409e5ba4eb	43933	screening-v1/batch-0696/input.md
c71709ac292c7fa1c51b27a53a5f503f854a2410da951bcf84a3759a74227619	450	screening-v1/batch-0696/run.json
e3b0c44298fc1c149afbf4c8996fb92427ae41e4649b934ca495991b7852b855	0	screening-v1/batch-0696/stderr.txt
d2c78a545e32f0911bd2c76dbdd83468b9a3b1be5d9b9cce350f43402b49ed18	86	screening-v1/batch-0696/submit_screening
e4d8708bb36ac1c910ee26967ef5e6044331f3cd4d785d15c28c777b1c82fdf7	9422	screening-v1/batch-0696/trace.jsonl
c837f32a2dd8268340798ff8f02aed1beac9d0b0aa1dc8549ef66e5646159a81	5210	screening-v1/batch-0697/batch.json
abc4fcf07460bc2a344c3432d8440b1e5582b6a8237d64ce145c4631f5db8f94	3759	screening-v1/batch-0697/decisions.jsonl
2809cfc90156673e68c3ba157ef254cefe1524244b4839b9679b441a61ddc94e	80	screening-v1/batch-0697/final.txt
a50a8b888534f08e19cf5934842e97c1c9a57484b590b9e19cab85c141db0aa0	45179	screening-v1/batch-0697/input.md
a453ed269747c5e92bab38aee660fc1a0915b69c3b79a20803c486032dcd60db	450	screening-v1/batch-0697/run.json
e3b0c44298fc1c149afbf4c8996fb92427ae41e4649b934ca495991b7852b855	0	screening-v1/batch-0697/stderr.txt
d2c78a545e32f0911bd2c76dbdd83468b9a3b1be5d9b9cce350f43402b49ed18	86	screening-v1/batch-0697/submit_screening
045f499ac843ba322ca16e02dda3e18be36621f6497849ee63937a8ac9989e52	14874	screening-v1/batch-0697/trace.jsonl
503613f1a51b8b166a2ab47822dd6328aed44ee300f8a963752fbe951b717ee9	10162	screening-v1/batch-0698/batch.json
d39280a4120be9574fb27c0b70354994dfa27301a1e83910638454daae1dce62	3787	screening-v1/batch-0698/decisions.jsonl
755742134aa4adeac1aa9cfc97901803e54fde9ff921a467c718be766f960700	80	screening-v1/batch-0698/final.txt
b228e19f192971181cfa826e22f1eb4af78a91d9ed9cb5f5e02786b8669f497b	48809	screening-v1/batch-0698/input.md
af03e65e9a9ae00e9f88f2b5e30ddec89648273b35df22a3f7f7d5f1052791fb	450	screening-v1/batch-0698/run.json
e3b0c44298fc1c149afbf4c8996fb92427ae41e4649b934ca495991b7852b855	0	screening-v1/batch-0698/stderr.txt
d2c78a545e32f0911bd2c76dbdd83468b9a3b1be5d9b9cce350f43402b49ed18	86	screening-v1/batch-0698/submit_screening
f91df592c126f07bb6a9352dc89dbba60c9a2fc24af921b591129c36d62050a6	15767	screening-v1/batch-0698/trace.jsonl
b85c649e949da9994b81655f27cac2b92489c446aac26bd37ced162cdec95391	5368	screening-v1/batch-0699/batch.json
d8cb018e5a71eb25fd51d9d5c4b5d3c45d8b885e5eacbcd94982976d3077cf42	3423	screening-v1/batch-0699/decisions.jsonl
56d763677cd7d08d0dc0a8d8fd9c64dae43eb94e007d072df3df06501fde3983	88	screening-v1/batch-0699/final.txt
34c292e54a84aff2a68ca3e7fb0928beae8fc9dacb24d81a9355a5e39b545089	44581	screening-v1/batch-0699/input.md
20e607d8e57f669048fa169d5bf39662a67870b5aeabe7fef01396982cf336b5	450	screening-v1/batch-0699/run.json
e3b0c44298fc1c149afbf4c8996fb92427ae41e4649b934ca495991b7852b855	0	screening-v1/batch-0699/stderr.txt
d2c78a545e32f0911bd2c76dbdd83468b9a3b1be5d9b9cce350f43402b49ed18	86	screening-v1/batch-0699/submit_screening
6bef6dc3e5f0e9036ef5f301b59640798be250ce17d6940bd87dc1bba778daf3	8271	screening-v1/batch-0699/trace.jsonl
042d7e8584fe9fec01363c6879fd4e6e304e2a5e6790a4b4b3a8ad02078dba49	5312	screening-v1/batch-0700/batch.json
6bbcb39fc23324281a33790db99b66d6ba572f6cb11f769b0f95530de496f2fb	3571	screening-v1/batch-0700/decisions.jsonl
b8c44f6fdf21bc697005fcc1356e064ff29fb23749313057287d5419e21f5a00	82	screening-v1/batch-0700/final.txt
a993e0ef5f6b30cf8aee02a0780f83da5cf4a174ecb39c4e69ca2d19c99dd87c	39999	screening-v1/batch-0700/input.md
0710e377202eb82a8ecfff3c47b0d88aeda85a3eac3afc8d2c064de70fc8da50	450	screening-v1/batch-0700/run.json
e3b0c44298fc1c149afbf4c8996fb92427ae41e4649b934ca495991b7852b855	0	screening-v1/batch-0700/stderr.txt
d2c78a545e32f0911bd2c76dbdd83468b9a3b1be5d9b9cce350f43402b49ed18	86	screening-v1/batch-0700/submit_screening
67032299b450c59fd981664b19b5019b57336db92c55e25300a8bb4a17834e9b	8338	screening-v1/batch-0700/trace.jsonl
c08f766c0c68ccdfc864d0da80a210e9c1c87674fa627b11893e590ce7a1872e	5097	screening-v1/batch-0701/batch.json
27151de2ab6616227c66ec14d2c68ed528df51f782b9d14e1bc11839defa09f1	3300	screening-v1/batch-0701/decisions.jsonl
67e1405cca3676492de054f7a4efaab8b1b443f6ee82a04a74b4d9d782548c5d	89	screening-v1/batch-0701/final.txt
b3211fec8ab16b01d36a57bb54e41e9d263b54a480a117b1baa3a91760ee2009	41071	screening-v1/batch-0701/input.md
f5e3dcef3c5565f2c68bb87c7d68a8a4c8b17e2cc96a06b178dee410146420cc	450	screening-v1/batch-0701/run.json
e3b0c44298fc1c149afbf4c8996fb92427ae41e4649b934ca495991b7852b855	0	screening-v1/batch-0701/stderr.txt
d2c78a545e32f0911bd2c76dbdd83468b9a3b1be5d9b9cce350f43402b49ed18	86	screening-v1/batch-0701/submit_screening
6a4972f074370170dcf1a7d896ee73b773a2feb5104d9c81bcca213bf3a9c8f3	7840	screening-v1/batch-0701/trace.jsonl
7c1b0b570a5f52098abd41871d24deb2aafdfbea28d02d5e76a94099ce359875	5081	screening-v1/batch-0702/batch.json
e21b254ff228c2d8848f0858aae8a2ecea67d09804b6917cfa73a871ce0f83a6	3713	screening-v1/batch-0702/decisions.jsonl
38e1c967707a6e5e63786288af937d1ecbc9ec8049257d86abb412c71b124227	65	screening-v1/batch-0702/final.txt
15213d6d22cbfd820c51157ffeb61200e3eac912cce9ecd909685f9789556448	39253	screening-v1/batch-0702/input.md
418ee6e1fd87f6efdf989dc75e07bb920c256d255637d9bd51565cf805d0d12d	450	screening-v1/batch-0702/run.json
e3b0c44298fc1c149afbf4c8996fb92427ae41e4649b934ca495991b7852b855	0	screening-v1/batch-0702/stderr.txt
d2c78a545e32f0911bd2c76dbdd83468b9a3b1be5d9b9cce350f43402b49ed18	86	screening-v1/batch-0702/submit_screening
bf609cb810ab18d5d03e31bc12f95fc4346dec5fed17b79a8496e458b0657827	14620	screening-v1/batch-0702/trace.jsonl
e0716a3babf85a9a853bb28e8238d2adc0372668078227b16231c78c889d5b0f	5567	screening-v1/batch-0703/batch.json
62777c3a1cd709bbc6ac00c291858ea2f45fa6bed8fa0658ffb3517f68ea2f0a	3558	screening-v1/batch-0703/decisions.jsonl
fa5ec075ea25be555ff4d33be5cacefbf8d38f08e5591f9b41543f1e5ef4eb8e	87	screening-v1/batch-0703/final.txt
fefde0f417178f9fb3158aec17f2216826995692345aea3978480a9f52a603b2	40145	screening-v1/batch-0703/input.md
f6606026ba95d65eaf948b4b4c60b85477380b015e9ac61d65e9cd2d3ab1af6b	450	screening-v1/batch-0703/run.json
e3b0c44298fc1c149afbf4c8996fb92427ae41e4649b934ca495991b7852b855	0	screening-v1/batch-0703/stderr.txt
d2c78a545e32f0911bd2c76dbdd83468b9a3b1be5d9b9cce350f43402b49ed18	86	screening-v1/batch-0703/submit_screening
c1ae20f5debf67819370cb9dbed1ccb1e7a01d37c336f1d95b195d83cf2eac12	8160	screening-v1/batch-0703/trace.jsonl
4bd2d2a148f74c663a2c1893686f4022654ee9ab4c812fb26673e05955afb5e5	5146	screening-v1/batch-0704/batch.json
b108bb86ab9050509098710f2181bb6194532bc5875803603652197771330bda	3265	screening-v1/batch-0704/decisions.jsonl
5b29e24135c09c349e27e98d67ae1de4229d28f353e07e4e98ab2bd630f1cb8e	70	screening-v1/batch-0704/final.txt
35df992ce9a96b4fe8549a15c50b54cd63c0a916244d33f18ab564296d25f63e	42951	screening-v1/batch-0704/input.md
8ae447b95740e1734ad2b0310cfbf803645a1e63a4da1f33f188541246e7b06d	450	screening-v1/batch-0704/run.json
e3b0c44298fc1c149afbf4c8996fb92427ae41e4649b934ca495991b7852b855	0	screening-v1/batch-0704/stderr.txt
d2c78a545e32f0911bd2c76dbdd83468b9a3b1be5d9b9cce350f43402b49ed18	86	screening-v1/batch-0704/submit_screening
70670023e0f083640ef9ed1939dc8839b0d8d0ad5b0ab712129606604e2b441b	7300	screening-v1/batch-0704/trace.jsonl
89c0d66670a32eeb66bfa7b15ba8add0c011d194f64b619e32c2865955448773	5282	screening-v1/batch-0705/batch.json
cc4fc39faf776ce5b07608dc3c0091417781c9de2f9fe1a62aaa11f91f06565f	3190	screening-v1/batch-0705/decisions.jsonl
a3e9c9b499170187592ce1a648caffbf205921ed424ab583bf1e142a3bfccc82	78	screening-v1/batch-0705/final.txt
3f3aa6ceaa491d25355cb1395fed7d7cceab5ab46e38a884984557e3a7ca8204	41624	screening-v1/batch-0705/input.md
0bcd4b8beecfe52be9807b86d3279e7c19b17c4e0d1cd80c59713f1cf42ccbcb	450	screening-v1/batch-0705/run.json
e3b0c44298fc1c149afbf4c8996fb92427ae41e4649b934ca495991b7852b855	0	screening-v1/batch-0705/stderr.txt
d2c78a545e32f0911bd2c76dbdd83468b9a3b1be5d9b9cce350f43402b49ed18	86	screening-v1/batch-0705/submit_screening
37e8a2aee9f9d7b83164d25185fa2bb69ab2d56d6da28e1ffaa81778387bff91	7799	screening-v1/batch-0705/trace.jsonl
2a38ef98d9a57fa714abdee6244eab8e4024f62dc46d7ed181a88a5672f6e00f	5195	screening-v1/batch-0706/batch.json
3af93cf6d4d8315e3321bd9900cd398e8df5dd019c18b73a2f9b42b9b0f84eb9	3877	screening-v1/batch-0706/decisions.jsonl
67e1405cca3676492de054f7a4efaab8b1b443f6ee82a04a74b4d9d782548c5d	89	screening-v1/batch-0706/final.txt
7c6f3f4c51049e7a9e20c0dafcab99f67b62562ef201dec65af1ae7871915849	42129	screening-v1/batch-0706/input.md
1a69c1f5cedb108bac41797700286a95abb006fefc3e0cdf566ddfda6ff4597b	450	screening-v1/batch-0706/run.json
e3b0c44298fc1c149afbf4c8996fb92427ae41e4649b934ca495991b7852b855	0	screening-v1/batch-0706/stderr.txt
d2c78a545e32f0911bd2c76dbdd83468b9a3b1be5d9b9cce350f43402b49ed18	86	screening-v1/batch-0706/submit_screening
57b8d7fbb889ed6ba7c3ba141f1543de593e6f89874efd1dfcb165a09764f353	8791	screening-v1/batch-0706/trace.jsonl
9135ade8f6c21674726241f11d736380aabe76e6a5c145381d009b0d1ae26201	5242	screening-v1/batch-0707/batch.json
da2f72984bca17b93cdaad9d415b56e1d224f6e9c2200dc46fc54592fec6c28d	3759	screening-v1/batch-0707/decisions.jsonl
6824e4acfd0c951221fbb12f834a1008062d205af70fb4ce9aa62434b59ac897	64	screening-v1/batch-0707/final.txt
01b3a5203d7371f139babb2432acaebabbffef38afe4881f5ef624ea6cf11114	42212	screening-v1/batch-0707/input.md
6781faefcaea86c8f8043f4906262036e78f9b2bf5fd0dd1edfc94fffd487b15	450	screening-v1/batch-0707/run.json
e3b0c44298fc1c149afbf4c8996fb92427ae41e4649b934ca495991b7852b855	0	screening-v1/batch-0707/stderr.txt
d2c78a545e32f0911bd2c76dbdd83468b9a3b1be5d9b9cce350f43402b49ed18	86	screening-v1/batch-0707/submit_screening
2bcc33a676af1138de2869e1a7437ca553cc7d31729629deff0a922b3081a3ce	8703	screening-v1/batch-0707/trace.jsonl
c6b33ddb56eaa83c327621125d0d0b10cc860a0e4c685a9f52a12a5e32c61634	5196	screening-v1/batch-0708/batch.json
9b9d8b920641ca4466f77cf19d641842843201b5a27d840cddd9d28448d1de14	3904	screening-v1/batch-0708/decisions.jsonl
12bfc04b481060e14e256636c30ee7d70d6d1060b4debc9519c541a6666ade00	55	screening-v1/batch-0708/final.txt
6ff083ebaa995b411d13501c8ab593c6fdc2d63b8498fae10b8db6450ce067d9	37614	screening-v1/batch-0708/input.md
3799f415c75902f4b76866b5c11b6d34983cc3e02fae1d8686903d6e714fb1fc	450	screening-v1/batch-0708/run.json
e3b0c44298fc1c149afbf4c8996fb92427ae41e4649b934ca495991b7852b855	0	screening-v1/batch-0708/stderr.txt
d2c78a545e32f0911bd2c76dbdd83468b9a3b1be5d9b9cce350f43402b49ed18	86	screening-v1/batch-0708/submit_screening
4aff4e2998ea053dcdf5a00ebef210711b582fd1a72cd42badc1e71627122fa2	15145	screening-v1/batch-0708/trace.jsonl
2e73e2cea4033c61d2b194488a91ffef4ec50cb2062b8aee7930e66908248e7d	5497	screening-v1/batch-0709/batch.json
61ce9c4993a80f6377f319b13f0176762014babeb4b364b40dc73a8de731fc1d	3845	screening-v1/batch-0709/decisions.jsonl
9140d23d0fb248333757cf6c1af2837987edd2504555b18686c3fe74da15682b	64	screening-v1/batch-0709/final.txt
1acde343e19b0a26a708d7fb108c567410efab9fd7bfb94081da8d43d80844a9	40344	screening-v1/batch-0709/input.md
acde061bf2f7aeb5b332ff8910beef14b69e5d58128b4721bf2d7216cc7ca88a	450	screening-v1/batch-0709/run.json
e3b0c44298fc1c149afbf4c8996fb92427ae41e4649b934ca495991b7852b855	0	screening-v1/batch-0709/stderr.txt
d2c78a545e32f0911bd2c76dbdd83468b9a3b1be5d9b9cce350f43402b49ed18	86	screening-v1/batch-0709/submit_screening
4478973557ed2e222096a33957194851fdca784b9af4115fb127bfcb9f959d16	11455	screening-v1/batch-0709/trace.jsonl
be44c0b93107f2242696ac4a8ba7f0a73ab24a9ae7b1e6ffac61342ff0359fdb	5421	screening-v1/batch-0710/batch.json
0d092210f8bc7b846b16ded14f9c3c39bad1b94a33ff417e62b812e8af3d5279	3884	screening-v1/batch-0710/decisions.jsonl
12bfc04b481060e14e256636c30ee7d70d6d1060b4debc9519c541a6666ade00	55	screening-v1/batch-0710/final.txt
4da448e13ff1261a0b3548069a649d8af509e241c9871c81d8ea1d119239772d	43924	screening-v1/batch-0710/input.md
188630ecd696668acb2cbb999b95cc2f2ccfb59e4f00d8a4ddbba77b8e318666	450	screening-v1/batch-0710/run.json
e3b0c44298fc1c149afbf4c8996fb92427ae41e4649b934ca495991b7852b855	0	screening-v1/batch-0710/stderr.txt
d2c78a545e32f0911bd2c76dbdd83468b9a3b1be5d9b9cce350f43402b49ed18	86	screening-v1/batch-0710/submit_screening
c92fb22a4153ebda272a97fcac71a9928d3848aefd6aef685f848d1e102d9851	8763	screening-v1/batch-0710/trace.jsonl
1670c9e0287bd80e5a7e73e9d80ddc73081b0e5feda36b973803e75e4b0e5e43	5284	screening-v1/batch-0711/batch.json
a9d4d3be5efbebe9844e3895c614556f57c907cf1461ab7f721ce9ad5552d3a1	3618	screening-v1/batch-0711/decisions.jsonl
23a75b1ba4f65b54f62e596d1d6cdcf5f10199bb7d17da6ac2a15905a894247e	78	screening-v1/batch-0711/final.txt
3b6fb189053eb9855656f280c5ab13ec624e85162aca21ced857c8997e8a0ed1	42047	screening-v1/batch-0711/input.md
1329f742651c21271fbc93a1ca67bbcae1f89f672d840316f159c04dc3d3ae6b	450	screening-v1/batch-0711/run.json
e3b0c44298fc1c149afbf4c8996fb92427ae41e4649b934ca495991b7852b855	0	screening-v1/batch-0711/stderr.txt
d2c78a545e32f0911bd2c76dbdd83468b9a3b1be5d9b9cce350f43402b49ed18	86	screening-v1/batch-0711/submit_screening
23dbad7d650678ef5aeb03fb42910669ab675f9bb614b5bd38f52c7112021f78	8077	screening-v1/batch-0711/trace.jsonl
205772f6932df31309285a766deef9d25996a7f9fd6ea05f565db75d3a599a33	5292	screening-v1/batch-0712/batch.json
6b10383ae79bbedca95fb9a196bd0212763e1143da720a497d0eb4de265a7493	3718	screening-v1/batch-0712/decisions.jsonl
e7708afc385b8f5704992179280a846acc725e6c2e0662b387f8ce0b63d9d117	78	screening-v1/batch-0712/final.txt
8e5986d5079de9af5870a7257b61b585eae9da6e3072f9f4da70189cfa75965d	40438	screening-v1/batch-0712/input.md
9ec302a43a21ad121b4a8c72c3448f9e40bcfcd4f3ac6ad7e5230c74f1729095	450	screening-v1/batch-0712/run.json
e3b0c44298fc1c149afbf4c8996fb92427ae41e4649b934ca495991b7852b855	0	screening-v1/batch-0712/stderr.txt
d2c78a545e32f0911bd2c76dbdd83468b9a3b1be5d9b9cce350f43402b49ed18	86	screening-v1/batch-0712/submit_screening
d018261770026fadbd2469eaa92024e424c97b076f1a01c60d48df5f6a285a0c	8630	screening-v1/batch-0712/trace.jsonl
e31515a330831663d57df3fa4f81e4cf3d45684093480563c586429221a002b3	5233	screening-v1/batch-0713/batch.json
12a1c699d1282928c5e677c91cb18791f46c7534e4b587d421f8706726b95434	3522	screening-v1/batch-0713/decisions.jsonl
56d763677cd7d08d0dc0a8d8fd9c64dae43eb94e007d072df3df06501fde3983	88	screening-v1/batch-0713/final.txt
ba6868a49ac0f4d626c76f43df376c379ccf199ec9870f651b44dbc5240c8f2c	42457	screening-v1/batch-0713/input.md
a51e22c5dcd6ca161386f237d107be621da1bd1a9326b3a5f1245e99f90203e4	450	screening-v1/batch-0713/run.json
e3b0c44298fc1c149afbf4c8996fb92427ae41e4649b934ca495991b7852b855	0	screening-v1/batch-0713/stderr.txt
d2c78a545e32f0911bd2c76dbdd83468b9a3b1be5d9b9cce350f43402b49ed18	86	screening-v1/batch-0713/submit_screening
35a37b2396fcda24ae10a81ae52559c5b859567ef108558f0e4c4804e5f5007b	14443	screening-v1/batch-0713/trace.jsonl
05f7a9a6d8d08968d886834f4c604ffe570ade097d92ddc6ebc6ca93dfb02123	5540	screening-v1/batch-0714/batch.json
996ea5515a02500b6c3fbd6d6553311728aecb47ca7904e1ba4b32d0c560a6d0	3653	screening-v1/batch-0714/decisions.jsonl
f5a27266bb0910fca907b1904c09287ce68e0dea75d743f62b73c5523e7b30c0	83	screening-v1/batch-0714/final.txt
6892fbd6090b0edb98aa1538ce113047b380da0097a05a7a4a80903e832d4c18	38717	screening-v1/batch-0714/input.md
8adce0135d7edf0be93046b2c4b82a27232c8c9c2ced6f77bf4e6336a6d17cd0	450	screening-v1/batch-0714/run.json
e3b0c44298fc1c149afbf4c8996fb92427ae41e4649b934ca495991b7852b855	0	screening-v1/batch-0714/stderr.txt
d2c78a545e32f0911bd2c76dbdd83468b9a3b1be5d9b9cce350f43402b49ed18	86	screening-v1/batch-0714/submit_screening
27bdf724013ed54112d49034ad14c6f9a349c53148a39029fe8faac1614c84f7	8659	screening-v1/batch-0714/trace.jsonl
48a7b80b01901dc8ed0549b49b69299402477617649ba8abd94c953ca7e50201	5105	screening-v1/batch-0715/batch.json
5e2e3718cbcdc053ca524133057437adf047221bac99ac5377b9c73fd36d7871	3524	screening-v1/batch-0715/decisions.jsonl
8ad8b692f9ea3c58b98047f3d39e945cf79bc60924b730432da291d144ffd945	57	screening-v1/batch-0715/final.txt
d3c1902017176ba37868697e92973787e3f0ed29690128960af77604a40f8a34	43324	screening-v1/batch-0715/input.md
35fcb35b75d157e99f81df9d396fdad2bca01dc6af401147e07dedbd2ab638c0	450	screening-v1/batch-0715/run.json
e3b0c44298fc1c149afbf4c8996fb92427ae41e4649b934ca495991b7852b855	0	screening-v1/batch-0715/stderr.txt
d2c78a545e32f0911bd2c76dbdd83468b9a3b1be5d9b9cce350f43402b49ed18	86	screening-v1/batch-0715/submit_screening
fa83e6022d8b1917aa19ab40b559d4159d98a37d90ecabb7d43eac84f1b364f2	8353	screening-v1/batch-0715/trace.jsonl
f792335f314506c9972413cb57253cc470b16adc2b8026c2851780fa7cd6107f	5668	screening-v1/batch-0716/batch.json
6ab590478893ab0f28f091a6ce0285e29344af9c0f451f11e84cf69720b2ed76	3567	screening-v1/batch-0716/decisions.jsonl
bbba3ee6cb5d7fd5d1a3d1056e846f45b1ac5a7b047632b1b30518928bb7ae96	76	screening-v1/batch-0716/final.txt
bf5bbe67ea3cdb96ac0e32853251f89abe9e5689382649fe58d42038a97573dd	35831	screening-v1/batch-0716/input.md
85d9d446a9417dc117d04774a1a13964c2cdf08cbaa7923002e0e4be9852e389	450	screening-v1/batch-0716/run.json
e3b0c44298fc1c149afbf4c8996fb92427ae41e4649b934ca495991b7852b855	0	screening-v1/batch-0716/stderr.txt
d2c78a545e32f0911bd2c76dbdd83468b9a3b1be5d9b9cce350f43402b49ed18	86	screening-v1/batch-0716/submit_screening
f9692060ec225e3f437b7af1c67b5c5e5f021069182b34087a3cec9c169ac926	8315	screening-v1/batch-0716/trace.jsonl
ac62f865dcc8ca02bc2b0d3cb3000d393cd356b4a707a1ac497ccac3d50e4ae9	5004	screening-v1/batch-0717/batch.json
e951bfc1b003aa32c6e73ec8fe09be3c8abc1e76283b3ed4da9d6df0c84178de	4118	screening-v1/batch-0717/decisions.jsonl
06c8a354437ec1e2a18c694d64366c99c1abe3674e810e8e610a5c7cbe15ed5d	44	screening-v1/batch-0717/final.txt
2378459a8fd12a2fd76b8423fe2b0e0e8cabb99c895270cedd7b5ca84911835a	42072	screening-v1/batch-0717/input.md
ade5bd2ff2a57dbb5c07b20517a1637c04e7399ad7756a82b362ad10b63581f0	450	screening-v1/batch-0717/run.json
e3b0c44298fc1c149afbf4c8996fb92427ae41e4649b934ca495991b7852b855	0	screening-v1/batch-0717/stderr.txt
d2c78a545e32f0911bd2c76dbdd83468b9a3b1be5d9b9cce350f43402b49ed18	86	screening-v1/batch-0717/submit_screening
31e60924f6e2ca8cbafe15146653575e623be1be6bda74602c6ddf69a6c63f5c	9717	screening-v1/batch-0717/trace.jsonl
ed00f5439dbe70c2ebf1d57ae46d61f94ff7c82adb215c7b706d21fbbdbf0573	5477	screening-v1/batch-0718/batch.json
b8626d3998dd870ee9c6cedc075fc1943b50e3ac2e9c697e008befc6a8ed619d	3632	screening-v1/batch-0718/decisions.jsonl
d2d159238b775a00db4b5fd135f20b4b892ed648fd8c60ba7d65800597ada474	66	screening-v1/batch-0718/final.txt
ee7f3a387bafe738a8b3ca38b399156a983d7a4237d913fdf0de39e2989aa82e	43887	screening-v1/batch-0718/input.md
8758cb9cb01e9ff5773a6489e07ab6e18982796dea373aa75b988a65e4b7469b	450	screening-v1/batch-0718/run.json
e3b0c44298fc1c149afbf4c8996fb92427ae41e4649b934ca495991b7852b855	0	screening-v1/batch-0718/stderr.txt
d2c78a545e32f0911bd2c76dbdd83468b9a3b1be5d9b9cce350f43402b49ed18	86	screening-v1/batch-0718/submit_screening
bdcb767e90877e8f41c15f56f783e19dbbb113f93fc3c60ad432820b06837dea	8682	screening-v1/batch-0718/trace.jsonl
63148d5192e9692f1c8226d3100a98e65d2f8c60e3de67f49d0f2a7d6826d063	5328	screening-v1/batch-0719/batch.json
b347e9b056018d4b1ff31dfbf720760fb925d2bbf75857c723af82c46d304164	3485	screening-v1/batch-0719/decisions.jsonl
23a75b1ba4f65b54f62e596d1d6cdcf5f10199bb7d17da6ac2a15905a894247e	78	screening-v1/batch-0719/final.txt
4e965a12a9e1126fe53a3f1a184ad42d11feccedeab62aa7843be255324e65a6	55541	screening-v1/batch-0719/input.md
c8b862a9335073084204ddbc6890bcff6c978a2b49ec15945d1d3bc01202db0d	450	screening-v1/batch-0719/run.json
e3b0c44298fc1c149afbf4c8996fb92427ae41e4649b934ca495991b7852b855	0	screening-v1/batch-0719/stderr.txt
d2c78a545e32f0911bd2c76dbdd83468b9a3b1be5d9b9cce350f43402b49ed18	86	screening-v1/batch-0719/submit_screening
742a7b3f413e617b9589aa567a7bbdd0d374cbda3be7fc5e455d4becfb4fd9a4	8169	screening-v1/batch-0719/trace.jsonl
f3df0f48c27c9e411f16130e3c4e46a41c66cfb7759125428d8cf97fdbf848b5	5131	screening-v1/batch-0720/batch.json
84794ea64033fa9fad2a7bca47ef0311cadec4d12a5f2e9e55c81a2e5c9b8152	3821	screening-v1/batch-0720/decisions.jsonl
67e1405cca3676492de054f7a4efaab8b1b443f6ee82a04a74b4d9d782548c5d	89	screening-v1/batch-0720/final.txt
6f7b06b91a188150a03eba234c34bed19fab2c99d625bde2da9476f563c8118b	54033	screening-v1/batch-0720/input.md
e6b6809a56cce34cc7ab4856464619e242b5ed3bff02cea890c3a1ccd39c4825	450	screening-v1/batch-0720/run.json
e3b0c44298fc1c149afbf4c8996fb92427ae41e4649b934ca495991b7852b855	0	screening-v1/batch-0720/stderr.txt
d2c78a545e32f0911bd2c76dbdd83468b9a3b1be5d9b9cce350f43402b49ed18	86	screening-v1/batch-0720/submit_screening
3751091b5d777b05bbcdc18c592bdca3071d1649e1d8560e86abc77cb250d35b	9679	screening-v1/batch-0720/trace.jsonl
4325bac4394e62c455149be8917b19565d4dd32305f3e7b18a6390967371f5cc	5491	screening-v1/batch-0721/batch.json
9f64b31ed77aa54c2c04dc7ae167821aea7e136e67168cf13aa0c1a30bef3d93	3597	screening-v1/batch-0721/decisions.jsonl
ca5731caf5dbb937b2052a49bd6f81f90ac949d6374326ce9c8cf58f6eb820f4	83	screening-v1/batch-0721/final.txt
cf7a571fdf0f1d90cf6bcc38f9759562eb9d4abab60e6be3ee7db9814aa84e64	42434	screening-v1/batch-0721/input.md
98bb5dac27db92fff59bb78d44ca638784fbcd7ee556da66a5d423009ca099de	450	screening-v1/batch-0721/run.json
e3b0c44298fc1c149afbf4c8996fb92427ae41e4649b934ca495991b7852b855	0	screening-v1/batch-0721/stderr.txt
d2c78a545e32f0911bd2c76dbdd83468b9a3b1be5d9b9cce350f43402b49ed18	86	screening-v1/batch-0721/submit_screening
e69f248fc58695466d8c0f2bbe8fc442c09b9f05547092951bf37c057ac714cd	8390	screening-v1/batch-0721/trace.jsonl
88049f326c4da444b5cf0dd167b09180ae5ef78c4952c3ba17b6f5c5bdf2f736	5160	screening-v1/batch-0722/batch.json
d6c58ab5e4fb1c6439530122637c2807d9fdf6cab882f5bd1691f9893b2224de	3044	screening-v1/batch-0722/decisions.jsonl
23a75b1ba4f65b54f62e596d1d6cdcf5f10199bb7d17da6ac2a15905a894247e	78	screening-v1/batch-0722/final.txt
26637aaebc3e6cd68b958eb071f00387b4604c3d6915926f0c9e40de5361a46d	38985	screening-v1/batch-0722/input.md
72c7b88e512b0917fa89a4686e27860f4ad80ef2b40b9f9b1d1a0d257d65f28d	450	screening-v1/batch-0722/run.json
e3b0c44298fc1c149afbf4c8996fb92427ae41e4649b934ca495991b7852b855	0	screening-v1/batch-0722/stderr.txt
d2c78a545e32f0911bd2c76dbdd83468b9a3b1be5d9b9cce350f43402b49ed18	86	screening-v1/batch-0722/submit_screening
9ea06045b29ad537aa4ab5d541e2390a2d4e24e4180d67ae727d70e1cc0bc4e7	7447	screening-v1/batch-0722/trace.jsonl
d9b6726051d04948a13c0d0027a64c3c85b8beba245c8fb82549a673fd7b9059	5346	screening-v1/batch-0723/batch.json
47678cb9f90b1bd5e06a8e01e62f2fd2a142fbe2cd64521f4a1f9373511045f1	3873	screening-v1/batch-0723/decisions.jsonl
ac9b8e030141cde97982de4a2a1e2c621b3a07354789992cebc9573dfd9dbf88	72	screening-v1/batch-0723/final.txt
cf6558ca4ca3b0b0c7ee3602d0ff8fd6715c0aa64954614af40ce6ab3d4c1fe3	39162	screening-v1/batch-0723/input.md
b5f90370b5c6f4e8ea39ae76de428b5712d9312b2af44b024aca6acf61bf0e81	450	screening-v1/batch-0723/run.json
e3b0c44298fc1c149afbf4c8996fb92427ae41e4649b934ca495991b7852b855	0	screening-v1/batch-0723/stderr.txt
d2c78a545e32f0911bd2c76dbdd83468b9a3b1be5d9b9cce350f43402b49ed18	86	screening-v1/batch-0723/submit_screening
0b6513b066d56952a6499cc228e6133da687de8ddc00029fe7a8ce7f19252362	9118	screening-v1/batch-0723/trace.jsonl
39733cd1936fb3c04c16869fed85ec4b762786d9de84c08d896d439ce12c579b	5164	screening-v1/batch-0724/batch.json
83b43f5a4796bb83d0d58a17c7c78913c2ded11628c21116d0317428fd99c27d	3657	screening-v1/batch-0724/decisions.jsonl
75efc1a8c810b931834598e98daa5195cc738684357261dc9c71a56c7a0b5f17	78	screening-v1/batch-0724/final.txt
19d11623b51f473086bd1c3f105f8e37da07ae78586da6571d18bed76d32ba1d	40057	screening-v1/batch-0724/input.md
4236f94d5beb78cbdcc2176164b4b902ee52b0443619a11e661fc0f4d320a357	450	screening-v1/batch-0724/run.json
e3b0c44298fc1c149afbf4c8996fb92427ae41e4649b934ca495991b7852b855	0	screening-v1/batch-0724/stderr.txt
d2c78a545e32f0911bd2c76dbdd83468b9a3b1be5d9b9cce350f43402b49ed18	86	screening-v1/batch-0724/submit_screening
798085e4a64ffddaa4de5569daf7e00fed98c6c9d452ad55676c3519273e9c49	8717	screening-v1/batch-0724/trace.jsonl
47c99f0f5696a94094eb281518bc13b0cd27d835d3980423c27eaae9e5fe18b2	5140	screening-v1/batch-0725/batch.json
9710213ab62f91dd5305dfef3972c668f7ed6915b8e88f03b9c3fe1331533207	3351	screening-v1/batch-0725/decisions.jsonl
b8c44f6fdf21bc697005fcc1356e064ff29fb23749313057287d5419e21f5a00	82	screening-v1/batch-0725/final.txt
4fca356d428ad939759e005589e9ca8b64be2da8c559bdf8082b3d93d1fcfc86	39859	screening-v1/batch-0725/input.md
13b9b6d1b2889e454f0eb93492736428e93b14c6da9ff6892070e085d3307c79	450	screening-v1/batch-0725/run.json
e3b0c44298fc1c149afbf4c8996fb92427ae41e4649b934ca495991b7852b855	0	screening-v1/batch-0725/stderr.txt
d2c78a545e32f0911bd2c76dbdd83468b9a3b1be5d9b9cce350f43402b49ed18	86	screening-v1/batch-0725/submit_screening
7e28b90e3bb30c75d9660ee10ba247b078f79968b3a610f5d8d173632075d84b	7812	screening-v1/batch-0725/trace.jsonl
ab1f0e5d9ac22cf1ccb403b3132eeaf1e51c06380311cd2e6ba3777d1967ff33	5284	screening-v1/batch-0726/batch.json
30aa7985dd4d25f7ea9496a167c08b10185756e7409feba35fffa90f49a8803a	3569	screening-v1/batch-0726/decisions.jsonl
b52d2d9830fee9e6ab81789a2e295064c29de07e203f83292c3fc34b6843f58d	78	screening-v1/batch-0726/final.txt
cb43991ffa150440c87c657faeb14101500edbb6bd7957189e37800e0d6995ef	38140	screening-v1/batch-0726/input.md
1cd7240960024dd051a8f9a7739cbb0a3e66e6a68d57775dbbc94ef104ffe5e2	450	screening-v1/batch-0726/run.json
e3b0c44298fc1c149afbf4c8996fb92427ae41e4649b934ca495991b7852b855	0	screening-v1/batch-0726/stderr.txt
d2c78a545e32f0911bd2c76dbdd83468b9a3b1be5d9b9cce350f43402b49ed18	86	screening-v1/batch-0726/submit_screening
77b5e4c1a713ced3a742e3f3644542035e8a1f8dc9631ead4190dae918f4906a	8204	screening-v1/batch-0726/trace.jsonl
e1bfc1ecbba88e2bdbd6cbaf16c83b9c27686ee600155db3af6bf71e96d15bd0	5152	screening-v1/batch-0727/batch.json
02bac2da14dff5bd058ab6ff03495f690dee55835a1788116997e4205cea7bdb	3808	screening-v1/batch-0727/decisions.jsonl
f4fd0e862c5c906152027cce96ae2c1d6f4800de19f5b05894bb55d8377d9a70	72	screening-v1/batch-0727/final.txt
0ca202182e3dfeedd356dba34bf1b3a474b5e6fdfed639feefdfea2ede984e0d	46022	screening-v1/batch-0727/input.md
0312c5c11d37b73beb3be9d7101da2c0a9961d2aebf2431a39cb9a262b5b9d34	450	screening-v1/batch-0727/run.json
e3b0c44298fc1c149afbf4c8996fb92427ae41e4649b934ca495991b7852b855	0	screening-v1/batch-0727/stderr.txt
d2c78a545e32f0911bd2c76dbdd83468b9a3b1be5d9b9cce350f43402b49ed18	86	screening-v1/batch-0727/submit_screening
48029e268dc690263f04bc2b40c72bf7403169b6f7e24446a93dddf6bb430b6e	8231	screening-v1/batch-0727/trace.jsonl
cfc1e82722ff51b3a61e8714cfdfdb70f2f8ec74080cafea07dd90b40228ec96	5503	screening-v1/batch-0728/batch.json
9190d27b6fb1dba2a44dee3753a6d30beff12898ad88caf04d975f82c9c8b631	3401	screening-v1/batch-0728/decisions.jsonl
12bfc04b481060e14e256636c30ee7d70d6d1060b4debc9519c541a6666ade00	55	screening-v1/batch-0728/final.txt
97a6000def4759b3a9c0dd72ae98f982b89828e31fb390aa948328610aa2f126	42671	screening-v1/batch-0728/input.md
5edef4da70c2b787de2f1c5b8a96ef0a64a1a5039dea1bf0e2254b1b0a1900e8	450	screening-v1/batch-0728/run.json
e3b0c44298fc1c149afbf4c8996fb92427ae41e4649b934ca495991b7852b855	0	screening-v1/batch-0728/stderr.txt
d2c78a545e32f0911bd2c76dbdd83468b9a3b1be5d9b9cce350f43402b49ed18	86	screening-v1/batch-0728/submit_screening
f2a1365f3d73e9bff8cb7594eb1110ace5a72ad9cd090dad84bc73c62dc68755	7624	screening-v1/batch-0728/trace.jsonl
a0301c51efcda94de31047245e5490f82d3d0d60793e51de9bac038cffce3309	5187	screening-v1/batch-0729/batch.json
d593225c6a8e92a38c4ba9401c4082f2ef487e76b6f45eeaa4fc1725b07a2f60	3386	screening-v1/batch-0729/decisions.jsonl
23a75b1ba4f65b54f62e596d1d6cdcf5f10199bb7d17da6ac2a15905a894247e	78	screening-v1/batch-0729/final.txt
98516b4232dec203d8ff5a966bf3a2cc677f946b06ff9865df2efcbb54324fa7	39417	screening-v1/batch-0729/input.md
e0dd604e1145918782653e233a373b3ecf7f3e58fb64439777959d0d0934a9ee	450	screening-v1/batch-0729/run.json
e3b0c44298fc1c149afbf4c8996fb92427ae41e4649b934ca495991b7852b855	0	screening-v1/batch-0729/stderr.txt
d2c78a545e32f0911bd2c76dbdd83468b9a3b1be5d9b9cce350f43402b49ed18	86	screening-v1/batch-0729/submit_screening
79811ddb7a99f3f999542a2c86a4b6784b754f2ff38ec8a68bf65b6b5589d062	14130	screening-v1/batch-0729/trace.jsonl
1ce1f0d6c1bb61a825c0a472dc65031b01b4786c8e1a4ef13fe9701fc3d05df9	5119	screening-v1/batch-0730/batch.json
9fac46201b57bba131c4cf99e66b37961c0f0f479c7b6aee69fa4500ef8958e6	3701	screening-v1/batch-0730/decisions.jsonl
755742134aa4adeac1aa9cfc97901803e54fde9ff921a467c718be766f960700	80	screening-v1/batch-0730/final.txt
a9d5dfea6659c6122181aa9c15d31f7c8a9b41bd5f497070cb0052e35ef6b4b0	40434	screening-v1/batch-0730/input.md
36b62e49cbc12205c059c3dd15dac6525b6c911fcfd6453c93d93a7253e6253b	450	screening-v1/batch-0730/run.json
e3b0c44298fc1c149afbf4c8996fb92427ae41e4649b934ca495991b7852b855	0	screening-v1/batch-0730/stderr.txt
d2c78a545e32f0911bd2c76dbdd83468b9a3b1be5d9b9cce350f43402b49ed18	86	screening-v1/batch-0730/submit_screening
0dec831eaacdffbac7726fe9207806f11bbf5281fc716c2baef4b6a7ba43809c	14788	screening-v1/batch-0730/trace.jsonl
7bddeee466c5a0e5215774801d9cd6cf94143c4f2991404f17a1ba87416cf0ce	5554	screening-v1/batch-0731/batch.json
c23310b1e9ac795463c26dc227268d8fb596fb4a2ffc4ba788f64f8194b08b76	3701	screening-v1/batch-0731/decisions.jsonl
b9b2f4247a698941430a5b711cf5742d89f51320d22cd7a6bce75326ae89b468	129	screening-v1/batch-0731/final.txt
f8a99dffc205b1827b4d2f153cf3cea59ae5693439df00c71e52a099d3844f34	40656	screening-v1/batch-0731/input.md
ecb33167efd6ed20ba9f10f584843adbb75a6a643a00384d19cc0bb2979fa305	450	screening-v1/batch-0731/run.json
e3b0c44298fc1c149afbf4c8996fb92427ae41e4649b934ca495991b7852b855	0	screening-v1/batch-0731/stderr.txt
d2c78a545e32f0911bd2c76dbdd83468b9a3b1be5d9b9cce350f43402b49ed18	86	screening-v1/batch-0731/submit_screening
b628a14290cb8374f4ed0dabe0b3938dbf4702646e390ba49839833f4f6aae83	14825	screening-v1/batch-0731/trace.jsonl
9da4ae5a35cede33956b9b08f97ab21c99de15d63bb8f5bd143d077414cd7b5d	5143	screening-v1/batch-0732/batch.json
6b2b463a46a426cbf962433cb3108960cbe10a6251e0618a7307bcdf99450c9b	3525	screening-v1/batch-0732/decisions.jsonl
75efc1a8c810b931834598e98daa5195cc738684357261dc9c71a56c7a0b5f17	78	screening-v1/batch-0732/final.txt
e39319fa430456573dec392877247f9fb4a7151769360c9fd4e846cb95f81d67	45090	screening-v1/batch-0732/input.md
47dd6e779cfb3eb6c2f9c7ff1b06e4449ff7ebb0df79fc2bb9d557082958265b	450	screening-v1/batch-0732/run.json
e3b0c44298fc1c149afbf4c8996fb92427ae41e4649b934ca495991b7852b855	0	screening-v1/batch-0732/stderr.txt
d2c78a545e32f0911bd2c76dbdd83468b9a3b1be5d9b9cce350f43402b49ed18	86	screening-v1/batch-0732/submit_screening
14411efc7678744e50e87ee0e71607ad52f0db970beaf816c88f856860a278b3	8233	screening-v1/batch-0732/trace.jsonl
32d2bff8195f6314141a82be6f9b0cb29f1a6573f449eaca4af222d060c2981c	5095	screening-v1/batch-0733/batch.json
6c3733188237af9b4cc77c4e7931690bcb966634c18d1fac79ae663fe01e1311	3727	screening-v1/batch-0733/decisions.jsonl
ca5731caf5dbb937b2052a49bd6f81f90ac949d6374326ce9c8cf58f6eb820f4	83	screening-v1/batch-0733/final.txt
408cfd6d497a022ec0136a04bb691679a2f1b2063392cd6bd4ed4c7d6106a91a	36294	screening-v1/batch-0733/input.md
beed0880cde6361d4c6e753c1a238a93527aa13c1654e0d33850d59129f0b030	450	screening-v1/batch-0733/run.json
e3b0c44298fc1c149afbf4c8996fb92427ae41e4649b934ca495991b7852b855	0	screening-v1/batch-0733/stderr.txt
d2c78a545e32f0911bd2c76dbdd83468b9a3b1be5d9b9cce350f43402b49ed18	86	screening-v1/batch-0733/submit_screening
b596b3b23832a70a0b75d21c88edc2b3319410e1d7fb928018c95ec20a9942c6	8808	screening-v1/batch-0733/trace.jsonl
9bb94bce996e57b9b78136e88a979986856044822045404a7f8320b8ab0654b2	5095	screening-v1/batch-0734/batch.json
a465620e149901f1a8dfd35f21f4e41017655a653653d2f080fcd0fe4b84a5ed	3295	screening-v1/batch-0734/decisions.jsonl
d2d159238b775a00db4b5fd135f20b4b892ed648fd8c60ba7d65800597ada474	66	screening-v1/batch-0734/final.txt
ff02f7a538d8541ae1dd3e1d9228c3d597548647170b6067a9584fe2abdbe86c	42497	screening-v1/batch-0734/input.md
1878448522ad1d6772541ab22efaccf28c610d2665ac248546831b9d80e0cc20	450	screening-v1/batch-0734/run.json
e3b0c44298fc1c149afbf4c8996fb92427ae41e4649b934ca495991b7852b855	0	screening-v1/batch-0734/stderr.txt
d2c78a545e32f0911bd2c76dbdd83468b9a3b1be5d9b9cce350f43402b49ed18	86	screening-v1/batch-0734/submit_screening
8b3ff597deebbc23650b4d2dd8550302338aa0ca9e14a9dd60cfea49bba0b2d7	7493	screening-v1/batch-0734/trace.jsonl
1ba702ad26e4f3ab78d5c0e40ea68049d959476791a7befcca5db17a01185ebf	5378	screening-v1/batch-0735/batch.json
d58dfc91e1792e7f90b1749fbe7ec2aecf5c1167d2579b41b63d0f6db1bf3b27	3507	screening-v1/batch-0735/decisions.jsonl
7480c4c880742e949ebe4da762bf42a2ebbe46446454737f50b2dc59fd23a0f8	57	screening-v1/batch-0735/final.txt
464d1889de1abd77adf9038f8c4af905adcd17bdf28fe1ededb56eb9f8262946	60923	screening-v1/batch-0735/input.md
aa78a14cb0e81e62233d2a9211c93496a0835bfc5141dbd8f64598af2206bfb0	450	screening-v1/batch-0735/run.json
e3b0c44298fc1c149afbf4c8996fb92427ae41e4649b934ca495991b7852b855	0	screening-v1/batch-0735/stderr.txt
d2c78a545e32f0911bd2c76dbdd83468b9a3b1be5d9b9cce350f43402b49ed18	86	screening-v1/batch-0735/submit_screening
40c9545a6e0903af0136aec6f98f4a446ef07fb332438d757c0d1c4f047ed5b2	8341	screening-v1/batch-0735/trace.jsonl
b0d1dbf08acd6c4acd0951900b5e71152cf3a01cdae7fec299c6cf291db38fa5	5447	screening-v1/batch-0736/batch.json
2554e50a9e093e0fd4bc6133a7047af981929c4bec7b418f01fb25bf888727a7	3485	screening-v1/batch-0736/decisions.jsonl
9312f2dff9a98dc29a1f1e809ccbd39ff195fcc03b705bb514208a3cf76bf65f	46	screening-v1/batch-0736/final.txt
208d6b0ddd06197a358df3541596a4b1e2450ca910a2e32ec1473340d94735a2	43826	screening-v1/batch-0736/input.md
ba9855891dd0f9fbe277a9a740587054a1ec8d34bae06a43ca724fbf5742c8a1	450	screening-v1/batch-0736/run.json
e3b0c44298fc1c149afbf4c8996fb92427ae41e4649b934ca495991b7852b855	0	screening-v1/batch-0736/stderr.txt
d2c78a545e32f0911bd2c76dbdd83468b9a3b1be5d9b9cce350f43402b49ed18	86	screening-v1/batch-0736/submit_screening
ed0ff7c27ab41fc238b1faf66988c6ab9e5a34dd2b987beda8b3da3faef01bc5	14325	screening-v1/batch-0736/trace.jsonl
bbf2789220969d7322c8871481b0771385d1036080ec559f627764b62a8b17db	5268	screening-v1/batch-0737/batch.json
c1c1b606b62afdf5011ab0126bba21f5640c9af4c57429946c13680ae9558c32	3977	screening-v1/batch-0737/decisions.jsonl
7fa19e845ff9242c099dfff279c92264365f1219c978e1002bb78d9686a8c086	63	screening-v1/batch-0737/final.txt
bdd5b5251062f608b68b8e05aa2baa40663f6fb935f1f16041ea18305eb77621	44186	screening-v1/batch-0737/input.md
18995cbfb55f3e86760d7e445c9fe78f1ad0d24a4b1206d30ecc8449b90c9432	450	screening-v1/batch-0737/run.json
e3b0c44298fc1c149afbf4c8996fb92427ae41e4649b934ca495991b7852b855	0	screening-v1/batch-0737/stderr.txt
d2c78a545e32f0911bd2c76dbdd83468b9a3b1be5d9b9cce350f43402b49ed18	86	screening-v1/batch-0737/submit_screening
1d677ee2e42dcdcf1518c8a2c2cbd80d8b739cb0976c5b6684ba595fbaa11166	16681	screening-v1/batch-0737/trace.jsonl
fb43ddea52f4ba4fc6b0fecbc6556e4091bc0a711637d52cc57f44c774b05319	5112	screening-v1/batch-0738/batch.json
e4d7e4a9d73756d7b804fa22346d7a7d9ae769d63a65ba98e608d61416c5beb9	3812	screening-v1/batch-0738/decisions.jsonl
abbd2442d4ebdf60b137ba02f9649114a3e71b069d7de09a24bed6338c159a62	70	screening-v1/batch-0738/final.txt
3cb0b824f99198f9b25f7d83c0fa77c724e96e9b276d053bad955da2400aa477	47195	screening-v1/batch-0738/input.md
431c8106f08edf3e2e45dcab36a46988642c482618414d152b9d0d4adc5e006c	450	screening-v1/batch-0738/run.json
e3b0c44298fc1c149afbf4c8996fb92427ae41e4649b934ca495991b7852b855	0	screening-v1/batch-0738/stderr.txt
d2c78a545e32f0911bd2c76dbdd83468b9a3b1be5d9b9cce350f43402b49ed18	86	screening-v1/batch-0738/submit_screening
b8adcf7f1e926a11cc68cec60d540f2e68e09805c5e756ff0af7dd17e8ebfca7	14975	screening-v1/batch-0738/trace.jsonl
ff19fd072fbfa966880dbb9b4f01197cf7bd16ce129cea284ecb06bb747f666d	5113	screening-v1/batch-0739/batch.json
aa683ff6f1b0ff10b218dd7146616ab5c86f4c313d578fe6a4b8214628a2dbae	3690	screening-v1/batch-0739/decisions.jsonl
eb7566d5067790ea8d3a2ea6eb0a3c93064cf775b5b34ace2718c1a967197fed	76	screening-v1/batch-0739/final.txt
c36f458d0cf96830d3ca74c44299d2608c85a2a00fb7be502199e4682808517a	46156	screening-v1/batch-0739/input.md
e2bf6dc5c9e9825ac7f17a269952d46450866507811df3420ce93fdc201827ff	450	screening-v1/batch-0739/run.json
e3b0c44298fc1c149afbf4c8996fb92427ae41e4649b934ca495991b7852b855	0	screening-v1/batch-0739/stderr.txt
d2c78a545e32f0911bd2c76dbdd83468b9a3b1be5d9b9cce350f43402b49ed18	86	screening-v1/batch-0739/submit_screening
78342e9a5c90d2c494358f83a353c4e9cda9be2beded81546cbcba95f2d404ed	8814	screening-v1/batch-0739/trace.jsonl
6d7bcc0d78e4599e0ee85465d52cc231b15230757bafac395144513ac3a2e595	5112	screening-v1/batch-0740/batch.json
4da655cb148bee6a6ee0a73bb5cbc6411a66c3a42b858841e4978ff2d60f3b5e	3845	screening-v1/batch-0740/decisions.jsonl
b52d2d9830fee9e6ab81789a2e295064c29de07e203f83292c3fc34b6843f58d	78	screening-v1/batch-0740/final.txt
7015c9a8825d55362e474923f2a83e90566b8c7895d19429b196c52539d723f1	41905	screening-v1/batch-0740/input.md
8c7d7a85b99a087e23db370693f4ad2277a73fb0d2cc4c703f8c6b79c7f5867a	450	screening-v1/batch-0740/run.json
e3b0c44298fc1c149afbf4c8996fb92427ae41e4649b934ca495991b7852b855	0	screening-v1/batch-0740/stderr.txt
d2c78a545e32f0911bd2c76dbdd83468b9a3b1be5d9b9cce350f43402b49ed18	86	screening-v1/batch-0740/submit_screening
39fe6b383cf9ee02af2045116b9c9df5d266d157211d5fa6972e89faa358066b	9022	screening-v1/batch-0740/trace.jsonl
194a6bbff369188afb0e98f21a7fdcae2da21d5f2d57013da01f9d3f182f02e1	4862	screening-v1/batch-0741/batch.json
17c3dec5e420aae85450392a03357435511877ddaa196a5992468586756a2b85	3281	screening-v1/batch-0741/decisions.jsonl
88b8d2b4c7b9afcc17a893cc5ceea7b4a4c1f15795cdf220de9a1812a9321a59	83	screening-v1/batch-0741/final.txt
9db249e06ebd5cdd422441f5f7de1e81cab1ca52e49283bc2dd07015e7b01ae8	42546	screening-v1/batch-0741/input.md
a845584d4b295071b82f2337db0431efa06f4f62d84c520df827d38fa627b9eb	450	screening-v1/batch-0741/run.json
e3b0c44298fc1c149afbf4c8996fb92427ae41e4649b934ca495991b7852b855	0	screening-v1/batch-0741/stderr.txt
d2c78a545e32f0911bd2c76dbdd83468b9a3b1be5d9b9cce350f43402b49ed18	86	screening-v1/batch-0741/submit_screening
c8831de8cd28c0311391c93b31320f3ffbd357ccffe4c6d543a3babdb2827459	7914	screening-v1/batch-0741/trace.jsonl
ea33a56d97a847d0cfdf7c0c2228d2cf6fc4db1d8bfe45b397cff05af2e2094a	5411	screening-v1/batch-0742/batch.json
667f7bf0f5c175634225267d8d1bb37a672b20fedfdd507d6f1d1e5f8cac6260	3718	screening-v1/batch-0742/decisions.jsonl
4ffafa1cd5c9ef79654743ee07da5ca4f6ba643caf53bb0e37c5ccd84046abc4	72	screening-v1/batch-0742/final.txt
b7710e93beeb59d17016ddee4db71c3893d8354f2af25adf2f1412d9c5deb516	42324	screening-v1/batch-0742/input.md
4ddbce6a77487390d2719f8ecd7b39090f1162074fbde093d1141deb988c9415	450	screening-v1/batch-0742/run.json
e3b0c44298fc1c149afbf4c8996fb92427ae41e4649b934ca495991b7852b855	0	screening-v1/batch-0742/stderr.txt
d2c78a545e32f0911bd2c76dbdd83468b9a3b1be5d9b9cce350f43402b49ed18	86	screening-v1/batch-0742/submit_screening
ca9979b4a8903da3d59ef53d3be6cd8591214143bad9cf6a68a3cf01e716e556	8374	screening-v1/batch-0742/trace.jsonl
f4169bc4836fec8f83d9ab2236512053f0b3ecca1a8a9587318fdabf1c39169b	5544	screening-v1/batch-0743/batch.json
bb7e0cf3cceec29f5ee71c2a2b272f8f199684e32a4408ac8e0bb5ed3f110308	4004	screening-v1/batch-0743/decisions.jsonl
67e1405cca3676492de054f7a4efaab8b1b443f6ee82a04a74b4d9d782548c5d	89	screening-v1/batch-0743/final.txt
c6281b8ea93aa12cddb9075264d4963c7bc0cbc18071a11668eea55d873119c6	44375	screening-v1/batch-0743/input.md
72447798b4f6a0fbed40248d4bad171ce4a329bf8531c52161d66d8e0048c450	450	screening-v1/batch-0743/run.json
e3b0c44298fc1c149afbf4c8996fb92427ae41e4649b934ca495991b7852b855	0	screening-v1/batch-0743/stderr.txt
d2c78a545e32f0911bd2c76dbdd83468b9a3b1be5d9b9cce350f43402b49ed18	86	screening-v1/batch-0743/submit_screening
cf65682f1185abeb5047c851d7589ca81dc6ffa53dc13c750db422a607e1ed5c	9075	screening-v1/batch-0743/trace.jsonl
7d5ca4792b2879e3733fb7079d95223584f911b4c755d9a1a8c173966ee59f13	5028	screening-v1/batch-0744/batch.json
793c0c9ff5a8767b8bb91d6c497ea123d53c90422075d2f80958098fec1210f0	3384	screening-v1/batch-0744/decisions.jsonl
12bfc04b481060e14e256636c30ee7d70d6d1060b4debc9519c541a6666ade00	55	screening-v1/batch-0744/final.txt
e6983b41829eddc3f8c5eeaed1f81bc6f295f79abbaa3366aa8efa9dc7887b9f	46204	screening-v1/batch-0744/input.md
d811df82167f0c59ae5889de79d5e91d8d8a9fd0cd8abaadc869a0dee659e1e4	450	screening-v1/batch-0744/run.json
e3b0c44298fc1c149afbf4c8996fb92427ae41e4649b934ca495991b7852b855	0	screening-v1/batch-0744/stderr.txt
d2c78a545e32f0911bd2c76dbdd83468b9a3b1be5d9b9cce350f43402b49ed18	86	screening-v1/batch-0744/submit_screening
6f4e7a86ae879ecb41115a47f17e68c5f4660be449b3c7b4203c2277069da4ae	7788	screening-v1/batch-0744/trace.jsonl
da608b73e0641f0858fc43c58672eefac835e52d35cfd3a785c5768e36ec350a	5203	screening-v1/batch-0745/batch.json
b0d911529f923e1804fe4094c15e6e12b3269e730f64dd9b838042e2341c4ec5	3858	screening-v1/batch-0745/decisions.jsonl
12bfc04b481060e14e256636c30ee7d70d6d1060b4debc9519c541a6666ade00	55	screening-v1/batch-0745/final.txt
16213214034594579ae9c7383dcc4fa07202bd9445f03705c8c70ef6467dec15	37529	screening-v1/batch-0745/input.md
f9ebcd22fef13ebea3e768ca8d8b6d8b5bbd40f8baf3939f89acfeab7535abb6	450	screening-v1/batch-0745/run.json
e3b0c44298fc1c149afbf4c8996fb92427ae41e4649b934ca495991b7852b855	0	screening-v1/batch-0745/stderr.txt
d2c78a545e32f0911bd2c76dbdd83468b9a3b1be5d9b9cce350f43402b49ed18	86	screening-v1/batch-0745/submit_screening
1fe6ee716dc7d828157001a4f70544b5de744e18642152445178193db578d037	9118	screening-v1/batch-0745/trace.jsonl
366ca78d1c5a764d453dbbd9ed11b060fc883cfb6ea303abe2cfd0334b5e4fdb	5154	screening-v1/batch-0746/batch.json
d609151bb24f7af4fe0c17a1564db4508d035c00154d6cb24eaff4986f80a395	3762	screening-v1/batch-0746/decisions.jsonl
f2e4969823929ac6973aab51422641a10da9d9201e0e9e302dc3a3785c319106	80	screening-v1/batch-0746/final.txt
9bec690667155506e9c6c78b5454e5d10b62e40b955c791d2526d01271802d7a	39025	screening-v1/batch-0746/input.md
51273c3fd44c4939fffa641cb39f14f36c97e6bb276a6e687975f8685b8870ff	450	screening-v1/batch-0746/run.json
e3b0c44298fc1c149afbf4c8996fb92427ae41e4649b934ca495991b7852b855	0	screening-v1/batch-0746/stderr.txt
d2c78a545e32f0911bd2c76dbdd83468b9a3b1be5d9b9cce350f43402b49ed18	86	screening-v1/batch-0746/submit_screening
7d3554c08ef153d42553f6bc3576cfc35bf2ca2bc942d9f81509ebef06cef4db	8892	screening-v1/batch-0746/trace.jsonl
c6d528e7cfd1be4eb4fb45dca74ef2db1f93969996f2036c57d7ec90a9c84f2e	5465	screening-v1/batch-0747/batch.json
4c25c72b9bac2a6b07614037bd9748a89759c2891af2fd69edaa87186494c15a	3622	screening-v1/batch-0747/decisions.jsonl
01da75f35c59f3599b00edb2a467cb0f97025f4318d73f3506ab8416bc9e981c	83	screening-v1/batch-0747/final.txt
c45d524d92c5ba9d18e3343b39df7add1173a256d0e49b497ece58b67bb48d59	44981	screening-v1/batch-0747/input.md
190ee8a4067a2189bf9ca66eb877be9d459df6d1e538b28f63ee1c0ed3f0c0ba	450	screening-v1/batch-0747/run.json
e3b0c44298fc1c149afbf4c8996fb92427ae41e4649b934ca495991b7852b855	0	screening-v1/batch-0747/stderr.txt
d2c78a545e32f0911bd2c76dbdd83468b9a3b1be5d9b9cce350f43402b49ed18	86	screening-v1/batch-0747/submit_screening
f3d8dd4cb3c2d742fc602f7a5d80ec8e0a7a6dea9592d6fe0e457402070deb42	8286	screening-v1/batch-0747/trace.jsonl
b4eb9a022971d610d36c4d2774ad52ee6d67304c16b545bb1ed7f336660641a7	5017	screening-v1/batch-0748/batch.json
141f0befbf3d77e1cea32c32a0840e3a0ed9ff2897973758e7254171932236d6	3654	screening-v1/batch-0748/decisions.jsonl
a3e9c9b499170187592ce1a648caffbf205921ed424ab583bf1e142a3bfccc82	78	screening-v1/batch-0748/final.txt
0503239d01fcd2c21f3d9070bd3dacf28b63ac8f823320552c2e4b663b2cd326	43311	screening-v1/batch-0748/input.md
f2cf4dc4df49dfcb5ffe818b62c206d4eeafbf175f0ddafa01215630511d6bd3	450	screening-v1/batch-0748/run.json
e3b0c44298fc1c149afbf4c8996fb92427ae41e4649b934ca495991b7852b855	0	screening-v1/batch-0748/stderr.txt
d2c78a545e32f0911bd2c76dbdd83468b9a3b1be5d9b9cce350f43402b49ed18	86	screening-v1/batch-0748/submit_screening
18e54c01cf07331ab7155ada8dc3b448322a6c3a3f3961991384ec5266952bd3	14656	screening-v1/batch-0748/trace.jsonl
9b336ec59ef3a414e55b595e9a9ec917fb615740804861f591b24280b49cebf4	5090	screening-v1/batch-0749/batch.json
878451869934153dc3035c371abb44081790ccba39c409d6b16bc1c9786db4ea	3595	screening-v1/batch-0749/decisions.jsonl
621013eb952d5e7f9c2775f3abd43141b1e199ef7fb2ee1008d4f1c839812246	90	screening-v1/batch-0749/final.txt
90271df513b1798cf4108f27bf132bc15d705a1a00527a94b2b69d3a9bd2efa3	40270	screening-v1/batch-0749/input.md
64269f2ce14c0749e0d5c62ebfac64c04ad2687952bb877b159140343c86247d	450	screening-v1/batch-0749/run.json
e3b0c44298fc1c149afbf4c8996fb92427ae41e4649b934ca495991b7852b855	0	screening-v1/batch-0749/stderr.txt
d2c78a545e32f0911bd2c76dbdd83468b9a3b1be5d9b9cce350f43402b49ed18	86	screening-v1/batch-0749/submit_screening
46a3552602f5655e9103310d30435fd77929eef68393752689dc937282a2834c	8167	screening-v1/batch-0749/trace.jsonl
4b4d2aa54629152505f2e091b3c69ca05342049cdb108ce2cef8d12adee7485d	5285	screening-v1/batch-0750/batch.json
1b55e68859c2858f7a488c180f4ba23c2a6a540bfac84b4f4baa099b06ff0930	3808	screening-v1/batch-0750/decisions.jsonl
67e1405cca3676492de054f7a4efaab8b1b443f6ee82a04a74b4d9d782548c5d	89	screening-v1/batch-0750/final.txt
129cb5178daa3767f6f244b4946878e7cd694e18c09bcf0c12d54169d0afebfb	41565	screening-v1/batch-0750/input.md
c7b464718a6948bfdc3c15927b741e8d3b8302badf3d9f88aaf31a6c305561a6	450	screening-v1/batch-0750/run.json
e3b0c44298fc1c149afbf4c8996fb92427ae41e4649b934ca495991b7852b855	0	screening-v1/batch-0750/stderr.txt
d2c78a545e32f0911bd2c76dbdd83468b9a3b1be5d9b9cce350f43402b49ed18	86	screening-v1/batch-0750/submit_screening
0cbcc6910c1380ce9b2114c7a77d2863c997ecd74a7cb00f43e213be83133c6c	8437	screening-v1/batch-0750/trace.jsonl
2362ee616526c1b9b7ffd0d395c284f54acb95e65e5613301bf6c87059c8fb81	5234	screening-v1/batch-0751/batch.json
2c6a3f16d60070138bf67a534283fed63e713aa45dc839da34b8e0dec073362f	3733	screening-v1/batch-0751/decisions.jsonl
12bfc04b481060e14e256636c30ee7d70d6d1060b4debc9519c541a6666ade00	55	screening-v1/batch-0751/final.txt
3561494636846e1c84984e4be042dca2755e87ab6fe1bb57a8a91d3ab80eb230	47062	screening-v1/batch-0751/input.md
9b6d075a8cc4f89319b514751d43a1975b5a791d1714cd1a7198e47e1cc08020	450	screening-v1/batch-0751/run.json
e3b0c44298fc1c149afbf4c8996fb92427ae41e4649b934ca495991b7852b855	0	screening-v1/batch-0751/stderr.txt
d2c78a545e32f0911bd2c76dbdd83468b9a3b1be5d9b9cce350f43402b49ed18	86	screening-v1/batch-0751/submit_screening
1d3cdc2ad68054ade5dce8185d3ef9f04dd5eb1439ea0e3dc2a87eeeb922aa6e	14785	screening-v1/batch-0751/trace.jsonl
484ed7057257ff9ad7bf032bfe16c0c62b06b9b57acaa7cdc29efd7b067c9102	5276	screening-v1/batch-0752/batch.json
ead693eadc032e04f70c17df35287f164f2ca21a3648af55f9012d867dd2d33d	3534	screening-v1/batch-0752/decisions.jsonl
755742134aa4adeac1aa9cfc97901803e54fde9ff921a467c718be766f960700	80	screening-v1/batch-0752/final.txt
7972d66af5116a6623ef60bb8c75d19634f0fff4c3cfda1ce3ad7096c27b8da9	37631	screening-v1/batch-0752/input.md
fc9c867e04fa47cd6725e135fd643f9d1ecf0d620eb66f87b98915577196f0fc	450	screening-v1/batch-0752/run.json
e3b0c44298fc1c149afbf4c8996fb92427ae41e4649b934ca495991b7852b855	0	screening-v1/batch-0752/stderr.txt
d2c78a545e32f0911bd2c76dbdd83468b9a3b1be5d9b9cce350f43402b49ed18	86	screening-v1/batch-0752/submit_screening
2332d8d5863a868c87c1179bfd91971728716ad6b370d3212cb6e3846fe6cc5d	14438	screening-v1/batch-0752/trace.jsonl
0c8bc20af2c4ce4012fbed9565c1e400cf70bfcc386af01d1d476d6e2cb41089	5150	screening-v1/batch-0753/batch.json
adf279b7cec5dbeb249b1e9ac1d337d5d217eccd2a1a3b3686c232bcc62a7567	3460	screening-v1/batch-0753/decisions.jsonl
d2d159238b775a00db4b5fd135f20b4b892ed648fd8c60ba7d65800597ada474	66	screening-v1/batch-0753/final.txt
1fd5493831da857bc80826af7c6f5319fb5a9707b414006921b3f2b248a15c83	41615	screening-v1/batch-0753/input.md
1f8e0c70dffecf87c66aa70dc68ab553ebaa45f6ce2e3fc5d04940ebb73fbd37	450	screening-v1/batch-0753/run.json
e3b0c44298fc1c149afbf4c8996fb92427ae41e4649b934ca495991b7852b855	0	screening-v1/batch-0753/stderr.txt
d2c78a545e32f0911bd2c76dbdd83468b9a3b1be5d9b9cce350f43402b49ed18	86	screening-v1/batch-0753/submit_screening
31a043240e4412aa0af6d0865f8e7071020413c5aa443debd7ce1e627ffde087	7720	screening-v1/batch-0753/trace.jsonl
7c2a54ff268c5b25e030a15a153c144902aeb1ea7879e9514fa89572bec8954f	5377	screening-v1/batch-0754/batch.json
eb37a8f484bd4eaeeb6a830ccc72fd8847c3e7f30f01ee065c1ab40eb82bf2d1	3900	screening-v1/batch-0754/decisions.jsonl
cf0c22cb98a8d7b0198b01c6418fa27c48963c506029294b047c29cbac487a69	77	screening-v1/batch-0754/final.txt
0b144473f76ed3c25613c466704309fcc966ea4e0ccf46ddcb61aabad6443b9f	42736	screening-v1/batch-0754/input.md
88542b1840773f38c9c42d54f8c0da2c099195df74eb89196e83f2f0cd84edee	450	screening-v1/batch-0754/run.json
e3b0c44298fc1c149afbf4c8996fb92427ae41e4649b934ca495991b7852b855	0	screening-v1/batch-0754/stderr.txt
d2c78a545e32f0911bd2c76dbdd83468b9a3b1be5d9b9cce350f43402b49ed18	86	screening-v1/batch-0754/submit_screening
49d059dca7b82b14e010ba1dce9379ac79d2da8778adefc16ab4145a1d5a556c	9155	screening-v1/batch-0754/trace.jsonl
bd9d3d8d784048fb9aefb02a475e51bf645e95dd49c3800571f661bd2edfa9ef	5475	screening-v1/batch-0755/batch.json
16b7543ee4cb03b5d9950ce114cd947696dca6f19832b904fb64575f847f5535	3314	screening-v1/batch-0755/decisions.jsonl
d2d159238b775a00db4b5fd135f20b4b892ed648fd8c60ba7d65800597ada474	66	screening-v1/batch-0755/final.txt
1c66f9fddaa55c9974b65a2a61806de1980b04506dd4d4aad33325df38946947	44591	screening-v1/batch-0755/input.md
352b92761a55868c449958f2a1a5c3cae72bf401dd496415e1764ee9e4185f56	450	screening-v1/batch-0755/run.json
e3b0c44298fc1c149afbf4c8996fb92427ae41e4649b934ca495991b7852b855	0	screening-v1/batch-0755/stderr.txt
d2c78a545e32f0911bd2c76dbdd83468b9a3b1be5d9b9cce350f43402b49ed18	86	screening-v1/batch-0755/submit_screening
ad37648e2420ebe1a4e09754f6a3b499b99e3839281a3b0d39fcd5493dfb8717	7962	screening-v1/batch-0755/trace.jsonl
69b52a3dcfafb1d4255c1cb4960be932bc1b0f0ce41236c78f91f088f62fb6b1	5152	screening-v1/batch-0756/batch.json
5df209570a291b764b986a4cc0ffc45eb4a27281fde968ee61173e19573d82d9	3401	screening-v1/batch-0756/decisions.jsonl
67e1405cca3676492de054f7a4efaab8b1b443f6ee82a04a74b4d9d782548c5d	89	screening-v1/batch-0756/final.txt
e0a7ffa2cc28c807ffe1309c0bb68a5df855ad772f3bdbc16df4e9b68129a1b7	44603	screening-v1/batch-0756/input.md
a20efbfdbee2a5d59d1be942f020a298b86eebecbd3a1237c1249e65342a9f40	450	screening-v1/batch-0756/run.json
e3b0c44298fc1c149afbf4c8996fb92427ae41e4649b934ca495991b7852b855	0	screening-v1/batch-0756/stderr.txt
d2c78a545e32f0911bd2c76dbdd83468b9a3b1be5d9b9cce350f43402b49ed18	86	screening-v1/batch-0756/submit_screening
4a148125e32c7dad6269babd892ff1f969de176f71c796c13247b75a58b72e72	7726	screening-v1/batch-0756/trace.jsonl
e8b30254525f9c7e6e54b02cfcdbb201dcfcccc1768d2f116a652821a1d7f01f	5274	screening-v1/batch-0757/batch.json
6d973181b5912f4044fc5d041a49939a4a74273cbb285e5363de3042062e668e	3628	screening-v1/batch-0757/decisions.jsonl
7f96be5c04603b80e0b2fb9eacb7c5c35d3a59105b08f6f427690d32471abc28	52	screening-v1/batch-0757/final.txt
78cb1015f354e0419303d64e928037688003ea868898d74fd678a154592b9fec	44180	screening-v1/batch-0757/input.md
b8c6898edd02beb87dfd69b5b852e852b1b86106ef2a7e3cc14f3cd3bfa47360	450	screening-v1/batch-0757/run.json
e3b0c44298fc1c149afbf4c8996fb92427ae41e4649b934ca495991b7852b855	0	screening-v1/batch-0757/stderr.txt
d2c78a545e32f0911bd2c76dbdd83468b9a3b1be5d9b9cce350f43402b49ed18	86	screening-v1/batch-0757/submit_screening
1f0fa074de5b066cd28d1f0b594e9f13c91188d0a3bff1afa9b0d2d59fb7f50d	14589	screening-v1/batch-0757/trace.jsonl
f015eb0ad33a78bc6f3bddce48e54778b5b581f0b7b3bf60aca52d33e7d8944b	5346	screening-v1/batch-0758/batch.json
1bb54ac65b86751b224dd1716d519e5e1b23c0eaebdb8eaab3bd0273470c5d49	3480	screening-v1/batch-0758/decisions.jsonl
755742134aa4adeac1aa9cfc97901803e54fde9ff921a467c718be766f960700	80	screening-v1/batch-0758/final.txt
7697e983443340a3b59f4a286b1d2353ac2570b1883d16064fd2089ded09c61a	42141	screening-v1/batch-0758/input.md
19c0d40638420b96db38594246e914014975ebc3172d06d54b545737af99963d	450	screening-v1/batch-0758/run.json
e3b0c44298fc1c149afbf4c8996fb92427ae41e4649b934ca495991b7852b855	0	screening-v1/batch-0758/stderr.txt
d2c78a545e32f0911bd2c76dbdd83468b9a3b1be5d9b9cce350f43402b49ed18	86	screening-v1/batch-0758/submit_screening
22b6f189659957dbc5e1d7730fa0e8ca5f91c04eec949b0f2698e8e418dfd678	14341	screening-v1/batch-0758/trace.jsonl
81b831af8fdd8cf7c47f342b7865a6b0e4b95dbda58e029b4bfe9ef10af497b7	5201	screening-v1/batch-0759/batch.json
5f851f0a91317751ade0e70d852ceb011c58533918b0aeb1fe4f95f8c75cbc46	3402	screening-v1/batch-0759/decisions.jsonl
e5c26e8a32e0d0e005e62dcaf8221b9b506e599d2360fb679244b7c3f3e1fcaf	58	screening-v1/batch-0759/final.txt
82b710915464cf4281e46ad9d4dc7e4a1b391dbed21636bc370c562e4388fa7c	41561	screening-v1/batch-0759/input.md
7462600264f817fdc3acce8b324e37250d870d6537a8cfb56d3d2345616bcd0c	450	screening-v1/batch-0759/run.json
e3b0c44298fc1c149afbf4c8996fb92427ae41e4649b934ca495991b7852b855	0	screening-v1/batch-0759/stderr.txt
d2c78a545e32f0911bd2c76dbdd83468b9a3b1be5d9b9cce350f43402b49ed18	86	screening-v1/batch-0759/submit_screening
82b9f5ab4595f90087e4c3e078681f42b0bb75b123f7dd06a5061e41c66ecef6	7914	screening-v1/batch-0759/trace.jsonl
b3e6da9216dae33235b73fe921cb61a9e70b5945eb328435e50c1d1519dc0e56	4869	screening-v1/batch-0760/batch.json
0536acaaeb39dd08519657f8aff832591645d73eecf36e8b492b52a3b15d41df	3493	screening-v1/batch-0760/decisions.jsonl
23a75b1ba4f65b54f62e596d1d6cdcf5f10199bb7d17da6ac2a15905a894247e	78	screening-v1/batch-0760/final.txt
6ce3f9e797a6185ad85f8bdc05babaaa2c348819954c5dd244c9ece6cf11622e	66796	screening-v1/batch-0760/input.md
7953557a4a1d65c954a66fc2f19594e9d621c15d2e7235296a12248f1a1ac35e	450	screening-v1/batch-0760/run.json
e3b0c44298fc1c149afbf4c8996fb92427ae41e4649b934ca495991b7852b855	0	screening-v1/batch-0760/stderr.txt
d2c78a545e32f0911bd2c76dbdd83468b9a3b1be5d9b9cce350f43402b49ed18	86	screening-v1/batch-0760/submit_screening
31d6293edf836574372eec70736e7e5e2db761f23573444ba847b7011de4d31d	8169	screening-v1/batch-0760/trace.jsonl
f24611cbe6989275e3b09a6f209b63af77b5596694e88fb36bbf70d300802885	5334	screening-v1/batch-0761/batch.json
e6343bb34930cdd986dd6ba11c28c29deb6135f4481633ac3139d346f3c5291a	3717	screening-v1/batch-0761/decisions.jsonl
d2d159238b775a00db4b5fd135f20b4b892ed648fd8c60ba7d65800597ada474	66	screening-v1/batch-0761/final.txt
98598932fd25be723df2f5131bfe35f21ab5cdde12b2b95d12d3cd1f98bfe4f7	46333	screening-v1/batch-0761/input.md
bf3de6c412bc968cb0d43aa092a08432af86cb798d10d4cd4882ff01592979c3	450	screening-v1/batch-0761/run.json
e3b0c44298fc1c149afbf4c8996fb92427ae41e4649b934ca495991b7852b855	0	screening-v1/batch-0761/stderr.txt
d2c78a545e32f0911bd2c76dbdd83468b9a3b1be5d9b9cce350f43402b49ed18	86	screening-v1/batch-0761/submit_screening
92767b16087e1d276fce1b7ce0af32807a02427b9d84a37ab2bb1d06cb5e15b2	14803	screening-v1/batch-0761/trace.jsonl
3932a03a27a1ae763951daf273602e419cfb50506bb14cc90a95453b3157416b	5289	screening-v1/batch-0762/batch.json
c68b2c8572b23ebe58fda9a77a2dac9ad7a8b24e3c2350222bf161fa2e80a794	3463	screening-v1/batch-0762/decisions.jsonl
23a75b1ba4f65b54f62e596d1d6cdcf5f10199bb7d17da6ac2a15905a894247e	78	screening-v1/batch-0762/final.txt
839b375422b0293254a6157cd4057d2f7277242c79031a1f2a221cc1177f93c6	46924	screening-v1/batch-0762/input.md
70f63bce6add2d2fb83bd742af3a44890c136f583056830b2cba310fa6729b6a	450	screening-v1/batch-0762/run.json
e3b0c44298fc1c149afbf4c8996fb92427ae41e4649b934ca495991b7852b855	0	screening-v1/batch-0762/stderr.txt
d2c78a545e32f0911bd2c76dbdd83468b9a3b1be5d9b9cce350f43402b49ed18	86	screening-v1/batch-0762/submit_screening
ba891d4292cfb2aefcebaccd2aa88836a4804cac73af2e9a40fd3cb393e7349d	8284	screening-v1/batch-0762/trace.jsonl
87c0f35a516502fd18c46154419e26c104d1019a86a08dd0d55498a3d896c7bc	5161	screening-v1/batch-0763/batch.json
00ebda9ec69e6fd96c8683dff6b1dc3ce351ad97b2bcb14f11615f0b94f9435e	3429	screening-v1/batch-0763/decisions.jsonl
01da75f35c59f3599b00edb2a467cb0f97025f4318d73f3506ab8416bc9e981c	83	screening-v1/batch-0763/final.txt
a83576ff45629ede36ce140208914a9146ad84da613dbdfb5ee684bb64d9d7ee	38772	screening-v1/batch-0763/input.md
ede150fef36892f873182759f84b990f8be6d896f39edfbb3fb508e336272b72	450	screening-v1/batch-0763/run.json
e3b0c44298fc1c149afbf4c8996fb92427ae41e4649b934ca495991b7852b855	0	screening-v1/batch-0763/stderr.txt
d2c78a545e32f0911bd2c76dbdd83468b9a3b1be5d9b9cce350f43402b49ed18	86	screening-v1/batch-0763/submit_screening
4708490089b5835995ca6ab6607f4007ed5bc6854bad04d5d1b0b9295b28801a	7864	screening-v1/batch-0763/trace.jsonl
3ef66be9c1be425f7068deb06c31921603c81d2b886924effe41d755a4b81161	5187	screening-v1/batch-0764/batch.json
7b94da14ed7987751ca5ecbff89162f40c9ea1691650f62a90d2e88096a4eabb	3588	screening-v1/batch-0764/decisions.jsonl
06c8a354437ec1e2a18c694d64366c99c1abe3674e810e8e610a5c7cbe15ed5d	44	screening-v1/batch-0764/final.txt
889f2a59de243c0dfcf252b208a07f56454c2500f9eb4a268f487627df5f9160	38867	screening-v1/batch-0764/input.md
cd8e3f3f453c73991c05f12007eb6f028d81246a28721ebc5149912f0c2bfdd9	450	screening-v1/batch-0764/run.json
e3b0c44298fc1c149afbf4c8996fb92427ae41e4649b934ca495991b7852b855	0	screening-v1/batch-0764/stderr.txt
d2c78a545e32f0911bd2c76dbdd83468b9a3b1be5d9b9cce350f43402b49ed18	86	screening-v1/batch-0764/submit_screening
a2912be0cdfa89dbd6b1379fbbeef6f0ec2caf61856838aa3bda922550aad69a	8485	screening-v1/batch-0764/trace.jsonl
8c4d113308c0597a92a3777ee742b44efcadfd269c764b668e6f4aa7cb84c571	5090	screening-v1/batch-0765/batch.json
ff70f87d07789be6384ed6d4d374f58d5ed4f7348e32ca72f6b3fa3712af4729	3168	screening-v1/batch-0765/decisions.jsonl
67e1405cca3676492de054f7a4efaab8b1b443f6ee82a04a74b4d9d782548c5d	89	screening-v1/batch-0765/final.txt
acb959d7afcdbbaa04e3b31120d33d20ed050db2141f83219da34204c04b162e	45318	screening-v1/batch-0765/input.md
3a9cc8755bb3dd6510b51f7547cfd085fa582e2b2712498178f40c3b5fa7b37e	450	screening-v1/batch-0765/run.json
e3b0c44298fc1c149afbf4c8996fb92427ae41e4649b934ca495991b7852b855	0	screening-v1/batch-0765/stderr.txt
d2c78a545e32f0911bd2c76dbdd83468b9a3b1be5d9b9cce350f43402b49ed18	86	screening-v1/batch-0765/submit_screening
0f5b71256ffe77f97e714dca8fe24740d7e9a9d6ec2ad142c4a2c0715b70f98b	13724	screening-v1/batch-0765/trace.jsonl
4f4db6fb7dc28a1150e15687e7543cb91e76baed550f1afd872452b07daabbb5	5292	screening-v1/batch-0766/batch.json
b20049f9139feeb5f559060c23f775c0137983e98adcc1b205b1f4ace38b55da	3546	screening-v1/batch-0766/decisions.jsonl
d2d159238b775a00db4b5fd135f20b4b892ed648fd8c60ba7d65800597ada474	66	screening-v1/batch-0766/final.txt
5a92df426992f3c14f758895c3180d57f0dc720c6a846a36fd61c91f78b1e6db	43200	screening-v1/batch-0766/input.md
c607edb03419e46c50066e0c117b3f99bbfc93298652d9041f54bdcde03ad546	450	screening-v1/batch-0766/run.json
e3b0c44298fc1c149afbf4c8996fb92427ae41e4649b934ca495991b7852b855	0	screening-v1/batch-0766/stderr.txt
d2c78a545e32f0911bd2c76dbdd83468b9a3b1be5d9b9cce350f43402b49ed18	86	screening-v1/batch-0766/submit_screening
4d832eb367ba447f1d7c2dfea2c1c3f19479249a574fcc917fb66e47092beb21	7985	screening-v1/batch-0766/trace.jsonl
6553f69db10d6411d39a73d5ffd9eb02e15558835ceb50d8668c25c784e8767e	5634	screening-v1/batch-0767/batch.json
a9e1257e9b359b8cac11566c0cd5686bba365c740d50e8b58c3784d2996f7ad9	3345	screening-v1/batch-0767/decisions.jsonl
23a75b1ba4f65b54f62e596d1d6cdcf5f10199bb7d17da6ac2a15905a894247e	78	screening-v1/batch-0767/final.txt
0c8f21f6d427a6b80555de928c8fa5ea9a7372a8c629d65ddf1e43441ea5e959	43095	screening-v1/batch-0767/input.md
4c122648e8b8b9bd1302a7eedc3486095b8ad31e2607b11e4e8d005d3e013b51	450	screening-v1/batch-0767/run.json
e3b0c44298fc1c149afbf4c8996fb92427ae41e4649b934ca495991b7852b855	0	screening-v1/batch-0767/stderr.txt
d2c78a545e32f0911bd2c76dbdd83468b9a3b1be5d9b9cce350f43402b49ed18	86	screening-v1/batch-0767/submit_screening
ce19ef1383928c62a27eb713cf8a4c1ea90f90ad07837c726ac3ec039f0a5870	7870	screening-v1/batch-0767/trace.jsonl
7667e1f0dbbfc8053af984321d0fa72d83f425257b5d08e8b04eb9fd82cf1b97	5090	screening-v1/batch-0768/batch.json
b2b88eef362c6fce0a1ea98bac57ce9a02929cc406dafe765f0ec43d55b6961d	3662	screening-v1/batch-0768/decisions.jsonl
cf0c22cb98a8d7b0198b01c6418fa27c48963c506029294b047c29cbac487a69	77	screening-v1/batch-0768/final.txt
0cd1e615867e66e68f72a4d500a96c39cee7d5b996012837e37ef221bc0ed004	49163	screening-v1/batch-0768/input.md
e34b2e0e949b79b9468988cabe190ad3fc1918ae27a29800eda50099270938a0	450	screening-v1/batch-0768/run.json
e3b0c44298fc1c149afbf4c8996fb92427ae41e4649b934ca495991b7852b855	0	screening-v1/batch-0768/stderr.txt
d2c78a545e32f0911bd2c76dbdd83468b9a3b1be5d9b9cce350f43402b49ed18	86	screening-v1/batch-0768/submit_screening
db2e47f647064b86df3140b97f666a457a1ca74aaac70a09f65182278f47eb00	9304	screening-v1/batch-0768/trace.jsonl
469968f9071064df538a51bd65151beec59ce825d132cc4219486e85a752478c	5229	screening-v1/batch-0769/batch.json
1a104e9826a69651f43528131b21263b6e987abffd8d3a23a8edcf5fa99efbec	3726	screening-v1/batch-0769/decisions.jsonl
67e1405cca3676492de054f7a4efaab8b1b443f6ee82a04a74b4d9d782548c5d	89	screening-v1/batch-0769/final.txt
8b0c0e276ebe23362f70834fff6395c1a51ed9bb5c324e80fbc2661190a0d641	47189	screening-v1/batch-0769/input.md
82ceb74f0260780897f3541b71a4635817d08a5791d40b8cff3e91bc4f6e0216	450	screening-v1/batch-0769/run.json
e3b0c44298fc1c149afbf4c8996fb92427ae41e4649b934ca495991b7852b855	0	screening-v1/batch-0769/stderr.txt
d2c78a545e32f0911bd2c76dbdd83468b9a3b1be5d9b9cce350f43402b49ed18	86	screening-v1/batch-0769/submit_screening
ee625c7e53b37d3d1cf00423dceb50eea2e6927cfd4fcfbbf7512fdec4d8e6a5	8819	screening-v1/batch-0769/trace.jsonl
a998089072a3b7cdfa3013aad5d1e77dc2714a06abfa83e69da2d2e1cc5f78ff	5628	screening-v1/batch-0770/batch.json
3d6401305248102b7efd41dd728f980ec9ec0237020e5536ce09b00a08aae855	3726	screening-v1/batch-0770/decisions.jsonl
12bfc04b481060e14e256636c30ee7d70d6d1060b4debc9519c541a6666ade00	55	screening-v1/batch-0770/final.txt
84200dbce8cb894a329c5c205c0ff868a0036bcaa117c2d8e30e42649b7e2f36	43932	screening-v1/batch-0770/input.md
58747de84004b618f19f60f39022497c577d798eb2d0bfe457beedc855e33ecf	450	screening-v1/batch-0770/run.json
e3b0c44298fc1c149afbf4c8996fb92427ae41e4649b934ca495991b7852b855	0	screening-v1/batch-0770/stderr.txt
d2c78a545e32f0911bd2c76dbdd83468b9a3b1be5d9b9cce350f43402b49ed18	86	screening-v1/batch-0770/submit_screening
8b536b026df0a651ea44f85fffc40880ed95795004c9b6ad2ae0490e98ce8fd5	8263	screening-v1/batch-0770/trace.jsonl
aecc349cd4bddfb582614c3be36a27412b5c90ccc6d56dec134b37082ac635b1	5179	screening-v1/batch-0771/batch.json
677a635443bf599adfcc05f17738c575e213446476af9b323db77735537ec835	3821	screening-v1/batch-0771/decisions.jsonl
06c8a354437ec1e2a18c694d64366c99c1abe3674e810e8e610a5c7cbe15ed5d	44	screening-v1/batch-0771/final.txt
011af27c8a90a712f0073b4ab8a47c324858fc58ac72a3b113102353ed2fe4c7	46388	screening-v1/batch-0771/input.md
ad321e05b43e10d7f85ef9ea7826e3ca4dbc63dd7ba0619fd0afa2016014b345	450	screening-v1/batch-0771/run.json
e3b0c44298fc1c149afbf4c8996fb92427ae41e4649b934ca495991b7852b855	0	screening-v1/batch-0771/stderr.txt
d2c78a545e32f0911bd2c76dbdd83468b9a3b1be5d9b9cce350f43402b49ed18	86	screening-v1/batch-0771/submit_screening
05cf4c581fc3d4de5cf8721787933cd653214c0c5fa541aadf523ce454c323b0	9524	screening-v1/batch-0771/trace.jsonl
05ad3fc97d218dcacd8a9a743b34963fce7c5cd1df50491b626a80d73e3e5232	5600	screening-v1/batch-0772/batch.json
4a2da66d0d7d86d41356b76dc90e43a5d72eba16c8b8c3ee68d6a2813942fba1	3794	screening-v1/batch-0772/decisions.jsonl
12bfc04b481060e14e256636c30ee7d70d6d1060b4debc9519c541a6666ade00	55	screening-v1/batch-0772/final.txt
c5d23af7c8a006560a9ef7d9a0325ff3cd59f14dee3ca30024be25304cfa8df2	45003	screening-v1/batch-0772/input.md
a572a27dfa43a35e0de2aee358af3fe54a147e5a3836f2b1cdb3a2a182b3fe9a	450	screening-v1/batch-0772/run.json
e3b0c44298fc1c149afbf4c8996fb92427ae41e4649b934ca495991b7852b855	0	screening-v1/batch-0772/stderr.txt
d2c78a545e32f0911bd2c76dbdd83468b9a3b1be5d9b9cce350f43402b49ed18	86	screening-v1/batch-0772/submit_screening
38c455d694245a6b1ed9f1e8be7b697bca248c279c42db525d36b06539ee9539	8973	screening-v1/batch-0772/trace.jsonl
9cd91ed8353cb9f06b1a817bd5b39d75e2996e2a206d8b084645dab0baf2c0ce	5244	screening-v1/batch-0773/batch.json
03714a63a5e853067cc25546010407076c338c5720b62606d7ce63dfbd920150	3799	screening-v1/batch-0773/decisions.jsonl
1b29b93c94fb07cd00a4359ca9325029d2ce752651e9a96a7c8ac6ce409deceb	79	screening-v1/batch-0773/final.txt
325e7a555576e4bbaf431bc234106d473c346976426e0e6b2daf7853062fe24d	43050	screening-v1/batch-0773/input.md
ce2f73b6e75b92665d5fbb63047318e4f6e77d9105cfc2d4c7a4df34dafab94a	450	screening-v1/batch-0773/run.json
e3b0c44298fc1c149afbf4c8996fb92427ae41e4649b934ca495991b7852b855	0	screening-v1/batch-0773/stderr.txt
d2c78a545e32f0911bd2c76dbdd83468b9a3b1be5d9b9cce350f43402b49ed18	86	screening-v1/batch-0773/submit_screening
800d01a9c518f46d07bdfe98a67baa91a1464311a814624606a041729d873279	8804	screening-v1/batch-0773/trace.jsonl
96fed72a517b80f7f6fbf86920b380e2a91730fbf39d9f6c71492cf473ecd088	5182	screening-v1/batch-0774/batch.json
b5d2c4da1ea5cc30acc0b89eed329c3f77716aad34a514efd23c844c89e5de92	3602	screening-v1/batch-0774/decisions.jsonl
d2d159238b775a00db4b5fd135f20b4b892ed648fd8c60ba7d65800597ada474	66	screening-v1/batch-0774/final.txt
fbd90d9730ddec4862430c67e9429d2268b6109b6157773ea91972e954f7dc95	45448	screening-v1/batch-0774/input.md
4603f2a83fd810a646ed889a079c529a375ffdfa37b41f7359a4b53dae322b97	450	screening-v1/batch-0774/run.json
e3b0c44298fc1c149afbf4c8996fb92427ae41e4649b934ca495991b7852b855	0	screening-v1/batch-0774/stderr.txt
d2c78a545e32f0911bd2c76dbdd83468b9a3b1be5d9b9cce350f43402b49ed18	86	screening-v1/batch-0774/submit_screening
d5c05e19c15c70077550e4b0f072139d9f3f00794a1f0b643151e2196762b406	7715	screening-v1/batch-0774/trace.jsonl
24ebfdb3602c4dac5e725aae361a2f037b46dc36d07e56b81fe9135098b115c6	5418	screening-v1/batch-0775/batch.json
4f72840c5c56bb83173b7fe2ac6205dae8a76d2ae0d8eb882b30fa81b4abdcf6	3665	screening-v1/batch-0775/decisions.jsonl
f4fd0e862c5c906152027cce96ae2c1d6f4800de19f5b05894bb55d8377d9a70	72	screening-v1/batch-0775/final.txt
1fd36a4357638af3f71152820688c7a7538152914f5e4b6ce578caccb2b239ba	41134	screening-v1/batch-0775/input.md
ef63c2660bbf36b4fe73e62a09fb9ff147c74b1b280bc891b1446dfe0520eae7	450	screening-v1/batch-0775/run.json
e3b0c44298fc1c149afbf4c8996fb92427ae41e4649b934ca495991b7852b855	0	screening-v1/batch-0775/stderr.txt
d2c78a545e32f0911bd2c76dbdd83468b9a3b1be5d9b9cce350f43402b49ed18	86	screening-v1/batch-0775/submit_screening
68e6b605982c042e394b52438e39c469d516c1e7256170a056fec6776c3aaac1	8079	screening-v1/batch-0775/trace.jsonl
4a7170f69c1b46f848552228dc94be12bf9999208376ac735f6e9d50d2ac531f	5163	screening-v1/batch-0776/batch.json
8f28438ccbcfa6e47634b0f7e95aa1dcad8e4646b71fc4609ce44a23ca3c747a	3611	screening-v1/batch-0776/decisions.jsonl
6824e4acfd0c951221fbb12f834a1008062d205af70fb4ce9aa62434b59ac897	64	screening-v1/batch-0776/final.txt
e8b054e5a69992ded0e7a0e1601af17989172e3afc7d25d7336a8287c05df264	42682	screening-v1/batch-0776/input.md
07922db7c367aff4928e9323ed1fc1b782992a14782bc8ff83371d445d87d4f3	450	screening-v1/batch-0776/run.json
e3b0c44298fc1c149afbf4c8996fb92427ae41e4649b934ca495991b7852b855	0	screening-v1/batch-0776/stderr.txt
d2c78a545e32f0911bd2c76dbdd83468b9a3b1be5d9b9cce350f43402b49ed18	86	screening-v1/batch-0776/submit_screening
fc09fd5fe7da4b18ff92ae37ffd05670a4e1a54edd38ea48e8ef9979cc5ef7f9	8052	screening-v1/batch-0776/trace.jsonl
b773ee1177a89fa38438b89808701bbe1160444ade0c68337a8acfd90cb42555	5209	screening-v1/batch-0777/batch.json
0b34242b794d03351f54da318123f25166b8d253058d30d4e3204b5ee4dfebb0	3426	screening-v1/batch-0777/decisions.jsonl
c03f43623db73cc77c8fd1bcc731a07737c9ee0b673c9a701ba7fc889a322481	83	screening-v1/batch-0777/final.txt
72cd138742efe9897724d28f37300fccf2d7c0a8739c71a030105f0b0f62ebd9	43525	screening-v1/batch-0777/input.md
8641a02f016d4abd624cdb3612913d634a30759ffe51f055832edf4e995bb6c6	450	screening-v1/batch-0777/run.json
e3b0c44298fc1c149afbf4c8996fb92427ae41e4649b934ca495991b7852b855	0	screening-v1/batch-0777/stderr.txt
d2c78a545e32f0911bd2c76dbdd83468b9a3b1be5d9b9cce350f43402b49ed18	86	screening-v1/batch-0777/submit_screening
b2894a645842846e908507a0f9eddf3534fd76287f07736e366f0cea228a56cc	8194	screening-v1/batch-0777/trace.jsonl
73d051baaf3090c4f4c254a559f2ee6e399b82a515d363e69fcca493858d26c6	5137	screening-v1/batch-0778/batch.json
ac2e3ee8077bd34c6b325d0d073d587bc5612ca077f2e2512fe85e189e34be39	3438	screening-v1/batch-0778/decisions.jsonl
23a75b1ba4f65b54f62e596d1d6cdcf5f10199bb7d17da6ac2a15905a894247e	78	screening-v1/batch-0778/final.txt
dea54297644c6895a48a301a4c08f614c6125993c50498f117b573669a14fa12	44043	screening-v1/batch-0778/input.md
1b8fd0a58496733927a9d7582966ac2909cd465ef60d0fc9b402ac313fa3e7fb	450	screening-v1/batch-0778/run.json
e3b0c44298fc1c149afbf4c8996fb92427ae41e4649b934ca495991b7852b855	0	screening-v1/batch-0778/stderr.txt
d2c78a545e32f0911bd2c76dbdd83468b9a3b1be5d9b9cce350f43402b49ed18	86	screening-v1/batch-0778/submit_screening
80d22840836fa7ba3dc4a31f9448965b9589ddc8f710c01a7f495b6aac15aeb3	7443	screening-v1/batch-0778/trace.jsonl
0e6ff20466feb0c0c7312f8ef619a63541b06b6df5c818e0cbd9514cba9fd3c9	5157	screening-v1/batch-0779/batch.json
3aa23042e1a539b7608a6d667bd4111745e174cae6808ddb1e6d08e9566ec37f	3290	screening-v1/batch-0779/decisions.jsonl
62dbf5f29befa45f577df841a4d452f293028a224e3577bea43637f199e22b6d	80	screening-v1/batch-0779/final.txt
7159b0ed08b35a98f4107b37e275e49dbe184192dc64c54b122a6685eeee59e0	42865	screening-v1/batch-0779/input.md
5b7f7b0691bbdc02dee183a6da53a71b1acc640e9b231fad3c4cbe95621e24e3	450	screening-v1/batch-0779/run.json
e3b0c44298fc1c149afbf4c8996fb92427ae41e4649b934ca495991b7852b855	0	screening-v1/batch-0779/stderr.txt
d2c78a545e32f0911bd2c76dbdd83468b9a3b1be5d9b9cce350f43402b49ed18	86	screening-v1/batch-0779/submit_screening
8bffde63eaa82120339b453ba6040cbcdffe3d94f7bf9538e3ab87079dbb5d55	8134	screening-v1/batch-0779/trace.jsonl
3f7c56809883e9f1af2afb0a022ad1a19d64d6485db22310d37e3b417e72bd52	5448	screening-v1/batch-0780/batch.json
71029015768cb897a1b3fbce197ff20d7c0421d375e171e59a02fa86fe0f9572	3856	screening-v1/batch-0780/decisions.jsonl
d8d3f566fa79885f3f0c2f869c71abc9ecdb2a116da1a9ce4ea8db8df8497254	70	screening-v1/batch-0780/final.txt
ba7470798798995c121c5c32134c9b02737b4fa5a4913ce25b3561e4d7940aac	39270	screening-v1/batch-0780/input.md
52aa1a91e36ffda00a775e7393a70e3114cbf96358a4edabf7d3319c83f3eff6	450	screening-v1/batch-0780/run.json
e3b0c44298fc1c149afbf4c8996fb92427ae41e4649b934ca495991b7852b855	0	screening-v1/batch-0780/stderr.txt
d2c78a545e32f0911bd2c76dbdd83468b9a3b1be5d9b9cce350f43402b49ed18	86	screening-v1/batch-0780/submit_screening
fc0c3b1cede105b9f290fdee5fdd8e031e2b6d4235b40502bb7765ebff5ec4da	8494	screening-v1/batch-0780/trace.jsonl
10fe36051f27990cfde19611e151116a1328ae24d93eafd3a5334ff384d7c244	5325	screening-v1/batch-0781/batch.json
27b2169a5ca9774edbd6261d81d777e9af934f67affbcfe60583d4fbd48cf4b0	3965	screening-v1/batch-0781/decisions.jsonl
23a75b1ba4f65b54f62e596d1d6cdcf5f10199bb7d17da6ac2a15905a894247e	78	screening-v1/batch-0781/final.txt
80a9ec58fc6bea5815ae1cf4719e593c322d7aa93e2635f1eca98cef2174da60	41802	screening-v1/batch-0781/input.md
3f28ee9b033f7b09afbd24e6d1eac8351888396b1608e3947d34ad040d12fa92	450	screening-v1/batch-0781/run.json
e3b0c44298fc1c149afbf4c8996fb92427ae41e4649b934ca495991b7852b855	0	screening-v1/batch-0781/stderr.txt
d2c78a545e32f0911bd2c76dbdd83468b9a3b1be5d9b9cce350f43402b49ed18	86	screening-v1/batch-0781/submit_screening
f22648eeb46974735d4d9a782a353838d40d07096af0daed0daaeff1d4bda23f	9278	screening-v1/batch-0781/trace.jsonl
c61ad90056950218a9d2d348874c68f0e065d1f7eb69719740af4b6fdb36f52d	5090	screening-v1/batch-0782/batch.json
52d1a234032483133002f69aa885b8dd04fa2ed2ae69de8c3a4e4b86ee119e60	3716	screening-v1/batch-0782/decisions.jsonl
06c8a354437ec1e2a18c694d64366c99c1abe3674e810e8e610a5c7cbe15ed5d	44	screening-v1/batch-0782/final.txt
712a2807d7aec39ba555384b1a26822acef4ec808be65c3756f30804ef7c89ff	48893	screening-v1/batch-0782/input.md
562e52fac1a3ca0714bb23a3e3e7339d549973c43bf6a48f0fad005d7322aab9	450	screening-v1/batch-0782/run.json
e3b0c44298fc1c149afbf4c8996fb92427ae41e4649b934ca495991b7852b855	0	screening-v1/batch-0782/stderr.txt
d2c78a545e32f0911bd2c76dbdd83468b9a3b1be5d9b9cce350f43402b49ed18	86	screening-v1/batch-0782/submit_screening
b52de4e6a40b2e6c35f59b26417ab5a04978c382a0040ebc0d8eaa4a84e52560	14861	screening-v1/batch-0782/trace.jsonl
3664792cbeeb047708c6786763bcd7e88f43852b70b43bac40fac9bd92f50b81	5125	screening-v1/batch-0783/batch.json
4eafe1cb29830839c2ee721f2cd9a0a161f996d6db5386d234fcbf4d81ffbbe3	3315	screening-v1/batch-0783/decisions.jsonl
67e1405cca3676492de054f7a4efaab8b1b443f6ee82a04a74b4d9d782548c5d	89	screening-v1/batch-0783/final.txt
2d726f1b7168a076b057a6dad61b98ca8cd76fe6fb1fba9f2122146022957dd7	43649	screening-v1/batch-0783/input.md
22a0d043ad9087993f52666359bde46647b3e56c4296c9938e8b4ab4d64e1d71	450	screening-v1/batch-0783/run.json
e3b0c44298fc1c149afbf4c8996fb92427ae41e4649b934ca495991b7852b855	0	screening-v1/batch-0783/stderr.txt
d2c78a545e32f0911bd2c76dbdd83468b9a3b1be5d9b9cce350f43402b49ed18	86	screening-v1/batch-0783/submit_screening
94586f2f33ab375a395e5c52d08783640143f7e3b56b2ecc0f67b052ff2f90a1	8302	screening-v1/batch-0783/trace.jsonl
9a8961e97af0ac22922d99ed0c9e72b05148e2d03b19e57d7fa2e90b2f8e3ac1	5023	screening-v1/batch-0784/batch.json
49503d43b84c59c09792567351a8244b13a297539c3b1f85c4cade84db3eba8f	3356	screening-v1/batch-0784/decisions.jsonl
cf0c22cb98a8d7b0198b01c6418fa27c48963c506029294b047c29cbac487a69	77	screening-v1/batch-0784/final.txt
cb8a084fea8c88961db5db82eb5307df810a6a2967fc5f8504278f8684cd3073	45060	screening-v1/batch-0784/input.md
5cbee08553928cfa6832c25b762f6e752b25302c699b6cb483d8fc9db072fc62	450	screening-v1/batch-0784/run.json
e3b0c44298fc1c149afbf4c8996fb92427ae41e4649b934ca495991b7852b855	0	screening-v1/batch-0784/stderr.txt
d2c78a545e32f0911bd2c76dbdd83468b9a3b1be5d9b9cce350f43402b49ed18	86	screening-v1/batch-0784/submit_screening
df60862fdb30a3d28a90963ad791f2d36d277aa64d589e5518117543d06d2cf7	7817	screening-v1/batch-0784/trace.jsonl
b4577d2ca6df606683782c4e8e448a782734af68adbd051afe64fbeec9d8c8d6	5358	screening-v1/batch-0785/batch.json
fbb8f86581f10fcec1838bdd434bca0e18eb848a8684ebb7fbc55cb3e1c836b9	3487	screening-v1/batch-0785/decisions.jsonl
23a75b1ba4f65b54f62e596d1d6cdcf5f10199bb7d17da6ac2a15905a894247e	78	screening-v1/batch-0785/final.txt
f48db48fe15c1591a4c425a6dbdd1005fcf31b166bf62636608a0cbda0eca2a4	45825	screening-v1/batch-0785/input.md
e1b50f703364e1a4275a8cfb086f00bd97a34ba5b14de399e06040bf8dbbc3ba	450	screening-v1/batch-0785/run.json
e3b0c44298fc1c149afbf4c8996fb92427ae41e4649b934ca495991b7852b855	0	screening-v1/batch-0785/stderr.txt
d2c78a545e32f0911bd2c76dbdd83468b9a3b1be5d9b9cce350f43402b49ed18	86	screening-v1/batch-0785/submit_screening
80be23d62d5161cae61afe796dab5bc6f8c327d7aeafc60fae2bd7b5c99ea91b	14391	screening-v1/batch-0785/trace.jsonl
22b1363ac114f87bf80a61079cdc163eaa8fb11813ef950212da67614f7e3af0	5144	screening-v1/batch-0786/batch.json
cdc1833060bf5eae168731afc8f34a46d44be9d00914656f28db04ff88b2f695	3549	screening-v1/batch-0786/decisions.jsonl
12bfc04b481060e14e256636c30ee7d70d6d1060b4debc9519c541a6666ade00	55	screening-v1/batch-0786/final.txt
3d0c1310a79d9b43d923743d7f9bf0b8e33c19cd523290104a1ea74841c5535f	39088	screening-v1/batch-0786/input.md
dc7f335136b3948cfe9c369dd481d2c9956bdcc873deb498d514b17cc92b5045	450	screening-v1/batch-0786/run.json
e3b0c44298fc1c149afbf4c8996fb92427ae41e4649b934ca495991b7852b855	0	screening-v1/batch-0786/stderr.txt
d2c78a545e32f0911bd2c76dbdd83468b9a3b1be5d9b9cce350f43402b49ed18	86	screening-v1/batch-0786/submit_screening
e35968c71d0083291fe70a9fcdcbd7cd0b9510f65104f3478d62665f873df57b	8489	screening-v1/batch-0786/trace.jsonl
6da2141905aa24536195ccb9155a233eaaae6b69234b9710d7ba655e53fcedce	5250	screening-v1/batch-0787/batch.json
def3f490d12cfd1af8d7984e551aa7c72dc4b8b418ae757f05adc5aabcdf45dc	3407	screening-v1/batch-0787/decisions.jsonl
01da75f35c59f3599b00edb2a467cb0f97025f4318d73f3506ab8416bc9e981c	83	screening-v1/batch-0787/final.txt
ee9c36809f12debc4d4687736d2ff594a99e2d17a4d2c2d6ba5110157161d1c8	41300	screening-v1/batch-0787/input.md
1c368ea05ca2e4ace168b9f2a295c4a149d93120bc9a3171d46834c2a9bce680	450	screening-v1/batch-0787/run.json
e3b0c44298fc1c149afbf4c8996fb92427ae41e4649b934ca495991b7852b855	0	screening-v1/batch-0787/stderr.txt
d2c78a545e32f0911bd2c76dbdd83468b9a3b1be5d9b9cce350f43402b49ed18	86	screening-v1/batch-0787/submit_screening
a6e292ad87f9051e453648504038471e359e5a7d2fd0d89bc6978600a8474f62	8776	screening-v1/batch-0787/trace.jsonl
b464dc5f6e1d9f35a46560bfe8adb698d9a26a05c944e73520ef6e9c183f57cd	5094	screening-v1/batch-0788/batch.json
55c63d81968c1d1c488472e74bd0b75beb46c4c310eca00de13d6fd3ee8ddf1b	3764	screening-v1/batch-0788/decisions.jsonl
12bfc04b481060e14e256636c30ee7d70d6d1060b4debc9519c541a6666ade00	55	screening-v1/batch-0788/final.txt
8839f05eab2e87d20575a58cf0f305bd75f442cf87d1daa815197f5e736c2226	44003	screening-v1/batch-0788/input.md
f2a9acb2134ea8b4054be6629be9e81df7fb8650b76c67a83beab93db63dcda9	450	screening-v1/batch-0788/run.json
e3b0c44298fc1c149afbf4c8996fb92427ae41e4649b934ca495991b7852b855	0	screening-v1/batch-0788/stderr.txt
d2c78a545e32f0911bd2c76dbdd83468b9a3b1be5d9b9cce350f43402b49ed18	86	screening-v1/batch-0788/submit_screening
adde9c3266553aa38b4bf665332e77d4bb45ccc4e719720d11bb97291b6e0881	14859	screening-v1/batch-0788/trace.jsonl
e41c99a8f79cc2c1b9148c4212c9471356c52a56538d9ff24a4ce4b910d4a4c0	5218	screening-v1/batch-0789/batch.json
0e9d2de6922044f24910a9f7a515b0eae458ee3e0ab8443bcfde9bbb7d6a7429	3364	screening-v1/batch-0789/decisions.jsonl
1062fc950c6cf1dd986b4bc0d8f69f6417899cb0ea14e5f843c1408904875765	52	screening-v1/batch-0789/final.txt
e2d78cd8fde507b0519483a665d05b19468f7aa73298e7f32d18da9ded9377f2	42539	screening-v1/batch-0789/input.md
e0eb0e9dab0888b5f68daadf4e3837fb0e0fb029ff288506a0ba86d9b7a59fbb	450	screening-v1/batch-0789/run.json
e3b0c44298fc1c149afbf4c8996fb92427ae41e4649b934ca495991b7852b855	0	screening-v1/batch-0789/stderr.txt
d2c78a545e32f0911bd2c76dbdd83468b9a3b1be5d9b9cce350f43402b49ed18	86	screening-v1/batch-0789/submit_screening
c1b758fd70a41eae317957eb88ed9a31ea9c8eab4326bc0588f96d545ba15815	14060	screening-v1/batch-0789/trace.jsonl
c3c04a283e00e2fe4f5a904611226afa0161b1cc6f00ef4b4e70577230ee33a9	5331	screening-v1/batch-0790/batch.json
b44f869e8c44963693a82d9e018a90dc2c15f12d97ee0482dba008f9aac3ecae	3485	screening-v1/batch-0790/decisions.jsonl
7480c4c880742e949ebe4da762bf42a2ebbe46446454737f50b2dc59fd23a0f8	57	screening-v1/batch-0790/final.txt
61dfc99634488f4b23ab226f1275cc8ad237ca7ee639db951d6e42630fbea147	40357	screening-v1/batch-0790/input.md
06e82a69d9297895b2e9c872334ecf1122295bba684757252c2197483fe96ae7	450	screening-v1/batch-0790/run.json
e3b0c44298fc1c149afbf4c8996fb92427ae41e4649b934ca495991b7852b855	0	screening-v1/batch-0790/stderr.txt
d2c78a545e32f0911bd2c76dbdd83468b9a3b1be5d9b9cce350f43402b49ed18	86	screening-v1/batch-0790/submit_screening
07f65f0a47aa08c90810d1ee1ead41e976391b3813bdb390bcd09182f9ccbebe	8298	screening-v1/batch-0790/trace.jsonl
c024e9dda09efdafbed8778009dfdcaf0d2a4d89cafda9103a67a6080311f176	5081	screening-v1/batch-0791/batch.json
682752fa3aa26389f062e5881c88ae9eee6e2f3d74722d6f6e556a9dade4eaae	3711	screening-v1/batch-0791/decisions.jsonl
0887b8646de2525941e76970d4be92dc9e4159f758e803b539b98c7395dfb0b6	78	screening-v1/batch-0791/final.txt
042523ca3e3e516e7b83d89397fa5e3d59433f742566e9be7aaee2834fd70629	39873	screening-v1/batch-0791/input.md
c55b4f8044e34428b95eb92b9b923e1835f9bceb658c93ed49c132fb70334e85	450	screening-v1/batch-0791/run.json
e3b0c44298fc1c149afbf4c8996fb92427ae41e4649b934ca495991b7852b855	0	screening-v1/batch-0791/stderr.txt
d2c78a545e32f0911bd2c76dbdd83468b9a3b1be5d9b9cce350f43402b49ed18	86	screening-v1/batch-0791/submit_screening
bfe488667a6df56219fd4c3aa719b594e42fd03bcf29c8b9d11fc98293b8fa81	8447	screening-v1/batch-0791/trace.jsonl
429361b8d1813d5beb9af6be8001f2ff61322d37153f0651544306194179c92b	4861	screening-v1/batch-0792/batch.json
55a4fcdcf0af4371f3a22eedf62fc86af4b9fcc608f616837b2b21ce725c9f12	3415	screening-v1/batch-0792/decisions.jsonl
f5a27266bb0910fca907b1904c09287ce68e0dea75d743f62b73c5523e7b30c0	83	screening-v1/batch-0792/final.txt
439a291dd3060952f960abd0d4b3cfc3f311e8604c9ddcb23491d3ee0f10e37d	39969	screening-v1/batch-0792/input.md
b39102e8d2e59b285b40453a18f2aebf9f3d810298dd2d1ddbb70caf1ca9495c	450	screening-v1/batch-0792/run.json
e3b0c44298fc1c149afbf4c8996fb92427ae41e4649b934ca495991b7852b855	0	screening-v1/batch-0792/stderr.txt
d2c78a545e32f0911bd2c76dbdd83468b9a3b1be5d9b9cce350f43402b49ed18	86	screening-v1/batch-0792/submit_screening
3c56adf19f0055aa297df6e67e9752e6ec05b1d6f1fb992207ec9f5f65b341e1	8183	screening-v1/batch-0792/trace.jsonl
9c87b080551a167fc3596a2ffe5ea61e9c1228418eecb6f3360bc05a29a5bb45	5362	screening-v1/batch-0793/batch.json
15fdb32328336d0584ff3a42ff5d18ac3a97dbfff3569f0cc7878b2ee187eb4b	3561	screening-v1/batch-0793/decisions.jsonl
67e1405cca3676492de054f7a4efaab8b1b443f6ee82a04a74b4d9d782548c5d	89	screening-v1/batch-0793/final.txt
5d36551438afc81abf9fcbc483c5ff5ae71ceefe88d6ddc3ec7ca1c9b6ddfd2a	45290	screening-v1/batch-0793/input.md
08e75a2c53bd371e6e71254251e58711d4b9c96122003b4b10334acff4e3aa91	450	screening-v1/batch-0793/run.json
e3b0c44298fc1c149afbf4c8996fb92427ae41e4649b934ca495991b7852b855	0	screening-v1/batch-0793/stderr.txt
d2c78a545e32f0911bd2c76dbdd83468b9a3b1be5d9b9cce350f43402b49ed18	86	screening-v1/batch-0793/submit_screening
f45cef7af1ebfc73c01736a415ed264cb09d68e9c93f0e149eb036da97a2e60b	8146	screening-v1/batch-0793/trace.jsonl
8866226961594df8861a43f413267fca1c80a8abb217d0f33ef7c1ba299cf6d3	5189	screening-v1/batch-0794/batch.json
3ffa16c45e17d10b8dadc7cfe889203f5297e2039ab6b405b903eaed866528ed	3666	screening-v1/batch-0794/decisions.jsonl
ca5731caf5dbb937b2052a49bd6f81f90ac949d6374326ce9c8cf58f6eb820f4	83	screening-v1/batch-0794/final.txt
bc247332eccf5e90b4f4ff14ac05a26243f7bf15f36e8febdb50fe1ace2385e1	40298	screening-v1/batch-0794/input.md
edf82357dcc17829b5d431d0f38c750d9b4763440e3f00105d0fce023371d2aa	450	screening-v1/batch-0794/run.json
e3b0c44298fc1c149afbf4c8996fb92427ae41e4649b934ca495991b7852b855	0	screening-v1/batch-0794/stderr.txt
d2c78a545e32f0911bd2c76dbdd83468b9a3b1be5d9b9cce350f43402b49ed18	86	screening-v1/batch-0794/submit_screening
dfa78325fe5436759103dcbe91653b3dfe1c32c65ab1e1bb8919186cd655e569	8540	screening-v1/batch-0794/trace.jsonl
339a8c9e2ddefb27f2ceb7e2df3702457ecb1e5b96b2cc13078f1a78986cb1e9	5579	screening-v1/batch-0795/batch.json
070c74bd3e7c7a5e7d0a47d02ef1995e223a0524c2b9e09c41c9dfca445344d8	3572	screening-v1/batch-0795/decisions.jsonl
6824e4acfd0c951221fbb12f834a1008062d205af70fb4ce9aa62434b59ac897	64	screening-v1/batch-0795/final.txt
8b55f7ddb411993d1f46795034f515cdb83e7214432d696885ef52b6508dcee9	50848	screening-v1/batch-0795/input.md
2e4e0ebef84a7692c645ce7cbce7a198cf2736150485019c573f21010f6bdf5f	450	screening-v1/batch-0795/run.json
e3b0c44298fc1c149afbf4c8996fb92427ae41e4649b934ca495991b7852b855	0	screening-v1/batch-0795/stderr.txt
d2c78a545e32f0911bd2c76dbdd83468b9a3b1be5d9b9cce350f43402b49ed18	86	screening-v1/batch-0795/submit_screening
92e77bc89f6783fb88fcb68e8a6a45cb7275777eacb448dd0ac74d999c3543d8	9052	screening-v1/batch-0795/trace.jsonl
64b30422cb37c22c487194eda4f0fa78f976a3998402f200fad210f2344a5f00	5709	screening-v1/batch-0796/batch.json
f4577c4abc7081ad527f4df8cd7c96f54476835194040b33207f9fd2534c70aa	3385	screening-v1/batch-0796/decisions.jsonl
d0c3d24b711c168236e0876388b7994b4773abe66c084951b98b307851be7e19	52	screening-v1/batch-0796/final.txt
2426c23763ba22e711cf3ab2107afd93659f29e1820fbf0f76f9cc47bef033c1	41475	screening-v1/batch-0796/input.md
e417603659542b717d79a1edbb70b3624e0f67d7916aa04284a52f84651a5973	450	screening-v1/batch-0796/run.json
e3b0c44298fc1c149afbf4c8996fb92427ae41e4649b934ca495991b7852b855	0	screening-v1/batch-0796/stderr.txt
d2c78a545e32f0911bd2c76dbdd83468b9a3b1be5d9b9cce350f43402b49ed18	86	screening-v1/batch-0796/submit_screening
47350715d4bfa6b46032cd568358edb267605267fc2ae5edb785cf0c6b593b09	8103	screening-v1/batch-0796/trace.jsonl
8fa5a51d66406227af5bc537e44c249e64a3591d6913f859ebbd7a8633cf90ea	5066	screening-v1/batch-0797/batch.json
9f01af98344476e5cdae2cb4201f95fe753a7d4ca43e1a53404e0d949473362a	3552	screening-v1/batch-0797/decisions.jsonl
6854e9547c63fde70916fb67e5a407c4b6ba47ca022b8f8dabf9e61258391e9d	85	screening-v1/batch-0797/final.txt
186608168ec7cc1c7207da47db66e6f9287a9eba0e1186e7dddd25b80e0062de	38257	screening-v1/batch-0797/input.md
732409665cfe179a8b88323f8c6cfd9578a08d6700aa8fa119d3e02b83b0134a	450	screening-v1/batch-0797/run.json
e3b0c44298fc1c149afbf4c8996fb92427ae41e4649b934ca495991b7852b855	0	screening-v1/batch-0797/stderr.txt
d2c78a545e32f0911bd2c76dbdd83468b9a3b1be5d9b9cce350f43402b49ed18	86	screening-v1/batch-0797/submit_screening
ff41736cd728abb6821ac336bff470bc68543667d98500cd82713a1f11b6a018	8147	screening-v1/batch-0797/trace.jsonl
e7792d177c31b99ed99a8d29bb83fecd97a3e760aff305fd19a00685fd43d31d	5029	screening-v1/batch-0798/batch.json
f6cf2be78cf3639f8e03931072dc20598f8e7cbcd57622e702c37ba7215e2c81	3236	screening-v1/batch-0798/decisions.jsonl
8a7293b3e7626cd6aa853d9ed083ee9ac12aee8e8dbf625ca4913d6a3f7f61fa	83	screening-v1/batch-0798/final.txt
07c6fed587f0b41d04229ee34ee83b7d6bca3230aef74edc519400ddab8b73ba	43270	screening-v1/batch-0798/input.md
76f2730cf51bacc44f98ea8dde700fea4bc1ea4d56a0a9e5f0801c3647d0f267	450	screening-v1/batch-0798/run.json
e3b0c44298fc1c149afbf4c8996fb92427ae41e4649b934ca495991b7852b855	0	screening-v1/batch-0798/stderr.txt
d2c78a545e32f0911bd2c76dbdd83468b9a3b1be5d9b9cce350f43402b49ed18	86	screening-v1/batch-0798/submit_screening
475ba672931b7831711dd35cfeba4ccbbf4ea324ab2d212eceda74c1326e932a	7363	screening-v1/batch-0798/trace.jsonl
0c46d68884dd7f42f46c72026b173d6b35293c158b69aaf4c7ec3263142f4001	5138	screening-v1/batch-0799/batch.json
fb39585652efc41efe72c701394f2c17d8faf2af2df7e392c88a2d5cfcd45b75	3733	screening-v1/batch-0799/decisions.jsonl
f5a27266bb0910fca907b1904c09287ce68e0dea75d743f62b73c5523e7b30c0	83	screening-v1/batch-0799/final.txt
e236a5e2972c385e2604e50dda9812887ab3422767cc222f606573281e65b5ea	39514	screening-v1/batch-0799/input.md
f30bb80a61948a2dfd44a2f504afdd71523a3e800ffb849e41343cfd1e43285f	450	screening-v1/batch-0799/run.json
e3b0c44298fc1c149afbf4c8996fb92427ae41e4649b934ca495991b7852b855	0	screening-v1/batch-0799/stderr.txt
d2c78a545e32f0911bd2c76dbdd83468b9a3b1be5d9b9cce350f43402b49ed18	86	screening-v1/batch-0799/submit_screening
eb0ffc68ee0ec8605f884be9b886a23d11dd530518fee80fc9fff933799ce421	15014	screening-v1/batch-0799/trace.jsonl
f8a58d26ed432201799a2186ac2a95eb1399fdc58451f419527d9a93346e9ed3	4968	screening-v1/batch-0800/batch.json
f25f721e5494c1b7fe378a13602634987f13cf1705391c3d28b5f1d8c6911346	3777	screening-v1/batch-0800/decisions.jsonl
0887b8646de2525941e76970d4be92dc9e4159f758e803b539b98c7395dfb0b6	78	screening-v1/batch-0800/final.txt
9b8d8671d306c24f8621ad24f6e1d903ae0f8fb11e82da37b06d9379bafbb7c9	46419	screening-v1/batch-0800/input.md
8b732129840651366cd97153bbc31362b2818c597f5e669e303b10aa57faeeea	450	screening-v1/batch-0800/run.json
e3b0c44298fc1c149afbf4c8996fb92427ae41e4649b934ca495991b7852b855	0	screening-v1/batch-0800/stderr.txt
d2c78a545e32f0911bd2c76dbdd83468b9a3b1be5d9b9cce350f43402b49ed18	86	screening-v1/batch-0800/submit_screening
60b7332b3b61f34466949716a56e5dbeee22ecc9738baa109edf4661580b09dd	8839	screening-v1/batch-0800/trace.jsonl
c693be81a498761538798dc6f37ec9871a1af6db7722b8ed1da87a60fe7d008c	5202	screening-v1/batch-0801/batch.json
604414788f58f81da413214487361a522378cd67b24a45a1ed0419776f8fea69	3657	screening-v1/batch-0801/decisions.jsonl
1f5f780fe91e9c9665191ee828df2a8858aafc50eaf96ed298ad09afd58d1491	60	screening-v1/batch-0801/final.txt
8dbcca3ea6dc33b8bb2d3ecb556c9d44fe8fd682fd3d29c6349dd38c1bcfa5a3	39860	screening-v1/batch-0801/input.md
c0189a8f30f103355871b92aec9499411ca74291f02622f0160071b8dae2e400	450	screening-v1/batch-0801/run.json
e3b0c44298fc1c149afbf4c8996fb92427ae41e4649b934ca495991b7852b855	0	screening-v1/batch-0801/stderr.txt
d2c78a545e32f0911bd2c76dbdd83468b9a3b1be5d9b9cce350f43402b49ed18	86	screening-v1/batch-0801/submit_screening
6cee867d117d2d79f0f0195c43e6c08fc4214736ae3abd67493fd5b50ae288ad	8166	screening-v1/batch-0801/trace.jsonl
4df0ece7713ddf6b810de3a8bca2f93de48f2f675fc7bb47b045b9ec2f5fd101	5520	screening-v1/batch-0802/batch.json
1101d6a9481b24a7cb7a55ee5e5518bf6bb03398004156224437fd6efb325199	3372	screening-v1/batch-0802/decisions.jsonl
9312f2dff9a98dc29a1f1e809ccbd39ff195fcc03b705bb514208a3cf76bf65f	46	screening-v1/batch-0802/final.txt
495d136f9781cca6b8d9b634953ece92a231764f4e871b35c897d1decefb3286	48271	screening-v1/batch-0802/input.md
2bac565af206f9f3e088eccdf1e096707d45287bfb8ef565b5e861a53be29c00	450	screening-v1/batch-0802/run.json
e3b0c44298fc1c149afbf4c8996fb92427ae41e4649b934ca495991b7852b855	0	screening-v1/batch-0802/stderr.txt
d2c78a545e32f0911bd2c76dbdd83468b9a3b1be5d9b9cce350f43402b49ed18	86	screening-v1/batch-0802/submit_screening
3f16722b11039f5ccf2323692b10c0ae7a9f4c7e1e91d1a2f6973b3e1a49af4d	8227	screening-v1/batch-0802/trace.jsonl
3df274faa0a579b4b1c433f5a308d2472c47e3b361f22397f520f504ae593ae0	5044	screening-v1/batch-0803/batch.json
99d5a7a1c7f33016af635ec0b8ca4b98c44410033180c56fc28d25c32cffa17b	3262	screening-v1/batch-0803/decisions.jsonl
44ff7c8e696ee185b38af9e3db66309a0fd46a87c1300f933e0bb081855d2eb2	79	screening-v1/batch-0803/final.txt
0ee49648988c7ff6e4826b2b24e33c2fa1884800e685f3c35ffea22921f026f4	47807	screening-v1/batch-0803/input.md
2c50f7830b1681d42134ab4843a9e29f4c9ba84c17db3dd9cfc173e06dc7363a	450	screening-v1/batch-0803/run.json
e3b0c44298fc1c149afbf4c8996fb92427ae41e4649b934ca495991b7852b855	0	screening-v1/batch-0803/stderr.txt
d2c78a545e32f0911bd2c76dbdd83468b9a3b1be5d9b9cce350f43402b49ed18	86	screening-v1/batch-0803/submit_screening
4dcee8023bb1b6576e9307112af344f57c07f34cf73652ffe050eee8f08c05a4	13878	screening-v1/batch-0803/trace.jsonl
1c88b8b9303ff31ef93a350c5932eff7f914ce79c2b4c6d0464263bbf5dfd4ca	4951	screening-v1/batch-0804/batch.json
0e7a1f0def2222ec65495213cdeb3289065de85d213dc861c4460c6af5a165b3	3635	screening-v1/batch-0804/decisions.jsonl
01da75f35c59f3599b00edb2a467cb0f97025f4318d73f3506ab8416bc9e981c	83	screening-v1/batch-0804/final.txt
d7fc37060750e8fea1bf24348cf043d78e1ffdaf2aa83c0b33f9151baf053242	47615	screening-v1/batch-0804/input.md
8e61a44f04189527397934164f6584b86a45f79fe03df7d8fbcb49864d2f27a1	450	screening-v1/batch-0804/run.json
e3b0c44298fc1c149afbf4c8996fb92427ae41e4649b934ca495991b7852b855	0	screening-v1/batch-0804/stderr.txt
d2c78a545e32f0911bd2c76dbdd83468b9a3b1be5d9b9cce350f43402b49ed18	86	screening-v1/batch-0804/submit_screening
f73c6732dc8d88a824254894b1b529f7ca683767ce0569c78ec1a1e1e61fd26c	8152	screening-v1/batch-0804/trace.jsonl
00a2119d3d36bca366e05abf38d91e91520c4f2b55ec0f1b887a436fa3c67d5e	5192	screening-v1/batch-0805/batch.json
454fb3f581773bdedda79dac92df02fbbdd7905576eb62cd95d8d79f595d645f	3309	screening-v1/batch-0805/decisions.jsonl
75efc1a8c810b931834598e98daa5195cc738684357261dc9c71a56c7a0b5f17	78	screening-v1/batch-0805/final.txt
c47cc942c836eeead315f425ecaa84836ff233ff2ab4b82b0e02b1a8e618fa33	42264	screening-v1/batch-0805/input.md
d5e8ed2a033a79ce08d42d578b6ee8809e9ef3ffa8b4724874d36052302f573f	450	screening-v1/batch-0805/run.json
e3b0c44298fc1c149afbf4c8996fb92427ae41e4649b934ca495991b7852b855	0	screening-v1/batch-0805/stderr.txt
d2c78a545e32f0911bd2c76dbdd83468b9a3b1be5d9b9cce350f43402b49ed18	86	screening-v1/batch-0805/submit_screening
a2d707420966a79bb6eb186b3fda840e199c1bcc37d3952fd7b4b1f0bba59187	7953	screening-v1/batch-0805/trace.jsonl
8dc11cb640cdd2ec05e1af8d67dd88ee179aeb069856006fdaf397c34a48fc5c	5220	screening-v1/batch-0806/batch.json
ec7b8a786b9e5942e4856af7527d4ad1e24a2aa318948535f912351f102b3540	3817	screening-v1/batch-0806/decisions.jsonl
e5c26e8a32e0d0e005e62dcaf8221b9b506e599d2360fb679244b7c3f3e1fcaf	58	screening-v1/batch-0806/final.txt
b5a883c9f51ee63956546d50197cda298ecd10431ed4289555217378612f627b	39235	screening-v1/batch-0806/input.md
5c1f517a825ea3450bc84e74f39fe484be21787d84f3bd22f44b9e520a383db9	450	screening-v1/batch-0806/run.json
e3b0c44298fc1c149afbf4c8996fb92427ae41e4649b934ca495991b7852b855	0	screening-v1/batch-0806/stderr.txt
d2c78a545e32f0911bd2c76dbdd83468b9a3b1be5d9b9cce350f43402b49ed18	86	screening-v1/batch-0806/submit_screening
bc4cc5ed2276acada98ed5e437b33f099f48bd958a6866a50ffe9fae6188d5db	8963	screening-v1/batch-0806/trace.jsonl
33b976427bf27190bca2c42719f50a42553cebe9d366a3b7a76082e20e526162	5342	screening-v1/batch-0807/batch.json
a0ace7d95184dff0d757b0246f0749623e58c13b4768609cf0a09d6c6a456fa4	3857	screening-v1/batch-0807/decisions.jsonl
06c8a354437ec1e2a18c694d64366c99c1abe3674e810e8e610a5c7cbe15ed5d	44	screening-v1/batch-0807/final.txt
f1b1b2688034fcdfec0298dc6e4c3f4c315d7e1f20c3b60d90e11a971af73eae	40737	screening-v1/batch-0807/input.md
03ed418ccec53901f6022b15f1407a94a48755b2b5243a2639938205ce978772	450	screening-v1/batch-0807/run.json
e3b0c44298fc1c149afbf4c8996fb92427ae41e4649b934ca495991b7852b855	0	screening-v1/batch-0807/stderr.txt
d2c78a545e32f0911bd2c76dbdd83468b9a3b1be5d9b9cce350f43402b49ed18	86	screening-v1/batch-0807/submit_screening
674089f7829d697f7db61f29b56a43f87715c7fc202f43e393df5846c4021deb	9052	screening-v1/batch-0807/trace.jsonl
aaa6e99905570cb73260c885b021fa817e65ba10ddf0b1eeb25494b69657429e	5363	screening-v1/batch-0808/batch.json
8e1e7edf0b8147aa00e58e6072a1560066cf96c1557740f20134b2553830a85e	3929	screening-v1/batch-0808/decisions.jsonl
6824e4acfd0c951221fbb12f834a1008062d205af70fb4ce9aa62434b59ac897	64	screening-v1/batch-0808/final.txt
02b7f842274f07f6f7af11f5189bc72beaa576b90c0b53122659a07968ccc5f0	44859	screening-v1/batch-0808/input.md
35882b0f91b1ffa83c6b0f68c1872097fef1476cd0f83d04e44a03361e68ce38	450	screening-v1/batch-0808/run.json
e3b0c44298fc1c149afbf4c8996fb92427ae41e4649b934ca495991b7852b855	0	screening-v1/batch-0808/stderr.txt
d2c78a545e32f0911bd2c76dbdd83468b9a3b1be5d9b9cce350f43402b49ed18	86	screening-v1/batch-0808/submit_screening
724c1cbf12736693fceb09c7905ed7a65978524a78f9c19a92fd81d707bb19a4	9215	screening-v1/batch-0808/trace.jsonl
94f2511a7a53bf472bcbdd90046dc09ce0e80eea0e474cbc539429de82bafef1	5413	screening-v1/batch-0809/batch.json
291734b129221cffb6886d5ce7a043ba26694cd57530fa0281ba1bfbf0991bd7	3727	screening-v1/batch-0809/decisions.jsonl
ec64984a79233d9b7c4ece8fd9ddc6c1e281c7074b9d41953ae62df60b61adb9	71	screening-v1/batch-0809/final.txt
8f46ce53c918a2e1da22e89683ee926c84350c9abf297d00386e78e95a362025	43976	screening-v1/batch-0809/input.md
7e548eced1ac73319bee8097401b2f5dd7b9a3a7bd2609f5fdee1c3a94bcc928	450	screening-v1/batch-0809/run.json
e3b0c44298fc1c149afbf4c8996fb92427ae41e4649b934ca495991b7852b855	0	screening-v1/batch-0809/stderr.txt
d2c78a545e32f0911bd2c76dbdd83468b9a3b1be5d9b9cce350f43402b49ed18	86	screening-v1/batch-0809/submit_screening
08a7ea0202aab0dcd23cb859e1ae4acb2607b2002bc43e670d7ce767d0ceafc3	8479	screening-v1/batch-0809/trace.jsonl
cb1e98d8f84bbcfe9c99d0ba8d3e823904ff29e30b9840ead6631ff12eebf5f3	5120	screening-v1/batch-0810/batch.json
c5c9e185719cfddbd1c4966a99055f8a1df5c5d23ccd49e30cc56dbe1f2a8c74	3395	screening-v1/batch-0810/decisions.jsonl
d2d159238b775a00db4b5fd135f20b4b892ed648fd8c60ba7d65800597ada474	66	screening-v1/batch-0810/final.txt
255bd1c68c28d586405cfda6750faf2783f94f2dad5560dc5b509f29993e2cb3	38614	screening-v1/batch-0810/input.md
fc0e20214b9a3416e7badbce1e24b93404ff62132f73c85ae50a0fc630d31aed	450	screening-v1/batch-0810/run.json
e3b0c44298fc1c149afbf4c8996fb92427ae41e4649b934ca495991b7852b855	0	screening-v1/batch-0810/stderr.txt
d2c78a545e32f0911bd2c76dbdd83468b9a3b1be5d9b9cce350f43402b49ed18	86	screening-v1/batch-0810/submit_screening
ebf7970f8bab0158a724d97fff77c90945e9054fccb71b582c22dd0f59c6ad91	7827	screening-v1/batch-0810/trace.jsonl
0f8dcc984d2afd355463ad8aa004271ef736aa63f13d7f1931d04441b7f7559a	5063	screening-v1/batch-0811/batch.json
89d975772a7c32e5c4196df9fc243967eb7eb94fb994faf08ca14088d78388c9	3676	screening-v1/batch-0811/decisions.jsonl
d2d159238b775a00db4b5fd135f20b4b892ed648fd8c60ba7d65800597ada474	66	screening-v1/batch-0811/final.txt
a38f3617759c0c39df463c4880d2b475811d78fc484817189846303035a633d2	42105	screening-v1/batch-0811/input.md
614ea3ce063fc0272ab1bde6ff819018b557afdbda371137ea44e63cabd20551	450	screening-v1/batch-0811/run.json
e3b0c44298fc1c149afbf4c8996fb92427ae41e4649b934ca495991b7852b855	0	screening-v1/batch-0811/stderr.txt
d2c78a545e32f0911bd2c76dbdd83468b9a3b1be5d9b9cce350f43402b49ed18	86	screening-v1/batch-0811/submit_screening
12189448e8540e47b84b0beadacd428f4adc43ac467fe66610b40e61cbb29315	8221	screening-v1/batch-0811/trace.jsonl
ad03994c6f9499f897053f78d8f45a030c64e40bee7e24041217fe47a12a8c82	5103	screening-v1/batch-0812/batch.json
06313381a1df360b9a38acf767c958925a27676a0454a42062bf2e8730bc9364	3600	screening-v1/batch-0812/decisions.jsonl
ca5731caf5dbb937b2052a49bd6f81f90ac949d6374326ce9c8cf58f6eb820f4	83	screening-v1/batch-0812/final.txt
da392f30564b394a89b5074c35151dda137d0654fca537d16df3978dcc0f97b3	41283	screening-v1/batch-0812/input.md
74439d89534de76c8d32a027d34ea7cec21d902398252a5cbc52eda74f84845f	450	screening-v1/batch-0812/run.json
e3b0c44298fc1c149afbf4c8996fb92427ae41e4649b934ca495991b7852b855	0	screening-v1/batch-0812/stderr.txt
d2c78a545e32f0911bd2c76dbdd83468b9a3b1be5d9b9cce350f43402b49ed18	86	screening-v1/batch-0812/submit_screening
f8bd8ea61bda1efc8aa734148a5f8decee1e53b39d63a95c9a5f28a007ccccb7	8391	screening-v1/batch-0812/trace.jsonl
08120a4cf3ed76aba88421409ba015bb4e69edaf682caa127c512716ef63147f	5130	screening-v1/batch-0813/batch.json
57ea796a9152063012223ba880722fe9dbde85ed2bbc586b3667beaf140d994b	4121	screening-v1/batch-0813/decisions.jsonl
d2d159238b775a00db4b5fd135f20b4b892ed648fd8c60ba7d65800597ada474	66	screening-v1/batch-0813/final.txt
086b01dafd2375cb819f487786ef7afaf20def17ba0b704ef12af0f990bea0d7	40504	screening-v1/batch-0813/input.md
d58c35ac8f917b0436eb69a8c4895593ed0a26cf633548fd4553fd78a50e52fc	450	screening-v1/batch-0813/run.json
e3b0c44298fc1c149afbf4c8996fb92427ae41e4649b934ca495991b7852b855	0	screening-v1/batch-0813/stderr.txt
d2c78a545e32f0911bd2c76dbdd83468b9a3b1be5d9b9cce350f43402b49ed18	86	screening-v1/batch-0813/submit_screening
0b0fc43be9e39482c52a58ad23600459115b7a43525751f25d24931bb0bb3683	16568	screening-v1/batch-0813/trace.jsonl
d56ccfdb17521fe95bbc41d926ca404c39a0398257b7cc414c43e53fef09bf6a	5111	screening-v1/batch-0814/batch.json
4a294b18235043a384d53f4cc6146f2bc9d072ca3f0345352790fc2c4d40e58b	3661	screening-v1/batch-0814/decisions.jsonl
06b79cb1cea53022f8cff55da8689a7945ae8e9ee0b69c229373200872bc3790	61	screening-v1/batch-0814/final.txt
f600d317ad07dd1e1fae3f2c55dc1817a71f335e273ee5e55197a800557837c5	42631	screening-v1/batch-0814/input.md
bc0a06c1bc043efeff29ebc0b92b8544cab15168986a21a1adafa700a1617915	450	screening-v1/batch-0814/run.json
e3b0c44298fc1c149afbf4c8996fb92427ae41e4649b934ca495991b7852b855	0	screening-v1/batch-0814/stderr.txt
d2c78a545e32f0911bd2c76dbdd83468b9a3b1be5d9b9cce350f43402b49ed18	86	screening-v1/batch-0814/submit_screening
c1fadb0c974ef25a9ec77a1c5da742e0a6f94270e7ad08e346135f09cee4f736	8239	screening-v1/batch-0814/trace.jsonl
73807b2fedd61fa8ab5b5c1d1e432ce836edb410b847a227fa2fce984f9e5a3a	5002	screening-v1/batch-0815/batch.json
a0049ce154f16b7288e7186b4e21fac19f27ea808138a5ddc0ee068e0d4d980c	3607	screening-v1/batch-0815/decisions.jsonl
ec64984a79233d9b7c4ece8fd9ddc6c1e281c7074b9d41953ae62df60b61adb9	71	screening-v1/batch-0815/final.txt
b17e169cb496d469c4a29094d25e10016d50793eee9d64d23af79a6f7abe7b04	42242	screening-v1/batch-0815/input.md
9899da1ac6f531c1895bf1b31c9329bf51b8eab19510d478acf601a159b55af5	450	screening-v1/batch-0815/run.json
e3b0c44298fc1c149afbf4c8996fb92427ae41e4649b934ca495991b7852b855	0	screening-v1/batch-0815/stderr.txt
d2c78a545e32f0911bd2c76dbdd83468b9a3b1be5d9b9cce350f43402b49ed18	86	screening-v1/batch-0815/submit_screening
ae256b79682ed1592be6e36ad1e54a1da79b8cf9636c42ea37205ade733be629	8933	screening-v1/batch-0815/trace.jsonl
ae593b3b2cd22a054af75a4ebb46a958d641dbde0a38926a289391ab2426e80d	5138	screening-v1/batch-0816/batch.json
4f4e9d2811fcbac11c22b0c8427019cc8d69f20c0a020ac0d7807a19b28f5433	3499	screening-v1/batch-0816/decisions.jsonl
8a7293b3e7626cd6aa853d9ed083ee9ac12aee8e8dbf625ca4913d6a3f7f61fa	83	screening-v1/batch-0816/final.txt
df4eda9dce648e1e08c1d33add61b6337cd2137989da9e0a8060c3fbf39649fb	41084	screening-v1/batch-0816/input.md
b74bb258fce9725509c5042a1a86b833cea8d5469f4185da363704c37cc55d43	450	screening-v1/batch-0816/run.json
e3b0c44298fc1c149afbf4c8996fb92427ae41e4649b934ca495991b7852b855	0	screening-v1/batch-0816/stderr.txt
d2c78a545e32f0911bd2c76dbdd83468b9a3b1be5d9b9cce350f43402b49ed18	86	screening-v1/batch-0816/submit_screening
d7f09f411c670b4d3add4fd914198a2282a53d8ec97a897ce259421bef2c1bd2	8354	screening-v1/batch-0816/trace.jsonl
b5577a25d7e551438650001139ed439ee846ae2242023df266890c831e358b31	5180	screening-v1/batch-0817/batch.json
aa662f69beea60dd92a5a5890d80f808d59a8496052d0f9a30b1dc53c65fa183	3644	screening-v1/batch-0817/decisions.jsonl
cf0c22cb98a8d7b0198b01c6418fa27c48963c506029294b047c29cbac487a69	77	screening-v1/batch-0817/final.txt
56f47c2c0a2b4b656cf017f58e52fc5e496e1be2ef519b50e12f7125d6eacd7f	40657	screening-v1/batch-0817/input.md
9fd3a0f235d9b6adf55a09a4c156352748139a08b1ae545c46f77a2f635cb00d	450	screening-v1/batch-0817/run.json
e3b0c44298fc1c149afbf4c8996fb92427ae41e4649b934ca495991b7852b855	0	screening-v1/batch-0817/stderr.txt
d2c78a545e32f0911bd2c76dbdd83468b9a3b1be5d9b9cce350f43402b49ed18	86	screening-v1/batch-0817/submit_screening
080263fa45334b114223a7bc45b697c3b4e138f23baadf364b9653d4ddfc764d	8158	screening-v1/batch-0817/trace.jsonl
adef21115a1a31579ee2a82402cf48866416055d39e53eb0163c7a229862212f	4892	screening-v1/batch-0818/batch.json
2cfad959dacaabf4c9f938725d49c9e2dd34f0d1ce8c2ada8d638bb2ff2e5168	3128	screening-v1/batch-0818/decisions.jsonl
12bfc04b481060e14e256636c30ee7d70d6d1060b4debc9519c541a6666ade00	55	screening-v1/batch-0818/final.txt
9ff85b3312a2498c30298eeb3251a47bdfebbeb5093dde1bafabee41e877b830	41074	screening-v1/batch-0818/input.md
5d32f26a0a036f45293fbb027ae3ce29b060e6cb73d8ecae7743777f72f04bf9	450	screening-v1/batch-0818/run.json
e3b0c44298fc1c149afbf4c8996fb92427ae41e4649b934ca495991b7852b855	0	screening-v1/batch-0818/stderr.txt
d2c78a545e32f0911bd2c76dbdd83468b9a3b1be5d9b9cce350f43402b49ed18	86	screening-v1/batch-0818/submit_screening
4a3a444f724a2d37b2b2ee6aaf87f6de824392aaf20e2cc65ead2696c954101f	7126	screening-v1/batch-0818/trace.jsonl
a2315a331d705fbe2e6ee309e08f42e058fc3fe8a0f48b072aec1bef1eaea7ef	5316	screening-v1/batch-0819/batch.json
94fb643b2d269396342318ad9b8c7b99593d2f8038eb75d2d5c545028b4726f4	3686	screening-v1/batch-0819/decisions.jsonl
01da75f35c59f3599b00edb2a467cb0f97025f4318d73f3506ab8416bc9e981c	83	screening-v1/batch-0819/final.txt
c07f3560d0cbcfd534e2d9023d8ef9347750b4ec9bf4863cb1475ab733e7ae12	40394	screening-v1/batch-0819/input.md
b1f86a8d4fe88df401effd546b73baa254a15f5e3f3487981a1cd3437b871c96	450	screening-v1/batch-0819/run.json
e3b0c44298fc1c149afbf4c8996fb92427ae41e4649b934ca495991b7852b855	0	screening-v1/batch-0819/stderr.txt
d2c78a545e32f0911bd2c76dbdd83468b9a3b1be5d9b9cce350f43402b49ed18	86	screening-v1/batch-0819/submit_screening
314de5c74da16e8daf2cc19345e415b5d6634cf2b16030e8a2ce619166643799	8411	screening-v1/batch-0819/trace.jsonl
2ed82122d6104f06af51aec95ec35c5c95ef3b387cf0730abe4ebe5627bb8eba	5324	screening-v1/batch-0820/batch.json
11f7d5969e84f82f6df9e1fa9a9cc0b8eee70dd9147d128c18703085515997e6	3860	screening-v1/batch-0820/decisions.jsonl
de017c08727cc68af9b5b3add01d040ac480fb641fb159f70848f646a502aa7b	71	screening-v1/batch-0820/final.txt
1f22fcd2953753a5558d3a7e17cfa56f8e216bb485140b01e88693deb0962617	38680	screening-v1/batch-0820/input.md
2c89db8b888f919434c0a3375d5331a38d6127ba05ef397d15ea801a460d901c	450	screening-v1/batch-0820/run.json
e3b0c44298fc1c149afbf4c8996fb92427ae41e4649b934ca495991b7852b855	0	screening-v1/batch-0820/stderr.txt
d2c78a545e32f0911bd2c76dbdd83468b9a3b1be5d9b9cce350f43402b49ed18	86	screening-v1/batch-0820/submit_screening
23789b55a28b48551428c0f63796ecf9fdacdb78f8467be1d8c137f1dd270614	8770	screening-v1/batch-0820/trace.jsonl
9b885dc85abaa4286b38ea7e0d18f3b7b4a0e60bb8e6fe2021034a32d23ace58	5151	screening-v1/batch-0821/batch.json
2c5f1eb372d0cfda40af5e301ab71acfa3a20f0c7ebf4850a5f8509be102c956	3578	screening-v1/batch-0821/decisions.jsonl
b52d2d9830fee9e6ab81789a2e295064c29de07e203f83292c3fc34b6843f58d	78	screening-v1/batch-0821/final.txt
50d5547ffdbd81d73beb3724ecdae109eb6ed2de1b895c13b6412df5589ffd0a	51356	screening-v1/batch-0821/input.md
755f12db7c72b59949797a7b0e6940e846869844c3ffc7a15779a7d066f94ed5	450	screening-v1/batch-0821/run.json
e3b0c44298fc1c149afbf4c8996fb92427ae41e4649b934ca495991b7852b855	0	screening-v1/batch-0821/stderr.txt
d2c78a545e32f0911bd2c76dbdd83468b9a3b1be5d9b9cce350f43402b49ed18	86	screening-v1/batch-0821/submit_screening
a2e2702fc6a7922013d698f6e212bd13f840c919f9d4fbbd6664e5d110fe0261	8281	screening-v1/batch-0821/trace.jsonl
251ff8ddba3e8bb6f032c3345be2a382b48e97f38d28a5a72eacff1c8ea83fba	5099	screening-v1/batch-0822/batch.json
cb1e12368d423ded9c40fb8d56dd9c1035df5de43679085044f3b7d8a486fd78	3671	screening-v1/batch-0822/decisions.jsonl
b8c44f6fdf21bc697005fcc1356e064ff29fb23749313057287d5419e21f5a00	82	screening-v1/batch-0822/final.txt
0fef22481b92cf083112b56c55355c9a58a1ee7e2cd139d00bd9f8b690e14dda	43653	screening-v1/batch-0822/input.md
e96abd8bb9467a41c0ccefa85d723a0b11b363a28bd394c9fbb3f10d7488c2a9	450	screening-v1/batch-0822/run.json
e3b0c44298fc1c149afbf4c8996fb92427ae41e4649b934ca495991b7852b855	0	screening-v1/batch-0822/stderr.txt
d2c78a545e32f0911bd2c76dbdd83468b9a3b1be5d9b9cce350f43402b49ed18	86	screening-v1/batch-0822/submit_screening
538843f182d588226b587844c0bb6aaea883bd98d49d188c9330395d5d9eebb3	8778	screening-v1/batch-0822/trace.jsonl
b68757b2869cd3135ecba8fc89c1b8c3694650dc8a849a4484d1c098fb381959	5187	screening-v1/batch-0823/batch.json
2b850e61c6c8e257350103bdf3cdbc3e6417223873806eddf3a50ef28b450539	3419	screening-v1/batch-0823/decisions.jsonl
5c49767957cd5925b9af1faac2aa10956b5ee18444d00aad62953172b10cd78f	44	screening-v1/batch-0823/final.txt
650091e32fd52b61257e582849f8af6c078e1e2babdaf4fa06dfcc67a0344d92	53925	screening-v1/batch-0823/input.md
b8a6b64d95c690c891b4d09e7bfdce777409f39369848425753b9ddde1392baa	450	screening-v1/batch-0823/run.json
e3b0c44298fc1c149afbf4c8996fb92427ae41e4649b934ca495991b7852b855	0	screening-v1/batch-0823/stderr.txt
d2c78a545e32f0911bd2c76dbdd83468b9a3b1be5d9b9cce350f43402b49ed18	86	screening-v1/batch-0823/submit_screening
013f95eb1b90210c8be0c64c10af33ae62fd0eae58c63e10b06e61a4fb2facbd	8159	screening-v1/batch-0823/trace.jsonl
193c18ad7858d606ae63f9d31c45b383433436b6bd0346e0f247bb4282f40bd6	5271	screening-v1/batch-0824/batch.json
81ae96d19078d6d6c52b000ee7c78fe2ed20fa30c4a1c681f2519aa24e4fbc21	3512	screening-v1/batch-0824/decisions.jsonl
9312f2dff9a98dc29a1f1e809ccbd39ff195fcc03b705bb514208a3cf76bf65f	46	screening-v1/batch-0824/final.txt
61989a3a69d469d7e43572702f27e260da6325db7c6c305ef9a95f54d0b09d32	38475	screening-v1/batch-0824/input.md
267e405b8705c1a594ddc4fbc5701733b305e59a53e50f37ed8adad7aa61e6c2	450	screening-v1/batch-0824/run.json
e3b0c44298fc1c149afbf4c8996fb92427ae41e4649b934ca495991b7852b855	0	screening-v1/batch-0824/stderr.txt
d2c78a545e32f0911bd2c76dbdd83468b9a3b1be5d9b9cce350f43402b49ed18	86	screening-v1/batch-0824/submit_screening
633a9b0242c85e415017baecbf033ae39be9297d1f3b82558a334a5e2a74ab19	8932	screening-v1/batch-0824/trace.jsonl
e53f91b1f657e381ea52d69c1beeaf0389638e17f7f2a0b4826139e4bed33f24	5198	screening-v1/batch-0825/batch.json
d043b8002dbc2e2a0f3321fb08d88c44577c2477a4bed8fa761907b1a404c080	3609	screening-v1/batch-0825/decisions.jsonl
23a75b1ba4f65b54f62e596d1d6cdcf5f10199bb7d17da6ac2a15905a894247e	78	screening-v1/batch-0825/final.txt
3c7361fca4fe8095fe0a368259bea564ab9055bced355edfc057891f3231d4fc	43323	screening-v1/batch-0825/input.md
42f6e111a69cfd7778ee301ba6ec7078892cee6a8ecd9001b488c013acdb32bd	450	screening-v1/batch-0825/run.json
e3b0c44298fc1c149afbf4c8996fb92427ae41e4649b934ca495991b7852b855	0	screening-v1/batch-0825/stderr.txt
d2c78a545e32f0911bd2c76dbdd83468b9a3b1be5d9b9cce350f43402b49ed18	86	screening-v1/batch-0825/submit_screening
048098bfe753a7e9c4ea269f2fc66567d10b8e0c72283b35a5f582236a3e3f2b	8412	screening-v1/batch-0825/trace.jsonl
6766ee92fd7030ed9515e9a4b36ef231f81bc61db7ac6ea58399e7f4f88662f3	5208	screening-v1/batch-0826/batch.json
82629ec563e274d0f0f5ac392142dbe0600c7cbc2158c42cf99b7759e1561457	3411	screening-v1/batch-0826/decisions.jsonl
d2d159238b775a00db4b5fd135f20b4b892ed648fd8c60ba7d65800597ada474	66	screening-v1/batch-0826/final.txt
a55379b33ecf58a07ef87ec1d30ddc47d1cfaee36024fd70986038850ce46c85	46369	screening-v1/batch-0826/input.md
386c3df361c9533ee37da4cf9de93ced1caf58d6dacf80070a77626e8a0df3f2	450	screening-v1/batch-0826/run.json
e3b0c44298fc1c149afbf4c8996fb92427ae41e4649b934ca495991b7852b855	0	screening-v1/batch-0826/stderr.txt
d2c78a545e32f0911bd2c76dbdd83468b9a3b1be5d9b9cce350f43402b49ed18	86	screening-v1/batch-0826/submit_screening
f8461537b66616ad089fe3d205abcdda657e53438c8a0f8f951fc82651ff4c3b	7851	screening-v1/batch-0826/trace.jsonl
e87b370fe6b654da6d87d52f4c8f26684da2869c82c09ea8808170b5d7125e7a	5125	screening-v1/batch-0827/batch.json
e89f9b2c30f05f8c8f4dc5878519182417ed3338b36c5031620227a7abfa4213	3372	screening-v1/batch-0827/decisions.jsonl
d2d159238b775a00db4b5fd135f20b4b892ed648fd8c60ba7d65800597ada474	66	screening-v1/batch-0827/final.txt
55507a32046111f7eb9d030fec92a9c1a2d2efd784a9189de309dfdb39a74431	44441	screening-v1/batch-0827/input.md
b071460460f857c6f964ff658ede7604232ac859c4fb586d3c47b76d5c41fba2	450	screening-v1/batch-0827/run.json
e3b0c44298fc1c149afbf4c8996fb92427ae41e4649b934ca495991b7852b855	0	screening-v1/batch-0827/stderr.txt
d2c78a545e32f0911bd2c76dbdd83468b9a3b1be5d9b9cce350f43402b49ed18	86	screening-v1/batch-0827/submit_screening
5d355b54d3c6ee14c728563fcd9eaa69c4a291b989fa99daae1f31b9f42644ca	7604	screening-v1/batch-0827/trace.jsonl
9d6464095252879571d2e271a547f666a46c4121f35905451de8d5e15c2a8d9b	5010	screening-v1/batch-0828/batch.json
e4a26d5c9d4e56e3a5a10745ae93da8c3ef063874c735cdf7c42f638bdab61b4	3722	screening-v1/batch-0828/decisions.jsonl
6824e4acfd0c951221fbb12f834a1008062d205af70fb4ce9aa62434b59ac897	64	screening-v1/batch-0828/final.txt
3b53ec17406b64d13a82b753cee43b7e7609dc1222810de12724e5cde18033b5	40659	screening-v1/batch-0828/input.md
a8ca8178dfae7cbf8ff727483019a2790c845cad35acd726316e57aab882ba1f	450	screening-v1/batch-0828/run.json
e3b0c44298fc1c149afbf4c8996fb92427ae41e4649b934ca495991b7852b855	0	screening-v1/batch-0828/stderr.txt
d2c78a545e32f0911bd2c76dbdd83468b9a3b1be5d9b9cce350f43402b49ed18	86	screening-v1/batch-0828/submit_screening
1a435eaf94e806fdf81f7445e2ca159a017f2f6b790230fb0cfb560f7483685b	14777	screening-v1/batch-0828/trace.jsonl
c5fdba3e81e4617c541e507c025568dee424a95c7e9d5d48843485bd18eb9a77	5086	screening-v1/batch-0829/batch.json
666478a205929c4f89cff4f1d03eeb2fc1ca1b4743778c1f95594e23646b0e98	3704	screening-v1/batch-0829/decisions.jsonl
d2d159238b775a00db4b5fd135f20b4b892ed648fd8c60ba7d65800597ada474	66	screening-v1/batch-0829/final.txt
9a9ffd3d631d1b7de3056e535e4f429426c8e2f6feeec0b4fa141a2412395ab1	43741	screening-v1/batch-0829/input.md
6c3aaf4cbf44e3e74e118a09c3d5b3b5c641171ff92026762b7075c190a74fa7	450	screening-v1/batch-0829/run.json
e3b0c44298fc1c149afbf4c8996fb92427ae41e4649b934ca495991b7852b855	0	screening-v1/batch-0829/stderr.txt
d2c78a545e32f0911bd2c76dbdd83468b9a3b1be5d9b9cce350f43402b49ed18	86	screening-v1/batch-0829/submit_screening
2811f34e19a5bde2dfbd695432b5c6d14a06a9501e1d5a71240bc4f388bc859e	8522	screening-v1/batch-0829/trace.jsonl
c992b85590f505400be4c5f520f576b80f6f70b286152b3438a52b8bb8cbbf8b	4997	screening-v1/batch-0830/batch.json
671de99d22bdd9ccf737d2cf7a8968dafb901be3f06e6d662974b0c5f06faebd	3849	screening-v1/batch-0830/decisions.jsonl
a657c3f2b598d45c2d1e636e62843c57e13efd4296134d3a9ceb5d30b73813d3	89	screening-v1/batch-0830/final.txt
d0840cb89b738273d56a5cd722b1ecdb097e0cc5d66f34a01f7712b9758549bb	44352	screening-v1/batch-0830/input.md
1ff254048a31f8a473ce1544ec3580b17a2918f85667587ff6117007d3a35589	450	screening-v1/batch-0830/run.json
e3b0c44298fc1c149afbf4c8996fb92427ae41e4649b934ca495991b7852b855	0	screening-v1/batch-0830/stderr.txt
d2c78a545e32f0911bd2c76dbdd83468b9a3b1be5d9b9cce350f43402b49ed18	86	screening-v1/batch-0830/submit_screening
41beea3976854c0ec4ad7967b075a74f0f9f4a4c3b665d1ca267ea93ad539968	9039	screening-v1/batch-0830/trace.jsonl
bf0902259bc3ef304fa15d4edb6c7ee8c69739f8cb463587d1da12fa81f16e34	5048	screening-v1/batch-0831/batch.json
a736c920ec536c240b3b441a2f92cd6221aae76eb6ee9cb287b9a339ea20dba7	3341	screening-v1/batch-0831/decisions.jsonl
d2d159238b775a00db4b5fd135f20b4b892ed648fd8c60ba7d65800597ada474	66	screening-v1/batch-0831/final.txt
f1a4e742b90df2fab7573900841eeb8a712e99f1e75abae82b1e9ab0fb0fc714	39401	screening-v1/batch-0831/input.md
5fd43e4be713c5993bd181ec3028e3b7e4082cd8f355aca725ee2aec1fef78c8	450	screening-v1/batch-0831/run.json
e3b0c44298fc1c149afbf4c8996fb92427ae41e4649b934ca495991b7852b855	0	screening-v1/batch-0831/stderr.txt
d2c78a545e32f0911bd2c76dbdd83468b9a3b1be5d9b9cce350f43402b49ed18	86	screening-v1/batch-0831/submit_screening
425dff17045f762f9daff242df280bbef4c477b9120b3eb20773cc2a5e84b4d6	7941	screening-v1/batch-0831/trace.jsonl
f80e6bc4313c320f45d00bc48c1c09d7206a39a59bf34467586925ee86e35312	5016	screening-v1/batch-0832/batch.json
be9a509814cbc8dbd40027b0c494b7f11019fc8e94661d7299bf040fd488b3a7	3900	screening-v1/batch-0832/decisions.jsonl
67e1405cca3676492de054f7a4efaab8b1b443f6ee82a04a74b4d9d782548c5d	89	screening-v1/batch-0832/final.txt
ef3c7847d0e66f534d7216709282c6236e5a1333a25a796ecda0b3f1d83bc255	46842	screening-v1/batch-0832/input.md
581b399bc287e36cdead59498321eb0c882a991a30ea9ba9d39d75a5dbfde5e5	450	screening-v1/batch-0832/run.json
e3b0c44298fc1c149afbf4c8996fb92427ae41e4649b934ca495991b7852b855	0	screening-v1/batch-0832/stderr.txt
d2c78a545e32f0911bd2c76dbdd83468b9a3b1be5d9b9cce350f43402b49ed18	86	screening-v1/batch-0832/submit_screening
1e6f5993058d3f33366639ebe0b49a0bb1247e5080eafdb7673887e35a36361e	8995	screening-v1/batch-0832/trace.jsonl
50db0d21f724e2c4295978e624f480c5637cd7988f7a1b0a9a6125ad04b93695	5282	screening-v1/batch-0833/batch.json
27d87a9eda71da959fc52804f403752a5d9a54001f7460a8f7085dcc2f286aa7	3675	screening-v1/batch-0833/decisions.jsonl
b8c44f6fdf21bc697005fcc1356e064ff29fb23749313057287d5419e21f5a00	82	screening-v1/batch-0833/final.txt
fa550dc1e961d858f3486e8e26382ac7dbdfbfb75c15a6b72a75447ef97b92e0	42341	screening-v1/batch-0833/input.md
e659997aeebce895130afa43aceb4153aabae16be0c87e451d85b1c17cd56611	450	screening-v1/batch-0833/run.json
e3b0c44298fc1c149afbf4c8996fb92427ae41e4649b934ca495991b7852b855	0	screening-v1/batch-0833/stderr.txt
d2c78a545e32f0911bd2c76dbdd83468b9a3b1be5d9b9cce350f43402b49ed18	86	screening-v1/batch-0833/submit_screening
1f99eae6794cbd6ca24b746035013dfb57eee950ab39dabc8fedd691fd20bd38	9077	screening-v1/batch-0833/trace.jsonl
e9f64e6f00f5ab9d14479cff08b7abda763fac68342c5ce96563f95bceddc02a	5328	screening-v1/batch-0834/batch.json
d926e4f9d058d41739db6b3fb67534a1757da6ad31272adf368560214eb5ff48	3399	screening-v1/batch-0834/decisions.jsonl
12bfc04b481060e14e256636c30ee7d70d6d1060b4debc9519c541a6666ade00	55	screening-v1/batch-0834/final.txt
c651db537dd6d906e41fa9e8da8b73d510357449f0d00c81e57ae157d59011a5	41991	screening-v1/batch-0834/input.md
38e8451fe7ac5f144ef03bb0ecc6ee32fc4c1ba01ba056af974945c946090c4a	450	screening-v1/batch-0834/run.json
e3b0c44298fc1c149afbf4c8996fb92427ae41e4649b934ca495991b7852b855	0	screening-v1/batch-0834/stderr.txt
d2c78a545e32f0911bd2c76dbdd83468b9a3b1be5d9b9cce350f43402b49ed18	86	screening-v1/batch-0834/submit_screening
cdf16b7b53e6ab71b26a08f3d6b068a3ea633261f358318b669ad869a1452606	14122	screening-v1/batch-0834/trace.jsonl
060f0e071e71ad8c09adf50b89ee76c8dc5988652b76f300e61a2cff8316c72c	5116	screening-v1/batch-0835/batch.json
a7ae10a89b758e3cf23b019a35891bd17c189b89dfa05a26cda78cc27f9d5c35	3706	screening-v1/batch-0835/decisions.jsonl
2809cfc90156673e68c3ba157ef254cefe1524244b4839b9679b441a61ddc94e	80	screening-v1/batch-0835/final.txt
029fe8f5f9ceb5bd156dea9c324375c71515537dc734cab69400e156a7840dd9	41905	screening-v1/batch-0835/input.md
85c1ea08f417973018b42d0a217ff915f8ef37e4e19506562ba067b79d7d9fad	450	screening-v1/batch-0835/run.json
e3b0c44298fc1c149afbf4c8996fb92427ae41e4649b934ca495991b7852b855	0	screening-v1/batch-0835/stderr.txt
d2c78a545e32f0911bd2c76dbdd83468b9a3b1be5d9b9cce350f43402b49ed18	86	screening-v1/batch-0835/submit_screening
b35cac6b6c4db6e2c8f9dfc72299b03cdb147ce7b8c08d3ff39b5d1ae63ef99d	8448	screening-v1/batch-0835/trace.jsonl
3648cca27e031866c46802da64391864ad06a591749de90c059d8473d7eec0b2	5227	screening-v1/batch-0836/batch.json
7524daf273cedb0c7a9021d640b3d6f08b540ee12e6684dafa38c45ba74a5dd4	3879	screening-v1/batch-0836/decisions.jsonl
06b79cb1cea53022f8cff55da8689a7945ae8e9ee0b69c229373200872bc3790	61	screening-v1/batch-0836/final.txt
18aeb2cbad0439a98e78a2a26d65d5b8889ee090c47977bf5a7b78ee2f8fd011	43103	screening-v1/batch-0836/input.md
89c373eb3bef07df441e6def1b4325360d0d511960f7cf718cc63a26adc73916	450	screening-v1/batch-0836/run.json
e3b0c44298fc1c149afbf4c8996fb92427ae41e4649b934ca495991b7852b855	0	screening-v1/batch-0836/stderr.txt
d2c78a545e32f0911bd2c76dbdd83468b9a3b1be5d9b9cce350f43402b49ed18	86	screening-v1/batch-0836/submit_screening
5ed290b8a64a55afb4eee4c0a41cc376b6f6ba7c52e7b1d10455757d16ea7ab6	8629	screening-v1/batch-0836/trace.jsonl
a00cd8a0fea8656d3df2449970bcdf81b167523e1e9b2c2945c75f207bb2301b	5145	screening-v1/batch-0837/batch.json
921259ad1e4a2fcafb6691c1f8b19ba4999b562b1429d37b96e098f62841f08b	3964	screening-v1/batch-0837/decisions.jsonl
ec64984a79233d9b7c4ece8fd9ddc6c1e281c7074b9d41953ae62df60b61adb9	71	screening-v1/batch-0837/final.txt
b61250e945bfbc141f19330a7178d84cd1e1c6f70f946b5829e6b105e1ae17da	37685	screening-v1/batch-0837/input.md
3166455fd05ae7ad126e0cf1892c23dbd5c1b643509235469107c664f5760574	450	screening-v1/batch-0837/run.json
e3b0c44298fc1c149afbf4c8996fb92427ae41e4649b934ca495991b7852b855	0	screening-v1/batch-0837/stderr.txt
d2c78a545e32f0911bd2c76dbdd83468b9a3b1be5d9b9cce350f43402b49ed18	86	screening-v1/batch-0837/submit_screening
a15d5a9224a50c7ef7ed46fc560e84464ec35584b2a2de78fb0d7df60a657bc5	8774	screening-v1/batch-0837/trace.jsonl
2b08031539a2aa49f643f7bd63e7223dbd3ac8511439046bcba707a323bb115c	5182	screening-v1/batch-0838/batch.json
20c9222ac9e80c4b41babc07abf688a34166b9e70b7dd7b124736bb7dc3703b3	3571	screening-v1/batch-0838/decisions.jsonl
7480c4c880742e949ebe4da762bf42a2ebbe46446454737f50b2dc59fd23a0f8	57	screening-v1/batch-0838/final.txt
fd7ae66113ad62129824f567351bd1fa55c04e089ac16bf4ac4730542652379a	40025	screening-v1/batch-0838/input.md
500ddab7359a7e4dd59e195e38709e1bdba2d80d4dc852e9e10277a6afe948f1	450	screening-v1/batch-0838/run.json
e3b0c44298fc1c149afbf4c8996fb92427ae41e4649b934ca495991b7852b855	0	screening-v1/batch-0838/stderr.txt
d2c78a545e32f0911bd2c76dbdd83468b9a3b1be5d9b9cce350f43402b49ed18	86	screening-v1/batch-0838/submit_screening
2db1d13948be32b9b13e933bdab5e63484ce498812a72d2a477370e4123d9772	8163	screening-v1/batch-0838/trace.jsonl
3538b8ef8f901eeeeb9e2ec862c88ef2193e6318080704bed9daedd97876b814	5089	screening-v1/batch-0839/batch.json
18e62eb75fdc8c850ba8c61538d6ccd61ce7bc2d41f762c50ff24d8b124c0afe	3543	screening-v1/batch-0839/decisions.jsonl
67e1405cca3676492de054f7a4efaab8b1b443f6ee82a04a74b4d9d782548c5d	89	screening-v1/batch-0839/final.txt
c61b1833cfec62e729dda319dd10d3a658f27a6c096048144266348556e9ee9b	44322	screening-v1/batch-0839/input.md
ad40d1988d544ed68d79559507721d8f6dcd5c7604492ea977e7cd126d859053	450	screening-v1/batch-0839/run.json
e3b0c44298fc1c149afbf4c8996fb92427ae41e4649b934ca495991b7852b855	0	screening-v1/batch-0839/stderr.txt
d2c78a545e32f0911bd2c76dbdd83468b9a3b1be5d9b9cce350f43402b49ed18	86	screening-v1/batch-0839/submit_screening
147f4781ffcadf8a43295960d361fede13491adaf8e7b864a4b01d784954b6b2	7890	screening-v1/batch-0839/trace.jsonl
38de3bf483d1ab8cb3dc3a4a35172bf7a7225cac759676215ebca959afc15a33	5312	screening-v1/batch-0840/batch.json
930f87111d82b8361093a6e94919ed32ce41ec09f658407835ae1dd6f1dcabcf	3545	screening-v1/batch-0840/decisions.jsonl
75efc1a8c810b931834598e98daa5195cc738684357261dc9c71a56c7a0b5f17	78	screening-v1/batch-0840/final.txt
e7058c01e38e00c2f187123eb1e2b5e717a900432e0ac1b2ee480c8317bf1a28	45711	screening-v1/batch-0840/input.md
a5fb1a27b9054bdc7f7c2a21a4b9613d47819074bbd53ba217ce4537565e0f2b	450	screening-v1/batch-0840/run.json
e3b0c44298fc1c149afbf4c8996fb92427ae41e4649b934ca495991b7852b855	0	screening-v1/batch-0840/stderr.txt
d2c78a545e32f0911bd2c76dbdd83468b9a3b1be5d9b9cce350f43402b49ed18	86	screening-v1/batch-0840/submit_screening
7497d48be4a9a7599e44781afd0de0fc798f6bc2236a97feab5b35d06536d5e1	8272	screening-v1/batch-0840/trace.jsonl
3e641965a812462a4c83e400b2c45cd185f993b5503fff2dce0567d248c0c8e3	5123	screening-v1/batch-0841/batch.json
45895f1476a2753be109de62e7f06081efa13b9b2030d17a89cde6a6fdf2f2ee	3857	screening-v1/batch-0841/decisions.jsonl
67e1405cca3676492de054f7a4efaab8b1b443f6ee82a04a74b4d9d782548c5d	89	screening-v1/batch-0841/final.txt
654f99e7c4885f4ea333add69368957d73ba42c5f767ce0e70cc27f8093f581a	49980	screening-v1/batch-0841/input.md
ffeda23048d6ddebdb30b7284760282478b180b6a3f468dac6bf7b34fd1ecef7	450	screening-v1/batch-0841/run.json
e3b0c44298fc1c149afbf4c8996fb92427ae41e4649b934ca495991b7852b855	0	screening-v1/batch-0841/stderr.txt
d2c78a545e32f0911bd2c76dbdd83468b9a3b1be5d9b9cce350f43402b49ed18	86	screening-v1/batch-0841/submit_screening
7dd5e9c6c67a9cb4f3b23fe2141b00a658aeff1de1ee5baacf2b7d7d28047cc4	8765	screening-v1/batch-0841/trace.jsonl
7a820aca654e0f18454fdea6ed7ec72e274e4a54e2cf733087f3964b76b6c048	5075	screening-v1/batch-0842/batch.json
951d3686f7be83f8f1d03ee0cd2392715a7973c0de1b66bed7c11d720b9fa8a2	3795	screening-v1/batch-0842/decisions.jsonl
b52d2d9830fee9e6ab81789a2e295064c29de07e203f83292c3fc34b6843f58d	78	screening-v1/batch-0842/final.txt
051168022ff0fe69d63de13a33cf44c98001fcaacee1de8f5d63d0ac61452355	40026	screening-v1/batch-0842/input.md
e9ec52fc106ed66134c6edd924e4f9de8d443fe84c256be93a3cc38f99ec2499	450	screening-v1/batch-0842/run.json
e3b0c44298fc1c149afbf4c8996fb92427ae41e4649b934ca495991b7852b855	0	screening-v1/batch-0842/stderr.txt
d2c78a545e32f0911bd2c76dbdd83468b9a3b1be5d9b9cce350f43402b49ed18	86	screening-v1/batch-0842/submit_screening
5caf276c4c41532bc1dde7dae7936e7388fd17e60f4914a57e144a1cfecc35a2	8442	screening-v1/batch-0842/trace.jsonl
bb6f82a45c5a28e062234697d9fb103f99b3a76685dee7673a6766cfe84bb508	5436	screening-v1/batch-0843/batch.json
2e1a79ded58543fb9591a12cbb860ab7345085c6f1422aaf5c8a29695c5345db	3524	screening-v1/batch-0843/decisions.jsonl
12bfc04b481060e14e256636c30ee7d70d6d1060b4debc9519c541a6666ade00	55	screening-v1/batch-0843/final.txt
422a30cf42bcc5684fa2cc5665cf0537e6888f2c78c9acfce1da82738bce0539	40710	screening-v1/batch-0843/input.md
e4bac0d08c291754379ae86bd7cf94574cf726ff4914937a930f4a8d09656575	450	screening-v1/batch-0843/run.json
e3b0c44298fc1c149afbf4c8996fb92427ae41e4649b934ca495991b7852b855	0	screening-v1/batch-0843/stderr.txt
d2c78a545e32f0911bd2c76dbdd83468b9a3b1be5d9b9cce350f43402b49ed18	86	screening-v1/batch-0843/submit_screening
1d71c1c076480171a52f57cb68dc9c292501d6ba4e6631ee4945d0ba6e56ba4b	8029	screening-v1/batch-0843/trace.jsonl
363cd98a6a61f253dfb0b3ec3ae9b2b47d69aa5b8e6fa2a77b52e153455b4d79	4981	screening-v1/batch-0844/batch.json
4d0253fd9db0e346ffedfe7314f2023ef3cd7be4e66d06e8df48476e508b7ea3	3657	screening-v1/batch-0844/decisions.jsonl
abbd2442d4ebdf60b137ba02f9649114a3e71b069d7de09a24bed6338c159a62	70	screening-v1/batch-0844/final.txt
28c023fe46c123c91cd067085dad48db1ddd5a0edd39f4044759c40fdba68e81	41671	screening-v1/batch-0844/input.md
a9a94401c70304dfc7dfdb6036babb690db26ddaa163dc67c066f9b13bb53e74	450	screening-v1/batch-0844/run.json
e3b0c44298fc1c149afbf4c8996fb92427ae41e4649b934ca495991b7852b855	0	screening-v1/batch-0844/stderr.txt
d2c78a545e32f0911bd2c76dbdd83468b9a3b1be5d9b9cce350f43402b49ed18	86	screening-v1/batch-0844/submit_screening
0d6edf2c17b80cd57489c94ba3dc5fe770aaf7f3a4e903a464edea35d5b32b6d	8155	screening-v1/batch-0844/trace.jsonl
7d36eaf029c8d9e4ac27a6162e40cd3275c220653557bf762a07f50bd3caabc4	5379	screening-v1/batch-0845/batch.json
0b6e6dbabd9daa7600c2da9c8139065d59332ef4f0938a52e3480fb87f6677c3	3765	screening-v1/batch-0845/decisions.jsonl
01da75f35c59f3599b00edb2a467cb0f97025f4318d73f3506ab8416bc9e981c	83	screening-v1/batch-0845/final.txt
0efeb97273dfdbebf2c3cba0fd71f09b297940da409f4a0172c6461b3df7ba6c	43027	screening-v1/batch-0845/input.md
f5648846b3286330d4d7cbf9b2ae8d4673a0dc66475051e7be4d7b6ba2017a8a	450	screening-v1/batch-0845/run.json
e3b0c44298fc1c149afbf4c8996fb92427ae41e4649b934ca495991b7852b855	0	screening-v1/batch-0845/stderr.txt
d2c78a545e32f0911bd2c76dbdd83468b9a3b1be5d9b9cce350f43402b49ed18	86	screening-v1/batch-0845/submit_screening
510d2ed4c4669a4f361058d7e685ede8c90a6492ca554c590c1c3e34f4b569ce	9468	screening-v1/batch-0845/trace.jsonl
25fb1e799c022a750f8e2547de871d50abbd31f09c4def9ce9ded6c4c14f66b4	5126	screening-v1/batch-0846/batch.json
8d4fc0204752343da6e5cd0ef6ee1e2850f1cd7e8d9468533f3bd903249040ee	3585	screening-v1/batch-0846/decisions.jsonl
12bfc04b481060e14e256636c30ee7d70d6d1060b4debc9519c541a6666ade00	55	screening-v1/batch-0846/final.txt
d6d698d6e903b03217a17a26e3e29019f4a0a090e79ef683e8aee6cff2c7168c	47581	screening-v1/batch-0846/input.md
c022527db3647cb6a5698aa00982659bb4eebf73b66e36e8eddf3689cb41ecc7	450	screening-v1/batch-0846/run.json
e3b0c44298fc1c149afbf4c8996fb92427ae41e4649b934ca495991b7852b855	0	screening-v1/batch-0846/stderr.txt
d2c78a545e32f0911bd2c76dbdd83468b9a3b1be5d9b9cce350f43402b49ed18	86	screening-v1/batch-0846/submit_screening
c1d2182f9e09aaf3b99a49a2a287f4c86496779c37b4708426166f4714cf8ef3	8259	screening-v1/batch-0846/trace.jsonl
ac834e1914778fea780898ac0733cb0aaabf61ba792c7e36df60e10cd21327ce	5167	screening-v1/batch-0847/batch.json
6fcaec64104babf9e532a934a7c3c32056f6080fff4d912546322857c34e582d	3553	screening-v1/batch-0847/decisions.jsonl
3f4a2dc23055ece6adc8f78e51ff19879c5f4cbbba89d75be27f172f164c74f7	78	screening-v1/batch-0847/final.txt
4c9566d6a295a7d236363ea76ae20a4e175401ad4a4182038064f523b2b740e7	39799	screening-v1/batch-0847/input.md
7c4c16d58354485aa232bec9f794f61ea3ad1ea057fe2b0207ef342e515f0987	450	screening-v1/batch-0847/run.json
e3b0c44298fc1c149afbf4c8996fb92427ae41e4649b934ca495991b7852b855	0	screening-v1/batch-0847/stderr.txt
d2c78a545e32f0911bd2c76dbdd83468b9a3b1be5d9b9cce350f43402b49ed18	86	screening-v1/batch-0847/submit_screening
35aaf6eac30d6811e77b54d4c137427d9eb0484930efeaf9ab49b4ed3469a93f	8458	screening-v1/batch-0847/trace.jsonl
70eebd8188cc09d15480f91dd51a2894fb617a873cce55c69971997eb70cfb61	4997	screening-v1/batch-0848/batch.json
a053b450e3bb62fd0bdf167fe513f7f698c92630ef451813e3431c863e401cbc	4049	screening-v1/batch-0848/decisions.jsonl
67e1405cca3676492de054f7a4efaab8b1b443f6ee82a04a74b4d9d782548c5d	89	screening-v1/batch-0848/final.txt
22503d8fb3c81d065a45f84d693b428bb9c64506dcc0f1281e179fdf2296ec1b	47694	screening-v1/batch-0848/input.md
5a423ee91cc7ee1a5fb3f15e87072c63cb9281945a7a5bec31a2b924ac23f9cf	450	screening-v1/batch-0848/run.json
e3b0c44298fc1c149afbf4c8996fb92427ae41e4649b934ca495991b7852b855	0	screening-v1/batch-0848/stderr.txt
d2c78a545e32f0911bd2c76dbdd83468b9a3b1be5d9b9cce350f43402b49ed18	86	screening-v1/batch-0848/submit_screening
16c0399b490c5832ee35ad103579499eebfc553f3a5c50adabad871e1838f3b0	8910	screening-v1/batch-0848/trace.jsonl
e685d69722870a3a973b4f2e8fc180711086385d417cb0e391975503712bb8c9	5220	screening-v1/batch-0849/batch.json
a3ad74aebc0915036b16b82a6870dd4f95f8347dee8c935450e1aea8b13dea4a	3469	screening-v1/batch-0849/decisions.jsonl
d2d159238b775a00db4b5fd135f20b4b892ed648fd8c60ba7d65800597ada474	66	screening-v1/batch-0849/final.txt
e7de214648bf8cedd6d17e4a0d855a17aad3af9010b7300c22d709e9c20c5dce	46459	screening-v1/batch-0849/input.md
21d87d2224125ed7c93d70b9b2ec7c890dc86242d0caedade338411456c2832a	450	screening-v1/batch-0849/run.json
e3b0c44298fc1c149afbf4c8996fb92427ae41e4649b934ca495991b7852b855	0	screening-v1/batch-0849/stderr.txt
d2c78a545e32f0911bd2c76dbdd83468b9a3b1be5d9b9cce350f43402b49ed18	86	screening-v1/batch-0849/submit_screening
2a464aa8b8bf1a59471c3494e917a15be2d7611beb21bcf47d9fa0f8f9a7713d	7968	screening-v1/batch-0849/trace.jsonl
0684ba510cf1dc798a6a3b8b5f6b390fe84acf669699fc2b7e345a3437ed3353	5186	screening-v1/batch-0850/batch.json
d78bf5baa7751069e8ca81176383cd7b541c060754d4500ea840129e4fcd7cc8	3829	screening-v1/batch-0850/decisions.jsonl
9312f2dff9a98dc29a1f1e809ccbd39ff195fcc03b705bb514208a3cf76bf65f	46	screening-v1/batch-0850/final.txt
a632f62fd2c64008f34b8ca8f819ebba2113c336ffc18bcfbf8e83883b9b2aa8	40541	screening-v1/batch-0850/input.md
f19e52f2b5295d4ff4ad899ddfcf530c98e17fc1e3630b1d2b260bdb0de5e5f6	450	screening-v1/batch-0850/run.json
e3b0c44298fc1c149afbf4c8996fb92427ae41e4649b934ca495991b7852b855	0	screening-v1/batch-0850/stderr.txt
d2c78a545e32f0911bd2c76dbdd83468b9a3b1be5d9b9cce350f43402b49ed18	86	screening-v1/batch-0850/submit_screening
d91eb6c5017ba1d0db872bf6df02026f55196c83413b7f934517b3c9a8f18cb8	8980	screening-v1/batch-0850/trace.jsonl
14cd7fdae313f3f21785c8dcdd0bb3bd508bceec49031609a010214383420bb4	5136	screening-v1/batch-0851/batch.json
58d74abbce23a5a5659636c298ba1b98cfb614ffab695c52905ab67561a8e895	3991	screening-v1/batch-0851/decisions.jsonl
1f5f780fe91e9c9665191ee828df2a8858aafc50eaf96ed298ad09afd58d1491	60	screening-v1/batch-0851/final.txt
fbc139587cd6eae5575bbf66edba0eb3795df2bfcae450481fcb6ce492be15a0	38414	screening-v1/batch-0851/input.md
7a1b7a6e46b9539e1ab50423128db8d81d2fce70eae19017575569cdfb039f03	450	screening-v1/batch-0851/run.json
e3b0c44298fc1c149afbf4c8996fb92427ae41e4649b934ca495991b7852b855	0	screening-v1/batch-0851/stderr.txt
d2c78a545e32f0911bd2c76dbdd83468b9a3b1be5d9b9cce350f43402b49ed18	86	screening-v1/batch-0851/submit_screening
34cccb27f4ad642c15ad908dda637b0701f7d7925e2b62597e864237c1c0c2b6	8412	screening-v1/batch-0851/trace.jsonl
ab4152ea43a2f03faaa0ba1885d67fe44e901ab31af7a0ab93fe5037587d7128	4973	screening-v1/batch-0852/batch.json
aae37ca697dcd59e329f617d4cb961a5e08eb83c9130a07d9197675462821468	4009	screening-v1/batch-0852/decisions.jsonl
d2d159238b775a00db4b5fd135f20b4b892ed648fd8c60ba7d65800597ada474	66	screening-v1/batch-0852/final.txt
f0bf92b34d642be5c678ba0e5c0a1fa2485084107bb98ee5d24fb5b78e3bc2e9	45783	screening-v1/batch-0852/input.md
407fc75607cd5eb631086a004a4546f6f096c8783d49c35df114b836661bd401	450	screening-v1/batch-0852/run.json
e3b0c44298fc1c149afbf4c8996fb92427ae41e4649b934ca495991b7852b855	0	screening-v1/batch-0852/stderr.txt
d2c78a545e32f0911bd2c76dbdd83468b9a3b1be5d9b9cce350f43402b49ed18	86	screening-v1/batch-0852/submit_screening
475b277954a80b8b40bf5daabed27e4d7b86b0b2b6fe4bc66a35372f9f6d11fc	8962	screening-v1/batch-0852/trace.jsonl
ac2f568f81d062baca9b77f13fbb3d9e2ecf2aaceaac00fe3575d09690aeec18	5325	screening-v1/batch-0853/batch.json
80b40b3c1d10c52aae2a5c662277de7cb1fb825229e9822b1f319128e615e08a	3529	screening-v1/batch-0853/decisions.jsonl
41c4f07a292062af7f979ee89f187936c09df5016404945200e28af0fe8dc0e3	67	screening-v1/batch-0853/final.txt
465950269571a1e66a7b60cd01630a6e19e9fe2fb3e4b18872845114ddf83fa5	50744	screening-v1/batch-0853/input.md
6d834b4bf29f35f0a23c1de46918749c77ced5bb8c6e4c029ae980c66e804f06	450	screening-v1/batch-0853/run.json
e3b0c44298fc1c149afbf4c8996fb92427ae41e4649b934ca495991b7852b855	0	screening-v1/batch-0853/stderr.txt
d2c78a545e32f0911bd2c76dbdd83468b9a3b1be5d9b9cce350f43402b49ed18	86	screening-v1/batch-0853/submit_screening
44f4a065e3401fa17016bf245c79f1d9b7afe87606cd0c9c28bf7f6c188a964c	8080	screening-v1/batch-0853/trace.jsonl
e735f2d9a6848d585c36992df9d9cd196522917fef8251d88df4b36bbe36bb00	5115	screening-v1/batch-0854/batch.json
15ee074007dcf1d0059ea54b312b4523c3640adeb6b9a8e3bad4c371d962d0f7	3395	screening-v1/batch-0854/decisions.jsonl
ca5731caf5dbb937b2052a49bd6f81f90ac949d6374326ce9c8cf58f6eb820f4	83	screening-v1/batch-0854/final.txt
1761cebf3fb81c9fb95f96ac6f0fbf67e677acb0008c242aa07233584442a35a	49325	screening-v1/batch-0854/input.md
2accad09a6c46be4744c0163812550c8ff50290a335303d3d67a7ad69e2baa98	450	screening-v1/batch-0854/run.json
e3b0c44298fc1c149afbf4c8996fb92427ae41e4649b934ca495991b7852b855	0	screening-v1/batch-0854/stderr.txt
d2c78a545e32f0911bd2c76dbdd83468b9a3b1be5d9b9cce350f43402b49ed18	86	screening-v1/batch-0854/submit_screening
39c78a2334fc84ad3a81acb81a58c25685cc1fc957758ba708632686c18f4032	7965	screening-v1/batch-0854/trace.jsonl
00d816305a49eb79f128cfedb54f41bb7f468a4d3ac1c3fa32708fbca7d02cb7	4795	screening-v1/batch-0855/batch.json
775c48b15a8d478a565267c341a10b01a0e30633fc06b252d46b951cac9122f8	3691	screening-v1/batch-0855/decisions.jsonl
12bfc04b481060e14e256636c30ee7d70d6d1060b4debc9519c541a6666ade00	55	screening-v1/batch-0855/final.txt
ccf639f5579b2ea114bdfc2f225355688ed6eb1b3a2bffb77449bfa047bede2b	40880	screening-v1/batch-0855/input.md
b0787fb859a651c0ff112ed457c94731b5c97b91383f17d220c72ac35c3f0ab7	450	screening-v1/batch-0855/run.json
e3b0c44298fc1c149afbf4c8996fb92427ae41e4649b934ca495991b7852b855	0	screening-v1/batch-0855/stderr.txt
d2c78a545e32f0911bd2c76dbdd83468b9a3b1be5d9b9cce350f43402b49ed18	86	screening-v1/batch-0855/submit_screening
6fe0366540fb18572eadff24d91916f1cf824dc9d2a601b9394f76efd13e749f	8204	screening-v1/batch-0855/trace.jsonl
f3dc9f202fd2fe35550d63737ba057309bd492dc04c796caaeabe146faada345	5234	screening-v1/batch-0856/batch.json
af0d4552ab60a44c0c22ec59f25e171cce12c3db110f088b916e0376db0228d3	3726	screening-v1/batch-0856/decisions.jsonl
a3e9c9b499170187592ce1a648caffbf205921ed424ab583bf1e142a3bfccc82	78	screening-v1/batch-0856/final.txt
0da737cb7ec950ac727ecd8f8abb742668719af874cadd7615a22253e8a57548	40185	screening-v1/batch-0856/input.md
ea1bb9c0bdff5fd1bd187b3c477dad9b1dcd60de9e5f61b6ac6b6ffa6ba5463d	450	screening-v1/batch-0856/run.json
e3b0c44298fc1c149afbf4c8996fb92427ae41e4649b934ca495991b7852b855	0	screening-v1/batch-0856/stderr.txt
d2c78a545e32f0911bd2c76dbdd83468b9a3b1be5d9b9cce350f43402b49ed18	86	screening-v1/batch-0856/submit_screening
c13f11231a43fce23006333d9ed5a62c8725cd96fbff3870a4f5ee1539b7e49d	8262	screening-v1/batch-0856/trace.jsonl
20f7217dc9a9d072f8b4ec2c3d562ae861ff6ac958636e5d41d7c65ba8bccafc	5058	screening-v1/batch-0857/batch.json
e3b50f630427dab3601ffbb4181cf7dc0d419987f69299004ba7ce56ef8c5aa6	3571	screening-v1/batch-0857/decisions.jsonl
057665454462b2baea8696ca9e229efd1855cef45a68f2d94ef320623d7dceca	79	screening-v1/batch-0857/final.txt
917870c1aedbb4d176f1c5a35226d90478740f4db2056c348ffe95c5d240201d	39976	screening-v1/batch-0857/input.md
bd7ddefaca279b6561dd60bcc4212789c491c6b30ed2ff9be8d8884b88b2b642	450	screening-v1/batch-0857/run.json
e3b0c44298fc1c149afbf4c8996fb92427ae41e4649b934ca495991b7852b855	0	screening-v1/batch-0857/stderr.txt
d2c78a545e32f0911bd2c76dbdd83468b9a3b1be5d9b9cce350f43402b49ed18	86	screening-v1/batch-0857/submit_screening
3784757ce05c5cb0e4db5b1456ce8f9df979dec8f1e16464657767d04fd31644	8552	screening-v1/batch-0857/trace.jsonl
2506bb7c5ac042757badf510e0fe1556b88920645542a67fa69493ec376711a0	5068	screening-v1/batch-0858/batch.json
aa6553b06d9f20bdfe338074d6311d13dbb36e7fc792a4f7977dc8ce8c2dbdef	3793	screening-v1/batch-0858/decisions.jsonl
e4050d4a042b35c7d0df31b9e8e8147243db980ead1f78757fa1471725cdd474	52	screening-v1/batch-0858/final.txt
5a76ee4963629f8a59cbae0a1d7afc6ca11535ca77f8094a7c1a46a415e71323	41254	screening-v1/batch-0858/input.md
07acc405cd5e8453fba613b0652f4f5af26fb1e0c385df4bb195edfbdc193217	450	screening-v1/batch-0858/run.json
e3b0c44298fc1c149afbf4c8996fb92427ae41e4649b934ca495991b7852b855	0	screening-v1/batch-0858/stderr.txt
d2c78a545e32f0911bd2c76dbdd83468b9a3b1be5d9b9cce350f43402b49ed18	86	screening-v1/batch-0858/submit_screening
b033d1c865cbd7b3c36f701222df84f84cb353f921cbfb04c6ab51f3221a52b7	9444	screening-v1/batch-0858/trace.jsonl
6d71cdf63f41c15978be3445149432e92a553aeaf2bb48f25b6b83047a00939a	4955	screening-v1/batch-0859/batch.json
734562e1f44db75fbc322e18c46ab67987b908ca9379d7d91e3f138f5f5eae6e	3582	screening-v1/batch-0859/decisions.jsonl
057665454462b2baea8696ca9e229efd1855cef45a68f2d94ef320623d7dceca	79	screening-v1/batch-0859/final.txt
d33848443e2ceeb64d1a127c335d938fbb57dcab318ea2b2ec91006286a3c74f	39840	screening-v1/batch-0859/input.md
4fb12dfd7af503cd35e93583c3abc0580d494bb704fa222b55210d92a34ad823	450	screening-v1/batch-0859/run.json
e3b0c44298fc1c149afbf4c8996fb92427ae41e4649b934ca495991b7852b855	0	screening-v1/batch-0859/stderr.txt
d2c78a545e32f0911bd2c76dbdd83468b9a3b1be5d9b9cce350f43402b49ed18	86	screening-v1/batch-0859/submit_screening
11f7a56604ebbca9b66701c3d8a351ced0b1397c8b774e520b64b50a23f0ce0b	8197	screening-v1/batch-0859/trace.jsonl
69679d1aedc14e89b680c29707d3e46ad8a889201fe45d369f3480d4c9f372fb	5200	screening-v1/batch-0860/batch.json
e033a1f62cd75b0eb1af6b4c060a854f2eb71b226b7fbff8abbc2465854fcf45	3436	screening-v1/batch-0860/decisions.jsonl
8ae1fb92ced061e68579c206dc85211075feb67ea3fe513f78edf6897c5fd9f2	65	screening-v1/batch-0860/final.txt
121343d4b39957aa6dbe93ca375de660cf04b40c018ba677056eac39a3ad9cb2	40537	screening-v1/batch-0860/input.md
b178d5efc6585b83a6943a9431162ddd247ed9871e333a12408abb5f11028e30	450	screening-v1/batch-0860/run.json
e3b0c44298fc1c149afbf4c8996fb92427ae41e4649b934ca495991b7852b855	0	screening-v1/batch-0860/stderr.txt
d2c78a545e32f0911bd2c76dbdd83468b9a3b1be5d9b9cce350f43402b49ed18	86	screening-v1/batch-0860/submit_screening
8589dd9dd974dafb959d90db8050b2f9d58972f87c64e06e0d5fb7443a036796	8043	screening-v1/batch-0860/trace.jsonl
a4031bfc97078e1d99cfadcf2e71b58140d996136c69565fe06c3f2a95c9efec	5030	screening-v1/batch-0861/batch.json
2c5baf8dfb7844226f4185375aca5b7783817bdab9ce9e687f8e51601e05f73f	3645	screening-v1/batch-0861/decisions.jsonl
75efc1a8c810b931834598e98daa5195cc738684357261dc9c71a56c7a0b5f17	78	screening-v1/batch-0861/final.txt
cd2608ea04517c56c82440261267597ea46640f99eba69134a5a3b83ae7f002c	34632	screening-v1/batch-0861/input.md
c4c1159034622a85dec85ad1d57755f7dce835bde8965ad5838bddddae6567bd	450	screening-v1/batch-0861/run.json
e3b0c44298fc1c149afbf4c8996fb92427ae41e4649b934ca495991b7852b855	0	screening-v1/batch-0861/stderr.txt
d2c78a545e32f0911bd2c76dbdd83468b9a3b1be5d9b9cce350f43402b49ed18	86	screening-v1/batch-0861/submit_screening
a9cee74b1d4ad022d250efdf3254dd8ee44f93859ff16e97e0155bd104d645f8	8415	screening-v1/batch-0861/trace.jsonl
abead3cb2d69208a673b83702f08a8b817395aaaf12d78559ebfc17ed5f657b5	4794	screening-v1/batch-0862/batch.json
9d956e3dccbbb192a823aff23e2a57beea0afe1b18ec374f40e4aa2d36fcad72	3612	screening-v1/batch-0862/decisions.jsonl
9140d23d0fb248333757cf6c1af2837987edd2504555b18686c3fe74da15682b	64	screening-v1/batch-0862/final.txt
81f392fca842486721caae726f827aecea6b6d4a164e8bec2b03f42bf12184ee	37663	screening-v1/batch-0862/input.md
3128a3245a180465e08a550dfa6921a7935c81bf1663a2ae78b5f4d060158303	450	screening-v1/batch-0862/run.json
e3b0c44298fc1c149afbf4c8996fb92427ae41e4649b934ca495991b7852b855	0	screening-v1/batch-0862/stderr.txt
d2c78a545e32f0911bd2c76dbdd83468b9a3b1be5d9b9cce350f43402b49ed18	86	screening-v1/batch-0862/submit_screening
01e7f60ed462777aac8eb3f3cfc9dc2450aaf6e738a714b70837c68b81033744	8087	screening-v1/batch-0862/trace.jsonl
aebd1c4c807f15da428d06d3130fcdbc9f1903772a137325bdebc21cd86f1420	5109	screening-v1/batch-0863/batch.json
f7d94deb3b991a9fc00ea83b1fa39daa1878481db42b88716c9d39fe3fe797f0	3574	screening-v1/batch-0863/decisions.jsonl
12bfc04b481060e14e256636c30ee7d70d6d1060b4debc9519c541a6666ade00	55	screening-v1/batch-0863/final.txt
acc40c40842309b228a0ef7fec5117c9686be45f1dfb83f46b5489087004da9a	39675	screening-v1/batch-0863/input.md
87991dcbb1aa35ac15f6952bd089c71cbea61a937f6becd23ac4d49501df9e8a	450	screening-v1/batch-0863/run.json
e3b0c44298fc1c149afbf4c8996fb92427ae41e4649b934ca495991b7852b855	0	screening-v1/batch-0863/stderr.txt
d2c78a545e32f0911bd2c76dbdd83468b9a3b1be5d9b9cce350f43402b49ed18	86	screening-v1/batch-0863/submit_screening
65cce0b60e5fe00ae8b1e8d14b9a5f2de849b3c6c1f895ff990b46814c87d793	8176	screening-v1/batch-0863/trace.jsonl
4a8325bd3f2c58619d7ca42bc4210249a2f1247aca41f57d75f963c304fe005c	5173	screening-v1/batch-0864/batch.json
7aa86fd11a469a446d388a80b741d28d96c938b10b0a063cfd2f20acfa2bc455	3776	screening-v1/batch-0864/decisions.jsonl
755742134aa4adeac1aa9cfc97901803e54fde9ff921a467c718be766f960700	80	screening-v1/batch-0864/final.txt
5a3bacedb66bc48ebbbfe9c1c5fc155a2f7c43b48650c1b68783fab379470427	37187	screening-v1/batch-0864/input.md
6856b1430647f85d862dc9c0ca90d3cf024b778250bee3c3c7156c32bcbe0907	450	screening-v1/batch-0864/run.json
e3b0c44298fc1c149afbf4c8996fb92427ae41e4649b934ca495991b7852b855	0	screening-v1/batch-0864/stderr.txt
d2c78a545e32f0911bd2c76dbdd83468b9a3b1be5d9b9cce350f43402b49ed18	86	screening-v1/batch-0864/submit_screening
bc770156c4c65284534f81f694776392e42073b5ff7d04a2e7fe5cff1897f688	8918	screening-v1/batch-0864/trace.jsonl
7fb792ca99bd6aa6873844c8f67eae5d89fac94f1d690395bdd5f04359cb8396	5121	screening-v1/batch-0865/batch.json
35a80d795b22bc335a179684a0837c268ac03e2999548ca21498c717096b0409	3963	screening-v1/batch-0865/decisions.jsonl
6824e4acfd0c951221fbb12f834a1008062d205af70fb4ce9aa62434b59ac897	64	screening-v1/batch-0865/final.txt
473434dde31677e37ca37be8530a10953cbbdced70ea9d8a4ea3c7862041e68a	38939	screening-v1/batch-0865/input.md
08a571ee501a0e053ce6fa64ef76713545f2e67a7590bd85daac83054f807ee9	450	screening-v1/batch-0865/run.json
e3b0c44298fc1c149afbf4c8996fb92427ae41e4649b934ca495991b7852b855	0	screening-v1/batch-0865/stderr.txt
d2c78a545e32f0911bd2c76dbdd83468b9a3b1be5d9b9cce350f43402b49ed18	86	screening-v1/batch-0865/submit_screening
d6a1ac171017bdd8a0680b1ca5aecd07e42d77627b9d336aebdacfd68dcadb49	9098	screening-v1/batch-0865/trace.jsonl
949ebbe545edda2fb191c8f9b17b628c4160d1d21f3ed369b03903195dfd8361	4758	screening-v1/batch-0866/batch.json
3c87e800f2acb0dcac255b6374e986b28633089faf50140889d1a203a1626bf5	3761	screening-v1/batch-0866/decisions.jsonl
ca5731caf5dbb937b2052a49bd6f81f90ac949d6374326ce9c8cf58f6eb820f4	83	screening-v1/batch-0866/final.txt
97c183d35db7e37db0b25f388cca2ae6ca3d83a3e600d323390a2c6094c5988c	42741	screening-v1/batch-0866/input.md
8ef97dac374ff09ea31c3f28540788abd39fa86b088afa1924185c5c1c0fea6b	450	screening-v1/batch-0866/run.json
e3b0c44298fc1c149afbf4c8996fb92427ae41e4649b934ca495991b7852b855	0	screening-v1/batch-0866/stderr.txt
d2c78a545e32f0911bd2c76dbdd83468b9a3b1be5d9b9cce350f43402b49ed18	86	screening-v1/batch-0866/submit_screening
e856da4941a82819fa25ea5d34cd55211b1bf23643dfcbb68e3f429d8747cc7e	14894	screening-v1/batch-0866/trace.jsonl
60043b0617aed9264369c1667149430c64ebeea1af4c40d20a67b981163aa495	5081	screening-v1/batch-0867/batch.json
84de3a9e722011167a0931fb4056ed7d88221211de63bc74eb6f71e7b8cb2bbd	3564	screening-v1/batch-0867/decisions.jsonl
d7da3a0e78e764d2fcdc93fd2db39c83ebb4d2aa6a176a5e62df806a8badb9a3	85	screening-v1/batch-0867/final.txt
25751c392dff63e28f9995effb8ad5ce1bf805a6b6f11a723fbf9a72523d5f33	31844	screening-v1/batch-0867/input.md
b5670282bee4b3a70901e1fac582ea9a2bea2fe4b7f531e390221c81d8f5be14	450	screening-v1/batch-0867/run.json
e3b0c44298fc1c149afbf4c8996fb92427ae41e4649b934ca495991b7852b855	0	screening-v1/batch-0867/stderr.txt
d2c78a545e32f0911bd2c76dbdd83468b9a3b1be5d9b9cce350f43402b49ed18	86	screening-v1/batch-0867/submit_screening
0f1ce59ddcf6bdc2e30204537f8d789df99757f74e4d62343fc2b5d632179bb7	8294	screening-v1/batch-0867/trace.jsonl
7627637928cfeb3842e131017d326422e60f4cab789bb1ea2a73f0f2b140625a	5266	screening-v1/batch-0868/batch.json
332eed0958d00f9e7bfaa881cebe049a7d68dab710d47cb0d439e5df2bc4bdb5	3483	screening-v1/batch-0868/decisions.jsonl
23a75b1ba4f65b54f62e596d1d6cdcf5f10199bb7d17da6ac2a15905a894247e	78	screening-v1/batch-0868/final.txt
668a260fc495edc4f4dd288e23b24b282670191433d7af05b7d306d262f1f76b	36632	screening-v1/batch-0868/input.md
da0638e417ef7503298670594f1ff920176881074dddc737618f0cff188a1218	450	screening-v1/batch-0868/run.json
e3b0c44298fc1c149afbf4c8996fb92427ae41e4649b934ca495991b7852b855	0	screening-v1/batch-0868/stderr.txt
d2c78a545e32f0911bd2c76dbdd83468b9a3b1be5d9b9cce350f43402b49ed18	86	screening-v1/batch-0868/submit_screening
d2c73f6bfcb113befc3f500e0388d4bc814d94808ee4816a09f329f2c8768f26	15228	screening-v1/batch-0868/trace.jsonl
10865d608ba2b9a6d8e6247cd82bf710d8436a554df49cbf753677d9153ca0d5	5044	screening-v1/batch-0869/batch.json
8c78514ca578f31888962c56037c52a1c8358576ecd39ed7478ca7b1a3e7ec39	3374	screening-v1/batch-0869/decisions.jsonl
b8c44f6fdf21bc697005fcc1356e064ff29fb23749313057287d5419e21f5a00	82	screening-v1/batch-0869/final.txt
938da0aa8ffcdb5c6e0b0907cb2ffb9c1c2d2748b718514c680440818e1b78b1	39277	screening-v1/batch-0869/input.md
7082b544121f787da21d1445858c65eba9dd992ac62e567819c92ef582983286	450	screening-v1/batch-0869/run.json
e3b0c44298fc1c149afbf4c8996fb92427ae41e4649b934ca495991b7852b855	0	screening-v1/batch-0869/stderr.txt
d2c78a545e32f0911bd2c76dbdd83468b9a3b1be5d9b9cce350f43402b49ed18	86	screening-v1/batch-0869/submit_screening
9fe331575e77a8c57bb03971ce519ecd19f91023543d5aa8760fb2b8f83da7c0	8101	screening-v1/batch-0869/trace.jsonl
8a882faccee5e5346276df3a47f2b0553d8c9d822a2e681cb280f06743925c6a	5102	screening-v1/batch-0870/batch.json
3584131cafd573be76f3c93bcca6bd358c372fecbb6f43f0769922855c2154ec	3642	screening-v1/batch-0870/decisions.jsonl
12bfc04b481060e14e256636c30ee7d70d6d1060b4debc9519c541a6666ade00	55	screening-v1/batch-0870/final.txt
72d84b994b24ba4a595286e67b3557c7c44e8af06abf8f8af8d53f0e7eefb5b5	38882	screening-v1/batch-0870/input.md
b17f370ef9a8cf9efa5475208c95099b9b29455ab63568525f4c881bca8c0f4d	450	screening-v1/batch-0870/run.json
e3b0c44298fc1c149afbf4c8996fb92427ae41e4649b934ca495991b7852b855	0	screening-v1/batch-0870/stderr.txt
d2c78a545e32f0911bd2c76dbdd83468b9a3b1be5d9b9cce350f43402b49ed18	86	screening-v1/batch-0870/submit_screening
df614e36c6eb33da85b629060796a6859131636d6bafbbd7c25c115beec17c9e	8404	screening-v1/batch-0870/trace.jsonl
454d33869c8d708f0d8726029c613f74e98253f4736d132e99465213b8cb4381	5089	screening-v1/batch-0871/batch.json
a0690971bd0cdf56c0daebc4baf67d0dd0c556f194593500a298bc292076fae4	3366	screening-v1/batch-0871/decisions.jsonl
d2d159238b775a00db4b5fd135f20b4b892ed648fd8c60ba7d65800597ada474	66	screening-v1/batch-0871/final.txt
7d3dd1e52b2e3dfd3cc3f80a15f5a3a7367aca6db18ae78981098c95f8b994e5	37350	screening-v1/batch-0871/input.md
52049237dfcb4c15ab0f86774228fb138556d3e3fbd449636a0f98de3e37d594	450	screening-v1/batch-0871/run.json
e3b0c44298fc1c149afbf4c8996fb92427ae41e4649b934ca495991b7852b855	0	screening-v1/batch-0871/stderr.txt
d2c78a545e32f0911bd2c76dbdd83468b9a3b1be5d9b9cce350f43402b49ed18	86	screening-v1/batch-0871/submit_screening
fa2f9ad71e12ca7648dc5170195c85ee9ab492e7f41e736506eed1d304723a0f	7905	screening-v1/batch-0871/trace.jsonl
57f9f73dfed188647ae018311630f41194e97e24b4e1fd61245e4d3f632c50bc	4947	screening-v1/batch-0872/batch.json
c19140fdcd89b77d0285354730cf3a6ff8c244642cfcfa52865629816c9eaa29	3581	screening-v1/batch-0872/decisions.jsonl
12bfc04b481060e14e256636c30ee7d70d6d1060b4debc9519c541a6666ade00	55	screening-v1/batch-0872/final.txt
f229a8b2ad02a1973b602e6313b6076a34dd835a8aed8099fba58fd2e85cca92	33233	screening-v1/batch-0872/input.md
c4ae51933727d9f0a1194e031c781db48c6a89b9da1c670844a08fe940ab11a4	450	screening-v1/batch-0872/run.json
e3b0c44298fc1c149afbf4c8996fb92427ae41e4649b934ca495991b7852b855	0	screening-v1/batch-0872/stderr.txt
d2c78a545e32f0911bd2c76dbdd83468b9a3b1be5d9b9cce350f43402b49ed18	86	screening-v1/batch-0872/submit_screening
1c2d3189fd2c65c514bc709b66189d5ca9179f63a941e28843073bc7c74b24cf	8809	screening-v1/batch-0872/trace.jsonl
538634d8a391fa982b5afcf1ee89f5d653fd8f2c7ba1538d93bd5b1bb235c08c	5098	screening-v1/batch-0873/batch.json
b9c01a17abbffd819ce1296773078f356781e1fe47802fc25f1a025378df5b9b	3603	screening-v1/batch-0873/decisions.jsonl
8a7293b3e7626cd6aa853d9ed083ee9ac12aee8e8dbf625ca4913d6a3f7f61fa	83	screening-v1/batch-0873/final.txt
7e3df6bc6e165de0338e1826dfc4ea8a601a11a91c37a4618a59b2b61062e521	37088	screening-v1/batch-0873/input.md
18662ce1d86f595a71bc2d29ec47c2ca6465714e4161d22647c57fa301705471	450	screening-v1/batch-0873/run.json
e3b0c44298fc1c149afbf4c8996fb92427ae41e4649b934ca495991b7852b855	0	screening-v1/batch-0873/stderr.txt
d2c78a545e32f0911bd2c76dbdd83468b9a3b1be5d9b9cce350f43402b49ed18	86	screening-v1/batch-0873/submit_screening
2ed6ba3fbb9dafd313f170f31bc1ab33294089b14b178167cd14cd02f0abc790	8120	screening-v1/batch-0873/trace.jsonl
976459e7ba8fdd45b0e62c340373c528d5dd1c748f752e245d924d97197774ae	4731	screening-v1/batch-0874/batch.json
3ff505d742d17968f92e13a0e526ee38ee1621ab0178eda4553db8903a6bfbc5	3662	screening-v1/batch-0874/decisions.jsonl
41c4f07a292062af7f979ee89f187936c09df5016404945200e28af0fe8dc0e3	67	screening-v1/batch-0874/final.txt
5289939b9c1647e212df4de375f39d8f0884ac6e280060142d2474c501e76bf4	33307	screening-v1/batch-0874/input.md
dba94998c07e11144b168b0e7bcd444f1e460bcb996b4c89aa0909659a4cecd2	450	screening-v1/batch-0874/run.json
e3b0c44298fc1c149afbf4c8996fb92427ae41e4649b934ca495991b7852b855	0	screening-v1/batch-0874/stderr.txt
d2c78a545e32f0911bd2c76dbdd83468b9a3b1be5d9b9cce350f43402b49ed18	86	screening-v1/batch-0874/submit_screening
df56e00d0976e278fc8f899e3c44f855e95c1b3cf405ebdf77da4795fe5a094c	8184	screening-v1/batch-0874/trace.jsonl
fbcd506709c96cd5cc3e6dde313ff99f74b13abcea1c6a9344c3683479786697	5009	screening-v1/batch-0875/batch.json
fe708835b6c392e4399c5e93f18d19fb66179745e53063f4f559241130d68c46	3422	screening-v1/batch-0875/decisions.jsonl
a3e9c9b499170187592ce1a648caffbf205921ed424ab583bf1e142a3bfccc82	78	screening-v1/batch-0875/final.txt
e49e8b4732078d45588d4466057ae97204be53e1f26f3d886cd91a50e1fde209	39128	screening-v1/batch-0875/input.md
60410c976aa19030855d3b05ba3f4dc8d9a95e031d1e130450caaa847bf3efca	450	screening-v1/batch-0875/run.json
e3b0c44298fc1c149afbf4c8996fb92427ae41e4649b934ca495991b7852b855	0	screening-v1/batch-0875/stderr.txt
d2c78a545e32f0911bd2c76dbdd83468b9a3b1be5d9b9cce350f43402b49ed18	86	screening-v1/batch-0875/submit_screening
ec683c09bdafb88945b059bec7c947585790e45553811612b3ac5d8f1bc0d884	8800	screening-v1/batch-0875/trace.jsonl
f682434f953e9e0e18a0a9e9a3ba9e2f790780be703d5e0a1007d936ae1504ea	5064	screening-v1/batch-0876/batch.json
cde8aa3e06906560963765475b9acedb327d2d82fb30c66ccd1cbe959697fef9	3753	screening-v1/batch-0876/decisions.jsonl
67e1405cca3676492de054f7a4efaab8b1b443f6ee82a04a74b4d9d782548c5d	89	screening-v1/batch-0876/final.txt
305c52af78a6c7a060efb43aca728d55ee284e0a93b824580e2ff912fbdf7dfe	45346	screening-v1/batch-0876/input.md
e1e2aa66f7fa9fd95de728b2c1029e2e1e0a02a2b730b9d938a28e924ce6ab21	450	screening-v1/batch-0876/run.json
e3b0c44298fc1c149afbf4c8996fb92427ae41e4649b934ca495991b7852b855	0	screening-v1/batch-0876/stderr.txt
d2c78a545e32f0911bd2c76dbdd83468b9a3b1be5d9b9cce350f43402b49ed18	86	screening-v1/batch-0876/submit_screening
54142182be172411456b7fd849e3d9cc8bf367c08c86b324645038d5576ced71	9318	screening-v1/batch-0876/trace.jsonl
0741febcc4351016b9accb909527bb5c0695daa6d5c8011c90fc5568c679e222	4870	screening-v1/batch-0877/batch.json
72961ce90c26638fca79ee5d73ac51f1452c9b4f4dd05e04d0863180b21cf360	3568	screening-v1/batch-0877/decisions.jsonl
6824e4acfd0c951221fbb12f834a1008062d205af70fb4ce9aa62434b59ac897	64	screening-v1/batch-0877/final.txt
f899025b79a4223a25185452cbaefa5a02ee9f047a04f923115dfe2da4e4d8a3	47333	screening-v1/batch-0877/input.md
760b77381cae55c80050a0fd5d1631120c7e97b18baae8d4e769f461bd2e52a2	450	screening-v1/batch-0877/run.json
e3b0c44298fc1c149afbf4c8996fb92427ae41e4649b934ca495991b7852b855	0	screening-v1/batch-0877/stderr.txt
d2c78a545e32f0911bd2c76dbdd83468b9a3b1be5d9b9cce350f43402b49ed18	86	screening-v1/batch-0877/submit_screening
71ba20e1478c467e7c25a9bc98889b21a84756c3c6dafbdca7f9c3bc79a12d3b	8485	screening-v1/batch-0877/trace.jsonl
61d7621a29dddfe0d925e16521d0133e8b8af86b4a83de1e07fd5e321baf3f90	4757	screening-v1/batch-0878/batch.json
9ebb0e594c791fecf8dd14fcbfa87f7d3c506a7a21cc65b41a628a0fe88db3f7	3668	screening-v1/batch-0878/decisions.jsonl
057665454462b2baea8696ca9e229efd1855cef45a68f2d94ef320623d7dceca	79	screening-v1/batch-0878/final.txt
bdccfdbcc333c965890a24597b707942a5cbf3cd1fe9cf5f4be9b8a0d33ced57	38511	screening-v1/batch-0878/input.md
33b49281260c349b709a84a19ced9317f23febb59c13a410dc8f748d5a78c9fc	450	screening-v1/batch-0878/run.json
e3b0c44298fc1c149afbf4c8996fb92427ae41e4649b934ca495991b7852b855	0	screening-v1/batch-0878/stderr.txt
d2c78a545e32f0911bd2c76dbdd83468b9a3b1be5d9b9cce350f43402b49ed18	86	screening-v1/batch-0878/submit_screening
e2ac2a0b493c6f7a9ca4fad5a399ab3881d7d9977126314ed08a529d67b82b04	8778	screening-v1/batch-0878/trace.jsonl
47f29ae5c99d404e4e59901118887d905253b7efbcef5c2f237ac0da86f75dcc	5196	screening-v1/batch-0879/batch.json
4c2f38de2d54450ddb2b545ae379e6bc6f69ce6375fda1c410f4cdf7571a9328	3453	screening-v1/batch-0879/decisions.jsonl
2809cfc90156673e68c3ba157ef254cefe1524244b4839b9679b441a61ddc94e	80	screening-v1/batch-0879/final.txt
caed8797beedb0231ed36b248c6e9b28497584a208f0641b6e3687c756365fff	37946	screening-v1/batch-0879/input.md
657403a94f041b324b36ae60eeee2d37390f390b38201272d6087fbe5d25978d	450	screening-v1/batch-0879/run.json
e3b0c44298fc1c149afbf4c8996fb92427ae41e4649b934ca495991b7852b855	0	screening-v1/batch-0879/stderr.txt
d2c78a545e32f0911bd2c76dbdd83468b9a3b1be5d9b9cce350f43402b49ed18	86	screening-v1/batch-0879/submit_screening
f4268c87215416e63591f5fc42279fe8507a972c31379ad6bf1c2c2d864453d0	7780	screening-v1/batch-0879/trace.jsonl
4163d62c5affd5ce5ba2ee3a942625c7290e95fa7795d1caec4070ec1c081b4b	4874	screening-v1/batch-0880/batch.json
abdf6e5d19fcbc2e4fbfc2decdd81932edf104b9d35f64010dd83d394dfd15e3	3209	screening-v1/batch-0880/decisions.jsonl
c0d4b687d0fb470e8855803f318e4befebf1dfa1426f01f6a7cb92cbdaaa3b6e	52	screening-v1/batch-0880/final.txt
b95da214a42bdb02de96468f5d38231850aac6394ce05d6fdecec75ff5be71b8	38213	screening-v1/batch-0880/input.md
b2ad3d94c5c937afae11e668624dc522b9ae6680da4ee90c435559ad53990d2c	450	screening-v1/batch-0880/run.json
e3b0c44298fc1c149afbf4c8996fb92427ae41e4649b934ca495991b7852b855	0	screening-v1/batch-0880/stderr.txt
d2c78a545e32f0911bd2c76dbdd83468b9a3b1be5d9b9cce350f43402b49ed18	86	screening-v1/batch-0880/submit_screening
c2b208a30a16b1f8f5fccb396cce7852a915991b2adbd685d2ba2b12807496b0	7419	screening-v1/batch-0880/trace.jsonl
54d1848fc1c9fa82c340fd6fa0f9b36db3cdee6a999ba842d4564dbbbe496d39	5076	screening-v1/batch-0881/batch.json
fca00226080d373330c421c9a106924f1d6adae69f51df57a8afd5f4ce4168d5	3438	screening-v1/batch-0881/decisions.jsonl
56d763677cd7d08d0dc0a8d8fd9c64dae43eb94e007d072df3df06501fde3983	88	screening-v1/batch-0881/final.txt
6e1a87e91b680308a2fffc36873698d0725ac997ef0468a53e567aa92a49cba3	37355	screening-v1/batch-0881/input.md
4aec1a569e25552a27716734a98cb9435dda9785df0b2712975114e0d66990fe	450	screening-v1/batch-0881/run.json
e3b0c44298fc1c149afbf4c8996fb92427ae41e4649b934ca495991b7852b855	0	screening-v1/batch-0881/stderr.txt
d2c78a545e32f0911bd2c76dbdd83468b9a3b1be5d9b9cce350f43402b49ed18	86	screening-v1/batch-0881/submit_screening
615dbfe41816f9eb7618163cfa265b02b7dd99a904a0060fa61267e40a0599a4	8851	screening-v1/batch-0881/trace.jsonl
d2da135600471faa06298bff381417ef1ff18a5171b73b043a04da66167e40d8	4801	screening-v1/batch-0882/batch.json
55a18a5e5f6a2f282355d8dd7c2b53b09311aa0a2a10b9b5bee6c12bb60b33d7	3623	screening-v1/batch-0882/decisions.jsonl
9312f2dff9a98dc29a1f1e809ccbd39ff195fcc03b705bb514208a3cf76bf65f	46	screening-v1/batch-0882/final.txt
dfa9122bde6ad4dfebcfd1b18c792b28e9ddeda91c343fed62200615e45e8ca8	35700	screening-v1/batch-0882/input.md
e874592398875d29be9c054e2918f995c1194e996584bf4de5a9e5809729c7c8	450	screening-v1/batch-0882/run.json
e3b0c44298fc1c149afbf4c8996fb92427ae41e4649b934ca495991b7852b855	0	screening-v1/batch-0882/stderr.txt
d2c78a545e32f0911bd2c76dbdd83468b9a3b1be5d9b9cce350f43402b49ed18	86	screening-v1/batch-0882/submit_screening
21cbc051156ad2fc05d6002fe4dcd5cb601704c2f7c1cea48c2ee58e70e50580	8653	screening-v1/batch-0882/trace.jsonl
55540d68b02cc0202167f4761ab2b8788879046283ac2d70511bce0da89c22bc	4777	screening-v1/batch-0883/batch.json
6a0a7a3ae6dd7ae51b1130b5b20a287d921d44e6708dee1f0580e281fa4e6956	3697	screening-v1/batch-0883/decisions.jsonl
cf0c22cb98a8d7b0198b01c6418fa27c48963c506029294b047c29cbac487a69	77	screening-v1/batch-0883/final.txt
1629f178277718d2d55bc827c07a7752c027c8480cf1b6ece3abe1e35f0649db	41255	screening-v1/batch-0883/input.md
16d13d39d9108eb1a7e2d6f28a8f826a3c8d8a42ddbe8baaa5f8d8646af8cf86	450	screening-v1/batch-0883/run.json
e3b0c44298fc1c149afbf4c8996fb92427ae41e4649b934ca495991b7852b855	0	screening-v1/batch-0883/stderr.txt
d2c78a545e32f0911bd2c76dbdd83468b9a3b1be5d9b9cce350f43402b49ed18	86	screening-v1/batch-0883/submit_screening
9a6eadeef27f040c5baf7d1c349764c66d741a936b98922700c5d1c1db356f63	8751	screening-v1/batch-0883/trace.jsonl
c57398448392a0065563b39c3051053aa188e58e4d0006fa43c2709c3ae5335e	4832	screening-v1/batch-0884/batch.json
ae89ac9826a348319900670c5707ceede5242605e26600cb1b521f0417455d03	3662	screening-v1/batch-0884/decisions.jsonl
23a75b1ba4f65b54f62e596d1d6cdcf5f10199bb7d17da6ac2a15905a894247e	78	screening-v1/batch-0884/final.txt
ab84b82936e4f1771a90c599fbf40f1af7e6adddfb66af426c282f0f7a8609a0	39152	screening-v1/batch-0884/input.md
a9b2ccaa56e429033fb6d4e388b429487deccdd7e04e77b8456532b0cd159ce1	450	screening-v1/batch-0884/run.json
e3b0c44298fc1c149afbf4c8996fb92427ae41e4649b934ca495991b7852b855	0	screening-v1/batch-0884/stderr.txt
d2c78a545e32f0911bd2c76dbdd83468b9a3b1be5d9b9cce350f43402b49ed18	86	screening-v1/batch-0884/submit_screening
9770e319db273b74352b1d65512357d148ba38332070fdeb6b8764eb6cdb721d	8594	screening-v1/batch-0884/trace.jsonl
2d5bd9d54ed7c0d6add7d2544460105221a239d8d025818adfd2ee1bb020d90e	4736	screening-v1/batch-0885/batch.json
9c429513d14a244d764a57dda79dcfcaaf04ec0833a440bb594ec0677a7268e5	3855	screening-v1/batch-0885/decisions.jsonl
e5c26e8a32e0d0e005e62dcaf8221b9b506e599d2360fb679244b7c3f3e1fcaf	58	screening-v1/batch-0885/final.txt
6f8f4e06cc3d9b57958f4b4c4814a018001766c8538e1fc01ea819298f93b879	35969	screening-v1/batch-0885/input.md
4659ccdb71922500becb9fdfc6116152248c20101bb83704a6b07e9a19460be5	450	screening-v1/batch-0885/run.json
e3b0c44298fc1c149afbf4c8996fb92427ae41e4649b934ca495991b7852b855	0	screening-v1/batch-0885/stderr.txt
d2c78a545e32f0911bd2c76dbdd83468b9a3b1be5d9b9cce350f43402b49ed18	86	screening-v1/batch-0885/submit_screening
ff726a2a4bf947f0df9899438eb25edc31edd5495c7397bb91281ec1abae154a	8897	screening-v1/batch-0885/trace.jsonl
e70e3a852df82e13ade3ae6c7e227cddf3e2111ca7b6d60e2ad37783beb643dd	4878	screening-v1/batch-0886/batch.json
73e3ccffc322dc31321e8885ff43ab52aa639a54f249b1b8bfb00225cabb32d5	3789	screening-v1/batch-0886/decisions.jsonl
06b79cb1cea53022f8cff55da8689a7945ae8e9ee0b69c229373200872bc3790	61	screening-v1/batch-0886/final.txt
ca9e6a18c6ddbfac07c6e4eb4a9cf9ba9ddca085710ad43619968f7e02be4917	40368	screening-v1/batch-0886/input.md
2179bf2eeaaa0fde85aced3a9e9b388be05efda9e1153916eff439e5962f3795	450	screening-v1/batch-0886/run.json
e3b0c44298fc1c149afbf4c8996fb92427ae41e4649b934ca495991b7852b855	0	screening-v1/batch-0886/stderr.txt
d2c78a545e32f0911bd2c76dbdd83468b9a3b1be5d9b9cce350f43402b49ed18	86	screening-v1/batch-0886/submit_screening
f6a39fc6292a2e3d65f3c2929bd7f8bc9cf3a4ba527d85e2db72e3d2cda6b444	8923	screening-v1/batch-0886/trace.jsonl
e955cb1509aeb7af46907520db4fe98e8f8e081b1f03e8212b474ae4cf78ad5b	5179	screening-v1/batch-0887/batch.json
d1f8fba37957d836ac33b8f12d8c1875c40b04f905b75f8ccb9f669b13f98c29	3270	screening-v1/batch-0887/decisions.jsonl
ca5731caf5dbb937b2052a49bd6f81f90ac949d6374326ce9c8cf58f6eb820f4	83	screening-v1/batch-0887/final.txt
d76f4c826918e32261a8c45ac9ec314a95384a413fe46e3bbbd50c6ef27044d6	35905	screening-v1/batch-0887/input.md
4d634a85419c82f5945f30f9556d50b639a232a0c774c21d2a6c6e4e91dd904a	450	screening-v1/batch-0887/run.json
e3b0c44298fc1c149afbf4c8996fb92427ae41e4649b934ca495991b7852b855	0	screening-v1/batch-0887/stderr.txt
d2c78a545e32f0911bd2c76dbdd83468b9a3b1be5d9b9cce350f43402b49ed18	86	screening-v1/batch-0887/submit_screening
bfcb546444f39d853375789ad87588de3e597b927de8c9168c19327a7eae4b93	7905	screening-v1/batch-0887/trace.jsonl
9baec6acc83460557b7a4d341b9aca169b8a81f7710e4e029b06d732d3700572	5020	screening-v1/batch-0888/batch.json
fb0f87ef43cf2539d08071a742be534aa04020b8aa2297476681f537518ed127	3818	screening-v1/batch-0888/decisions.jsonl
7480c4c880742e949ebe4da762bf42a2ebbe46446454737f50b2dc59fd23a0f8	57	screening-v1/batch-0888/final.txt
6a993ec6642115f7cdea1b6b7789653f48165fd9e85889d680272699a961cc30	38342	screening-v1/batch-0888/input.md
469db01a525843d24741ea29abd2a4bceed0e80c1446b8392f03c0949dd56739	450	screening-v1/batch-0888/run.json
e3b0c44298fc1c149afbf4c8996fb92427ae41e4649b934ca495991b7852b855	0	screening-v1/batch-0888/stderr.txt
d2c78a545e32f0911bd2c76dbdd83468b9a3b1be5d9b9cce350f43402b49ed18	86	screening-v1/batch-0888/submit_screening
2e5f031be7747437a761075fac6f1a1318b35c1bf9b0dcd57609411ab4c2256a	8957	screening-v1/batch-0888/trace.jsonl
0781bbbde735a9b51f7b2920b8ceca0bbf910df67a6d7d94b4539cdb1cd5cb99	4730	screening-v1/batch-0889/batch.json
2f28ebf9cad4e44a783f46def40671182d7421202ba3c41b156164028bca481e	3546	screening-v1/batch-0889/decisions.jsonl
23a75b1ba4f65b54f62e596d1d6cdcf5f10199bb7d17da6ac2a15905a894247e	78	screening-v1/batch-0889/final.txt
e0ddc022b41e14b75ea2e301d7cceb60d6d4aa3d080c4d4ffe0b4eb3a16ac553	38255	screening-v1/batch-0889/input.md
ac2db49e956503039c4fcf905131216b6835cc83ea3f90de7a9746b0345f1b37	450	screening-v1/batch-0889/run.json
e3b0c44298fc1c149afbf4c8996fb92427ae41e4649b934ca495991b7852b855	0	screening-v1/batch-0889/stderr.txt
d2c78a545e32f0911bd2c76dbdd83468b9a3b1be5d9b9cce350f43402b49ed18	86	screening-v1/batch-0889/submit_screening
389a95af8972f14816ebdf5c2cf17b212634f332817977c5b7788c731cf4c434	14462	screening-v1/batch-0889/trace.jsonl
61f26026de59ad84f14789436add619c1b4896b25bf75497a9aedce4263427f2	5093	screening-v1/batch-0890/batch.json
2ec02289211ceddf7863eb0fb3e7377974d82dd19cba468ff49a176a6bbcaa66	3152	screening-v1/batch-0890/decisions.jsonl
64d01468b1cbebafbfb6a9f1b974cd8dafcfa81b8b1298e3a56634bf7240055f	68	screening-v1/batch-0890/final.txt
2bdb0ab308e927001b1cb008f86193a754c96b8c94238ed326b89fa7421cfbf5	42518	screening-v1/batch-0890/input.md
9a5eb9af0fdf6751fc56feeb6fbc43281b089491435f41a360363dae34cabc15	450	screening-v1/batch-0890/run.json
e3b0c44298fc1c149afbf4c8996fb92427ae41e4649b934ca495991b7852b855	0	screening-v1/batch-0890/stderr.txt
d2c78a545e32f0911bd2c76dbdd83468b9a3b1be5d9b9cce350f43402b49ed18	86	screening-v1/batch-0890/submit_screening
27c0f9b6741b69f812fb026948dd2fc89b5a6aacf44f9062e7ed9eb7ecd65379	7484	screening-v1/batch-0890/trace.jsonl
d121214ee1a9f7087fbeb331f26396dde39d22d73e4905294a07d28730bbca3f	5112	screening-v1/batch-0891/batch.json
0b53057871e8895fdade5749339604886a1f1bb9ba56503f359d82ffbae4523a	4023	screening-v1/batch-0891/decisions.jsonl
12bfc04b481060e14e256636c30ee7d70d6d1060b4debc9519c541a6666ade00	55	screening-v1/batch-0891/final.txt
6ee5c54156cafd9cf4cfe0ec6a41aebfea4b7749f0afb89c9e1df50a3f4223f2	40154	screening-v1/batch-0891/input.md
8e8833fcce853dd90100edebabae635dfed3351b0b364f8913fa3daaabfc55af	450	screening-v1/batch-0891/run.json
e3b0c44298fc1c149afbf4c8996fb92427ae41e4649b934ca495991b7852b855	0	screening-v1/batch-0891/stderr.txt
d2c78a545e32f0911bd2c76dbdd83468b9a3b1be5d9b9cce350f43402b49ed18	86	screening-v1/batch-0891/submit_screening
ac5cfb4605651a515661b1e08121493d399741764604db81f092fefb889b234f	15376	screening-v1/batch-0891/trace.jsonl
f8657dd2ec710ff5f0ae970d242c61ec916615de64d0a9ad90815c629baab598	4878	screening-v1/batch-0892/batch.json
137f0dc24ccfc561a7ac63d7d2d3fcb76b25e7f05afac74e1696061facb713d0	3609	screening-v1/batch-0892/decisions.jsonl
eb7566d5067790ea8d3a2ea6eb0a3c93064cf775b5b34ace2718c1a967197fed	76	screening-v1/batch-0892/final.txt
4b8e3b9db66f2d6a1a3b6e1b3da402f91825abdf22968f63c88b022e8992fff0	39472	screening-v1/batch-0892/input.md
96d2011c4f5aa41121cf6504d2df5b307155648beaf777470645303f4ce871dc	450	screening-v1/batch-0892/run.json
e3b0c44298fc1c149afbf4c8996fb92427ae41e4649b934ca495991b7852b855	0	screening-v1/batch-0892/stderr.txt
d2c78a545e32f0911bd2c76dbdd83468b9a3b1be5d9b9cce350f43402b49ed18	86	screening-v1/batch-0892/submit_screening
cc8111d4f610b4647a2cdda428141793684d1f958cd891805ba281c9de3686b8	8561	screening-v1/batch-0892/trace.jsonl
5afca94cc1dd1bdeaf37fac5692d4622fe7b4b876d313b1468d0e416df674742	4924	screening-v1/batch-0893/batch.json
713b3405be7a0caa5748788ddd3b22e48be5133b6d1650f407972db723787387	3887	screening-v1/batch-0893/decisions.jsonl
01da75f35c59f3599b00edb2a467cb0f97025f4318d73f3506ab8416bc9e981c	83	screening-v1/batch-0893/final.txt
d41c778d75f2668e6d33c84b386abad6f48990d8bff783abf098ca917856b1c3	36446	screening-v1/batch-0893/input.md
dd4782ea01b00c21c6a18e9961408ad7bb635789a5d0793c89204c43185a67d4	450	screening-v1/batch-0893/run.json
e3b0c44298fc1c149afbf4c8996fb92427ae41e4649b934ca495991b7852b855	0	screening-v1/batch-0893/stderr.txt
d2c78a545e32f0911bd2c76dbdd83468b9a3b1be5d9b9cce350f43402b49ed18	86	screening-v1/batch-0893/submit_screening
9553f841944c78e766eb069c9b12c82209ed360c4cbec8f30eeb2f251050af49	8811	screening-v1/batch-0893/trace.jsonl
39812569d73b4f07f37c008a1c7426a6629533f223a52375755a1bd57736de94	5083	screening-v1/batch-0894/batch.json
265ea0ce9dcf999ac82bc3de7e108072c87c554134d1013a0d79d68fdb71ecc2	3753	screening-v1/batch-0894/decisions.jsonl
06b79cb1cea53022f8cff55da8689a7945ae8e9ee0b69c229373200872bc3790	61	screening-v1/batch-0894/final.txt
9b13864629abe7967097de90bbf43786ec4b022e76dd41b602128285ed63d781	34735	screening-v1/batch-0894/input.md
40da2a8aef3fa22b94e65f03594b5b6f47cc2778a817a3be99edd93d833eb9b5	450	screening-v1/batch-0894/run.json
e3b0c44298fc1c149afbf4c8996fb92427ae41e4649b934ca495991b7852b855	0	screening-v1/batch-0894/stderr.txt
d2c78a545e32f0911bd2c76dbdd83468b9a3b1be5d9b9cce350f43402b49ed18	86	screening-v1/batch-0894/submit_screening
9bbc315f40558c346a557bd0aa713e2415e84696dc2cad87b10a2d66ed8c8558	15558	screening-v1/batch-0894/trace.jsonl
39dada40603d6bca590fedaf088b6eebaa313f6dc260c32b6fc0576ff243304b	4979	screening-v1/batch-0895/batch.json
2bc7d6e78fb4cd985c19e36b34ae671e75cbf5edcad6d833162ced7aba4fc00d	3333	screening-v1/batch-0895/decisions.jsonl
0de951bbd2ceab931296a5d262a66f88e572613adf269f47c3e0b30a08f601ea	61	screening-v1/batch-0895/final.txt
bdf3f32e6aa391c222efcea69a3b5039c0315687ab0cb4eb14c489ae90ac9162	38320	screening-v1/batch-0895/input.md
609b4fd6026534ef1dad5ab98c52f3a4c15067325d74ccc760588fe35d353e62	450	screening-v1/batch-0895/run.json
e3b0c44298fc1c149afbf4c8996fb92427ae41e4649b934ca495991b7852b855	0	screening-v1/batch-0895/stderr.txt
d2c78a545e32f0911bd2c76dbdd83468b9a3b1be5d9b9cce350f43402b49ed18	86	screening-v1/batch-0895/submit_screening
beb721cf647cbea6edef6b1a26f51719686f846456192cbee34619b749359d97	8044	screening-v1/batch-0895/trace.jsonl
20ff9af16dc9f2eb168ccc027cb3be0fba216852a1fde6f02b0888863274d7d1	4796	screening-v1/batch-0896/batch.json
113088828b75c73852e7021a2e69b39e056bf79b81a1f7dbb0bb733b6976c949	3582	screening-v1/batch-0896/decisions.jsonl
3d0a364f0963b4b9ab16a9085adb9cae90888b0a0e0c7d603af753e5cd0fe79d	89	screening-v1/batch-0896/final.txt
54d06d07b13ede667a820ffa8e8a83d6b65bbabdb0b5d0f6afac74a3c1042b6e	35428	screening-v1/batch-0896/input.md
f7619c29c4d802c9a93c55b5f196872b6ffd81ee9aa184623c824f9a0b25e635	450	screening-v1/batch-0896/run.json
e3b0c44298fc1c149afbf4c8996fb92427ae41e4649b934ca495991b7852b855	0	screening-v1/batch-0896/stderr.txt
d2c78a545e32f0911bd2c76dbdd83468b9a3b1be5d9b9cce350f43402b49ed18	86	screening-v1/batch-0896/submit_screening
a03a7c0de4c584e5774dc3f890516f6e928dbac1dad8189f0fd057ad4374acd5	14524	screening-v1/batch-0896/trace.jsonl
aaff2825d27980e4dd318eba1dc7a4868539e99283ec6d2265d098f4552da792	4931	screening-v1/batch-0897/batch.json
24df55f2af316ee5cb6a29d26ac7f7eab6ea5b4f162afc19cbd0cf4a25c9ce18	3328	screening-v1/batch-0897/decisions.jsonl
4ffafa1cd5c9ef79654743ee07da5ca4f6ba643caf53bb0e37c5ccd84046abc4	72	screening-v1/batch-0897/final.txt
cd04ba7a0e4cd54aa0ea179e1b4f5549d2cdbf77fa528665603368726f7f13a2	35104	screening-v1/batch-0897/input.md
da0e42b22353e2b7979f253964c5a2cb5f5eba7de8b5abe8c81b5e810e5b1133	450	screening-v1/batch-0897/run.json
e3b0c44298fc1c149afbf4c8996fb92427ae41e4649b934ca495991b7852b855	0	screening-v1/batch-0897/stderr.txt
d2c78a545e32f0911bd2c76dbdd83468b9a3b1be5d9b9cce350f43402b49ed18	86	screening-v1/batch-0897/submit_screening
4f0a75511465ab3b3b2ada97e8c118dad99b8f453bb7d36cfc2422b684f09a7e	7062	screening-v1/batch-0897/trace.jsonl
48f34270e80ecf2613ad41a96523207ff51585e0ea6d40bdb9c30b9c414a5657	4972	screening-v1/batch-0898/batch.json
300d0ef17a612a79c5dc9c9b841c8833e4832504521c7bdeb3d5d3db4f85d44d	3906	screening-v1/batch-0898/decisions.jsonl
9312f2dff9a98dc29a1f1e809ccbd39ff195fcc03b705bb514208a3cf76bf65f	46	screening-v1/batch-0898/final.txt
415489932a9d3b1284dedb8bc20d04d0c3d71872a853832a368137c1aba22f56	34535	screening-v1/batch-0898/input.md
12a2615cdfe01717e18d36e8374dac2ee870b1ac6aa96ace7a9fe20a39b6d782	450	screening-v1/batch-0898/run.json
e3b0c44298fc1c149afbf4c8996fb92427ae41e4649b934ca495991b7852b855	0	screening-v1/batch-0898/stderr.txt
d2c78a545e32f0911bd2c76dbdd83468b9a3b1be5d9b9cce350f43402b49ed18	86	screening-v1/batch-0898/submit_screening
0f069ff65f8083fe9d3cc6f3e6bb167d55e045f43dc443b6541c2ce7539d7b0f	9126	screening-v1/batch-0898/trace.jsonl
540e328320d99c4dc4114093182ec55e9b3f89c4a65f1a1c675f3a2f9faaf71a	5048	screening-v1/batch-0899/batch.json
eaa793f89762c6cda0bbcab58a4d920e7567fdd7cdc7f692160ac4927cfbd1be	3500	screening-v1/batch-0899/decisions.jsonl
c4a9dc2b0c8fae807bfafb93b2fbc17b4bb067658c8452dc8efdf25a01476adf	79	screening-v1/batch-0899/final.txt
1133b059a9a3d928fd1eb20dd639d2cd5bc8f0fef8bbdc1912ed07b3c5603312	37185	screening-v1/batch-0899/input.md
a4dc6aaf09b85976ab04cd7debee70456781469af63623b88f79d9c366a36202	450	screening-v1/batch-0899/run.json
e3b0c44298fc1c149afbf4c8996fb92427ae41e4649b934ca495991b7852b855	0	screening-v1/batch-0899/stderr.txt
d2c78a545e32f0911bd2c76dbdd83468b9a3b1be5d9b9cce350f43402b49ed18	86	screening-v1/batch-0899/submit_screening
3be7f961580f497ec046573fd331a3f921c1a24b4ddd0e85b540cce280a8e0c1	8527	screening-v1/batch-0899/trace.jsonl
c142436299f0408082318a57b1c701edaa65cc47de1f115ae66b43bfc80ccab3	4952	screening-v1/batch-0900/batch.json
5e0c0d79414aed8687489e1687edf3594b475a4a4e840ebaf06115cf3d77bd93	3615	screening-v1/batch-0900/decisions.jsonl
d2d159238b775a00db4b5fd135f20b4b892ed648fd8c60ba7d65800597ada474	66	screening-v1/batch-0900/final.txt
c734239f36d6f499de80a3c3e6c0ce17df40ab4546212a6395153e3ea9e79541	38942	screening-v1/batch-0900/input.md
7523372aec5d621a84c031cb6a059997dd287d7651f11f156a5a32e42a832823	450	screening-v1/batch-0900/run.json
e3b0c44298fc1c149afbf4c8996fb92427ae41e4649b934ca495991b7852b855	0	screening-v1/batch-0900/stderr.txt
d2c78a545e32f0911bd2c76dbdd83468b9a3b1be5d9b9cce350f43402b49ed18	86	screening-v1/batch-0900/submit_screening
eceaffe2bd65d28dd478de64ca71f79e4a11265209abe0ad28e2fd6461e8dcd7	8146	screening-v1/batch-0900/trace.jsonl
2235da703bf05f16feccd88692a62b8f8c4d2822ae66b7ba686c964557a29cb7	4610	screening-v1/batch-0901/batch.json
5538d9ed37da290e37060535ff0f0a2e0b47651cd090f08644733e630397cdbb	3694	screening-v1/batch-0901/decisions.jsonl
bbba3ee6cb5d7fd5d1a3d1056e846f45b1ac5a7b047632b1b30518928bb7ae96	76	screening-v1/batch-0901/final.txt
13ad79ac57131a03583672e6aeb5394b7bc5acaaaefb612aea0777cd04ceaab0	31874	screening-v1/batch-0901/input.md
fa7f69be0bb39c9b01016b8dcc3d071f3893253f6157ce477efd0476c36718f7	450	screening-v1/batch-0901/run.json
e3b0c44298fc1c149afbf4c8996fb92427ae41e4649b934ca495991b7852b855	0	screening-v1/batch-0901/stderr.txt
d2c78a545e32f0911bd2c76dbdd83468b9a3b1be5d9b9cce350f43402b49ed18	86	screening-v1/batch-0901/submit_screening
0ed6ca31ca870f0df83183c0919bdaf163cda39fb527ab883def1091b8ecfc02	8577	screening-v1/batch-0901/trace.jsonl
78541aa135028eac6d8218e77b47513a5a9d2dff0514f4523ee56499db5d1b0a	4766	screening-v1/batch-0902/batch.json
a19cf1de9c1fbb932807191dc75f7ecdaa6e2d604df47efa3a2a95896514a55f	3815	screening-v1/batch-0902/decisions.jsonl
06c8a354437ec1e2a18c694d64366c99c1abe3674e810e8e610a5c7cbe15ed5d	44	screening-v1/batch-0902/final.txt
70cfd782b1d179eb1a4e9f1f3f1367420de9e7b6e900de5d6a82ac9a49410115	38246	screening-v1/batch-0902/input.md
2532df9ba46ccc50348f3e05c46b7c472df593cc491557d443e59f0989cf55ae	450	screening-v1/batch-0902/run.json
e3b0c44298fc1c149afbf4c8996fb92427ae41e4649b934ca495991b7852b855	0	screening-v1/batch-0902/stderr.txt
d2c78a545e32f0911bd2c76dbdd83468b9a3b1be5d9b9cce350f43402b49ed18	86	screening-v1/batch-0902/submit_screening
705eb14eee64fdd3c6ad085ebcbac9bd71d564527392293122672cf47a8440ad	9114	screening-v1/batch-0902/trace.jsonl
792ac70880449e860fcbcd55f8cd6f952ea6d131f4e610529e31f36294d3cc1e	4761	screening-v1/batch-0903/batch.json
db787b0ca0cca5670c404655121f1c0ddfbc4b8e5c1f8594b8edeeed62fafa8c	3828	screening-v1/batch-0903/decisions.jsonl
23a75b1ba4f65b54f62e596d1d6cdcf5f10199bb7d17da6ac2a15905a894247e	78	screening-v1/batch-0903/final.txt
e2ce2f821149e1bc295d819bf53d54d30253334a4c6fd6d2f16dc736bfac8f0f	38750	screening-v1/batch-0903/input.md
e969248a4f08acea08da129d94a4ef63779e4b4c3c8321b2bfcbd1077cb451fc	450	screening-v1/batch-0903/run.json
e3b0c44298fc1c149afbf4c8996fb92427ae41e4649b934ca495991b7852b855	0	screening-v1/batch-0903/stderr.txt
d2c78a545e32f0911bd2c76dbdd83468b9a3b1be5d9b9cce350f43402b49ed18	86	screening-v1/batch-0903/submit_screening
6253531df4479d3fcbf00c5f5702a7df9abf73374db57b4629bc086c5d9be562	8857	screening-v1/batch-0903/trace.jsonl
5a122a4b078dc829ac19d9c4eaa22c1a6ce6b8d4bf55a341e4d4f54c131689ee	4903	screening-v1/batch-0904/batch.json
a1e4a39d7b2abbe3bdb821b39279fa9c9d12d2394c87da3b0700e739f28f320c	3610	screening-v1/batch-0904/decisions.jsonl
01da75f35c59f3599b00edb2a467cb0f97025f4318d73f3506ab8416bc9e981c	83	screening-v1/batch-0904/final.txt
41962882b75c7d5e0520f3baff07e031c4d19efa972cba2757234f14224a642b	33460	screening-v1/batch-0904/input.md
469544e1fe52b98a39d2a3858c47a8507cc050376d0438bc4137c34b13ae6971	450	screening-v1/batch-0904/run.json
e3b0c44298fc1c149afbf4c8996fb92427ae41e4649b934ca495991b7852b855	0	screening-v1/batch-0904/stderr.txt
d2c78a545e32f0911bd2c76dbdd83468b9a3b1be5d9b9cce350f43402b49ed18	86	screening-v1/batch-0904/submit_screening
c62b41635b7f95c8d04f8d0d1660fb35e1eb4430764c77b27a79407f0d10f0f3	8107	screening-v1/batch-0904/trace.jsonl
044e062eba1334bb6ba4b91376ea8b8a2ae28ef0122c5a1ba8062670f160c745	4570	screening-v1/batch-0905/batch.json
21860e5f003cb1409c5394fd95ae2d6cacd1f8cf231330cd78e528aab056a398	3489	screening-v1/batch-0905/decisions.jsonl
41c4f07a292062af7f979ee89f187936c09df5016404945200e28af0fe8dc0e3	67	screening-v1/batch-0905/final.txt
d8627cd3b4c51289d8bf09652726d8369d15c4a20e4dc436cd82940538007fa1	32532	screening-v1/batch-0905/input.md
6fcd4752e5d6ccf7fe5d31f45f15af0bbfb4c52f8c88114846dc662ba80263d7	450	screening-v1/batch-0905/run.json
e3b0c44298fc1c149afbf4c8996fb92427ae41e4649b934ca495991b7852b855	0	screening-v1/batch-0905/stderr.txt
d2c78a545e32f0911bd2c76dbdd83468b9a3b1be5d9b9cce350f43402b49ed18	86	screening-v1/batch-0905/submit_screening
f08ed1ded1b8ac7999d9237c0a56e15fa328faadcff2a4dee5ddbd320d2e024d	7819	screening-v1/batch-0905/trace.jsonl
076f8e255730a8e72d3bb89ff0d320071d79dd11774677b24469a3f511fd1c93	4783	screening-v1/batch-0906/batch.json
ae1780c24c4785d1ad5e108b9121d303d6f5324665621484f9cbac73ad1ba98a	3627	screening-v1/batch-0906/decisions.jsonl
8a7293b3e7626cd6aa853d9ed083ee9ac12aee8e8dbf625ca4913d6a3f7f61fa	83	screening-v1/batch-0906/final.txt
6e78f4a7f14889150ece517ad35c9a0cf84848a1f203b551f1ad7b279022da38	36942	screening-v1/batch-0906/input.md
adbb040d2f6dd1997c0a901fe7bfabcf508bc8eaf3818e8cb3810e21bfb85483	450	screening-v1/batch-0906/run.json
e3b0c44298fc1c149afbf4c8996fb92427ae41e4649b934ca495991b7852b855	0	screening-v1/batch-0906/stderr.txt
d2c78a545e32f0911bd2c76dbdd83468b9a3b1be5d9b9cce350f43402b49ed18	86	screening-v1/batch-0906/submit_screening
2c4e6eb8a8264fbe3f73432a9da557070be48cab19c78002985756149a893f61	8298	screening-v1/batch-0906/trace.jsonl
8b1bd2cf1b0ff05543de32598e95d2a8f33cc27ba38775d6c3b3c7d20d6af029	4754	screening-v1/batch-0907/batch.json
c06b1caa89448e7e54622733dd0885a3ffee5775b78cde76cd8941c13c8e673a	4128	screening-v1/batch-0907/decisions.jsonl
6824e4acfd0c951221fbb12f834a1008062d205af70fb4ce9aa62434b59ac897	64	screening-v1/batch-0907/final.txt
3dfe93d6f3529fcfba96a66eb39af9ccd11b092d8555a08906c806460d73a7ec	38399	screening-v1/batch-0907/input.md
690b204bfb847abfcd24084a953ef7eda2e1e72e7386c8e58febae62ed5b0856	450	screening-v1/batch-0907/run.json
e3b0c44298fc1c149afbf4c8996fb92427ae41e4649b934ca495991b7852b855	0	screening-v1/batch-0907/stderr.txt
d2c78a545e32f0911bd2c76dbdd83468b9a3b1be5d9b9cce350f43402b49ed18	86	screening-v1/batch-0907/submit_screening
aea4eaa7f4521cddd204e6c125349219272851dfecaff45a7352f1e996e8f2a3	9290	screening-v1/batch-0907/trace.jsonl
da7981b0a4999146e8471f0c283f49d81970eb641a54150d8a2ba89bcf823a32	4861	screening-v1/batch-0908/batch.json
9c83707bab47e74a7728bdf4a9a8146773db528a540bc45a98d646195611393e	3535	screening-v1/batch-0908/decisions.jsonl
e5c26e8a32e0d0e005e62dcaf8221b9b506e599d2360fb679244b7c3f3e1fcaf	58	screening-v1/batch-0908/final.txt
66b38000b33cc037f2592f35ceb5ec8e0c4d185dbc11a509bcfd789ea288bf90	33987	screening-v1/batch-0908/input.md
d267a5b41938416561c0db5a8634a863a0eab1d9ccfedd10cff736243989708e	450	screening-v1/batch-0908/run.json
e3b0c44298fc1c149afbf4c8996fb92427ae41e4649b934ca495991b7852b855	0	screening-v1/batch-0908/stderr.txt
d2c78a545e32f0911bd2c76dbdd83468b9a3b1be5d9b9cce350f43402b49ed18	86	screening-v1/batch-0908/submit_screening
8d5b9d65f0a96e30e528aa0ff7a9336f90e9176be8b8d552a1ea6feed580e19d	8404	screening-v1/batch-0908/trace.jsonl
74678d7a6dfeea01afa875e8c859e6d191e0ee487b70646d1b8849f1a160c724	4349	screening-v1/batch-0909/batch.json
fcd4b45eff285749c1c684eabc9000f86ef323ebf7754263befb1e41477aba16	3460	screening-v1/batch-0909/decisions.jsonl
e17a295da5a7dde1573e49cb2a883c8164d28700a2a5fbc8a624bdc975a75b43	52	screening-v1/batch-0909/final.txt
8352a2c670c74b9022c03730ae2ea80100a7d48dc86cbc1943d7d7df71c643ff	30375	screening-v1/batch-0909/input.md
17341ba8bf583d2750659c719ec1af4b945da1cb17827efe7baa52396b35bfe8	450	screening-v1/batch-0909/run.json
e3b0c44298fc1c149afbf4c8996fb92427ae41e4649b934ca495991b7852b855	0	screening-v1/batch-0909/stderr.txt
d2c78a545e32f0911bd2c76dbdd83468b9a3b1be5d9b9cce350f43402b49ed18	86	screening-v1/batch-0909/submit_screening
9d58ac6b92590ec57981cf66839a802f92d1857af933e6b876ed6f3e921b9028	8244	screening-v1/batch-0909/trace.jsonl
cc89150af423379f46d71837b10a6e0be9aea8400bddb2e1bc40f567741c3bbe	4765	screening-v1/batch-0910/batch.json
2b8d8a993655f579878c05f1f79a257e0c28bf05ad1403555b260b083bb4c4ab	3396	screening-v1/batch-0910/decisions.jsonl
12bfc04b481060e14e256636c30ee7d70d6d1060b4debc9519c541a6666ade00	55	screening-v1/batch-0910/final.txt
6d839202bd597a3774ade82ee197a248692074e93844319b8b5d2be4d74298f9	32949	screening-v1/batch-0910/input.md
b155610ce71bb9b2d1fcc5de518a66839243599dae5529c69807bb64fbabb0b8	450	screening-v1/batch-0910/run.json
e3b0c44298fc1c149afbf4c8996fb92427ae41e4649b934ca495991b7852b855	0	screening-v1/batch-0910/stderr.txt
d2c78a545e32f0911bd2c76dbdd83468b9a3b1be5d9b9cce350f43402b49ed18	86	screening-v1/batch-0910/submit_screening
da9e128ed64694337c11858e65d771ed3a19d604dd570c0addd5229840813a27	8139	screening-v1/batch-0910/trace.jsonl
079a892f065e687053a08e20eee1b375647b51ce6d44babdcb6777f8efbe7b2e	4507	screening-v1/batch-0911/batch.json
a935dbad8288e9bdace1304fcd1c451f2aa2a95083697ab5b5b72f94740334de	3277	screening-v1/batch-0911/decisions.jsonl
fd1402e60d49e911276888ec81d7e8568f53ff61982a46ba33af3f4f120b5f57	52	screening-v1/batch-0911/final.txt
ac93e7ae37d30aa48d15b564356af1b7baab060d886f352166abd1a722f1e8b1	28253	screening-v1/batch-0911/input.md
9e215f4318a60f98df45828d34e0672744007afd47210ade8e6412b3834bf683	450	screening-v1/batch-0911/run.json
e3b0c44298fc1c149afbf4c8996fb92427ae41e4649b934ca495991b7852b855	0	screening-v1/batch-0911/stderr.txt
d2c78a545e32f0911bd2c76dbdd83468b9a3b1be5d9b9cce350f43402b49ed18	86	screening-v1/batch-0911/submit_screening
3ba80ded40a6c9b4cbefbc33e774639cd224a0972b5d598867e7b7f88c9d8232	14322	screening-v1/batch-0911/trace.jsonl
61a20ef2acd0ed2b9f8d6d74461f96d1b4e7421afb8f119cd76ea599e75f1f5a	4657	screening-v1/batch-0912/batch.json
46007abda7f754e46faaf2ca6293f7c112a55461983849a5654cf72f21426d2b	3386	screening-v1/batch-0912/decisions.jsonl
6884979ea2b29f2a00ae4ae87758fb6113c63cf3cbf431915bc5e356f61dcc91	52	screening-v1/batch-0912/final.txt
5818839d3a4132794b69e5d2ed507f91757b3dc6a9f2c878950e7759709474ee	33582	screening-v1/batch-0912/input.md
7570713bb0b5a818c02e6535e64914310bb5c6d6b17303aa53978c9dc1f58da8	450	screening-v1/batch-0912/run.json
e3b0c44298fc1c149afbf4c8996fb92427ae41e4649b934ca495991b7852b855	0	screening-v1/batch-0912/stderr.txt
d2c78a545e32f0911bd2c76dbdd83468b9a3b1be5d9b9cce350f43402b49ed18	86	screening-v1/batch-0912/submit_screening
fe17588a800b34f9de4d4718daeac6556f93e8c5ff5cedcfd7f43febe4795ca0	8402	screening-v1/batch-0912/trace.jsonl
3d305d894517ce6e242a0a3efde2104350bfc0a11e4097b0799b9a124a996369	4843	screening-v1/batch-0913/batch.json
73f72a9c931fbe5bb4229430fef6980474edac47551f266626949ff2edec2042	3536	screening-v1/batch-0913/decisions.jsonl
0b4f348970fa7aeb833f9ff5c93eab618da08fd11a8d6e0e9ee3f6e6bbdba839	55	screening-v1/batch-0913/final.txt
26bd12531ef45929b1bd5f88484ad50b0f94b0fa52db9631c83820a666e85487	29844	screening-v1/batch-0913/input.md
3c6027820449a1e59234a08e2c679c0c0508ceac26a79c6966b406149d5df936	450	screening-v1/batch-0913/run.json
e3b0c44298fc1c149afbf4c8996fb92427ae41e4649b934ca495991b7852b855	0	screening-v1/batch-0913/stderr.txt
d2c78a545e32f0911bd2c76dbdd83468b9a3b1be5d9b9cce350f43402b49ed18	86	screening-v1/batch-0913/submit_screening
d85500d3cd545c51d268a5d4be2c014e4b2c5bc572d691a3fb822809d62d0c70	8233	screening-v1/batch-0913/trace.jsonl
a4a13f4dce694221d0557cd8dd4f224f2579cc99ee5635d6486acffe12ceb78f	4627	screening-v1/batch-0914/batch.json
4290c6fddb480b8332dfb6235dc0b99b94efc0c8d6d894ccbefb51ba66f8c03e	3579	screening-v1/batch-0914/decisions.jsonl
36dde2b7258b160d85ee16eaa355245af67075235e97a7e5c1384f2d39539b15	62	screening-v1/batch-0914/final.txt
29b1d502e7c9fa6611c7c36bccf46ef040e75b78077389efd91190282419dcc7	28516	screening-v1/batch-0914/input.md
445727044c79bed850771088c50c433f181d5e7973e4c09b57aad4b3f1559f54	450	screening-v1/batch-0914/run.json
e3b0c44298fc1c149afbf4c8996fb92427ae41e4649b934ca495991b7852b855	0	screening-v1/batch-0914/stderr.txt
d2c78a545e32f0911bd2c76dbdd83468b9a3b1be5d9b9cce350f43402b49ed18	86	screening-v1/batch-0914/submit_screening
69c20593a24733e71a7b613042236c7060fdc0bfac0bf69765a44ff2b0565cb1	8775	screening-v1/batch-0914/trace.jsonl
c8cc2ea7285bcdf855eaf15d43b61c2b781aa7efb81af7d075009d3317e4e791	4618	screening-v1/batch-0915/batch.json
e9e400dfddbeb929e236fb0920180812d54319b93117b62dfbcb023c1dfedebf	3986	screening-v1/batch-0915/decisions.jsonl
fd1402e60d49e911276888ec81d7e8568f53ff61982a46ba33af3f4f120b5f57	52	screening-v1/batch-0915/final.txt
2ac6aab864cf171bf186a73324fd88f041920129d7adb66aa720581e5e6f16a3	27511	screening-v1/batch-0915/input.md
58ddf31c53040c205ecda9a15b61ee0ffa02abef33e0f5fa1dcda2585a1eeafa	450	screening-v1/batch-0915/run.json
e3b0c44298fc1c149afbf4c8996fb92427ae41e4649b934ca495991b7852b855	0	screening-v1/batch-0915/stderr.txt
d2c78a545e32f0911bd2c76dbdd83468b9a3b1be5d9b9cce350f43402b49ed18	86	screening-v1/batch-0915/submit_screening
1b72aab173afdb00aeb11e05c691eb3d36d5e6b8b503f079768c1a6b194df7d7	15721	screening-v1/batch-0915/trace.jsonl
df5b3dfd0d3e3385eaa841b59ab9c4fbae14e896808a57edfaf1caa8635f2909	4321	screening-v1/batch-0916/batch.json
05c9e4a2b7265a9c880662d5e8376ad7209ea1d53d7376a03377a979370eb93e	3642	screening-v1/batch-0916/decisions.jsonl
6824e4acfd0c951221fbb12f834a1008062d205af70fb4ce9aa62434b59ac897	64	screening-v1/batch-0916/final.txt
e7b5d578701afc57121872f985ddaaf51fd6e806a392ddfc357616fd8d70b62f	20582	screening-v1/batch-0916/input.md
bfdc344d224323726fae736e8f4424706ce047e9dba7e31af836c0344be10854	450	screening-v1/batch-0916/run.json
e3b0c44298fc1c149afbf4c8996fb92427ae41e4649b934ca495991b7852b855	0	screening-v1/batch-0916/stderr.txt
d2c78a545e32f0911bd2c76dbdd83468b9a3b1be5d9b9cce350f43402b49ed18	86	screening-v1/batch-0916/submit_screening
98dba22cc71aafb5faf89a782746769e05311075e569a0dc3a1bdc90f1179e15	8546	screening-v1/batch-0916/trace.jsonl
35dc5003af5fc804d309c50b24451c983e6835789b3dfa07834bc57cfb716c7b	4576	screening-v1/batch-0917/batch.json
3120559fcd5eb7135e47de77e6d1b9c698a700c38b85fa37acdfeaf204d79ea5	3771	screening-v1/batch-0917/decisions.jsonl
6b18236e34d392c44e741ebd52a95d54e45e5c80526f7cdfdb0586da2acb1369	52	screening-v1/batch-0917/final.txt
1af4ef50aa0d1d82cd7221d3d780e9868770b9a54edddfc6311a6220a9fd6be6	25855	screening-v1/batch-0917/input.md
5daa9ee69354d04e6a68b9d52e9eb782e597d5f1bf1adaab1706795184593946	450	screening-v1/batch-0917/run.json
e3b0c44298fc1c149afbf4c8996fb92427ae41e4649b934ca495991b7852b855	0	screening-v1/batch-0917/stderr.txt
d2c78a545e32f0911bd2c76dbdd83468b9a3b1be5d9b9cce350f43402b49ed18	86	screening-v1/batch-0917/submit_screening
ddaae60274a0019451300c9929ddbfd7ce79665eedd54d0a8850da3759e6bd0e	15199	screening-v1/batch-0917/trace.jsonl
64d6249a19f904f5facc26fda7c19b22c28aa73228a9cd20bce9d71f36271291	2173	screening-v1/batch-0918/batch.json
cc0ed3dc6d97f09fded8d158e80d9fb87e5eb558f9a3dbb94c06b0f6d9a6b5bd	1629	screening-v1/batch-0918/decisions.jsonl
8314b27df5bc5a6b86419414baf2ececc4090999731ebe0238395a6f1ba941db	52	screening-v1/batch-0918/final.txt
e0a7dd62e0f2bff7385d256380a23f58cd1cc7ac1792473ee81cda00e92b668b	17289	screening-v1/batch-0918/input.md
2a2f456d8766073a0b2b6040765d0ac0f66ee0e086fbb3ad40fb114373039620	450	screening-v1/batch-0918/run.json
e3b0c44298fc1c149afbf4c8996fb92427ae41e4649b934ca495991b7852b855	0	screening-v1/batch-0918/stderr.txt
d2c78a545e32f0911bd2c76dbdd83468b9a3b1be5d9b9cce350f43402b49ed18	86	screening-v1/batch-0918/submit_screening
13e5fa93abed1452aab9f351a6ef4813333c6d8e65315e7550eceb837ad92424	4229	screening-v1/batch-0918/trace.jsonl
b18cef38516f8608ed694877abb0822ae96652010529d0a8bd2ed3a3123bdc1e	4479551	screening-v1/excluded.csv
44c47ef0bdabad052449b231fbc371e21bc9fa49a590fac67b6225aa8979d92f	479	screening-v1/progress.json
44c47ef0bdabad052449b231fbc371e21bc9fa49a590fac67b6225aa8979d92f	479	screening-v1/results-summary.json
ede737e32e81aae9bbd9e5efc8fe9670083f3a8ece1cbbe8f7a5dbfd3ef752f0	5413179	screening-v1/results.csv
4bca0aaaf1bd294f08e63e5d46119559e58dd25065207d85994a16eda53ea9ba	933693	screening-v1/retained.csv
c9995e9ff8e8628a6fdce5170c2acce88959f71faf5e07ff96aedf480615ce2c	526981	screening-v1/selection.json
75397c1bdef01b3831aafb1d823aeae429b8dd5ac6ebaf27b33b7c188e895123	189	screening-v1-validation/EVALUATION.md
f08214947079d7ed660fc3ac69aafb3f53d96d1a80acfaf123c216fd695acefd	6082	screening-v1-validation/SYSTEM.md
1693748dfc82a901a308f6f4d8d255f50642debbdd2b543bd0b1e4580d86f4a1	5511	screening-v1-validation/batch-0001/batch.json
5453081a077866228172e539f3bdc54b0ee28f54e30207ac3f56c668a6fd5ce0	3756	screening-v1-validation/batch-0001/decisions.jsonl
8a7293b3e7626cd6aa853d9ed083ee9ac12aee8e8dbf625ca4913d6a3f7f61fa	83	screening-v1-validation/batch-0001/final.txt
e52a20f11a82f63a3520caf166804d5aaa0573107571beb3624c45675ff418ba	44805	screening-v1-validation/batch-0001/input.md
4e460f9dccb12ab9846bd2ff9642ca147b8ba218720ca028c8686c3baafe2124	461	screening-v1-validation/batch-0001/run.json
e3b0c44298fc1c149afbf4c8996fb92427ae41e4649b934ca495991b7852b855	0	screening-v1-validation/batch-0001/stderr.txt
d2c78a545e32f0911bd2c76dbdd83468b9a3b1be5d9b9cce350f43402b49ed18	86	screening-v1-validation/batch-0001/submit_screening
2a3cafb5810ba307bd556d7d0d81f4715af1205e217659535420f600df3109f3	8553	screening-v1-validation/batch-0001/trace.jsonl
bf5be331203fab977ba76a4e751918a332d248ea08bf0ee555ebd9611bd1d77d	5413	screening-v1-validation/batch-0002/batch.json
4d5c9aa8ea095c2365a9da4ed06f07454a8a2797612ba3c6b68cc326c0a7ad2c	3729	screening-v1-validation/batch-0002/decisions.jsonl
67e1405cca3676492de054f7a4efaab8b1b443f6ee82a04a74b4d9d782548c5d	89	screening-v1-validation/batch-0002/final.txt
30db97a7fdf79b877485d507264a7a1222e10bafcc729b0712da3f597b2c588d	43648	screening-v1-validation/batch-0002/input.md
639746a253c50bd30ad44adae40141a6e7bea4b1996bee39c8242c2e25de8ec9	461	screening-v1-validation/batch-0002/run.json
e3b0c44298fc1c149afbf4c8996fb92427ae41e4649b934ca495991b7852b855	0	screening-v1-validation/batch-0002/stderr.txt
d2c78a545e32f0911bd2c76dbdd83468b9a3b1be5d9b9cce350f43402b49ed18	86	screening-v1-validation/batch-0002/submit_screening
425a23f7c5994de05d2dfb43213b33e7f022b5550a6ed7bf754e018cfa8ea71b	8539	screening-v1-validation/batch-0002/trace.jsonl
92d3700676c99738717af1f61adc7068312afabbfbab0a9f57553e1045889921	5106	screening-v1-validation/batch-0003/batch.json
695baf748b00d7e7150a3f440b203239f7bdbabafc60e2fff796c6e54246cb05	3595	screening-v1-validation/batch-0003/decisions.jsonl
a5610833d694a1fe8752e2a77a713e8c21eda4c373ba0410cb8c4fea3ae0d341	84	screening-v1-validation/batch-0003/final.txt
29bfed2ac2ede81b15fd244acb1e87a42c4edd9cb2caf9aeab1e1c213b64d650	40202	screening-v1-validation/batch-0003/input.md
36cb4ad37e3521c3735fec4f5e7694f72830cc63f54458efbd4e0f4c3528b755	461	screening-v1-validation/batch-0003/run.json
e3b0c44298fc1c149afbf4c8996fb92427ae41e4649b934ca495991b7852b855	0	screening-v1-validation/batch-0003/stderr.txt
d2c78a545e32f0911bd2c76dbdd83468b9a3b1be5d9b9cce350f43402b49ed18	86	screening-v1-validation/batch-0003/submit_screening
87db2c629af174b88e399b33a299da244a8a64057e6604bf6155c4e0508113b3	8363	screening-v1-validation/batch-0003/trace.jsonl
f7cfd1b90f05df8efe171f389283513dc4178ea69c47f7f373174cf957255707	5294	screening-v1-validation/batch-0004/batch.json
64340376889401bbb1ee2b042a98230543be68524a569ba3e528b057a47b101d	3706	screening-v1-validation/batch-0004/decisions.jsonl
c03f43623db73cc77c8fd1bcc731a07737c9ee0b673c9a701ba7fc889a322481	83	screening-v1-validation/batch-0004/final.txt
ac6ccc752da82c59248db84d6b80b488420faffc30da4404c138fd616c2037da	40795	screening-v1-validation/batch-0004/input.md
61693b24672140b063da215af706d68eb77f02a40b2c9e87794173e89f45028b	461	screening-v1-validation/batch-0004/run.json
e3b0c44298fc1c149afbf4c8996fb92427ae41e4649b934ca495991b7852b855	0	screening-v1-validation/batch-0004/stderr.txt
d2c78a545e32f0911bd2c76dbdd83468b9a3b1be5d9b9cce350f43402b49ed18	86	screening-v1-validation/batch-0004/submit_screening
bd60d29076d7f2d13800b229f5e33263c4f029efe876d9703a0667d56f25e692	8848	screening-v1-validation/batch-0004/trace.jsonl
4be3b1304c1ed6e4caab3f8c71667578538d711751edd284d5b572a24d27acc5	1797	screening-v1-validation/batch-0005/batch.json
d6eb508d39344237c6ad7e53c2b2f560748fdb8a40e8887177c32864cd9e468a	1147	screening-v1-validation/batch-0005/decisions.jsonl
8600758a790b0d28e913d3405526032cb239425eb69105d67ae89b8146a0ee9e	42	screening-v1-validation/batch-0005/final.txt
ce6699a4326db6ddd2a1f217a5b65af85a51d8ef850119bdb6348153e480e175	18380	screening-v1-validation/batch-0005/input.md
1ccbcf16669994a506a2f823556ea5b7426d49a78bd3f41576ffa0c791f13468	461	screening-v1-validation/batch-0005/run.json
e3b0c44298fc1c149afbf4c8996fb92427ae41e4649b934ca495991b7852b855	0	screening-v1-validation/batch-0005/stderr.txt
d2c78a545e32f0911bd2c76dbdd83468b9a3b1be5d9b9cce350f43402b49ed18	86	screening-v1-validation/batch-0005/submit_screening
1fef4f62bb4082b2b7ac2a21d0e901fdab04943a8ec72494c5350b09021c6de5	5178	screening-v1-validation/batch-0005/trace.jsonl
830b0b7d900b2635a20948cd3414c445f89742f76d35c1ce98dfb65434e37ad0	31565	screening-v1-validation/evaluation.csv
dccca99f5c626dba378fd15872e1636827fa5600942193f2a2fa9973659c31f6	1339	screening-v1-validation/evaluation.json
086c31142d5921e18da4fabad69dc7992ef7e6db3195a488cbbfac80536457b8	9908	screening-v1-validation/reference.csv
2db66e1439de043a1eac08aa4dcd076b9855fce7c4b50174f7e6be95ed684786	545	screening-v1-validation/results-summary.json
5d94461b541e000a7936a00178e986b6b2ab6d994584927ed796354ff8940e28	24878	screening-v1-validation/results.csv
587fe2286bd7c91faa04d6fbb26e44d9a5f80143ecf086c3969cb2014214cd4f	2869	screening-v1-validation/selection.json
d99b02bdb8a44e17a7aa7e4e166f68b9ebba875676847768a72acedb177773b9	926	source-union-summary.json
e2cd00f6f0874f685cc812ce99b44ba0b082485ceee8d93d36d0266af0810566	120819	source-union-title-year-identifier-variants.csv
f5a39d23c8ce266e3c3dba827bc30511cf8a5d13f4503311ed9f8c8bc1d04fe1	270	source-union-validation.json
8b6cc8a18735038a58ba03a79e8121f25ec6ca81da4b9673b3ab3e3529f76204	59879150	source-union.jsonl
