source,target,coauthored_paper_count,layout_distance,publication_ids,dois
person:eqmember:17944,person:eqmember:18019,17,0.242536,doi:10.1002/ppul.71031;doi:10.1007/s10198-021-01309-w;doi:10.1007/s10198-023-01647-x;doi:10.1007/s10198-024-01669-z;doi:10.1007/s11136-021-03075-x;doi:10.1007/s11136-024-03669-1;doi:10.1007/s11136-025-04038-2;doi:10.1007/s40273-022-01216-9;doi:10.1007/s40273-025-01519-7;doi:10.1016/j.jval.2019.06.008;doi:10.1016/j.jval.2023.03.003;doi:10.1016/j.jval.2024.06.018;doi:10.1016/j.jval.2025.11.005;doi:10.1016/j.vhri.2025.101501;doi:10.1186/s12955-023-02131-z;doi:10.1186/s12955-026-02521-z;doi:10.22541/au.169215780.00019852/v1,10.1002/ppul.71031;10.1007/s10198-021-01309-w;10.1007/s10198-023-01647-x;10.1007/s10198-024-01669-z;10.1007/s11136-021-03075-x;10.1007/s11136-024-03669-1;10.1007/s11136-025-04038-2;10.1007/s40273-022-01216-9;10.1007/s40273-025-01519-7;10.1016/j.jval.2019.06.008;10.1016/j.jval.2023.03.003;10.1016/j.jval.2024.06.018;10.1016/j.jval.2025.11.005;10.1016/j.vhri.2025.101501;10.1186/s12955-023-02131-z;10.1186/s12955-026-02521-z;10.22541/au.169215780.00019852/v1
person:eqmember:17807,person:eqmember:17946,16,0.25,doi:10.1007/s10198-018-0993-z;doi:10.1007/s40271-023-00647-6;doi:10.1007/s40271-024-00715-5;doi:10.1007/s40271-025-00729-7;doi:10.1007/s40271-025-00787-x;doi:10.1007/s40273-021-01109-3;doi:10.1007/s40273-023-01330-2;doi:10.1007/s40273-024-01354-2;doi:10.1007/s40273-024-01355-1;doi:10.1007/s40273-024-01379-7;doi:10.1007/s40273-024-01382-y;doi:10.1016/j.jval.2018.05.002;doi:10.1016/j.jval.2025.07.016;doi:10.1136/archdischild-2025-329475;doi:10.3390/children10101604;doi:10.3390/children8080714,10.1007/s10198-018-0993-z;10.1007/s40271-023-00647-6;10.1007/s40271-024-00715-5;10.1007/s40271-025-00729-7;10.1007/s40271-025-00787-x;10.1007/s40273-021-01109-3;10.1007/s40273-023-01330-2;10.1007/s40273-024-01354-2;10.1007/s40273-024-01355-1;10.1007/s40273-024-01379-7;10.1007/s40273-024-01382-y;10.1016/j.jval.2018.05.002;10.1016/j.jval.2025.07.016;10.1136/archdischild-2025-329475;10.3390/children10101604;10.3390/children8080714
person:eqmember:17946,person:leader:50cca9cff5d9,14,0.267261,doi:10.1007/s10198-025-01804-4;doi:10.1007/s11136-025-03990-3;doi:10.1007/s11136-025-03996-x;doi:10.1007/s11136-025-04150-3;doi:10.1007/s40273-023-01330-2;doi:10.1007/s40273-024-01354-2;doi:10.1007/s40273-024-01355-1;doi:10.1007/s40273-024-01379-7;doi:10.1007/s40273-024-01382-y;doi:10.1007/s40273-025-01493-0;doi:10.1016/j.jval.2025.04.2161;doi:10.1136/archdischild-2025-329475;doi:10.3390/children10101604;doi:10.3390/children8080714,10.1007/s10198-025-01804-4;10.1007/s11136-025-03990-3;10.1007/s11136-025-03996-x;10.1007/s11136-025-04150-3;10.1007/s40273-023-01330-2;10.1007/s40273-024-01354-2;10.1007/s40273-024-01355-1;10.1007/s40273-024-01379-7;10.1007/s40273-024-01382-y;10.1007/s40273-025-01493-0;10.1016/j.jval.2025.04.2161;10.1136/archdischild-2025-329475;10.3390/children10101604;10.3390/children8080714
person:eqmember:17861,person:eqmember:17895,13,0.27735,doi:10.1007/s11136-019-02156-2;doi:10.1007/s11136-019-02256-z;doi:10.1007/s11136-020-02496-4;doi:10.1007/s11136-024-03754-5;doi:10.1016/j.burns.2020.08.015;doi:10.1186/s12955-019-1139-4;doi:10.1186/s12955-020-01394-0;doi:10.1186/s12955-020-01404-1;doi:10.1186/s12955-021-01771-3;doi:10.1186/s41687-021-00406-x;doi:10.3389/fepid.2023.1144162;doi:10.3389/fpubh.2021.744405;doi:10.3390/nu16162591,10.1007/s11136-019-02156-2;10.1007/s11136-019-02256-z;10.1007/s11136-020-02496-4;10.1007/s11136-024-03754-5;10.1016/j.burns.2020.08.015;10.1186/s12955-019-1139-4;10.1186/s12955-020-01394-0;10.1186/s12955-020-01404-1;10.1186/s12955-021-01771-3;10.1186/s41687-021-00406-x;10.3389/fepid.2023.1144162;10.3389/fpubh.2021.744405;10.3390/nu16162591
person:eqmember:17875,person:eqmember:18019,13,0.27735,doi:10.1002/ppul.71031;doi:10.1007/s10198-023-01647-x;doi:10.1007/s10198-024-01669-z;doi:10.1007/s10198-024-01710-1;doi:10.1007/s11136-021-03075-x;doi:10.1007/s11136-024-03669-1;doi:10.1007/s11136-025-03917-y;doi:10.1007/s11136-025-04038-2;doi:10.1007/s40273-025-01473-4;doi:10.1016/j.jval.2019.06.008;doi:10.1016/j.vhri.2025.101501;doi:10.1136/bmjopen-2025-102509;doi:10.22541/au.169215780.00019852/v1,10.1002/ppul.71031;10.1007/s10198-023-01647-x;10.1007/s10198-024-01669-z;10.1007/s10198-024-01710-1;10.1007/s11136-021-03075-x;10.1007/s11136-024-03669-1;10.1007/s11136-025-03917-y;10.1007/s11136-025-04038-2;10.1007/s40273-025-01473-4;10.1016/j.jval.2019.06.008;10.1016/j.vhri.2025.101501;10.1136/bmjopen-2025-102509;10.22541/au.169215780.00019852/v1
person:eqmember:17861,person:eqmember:19005,12,0.288675,doi:10.1007/s11136-019-02156-2;doi:10.1007/s11136-020-02496-4;doi:10.1007/s11136-024-03754-5;doi:10.1007/s40273-018-0623-8;doi:10.1007/s40273-022-01172-4;doi:10.1016/j.burns.2020.08.015;doi:10.1186/s12955-020-01394-0;doi:10.1186/s12955-021-01771-3;doi:10.1186/s41687-021-00406-x;doi:10.3389/fepid.2023.1144162;doi:10.3389/fpubh.2021.744405;doi:10.3390/nu16162591,10.1007/s11136-019-02156-2;10.1007/s11136-020-02496-4;10.1007/s11136-024-03754-5;10.1007/s40273-018-0623-8;10.1007/s40273-022-01172-4;10.1016/j.burns.2020.08.015;10.1186/s12955-020-01394-0;10.1186/s12955-021-01771-3;10.1186/s41687-021-00406-x;10.3389/fepid.2023.1144162;10.3389/fpubh.2021.744405;10.3390/nu16162591
person:eqmember:17895,person:orcid:0000-0002-4331-3141,12,0.288675,doi:10.1007/s11136-019-02156-2;doi:10.1007/s11136-019-02256-z;doi:10.1007/s11136-020-02496-4;doi:10.1007/s11136-021-03069-9;doi:10.1016/j.burns.2020.08.015;doi:10.1186/s12955-019-1139-4;doi:10.1186/s12955-020-01394-0;doi:10.1186/s12955-020-01404-1;doi:10.1186/s12955-021-01771-3;doi:10.1186/s41687-021-00406-x;doi:10.3389/fpubh.2021.744405;doi:10.3390/nu16162591,10.1007/s11136-019-02156-2;10.1007/s11136-019-02256-z;10.1007/s11136-020-02496-4;10.1007/s11136-021-03069-9;10.1016/j.burns.2020.08.015;10.1186/s12955-019-1139-4;10.1186/s12955-020-01394-0;10.1186/s12955-020-01404-1;10.1186/s12955-021-01771-3;10.1186/s41687-021-00406-x;10.3389/fpubh.2021.744405;10.3390/nu16162591
person:leader:50cca9cff5d9,person:orcid:0000-0002-5332-5226,12,0.288675,doi:10.1007/s11136-025-03990-3;doi:10.1007/s11136-025-03996-x;doi:10.1007/s11136-026-04246-4;doi:10.1007/s40273-023-01330-2;doi:10.1007/s40273-024-01354-2;doi:10.1007/s40273-024-01355-1;doi:10.1007/s40273-024-01379-7;doi:10.1007/s40273-024-01382-y;doi:10.1016/j.jval.2025.04.2161;doi:10.1136/archdischild-2025-329475;doi:10.3390/children10101604;doi:10.3390/children8080714,10.1007/s11136-025-03990-3;10.1007/s11136-025-03996-x;10.1007/s11136-026-04246-4;10.1007/s40273-023-01330-2;10.1007/s40273-024-01354-2;10.1007/s40273-024-01355-1;10.1007/s40273-024-01379-7;10.1007/s40273-024-01382-y;10.1016/j.jval.2025.04.2161;10.1136/archdischild-2025-329475;10.3390/children10101604;10.3390/children8080714
person:eqmember:17861,person:orcid:0000-0002-4331-3141,11,0.301511,doi:10.1007/s11136-019-02156-2;doi:10.1007/s11136-019-02256-z;doi:10.1007/s11136-020-02496-4;doi:10.1016/j.burns.2020.08.015;doi:10.1186/s12955-019-1139-4;doi:10.1186/s12955-020-01394-0;doi:10.1186/s12955-020-01404-1;doi:10.1186/s12955-021-01771-3;doi:10.1186/s41687-021-00406-x;doi:10.3389/fpubh.2021.744405;doi:10.3390/nu16162591,10.1007/s11136-019-02156-2;10.1007/s11136-019-02256-z;10.1007/s11136-020-02496-4;10.1016/j.burns.2020.08.015;10.1186/s12955-019-1139-4;10.1186/s12955-020-01394-0;10.1186/s12955-020-01404-1;10.1186/s12955-021-01771-3;10.1186/s41687-021-00406-x;10.3389/fpubh.2021.744405;10.3390/nu16162591
person:eqmember:17946,person:orcid:0000-0002-5332-5226,11,0.301511,doi:10.1007/s11136-025-03990-3;doi:10.1007/s11136-025-03996-x;doi:10.1007/s40273-023-01330-2;doi:10.1007/s40273-024-01354-2;doi:10.1007/s40273-024-01355-1;doi:10.1007/s40273-024-01379-7;doi:10.1007/s40273-024-01382-y;doi:10.1016/j.jval.2025.04.2161;doi:10.1136/archdischild-2025-329475;doi:10.3390/children10101604;doi:10.3390/children8080714,10.1007/s11136-025-03990-3;10.1007/s11136-025-03996-x;10.1007/s40273-023-01330-2;10.1007/s40273-024-01354-2;10.1007/s40273-024-01355-1;10.1007/s40273-024-01379-7;10.1007/s40273-024-01382-y;10.1016/j.jval.2025.04.2161;10.1136/archdischild-2025-329475;10.3390/children10101604;10.3390/children8080714
person:eqmember:17807,person:eqmember:17976,10,0.316228,doi:10.1007/s11136-024-03817-7;doi:10.1007/s11136-025-03983-2;doi:10.1007/s11136-026-04315-8;doi:10.1007/s40271-023-00647-6;doi:10.1007/s40271-024-00715-5;doi:10.1007/s40271-025-00729-7;doi:10.1007/s40271-025-00735-9;doi:10.1007/s40271-025-00787-x;doi:10.1007/s40273-021-01109-3;doi:10.1016/j.vhri.2024.101045,10.1007/s11136-024-03817-7;10.1007/s11136-025-03983-2;10.1007/s11136-026-04315-8;10.1007/s40271-023-00647-6;10.1007/s40271-024-00715-5;10.1007/s40271-025-00729-7;10.1007/s40271-025-00735-9;10.1007/s40271-025-00787-x;10.1007/s40273-021-01109-3;10.1016/j.vhri.2024.101045
person:eqmember:17895,person:eqmember:19005,10,0.316228,doi:10.1007/s11136-019-02156-2;doi:10.1007/s11136-020-02496-4;doi:10.1007/s11136-024-03754-5;doi:10.1016/j.burns.2020.08.015;doi:10.1186/s12955-020-01394-0;doi:10.1186/s12955-021-01771-3;doi:10.1186/s41687-021-00406-x;doi:10.3389/fepid.2023.1144162;doi:10.3389/fpubh.2021.744405;doi:10.3390/nu16162591,10.1007/s11136-019-02156-2;10.1007/s11136-020-02496-4;10.1007/s11136-024-03754-5;10.1016/j.burns.2020.08.015;10.1186/s12955-020-01394-0;10.1186/s12955-021-01771-3;10.1186/s41687-021-00406-x;10.3389/fepid.2023.1144162;10.3389/fpubh.2021.744405;10.3390/nu16162591
person:eqmember:17946,person:eqmember:17998,10,0.316228,doi:10.1007/s10198-021-01306-z;doi:10.1007/s11136-025-03989-w;doi:10.1007/s40271-023-00647-6;doi:10.1007/s40271-024-00715-5;doi:10.1007/s40271-025-00729-7;doi:10.1007/s40271-025-00787-x;doi:10.1007/s40273-025-01493-0;doi:10.12688/wellcomeopenres.21408.2;doi:10.1371/journal.pone.0302886;doi:10.1371/journal.pone.0319227,10.1007/s10198-021-01306-z;10.1007/s11136-025-03989-w;10.1007/s40271-023-00647-6;10.1007/s40271-024-00715-5;10.1007/s40271-025-00729-7;10.1007/s40271-025-00787-x;10.1007/s40273-025-01493-0;10.12688/wellcomeopenres.21408.2;10.1371/journal.pone.0302886;10.1371/journal.pone.0319227
person:eqmember:17855,person:eqmember:17875,9,0.333333,doi:10.1007/s11136-016-1445-9;doi:10.1007/s11136-021-03075-x;doi:10.1007/s40273-017-0538-9;doi:10.1007/s40273-022-01210-1;doi:10.1016/j.vhri.2025.101121;doi:10.1186/s12889-018-5706-0;doi:10.1186/s12955-021-01889-4;doi:10.1186/s12955-022-01996-w;doi:10.1371/journal.pone.0197098,10.1007/s11136-016-1445-9;10.1007/s11136-021-03075-x;10.1007/s40273-017-0538-9;10.1007/s40273-022-01210-1;10.1016/j.vhri.2025.101121;10.1186/s12889-018-5706-0;10.1186/s12955-021-01889-4;10.1186/s12955-022-01996-w;10.1371/journal.pone.0197098
person:eqmember:17875,person:eqmember:17944,9,0.333333,doi:10.1002/ppul.71031;doi:10.1007/s10198-023-01647-x;doi:10.1007/s10198-024-01669-z;doi:10.1007/s11136-021-03075-x;doi:10.1007/s11136-024-03669-1;doi:10.1007/s11136-025-04038-2;doi:10.1016/j.jval.2019.06.008;doi:10.1016/j.vhri.2025.101501;doi:10.22541/au.169215780.00019852/v1,10.1002/ppul.71031;10.1007/s10198-023-01647-x;10.1007/s10198-024-01669-z;10.1007/s11136-021-03075-x;10.1007/s11136-024-03669-1;10.1007/s11136-025-04038-2;10.1016/j.jval.2019.06.008;10.1016/j.vhri.2025.101501;10.22541/au.169215780.00019852/v1
person:eqmember:17807,person:leader:50cca9cff5d9,8,0.353553,doi:10.1007/s40273-023-01330-2;doi:10.1007/s40273-024-01354-2;doi:10.1007/s40273-024-01355-1;doi:10.1007/s40273-024-01379-7;doi:10.1007/s40273-024-01382-y;doi:10.1136/archdischild-2025-329475;doi:10.3390/children10101604;doi:10.3390/children8080714,10.1007/s40273-023-01330-2;10.1007/s40273-024-01354-2;10.1007/s40273-024-01355-1;10.1007/s40273-024-01379-7;10.1007/s40273-024-01382-y;10.1136/archdischild-2025-329475;10.3390/children10101604;10.3390/children8080714
person:eqmember:17807,person:orcid:0000-0002-5332-5226,8,0.353553,doi:10.1007/s40273-023-01330-2;doi:10.1007/s40273-024-01354-2;doi:10.1007/s40273-024-01355-1;doi:10.1007/s40273-024-01379-7;doi:10.1007/s40273-024-01382-y;doi:10.1136/archdischild-2025-329475;doi:10.3390/children10101604;doi:10.3390/children8080714,10.1007/s40273-023-01330-2;10.1007/s40273-024-01354-2;10.1007/s40273-024-01355-1;10.1007/s40273-024-01379-7;10.1007/s40273-024-01382-y;10.1136/archdischild-2025-329475;10.3390/children10101604;10.3390/children8080714
person:eqmember:17855,person:leader:fbb9eb69f451,8,0.353553,doi:10.1007/s11136-016-1445-9;doi:10.1007/s40273-017-0538-9;doi:10.1007/s40273-022-01210-1;doi:10.1016/j.vhri.2025.101121;doi:10.1186/s12889-018-5706-0;doi:10.1186/s12955-021-01889-4;doi:10.1186/s12955-022-01996-w;doi:10.1371/journal.pone.0197098,10.1007/s11136-016-1445-9;10.1007/s40273-017-0538-9;10.1007/s40273-022-01210-1;10.1016/j.vhri.2025.101121;10.1186/s12889-018-5706-0;10.1186/s12955-021-01889-4;10.1186/s12955-022-01996-w;10.1371/journal.pone.0197098
person:eqmember:17875,person:leader:fbb9eb69f451,8,0.353553,doi:10.1007/s11136-016-1445-9;doi:10.1007/s40273-017-0538-9;doi:10.1007/s40273-022-01210-1;doi:10.1016/j.vhri.2025.101121;doi:10.1186/s12889-018-5706-0;doi:10.1186/s12955-021-01889-4;doi:10.1186/s12955-022-01996-w;doi:10.1371/journal.pone.0197098,10.1007/s11136-016-1445-9;10.1007/s40273-017-0538-9;10.1007/s40273-022-01210-1;10.1016/j.vhri.2025.101121;10.1186/s12889-018-5706-0;10.1186/s12955-021-01889-4;10.1186/s12955-022-01996-w;10.1371/journal.pone.0197098
person:eqmember:17895,person:orcid:0000-0001-9571-576x,8,0.353553,doi:10.1007/s11136-019-02256-z;doi:10.1007/s11136-021-03069-9;doi:10.1016/j.burns.2020.08.015;doi:10.1186/s12955-020-01394-0;doi:10.1186/s12955-020-01404-1;doi:10.1186/s12955-021-01771-3;doi:10.1186/s41687-021-00406-x;doi:10.3389/fpubh.2021.744405,10.1007/s11136-019-02256-z;10.1007/s11136-021-03069-9;10.1016/j.burns.2020.08.015;10.1186/s12955-020-01394-0;10.1186/s12955-020-01404-1;10.1186/s12955-021-01771-3;10.1186/s41687-021-00406-x;10.3389/fpubh.2021.744405
person:eqmember:17901,person:eqmember:17946,8,0.353553,doi:10.1007/s10198-018-0993-z;doi:10.1007/s10198-020-01205-9;doi:10.1007/s11136-025-03989-w;doi:10.1007/s40273-025-01545-5;doi:10.1016/j.jval.2018.05.002;doi:10.1177/0272989x21999607;doi:10.12688/wellcomeopenres.21408.2;doi:10.1371/journal.pone.0302886,10.1007/s10198-018-0993-z;10.1007/s10198-020-01205-9;10.1007/s11136-025-03989-w;10.1007/s40273-025-01545-5;10.1016/j.jval.2018.05.002;10.1177/0272989x21999607;10.12688/wellcomeopenres.21408.2;10.1371/journal.pone.0302886
person:eqmember:19005,person:orcid:0000-0002-4331-3141,8,0.353553,doi:10.1007/s11136-019-02156-2;doi:10.1007/s11136-020-02496-4;doi:10.1016/j.burns.2020.08.015;doi:10.1186/s12955-020-01394-0;doi:10.1186/s12955-021-01771-3;doi:10.1186/s41687-021-00406-x;doi:10.3389/fpubh.2021.744405;doi:10.3390/nu16162591,10.1007/s11136-019-02156-2;10.1007/s11136-020-02496-4;10.1016/j.burns.2020.08.015;10.1186/s12955-020-01394-0;10.1186/s12955-021-01771-3;10.1186/s41687-021-00406-x;10.3389/fpubh.2021.744405;10.3390/nu16162591
person:leader:50cca9cff5d9,person:orcid:0000-0003-3017-2770,8,0.353553,doi:10.1007/s11136-025-03990-3;doi:10.1007/s11136-025-03996-x;doi:10.1007/s11136-026-04246-4;doi:10.1007/s40273-023-01330-2;doi:10.1007/s40273-024-01354-2;doi:10.1136/archdischild-2025-329475;doi:10.3390/children10101604;doi:10.3390/children8080714,10.1007/s11136-025-03990-3;10.1007/s11136-025-03996-x;10.1007/s11136-026-04246-4;10.1007/s40273-023-01330-2;10.1007/s40273-024-01354-2;10.1136/archdischild-2025-329475;10.3390/children10101604;10.3390/children8080714
person:orcid:0000-0001-9571-576x,person:orcid:0000-0002-4331-3141,8,0.353553,doi:10.1007/s11136-019-02256-z;doi:10.1007/s11136-021-03069-9;doi:10.1016/j.burns.2020.08.015;doi:10.1186/s12955-020-01394-0;doi:10.1186/s12955-020-01404-1;doi:10.1186/s12955-021-01771-3;doi:10.1186/s41687-021-00406-x;doi:10.3389/fpubh.2021.744405,10.1007/s11136-019-02256-z;10.1007/s11136-021-03069-9;10.1016/j.burns.2020.08.015;10.1186/s12955-020-01394-0;10.1186/s12955-020-01404-1;10.1186/s12955-021-01771-3;10.1186/s41687-021-00406-x;10.3389/fpubh.2021.744405
person:orcid:0000-0002-5332-5226,person:orcid:0000-0003-3017-2770,8,0.353553,doi:10.1007/s11136-025-03990-3;doi:10.1007/s11136-025-03996-x;doi:10.1007/s11136-026-04246-4;doi:10.1007/s40273-023-01330-2;doi:10.1007/s40273-024-01354-2;doi:10.1136/archdischild-2025-329475;doi:10.3390/children10101604;doi:10.3390/children8080714,10.1007/s11136-025-03990-3;10.1007/s11136-025-03996-x;10.1007/s11136-026-04246-4;10.1007/s40273-023-01330-2;10.1007/s40273-024-01354-2;10.1136/archdischild-2025-329475;10.3390/children10101604;10.3390/children8080714
person:eqmember:17819,person:eqmember:17998,7,0.377964,doi:10.1007/s10198-021-01306-z;doi:10.1007/s10198-025-01769-4;doi:10.1007/s11136-020-02718-9;doi:10.1007/s11136-025-03989-w;doi:10.1016/j.jval.2024.05.007;doi:10.1186/s12955-026-02578-w;doi:10.12688/wellcomeopenres.21408.2,10.1007/s10198-021-01306-z;10.1007/s10198-025-01769-4;10.1007/s11136-020-02718-9;10.1007/s11136-025-03989-w;10.1016/j.jval.2024.05.007;10.1186/s12955-026-02578-w;10.12688/wellcomeopenres.21408.2
person:eqmember:17861,person:orcid:0000-0001-9571-576x,7,0.377964,doi:10.1007/s11136-019-02256-z;doi:10.1016/j.burns.2020.08.015;doi:10.1186/s12955-020-01394-0;doi:10.1186/s12955-020-01404-1;doi:10.1186/s12955-021-01771-3;doi:10.1186/s41687-021-00406-x;doi:10.3389/fpubh.2021.744405,10.1007/s11136-019-02256-z;10.1016/j.burns.2020.08.015;10.1186/s12955-020-01394-0;10.1186/s12955-020-01404-1;10.1186/s12955-021-01771-3;10.1186/s41687-021-00406-x;10.3389/fpubh.2021.744405
person:eqmember:17946,person:eqmember:17976,7,0.377964,doi:10.1007/s40271-023-00647-6;doi:10.1007/s40271-024-00715-5;doi:10.1007/s40271-025-00729-7;doi:10.1007/s40271-025-00787-x;doi:10.1007/s40273-015-0292-9;doi:10.1007/s40273-021-01109-3;doi:10.1371/journal.pone.0302886,10.1007/s40271-023-00647-6;10.1007/s40271-024-00715-5;10.1007/s40271-025-00729-7;10.1007/s40271-025-00787-x;10.1007/s40273-015-0292-9;10.1007/s40273-021-01109-3;10.1371/journal.pone.0302886
person:eqmember:17946,person:eqmember:18002,7,0.377964,doi:10.1007/s10198-025-01804-4;doi:10.1007/s10198-025-01852-w;doi:10.1007/s40273-021-01109-3;doi:10.1007/s40273-025-01493-0;doi:10.1016/j.jval.2025.04.2161;doi:10.1016/j.jval.2025.07.016;doi:10.1371/journal.pone.0319227,10.1007/s10198-025-01804-4;10.1007/s10198-025-01852-w;10.1007/s40273-021-01109-3;10.1007/s40273-025-01493-0;10.1016/j.jval.2025.04.2161;10.1016/j.jval.2025.07.016;10.1371/journal.pone.0319227
person:eqmember:17946,person:orcid:0000-0003-3017-2770,7,0.377964,doi:10.1007/s11136-025-03990-3;doi:10.1007/s11136-025-03996-x;doi:10.1007/s40273-023-01330-2;doi:10.1007/s40273-024-01354-2;doi:10.1136/archdischild-2025-329475;doi:10.3390/children10101604;doi:10.3390/children8080714,10.1007/s11136-025-03990-3;10.1007/s11136-025-03996-x;10.1007/s40273-023-01330-2;10.1007/s40273-024-01354-2;10.1136/archdischild-2025-329475;10.3390/children10101604;10.3390/children8080714
person:eqmember:17998,person:eqmember:21677,7,0.377964,doi:10.1007/s40271-024-00715-5;doi:10.1007/s40271-025-00749-3;doi:10.1016/j.jval.2025.04.2168;doi:10.1016/j.jval.2025.05.013;doi:10.1186/s12955-026-02579-9;doi:10.1371/journal.pone.0302886;doi:10.1371/journal.pone.0319227,10.1007/s40271-024-00715-5;10.1007/s40271-025-00749-3;10.1016/j.jval.2025.04.2168;10.1016/j.jval.2025.05.013;10.1186/s12955-026-02579-9;10.1371/journal.pone.0302886;10.1371/journal.pone.0319227
person:eqmember:18019,person:leader:73598c4735dd,7,0.377964,doi:10.1002/ppul.71031;doi:10.1007/s10198-021-01309-w;doi:10.1007/s10198-024-01669-z;doi:10.1007/s10198-024-01710-1;doi:10.1007/s40273-025-01473-4;doi:10.1136/bmjopen-2025-102509;doi:10.22541/au.169215780.00019852/v1,10.1002/ppul.71031;10.1007/s10198-021-01309-w;10.1007/s10198-024-01669-z;10.1007/s10198-024-01710-1;10.1007/s40273-025-01473-4;10.1136/bmjopen-2025-102509;10.22541/au.169215780.00019852/v1
person:eqmember:18019,person:leader:fa3dd095d626,7,0.377964,doi:10.1002/ppul.71031;doi:10.1007/s10198-021-01309-w;doi:10.1007/s10198-024-01669-z;doi:10.1007/s11136-025-03917-y;doi:10.1007/s40273-022-01216-9;doi:10.1016/j.jval.2023.03.003;doi:10.22541/au.169215780.00019852/v1,10.1002/ppul.71031;10.1007/s10198-021-01309-w;10.1007/s10198-024-01669-z;10.1007/s11136-025-03917-y;10.1007/s40273-022-01216-9;10.1016/j.jval.2023.03.003;10.22541/au.169215780.00019852/v1
person:eqmember:19813,person:leader:6fe4e81455db,7,0.377964,doi:10.1007/s10614-024-10637-x;doi:10.1007/s40271-024-00708-4;doi:10.1007/s40273-024-01444-1;doi:10.1097/mlr.0000000000002200;doi:10.1136/bmjopen-2023-077256;doi:10.1186/s12955-024-02271-w;doi:10.3390/econometrics11010004,10.1007/s10614-024-10637-x;10.1007/s40271-024-00708-4;10.1007/s40273-024-01444-1;10.1097/mlr.0000000000002200;10.1136/bmjopen-2023-077256;10.1186/s12955-024-02271-w;10.3390/econometrics11010004
person:eqmember:17805,person:eqmember:17845,6,0.408248,doi:10.1007/s10198-025-01857-5;doi:10.1007/s11136-025-03930-1;doi:10.1007/s11136-025-04145-0;doi:10.1177/0272989x261446644;doi:10.1186/s12955-024-02266-7;doi:10.1186/s12955-024-02323-1,10.1007/s10198-025-01857-5;10.1007/s11136-025-03930-1;10.1007/s11136-025-04145-0;10.1177/0272989x261446644;10.1186/s12955-024-02266-7;10.1186/s12955-024-02323-1
person:eqmember:17805,person:eqmember:17920,6,0.408248,doi:10.1007/s10198-025-01892-2;doi:10.1007/s40273-025-01476-1;doi:10.1016/j.jval.2024.05.016;doi:10.1177/0272989x251325828;doi:10.1186/s12955-024-02266-7;doi:10.1186/s12955-024-02323-1,10.1007/s10198-025-01892-2;10.1007/s40273-025-01476-1;10.1016/j.jval.2024.05.016;10.1177/0272989x251325828;10.1186/s12955-024-02266-7;10.1186/s12955-024-02323-1
person:eqmember:17807,person:eqmember:17911,6,0.408248,doi:10.1007/s11136-023-03372-7;doi:10.1007/s40271-023-00647-6;doi:10.1007/s40271-024-00715-5;doi:10.1007/s40271-025-00729-7;doi:10.1007/s40271-025-00787-x;doi:10.1007/s40273-025-01509-9,10.1007/s11136-023-03372-7;10.1007/s40271-023-00647-6;10.1007/s40271-024-00715-5;10.1007/s40271-025-00729-7;10.1007/s40271-025-00787-x;10.1007/s40273-025-01509-9
person:eqmember:17807,person:eqmember:19032,6,0.408248,doi:10.1007/s11136-024-03817-7;doi:10.1007/s11136-026-04315-8;doi:10.1007/s40273-023-01330-2;doi:10.1007/s40273-024-01379-7;doi:10.1007/s40273-024-01382-y;doi:10.3390/children10101604,10.1007/s11136-024-03817-7;10.1007/s11136-026-04315-8;10.1007/s40273-023-01330-2;10.1007/s40273-024-01379-7;10.1007/s40273-024-01382-y;10.3390/children10101604
person:eqmember:17837,person:eqmember:17875,6,0.408248,doi:10.1007/s10198-023-01647-x;doi:10.1007/s40273-022-01210-1;doi:10.1016/j.jval.2019.06.008;doi:10.1016/j.vhri.2025.101121;doi:10.1186/s12955-021-01889-4;doi:10.1186/s12955-022-01996-w,10.1007/s10198-023-01647-x;10.1007/s40273-022-01210-1;10.1016/j.jval.2019.06.008;10.1016/j.vhri.2025.101121;10.1186/s12955-021-01889-4;10.1186/s12955-022-01996-w
person:eqmember:17839,person:eqmember:19005,6,0.408248,doi:10.1007/s11136-024-03754-5;doi:10.1007/s11136-025-03983-2;doi:10.1007/s11136-025-04074-y;doi:10.3389/fepid.2023.1144162;doi:10.3389/fpubh.2021.744405;doi:10.3390/nu16162591,10.1007/s11136-024-03754-5;10.1007/s11136-025-03983-2;10.1007/s11136-025-04074-y;10.3389/fepid.2023.1144162;10.3389/fpubh.2021.744405;10.3390/nu16162591
person:eqmember:17845,person:leader:606823d7ed51,6,0.408248,doi:10.1007/s10198-025-01857-5;doi:10.1007/s11136-025-03925-y;doi:10.1016/j.jval.2024.12.003;doi:10.1016/j.jval.2025.05.015;doi:10.1177/0272989x261446644;doi:10.1186/s12955-024-02303-5,10.1007/s10198-025-01857-5;10.1007/s11136-025-03925-y;10.1016/j.jval.2024.12.003;10.1016/j.jval.2025.05.015;10.1177/0272989x261446644;10.1186/s12955-024-02303-5
person:eqmember:17875,person:leader:73598c4735dd,6,0.408248,doi:10.1002/ppul.71031;doi:10.1007/s10198-024-01669-z;doi:10.1007/s10198-024-01710-1;doi:10.1007/s40273-025-01473-4;doi:10.1136/bmjopen-2025-102509;doi:10.22541/au.169215780.00019852/v1,10.1002/ppul.71031;10.1007/s10198-024-01669-z;10.1007/s10198-024-01710-1;10.1007/s40273-025-01473-4;10.1136/bmjopen-2025-102509;10.22541/au.169215780.00019852/v1
person:eqmember:17893,person:eqmember:17924,6,0.408248,doi:10.1007/s40271-022-00573-z;doi:10.1007/s40273-016-0404-1;doi:10.1007/s40273-019-00876-4;doi:10.1016/j.jval.2014.11.005;doi:10.1016/j.jval.2018.05.002;doi:10.1016/j.jval.2021.10.013,10.1007/s40271-022-00573-z;10.1007/s40273-016-0404-1;10.1007/s40273-019-00876-4;10.1016/j.jval.2014.11.005;10.1016/j.jval.2018.05.002;10.1016/j.jval.2021.10.013
person:eqmember:17897,person:eqmember:17944,6,0.408248,doi:10.1007/s10198-023-01647-x;doi:10.1007/s11136-022-03143-w;doi:10.1007/s40273-016-0404-1;doi:10.1007/s40273-025-01519-7;doi:10.1016/j.jval.2024.06.018;doi:10.1017/s0266462326103602,10.1007/s10198-023-01647-x;10.1007/s11136-022-03143-w;10.1007/s40273-016-0404-1;10.1007/s40273-025-01519-7;10.1016/j.jval.2024.06.018;10.1017/s0266462326103602
person:eqmember:17930,person:eqmember:17944,6,0.408248,doi:10.1002/ppul.71031;doi:10.1007/s10198-021-01309-w;doi:10.1007/s10198-024-01669-z;doi:10.1186/s12955-024-02290-7;doi:10.22541/au.169215780.00019852/v1;doi:10.3961/jpmph.22.151,10.1002/ppul.71031;10.1007/s10198-021-01309-w;10.1007/s10198-024-01669-z;10.1186/s12955-024-02290-7;10.22541/au.169215780.00019852/v1;10.3961/jpmph.22.151
person:eqmember:17930,person:eqmember:18019,6,0.408248,doi:10.1002/ppul.71031;doi:10.1007/s10198-021-01309-w;doi:10.1007/s10198-024-01669-z;doi:10.1007/s10198-024-01710-1;doi:10.1007/s40273-025-01473-4;doi:10.22541/au.169215780.00019852/v1,10.1002/ppul.71031;10.1007/s10198-021-01309-w;10.1007/s10198-024-01669-z;10.1007/s10198-024-01710-1;10.1007/s40273-025-01473-4;10.22541/au.169215780.00019852/v1
person:eqmember:17930,person:leader:73598c4735dd,6,0.408248,doi:10.1002/ppul.71031;doi:10.1007/s10198-021-01309-w;doi:10.1007/s10198-024-01669-z;doi:10.1007/s10198-024-01710-1;doi:10.1007/s40273-025-01473-4;doi:10.22541/au.169215780.00019852/v1,10.1002/ppul.71031;10.1007/s10198-021-01309-w;10.1007/s10198-024-01669-z;10.1007/s10198-024-01710-1;10.1007/s40273-025-01473-4;10.22541/au.169215780.00019852/v1
person:eqmember:17944,person:leader:fa3dd095d626,6,0.408248,doi:10.1002/ppul.71031;doi:10.1007/s10198-021-01309-w;doi:10.1007/s10198-024-01669-z;doi:10.1007/s40273-022-01216-9;doi:10.1016/j.jval.2023.03.003;doi:10.22541/au.169215780.00019852/v1,10.1002/ppul.71031;10.1007/s10198-021-01309-w;10.1007/s10198-024-01669-z;10.1007/s40273-022-01216-9;10.1016/j.jval.2023.03.003;10.22541/au.169215780.00019852/v1
person:eqmember:17946,person:eqmember:17974,6,0.408248,doi:10.1007/s40273-021-01109-3;doi:10.1007/s40273-025-01476-1;doi:10.1007/s40273-025-01493-0;doi:10.1016/j.jval.2025.07.016;doi:10.1371/journal.pone.0302886;doi:10.1371/journal.pone.0319227,10.1007/s40273-021-01109-3;10.1007/s40273-025-01476-1;10.1007/s40273-025-01493-0;10.1016/j.jval.2025.07.016;10.1371/journal.pone.0302886;10.1371/journal.pone.0319227
person:leader:50cca9cff5d9,person:orcid:0000-0002-6451-2713,6,0.408248,doi:10.1007/s11136-026-04246-4;doi:10.1007/s40273-023-01330-2;doi:10.1007/s40273-024-01354-2;doi:10.1136/archdischild-2025-329475;doi:10.3390/children10101604;doi:10.3390/children8080714,10.1007/s11136-026-04246-4;10.1007/s40273-023-01330-2;10.1007/s40273-024-01354-2;10.1136/archdischild-2025-329475;10.3390/children10101604;10.3390/children8080714
person:orcid:0000-0002-5332-5226,person:orcid:0000-0002-6451-2713,6,0.408248,doi:10.1007/s11136-026-04246-4;doi:10.1007/s40273-023-01330-2;doi:10.1007/s40273-024-01354-2;doi:10.1136/archdischild-2025-329475;doi:10.3390/children10101604;doi:10.3390/children8080714,10.1007/s11136-026-04246-4;10.1007/s40273-023-01330-2;10.1007/s40273-024-01354-2;10.1136/archdischild-2025-329475;10.3390/children10101604;10.3390/children8080714
person:orcid:0000-0002-6451-2713,person:orcid:0000-0003-3017-2770,6,0.408248,doi:10.1007/s11136-026-04246-4;doi:10.1007/s40273-023-01330-2;doi:10.1007/s40273-024-01354-2;doi:10.1136/archdischild-2025-329475;doi:10.3390/children10101604;doi:10.3390/children8080714,10.1007/s11136-026-04246-4;10.1007/s40273-023-01330-2;10.1007/s40273-024-01354-2;10.1136/archdischild-2025-329475;10.3390/children10101604;10.3390/children8080714
person:eqmember:17805,person:eqmember:17867,5,0.447214,doi:10.1007/s40258-025-00954-z;doi:10.1016/j.jval.2024.05.016;doi:10.1177/0272989x251325828;doi:10.1186/s12955-024-02266-7;doi:10.1186/s12955-024-02323-1,10.1007/s40258-025-00954-z;10.1016/j.jval.2024.05.016;10.1177/0272989x251325828;10.1186/s12955-024-02266-7;10.1186/s12955-024-02323-1
person:eqmember:17805,person:eqmember:17968,5,0.447214,doi:10.1007/s11136-017-1512-x;doi:10.1007/s11136-025-04145-0;doi:10.1016/j.jval.2019.10.006;doi:10.1177/0272989x18765184;doi:10.1177/0272989x19841587,10.1007/s11136-017-1512-x;10.1007/s11136-025-04145-0;10.1016/j.jval.2019.10.006;10.1177/0272989x18765184;10.1177/0272989x19841587
person:eqmember:17807,person:eqmember:17974,5,0.447214,doi:10.1007/s11136-026-04230-y;doi:10.1007/s40271-025-00735-9;doi:10.1007/s40273-021-01109-3;doi:10.1016/j.jval.2025.07.016;doi:10.1016/j.vhri.2024.101045,10.1007/s11136-026-04230-y;10.1007/s40271-025-00735-9;10.1007/s40273-021-01109-3;10.1016/j.jval.2025.07.016;10.1016/j.vhri.2024.101045
person:eqmember:17807,person:orcid:0000-0002-6451-2713,5,0.447214,doi:10.1007/s40273-023-01330-2;doi:10.1007/s40273-024-01354-2;doi:10.1136/archdischild-2025-329475;doi:10.3390/children10101604;doi:10.3390/children8080714,10.1007/s40273-023-01330-2;10.1007/s40273-024-01354-2;10.1136/archdischild-2025-329475;10.3390/children10101604;10.3390/children8080714
person:eqmember:17807,person:orcid:0000-0003-3017-2770,5,0.447214,doi:10.1007/s40273-023-01330-2;doi:10.1007/s40273-024-01354-2;doi:10.1136/archdischild-2025-329475;doi:10.3390/children10101604;doi:10.3390/children8080714,10.1007/s40273-023-01330-2;10.1007/s40273-024-01354-2;10.1136/archdischild-2025-329475;10.3390/children10101604;10.3390/children8080714
person:eqmember:17823,person:eqmember:17946,5,0.447214,doi:10.1002/hec.4863;doi:10.1136/bmjopen-2020-048176;doi:10.1177/0272989x251380556;doi:10.1186/s12955-023-02115-z;doi:10.2196/27669,10.1002/hec.4863;10.1136/bmjopen-2020-048176;10.1177/0272989x251380556;10.1186/s12955-023-02115-z;10.2196/27669
person:eqmember:17837,person:eqmember:17855,5,0.447214,doi:10.1007/s11136-025-03930-1;doi:10.1007/s40273-022-01210-1;doi:10.1016/j.vhri.2025.101121;doi:10.1186/s12955-021-01889-4;doi:10.1186/s12955-022-01996-w,10.1007/s11136-025-03930-1;10.1007/s40273-022-01210-1;10.1016/j.vhri.2025.101121;10.1186/s12955-021-01889-4;10.1186/s12955-022-01996-w
person:eqmember:17839,person:eqmember:17895,5,0.447214,doi:10.1007/s11136-024-03754-5;doi:10.1007/s11136-026-04285-x;doi:10.3389/fepid.2023.1144162;doi:10.3389/fpubh.2021.744405;doi:10.3390/nu16162591,10.1007/s11136-024-03754-5;10.1007/s11136-026-04285-x;10.3389/fepid.2023.1144162;10.3389/fpubh.2021.744405;10.3390/nu16162591
person:eqmember:17845,person:eqmember:17855,5,0.447214,doi:10.1007/s11136-025-03925-y;doi:10.1007/s11136-025-03930-1;doi:10.1016/j.jval.2024.12.003;doi:10.1177/0272989x261446644;doi:10.1186/s12955-024-02303-5,10.1007/s11136-025-03925-y;10.1007/s11136-025-03930-1;10.1016/j.jval.2024.12.003;10.1177/0272989x261446644;10.1186/s12955-024-02303-5
person:eqmember:17845,person:eqmember:19005,5,0.447214,doi:10.1007/s10198-024-01719-6;doi:10.1007/s11136-023-03509-8;doi:10.1016/j.jval.2024.03.2195;doi:10.1016/j.jval.2025.05.015;doi:10.1016/j.jval.2025.09.009,10.1007/s10198-024-01719-6;10.1007/s11136-023-03509-8;10.1016/j.jval.2024.03.2195;10.1016/j.jval.2025.05.015;10.1016/j.jval.2025.09.009
person:eqmember:17855,person:openalex:A5113535557,5,0.447214,doi:10.1007/s11136-016-1445-9;doi:10.1007/s40273-017-0538-9;doi:10.1186/s12889-018-5706-0;doi:10.1371/journal.pone.0197098;doi:10.1371/journal.pone.0200966,10.1007/s11136-016-1445-9;10.1007/s40273-017-0538-9;10.1186/s12889-018-5706-0;10.1371/journal.pone.0197098;10.1371/journal.pone.0200966
person:eqmember:17855,person:orcid:0000-0001-5126-9104,5,0.447214,doi:10.1007/s11136-016-1445-9;doi:10.1007/s40273-017-0538-9;doi:10.1186/s12889-018-5706-0;doi:10.1371/journal.pone.0197098;doi:10.1371/journal.pone.0200966,10.1007/s11136-016-1445-9;10.1007/s40273-017-0538-9;10.1186/s12889-018-5706-0;10.1371/journal.pone.0197098;10.1371/journal.pone.0200966
person:eqmember:17855,person:orcid:0000-0002-7319-7188,5,0.447214,doi:10.1007/s11136-016-1445-9;doi:10.1007/s40273-017-0538-9;doi:10.1186/s12889-018-5706-0;doi:10.1371/journal.pone.0197098;doi:10.1371/journal.pone.0200966,10.1007/s11136-016-1445-9;10.1007/s40273-017-0538-9;10.1186/s12889-018-5706-0;10.1371/journal.pone.0197098;10.1371/journal.pone.0200966
person:eqmember:17855,person:orcid:0000-0002-9526-6922,5,0.447214,doi:10.1007/s11136-016-1445-9;doi:10.1007/s40273-017-0538-9;doi:10.1186/s12889-018-5706-0;doi:10.1371/journal.pone.0197098;doi:10.1371/journal.pone.0200966,10.1007/s11136-016-1445-9;10.1007/s40273-017-0538-9;10.1186/s12889-018-5706-0;10.1371/journal.pone.0197098;10.1371/journal.pone.0200966
person:eqmember:17875,person:eqmember:17930,5,0.447214,doi:10.1002/ppul.71031;doi:10.1007/s10198-024-01669-z;doi:10.1007/s10198-024-01710-1;doi:10.1007/s40273-025-01473-4;doi:10.22541/au.169215780.00019852/v1,10.1002/ppul.71031;10.1007/s10198-024-01669-z;10.1007/s10198-024-01710-1;10.1007/s40273-025-01473-4;10.22541/au.169215780.00019852/v1
person:eqmember:17879,person:orcid:0000-0002-7142-3364,5,0.447214,doi:10.1002/hsr2.70308;doi:10.1007/s11136-025-03983-2;doi:10.1007/s11136-025-04074-y;doi:10.1016/j.jval.2024.11.006;doi:10.1186/s12955-023-02207-w,10.1002/hsr2.70308;10.1007/s11136-025-03983-2;10.1007/s11136-025-04074-y;10.1016/j.jval.2024.11.006;10.1186/s12955-023-02207-w
person:eqmember:17905,person:eqmember:18010,5,0.447214,doi:10.1007/s40273-018-0615-8;doi:10.1007/s40273-022-01143-9;doi:10.1016/j.jval.2021.03.019;doi:10.1186/s12955-017-0617-9;doi:10.12688/wellcomeopenres.21408.2,10.1007/s40273-018-0615-8;10.1007/s40273-022-01143-9;10.1016/j.jval.2021.03.019;10.1186/s12955-017-0617-9;10.12688/wellcomeopenres.21408.2
person:eqmember:17911,person:eqmember:17998,5,0.447214,doi:10.1007/s40271-023-00647-6;doi:10.1007/s40271-024-00715-5;doi:10.1007/s40271-025-00729-7;doi:10.1007/s40271-025-00787-x;doi:10.1016/j.jval.2025.04.2168,10.1007/s40271-023-00647-6;10.1007/s40271-024-00715-5;10.1007/s40271-025-00729-7;10.1007/s40271-025-00787-x;10.1016/j.jval.2025.04.2168
person:eqmember:17946,person:orcid:0000-0002-6451-2713,5,0.447214,doi:10.1007/s40273-023-01330-2;doi:10.1007/s40273-024-01354-2;doi:10.1136/archdischild-2025-329475;doi:10.3390/children10101604;doi:10.3390/children8080714,10.1007/s40273-023-01330-2;10.1007/s40273-024-01354-2;10.1136/archdischild-2025-329475;10.3390/children10101604;10.3390/children8080714
person:eqmember:17958,person:eqmember:18010,5,0.447214,doi:10.1007/s11136-021-03007-9;doi:10.1186/s12955-021-01719-7;doi:10.1186/s13561-022-00374-y;doi:10.12688/wellcomeopenres.21408.2;doi:10.1371/journal.pone.0290606,10.1007/s11136-021-03007-9;10.1186/s12955-021-01719-7;10.1186/s13561-022-00374-y;10.12688/wellcomeopenres.21408.2;10.1371/journal.pone.0290606
person:eqmember:17976,person:eqmember:17998,5,0.447214,doi:10.1007/s40271-023-00647-6;doi:10.1007/s40271-024-00715-5;doi:10.1007/s40271-025-00729-7;doi:10.1007/s40271-025-00787-x;doi:10.1371/journal.pone.0302886,10.1007/s40271-023-00647-6;10.1007/s40271-024-00715-5;10.1007/s40271-025-00729-7;10.1007/s40271-025-00787-x;10.1371/journal.pone.0302886
person:eqmember:17988,person:eqmember:19030,5,0.447214,doi:10.1007/s11136-025-04003-z;doi:10.1016/j.jval.2024.03.002;doi:10.1016/j.ssmqr.2024.100398;doi:10.1186/s12955-022-02031-8;doi:10.21203/rs.3.rs-2423517/v1,10.1007/s11136-025-04003-z;10.1016/j.jval.2024.03.002;10.1016/j.ssmqr.2024.100398;10.1186/s12955-022-02031-8;10.21203/rs.3.rs-2423517/v1
person:eqmember:19005,person:orcid:0000-0001-9571-576x,5,0.447214,doi:10.1016/j.burns.2020.08.015;doi:10.1186/s12955-020-01394-0;doi:10.1186/s12955-021-01771-3;doi:10.1186/s41687-021-00406-x;doi:10.3389/fpubh.2021.744405,10.1016/j.burns.2020.08.015;10.1186/s12955-020-01394-0;10.1186/s12955-021-01771-3;10.1186/s41687-021-00406-x;10.3389/fpubh.2021.744405
person:leader:39e3bb2019e3,person:openalex:A5019640605,5,0.447214,doi:10.1007/s40271-022-00572-0;doi:10.1007/s40273-021-01002-z;doi:10.1007/s40273-021-01100-y;doi:10.1007/s40273-022-01208-9;doi:10.1136/bmjopen-2021-051727,10.1007/s40271-022-00572-0;10.1007/s40273-021-01002-z;10.1007/s40273-021-01100-y;10.1007/s40273-022-01208-9;10.1136/bmjopen-2021-051727
person:leader:39e3bb2019e3,person:orcid:0000-0002-5956-8990,5,0.447214,doi:10.1007/s40271-022-00572-0;doi:10.1007/s40273-021-01002-z;doi:10.1007/s40273-021-01100-y;doi:10.1007/s40273-022-01208-9;doi:10.1136/bmjopen-2021-051727,10.1007/s40271-022-00572-0;10.1007/s40273-021-01002-z;10.1007/s40273-021-01100-y;10.1007/s40273-022-01208-9;10.1136/bmjopen-2021-051727
person:openalex:A5019640605,person:orcid:0000-0002-5956-8990,5,0.447214,doi:10.1007/s40271-022-00572-0;doi:10.1007/s40273-021-01002-z;doi:10.1007/s40273-021-01100-y;doi:10.1007/s40273-022-01208-9;doi:10.1136/bmjopen-2021-051727,10.1007/s40271-022-00572-0;10.1007/s40273-021-01002-z;10.1007/s40273-021-01100-y;10.1007/s40273-022-01208-9;10.1136/bmjopen-2021-051727
person:openalex:A5113535557,person:orcid:0000-0001-5126-9104,5,0.447214,doi:10.1007/s11136-016-1445-9;doi:10.1007/s40273-017-0538-9;doi:10.1186/s12889-018-5706-0;doi:10.1371/journal.pone.0197098;doi:10.1371/journal.pone.0200966,10.1007/s11136-016-1445-9;10.1007/s40273-017-0538-9;10.1186/s12889-018-5706-0;10.1371/journal.pone.0197098;10.1371/journal.pone.0200966
person:openalex:A5113535557,person:orcid:0000-0002-7319-7188,5,0.447214,doi:10.1007/s11136-016-1445-9;doi:10.1007/s40273-017-0538-9;doi:10.1186/s12889-018-5706-0;doi:10.1371/journal.pone.0197098;doi:10.1371/journal.pone.0200966,10.1007/s11136-016-1445-9;10.1007/s40273-017-0538-9;10.1186/s12889-018-5706-0;10.1371/journal.pone.0197098;10.1371/journal.pone.0200966
person:openalex:A5113535557,person:orcid:0000-0002-9526-6922,5,0.447214,doi:10.1007/s11136-016-1445-9;doi:10.1007/s40273-017-0538-9;doi:10.1186/s12889-018-5706-0;doi:10.1371/journal.pone.0197098;doi:10.1371/journal.pone.0200966,10.1007/s11136-016-1445-9;10.1007/s40273-017-0538-9;10.1186/s12889-018-5706-0;10.1371/journal.pone.0197098;10.1371/journal.pone.0200966
person:orcid:0000-0001-5126-9104,person:orcid:0000-0002-7319-7188,5,0.447214,doi:10.1007/s11136-016-1445-9;doi:10.1007/s40273-017-0538-9;doi:10.1186/s12889-018-5706-0;doi:10.1371/journal.pone.0197098;doi:10.1371/journal.pone.0200966,10.1007/s11136-016-1445-9;10.1007/s40273-017-0538-9;10.1186/s12889-018-5706-0;10.1371/journal.pone.0197098;10.1371/journal.pone.0200966
person:orcid:0000-0001-5126-9104,person:orcid:0000-0002-9526-6922,5,0.447214,doi:10.1007/s11136-016-1445-9;doi:10.1007/s40273-017-0538-9;doi:10.1186/s12889-018-5706-0;doi:10.1371/journal.pone.0197098;doi:10.1371/journal.pone.0200966,10.1007/s11136-016-1445-9;10.1007/s40273-017-0538-9;10.1186/s12889-018-5706-0;10.1371/journal.pone.0197098;10.1371/journal.pone.0200966
person:orcid:0000-0002-7319-7188,person:orcid:0000-0002-9526-6922,5,0.447214,doi:10.1007/s11136-016-1445-9;doi:10.1007/s40273-017-0538-9;doi:10.1186/s12889-018-5706-0;doi:10.1371/journal.pone.0197098;doi:10.1371/journal.pone.0200966,10.1007/s11136-016-1445-9;10.1007/s40273-017-0538-9;10.1186/s12889-018-5706-0;10.1371/journal.pone.0197098;10.1371/journal.pone.0200966
person:eqmember:17805,person:eqmember:17835,4,0.5,doi:10.1016/j.jval.2024.05.016;doi:10.1177/0272989x251325828;doi:10.1186/s12955-024-02266-7;doi:10.1186/s12955-024-02323-1,10.1016/j.jval.2024.05.016;10.1177/0272989x251325828;10.1186/s12955-024-02266-7;10.1186/s12955-024-02323-1
person:eqmember:17805,person:eqmember:17837,4,0.5,doi:10.1007/s11136-025-03930-1;doi:10.1007/s40273-022-01208-9;doi:10.1007/s40273-022-01210-1;doi:10.1007/s40273-025-01476-1,10.1007/s11136-025-03930-1;10.1007/s40273-022-01208-9;10.1007/s40273-022-01210-1;10.1007/s40273-025-01476-1
person:eqmember:17805,person:eqmember:17855,4,0.5,doi:10.1007/s11136-025-03930-1;doi:10.1007/s40273-022-01210-1;doi:10.1007/s41669-023-00437-8;doi:10.1177/0272989x261446644,10.1007/s11136-025-03930-1;10.1007/s40273-022-01210-1;10.1007/s41669-023-00437-8;10.1177/0272989x261446644
person:eqmember:17805,person:eqmember:19003,4,0.5,doi:10.1007/s40273-021-01100-y;doi:10.1007/s40273-022-01208-9;doi:10.1007/s40273-024-01404-9;doi:10.1016/j.socscimed.2021.114519,10.1007/s40273-021-01100-y;10.1007/s40273-022-01208-9;10.1007/s40273-024-01404-9;10.1016/j.socscimed.2021.114519
person:eqmember:17807,person:eqmember:17998,4,0.5,doi:10.1007/s40271-023-00647-6;doi:10.1007/s40271-024-00715-5;doi:10.1007/s40271-025-00729-7;doi:10.1007/s40271-025-00787-x,10.1007/s40271-023-00647-6;10.1007/s40271-024-00715-5;10.1007/s40271-025-00729-7;10.1007/s40271-025-00787-x
person:eqmember:17807,person:orcid:0000-0002-0525-8516,4,0.5,doi:10.1007/s40271-023-00647-6;doi:10.1007/s40271-024-00715-5;doi:10.1007/s40271-025-00729-7;doi:10.1007/s40271-025-00787-x,10.1007/s40271-023-00647-6;10.1007/s40271-024-00715-5;10.1007/s40271-025-00729-7;10.1007/s40271-025-00787-x
person:eqmember:17807,person:orcid:0000-0002-4186-314x,4,0.5,doi:10.1007/s40271-023-00647-6;doi:10.1007/s40271-024-00715-5;doi:10.1007/s40271-025-00729-7;doi:10.1007/s40271-025-00787-x,10.1007/s40271-023-00647-6;10.1007/s40271-024-00715-5;10.1007/s40271-025-00729-7;10.1007/s40271-025-00787-x
person:eqmember:17807,person:orcid:0000-0002-7302-7293,4,0.5,doi:10.1007/s40271-023-00647-6;doi:10.1007/s40271-024-00715-5;doi:10.1007/s40271-025-00729-7;doi:10.1007/s40271-025-00787-x,10.1007/s40271-023-00647-6;10.1007/s40271-024-00715-5;10.1007/s40271-025-00729-7;10.1007/s40271-025-00787-x
person:eqmember:17807,person:orcid:0000-0002-8385-5965,4,0.5,doi:10.1007/s40273-023-01330-2;doi:10.1007/s40273-024-01354-2;doi:10.1007/s40273-024-01355-1;doi:10.1007/s40273-025-01509-9,10.1007/s40273-023-01330-2;10.1007/s40273-024-01354-2;10.1007/s40273-024-01355-1;10.1007/s40273-025-01509-9
person:eqmember:17819,person:eqmember:17885,4,0.5,doi:10.1007/s10198-021-01306-z;doi:10.1007/s11136-020-02718-9;doi:10.1177/0272989x20969686;doi:10.12688/wellcomeopenres.21408.2,10.1007/s10198-021-01306-z;10.1007/s11136-020-02718-9;10.1177/0272989x20969686;10.12688/wellcomeopenres.21408.2
person:eqmember:17835,person:eqmember:17867,4,0.5,doi:10.1016/j.jval.2024.05.016;doi:10.1177/0272989x251325828;doi:10.1186/s12955-024-02266-7;doi:10.1186/s12955-024-02323-1,10.1016/j.jval.2024.05.016;10.1177/0272989x251325828;10.1186/s12955-024-02266-7;10.1186/s12955-024-02323-1
person:eqmember:17835,person:eqmember:17920,4,0.5,doi:10.1016/j.jval.2024.05.016;doi:10.1177/0272989x251325828;doi:10.1186/s12955-024-02266-7;doi:10.1186/s12955-024-02323-1,10.1016/j.jval.2024.05.016;10.1177/0272989x251325828;10.1186/s12955-024-02266-7;10.1186/s12955-024-02323-1
person:eqmember:17837,person:leader:fbb9eb69f451,4,0.5,doi:10.1007/s40273-022-01210-1;doi:10.1016/j.vhri.2025.101121;doi:10.1186/s12955-021-01889-4;doi:10.1186/s12955-022-01996-w,10.1007/s40273-022-01210-1;10.1016/j.vhri.2025.101121;10.1186/s12955-021-01889-4;10.1186/s12955-022-01996-w
person:eqmember:17839,person:eqmember:17861,4,0.5,doi:10.1007/s11136-024-03754-5;doi:10.3389/fepid.2023.1144162;doi:10.3389/fpubh.2021.744405;doi:10.3390/nu16162591,10.1007/s11136-024-03754-5;10.3389/fepid.2023.1144162;10.3389/fpubh.2021.744405;10.3390/nu16162591
person:eqmember:17847,person:eqmember:17879,4,0.5,doi:10.1007/s11136-025-03983-2;doi:10.1007/s11136-025-04074-y;doi:10.1016/j.jval.2024.11.006;doi:10.1186/s12955-023-02207-w,10.1007/s11136-025-03983-2;10.1007/s11136-025-04074-y;10.1016/j.jval.2024.11.006;10.1186/s12955-023-02207-w
person:eqmember:17847,person:orcid:0000-0002-7142-3364,4,0.5,doi:10.1007/s11136-025-03983-2;doi:10.1007/s11136-025-04074-y;doi:10.1016/j.jval.2024.11.006;doi:10.1186/s12955-023-02207-w,10.1007/s11136-025-03983-2;10.1007/s11136-025-04074-y;10.1016/j.jval.2024.11.006;10.1186/s12955-023-02207-w
person:eqmember:17855,person:leader:606823d7ed51,4,0.5,doi:10.1007/s11136-025-03925-y;doi:10.1016/j.jval.2024.12.003;doi:10.1177/0272989x261446644;doi:10.1186/s12955-024-02303-5,10.1007/s11136-025-03925-y;10.1016/j.jval.2024.12.003;10.1177/0272989x261446644;10.1186/s12955-024-02303-5
person:eqmember:17855,person:orcid:0000-0001-5091-3180,4,0.5,doi:10.1007/s11136-025-03925-y;doi:10.1016/j.jval.2024.12.003;doi:10.1186/s12955-024-02303-5;doi:10.1371/journal.pone.0200966,10.1007/s11136-025-03925-y;10.1016/j.jval.2024.12.003;10.1186/s12955-024-02303-5;10.1371/journal.pone.0200966
person:eqmember:17867,person:eqmember:17920,4,0.5,doi:10.1016/j.jval.2024.05.016;doi:10.1177/0272989x251325828;doi:10.1186/s12955-024-02266-7;doi:10.1186/s12955-024-02323-1,10.1016/j.jval.2024.05.016;10.1177/0272989x251325828;10.1186/s12955-024-02266-7;10.1186/s12955-024-02323-1
person:eqmember:17875,person:leader:fa3dd095d626,4,0.5,doi:10.1002/ppul.71031;doi:10.1007/s10198-024-01669-z;doi:10.1007/s11136-025-03917-y;doi:10.22541/au.169215780.00019852/v1,10.1002/ppul.71031;10.1007/s10198-024-01669-z;10.1007/s11136-025-03917-y;10.22541/au.169215780.00019852/v1
person:eqmember:17875,person:openalex:A5113535557,4,0.5,doi:10.1007/s11136-016-1445-9;doi:10.1007/s40273-017-0538-9;doi:10.1186/s12889-018-5706-0;doi:10.1371/journal.pone.0197098,10.1007/s11136-016-1445-9;10.1007/s40273-017-0538-9;10.1186/s12889-018-5706-0;10.1371/journal.pone.0197098
person:eqmember:17875,person:orcid:0000-0001-5126-9104,4,0.5,doi:10.1007/s11136-016-1445-9;doi:10.1007/s40273-017-0538-9;doi:10.1186/s12889-018-5706-0;doi:10.1371/journal.pone.0197098,10.1007/s11136-016-1445-9;10.1007/s40273-017-0538-9;10.1186/s12889-018-5706-0;10.1371/journal.pone.0197098
person:eqmember:17875,person:orcid:0000-0002-7319-7188,4,0.5,doi:10.1007/s11136-016-1445-9;doi:10.1007/s40273-017-0538-9;doi:10.1186/s12889-018-5706-0;doi:10.1371/journal.pone.0197098,10.1007/s11136-016-1445-9;10.1007/s40273-017-0538-9;10.1186/s12889-018-5706-0;10.1371/journal.pone.0197098
person:eqmember:17875,person:orcid:0000-0002-9526-6922,4,0.5,doi:10.1007/s11136-016-1445-9;doi:10.1007/s40273-017-0538-9;doi:10.1186/s12889-018-5706-0;doi:10.1371/journal.pone.0197098,10.1007/s11136-016-1445-9;10.1007/s40273-017-0538-9;10.1186/s12889-018-5706-0;10.1371/journal.pone.0197098
person:eqmember:17877,person:eqmember:17946,4,0.5,doi:10.1007/s10198-025-01804-4;doi:10.1007/s11136-025-04150-3;doi:10.1007/s40273-025-01550-8;doi:10.1136/bmjopen-2025-100897,10.1007/s10198-025-01804-4;10.1007/s11136-025-04150-3;10.1007/s40273-025-01550-8;10.1136/bmjopen-2025-100897
person:eqmember:17893,person:eqmember:17901,4,0.5,doi:10.1007/s10198-020-01205-9;doi:10.1007/s40273-016-0404-1;doi:10.1016/j.jval.2018.05.002;doi:10.1177/0272989x21999607,10.1007/s10198-020-01205-9;10.1007/s40273-016-0404-1;10.1016/j.jval.2018.05.002;10.1177/0272989x21999607
person:eqmember:17893,person:eqmember:17946,4,0.5,doi:10.1007/s10198-020-01205-9;doi:10.1016/j.jval.2018.05.002;doi:10.1016/j.jval.2025.07.016;doi:10.1177/0272989x21999607,10.1007/s10198-020-01205-9;10.1016/j.jval.2018.05.002;10.1016/j.jval.2025.07.016;10.1177/0272989x21999607
person:eqmember:17911,person:eqmember:17946,4,0.5,doi:10.1007/s40271-023-00647-6;doi:10.1007/s40271-024-00715-5;doi:10.1007/s40271-025-00729-7;doi:10.1007/s40271-025-00787-x,10.1007/s40271-023-00647-6;10.1007/s40271-024-00715-5;10.1007/s40271-025-00729-7;10.1007/s40271-025-00787-x
person:eqmember:17911,person:eqmember:17976,4,0.5,doi:10.1007/s40271-023-00647-6;doi:10.1007/s40271-024-00715-5;doi:10.1007/s40271-025-00729-7;doi:10.1007/s40271-025-00787-x,10.1007/s40271-023-00647-6;10.1007/s40271-024-00715-5;10.1007/s40271-025-00729-7;10.1007/s40271-025-00787-x
person:eqmember:17911,person:orcid:0000-0002-0525-8516,4,0.5,doi:10.1007/s40271-023-00647-6;doi:10.1007/s40271-024-00715-5;doi:10.1007/s40271-025-00729-7;doi:10.1007/s40271-025-00787-x,10.1007/s40271-023-00647-6;10.1007/s40271-024-00715-5;10.1007/s40271-025-00729-7;10.1007/s40271-025-00787-x
person:eqmember:17911,person:orcid:0000-0002-4186-314x,4,0.5,doi:10.1007/s40271-023-00647-6;doi:10.1007/s40271-024-00715-5;doi:10.1007/s40271-025-00729-7;doi:10.1007/s40271-025-00787-x,10.1007/s40271-023-00647-6;10.1007/s40271-024-00715-5;10.1007/s40271-025-00729-7;10.1007/s40271-025-00787-x
person:eqmember:17911,person:orcid:0000-0002-7302-7293,4,0.5,doi:10.1007/s40271-023-00647-6;doi:10.1007/s40271-024-00715-5;doi:10.1007/s40271-025-00729-7;doi:10.1007/s40271-025-00787-x,10.1007/s40271-023-00647-6;10.1007/s40271-024-00715-5;10.1007/s40271-025-00729-7;10.1007/s40271-025-00787-x
person:eqmember:17930,person:leader:fa3dd095d626,4,0.5,doi:10.1002/ppul.71031;doi:10.1007/s10198-021-01309-w;doi:10.1007/s10198-024-01669-z;doi:10.22541/au.169215780.00019852/v1,10.1002/ppul.71031;10.1007/s10198-021-01309-w;10.1007/s10198-024-01669-z;10.22541/au.169215780.00019852/v1
person:eqmember:17930,person:orcid:0000-0002-8314-8259,4,0.5,doi:10.1002/ppul.71031;doi:10.1007/s10198-021-01309-w;doi:10.1007/s10198-024-01669-z;doi:10.22541/au.169215780.00019852/v1,10.1002/ppul.71031;10.1007/s10198-021-01309-w;10.1007/s10198-024-01669-z;10.22541/au.169215780.00019852/v1
person:eqmember:17944,person:leader:73598c4735dd,4,0.5,doi:10.1002/ppul.71031;doi:10.1007/s10198-021-01309-w;doi:10.1007/s10198-024-01669-z;doi:10.22541/au.169215780.00019852/v1,10.1002/ppul.71031;10.1007/s10198-021-01309-w;10.1007/s10198-024-01669-z;10.22541/au.169215780.00019852/v1
person:eqmember:17944,person:orcid:0000-0002-8314-8259,4,0.5,doi:10.1002/ppul.71031;doi:10.1007/s10198-021-01309-w;doi:10.1007/s10198-024-01669-z;doi:10.22541/au.169215780.00019852/v1,10.1002/ppul.71031;10.1007/s10198-021-01309-w;10.1007/s10198-024-01669-z;10.22541/au.169215780.00019852/v1
person:eqmember:17946,person:eqmember:19032,4,0.5,doi:10.1007/s40273-023-01330-2;doi:10.1007/s40273-024-01379-7;doi:10.1007/s40273-024-01382-y;doi:10.3390/children10101604,10.1007/s40273-023-01330-2;10.1007/s40273-024-01379-7;10.1007/s40273-024-01382-y;10.3390/children10101604
person:eqmember:17946,person:orcid:0000-0002-0525-8516,4,0.5,doi:10.1007/s40271-023-00647-6;doi:10.1007/s40271-024-00715-5;doi:10.1007/s40271-025-00729-7;doi:10.1007/s40271-025-00787-x,10.1007/s40271-023-00647-6;10.1007/s40271-024-00715-5;10.1007/s40271-025-00729-7;10.1007/s40271-025-00787-x
person:eqmember:17946,person:orcid:0000-0002-4186-314x,4,0.5,doi:10.1007/s40271-023-00647-6;doi:10.1007/s40271-024-00715-5;doi:10.1007/s40271-025-00729-7;doi:10.1007/s40271-025-00787-x,10.1007/s40271-023-00647-6;10.1007/s40271-024-00715-5;10.1007/s40271-025-00729-7;10.1007/s40271-025-00787-x
person:eqmember:17946,person:orcid:0000-0002-7302-7293,4,0.5,doi:10.1007/s40271-023-00647-6;doi:10.1007/s40271-024-00715-5;doi:10.1007/s40271-025-00729-7;doi:10.1007/s40271-025-00787-x,10.1007/s40271-023-00647-6;10.1007/s40271-024-00715-5;10.1007/s40271-025-00729-7;10.1007/s40271-025-00787-x
person:eqmember:17946,person:orcid:0000-0002-8385-5965,4,0.5,doi:10.1007/s40273-023-01330-2;doi:10.1007/s40273-024-01354-2;doi:10.1007/s40273-024-01355-1;doi:10.1371/journal.pone.0302886,10.1007/s40273-023-01330-2;10.1007/s40273-024-01354-2;10.1007/s40273-024-01355-1;10.1371/journal.pone.0302886
person:eqmember:17974,person:eqmember:17976,4,0.5,doi:10.1007/s40271-025-00735-9;doi:10.1007/s40273-021-01109-3;doi:10.1016/j.vhri.2024.101045;doi:10.1371/journal.pone.0302886,10.1007/s40271-025-00735-9;10.1007/s40273-021-01109-3;10.1016/j.vhri.2024.101045;10.1371/journal.pone.0302886
person:eqmember:17974,person:eqmember:18002,4,0.5,doi:10.1007/s40273-021-01109-3;doi:10.1007/s40273-025-01493-0;doi:10.1016/j.jval.2025.07.016;doi:10.1371/journal.pone.0319227,10.1007/s40273-021-01109-3;10.1007/s40273-025-01493-0;10.1016/j.jval.2025.07.016;10.1371/journal.pone.0319227
person:eqmember:17976,person:orcid:0000-0002-0525-8516,4,0.5,doi:10.1007/s40271-023-00647-6;doi:10.1007/s40271-024-00715-5;doi:10.1007/s40271-025-00729-7;doi:10.1007/s40271-025-00787-x,10.1007/s40271-023-00647-6;10.1007/s40271-024-00715-5;10.1007/s40271-025-00729-7;10.1007/s40271-025-00787-x
person:eqmember:17976,person:orcid:0000-0002-4186-314x,4,0.5,doi:10.1007/s40271-023-00647-6;doi:10.1007/s40271-024-00715-5;doi:10.1007/s40271-025-00729-7;doi:10.1007/s40271-025-00787-x,10.1007/s40271-023-00647-6;10.1007/s40271-024-00715-5;10.1007/s40271-025-00729-7;10.1007/s40271-025-00787-x
person:eqmember:17976,person:orcid:0000-0002-7302-7293,4,0.5,doi:10.1007/s40271-023-00647-6;doi:10.1007/s40271-024-00715-5;doi:10.1007/s40271-025-00729-7;doi:10.1007/s40271-025-00787-x,10.1007/s40271-023-00647-6;10.1007/s40271-024-00715-5;10.1007/s40271-025-00729-7;10.1007/s40271-025-00787-x
person:eqmember:17980,person:eqmember:17988,4,0.5,doi:10.1007/s11136-020-02712-1;doi:10.1007/s11136-021-02922-1;doi:10.1016/j.jval.2019.02.006;doi:10.1186/s12955-022-02031-8,10.1007/s11136-020-02712-1;10.1007/s11136-021-02922-1;10.1016/j.jval.2019.02.006;10.1186/s12955-022-02031-8
person:eqmember:17992,person:leader:78f0dc6cb8d8,4,0.5,doi:10.1002/hec.4529;doi:10.1007/s10198-021-01377-y;doi:10.1007/s10198-023-01612-8;doi:10.1007/s10198-025-01812-4,10.1002/hec.4529;10.1007/s10198-021-01377-y;10.1007/s10198-023-01612-8;10.1007/s10198-025-01812-4
person:eqmember:17992,person:leader:8677f310bcd0,4,0.5,doi:10.1007/s10198-021-01377-y;doi:10.1007/s10198-023-01668-6;doi:10.1007/s10198-025-01823-1;doi:10.1016/j.jval.2021.12.014,10.1007/s10198-021-01377-y;10.1007/s10198-023-01668-6;10.1007/s10198-025-01823-1;10.1016/j.jval.2021.12.014
person:eqmember:17998,person:orcid:0000-0002-0525-8516,4,0.5,doi:10.1007/s40271-023-00647-6;doi:10.1007/s40271-024-00715-5;doi:10.1007/s40271-025-00729-7;doi:10.1007/s40271-025-00787-x,10.1007/s40271-023-00647-6;10.1007/s40271-024-00715-5;10.1007/s40271-025-00729-7;10.1007/s40271-025-00787-x
person:eqmember:17998,person:orcid:0000-0002-4186-314x,4,0.5,doi:10.1007/s40271-023-00647-6;doi:10.1007/s40271-024-00715-5;doi:10.1007/s40271-025-00729-7;doi:10.1007/s40271-025-00787-x,10.1007/s40271-023-00647-6;10.1007/s40271-024-00715-5;10.1007/s40271-025-00729-7;10.1007/s40271-025-00787-x
person:eqmember:17998,person:orcid:0000-0002-7302-7293,4,0.5,doi:10.1007/s40271-023-00647-6;doi:10.1007/s40271-024-00715-5;doi:10.1007/s40271-025-00729-7;doi:10.1007/s40271-025-00787-x,10.1007/s40271-023-00647-6;10.1007/s40271-024-00715-5;10.1007/s40271-025-00729-7;10.1007/s40271-025-00787-x
person:eqmember:18000,person:eqmember:18018,4,0.5,doi:10.1007/s11136-020-02688-y;doi:10.1007/s11136-021-02922-1;doi:10.1007/s40273-018-0642-5;doi:10.1016/j.jval.2019.02.006,10.1007/s11136-020-02688-y;10.1007/s11136-021-02922-1;10.1007/s40273-018-0642-5;10.1016/j.jval.2019.02.006
person:eqmember:18010,person:orcid:0000-0002-4832-7833,4,0.5,doi:10.1007/s11136-019-02115-x;doi:10.1007/s40273-022-01143-9;doi:10.1016/j.jval.2018.05.002;doi:10.1016/j.jval.2021.03.019,10.1007/s11136-019-02115-x;10.1007/s40273-022-01143-9;10.1016/j.jval.2018.05.002;10.1016/j.jval.2021.03.019
person:eqmember:18019,person:orcid:0000-0002-8314-8259,4,0.5,doi:10.1002/ppul.71031;doi:10.1007/s10198-021-01309-w;doi:10.1007/s10198-024-01669-z;doi:10.22541/au.169215780.00019852/v1,10.1002/ppul.71031;10.1007/s10198-021-01309-w;10.1007/s10198-024-01669-z;10.22541/au.169215780.00019852/v1
person:eqmember:19032,person:leader:50cca9cff5d9,4,0.5,doi:10.1007/s40273-023-01330-2;doi:10.1007/s40273-024-01379-7;doi:10.1007/s40273-024-01382-y;doi:10.3390/children10101604,10.1007/s40273-023-01330-2;10.1007/s40273-024-01379-7;10.1007/s40273-024-01382-y;10.3390/children10101604
person:eqmember:19032,person:orcid:0000-0002-5332-5226,4,0.5,doi:10.1007/s40273-023-01330-2;doi:10.1007/s40273-024-01379-7;doi:10.1007/s40273-024-01382-y;doi:10.3390/children10101604,10.1007/s40273-023-01330-2;10.1007/s40273-024-01379-7;10.1007/s40273-024-01382-y;10.3390/children10101604
person:leader:5b6527858de5,person:orcid:0000-0001-6534-1242,4,0.5,doi:10.1007/s11136-018-1985-2;doi:10.1136/bmjopen-2020-048176;doi:10.1186/s12955-023-02115-z;doi:10.2196/27669,10.1007/s11136-018-1985-2;10.1136/bmjopen-2020-048176;10.1186/s12955-023-02115-z;10.2196/27669
person:leader:73598c4735dd,person:leader:fa3dd095d626,4,0.5,doi:10.1002/ppul.71031;doi:10.1007/s10198-021-01309-w;doi:10.1007/s10198-024-01669-z;doi:10.22541/au.169215780.00019852/v1,10.1002/ppul.71031;10.1007/s10198-021-01309-w;10.1007/s10198-024-01669-z;10.22541/au.169215780.00019852/v1
person:leader:73598c4735dd,person:orcid:0000-0002-8314-8259,4,0.5,doi:10.1002/ppul.71031;doi:10.1007/s10198-021-01309-w;doi:10.1007/s10198-024-01669-z;doi:10.22541/au.169215780.00019852/v1,10.1002/ppul.71031;10.1007/s10198-021-01309-w;10.1007/s10198-024-01669-z;10.22541/au.169215780.00019852/v1
person:leader:fa3dd095d626,person:orcid:0000-0002-8314-8259,4,0.5,doi:10.1002/ppul.71031;doi:10.1007/s10198-021-01309-w;doi:10.1007/s10198-024-01669-z;doi:10.22541/au.169215780.00019852/v1,10.1002/ppul.71031;10.1007/s10198-021-01309-w;10.1007/s10198-024-01669-z;10.22541/au.169215780.00019852/v1
person:leader:fbb9eb69f451,person:openalex:A5113535557,4,0.5,doi:10.1007/s11136-016-1445-9;doi:10.1007/s40273-017-0538-9;doi:10.1186/s12889-018-5706-0;doi:10.1371/journal.pone.0197098,10.1007/s11136-016-1445-9;10.1007/s40273-017-0538-9;10.1186/s12889-018-5706-0;10.1371/journal.pone.0197098
person:leader:fbb9eb69f451,person:orcid:0000-0001-5126-9104,4,0.5,doi:10.1007/s11136-016-1445-9;doi:10.1007/s40273-017-0538-9;doi:10.1186/s12889-018-5706-0;doi:10.1371/journal.pone.0197098,10.1007/s11136-016-1445-9;10.1007/s40273-017-0538-9;10.1186/s12889-018-5706-0;10.1371/journal.pone.0197098
person:leader:fbb9eb69f451,person:orcid:0000-0002-7319-7188,4,0.5,doi:10.1007/s11136-016-1445-9;doi:10.1007/s40273-017-0538-9;doi:10.1186/s12889-018-5706-0;doi:10.1371/journal.pone.0197098,10.1007/s11136-016-1445-9;10.1007/s40273-017-0538-9;10.1186/s12889-018-5706-0;10.1371/journal.pone.0197098
person:leader:fbb9eb69f451,person:orcid:0000-0002-9526-6922,4,0.5,doi:10.1007/s11136-016-1445-9;doi:10.1007/s40273-017-0538-9;doi:10.1186/s12889-018-5706-0;doi:10.1371/journal.pone.0197098,10.1007/s11136-016-1445-9;10.1007/s40273-017-0538-9;10.1186/s12889-018-5706-0;10.1371/journal.pone.0197098
person:orcid:0000-0002-0525-8516,person:orcid:0000-0002-4186-314x,4,0.5,doi:10.1007/s40271-023-00647-6;doi:10.1007/s40271-024-00715-5;doi:10.1007/s40271-025-00729-7;doi:10.1007/s40271-025-00787-x,10.1007/s40271-023-00647-6;10.1007/s40271-024-00715-5;10.1007/s40271-025-00729-7;10.1007/s40271-025-00787-x
person:orcid:0000-0002-0525-8516,person:orcid:0000-0002-7302-7293,4,0.5,doi:10.1007/s40271-023-00647-6;doi:10.1007/s40271-024-00715-5;doi:10.1007/s40271-025-00729-7;doi:10.1007/s40271-025-00787-x,10.1007/s40271-023-00647-6;10.1007/s40271-024-00715-5;10.1007/s40271-025-00729-7;10.1007/s40271-025-00787-x
person:orcid:0000-0002-4186-314x,person:orcid:0000-0002-7302-7293,4,0.5,doi:10.1007/s40271-023-00647-6;doi:10.1007/s40271-024-00715-5;doi:10.1007/s40271-025-00729-7;doi:10.1007/s40271-025-00787-x,10.1007/s40271-023-00647-6;10.1007/s40271-024-00715-5;10.1007/s40271-025-00729-7;10.1007/s40271-025-00787-x
person:eqmember:17795,person:eqmember:17879,3,0.57735,doi:10.1002/hsr2.70308;doi:10.1016/j.jval.2024.11.006;doi:10.1186/s12955-023-02207-w,10.1002/hsr2.70308;10.1016/j.jval.2024.11.006;10.1186/s12955-023-02207-w
person:eqmember:17795,person:orcid:0000-0002-7142-3364,3,0.57735,doi:10.1002/hsr2.70308;doi:10.1016/j.jval.2024.11.006;doi:10.1186/s12955-023-02207-w,10.1002/hsr2.70308;10.1016/j.jval.2024.11.006;10.1186/s12955-023-02207-w
person:eqmember:17803,person:leader:b74a5997703c,3,0.57735,doi:10.1007/s12311-023-01597-3;doi:10.1007/s12311-024-01657-2;doi:10.1186/s12955-026-02478-z,10.1007/s12311-023-01597-3;10.1007/s12311-024-01657-2;10.1186/s12955-026-02478-z
person:eqmember:17805,person:eqmember:17946,3,0.57735,doi:10.1007/s10198-025-01852-w;doi:10.1007/s40273-025-01476-1;doi:10.1016/j.jval.2025.07.016,10.1007/s10198-025-01852-w;10.1007/s40273-025-01476-1;10.1016/j.jval.2025.07.016
person:eqmember:17805,person:openalex:A5088417854,3,0.57735,doi:10.1016/j.jval.2019.10.006;doi:10.1177/0272989x18765184;doi:10.1177/0272989x19841587,10.1016/j.jval.2019.10.006;10.1177/0272989x18765184;10.1177/0272989x19841587
person:eqmember:17807,person:eqmember:17893,3,0.57735,doi:10.1007/s11136-025-03983-2;doi:10.1016/j.jval.2018.05.002;doi:10.1016/j.jval.2025.07.016,10.1007/s11136-025-03983-2;10.1016/j.jval.2018.05.002;10.1016/j.jval.2025.07.016
person:eqmember:17807,person:eqmember:19005,3,0.57735,doi:10.1007/s11136-025-03983-2;doi:10.1016/j.jval.2025.05.015;doi:10.1016/j.jval.2025.09.009,10.1007/s11136-025-03983-2;10.1016/j.jval.2025.05.015;10.1016/j.jval.2025.09.009
person:eqmember:17807,person:eqmember:19030,3,0.57735,doi:10.1007/s11136-026-04315-8;doi:10.1016/j.ssmqr.2024.100398;doi:10.21203/rs.3.rs-2423517/v1,10.1007/s11136-026-04315-8;10.1016/j.ssmqr.2024.100398;10.21203/rs.3.rs-2423517/v1
person:eqmember:17807,person:orcid:0000-0002-1323-4223,3,0.57735,doi:10.1007/s40273-023-01330-2;doi:10.1007/s40273-024-01355-1;doi:10.3390/children10101604,10.1007/s40273-023-01330-2;10.1007/s40273-024-01355-1;10.3390/children10101604
person:eqmember:17819,person:eqmember:17845,3,0.57735,doi:10.1007/s11136-025-03925-y;doi:10.1016/j.jval.2024.12.003;doi:10.1186/s12955-024-02303-5,10.1007/s11136-025-03925-y;10.1016/j.jval.2024.12.003;10.1186/s12955-024-02303-5
person:eqmember:17819,person:eqmember:17855,3,0.57735,doi:10.1007/s11136-025-03925-y;doi:10.1016/j.jval.2024.12.003;doi:10.1186/s12955-024-02303-5,10.1007/s11136-025-03925-y;10.1016/j.jval.2024.12.003;10.1186/s12955-024-02303-5
person:eqmember:17819,person:eqmember:17946,3,0.57735,doi:10.1007/s10198-021-01306-z;doi:10.1007/s11136-025-03989-w;doi:10.12688/wellcomeopenres.21408.2,10.1007/s10198-021-01306-z;10.1007/s11136-025-03989-w;10.12688/wellcomeopenres.21408.2
person:eqmember:17819,person:eqmember:17958,3,0.57735,doi:10.1007/s10198-025-01769-4;doi:10.1007/s11136-025-03989-w;doi:10.12688/wellcomeopenres.21408.2,10.1007/s10198-025-01769-4;10.1007/s11136-025-03989-w;10.12688/wellcomeopenres.21408.2
person:eqmember:17819,person:leader:0a4ba2690908,3,0.57735,doi:10.1007/s10198-025-01769-4;doi:10.1007/s11136-025-03989-w;doi:10.12688/wellcomeopenres.21408.2,10.1007/s10198-025-01769-4;10.1007/s11136-025-03989-w;10.12688/wellcomeopenres.21408.2
person:eqmember:17819,person:leader:4a5cd1710c94,3,0.57735,doi:10.1007/s11136-025-03989-w;doi:10.1016/j.jval.2024.05.007;doi:10.12688/wellcomeopenres.21408.2,10.1007/s11136-025-03989-w;10.1016/j.jval.2024.05.007;10.12688/wellcomeopenres.21408.2
person:eqmember:17819,person:leader:606823d7ed51,3,0.57735,doi:10.1007/s11136-025-03925-y;doi:10.1016/j.jval.2024.12.003;doi:10.1186/s12955-024-02303-5,10.1007/s11136-025-03925-y;10.1016/j.jval.2024.12.003;10.1186/s12955-024-02303-5
person:eqmember:17819,person:leader:63cb6b329986,3,0.57735,doi:10.1007/s10198-021-01306-z;doi:10.1007/s11136-020-02718-9;doi:10.1186/s12955-026-02578-w,10.1007/s10198-021-01306-z;10.1007/s11136-020-02718-9;10.1186/s12955-026-02578-w
person:eqmember:17819,person:orcid:0000-0001-5091-3180,3,0.57735,doi:10.1007/s11136-025-03925-y;doi:10.1016/j.jval.2024.12.003;doi:10.1186/s12955-024-02303-5,10.1007/s11136-025-03925-y;10.1016/j.jval.2024.12.003;10.1186/s12955-024-02303-5
person:eqmember:17823,person:leader:5b6527858de5,3,0.57735,doi:10.1136/bmjopen-2020-048176;doi:10.1186/s12955-023-02115-z;doi:10.2196/27669,10.1136/bmjopen-2020-048176;10.1186/s12955-023-02115-z;10.2196/27669
person:eqmember:17823,person:orcid:0000-0001-6534-1242,3,0.57735,doi:10.1136/bmjopen-2020-048176;doi:10.1186/s12955-023-02115-z;doi:10.2196/27669,10.1136/bmjopen-2020-048176;10.1186/s12955-023-02115-z;10.2196/27669
person:eqmember:17823,person:orcid:0000-0002-6182-499x,3,0.57735,doi:10.1136/bmjopen-2020-048176;doi:10.1186/s12955-023-02115-z;doi:10.2196/27669,10.1136/bmjopen-2020-048176;10.1186/s12955-023-02115-z;10.2196/27669
person:eqmember:17833,person:eqmember:17885,3,0.57735,doi:10.1007/s10198-021-01306-z;doi:10.1007/s11136-022-03304-x;doi:10.1186/s12955-021-01858-x,10.1007/s10198-021-01306-z;10.1007/s11136-022-03304-x;10.1186/s12955-021-01858-x
person:eqmember:17835,person:eqmember:17851,3,0.57735,doi:10.1007/s11136-024-03618-y;doi:10.1016/j.jval.2025.02.001;doi:10.1136/bmjopen-2024-097598,10.1007/s11136-024-03618-y;10.1016/j.jval.2025.02.001;10.1136/bmjopen-2024-097598
person:eqmember:17837,person:eqmember:17920,3,0.57735,doi:10.1007/s40273-018-0694-6;doi:10.1007/s40273-025-01476-1;doi:10.3389/fpsyg.2023.1175402,10.1007/s40273-018-0694-6;10.1007/s40273-025-01476-1;10.3389/fpsyg.2023.1175402
person:eqmember:17837,person:eqmember:17924,3,0.57735,doi:10.1007/s40273-018-0694-6;doi:10.1016/j.jval.2018.05.002;doi:10.1016/j.jval.2019.06.008,10.1007/s40273-018-0694-6;10.1016/j.jval.2018.05.002;10.1016/j.jval.2019.06.008
person:eqmember:17845,person:orcid:0000-0001-5091-3180,3,0.57735,doi:10.1007/s11136-025-03925-y;doi:10.1016/j.jval.2024.12.003;doi:10.1186/s12955-024-02303-5,10.1007/s11136-025-03925-y;10.1016/j.jval.2024.12.003;10.1186/s12955-024-02303-5
person:eqmember:17855,person:eqmember:17944,3,0.57735,doi:10.1007/s11136-021-03075-x;doi:10.1007/s11136-022-03143-w;doi:10.1017/s0266462326103602,10.1007/s11136-021-03075-x;10.1007/s11136-022-03143-w;10.1017/s0266462326103602
person:eqmember:17869,person:eqmember:19005,3,0.57735,doi:10.1007/s11136-020-02688-y;doi:10.1007/s40273-018-0642-5;doi:10.1007/s40273-022-01172-4,10.1007/s11136-020-02688-y;10.1007/s40273-018-0642-5;10.1007/s40273-022-01172-4
person:eqmember:17875,person:eqmember:18021,3,0.57735,doi:10.1007/s11136-024-03669-1;doi:10.1007/s11136-025-03917-y;doi:10.1007/s11136-025-04038-2,10.1007/s11136-024-03669-1;10.1007/s11136-025-03917-y;10.1007/s11136-025-04038-2
person:eqmember:17875,person:leader:8873fe2331bf,3,0.57735,doi:10.1007/s11136-024-03669-1;doi:10.1007/s11136-025-03917-y;doi:10.1007/s11136-025-04038-2,10.1007/s11136-024-03669-1;10.1007/s11136-025-03917-y;10.1007/s11136-025-04038-2
person:eqmember:17875,person:leader:c4a44baaa49e,3,0.57735,doi:10.1007/s11136-025-03917-y;doi:10.1007/s11136-025-04038-2;doi:10.1016/j.vhri.2025.101501,10.1007/s11136-025-03917-y;10.1007/s11136-025-04038-2;10.1016/j.vhri.2025.101501
person:eqmember:17875,person:orcid:0000-0001-5559-2574,3,0.57735,doi:10.1002/ppul.71031;doi:10.1007/s40273-025-01473-4;doi:10.22541/au.169215780.00019852/v1,10.1002/ppul.71031;10.1007/s40273-025-01473-4;10.22541/au.169215780.00019852/v1
person:eqmember:17875,person:orcid:0000-0002-8314-8259,3,0.57735,doi:10.1002/ppul.71031;doi:10.1007/s10198-024-01669-z;doi:10.22541/au.169215780.00019852/v1,10.1002/ppul.71031;10.1007/s10198-024-01669-z;10.22541/au.169215780.00019852/v1
person:eqmember:17879,person:orcid:0000-0002-6143-1555,3,0.57735,doi:10.1002/hsr2.70308;doi:10.1016/j.pecinn.2025.100421;doi:10.1186/s12891-024-07304-5,10.1002/hsr2.70308;10.1016/j.pecinn.2025.100421;10.1186/s12891-024-07304-5
person:eqmember:17885,person:eqmember:17946,3,0.57735,doi:10.1007/s10198-021-01306-z;doi:10.1007/s11136-022-03304-x;doi:10.12688/wellcomeopenres.21408.2,10.1007/s10198-021-01306-z;10.1007/s11136-022-03304-x;10.12688/wellcomeopenres.21408.2
person:eqmember:17885,person:eqmember:17998,3,0.57735,doi:10.1007/s10198-021-01306-z;doi:10.1007/s11136-020-02718-9;doi:10.12688/wellcomeopenres.21408.2,10.1007/s10198-021-01306-z;10.1007/s11136-020-02718-9;10.12688/wellcomeopenres.21408.2
person:eqmember:17893,person:eqmember:17960,3,0.57735,doi:10.1016/j.jval.2018.05.002;doi:10.1016/j.jval.2021.10.013;doi:10.1177/0272989x21999607,10.1016/j.jval.2018.05.002;10.1016/j.jval.2021.10.013;10.1177/0272989x21999607
person:eqmember:17893,person:eqmember:18010,3,0.57735,doi:10.1016/j.jval.2018.05.002;doi:10.1016/j.jval.2021.03.019;doi:10.1016/j.jval.2021.10.013,10.1016/j.jval.2018.05.002;10.1016/j.jval.2021.03.019;10.1016/j.jval.2021.10.013
person:eqmember:17893,person:orcid:0000-0002-4832-7833,3,0.57735,doi:10.1007/s10198-020-01205-9;doi:10.1016/j.jval.2018.05.002;doi:10.1016/j.jval.2021.03.019,10.1007/s10198-020-01205-9;10.1016/j.jval.2018.05.002;10.1016/j.jval.2021.03.019
person:eqmember:17895,person:orcid:0000-0002-1332-0500,3,0.57735,doi:10.1007/s11136-019-02256-z;doi:10.1007/s11136-020-02496-4;doi:10.1007/s11136-021-03069-9,10.1007/s11136-019-02256-z;10.1007/s11136-020-02496-4;10.1007/s11136-021-03069-9
person:eqmember:17897,person:eqmember:18019,3,0.57735,doi:10.1007/s10198-023-01647-x;doi:10.1007/s40273-025-01519-7;doi:10.1016/j.jval.2024.06.018,10.1007/s10198-023-01647-x;10.1007/s40273-025-01519-7;10.1016/j.jval.2024.06.018
person:eqmember:17901,person:eqmember:17998,3,0.57735,doi:10.1007/s11136-025-03989-w;doi:10.12688/wellcomeopenres.21408.2;doi:10.1371/journal.pone.0302886,10.1007/s11136-025-03989-w;10.12688/wellcomeopenres.21408.2;10.1371/journal.pone.0302886
person:eqmember:17901,person:leader:0a4ba2690908,3,0.57735,doi:10.1007/s11136-025-03989-w;doi:10.1007/s40273-025-01545-5;doi:10.12688/wellcomeopenres.21408.2,10.1007/s11136-025-03989-w;10.1007/s40273-025-01545-5;10.12688/wellcomeopenres.21408.2
person:eqmember:17930,person:eqmember:17946,3,0.57735,doi:10.1007/s11136-025-04150-3;doi:10.1007/s40273-025-01550-8;doi:10.1016/j.jval.2018.05.002,10.1007/s11136-025-04150-3;10.1007/s40273-025-01550-8;10.1016/j.jval.2018.05.002
person:eqmember:17930,person:orcid:0000-0001-5559-2574,3,0.57735,doi:10.1002/ppul.71031;doi:10.1007/s40273-025-01473-4;doi:10.22541/au.169215780.00019852/v1,10.1002/ppul.71031;10.1007/s40273-025-01473-4;10.22541/au.169215780.00019852/v1
person:eqmember:17934,person:eqmember:19813,3,0.57735,doi:10.1097/mlr.0000000000002200;doi:10.1136/bmjopen-2023-077256;doi:10.1186/s12955-024-02271-w,10.1097/mlr.0000000000002200;10.1136/bmjopen-2023-077256;10.1186/s12955-024-02271-w
person:eqmember:17934,person:leader:6fe4e81455db,3,0.57735,doi:10.1097/mlr.0000000000002200;doi:10.1136/bmjopen-2023-077256;doi:10.1186/s12955-024-02271-w,10.1097/mlr.0000000000002200;10.1136/bmjopen-2023-077256;10.1186/s12955-024-02271-w
person:eqmember:17946,person:eqmember:17960,3,0.57735,doi:10.1016/j.jval.2018.05.002;doi:10.1136/bmjopen-2025-100897;doi:10.1177/0272989x21999607,10.1016/j.jval.2018.05.002;10.1136/bmjopen-2025-100897;10.1177/0272989x21999607
person:eqmember:17946,person:eqmember:21677,3,0.57735,doi:10.1007/s40271-024-00715-5;doi:10.1371/journal.pone.0302886;doi:10.1371/journal.pone.0319227,10.1007/s40271-024-00715-5;10.1371/journal.pone.0302886;10.1371/journal.pone.0319227
person:eqmember:17946,person:leader:0a4ba2690908,3,0.57735,doi:10.1007/s11136-025-03989-w;doi:10.1007/s40273-025-01545-5;doi:10.12688/wellcomeopenres.21408.2,10.1007/s11136-025-03989-w;10.1007/s40273-025-01545-5;10.12688/wellcomeopenres.21408.2
person:eqmember:17946,person:leader:5b6527858de5,3,0.57735,doi:10.1136/bmjopen-2020-048176;doi:10.1186/s12955-023-02115-z;doi:10.2196/27669,10.1136/bmjopen-2020-048176;10.1186/s12955-023-02115-z;10.2196/27669
person:eqmember:17946,person:orcid:0000-0001-6534-1242,3,0.57735,doi:10.1136/bmjopen-2020-048176;doi:10.1186/s12955-023-02115-z;doi:10.2196/27669,10.1136/bmjopen-2020-048176;10.1186/s12955-023-02115-z;10.2196/27669
person:eqmember:17946,person:orcid:0000-0002-1323-4223,3,0.57735,doi:10.1007/s40273-023-01330-2;doi:10.1007/s40273-024-01355-1;doi:10.3390/children10101604,10.1007/s40273-023-01330-2;10.1007/s40273-024-01355-1;10.3390/children10101604
person:eqmember:17946,person:orcid:0000-0002-6182-499x,3,0.57735,doi:10.1136/bmjopen-2020-048176;doi:10.1186/s12955-023-02115-z;doi:10.2196/27669,10.1136/bmjopen-2020-048176;10.1186/s12955-023-02115-z;10.2196/27669
person:eqmember:17946,person:orcid:0000-0003-4535-442x,3,0.57735,doi:10.1007/s40273-025-01493-0;doi:10.1371/journal.pone.0302886;doi:10.1371/journal.pone.0319227,10.1007/s40273-025-01493-0;10.1371/journal.pone.0302886;10.1371/journal.pone.0319227
person:eqmember:17958,person:eqmember:17998,3,0.57735,doi:10.1007/s10198-025-01769-4;doi:10.1007/s11136-025-03989-w;doi:10.12688/wellcomeopenres.21408.2,10.1007/s10198-025-01769-4;10.1007/s11136-025-03989-w;10.12688/wellcomeopenres.21408.2
person:eqmember:17958,person:leader:0a4ba2690908,3,0.57735,doi:10.1007/s10198-025-01769-4;doi:10.1007/s11136-025-03989-w;doi:10.12688/wellcomeopenres.21408.2,10.1007/s10198-025-01769-4;10.1007/s11136-025-03989-w;10.12688/wellcomeopenres.21408.2
person:eqmember:17960,person:eqmember:19813,3,0.57735,doi:10.1007/s40271-024-00708-4;doi:10.1136/bmjopen-2023-077256;doi:10.1136/bmjopen-2025-100897,10.1007/s40271-024-00708-4;10.1136/bmjopen-2023-077256;10.1136/bmjopen-2025-100897
person:eqmember:17968,person:openalex:A5088417854,3,0.57735,doi:10.1016/j.jval.2019.10.006;doi:10.1177/0272989x18765184;doi:10.1177/0272989x19841587,10.1016/j.jval.2019.10.006;10.1177/0272989x18765184;10.1177/0272989x19841587
person:eqmember:17974,person:eqmember:17998,3,0.57735,doi:10.1007/s40273-025-01493-0;doi:10.1371/journal.pone.0302886;doi:10.1371/journal.pone.0319227,10.1007/s40273-025-01493-0;10.1371/journal.pone.0302886;10.1371/journal.pone.0319227
person:eqmember:17974,person:orcid:0000-0003-4535-442x,3,0.57735,doi:10.1007/s40273-025-01493-0;doi:10.1371/journal.pone.0302886;doi:10.1371/journal.pone.0319227,10.1007/s40273-025-01493-0;10.1371/journal.pone.0302886;10.1371/journal.pone.0319227
person:eqmember:17980,person:eqmember:18000,3,0.57735,doi:10.1007/s11136-020-02712-1;doi:10.1007/s11136-021-02922-1;doi:10.1016/j.jval.2019.02.006,10.1007/s11136-020-02712-1;10.1007/s11136-021-02922-1;10.1016/j.jval.2019.02.006
person:eqmember:17988,person:eqmember:18000,3,0.57735,doi:10.1007/s11136-020-02712-1;doi:10.1007/s11136-021-02922-1;doi:10.1016/j.jval.2019.02.006,10.1007/s11136-020-02712-1;10.1007/s11136-021-02922-1;10.1016/j.jval.2019.02.006
person:eqmember:17988,person:orcid:0000-0002-4758-7588,3,0.57735,doi:10.1007/s11136-025-04003-z;doi:10.1007/s40273-022-01222-x;doi:10.1016/j.jval.2025.01.020,10.1007/s11136-025-04003-z;10.1007/s40273-022-01222-x;10.1016/j.jval.2025.01.020
person:eqmember:17988,person:orcid:0000-0003-3619-5367,3,0.57735,doi:10.1007/s11136-020-02712-1;doi:10.1016/j.ssmqr.2024.100398;doi:10.21203/rs.3.rs-2423517/v1,10.1007/s11136-020-02712-1;10.1016/j.ssmqr.2024.100398;10.21203/rs.3.rs-2423517/v1
person:eqmember:17998,person:leader:0a4ba2690908,3,0.57735,doi:10.1007/s10198-025-01769-4;doi:10.1007/s11136-025-03989-w;doi:10.12688/wellcomeopenres.21408.2,10.1007/s10198-025-01769-4;10.1007/s11136-025-03989-w;10.12688/wellcomeopenres.21408.2
person:eqmember:17998,person:leader:4a5cd1710c94,3,0.57735,doi:10.1007/s11136-025-03989-w;doi:10.1016/j.jval.2024.05.007;doi:10.12688/wellcomeopenres.21408.2,10.1007/s11136-025-03989-w;10.1016/j.jval.2024.05.007;10.12688/wellcomeopenres.21408.2
person:eqmember:17998,person:leader:63cb6b329986,3,0.57735,doi:10.1007/s10198-021-01306-z;doi:10.1007/s11136-020-02718-9;doi:10.1186/s12955-026-02578-w,10.1007/s10198-021-01306-z;10.1007/s11136-020-02718-9;10.1186/s12955-026-02578-w
person:eqmember:17998,person:orcid:0000-0003-4535-442x,3,0.57735,doi:10.1007/s40273-025-01493-0;doi:10.1371/journal.pone.0302886;doi:10.1371/journal.pone.0319227,10.1007/s40273-025-01493-0;10.1371/journal.pone.0302886;10.1371/journal.pone.0319227
person:eqmember:18002,person:leader:50cca9cff5d9,3,0.57735,doi:10.1007/s10198-025-01804-4;doi:10.1007/s40273-025-01493-0;doi:10.1016/j.jval.2025.04.2161,10.1007/s10198-025-01804-4;10.1007/s40273-025-01493-0;10.1016/j.jval.2025.04.2161
person:eqmember:18006,person:orcid:0000-0001-9970-3045,3,0.57735,doi:10.1007/s40273-020-00994-4;doi:10.1007/s40273-023-01280-9;doi:10.1016/j.jval.2021.03.019,10.1007/s40273-020-00994-4;10.1007/s40273-023-01280-9;10.1016/j.jval.2021.03.019
person:eqmember:18019,person:eqmember:18021,3,0.57735,doi:10.1007/s11136-024-03669-1;doi:10.1007/s11136-025-03917-y;doi:10.1007/s11136-025-04038-2,10.1007/s11136-024-03669-1;10.1007/s11136-025-03917-y;10.1007/s11136-025-04038-2
person:eqmember:18019,person:leader:8873fe2331bf,3,0.57735,doi:10.1007/s11136-024-03669-1;doi:10.1007/s11136-025-03917-y;doi:10.1007/s11136-025-04038-2,10.1007/s11136-024-03669-1;10.1007/s11136-025-03917-y;10.1007/s11136-025-04038-2
person:eqmember:18019,person:leader:c4a44baaa49e,3,0.57735,doi:10.1007/s11136-025-03917-y;doi:10.1007/s11136-025-04038-2;doi:10.1016/j.vhri.2025.101501,10.1007/s11136-025-03917-y;10.1007/s11136-025-04038-2;10.1016/j.vhri.2025.101501
person:eqmember:18019,person:openalex:A5078510482,3,0.57735,doi:10.1007/s10198-021-01309-w;doi:10.1007/s10198-024-01669-z;doi:10.1007/s11136-025-03917-y,10.1007/s10198-021-01309-w;10.1007/s10198-024-01669-z;10.1007/s11136-025-03917-y
person:eqmember:18019,person:orcid:0000-0001-5559-2574,3,0.57735,doi:10.1002/ppul.71031;doi:10.1007/s40273-025-01473-4;doi:10.22541/au.169215780.00019852/v1,10.1002/ppul.71031;10.1007/s40273-025-01473-4;10.22541/au.169215780.00019852/v1
person:eqmember:18021,person:leader:8873fe2331bf,3,0.57735,doi:10.1007/s11136-024-03669-1;doi:10.1007/s11136-025-03917-y;doi:10.1007/s11136-025-04038-2,10.1007/s11136-024-03669-1;10.1007/s11136-025-03917-y;10.1007/s11136-025-04038-2
person:eqmember:19003,person:leader:39e3bb2019e3,3,0.57735,doi:10.1007/s40273-021-01002-z;doi:10.1007/s40273-021-01100-y;doi:10.1007/s40273-022-01208-9,10.1007/s40273-021-01002-z;10.1007/s40273-021-01100-y;10.1007/s40273-022-01208-9
person:eqmember:19003,person:leader:fc07b6540d1a,3,0.57735,doi:10.1007/s40258-022-00772-7;doi:10.1007/s41669-024-00486-7;doi:10.1016/j.socscimed.2021.114519,10.1007/s40258-022-00772-7;10.1007/s41669-024-00486-7;10.1016/j.socscimed.2021.114519
person:eqmember:19003,person:openalex:A5019640605,3,0.57735,doi:10.1007/s40273-021-01002-z;doi:10.1007/s40273-021-01100-y;doi:10.1007/s40273-022-01208-9,10.1007/s40273-021-01002-z;10.1007/s40273-021-01100-y;10.1007/s40273-022-01208-9
person:eqmember:19003,person:orcid:0000-0002-5956-8990,3,0.57735,doi:10.1007/s40273-021-01002-z;doi:10.1007/s40273-021-01100-y;doi:10.1007/s40273-022-01208-9,10.1007/s40273-021-01002-z;10.1007/s40273-021-01100-y;10.1007/s40273-022-01208-9
person:leader:50cca9cff5d9,person:orcid:0000-0002-1323-4223,3,0.57735,doi:10.1007/s40273-023-01330-2;doi:10.1007/s40273-024-01355-1;doi:10.3390/children10101604,10.1007/s40273-023-01330-2;10.1007/s40273-024-01355-1;10.3390/children10101604
person:leader:50cca9cff5d9,person:orcid:0000-0002-5692-8882,3,0.57735,doi:10.1007/s11136-026-04246-4;doi:10.1016/j.jval.2025.05.013;doi:10.1136/archdischild-2025-329475,10.1007/s11136-026-04246-4;10.1016/j.jval.2025.05.013;10.1136/archdischild-2025-329475
person:leader:50cca9cff5d9,person:orcid:0000-0002-8385-5965,3,0.57735,doi:10.1007/s40273-023-01330-2;doi:10.1007/s40273-024-01354-2;doi:10.1007/s40273-024-01355-1,10.1007/s40273-023-01330-2;10.1007/s40273-024-01354-2;10.1007/s40273-024-01355-1
person:leader:510242c8d95e,person:orcid:0000-0002-2013-6963,3,0.57735,doi:10.1016/j.vhri.2021.09.007;doi:10.1186/s41687-023-00560-4;doi:10.1186/s41687-024-00761-5,10.1016/j.vhri.2021.09.007;10.1186/s41687-023-00560-4;10.1186/s41687-024-00761-5
person:leader:510242c8d95e,person:orcid:0000-0002-7375-4845,3,0.57735,doi:10.1016/j.vhri.2021.09.007;doi:10.1186/s41687-023-00560-4;doi:10.1186/s41687-024-00761-5,10.1016/j.vhri.2021.09.007;10.1186/s41687-023-00560-4;10.1186/s41687-024-00761-5
person:leader:510242c8d95e,person:orcid:0000-0002-8639-5191,3,0.57735,doi:10.1016/j.vhri.2021.09.007;doi:10.1186/s41687-023-00560-4;doi:10.1186/s41687-024-00761-5,10.1016/j.vhri.2021.09.007;10.1186/s41687-023-00560-4;10.1186/s41687-024-00761-5
person:leader:510242c8d95e,person:orcid:0000-0003-3121-6050,3,0.57735,doi:10.1016/j.vhri.2021.09.007;doi:10.1186/s41687-023-00560-4;doi:10.1186/s41687-024-00761-5,10.1016/j.vhri.2021.09.007;10.1186/s41687-023-00560-4;10.1186/s41687-024-00761-5
person:leader:5b6527858de5,person:orcid:0000-0002-6182-499x,3,0.57735,doi:10.1136/bmjopen-2020-048176;doi:10.1186/s12955-023-02115-z;doi:10.2196/27669,10.1136/bmjopen-2020-048176;10.1186/s12955-023-02115-z;10.2196/27669
person:leader:606823d7ed51,person:orcid:0000-0001-5091-3180,3,0.57735,doi:10.1007/s11136-025-03925-y;doi:10.1016/j.jval.2024.12.003;doi:10.1186/s12955-024-02303-5,10.1007/s11136-025-03925-y;10.1016/j.jval.2024.12.003;10.1186/s12955-024-02303-5
person:leader:73598c4735dd,person:orcid:0000-0001-5559-2574,3,0.57735,doi:10.1002/ppul.71031;doi:10.1007/s40273-025-01473-4;doi:10.22541/au.169215780.00019852/v1,10.1002/ppul.71031;10.1007/s40273-025-01473-4;10.22541/au.169215780.00019852/v1
person:leader:fa3dd095d626,person:openalex:A5078510482,3,0.57735,doi:10.1007/s10198-021-01309-w;doi:10.1007/s10198-024-01669-z;doi:10.1007/s11136-025-03917-y,10.1007/s10198-021-01309-w;10.1007/s10198-024-01669-z;10.1007/s11136-025-03917-y
person:orcid:0000-0001-6534-1242,person:orcid:0000-0002-6182-499x,3,0.57735,doi:10.1136/bmjopen-2020-048176;doi:10.1186/s12955-023-02115-z;doi:10.2196/27669,10.1136/bmjopen-2020-048176;10.1186/s12955-023-02115-z;10.2196/27669
person:orcid:0000-0002-1323-4223,person:orcid:0000-0002-5332-5226,3,0.57735,doi:10.1007/s40273-023-01330-2;doi:10.1007/s40273-024-01355-1;doi:10.3390/children10101604,10.1007/s40273-023-01330-2;10.1007/s40273-024-01355-1;10.3390/children10101604
person:orcid:0000-0002-1332-0500,person:orcid:0000-0002-4331-3141,3,0.57735,doi:10.1007/s11136-019-02256-z;doi:10.1007/s11136-020-02496-4;doi:10.1007/s11136-021-03069-9,10.1007/s11136-019-02256-z;10.1007/s11136-020-02496-4;10.1007/s11136-021-03069-9
person:orcid:0000-0002-2013-6963,person:orcid:0000-0002-7375-4845,3,0.57735,doi:10.1016/j.vhri.2021.09.007;doi:10.1186/s41687-023-00560-4;doi:10.1186/s41687-024-00761-5,10.1016/j.vhri.2021.09.007;10.1186/s41687-023-00560-4;10.1186/s41687-024-00761-5
person:orcid:0000-0002-2013-6963,person:orcid:0000-0002-8639-5191,3,0.57735,doi:10.1016/j.vhri.2021.09.007;doi:10.1186/s41687-023-00560-4;doi:10.1186/s41687-024-00761-5,10.1016/j.vhri.2021.09.007;10.1186/s41687-023-00560-4;10.1186/s41687-024-00761-5
person:orcid:0000-0002-2013-6963,person:orcid:0000-0003-3121-6050,3,0.57735,doi:10.1016/j.vhri.2021.09.007;doi:10.1186/s41687-023-00560-4;doi:10.1186/s41687-024-00761-5,10.1016/j.vhri.2021.09.007;10.1186/s41687-023-00560-4;10.1186/s41687-024-00761-5
person:orcid:0000-0002-5332-5226,person:orcid:0000-0002-8385-5965,3,0.57735,doi:10.1007/s40273-023-01330-2;doi:10.1007/s40273-024-01354-2;doi:10.1007/s40273-024-01355-1,10.1007/s40273-023-01330-2;10.1007/s40273-024-01354-2;10.1007/s40273-024-01355-1
person:orcid:0000-0002-7375-4845,person:orcid:0000-0002-8639-5191,3,0.57735,doi:10.1016/j.vhri.2021.09.007;doi:10.1186/s41687-023-00560-4;doi:10.1186/s41687-024-00761-5,10.1016/j.vhri.2021.09.007;10.1186/s41687-023-00560-4;10.1186/s41687-024-00761-5
person:orcid:0000-0002-7375-4845,person:orcid:0000-0003-3121-6050,3,0.57735,doi:10.1016/j.vhri.2021.09.007;doi:10.1186/s41687-023-00560-4;doi:10.1186/s41687-024-00761-5,10.1016/j.vhri.2021.09.007;10.1186/s41687-023-00560-4;10.1186/s41687-024-00761-5
person:orcid:0000-0002-8639-5191,person:orcid:0000-0003-3121-6050,3,0.57735,doi:10.1016/j.vhri.2021.09.007;doi:10.1186/s41687-023-00560-4;doi:10.1186/s41687-024-00761-5,10.1016/j.vhri.2021.09.007;10.1186/s41687-023-00560-4;10.1186/s41687-024-00761-5
person:eqmember:17787,person:orcid:0000-0002-2485-505x,2,0.707107,doi:10.1007/s10198-021-01412-y;doi:10.1186/s12955-024-02305-3,10.1007/s10198-021-01412-y;10.1186/s12955-024-02305-3
person:eqmember:17790,person:eqmember:17833,2,0.707107,doi:10.1007/s10198-021-01306-z;doi:10.1186/s12955-021-01858-x,10.1007/s10198-021-01306-z;10.1186/s12955-021-01858-x
person:eqmember:17790,person:eqmember:17885,2,0.707107,doi:10.1007/s10198-021-01306-z;doi:10.1186/s12955-021-01858-x,10.1007/s10198-021-01306-z;10.1186/s12955-021-01858-x
person:eqmember:17791,person:eqmember:17877,2,0.707107,doi:10.1186/s12955-020-01410-3;doi:10.3390/children8100920,10.1186/s12955-020-01410-3;10.3390/children8100920
person:eqmember:17791,person:eqmember:17881,2,0.707107,doi:10.1186/s12955-020-01410-3;doi:10.3390/children8100920,10.1186/s12955-020-01410-3;10.3390/children8100920
person:eqmember:17795,person:eqmember:17835,2,0.707107,doi:10.1007/s11136-024-03618-y;doi:10.1136/bmjopen-2024-097598,10.1007/s11136-024-03618-y;10.1136/bmjopen-2024-097598
person:eqmember:17795,person:eqmember:17847,2,0.707107,doi:10.1016/j.jval.2024.11.006;doi:10.1186/s12955-023-02207-w,10.1016/j.jval.2024.11.006;10.1186/s12955-023-02207-w
person:eqmember:17795,person:eqmember:17851,2,0.707107,doi:10.1007/s11136-024-03618-y;doi:10.1136/bmjopen-2024-097598,10.1007/s11136-024-03618-y;10.1136/bmjopen-2024-097598
person:eqmember:17799,person:eqmember:17946,2,0.707107,doi:10.1007/s10198-018-0993-z;doi:10.1007/s11136-022-03304-x,10.1007/s10198-018-0993-z;10.1007/s11136-022-03304-x
person:eqmember:17803,person:eqmember:17851,2,0.707107,doi:10.1007/s12311-023-01597-3;doi:10.1186/s12955-026-02478-z,10.1007/s12311-023-01597-3;10.1186/s12955-026-02478-z
person:eqmember:17803,person:eqmember:17911,2,0.707107,doi:10.1016/j.jval.2025.04.2168;doi:10.1186/s12955-026-02478-z,10.1016/j.jval.2025.04.2168;10.1186/s12955-026-02478-z
person:eqmember:17803,person:openalex:A5112901636,2,0.707107,doi:10.1007/s12311-023-01597-3;doi:10.1007/s12311-024-01657-2,10.1007/s12311-023-01597-3;10.1007/s12311-024-01657-2
person:eqmember:17803,person:orcid:0000-0001-6174-5442,2,0.707107,doi:10.1007/s12311-023-01597-3;doi:10.1007/s12311-024-01657-2,10.1007/s12311-023-01597-3;10.1007/s12311-024-01657-2
person:eqmember:17803,person:orcid:0000-0002-6986-3969,2,0.707107,doi:10.1007/s12311-023-01597-3;doi:10.1007/s12311-024-01657-2,10.1007/s12311-023-01597-3;10.1007/s12311-024-01657-2
person:eqmember:17803,person:orcid:0000-0003-0634-8756,2,0.707107,doi:10.1007/s12311-023-01597-3;doi:10.1007/s12311-024-01657-2,10.1007/s12311-023-01597-3;10.1007/s12311-024-01657-2
person:eqmember:17803,person:orcid:0000-0003-3265-0262,2,0.707107,doi:10.1007/s12311-023-01597-3;doi:10.1007/s12311-024-01657-2,10.1007/s12311-023-01597-3;10.1007/s12311-024-01657-2
person:eqmember:17803,person:orcid:0000-0003-4833-5937,2,0.707107,doi:10.1007/s12311-023-01597-3;doi:10.1007/s12311-024-01657-2,10.1007/s12311-023-01597-3;10.1007/s12311-024-01657-2
person:eqmember:17805,person:eqmember:17974,2,0.707107,doi:10.1007/s40273-025-01476-1;doi:10.1016/j.jval.2025.07.016,10.1007/s40273-025-01476-1;10.1016/j.jval.2025.07.016
person:eqmember:17805,person:eqmember:18002,2,0.707107,doi:10.1007/s10198-025-01852-w;doi:10.1016/j.jval.2025.07.016,10.1007/s10198-025-01852-w;10.1016/j.jval.2025.07.016
person:eqmember:17805,person:leader:39e3bb2019e3,2,0.707107,doi:10.1007/s40273-021-01100-y;doi:10.1007/s40273-022-01208-9,10.1007/s40273-021-01100-y;10.1007/s40273-022-01208-9
person:eqmember:17805,person:leader:606823d7ed51,2,0.707107,doi:10.1007/s10198-025-01857-5;doi:10.1177/0272989x261446644,10.1007/s10198-025-01857-5;10.1177/0272989x261446644
person:eqmember:17805,person:openalex:A5019640605,2,0.707107,doi:10.1007/s40273-021-01100-y;doi:10.1007/s40273-022-01208-9,10.1007/s40273-021-01100-y;10.1007/s40273-022-01208-9
person:eqmember:17805,person:orcid:0000-0002-5956-8990,2,0.707107,doi:10.1007/s40273-021-01100-y;doi:10.1007/s40273-022-01208-9,10.1007/s40273-021-01100-y;10.1007/s40273-022-01208-9
person:eqmember:17807,person:eqmember:17845,2,0.707107,doi:10.1016/j.jval.2025.05.015;doi:10.1016/j.jval.2025.09.009,10.1016/j.jval.2025.05.015;10.1016/j.jval.2025.09.009
person:eqmember:17807,person:eqmember:17901,2,0.707107,doi:10.1007/s10198-018-0993-z;doi:10.1016/j.jval.2018.05.002,10.1007/s10198-018-0993-z;10.1016/j.jval.2018.05.002
person:eqmember:17807,person:eqmember:17924,2,0.707107,doi:10.1007/s40271-025-00735-9;doi:10.1016/j.jval.2018.05.002,10.1007/s40271-025-00735-9;10.1016/j.jval.2018.05.002
person:eqmember:17807,person:eqmember:17988,2,0.707107,doi:10.1016/j.ssmqr.2024.100398;doi:10.21203/rs.3.rs-2423517/v1,10.1016/j.ssmqr.2024.100398;10.21203/rs.3.rs-2423517/v1
person:eqmember:17807,person:eqmember:18002,2,0.707107,doi:10.1007/s40273-021-01109-3;doi:10.1016/j.jval.2025.07.016,10.1007/s40273-021-01109-3;10.1016/j.jval.2025.07.016
person:eqmember:17807,person:eqmember:18019,2,0.707107,doi:10.1007/s11136-025-03983-2;doi:10.1016/j.jval.2025.07.016,10.1007/s11136-025-03983-2;10.1016/j.jval.2025.07.016
person:eqmember:17807,person:leader:b95f9aa0caf2,2,0.707107,doi:10.1016/j.ssmqr.2024.100398;doi:10.21203/rs.3.rs-2423517/v1,10.1016/j.ssmqr.2024.100398;10.21203/rs.3.rs-2423517/v1
person:eqmember:17807,person:leader:d9674d98607b,2,0.707107,doi:10.1007/s11136-023-03372-7;doi:10.1007/s40273-025-01509-9,10.1007/s11136-023-03372-7;10.1007/s40273-025-01509-9
person:eqmember:17807,person:openalex:A5013588948,2,0.707107,doi:10.3390/children10101604;doi:10.3390/children8080714,10.3390/children10101604;10.3390/children8080714
person:eqmember:17807,person:openalex:A5062956353,2,0.707107,doi:10.3390/children10101604;doi:10.3390/children8080714,10.3390/children10101604;10.3390/children8080714
person:eqmember:17807,person:openalex:A5065396071,2,0.707107,doi:10.1016/j.ssmqr.2024.100398;doi:10.21203/rs.3.rs-2423517/v1,10.1016/j.ssmqr.2024.100398;10.21203/rs.3.rs-2423517/v1
person:eqmember:17807,person:openalex:A5079545906,2,0.707107,doi:10.1016/j.ssmqr.2024.100398;doi:10.21203/rs.3.rs-2423517/v1,10.1016/j.ssmqr.2024.100398;10.21203/rs.3.rs-2423517/v1
person:eqmember:17807,person:openalex:A5080865059,2,0.707107,doi:10.1016/j.ssmqr.2024.100398;doi:10.21203/rs.3.rs-2423517/v1,10.1016/j.ssmqr.2024.100398;10.21203/rs.3.rs-2423517/v1
person:eqmember:17807,person:orcid:0000-0002-3288-036x,2,0.707107,doi:10.1007/s40271-023-00647-6;doi:10.1007/s40271-024-00715-5,10.1007/s40271-023-00647-6;10.1007/s40271-024-00715-5
person:eqmember:17807,person:orcid:0000-0002-7127-9462,2,0.707107,doi:10.1007/s11136-023-03372-7;doi:10.1007/s40273-025-01509-9,10.1007/s11136-023-03372-7;10.1007/s40273-025-01509-9
person:eqmember:17807,person:orcid:0000-0003-3619-5367,2,0.707107,doi:10.1016/j.ssmqr.2024.100398;doi:10.21203/rs.3.rs-2423517/v1,10.1016/j.ssmqr.2024.100398;10.21203/rs.3.rs-2423517/v1
person:eqmember:17817,person:leader:35b2f2d48116,2,0.707107,doi:10.1007/s40258-021-00639-3;doi:10.1016/j.jval.2025.05.014,10.1007/s40258-021-00639-3;10.1016/j.jval.2025.05.014
person:eqmember:17817,person:orcid:0000-0002-6048-521x,2,0.707107,doi:10.1007/s40258-021-00639-3;doi:10.1016/j.jval.2025.05.014,10.1007/s40258-021-00639-3;10.1016/j.jval.2025.05.014
person:eqmember:17819,person:eqmember:17901,2,0.707107,doi:10.1007/s11136-025-03989-w;doi:10.12688/wellcomeopenres.21408.2,10.1007/s11136-025-03989-w;10.12688/wellcomeopenres.21408.2
person:eqmember:17819,person:eqmember:17905,2,0.707107,doi:10.1007/s11136-025-03989-w;doi:10.12688/wellcomeopenres.21408.2,10.1007/s11136-025-03989-w;10.12688/wellcomeopenres.21408.2
person:eqmember:17819,person:eqmember:19003,2,0.707107,doi:10.1016/j.jval.2024.03.002;doi:10.1177/0272989x20969686,10.1016/j.jval.2024.03.002;10.1177/0272989x20969686
person:eqmember:17819,person:orcid:0000-0002-9768-5389,2,0.707107,doi:10.1007/s10198-025-01769-4;doi:10.1186/s12955-026-02578-w,10.1007/s10198-025-01769-4;10.1186/s12955-026-02578-w
person:eqmember:17819,person:orcid:0000-0003-4609-3911,2,0.707107,doi:10.1007/s10198-021-01306-z;doi:10.1007/s11136-020-02718-9,10.1007/s10198-021-01306-z;10.1007/s11136-020-02718-9
person:eqmember:17821,person:eqmember:17901,2,0.707107,doi:10.1007/s40273-025-01545-5;doi:10.1177/0272989x21999607,10.1007/s40273-025-01545-5;10.1177/0272989x21999607
person:eqmember:17821,person:eqmember:17946,2,0.707107,doi:10.1007/s40273-025-01545-5;doi:10.1177/0272989x21999607,10.1007/s40273-025-01545-5;10.1177/0272989x21999607
person:eqmember:17823,person:orcid:0000-0003-1079-5655,2,0.707107,doi:10.1136/bmjopen-2020-048176;doi:10.2196/27669,10.1136/bmjopen-2020-048176;10.2196/27669
person:eqmember:17831,person:eqmember:17855,2,0.707107,doi:10.1007/s11136-025-03983-2;doi:10.1017/s0266462326103602,10.1007/s11136-025-03983-2;10.1017/s0266462326103602
person:eqmember:17831,person:eqmember:17976,2,0.707107,doi:10.1007/s11136-025-03983-2;doi:10.1017/s0266462326103602,10.1007/s11136-025-03983-2;10.1017/s0266462326103602
person:eqmember:17831,person:eqmember:19005,2,0.707107,doi:10.1007/s11136-025-03983-2;doi:10.1007/s40273-022-01172-4,10.1007/s11136-025-03983-2;10.1007/s40273-022-01172-4
person:eqmember:17833,person:eqmember:17946,2,0.707107,doi:10.1007/s10198-021-01306-z;doi:10.1007/s11136-022-03304-x,10.1007/s10198-021-01306-z;10.1007/s11136-022-03304-x
person:eqmember:17833,person:leader:e448059d8472,2,0.707107,doi:10.1007/s11136-022-03304-x;doi:10.1186/s12955-021-01858-x,10.1007/s11136-022-03304-x;10.1186/s12955-021-01858-x
person:eqmember:17835,person:eqmember:17845,2,0.707107,doi:10.1186/s12955-024-02266-7;doi:10.1186/s12955-024-02323-1,10.1186/s12955-024-02266-7;10.1186/s12955-024-02323-1
person:eqmember:17835,person:leader:bc605a168c15,2,0.707107,doi:10.3390/curroncol32060308;doi:10.3390/curroncol32110645,10.3390/curroncol32060308;10.3390/curroncol32110645
person:eqmember:17835,person:orcid:0000-0001-9364-5788,2,0.707107,doi:10.1016/j.jval.2025.02.001;doi:10.1136/bmjopen-2024-097598,10.1016/j.jval.2025.02.001;10.1136/bmjopen-2024-097598
person:eqmember:17835,person:orcid:0000-0002-2501-3057,2,0.707107,doi:10.3390/curroncol32060308;doi:10.3390/curroncol32110645,10.3390/curroncol32060308;10.3390/curroncol32110645
person:eqmember:17835,person:orcid:0000-0002-9264-7797,2,0.707107,doi:10.3390/curroncol32060308;doi:10.3390/curroncol32110645,10.3390/curroncol32060308;10.3390/curroncol32110645
person:eqmember:17837,person:eqmember:17861,2,0.707107,doi:10.1016/j.jval.2019.06.008;doi:10.1186/s12955-021-01889-4,10.1016/j.jval.2019.06.008;10.1186/s12955-021-01889-4
person:eqmember:17837,person:eqmember:17944,2,0.707107,doi:10.1007/s10198-023-01647-x;doi:10.1016/j.jval.2019.06.008,10.1007/s10198-023-01647-x;10.1016/j.jval.2019.06.008
person:eqmember:17837,person:eqmember:17946,2,0.707107,doi:10.1007/s40273-025-01476-1;doi:10.1016/j.jval.2018.05.002,10.1007/s40273-025-01476-1;10.1016/j.jval.2018.05.002
person:eqmember:17837,person:eqmember:18019,2,0.707107,doi:10.1007/s10198-023-01647-x;doi:10.1016/j.jval.2019.06.008,10.1007/s10198-023-01647-x;10.1016/j.jval.2019.06.008
person:eqmember:17839,person:eqmember:17847,2,0.707107,doi:10.1007/s11136-025-03983-2;doi:10.1007/s11136-025-04074-y,10.1007/s11136-025-03983-2;10.1007/s11136-025-04074-y
person:eqmember:17839,person:eqmember:17879,2,0.707107,doi:10.1007/s11136-025-03983-2;doi:10.1007/s11136-025-04074-y,10.1007/s11136-025-03983-2;10.1007/s11136-025-04074-y
person:eqmember:17839,person:eqmember:17893,2,0.707107,doi:10.1007/s11136-025-03983-2;doi:10.1007/s11136-025-04074-y,10.1007/s11136-025-03983-2;10.1007/s11136-025-04074-y
person:eqmember:17839,person:eqmember:17976,2,0.707107,doi:10.1007/s11136-025-03983-2;doi:10.1007/s11136-025-04074-y,10.1007/s11136-025-03983-2;10.1007/s11136-025-04074-y
person:eqmember:17839,person:openalex:A5045399261,2,0.707107,doi:10.1007/s11136-024-03754-5;doi:10.3389/fepid.2023.1144162,10.1007/s11136-024-03754-5;10.3389/fepid.2023.1144162
person:eqmember:17839,person:orcid:0000-0001-7548-1775,2,0.707107,doi:10.1007/s11136-024-03754-5;doi:10.3389/fepid.2023.1144162,10.1007/s11136-024-03754-5;10.3389/fepid.2023.1144162
person:eqmember:17839,person:orcid:0000-0002-4331-3141,2,0.707107,doi:10.3389/fpubh.2021.744405;doi:10.3390/nu16162591,10.3389/fpubh.2021.744405;10.3390/nu16162591
person:eqmember:17839,person:orcid:0000-0002-7142-3364,2,0.707107,doi:10.1007/s11136-025-03983-2;doi:10.1007/s11136-025-04074-y,10.1007/s11136-025-03983-2;10.1007/s11136-025-04074-y
person:eqmember:17845,person:eqmember:17867,2,0.707107,doi:10.1186/s12955-024-02266-7;doi:10.1186/s12955-024-02323-1,10.1186/s12955-024-02266-7;10.1186/s12955-024-02323-1
person:eqmember:17845,person:eqmember:17920,2,0.707107,doi:10.1186/s12955-024-02266-7;doi:10.1186/s12955-024-02323-1,10.1186/s12955-024-02266-7;10.1186/s12955-024-02323-1
person:eqmember:17845,person:eqmember:17944,2,0.707107,doi:10.1016/j.jval.2025.11.005;doi:10.1186/s12955-026-02521-z,10.1016/j.jval.2025.11.005;10.1186/s12955-026-02521-z
person:eqmember:17845,person:eqmember:18019,2,0.707107,doi:10.1016/j.jval.2025.11.005;doi:10.1186/s12955-026-02521-z,10.1016/j.jval.2025.11.005;10.1186/s12955-026-02521-z
person:eqmember:17845,person:eqmember:19003,2,0.707107,doi:10.1007/s41669-024-00486-7;doi:10.1016/j.jval.2025.05.015,10.1007/s41669-024-00486-7;10.1016/j.jval.2025.05.015
person:eqmember:17845,person:eqmember:19813,2,0.707107,doi:10.1007/s11136-025-04053-3;doi:10.1007/s11136-026-04242-8,10.1007/s11136-025-04053-3;10.1007/s11136-026-04242-8
person:eqmember:17845,person:leader:086bfe1b27fe,2,0.707107,doi:10.1007/s11136-025-04053-3;doi:10.1007/s11136-026-04242-8,10.1007/s11136-025-04053-3;10.1007/s11136-026-04242-8
person:eqmember:17845,person:openalex:A5123188413,2,0.707107,doi:10.1016/j.jval.2026.01.001;doi:10.1016/j.jval.2026.02.013,10.1016/j.jval.2026.01.001;10.1016/j.jval.2026.02.013
person:eqmember:17845,person:orcid:0000-0002-6095-2295,2,0.707107,doi:10.1007/s10198-024-01719-6;doi:10.1016/j.jval.2020.03.019,10.1007/s10198-024-01719-6;10.1016/j.jval.2020.03.019
person:eqmember:17847,person:eqmember:17893,2,0.707107,doi:10.1007/s11136-025-03983-2;doi:10.1007/s11136-025-04074-y,10.1007/s11136-025-03983-2;10.1007/s11136-025-04074-y
person:eqmember:17847,person:eqmember:17976,2,0.707107,doi:10.1007/s11136-025-03983-2;doi:10.1007/s11136-025-04074-y,10.1007/s11136-025-03983-2;10.1007/s11136-025-04074-y
person:eqmember:17847,person:eqmember:19005,2,0.707107,doi:10.1007/s11136-025-03983-2;doi:10.1007/s11136-025-04074-y,10.1007/s11136-025-03983-2;10.1007/s11136-025-04074-y
person:eqmember:17847,person:orcid:0000-0002-5956-8990,2,0.707107,doi:10.1007/s40271-022-00572-0;doi:10.1186/s41687-025-00985-z,10.1007/s40271-022-00572-0;10.1186/s41687-025-00985-z
person:eqmember:17849,person:leader:320b99af03c2,2,0.707107,doi:10.1016/j.jval.2020.05.004;doi:10.1186/s12955-026-02581-1,10.1016/j.jval.2020.05.004;10.1186/s12955-026-02581-1
person:eqmember:17851,person:eqmember:17946,2,0.707107,doi:10.1007/s40273-015-0292-9;doi:10.1016/j.jval.2025.07.016,10.1007/s40273-015-0292-9;10.1016/j.jval.2025.07.016
person:eqmember:17851,person:leader:b74a5997703c,2,0.707107,doi:10.1007/s12311-023-01597-3;doi:10.1186/s12955-026-02478-z,10.1007/s12311-023-01597-3;10.1186/s12955-026-02478-z
person:eqmember:17851,person:leader:e441983c0a65,2,0.707107,doi:10.1007/s11136-024-03618-y;doi:10.1016/j.jval.2025.07.016,10.1007/s11136-024-03618-y;10.1016/j.jval.2025.07.016
person:eqmember:17851,person:orcid:0000-0001-9364-5788,2,0.707107,doi:10.1016/j.jval.2025.02.001;doi:10.1136/bmjopen-2024-097598,10.1016/j.jval.2025.02.001;10.1136/bmjopen-2024-097598
person:eqmember:17855,person:eqmember:17893,2,0.707107,doi:10.1007/s11136-025-03983-2;doi:10.1007/s40273-017-0538-9,10.1007/s11136-025-03983-2;10.1007/s40273-017-0538-9
person:eqmember:17855,person:eqmember:17897,2,0.707107,doi:10.1007/s11136-022-03143-w;doi:10.1017/s0266462326103602,10.1007/s11136-022-03143-w;10.1017/s0266462326103602
person:eqmember:17855,person:eqmember:17956,2,0.707107,doi:10.1007/s41669-023-00437-8;doi:10.1186/s12955-025-02397-5,10.1007/s41669-023-00437-8;10.1186/s12955-025-02397-5
person:eqmember:17855,person:eqmember:17976,2,0.707107,doi:10.1007/s11136-025-03983-2;doi:10.1017/s0266462326103602,10.1007/s11136-025-03983-2;10.1017/s0266462326103602
person:eqmember:17855,person:eqmember:18019,2,0.707107,doi:10.1007/s11136-021-03075-x;doi:10.1007/s11136-025-03983-2,10.1007/s11136-021-03075-x;10.1007/s11136-025-03983-2
person:eqmember:17855,person:leader:c776fcba6574,2,0.707107,doi:10.1007/s11136-021-03075-x;doi:10.1007/s11136-022-03143-w,10.1007/s11136-021-03075-x;10.1007/s11136-022-03143-w
person:eqmember:17855,person:leader:da1bac7dcc2d,2,0.707107,doi:10.1007/s41669-023-00437-8;doi:10.1186/s12955-025-02397-5,10.1007/s41669-023-00437-8;10.1186/s12955-025-02397-5
person:eqmember:17861,person:eqmember:17875,2,0.707107,doi:10.1016/j.jval.2019.06.008;doi:10.1186/s12955-021-01889-4,10.1016/j.jval.2019.06.008;10.1186/s12955-021-01889-4
person:eqmember:17861,person:eqmember:17944,2,0.707107,doi:10.1007/s40273-018-0623-8;doi:10.1016/j.jval.2019.06.008,10.1007/s40273-018-0623-8;10.1016/j.jval.2019.06.008
person:eqmember:17861,person:openalex:A5045399261,2,0.707107,doi:10.1007/s11136-024-03754-5;doi:10.3389/fepid.2023.1144162,10.1007/s11136-024-03754-5;10.3389/fepid.2023.1144162
person:eqmember:17861,person:orcid:0000-0001-5823-7375,2,0.707107,doi:10.1016/j.burns.2020.08.015;doi:10.1186/s12955-020-01394-0,10.1016/j.burns.2020.08.015;10.1186/s12955-020-01394-0
person:eqmember:17861,person:orcid:0000-0001-7548-1775,2,0.707107,doi:10.1007/s11136-024-03754-5;doi:10.3389/fepid.2023.1144162,10.1007/s11136-024-03754-5;10.3389/fepid.2023.1144162
person:eqmember:17861,person:orcid:0000-0001-9005-9185,2,0.707107,doi:10.1007/s11136-019-02256-z;doi:10.1186/s12955-020-01404-1,10.1007/s11136-019-02256-z;10.1186/s12955-020-01404-1
person:eqmember:17861,person:orcid:0000-0002-1332-0500,2,0.707107,doi:10.1007/s11136-019-02256-z;doi:10.1007/s11136-020-02496-4,10.1007/s11136-019-02256-z;10.1007/s11136-020-02496-4
person:eqmember:17861,person:orcid:0000-0002-5569-3188,2,0.707107,doi:10.1007/s11136-019-02156-2;doi:10.1007/s11136-020-02496-4,10.1007/s11136-019-02156-2;10.1007/s11136-020-02496-4
person:eqmember:17869,person:eqmember:18000,2,0.707107,doi:10.1007/s11136-020-02688-y;doi:10.1007/s40273-018-0642-5,10.1007/s11136-020-02688-y;10.1007/s40273-018-0642-5
person:eqmember:17869,person:eqmember:18018,2,0.707107,doi:10.1007/s11136-020-02688-y;doi:10.1007/s40273-018-0642-5,10.1007/s11136-020-02688-y;10.1007/s40273-018-0642-5
person:eqmember:17875,person:openalex:A5078510482,2,0.707107,doi:10.1007/s10198-024-01669-z;doi:10.1007/s11136-025-03917-y,10.1007/s10198-024-01669-z;10.1007/s11136-025-03917-y
person:eqmember:17875,person:orcid:0000-0001-8771-6578,2,0.707107,doi:10.1007/s40273-025-01473-4;doi:10.22541/au.169215780.00019852/v1,10.1007/s40273-025-01473-4;10.22541/au.169215780.00019852/v1
person:eqmember:17877,person:eqmember:17881,2,0.707107,doi:10.1186/s12955-020-01410-3;doi:10.3390/children8100920,10.1186/s12955-020-01410-3;10.3390/children8100920
person:eqmember:17877,person:eqmember:17930,2,0.707107,doi:10.1007/s11136-025-04150-3;doi:10.1007/s40273-025-01550-8,10.1007/s11136-025-04150-3;10.1007/s40273-025-01550-8
person:eqmember:17877,person:leader:50cca9cff5d9,2,0.707107,doi:10.1007/s10198-025-01804-4;doi:10.1007/s11136-025-04150-3,10.1007/s10198-025-01804-4;10.1007/s11136-025-04150-3
person:eqmember:17879,person:eqmember:17893,2,0.707107,doi:10.1007/s11136-025-03983-2;doi:10.1007/s11136-025-04074-y,10.1007/s11136-025-03983-2;10.1007/s11136-025-04074-y
person:eqmember:17879,person:eqmember:17976,2,0.707107,doi:10.1007/s11136-025-03983-2;doi:10.1007/s11136-025-04074-y,10.1007/s11136-025-03983-2;10.1007/s11136-025-04074-y
person:eqmember:17879,person:eqmember:19005,2,0.707107,doi:10.1007/s11136-025-03983-2;doi:10.1007/s11136-025-04074-y,10.1007/s11136-025-03983-2;10.1007/s11136-025-04074-y
person:eqmember:17879,person:leader:6998de5ea5d5,2,0.707107,doi:10.1016/j.pecinn.2025.100421;doi:10.1186/s12891-024-07304-5,10.1016/j.pecinn.2025.100421;10.1186/s12891-024-07304-5
person:eqmember:17879,person:openalex:A5102623414,2,0.707107,doi:10.1016/j.pecinn.2025.100421;doi:10.1186/s12891-024-07304-5,10.1016/j.pecinn.2025.100421;10.1186/s12891-024-07304-5
person:eqmember:17879,person:orcid:0000-0002-1502-0659,2,0.707107,doi:10.1016/j.pecinn.2025.100421;doi:10.1186/s12891-024-07304-5,10.1016/j.pecinn.2025.100421;10.1186/s12891-024-07304-5
person:eqmember:17879,person:orcid:0000-0002-9625-6902,2,0.707107,doi:10.1016/j.pecinn.2025.100421;doi:10.1186/s12891-024-07304-5,10.1016/j.pecinn.2025.100421;10.1186/s12891-024-07304-5
person:eqmember:17885,person:leader:63cb6b329986,2,0.707107,doi:10.1007/s10198-021-01306-z;doi:10.1007/s11136-020-02718-9,10.1007/s10198-021-01306-z;10.1007/s11136-020-02718-9
person:eqmember:17885,person:leader:e448059d8472,2,0.707107,doi:10.1007/s11136-022-03304-x;doi:10.1186/s12955-021-01858-x,10.1007/s11136-022-03304-x;10.1186/s12955-021-01858-x
person:eqmember:17885,person:orcid:0000-0003-4609-3911,2,0.707107,doi:10.1007/s10198-021-01306-z;doi:10.1007/s11136-020-02718-9,10.1007/s10198-021-01306-z;10.1007/s11136-020-02718-9
person:eqmember:17893,person:eqmember:17897,2,0.707107,doi:10.1007/s40273-016-0404-1;doi:10.1016/j.jval.2014.11.005,10.1007/s40273-016-0404-1;10.1016/j.jval.2014.11.005
person:eqmember:17893,person:eqmember:17905,2,0.707107,doi:10.1007/s40273-019-00876-4;doi:10.1016/j.jval.2021.03.019,10.1007/s40273-019-00876-4;10.1016/j.jval.2021.03.019
person:eqmember:17893,person:eqmember:17944,2,0.707107,doi:10.1007/s40273-016-0404-1;doi:10.1371/journal.pone.0209344,10.1007/s40273-016-0404-1;10.1371/journal.pone.0209344
person:eqmember:17893,person:eqmember:17976,2,0.707107,doi:10.1007/s11136-025-03983-2;doi:10.1007/s11136-025-04074-y,10.1007/s11136-025-03983-2;10.1007/s11136-025-04074-y
person:eqmember:17893,person:eqmember:17988,2,0.707107,doi:10.1016/j.jval.2025.01.020;doi:10.1371/journal.pone.0209344,10.1016/j.jval.2025.01.020;10.1371/journal.pone.0209344
person:eqmember:17893,person:eqmember:18019,2,0.707107,doi:10.1007/s11136-025-03983-2;doi:10.1016/j.jval.2025.07.016,10.1007/s11136-025-03983-2;10.1016/j.jval.2025.07.016
person:eqmember:17893,person:eqmember:19005,2,0.707107,doi:10.1007/s11136-025-03983-2;doi:10.1007/s11136-025-04074-y,10.1007/s11136-025-03983-2;10.1007/s11136-025-04074-y
person:eqmember:17893,person:orcid:0000-0001-8778-5055,2,0.707107,doi:10.1007/s40271-022-00573-z;doi:10.1016/j.jval.2021.10.013,10.1007/s40271-022-00573-z;10.1016/j.jval.2021.10.013
person:eqmember:17893,person:orcid:0000-0002-7142-3364,2,0.707107,doi:10.1007/s11136-025-03983-2;doi:10.1007/s11136-025-04074-y,10.1007/s11136-025-03983-2;10.1007/s11136-025-04074-y
person:eqmember:17895,person:openalex:A5045399261,2,0.707107,doi:10.1007/s11136-024-03754-5;doi:10.3389/fepid.2023.1144162,10.1007/s11136-024-03754-5;10.3389/fepid.2023.1144162
person:eqmember:17895,person:orcid:0000-0001-5823-7375,2,0.707107,doi:10.1016/j.burns.2020.08.015;doi:10.1186/s12955-020-01394-0,10.1016/j.burns.2020.08.015;10.1186/s12955-020-01394-0
person:eqmember:17895,person:orcid:0000-0001-7548-1775,2,0.707107,doi:10.1007/s11136-024-03754-5;doi:10.3389/fepid.2023.1144162,10.1007/s11136-024-03754-5;10.3389/fepid.2023.1144162
person:eqmember:17895,person:orcid:0000-0001-9005-9185,2,0.707107,doi:10.1007/s11136-019-02256-z;doi:10.1186/s12955-020-01404-1,10.1007/s11136-019-02256-z;10.1186/s12955-020-01404-1
person:eqmember:17895,person:orcid:0000-0002-5569-3188,2,0.707107,doi:10.1007/s11136-019-02156-2;doi:10.1007/s11136-020-02496-4,10.1007/s11136-019-02156-2;10.1007/s11136-020-02496-4
person:eqmember:17897,person:eqmember:17924,2,0.707107,doi:10.1007/s40273-016-0404-1;doi:10.1016/j.jval.2014.11.005,10.1007/s40273-016-0404-1;10.1016/j.jval.2014.11.005
person:eqmember:17897,person:eqmember:17988,2,0.707107,doi:10.1007/s11136-014-0897-z;doi:10.1186/s12955-022-02031-8,10.1007/s11136-014-0897-z;10.1186/s12955-022-02031-8
person:eqmember:17897,person:eqmember:19813,2,0.707107,doi:10.1007/s11136-014-0897-z;doi:10.1016/j.jval.2014.11.005,10.1007/s11136-014-0897-z;10.1016/j.jval.2014.11.005
person:eqmember:17897,person:leader:da2b6bcaceb6,2,0.707107,doi:10.1007/s40273-025-01519-7;doi:10.1017/s0266462326103602,10.1007/s40273-025-01519-7;10.1017/s0266462326103602
person:eqmember:17901,person:eqmember:17905,2,0.707107,doi:10.1007/s11136-025-03989-w;doi:10.12688/wellcomeopenres.21408.2,10.1007/s11136-025-03989-w;10.12688/wellcomeopenres.21408.2
person:eqmember:17901,person:eqmember:17924,2,0.707107,doi:10.1007/s40273-016-0404-1;doi:10.1016/j.jval.2018.05.002,10.1007/s40273-016-0404-1;10.1016/j.jval.2018.05.002
person:eqmember:17901,person:eqmember:17958,2,0.707107,doi:10.1007/s11136-025-03989-w;doi:10.12688/wellcomeopenres.21408.2,10.1007/s11136-025-03989-w;10.12688/wellcomeopenres.21408.2
person:eqmember:17901,person:eqmember:17960,2,0.707107,doi:10.1016/j.jval.2018.05.002;doi:10.1177/0272989x21999607,10.1016/j.jval.2018.05.002;10.1177/0272989x21999607
person:eqmember:17901,person:eqmember:18010,2,0.707107,doi:10.1016/j.jval.2018.05.002;doi:10.12688/wellcomeopenres.21408.2,10.1016/j.jval.2018.05.002;10.12688/wellcomeopenres.21408.2
person:eqmember:17901,person:leader:4a5cd1710c94,2,0.707107,doi:10.1007/s11136-025-03989-w;doi:10.12688/wellcomeopenres.21408.2,10.1007/s11136-025-03989-w;10.12688/wellcomeopenres.21408.2
person:eqmember:17901,person:orcid:0000-0002-4832-7833,2,0.707107,doi:10.1007/s10198-020-01205-9;doi:10.1016/j.jval.2018.05.002,10.1007/s10198-020-01205-9;10.1016/j.jval.2018.05.002
person:eqmember:17905,person:eqmember:17946,2,0.707107,doi:10.1007/s11136-025-03989-w;doi:10.12688/wellcomeopenres.21408.2,10.1007/s11136-025-03989-w;10.12688/wellcomeopenres.21408.2
person:eqmember:17905,person:eqmember:17958,2,0.707107,doi:10.1007/s11136-025-03989-w;doi:10.12688/wellcomeopenres.21408.2,10.1007/s11136-025-03989-w;10.12688/wellcomeopenres.21408.2
person:eqmember:17905,person:eqmember:17998,2,0.707107,doi:10.1007/s11136-025-03989-w;doi:10.12688/wellcomeopenres.21408.2,10.1007/s11136-025-03989-w;10.12688/wellcomeopenres.21408.2
person:eqmember:17905,person:leader:0a4ba2690908,2,0.707107,doi:10.1007/s11136-025-03989-w;doi:10.12688/wellcomeopenres.21408.2,10.1007/s11136-025-03989-w;10.12688/wellcomeopenres.21408.2
person:eqmember:17905,person:leader:4a5cd1710c94,2,0.707107,doi:10.1007/s11136-025-03989-w;doi:10.12688/wellcomeopenres.21408.2,10.1007/s11136-025-03989-w;10.12688/wellcomeopenres.21408.2
person:eqmember:17905,person:orcid:0000-0002-3745-4060,2,0.707107,doi:10.1007/s40273-018-0615-8;doi:10.1186/s12955-017-0617-9,10.1007/s40273-018-0615-8;10.1186/s12955-017-0617-9
person:eqmember:17905,person:orcid:0000-0002-4832-7833,2,0.707107,doi:10.1007/s40273-022-01143-9;doi:10.1016/j.jval.2021.03.019,10.1007/s40273-022-01143-9;10.1016/j.jval.2021.03.019
person:eqmember:17911,person:eqmember:21677,2,0.707107,doi:10.1007/s40271-024-00715-5;doi:10.1016/j.jval.2025.04.2168,10.1007/s40271-024-00715-5;10.1016/j.jval.2025.04.2168
person:eqmember:17911,person:leader:d9674d98607b,2,0.707107,doi:10.1007/s11136-023-03372-7;doi:10.1007/s40273-025-01509-9,10.1007/s11136-023-03372-7;10.1007/s40273-025-01509-9
person:eqmember:17911,person:orcid:0000-0002-3288-036x,2,0.707107,doi:10.1007/s40271-023-00647-6;doi:10.1007/s40271-024-00715-5,10.1007/s40271-023-00647-6;10.1007/s40271-024-00715-5
person:eqmember:17911,person:orcid:0000-0002-7127-9462,2,0.707107,doi:10.1007/s11136-023-03372-7;doi:10.1007/s40273-025-01509-9,10.1007/s11136-023-03372-7;10.1007/s40273-025-01509-9
person:eqmember:17913,person:eqmember:17944,2,0.707107,doi:10.1007/s40273-019-00854-w;doi:10.1186/s12955-023-02131-z,10.1007/s40273-019-00854-w;10.1186/s12955-023-02131-z
person:eqmember:17924,person:eqmember:17944,2,0.707107,doi:10.1007/s40273-016-0404-1;doi:10.1016/j.jval.2019.06.008,10.1007/s40273-016-0404-1;10.1016/j.jval.2019.06.008
person:eqmember:17924,person:eqmember:17960,2,0.707107,doi:10.1016/j.jval.2018.05.002;doi:10.1016/j.jval.2021.10.013,10.1016/j.jval.2018.05.002;10.1016/j.jval.2021.10.013
person:eqmember:17924,person:eqmember:18010,2,0.707107,doi:10.1016/j.jval.2018.05.002;doi:10.1016/j.jval.2021.10.013,10.1016/j.jval.2018.05.002;10.1016/j.jval.2021.10.013
person:eqmember:17924,person:orcid:0000-0001-8778-5055,2,0.707107,doi:10.1007/s40271-022-00573-z;doi:10.1016/j.jval.2021.10.013,10.1007/s40271-022-00573-z;10.1016/j.jval.2021.10.013
person:eqmember:17930,person:eqmember:17938,2,0.707107,doi:10.1007/s11136-019-02115-x;doi:10.1186/s13643-025-03060-2,10.1007/s11136-019-02115-x;10.1186/s13643-025-03060-2
person:eqmember:17930,person:eqmember:18010,2,0.707107,doi:10.1007/s11136-019-02115-x;doi:10.1016/j.jval.2018.05.002,10.1007/s11136-019-02115-x;10.1016/j.jval.2018.05.002
person:eqmember:17930,person:openalex:A5078510482,2,0.707107,doi:10.1007/s10198-021-01309-w;doi:10.1007/s10198-024-01669-z,10.1007/s10198-021-01309-w;10.1007/s10198-024-01669-z
person:eqmember:17930,person:orcid:0000-0001-8771-6578,2,0.707107,doi:10.1007/s40273-025-01473-4;doi:10.22541/au.169215780.00019852/v1,10.1007/s40273-025-01473-4;10.22541/au.169215780.00019852/v1
person:eqmember:17930,person:orcid:0000-0002-4832-7833,2,0.707107,doi:10.1007/s11136-019-02115-x;doi:10.1016/j.jval.2018.05.002,10.1007/s11136-019-02115-x;10.1016/j.jval.2018.05.002
person:eqmember:17937,person:eqmember:17992,2,0.707107,doi:10.1007/s10198-021-01377-y;doi:10.1016/j.jval.2021.12.014,10.1007/s10198-021-01377-y;10.1016/j.jval.2021.12.014
person:eqmember:17937,person:leader:8677f310bcd0,2,0.707107,doi:10.1007/s10198-021-01377-y;doi:10.1016/j.jval.2021.12.014,10.1007/s10198-021-01377-y;10.1016/j.jval.2021.12.014
person:eqmember:17938,person:leader:5b6527858de5,2,0.707107,doi:10.1007/s11136-018-1985-2;doi:10.1007/s11136-019-02115-x,10.1007/s11136-018-1985-2;10.1007/s11136-019-02115-x
person:eqmember:17940,person:eqmember:17944,2,0.707107,doi:10.1007/s11136-021-03075-x;doi:10.3961/jpmph.22.151,10.1007/s11136-021-03075-x;10.3961/jpmph.22.151
person:eqmember:17944,person:eqmember:18021,2,0.707107,doi:10.1007/s11136-024-03669-1;doi:10.1007/s11136-025-04038-2,10.1007/s11136-024-03669-1;10.1007/s11136-025-04038-2
person:eqmember:17944,person:eqmember:18648,2,0.707107,doi:10.1007/s40273-019-00854-w;doi:10.1186/s12955-024-02290-7,10.1007/s40273-019-00854-w;10.1186/s12955-024-02290-7
person:eqmember:17944,person:leader:53444d26184b,2,0.707107,doi:10.1007/s11136-021-03075-x;doi:10.1371/journal.pone.0209344,10.1007/s11136-021-03075-x;10.1371/journal.pone.0209344
person:eqmember:17944,person:leader:8873fe2331bf,2,0.707107,doi:10.1007/s11136-024-03669-1;doi:10.1007/s11136-025-04038-2,10.1007/s11136-024-03669-1;10.1007/s11136-025-04038-2
person:eqmember:17944,person:leader:c4a44baaa49e,2,0.707107,doi:10.1007/s11136-025-04038-2;doi:10.1016/j.vhri.2025.101501,10.1007/s11136-025-04038-2;10.1016/j.vhri.2025.101501
person:eqmember:17944,person:leader:c776fcba6574,2,0.707107,doi:10.1007/s11136-021-03075-x;doi:10.1007/s11136-022-03143-w,10.1007/s11136-021-03075-x;10.1007/s11136-022-03143-w
person:eqmember:17944,person:leader:da2b6bcaceb6,2,0.707107,doi:10.1007/s40273-025-01519-7;doi:10.1017/s0266462326103602,10.1007/s40273-025-01519-7;10.1017/s0266462326103602
person:eqmember:17944,person:openalex:A5078510482,2,0.707107,doi:10.1007/s10198-021-01309-w;doi:10.1007/s10198-024-01669-z,10.1007/s10198-021-01309-w;10.1007/s10198-024-01669-z
person:eqmember:17944,person:orcid:0000-0001-5559-2574,2,0.707107,doi:10.1002/ppul.71031;doi:10.22541/au.169215780.00019852/v1,10.1002/ppul.71031;10.22541/au.169215780.00019852/v1
person:eqmember:17944,person:orcid:0000-0001-6962-0564,2,0.707107,doi:10.1007/s11136-020-02469-7;doi:10.1007/s11136-021-03075-x,10.1007/s11136-020-02469-7;10.1007/s11136-021-03075-x
person:eqmember:17944,person:orcid:0000-0002-4749-5536,2,0.707107,doi:10.1007/s11136-020-02469-7;doi:10.1007/s11136-021-03075-x,10.1007/s11136-020-02469-7;10.1007/s11136-021-03075-x
person:eqmember:17944,person:orcid:0000-0002-6012-2785,2,0.707107,doi:10.1007/s40273-022-01216-9;doi:10.1016/j.jval.2023.03.003,10.1007/s40273-022-01216-9;10.1016/j.jval.2023.03.003
person:eqmember:17944,person:orcid:0000-0003-2798-4735,2,0.707107,doi:10.1007/s40273-022-01216-9;doi:10.1186/s12955-023-02131-z,10.1007/s40273-022-01216-9;10.1186/s12955-023-02131-z
person:eqmember:17944,person:orcid:0000-0003-3187-2007,2,0.707107,doi:10.1007/s40273-022-01216-9;doi:10.1016/j.jval.2023.03.003,10.1007/s40273-022-01216-9;10.1016/j.jval.2023.03.003
person:eqmember:17944,person:orcid:0000-0003-4392-760x,2,0.707107,doi:10.1007/s40273-022-01216-9;doi:10.1016/j.jval.2023.03.003,10.1007/s40273-022-01216-9;10.1016/j.jval.2023.03.003
person:eqmember:17944,person:orcid:0000-0003-4509-1308,2,0.707107,doi:10.1007/s40273-022-01216-9;doi:10.1016/j.jval.2023.03.003,10.1007/s40273-022-01216-9;10.1016/j.jval.2023.03.003
person:eqmember:17946,person:eqmember:17958,2,0.707107,doi:10.1007/s11136-025-03989-w;doi:10.12688/wellcomeopenres.21408.2,10.1007/s11136-025-03989-w;10.12688/wellcomeopenres.21408.2
person:eqmember:17946,person:eqmember:18010,2,0.707107,doi:10.1016/j.jval.2018.05.002;doi:10.12688/wellcomeopenres.21408.2,10.1016/j.jval.2018.05.002;10.12688/wellcomeopenres.21408.2
person:eqmember:17946,person:leader:1ed27ee96b5d,2,0.707107,doi:10.1007/s11136-025-03990-3;doi:10.1007/s40273-025-01493-0,10.1007/s11136-025-03990-3;10.1007/s40273-025-01493-0
person:eqmember:17946,person:leader:4a5cd1710c94,2,0.707107,doi:10.1007/s11136-025-03989-w;doi:10.12688/wellcomeopenres.21408.2,10.1007/s11136-025-03989-w;10.12688/wellcomeopenres.21408.2
person:eqmember:17946,person:leader:63cb6b329986,2,0.707107,doi:10.1007/s10198-021-01306-z;doi:10.1007/s40273-025-01550-8,10.1007/s10198-021-01306-z;10.1007/s40273-025-01550-8
person:eqmember:17946,person:leader:e448059d8472,2,0.707107,doi:10.1007/s11136-022-03304-x;doi:10.1007/s40273-025-01550-8,10.1007/s11136-022-03304-x;10.1007/s40273-025-01550-8
person:eqmember:17946,person:openalex:A5013588948,2,0.707107,doi:10.3390/children10101604;doi:10.3390/children8080714,10.3390/children10101604;10.3390/children8080714
person:eqmember:17946,person:openalex:A5062956353,2,0.707107,doi:10.3390/children10101604;doi:10.3390/children8080714,10.3390/children10101604;10.3390/children8080714
person:eqmember:17946,person:openalex:A5086528283,2,0.707107,doi:10.1007/s10198-025-01804-4;doi:10.1007/s40273-024-01355-1,10.1007/s10198-025-01804-4;10.1007/s40273-024-01355-1
person:eqmember:17946,person:orcid:0000-0002-3288-036x,2,0.707107,doi:10.1007/s40271-023-00647-6;doi:10.1007/s40271-024-00715-5,10.1007/s40271-023-00647-6;10.1007/s40271-024-00715-5
person:eqmember:17946,person:orcid:0000-0002-4832-7833,2,0.707107,doi:10.1007/s10198-020-01205-9;doi:10.1016/j.jval.2018.05.002,10.1007/s10198-020-01205-9;10.1016/j.jval.2018.05.002
person:eqmember:17946,person:orcid:0000-0003-1079-5655,2,0.707107,doi:10.1136/bmjopen-2020-048176;doi:10.2196/27669,10.1136/bmjopen-2020-048176;10.2196/27669
person:eqmember:17956,person:eqmember:17988,2,0.707107,doi:10.1007/s40273-022-01222-x;doi:10.1016/j.jval.2025.01.020,10.1007/s40273-022-01222-x;10.1016/j.jval.2025.01.020
person:eqmember:17956,person:leader:da1bac7dcc2d,2,0.707107,doi:10.1007/s41669-023-00437-8;doi:10.1186/s12955-025-02397-5,10.1007/s41669-023-00437-8;10.1186/s12955-025-02397-5
person:eqmember:17956,person:orcid:0000-0002-4758-7588,2,0.707107,doi:10.1007/s40273-022-01222-x;doi:10.1016/j.jval.2025.01.020,10.1007/s40273-022-01222-x;10.1016/j.jval.2025.01.020
person:eqmember:17958,person:leader:4a5cd1710c94,2,0.707107,doi:10.1007/s11136-025-03989-w;doi:10.12688/wellcomeopenres.21408.2,10.1007/s11136-025-03989-w;10.12688/wellcomeopenres.21408.2
person:eqmember:17960,person:eqmember:18010,2,0.707107,doi:10.1016/j.jval.2018.05.002;doi:10.1016/j.jval.2021.10.013,10.1016/j.jval.2018.05.002;10.1016/j.jval.2021.10.013
person:eqmember:17960,person:leader:6fe4e81455db,2,0.707107,doi:10.1007/s40271-024-00708-4;doi:10.1136/bmjopen-2023-077256,10.1007/s40271-024-00708-4;10.1136/bmjopen-2023-077256
person:eqmember:17964,person:orcid:0000-0001-9125-1697,2,0.707107,doi:10.1007/s40273-018-0647-0;doi:10.1371/journal.pone.0190111,10.1007/s40273-018-0647-0;10.1371/journal.pone.0190111
person:eqmember:17974,person:eqmember:21677,2,0.707107,doi:10.1371/journal.pone.0302886;doi:10.1371/journal.pone.0319227,10.1371/journal.pone.0302886;10.1371/journal.pone.0319227
person:eqmember:17976,person:eqmember:19005,2,0.707107,doi:10.1007/s11136-025-03983-2;doi:10.1007/s11136-025-04074-y,10.1007/s11136-025-03983-2;10.1007/s11136-025-04074-y
person:eqmember:17976,person:eqmember:19032,2,0.707107,doi:10.1007/s11136-024-03817-7;doi:10.1007/s11136-026-04315-8,10.1007/s11136-024-03817-7;10.1007/s11136-026-04315-8
person:eqmember:17976,person:eqmember:21677,2,0.707107,doi:10.1007/s40271-024-00715-5;doi:10.1371/journal.pone.0302886,10.1007/s40271-024-00715-5;10.1371/journal.pone.0302886
person:eqmember:17976,person:orcid:0000-0002-3288-036x,2,0.707107,doi:10.1007/s40271-023-00647-6;doi:10.1007/s40271-024-00715-5,10.1007/s40271-023-00647-6;10.1007/s40271-024-00715-5
person:eqmember:17976,person:orcid:0000-0002-7142-3364,2,0.707107,doi:10.1007/s11136-025-03983-2;doi:10.1007/s11136-025-04074-y,10.1007/s11136-025-03983-2;10.1007/s11136-025-04074-y
person:eqmember:17980,person:eqmember:18018,2,0.707107,doi:10.1007/s11136-021-02922-1;doi:10.1016/j.jval.2019.02.006,10.1007/s11136-021-02922-1;10.1016/j.jval.2019.02.006
person:eqmember:17988,person:eqmember:18018,2,0.707107,doi:10.1007/s11136-021-02922-1;doi:10.1016/j.jval.2019.02.006,10.1007/s11136-021-02922-1;10.1016/j.jval.2019.02.006
person:eqmember:17988,person:leader:b95f9aa0caf2,2,0.707107,doi:10.1016/j.ssmqr.2024.100398;doi:10.21203/rs.3.rs-2423517/v1,10.1016/j.ssmqr.2024.100398;10.21203/rs.3.rs-2423517/v1
person:eqmember:17988,person:openalex:A5065396071,2,0.707107,doi:10.1016/j.ssmqr.2024.100398;doi:10.21203/rs.3.rs-2423517/v1,10.1016/j.ssmqr.2024.100398;10.21203/rs.3.rs-2423517/v1
person:eqmember:17988,person:openalex:A5079545906,2,0.707107,doi:10.1016/j.ssmqr.2024.100398;doi:10.21203/rs.3.rs-2423517/v1,10.1016/j.ssmqr.2024.100398;10.21203/rs.3.rs-2423517/v1
person:eqmember:17988,person:openalex:A5080865059,2,0.707107,doi:10.1016/j.ssmqr.2024.100398;doi:10.21203/rs.3.rs-2423517/v1,10.1016/j.ssmqr.2024.100398;10.21203/rs.3.rs-2423517/v1
person:eqmember:17992,person:orcid:0000-0002-2399-6942,2,0.707107,doi:10.1007/s10198-023-01612-8;doi:10.1007/s10198-025-01812-4,10.1007/s10198-023-01612-8;10.1007/s10198-025-01812-4
person:eqmember:17996,person:leader:ba7c286781f3,2,0.707107,doi:10.1007/s11136-020-02469-7;doi:10.1186/s12955-022-02083-w,10.1007/s11136-020-02469-7;10.1186/s12955-022-02083-w
person:eqmember:17996,person:orcid:0000-0002-1633-2179,2,0.707107,doi:10.1007/s11136-020-02469-7;doi:10.1186/s12955-022-02083-w,10.1007/s11136-020-02469-7;10.1186/s12955-022-02083-w
person:eqmember:17998,person:eqmember:18002,2,0.707107,doi:10.1007/s40273-025-01493-0;doi:10.1371/journal.pone.0319227,10.1007/s40273-025-01493-0;10.1371/journal.pone.0319227
person:eqmember:17998,person:leader:50cca9cff5d9,2,0.707107,doi:10.1007/s40273-025-01493-0;doi:10.1016/j.jval.2025.05.013,10.1007/s40273-025-01493-0;10.1016/j.jval.2025.05.013
person:eqmember:17998,person:orcid:0000-0002-3288-036x,2,0.707107,doi:10.1007/s40271-023-00647-6;doi:10.1007/s40271-024-00715-5,10.1007/s40271-023-00647-6;10.1007/s40271-024-00715-5
person:eqmember:17998,person:orcid:0000-0002-9768-5389,2,0.707107,doi:10.1007/s10198-025-01769-4;doi:10.1186/s12955-026-02578-w,10.1007/s10198-025-01769-4;10.1186/s12955-026-02578-w
person:eqmember:17998,person:orcid:0000-0003-4609-3911,2,0.707107,doi:10.1007/s10198-021-01306-z;doi:10.1007/s11136-020-02718-9,10.1007/s10198-021-01306-z;10.1007/s11136-020-02718-9
person:eqmember:18000,person:eqmember:19005,2,0.707107,doi:10.1007/s11136-020-02688-y;doi:10.1007/s40273-018-0642-5,10.1007/s11136-020-02688-y;10.1007/s40273-018-0642-5
person:eqmember:18002,person:orcid:0000-0003-4535-442x,2,0.707107,doi:10.1007/s40273-025-01493-0;doi:10.1371/journal.pone.0319227,10.1007/s40273-025-01493-0;10.1371/journal.pone.0319227
person:eqmember:18010,person:orcid:0000-0002-3745-4060,2,0.707107,doi:10.1007/s40273-018-0615-8;doi:10.1186/s12955-017-0617-9,10.1007/s40273-018-0615-8;10.1186/s12955-017-0617-9
person:eqmember:18018,person:eqmember:19005,2,0.707107,doi:10.1007/s11136-020-02688-y;doi:10.1007/s40273-018-0642-5,10.1007/s11136-020-02688-y;10.1007/s40273-018-0642-5
person:eqmember:18019,person:orcid:0000-0001-8771-6578,2,0.707107,doi:10.1007/s40273-025-01473-4;doi:10.22541/au.169215780.00019852/v1,10.1007/s40273-025-01473-4;10.22541/au.169215780.00019852/v1
person:eqmember:18019,person:orcid:0000-0002-6012-2785,2,0.707107,doi:10.1007/s40273-022-01216-9;doi:10.1016/j.jval.2023.03.003,10.1007/s40273-022-01216-9;10.1016/j.jval.2023.03.003
person:eqmember:18019,person:orcid:0000-0003-2798-4735,2,0.707107,doi:10.1007/s40273-022-01216-9;doi:10.1186/s12955-023-02131-z,10.1007/s40273-022-01216-9;10.1186/s12955-023-02131-z
person:eqmember:18019,person:orcid:0000-0003-3187-2007,2,0.707107,doi:10.1007/s40273-022-01216-9;doi:10.1016/j.jval.2023.03.003,10.1007/s40273-022-01216-9;10.1016/j.jval.2023.03.003
person:eqmember:18019,person:orcid:0000-0003-4392-760x,2,0.707107,doi:10.1007/s40273-022-01216-9;doi:10.1016/j.jval.2023.03.003,10.1007/s40273-022-01216-9;10.1016/j.jval.2023.03.003
person:eqmember:18019,person:orcid:0000-0003-4509-1308,2,0.707107,doi:10.1007/s40273-022-01216-9;doi:10.1016/j.jval.2023.03.003,10.1007/s40273-022-01216-9;10.1016/j.jval.2023.03.003
person:eqmember:18021,person:leader:c4a44baaa49e,2,0.707107,doi:10.1007/s11136-025-03917-y;doi:10.1007/s11136-025-04038-2,10.1007/s11136-025-03917-y;10.1007/s11136-025-04038-2
person:eqmember:19003,person:leader:4fa690feeeb8,2,0.707107,doi:10.1007/s40258-022-00772-7;doi:10.1016/j.socscimed.2021.114519,10.1007/s40258-022-00772-7;10.1016/j.socscimed.2021.114519
person:eqmember:19003,person:leader:82320ccd878a,2,0.707107,doi:10.1007/s10198-025-01770-x;doi:10.1007/s40273-024-01404-9,10.1007/s10198-025-01770-x;10.1007/s40273-024-01404-9
person:eqmember:19003,person:leader:c9be2e978859,2,0.707107,doi:10.1007/s10198-025-01770-x;doi:10.1007/s40273-024-01404-9,10.1007/s10198-025-01770-x;10.1007/s40273-024-01404-9
person:eqmember:19003,person:orcid:0000-0001-9502-4678,2,0.707107,doi:10.1007/s40273-021-01002-z;doi:10.1007/s40273-021-01100-y,10.1007/s40273-021-01002-z;10.1007/s40273-021-01100-y
person:eqmember:19003,person:orcid:0000-0002-1433-818x,2,0.707107,doi:10.1007/s10198-025-01770-x;doi:10.1007/s40273-024-01404-9,10.1007/s10198-025-01770-x;10.1007/s40273-024-01404-9
person:eqmember:19003,person:orcid:0000-0002-2862-2990,2,0.707107,doi:10.1007/s40258-022-00772-7;doi:10.1016/j.socscimed.2021.114519,10.1007/s40258-022-00772-7;10.1016/j.socscimed.2021.114519
person:eqmember:19005,person:openalex:A5045399261,2,0.707107,doi:10.1007/s11136-024-03754-5;doi:10.3389/fepid.2023.1144162,10.1007/s11136-024-03754-5;10.3389/fepid.2023.1144162
person:eqmember:19005,person:orcid:0000-0001-5823-7375,2,0.707107,doi:10.1016/j.burns.2020.08.015;doi:10.1186/s12955-020-01394-0,10.1016/j.burns.2020.08.015;10.1186/s12955-020-01394-0
person:eqmember:19005,person:orcid:0000-0001-7548-1775,2,0.707107,doi:10.1007/s11136-024-03754-5;doi:10.3389/fepid.2023.1144162,10.1007/s11136-024-03754-5;10.3389/fepid.2023.1144162
person:eqmember:19005,person:orcid:0000-0002-5569-3188,2,0.707107,doi:10.1007/s11136-019-02156-2;doi:10.1007/s11136-020-02496-4,10.1007/s11136-019-02156-2;10.1007/s11136-020-02496-4
person:eqmember:19005,person:orcid:0000-0002-7142-3364,2,0.707107,doi:10.1007/s11136-025-03983-2;doi:10.1007/s11136-025-04074-y,10.1007/s11136-025-03983-2;10.1007/s11136-025-04074-y
person:eqmember:19030,person:leader:b95f9aa0caf2,2,0.707107,doi:10.1016/j.ssmqr.2024.100398;doi:10.21203/rs.3.rs-2423517/v1,10.1016/j.ssmqr.2024.100398;10.21203/rs.3.rs-2423517/v1
person:eqmember:19030,person:openalex:A5065396071,2,0.707107,doi:10.1016/j.ssmqr.2024.100398;doi:10.21203/rs.3.rs-2423517/v1,10.1016/j.ssmqr.2024.100398;10.21203/rs.3.rs-2423517/v1
person:eqmember:19030,person:openalex:A5079545906,2,0.707107,doi:10.1016/j.ssmqr.2024.100398;doi:10.21203/rs.3.rs-2423517/v1,10.1016/j.ssmqr.2024.100398;10.21203/rs.3.rs-2423517/v1
person:eqmember:19030,person:openalex:A5080865059,2,0.707107,doi:10.1016/j.ssmqr.2024.100398;doi:10.21203/rs.3.rs-2423517/v1,10.1016/j.ssmqr.2024.100398;10.21203/rs.3.rs-2423517/v1
person:eqmember:19030,person:orcid:0000-0002-4758-7588,2,0.707107,doi:10.1007/s11136-025-04003-z;doi:10.1186/s12955-026-02561-5,10.1007/s11136-025-04003-z;10.1186/s12955-026-02561-5
person:eqmember:19030,person:orcid:0000-0003-3619-5367,2,0.707107,doi:10.1016/j.ssmqr.2024.100398;doi:10.21203/rs.3.rs-2423517/v1,10.1016/j.ssmqr.2024.100398;10.21203/rs.3.rs-2423517/v1
person:eqmember:19032,person:orcid:0000-0002-1323-4223,2,0.707107,doi:10.1007/s40273-023-01330-2;doi:10.3390/children10101604,10.1007/s40273-023-01330-2;10.3390/children10101604
person:eqmember:19032,person:orcid:0000-0002-6451-2713,2,0.707107,doi:10.1007/s40273-023-01330-2;doi:10.3390/children10101604,10.1007/s40273-023-01330-2;10.3390/children10101604
person:eqmember:19032,person:orcid:0000-0003-3017-2770,2,0.707107,doi:10.1007/s40273-023-01330-2;doi:10.3390/children10101604,10.1007/s40273-023-01330-2;10.3390/children10101604
person:eqmember:19813,person:leader:086bfe1b27fe,2,0.707107,doi:10.1007/s11136-025-04053-3;doi:10.1007/s11136-026-04242-8,10.1007/s11136-025-04053-3;10.1007/s11136-026-04242-8
person:eqmember:19813,person:openalex:A5025774387,2,0.707107,doi:10.1007/s10614-024-10637-x;doi:10.3390/econometrics11010004,10.1007/s10614-024-10637-x;10.3390/econometrics11010004
person:eqmember:19813,person:openalex:A5063084519,2,0.707107,doi:10.1007/s10614-024-10637-x;doi:10.3390/econometrics11010004,10.1007/s10614-024-10637-x;10.3390/econometrics11010004
person:eqmember:21677,person:orcid:0000-0003-4535-442x,2,0.707107,doi:10.1371/journal.pone.0302886;doi:10.1371/journal.pone.0319227,10.1371/journal.pone.0302886;10.1371/journal.pone.0319227
person:leader:0a4ba2690908,person:leader:4a5cd1710c94,2,0.707107,doi:10.1007/s11136-025-03989-w;doi:10.12688/wellcomeopenres.21408.2,10.1007/s11136-025-03989-w;10.12688/wellcomeopenres.21408.2
person:leader:1ed27ee96b5d,person:leader:50cca9cff5d9,2,0.707107,doi:10.1007/s11136-025-03990-3;doi:10.1007/s40273-025-01493-0,10.1007/s11136-025-03990-3;10.1007/s40273-025-01493-0
person:leader:35b2f2d48116,person:orcid:0000-0002-6048-521x,2,0.707107,doi:10.1007/s40258-021-00639-3;doi:10.1016/j.jval.2025.05.014,10.1007/s40258-021-00639-3;10.1016/j.jval.2025.05.014
person:leader:39e3bb2019e3,person:orcid:0000-0001-9502-4678,2,0.707107,doi:10.1007/s40273-021-01002-z;doi:10.1007/s40273-021-01100-y,10.1007/s40273-021-01002-z;10.1007/s40273-021-01100-y
person:leader:4fa690feeeb8,person:leader:fc07b6540d1a,2,0.707107,doi:10.1007/s40258-022-00772-7;doi:10.1016/j.socscimed.2021.114519,10.1007/s40258-022-00772-7;10.1016/j.socscimed.2021.114519
person:leader:4fa690feeeb8,person:orcid:0000-0002-2862-2990,2,0.707107,doi:10.1007/s40258-022-00772-7;doi:10.1016/j.socscimed.2021.114519,10.1007/s40258-022-00772-7;10.1016/j.socscimed.2021.114519
person:leader:50cca9cff5d9,person:openalex:A5013588948,2,0.707107,doi:10.3390/children10101604;doi:10.3390/children8080714,10.3390/children10101604;10.3390/children8080714
person:leader:50cca9cff5d9,person:openalex:A5062956353,2,0.707107,doi:10.3390/children10101604;doi:10.3390/children8080714,10.3390/children10101604;10.3390/children8080714
person:leader:50cca9cff5d9,person:openalex:A5086528283,2,0.707107,doi:10.1007/s10198-025-01804-4;doi:10.1007/s40273-024-01355-1,10.1007/s10198-025-01804-4;10.1007/s40273-024-01355-1
person:leader:5b6527858de5,person:orcid:0000-0003-1079-5655,2,0.707107,doi:10.1136/bmjopen-2020-048176;doi:10.2196/27669,10.1136/bmjopen-2020-048176;10.2196/27669
person:leader:63cb6b329986,person:orcid:0000-0001-7472-2039,2,0.707107,doi:10.1007/s40273-025-01550-8;doi:10.1186/s12955-026-02578-w,10.1007/s40273-025-01550-8;10.1186/s12955-026-02578-w
person:leader:63cb6b329986,person:orcid:0000-0003-4609-3911,2,0.707107,doi:10.1007/s10198-021-01306-z;doi:10.1007/s11136-020-02718-9,10.1007/s10198-021-01306-z;10.1007/s11136-020-02718-9
person:leader:6998de5ea5d5,person:openalex:A5102623414,2,0.707107,doi:10.1016/j.pecinn.2025.100421;doi:10.1186/s12891-024-07304-5,10.1016/j.pecinn.2025.100421;10.1186/s12891-024-07304-5
person:leader:6998de5ea5d5,person:orcid:0000-0002-1502-0659,2,0.707107,doi:10.1016/j.pecinn.2025.100421;doi:10.1186/s12891-024-07304-5,10.1016/j.pecinn.2025.100421;10.1186/s12891-024-07304-5
person:leader:6998de5ea5d5,person:orcid:0000-0002-6143-1555,2,0.707107,doi:10.1016/j.pecinn.2025.100421;doi:10.1186/s12891-024-07304-5,10.1016/j.pecinn.2025.100421;10.1186/s12891-024-07304-5
person:leader:6998de5ea5d5,person:orcid:0000-0002-9625-6902,2,0.707107,doi:10.1016/j.pecinn.2025.100421;doi:10.1186/s12891-024-07304-5,10.1016/j.pecinn.2025.100421;10.1186/s12891-024-07304-5
person:leader:6fe4e81455db,person:openalex:A5025774387,2,0.707107,doi:10.1007/s10614-024-10637-x;doi:10.3390/econometrics11010004,10.1007/s10614-024-10637-x;10.3390/econometrics11010004
person:leader:6fe4e81455db,person:openalex:A5063084519,2,0.707107,doi:10.1007/s10614-024-10637-x;doi:10.3390/econometrics11010004,10.1007/s10614-024-10637-x;10.3390/econometrics11010004
person:leader:73598c4735dd,person:openalex:A5078510482,2,0.707107,doi:10.1007/s10198-021-01309-w;doi:10.1007/s10198-024-01669-z,10.1007/s10198-021-01309-w;10.1007/s10198-024-01669-z
person:leader:73598c4735dd,person:orcid:0000-0001-8771-6578,2,0.707107,doi:10.1007/s40273-025-01473-4;doi:10.22541/au.169215780.00019852/v1,10.1007/s40273-025-01473-4;10.22541/au.169215780.00019852/v1
person:leader:78f0dc6cb8d8,person:orcid:0000-0002-2399-6942,2,0.707107,doi:10.1007/s10198-023-01612-8;doi:10.1007/s10198-025-01812-4,10.1007/s10198-023-01612-8;10.1007/s10198-025-01812-4
person:leader:82320ccd878a,person:leader:c9be2e978859,2,0.707107,doi:10.1007/s10198-025-01770-x;doi:10.1007/s40273-024-01404-9,10.1007/s10198-025-01770-x;10.1007/s40273-024-01404-9
person:leader:82320ccd878a,person:orcid:0000-0002-1433-818x,2,0.707107,doi:10.1007/s10198-025-01770-x;doi:10.1007/s40273-024-01404-9,10.1007/s10198-025-01770-x;10.1007/s40273-024-01404-9
person:leader:8873fe2331bf,person:leader:c4a44baaa49e,2,0.707107,doi:10.1007/s11136-025-03917-y;doi:10.1007/s11136-025-04038-2,10.1007/s11136-025-03917-y;10.1007/s11136-025-04038-2
person:leader:b74a5997703c,person:openalex:A5112901636,2,0.707107,doi:10.1007/s12311-023-01597-3;doi:10.1007/s12311-024-01657-2,10.1007/s12311-023-01597-3;10.1007/s12311-024-01657-2
person:leader:b74a5997703c,person:orcid:0000-0001-6174-5442,2,0.707107,doi:10.1007/s12311-023-01597-3;doi:10.1007/s12311-024-01657-2,10.1007/s12311-023-01597-3;10.1007/s12311-024-01657-2
person:leader:b74a5997703c,person:orcid:0000-0002-6986-3969,2,0.707107,doi:10.1007/s12311-023-01597-3;doi:10.1007/s12311-024-01657-2,10.1007/s12311-023-01597-3;10.1007/s12311-024-01657-2
person:leader:b74a5997703c,person:orcid:0000-0003-0634-8756,2,0.707107,doi:10.1007/s12311-023-01597-3;doi:10.1007/s12311-024-01657-2,10.1007/s12311-023-01597-3;10.1007/s12311-024-01657-2
person:leader:b74a5997703c,person:orcid:0000-0003-3265-0262,2,0.707107,doi:10.1007/s12311-023-01597-3;doi:10.1007/s12311-024-01657-2,10.1007/s12311-023-01597-3;10.1007/s12311-024-01657-2
person:leader:b74a5997703c,person:orcid:0000-0003-4833-5937,2,0.707107,doi:10.1007/s12311-023-01597-3;doi:10.1007/s12311-024-01657-2,10.1007/s12311-023-01597-3;10.1007/s12311-024-01657-2
person:leader:b95f9aa0caf2,person:openalex:A5065396071,2,0.707107,doi:10.1016/j.ssmqr.2024.100398;doi:10.21203/rs.3.rs-2423517/v1,10.1016/j.ssmqr.2024.100398;10.21203/rs.3.rs-2423517/v1
person:leader:b95f9aa0caf2,person:openalex:A5079545906,2,0.707107,doi:10.1016/j.ssmqr.2024.100398;doi:10.21203/rs.3.rs-2423517/v1,10.1016/j.ssmqr.2024.100398;10.21203/rs.3.rs-2423517/v1
person:leader:b95f9aa0caf2,person:openalex:A5080865059,2,0.707107,doi:10.1016/j.ssmqr.2024.100398;doi:10.21203/rs.3.rs-2423517/v1,10.1016/j.ssmqr.2024.100398;10.21203/rs.3.rs-2423517/v1
person:leader:b95f9aa0caf2,person:orcid:0000-0003-3619-5367,2,0.707107,doi:10.1016/j.ssmqr.2024.100398;doi:10.21203/rs.3.rs-2423517/v1,10.1016/j.ssmqr.2024.100398;10.21203/rs.3.rs-2423517/v1
person:leader:ba7c286781f3,person:orcid:0000-0002-1633-2179,2,0.707107,doi:10.1007/s11136-020-02469-7;doi:10.1186/s12955-022-02083-w,10.1007/s11136-020-02469-7;10.1186/s12955-022-02083-w
person:leader:bc605a168c15,person:orcid:0000-0002-2501-3057,2,0.707107,doi:10.3390/curroncol32060308;doi:10.3390/curroncol32110645,10.3390/curroncol32060308;10.3390/curroncol32110645
person:leader:bc605a168c15,person:orcid:0000-0002-9264-7797,2,0.707107,doi:10.3390/curroncol32060308;doi:10.3390/curroncol32110645,10.3390/curroncol32060308;10.3390/curroncol32110645
person:leader:c9be2e978859,person:orcid:0000-0002-1433-818x,2,0.707107,doi:10.1007/s10198-025-01770-x;doi:10.1007/s40273-024-01404-9,10.1007/s10198-025-01770-x;10.1007/s40273-024-01404-9
person:leader:d9674d98607b,person:orcid:0000-0002-7127-9462,2,0.707107,doi:10.1007/s11136-023-03372-7;doi:10.1007/s40273-025-01509-9,10.1007/s11136-023-03372-7;10.1007/s40273-025-01509-9
person:leader:fa3dd095d626,person:orcid:0000-0001-5559-2574,2,0.707107,doi:10.1002/ppul.71031;doi:10.22541/au.169215780.00019852/v1,10.1002/ppul.71031;10.22541/au.169215780.00019852/v1
person:leader:fa3dd095d626,person:orcid:0000-0002-6012-2785,2,0.707107,doi:10.1007/s40273-022-01216-9;doi:10.1016/j.jval.2023.03.003,10.1007/s40273-022-01216-9;10.1016/j.jval.2023.03.003
person:leader:fa3dd095d626,person:orcid:0000-0003-3187-2007,2,0.707107,doi:10.1007/s40273-022-01216-9;doi:10.1016/j.jval.2023.03.003,10.1007/s40273-022-01216-9;10.1016/j.jval.2023.03.003
person:leader:fa3dd095d626,person:orcid:0000-0003-4392-760x,2,0.707107,doi:10.1007/s40273-022-01216-9;doi:10.1016/j.jval.2023.03.003,10.1007/s40273-022-01216-9;10.1016/j.jval.2023.03.003
person:leader:fa3dd095d626,person:orcid:0000-0003-4509-1308,2,0.707107,doi:10.1007/s40273-022-01216-9;doi:10.1016/j.jval.2023.03.003,10.1007/s40273-022-01216-9;10.1016/j.jval.2023.03.003
person:leader:fa9a063b5705,person:orcid:0000-0001-6489-171x,2,0.707107,doi:10.1007/s10198-022-01481-7;doi:10.1186/s12955-023-02144-8,10.1007/s10198-022-01481-7;10.1186/s12955-023-02144-8
person:leader:fa9a063b5705,person:orcid:0000-0001-8574-8429,2,0.707107,doi:10.1007/s10198-022-01481-7;doi:10.1186/s12955-023-02144-8,10.1007/s10198-022-01481-7;10.1186/s12955-023-02144-8
person:leader:fa9a063b5705,person:orcid:0000-0002-0702-1715,2,0.707107,doi:10.1007/s10198-022-01481-7;doi:10.1186/s12955-023-02144-8,10.1007/s10198-022-01481-7;10.1186/s12955-023-02144-8
person:leader:fa9a063b5705,person:orcid:0000-0002-9891-8279,2,0.707107,doi:10.1007/s10198-022-01481-7;doi:10.1186/s12955-023-02144-8,10.1007/s10198-022-01481-7;10.1186/s12955-023-02144-8
person:leader:fa9a063b5705,person:orcid:0000-0003-2902-1641,2,0.707107,doi:10.1007/s10198-022-01481-7;doi:10.1186/s12955-023-02144-8,10.1007/s10198-022-01481-7;10.1186/s12955-023-02144-8
person:leader:fc07b6540d1a,person:orcid:0000-0002-2862-2990,2,0.707107,doi:10.1007/s40258-022-00772-7;doi:10.1016/j.socscimed.2021.114519,10.1007/s40258-022-00772-7;10.1016/j.socscimed.2021.114519
person:openalex:A5013588948,person:openalex:A5062956353,2,0.707107,doi:10.3390/children10101604;doi:10.3390/children8080714,10.3390/children10101604;10.3390/children8080714
person:openalex:A5013588948,person:orcid:0000-0002-5332-5226,2,0.707107,doi:10.3390/children10101604;doi:10.3390/children8080714,10.3390/children10101604;10.3390/children8080714
person:openalex:A5013588948,person:orcid:0000-0002-6451-2713,2,0.707107,doi:10.3390/children10101604;doi:10.3390/children8080714,10.3390/children10101604;10.3390/children8080714
person:openalex:A5013588948,person:orcid:0000-0003-3017-2770,2,0.707107,doi:10.3390/children10101604;doi:10.3390/children8080714,10.3390/children10101604;10.3390/children8080714
person:openalex:A5019640605,person:orcid:0000-0001-9502-4678,2,0.707107,doi:10.1007/s40273-021-01002-z;doi:10.1007/s40273-021-01100-y,10.1007/s40273-021-01002-z;10.1007/s40273-021-01100-y
person:openalex:A5025774387,person:openalex:A5063084519,2,0.707107,doi:10.1007/s10614-024-10637-x;doi:10.3390/econometrics11010004,10.1007/s10614-024-10637-x;10.3390/econometrics11010004
person:openalex:A5045399261,person:orcid:0000-0001-7548-1775,2,0.707107,doi:10.1007/s11136-024-03754-5;doi:10.3389/fepid.2023.1144162,10.1007/s11136-024-03754-5;10.3389/fepid.2023.1144162
person:openalex:A5062956353,person:orcid:0000-0002-5332-5226,2,0.707107,doi:10.3390/children10101604;doi:10.3390/children8080714,10.3390/children10101604;10.3390/children8080714
person:openalex:A5062956353,person:orcid:0000-0002-6451-2713,2,0.707107,doi:10.3390/children10101604;doi:10.3390/children8080714,10.3390/children10101604;10.3390/children8080714
person:openalex:A5062956353,person:orcid:0000-0003-3017-2770,2,0.707107,doi:10.3390/children10101604;doi:10.3390/children8080714,10.3390/children10101604;10.3390/children8080714
person:openalex:A5065396071,person:openalex:A5079545906,2,0.707107,doi:10.1016/j.ssmqr.2024.100398;doi:10.21203/rs.3.rs-2423517/v1,10.1016/j.ssmqr.2024.100398;10.21203/rs.3.rs-2423517/v1
person:openalex:A5065396071,person:openalex:A5080865059,2,0.707107,doi:10.1016/j.ssmqr.2024.100398;doi:10.21203/rs.3.rs-2423517/v1,10.1016/j.ssmqr.2024.100398;10.21203/rs.3.rs-2423517/v1
person:openalex:A5065396071,person:orcid:0000-0003-3619-5367,2,0.707107,doi:10.1016/j.ssmqr.2024.100398;doi:10.21203/rs.3.rs-2423517/v1,10.1016/j.ssmqr.2024.100398;10.21203/rs.3.rs-2423517/v1
person:openalex:A5078510482,person:orcid:0000-0002-8314-8259,2,0.707107,doi:10.1007/s10198-021-01309-w;doi:10.1007/s10198-024-01669-z,10.1007/s10198-021-01309-w;10.1007/s10198-024-01669-z
person:openalex:A5079545906,person:openalex:A5080865059,2,0.707107,doi:10.1016/j.ssmqr.2024.100398;doi:10.21203/rs.3.rs-2423517/v1,10.1016/j.ssmqr.2024.100398;10.21203/rs.3.rs-2423517/v1
person:openalex:A5079545906,person:orcid:0000-0003-3619-5367,2,0.707107,doi:10.1016/j.ssmqr.2024.100398;doi:10.21203/rs.3.rs-2423517/v1,10.1016/j.ssmqr.2024.100398;10.21203/rs.3.rs-2423517/v1
person:openalex:A5080865059,person:orcid:0000-0003-3619-5367,2,0.707107,doi:10.1016/j.ssmqr.2024.100398;doi:10.21203/rs.3.rs-2423517/v1,10.1016/j.ssmqr.2024.100398;10.21203/rs.3.rs-2423517/v1
person:openalex:A5102623414,person:orcid:0000-0002-1502-0659,2,0.707107,doi:10.1016/j.pecinn.2025.100421;doi:10.1186/s12891-024-07304-5,10.1016/j.pecinn.2025.100421;10.1186/s12891-024-07304-5
person:openalex:A5102623414,person:orcid:0000-0002-6143-1555,2,0.707107,doi:10.1016/j.pecinn.2025.100421;doi:10.1186/s12891-024-07304-5,10.1016/j.pecinn.2025.100421;10.1186/s12891-024-07304-5
person:openalex:A5102623414,person:orcid:0000-0002-9625-6902,2,0.707107,doi:10.1016/j.pecinn.2025.100421;doi:10.1186/s12891-024-07304-5,10.1016/j.pecinn.2025.100421;10.1186/s12891-024-07304-5
person:openalex:A5112901636,person:orcid:0000-0001-6174-5442,2,0.707107,doi:10.1007/s12311-023-01597-3;doi:10.1007/s12311-024-01657-2,10.1007/s12311-023-01597-3;10.1007/s12311-024-01657-2
person:openalex:A5112901636,person:orcid:0000-0002-6986-3969,2,0.707107,doi:10.1007/s12311-023-01597-3;doi:10.1007/s12311-024-01657-2,10.1007/s12311-023-01597-3;10.1007/s12311-024-01657-2
person:openalex:A5112901636,person:orcid:0000-0003-0634-8756,2,0.707107,doi:10.1007/s12311-023-01597-3;doi:10.1007/s12311-024-01657-2,10.1007/s12311-023-01597-3;10.1007/s12311-024-01657-2
person:openalex:A5112901636,person:orcid:0000-0003-3265-0262,2,0.707107,doi:10.1007/s12311-023-01597-3;doi:10.1007/s12311-024-01657-2,10.1007/s12311-023-01597-3;10.1007/s12311-024-01657-2
person:openalex:A5112901636,person:orcid:0000-0003-4833-5937,2,0.707107,doi:10.1007/s12311-023-01597-3;doi:10.1007/s12311-024-01657-2,10.1007/s12311-023-01597-3;10.1007/s12311-024-01657-2
person:orcid:0000-0001-5559-2574,person:orcid:0000-0001-8771-6578,2,0.707107,doi:10.1007/s40273-025-01473-4;doi:10.22541/au.169215780.00019852/v1,10.1007/s40273-025-01473-4;10.22541/au.169215780.00019852/v1
person:orcid:0000-0001-5559-2574,person:orcid:0000-0002-8314-8259,2,0.707107,doi:10.1002/ppul.71031;doi:10.22541/au.169215780.00019852/v1,10.1002/ppul.71031;10.22541/au.169215780.00019852/v1
person:orcid:0000-0001-5823-7375,person:orcid:0000-0001-9571-576x,2,0.707107,doi:10.1016/j.burns.2020.08.015;doi:10.1186/s12955-020-01394-0,10.1016/j.burns.2020.08.015;10.1186/s12955-020-01394-0
person:orcid:0000-0001-5823-7375,person:orcid:0000-0002-4331-3141,2,0.707107,doi:10.1016/j.burns.2020.08.015;doi:10.1186/s12955-020-01394-0,10.1016/j.burns.2020.08.015;10.1186/s12955-020-01394-0
person:orcid:0000-0001-6174-5442,person:orcid:0000-0002-6986-3969,2,0.707107,doi:10.1007/s12311-023-01597-3;doi:10.1007/s12311-024-01657-2,10.1007/s12311-023-01597-3;10.1007/s12311-024-01657-2
person:orcid:0000-0001-6174-5442,person:orcid:0000-0003-0634-8756,2,0.707107,doi:10.1007/s12311-023-01597-3;doi:10.1007/s12311-024-01657-2,10.1007/s12311-023-01597-3;10.1007/s12311-024-01657-2
person:orcid:0000-0001-6174-5442,person:orcid:0000-0003-3265-0262,2,0.707107,doi:10.1007/s12311-023-01597-3;doi:10.1007/s12311-024-01657-2,10.1007/s12311-023-01597-3;10.1007/s12311-024-01657-2
person:orcid:0000-0001-6174-5442,person:orcid:0000-0003-4833-5937,2,0.707107,doi:10.1007/s12311-023-01597-3;doi:10.1007/s12311-024-01657-2,10.1007/s12311-023-01597-3;10.1007/s12311-024-01657-2
person:orcid:0000-0001-6489-171x,person:orcid:0000-0001-8574-8429,2,0.707107,doi:10.1007/s10198-022-01481-7;doi:10.1186/s12955-023-02144-8,10.1007/s10198-022-01481-7;10.1186/s12955-023-02144-8
person:orcid:0000-0001-6489-171x,person:orcid:0000-0002-0702-1715,2,0.707107,doi:10.1007/s10198-022-01481-7;doi:10.1186/s12955-023-02144-8,10.1007/s10198-022-01481-7;10.1186/s12955-023-02144-8
person:orcid:0000-0001-6489-171x,person:orcid:0000-0002-9891-8279,2,0.707107,doi:10.1007/s10198-022-01481-7;doi:10.1186/s12955-023-02144-8,10.1007/s10198-022-01481-7;10.1186/s12955-023-02144-8
person:orcid:0000-0001-6489-171x,person:orcid:0000-0003-2902-1641,2,0.707107,doi:10.1007/s10198-022-01481-7;doi:10.1186/s12955-023-02144-8,10.1007/s10198-022-01481-7;10.1186/s12955-023-02144-8
person:orcid:0000-0001-6534-1242,person:orcid:0000-0003-1079-5655,2,0.707107,doi:10.1136/bmjopen-2020-048176;doi:10.2196/27669,10.1136/bmjopen-2020-048176;10.2196/27669
person:orcid:0000-0001-6962-0564,person:orcid:0000-0002-4749-5536,2,0.707107,doi:10.1007/s11136-020-02469-7;doi:10.1007/s11136-021-03075-x,10.1007/s11136-020-02469-7;10.1007/s11136-021-03075-x
person:orcid:0000-0001-8574-8429,person:orcid:0000-0002-0702-1715,2,0.707107,doi:10.1007/s10198-022-01481-7;doi:10.1186/s12955-023-02144-8,10.1007/s10198-022-01481-7;10.1186/s12955-023-02144-8
person:orcid:0000-0001-8574-8429,person:orcid:0000-0002-9891-8279,2,0.707107,doi:10.1007/s10198-022-01481-7;doi:10.1186/s12955-023-02144-8,10.1007/s10198-022-01481-7;10.1186/s12955-023-02144-8
person:orcid:0000-0001-8574-8429,person:orcid:0000-0003-2902-1641,2,0.707107,doi:10.1007/s10198-022-01481-7;doi:10.1186/s12955-023-02144-8,10.1007/s10198-022-01481-7;10.1186/s12955-023-02144-8
person:orcid:0000-0001-9005-9185,person:orcid:0000-0001-9571-576x,2,0.707107,doi:10.1007/s11136-019-02256-z;doi:10.1186/s12955-020-01404-1,10.1007/s11136-019-02256-z;10.1186/s12955-020-01404-1
person:orcid:0000-0001-9005-9185,person:orcid:0000-0002-4331-3141,2,0.707107,doi:10.1007/s11136-019-02256-z;doi:10.1186/s12955-020-01404-1,10.1007/s11136-019-02256-z;10.1186/s12955-020-01404-1
person:orcid:0000-0001-9502-4678,person:orcid:0000-0002-5956-8990,2,0.707107,doi:10.1007/s40273-021-01002-z;doi:10.1007/s40273-021-01100-y,10.1007/s40273-021-01002-z;10.1007/s40273-021-01100-y
person:orcid:0000-0001-9571-576x,person:orcid:0000-0002-1332-0500,2,0.707107,doi:10.1007/s11136-019-02256-z;doi:10.1007/s11136-021-03069-9,10.1007/s11136-019-02256-z;10.1007/s11136-021-03069-9
person:orcid:0000-0002-0525-8516,person:orcid:0000-0002-3288-036x,2,0.707107,doi:10.1007/s40271-023-00647-6;doi:10.1007/s40271-024-00715-5,10.1007/s40271-023-00647-6;10.1007/s40271-024-00715-5
person:orcid:0000-0002-0702-1715,person:orcid:0000-0002-9891-8279,2,0.707107,doi:10.1007/s10198-022-01481-7;doi:10.1186/s12955-023-02144-8,10.1007/s10198-022-01481-7;10.1186/s12955-023-02144-8
person:orcid:0000-0002-0702-1715,person:orcid:0000-0003-2902-1641,2,0.707107,doi:10.1007/s10198-022-01481-7;doi:10.1186/s12955-023-02144-8,10.1007/s10198-022-01481-7;10.1186/s12955-023-02144-8
person:orcid:0000-0002-1323-4223,person:orcid:0000-0002-6451-2713,2,0.707107,doi:10.1007/s40273-023-01330-2;doi:10.3390/children10101604,10.1007/s40273-023-01330-2;10.3390/children10101604
person:orcid:0000-0002-1323-4223,person:orcid:0000-0002-8385-5965,2,0.707107,doi:10.1007/s40273-023-01330-2;doi:10.1007/s40273-024-01355-1,10.1007/s40273-023-01330-2;10.1007/s40273-024-01355-1
person:orcid:0000-0002-1323-4223,person:orcid:0000-0003-3017-2770,2,0.707107,doi:10.1007/s40273-023-01330-2;doi:10.3390/children10101604,10.1007/s40273-023-01330-2;10.3390/children10101604
person:orcid:0000-0002-1502-0659,person:orcid:0000-0002-6143-1555,2,0.707107,doi:10.1016/j.pecinn.2025.100421;doi:10.1186/s12891-024-07304-5,10.1016/j.pecinn.2025.100421;10.1186/s12891-024-07304-5
person:orcid:0000-0002-1502-0659,person:orcid:0000-0002-9625-6902,2,0.707107,doi:10.1016/j.pecinn.2025.100421;doi:10.1186/s12891-024-07304-5,10.1016/j.pecinn.2025.100421;10.1186/s12891-024-07304-5
person:orcid:0000-0002-2501-3057,person:orcid:0000-0002-9264-7797,2,0.707107,doi:10.3390/curroncol32060308;doi:10.3390/curroncol32110645,10.3390/curroncol32060308;10.3390/curroncol32110645
person:orcid:0000-0002-3288-036x,person:orcid:0000-0002-4186-314x,2,0.707107,doi:10.1007/s40271-023-00647-6;doi:10.1007/s40271-024-00715-5,10.1007/s40271-023-00647-6;10.1007/s40271-024-00715-5
person:orcid:0000-0002-3288-036x,person:orcid:0000-0002-7302-7293,2,0.707107,doi:10.1007/s40271-023-00647-6;doi:10.1007/s40271-024-00715-5,10.1007/s40271-023-00647-6;10.1007/s40271-024-00715-5
person:orcid:0000-0002-4331-3141,person:orcid:0000-0002-5569-3188,2,0.707107,doi:10.1007/s11136-019-02156-2;doi:10.1007/s11136-020-02496-4,10.1007/s11136-019-02156-2;10.1007/s11136-020-02496-4
person:orcid:0000-0002-5332-5226,person:orcid:0000-0002-5692-8882,2,0.707107,doi:10.1007/s11136-026-04246-4;doi:10.1136/archdischild-2025-329475,10.1007/s11136-026-04246-4;10.1136/archdischild-2025-329475
person:orcid:0000-0002-5692-8882,person:orcid:0000-0002-6451-2713,2,0.707107,doi:10.1007/s11136-026-04246-4;doi:10.1136/archdischild-2025-329475,10.1007/s11136-026-04246-4;10.1136/archdischild-2025-329475
person:orcid:0000-0002-5692-8882,person:orcid:0000-0003-3017-2770,2,0.707107,doi:10.1007/s11136-026-04246-4;doi:10.1136/archdischild-2025-329475,10.1007/s11136-026-04246-4;10.1136/archdischild-2025-329475
person:orcid:0000-0002-6012-2785,person:orcid:0000-0003-3187-2007,2,0.707107,doi:10.1007/s40273-022-01216-9;doi:10.1016/j.jval.2023.03.003,10.1007/s40273-022-01216-9;10.1016/j.jval.2023.03.003
person:orcid:0000-0002-6012-2785,person:orcid:0000-0003-4392-760x,2,0.707107,doi:10.1007/s40273-022-01216-9;doi:10.1016/j.jval.2023.03.003,10.1007/s40273-022-01216-9;10.1016/j.jval.2023.03.003
person:orcid:0000-0002-6012-2785,person:orcid:0000-0003-4509-1308,2,0.707107,doi:10.1007/s40273-022-01216-9;doi:10.1016/j.jval.2023.03.003,10.1007/s40273-022-01216-9;10.1016/j.jval.2023.03.003
person:orcid:0000-0002-6143-1555,person:orcid:0000-0002-9625-6902,2,0.707107,doi:10.1016/j.pecinn.2025.100421;doi:10.1186/s12891-024-07304-5,10.1016/j.pecinn.2025.100421;10.1186/s12891-024-07304-5
person:orcid:0000-0002-6182-499x,person:orcid:0000-0003-1079-5655,2,0.707107,doi:10.1136/bmjopen-2020-048176;doi:10.2196/27669,10.1136/bmjopen-2020-048176;10.2196/27669
person:orcid:0000-0002-6451-2713,person:orcid:0000-0002-8385-5965,2,0.707107,doi:10.1007/s40273-023-01330-2;doi:10.1007/s40273-024-01354-2,10.1007/s40273-023-01330-2;10.1007/s40273-024-01354-2
person:orcid:0000-0002-6986-3969,person:orcid:0000-0003-0634-8756,2,0.707107,doi:10.1007/s12311-023-01597-3;doi:10.1007/s12311-024-01657-2,10.1007/s12311-023-01597-3;10.1007/s12311-024-01657-2
person:orcid:0000-0002-6986-3969,person:orcid:0000-0003-3265-0262,2,0.707107,doi:10.1007/s12311-023-01597-3;doi:10.1007/s12311-024-01657-2,10.1007/s12311-023-01597-3;10.1007/s12311-024-01657-2
person:orcid:0000-0002-6986-3969,person:orcid:0000-0003-4833-5937,2,0.707107,doi:10.1007/s12311-023-01597-3;doi:10.1007/s12311-024-01657-2,10.1007/s12311-023-01597-3;10.1007/s12311-024-01657-2
person:orcid:0000-0002-8385-5965,person:orcid:0000-0003-3017-2770,2,0.707107,doi:10.1007/s40273-023-01330-2;doi:10.1007/s40273-024-01354-2,10.1007/s40273-023-01330-2;10.1007/s40273-024-01354-2
person:orcid:0000-0002-9891-8279,person:orcid:0000-0003-2902-1641,2,0.707107,doi:10.1007/s10198-022-01481-7;doi:10.1186/s12955-023-02144-8,10.1007/s10198-022-01481-7;10.1186/s12955-023-02144-8
person:orcid:0000-0003-0634-8756,person:orcid:0000-0003-3265-0262,2,0.707107,doi:10.1007/s12311-023-01597-3;doi:10.1007/s12311-024-01657-2,10.1007/s12311-023-01597-3;10.1007/s12311-024-01657-2
person:orcid:0000-0003-0634-8756,person:orcid:0000-0003-4833-5937,2,0.707107,doi:10.1007/s12311-023-01597-3;doi:10.1007/s12311-024-01657-2,10.1007/s12311-023-01597-3;10.1007/s12311-024-01657-2
person:orcid:0000-0003-3187-2007,person:orcid:0000-0003-4392-760x,2,0.707107,doi:10.1007/s40273-022-01216-9;doi:10.1016/j.jval.2023.03.003,10.1007/s40273-022-01216-9;10.1016/j.jval.2023.03.003
person:orcid:0000-0003-3187-2007,person:orcid:0000-0003-4509-1308,2,0.707107,doi:10.1007/s40273-022-01216-9;doi:10.1016/j.jval.2023.03.003,10.1007/s40273-022-01216-9;10.1016/j.jval.2023.03.003
person:orcid:0000-0003-3265-0262,person:orcid:0000-0003-4833-5937,2,0.707107,doi:10.1007/s12311-023-01597-3;doi:10.1007/s12311-024-01657-2,10.1007/s12311-023-01597-3;10.1007/s12311-024-01657-2
person:orcid:0000-0003-4392-760x,person:orcid:0000-0003-4509-1308,2,0.707107,doi:10.1007/s40273-022-01216-9;doi:10.1016/j.jval.2023.03.003,10.1007/s40273-022-01216-9;10.1016/j.jval.2023.03.003
person:author:b27c6ab473e42c53,person:author:f71bb2323624605d,1,1.0,doi:10.1016/j.jval.2025.02.001,10.1016/j.jval.2025.02.001
person:author:b27c6ab473e42c53,person:eqmember:17835,1,1.0,doi:10.1016/j.jval.2025.02.001,10.1016/j.jval.2025.02.001
person:author:b27c6ab473e42c53,person:eqmember:17851,1,1.0,doi:10.1016/j.jval.2025.02.001,10.1016/j.jval.2025.02.001
person:author:b27c6ab473e42c53,person:openalex:A5012904054,1,1.0,doi:10.1016/j.jval.2025.02.001,10.1016/j.jval.2025.02.001
person:author:b27c6ab473e42c53,person:openalex:A5026959850,1,1.0,doi:10.1016/j.jval.2025.02.001,10.1016/j.jval.2025.02.001
person:author:b27c6ab473e42c53,person:openalex:A5028373695,1,1.0,doi:10.1016/j.jval.2025.02.001,10.1016/j.jval.2025.02.001
person:author:b27c6ab473e42c53,person:openalex:A5039308938,1,1.0,doi:10.1016/j.jval.2025.02.001,10.1016/j.jval.2025.02.001
person:author:b27c6ab473e42c53,person:openalex:A5052884545,1,1.0,doi:10.1016/j.jval.2025.02.001,10.1016/j.jval.2025.02.001
person:author:b27c6ab473e42c53,person:openalex:A5101821097,1,1.0,doi:10.1016/j.jval.2025.02.001,10.1016/j.jval.2025.02.001
person:author:b27c6ab473e42c53,person:openalex:A5115594934,1,1.0,doi:10.1016/j.jval.2025.02.001,10.1016/j.jval.2025.02.001
person:author:b27c6ab473e42c53,person:orcid:0000-0001-9364-5788,1,1.0,doi:10.1016/j.jval.2025.02.001,10.1016/j.jval.2025.02.001
person:author:doi:10.1007/s11136-025-03996-x:10,person:author:doi:10.1007/s11136-025-03996-x:11,1,1.0,doi:10.1007/s11136-025-03996-x,10.1007/s11136-025-03996-x
person:author:doi:10.1007/s11136-025-03996-x:10,person:author:doi:10.1007/s11136-025-03996-x:12,1,1.0,doi:10.1007/s11136-025-03996-x,10.1007/s11136-025-03996-x
person:author:doi:10.1007/s11136-025-03996-x:10,person:author:doi:10.1007/s11136-025-03996-x:14,1,1.0,doi:10.1007/s11136-025-03996-x,10.1007/s11136-025-03996-x
person:author:doi:10.1007/s11136-025-03996-x:10,person:eqmember:17946,1,1.0,doi:10.1007/s11136-025-03996-x,10.1007/s11136-025-03996-x
person:author:doi:10.1007/s11136-025-03996-x:10,person:leader:50cca9cff5d9,1,1.0,doi:10.1007/s11136-025-03996-x,10.1007/s11136-025-03996-x
person:author:doi:10.1007/s11136-025-03996-x:10,person:openalex:A5077284198,1,1.0,doi:10.1007/s11136-025-03996-x,10.1007/s11136-025-03996-x
person:author:doi:10.1007/s11136-025-03996-x:10,person:openalex:A5104134946,1,1.0,doi:10.1007/s11136-025-03996-x,10.1007/s11136-025-03996-x
person:author:doi:10.1007/s11136-025-03996-x:10,person:openalex:A5108557660,1,1.0,doi:10.1007/s11136-025-03996-x,10.1007/s11136-025-03996-x
person:author:doi:10.1007/s11136-025-03996-x:10,person:openalex:A5117785012,1,1.0,doi:10.1007/s11136-025-03996-x,10.1007/s11136-025-03996-x
person:author:doi:10.1007/s11136-025-03996-x:10,person:openalex:A5117785013,1,1.0,doi:10.1007/s11136-025-03996-x,10.1007/s11136-025-03996-x
person:author:doi:10.1007/s11136-025-03996-x:10,person:orcid:0000-0001-5396-0265,1,1.0,doi:10.1007/s11136-025-03996-x,10.1007/s11136-025-03996-x
person:author:doi:10.1007/s11136-025-03996-x:10,person:orcid:0000-0001-6404-1117,1,1.0,doi:10.1007/s11136-025-03996-x,10.1007/s11136-025-03996-x
person:author:doi:10.1007/s11136-025-03996-x:10,person:orcid:0000-0001-6983-0166,1,1.0,doi:10.1007/s11136-025-03996-x,10.1007/s11136-025-03996-x
person:author:doi:10.1007/s11136-025-03996-x:10,person:orcid:0000-0002-4290-4863,1,1.0,doi:10.1007/s11136-025-03996-x,10.1007/s11136-025-03996-x
person:author:doi:10.1007/s11136-025-03996-x:10,person:orcid:0000-0002-5332-5226,1,1.0,doi:10.1007/s11136-025-03996-x,10.1007/s11136-025-03996-x
person:author:doi:10.1007/s11136-025-03996-x:10,person:orcid:0000-0002-7913-7274,1,1.0,doi:10.1007/s11136-025-03996-x,10.1007/s11136-025-03996-x
person:author:doi:10.1007/s11136-025-03996-x:10,person:orcid:0000-0002-8438-2901,1,1.0,doi:10.1007/s11136-025-03996-x,10.1007/s11136-025-03996-x
person:author:doi:10.1007/s11136-025-03996-x:10,person:orcid:0000-0003-2029-6331,1,1.0,doi:10.1007/s11136-025-03996-x,10.1007/s11136-025-03996-x
person:author:doi:10.1007/s11136-025-03996-x:10,person:orcid:0000-0003-3017-2770,1,1.0,doi:10.1007/s11136-025-03996-x,10.1007/s11136-025-03996-x
person:author:doi:10.1007/s11136-025-03996-x:10,person:orcid:0000-0003-4007-8243,1,1.0,doi:10.1007/s11136-025-03996-x,10.1007/s11136-025-03996-x
person:author:doi:10.1007/s11136-025-03996-x:11,person:author:doi:10.1007/s11136-025-03996-x:12,1,1.0,doi:10.1007/s11136-025-03996-x,10.1007/s11136-025-03996-x
person:author:doi:10.1007/s11136-025-03996-x:11,person:author:doi:10.1007/s11136-025-03996-x:14,1,1.0,doi:10.1007/s11136-025-03996-x,10.1007/s11136-025-03996-x
person:author:doi:10.1007/s11136-025-03996-x:11,person:eqmember:17946,1,1.0,doi:10.1007/s11136-025-03996-x,10.1007/s11136-025-03996-x
person:author:doi:10.1007/s11136-025-03996-x:11,person:leader:50cca9cff5d9,1,1.0,doi:10.1007/s11136-025-03996-x,10.1007/s11136-025-03996-x
person:author:doi:10.1007/s11136-025-03996-x:11,person:openalex:A5077284198,1,1.0,doi:10.1007/s11136-025-03996-x,10.1007/s11136-025-03996-x
person:author:doi:10.1007/s11136-025-03996-x:11,person:openalex:A5104134946,1,1.0,doi:10.1007/s11136-025-03996-x,10.1007/s11136-025-03996-x
person:author:doi:10.1007/s11136-025-03996-x:11,person:openalex:A5108557660,1,1.0,doi:10.1007/s11136-025-03996-x,10.1007/s11136-025-03996-x
person:author:doi:10.1007/s11136-025-03996-x:11,person:openalex:A5117785012,1,1.0,doi:10.1007/s11136-025-03996-x,10.1007/s11136-025-03996-x
person:author:doi:10.1007/s11136-025-03996-x:11,person:openalex:A5117785013,1,1.0,doi:10.1007/s11136-025-03996-x,10.1007/s11136-025-03996-x
person:author:doi:10.1007/s11136-025-03996-x:11,person:orcid:0000-0001-5396-0265,1,1.0,doi:10.1007/s11136-025-03996-x,10.1007/s11136-025-03996-x
person:author:doi:10.1007/s11136-025-03996-x:11,person:orcid:0000-0001-6404-1117,1,1.0,doi:10.1007/s11136-025-03996-x,10.1007/s11136-025-03996-x
person:author:doi:10.1007/s11136-025-03996-x:11,person:orcid:0000-0001-6983-0166,1,1.0,doi:10.1007/s11136-025-03996-x,10.1007/s11136-025-03996-x
person:author:doi:10.1007/s11136-025-03996-x:11,person:orcid:0000-0002-4290-4863,1,1.0,doi:10.1007/s11136-025-03996-x,10.1007/s11136-025-03996-x
person:author:doi:10.1007/s11136-025-03996-x:11,person:orcid:0000-0002-5332-5226,1,1.0,doi:10.1007/s11136-025-03996-x,10.1007/s11136-025-03996-x
person:author:doi:10.1007/s11136-025-03996-x:11,person:orcid:0000-0002-7913-7274,1,1.0,doi:10.1007/s11136-025-03996-x,10.1007/s11136-025-03996-x
person:author:doi:10.1007/s11136-025-03996-x:11,person:orcid:0000-0002-8438-2901,1,1.0,doi:10.1007/s11136-025-03996-x,10.1007/s11136-025-03996-x
person:author:doi:10.1007/s11136-025-03996-x:11,person:orcid:0000-0003-2029-6331,1,1.0,doi:10.1007/s11136-025-03996-x,10.1007/s11136-025-03996-x
person:author:doi:10.1007/s11136-025-03996-x:11,person:orcid:0000-0003-3017-2770,1,1.0,doi:10.1007/s11136-025-03996-x,10.1007/s11136-025-03996-x
person:author:doi:10.1007/s11136-025-03996-x:11,person:orcid:0000-0003-4007-8243,1,1.0,doi:10.1007/s11136-025-03996-x,10.1007/s11136-025-03996-x
person:author:doi:10.1007/s11136-025-03996-x:12,person:author:doi:10.1007/s11136-025-03996-x:14,1,1.0,doi:10.1007/s11136-025-03996-x,10.1007/s11136-025-03996-x
person:author:doi:10.1007/s11136-025-03996-x:12,person:eqmember:17946,1,1.0,doi:10.1007/s11136-025-03996-x,10.1007/s11136-025-03996-x
person:author:doi:10.1007/s11136-025-03996-x:12,person:leader:50cca9cff5d9,1,1.0,doi:10.1007/s11136-025-03996-x,10.1007/s11136-025-03996-x
person:author:doi:10.1007/s11136-025-03996-x:12,person:openalex:A5077284198,1,1.0,doi:10.1007/s11136-025-03996-x,10.1007/s11136-025-03996-x
person:author:doi:10.1007/s11136-025-03996-x:12,person:openalex:A5104134946,1,1.0,doi:10.1007/s11136-025-03996-x,10.1007/s11136-025-03996-x
person:author:doi:10.1007/s11136-025-03996-x:12,person:openalex:A5108557660,1,1.0,doi:10.1007/s11136-025-03996-x,10.1007/s11136-025-03996-x
person:author:doi:10.1007/s11136-025-03996-x:12,person:openalex:A5117785012,1,1.0,doi:10.1007/s11136-025-03996-x,10.1007/s11136-025-03996-x
person:author:doi:10.1007/s11136-025-03996-x:12,person:openalex:A5117785013,1,1.0,doi:10.1007/s11136-025-03996-x,10.1007/s11136-025-03996-x
person:author:doi:10.1007/s11136-025-03996-x:12,person:orcid:0000-0001-5396-0265,1,1.0,doi:10.1007/s11136-025-03996-x,10.1007/s11136-025-03996-x
person:author:doi:10.1007/s11136-025-03996-x:12,person:orcid:0000-0001-6404-1117,1,1.0,doi:10.1007/s11136-025-03996-x,10.1007/s11136-025-03996-x
person:author:doi:10.1007/s11136-025-03996-x:12,person:orcid:0000-0001-6983-0166,1,1.0,doi:10.1007/s11136-025-03996-x,10.1007/s11136-025-03996-x
person:author:doi:10.1007/s11136-025-03996-x:12,person:orcid:0000-0002-4290-4863,1,1.0,doi:10.1007/s11136-025-03996-x,10.1007/s11136-025-03996-x
person:author:doi:10.1007/s11136-025-03996-x:12,person:orcid:0000-0002-5332-5226,1,1.0,doi:10.1007/s11136-025-03996-x,10.1007/s11136-025-03996-x
person:author:doi:10.1007/s11136-025-03996-x:12,person:orcid:0000-0002-7913-7274,1,1.0,doi:10.1007/s11136-025-03996-x,10.1007/s11136-025-03996-x
person:author:doi:10.1007/s11136-025-03996-x:12,person:orcid:0000-0002-8438-2901,1,1.0,doi:10.1007/s11136-025-03996-x,10.1007/s11136-025-03996-x
person:author:doi:10.1007/s11136-025-03996-x:12,person:orcid:0000-0003-2029-6331,1,1.0,doi:10.1007/s11136-025-03996-x,10.1007/s11136-025-03996-x
person:author:doi:10.1007/s11136-025-03996-x:12,person:orcid:0000-0003-3017-2770,1,1.0,doi:10.1007/s11136-025-03996-x,10.1007/s11136-025-03996-x
person:author:doi:10.1007/s11136-025-03996-x:12,person:orcid:0000-0003-4007-8243,1,1.0,doi:10.1007/s11136-025-03996-x,10.1007/s11136-025-03996-x
person:author:doi:10.1007/s11136-025-03996-x:14,person:eqmember:17946,1,1.0,doi:10.1007/s11136-025-03996-x,10.1007/s11136-025-03996-x
person:author:doi:10.1007/s11136-025-03996-x:14,person:leader:50cca9cff5d9,1,1.0,doi:10.1007/s11136-025-03996-x,10.1007/s11136-025-03996-x
person:author:doi:10.1007/s11136-025-03996-x:14,person:openalex:A5077284198,1,1.0,doi:10.1007/s11136-025-03996-x,10.1007/s11136-025-03996-x
person:author:doi:10.1007/s11136-025-03996-x:14,person:openalex:A5104134946,1,1.0,doi:10.1007/s11136-025-03996-x,10.1007/s11136-025-03996-x
person:author:doi:10.1007/s11136-025-03996-x:14,person:openalex:A5108557660,1,1.0,doi:10.1007/s11136-025-03996-x,10.1007/s11136-025-03996-x
person:author:doi:10.1007/s11136-025-03996-x:14,person:openalex:A5117785012,1,1.0,doi:10.1007/s11136-025-03996-x,10.1007/s11136-025-03996-x
person:author:doi:10.1007/s11136-025-03996-x:14,person:openalex:A5117785013,1,1.0,doi:10.1007/s11136-025-03996-x,10.1007/s11136-025-03996-x
person:author:doi:10.1007/s11136-025-03996-x:14,person:orcid:0000-0001-5396-0265,1,1.0,doi:10.1007/s11136-025-03996-x,10.1007/s11136-025-03996-x
person:author:doi:10.1007/s11136-025-03996-x:14,person:orcid:0000-0001-6404-1117,1,1.0,doi:10.1007/s11136-025-03996-x,10.1007/s11136-025-03996-x
person:author:doi:10.1007/s11136-025-03996-x:14,person:orcid:0000-0001-6983-0166,1,1.0,doi:10.1007/s11136-025-03996-x,10.1007/s11136-025-03996-x
person:author:doi:10.1007/s11136-025-03996-x:14,person:orcid:0000-0002-4290-4863,1,1.0,doi:10.1007/s11136-025-03996-x,10.1007/s11136-025-03996-x
person:author:doi:10.1007/s11136-025-03996-x:14,person:orcid:0000-0002-5332-5226,1,1.0,doi:10.1007/s11136-025-03996-x,10.1007/s11136-025-03996-x
person:author:doi:10.1007/s11136-025-03996-x:14,person:orcid:0000-0002-7913-7274,1,1.0,doi:10.1007/s11136-025-03996-x,10.1007/s11136-025-03996-x
person:author:doi:10.1007/s11136-025-03996-x:14,person:orcid:0000-0002-8438-2901,1,1.0,doi:10.1007/s11136-025-03996-x,10.1007/s11136-025-03996-x
person:author:doi:10.1007/s11136-025-03996-x:14,person:orcid:0000-0003-2029-6331,1,1.0,doi:10.1007/s11136-025-03996-x,10.1007/s11136-025-03996-x
person:author:doi:10.1007/s11136-025-03996-x:14,person:orcid:0000-0003-3017-2770,1,1.0,doi:10.1007/s11136-025-03996-x,10.1007/s11136-025-03996-x
person:author:doi:10.1007/s11136-025-03996-x:14,person:orcid:0000-0003-4007-8243,1,1.0,doi:10.1007/s11136-025-03996-x,10.1007/s11136-025-03996-x
person:author:doi:10.1038/s41433-023-02860-x:11,person:author:doi:10.1038/s41433-023-02860-x:7,1,1.0,doi:10.1038/s41433-023-02860-x,10.1038/s41433-023-02860-x
person:author:doi:10.1038/s41433-023-02860-x:11,person:eqmember:17867,1,1.0,doi:10.1038/s41433-023-02860-x,10.1038/s41433-023-02860-x
person:author:doi:10.1038/s41433-023-02860-x:11,person:openalex:A5054412185,1,1.0,doi:10.1038/s41433-023-02860-x,10.1038/s41433-023-02860-x
person:author:doi:10.1038/s41433-023-02860-x:11,person:openalex:A5080215797,1,1.0,doi:10.1038/s41433-023-02860-x,10.1038/s41433-023-02860-x
person:author:doi:10.1038/s41433-023-02860-x:11,person:openalex:A5087010532,1,1.0,doi:10.1038/s41433-023-02860-x,10.1038/s41433-023-02860-x
person:author:doi:10.1038/s41433-023-02860-x:11,person:openalex:A5109778098,1,1.0,doi:10.1038/s41433-023-02860-x,10.1038/s41433-023-02860-x
person:author:doi:10.1038/s41433-023-02860-x:11,person:orcid:0000-0002-3025-4066,1,1.0,doi:10.1038/s41433-023-02860-x,10.1038/s41433-023-02860-x
person:author:doi:10.1038/s41433-023-02860-x:11,person:orcid:0000-0002-8169-1645,1,1.0,doi:10.1038/s41433-023-02860-x,10.1038/s41433-023-02860-x
person:author:doi:10.1038/s41433-023-02860-x:11,person:orcid:0000-0003-0239-7278,1,1.0,doi:10.1038/s41433-023-02860-x,10.1038/s41433-023-02860-x
person:author:doi:10.1038/s41433-023-02860-x:11,person:orcid:0000-0003-0666-7431,1,1.0,doi:10.1038/s41433-023-02860-x,10.1038/s41433-023-02860-x
person:author:doi:10.1038/s41433-023-02860-x:11,person:orcid:0000-0003-1681-698x,1,1.0,doi:10.1038/s41433-023-02860-x,10.1038/s41433-023-02860-x
person:author:doi:10.1038/s41433-023-02860-x:11,person:orcid:0000-0003-4212-2658,1,1.0,doi:10.1038/s41433-023-02860-x,10.1038/s41433-023-02860-x
person:author:doi:10.1038/s41433-023-02860-x:7,person:eqmember:17867,1,1.0,doi:10.1038/s41433-023-02860-x,10.1038/s41433-023-02860-x
person:author:doi:10.1038/s41433-023-02860-x:7,person:openalex:A5054412185,1,1.0,doi:10.1038/s41433-023-02860-x,10.1038/s41433-023-02860-x
person:author:doi:10.1038/s41433-023-02860-x:7,person:openalex:A5080215797,1,1.0,doi:10.1038/s41433-023-02860-x,10.1038/s41433-023-02860-x
person:author:doi:10.1038/s41433-023-02860-x:7,person:openalex:A5087010532,1,1.0,doi:10.1038/s41433-023-02860-x,10.1038/s41433-023-02860-x
person:author:doi:10.1038/s41433-023-02860-x:7,person:openalex:A5109778098,1,1.0,doi:10.1038/s41433-023-02860-x,10.1038/s41433-023-02860-x
person:author:doi:10.1038/s41433-023-02860-x:7,person:orcid:0000-0002-3025-4066,1,1.0,doi:10.1038/s41433-023-02860-x,10.1038/s41433-023-02860-x
person:author:doi:10.1038/s41433-023-02860-x:7,person:orcid:0000-0002-8169-1645,1,1.0,doi:10.1038/s41433-023-02860-x,10.1038/s41433-023-02860-x
person:author:doi:10.1038/s41433-023-02860-x:7,person:orcid:0000-0003-0239-7278,1,1.0,doi:10.1038/s41433-023-02860-x,10.1038/s41433-023-02860-x
person:author:doi:10.1038/s41433-023-02860-x:7,person:orcid:0000-0003-0666-7431,1,1.0,doi:10.1038/s41433-023-02860-x,10.1038/s41433-023-02860-x
person:author:doi:10.1038/s41433-023-02860-x:7,person:orcid:0000-0003-1681-698x,1,1.0,doi:10.1038/s41433-023-02860-x,10.1038/s41433-023-02860-x
person:author:doi:10.1038/s41433-023-02860-x:7,person:orcid:0000-0003-4212-2658,1,1.0,doi:10.1038/s41433-023-02860-x,10.1038/s41433-023-02860-x
person:author:doi:10.1186/s12955-024-02305-3:5,person:eqmember:17787,1,1.0,doi:10.1186/s12955-024-02305-3,10.1186/s12955-024-02305-3
person:author:doi:10.1186/s12955-024-02305-3:5,person:leader:5fdc94f27d8c,1,1.0,doi:10.1186/s12955-024-02305-3,10.1186/s12955-024-02305-3
person:author:doi:10.1186/s12955-024-02305-3:5,person:openalex:A5050491421,1,1.0,doi:10.1186/s12955-024-02305-3,10.1186/s12955-024-02305-3
person:author:doi:10.1186/s12955-024-02305-3:5,person:openalex:A5072165119,1,1.0,doi:10.1186/s12955-024-02305-3,10.1186/s12955-024-02305-3
person:author:doi:10.1186/s12955-024-02305-3:5,person:orcid:0000-0002-2485-505x,1,1.0,doi:10.1186/s12955-024-02305-3,10.1186/s12955-024-02305-3
person:author:doi:10.1186/s12955-024-02305-3:5,person:orcid:0000-0002-3581-6451,1,1.0,doi:10.1186/s12955-024-02305-3,10.1186/s12955-024-02305-3
person:author:doi:10.1186/s12955-024-02305-3:5,person:orcid:0000-0002-3614-2401,1,1.0,doi:10.1186/s12955-024-02305-3,10.1186/s12955-024-02305-3
person:author:doi:10.1371/journal.pone.0200966:8,person:eqmember:17855,1,1.0,doi:10.1371/journal.pone.0200966,10.1371/journal.pone.0200966
person:author:doi:10.1371/journal.pone.0200966:8,person:openalex:A5113535557,1,1.0,doi:10.1371/journal.pone.0200966,10.1371/journal.pone.0200966
person:author:doi:10.1371/journal.pone.0200966:8,person:orcid:0000-0001-5091-3180,1,1.0,doi:10.1371/journal.pone.0200966,10.1371/journal.pone.0200966
person:author:doi:10.1371/journal.pone.0200966:8,person:orcid:0000-0001-5126-9104,1,1.0,doi:10.1371/journal.pone.0200966,10.1371/journal.pone.0200966
person:author:doi:10.1371/journal.pone.0200966:8,person:orcid:0000-0001-5430-9810,1,1.0,doi:10.1371/journal.pone.0200966,10.1371/journal.pone.0200966
person:author:doi:10.1371/journal.pone.0200966:8,person:orcid:0000-0002-7319-7188,1,1.0,doi:10.1371/journal.pone.0200966,10.1371/journal.pone.0200966
person:author:doi:10.1371/journal.pone.0200966:8,person:orcid:0000-0002-9526-6922,1,1.0,doi:10.1371/journal.pone.0200966,10.1371/journal.pone.0200966
person:author:doi:10.2196/27669:10,person:author:doi:10.2196/27669:8,1,1.0,doi:10.2196/27669,10.2196/27669
person:author:doi:10.2196/27669:10,person:author:doi:10.2196/27669:9,1,1.0,doi:10.2196/27669,10.2196/27669
person:author:doi:10.2196/27669:10,person:eqmember:17823,1,1.0,doi:10.2196/27669,10.2196/27669
person:author:doi:10.2196/27669:10,person:eqmember:17946,1,1.0,doi:10.2196/27669,10.2196/27669
person:author:doi:10.2196/27669:10,person:leader:5b6527858de5,1,1.0,doi:10.2196/27669,10.2196/27669
person:author:doi:10.2196/27669:10,person:orcid:0000-0001-6534-1242,1,1.0,doi:10.2196/27669,10.2196/27669
person:author:doi:10.2196/27669:10,person:orcid:0000-0002-6182-499x,1,1.0,doi:10.2196/27669,10.2196/27669
person:author:doi:10.2196/27669:10,person:orcid:0000-0003-1079-5655,1,1.0,doi:10.2196/27669,10.2196/27669
person:author:doi:10.2196/27669:8,person:author:doi:10.2196/27669:9,1,1.0,doi:10.2196/27669,10.2196/27669
person:author:doi:10.2196/27669:8,person:eqmember:17823,1,1.0,doi:10.2196/27669,10.2196/27669
person:author:doi:10.2196/27669:8,person:eqmember:17946,1,1.0,doi:10.2196/27669,10.2196/27669
person:author:doi:10.2196/27669:8,person:leader:5b6527858de5,1,1.0,doi:10.2196/27669,10.2196/27669
person:author:doi:10.2196/27669:8,person:orcid:0000-0001-6534-1242,1,1.0,doi:10.2196/27669,10.2196/27669
person:author:doi:10.2196/27669:8,person:orcid:0000-0002-6182-499x,1,1.0,doi:10.2196/27669,10.2196/27669
person:author:doi:10.2196/27669:8,person:orcid:0000-0003-1079-5655,1,1.0,doi:10.2196/27669,10.2196/27669
person:author:doi:10.2196/27669:9,person:eqmember:17823,1,1.0,doi:10.2196/27669,10.2196/27669
person:author:doi:10.2196/27669:9,person:eqmember:17946,1,1.0,doi:10.2196/27669,10.2196/27669
person:author:doi:10.2196/27669:9,person:leader:5b6527858de5,1,1.0,doi:10.2196/27669,10.2196/27669
person:author:doi:10.2196/27669:9,person:orcid:0000-0001-6534-1242,1,1.0,doi:10.2196/27669,10.2196/27669
person:author:doi:10.2196/27669:9,person:orcid:0000-0002-6182-499x,1,1.0,doi:10.2196/27669,10.2196/27669
person:author:doi:10.2196/27669:9,person:orcid:0000-0003-1079-5655,1,1.0,doi:10.2196/27669,10.2196/27669
person:author:doi:10.3390/children8080714:10,person:eqmember:17807,1,1.0,doi:10.3390/children8080714,10.3390/children8080714
person:author:doi:10.3390/children8080714:10,person:eqmember:17946,1,1.0,doi:10.3390/children8080714,10.3390/children8080714
person:author:doi:10.3390/children8080714:10,person:leader:50cca9cff5d9,1,1.0,doi:10.3390/children8080714,10.3390/children8080714
person:author:doi:10.3390/children8080714:10,person:openalex:A5013588948,1,1.0,doi:10.3390/children8080714,10.3390/children8080714
person:author:doi:10.3390/children8080714:10,person:openalex:A5062956353,1,1.0,doi:10.3390/children8080714,10.3390/children8080714
person:author:doi:10.3390/children8080714:10,person:orcid:0000-0002-5332-5226,1,1.0,doi:10.3390/children8080714,10.3390/children8080714
person:author:doi:10.3390/children8080714:10,person:orcid:0000-0002-6451-2713,1,1.0,doi:10.3390/children8080714,10.3390/children8080714
person:author:doi:10.3390/children8080714:10,person:orcid:0000-0003-3017-2770,1,1.0,doi:10.3390/children8080714,10.3390/children8080714
person:author:doi:10.4314/ahs.v23i4.63:2,person:eqmember:17877,1,1.0,doi:10.4314/ahs.v23i4.63,10.4314/ahs.v23i4.63
person:author:doi:10.5492/wjccm.v11.i4.236:19,person:eqmember:17851,1,1.0,doi:10.5492/wjccm.v11.i4.236,10.5492/wjccm.v11.i4.236
person:author:doi:10.5492/wjccm.v11.i4.236:19,person:eqmember:17879,1,1.0,doi:10.5492/wjccm.v11.i4.236,10.5492/wjccm.v11.i4.236
person:author:doi:10.5492/wjccm.v11.i4.236:19,person:leader:ef46534448d4,1,1.0,doi:10.5492/wjccm.v11.i4.236,10.5492/wjccm.v11.i4.236
person:author:doi:10.5492/wjccm.v11.i4.236:19,person:orcid:0000-0001-6610-3369,1,1.0,doi:10.5492/wjccm.v11.i4.236,10.5492/wjccm.v11.i4.236
person:author:doi:10.5492/wjccm.v11.i4.236:19,person:orcid:0000-0001-7147-2222,1,1.0,doi:10.5492/wjccm.v11.i4.236,10.5492/wjccm.v11.i4.236
person:author:doi:10.5492/wjccm.v11.i4.236:19,person:orcid:0000-0001-8076-9626,1,1.0,doi:10.5492/wjccm.v11.i4.236,10.5492/wjccm.v11.i4.236
person:author:doi:10.5492/wjccm.v11.i4.236:19,person:orcid:0000-0001-9749-1747,1,1.0,doi:10.5492/wjccm.v11.i4.236,10.5492/wjccm.v11.i4.236
person:author:doi:10.5492/wjccm.v11.i4.236:19,person:orcid:0000-0002-0360-3427,1,1.0,doi:10.5492/wjccm.v11.i4.236,10.5492/wjccm.v11.i4.236
person:author:doi:10.5492/wjccm.v11.i4.236:19,person:orcid:0000-0002-1002-2989,1,1.0,doi:10.5492/wjccm.v11.i4.236,10.5492/wjccm.v11.i4.236
person:author:doi:10.5492/wjccm.v11.i4.236:19,person:orcid:0000-0002-2874-8948,1,1.0,doi:10.5492/wjccm.v11.i4.236,10.5492/wjccm.v11.i4.236
person:author:doi:10.5492/wjccm.v11.i4.236:19,person:orcid:0000-0002-2903-1631,1,1.0,doi:10.5492/wjccm.v11.i4.236,10.5492/wjccm.v11.i4.236
person:author:doi:10.5492/wjccm.v11.i4.236:19,person:orcid:0000-0002-6213-5264,1,1.0,doi:10.5492/wjccm.v11.i4.236,10.5492/wjccm.v11.i4.236
person:author:doi:10.5492/wjccm.v11.i4.236:19,person:orcid:0000-0002-6530-5513,1,1.0,doi:10.5492/wjccm.v11.i4.236,10.5492/wjccm.v11.i4.236
person:author:doi:10.5492/wjccm.v11.i4.236:19,person:orcid:0000-0002-7299-6594,1,1.0,doi:10.5492/wjccm.v11.i4.236,10.5492/wjccm.v11.i4.236
person:author:doi:10.5492/wjccm.v11.i4.236:19,person:orcid:0000-0002-8293-7061,1,1.0,doi:10.5492/wjccm.v11.i4.236,10.5492/wjccm.v11.i4.236
person:author:doi:10.5492/wjccm.v11.i4.236:19,person:orcid:0000-0002-9527-0577,1,1.0,doi:10.5492/wjccm.v11.i4.236,10.5492/wjccm.v11.i4.236
person:author:doi:10.5492/wjccm.v11.i4.236:19,person:orcid:0000-0003-0331-5182,1,1.0,doi:10.5492/wjccm.v11.i4.236,10.5492/wjccm.v11.i4.236
person:author:doi:10.5492/wjccm.v11.i4.236:19,person:orcid:0000-0003-1231-1490,1,1.0,doi:10.5492/wjccm.v11.i4.236,10.5492/wjccm.v11.i4.236
person:author:doi:10.5492/wjccm.v11.i4.236:19,person:orcid:0000-0003-3571-3871,1,1.0,doi:10.5492/wjccm.v11.i4.236,10.5492/wjccm.v11.i4.236
person:author:doi:10.5492/wjccm.v11.i4.236:19,person:orcid:0000-0003-3633-6596,1,1.0,doi:10.5492/wjccm.v11.i4.236,10.5492/wjccm.v11.i4.236
person:author:f71bb2323624605d,person:eqmember:17835,1,1.0,doi:10.1016/j.jval.2025.02.001,10.1016/j.jval.2025.02.001
person:author:f71bb2323624605d,person:eqmember:17851,1,1.0,doi:10.1016/j.jval.2025.02.001,10.1016/j.jval.2025.02.001
person:author:f71bb2323624605d,person:openalex:A5012904054,1,1.0,doi:10.1016/j.jval.2025.02.001,10.1016/j.jval.2025.02.001
person:author:f71bb2323624605d,person:openalex:A5026959850,1,1.0,doi:10.1016/j.jval.2025.02.001,10.1016/j.jval.2025.02.001
person:author:f71bb2323624605d,person:openalex:A5028373695,1,1.0,doi:10.1016/j.jval.2025.02.001,10.1016/j.jval.2025.02.001
person:author:f71bb2323624605d,person:openalex:A5039308938,1,1.0,doi:10.1016/j.jval.2025.02.001,10.1016/j.jval.2025.02.001
person:author:f71bb2323624605d,person:openalex:A5052884545,1,1.0,doi:10.1016/j.jval.2025.02.001,10.1016/j.jval.2025.02.001
person:author:f71bb2323624605d,person:openalex:A5101821097,1,1.0,doi:10.1016/j.jval.2025.02.001,10.1016/j.jval.2025.02.001
person:author:f71bb2323624605d,person:openalex:A5115594934,1,1.0,doi:10.1016/j.jval.2025.02.001,10.1016/j.jval.2025.02.001
person:author:f71bb2323624605d,person:orcid:0000-0001-9364-5788,1,1.0,doi:10.1016/j.jval.2025.02.001,10.1016/j.jval.2025.02.001
person:eqmember:17787,person:eqmember:17819,1,1.0,doi:10.1007/s10198-021-01412-y,10.1007/s10198-021-01412-y
person:eqmember:17787,person:eqmember:17837,1,1.0,doi:10.1007/s10198-021-01412-y,10.1007/s10198-021-01412-y
person:eqmember:17787,person:leader:5fdc94f27d8c,1,1.0,doi:10.1186/s12955-024-02305-3,10.1186/s12955-024-02305-3
person:eqmember:17787,person:leader:d9674d98607b,1,1.0,doi:10.1007/s10198-021-01412-y,10.1007/s10198-021-01412-y
person:eqmember:17787,person:openalex:A5008794902,1,1.0,doi:10.1007/s10198-021-01412-y,10.1007/s10198-021-01412-y
person:eqmember:17787,person:openalex:A5032844648,1,1.0,doi:10.1007/s10198-021-01412-y,10.1007/s10198-021-01412-y
person:eqmember:17787,person:openalex:A5050491421,1,1.0,doi:10.1186/s12955-024-02305-3,10.1186/s12955-024-02305-3
person:eqmember:17787,person:openalex:A5072165119,1,1.0,doi:10.1186/s12955-024-02305-3,10.1186/s12955-024-02305-3
person:eqmember:17787,person:orcid:0000-0002-3581-6451,1,1.0,doi:10.1186/s12955-024-02305-3,10.1186/s12955-024-02305-3
person:eqmember:17787,person:orcid:0000-0002-3614-2401,1,1.0,doi:10.1186/s12955-024-02305-3,10.1186/s12955-024-02305-3
person:eqmember:17790,person:eqmember:17819,1,1.0,doi:10.1007/s10198-021-01306-z,10.1007/s10198-021-01306-z
person:eqmember:17790,person:eqmember:17946,1,1.0,doi:10.1007/s10198-021-01306-z,10.1007/s10198-021-01306-z
person:eqmember:17790,person:eqmember:17960,1,1.0,doi:10.1186/s12955-021-01858-x,10.1186/s12955-021-01858-x
person:eqmember:17790,person:eqmember:17998,1,1.0,doi:10.1007/s10198-021-01306-z,10.1007/s10198-021-01306-z
person:eqmember:17790,person:leader:63cb6b329986,1,1.0,doi:10.1007/s10198-021-01306-z,10.1007/s10198-021-01306-z
person:eqmember:17790,person:leader:e448059d8472,1,1.0,doi:10.1186/s12955-021-01858-x,10.1186/s12955-021-01858-x
person:eqmember:17790,person:openalex:A5072547675,1,1.0,doi:10.1007/s10198-021-01306-z,10.1007/s10198-021-01306-z
person:eqmember:17790,person:openalex:A5111788632,1,1.0,doi:10.1007/s10198-021-01306-z,10.1007/s10198-021-01306-z
person:eqmember:17790,person:orcid:0000-0001-9071-2842,1,1.0,doi:10.1007/s10198-021-01306-z,10.1007/s10198-021-01306-z
person:eqmember:17790,person:orcid:0000-0002-0680-7353,1,1.0,doi:10.1007/s10198-021-01306-z,10.1007/s10198-021-01306-z
person:eqmember:17790,person:orcid:0000-0003-0851-8341,1,1.0,doi:10.1007/s10198-021-01306-z,10.1007/s10198-021-01306-z
person:eqmember:17790,person:orcid:0000-0003-4609-3911,1,1.0,doi:10.1007/s10198-021-01306-z,10.1007/s10198-021-01306-z
person:eqmember:17791,person:eqmember:17823,1,1.0,doi:10.1177/0272989x251380556,10.1177/0272989x251380556
person:eqmember:17791,person:eqmember:17829,1,1.0,doi:10.1186/s12955-020-01410-3,10.1186/s12955-020-01410-3
person:eqmember:17791,person:eqmember:17845,1,1.0,doi:10.1007/s11136-024-03875-x,10.1007/s11136-024-03875-x
person:eqmember:17791,person:eqmember:17946,1,1.0,doi:10.1177/0272989x251380556,10.1177/0272989x251380556
person:eqmember:17791,person:leader:78acf91f717f,1,1.0,doi:10.1007/s11136-024-03875-x,10.1007/s11136-024-03875-x
person:eqmember:17791,person:openalex:A5031125763,1,1.0,doi:10.1007/s11136-024-03875-x,10.1007/s11136-024-03875-x
person:eqmember:17791,person:openalex:A5090671455,1,1.0,doi:10.1007/s11136-024-03875-x,10.1007/s11136-024-03875-x
person:eqmember:17791,person:openalex:A5111900822,1,1.0,doi:10.1177/0272989x251380556,10.1177/0272989x251380556
person:eqmember:17791,person:orcid:0009-0005-5260-4652,1,1.0,doi:10.1177/0272989x251380556,10.1177/0272989x251380556
person:eqmember:17795,person:eqmember:18012,1,1.0,doi:10.1016/j.jval.2024.11.006,10.1016/j.jval.2024.11.006
person:eqmember:17795,person:leader:e441983c0a65,1,1.0,doi:10.1007/s11136-024-03618-y,10.1007/s11136-024-03618-y
person:eqmember:17795,person:openalex:A5032068645,1,1.0,doi:10.1002/hsr2.70308,10.1002/hsr2.70308
person:eqmember:17795,person:openalex:A5040717022,1,1.0,doi:10.1186/s12955-023-02207-w,10.1186/s12955-023-02207-w
person:eqmember:17795,person:openalex:A5058639972,1,1.0,doi:10.1186/s12955-023-02207-w,10.1186/s12955-023-02207-w
person:eqmember:17795,person:openalex:A5085348599,1,1.0,doi:10.1016/j.jval.2024.11.006,10.1016/j.jval.2024.11.006
person:eqmember:17795,person:openalex:A5108712913,1,1.0,doi:10.1002/hsr2.70308,10.1002/hsr2.70308
person:eqmember:17795,person:orcid:0000-0001-9364-5788,1,1.0,doi:10.1136/bmjopen-2024-097598,10.1136/bmjopen-2024-097598
person:eqmember:17795,person:orcid:0000-0002-6143-1555,1,1.0,doi:10.1002/hsr2.70308,10.1002/hsr2.70308
person:eqmember:17795,person:orcid:0000-0003-2802-2810,1,1.0,doi:10.1186/s12955-023-02207-w,10.1186/s12955-023-02207-w
person:eqmember:17795,person:orcid:0000-0003-4380-620x,1,1.0,doi:10.1136/bmjopen-2024-097598,10.1136/bmjopen-2024-097598
person:eqmember:17797,person:eqmember:17855,1,1.0,doi:10.1007/s11136-021-03075-x,10.1007/s11136-021-03075-x
person:eqmember:17797,person:eqmember:17875,1,1.0,doi:10.1007/s11136-021-03075-x,10.1007/s11136-021-03075-x
person:eqmember:17797,person:eqmember:17940,1,1.0,doi:10.1007/s11136-021-03075-x,10.1007/s11136-021-03075-x
person:eqmember:17797,person:eqmember:17944,1,1.0,doi:10.1007/s11136-021-03075-x,10.1007/s11136-021-03075-x
person:eqmember:17797,person:eqmember:18019,1,1.0,doi:10.1007/s11136-021-03075-x,10.1007/s11136-021-03075-x
person:eqmember:17797,person:leader:09fa3c498378,1,1.0,doi:10.1007/s11136-021-03075-x,10.1007/s11136-021-03075-x
person:eqmember:17797,person:leader:31a5417532b0,1,1.0,doi:10.1007/s11136-021-03075-x,10.1007/s11136-021-03075-x
person:eqmember:17797,person:leader:53444d26184b,1,1.0,doi:10.1007/s11136-021-03075-x,10.1007/s11136-021-03075-x
person:eqmember:17797,person:leader:ad6bbe401f11,1,1.0,doi:10.1007/s11136-021-03075-x,10.1007/s11136-021-03075-x
person:eqmember:17797,person:leader:c776fcba6574,1,1.0,doi:10.1007/s11136-021-03075-x,10.1007/s11136-021-03075-x
person:eqmember:17797,person:orcid:0000-0001-6962-0564,1,1.0,doi:10.1007/s11136-021-03075-x,10.1007/s11136-021-03075-x
person:eqmember:17797,person:orcid:0000-0002-0177-0192,1,1.0,doi:10.1007/s11136-021-03075-x,10.1007/s11136-021-03075-x
person:eqmember:17797,person:orcid:0000-0002-4749-5536,1,1.0,doi:10.1007/s11136-021-03075-x,10.1007/s11136-021-03075-x
person:eqmember:17797,person:orcid:0000-0002-6891-2650,1,1.0,doi:10.1007/s11136-021-03075-x,10.1007/s11136-021-03075-x
person:eqmember:17799,person:eqmember:17807,1,1.0,doi:10.1007/s10198-018-0993-z,10.1007/s10198-018-0993-z
person:eqmember:17799,person:eqmember:17833,1,1.0,doi:10.1007/s11136-022-03304-x,10.1007/s11136-022-03304-x
person:eqmember:17799,person:eqmember:17885,1,1.0,doi:10.1007/s11136-022-03304-x,10.1007/s11136-022-03304-x
person:eqmember:17799,person:eqmember:17901,1,1.0,doi:10.1007/s10198-018-0993-z,10.1007/s10198-018-0993-z
person:eqmember:17799,person:eqmember:17937,1,1.0,doi:10.1007/s11136-022-03304-x,10.1007/s11136-022-03304-x
person:eqmember:17799,person:leader:e448059d8472,1,1.0,doi:10.1007/s11136-022-03304-x,10.1007/s11136-022-03304-x
person:eqmember:17799,person:orcid:0000-0001-6241-0249,1,1.0,doi:10.1007/s10198-018-0993-z,10.1007/s10198-018-0993-z
person:eqmember:17803,person:eqmember:17998,1,1.0,doi:10.1016/j.jval.2025.04.2168,10.1016/j.jval.2025.04.2168
person:eqmember:17803,person:eqmember:21677,1,1.0,doi:10.1016/j.jval.2025.04.2168,10.1016/j.jval.2025.04.2168
person:eqmember:17803,person:orcid:0000-0002-1336-5899,1,1.0,doi:10.1007/s11136-026-04229-5,10.1007/s11136-026-04229-5
person:eqmember:17803,person:orcid:0000-0002-2130-4420,1,1.0,doi:10.1007/s11136-026-04229-5,10.1007/s11136-026-04229-5
person:eqmember:17803,person:orcid:0000-0002-6359-8797,1,1.0,doi:10.1007/s12311-024-01657-2,10.1007/s12311-024-01657-2
person:eqmember:17803,person:orcid:0000-0003-1351-9170,1,1.0,doi:10.1007/s11136-026-04229-5,10.1007/s11136-026-04229-5
person:eqmember:17805,person:eqmember:17807,1,1.0,doi:10.1016/j.jval.2025.07.016,10.1016/j.jval.2025.07.016
person:eqmember:17805,person:eqmember:17817,1,1.0,doi:10.1016/j.jval.2025.05.014,10.1016/j.jval.2025.05.014
person:eqmember:17805,person:eqmember:17847,1,1.0,doi:10.1016/j.jval.2025.01.003,10.1016/j.jval.2025.01.003
person:eqmember:17805,person:eqmember:17851,1,1.0,doi:10.1016/j.jval.2025.07.016,10.1016/j.jval.2025.07.016
person:eqmember:17805,person:eqmember:17873,1,1.0,doi:10.1007/s10198-025-01852-w,10.1007/s10198-025-01852-w
person:eqmember:17805,person:eqmember:17875,1,1.0,doi:10.1007/s40273-022-01210-1,10.1007/s40273-022-01210-1
person:eqmember:17805,person:eqmember:17893,1,1.0,doi:10.1016/j.jval.2025.07.016,10.1016/j.jval.2025.07.016
person:eqmember:17805,person:eqmember:17922,1,1.0,doi:10.1007/s40273-024-01404-9,10.1007/s40273-024-01404-9
person:eqmember:17805,person:eqmember:17934,1,1.0,doi:10.1177/0272989x261446644,10.1177/0272989x261446644
person:eqmember:17805,person:eqmember:17956,1,1.0,doi:10.1007/s41669-023-00437-8,10.1007/s41669-023-00437-8
person:eqmember:17805,person:eqmember:17992,1,1.0,doi:10.1007/s10198-025-01857-5,10.1007/s10198-025-01857-5
person:eqmember:17805,person:eqmember:18019,1,1.0,doi:10.1016/j.jval.2025.07.016,10.1016/j.jval.2025.07.016
person:eqmember:17805,person:leader:33ce5d686145,1,1.0,doi:10.1007/s40273-025-01476-1,10.1007/s40273-025-01476-1
person:eqmember:17805,person:leader:35b2f2d48116,1,1.0,doi:10.1016/j.jval.2025.05.014,10.1016/j.jval.2025.05.014
person:eqmember:17805,person:leader:4fa690feeeb8,1,1.0,doi:10.1016/j.socscimed.2021.114519,10.1016/j.socscimed.2021.114519
person:eqmember:17805,person:leader:82320ccd878a,1,1.0,doi:10.1007/s40273-024-01404-9,10.1007/s40273-024-01404-9
person:eqmember:17805,person:leader:c9be2e978859,1,1.0,doi:10.1007/s40273-024-01404-9,10.1007/s40273-024-01404-9
person:eqmember:17805,person:leader:da1bac7dcc2d,1,1.0,doi:10.1007/s41669-023-00437-8,10.1007/s41669-023-00437-8
person:eqmember:17805,person:leader:e441983c0a65,1,1.0,doi:10.1016/j.jval.2025.07.016,10.1016/j.jval.2025.07.016
person:eqmember:17805,person:leader:f6aec8a6037d,1,1.0,doi:10.1007/s11136-025-03930-1,10.1007/s11136-025-03930-1
person:eqmember:17805,person:leader:fbb9eb69f451,1,1.0,doi:10.1007/s40273-022-01210-1,10.1007/s40273-022-01210-1
person:eqmember:17805,person:leader:fc07b6540d1a,1,1.0,doi:10.1016/j.socscimed.2021.114519,10.1016/j.socscimed.2021.114519
person:eqmember:17805,person:openalex:A5001502711,1,1.0,doi:10.1016/j.jval.2025.01.003,10.1016/j.jval.2025.01.003
person:eqmember:17805,person:openalex:A5014702512,1,1.0,doi:10.1007/s11136-025-03930-1,10.1007/s11136-025-03930-1
person:eqmember:17805,person:openalex:A5053892909,1,1.0,doi:10.1016/j.jval.2025.01.003,10.1016/j.jval.2025.01.003
person:eqmember:17805,person:openalex:A5063736885,1,1.0,doi:10.1016/j.jval.2025.01.003,10.1016/j.jval.2025.01.003
person:eqmember:17805,person:openalex:A5075263122,1,1.0,doi:10.1016/j.jval.2025.01.003,10.1016/j.jval.2025.01.003
person:eqmember:17805,person:openalex:A5077201683,1,1.0,doi:10.1016/j.jval.2025.01.003,10.1016/j.jval.2025.01.003
person:eqmember:17805,person:openalex:A5111188223,1,1.0,doi:10.1016/j.jval.2025.01.003,10.1016/j.jval.2025.01.003
person:eqmember:17805,person:openalex:A5111246879,1,1.0,doi:10.1007/s40273-024-01404-9,10.1007/s40273-024-01404-9
person:eqmember:17805,person:openalex:A5116048522,1,1.0,doi:10.1016/j.jval.2025.01.003,10.1016/j.jval.2025.01.003
person:eqmember:17805,person:openalex:A5116048523,1,1.0,doi:10.1016/j.jval.2025.01.003,10.1016/j.jval.2025.01.003
person:eqmember:17805,person:openalex:A5122911844,1,1.0,doi:10.1007/s11136-025-04145-0,10.1007/s11136-025-04145-0
person:eqmember:17805,person:orcid:0000-0001-9502-4678,1,1.0,doi:10.1007/s40273-021-01100-y,10.1007/s40273-021-01100-y
person:eqmember:17805,person:orcid:0000-0001-9610-8507,1,1.0,doi:10.1007/s11136-025-03930-1,10.1007/s11136-025-03930-1
person:eqmember:17805,person:orcid:0000-0002-0113-6917,1,1.0,doi:10.1007/s40273-025-01476-1,10.1007/s40273-025-01476-1
person:eqmember:17805,person:orcid:0000-0002-0484-1419,1,1.0,doi:10.1007/s11136-017-1512-x,10.1007/s11136-017-1512-x
person:eqmember:17805,person:orcid:0000-0002-0918-7540,1,1.0,doi:10.1007/s40273-025-01476-1,10.1007/s40273-025-01476-1
person:eqmember:17805,person:orcid:0000-0002-1433-818x,1,1.0,doi:10.1007/s40273-024-01404-9,10.1007/s40273-024-01404-9
person:eqmember:17805,person:orcid:0000-0002-2862-2990,1,1.0,doi:10.1016/j.socscimed.2021.114519,10.1016/j.socscimed.2021.114519
person:eqmember:17805,person:orcid:0000-0002-3405-6577,1,1.0,doi:10.1007/s11136-025-03930-1,10.1007/s11136-025-03930-1
person:eqmember:17805,person:orcid:0000-0002-3797-949x,1,1.0,doi:10.1007/s40273-024-01404-9,10.1007/s40273-024-01404-9
person:eqmember:17805,person:orcid:0000-0002-5416-5658,1,1.0,doi:10.1007/s11136-025-03930-1,10.1007/s11136-025-03930-1
person:eqmember:17805,person:orcid:0000-0002-6048-521x,1,1.0,doi:10.1016/j.jval.2025.05.014,10.1016/j.jval.2025.05.014
person:eqmember:17805,person:orcid:0000-0002-7797-4722,1,1.0,doi:10.1007/s11136-025-03930-1,10.1007/s11136-025-03930-1
person:eqmember:17805,person:orcid:0000-0002-8756-8699,1,1.0,doi:10.1007/s40273-024-01404-9,10.1007/s40273-024-01404-9
person:eqmember:17805,person:orcid:0000-0002-9853-1592,1,1.0,doi:10.1007/s11136-025-03930-1,10.1007/s11136-025-03930-1
person:eqmember:17805,person:orcid:0000-0003-0221-9914,1,1.0,doi:10.1007/s11136-025-03930-1,10.1007/s11136-025-03930-1
person:eqmember:17805,person:orcid:0000-0003-3550-990x,1,1.0,doi:10.1007/s40273-025-01476-1,10.1007/s40273-025-01476-1
person:eqmember:17805,person:orcid:0000-0003-3621-1339,1,1.0,doi:10.1007/s11136-025-03930-1,10.1007/s11136-025-03930-1
person:eqmember:17805,person:orcid:0000-0003-3941-4553,1,1.0,doi:10.1007/s41669-023-00437-8,10.1007/s41669-023-00437-8
person:eqmember:17805,person:orcid:0000-0003-4793-9026,1,1.0,doi:10.1007/s40273-024-01404-9,10.1007/s40273-024-01404-9
person:eqmember:17807,person:eqmember:17827,1,1.0,doi:10.1007/s40271-025-00735-9,10.1007/s40271-025-00735-9
person:eqmember:17807,person:eqmember:17829,1,1.0,doi:10.1007/s11136-025-03983-2,10.1007/s11136-025-03983-2
person:eqmember:17807,person:eqmember:17831,1,1.0,doi:10.1007/s11136-025-03983-2,10.1007/s11136-025-03983-2
person:eqmember:17807,person:eqmember:17837,1,1.0,doi:10.1016/j.jval.2018.05.002,10.1016/j.jval.2018.05.002
person:eqmember:17807,person:eqmember:17839,1,1.0,doi:10.1007/s11136-025-03983-2,10.1007/s11136-025-03983-2
person:eqmember:17807,person:eqmember:17847,1,1.0,doi:10.1007/s11136-025-03983-2,10.1007/s11136-025-03983-2
person:eqmember:17807,person:eqmember:17851,1,1.0,doi:10.1016/j.jval.2025.07.016,10.1016/j.jval.2025.07.016
person:eqmember:17807,person:eqmember:17855,1,1.0,doi:10.1007/s11136-025-03983-2,10.1007/s11136-025-03983-2
person:eqmember:17807,person:eqmember:17867,1,1.0,doi:10.1007/s11136-025-03983-2,10.1007/s11136-025-03983-2
person:eqmember:17807,person:eqmember:17879,1,1.0,doi:10.1007/s11136-025-03983-2,10.1007/s11136-025-03983-2
person:eqmember:17807,person:eqmember:17930,1,1.0,doi:10.1016/j.jval.2018.05.002,10.1016/j.jval.2018.05.002
person:eqmember:17807,person:eqmember:17936,1,1.0,doi:10.1007/s11136-025-03983-2,10.1007/s11136-025-03983-2
person:eqmember:17807,person:eqmember:17954,1,1.0,doi:10.1007/s11136-025-03983-2,10.1007/s11136-025-03983-2
person:eqmember:17807,person:eqmember:17960,1,1.0,doi:10.1016/j.jval.2018.05.002,10.1016/j.jval.2018.05.002
person:eqmember:17807,person:eqmember:17984,1,1.0,doi:10.1016/j.jval.2025.09.009,10.1016/j.jval.2025.09.009
person:eqmember:17807,person:eqmember:18004,1,1.0,doi:10.1007/s11136-025-03983-2,10.1007/s11136-025-03983-2
person:eqmember:17807,person:eqmember:18008,1,1.0,doi:10.1007/s11136-025-03983-2,10.1007/s11136-025-03983-2
person:eqmember:17807,person:eqmember:18010,1,1.0,doi:10.1016/j.jval.2018.05.002,10.1016/j.jval.2018.05.002
person:eqmember:17807,person:eqmember:19003,1,1.0,doi:10.1016/j.jval.2025.05.015,10.1016/j.jval.2025.05.015
person:eqmember:17807,person:eqmember:21677,1,1.0,doi:10.1007/s40271-024-00715-5,10.1007/s40271-024-00715-5
person:eqmember:17807,person:leader:22c287b45ebd,1,1.0,doi:10.1007/s11136-026-04230-y,10.1007/s11136-026-04230-y
person:eqmember:17807,person:leader:33e259cba916,1,1.0,doi:10.1007/s11136-026-04230-y,10.1007/s11136-026-04230-y
person:eqmember:17807,person:leader:3a021deb0a29,1,1.0,doi:10.1016/j.vhri.2024.101045,10.1016/j.vhri.2024.101045
person:eqmember:17807,person:leader:606823d7ed51,1,1.0,doi:10.1016/j.jval.2025.05.015,10.1016/j.jval.2025.05.015
person:eqmember:17807,person:leader:63cb6b329986,1,1.0,doi:10.1007/s11136-026-04230-y,10.1007/s11136-026-04230-y
person:eqmember:17807,person:leader:db0cd1478ab2,1,1.0,doi:10.1007/s11136-026-04315-8,10.1007/s11136-026-04315-8
person:eqmember:17807,person:leader:e26a260838e7,1,1.0,doi:10.1007/s40273-025-01509-9,10.1007/s40273-025-01509-9
person:eqmember:17807,person:leader:e441983c0a65,1,1.0,doi:10.1016/j.jval.2025.07.016,10.1016/j.jval.2025.07.016
person:eqmember:17807,person:openalex:A5037261695,1,1.0,doi:10.1016/j.jval.2018.05.002,10.1016/j.jval.2018.05.002
person:eqmember:17807,person:openalex:A5047192551,1,1.0,doi:10.1016/j.vhri.2024.101045,10.1016/j.vhri.2024.101045
person:eqmember:17807,person:openalex:A5069811479,1,1.0,doi:10.1016/j.jval.2025.09.009,10.1016/j.jval.2025.09.009
person:eqmember:17807,person:openalex:A5075516243,1,1.0,doi:10.1136/archdischild-2025-329475,10.1136/archdischild-2025-329475
person:eqmember:17807,person:openalex:A5080066908,1,1.0,doi:10.1136/archdischild-2025-329475,10.1136/archdischild-2025-329475
person:eqmember:17807,person:openalex:A5086528283,1,1.0,doi:10.1007/s40273-024-01355-1,10.1007/s40273-024-01355-1
person:eqmember:17807,person:openalex:A5091770714,1,1.0,doi:10.1016/j.vhri.2024.101045,10.1016/j.vhri.2024.101045
person:eqmember:17807,person:openalex:A5093786284,1,1.0,doi:10.1136/archdischild-2025-329475,10.1136/archdischild-2025-329475
person:eqmember:17807,person:openalex:A5130590408,1,1.0,doi:10.1136/archdischild-2025-329475,10.1136/archdischild-2025-329475
person:eqmember:17807,person:openalex:A5130602985,1,1.0,doi:10.1136/archdischild-2025-329475,10.1136/archdischild-2025-329475
person:eqmember:17807,person:openalex:A5132705166,1,1.0,doi:10.1007/s11136-026-04230-y,10.1007/s11136-026-04230-y
person:eqmember:17807,person:orcid:0000-0001-6121-5409,1,1.0,doi:10.1007/s11136-026-04230-y,10.1007/s11136-026-04230-y
person:eqmember:17807,person:orcid:0000-0001-6159-2482,1,1.0,doi:10.1007/s40273-021-01109-3,10.1007/s40273-021-01109-3
person:eqmember:17807,person:orcid:0000-0001-6241-0249,1,1.0,doi:10.1007/s10198-018-0993-z,10.1007/s10198-018-0993-z
person:eqmember:17807,person:orcid:0000-0001-7335-4852,1,1.0,doi:10.1007/s40273-025-01509-9,10.1007/s40273-025-01509-9
person:eqmember:17807,person:orcid:0000-0002-0122-0123,1,1.0,doi:10.1007/s11136-026-04230-y,10.1007/s11136-026-04230-y
person:eqmember:17807,person:orcid:0000-0002-3531-0389,1,1.0,doi:10.1007/s11136-024-03817-7,10.1007/s11136-024-03817-7
person:eqmember:17807,person:orcid:0000-0002-4832-7833,1,1.0,doi:10.1016/j.jval.2018.05.002,10.1016/j.jval.2018.05.002
person:eqmember:17807,person:orcid:0000-0002-5599-2209,1,1.0,doi:10.1007/s40273-024-01355-1,10.1007/s40273-024-01355-1
person:eqmember:17807,person:orcid:0000-0002-5692-8882,1,1.0,doi:10.1136/archdischild-2025-329475,10.1136/archdischild-2025-329475
person:eqmember:17807,person:orcid:0000-0002-7142-3364,1,1.0,doi:10.1007/s11136-025-03983-2,10.1007/s11136-025-03983-2
person:eqmember:17807,person:orcid:0000-0003-1988-1250,1,1.0,doi:10.1007/s11136-024-03817-7,10.1007/s11136-024-03817-7
person:eqmember:17807,person:orcid:0000-0003-2359-6823,1,1.0,doi:10.1007/s11136-023-03372-7,10.1007/s11136-023-03372-7
person:eqmember:17807,person:orcid:0000-0003-3897-2908,1,1.0,doi:10.1007/s11136-026-04230-y,10.1007/s11136-026-04230-y
person:eqmember:17807,person:orcid:0000-0003-4780-8333,1,1.0,doi:10.1007/s40271-023-00647-6,10.1007/s40271-023-00647-6
person:eqmember:17807,person:orcid:0009-0000-4173-3487,1,1.0,doi:10.1007/s40271-025-00735-9,10.1007/s40271-025-00735-9
person:eqmember:17811,person:eqmember:17944,1,1.0,doi:10.1186/s12955-023-02177-z,10.1186/s12955-023-02177-z
person:eqmember:17811,person:openalex:A5011128673,1,1.0,doi:10.1186/s12955-023-02177-z,10.1186/s12955-023-02177-z
person:eqmember:17811,person:openalex:A5012652576,1,1.0,doi:10.1186/s12955-023-02177-z,10.1186/s12955-023-02177-z
person:eqmember:17811,person:openalex:A5102432342,1,1.0,doi:10.1186/s12955-023-02177-z,10.1186/s12955-023-02177-z
person:eqmember:17811,person:openalex:A5109630235,1,1.0,doi:10.1186/s12955-023-02177-z,10.1186/s12955-023-02177-z
person:eqmember:17811,person:openalex:A5111023994,1,1.0,doi:10.1186/s12955-023-02177-z,10.1186/s12955-023-02177-z
person:eqmember:17811,person:orcid:0000-0001-7536-8481,1,1.0,doi:10.1186/s12955-023-02177-z,10.1186/s12955-023-02177-z
person:eqmember:17811,person:orcid:0000-0002-2592-8310,1,1.0,doi:10.1186/s12955-023-02177-z,10.1186/s12955-023-02177-z
person:eqmember:17811,person:orcid:0000-0002-9362-0086,1,1.0,doi:10.1186/s12955-023-02177-z,10.1186/s12955-023-02177-z
person:eqmember:17811,person:orcid:0000-0003-4196-8686,1,1.0,doi:10.1186/s12955-023-02177-z,10.1186/s12955-023-02177-z
person:eqmember:17815,person:eqmember:17823,1,1.0,doi:10.1002/hec.4863,10.1002/hec.4863
person:eqmember:17815,person:eqmember:17946,1,1.0,doi:10.1002/hec.4863,10.1002/hec.4863
person:eqmember:17817,person:leader:8b1b3321c511,1,1.0,doi:10.1007/s40258-021-00639-3,10.1007/s40258-021-00639-3
person:eqmember:17817,person:orcid:0000-0002-8222-0781,1,1.0,doi:10.1007/s40258-021-00639-3,10.1007/s40258-021-00639-3
person:eqmember:17817,person:orcid:0000-0002-9455-0104,1,1.0,doi:10.1007/s40258-021-00639-3,10.1007/s40258-021-00639-3
person:eqmember:17819,person:eqmember:17833,1,1.0,doi:10.1007/s10198-021-01306-z,10.1007/s10198-021-01306-z
person:eqmember:17819,person:eqmember:17837,1,1.0,doi:10.1007/s10198-021-01412-y,10.1007/s10198-021-01412-y
person:eqmember:17819,person:eqmember:17849,1,1.0,doi:10.1186/s12955-026-02581-1,10.1186/s12955-026-02581-1
person:eqmember:17819,person:eqmember:17930,1,1.0,doi:10.1186/s12955-026-02581-1,10.1186/s12955-026-02581-1
person:eqmember:17819,person:eqmember:17988,1,1.0,doi:10.1016/j.jval.2024.03.002,10.1016/j.jval.2024.03.002
person:eqmember:17819,person:eqmember:18010,1,1.0,doi:10.12688/wellcomeopenres.21408.2,10.12688/wellcomeopenres.21408.2
person:eqmember:17819,person:eqmember:19030,1,1.0,doi:10.1016/j.jval.2024.03.002,10.1016/j.jval.2024.03.002
person:eqmember:17819,person:leader:320b99af03c2,1,1.0,doi:10.1186/s12955-026-02581-1,10.1186/s12955-026-02581-1
person:eqmember:17819,person:leader:d9674d98607b,1,1.0,doi:10.1007/s10198-021-01412-y,10.1007/s10198-021-01412-y
person:eqmember:17819,person:leader:dd5e12d302df,1,1.0,doi:10.1186/s12955-026-02581-1,10.1186/s12955-026-02581-1
person:eqmember:17819,person:openalex:A5008674497,1,1.0,doi:10.1186/s12955-026-02581-1,10.1186/s12955-026-02581-1
person:eqmember:17819,person:openalex:A5008794902,1,1.0,doi:10.1007/s10198-021-01412-y,10.1007/s10198-021-01412-y
person:eqmember:17819,person:openalex:A5025255902,1,1.0,doi:10.1016/j.jval.2024.12.003,10.1016/j.jval.2024.12.003
person:eqmember:17819,person:openalex:A5032844648,1,1.0,doi:10.1007/s10198-021-01412-y,10.1007/s10198-021-01412-y
person:eqmember:17819,person:openalex:A5072547675,1,1.0,doi:10.1007/s10198-021-01306-z,10.1007/s10198-021-01306-z
person:eqmember:17819,person:openalex:A5111788632,1,1.0,doi:10.1007/s10198-021-01306-z,10.1007/s10198-021-01306-z
person:eqmember:17819,person:orcid:0000-0001-7472-2039,1,1.0,doi:10.1186/s12955-026-02578-w,10.1186/s12955-026-02578-w
person:eqmember:17819,person:orcid:0000-0001-9071-2842,1,1.0,doi:10.1007/s10198-021-01306-z,10.1007/s10198-021-01306-z
person:eqmember:17819,person:orcid:0000-0002-0680-7353,1,1.0,doi:10.1007/s10198-021-01306-z,10.1007/s10198-021-01306-z
person:eqmember:17819,person:orcid:0000-0002-2485-505x,1,1.0,doi:10.1007/s10198-021-01412-y,10.1007/s10198-021-01412-y
person:eqmember:17819,person:orcid:0000-0003-0851-8341,1,1.0,doi:10.1007/s10198-021-01306-z,10.1007/s10198-021-01306-z
person:eqmember:17821,person:eqmember:17893,1,1.0,doi:10.1177/0272989x21999607,10.1177/0272989x21999607
person:eqmember:17821,person:eqmember:17905,1,1.0,doi:10.1007/s40273-022-01143-9,10.1007/s40273-022-01143-9
person:eqmember:17821,person:eqmember:17960,1,1.0,doi:10.1177/0272989x21999607,10.1177/0272989x21999607
person:eqmember:17821,person:eqmember:18010,1,1.0,doi:10.1007/s40273-022-01143-9,10.1007/s40273-022-01143-9
person:eqmember:17821,person:leader:0a4ba2690908,1,1.0,doi:10.1007/s40273-025-01545-5,10.1007/s40273-025-01545-5
person:eqmember:17821,person:openalex:A5074077987,1,1.0,doi:10.1007/s40273-025-01545-5,10.1007/s40273-025-01545-5
person:eqmember:17821,person:orcid:0000-0002-2791-9960,1,1.0,doi:10.1007/s40273-025-01545-5,10.1007/s40273-025-01545-5
person:eqmember:17821,person:orcid:0000-0002-4832-7833,1,1.0,doi:10.1007/s40273-022-01143-9,10.1007/s40273-022-01143-9
person:eqmember:17823,person:openalex:A5111900822,1,1.0,doi:10.1177/0272989x251380556,10.1177/0272989x251380556
person:eqmember:17823,person:orcid:0009-0005-5260-4652,1,1.0,doi:10.1177/0272989x251380556,10.1177/0272989x251380556
person:eqmember:17827,person:eqmember:17924,1,1.0,doi:10.1007/s40271-025-00735-9,10.1007/s40271-025-00735-9
person:eqmember:17827,person:eqmember:17974,1,1.0,doi:10.1007/s40271-025-00735-9,10.1007/s40271-025-00735-9
person:eqmember:17827,person:eqmember:17976,1,1.0,doi:10.1007/s40271-025-00735-9,10.1007/s40271-025-00735-9
person:eqmember:17827,person:orcid:0009-0000-4173-3487,1,1.0,doi:10.1007/s40271-025-00735-9,10.1007/s40271-025-00735-9
person:eqmember:17829,person:eqmember:17831,1,1.0,doi:10.1007/s11136-025-03983-2,10.1007/s11136-025-03983-2
person:eqmember:17829,person:eqmember:17839,1,1.0,doi:10.1007/s11136-025-03983-2,10.1007/s11136-025-03983-2
person:eqmember:17829,person:eqmember:17847,1,1.0,doi:10.1007/s11136-025-03983-2,10.1007/s11136-025-03983-2
person:eqmember:17829,person:eqmember:17855,1,1.0,doi:10.1007/s11136-025-03983-2,10.1007/s11136-025-03983-2
person:eqmember:17829,person:eqmember:17867,1,1.0,doi:10.1007/s11136-025-03983-2,10.1007/s11136-025-03983-2
person:eqmember:17829,person:eqmember:17877,1,1.0,doi:10.1186/s12955-020-01410-3,10.1186/s12955-020-01410-3
person:eqmember:17829,person:eqmember:17879,1,1.0,doi:10.1007/s11136-025-03983-2,10.1007/s11136-025-03983-2
person:eqmember:17829,person:eqmember:17881,1,1.0,doi:10.1186/s12955-020-01410-3,10.1186/s12955-020-01410-3
person:eqmember:17829,person:eqmember:17893,1,1.0,doi:10.1007/s11136-025-03983-2,10.1007/s11136-025-03983-2
person:eqmember:17829,person:eqmember:17936,1,1.0,doi:10.1007/s11136-025-03983-2,10.1007/s11136-025-03983-2
person:eqmember:17829,person:eqmember:17954,1,1.0,doi:10.1007/s11136-025-03983-2,10.1007/s11136-025-03983-2
person:eqmember:17829,person:eqmember:17976,1,1.0,doi:10.1007/s11136-025-03983-2,10.1007/s11136-025-03983-2
person:eqmember:17829,person:eqmember:18004,1,1.0,doi:10.1007/s11136-025-03983-2,10.1007/s11136-025-03983-2
person:eqmember:17829,person:eqmember:18008,1,1.0,doi:10.1007/s11136-025-03983-2,10.1007/s11136-025-03983-2
person:eqmember:17829,person:eqmember:18019,1,1.0,doi:10.1007/s11136-025-03983-2,10.1007/s11136-025-03983-2
person:eqmember:17829,person:eqmember:19005,1,1.0,doi:10.1007/s11136-025-03983-2,10.1007/s11136-025-03983-2
person:eqmember:17829,person:orcid:0000-0002-7142-3364,1,1.0,doi:10.1007/s11136-025-03983-2,10.1007/s11136-025-03983-2
person:eqmember:17831,person:eqmember:17839,1,1.0,doi:10.1007/s11136-025-03983-2,10.1007/s11136-025-03983-2
person:eqmember:17831,person:eqmember:17841,1,1.0,doi:10.1016/j.jval.2020.03.019,10.1016/j.jval.2020.03.019
person:eqmember:17831,person:eqmember:17845,1,1.0,doi:10.1016/j.jval.2020.03.019,10.1016/j.jval.2020.03.019
person:eqmember:17831,person:eqmember:17847,1,1.0,doi:10.1007/s11136-025-03983-2,10.1007/s11136-025-03983-2
person:eqmember:17831,person:eqmember:17849,1,1.0,doi:10.1017/s0266462326103602,10.1017/s0266462326103602
person:eqmember:17831,person:eqmember:17861,1,1.0,doi:10.1007/s40273-022-01172-4,10.1007/s40273-022-01172-4
person:eqmember:17831,person:eqmember:17867,1,1.0,doi:10.1007/s11136-025-03983-2,10.1007/s11136-025-03983-2
person:eqmember:17831,person:eqmember:17869,1,1.0,doi:10.1007/s40273-022-01172-4,10.1007/s40273-022-01172-4
person:eqmember:17831,person:eqmember:17879,1,1.0,doi:10.1007/s11136-025-03983-2,10.1007/s11136-025-03983-2
person:eqmember:17831,person:eqmember:17893,1,1.0,doi:10.1007/s11136-025-03983-2,10.1007/s11136-025-03983-2
person:eqmember:17831,person:eqmember:17897,1,1.0,doi:10.1017/s0266462326103602,10.1017/s0266462326103602
person:eqmember:17831,person:eqmember:17916,1,1.0,doi:10.1017/s0266462326103602,10.1017/s0266462326103602
person:eqmember:17831,person:eqmember:17918,1,1.0,doi:10.1017/s0266462326103602,10.1017/s0266462326103602
person:eqmember:17831,person:eqmember:17934,1,1.0,doi:10.1007/s40273-019-00811-7,10.1007/s40273-019-00811-7
person:eqmember:17831,person:eqmember:17936,1,1.0,doi:10.1007/s11136-025-03983-2,10.1007/s11136-025-03983-2
person:eqmember:17831,person:eqmember:17944,1,1.0,doi:10.1017/s0266462326103602,10.1017/s0266462326103602
person:eqmember:17831,person:eqmember:17952,1,1.0,doi:10.1017/s0266462326103602,10.1017/s0266462326103602
person:eqmember:17831,person:eqmember:17954,1,1.0,doi:10.1007/s11136-025-03983-2,10.1007/s11136-025-03983-2
person:eqmember:17831,person:eqmember:17966,1,1.0,doi:10.1017/s0266462326103602,10.1017/s0266462326103602
person:eqmember:17831,person:eqmember:17988,1,1.0,doi:10.1016/j.jval.2020.03.019,10.1016/j.jval.2020.03.019
person:eqmember:17831,person:eqmember:18004,1,1.0,doi:10.1007/s11136-025-03983-2,10.1007/s11136-025-03983-2
person:eqmember:17831,person:eqmember:18008,1,1.0,doi:10.1007/s11136-025-03983-2,10.1007/s11136-025-03983-2
person:eqmember:17831,person:eqmember:18019,1,1.0,doi:10.1007/s11136-025-03983-2,10.1007/s11136-025-03983-2
person:eqmember:17831,person:eqmember:19179,1,1.0,doi:10.1016/j.jval.2020.03.019,10.1016/j.jval.2020.03.019
person:eqmember:17831,person:leader:da2b6bcaceb6,1,1.0,doi:10.1017/s0266462326103602,10.1017/s0266462326103602
person:eqmember:17831,person:openalex:A5013644553,1,1.0,doi:10.1007/s40273-019-00811-7,10.1007/s40273-019-00811-7
person:eqmember:17831,person:openalex:A5024974446,1,1.0,doi:10.1016/j.jval.2022.05.013,10.1016/j.jval.2022.05.013
person:eqmember:17831,person:openalex:A5026503701,1,1.0,doi:10.1016/j.jval.2020.03.019,10.1016/j.jval.2020.03.019
person:eqmember:17831,person:openalex:A5086557976,1,1.0,doi:10.1016/j.jval.2020.03.019,10.1016/j.jval.2020.03.019
person:eqmember:17831,person:orcid:0000-0002-3730-1996,1,1.0,doi:10.1007/s40273-019-00811-7,10.1007/s40273-019-00811-7
person:eqmember:17831,person:orcid:0000-0002-6095-2295,1,1.0,doi:10.1016/j.jval.2020.03.019,10.1016/j.jval.2020.03.019
person:eqmember:17831,person:orcid:0000-0002-7142-3364,1,1.0,doi:10.1007/s11136-025-03983-2,10.1007/s11136-025-03983-2
person:eqmember:17831,person:orcid:0000-0003-3113-3079,1,1.0,doi:10.1007/s11136-025-04077-9,10.1007/s11136-025-04077-9
person:eqmember:17831,person:orcid:0009-0007-1555-7169,1,1.0,doi:10.1007/s11136-025-04077-9,10.1007/s11136-025-04077-9
person:eqmember:17833,person:eqmember:17937,1,1.0,doi:10.1007/s11136-022-03304-x,10.1007/s11136-022-03304-x
person:eqmember:17833,person:eqmember:17960,1,1.0,doi:10.1186/s12955-021-01858-x,10.1186/s12955-021-01858-x
person:eqmember:17833,person:eqmember:17998,1,1.0,doi:10.1007/s10198-021-01306-z,10.1007/s10198-021-01306-z
person:eqmember:17833,person:leader:63cb6b329986,1,1.0,doi:10.1007/s10198-021-01306-z,10.1007/s10198-021-01306-z
person:eqmember:17833,person:openalex:A5072547675,1,1.0,doi:10.1007/s10198-021-01306-z,10.1007/s10198-021-01306-z
person:eqmember:17833,person:openalex:A5111788632,1,1.0,doi:10.1007/s10198-021-01306-z,10.1007/s10198-021-01306-z
person:eqmember:17833,person:orcid:0000-0001-9071-2842,1,1.0,doi:10.1007/s10198-021-01306-z,10.1007/s10198-021-01306-z
person:eqmember:17833,person:orcid:0000-0002-0680-7353,1,1.0,doi:10.1007/s10198-021-01306-z,10.1007/s10198-021-01306-z
person:eqmember:17833,person:orcid:0000-0003-0851-8341,1,1.0,doi:10.1007/s10198-021-01306-z,10.1007/s10198-021-01306-z
person:eqmember:17833,person:orcid:0000-0003-4609-3911,1,1.0,doi:10.1007/s10198-021-01306-z,10.1007/s10198-021-01306-z
person:eqmember:17835,person:leader:e441983c0a65,1,1.0,doi:10.1007/s11136-024-03618-y,10.1007/s11136-024-03618-y
person:eqmember:17835,person:openalex:A5012904054,1,1.0,doi:10.1016/j.jval.2025.02.001,10.1016/j.jval.2025.02.001
person:eqmember:17835,person:openalex:A5026959850,1,1.0,doi:10.1016/j.jval.2025.02.001,10.1016/j.jval.2025.02.001
person:eqmember:17835,person:openalex:A5028373695,1,1.0,doi:10.1016/j.jval.2025.02.001,10.1016/j.jval.2025.02.001
person:eqmember:17835,person:openalex:A5039308938,1,1.0,doi:10.1016/j.jval.2025.02.001,10.1016/j.jval.2025.02.001
person:eqmember:17835,person:openalex:A5052884545,1,1.0,doi:10.1016/j.jval.2025.02.001,10.1016/j.jval.2025.02.001
person:eqmember:17835,person:openalex:A5101821097,1,1.0,doi:10.1016/j.jval.2025.02.001,10.1016/j.jval.2025.02.001
person:eqmember:17835,person:openalex:A5115594934,1,1.0,doi:10.1016/j.jval.2025.02.001,10.1016/j.jval.2025.02.001
person:eqmember:17835,person:openalex:A5117715736,1,1.0,doi:10.3390/curroncol32060308,10.3390/curroncol32060308
person:eqmember:17835,person:orcid:0000-0001-5541-5930,1,1.0,doi:10.3390/curroncol32060308,10.3390/curroncol32060308
person:eqmember:17835,person:orcid:0000-0003-4380-620x,1,1.0,doi:10.1136/bmjopen-2024-097598,10.1136/bmjopen-2024-097598
person:eqmember:17835,person:orcid:0009-0003-3441-7795,1,1.0,doi:10.3390/curroncol32060308,10.3390/curroncol32060308
person:eqmember:17835,person:orcid:0009-0003-6953-6997,1,1.0,doi:10.3390/curroncol32060308,10.3390/curroncol32060308
person:eqmember:17837,person:eqmember:17845,1,1.0,doi:10.1007/s11136-025-03930-1,10.1007/s11136-025-03930-1
person:eqmember:17837,person:eqmember:17849,1,1.0,doi:10.1016/j.jval.2020.05.004,10.1016/j.jval.2020.05.004
person:eqmember:17837,person:eqmember:17893,1,1.0,doi:10.1016/j.jval.2018.05.002,10.1016/j.jval.2018.05.002
person:eqmember:17837,person:eqmember:17897,1,1.0,doi:10.1007/s10198-023-01647-x,10.1007/s10198-023-01647-x
person:eqmember:17837,person:eqmember:17901,1,1.0,doi:10.1016/j.jval.2018.05.002,10.1016/j.jval.2018.05.002
person:eqmember:17837,person:eqmember:17930,1,1.0,doi:10.1016/j.jval.2018.05.002,10.1016/j.jval.2018.05.002
person:eqmember:17837,person:eqmember:17960,1,1.0,doi:10.1016/j.jval.2018.05.002,10.1016/j.jval.2018.05.002
person:eqmember:17837,person:eqmember:17974,1,1.0,doi:10.1007/s40273-025-01476-1,10.1007/s40273-025-01476-1
person:eqmember:17837,person:eqmember:18010,1,1.0,doi:10.1016/j.jval.2018.05.002,10.1016/j.jval.2018.05.002
person:eqmember:17837,person:eqmember:19003,1,1.0,doi:10.1007/s40273-022-01208-9,10.1007/s40273-022-01208-9
person:eqmember:17837,person:eqmember:19813,1,1.0,doi:10.1016/j.jval.2020.05.004,10.1016/j.jval.2020.05.004
person:eqmember:17837,person:leader:1064c67128ac,1,1.0,doi:10.3389/fpsyg.2023.1175402,10.3389/fpsyg.2023.1175402
person:eqmember:17837,person:leader:320b99af03c2,1,1.0,doi:10.1016/j.jval.2020.05.004,10.1016/j.jval.2020.05.004
person:eqmember:17837,person:leader:33ce5d686145,1,1.0,doi:10.1007/s40273-025-01476-1,10.1007/s40273-025-01476-1
person:eqmember:17837,person:leader:39e3bb2019e3,1,1.0,doi:10.1007/s40273-022-01208-9,10.1007/s40273-022-01208-9
person:eqmember:17837,person:leader:4001f58df21c,1,1.0,doi:10.1177/0272989x211001859,10.1177/0272989x211001859
person:eqmember:17837,person:leader:557995e71b4d,1,1.0,doi:10.1177/0272989x211001859,10.1177/0272989x211001859
person:eqmember:17837,person:leader:b101d0407270,1,1.0,doi:10.1007/s40273-018-0694-6,10.1007/s40273-018-0694-6
person:eqmember:17837,person:leader:d9674d98607b,1,1.0,doi:10.1007/s10198-021-01412-y,10.1007/s10198-021-01412-y
person:eqmember:17837,person:leader:f6aec8a6037d,1,1.0,doi:10.1007/s11136-025-03930-1,10.1007/s11136-025-03930-1
person:eqmember:17837,person:leader:fa3dd095d626,1,1.0,doi:10.3389/fpsyg.2023.1175402,10.3389/fpsyg.2023.1175402
person:eqmember:17837,person:openalex:A5008794902,1,1.0,doi:10.1007/s10198-021-01412-y,10.1007/s10198-021-01412-y
person:eqmember:17837,person:openalex:A5012881493,1,1.0,doi:10.1016/j.jval.2020.05.004,10.1016/j.jval.2020.05.004
person:eqmember:17837,person:openalex:A5014702512,1,1.0,doi:10.1007/s11136-025-03930-1,10.1007/s11136-025-03930-1
person:eqmember:17837,person:openalex:A5014870235,1,1.0,doi:10.1186/s12955-021-01889-4,10.1186/s12955-021-01889-4
person:eqmember:17837,person:openalex:A5019640605,1,1.0,doi:10.1007/s40273-022-01208-9,10.1007/s40273-022-01208-9
person:eqmember:17837,person:openalex:A5021581627,1,1.0,doi:10.1016/j.jval.2020.05.004,10.1016/j.jval.2020.05.004
person:eqmember:17837,person:openalex:A5026943307,1,1.0,doi:10.1016/j.jval.2020.05.004,10.1016/j.jval.2020.05.004
person:eqmember:17837,person:openalex:A5032844648,1,1.0,doi:10.1007/s10198-021-01412-y,10.1007/s10198-021-01412-y
person:eqmember:17837,person:openalex:A5037261695,1,1.0,doi:10.1016/j.jval.2018.05.002,10.1016/j.jval.2018.05.002
person:eqmember:17837,person:orcid:0000-0001-6699-6072,1,1.0,doi:10.1186/s12955-021-01889-4,10.1186/s12955-021-01889-4
person:eqmember:17837,person:orcid:0000-0001-9610-8507,1,1.0,doi:10.1007/s11136-025-03930-1,10.1007/s11136-025-03930-1
person:eqmember:17837,person:orcid:0000-0002-0113-6917,1,1.0,doi:10.1007/s40273-025-01476-1,10.1007/s40273-025-01476-1
person:eqmember:17837,person:orcid:0000-0002-0377-3389,1,1.0,doi:10.3389/fpsyg.2023.1175402,10.3389/fpsyg.2023.1175402
person:eqmember:17837,person:orcid:0000-0002-0412-4276,1,1.0,doi:10.1007/s40273-018-0694-6,10.1007/s40273-018-0694-6
person:eqmember:17837,person:orcid:0000-0002-0918-7540,1,1.0,doi:10.1007/s40273-025-01476-1,10.1007/s40273-025-01476-1
person:eqmember:17837,person:orcid:0000-0002-2485-505x,1,1.0,doi:10.1007/s10198-021-01412-y,10.1007/s10198-021-01412-y
person:eqmember:17837,person:orcid:0000-0002-3405-6577,1,1.0,doi:10.1007/s11136-025-03930-1,10.1007/s11136-025-03930-1
person:eqmember:17837,person:orcid:0000-0002-4601-0955,1,1.0,doi:10.1177/0272989x211001859,10.1177/0272989x211001859
person:eqmember:17837,person:orcid:0000-0002-4832-7833,1,1.0,doi:10.1016/j.jval.2018.05.002,10.1016/j.jval.2018.05.002
person:eqmember:17837,person:orcid:0000-0002-5416-5658,1,1.0,doi:10.1007/s11136-025-03930-1,10.1007/s11136-025-03930-1
person:eqmember:17837,person:orcid:0000-0002-5649-6768,1,1.0,doi:10.3389/fpsyg.2023.1175402,10.3389/fpsyg.2023.1175402
person:eqmember:17837,person:orcid:0000-0002-5956-8990,1,1.0,doi:10.1007/s40273-022-01208-9,10.1007/s40273-022-01208-9
person:eqmember:17837,person:orcid:0000-0002-6952-7770,1,1.0,doi:10.1177/0272989x211001859,10.1177/0272989x211001859
person:eqmember:17837,person:orcid:0000-0002-7797-4722,1,1.0,doi:10.1007/s11136-025-03930-1,10.1007/s11136-025-03930-1
person:eqmember:17837,person:orcid:0000-0002-9062-9624,1,1.0,doi:10.1186/s12955-021-01889-4,10.1186/s12955-021-01889-4
person:eqmember:17837,person:orcid:0000-0002-9853-1592,1,1.0,doi:10.1007/s11136-025-03930-1,10.1007/s11136-025-03930-1
person:eqmember:17837,person:orcid:0000-0003-0221-9914,1,1.0,doi:10.1007/s11136-025-03930-1,10.1007/s11136-025-03930-1
person:eqmember:17837,person:orcid:0000-0003-1026-570x,1,1.0,doi:10.3389/fpsyg.2023.1175402,10.3389/fpsyg.2023.1175402
person:eqmember:17837,person:orcid:0000-0003-3550-990x,1,1.0,doi:10.1007/s40273-025-01476-1,10.1007/s40273-025-01476-1
person:eqmember:17837,person:orcid:0000-0003-3621-1339,1,1.0,doi:10.1007/s11136-025-03930-1,10.1007/s11136-025-03930-1
person:eqmember:17839,person:eqmember:17855,1,1.0,doi:10.1007/s11136-025-03983-2,10.1007/s11136-025-03983-2
person:eqmember:17839,person:eqmember:17867,1,1.0,doi:10.1007/s11136-025-03983-2,10.1007/s11136-025-03983-2
person:eqmember:17839,person:eqmember:17889,1,1.0,doi:10.3390/nu16162591,10.3390/nu16162591
person:eqmember:17839,person:eqmember:17936,1,1.0,doi:10.1007/s11136-025-03983-2,10.1007/s11136-025-03983-2
person:eqmember:17839,person:eqmember:17954,1,1.0,doi:10.1007/s11136-025-03983-2,10.1007/s11136-025-03983-2
person:eqmember:17839,person:eqmember:18004,1,1.0,doi:10.1007/s11136-025-03983-2,10.1007/s11136-025-03983-2
person:eqmember:17839,person:eqmember:18008,1,1.0,doi:10.1007/s11136-025-03983-2,10.1007/s11136-025-03983-2
person:eqmember:17839,person:eqmember:18018,1,1.0,doi:10.1007/s11136-026-04285-x,10.1007/s11136-026-04285-x
person:eqmember:17839,person:eqmember:18019,1,1.0,doi:10.1007/s11136-025-03983-2,10.1007/s11136-025-03983-2
person:eqmember:17839,person:leader:708432e727df,1,1.0,doi:10.1186/s12955-025-02421-8,10.1186/s12955-025-02421-8
person:eqmember:17839,person:leader:7fbd807010a1,1,1.0,doi:10.1186/s12955-025-02421-8,10.1186/s12955-025-02421-8
person:eqmember:17839,person:leader:c2d00c5008f7,1,1.0,doi:10.1007/s11136-026-04285-x,10.1007/s11136-026-04285-x
person:eqmember:17839,person:openalex:A5132638343,1,1.0,doi:10.1007/s11136-026-04285-x,10.1007/s11136-026-04285-x
person:eqmember:17839,person:openalex:A5138142464,1,1.0,doi:10.1007/s11136-026-04285-x,10.1007/s11136-026-04285-x
person:eqmember:17839,person:orcid:0000-0001-9571-576x,1,1.0,doi:10.3389/fpubh.2021.744405,10.3389/fpubh.2021.744405
person:eqmember:17839,person:orcid:0000-0002-4949-9303,1,1.0,doi:10.3390/nu16162591,10.3390/nu16162591
person:eqmember:17839,person:orcid:0000-0002-8773-2786,1,1.0,doi:10.3390/nu16162591,10.3390/nu16162591
person:eqmember:17839,person:orcid:0000-0003-0804-3307,1,1.0,doi:10.1186/s12955-025-02421-8,10.1186/s12955-025-02421-8
person:eqmember:17839,person:orcid:0000-0003-1200-9961,1,1.0,doi:10.3390/nu16162591,10.3390/nu16162591
person:eqmember:17839,person:orcid:0009-0009-4958-1276,1,1.0,doi:10.3390/nu16162591,10.3390/nu16162591
person:eqmember:17841,person:eqmember:17845,1,1.0,doi:10.1016/j.jval.2020.03.019,10.1016/j.jval.2020.03.019
person:eqmember:17841,person:eqmember:17988,1,1.0,doi:10.1016/j.jval.2020.03.019,10.1016/j.jval.2020.03.019
person:eqmember:17841,person:eqmember:19179,1,1.0,doi:10.1016/j.jval.2020.03.019,10.1016/j.jval.2020.03.019
person:eqmember:17841,person:openalex:A5026503701,1,1.0,doi:10.1016/j.jval.2020.03.019,10.1016/j.jval.2020.03.019
person:eqmember:17841,person:openalex:A5086557976,1,1.0,doi:10.1016/j.jval.2020.03.019,10.1016/j.jval.2020.03.019
person:eqmember:17841,person:orcid:0000-0002-6095-2295,1,1.0,doi:10.1016/j.jval.2020.03.019,10.1016/j.jval.2020.03.019
person:eqmember:17843,person:eqmember:17944,1,1.0,doi:10.1007/s10198-018-0987-x,10.1007/s10198-018-0987-x
person:eqmember:17843,person:eqmember:17946,1,1.0,doi:10.1007/s10198-018-0987-x,10.1007/s10198-018-0987-x
person:eqmember:17845,person:eqmember:17911,1,1.0,doi:10.1016/j.jval.2025.04.2160,10.1016/j.jval.2025.04.2160
person:eqmember:17845,person:eqmember:17934,1,1.0,doi:10.1177/0272989x261446644,10.1177/0272989x261446644
person:eqmember:17845,person:eqmember:17968,1,1.0,doi:10.1007/s11136-025-04145-0,10.1007/s11136-025-04145-0
person:eqmember:17845,person:eqmember:17984,1,1.0,doi:10.1016/j.jval.2025.09.009,10.1016/j.jval.2025.09.009
person:eqmember:17845,person:eqmember:17988,1,1.0,doi:10.1016/j.jval.2020.03.019,10.1016/j.jval.2020.03.019
person:eqmember:17845,person:eqmember:17992,1,1.0,doi:10.1007/s10198-025-01857-5,10.1007/s10198-025-01857-5
person:eqmember:17845,person:eqmember:17998,1,1.0,doi:10.1007/s11136-026-04242-8,10.1007/s11136-026-04242-8
person:eqmember:17845,person:eqmember:19179,1,1.0,doi:10.1016/j.jval.2020.03.019,10.1016/j.jval.2020.03.019
person:eqmember:17845,person:eqmember:21678,1,1.0,doi:10.1016/j.jval.2026.01.001,10.1016/j.jval.2026.01.001
person:eqmember:17845,person:leader:206cc1095a3f,1,1.0,doi:10.1016/j.jval.2025.04.2160,10.1016/j.jval.2025.04.2160
person:eqmember:17845,person:leader:78acf91f717f,1,1.0,doi:10.1007/s11136-024-03875-x,10.1007/s11136-024-03875-x
person:eqmember:17845,person:leader:f5a715e2f518,1,1.0,doi:10.1186/s12955-026-02521-z,10.1186/s12955-026-02521-z
person:eqmember:17845,person:leader:f6aec8a6037d,1,1.0,doi:10.1007/s11136-025-03930-1,10.1007/s11136-025-03930-1
person:eqmember:17845,person:leader:fc07b6540d1a,1,1.0,doi:10.1007/s41669-024-00486-7,10.1007/s41669-024-00486-7
person:eqmember:17845,person:openalex:A5014702512,1,1.0,doi:10.1007/s11136-025-03930-1,10.1007/s11136-025-03930-1
person:eqmember:17845,person:openalex:A5025255902,1,1.0,doi:10.1016/j.jval.2024.12.003,10.1016/j.jval.2024.12.003
person:eqmember:17845,person:openalex:A5026068062,1,1.0,doi:10.1016/j.jval.2025.11.005,10.1016/j.jval.2025.11.005
person:eqmember:17845,person:openalex:A5026503701,1,1.0,doi:10.1016/j.jval.2020.03.019,10.1016/j.jval.2020.03.019
person:eqmember:17845,person:openalex:A5030081818,1,1.0,doi:10.1016/j.jval.2025.11.005,10.1016/j.jval.2025.11.005
person:eqmember:17845,person:openalex:A5031125763,1,1.0,doi:10.1007/s11136-024-03875-x,10.1007/s11136-024-03875-x
person:eqmember:17845,person:openalex:A5050912692,1,1.0,doi:10.1016/j.jval.2025.11.005,10.1016/j.jval.2025.11.005
person:eqmember:17845,person:openalex:A5060090179,1,1.0,doi:10.1016/j.jval.2025.11.005,10.1016/j.jval.2025.11.005
person:eqmember:17845,person:openalex:A5069811479,1,1.0,doi:10.1016/j.jval.2025.09.009,10.1016/j.jval.2025.09.009
person:eqmember:17845,person:openalex:A5086557976,1,1.0,doi:10.1016/j.jval.2020.03.019,10.1016/j.jval.2020.03.019
person:eqmember:17845,person:openalex:A5090671455,1,1.0,doi:10.1007/s11136-024-03875-x,10.1007/s11136-024-03875-x
person:eqmember:17845,person:openalex:A5100400360,1,1.0,doi:10.1016/j.jval.2025.11.005,10.1016/j.jval.2025.11.005
person:eqmember:17845,person:openalex:A5100758235,1,1.0,doi:10.1016/j.jval.2025.11.005,10.1016/j.jval.2025.11.005
person:eqmember:17845,person:openalex:A5100858517,1,1.0,doi:10.1016/j.jval.2025.11.005,10.1016/j.jval.2025.11.005
person:eqmember:17845,person:openalex:A5122911844,1,1.0,doi:10.1007/s11136-025-04145-0,10.1007/s11136-025-04145-0
person:eqmember:17845,person:openalex:A5128706397,1,1.0,doi:10.1016/j.jval.2026.02.013,10.1016/j.jval.2026.02.013
person:eqmember:17845,person:openalex:A5129360275,1,1.0,doi:10.1186/s12955-026-02521-z,10.1186/s12955-026-02521-z
person:eqmember:17845,person:orcid:0000-0001-7161-6767,1,1.0,doi:10.1007/s10198-024-01719-6,10.1007/s10198-024-01719-6
person:eqmember:17845,person:orcid:0000-0001-9610-8507,1,1.0,doi:10.1007/s11136-025-03930-1,10.1007/s11136-025-03930-1
person:eqmember:17845,person:orcid:0000-0002-3405-6577,1,1.0,doi:10.1007/s11136-025-03930-1,10.1007/s11136-025-03930-1
person:eqmember:17845,person:orcid:0000-0002-3948-6488,1,1.0,doi:10.1007/s10198-024-01719-6,10.1007/s10198-024-01719-6
person:eqmember:17845,person:orcid:0000-0002-4441-6687,1,1.0,doi:10.1007/s41669-024-00486-7,10.1007/s41669-024-00486-7
person:eqmember:17845,person:orcid:0000-0002-5416-5658,1,1.0,doi:10.1007/s11136-025-03930-1,10.1007/s11136-025-03930-1
person:eqmember:17845,person:orcid:0000-0002-7797-4722,1,1.0,doi:10.1007/s11136-025-03930-1,10.1007/s11136-025-03930-1
person:eqmember:17845,person:orcid:0000-0002-9853-1592,1,1.0,doi:10.1007/s11136-025-03930-1,10.1007/s11136-025-03930-1
person:eqmember:17845,person:orcid:0000-0003-0221-9914,1,1.0,doi:10.1007/s11136-025-03930-1,10.1007/s11136-025-03930-1
person:eqmember:17845,person:orcid:0000-0003-3621-1339,1,1.0,doi:10.1007/s11136-025-03930-1,10.1007/s11136-025-03930-1
person:eqmember:17845,person:orcid:0009-0003-4264-0946,1,1.0,doi:10.1007/s41669-024-00486-7,10.1007/s41669-024-00486-7
person:eqmember:17847,person:eqmember:17855,1,1.0,doi:10.1007/s11136-025-03983-2,10.1007/s11136-025-03983-2
person:eqmember:17847,person:eqmember:17867,1,1.0,doi:10.1007/s11136-025-03983-2,10.1007/s11136-025-03983-2
person:eqmember:17847,person:eqmember:17877,1,1.0,doi:10.1186/s41687-025-00985-z,10.1186/s41687-025-00985-z
person:eqmember:17847,person:eqmember:17936,1,1.0,doi:10.1007/s11136-025-03983-2,10.1007/s11136-025-03983-2
person:eqmember:17847,person:eqmember:17952,1,1.0,doi:10.1097/mlr.0000000000002315,10.1097/mlr.0000000000002315
person:eqmember:17847,person:eqmember:17954,1,1.0,doi:10.1007/s11136-025-03983-2,10.1007/s11136-025-03983-2
person:eqmember:17847,person:eqmember:17994,1,1.0,doi:10.1097/mlr.0000000000002315,10.1097/mlr.0000000000002315
person:eqmember:17847,person:eqmember:18004,1,1.0,doi:10.1007/s11136-025-03983-2,10.1007/s11136-025-03983-2
person:eqmember:17847,person:eqmember:18008,1,1.0,doi:10.1007/s11136-025-03983-2,10.1007/s11136-025-03983-2
person:eqmember:17847,person:eqmember:18012,1,1.0,doi:10.1016/j.jval.2024.11.006,10.1016/j.jval.2024.11.006
person:eqmember:17847,person:eqmember:18019,1,1.0,doi:10.1007/s11136-025-03983-2,10.1007/s11136-025-03983-2
person:eqmember:17847,person:leader:39e3bb2019e3,1,1.0,doi:10.1007/s40271-022-00572-0,10.1007/s40271-022-00572-0
person:eqmember:17847,person:openalex:A5001502711,1,1.0,doi:10.1016/j.jval.2025.01.003,10.1016/j.jval.2025.01.003
person:eqmember:17847,person:openalex:A5019640605,1,1.0,doi:10.1007/s40271-022-00572-0,10.1007/s40271-022-00572-0
person:eqmember:17847,person:openalex:A5040717022,1,1.0,doi:10.1186/s12955-023-02207-w,10.1186/s12955-023-02207-w
person:eqmember:17847,person:openalex:A5046103327,1,1.0,doi:10.1097/mlr.0000000000002315,10.1097/mlr.0000000000002315
person:eqmember:17847,person:openalex:A5053892909,1,1.0,doi:10.1016/j.jval.2025.01.003,10.1016/j.jval.2025.01.003
person:eqmember:17847,person:openalex:A5058173329,1,1.0,doi:10.1097/mlr.0000000000002315,10.1097/mlr.0000000000002315
person:eqmember:17847,person:openalex:A5058639972,1,1.0,doi:10.1186/s12955-023-02207-w,10.1186/s12955-023-02207-w
person:eqmember:17847,person:openalex:A5063736885,1,1.0,doi:10.1016/j.jval.2025.01.003,10.1016/j.jval.2025.01.003
person:eqmember:17847,person:openalex:A5075263122,1,1.0,doi:10.1016/j.jval.2025.01.003,10.1016/j.jval.2025.01.003
person:eqmember:17847,person:openalex:A5077201683,1,1.0,doi:10.1016/j.jval.2025.01.003,10.1016/j.jval.2025.01.003
person:eqmember:17847,person:openalex:A5085348599,1,1.0,doi:10.1016/j.jval.2024.11.006,10.1016/j.jval.2024.11.006
person:eqmember:17847,person:openalex:A5111188223,1,1.0,doi:10.1016/j.jval.2025.01.003,10.1016/j.jval.2025.01.003
person:eqmember:17847,person:openalex:A5116048522,1,1.0,doi:10.1016/j.jval.2025.01.003,10.1016/j.jval.2025.01.003
person:eqmember:17847,person:openalex:A5116048523,1,1.0,doi:10.1016/j.jval.2025.01.003,10.1016/j.jval.2025.01.003
person:eqmember:17847,person:openalex:A5125700763,1,1.0,doi:10.1186/s41687-025-00985-z,10.1186/s41687-025-00985-z
person:eqmember:17847,person:openalex:A5125757955,1,1.0,doi:10.1186/s41687-025-00985-z,10.1186/s41687-025-00985-z
person:eqmember:17847,person:openalex:A5130219809,1,1.0,doi:10.1097/mlr.0000000000002315,10.1097/mlr.0000000000002315
person:eqmember:17847,person:orcid:0000-0001-8685-3212,1,1.0,doi:10.1097/mlr.0000000000002315,10.1097/mlr.0000000000002315
person:eqmember:17847,person:orcid:0000-0002-2022-4939,1,1.0,doi:10.1097/mlr.0000000000002315,10.1097/mlr.0000000000002315
person:eqmember:17847,person:orcid:0000-0002-2115-2447,1,1.0,doi:10.1097/mlr.0000000000002315,10.1097/mlr.0000000000002315
person:eqmember:17847,person:orcid:0000-0002-3216-9076,1,1.0,doi:10.1186/s41687-025-00985-z,10.1186/s41687-025-00985-z
person:eqmember:17847,person:orcid:0000-0002-6399-5741,1,1.0,doi:10.1097/mlr.0000000000002315,10.1097/mlr.0000000000002315
person:eqmember:17847,person:orcid:0000-0003-2802-2810,1,1.0,doi:10.1186/s12955-023-02207-w,10.1186/s12955-023-02207-w
person:eqmember:17849,person:eqmember:17855,1,1.0,doi:10.1017/s0266462326103602,10.1017/s0266462326103602
person:eqmember:17849,person:eqmember:17897,1,1.0,doi:10.1017/s0266462326103602,10.1017/s0266462326103602
person:eqmember:17849,person:eqmember:17916,1,1.0,doi:10.1017/s0266462326103602,10.1017/s0266462326103602
person:eqmember:17849,person:eqmember:17918,1,1.0,doi:10.1017/s0266462326103602,10.1017/s0266462326103602
person:eqmember:17849,person:eqmember:17930,1,1.0,doi:10.1186/s12955-026-02581-1,10.1186/s12955-026-02581-1
person:eqmember:17849,person:eqmember:17944,1,1.0,doi:10.1017/s0266462326103602,10.1017/s0266462326103602
person:eqmember:17849,person:eqmember:17952,1,1.0,doi:10.1017/s0266462326103602,10.1017/s0266462326103602
person:eqmember:17849,person:eqmember:17966,1,1.0,doi:10.1017/s0266462326103602,10.1017/s0266462326103602
person:eqmember:17849,person:eqmember:17976,1,1.0,doi:10.1017/s0266462326103602,10.1017/s0266462326103602
person:eqmember:17849,person:eqmember:19813,1,1.0,doi:10.1016/j.jval.2020.05.004,10.1016/j.jval.2020.05.004
person:eqmember:17849,person:leader:da2b6bcaceb6,1,1.0,doi:10.1017/s0266462326103602,10.1017/s0266462326103602
person:eqmember:17849,person:leader:dd5e12d302df,1,1.0,doi:10.1186/s12955-026-02581-1,10.1186/s12955-026-02581-1
person:eqmember:17849,person:openalex:A5008674497,1,1.0,doi:10.1186/s12955-026-02581-1,10.1186/s12955-026-02581-1
person:eqmember:17849,person:openalex:A5012881493,1,1.0,doi:10.1016/j.jval.2020.05.004,10.1016/j.jval.2020.05.004
person:eqmember:17849,person:openalex:A5021581627,1,1.0,doi:10.1016/j.jval.2020.05.004,10.1016/j.jval.2020.05.004
person:eqmember:17849,person:openalex:A5026943307,1,1.0,doi:10.1016/j.jval.2020.05.004,10.1016/j.jval.2020.05.004
person:eqmember:17851,person:eqmember:17879,1,1.0,doi:10.5492/wjccm.v11.i4.236,10.5492/wjccm.v11.i4.236
person:eqmember:17851,person:eqmember:17893,1,1.0,doi:10.1016/j.jval.2025.07.016,10.1016/j.jval.2025.07.016
person:eqmember:17851,person:eqmember:17911,1,1.0,doi:10.1186/s12955-026-02478-z,10.1186/s12955-026-02478-z
person:eqmember:17851,person:eqmember:17964,1,1.0,doi:10.1007/s40273-015-0292-9,10.1007/s40273-015-0292-9
person:eqmember:17851,person:eqmember:17974,1,1.0,doi:10.1016/j.jval.2025.07.016,10.1016/j.jval.2025.07.016
person:eqmember:17851,person:eqmember:17976,1,1.0,doi:10.1007/s40273-015-0292-9,10.1007/s40273-015-0292-9
person:eqmember:17851,person:eqmember:17988,1,1.0,doi:10.1007/s40273-015-0292-9,10.1007/s40273-015-0292-9
person:eqmember:17851,person:eqmember:18002,1,1.0,doi:10.1016/j.jval.2025.07.016,10.1016/j.jval.2025.07.016
person:eqmember:17851,person:eqmember:18019,1,1.0,doi:10.1016/j.jval.2025.07.016,10.1016/j.jval.2025.07.016
person:eqmember:17851,person:leader:ef46534448d4,1,1.0,doi:10.5492/wjccm.v11.i4.236,10.5492/wjccm.v11.i4.236
person:eqmember:17851,person:openalex:A5012904054,1,1.0,doi:10.1016/j.jval.2025.02.001,10.1016/j.jval.2025.02.001
person:eqmember:17851,person:openalex:A5026959850,1,1.0,doi:10.1016/j.jval.2025.02.001,10.1016/j.jval.2025.02.001
person:eqmember:17851,person:openalex:A5028373695,1,1.0,doi:10.1016/j.jval.2025.02.001,10.1016/j.jval.2025.02.001
person:eqmember:17851,person:openalex:A5039308938,1,1.0,doi:10.1016/j.jval.2025.02.001,10.1016/j.jval.2025.02.001
person:eqmember:17851,person:openalex:A5052884545,1,1.0,doi:10.1016/j.jval.2025.02.001,10.1016/j.jval.2025.02.001
person:eqmember:17851,person:openalex:A5101821097,1,1.0,doi:10.1016/j.jval.2025.02.001,10.1016/j.jval.2025.02.001
person:eqmember:17851,person:openalex:A5112901636,1,1.0,doi:10.1007/s12311-023-01597-3,10.1007/s12311-023-01597-3
person:eqmember:17851,person:openalex:A5115594934,1,1.0,doi:10.1016/j.jval.2025.02.001,10.1016/j.jval.2025.02.001
person:eqmember:17851,person:orcid:0000-0001-6174-5442,1,1.0,doi:10.1007/s12311-023-01597-3,10.1007/s12311-023-01597-3
person:eqmember:17851,person:orcid:0000-0001-6610-3369,1,1.0,doi:10.5492/wjccm.v11.i4.236,10.5492/wjccm.v11.i4.236
person:eqmember:17851,person:orcid:0000-0001-6780-0019,1,1.0,doi:10.1007/s40273-015-0292-9,10.1007/s40273-015-0292-9
person:eqmember:17851,person:orcid:0000-0001-7147-2222,1,1.0,doi:10.5492/wjccm.v11.i4.236,10.5492/wjccm.v11.i4.236
person:eqmember:17851,person:orcid:0000-0001-8076-9626,1,1.0,doi:10.5492/wjccm.v11.i4.236,10.5492/wjccm.v11.i4.236
person:eqmember:17851,person:orcid:0000-0001-9749-1747,1,1.0,doi:10.5492/wjccm.v11.i4.236,10.5492/wjccm.v11.i4.236
person:eqmember:17851,person:orcid:0000-0002-0360-3427,1,1.0,doi:10.5492/wjccm.v11.i4.236,10.5492/wjccm.v11.i4.236
person:eqmember:17851,person:orcid:0000-0002-1002-2989,1,1.0,doi:10.5492/wjccm.v11.i4.236,10.5492/wjccm.v11.i4.236
person:eqmember:17851,person:orcid:0000-0002-1998-9408,1,1.0,doi:10.1007/s40273-015-0292-9,10.1007/s40273-015-0292-9
person:eqmember:17851,person:orcid:0000-0002-2874-8948,1,1.0,doi:10.5492/wjccm.v11.i4.236,10.5492/wjccm.v11.i4.236
person:eqmember:17851,person:orcid:0000-0002-2903-1631,1,1.0,doi:10.5492/wjccm.v11.i4.236,10.5492/wjccm.v11.i4.236
person:eqmember:17851,person:orcid:0000-0002-6213-5264,1,1.0,doi:10.5492/wjccm.v11.i4.236,10.5492/wjccm.v11.i4.236
person:eqmember:17851,person:orcid:0000-0002-6530-5513,1,1.0,doi:10.5492/wjccm.v11.i4.236,10.5492/wjccm.v11.i4.236
person:eqmember:17851,person:orcid:0000-0002-6986-3969,1,1.0,doi:10.1007/s12311-023-01597-3,10.1007/s12311-023-01597-3
person:eqmember:17851,person:orcid:0000-0002-7299-6594,1,1.0,doi:10.5492/wjccm.v11.i4.236,10.5492/wjccm.v11.i4.236
person:eqmember:17851,person:orcid:0000-0002-8293-7061,1,1.0,doi:10.5492/wjccm.v11.i4.236,10.5492/wjccm.v11.i4.236
person:eqmember:17851,person:orcid:0000-0002-9527-0577,1,1.0,doi:10.5492/wjccm.v11.i4.236,10.5492/wjccm.v11.i4.236
person:eqmember:17851,person:orcid:0000-0003-0331-5182,1,1.0,doi:10.5492/wjccm.v11.i4.236,10.5492/wjccm.v11.i4.236
person:eqmember:17851,person:orcid:0000-0003-0634-8756,1,1.0,doi:10.1007/s12311-023-01597-3,10.1007/s12311-023-01597-3
person:eqmember:17851,person:orcid:0000-0003-1231-1490,1,1.0,doi:10.5492/wjccm.v11.i4.236,10.5492/wjccm.v11.i4.236
person:eqmember:17851,person:orcid:0000-0003-3265-0262,1,1.0,doi:10.1007/s12311-023-01597-3,10.1007/s12311-023-01597-3
person:eqmember:17851,person:orcid:0000-0003-3571-3871,1,1.0,doi:10.5492/wjccm.v11.i4.236,10.5492/wjccm.v11.i4.236
person:eqmember:17851,person:orcid:0000-0003-3633-6596,1,1.0,doi:10.5492/wjccm.v11.i4.236,10.5492/wjccm.v11.i4.236
person:eqmember:17851,person:orcid:0000-0003-4380-620x,1,1.0,doi:10.1136/bmjopen-2024-097598,10.1136/bmjopen-2024-097598
person:eqmember:17851,person:orcid:0000-0003-4833-5937,1,1.0,doi:10.1007/s12311-023-01597-3,10.1007/s12311-023-01597-3
person:eqmember:17855,person:eqmember:17861,1,1.0,doi:10.1186/s12955-021-01889-4,10.1186/s12955-021-01889-4
person:eqmember:17855,person:eqmember:17867,1,1.0,doi:10.1007/s11136-025-03983-2,10.1007/s11136-025-03983-2
person:eqmember:17855,person:eqmember:17879,1,1.0,doi:10.1007/s11136-025-03983-2,10.1007/s11136-025-03983-2
person:eqmember:17855,person:eqmember:17916,1,1.0,doi:10.1017/s0266462326103602,10.1017/s0266462326103602
person:eqmember:17855,person:eqmember:17918,1,1.0,doi:10.1017/s0266462326103602,10.1017/s0266462326103602
person:eqmember:17855,person:eqmember:17934,1,1.0,doi:10.1177/0272989x261446644,10.1177/0272989x261446644
person:eqmember:17855,person:eqmember:17936,1,1.0,doi:10.1007/s11136-025-03983-2,10.1007/s11136-025-03983-2
person:eqmember:17855,person:eqmember:17940,1,1.0,doi:10.1007/s11136-021-03075-x,10.1007/s11136-021-03075-x
person:eqmember:17855,person:eqmember:17952,1,1.0,doi:10.1017/s0266462326103602,10.1017/s0266462326103602
person:eqmember:17855,person:eqmember:17954,1,1.0,doi:10.1007/s11136-025-03983-2,10.1007/s11136-025-03983-2
person:eqmember:17855,person:eqmember:17966,1,1.0,doi:10.1017/s0266462326103602,10.1017/s0266462326103602
person:eqmember:17855,person:eqmember:18004,1,1.0,doi:10.1007/s11136-025-03983-2,10.1007/s11136-025-03983-2
person:eqmember:17855,person:eqmember:18008,1,1.0,doi:10.1007/s11136-025-03983-2,10.1007/s11136-025-03983-2
person:eqmember:17855,person:eqmember:19005,1,1.0,doi:10.1007/s11136-025-03983-2,10.1007/s11136-025-03983-2
person:eqmember:17855,person:leader:09fa3c498378,1,1.0,doi:10.1007/s11136-021-03075-x,10.1007/s11136-021-03075-x
person:eqmember:17855,person:leader:31a5417532b0,1,1.0,doi:10.1007/s11136-021-03075-x,10.1007/s11136-021-03075-x
person:eqmember:17855,person:leader:53444d26184b,1,1.0,doi:10.1007/s11136-021-03075-x,10.1007/s11136-021-03075-x
person:eqmember:17855,person:leader:ad6bbe401f11,1,1.0,doi:10.1007/s11136-021-03075-x,10.1007/s11136-021-03075-x
person:eqmember:17855,person:leader:da2b6bcaceb6,1,1.0,doi:10.1017/s0266462326103602,10.1017/s0266462326103602
person:eqmember:17855,person:leader:f6aec8a6037d,1,1.0,doi:10.1007/s11136-025-03930-1,10.1007/s11136-025-03930-1
person:eqmember:17855,person:openalex:A5010304307,1,1.0,doi:10.1016/j.vhri.2025.101543,10.1016/j.vhri.2025.101543
person:eqmember:17855,person:openalex:A5014702512,1,1.0,doi:10.1007/s11136-025-03930-1,10.1007/s11136-025-03930-1
person:eqmember:17855,person:openalex:A5014870235,1,1.0,doi:10.1186/s12955-021-01889-4,10.1186/s12955-021-01889-4
person:eqmember:17855,person:openalex:A5025255902,1,1.0,doi:10.1016/j.jval.2024.12.003,10.1016/j.jval.2024.12.003
person:eqmember:17855,person:openalex:A5035696719,1,1.0,doi:10.1007/s11136-022-03143-w,10.1007/s11136-022-03143-w
person:eqmember:17855,person:openalex:A5061247569,1,1.0,doi:10.1007/s11136-022-03143-w,10.1007/s11136-022-03143-w
person:eqmember:17855,person:openalex:A5069067858,1,1.0,doi:10.1007/s11136-022-03143-w,10.1007/s11136-022-03143-w
person:eqmember:17855,person:openalex:A5109331936,1,1.0,doi:10.1007/s11136-022-03143-w,10.1007/s11136-022-03143-w
person:eqmember:17855,person:openalex:A5117113297,1,1.0,doi:10.1016/j.vhri.2025.101543,10.1016/j.vhri.2025.101543
person:eqmember:17855,person:orcid:0000-0001-5430-9810,1,1.0,doi:10.1371/journal.pone.0200966,10.1371/journal.pone.0200966
person:eqmember:17855,person:orcid:0000-0001-6699-6072,1,1.0,doi:10.1186/s12955-021-01889-4,10.1186/s12955-021-01889-4
person:eqmember:17855,person:orcid:0000-0001-6962-0564,1,1.0,doi:10.1007/s11136-021-03075-x,10.1007/s11136-021-03075-x
person:eqmember:17855,person:orcid:0000-0001-9610-8507,1,1.0,doi:10.1007/s11136-025-03930-1,10.1007/s11136-025-03930-1
person:eqmember:17855,person:orcid:0000-0002-0177-0192,1,1.0,doi:10.1007/s11136-021-03075-x,10.1007/s11136-021-03075-x
person:eqmember:17855,person:orcid:0000-0002-2635-7484,1,1.0,doi:10.1007/s11136-022-03143-w,10.1007/s11136-022-03143-w
person:eqmember:17855,person:orcid:0000-0002-3405-6577,1,1.0,doi:10.1007/s11136-025-03930-1,10.1007/s11136-025-03930-1
person:eqmember:17855,person:orcid:0000-0002-4749-5536,1,1.0,doi:10.1007/s11136-021-03075-x,10.1007/s11136-021-03075-x
person:eqmember:17855,person:orcid:0000-0002-5416-5658,1,1.0,doi:10.1007/s11136-025-03930-1,10.1007/s11136-025-03930-1
person:eqmember:17855,person:orcid:0000-0002-5473-1592,1,1.0,doi:10.1186/s12955-025-02397-5,10.1186/s12955-025-02397-5
person:eqmember:17855,person:orcid:0000-0002-6891-2650,1,1.0,doi:10.1007/s11136-021-03075-x,10.1007/s11136-021-03075-x
person:eqmember:17855,person:orcid:0000-0002-7142-3364,1,1.0,doi:10.1007/s11136-025-03983-2,10.1007/s11136-025-03983-2
person:eqmember:17855,person:orcid:0000-0002-7797-4722,1,1.0,doi:10.1007/s11136-025-03930-1,10.1007/s11136-025-03930-1
person:eqmember:17855,person:orcid:0000-0002-8931-4086,1,1.0,doi:10.1007/s11136-022-03143-w,10.1007/s11136-022-03143-w
person:eqmember:17855,person:orcid:0000-0002-9062-9624,1,1.0,doi:10.1186/s12955-021-01889-4,10.1186/s12955-021-01889-4
person:eqmember:17855,person:orcid:0000-0002-9853-1592,1,1.0,doi:10.1007/s11136-025-03930-1,10.1007/s11136-025-03930-1
person:eqmember:17855,person:orcid:0000-0003-0221-9914,1,1.0,doi:10.1007/s11136-025-03930-1,10.1007/s11136-025-03930-1
person:eqmember:17855,person:orcid:0000-0003-2533-0818,1,1.0,doi:10.1007/s11136-022-03143-w,10.1007/s11136-022-03143-w
person:eqmember:17855,person:orcid:0000-0003-3621-1339,1,1.0,doi:10.1007/s11136-025-03930-1,10.1007/s11136-025-03930-1
person:eqmember:17855,person:orcid:0000-0003-3941-4553,1,1.0,doi:10.1007/s41669-023-00437-8,10.1007/s41669-023-00437-8
person:eqmember:17861,person:eqmember:17869,1,1.0,doi:10.1007/s40273-022-01172-4,10.1007/s40273-022-01172-4
person:eqmember:17861,person:eqmember:17889,1,1.0,doi:10.3390/nu16162591,10.3390/nu16162591
person:eqmember:17861,person:eqmember:17924,1,1.0,doi:10.1016/j.jval.2019.06.008,10.1016/j.jval.2019.06.008
person:eqmember:17861,person:eqmember:18019,1,1.0,doi:10.1016/j.jval.2019.06.008,10.1016/j.jval.2019.06.008
person:eqmember:17861,person:leader:c2d00c5008f7,1,1.0,doi:10.1213/ane.0000000000007107,10.1213/ane.0000000000007107
person:eqmember:17861,person:leader:fbb9eb69f451,1,1.0,doi:10.1186/s12955-021-01889-4,10.1186/s12955-021-01889-4
person:eqmember:17861,person:openalex:A5014870235,1,1.0,doi:10.1186/s12955-021-01889-4,10.1186/s12955-021-01889-4
person:eqmember:17861,person:openalex:A5054515213,1,1.0,doi:10.1186/s12955-019-1139-4,10.1186/s12955-019-1139-4
person:eqmember:17861,person:orcid:0000-0001-5416-042x,1,1.0,doi:10.1007/s11136-019-02156-2,10.1007/s11136-019-02156-2
person:eqmember:17861,person:orcid:0000-0001-6699-6072,1,1.0,doi:10.1186/s12955-021-01889-4,10.1186/s12955-021-01889-4
person:eqmember:17861,person:orcid:0000-0001-7058-5102,1,1.0,doi:10.1213/ane.0000000000007107,10.1213/ane.0000000000007107
person:eqmember:17861,person:orcid:0000-0002-4949-9303,1,1.0,doi:10.3390/nu16162591,10.3390/nu16162591
person:eqmember:17861,person:orcid:0000-0002-8229-4369,1,1.0,doi:10.1213/ane.0000000000007107,10.1213/ane.0000000000007107
person:eqmember:17861,person:orcid:0000-0002-8773-2786,1,1.0,doi:10.3390/nu16162591,10.3390/nu16162591
person:eqmember:17861,person:orcid:0000-0002-9062-9624,1,1.0,doi:10.1186/s12955-021-01889-4,10.1186/s12955-021-01889-4
person:eqmember:17861,person:orcid:0000-0003-1200-9961,1,1.0,doi:10.3390/nu16162591,10.3390/nu16162591
person:eqmember:17861,person:orcid:0009-0009-4958-1276,1,1.0,doi:10.3390/nu16162591,10.3390/nu16162591
person:eqmember:17867,person:eqmember:17879,1,1.0,doi:10.1007/s11136-025-03983-2,10.1007/s11136-025-03983-2
person:eqmember:17867,person:eqmember:17893,1,1.0,doi:10.1007/s11136-025-03983-2,10.1007/s11136-025-03983-2
person:eqmember:17867,person:eqmember:17936,1,1.0,doi:10.1007/s11136-025-03983-2,10.1007/s11136-025-03983-2
person:eqmember:17867,person:eqmember:17954,1,1.0,doi:10.1007/s11136-025-03983-2,10.1007/s11136-025-03983-2
person:eqmember:17867,person:eqmember:17976,1,1.0,doi:10.1007/s11136-025-03983-2,10.1007/s11136-025-03983-2
person:eqmember:17867,person:eqmember:18004,1,1.0,doi:10.1007/s11136-025-03983-2,10.1007/s11136-025-03983-2
person:eqmember:17867,person:eqmember:18008,1,1.0,doi:10.1007/s11136-025-03983-2,10.1007/s11136-025-03983-2
person:eqmember:17867,person:eqmember:18019,1,1.0,doi:10.1007/s11136-025-03983-2,10.1007/s11136-025-03983-2
person:eqmember:17867,person:eqmember:19005,1,1.0,doi:10.1007/s11136-025-03983-2,10.1007/s11136-025-03983-2
person:eqmember:17867,person:openalex:A5054412185,1,1.0,doi:10.1038/s41433-023-02860-x,10.1038/s41433-023-02860-x
person:eqmember:17867,person:openalex:A5080215797,1,1.0,doi:10.1038/s41433-023-02860-x,10.1038/s41433-023-02860-x
person:eqmember:17867,person:openalex:A5087010532,1,1.0,doi:10.1038/s41433-023-02860-x,10.1038/s41433-023-02860-x
person:eqmember:17867,person:openalex:A5109778098,1,1.0,doi:10.1038/s41433-023-02860-x,10.1038/s41433-023-02860-x
person:eqmember:17867,person:orcid:0000-0002-3025-4066,1,1.0,doi:10.1038/s41433-023-02860-x,10.1038/s41433-023-02860-x
person:eqmember:17867,person:orcid:0000-0002-7142-3364,1,1.0,doi:10.1007/s11136-025-03983-2,10.1007/s11136-025-03983-2
person:eqmember:17867,person:orcid:0000-0002-8169-1645,1,1.0,doi:10.1038/s41433-023-02860-x,10.1038/s41433-023-02860-x
person:eqmember:17867,person:orcid:0000-0003-0239-7278,1,1.0,doi:10.1038/s41433-023-02860-x,10.1038/s41433-023-02860-x
person:eqmember:17867,person:orcid:0000-0003-0666-7431,1,1.0,doi:10.1038/s41433-023-02860-x,10.1038/s41433-023-02860-x
person:eqmember:17867,person:orcid:0000-0003-1681-698x,1,1.0,doi:10.1038/s41433-023-02860-x,10.1038/s41433-023-02860-x
person:eqmember:17867,person:orcid:0000-0003-4212-2658,1,1.0,doi:10.1038/s41433-023-02860-x,10.1038/s41433-023-02860-x
person:eqmember:17869,person:leader:b9c067658879,1,1.0,doi:10.1007/s11136-026-04226-8,10.1007/s11136-026-04226-8
person:eqmember:17869,person:openalex:A5114345756,1,1.0,doi:10.1007/s11136-026-04226-8,10.1007/s11136-026-04226-8
person:eqmember:17869,person:openalex:A5132638343,1,1.0,doi:10.1007/s11136-026-04226-8,10.1007/s11136-026-04226-8
person:eqmember:17871,person:eqmember:17974,1,1.0,doi:10.1007/s11136-020-02712-1,10.1007/s11136-020-02712-1
person:eqmember:17871,person:eqmember:17980,1,1.0,doi:10.1007/s11136-020-02712-1,10.1007/s11136-020-02712-1
person:eqmember:17871,person:eqmember:17988,1,1.0,doi:10.1007/s11136-020-02712-1,10.1007/s11136-020-02712-1
person:eqmember:17871,person:eqmember:18000,1,1.0,doi:10.1007/s11136-020-02712-1,10.1007/s11136-020-02712-1
person:eqmember:17871,person:orcid:0000-0001-7458-6460,1,1.0,doi:10.1007/s11136-020-02712-1,10.1007/s11136-020-02712-1
person:eqmember:17871,person:orcid:0000-0003-3619-5367,1,1.0,doi:10.1007/s11136-020-02712-1,10.1007/s11136-020-02712-1
person:eqmember:17871,person:orcid:0000-0003-4402-9211,1,1.0,doi:10.1007/s11136-020-02712-1,10.1007/s11136-020-02712-1
person:eqmember:17873,person:eqmember:17946,1,1.0,doi:10.1007/s10198-025-01852-w,10.1007/s10198-025-01852-w
person:eqmember:17873,person:eqmember:18002,1,1.0,doi:10.1007/s10198-025-01852-w,10.1007/s10198-025-01852-w
person:eqmember:17873,person:eqmember:19028,1,1.0,doi:10.1007/s11136-026-04294-w,10.1007/s11136-026-04294-w
person:eqmember:17873,person:orcid:0000-0001-6638-421x,1,1.0,doi:10.1007/s11136-026-04294-w,10.1007/s11136-026-04294-w
person:eqmember:17873,person:orcid:0000-0002-8385-5965,1,1.0,doi:10.1007/s11136-026-04294-w,10.1007/s11136-026-04294-w
person:eqmember:17875,person:eqmember:17893,1,1.0,doi:10.1007/s40273-017-0538-9,10.1007/s40273-017-0538-9
person:eqmember:17875,person:eqmember:17897,1,1.0,doi:10.1007/s10198-023-01647-x,10.1007/s10198-023-01647-x
person:eqmember:17875,person:eqmember:17924,1,1.0,doi:10.1016/j.jval.2019.06.008,10.1016/j.jval.2019.06.008
person:eqmember:17875,person:eqmember:17940,1,1.0,doi:10.1007/s11136-021-03075-x,10.1007/s11136-021-03075-x
person:eqmember:17875,person:eqmember:17998,1,1.0,doi:10.1016/j.vhri.2025.101501,10.1016/j.vhri.2025.101501
person:eqmember:17875,person:leader:09fa3c498378,1,1.0,doi:10.1007/s11136-021-03075-x,10.1007/s11136-021-03075-x
person:eqmember:17875,person:leader:31a5417532b0,1,1.0,doi:10.1007/s11136-021-03075-x,10.1007/s11136-021-03075-x
person:eqmember:17875,person:leader:53444d26184b,1,1.0,doi:10.1007/s11136-021-03075-x,10.1007/s11136-021-03075-x
person:eqmember:17875,person:leader:ad6bbe401f11,1,1.0,doi:10.1007/s11136-021-03075-x,10.1007/s11136-021-03075-x
person:eqmember:17875,person:leader:c776fcba6574,1,1.0,doi:10.1007/s11136-021-03075-x,10.1007/s11136-021-03075-x
person:eqmember:17875,person:openalex:A5014870235,1,1.0,doi:10.1186/s12955-021-01889-4,10.1186/s12955-021-01889-4
person:eqmember:17875,person:openalex:A5053842557,1,1.0,doi:10.1136/bmjopen-2025-102509,10.1136/bmjopen-2025-102509
person:eqmember:17875,person:openalex:A5114202758,1,1.0,doi:10.1007/s11136-025-03917-y,10.1007/s11136-025-03917-y
person:eqmember:17875,person:openalex:A5118390306,1,1.0,doi:10.1136/bmjopen-2025-102509,10.1136/bmjopen-2025-102509
person:eqmember:17875,person:orcid:0000-0001-6699-6072,1,1.0,doi:10.1186/s12955-021-01889-4,10.1186/s12955-021-01889-4
person:eqmember:17875,person:orcid:0000-0001-6962-0564,1,1.0,doi:10.1007/s11136-021-03075-x,10.1007/s11136-021-03075-x
person:eqmember:17875,person:orcid:0000-0002-0177-0192,1,1.0,doi:10.1007/s11136-021-03075-x,10.1007/s11136-021-03075-x
person:eqmember:17875,person:orcid:0000-0002-0178-7007,1,1.0,doi:10.1136/bmjopen-2025-102509,10.1136/bmjopen-2025-102509
person:eqmember:17875,person:orcid:0000-0002-4749-5536,1,1.0,doi:10.1007/s11136-021-03075-x,10.1007/s11136-021-03075-x
person:eqmember:17875,person:orcid:0000-0002-6891-2650,1,1.0,doi:10.1007/s11136-021-03075-x,10.1007/s11136-021-03075-x
person:eqmember:17875,person:orcid:0000-0002-9062-9624,1,1.0,doi:10.1186/s12955-021-01889-4,10.1186/s12955-021-01889-4
person:eqmember:17875,person:orcid:0000-0003-3483-5658,1,1.0,doi:10.1136/bmjopen-2025-102509,10.1136/bmjopen-2025-102509
person:eqmember:17875,person:orcid:0009-0002-6616-3657,1,1.0,doi:10.1007/s10198-024-01710-1,10.1007/s10198-024-01710-1
person:eqmember:17875,person:orcid:0009-0008-6782-4182,1,1.0,doi:10.1007/s10198-024-01710-1,10.1007/s10198-024-01710-1
person:eqmember:17877,person:eqmember:17937,1,1.0,doi:10.1016/j.jval.2021.12.014,10.1016/j.jval.2021.12.014
person:eqmember:17877,person:eqmember:17960,1,1.0,doi:10.1136/bmjopen-2025-100897,10.1136/bmjopen-2025-100897
person:eqmember:17877,person:eqmember:17990,1,1.0,doi:10.1007/s40273-025-01550-8,10.1007/s40273-025-01550-8
person:eqmember:17877,person:eqmember:17992,1,1.0,doi:10.1016/j.jval.2021.12.014,10.1016/j.jval.2021.12.014
person:eqmember:17877,person:eqmember:18002,1,1.0,doi:10.1007/s10198-025-01804-4,10.1007/s10198-025-01804-4
person:eqmember:17877,person:eqmember:19003,1,1.0,doi:10.1007/s10198-025-01770-x,10.1007/s10198-025-01770-x
person:eqmember:17877,person:eqmember:19813,1,1.0,doi:10.1136/bmjopen-2025-100897,10.1136/bmjopen-2025-100897
person:eqmember:17877,person:leader:510242c8d95e,1,1.0,doi:10.1186/s41687-023-00560-4,10.1186/s41687-023-00560-4
person:eqmember:17877,person:leader:63cb6b329986,1,1.0,doi:10.1007/s40273-025-01550-8,10.1007/s40273-025-01550-8
person:eqmember:17877,person:leader:82320ccd878a,1,1.0,doi:10.1007/s10198-025-01770-x,10.1007/s10198-025-01770-x
person:eqmember:17877,person:leader:8677f310bcd0,1,1.0,doi:10.1016/j.jval.2021.12.014,10.1016/j.jval.2021.12.014
person:eqmember:17877,person:leader:c9be2e978859,1,1.0,doi:10.1007/s10198-025-01770-x,10.1007/s10198-025-01770-x
person:eqmember:17877,person:leader:e448059d8472,1,1.0,doi:10.1007/s40273-025-01550-8,10.1007/s40273-025-01550-8
person:eqmember:17877,person:openalex:A5001166372,1,1.0,doi:10.36469/001c.145813,10.36469/001c.145813
person:eqmember:17877,person:openalex:A5003148807,1,1.0,doi:10.36469/001c.145813,10.36469/001c.145813
person:eqmember:17877,person:openalex:A5012208098,1,1.0,doi:10.36469/001c.145813,10.36469/001c.145813
person:eqmember:17877,person:openalex:A5016055826,1,1.0,doi:10.36469/001c.145813,10.36469/001c.145813
person:eqmember:17877,person:openalex:A5018364694,1,1.0,doi:10.1007/s10198-025-01804-4,10.1007/s10198-025-01804-4
person:eqmember:17877,person:openalex:A5031673823,1,1.0,doi:10.36469/001c.145813,10.36469/001c.145813
person:eqmember:17877,person:openalex:A5041379430,1,1.0,doi:10.36469/001c.145813,10.36469/001c.145813
person:eqmember:17877,person:openalex:A5045403219,1,1.0,doi:10.36469/001c.145813,10.36469/001c.145813
person:eqmember:17877,person:openalex:A5051372183,1,1.0,doi:10.36469/001c.145813,10.36469/001c.145813
person:eqmember:17877,person:openalex:A5051988707,1,1.0,doi:10.36469/001c.145813,10.36469/001c.145813
person:eqmember:17877,person:openalex:A5075102472,1,1.0,doi:10.36469/001c.145813,10.36469/001c.145813
person:eqmember:17877,person:openalex:A5086528283,1,1.0,doi:10.1007/s10198-025-01804-4,10.1007/s10198-025-01804-4
person:eqmember:17877,person:openalex:A5110255509,1,1.0,doi:10.1007/s10198-025-01804-4,10.1007/s10198-025-01804-4
person:eqmember:17877,person:openalex:A5111502485,1,1.0,doi:10.36469/001c.145813,10.36469/001c.145813
person:eqmember:17877,person:openalex:A5112697096,1,1.0,doi:10.36469/001c.145813,10.36469/001c.145813
person:eqmember:17877,person:openalex:A5122353169,1,1.0,doi:10.1007/s11136-025-04150-3,10.1007/s11136-025-04150-3
person:eqmember:17877,person:openalex:A5122380022,1,1.0,doi:10.1007/s11136-025-04150-3,10.1007/s11136-025-04150-3
person:eqmember:17877,person:openalex:A5122382176,1,1.0,doi:10.1007/s11136-025-04150-3,10.1007/s11136-025-04150-3
person:eqmember:17877,person:openalex:A5125700763,1,1.0,doi:10.1186/s41687-025-00985-z,10.1186/s41687-025-00985-z
person:eqmember:17877,person:openalex:A5125757955,1,1.0,doi:10.1186/s41687-025-00985-z,10.1186/s41687-025-00985-z
person:eqmember:17877,person:orcid:0000-0001-5193-918x,1,1.0,doi:10.1007/s11136-025-04150-3,10.1007/s11136-025-04150-3
person:eqmember:17877,person:orcid:0000-0001-7472-2039,1,1.0,doi:10.1007/s40273-025-01550-8,10.1007/s40273-025-01550-8
person:eqmember:17877,person:orcid:0000-0002-1175-2211,1,1.0,doi:10.1007/s10198-025-01770-x,10.1007/s10198-025-01770-x
person:eqmember:17877,person:orcid:0000-0002-1433-818x,1,1.0,doi:10.1007/s10198-025-01770-x,10.1007/s10198-025-01770-x
person:eqmember:17877,person:orcid:0000-0002-2013-6963,1,1.0,doi:10.1186/s41687-023-00560-4,10.1186/s41687-023-00560-4
person:eqmember:17877,person:orcid:0000-0002-3216-9076,1,1.0,doi:10.1186/s41687-025-00985-z,10.1186/s41687-025-00985-z
person:eqmember:17877,person:orcid:0000-0002-5956-8990,1,1.0,doi:10.1186/s41687-025-00985-z,10.1186/s41687-025-00985-z
person:eqmember:17877,person:orcid:0000-0002-7375-4845,1,1.0,doi:10.1186/s41687-023-00560-4,10.1186/s41687-023-00560-4
person:eqmember:17877,person:orcid:0000-0002-8639-5191,1,1.0,doi:10.1186/s41687-023-00560-4,10.1186/s41687-023-00560-4
person:eqmember:17877,person:orcid:0000-0003-1604-5353,1,1.0,doi:10.1007/s40273-025-01550-8,10.1007/s40273-025-01550-8
person:eqmember:17877,person:orcid:0000-0003-2449-2516,1,1.0,doi:10.1007/s40273-025-01550-8,10.1007/s40273-025-01550-8
person:eqmember:17877,person:orcid:0000-0003-3121-6050,1,1.0,doi:10.1186/s41687-023-00560-4,10.1186/s41687-023-00560-4
person:eqmember:17877,person:orcid:0009-0009-2934-8362,1,1.0,doi:10.1007/s10198-025-01770-x,10.1007/s10198-025-01770-x
person:eqmember:17879,person:eqmember:17936,1,1.0,doi:10.1007/s11136-025-03983-2,10.1007/s11136-025-03983-2
person:eqmember:17879,person:eqmember:17954,1,1.0,doi:10.1007/s11136-025-03983-2,10.1007/s11136-025-03983-2
person:eqmember:17879,person:eqmember:18004,1,1.0,doi:10.1007/s11136-025-03983-2,10.1007/s11136-025-03983-2
person:eqmember:17879,person:eqmember:18008,1,1.0,doi:10.1007/s11136-025-03983-2,10.1007/s11136-025-03983-2
person:eqmember:17879,person:eqmember:18012,1,1.0,doi:10.1016/j.jval.2024.11.006,10.1016/j.jval.2024.11.006
person:eqmember:17879,person:eqmember:18019,1,1.0,doi:10.1007/s11136-025-03983-2,10.1007/s11136-025-03983-2
person:eqmember:17879,person:leader:a0721a90a44f,1,1.0,doi:10.1186/s12891-024-07304-5,10.1186/s12891-024-07304-5
person:eqmember:17879,person:leader:ef46534448d4,1,1.0,doi:10.5492/wjccm.v11.i4.236,10.5492/wjccm.v11.i4.236
person:eqmember:17879,person:openalex:A5032068645,1,1.0,doi:10.1002/hsr2.70308,10.1002/hsr2.70308
person:eqmember:17879,person:openalex:A5040717022,1,1.0,doi:10.1186/s12955-023-02207-w,10.1186/s12955-023-02207-w
person:eqmember:17879,person:openalex:A5058639972,1,1.0,doi:10.1186/s12955-023-02207-w,10.1186/s12955-023-02207-w
person:eqmember:17879,person:openalex:A5085348599,1,1.0,doi:10.1016/j.jval.2024.11.006,10.1016/j.jval.2024.11.006
person:eqmember:17879,person:openalex:A5108712913,1,1.0,doi:10.1002/hsr2.70308,10.1002/hsr2.70308
person:eqmember:17879,person:orcid:0000-0001-6610-3369,1,1.0,doi:10.5492/wjccm.v11.i4.236,10.5492/wjccm.v11.i4.236
person:eqmember:17879,person:orcid:0000-0001-7147-2222,1,1.0,doi:10.5492/wjccm.v11.i4.236,10.5492/wjccm.v11.i4.236
person:eqmember:17879,person:orcid:0000-0001-8076-9626,1,1.0,doi:10.5492/wjccm.v11.i4.236,10.5492/wjccm.v11.i4.236
person:eqmember:17879,person:orcid:0000-0001-9074-7359,1,1.0,doi:10.1016/j.pecinn.2025.100421,10.1016/j.pecinn.2025.100421
person:eqmember:17879,person:orcid:0000-0001-9749-1747,1,1.0,doi:10.5492/wjccm.v11.i4.236,10.5492/wjccm.v11.i4.236
person:eqmember:17879,person:orcid:0000-0002-0360-3427,1,1.0,doi:10.5492/wjccm.v11.i4.236,10.5492/wjccm.v11.i4.236
person:eqmember:17879,person:orcid:0000-0002-1002-2989,1,1.0,doi:10.5492/wjccm.v11.i4.236,10.5492/wjccm.v11.i4.236
person:eqmember:17879,person:orcid:0000-0002-2874-8948,1,1.0,doi:10.5492/wjccm.v11.i4.236,10.5492/wjccm.v11.i4.236
person:eqmember:17879,person:orcid:0000-0002-2903-1631,1,1.0,doi:10.5492/wjccm.v11.i4.236,10.5492/wjccm.v11.i4.236
person:eqmember:17879,person:orcid:0000-0002-6213-5264,1,1.0,doi:10.5492/wjccm.v11.i4.236,10.5492/wjccm.v11.i4.236
person:eqmember:17879,person:orcid:0000-0002-6530-5513,1,1.0,doi:10.5492/wjccm.v11.i4.236,10.5492/wjccm.v11.i4.236
person:eqmember:17879,person:orcid:0000-0002-7299-6594,1,1.0,doi:10.5492/wjccm.v11.i4.236,10.5492/wjccm.v11.i4.236
person:eqmember:17879,person:orcid:0000-0002-8293-7061,1,1.0,doi:10.5492/wjccm.v11.i4.236,10.5492/wjccm.v11.i4.236
person:eqmember:17879,person:orcid:0000-0002-9527-0577,1,1.0,doi:10.5492/wjccm.v11.i4.236,10.5492/wjccm.v11.i4.236
person:eqmember:17879,person:orcid:0000-0003-0331-5182,1,1.0,doi:10.5492/wjccm.v11.i4.236,10.5492/wjccm.v11.i4.236
person:eqmember:17879,person:orcid:0000-0003-1231-1490,1,1.0,doi:10.5492/wjccm.v11.i4.236,10.5492/wjccm.v11.i4.236
person:eqmember:17879,person:orcid:0000-0003-2802-2810,1,1.0,doi:10.1186/s12955-023-02207-w,10.1186/s12955-023-02207-w
person:eqmember:17879,person:orcid:0000-0003-3571-3871,1,1.0,doi:10.5492/wjccm.v11.i4.236,10.5492/wjccm.v11.i4.236
person:eqmember:17879,person:orcid:0000-0003-3633-6596,1,1.0,doi:10.5492/wjccm.v11.i4.236,10.5492/wjccm.v11.i4.236
person:eqmember:17881,person:eqmember:17982,1,1.0,doi:10.1016/j.vhri.2021.09.007,10.1016/j.vhri.2021.09.007
person:eqmember:17881,person:leader:510242c8d95e,1,1.0,doi:10.1016/j.vhri.2021.09.007,10.1016/j.vhri.2021.09.007
person:eqmember:17881,person:openalex:A5081675787,1,1.0,doi:10.1016/j.vhri.2021.09.007,10.1016/j.vhri.2021.09.007
person:eqmember:17881,person:orcid:0000-0002-2013-6963,1,1.0,doi:10.1016/j.vhri.2021.09.007,10.1016/j.vhri.2021.09.007
person:eqmember:17881,person:orcid:0000-0002-7375-4845,1,1.0,doi:10.1016/j.vhri.2021.09.007,10.1016/j.vhri.2021.09.007
person:eqmember:17881,person:orcid:0000-0002-8639-5191,1,1.0,doi:10.1016/j.vhri.2021.09.007,10.1016/j.vhri.2021.09.007
person:eqmember:17881,person:orcid:0000-0003-3121-6050,1,1.0,doi:10.1016/j.vhri.2021.09.007,10.1016/j.vhri.2021.09.007
person:eqmember:17885,person:eqmember:17901,1,1.0,doi:10.12688/wellcomeopenres.21408.2,10.12688/wellcomeopenres.21408.2
person:eqmember:17885,person:eqmember:17905,1,1.0,doi:10.12688/wellcomeopenres.21408.2,10.12688/wellcomeopenres.21408.2
person:eqmember:17885,person:eqmember:17937,1,1.0,doi:10.1007/s11136-022-03304-x,10.1007/s11136-022-03304-x
person:eqmember:17885,person:eqmember:17958,1,1.0,doi:10.12688/wellcomeopenres.21408.2,10.12688/wellcomeopenres.21408.2
person:eqmember:17885,person:eqmember:17960,1,1.0,doi:10.1186/s12955-021-01858-x,10.1186/s12955-021-01858-x
person:eqmember:17885,person:eqmember:18010,1,1.0,doi:10.12688/wellcomeopenres.21408.2,10.12688/wellcomeopenres.21408.2
person:eqmember:17885,person:eqmember:19003,1,1.0,doi:10.1177/0272989x20969686,10.1177/0272989x20969686
person:eqmember:17885,person:leader:0a4ba2690908,1,1.0,doi:10.12688/wellcomeopenres.21408.2,10.12688/wellcomeopenres.21408.2
person:eqmember:17885,person:leader:4a5cd1710c94,1,1.0,doi:10.12688/wellcomeopenres.21408.2,10.12688/wellcomeopenres.21408.2
person:eqmember:17885,person:openalex:A5072547675,1,1.0,doi:10.1007/s10198-021-01306-z,10.1007/s10198-021-01306-z
person:eqmember:17885,person:openalex:A5111788632,1,1.0,doi:10.1007/s10198-021-01306-z,10.1007/s10198-021-01306-z
person:eqmember:17885,person:orcid:0000-0001-9071-2842,1,1.0,doi:10.1007/s10198-021-01306-z,10.1007/s10198-021-01306-z
person:eqmember:17885,person:orcid:0000-0002-0680-7353,1,1.0,doi:10.1007/s10198-021-01306-z,10.1007/s10198-021-01306-z
person:eqmember:17885,person:orcid:0000-0003-0851-8341,1,1.0,doi:10.1007/s10198-021-01306-z,10.1007/s10198-021-01306-z
person:eqmember:17889,person:eqmember:17895,1,1.0,doi:10.3390/nu16162591,10.3390/nu16162591
person:eqmember:17889,person:eqmember:19005,1,1.0,doi:10.3390/nu16162591,10.3390/nu16162591
person:eqmember:17889,person:orcid:0000-0002-4331-3141,1,1.0,doi:10.3390/nu16162591,10.3390/nu16162591
person:eqmember:17889,person:orcid:0000-0002-4949-9303,1,1.0,doi:10.3390/nu16162591,10.3390/nu16162591
person:eqmember:17889,person:orcid:0000-0002-8773-2786,1,1.0,doi:10.3390/nu16162591,10.3390/nu16162591
person:eqmember:17889,person:orcid:0000-0003-1200-9961,1,1.0,doi:10.3390/nu16162591,10.3390/nu16162591
person:eqmember:17889,person:orcid:0009-0009-4958-1276,1,1.0,doi:10.3390/nu16162591,10.3390/nu16162591
person:eqmember:17893,person:eqmember:17930,1,1.0,doi:10.1016/j.jval.2018.05.002,10.1016/j.jval.2018.05.002
person:eqmember:17893,person:eqmember:17936,1,1.0,doi:10.1007/s11136-025-03983-2,10.1007/s11136-025-03983-2
person:eqmember:17893,person:eqmember:17954,1,1.0,doi:10.1007/s11136-025-03983-2,10.1007/s11136-025-03983-2
person:eqmember:17893,person:eqmember:17956,1,1.0,doi:10.1016/j.jval.2025.01.020,10.1016/j.jval.2025.01.020
person:eqmember:17893,person:eqmember:17974,1,1.0,doi:10.1016/j.jval.2025.07.016,10.1016/j.jval.2025.07.016
person:eqmember:17893,person:eqmember:17984,1,1.0,doi:10.1007/s40271-022-00573-z,10.1007/s40271-022-00573-z
person:eqmember:17893,person:eqmember:18002,1,1.0,doi:10.1016/j.jval.2025.07.016,10.1016/j.jval.2025.07.016
person:eqmember:17893,person:eqmember:18004,1,1.0,doi:10.1007/s11136-025-03983-2,10.1007/s11136-025-03983-2
person:eqmember:17893,person:eqmember:18006,1,1.0,doi:10.1016/j.jval.2021.03.019,10.1016/j.jval.2021.03.019
person:eqmember:17893,person:eqmember:18008,1,1.0,doi:10.1007/s11136-025-03983-2,10.1007/s11136-025-03983-2
person:eqmember:17893,person:eqmember:19813,1,1.0,doi:10.1016/j.jval.2014.11.005,10.1016/j.jval.2014.11.005
person:eqmember:17893,person:leader:53444d26184b,1,1.0,doi:10.1371/journal.pone.0209344,10.1371/journal.pone.0209344
person:eqmember:17893,person:leader:942313d653a7,1,1.0,doi:10.1007/s40273-019-00876-4,10.1007/s40273-019-00876-4
person:eqmember:17893,person:leader:e441983c0a65,1,1.0,doi:10.1016/j.jval.2025.07.016,10.1016/j.jval.2025.07.016
person:eqmember:17893,person:leader:fbb9eb69f451,1,1.0,doi:10.1007/s40273-017-0538-9,10.1007/s40273-017-0538-9
person:eqmember:17893,person:openalex:A5000298893,1,1.0,doi:10.1016/j.jval.2014.11.005,10.1016/j.jval.2014.11.005
person:eqmember:17893,person:openalex:A5037261695,1,1.0,doi:10.1016/j.jval.2018.05.002,10.1016/j.jval.2018.05.002
person:eqmember:17893,person:openalex:A5106693152,1,1.0,doi:10.1016/j.jval.2021.10.013,10.1016/j.jval.2021.10.013
person:eqmember:17893,person:openalex:A5106693153,1,1.0,doi:10.1016/j.jval.2021.10.013,10.1016/j.jval.2021.10.013
person:eqmember:17893,person:openalex:A5108286749,1,1.0,doi:10.1016/j.jval.2021.10.013,10.1016/j.jval.2021.10.013
person:eqmember:17893,person:openalex:A5110068367,1,1.0,doi:10.1371/journal.pone.0209344,10.1371/journal.pone.0209344
person:eqmember:17893,person:openalex:A5112406075,1,1.0,doi:10.1371/journal.pone.0209344,10.1371/journal.pone.0209344
person:eqmember:17893,person:openalex:A5113535557,1,1.0,doi:10.1007/s40273-017-0538-9,10.1007/s40273-017-0538-9
person:eqmember:17893,person:orcid:0000-0001-5126-9104,1,1.0,doi:10.1007/s40273-017-0538-9,10.1007/s40273-017-0538-9
person:eqmember:17893,person:orcid:0000-0001-6660-5246,1,1.0,doi:10.1371/journal.pone.0209344,10.1371/journal.pone.0209344
person:eqmember:17893,person:orcid:0000-0001-6783-0023,1,1.0,doi:10.1007/s40273-019-00876-4,10.1007/s40273-019-00876-4
person:eqmember:17893,person:orcid:0000-0001-7470-528x,1,1.0,doi:10.1371/journal.pone.0209344,10.1371/journal.pone.0209344
person:eqmember:17893,person:orcid:0000-0001-9970-3045,1,1.0,doi:10.1016/j.jval.2021.03.019,10.1016/j.jval.2021.03.019
person:eqmember:17893,person:orcid:0000-0002-0138-9252,1,1.0,doi:10.3390/ijerph19138208,10.3390/ijerph19138208
person:eqmember:17893,person:orcid:0000-0002-1541-3989,1,1.0,doi:10.3390/ijerph19138208,10.3390/ijerph19138208
person:eqmember:17893,person:orcid:0000-0002-4758-7588,1,1.0,doi:10.1016/j.jval.2025.01.020,10.1016/j.jval.2025.01.020
person:eqmember:17893,person:orcid:0000-0002-5373-410x,1,1.0,doi:10.3390/ijerph19138208,10.3390/ijerph19138208
person:eqmember:17893,person:orcid:0000-0002-5626-8116,1,1.0,doi:10.3390/ijerph19138208,10.3390/ijerph19138208
person:eqmember:17893,person:orcid:0000-0002-7319-7188,1,1.0,doi:10.1007/s40273-017-0538-9,10.1007/s40273-017-0538-9
person:eqmember:17893,person:orcid:0000-0002-8249-7481,1,1.0,doi:10.1371/journal.pone.0209344,10.1371/journal.pone.0209344
person:eqmember:17893,person:orcid:0000-0002-9526-6922,1,1.0,doi:10.1007/s40273-017-0538-9,10.1007/s40273-017-0538-9
person:eqmember:17893,person:orcid:0000-0003-0545-1567,1,1.0,doi:10.1371/journal.pone.0209344,10.1371/journal.pone.0209344
person:eqmember:17893,person:orcid:0000-0003-4833-7967,1,1.0,doi:10.3390/ijerph19138208,10.3390/ijerph19138208
person:eqmember:17895,person:eqmember:17954,1,1.0,doi:10.1136/bmjopen-2023-080985,10.1136/bmjopen-2023-080985
person:eqmember:17895,person:eqmember:18018,1,1.0,doi:10.1007/s11136-026-04285-x,10.1007/s11136-026-04285-x
person:eqmember:17895,person:leader:04cf56c7a04c,1,1.0,doi:10.1136/bmjopen-2023-080985,10.1136/bmjopen-2023-080985
person:eqmember:17895,person:leader:08f441c510b7,1,1.0,doi:10.3389/ijph.2026.1608807,10.3389/ijph.2026.1608807
person:eqmember:17895,person:leader:a88a6c88814a,1,1.0,doi:10.3389/ijph.2026.1608807,10.3389/ijph.2026.1608807
person:eqmember:17895,person:leader:c2d00c5008f7,1,1.0,doi:10.1007/s11136-026-04285-x,10.1007/s11136-026-04285-x
person:eqmember:17895,person:openalex:A5054515213,1,1.0,doi:10.1186/s12955-019-1139-4,10.1186/s12955-019-1139-4
person:eqmember:17895,person:openalex:A5073821926,1,1.0,doi:10.3389/ijph.2026.1608807,10.3389/ijph.2026.1608807
person:eqmember:17895,person:openalex:A5091194414,1,1.0,doi:10.1007/s11136-021-03069-9,10.1007/s11136-021-03069-9
person:eqmember:17895,person:openalex:A5117455132,1,1.0,doi:10.3389/ijph.2026.1608807,10.3389/ijph.2026.1608807
person:eqmember:17895,person:openalex:A5132638343,1,1.0,doi:10.1007/s11136-026-04285-x,10.1007/s11136-026-04285-x
person:eqmember:17895,person:openalex:A5138142464,1,1.0,doi:10.1007/s11136-026-04285-x,10.1007/s11136-026-04285-x
person:eqmember:17895,person:orcid:0000-0001-5416-042x,1,1.0,doi:10.1007/s11136-019-02156-2,10.1007/s11136-019-02156-2
person:eqmember:17895,person:orcid:0000-0001-5913-0297,1,1.0,doi:10.1136/bmjopen-2023-080985,10.1136/bmjopen-2023-080985
person:eqmember:17895,person:orcid:0000-0002-0109-3283,1,1.0,doi:10.1007/s11136-021-03069-9,10.1007/s11136-021-03069-9
person:eqmember:17895,person:orcid:0000-0002-2570-1685,1,1.0,doi:10.1136/bmjopen-2023-080985,10.1136/bmjopen-2023-080985
person:eqmember:17895,person:orcid:0000-0002-3816-9106,1,1.0,doi:10.1136/bmjopen-2023-080985,10.1136/bmjopen-2023-080985
person:eqmember:17895,person:orcid:0000-0002-4949-9303,1,1.0,doi:10.3390/nu16162591,10.3390/nu16162591
person:eqmember:17895,person:orcid:0000-0002-8773-2786,1,1.0,doi:10.3390/nu16162591,10.3390/nu16162591
person:eqmember:17895,person:orcid:0000-0003-0131-1444,1,1.0,doi:10.1007/s11136-021-03069-9,10.1007/s11136-021-03069-9
person:eqmember:17895,person:orcid:0000-0003-1200-9961,1,1.0,doi:10.3390/nu16162591,10.3390/nu16162591
person:eqmember:17895,person:orcid:0009-0009-4958-1276,1,1.0,doi:10.3390/nu16162591,10.3390/nu16162591
person:eqmember:17897,person:eqmember:17901,1,1.0,doi:10.1007/s40273-016-0404-1,10.1007/s40273-016-0404-1
person:eqmember:17897,person:eqmember:17916,1,1.0,doi:10.1017/s0266462326103602,10.1017/s0266462326103602
person:eqmember:17897,person:eqmember:17918,1,1.0,doi:10.1017/s0266462326103602,10.1017/s0266462326103602
person:eqmember:17897,person:eqmember:17952,1,1.0,doi:10.1017/s0266462326103602,10.1017/s0266462326103602
person:eqmember:17897,person:eqmember:17966,1,1.0,doi:10.1017/s0266462326103602,10.1017/s0266462326103602
person:eqmember:17897,person:eqmember:17976,1,1.0,doi:10.1017/s0266462326103602,10.1017/s0266462326103602
person:eqmember:17897,person:eqmember:17980,1,1.0,doi:10.1186/s12955-022-02031-8,10.1186/s12955-022-02031-8
person:eqmember:17897,person:eqmember:17992,1,1.0,doi:10.1007/s10198-025-01812-4,10.1007/s10198-025-01812-4
person:eqmember:17897,person:eqmember:19028,1,1.0,doi:10.1007/s40273-025-01519-7,10.1007/s40273-025-01519-7
person:eqmember:17897,person:eqmember:19030,1,1.0,doi:10.1186/s12955-022-02031-8,10.1186/s12955-022-02031-8
person:eqmember:17897,person:leader:78f0dc6cb8d8,1,1.0,doi:10.1007/s10198-025-01812-4,10.1007/s10198-025-01812-4
person:eqmember:17897,person:leader:c776fcba6574,1,1.0,doi:10.1007/s11136-022-03143-w,10.1007/s11136-022-03143-w
person:eqmember:17897,person:openalex:A5000298893,1,1.0,doi:10.1016/j.jval.2014.11.005,10.1016/j.jval.2014.11.005
person:eqmember:17897,person:openalex:A5035696719,1,1.0,doi:10.1007/s11136-022-03143-w,10.1007/s11136-022-03143-w
person:eqmember:17897,person:openalex:A5061247569,1,1.0,doi:10.1007/s11136-022-03143-w,10.1007/s11136-022-03143-w
person:eqmember:17897,person:openalex:A5069067858,1,1.0,doi:10.1007/s11136-022-03143-w,10.1007/s11136-022-03143-w
person:eqmember:17897,person:openalex:A5109331936,1,1.0,doi:10.1007/s11136-022-03143-w,10.1007/s11136-022-03143-w
person:eqmember:17897,person:openalex:A5119599136,1,1.0,doi:10.1007/s10198-025-01812-4,10.1007/s10198-025-01812-4
person:eqmember:17897,person:orcid:0000-0001-6712-5535,1,1.0,doi:10.1007/s40273-025-01519-7,10.1007/s40273-025-01519-7
person:eqmember:17897,person:orcid:0000-0002-0115-9596,1,1.0,doi:10.1186/s41687-020-00247-0,10.1186/s41687-020-00247-0
person:eqmember:17897,person:orcid:0000-0002-2399-6942,1,1.0,doi:10.1007/s10198-025-01812-4,10.1007/s10198-025-01812-4
person:eqmember:17897,person:orcid:0000-0002-2635-7484,1,1.0,doi:10.1007/s11136-022-03143-w,10.1007/s11136-022-03143-w
person:eqmember:17897,person:orcid:0000-0002-5882-6070,1,1.0,doi:10.1007/s10198-025-01812-4,10.1007/s10198-025-01812-4
person:eqmember:17897,person:orcid:0000-0002-8931-4086,1,1.0,doi:10.1007/s11136-022-03143-w,10.1007/s11136-022-03143-w
person:eqmember:17897,person:orcid:0000-0003-0517-7625,1,1.0,doi:10.1007/s40273-025-01519-7,10.1007/s40273-025-01519-7
person:eqmember:17897,person:orcid:0000-0003-1071-0017,1,1.0,doi:10.1186/s41687-020-00247-0,10.1186/s41687-020-00247-0
person:eqmember:17897,person:orcid:0000-0003-2533-0818,1,1.0,doi:10.1007/s11136-022-03143-w,10.1007/s11136-022-03143-w
person:eqmember:17899,person:orcid:0000-0002-1000-4780,1,1.0,doi:10.1007/s11136-025-04133-4,10.1007/s11136-025-04133-4
person:eqmember:17901,person:eqmember:17930,1,1.0,doi:10.1016/j.jval.2018.05.002,10.1016/j.jval.2018.05.002
person:eqmember:17901,person:eqmember:17944,1,1.0,doi:10.1007/s40273-016-0404-1,10.1007/s40273-016-0404-1
person:eqmember:17901,person:eqmember:17974,1,1.0,doi:10.1371/journal.pone.0302886,10.1371/journal.pone.0302886
person:eqmember:17901,person:eqmember:17976,1,1.0,doi:10.1371/journal.pone.0302886,10.1371/journal.pone.0302886
person:eqmember:17901,person:eqmember:21677,1,1.0,doi:10.1371/journal.pone.0302886,10.1371/journal.pone.0302886
person:eqmember:17901,person:openalex:A5037261695,1,1.0,doi:10.1016/j.jval.2018.05.002,10.1016/j.jval.2018.05.002
person:eqmember:17901,person:openalex:A5074077987,1,1.0,doi:10.1007/s40273-025-01545-5,10.1007/s40273-025-01545-5
person:eqmember:17901,person:orcid:0000-0001-6241-0249,1,1.0,doi:10.1007/s10198-018-0993-z,10.1007/s10198-018-0993-z
person:eqmember:17901,person:orcid:0000-0002-2791-9960,1,1.0,doi:10.1007/s40273-025-01545-5,10.1007/s40273-025-01545-5
person:eqmember:17901,person:orcid:0000-0002-8385-5965,1,1.0,doi:10.1371/journal.pone.0302886,10.1371/journal.pone.0302886
person:eqmember:17901,person:orcid:0000-0002-8859-926x,1,1.0,doi:10.1371/journal.pone.0302886,10.1371/journal.pone.0302886
person:eqmember:17901,person:orcid:0000-0003-4535-442x,1,1.0,doi:10.1371/journal.pone.0302886,10.1371/journal.pone.0302886
person:eqmember:17905,person:eqmember:17924,1,1.0,doi:10.1007/s40273-019-00876-4,10.1007/s40273-019-00876-4
person:eqmember:17905,person:eqmember:18006,1,1.0,doi:10.1016/j.jval.2021.03.019,10.1016/j.jval.2021.03.019
person:eqmember:17905,person:leader:942313d653a7,1,1.0,doi:10.1007/s40273-019-00876-4,10.1007/s40273-019-00876-4
person:eqmember:17905,person:orcid:0000-0001-6783-0023,1,1.0,doi:10.1007/s40273-019-00876-4,10.1007/s40273-019-00876-4
person:eqmember:17905,person:orcid:0000-0001-9970-3045,1,1.0,doi:10.1016/j.jval.2021.03.019,10.1016/j.jval.2021.03.019
person:eqmember:17911,person:leader:206cc1095a3f,1,1.0,doi:10.1016/j.jval.2025.04.2160,10.1016/j.jval.2025.04.2160
person:eqmember:17911,person:leader:b74a5997703c,1,1.0,doi:10.1186/s12955-026-02478-z,10.1186/s12955-026-02478-z
person:eqmember:17911,person:leader:e26a260838e7,1,1.0,doi:10.1007/s40273-025-01509-9,10.1007/s40273-025-01509-9
person:eqmember:17911,person:orcid:0000-0001-7335-4852,1,1.0,doi:10.1007/s40273-025-01509-9,10.1007/s40273-025-01509-9
person:eqmember:17911,person:orcid:0000-0002-8385-5965,1,1.0,doi:10.1007/s40273-025-01509-9,10.1007/s40273-025-01509-9
person:eqmember:17911,person:orcid:0000-0003-2359-6823,1,1.0,doi:10.1007/s11136-023-03372-7,10.1007/s11136-023-03372-7
person:eqmember:17911,person:orcid:0000-0003-4780-8333,1,1.0,doi:10.1007/s40271-023-00647-6,10.1007/s40271-023-00647-6
person:eqmember:17913,person:eqmember:17996,1,1.0,doi:10.1186/s12955-022-02083-w,10.1186/s12955-022-02083-w
person:eqmember:17913,person:eqmember:18019,1,1.0,doi:10.1186/s12955-023-02131-z,10.1186/s12955-023-02131-z
person:eqmember:17913,person:eqmember:18648,1,1.0,doi:10.1007/s40273-019-00854-w,10.1007/s40273-019-00854-w
person:eqmember:17913,person:leader:ba7c286781f3,1,1.0,doi:10.1186/s12955-022-02083-w,10.1186/s12955-022-02083-w
person:eqmember:17913,person:openalex:A5048456007,1,1.0,doi:10.1007/s40273-019-00854-w,10.1007/s40273-019-00854-w
person:eqmember:17913,person:openalex:A5087311184,1,1.0,doi:10.1186/s12955-023-02131-z,10.1186/s12955-023-02131-z
person:eqmember:17913,person:orcid:0000-0002-0457-2175,1,1.0,doi:10.1186/s12955-022-02083-w,10.1186/s12955-022-02083-w
person:eqmember:17913,person:orcid:0000-0002-1633-2179,1,1.0,doi:10.1186/s12955-022-02083-w,10.1186/s12955-022-02083-w
person:eqmember:17913,person:orcid:0000-0002-4867-929x,1,1.0,doi:10.1186/s12955-023-02131-z,10.1186/s12955-023-02131-z
person:eqmember:17913,person:orcid:0000-0003-2798-4735,1,1.0,doi:10.1186/s12955-023-02131-z,10.1186/s12955-023-02131-z
person:eqmember:17913,person:orcid:0000-0003-4871-1840,1,1.0,doi:10.1186/s12955-023-02131-z,10.1186/s12955-023-02131-z
person:eqmember:17913,person:orcid:0009-0004-5019-9094,1,1.0,doi:10.1186/s12955-023-02131-z,10.1186/s12955-023-02131-z
person:eqmember:17916,person:eqmember:17918,1,1.0,doi:10.1017/s0266462326103602,10.1017/s0266462326103602
person:eqmember:17916,person:eqmember:17944,1,1.0,doi:10.1017/s0266462326103602,10.1017/s0266462326103602
person:eqmember:17916,person:eqmember:17952,1,1.0,doi:10.1017/s0266462326103602,10.1017/s0266462326103602
person:eqmember:17916,person:eqmember:17966,1,1.0,doi:10.1017/s0266462326103602,10.1017/s0266462326103602
person:eqmember:17916,person:eqmember:17976,1,1.0,doi:10.1017/s0266462326103602,10.1017/s0266462326103602
person:eqmember:17916,person:leader:da2b6bcaceb6,1,1.0,doi:10.1017/s0266462326103602,10.1017/s0266462326103602
person:eqmember:17918,person:eqmember:17944,1,1.0,doi:10.1017/s0266462326103602,10.1017/s0266462326103602
person:eqmember:17918,person:eqmember:17952,1,1.0,doi:10.1017/s0266462326103602,10.1017/s0266462326103602
person:eqmember:17918,person:eqmember:17966,1,1.0,doi:10.1017/s0266462326103602,10.1017/s0266462326103602
person:eqmember:17918,person:eqmember:17976,1,1.0,doi:10.1017/s0266462326103602,10.1017/s0266462326103602
person:eqmember:17918,person:leader:da2b6bcaceb6,1,1.0,doi:10.1017/s0266462326103602,10.1017/s0266462326103602
person:eqmember:17920,person:eqmember:17924,1,1.0,doi:10.1007/s40273-018-0694-6,10.1007/s40273-018-0694-6
person:eqmember:17920,person:eqmember:17946,1,1.0,doi:10.1007/s40273-025-01476-1,10.1007/s40273-025-01476-1
person:eqmember:17920,person:eqmember:17974,1,1.0,doi:10.1007/s40273-025-01476-1,10.1007/s40273-025-01476-1
person:eqmember:17920,person:leader:1064c67128ac,1,1.0,doi:10.3389/fpsyg.2023.1175402,10.3389/fpsyg.2023.1175402
person:eqmember:17920,person:leader:33ce5d686145,1,1.0,doi:10.1007/s40273-025-01476-1,10.1007/s40273-025-01476-1
person:eqmember:17920,person:leader:b101d0407270,1,1.0,doi:10.1007/s40273-018-0694-6,10.1007/s40273-018-0694-6
person:eqmember:17920,person:leader:fa3dd095d626,1,1.0,doi:10.3389/fpsyg.2023.1175402,10.3389/fpsyg.2023.1175402
person:eqmember:17920,person:orcid:0000-0002-0113-6917,1,1.0,doi:10.1007/s40273-025-01476-1,10.1007/s40273-025-01476-1
person:eqmember:17920,person:orcid:0000-0002-0377-3389,1,1.0,doi:10.3389/fpsyg.2023.1175402,10.3389/fpsyg.2023.1175402
person:eqmember:17920,person:orcid:0000-0002-0412-4276,1,1.0,doi:10.1007/s40273-018-0694-6,10.1007/s40273-018-0694-6
person:eqmember:17920,person:orcid:0000-0002-0918-7540,1,1.0,doi:10.1007/s40273-025-01476-1,10.1007/s40273-025-01476-1
person:eqmember:17920,person:orcid:0000-0002-5649-6768,1,1.0,doi:10.3389/fpsyg.2023.1175402,10.3389/fpsyg.2023.1175402
person:eqmember:17920,person:orcid:0000-0003-1026-570x,1,1.0,doi:10.3389/fpsyg.2023.1175402,10.3389/fpsyg.2023.1175402
person:eqmember:17920,person:orcid:0000-0003-3550-990x,1,1.0,doi:10.1007/s40273-025-01476-1,10.1007/s40273-025-01476-1
person:eqmember:17922,person:eqmember:19003,1,1.0,doi:10.1007/s40273-024-01404-9,10.1007/s40273-024-01404-9
person:eqmember:17922,person:leader:82320ccd878a,1,1.0,doi:10.1007/s40273-024-01404-9,10.1007/s40273-024-01404-9
person:eqmember:17922,person:leader:c9be2e978859,1,1.0,doi:10.1007/s40273-024-01404-9,10.1007/s40273-024-01404-9
person:eqmember:17922,person:openalex:A5111246879,1,1.0,doi:10.1007/s40273-024-01404-9,10.1007/s40273-024-01404-9
person:eqmember:17922,person:orcid:0000-0002-1433-818x,1,1.0,doi:10.1007/s40273-024-01404-9,10.1007/s40273-024-01404-9
person:eqmember:17922,person:orcid:0000-0002-3797-949x,1,1.0,doi:10.1007/s40273-024-01404-9,10.1007/s40273-024-01404-9
person:eqmember:17922,person:orcid:0000-0002-8756-8699,1,1.0,doi:10.1007/s40273-024-01404-9,10.1007/s40273-024-01404-9
person:eqmember:17922,person:orcid:0000-0003-4793-9026,1,1.0,doi:10.1007/s40273-024-01404-9,10.1007/s40273-024-01404-9
person:eqmember:17924,person:eqmember:17930,1,1.0,doi:10.1016/j.jval.2018.05.002,10.1016/j.jval.2018.05.002
person:eqmember:17924,person:eqmember:17946,1,1.0,doi:10.1016/j.jval.2018.05.002,10.1016/j.jval.2018.05.002
person:eqmember:17924,person:eqmember:17974,1,1.0,doi:10.1007/s40271-025-00735-9,10.1007/s40271-025-00735-9
person:eqmember:17924,person:eqmember:17976,1,1.0,doi:10.1007/s40271-025-00735-9,10.1007/s40271-025-00735-9
person:eqmember:17924,person:eqmember:17984,1,1.0,doi:10.1007/s40271-022-00573-z,10.1007/s40271-022-00573-z
person:eqmember:17924,person:eqmember:18019,1,1.0,doi:10.1016/j.jval.2019.06.008,10.1016/j.jval.2019.06.008
person:eqmember:17924,person:eqmember:19813,1,1.0,doi:10.1016/j.jval.2014.11.005,10.1016/j.jval.2014.11.005
person:eqmember:17924,person:leader:942313d653a7,1,1.0,doi:10.1007/s40273-019-00876-4,10.1007/s40273-019-00876-4
person:eqmember:17924,person:leader:b101d0407270,1,1.0,doi:10.1007/s40273-018-0694-6,10.1007/s40273-018-0694-6
person:eqmember:17924,person:openalex:A5000298893,1,1.0,doi:10.1016/j.jval.2014.11.005,10.1016/j.jval.2014.11.005
person:eqmember:17924,person:openalex:A5037261695,1,1.0,doi:10.1016/j.jval.2018.05.002,10.1016/j.jval.2018.05.002
person:eqmember:17924,person:openalex:A5106693152,1,1.0,doi:10.1016/j.jval.2021.10.013,10.1016/j.jval.2021.10.013
person:eqmember:17924,person:openalex:A5106693153,1,1.0,doi:10.1016/j.jval.2021.10.013,10.1016/j.jval.2021.10.013
person:eqmember:17924,person:openalex:A5108286749,1,1.0,doi:10.1016/j.jval.2021.10.013,10.1016/j.jval.2021.10.013
person:eqmember:17924,person:orcid:0000-0001-6783-0023,1,1.0,doi:10.1007/s40273-019-00876-4,10.1007/s40273-019-00876-4
person:eqmember:17924,person:orcid:0000-0002-0412-4276,1,1.0,doi:10.1007/s40273-018-0694-6,10.1007/s40273-018-0694-6
person:eqmember:17924,person:orcid:0000-0002-4832-7833,1,1.0,doi:10.1016/j.jval.2018.05.002,10.1016/j.jval.2018.05.002
person:eqmember:17924,person:orcid:0009-0000-4173-3487,1,1.0,doi:10.1007/s40271-025-00735-9,10.1007/s40271-025-00735-9
person:eqmember:17928,person:eqmember:17992,1,1.0,doi:10.1002/hec.4529,10.1002/hec.4529
person:eqmember:17928,person:leader:78f0dc6cb8d8,1,1.0,doi:10.1002/hec.4529,10.1002/hec.4529
person:eqmember:17930,person:eqmember:17940,1,1.0,doi:10.3961/jpmph.22.151,10.3961/jpmph.22.151
person:eqmember:17930,person:eqmember:17948,1,1.0,doi:10.1007/s11136-019-02115-x,10.1007/s11136-019-02115-x
person:eqmember:17930,person:eqmember:17960,1,1.0,doi:10.1016/j.jval.2018.05.002,10.1016/j.jval.2018.05.002
person:eqmember:17930,person:eqmember:17962,1,1.0,doi:10.1007/s11136-019-02115-x,10.1007/s11136-019-02115-x
person:eqmember:17930,person:eqmember:17982,1,1.0,doi:10.1186/s13643-025-03060-2,10.1186/s13643-025-03060-2
person:eqmember:17930,person:eqmember:17990,1,1.0,doi:10.1007/s40273-025-01550-8,10.1007/s40273-025-01550-8
person:eqmember:17930,person:eqmember:18004,1,1.0,doi:10.1186/s13643-025-03060-2,10.1186/s13643-025-03060-2
person:eqmember:17930,person:eqmember:18648,1,1.0,doi:10.1186/s12955-024-02290-7,10.1186/s12955-024-02290-7
person:eqmember:17930,person:leader:320b99af03c2,1,1.0,doi:10.1186/s12955-026-02581-1,10.1186/s12955-026-02581-1
person:eqmember:17930,person:leader:50cca9cff5d9,1,1.0,doi:10.1007/s11136-025-04150-3,10.1007/s11136-025-04150-3
person:eqmember:17930,person:leader:5b6527858de5,1,1.0,doi:10.1007/s11136-019-02115-x,10.1007/s11136-019-02115-x
person:eqmember:17930,person:leader:63cb6b329986,1,1.0,doi:10.1007/s40273-025-01550-8,10.1007/s40273-025-01550-8
person:eqmember:17930,person:leader:6cc4c9299d70,1,1.0,doi:10.1186/s13643-025-03060-2,10.1186/s13643-025-03060-2
person:eqmember:17930,person:leader:c52a5fd501e9,1,1.0,doi:10.1007/s11136-019-02115-x,10.1007/s11136-019-02115-x
person:eqmember:17930,person:leader:dd5e12d302df,1,1.0,doi:10.1186/s12955-026-02581-1,10.1186/s12955-026-02581-1
person:eqmember:17930,person:leader:e448059d8472,1,1.0,doi:10.1007/s40273-025-01550-8,10.1007/s40273-025-01550-8
person:eqmember:17930,person:openalex:A5008674497,1,1.0,doi:10.1186/s12955-026-02581-1,10.1186/s12955-026-02581-1
person:eqmember:17930,person:openalex:A5037261695,1,1.0,doi:10.1016/j.jval.2018.05.002,10.1016/j.jval.2018.05.002
person:eqmember:17930,person:openalex:A5063917571,1,1.0,doi:10.1186/s13643-025-03060-2,10.1186/s13643-025-03060-2
person:eqmember:17930,person:openalex:A5122353169,1,1.0,doi:10.1007/s11136-025-04150-3,10.1007/s11136-025-04150-3
person:eqmember:17930,person:openalex:A5122380022,1,1.0,doi:10.1007/s11136-025-04150-3,10.1007/s11136-025-04150-3
person:eqmember:17930,person:openalex:A5122382176,1,1.0,doi:10.1007/s11136-025-04150-3,10.1007/s11136-025-04150-3
person:eqmember:17930,person:orcid:0000-0001-5099-3483,1,1.0,doi:10.1186/s12955-024-02290-7,10.1186/s12955-024-02290-7
person:eqmember:17930,person:orcid:0000-0001-5193-918x,1,1.0,doi:10.1007/s11136-025-04150-3,10.1007/s11136-025-04150-3
person:eqmember:17930,person:orcid:0000-0001-7472-2039,1,1.0,doi:10.1007/s40273-025-01550-8,10.1007/s40273-025-01550-8
person:eqmember:17930,person:orcid:0000-0001-7644-8088,1,1.0,doi:10.3961/jpmph.22.151,10.3961/jpmph.22.151
person:eqmember:17930,person:orcid:0000-0001-9937-4149,1,1.0,doi:10.1186/s12955-024-02290-7,10.1186/s12955-024-02290-7
person:eqmember:17930,person:orcid:0000-0001-9949-9224,1,1.0,doi:10.3961/jpmph.22.151,10.3961/jpmph.22.151
person:eqmember:17930,person:orcid:0000-0003-1604-5353,1,1.0,doi:10.1007/s40273-025-01550-8,10.1007/s40273-025-01550-8
person:eqmember:17930,person:orcid:0000-0003-2449-2516,1,1.0,doi:10.1007/s40273-025-01550-8,10.1007/s40273-025-01550-8
person:eqmember:17930,person:orcid:0000-0003-4392-6850,1,1.0,doi:10.1007/s11136-019-02115-x,10.1007/s11136-019-02115-x
person:eqmember:17930,person:orcid:0000-0003-4933-9569,1,1.0,doi:10.1186/s13643-025-03060-2,10.1186/s13643-025-03060-2
person:eqmember:17930,person:orcid:0009-0002-6616-3657,1,1.0,doi:10.1007/s10198-024-01710-1,10.1007/s10198-024-01710-1
person:eqmember:17930,person:orcid:0009-0008-6782-4182,1,1.0,doi:10.1007/s10198-024-01710-1,10.1007/s10198-024-01710-1
person:eqmember:17934,person:eqmember:17937,1,1.0,doi:10.1007/s10198-021-01377-y,10.1007/s10198-021-01377-y
person:eqmember:17934,person:eqmember:17960,1,1.0,doi:10.1136/bmjopen-2023-077256,10.1136/bmjopen-2023-077256
person:eqmember:17934,person:eqmember:17992,1,1.0,doi:10.1007/s10198-021-01377-y,10.1007/s10198-021-01377-y
person:eqmember:17934,person:leader:606823d7ed51,1,1.0,doi:10.1177/0272989x261446644,10.1177/0272989x261446644
person:eqmember:17934,person:leader:78f0dc6cb8d8,1,1.0,doi:10.1007/s10198-021-01377-y,10.1007/s10198-021-01377-y
person:eqmember:17934,person:leader:8677f310bcd0,1,1.0,doi:10.1007/s10198-021-01377-y,10.1007/s10198-021-01377-y
person:eqmember:17934,person:openalex:A5013644553,1,1.0,doi:10.1007/s40273-019-00811-7,10.1007/s40273-019-00811-7
person:eqmember:17934,person:orcid:0000-0002-3730-1996,1,1.0,doi:10.1007/s40273-019-00811-7,10.1007/s40273-019-00811-7
person:eqmember:17936,person:eqmember:17954,1,1.0,doi:10.1007/s11136-025-03983-2,10.1007/s11136-025-03983-2
person:eqmember:17936,person:eqmember:17976,1,1.0,doi:10.1007/s11136-025-03983-2,10.1007/s11136-025-03983-2
person:eqmember:17936,person:eqmember:18004,1,1.0,doi:10.1007/s11136-025-03983-2,10.1007/s11136-025-03983-2
person:eqmember:17936,person:eqmember:18008,1,1.0,doi:10.1007/s11136-025-03983-2,10.1007/s11136-025-03983-2
person:eqmember:17936,person:eqmember:18019,1,1.0,doi:10.1007/s11136-025-03983-2,10.1007/s11136-025-03983-2
person:eqmember:17936,person:eqmember:19005,1,1.0,doi:10.1007/s11136-025-03983-2,10.1007/s11136-025-03983-2
person:eqmember:17936,person:orcid:0000-0002-7142-3364,1,1.0,doi:10.1007/s11136-025-03983-2,10.1007/s11136-025-03983-2
person:eqmember:17937,person:eqmember:17946,1,1.0,doi:10.1007/s11136-022-03304-x,10.1007/s11136-022-03304-x
person:eqmember:17937,person:leader:78f0dc6cb8d8,1,1.0,doi:10.1007/s10198-021-01377-y,10.1007/s10198-021-01377-y
person:eqmember:17937,person:leader:e448059d8472,1,1.0,doi:10.1007/s11136-022-03304-x,10.1007/s11136-022-03304-x
person:eqmember:17938,person:eqmember:17948,1,1.0,doi:10.1007/s11136-019-02115-x,10.1007/s11136-019-02115-x
person:eqmember:17938,person:eqmember:17962,1,1.0,doi:10.1007/s11136-019-02115-x,10.1007/s11136-019-02115-x
person:eqmember:17938,person:eqmember:17982,1,1.0,doi:10.1186/s13643-025-03060-2,10.1186/s13643-025-03060-2
person:eqmember:17938,person:eqmember:18004,1,1.0,doi:10.1186/s13643-025-03060-2,10.1186/s13643-025-03060-2
person:eqmember:17938,person:eqmember:18010,1,1.0,doi:10.1007/s11136-019-02115-x,10.1007/s11136-019-02115-x
person:eqmember:17938,person:leader:6cc4c9299d70,1,1.0,doi:10.1186/s13643-025-03060-2,10.1186/s13643-025-03060-2
person:eqmember:17938,person:leader:c52a5fd501e9,1,1.0,doi:10.1007/s11136-019-02115-x,10.1007/s11136-019-02115-x
person:eqmember:17938,person:openalex:A5011340679,1,1.0,doi:10.1007/s11136-018-1985-2,10.1007/s11136-018-1985-2
person:eqmember:17938,person:openalex:A5063917571,1,1.0,doi:10.1186/s13643-025-03060-2,10.1186/s13643-025-03060-2
person:eqmember:17938,person:orcid:0000-0001-6534-1242,1,1.0,doi:10.1007/s11136-018-1985-2,10.1007/s11136-018-1985-2
person:eqmember:17938,person:orcid:0000-0002-3379-2433,1,1.0,doi:10.1007/s11136-018-1985-2,10.1007/s11136-018-1985-2
person:eqmember:17938,person:orcid:0000-0002-4832-7833,1,1.0,doi:10.1007/s11136-019-02115-x,10.1007/s11136-019-02115-x
person:eqmember:17938,person:orcid:0000-0003-4392-6850,1,1.0,doi:10.1007/s11136-019-02115-x,10.1007/s11136-019-02115-x
person:eqmember:17938,person:orcid:0000-0003-4933-9569,1,1.0,doi:10.1186/s13643-025-03060-2,10.1186/s13643-025-03060-2
person:eqmember:17940,person:eqmember:18019,1,1.0,doi:10.1007/s11136-021-03075-x,10.1007/s11136-021-03075-x
person:eqmember:17940,person:leader:09fa3c498378,1,1.0,doi:10.1007/s11136-021-03075-x,10.1007/s11136-021-03075-x
person:eqmember:17940,person:leader:31a5417532b0,1,1.0,doi:10.1007/s11136-021-03075-x,10.1007/s11136-021-03075-x
person:eqmember:17940,person:leader:53444d26184b,1,1.0,doi:10.1007/s11136-021-03075-x,10.1007/s11136-021-03075-x
person:eqmember:17940,person:leader:ad6bbe401f11,1,1.0,doi:10.1007/s11136-021-03075-x,10.1007/s11136-021-03075-x
person:eqmember:17940,person:leader:c776fcba6574,1,1.0,doi:10.1007/s11136-021-03075-x,10.1007/s11136-021-03075-x
person:eqmember:17940,person:orcid:0000-0001-6962-0564,1,1.0,doi:10.1007/s11136-021-03075-x,10.1007/s11136-021-03075-x
person:eqmember:17940,person:orcid:0000-0001-7644-8088,1,1.0,doi:10.3961/jpmph.22.151,10.3961/jpmph.22.151
person:eqmember:17940,person:orcid:0000-0001-9949-9224,1,1.0,doi:10.3961/jpmph.22.151,10.3961/jpmph.22.151
person:eqmember:17940,person:orcid:0000-0002-0177-0192,1,1.0,doi:10.1007/s11136-021-03075-x,10.1007/s11136-021-03075-x
person:eqmember:17940,person:orcid:0000-0002-4749-5536,1,1.0,doi:10.1007/s11136-021-03075-x,10.1007/s11136-021-03075-x
person:eqmember:17940,person:orcid:0000-0002-6891-2650,1,1.0,doi:10.1007/s11136-021-03075-x,10.1007/s11136-021-03075-x
person:eqmember:17944,person:eqmember:17946,1,1.0,doi:10.1007/s10198-018-0987-x,10.1007/s10198-018-0987-x
person:eqmember:17944,person:eqmember:17952,1,1.0,doi:10.1017/s0266462326103602,10.1017/s0266462326103602
person:eqmember:17944,person:eqmember:17966,1,1.0,doi:10.1017/s0266462326103602,10.1017/s0266462326103602
person:eqmember:17944,person:eqmember:17976,1,1.0,doi:10.1017/s0266462326103602,10.1017/s0266462326103602
person:eqmember:17944,person:eqmember:17988,1,1.0,doi:10.1371/journal.pone.0209344,10.1371/journal.pone.0209344
person:eqmember:17944,person:eqmember:17996,1,1.0,doi:10.1007/s11136-020-02469-7,10.1007/s11136-020-02469-7
person:eqmember:17944,person:eqmember:17998,1,1.0,doi:10.1016/j.vhri.2025.101501,10.1016/j.vhri.2025.101501
person:eqmember:17944,person:eqmember:18012,1,1.0,doi:10.1007/s40273-022-01216-9,10.1007/s40273-022-01216-9
person:eqmember:17944,person:eqmember:19005,1,1.0,doi:10.1007/s40273-018-0623-8,10.1007/s40273-018-0623-8
person:eqmember:17944,person:eqmember:19028,1,1.0,doi:10.1007/s40273-025-01519-7,10.1007/s40273-025-01519-7
person:eqmember:17944,person:eqmember:21678,1,1.0,doi:10.1007/s10198-024-01682-2,10.1007/s10198-024-01682-2
person:eqmember:17944,person:leader:09fa3c498378,1,1.0,doi:10.1007/s11136-021-03075-x,10.1007/s11136-021-03075-x
person:eqmember:17944,person:leader:31a5417532b0,1,1.0,doi:10.1007/s11136-021-03075-x,10.1007/s11136-021-03075-x
person:eqmember:17944,person:leader:ad6bbe401f11,1,1.0,doi:10.1007/s11136-021-03075-x,10.1007/s11136-021-03075-x
person:eqmember:17944,person:leader:ba7c286781f3,1,1.0,doi:10.1007/s11136-020-02469-7,10.1007/s11136-020-02469-7
person:eqmember:17944,person:leader:f5a715e2f518,1,1.0,doi:10.1186/s12955-026-02521-z,10.1186/s12955-026-02521-z
person:eqmember:17944,person:openalex:A5011128673,1,1.0,doi:10.1186/s12955-023-02177-z,10.1186/s12955-023-02177-z
person:eqmember:17944,person:openalex:A5012652576,1,1.0,doi:10.1186/s12955-023-02177-z,10.1186/s12955-023-02177-z
person:eqmember:17944,person:openalex:A5026068062,1,1.0,doi:10.1016/j.jval.2025.11.005,10.1016/j.jval.2025.11.005
person:eqmember:17944,person:openalex:A5030081818,1,1.0,doi:10.1016/j.jval.2025.11.005,10.1016/j.jval.2025.11.005
person:eqmember:17944,person:openalex:A5035696719,1,1.0,doi:10.1007/s11136-022-03143-w,10.1007/s11136-022-03143-w
person:eqmember:17944,person:openalex:A5048456007,1,1.0,doi:10.1007/s40273-019-00854-w,10.1007/s40273-019-00854-w
person:eqmember:17944,person:openalex:A5050912692,1,1.0,doi:10.1016/j.jval.2025.11.005,10.1016/j.jval.2025.11.005
person:eqmember:17944,person:openalex:A5060090179,1,1.0,doi:10.1016/j.jval.2025.11.005,10.1016/j.jval.2025.11.005
person:eqmember:17944,person:openalex:A5061247569,1,1.0,doi:10.1007/s11136-022-03143-w,10.1007/s11136-022-03143-w
person:eqmember:17944,person:openalex:A5069067858,1,1.0,doi:10.1007/s11136-022-03143-w,10.1007/s11136-022-03143-w
person:eqmember:17944,person:openalex:A5087311184,1,1.0,doi:10.1186/s12955-023-02131-z,10.1186/s12955-023-02131-z
person:eqmember:17944,person:openalex:A5100400360,1,1.0,doi:10.1016/j.jval.2025.11.005,10.1016/j.jval.2025.11.005
person:eqmember:17944,person:openalex:A5100758235,1,1.0,doi:10.1016/j.jval.2025.11.005,10.1016/j.jval.2025.11.005
person:eqmember:17944,person:openalex:A5100858517,1,1.0,doi:10.1016/j.jval.2025.11.005,10.1016/j.jval.2025.11.005
person:eqmember:17944,person:openalex:A5101422734,1,1.0,doi:10.1016/j.jval.2023.03.003,10.1016/j.jval.2023.03.003
person:eqmember:17944,person:openalex:A5102432342,1,1.0,doi:10.1186/s12955-023-02177-z,10.1186/s12955-023-02177-z
person:eqmember:17944,person:openalex:A5109331936,1,1.0,doi:10.1007/s11136-022-03143-w,10.1007/s11136-022-03143-w
person:eqmember:17944,person:openalex:A5109630235,1,1.0,doi:10.1186/s12955-023-02177-z,10.1186/s12955-023-02177-z
person:eqmember:17944,person:openalex:A5110068367,1,1.0,doi:10.1371/journal.pone.0209344,10.1371/journal.pone.0209344
person:eqmember:17944,person:openalex:A5111023994,1,1.0,doi:10.1186/s12955-023-02177-z,10.1186/s12955-023-02177-z
person:eqmember:17944,person:openalex:A5112406075,1,1.0,doi:10.1371/journal.pone.0209344,10.1371/journal.pone.0209344
person:eqmember:17944,person:openalex:A5129360275,1,1.0,doi:10.1186/s12955-026-02521-z,10.1186/s12955-026-02521-z
person:eqmember:17944,person:orcid:0000-0001-5099-3483,1,1.0,doi:10.1186/s12955-024-02290-7,10.1186/s12955-024-02290-7
person:eqmember:17944,person:orcid:0000-0001-6660-5246,1,1.0,doi:10.1371/journal.pone.0209344,10.1371/journal.pone.0209344
person:eqmember:17944,person:orcid:0000-0001-6712-5535,1,1.0,doi:10.1007/s40273-025-01519-7,10.1007/s40273-025-01519-7
person:eqmember:17944,person:orcid:0000-0001-7470-528x,1,1.0,doi:10.1371/journal.pone.0209344,10.1371/journal.pone.0209344
person:eqmember:17944,person:orcid:0000-0001-7536-8481,1,1.0,doi:10.1186/s12955-023-02177-z,10.1186/s12955-023-02177-z
person:eqmember:17944,person:orcid:0000-0001-7644-8088,1,1.0,doi:10.3961/jpmph.22.151,10.3961/jpmph.22.151
person:eqmember:17944,person:orcid:0000-0001-7928-1260,1,1.0,doi:10.1007/s40273-022-01216-9,10.1007/s40273-022-01216-9
person:eqmember:17944,person:orcid:0000-0001-8144-6220,1,1.0,doi:10.1007/s40273-022-01216-9,10.1007/s40273-022-01216-9
person:eqmember:17944,person:orcid:0000-0001-8771-6578,1,1.0,doi:10.22541/au.169215780.00019852/v1,10.22541/au.169215780.00019852/v1
person:eqmember:17944,person:orcid:0000-0001-9558-304x,1,1.0,doi:10.1007/s40273-022-01216-9,10.1007/s40273-022-01216-9
person:eqmember:17944,person:orcid:0000-0001-9784-6472,1,1.0,doi:10.1007/s10198-024-01682-2,10.1007/s10198-024-01682-2
person:eqmember:17944,person:orcid:0000-0001-9937-4149,1,1.0,doi:10.1186/s12955-024-02290-7,10.1186/s12955-024-02290-7
person:eqmember:17944,person:orcid:0000-0001-9949-9224,1,1.0,doi:10.3961/jpmph.22.151,10.3961/jpmph.22.151
person:eqmember:17944,person:orcid:0000-0002-0177-0192,1,1.0,doi:10.1007/s11136-021-03075-x,10.1007/s11136-021-03075-x
person:eqmember:17944,person:orcid:0000-0002-1633-2179,1,1.0,doi:10.1007/s11136-020-02469-7,10.1007/s11136-020-02469-7
person:eqmember:17944,person:orcid:0000-0002-2592-8310,1,1.0,doi:10.1186/s12955-023-02177-z,10.1186/s12955-023-02177-z
person:eqmember:17944,person:orcid:0000-0002-2635-7484,1,1.0,doi:10.1007/s11136-022-03143-w,10.1007/s11136-022-03143-w
person:eqmember:17944,person:orcid:0000-0002-2739-6995,1,1.0,doi:10.1007/s40273-022-01216-9,10.1007/s40273-022-01216-9
person:eqmember:17944,person:orcid:0000-0002-4867-929x,1,1.0,doi:10.1186/s12955-023-02131-z,10.1186/s12955-023-02131-z
person:eqmember:17944,person:orcid:0000-0002-6891-2650,1,1.0,doi:10.1007/s11136-021-03075-x,10.1007/s11136-021-03075-x
person:eqmember:17944,person:orcid:0000-0002-8249-7481,1,1.0,doi:10.1371/journal.pone.0209344,10.1371/journal.pone.0209344
person:eqmember:17944,person:orcid:0000-0002-8931-4086,1,1.0,doi:10.1007/s11136-022-03143-w,10.1007/s11136-022-03143-w
person:eqmember:17944,person:orcid:0000-0002-9362-0086,1,1.0,doi:10.1186/s12955-023-02177-z,10.1186/s12955-023-02177-z
person:eqmember:17944,person:orcid:0000-0003-0517-7625,1,1.0,doi:10.1007/s40273-025-01519-7,10.1007/s40273-025-01519-7
person:eqmember:17944,person:orcid:0000-0003-0545-1567,1,1.0,doi:10.1371/journal.pone.0209344,10.1371/journal.pone.0209344
person:eqmember:17944,person:orcid:0000-0003-2290-0205,1,1.0,doi:10.1007/s11136-020-02469-7,10.1007/s11136-020-02469-7
person:eqmember:17944,person:orcid:0000-0003-2533-0818,1,1.0,doi:10.1007/s11136-022-03143-w,10.1007/s11136-022-03143-w
person:eqmember:17944,person:orcid:0000-0003-4196-8686,1,1.0,doi:10.1186/s12955-023-02177-z,10.1186/s12955-023-02177-z
person:eqmember:17944,person:orcid:0000-0003-4871-1840,1,1.0,doi:10.1186/s12955-023-02131-z,10.1186/s12955-023-02131-z
person:eqmember:17944,person:orcid:0009-0004-5019-9094,1,1.0,doi:10.1186/s12955-023-02131-z,10.1186/s12955-023-02131-z
person:eqmember:17946,person:eqmember:17964,1,1.0,doi:10.1007/s40273-015-0292-9,10.1007/s40273-015-0292-9
person:eqmember:17946,person:eqmember:17988,1,1.0,doi:10.1007/s40273-015-0292-9,10.1007/s40273-015-0292-9
person:eqmember:17946,person:eqmember:17990,1,1.0,doi:10.1007/s40273-025-01550-8,10.1007/s40273-025-01550-8
person:eqmember:17946,person:eqmember:18019,1,1.0,doi:10.1016/j.jval.2025.07.016,10.1016/j.jval.2025.07.016
person:eqmember:17946,person:eqmember:19813,1,1.0,doi:10.1136/bmjopen-2025-100897,10.1136/bmjopen-2025-100897
person:eqmember:17946,person:leader:33ce5d686145,1,1.0,doi:10.1007/s40273-025-01476-1,10.1007/s40273-025-01476-1
person:eqmember:17946,person:leader:e441983c0a65,1,1.0,doi:10.1016/j.jval.2025.07.016,10.1016/j.jval.2025.07.016
person:eqmember:17946,person:openalex:A5018364694,1,1.0,doi:10.1007/s10198-025-01804-4,10.1007/s10198-025-01804-4
person:eqmember:17946,person:openalex:A5037261695,1,1.0,doi:10.1016/j.jval.2018.05.002,10.1016/j.jval.2018.05.002
person:eqmember:17946,person:openalex:A5067715763,1,1.0,doi:10.1016/j.jval.2025.04.2161,10.1016/j.jval.2025.04.2161
person:eqmember:17946,person:openalex:A5072547675,1,1.0,doi:10.1007/s10198-021-01306-z,10.1007/s10198-021-01306-z
person:eqmember:17946,person:openalex:A5074077987,1,1.0,doi:10.1007/s40273-025-01545-5,10.1007/s40273-025-01545-5
person:eqmember:17946,person:openalex:A5075516243,1,1.0,doi:10.1136/archdischild-2025-329475,10.1136/archdischild-2025-329475
person:eqmember:17946,person:openalex:A5077284198,1,1.0,doi:10.1007/s11136-025-03996-x,10.1007/s11136-025-03996-x
person:eqmember:17946,person:openalex:A5080066908,1,1.0,doi:10.1136/archdischild-2025-329475,10.1136/archdischild-2025-329475
person:eqmember:17946,person:openalex:A5093786284,1,1.0,doi:10.1136/archdischild-2025-329475,10.1136/archdischild-2025-329475
person:eqmember:17946,person:openalex:A5104134946,1,1.0,doi:10.1007/s11136-025-03996-x,10.1007/s11136-025-03996-x
person:eqmember:17946,person:openalex:A5108557660,1,1.0,doi:10.1007/s11136-025-03996-x,10.1007/s11136-025-03996-x
person:eqmember:17946,person:openalex:A5110255509,1,1.0,doi:10.1007/s10198-025-01804-4,10.1007/s10198-025-01804-4
person:eqmember:17946,person:openalex:A5111788632,1,1.0,doi:10.1007/s10198-021-01306-z,10.1007/s10198-021-01306-z
person:eqmember:17946,person:openalex:A5111900822,1,1.0,doi:10.1177/0272989x251380556,10.1177/0272989x251380556
person:eqmember:17946,person:openalex:A5117785012,1,1.0,doi:10.1007/s11136-025-03996-x,10.1007/s11136-025-03996-x
person:eqmember:17946,person:openalex:A5117785013,1,1.0,doi:10.1007/s11136-025-03996-x,10.1007/s11136-025-03996-x
person:eqmember:17946,person:openalex:A5122353169,1,1.0,doi:10.1007/s11136-025-04150-3,10.1007/s11136-025-04150-3
person:eqmember:17946,person:openalex:A5122380022,1,1.0,doi:10.1007/s11136-025-04150-3,10.1007/s11136-025-04150-3
person:eqmember:17946,person:openalex:A5122382176,1,1.0,doi:10.1007/s11136-025-04150-3,10.1007/s11136-025-04150-3
person:eqmember:17946,person:openalex:A5130590408,1,1.0,doi:10.1136/archdischild-2025-329475,10.1136/archdischild-2025-329475
person:eqmember:17946,person:openalex:A5130602985,1,1.0,doi:10.1136/archdischild-2025-329475,10.1136/archdischild-2025-329475
person:eqmember:17946,person:orcid:0000-0001-5193-918x,1,1.0,doi:10.1007/s11136-025-04150-3,10.1007/s11136-025-04150-3
person:eqmember:17946,person:orcid:0000-0001-5396-0265,1,1.0,doi:10.1007/s11136-025-03996-x,10.1007/s11136-025-03996-x
person:eqmember:17946,person:orcid:0000-0001-6159-2482,1,1.0,doi:10.1007/s40273-021-01109-3,10.1007/s40273-021-01109-3
person:eqmember:17946,person:orcid:0000-0001-6241-0249,1,1.0,doi:10.1007/s10198-018-0993-z,10.1007/s10198-018-0993-z
person:eqmember:17946,person:orcid:0000-0001-6404-1117,1,1.0,doi:10.1007/s11136-025-03996-x,10.1007/s11136-025-03996-x
person:eqmember:17946,person:orcid:0000-0001-6780-0019,1,1.0,doi:10.1007/s40273-015-0292-9,10.1007/s40273-015-0292-9
person:eqmember:17946,person:orcid:0000-0001-6983-0166,1,1.0,doi:10.1007/s11136-025-03996-x,10.1007/s11136-025-03996-x
person:eqmember:17946,person:orcid:0000-0001-7472-2039,1,1.0,doi:10.1007/s40273-025-01550-8,10.1007/s40273-025-01550-8
person:eqmember:17946,person:orcid:0000-0001-9071-2842,1,1.0,doi:10.1007/s10198-021-01306-z,10.1007/s10198-021-01306-z
person:eqmember:17946,person:orcid:0000-0002-0113-6917,1,1.0,doi:10.1007/s40273-025-01476-1,10.1007/s40273-025-01476-1
person:eqmember:17946,person:orcid:0000-0002-0680-7353,1,1.0,doi:10.1007/s10198-021-01306-z,10.1007/s10198-021-01306-z
person:eqmember:17946,person:orcid:0000-0002-0918-7540,1,1.0,doi:10.1007/s40273-025-01476-1,10.1007/s40273-025-01476-1
person:eqmember:17946,person:orcid:0000-0002-1998-9408,1,1.0,doi:10.1007/s40273-015-0292-9,10.1007/s40273-015-0292-9
person:eqmember:17946,person:orcid:0000-0002-2399-6942,1,1.0,doi:10.1007/s40273-025-01493-0,10.1007/s40273-025-01493-0
person:eqmember:17946,person:orcid:0000-0002-2791-9960,1,1.0,doi:10.1007/s40273-025-01545-5,10.1007/s40273-025-01545-5
person:eqmember:17946,person:orcid:0000-0002-4290-4863,1,1.0,doi:10.1007/s11136-025-03996-x,10.1007/s11136-025-03996-x
person:eqmember:17946,person:orcid:0000-0002-5599-2209,1,1.0,doi:10.1007/s40273-024-01355-1,10.1007/s40273-024-01355-1
person:eqmember:17946,person:orcid:0000-0002-5692-8882,1,1.0,doi:10.1136/archdischild-2025-329475,10.1136/archdischild-2025-329475
person:eqmember:17946,person:orcid:0000-0002-7913-7274,1,1.0,doi:10.1007/s11136-025-03996-x,10.1007/s11136-025-03996-x
person:eqmember:17946,person:orcid:0000-0002-8438-2901,1,1.0,doi:10.1007/s11136-025-03996-x,10.1007/s11136-025-03996-x
person:eqmember:17946,person:orcid:0000-0002-8859-926x,1,1.0,doi:10.1371/journal.pone.0302886,10.1371/journal.pone.0302886
person:eqmember:17946,person:orcid:0000-0003-0851-8341,1,1.0,doi:10.1007/s10198-021-01306-z,10.1007/s10198-021-01306-z
person:eqmember:17946,person:orcid:0000-0003-1604-5353,1,1.0,doi:10.1007/s40273-025-01550-8,10.1007/s40273-025-01550-8
person:eqmember:17946,person:orcid:0000-0003-2029-6331,1,1.0,doi:10.1007/s11136-025-03996-x,10.1007/s11136-025-03996-x
person:eqmember:17946,person:orcid:0000-0003-2449-2516,1,1.0,doi:10.1007/s40273-025-01550-8,10.1007/s40273-025-01550-8
person:eqmember:17946,person:orcid:0000-0003-3550-990x,1,1.0,doi:10.1007/s40273-025-01476-1,10.1007/s40273-025-01476-1
person:eqmember:17946,person:orcid:0000-0003-4007-8243,1,1.0,doi:10.1007/s11136-025-03996-x,10.1007/s11136-025-03996-x
person:eqmember:17946,person:orcid:0000-0003-4609-3911,1,1.0,doi:10.1007/s10198-021-01306-z,10.1007/s10198-021-01306-z
person:eqmember:17946,person:orcid:0000-0003-4780-8333,1,1.0,doi:10.1007/s40271-023-00647-6,10.1007/s40271-023-00647-6
person:eqmember:17946,person:orcid:0009-0005-5260-4652,1,1.0,doi:10.1177/0272989x251380556,10.1177/0272989x251380556
person:eqmember:17948,person:eqmember:17962,1,1.0,doi:10.1007/s11136-019-02115-x,10.1007/s11136-019-02115-x
person:eqmember:17948,person:eqmember:18010,1,1.0,doi:10.1007/s11136-019-02115-x,10.1007/s11136-019-02115-x
person:eqmember:17948,person:leader:5b6527858de5,1,1.0,doi:10.1007/s11136-019-02115-x,10.1007/s11136-019-02115-x
person:eqmember:17948,person:leader:c52a5fd501e9,1,1.0,doi:10.1007/s11136-019-02115-x,10.1007/s11136-019-02115-x
person:eqmember:17948,person:orcid:0000-0002-4832-7833,1,1.0,doi:10.1007/s11136-019-02115-x,10.1007/s11136-019-02115-x
person:eqmember:17948,person:orcid:0000-0003-4392-6850,1,1.0,doi:10.1007/s11136-019-02115-x,10.1007/s11136-019-02115-x
person:eqmember:17952,person:eqmember:17966,1,1.0,doi:10.1017/s0266462326103602,10.1017/s0266462326103602
person:eqmember:17952,person:eqmember:17976,1,1.0,doi:10.1017/s0266462326103602,10.1017/s0266462326103602
person:eqmember:17952,person:eqmember:17994,1,1.0,doi:10.1097/mlr.0000000000002315,10.1097/mlr.0000000000002315
person:eqmember:17952,person:leader:da2b6bcaceb6,1,1.0,doi:10.1017/s0266462326103602,10.1017/s0266462326103602
person:eqmember:17952,person:openalex:A5046103327,1,1.0,doi:10.1097/mlr.0000000000002315,10.1097/mlr.0000000000002315
person:eqmember:17952,person:openalex:A5058173329,1,1.0,doi:10.1097/mlr.0000000000002315,10.1097/mlr.0000000000002315
person:eqmember:17952,person:openalex:A5130219809,1,1.0,doi:10.1097/mlr.0000000000002315,10.1097/mlr.0000000000002315
person:eqmember:17952,person:orcid:0000-0001-8685-3212,1,1.0,doi:10.1097/mlr.0000000000002315,10.1097/mlr.0000000000002315
person:eqmember:17952,person:orcid:0000-0002-2022-4939,1,1.0,doi:10.1097/mlr.0000000000002315,10.1097/mlr.0000000000002315
person:eqmember:17952,person:orcid:0000-0002-2115-2447,1,1.0,doi:10.1097/mlr.0000000000002315,10.1097/mlr.0000000000002315
person:eqmember:17952,person:orcid:0000-0002-6399-5741,1,1.0,doi:10.1097/mlr.0000000000002315,10.1097/mlr.0000000000002315
person:eqmember:17954,person:eqmember:17976,1,1.0,doi:10.1007/s11136-025-03983-2,10.1007/s11136-025-03983-2
person:eqmember:17954,person:eqmember:18004,1,1.0,doi:10.1007/s11136-025-03983-2,10.1007/s11136-025-03983-2
person:eqmember:17954,person:eqmember:18008,1,1.0,doi:10.1007/s11136-025-03983-2,10.1007/s11136-025-03983-2
person:eqmember:17954,person:eqmember:18019,1,1.0,doi:10.1007/s11136-025-03983-2,10.1007/s11136-025-03983-2
person:eqmember:17954,person:eqmember:19005,1,1.0,doi:10.1007/s11136-025-03983-2,10.1007/s11136-025-03983-2
person:eqmember:17954,person:leader:04cf56c7a04c,1,1.0,doi:10.1136/bmjopen-2023-080985,10.1136/bmjopen-2023-080985
person:eqmember:17954,person:orcid:0000-0001-5913-0297,1,1.0,doi:10.1136/bmjopen-2023-080985,10.1136/bmjopen-2023-080985
person:eqmember:17954,person:orcid:0000-0002-2570-1685,1,1.0,doi:10.1136/bmjopen-2023-080985,10.1136/bmjopen-2023-080985
person:eqmember:17954,person:orcid:0000-0002-3816-9106,1,1.0,doi:10.1136/bmjopen-2023-080985,10.1136/bmjopen-2023-080985
person:eqmember:17954,person:orcid:0000-0002-7142-3364,1,1.0,doi:10.1007/s11136-025-03983-2,10.1007/s11136-025-03983-2
person:eqmember:17956,person:leader:d9674d98607b,1,1.0,doi:10.1186/s41687-025-00928-8,10.1186/s41687-025-00928-8
person:eqmember:17956,person:leader:eb823a3d3fe9,1,1.0,doi:10.1007/s40258-023-00798-5,10.1007/s40258-023-00798-5
person:eqmember:17956,person:leader:ece94cf47888,1,1.0,doi:10.1186/s41687-025-00928-8,10.1186/s41687-025-00928-8
person:eqmember:17956,person:openalex:A5112728116,1,1.0,doi:10.1007/s40258-023-00798-5,10.1007/s40258-023-00798-5
person:eqmember:17956,person:orcid:0000-0001-5374-5100,1,1.0,doi:10.1007/s40258-023-00798-5,10.1007/s40258-023-00798-5
person:eqmember:17956,person:orcid:0000-0002-5473-1592,1,1.0,doi:10.1186/s12955-025-02397-5,10.1186/s12955-025-02397-5
person:eqmember:17956,person:orcid:0000-0003-0519-509x,1,1.0,doi:10.1186/s41687-025-00928-8,10.1186/s41687-025-00928-8
person:eqmember:17956,person:orcid:0000-0003-3941-4553,1,1.0,doi:10.1007/s41669-023-00437-8,10.1007/s41669-023-00437-8
person:eqmember:17958,person:orcid:0000-0002-9768-5389,1,1.0,doi:10.1007/s10198-025-01769-4,10.1007/s10198-025-01769-4
person:eqmember:17958,person:orcid:0009-0009-9829-5647,1,1.0,doi:10.1007/s11136-021-03007-9,10.1007/s11136-021-03007-9
person:eqmember:17960,person:leader:e448059d8472,1,1.0,doi:10.1186/s12955-021-01858-x,10.1186/s12955-021-01858-x
person:eqmember:17960,person:openalex:A5037261695,1,1.0,doi:10.1016/j.jval.2018.05.002,10.1016/j.jval.2018.05.002
person:eqmember:17960,person:openalex:A5106693152,1,1.0,doi:10.1016/j.jval.2021.10.013,10.1016/j.jval.2021.10.013
person:eqmember:17960,person:openalex:A5106693153,1,1.0,doi:10.1016/j.jval.2021.10.013,10.1016/j.jval.2021.10.013
person:eqmember:17960,person:openalex:A5108286749,1,1.0,doi:10.1016/j.jval.2021.10.013,10.1016/j.jval.2021.10.013
person:eqmember:17960,person:orcid:0000-0001-8778-5055,1,1.0,doi:10.1016/j.jval.2021.10.013,10.1016/j.jval.2021.10.013
person:eqmember:17960,person:orcid:0000-0002-4832-7833,1,1.0,doi:10.1016/j.jval.2018.05.002,10.1016/j.jval.2018.05.002
person:eqmember:17962,person:eqmember:18010,1,1.0,doi:10.1007/s11136-019-02115-x,10.1007/s11136-019-02115-x
person:eqmember:17962,person:eqmember:18021,1,1.0,doi:10.1016/j.jval.2024.01.005,10.1016/j.jval.2024.01.005
person:eqmember:17962,person:eqmember:18646,1,1.0,doi:10.1007/s10198-023-01569-8,10.1007/s10198-023-01569-8
person:eqmember:17962,person:leader:5b6527858de5,1,1.0,doi:10.1007/s11136-019-02115-x,10.1007/s11136-019-02115-x
person:eqmember:17962,person:leader:c52a5fd501e9,1,1.0,doi:10.1007/s11136-019-02115-x,10.1007/s11136-019-02115-x
person:eqmember:17962,person:openalex:A5043889398,1,1.0,doi:10.1016/j.jval.2024.01.005,10.1016/j.jval.2024.01.005
person:eqmember:17962,person:openalex:A5047819061,1,1.0,doi:10.1016/j.jval.2024.01.005,10.1016/j.jval.2024.01.005
person:eqmember:17962,person:openalex:A5052119079,1,1.0,doi:10.1016/j.jval.2024.01.005,10.1016/j.jval.2024.01.005
person:eqmember:17962,person:openalex:A5059507519,1,1.0,doi:10.1016/j.jval.2024.01.005,10.1016/j.jval.2024.01.005
person:eqmember:17962,person:orcid:0000-0002-2559-6483,1,1.0,doi:10.1007/s10198-023-01569-8,10.1007/s10198-023-01569-8
person:eqmember:17962,person:orcid:0000-0002-4832-7833,1,1.0,doi:10.1007/s11136-019-02115-x,10.1007/s11136-019-02115-x
person:eqmember:17962,person:orcid:0000-0003-1369-2483,1,1.0,doi:10.1007/s10198-023-01569-8,10.1007/s10198-023-01569-8
person:eqmember:17962,person:orcid:0000-0003-4392-6850,1,1.0,doi:10.1007/s11136-019-02115-x,10.1007/s11136-019-02115-x
person:eqmember:17964,person:eqmember:17976,1,1.0,doi:10.1007/s40273-015-0292-9,10.1007/s40273-015-0292-9
person:eqmember:17964,person:eqmember:17988,1,1.0,doi:10.1007/s40273-015-0292-9,10.1007/s40273-015-0292-9
person:eqmember:17964,person:orcid:0000-0001-6780-0019,1,1.0,doi:10.1007/s40273-015-0292-9,10.1007/s40273-015-0292-9
person:eqmember:17964,person:orcid:0000-0002-1998-9408,1,1.0,doi:10.1007/s40273-015-0292-9,10.1007/s40273-015-0292-9
person:eqmember:17964,person:orcid:0000-0002-6463-1106,1,1.0,doi:10.1007/s40273-018-0647-0,10.1007/s40273-018-0647-0
person:eqmember:17966,person:eqmember:17976,1,1.0,doi:10.1017/s0266462326103602,10.1017/s0266462326103602
person:eqmember:17966,person:leader:da2b6bcaceb6,1,1.0,doi:10.1017/s0266462326103602,10.1017/s0266462326103602
person:eqmember:17968,person:openalex:A5122911844,1,1.0,doi:10.1007/s11136-025-04145-0,10.1007/s11136-025-04145-0
person:eqmember:17968,person:orcid:0000-0002-0484-1419,1,1.0,doi:10.1007/s11136-017-1512-x,10.1007/s11136-017-1512-x
person:eqmember:17974,person:eqmember:17980,1,1.0,doi:10.1007/s11136-020-02712-1,10.1007/s11136-020-02712-1
person:eqmember:17974,person:eqmember:17988,1,1.0,doi:10.1007/s11136-020-02712-1,10.1007/s11136-020-02712-1
person:eqmember:17974,person:eqmember:18000,1,1.0,doi:10.1007/s11136-020-02712-1,10.1007/s11136-020-02712-1
person:eqmember:17974,person:eqmember:18019,1,1.0,doi:10.1016/j.jval.2025.07.016,10.1016/j.jval.2025.07.016
person:eqmember:17974,person:leader:1ed27ee96b5d,1,1.0,doi:10.1007/s40273-025-01493-0,10.1007/s40273-025-01493-0
person:eqmember:17974,person:leader:22c287b45ebd,1,1.0,doi:10.1007/s11136-026-04230-y,10.1007/s11136-026-04230-y
person:eqmember:17974,person:leader:33ce5d686145,1,1.0,doi:10.1007/s40273-025-01476-1,10.1007/s40273-025-01476-1
person:eqmember:17974,person:leader:33e259cba916,1,1.0,doi:10.1007/s11136-026-04230-y,10.1007/s11136-026-04230-y
person:eqmember:17974,person:leader:3a021deb0a29,1,1.0,doi:10.1016/j.vhri.2024.101045,10.1016/j.vhri.2024.101045
person:eqmember:17974,person:leader:50cca9cff5d9,1,1.0,doi:10.1007/s40273-025-01493-0,10.1007/s40273-025-01493-0
person:eqmember:17974,person:leader:63cb6b329986,1,1.0,doi:10.1007/s11136-026-04230-y,10.1007/s11136-026-04230-y
person:eqmember:17974,person:leader:e441983c0a65,1,1.0,doi:10.1016/j.jval.2025.07.016,10.1016/j.jval.2025.07.016
person:eqmember:17974,person:openalex:A5047192551,1,1.0,doi:10.1016/j.vhri.2024.101045,10.1016/j.vhri.2024.101045
person:eqmember:17974,person:openalex:A5091770714,1,1.0,doi:10.1016/j.vhri.2024.101045,10.1016/j.vhri.2024.101045
person:eqmember:17974,person:openalex:A5132705166,1,1.0,doi:10.1007/s11136-026-04230-y,10.1007/s11136-026-04230-y
person:eqmember:17974,person:orcid:0000-0001-6121-5409,1,1.0,doi:10.1007/s11136-026-04230-y,10.1007/s11136-026-04230-y
person:eqmember:17974,person:orcid:0000-0001-6159-2482,1,1.0,doi:10.1007/s40273-021-01109-3,10.1007/s40273-021-01109-3
person:eqmember:17974,person:orcid:0000-0001-7458-6460,1,1.0,doi:10.1007/s11136-020-02712-1,10.1007/s11136-020-02712-1
person:eqmember:17974,person:orcid:0000-0002-0113-6917,1,1.0,doi:10.1007/s40273-025-01476-1,10.1007/s40273-025-01476-1
person:eqmember:17974,person:orcid:0000-0002-0122-0123,1,1.0,doi:10.1007/s11136-026-04230-y,10.1007/s11136-026-04230-y
person:eqmember:17974,person:orcid:0000-0002-0918-7540,1,1.0,doi:10.1007/s40273-025-01476-1,10.1007/s40273-025-01476-1
person:eqmember:17974,person:orcid:0000-0002-2399-6942,1,1.0,doi:10.1007/s40273-025-01493-0,10.1007/s40273-025-01493-0
person:eqmember:17974,person:orcid:0000-0002-8385-5965,1,1.0,doi:10.1371/journal.pone.0302886,10.1371/journal.pone.0302886
person:eqmember:17974,person:orcid:0000-0002-8859-926x,1,1.0,doi:10.1371/journal.pone.0302886,10.1371/journal.pone.0302886
person:eqmember:17974,person:orcid:0000-0003-3550-990x,1,1.0,doi:10.1007/s40273-025-01476-1,10.1007/s40273-025-01476-1
person:eqmember:17974,person:orcid:0000-0003-3619-5367,1,1.0,doi:10.1007/s11136-020-02712-1,10.1007/s11136-020-02712-1
person:eqmember:17974,person:orcid:0000-0003-3897-2908,1,1.0,doi:10.1007/s11136-026-04230-y,10.1007/s11136-026-04230-y
person:eqmember:17974,person:orcid:0000-0003-4402-9211,1,1.0,doi:10.1007/s11136-020-02712-1,10.1007/s11136-020-02712-1
person:eqmember:17974,person:orcid:0009-0000-4173-3487,1,1.0,doi:10.1007/s40271-025-00735-9,10.1007/s40271-025-00735-9
person:eqmember:17976,person:eqmember:17988,1,1.0,doi:10.1007/s40273-015-0292-9,10.1007/s40273-015-0292-9
person:eqmember:17976,person:eqmember:18002,1,1.0,doi:10.1007/s40273-021-01109-3,10.1007/s40273-021-01109-3
person:eqmember:17976,person:eqmember:18004,1,1.0,doi:10.1007/s11136-025-03983-2,10.1007/s11136-025-03983-2
person:eqmember:17976,person:eqmember:18008,1,1.0,doi:10.1007/s11136-025-03983-2,10.1007/s11136-025-03983-2
person:eqmember:17976,person:eqmember:18019,1,1.0,doi:10.1007/s11136-025-03983-2,10.1007/s11136-025-03983-2
person:eqmember:17976,person:eqmember:19030,1,1.0,doi:10.1007/s11136-026-04315-8,10.1007/s11136-026-04315-8
person:eqmember:17976,person:leader:3a021deb0a29,1,1.0,doi:10.1016/j.vhri.2024.101045,10.1016/j.vhri.2024.101045
person:eqmember:17976,person:leader:da2b6bcaceb6,1,1.0,doi:10.1017/s0266462326103602,10.1017/s0266462326103602
person:eqmember:17976,person:leader:db0cd1478ab2,1,1.0,doi:10.1007/s11136-026-04315-8,10.1007/s11136-026-04315-8
person:eqmember:17976,person:openalex:A5047192551,1,1.0,doi:10.1016/j.vhri.2024.101045,10.1016/j.vhri.2024.101045
person:eqmember:17976,person:openalex:A5091770714,1,1.0,doi:10.1016/j.vhri.2024.101045,10.1016/j.vhri.2024.101045
person:eqmember:17976,person:orcid:0000-0001-6159-2482,1,1.0,doi:10.1007/s40273-021-01109-3,10.1007/s40273-021-01109-3
person:eqmember:17976,person:orcid:0000-0001-6780-0019,1,1.0,doi:10.1007/s40273-015-0292-9,10.1007/s40273-015-0292-9
person:eqmember:17976,person:orcid:0000-0002-1998-9408,1,1.0,doi:10.1007/s40273-015-0292-9,10.1007/s40273-015-0292-9
person:eqmember:17976,person:orcid:0000-0002-3531-0389,1,1.0,doi:10.1007/s11136-024-03817-7,10.1007/s11136-024-03817-7
person:eqmember:17976,person:orcid:0000-0002-8385-5965,1,1.0,doi:10.1371/journal.pone.0302886,10.1371/journal.pone.0302886
person:eqmember:17976,person:orcid:0000-0002-8859-926x,1,1.0,doi:10.1371/journal.pone.0302886,10.1371/journal.pone.0302886
person:eqmember:17976,person:orcid:0000-0003-1988-1250,1,1.0,doi:10.1007/s11136-024-03817-7,10.1007/s11136-024-03817-7
person:eqmember:17976,person:orcid:0000-0003-4535-442x,1,1.0,doi:10.1371/journal.pone.0302886,10.1371/journal.pone.0302886
person:eqmember:17976,person:orcid:0000-0003-4780-8333,1,1.0,doi:10.1007/s40271-023-00647-6,10.1007/s40271-023-00647-6
person:eqmember:17976,person:orcid:0009-0000-4173-3487,1,1.0,doi:10.1007/s40271-025-00735-9,10.1007/s40271-025-00735-9
person:eqmember:17980,person:eqmember:19030,1,1.0,doi:10.1186/s12955-022-02031-8,10.1186/s12955-022-02031-8
person:eqmember:17980,person:orcid:0000-0001-7458-6460,1,1.0,doi:10.1007/s11136-020-02712-1,10.1007/s11136-020-02712-1
person:eqmember:17980,person:orcid:0000-0003-3619-5367,1,1.0,doi:10.1007/s11136-020-02712-1,10.1007/s11136-020-02712-1
person:eqmember:17980,person:orcid:0000-0003-4402-9211,1,1.0,doi:10.1007/s11136-020-02712-1,10.1007/s11136-020-02712-1
person:eqmember:17982,person:eqmember:18004,1,1.0,doi:10.1186/s13643-025-03060-2,10.1186/s13643-025-03060-2
person:eqmember:17982,person:leader:510242c8d95e,1,1.0,doi:10.1016/j.vhri.2021.09.007,10.1016/j.vhri.2021.09.007
person:eqmember:17982,person:leader:6cc4c9299d70,1,1.0,doi:10.1186/s13643-025-03060-2,10.1186/s13643-025-03060-2
person:eqmember:17982,person:openalex:A5063917571,1,1.0,doi:10.1186/s13643-025-03060-2,10.1186/s13643-025-03060-2
person:eqmember:17982,person:openalex:A5081675787,1,1.0,doi:10.1016/j.vhri.2021.09.007,10.1016/j.vhri.2021.09.007
person:eqmember:17982,person:orcid:0000-0002-2013-6963,1,1.0,doi:10.1016/j.vhri.2021.09.007,10.1016/j.vhri.2021.09.007
person:eqmember:17982,person:orcid:0000-0002-7375-4845,1,1.0,doi:10.1016/j.vhri.2021.09.007,10.1016/j.vhri.2021.09.007
person:eqmember:17982,person:orcid:0000-0002-8639-5191,1,1.0,doi:10.1016/j.vhri.2021.09.007,10.1016/j.vhri.2021.09.007
person:eqmember:17982,person:orcid:0000-0003-3121-6050,1,1.0,doi:10.1016/j.vhri.2021.09.007,10.1016/j.vhri.2021.09.007
person:eqmember:17982,person:orcid:0000-0003-4933-9569,1,1.0,doi:10.1186/s13643-025-03060-2,10.1186/s13643-025-03060-2
person:eqmember:17984,person:eqmember:19005,1,1.0,doi:10.1016/j.jval.2025.09.009,10.1016/j.jval.2025.09.009
person:eqmember:17984,person:openalex:A5069811479,1,1.0,doi:10.1016/j.jval.2025.09.009,10.1016/j.jval.2025.09.009
person:eqmember:17984,person:orcid:0000-0001-8778-5055,1,1.0,doi:10.1007/s40271-022-00573-z,10.1007/s40271-022-00573-z
person:eqmember:17988,person:eqmember:19003,1,1.0,doi:10.1016/j.jval.2024.03.002,10.1016/j.jval.2024.03.002
person:eqmember:17988,person:eqmember:19179,1,1.0,doi:10.1016/j.jval.2020.03.019,10.1016/j.jval.2020.03.019
person:eqmember:17988,person:eqmember:19813,1,1.0,doi:10.1007/s11136-014-0897-z,10.1007/s11136-014-0897-z
person:eqmember:17988,person:leader:53444d26184b,1,1.0,doi:10.1371/journal.pone.0209344,10.1371/journal.pone.0209344
person:eqmember:17988,person:leader:697a63a74011,1,1.0,doi:10.1007/s11136-025-04003-z,10.1007/s11136-025-04003-z
person:eqmember:17988,person:openalex:A5026503701,1,1.0,doi:10.1016/j.jval.2020.03.019,10.1016/j.jval.2020.03.019
person:eqmember:17988,person:openalex:A5086557976,1,1.0,doi:10.1016/j.jval.2020.03.019,10.1016/j.jval.2020.03.019
person:eqmember:17988,person:openalex:A5110068367,1,1.0,doi:10.1371/journal.pone.0209344,10.1371/journal.pone.0209344
person:eqmember:17988,person:openalex:A5112406075,1,1.0,doi:10.1371/journal.pone.0209344,10.1371/journal.pone.0209344
person:eqmember:17988,person:orcid:0000-0001-6660-5246,1,1.0,doi:10.1371/journal.pone.0209344,10.1371/journal.pone.0209344
person:eqmember:17988,person:orcid:0000-0001-6780-0019,1,1.0,doi:10.1007/s40273-015-0292-9,10.1007/s40273-015-0292-9
person:eqmember:17988,person:orcid:0000-0001-7458-6460,1,1.0,doi:10.1007/s11136-020-02712-1,10.1007/s11136-020-02712-1
person:eqmember:17988,person:orcid:0000-0001-7470-528x,1,1.0,doi:10.1371/journal.pone.0209344,10.1371/journal.pone.0209344
person:eqmember:17988,person:orcid:0000-0002-1998-9408,1,1.0,doi:10.1007/s40273-015-0292-9,10.1007/s40273-015-0292-9
person:eqmember:17988,person:orcid:0000-0002-6095-2295,1,1.0,doi:10.1016/j.jval.2020.03.019,10.1016/j.jval.2020.03.019
person:eqmember:17988,person:orcid:0000-0002-8249-7481,1,1.0,doi:10.1371/journal.pone.0209344,10.1371/journal.pone.0209344
person:eqmember:17988,person:orcid:0000-0003-0545-1567,1,1.0,doi:10.1371/journal.pone.0209344,10.1371/journal.pone.0209344
person:eqmember:17988,person:orcid:0000-0003-4402-9211,1,1.0,doi:10.1007/s11136-020-02712-1,10.1007/s11136-020-02712-1
person:eqmember:17990,person:leader:63cb6b329986,1,1.0,doi:10.1007/s40273-025-01550-8,10.1007/s40273-025-01550-8
person:eqmember:17990,person:leader:e448059d8472,1,1.0,doi:10.1007/s40273-025-01550-8,10.1007/s40273-025-01550-8
person:eqmember:17990,person:orcid:0000-0001-7472-2039,1,1.0,doi:10.1007/s40273-025-01550-8,10.1007/s40273-025-01550-8
person:eqmember:17990,person:orcid:0000-0003-1604-5353,1,1.0,doi:10.1007/s40273-025-01550-8,10.1007/s40273-025-01550-8
person:eqmember:17990,person:orcid:0000-0003-2449-2516,1,1.0,doi:10.1007/s40273-025-01550-8,10.1007/s40273-025-01550-8
person:eqmember:17992,person:leader:45e0db20f70b,1,1.0,doi:10.1007/s10198-025-01823-1,10.1007/s10198-025-01823-1
person:eqmember:17992,person:leader:606823d7ed51,1,1.0,doi:10.1007/s10198-025-01857-5,10.1007/s10198-025-01857-5
person:eqmember:17992,person:openalex:A5119599136,1,1.0,doi:10.1007/s10198-025-01812-4,10.1007/s10198-025-01812-4
person:eqmember:17992,person:orcid:0000-0002-0476-8397,1,1.0,doi:10.1007/s10198-025-01823-1,10.1007/s10198-025-01823-1
person:eqmember:17992,person:orcid:0000-0002-5882-6070,1,1.0,doi:10.1007/s10198-025-01812-4,10.1007/s10198-025-01812-4
person:eqmember:17994,person:openalex:A5046103327,1,1.0,doi:10.1097/mlr.0000000000002315,10.1097/mlr.0000000000002315
person:eqmember:17994,person:openalex:A5058173329,1,1.0,doi:10.1097/mlr.0000000000002315,10.1097/mlr.0000000000002315
person:eqmember:17994,person:openalex:A5130219809,1,1.0,doi:10.1097/mlr.0000000000002315,10.1097/mlr.0000000000002315
person:eqmember:17994,person:orcid:0000-0001-8685-3212,1,1.0,doi:10.1097/mlr.0000000000002315,10.1097/mlr.0000000000002315
person:eqmember:17994,person:orcid:0000-0002-2022-4939,1,1.0,doi:10.1097/mlr.0000000000002315,10.1097/mlr.0000000000002315
person:eqmember:17994,person:orcid:0000-0002-2115-2447,1,1.0,doi:10.1097/mlr.0000000000002315,10.1097/mlr.0000000000002315
person:eqmember:17994,person:orcid:0000-0002-6399-5741,1,1.0,doi:10.1097/mlr.0000000000002315,10.1097/mlr.0000000000002315
person:eqmember:17996,person:orcid:0000-0001-6962-0564,1,1.0,doi:10.1007/s11136-020-02469-7,10.1007/s11136-020-02469-7
person:eqmember:17996,person:orcid:0000-0002-0457-2175,1,1.0,doi:10.1186/s12955-022-02083-w,10.1186/s12955-022-02083-w
person:eqmember:17996,person:orcid:0000-0002-4749-5536,1,1.0,doi:10.1007/s11136-020-02469-7,10.1007/s11136-020-02469-7
person:eqmember:17996,person:orcid:0000-0003-2290-0205,1,1.0,doi:10.1007/s11136-020-02469-7,10.1007/s11136-020-02469-7
person:eqmember:17998,person:eqmember:18010,1,1.0,doi:10.12688/wellcomeopenres.21408.2,10.12688/wellcomeopenres.21408.2
person:eqmember:17998,person:eqmember:18019,1,1.0,doi:10.1016/j.vhri.2025.101501,10.1016/j.vhri.2025.101501
person:eqmember:17998,person:eqmember:19813,1,1.0,doi:10.1007/s11136-026-04242-8,10.1007/s11136-026-04242-8
person:eqmember:17998,person:leader:086bfe1b27fe,1,1.0,doi:10.1007/s11136-026-04242-8,10.1007/s11136-026-04242-8
person:eqmember:17998,person:leader:1ed27ee96b5d,1,1.0,doi:10.1007/s40273-025-01493-0,10.1007/s40273-025-01493-0
person:eqmember:17998,person:leader:c4a44baaa49e,1,1.0,doi:10.1016/j.vhri.2025.101501,10.1016/j.vhri.2025.101501
person:eqmember:17998,person:openalex:A5010988882,1,1.0,doi:10.1186/s12955-026-02579-9,10.1186/s12955-026-02579-9
person:eqmember:17998,person:openalex:A5028609651,1,1.0,doi:10.1186/s12955-026-02579-9,10.1186/s12955-026-02579-9
person:eqmember:17998,person:openalex:A5049910190,1,1.0,doi:10.1186/s12955-026-02579-9,10.1186/s12955-026-02579-9
person:eqmember:17998,person:openalex:A5072547675,1,1.0,doi:10.1007/s10198-021-01306-z,10.1007/s10198-021-01306-z
person:eqmember:17998,person:openalex:A5082190751,1,1.0,doi:10.1186/s12955-026-02579-9,10.1186/s12955-026-02579-9
person:eqmember:17998,person:openalex:A5111788632,1,1.0,doi:10.1007/s10198-021-01306-z,10.1007/s10198-021-01306-z
person:eqmember:17998,person:orcid:0000-0001-7472-2039,1,1.0,doi:10.1186/s12955-026-02578-w,10.1186/s12955-026-02578-w
person:eqmember:17998,person:orcid:0000-0001-9071-2842,1,1.0,doi:10.1007/s10198-021-01306-z,10.1007/s10198-021-01306-z
person:eqmember:17998,person:orcid:0000-0002-0680-7353,1,1.0,doi:10.1007/s10198-021-01306-z,10.1007/s10198-021-01306-z
person:eqmember:17998,person:orcid:0000-0002-2399-6942,1,1.0,doi:10.1007/s40273-025-01493-0,10.1007/s40273-025-01493-0
person:eqmember:17998,person:orcid:0000-0002-5692-8882,1,1.0,doi:10.1016/j.jval.2025.05.013,10.1016/j.jval.2025.05.013
person:eqmember:17998,person:orcid:0000-0002-8385-5965,1,1.0,doi:10.1371/journal.pone.0302886,10.1371/journal.pone.0302886
person:eqmember:17998,person:orcid:0000-0002-8859-926x,1,1.0,doi:10.1371/journal.pone.0302886,10.1371/journal.pone.0302886
person:eqmember:17998,person:orcid:0000-0003-0851-8341,1,1.0,doi:10.1007/s10198-021-01306-z,10.1007/s10198-021-01306-z
person:eqmember:17998,person:orcid:0000-0003-4780-8333,1,1.0,doi:10.1007/s40271-023-00647-6,10.1007/s40271-023-00647-6
person:eqmember:18000,person:orcid:0000-0001-7458-6460,1,1.0,doi:10.1007/s11136-020-02712-1,10.1007/s11136-020-02712-1
person:eqmember:18000,person:orcid:0000-0003-3619-5367,1,1.0,doi:10.1007/s11136-020-02712-1,10.1007/s11136-020-02712-1
person:eqmember:18000,person:orcid:0000-0003-4402-9211,1,1.0,doi:10.1007/s11136-020-02712-1,10.1007/s11136-020-02712-1
person:eqmember:18002,person:eqmember:18019,1,1.0,doi:10.1016/j.jval.2025.07.016,10.1016/j.jval.2025.07.016
person:eqmember:18002,person:eqmember:21677,1,1.0,doi:10.1371/journal.pone.0319227,10.1371/journal.pone.0319227
person:eqmember:18002,person:leader:1ed27ee96b5d,1,1.0,doi:10.1007/s40273-025-01493-0,10.1007/s40273-025-01493-0
person:eqmember:18002,person:leader:e441983c0a65,1,1.0,doi:10.1016/j.jval.2025.07.016,10.1016/j.jval.2025.07.016
person:eqmember:18002,person:openalex:A5018364694,1,1.0,doi:10.1007/s10198-025-01804-4,10.1007/s10198-025-01804-4
person:eqmember:18002,person:openalex:A5067715763,1,1.0,doi:10.1016/j.jval.2025.04.2161,10.1016/j.jval.2025.04.2161
person:eqmember:18002,person:openalex:A5086528283,1,1.0,doi:10.1007/s10198-025-01804-4,10.1007/s10198-025-01804-4
person:eqmember:18002,person:openalex:A5110255509,1,1.0,doi:10.1007/s10198-025-01804-4,10.1007/s10198-025-01804-4
person:eqmember:18002,person:orcid:0000-0001-6159-2482,1,1.0,doi:10.1007/s40273-021-01109-3,10.1007/s40273-021-01109-3
person:eqmember:18002,person:orcid:0000-0002-2399-6942,1,1.0,doi:10.1007/s40273-025-01493-0,10.1007/s40273-025-01493-0
person:eqmember:18002,person:orcid:0000-0002-5332-5226,1,1.0,doi:10.1016/j.jval.2025.04.2161,10.1016/j.jval.2025.04.2161
person:eqmember:18004,person:eqmember:18008,1,1.0,doi:10.1007/s11136-025-03983-2,10.1007/s11136-025-03983-2
person:eqmember:18004,person:eqmember:18019,1,1.0,doi:10.1007/s11136-025-03983-2,10.1007/s11136-025-03983-2
person:eqmember:18004,person:eqmember:19005,1,1.0,doi:10.1007/s11136-025-03983-2,10.1007/s11136-025-03983-2
person:eqmember:18004,person:leader:6cc4c9299d70,1,1.0,doi:10.1186/s13643-025-03060-2,10.1186/s13643-025-03060-2
person:eqmember:18004,person:openalex:A5063917571,1,1.0,doi:10.1186/s13643-025-03060-2,10.1186/s13643-025-03060-2
person:eqmember:18004,person:orcid:0000-0002-7142-3364,1,1.0,doi:10.1007/s11136-025-03983-2,10.1007/s11136-025-03983-2
person:eqmember:18004,person:orcid:0000-0003-4933-9569,1,1.0,doi:10.1186/s13643-025-03060-2,10.1186/s13643-025-03060-2
person:eqmember:18006,person:eqmember:18010,1,1.0,doi:10.1016/j.jval.2021.03.019,10.1016/j.jval.2021.03.019
person:eqmember:18006,person:orcid:0000-0002-4832-7833,1,1.0,doi:10.1016/j.jval.2021.03.019,10.1016/j.jval.2021.03.019
person:eqmember:18008,person:eqmember:18019,1,1.0,doi:10.1007/s11136-025-03983-2,10.1007/s11136-025-03983-2
person:eqmember:18008,person:eqmember:19005,1,1.0,doi:10.1007/s11136-025-03983-2,10.1007/s11136-025-03983-2
person:eqmember:18008,person:orcid:0000-0002-7142-3364,1,1.0,doi:10.1007/s11136-025-03983-2,10.1007/s11136-025-03983-2
person:eqmember:18010,person:leader:0a4ba2690908,1,1.0,doi:10.12688/wellcomeopenres.21408.2,10.12688/wellcomeopenres.21408.2
person:eqmember:18010,person:leader:4a5cd1710c94,1,1.0,doi:10.12688/wellcomeopenres.21408.2,10.12688/wellcomeopenres.21408.2
person:eqmember:18010,person:leader:5b6527858de5,1,1.0,doi:10.1007/s11136-019-02115-x,10.1007/s11136-019-02115-x
person:eqmember:18010,person:leader:c52a5fd501e9,1,1.0,doi:10.1007/s11136-019-02115-x,10.1007/s11136-019-02115-x
person:eqmember:18010,person:openalex:A5037261695,1,1.0,doi:10.1016/j.jval.2018.05.002,10.1016/j.jval.2018.05.002
person:eqmember:18010,person:openalex:A5106693152,1,1.0,doi:10.1016/j.jval.2021.10.013,10.1016/j.jval.2021.10.013
person:eqmember:18010,person:openalex:A5106693153,1,1.0,doi:10.1016/j.jval.2021.10.013,10.1016/j.jval.2021.10.013
person:eqmember:18010,person:openalex:A5108286749,1,1.0,doi:10.1016/j.jval.2021.10.013,10.1016/j.jval.2021.10.013
person:eqmember:18010,person:orcid:0000-0001-8778-5055,1,1.0,doi:10.1016/j.jval.2021.10.013,10.1016/j.jval.2021.10.013
person:eqmember:18010,person:orcid:0000-0001-9970-3045,1,1.0,doi:10.1016/j.jval.2021.03.019,10.1016/j.jval.2021.03.019
person:eqmember:18010,person:orcid:0000-0003-4392-6850,1,1.0,doi:10.1007/s11136-019-02115-x,10.1007/s11136-019-02115-x
person:eqmember:18010,person:orcid:0009-0009-9829-5647,1,1.0,doi:10.1007/s11136-021-03007-9,10.1007/s11136-021-03007-9
person:eqmember:18012,person:eqmember:18019,1,1.0,doi:10.1007/s40273-022-01216-9,10.1007/s40273-022-01216-9
person:eqmember:18012,person:leader:fa3dd095d626,1,1.0,doi:10.1007/s40273-022-01216-9,10.1007/s40273-022-01216-9
person:eqmember:18012,person:openalex:A5085348599,1,1.0,doi:10.1016/j.jval.2024.11.006,10.1016/j.jval.2024.11.006
person:eqmember:18012,person:orcid:0000-0001-7928-1260,1,1.0,doi:10.1007/s40273-022-01216-9,10.1007/s40273-022-01216-9
person:eqmember:18012,person:orcid:0000-0001-8144-6220,1,1.0,doi:10.1007/s40273-022-01216-9,10.1007/s40273-022-01216-9
person:eqmember:18012,person:orcid:0000-0001-9558-304x,1,1.0,doi:10.1007/s40273-022-01216-9,10.1007/s40273-022-01216-9
person:eqmember:18012,person:orcid:0000-0002-2739-6995,1,1.0,doi:10.1007/s40273-022-01216-9,10.1007/s40273-022-01216-9
person:eqmember:18012,person:orcid:0000-0002-6012-2785,1,1.0,doi:10.1007/s40273-022-01216-9,10.1007/s40273-022-01216-9
person:eqmember:18012,person:orcid:0000-0002-7142-3364,1,1.0,doi:10.1016/j.jval.2024.11.006,10.1016/j.jval.2024.11.006
person:eqmember:18012,person:orcid:0000-0003-2798-4735,1,1.0,doi:10.1007/s40273-022-01216-9,10.1007/s40273-022-01216-9
person:eqmember:18012,person:orcid:0000-0003-3187-2007,1,1.0,doi:10.1007/s40273-022-01216-9,10.1007/s40273-022-01216-9
person:eqmember:18012,person:orcid:0000-0003-4392-760x,1,1.0,doi:10.1007/s40273-022-01216-9,10.1007/s40273-022-01216-9
person:eqmember:18012,person:orcid:0000-0003-4509-1308,1,1.0,doi:10.1007/s40273-022-01216-9,10.1007/s40273-022-01216-9
person:eqmember:18018,person:leader:c2d00c5008f7,1,1.0,doi:10.1007/s11136-026-04285-x,10.1007/s11136-026-04285-x
person:eqmember:18018,person:openalex:A5132638343,1,1.0,doi:10.1007/s11136-026-04285-x,10.1007/s11136-026-04285-x
person:eqmember:18018,person:openalex:A5138142464,1,1.0,doi:10.1007/s11136-026-04285-x,10.1007/s11136-026-04285-x
person:eqmember:18019,person:eqmember:19005,1,1.0,doi:10.1007/s11136-025-03983-2,10.1007/s11136-025-03983-2
person:eqmember:18019,person:eqmember:19028,1,1.0,doi:10.1007/s40273-025-01519-7,10.1007/s40273-025-01519-7
person:eqmember:18019,person:leader:09fa3c498378,1,1.0,doi:10.1007/s11136-021-03075-x,10.1007/s11136-021-03075-x
person:eqmember:18019,person:leader:31a5417532b0,1,1.0,doi:10.1007/s11136-021-03075-x,10.1007/s11136-021-03075-x
person:eqmember:18019,person:leader:53444d26184b,1,1.0,doi:10.1007/s11136-021-03075-x,10.1007/s11136-021-03075-x
person:eqmember:18019,person:leader:ad6bbe401f11,1,1.0,doi:10.1007/s11136-021-03075-x,10.1007/s11136-021-03075-x
person:eqmember:18019,person:leader:c776fcba6574,1,1.0,doi:10.1007/s11136-021-03075-x,10.1007/s11136-021-03075-x
person:eqmember:18019,person:leader:da2b6bcaceb6,1,1.0,doi:10.1007/s40273-025-01519-7,10.1007/s40273-025-01519-7
person:eqmember:18019,person:leader:e441983c0a65,1,1.0,doi:10.1016/j.jval.2025.07.016,10.1016/j.jval.2025.07.016
person:eqmember:18019,person:leader:f5a715e2f518,1,1.0,doi:10.1186/s12955-026-02521-z,10.1186/s12955-026-02521-z
person:eqmember:18019,person:openalex:A5026068062,1,1.0,doi:10.1016/j.jval.2025.11.005,10.1016/j.jval.2025.11.005
person:eqmember:18019,person:openalex:A5030081818,1,1.0,doi:10.1016/j.jval.2025.11.005,10.1016/j.jval.2025.11.005
person:eqmember:18019,person:openalex:A5050912692,1,1.0,doi:10.1016/j.jval.2025.11.005,10.1016/j.jval.2025.11.005
person:eqmember:18019,person:openalex:A5053842557,1,1.0,doi:10.1136/bmjopen-2025-102509,10.1136/bmjopen-2025-102509
person:eqmember:18019,person:openalex:A5060090179,1,1.0,doi:10.1016/j.jval.2025.11.005,10.1016/j.jval.2025.11.005
person:eqmember:18019,person:openalex:A5087311184,1,1.0,doi:10.1186/s12955-023-02131-z,10.1186/s12955-023-02131-z
person:eqmember:18019,person:openalex:A5100400360,1,1.0,doi:10.1016/j.jval.2025.11.005,10.1016/j.jval.2025.11.005
person:eqmember:18019,person:openalex:A5100758235,1,1.0,doi:10.1016/j.jval.2025.11.005,10.1016/j.jval.2025.11.005
person:eqmember:18019,person:openalex:A5100858517,1,1.0,doi:10.1016/j.jval.2025.11.005,10.1016/j.jval.2025.11.005
person:eqmember:18019,person:openalex:A5101422734,1,1.0,doi:10.1016/j.jval.2023.03.003,10.1016/j.jval.2023.03.003
person:eqmember:18019,person:openalex:A5114202758,1,1.0,doi:10.1007/s11136-025-03917-y,10.1007/s11136-025-03917-y
person:eqmember:18019,person:openalex:A5118390306,1,1.0,doi:10.1136/bmjopen-2025-102509,10.1136/bmjopen-2025-102509
person:eqmember:18019,person:openalex:A5129360275,1,1.0,doi:10.1186/s12955-026-02521-z,10.1186/s12955-026-02521-z
person:eqmember:18019,person:orcid:0000-0001-6712-5535,1,1.0,doi:10.1007/s40273-025-01519-7,10.1007/s40273-025-01519-7
person:eqmember:18019,person:orcid:0000-0001-6962-0564,1,1.0,doi:10.1007/s11136-021-03075-x,10.1007/s11136-021-03075-x
person:eqmember:18019,person:orcid:0000-0001-7928-1260,1,1.0,doi:10.1007/s40273-022-01216-9,10.1007/s40273-022-01216-9
person:eqmember:18019,person:orcid:0000-0001-8144-6220,1,1.0,doi:10.1007/s40273-022-01216-9,10.1007/s40273-022-01216-9
person:eqmember:18019,person:orcid:0000-0001-9558-304x,1,1.0,doi:10.1007/s40273-022-01216-9,10.1007/s40273-022-01216-9
person:eqmember:18019,person:orcid:0000-0002-0177-0192,1,1.0,doi:10.1007/s11136-021-03075-x,10.1007/s11136-021-03075-x
person:eqmember:18019,person:orcid:0000-0002-0178-7007,1,1.0,doi:10.1136/bmjopen-2025-102509,10.1136/bmjopen-2025-102509
person:eqmember:18019,person:orcid:0000-0002-2739-6995,1,1.0,doi:10.1007/s40273-022-01216-9,10.1007/s40273-022-01216-9
person:eqmember:18019,person:orcid:0000-0002-4749-5536,1,1.0,doi:10.1007/s11136-021-03075-x,10.1007/s11136-021-03075-x
person:eqmember:18019,person:orcid:0000-0002-4867-929x,1,1.0,doi:10.1186/s12955-023-02131-z,10.1186/s12955-023-02131-z
person:eqmember:18019,person:orcid:0000-0002-6891-2650,1,1.0,doi:10.1007/s11136-021-03075-x,10.1007/s11136-021-03075-x
person:eqmember:18019,person:orcid:0000-0002-7142-3364,1,1.0,doi:10.1007/s11136-025-03983-2,10.1007/s11136-025-03983-2
person:eqmember:18019,person:orcid:0000-0003-0517-7625,1,1.0,doi:10.1007/s40273-025-01519-7,10.1007/s40273-025-01519-7
person:eqmember:18019,person:orcid:0000-0003-3483-5658,1,1.0,doi:10.1136/bmjopen-2025-102509,10.1136/bmjopen-2025-102509
person:eqmember:18019,person:orcid:0000-0003-4871-1840,1,1.0,doi:10.1186/s12955-023-02131-z,10.1186/s12955-023-02131-z
person:eqmember:18019,person:orcid:0009-0002-6616-3657,1,1.0,doi:10.1007/s10198-024-01710-1,10.1007/s10198-024-01710-1
person:eqmember:18019,person:orcid:0009-0004-5019-9094,1,1.0,doi:10.1186/s12955-023-02131-z,10.1186/s12955-023-02131-z
person:eqmember:18019,person:orcid:0009-0008-6782-4182,1,1.0,doi:10.1007/s10198-024-01710-1,10.1007/s10198-024-01710-1
person:eqmember:18021,person:leader:fa3dd095d626,1,1.0,doi:10.1007/s11136-025-03917-y,10.1007/s11136-025-03917-y
person:eqmember:18021,person:openalex:A5043889398,1,1.0,doi:10.1016/j.jval.2024.01.005,10.1016/j.jval.2024.01.005
person:eqmember:18021,person:openalex:A5047819061,1,1.0,doi:10.1016/j.jval.2024.01.005,10.1016/j.jval.2024.01.005
person:eqmember:18021,person:openalex:A5052119079,1,1.0,doi:10.1016/j.jval.2024.01.005,10.1016/j.jval.2024.01.005
person:eqmember:18021,person:openalex:A5059507519,1,1.0,doi:10.1016/j.jval.2024.01.005,10.1016/j.jval.2024.01.005
person:eqmember:18021,person:openalex:A5078510482,1,1.0,doi:10.1007/s11136-025-03917-y,10.1007/s11136-025-03917-y
person:eqmember:18021,person:openalex:A5114202758,1,1.0,doi:10.1007/s11136-025-03917-y,10.1007/s11136-025-03917-y
person:eqmember:18646,person:orcid:0000-0002-2559-6483,1,1.0,doi:10.1007/s10198-023-01569-8,10.1007/s10198-023-01569-8
person:eqmember:18646,person:orcid:0000-0003-1369-2483,1,1.0,doi:10.1007/s10198-023-01569-8,10.1007/s10198-023-01569-8
person:eqmember:18648,person:openalex:A5048456007,1,1.0,doi:10.1007/s40273-019-00854-w,10.1007/s40273-019-00854-w
person:eqmember:18648,person:orcid:0000-0001-5099-3483,1,1.0,doi:10.1186/s12955-024-02290-7,10.1186/s12955-024-02290-7
person:eqmember:18648,person:orcid:0000-0001-9937-4149,1,1.0,doi:10.1186/s12955-024-02290-7,10.1186/s12955-024-02290-7
person:eqmember:19003,person:eqmember:19005,1,1.0,doi:10.1016/j.jval.2025.05.015,10.1016/j.jval.2025.05.015
person:eqmember:19003,person:eqmember:19030,1,1.0,doi:10.1016/j.jval.2024.03.002,10.1016/j.jval.2024.03.002
person:eqmember:19003,person:leader:606823d7ed51,1,1.0,doi:10.1016/j.jval.2025.05.015,10.1016/j.jval.2025.05.015
person:eqmember:19003,person:openalex:A5111246879,1,1.0,doi:10.1007/s40273-024-01404-9,10.1007/s40273-024-01404-9
person:eqmember:19003,person:orcid:0000-0002-0245-9849,1,1.0,doi:10.1007/s40258-022-00772-7,10.1007/s40258-022-00772-7
person:eqmember:19003,person:orcid:0000-0002-1175-2211,1,1.0,doi:10.1007/s10198-025-01770-x,10.1007/s10198-025-01770-x
person:eqmember:19003,person:orcid:0000-0002-3797-949x,1,1.0,doi:10.1007/s40273-024-01404-9,10.1007/s40273-024-01404-9
person:eqmember:19003,person:orcid:0000-0002-4441-6687,1,1.0,doi:10.1007/s41669-024-00486-7,10.1007/s41669-024-00486-7
person:eqmember:19003,person:orcid:0000-0002-8756-8699,1,1.0,doi:10.1007/s40273-024-01404-9,10.1007/s40273-024-01404-9
person:eqmember:19003,person:orcid:0000-0003-4793-9026,1,1.0,doi:10.1007/s40273-024-01404-9,10.1007/s40273-024-01404-9
person:eqmember:19003,person:orcid:0009-0003-4264-0946,1,1.0,doi:10.1007/s41669-024-00486-7,10.1007/s41669-024-00486-7
person:eqmember:19003,person:orcid:0009-0009-2934-8362,1,1.0,doi:10.1007/s10198-025-01770-x,10.1007/s10198-025-01770-x
person:eqmember:19005,person:leader:606823d7ed51,1,1.0,doi:10.1016/j.jval.2025.05.015,10.1016/j.jval.2025.05.015
person:eqmember:19005,person:openalex:A5069811479,1,1.0,doi:10.1016/j.jval.2025.09.009,10.1016/j.jval.2025.09.009
person:eqmember:19005,person:orcid:0000-0001-5416-042x,1,1.0,doi:10.1007/s11136-019-02156-2,10.1007/s11136-019-02156-2
person:eqmember:19005,person:orcid:0000-0001-7161-6767,1,1.0,doi:10.1007/s10198-024-01719-6,10.1007/s10198-024-01719-6
person:eqmember:19005,person:orcid:0000-0002-1332-0500,1,1.0,doi:10.1007/s11136-020-02496-4,10.1007/s11136-020-02496-4
person:eqmember:19005,person:orcid:0000-0002-3948-6488,1,1.0,doi:10.1007/s10198-024-01719-6,10.1007/s10198-024-01719-6
person:eqmember:19005,person:orcid:0000-0002-4949-9303,1,1.0,doi:10.3390/nu16162591,10.3390/nu16162591
person:eqmember:19005,person:orcid:0000-0002-6095-2295,1,1.0,doi:10.1007/s10198-024-01719-6,10.1007/s10198-024-01719-6
person:eqmember:19005,person:orcid:0000-0002-8773-2786,1,1.0,doi:10.3390/nu16162591,10.3390/nu16162591
person:eqmember:19005,person:orcid:0000-0003-1200-9961,1,1.0,doi:10.3390/nu16162591,10.3390/nu16162591
person:eqmember:19005,person:orcid:0009-0009-4958-1276,1,1.0,doi:10.3390/nu16162591,10.3390/nu16162591
person:eqmember:19028,person:leader:da2b6bcaceb6,1,1.0,doi:10.1007/s40273-025-01519-7,10.1007/s40273-025-01519-7
person:eqmember:19028,person:orcid:0000-0001-6638-421x,1,1.0,doi:10.1007/s11136-026-04294-w,10.1007/s11136-026-04294-w
person:eqmember:19028,person:orcid:0000-0001-6712-5535,1,1.0,doi:10.1007/s40273-025-01519-7,10.1007/s40273-025-01519-7
person:eqmember:19028,person:orcid:0000-0002-8385-5965,1,1.0,doi:10.1007/s11136-026-04294-w,10.1007/s11136-026-04294-w
person:eqmember:19028,person:orcid:0000-0003-0517-7625,1,1.0,doi:10.1007/s40273-025-01519-7,10.1007/s40273-025-01519-7
person:eqmember:19030,person:eqmember:19032,1,1.0,doi:10.1007/s11136-026-04315-8,10.1007/s11136-026-04315-8
person:eqmember:19030,person:leader:697a63a74011,1,1.0,doi:10.1007/s11136-025-04003-z,10.1007/s11136-025-04003-z
person:eqmember:19030,person:leader:db0cd1478ab2,1,1.0,doi:10.1007/s11136-026-04315-8,10.1007/s11136-026-04315-8
person:eqmember:19030,person:openalex:A5103487818,1,1.0,doi:10.1186/s12955-026-02561-5,10.1186/s12955-026-02561-5
person:eqmember:19030,person:openalex:A5137930146,1,1.0,doi:10.1186/s12955-026-02561-5,10.1186/s12955-026-02561-5
person:eqmember:19032,person:leader:db0cd1478ab2,1,1.0,doi:10.1007/s11136-026-04315-8,10.1007/s11136-026-04315-8
person:eqmember:19032,person:openalex:A5013588948,1,1.0,doi:10.3390/children10101604,10.3390/children10101604
person:eqmember:19032,person:openalex:A5062956353,1,1.0,doi:10.3390/children10101604,10.3390/children10101604
person:eqmember:19032,person:orcid:0000-0002-3531-0389,1,1.0,doi:10.1007/s11136-024-03817-7,10.1007/s11136-024-03817-7
person:eqmember:19032,person:orcid:0000-0002-8385-5965,1,1.0,doi:10.1007/s40273-023-01330-2,10.1007/s40273-023-01330-2
person:eqmember:19032,person:orcid:0000-0003-1988-1250,1,1.0,doi:10.1007/s11136-024-03817-7,10.1007/s11136-024-03817-7
person:eqmember:19179,person:openalex:A5026503701,1,1.0,doi:10.1016/j.jval.2020.03.019,10.1016/j.jval.2020.03.019
person:eqmember:19179,person:openalex:A5086557976,1,1.0,doi:10.1016/j.jval.2020.03.019,10.1016/j.jval.2020.03.019
person:eqmember:19179,person:orcid:0000-0002-6095-2295,1,1.0,doi:10.1016/j.jval.2020.03.019,10.1016/j.jval.2020.03.019
person:eqmember:19813,person:leader:320b99af03c2,1,1.0,doi:10.1016/j.jval.2020.05.004,10.1016/j.jval.2020.05.004
person:eqmember:19813,person:leader:9f2c2404b4d6,1,1.0,doi:10.1186/s12955-022-01989-9,10.1186/s12955-022-01989-9
person:eqmember:19813,person:openalex:A5000298893,1,1.0,doi:10.1016/j.jval.2014.11.005,10.1016/j.jval.2014.11.005
person:eqmember:19813,person:openalex:A5012881493,1,1.0,doi:10.1016/j.jval.2020.05.004,10.1016/j.jval.2020.05.004
person:eqmember:19813,person:openalex:A5021581627,1,1.0,doi:10.1016/j.jval.2020.05.004,10.1016/j.jval.2020.05.004
person:eqmember:19813,person:openalex:A5026943307,1,1.0,doi:10.1016/j.jval.2020.05.004,10.1016/j.jval.2020.05.004
person:eqmember:19813,person:orcid:0000-0002-4875-5379,1,1.0,doi:10.1186/s12955-022-01989-9,10.1186/s12955-022-01989-9
person:eqmember:21677,person:leader:50cca9cff5d9,1,1.0,doi:10.1016/j.jval.2025.05.013,10.1016/j.jval.2025.05.013
person:eqmember:21677,person:openalex:A5010988882,1,1.0,doi:10.1186/s12955-026-02579-9,10.1186/s12955-026-02579-9
person:eqmember:21677,person:openalex:A5028609651,1,1.0,doi:10.1186/s12955-026-02579-9,10.1186/s12955-026-02579-9
person:eqmember:21677,person:openalex:A5049910190,1,1.0,doi:10.1186/s12955-026-02579-9,10.1186/s12955-026-02579-9
person:eqmember:21677,person:openalex:A5082190751,1,1.0,doi:10.1186/s12955-026-02579-9,10.1186/s12955-026-02579-9
person:eqmember:21677,person:orcid:0000-0002-0525-8516,1,1.0,doi:10.1007/s40271-024-00715-5,10.1007/s40271-024-00715-5
person:eqmember:21677,person:orcid:0000-0002-3288-036x,1,1.0,doi:10.1007/s40271-024-00715-5,10.1007/s40271-024-00715-5
person:eqmember:21677,person:orcid:0000-0002-4186-314x,1,1.0,doi:10.1007/s40271-024-00715-5,10.1007/s40271-024-00715-5
person:eqmember:21677,person:orcid:0000-0002-5692-8882,1,1.0,doi:10.1016/j.jval.2025.05.013,10.1016/j.jval.2025.05.013
person:eqmember:21677,person:orcid:0000-0002-7302-7293,1,1.0,doi:10.1007/s40271-024-00715-5,10.1007/s40271-024-00715-5
person:eqmember:21677,person:orcid:0000-0002-8385-5965,1,1.0,doi:10.1371/journal.pone.0302886,10.1371/journal.pone.0302886
person:eqmember:21677,person:orcid:0000-0002-8859-926x,1,1.0,doi:10.1371/journal.pone.0302886,10.1371/journal.pone.0302886
person:eqmember:21678,person:openalex:A5123188413,1,1.0,doi:10.1016/j.jval.2026.01.001,10.1016/j.jval.2026.01.001
person:eqmember:21678,person:orcid:0000-0001-9784-6472,1,1.0,doi:10.1007/s10198-024-01682-2,10.1007/s10198-024-01682-2
person:leader:04cf56c7a04c,person:orcid:0000-0001-5913-0297,1,1.0,doi:10.1136/bmjopen-2023-080985,10.1136/bmjopen-2023-080985
person:leader:04cf56c7a04c,person:orcid:0000-0002-2570-1685,1,1.0,doi:10.1136/bmjopen-2023-080985,10.1136/bmjopen-2023-080985
person:leader:04cf56c7a04c,person:orcid:0000-0002-3816-9106,1,1.0,doi:10.1136/bmjopen-2023-080985,10.1136/bmjopen-2023-080985
person:leader:0687af044b11,person:openalex:A5062656907,1,1.0,doi:10.1007/s11136-026-04223-x,10.1007/s11136-026-04223-x
person:leader:0687af044b11,person:openalex:A5123867361,1,1.0,doi:10.1007/s11136-026-04223-x,10.1007/s11136-026-04223-x
person:leader:0687af044b11,person:openalex:A5124253158,1,1.0,doi:10.1007/s11136-026-04223-x,10.1007/s11136-026-04223-x
person:leader:0687af044b11,person:orcid:0000-0001-5307-0692,1,1.0,doi:10.1007/s11136-026-04223-x,10.1007/s11136-026-04223-x
person:leader:0687af044b11,person:orcid:0000-0002-1686-4458,1,1.0,doi:10.1007/s11136-026-04223-x,10.1007/s11136-026-04223-x
person:leader:0687af044b11,person:orcid:0000-0002-8934-7267,1,1.0,doi:10.1007/s11136-026-04223-x,10.1007/s11136-026-04223-x
person:leader:0687af044b11,person:orcid:0000-0003-3274-0292,1,1.0,doi:10.1007/s11136-026-04223-x,10.1007/s11136-026-04223-x
person:leader:0687af044b11,person:orcid:0000-0003-3634-7906,1,1.0,doi:10.1007/s11136-026-04223-x,10.1007/s11136-026-04223-x
person:leader:0687af044b11,person:orcid:0000-0003-3705-5323,1,1.0,doi:10.1007/s11136-026-04223-x,10.1007/s11136-026-04223-x
person:leader:0687af044b11,person:orcid:0009-0001-2704-5044,1,1.0,doi:10.1007/s11136-026-04223-x,10.1007/s11136-026-04223-x
person:leader:0687af044b11,person:orcid:0009-0005-4800-6182,1,1.0,doi:10.1007/s11136-026-04223-x,10.1007/s11136-026-04223-x
person:leader:0687af044b11,person:orcid:0009-0006-5595-0419,1,1.0,doi:10.1007/s11136-026-04223-x,10.1007/s11136-026-04223-x
person:leader:08f441c510b7,person:leader:a88a6c88814a,1,1.0,doi:10.3389/ijph.2026.1608807,10.3389/ijph.2026.1608807
person:leader:08f441c510b7,person:openalex:A5073821926,1,1.0,doi:10.3389/ijph.2026.1608807,10.3389/ijph.2026.1608807
person:leader:08f441c510b7,person:openalex:A5117455132,1,1.0,doi:10.3389/ijph.2026.1608807,10.3389/ijph.2026.1608807
person:leader:09fa3c498378,person:leader:31a5417532b0,1,1.0,doi:10.1007/s11136-021-03075-x,10.1007/s11136-021-03075-x
person:leader:09fa3c498378,person:leader:53444d26184b,1,1.0,doi:10.1007/s11136-021-03075-x,10.1007/s11136-021-03075-x
person:leader:09fa3c498378,person:leader:ad6bbe401f11,1,1.0,doi:10.1007/s11136-021-03075-x,10.1007/s11136-021-03075-x
person:leader:09fa3c498378,person:leader:c776fcba6574,1,1.0,doi:10.1007/s11136-021-03075-x,10.1007/s11136-021-03075-x
person:leader:09fa3c498378,person:orcid:0000-0001-6962-0564,1,1.0,doi:10.1007/s11136-021-03075-x,10.1007/s11136-021-03075-x
person:leader:09fa3c498378,person:orcid:0000-0002-0177-0192,1,1.0,doi:10.1007/s11136-021-03075-x,10.1007/s11136-021-03075-x
person:leader:09fa3c498378,person:orcid:0000-0002-4749-5536,1,1.0,doi:10.1007/s11136-021-03075-x,10.1007/s11136-021-03075-x
person:leader:09fa3c498378,person:orcid:0000-0002-6891-2650,1,1.0,doi:10.1007/s11136-021-03075-x,10.1007/s11136-021-03075-x
person:leader:0a4ba2690908,person:openalex:A5074077987,1,1.0,doi:10.1007/s40273-025-01545-5,10.1007/s40273-025-01545-5
person:leader:0a4ba2690908,person:orcid:0000-0002-2791-9960,1,1.0,doi:10.1007/s40273-025-01545-5,10.1007/s40273-025-01545-5
person:leader:0a4ba2690908,person:orcid:0000-0002-9768-5389,1,1.0,doi:10.1007/s10198-025-01769-4,10.1007/s10198-025-01769-4
person:leader:1064c67128ac,person:leader:fa3dd095d626,1,1.0,doi:10.3389/fpsyg.2023.1175402,10.3389/fpsyg.2023.1175402
person:leader:1064c67128ac,person:orcid:0000-0002-0377-3389,1,1.0,doi:10.3389/fpsyg.2023.1175402,10.3389/fpsyg.2023.1175402
person:leader:1064c67128ac,person:orcid:0000-0002-5649-6768,1,1.0,doi:10.3389/fpsyg.2023.1175402,10.3389/fpsyg.2023.1175402
person:leader:1064c67128ac,person:orcid:0000-0003-1026-570x,1,1.0,doi:10.3389/fpsyg.2023.1175402,10.3389/fpsyg.2023.1175402
person:leader:1ed27ee96b5d,person:orcid:0000-0002-2399-6942,1,1.0,doi:10.1007/s40273-025-01493-0,10.1007/s40273-025-01493-0
person:leader:1ed27ee96b5d,person:orcid:0000-0002-5332-5226,1,1.0,doi:10.1007/s11136-025-03990-3,10.1007/s11136-025-03990-3
person:leader:1ed27ee96b5d,person:orcid:0000-0003-3017-2770,1,1.0,doi:10.1007/s11136-025-03990-3,10.1007/s11136-025-03990-3
person:leader:1ed27ee96b5d,person:orcid:0000-0003-4535-442x,1,1.0,doi:10.1007/s40273-025-01493-0,10.1007/s40273-025-01493-0
person:leader:22c287b45ebd,person:leader:33e259cba916,1,1.0,doi:10.1007/s11136-026-04230-y,10.1007/s11136-026-04230-y
person:leader:22c287b45ebd,person:leader:63cb6b329986,1,1.0,doi:10.1007/s11136-026-04230-y,10.1007/s11136-026-04230-y
person:leader:22c287b45ebd,person:openalex:A5132705166,1,1.0,doi:10.1007/s11136-026-04230-y,10.1007/s11136-026-04230-y
person:leader:22c287b45ebd,person:orcid:0000-0001-6121-5409,1,1.0,doi:10.1007/s11136-026-04230-y,10.1007/s11136-026-04230-y
person:leader:22c287b45ebd,person:orcid:0000-0002-0122-0123,1,1.0,doi:10.1007/s11136-026-04230-y,10.1007/s11136-026-04230-y
person:leader:22c287b45ebd,person:orcid:0000-0003-3897-2908,1,1.0,doi:10.1007/s11136-026-04230-y,10.1007/s11136-026-04230-y
person:leader:2f6e9bb0322d,person:orcid:0000-0002-0273-824x,1,1.0,doi:10.3390/cancers16111952,10.3390/cancers16111952
person:leader:2f6e9bb0322d,person:orcid:0000-0002-1387-8686,1,1.0,doi:10.3390/cancers16111952,10.3390/cancers16111952
person:leader:2f6e9bb0322d,person:orcid:0000-0002-1716-9123,1,1.0,doi:10.3390/cancers16111952,10.3390/cancers16111952
person:leader:2f6e9bb0322d,person:orcid:0000-0003-1944-6777,1,1.0,doi:10.3390/cancers16111952,10.3390/cancers16111952
person:leader:2f6e9bb0322d,person:orcid:0009-0007-3558-3946,1,1.0,doi:10.3390/cancers16111952,10.3390/cancers16111952
person:leader:31a5417532b0,person:leader:53444d26184b,1,1.0,doi:10.1007/s11136-021-03075-x,10.1007/s11136-021-03075-x
person:leader:31a5417532b0,person:leader:ad6bbe401f11,1,1.0,doi:10.1007/s11136-021-03075-x,10.1007/s11136-021-03075-x
person:leader:31a5417532b0,person:leader:c776fcba6574,1,1.0,doi:10.1007/s11136-021-03075-x,10.1007/s11136-021-03075-x
person:leader:31a5417532b0,person:orcid:0000-0001-6962-0564,1,1.0,doi:10.1007/s11136-021-03075-x,10.1007/s11136-021-03075-x
person:leader:31a5417532b0,person:orcid:0000-0002-0177-0192,1,1.0,doi:10.1007/s11136-021-03075-x,10.1007/s11136-021-03075-x
person:leader:31a5417532b0,person:orcid:0000-0002-4749-5536,1,1.0,doi:10.1007/s11136-021-03075-x,10.1007/s11136-021-03075-x
person:leader:31a5417532b0,person:orcid:0000-0002-6891-2650,1,1.0,doi:10.1007/s11136-021-03075-x,10.1007/s11136-021-03075-x
person:leader:320b99af03c2,person:leader:dd5e12d302df,1,1.0,doi:10.1186/s12955-026-02581-1,10.1186/s12955-026-02581-1
person:leader:320b99af03c2,person:openalex:A5008674497,1,1.0,doi:10.1186/s12955-026-02581-1,10.1186/s12955-026-02581-1
person:leader:320b99af03c2,person:openalex:A5012881493,1,1.0,doi:10.1016/j.jval.2020.05.004,10.1016/j.jval.2020.05.004
person:leader:320b99af03c2,person:openalex:A5021581627,1,1.0,doi:10.1016/j.jval.2020.05.004,10.1016/j.jval.2020.05.004
person:leader:320b99af03c2,person:openalex:A5026943307,1,1.0,doi:10.1016/j.jval.2020.05.004,10.1016/j.jval.2020.05.004
person:leader:33ce5d686145,person:orcid:0000-0002-0113-6917,1,1.0,doi:10.1007/s40273-025-01476-1,10.1007/s40273-025-01476-1
person:leader:33ce5d686145,person:orcid:0000-0002-0918-7540,1,1.0,doi:10.1007/s40273-025-01476-1,10.1007/s40273-025-01476-1
person:leader:33ce5d686145,person:orcid:0000-0003-3550-990x,1,1.0,doi:10.1007/s40273-025-01476-1,10.1007/s40273-025-01476-1
person:leader:33e259cba916,person:leader:63cb6b329986,1,1.0,doi:10.1007/s11136-026-04230-y,10.1007/s11136-026-04230-y
person:leader:33e259cba916,person:openalex:A5132705166,1,1.0,doi:10.1007/s11136-026-04230-y,10.1007/s11136-026-04230-y
person:leader:33e259cba916,person:orcid:0000-0001-6121-5409,1,1.0,doi:10.1007/s11136-026-04230-y,10.1007/s11136-026-04230-y
person:leader:33e259cba916,person:orcid:0000-0002-0122-0123,1,1.0,doi:10.1007/s11136-026-04230-y,10.1007/s11136-026-04230-y
person:leader:33e259cba916,person:orcid:0000-0003-3897-2908,1,1.0,doi:10.1007/s11136-026-04230-y,10.1007/s11136-026-04230-y
person:leader:35b2f2d48116,person:leader:8b1b3321c511,1,1.0,doi:10.1007/s40258-021-00639-3,10.1007/s40258-021-00639-3
person:leader:35b2f2d48116,person:orcid:0000-0002-8222-0781,1,1.0,doi:10.1007/s40258-021-00639-3,10.1007/s40258-021-00639-3
person:leader:35b2f2d48116,person:orcid:0000-0002-9455-0104,1,1.0,doi:10.1007/s40258-021-00639-3,10.1007/s40258-021-00639-3
person:leader:3a021deb0a29,person:openalex:A5047192551,1,1.0,doi:10.1016/j.vhri.2024.101045,10.1016/j.vhri.2024.101045
person:leader:3a021deb0a29,person:openalex:A5091770714,1,1.0,doi:10.1016/j.vhri.2024.101045,10.1016/j.vhri.2024.101045
person:leader:4001f58df21c,person:leader:557995e71b4d,1,1.0,doi:10.1177/0272989x211001859,10.1177/0272989x211001859
person:leader:4001f58df21c,person:orcid:0000-0002-4601-0955,1,1.0,doi:10.1177/0272989x211001859,10.1177/0272989x211001859
person:leader:4001f58df21c,person:orcid:0000-0002-6952-7770,1,1.0,doi:10.1177/0272989x211001859,10.1177/0272989x211001859
person:leader:45e0db20f70b,person:leader:8677f310bcd0,1,1.0,doi:10.1007/s10198-025-01823-1,10.1007/s10198-025-01823-1
person:leader:45e0db20f70b,person:orcid:0000-0002-0476-8397,1,1.0,doi:10.1007/s10198-025-01823-1,10.1007/s10198-025-01823-1
person:leader:49d1d576ca39,person:orcid:0000-0002-6555-8916,1,1.0,doi:10.1007/s41669-022-00353-3,10.1007/s41669-022-00353-3
person:leader:49d1d576ca39,person:orcid:0000-0003-2513-8957,1,1.0,doi:10.1007/s41669-022-00353-3,10.1007/s41669-022-00353-3
person:leader:49d1d576ca39,person:orcid:0000-0003-4479-8950,1,1.0,doi:10.1007/s41669-022-00353-3,10.1007/s41669-022-00353-3
person:leader:4fa690feeeb8,person:orcid:0000-0002-0245-9849,1,1.0,doi:10.1007/s40258-022-00772-7,10.1007/s40258-022-00772-7
person:leader:50cca9cff5d9,person:openalex:A5018364694,1,1.0,doi:10.1007/s10198-025-01804-4,10.1007/s10198-025-01804-4
person:leader:50cca9cff5d9,person:openalex:A5067715763,1,1.0,doi:10.1016/j.jval.2025.04.2161,10.1016/j.jval.2025.04.2161
person:leader:50cca9cff5d9,person:openalex:A5075516243,1,1.0,doi:10.1136/archdischild-2025-329475,10.1136/archdischild-2025-329475
person:leader:50cca9cff5d9,person:openalex:A5077284198,1,1.0,doi:10.1007/s11136-025-03996-x,10.1007/s11136-025-03996-x
person:leader:50cca9cff5d9,person:openalex:A5080066908,1,1.0,doi:10.1136/archdischild-2025-329475,10.1136/archdischild-2025-329475
person:leader:50cca9cff5d9,person:openalex:A5093786284,1,1.0,doi:10.1136/archdischild-2025-329475,10.1136/archdischild-2025-329475
person:leader:50cca9cff5d9,person:openalex:A5104134946,1,1.0,doi:10.1007/s11136-025-03996-x,10.1007/s11136-025-03996-x
person:leader:50cca9cff5d9,person:openalex:A5108557660,1,1.0,doi:10.1007/s11136-025-03996-x,10.1007/s11136-025-03996-x
person:leader:50cca9cff5d9,person:openalex:A5110255509,1,1.0,doi:10.1007/s10198-025-01804-4,10.1007/s10198-025-01804-4
person:leader:50cca9cff5d9,person:openalex:A5117785012,1,1.0,doi:10.1007/s11136-025-03996-x,10.1007/s11136-025-03996-x
person:leader:50cca9cff5d9,person:openalex:A5117785013,1,1.0,doi:10.1007/s11136-025-03996-x,10.1007/s11136-025-03996-x
person:leader:50cca9cff5d9,person:openalex:A5122353169,1,1.0,doi:10.1007/s11136-025-04150-3,10.1007/s11136-025-04150-3
person:leader:50cca9cff5d9,person:openalex:A5122380022,1,1.0,doi:10.1007/s11136-025-04150-3,10.1007/s11136-025-04150-3
person:leader:50cca9cff5d9,person:openalex:A5122382176,1,1.0,doi:10.1007/s11136-025-04150-3,10.1007/s11136-025-04150-3
person:leader:50cca9cff5d9,person:openalex:A5130590408,1,1.0,doi:10.1136/archdischild-2025-329475,10.1136/archdischild-2025-329475
person:leader:50cca9cff5d9,person:openalex:A5130602985,1,1.0,doi:10.1136/archdischild-2025-329475,10.1136/archdischild-2025-329475
person:leader:50cca9cff5d9,person:orcid:0000-0001-5193-918x,1,1.0,doi:10.1007/s11136-025-04150-3,10.1007/s11136-025-04150-3
person:leader:50cca9cff5d9,person:orcid:0000-0001-5396-0265,1,1.0,doi:10.1007/s11136-025-03996-x,10.1007/s11136-025-03996-x
person:leader:50cca9cff5d9,person:orcid:0000-0001-6404-1117,1,1.0,doi:10.1007/s11136-025-03996-x,10.1007/s11136-025-03996-x
person:leader:50cca9cff5d9,person:orcid:0000-0001-6983-0166,1,1.0,doi:10.1007/s11136-025-03996-x,10.1007/s11136-025-03996-x
person:leader:50cca9cff5d9,person:orcid:0000-0002-2399-6942,1,1.0,doi:10.1007/s40273-025-01493-0,10.1007/s40273-025-01493-0
person:leader:50cca9cff5d9,person:orcid:0000-0002-4290-4863,1,1.0,doi:10.1007/s11136-025-03996-x,10.1007/s11136-025-03996-x
person:leader:50cca9cff5d9,person:orcid:0000-0002-5599-2209,1,1.0,doi:10.1007/s40273-024-01355-1,10.1007/s40273-024-01355-1
person:leader:50cca9cff5d9,person:orcid:0000-0002-7913-7274,1,1.0,doi:10.1007/s11136-025-03996-x,10.1007/s11136-025-03996-x
person:leader:50cca9cff5d9,person:orcid:0000-0002-8438-2901,1,1.0,doi:10.1007/s11136-025-03996-x,10.1007/s11136-025-03996-x
person:leader:50cca9cff5d9,person:orcid:0000-0003-2029-6331,1,1.0,doi:10.1007/s11136-025-03996-x,10.1007/s11136-025-03996-x
person:leader:50cca9cff5d9,person:orcid:0000-0003-4007-8243,1,1.0,doi:10.1007/s11136-025-03996-x,10.1007/s11136-025-03996-x
person:leader:50cca9cff5d9,person:orcid:0000-0003-4535-442x,1,1.0,doi:10.1007/s40273-025-01493-0,10.1007/s40273-025-01493-0
person:leader:510242c8d95e,person:openalex:A5081675787,1,1.0,doi:10.1016/j.vhri.2021.09.007,10.1016/j.vhri.2021.09.007
person:leader:53444d26184b,person:leader:ad6bbe401f11,1,1.0,doi:10.1007/s11136-021-03075-x,10.1007/s11136-021-03075-x
person:leader:53444d26184b,person:leader:c776fcba6574,1,1.0,doi:10.1007/s11136-021-03075-x,10.1007/s11136-021-03075-x
person:leader:53444d26184b,person:openalex:A5110068367,1,1.0,doi:10.1371/journal.pone.0209344,10.1371/journal.pone.0209344
person:leader:53444d26184b,person:openalex:A5112406075,1,1.0,doi:10.1371/journal.pone.0209344,10.1371/journal.pone.0209344
person:leader:53444d26184b,person:orcid:0000-0001-6660-5246,1,1.0,doi:10.1371/journal.pone.0209344,10.1371/journal.pone.0209344
person:leader:53444d26184b,person:orcid:0000-0001-6962-0564,1,1.0,doi:10.1007/s11136-021-03075-x,10.1007/s11136-021-03075-x
person:leader:53444d26184b,person:orcid:0000-0001-7470-528x,1,1.0,doi:10.1371/journal.pone.0209344,10.1371/journal.pone.0209344
person:leader:53444d26184b,person:orcid:0000-0002-0177-0192,1,1.0,doi:10.1007/s11136-021-03075-x,10.1007/s11136-021-03075-x
person:leader:53444d26184b,person:orcid:0000-0002-4749-5536,1,1.0,doi:10.1007/s11136-021-03075-x,10.1007/s11136-021-03075-x
person:leader:53444d26184b,person:orcid:0000-0002-6891-2650,1,1.0,doi:10.1007/s11136-021-03075-x,10.1007/s11136-021-03075-x
person:leader:53444d26184b,person:orcid:0000-0002-8249-7481,1,1.0,doi:10.1371/journal.pone.0209344,10.1371/journal.pone.0209344
person:leader:53444d26184b,person:orcid:0000-0003-0545-1567,1,1.0,doi:10.1371/journal.pone.0209344,10.1371/journal.pone.0209344
person:leader:557995e71b4d,person:orcid:0000-0002-4601-0955,1,1.0,doi:10.1177/0272989x211001859,10.1177/0272989x211001859
person:leader:557995e71b4d,person:orcid:0000-0002-6952-7770,1,1.0,doi:10.1177/0272989x211001859,10.1177/0272989x211001859
person:leader:5b6527858de5,person:leader:c52a5fd501e9,1,1.0,doi:10.1007/s11136-019-02115-x,10.1007/s11136-019-02115-x
person:leader:5b6527858de5,person:openalex:A5011340679,1,1.0,doi:10.1007/s11136-018-1985-2,10.1007/s11136-018-1985-2
person:leader:5b6527858de5,person:orcid:0000-0002-3379-2433,1,1.0,doi:10.1007/s11136-018-1985-2,10.1007/s11136-018-1985-2
person:leader:5b6527858de5,person:orcid:0000-0002-4832-7833,1,1.0,doi:10.1007/s11136-019-02115-x,10.1007/s11136-019-02115-x
person:leader:5b6527858de5,person:orcid:0000-0003-4392-6850,1,1.0,doi:10.1007/s11136-019-02115-x,10.1007/s11136-019-02115-x
person:leader:5fdc94f27d8c,person:openalex:A5050491421,1,1.0,doi:10.1186/s12955-024-02305-3,10.1186/s12955-024-02305-3
person:leader:5fdc94f27d8c,person:openalex:A5072165119,1,1.0,doi:10.1186/s12955-024-02305-3,10.1186/s12955-024-02305-3
person:leader:5fdc94f27d8c,person:orcid:0000-0002-2485-505x,1,1.0,doi:10.1186/s12955-024-02305-3,10.1186/s12955-024-02305-3
person:leader:5fdc94f27d8c,person:orcid:0000-0002-3581-6451,1,1.0,doi:10.1186/s12955-024-02305-3,10.1186/s12955-024-02305-3
person:leader:5fdc94f27d8c,person:orcid:0000-0002-3614-2401,1,1.0,doi:10.1186/s12955-024-02305-3,10.1186/s12955-024-02305-3
person:leader:606823d7ed51,person:openalex:A5025255902,1,1.0,doi:10.1016/j.jval.2024.12.003,10.1016/j.jval.2024.12.003
person:leader:63cb6b329986,person:leader:e448059d8472,1,1.0,doi:10.1007/s40273-025-01550-8,10.1007/s40273-025-01550-8
person:leader:63cb6b329986,person:openalex:A5072547675,1,1.0,doi:10.1007/s10198-021-01306-z,10.1007/s10198-021-01306-z
person:leader:63cb6b329986,person:openalex:A5111788632,1,1.0,doi:10.1007/s10198-021-01306-z,10.1007/s10198-021-01306-z
person:leader:63cb6b329986,person:openalex:A5132705166,1,1.0,doi:10.1007/s11136-026-04230-y,10.1007/s11136-026-04230-y
person:leader:63cb6b329986,person:orcid:0000-0001-6121-5409,1,1.0,doi:10.1007/s11136-026-04230-y,10.1007/s11136-026-04230-y
person:leader:63cb6b329986,person:orcid:0000-0001-9071-2842,1,1.0,doi:10.1007/s10198-021-01306-z,10.1007/s10198-021-01306-z
person:leader:63cb6b329986,person:orcid:0000-0002-0122-0123,1,1.0,doi:10.1007/s11136-026-04230-y,10.1007/s11136-026-04230-y
person:leader:63cb6b329986,person:orcid:0000-0002-0680-7353,1,1.0,doi:10.1007/s10198-021-01306-z,10.1007/s10198-021-01306-z
person:leader:63cb6b329986,person:orcid:0000-0002-9768-5389,1,1.0,doi:10.1186/s12955-026-02578-w,10.1186/s12955-026-02578-w
person:leader:63cb6b329986,person:orcid:0000-0003-0851-8341,1,1.0,doi:10.1007/s10198-021-01306-z,10.1007/s10198-021-01306-z
person:leader:63cb6b329986,person:orcid:0000-0003-1604-5353,1,1.0,doi:10.1007/s40273-025-01550-8,10.1007/s40273-025-01550-8
person:leader:63cb6b329986,person:orcid:0000-0003-2449-2516,1,1.0,doi:10.1007/s40273-025-01550-8,10.1007/s40273-025-01550-8
person:leader:63cb6b329986,person:orcid:0000-0003-3897-2908,1,1.0,doi:10.1007/s11136-026-04230-y,10.1007/s11136-026-04230-y
person:leader:697a63a74011,person:orcid:0000-0002-4758-7588,1,1.0,doi:10.1007/s11136-025-04003-z,10.1007/s11136-025-04003-z
person:leader:6998de5ea5d5,person:leader:a0721a90a44f,1,1.0,doi:10.1186/s12891-024-07304-5,10.1186/s12891-024-07304-5
person:leader:6998de5ea5d5,person:orcid:0000-0001-9074-7359,1,1.0,doi:10.1016/j.pecinn.2025.100421,10.1016/j.pecinn.2025.100421
person:leader:6cc4c9299d70,person:openalex:A5063917571,1,1.0,doi:10.1186/s13643-025-03060-2,10.1186/s13643-025-03060-2
person:leader:6cc4c9299d70,person:orcid:0000-0003-4933-9569,1,1.0,doi:10.1186/s13643-025-03060-2,10.1186/s13643-025-03060-2
person:leader:708432e727df,person:leader:7fbd807010a1,1,1.0,doi:10.1186/s12955-025-02421-8,10.1186/s12955-025-02421-8
person:leader:708432e727df,person:orcid:0000-0003-0804-3307,1,1.0,doi:10.1186/s12955-025-02421-8,10.1186/s12955-025-02421-8
person:leader:73598c4735dd,person:openalex:A5053842557,1,1.0,doi:10.1136/bmjopen-2025-102509,10.1136/bmjopen-2025-102509
person:leader:73598c4735dd,person:openalex:A5118390306,1,1.0,doi:10.1136/bmjopen-2025-102509,10.1136/bmjopen-2025-102509
person:leader:73598c4735dd,person:orcid:0000-0002-0178-7007,1,1.0,doi:10.1136/bmjopen-2025-102509,10.1136/bmjopen-2025-102509
person:leader:73598c4735dd,person:orcid:0000-0003-3483-5658,1,1.0,doi:10.1136/bmjopen-2025-102509,10.1136/bmjopen-2025-102509
person:leader:73598c4735dd,person:orcid:0009-0002-6616-3657,1,1.0,doi:10.1007/s10198-024-01710-1,10.1007/s10198-024-01710-1
person:leader:73598c4735dd,person:orcid:0009-0008-6782-4182,1,1.0,doi:10.1007/s10198-024-01710-1,10.1007/s10198-024-01710-1
person:leader:78acf91f717f,person:openalex:A5031125763,1,1.0,doi:10.1007/s11136-024-03875-x,10.1007/s11136-024-03875-x
person:leader:78acf91f717f,person:openalex:A5090671455,1,1.0,doi:10.1007/s11136-024-03875-x,10.1007/s11136-024-03875-x
person:leader:78f0dc6cb8d8,person:leader:8677f310bcd0,1,1.0,doi:10.1007/s10198-021-01377-y,10.1007/s10198-021-01377-y
person:leader:78f0dc6cb8d8,person:openalex:A5119599136,1,1.0,doi:10.1007/s10198-025-01812-4,10.1007/s10198-025-01812-4
person:leader:78f0dc6cb8d8,person:orcid:0000-0002-5882-6070,1,1.0,doi:10.1007/s10198-025-01812-4,10.1007/s10198-025-01812-4
person:leader:7fbd807010a1,person:orcid:0000-0003-0804-3307,1,1.0,doi:10.1186/s12955-025-02421-8,10.1186/s12955-025-02421-8
person:leader:82320ccd878a,person:openalex:A5111246879,1,1.0,doi:10.1007/s40273-024-01404-9,10.1007/s40273-024-01404-9
person:leader:82320ccd878a,person:orcid:0000-0002-1175-2211,1,1.0,doi:10.1007/s10198-025-01770-x,10.1007/s10198-025-01770-x
person:leader:82320ccd878a,person:orcid:0000-0002-3797-949x,1,1.0,doi:10.1007/s40273-024-01404-9,10.1007/s40273-024-01404-9
person:leader:82320ccd878a,person:orcid:0000-0002-8756-8699,1,1.0,doi:10.1007/s40273-024-01404-9,10.1007/s40273-024-01404-9
person:leader:82320ccd878a,person:orcid:0000-0003-4793-9026,1,1.0,doi:10.1007/s40273-024-01404-9,10.1007/s40273-024-01404-9
person:leader:82320ccd878a,person:orcid:0009-0009-2934-8362,1,1.0,doi:10.1007/s10198-025-01770-x,10.1007/s10198-025-01770-x
person:leader:8677f310bcd0,person:orcid:0000-0002-0476-8397,1,1.0,doi:10.1007/s10198-025-01823-1,10.1007/s10198-025-01823-1
person:leader:8873fe2331bf,person:leader:fa3dd095d626,1,1.0,doi:10.1007/s11136-025-03917-y,10.1007/s11136-025-03917-y
person:leader:8873fe2331bf,person:openalex:A5078510482,1,1.0,doi:10.1007/s11136-025-03917-y,10.1007/s11136-025-03917-y
person:leader:8873fe2331bf,person:openalex:A5114202758,1,1.0,doi:10.1007/s11136-025-03917-y,10.1007/s11136-025-03917-y
person:leader:8b1b3321c511,person:orcid:0000-0002-6048-521x,1,1.0,doi:10.1007/s40258-021-00639-3,10.1007/s40258-021-00639-3
person:leader:8b1b3321c511,person:orcid:0000-0002-8222-0781,1,1.0,doi:10.1007/s40258-021-00639-3,10.1007/s40258-021-00639-3
person:leader:8b1b3321c511,person:orcid:0000-0002-9455-0104,1,1.0,doi:10.1007/s40258-021-00639-3,10.1007/s40258-021-00639-3
person:leader:942313d653a7,person:orcid:0000-0001-6783-0023,1,1.0,doi:10.1007/s40273-019-00876-4,10.1007/s40273-019-00876-4
person:leader:9f2c2404b4d6,person:orcid:0000-0002-4875-5379,1,1.0,doi:10.1186/s12955-022-01989-9,10.1186/s12955-022-01989-9
person:leader:a0721a90a44f,person:openalex:A5102623414,1,1.0,doi:10.1186/s12891-024-07304-5,10.1186/s12891-024-07304-5
person:leader:a0721a90a44f,person:orcid:0000-0002-1502-0659,1,1.0,doi:10.1186/s12891-024-07304-5,10.1186/s12891-024-07304-5
person:leader:a0721a90a44f,person:orcid:0000-0002-6143-1555,1,1.0,doi:10.1186/s12891-024-07304-5,10.1186/s12891-024-07304-5
person:leader:a0721a90a44f,person:orcid:0000-0002-9625-6902,1,1.0,doi:10.1186/s12891-024-07304-5,10.1186/s12891-024-07304-5
person:leader:a88a6c88814a,person:openalex:A5073821926,1,1.0,doi:10.3389/ijph.2026.1608807,10.3389/ijph.2026.1608807
person:leader:a88a6c88814a,person:openalex:A5117455132,1,1.0,doi:10.3389/ijph.2026.1608807,10.3389/ijph.2026.1608807
person:leader:ad6bbe401f11,person:leader:c776fcba6574,1,1.0,doi:10.1007/s11136-021-03075-x,10.1007/s11136-021-03075-x
person:leader:ad6bbe401f11,person:orcid:0000-0001-6962-0564,1,1.0,doi:10.1007/s11136-021-03075-x,10.1007/s11136-021-03075-x
person:leader:ad6bbe401f11,person:orcid:0000-0002-0177-0192,1,1.0,doi:10.1007/s11136-021-03075-x,10.1007/s11136-021-03075-x
person:leader:ad6bbe401f11,person:orcid:0000-0002-4749-5536,1,1.0,doi:10.1007/s11136-021-03075-x,10.1007/s11136-021-03075-x
person:leader:ad6bbe401f11,person:orcid:0000-0002-6891-2650,1,1.0,doi:10.1007/s11136-021-03075-x,10.1007/s11136-021-03075-x
person:leader:b101d0407270,person:orcid:0000-0002-0412-4276,1,1.0,doi:10.1007/s40273-018-0694-6,10.1007/s40273-018-0694-6
person:leader:b74a5997703c,person:orcid:0000-0002-6359-8797,1,1.0,doi:10.1007/s12311-024-01657-2,10.1007/s12311-024-01657-2
person:leader:b9c067658879,person:openalex:A5114345756,1,1.0,doi:10.1007/s11136-026-04226-8,10.1007/s11136-026-04226-8
person:leader:b9c067658879,person:openalex:A5132638343,1,1.0,doi:10.1007/s11136-026-04226-8,10.1007/s11136-026-04226-8
person:leader:ba7c286781f3,person:orcid:0000-0001-6962-0564,1,1.0,doi:10.1007/s11136-020-02469-7,10.1007/s11136-020-02469-7
person:leader:ba7c286781f3,person:orcid:0000-0002-0457-2175,1,1.0,doi:10.1186/s12955-022-02083-w,10.1186/s12955-022-02083-w
person:leader:ba7c286781f3,person:orcid:0000-0002-4749-5536,1,1.0,doi:10.1007/s11136-020-02469-7,10.1007/s11136-020-02469-7
person:leader:ba7c286781f3,person:orcid:0000-0003-2290-0205,1,1.0,doi:10.1007/s11136-020-02469-7,10.1007/s11136-020-02469-7
person:leader:bc605a168c15,person:openalex:A5117715736,1,1.0,doi:10.3390/curroncol32060308,10.3390/curroncol32060308
person:leader:bc605a168c15,person:orcid:0000-0001-5541-5930,1,1.0,doi:10.3390/curroncol32060308,10.3390/curroncol32060308
person:leader:bc605a168c15,person:orcid:0009-0003-3441-7795,1,1.0,doi:10.3390/curroncol32060308,10.3390/curroncol32060308
person:leader:bc605a168c15,person:orcid:0009-0003-6953-6997,1,1.0,doi:10.3390/curroncol32060308,10.3390/curroncol32060308
person:leader:c2d00c5008f7,person:openalex:A5132638343,1,1.0,doi:10.1007/s11136-026-04285-x,10.1007/s11136-026-04285-x
person:leader:c2d00c5008f7,person:openalex:A5138142464,1,1.0,doi:10.1007/s11136-026-04285-x,10.1007/s11136-026-04285-x
person:leader:c2d00c5008f7,person:orcid:0000-0001-7058-5102,1,1.0,doi:10.1213/ane.0000000000007107,10.1213/ane.0000000000007107
person:leader:c2d00c5008f7,person:orcid:0000-0002-8229-4369,1,1.0,doi:10.1213/ane.0000000000007107,10.1213/ane.0000000000007107
person:leader:c4a44baaa49e,person:leader:fa3dd095d626,1,1.0,doi:10.1007/s11136-025-03917-y,10.1007/s11136-025-03917-y
person:leader:c4a44baaa49e,person:openalex:A5078510482,1,1.0,doi:10.1007/s11136-025-03917-y,10.1007/s11136-025-03917-y
person:leader:c4a44baaa49e,person:openalex:A5114202758,1,1.0,doi:10.1007/s11136-025-03917-y,10.1007/s11136-025-03917-y
person:leader:c52a5fd501e9,person:orcid:0000-0002-4832-7833,1,1.0,doi:10.1007/s11136-019-02115-x,10.1007/s11136-019-02115-x
person:leader:c52a5fd501e9,person:orcid:0000-0003-4392-6850,1,1.0,doi:10.1007/s11136-019-02115-x,10.1007/s11136-019-02115-x
person:leader:c776fcba6574,person:openalex:A5035696719,1,1.0,doi:10.1007/s11136-022-03143-w,10.1007/s11136-022-03143-w
person:leader:c776fcba6574,person:openalex:A5061247569,1,1.0,doi:10.1007/s11136-022-03143-w,10.1007/s11136-022-03143-w
person:leader:c776fcba6574,person:openalex:A5069067858,1,1.0,doi:10.1007/s11136-022-03143-w,10.1007/s11136-022-03143-w
person:leader:c776fcba6574,person:openalex:A5109331936,1,1.0,doi:10.1007/s11136-022-03143-w,10.1007/s11136-022-03143-w
person:leader:c776fcba6574,person:orcid:0000-0001-6962-0564,1,1.0,doi:10.1007/s11136-021-03075-x,10.1007/s11136-021-03075-x
person:leader:c776fcba6574,person:orcid:0000-0002-0177-0192,1,1.0,doi:10.1007/s11136-021-03075-x,10.1007/s11136-021-03075-x
person:leader:c776fcba6574,person:orcid:0000-0002-2635-7484,1,1.0,doi:10.1007/s11136-022-03143-w,10.1007/s11136-022-03143-w
person:leader:c776fcba6574,person:orcid:0000-0002-4749-5536,1,1.0,doi:10.1007/s11136-021-03075-x,10.1007/s11136-021-03075-x
person:leader:c776fcba6574,person:orcid:0000-0002-6891-2650,1,1.0,doi:10.1007/s11136-021-03075-x,10.1007/s11136-021-03075-x
person:leader:c776fcba6574,person:orcid:0000-0002-8931-4086,1,1.0,doi:10.1007/s11136-022-03143-w,10.1007/s11136-022-03143-w
person:leader:c776fcba6574,person:orcid:0000-0003-2533-0818,1,1.0,doi:10.1007/s11136-022-03143-w,10.1007/s11136-022-03143-w
person:leader:c9be2e978859,person:openalex:A5111246879,1,1.0,doi:10.1007/s40273-024-01404-9,10.1007/s40273-024-01404-9
person:leader:c9be2e978859,person:orcid:0000-0002-1175-2211,1,1.0,doi:10.1007/s10198-025-01770-x,10.1007/s10198-025-01770-x
person:leader:c9be2e978859,person:orcid:0000-0002-3797-949x,1,1.0,doi:10.1007/s40273-024-01404-9,10.1007/s40273-024-01404-9
person:leader:c9be2e978859,person:orcid:0000-0002-8756-8699,1,1.0,doi:10.1007/s40273-024-01404-9,10.1007/s40273-024-01404-9
person:leader:c9be2e978859,person:orcid:0000-0003-4793-9026,1,1.0,doi:10.1007/s40273-024-01404-9,10.1007/s40273-024-01404-9
person:leader:c9be2e978859,person:orcid:0009-0009-2934-8362,1,1.0,doi:10.1007/s10198-025-01770-x,10.1007/s10198-025-01770-x
person:leader:d9674d98607b,person:leader:e26a260838e7,1,1.0,doi:10.1007/s40273-025-01509-9,10.1007/s40273-025-01509-9
person:leader:d9674d98607b,person:leader:ece94cf47888,1,1.0,doi:10.1186/s41687-025-00928-8,10.1186/s41687-025-00928-8
person:leader:d9674d98607b,person:openalex:A5008794902,1,1.0,doi:10.1007/s10198-021-01412-y,10.1007/s10198-021-01412-y
person:leader:d9674d98607b,person:openalex:A5032844648,1,1.0,doi:10.1007/s10198-021-01412-y,10.1007/s10198-021-01412-y
person:leader:d9674d98607b,person:orcid:0000-0001-7335-4852,1,1.0,doi:10.1007/s40273-025-01509-9,10.1007/s40273-025-01509-9
person:leader:d9674d98607b,person:orcid:0000-0002-2485-505x,1,1.0,doi:10.1007/s10198-021-01412-y,10.1007/s10198-021-01412-y
person:leader:d9674d98607b,person:orcid:0000-0002-8385-5965,1,1.0,doi:10.1007/s40273-025-01509-9,10.1007/s40273-025-01509-9
person:leader:d9674d98607b,person:orcid:0000-0003-0519-509x,1,1.0,doi:10.1186/s41687-025-00928-8,10.1186/s41687-025-00928-8
person:leader:d9674d98607b,person:orcid:0000-0003-2359-6823,1,1.0,doi:10.1007/s11136-023-03372-7,10.1007/s11136-023-03372-7
person:leader:da1bac7dcc2d,person:orcid:0000-0002-5473-1592,1,1.0,doi:10.1186/s12955-025-02397-5,10.1186/s12955-025-02397-5
person:leader:da1bac7dcc2d,person:orcid:0000-0003-3941-4553,1,1.0,doi:10.1007/s41669-023-00437-8,10.1007/s41669-023-00437-8
person:leader:da2b6bcaceb6,person:orcid:0000-0001-6712-5535,1,1.0,doi:10.1007/s40273-025-01519-7,10.1007/s40273-025-01519-7
person:leader:da2b6bcaceb6,person:orcid:0000-0003-0517-7625,1,1.0,doi:10.1007/s40273-025-01519-7,10.1007/s40273-025-01519-7
person:leader:dd5e12d302df,person:openalex:A5008674497,1,1.0,doi:10.1186/s12955-026-02581-1,10.1186/s12955-026-02581-1
person:leader:e26a260838e7,person:orcid:0000-0001-7335-4852,1,1.0,doi:10.1007/s40273-025-01509-9,10.1007/s40273-025-01509-9
person:leader:e26a260838e7,person:orcid:0000-0002-7127-9462,1,1.0,doi:10.1007/s40273-025-01509-9,10.1007/s40273-025-01509-9
person:leader:e26a260838e7,person:orcid:0000-0002-8385-5965,1,1.0,doi:10.1007/s40273-025-01509-9,10.1007/s40273-025-01509-9
person:leader:e448059d8472,person:orcid:0000-0001-7472-2039,1,1.0,doi:10.1007/s40273-025-01550-8,10.1007/s40273-025-01550-8
person:leader:e448059d8472,person:orcid:0000-0003-1604-5353,1,1.0,doi:10.1007/s40273-025-01550-8,10.1007/s40273-025-01550-8
person:leader:e448059d8472,person:orcid:0000-0003-2449-2516,1,1.0,doi:10.1007/s40273-025-01550-8,10.1007/s40273-025-01550-8
person:leader:eb823a3d3fe9,person:openalex:A5112728116,1,1.0,doi:10.1007/s40258-023-00798-5,10.1007/s40258-023-00798-5
person:leader:eb823a3d3fe9,person:orcid:0000-0001-5374-5100,1,1.0,doi:10.1007/s40258-023-00798-5,10.1007/s40258-023-00798-5
person:leader:ece94cf47888,person:orcid:0000-0003-0519-509x,1,1.0,doi:10.1186/s41687-025-00928-8,10.1186/s41687-025-00928-8
person:leader:ef46534448d4,person:orcid:0000-0001-6610-3369,1,1.0,doi:10.5492/wjccm.v11.i4.236,10.5492/wjccm.v11.i4.236
person:leader:ef46534448d4,person:orcid:0000-0001-7147-2222,1,1.0,doi:10.5492/wjccm.v11.i4.236,10.5492/wjccm.v11.i4.236
person:leader:ef46534448d4,person:orcid:0000-0001-8076-9626,1,1.0,doi:10.5492/wjccm.v11.i4.236,10.5492/wjccm.v11.i4.236
person:leader:ef46534448d4,person:orcid:0000-0001-9749-1747,1,1.0,doi:10.5492/wjccm.v11.i4.236,10.5492/wjccm.v11.i4.236
person:leader:ef46534448d4,person:orcid:0000-0002-0360-3427,1,1.0,doi:10.5492/wjccm.v11.i4.236,10.5492/wjccm.v11.i4.236
person:leader:ef46534448d4,person:orcid:0000-0002-1002-2989,1,1.0,doi:10.5492/wjccm.v11.i4.236,10.5492/wjccm.v11.i4.236
person:leader:ef46534448d4,person:orcid:0000-0002-2874-8948,1,1.0,doi:10.5492/wjccm.v11.i4.236,10.5492/wjccm.v11.i4.236
person:leader:ef46534448d4,person:orcid:0000-0002-2903-1631,1,1.0,doi:10.5492/wjccm.v11.i4.236,10.5492/wjccm.v11.i4.236
person:leader:ef46534448d4,person:orcid:0000-0002-6213-5264,1,1.0,doi:10.5492/wjccm.v11.i4.236,10.5492/wjccm.v11.i4.236
person:leader:ef46534448d4,person:orcid:0000-0002-6530-5513,1,1.0,doi:10.5492/wjccm.v11.i4.236,10.5492/wjccm.v11.i4.236
person:leader:ef46534448d4,person:orcid:0000-0002-7299-6594,1,1.0,doi:10.5492/wjccm.v11.i4.236,10.5492/wjccm.v11.i4.236
person:leader:ef46534448d4,person:orcid:0000-0002-8293-7061,1,1.0,doi:10.5492/wjccm.v11.i4.236,10.5492/wjccm.v11.i4.236
person:leader:ef46534448d4,person:orcid:0000-0002-9527-0577,1,1.0,doi:10.5492/wjccm.v11.i4.236,10.5492/wjccm.v11.i4.236
person:leader:ef46534448d4,person:orcid:0000-0003-0331-5182,1,1.0,doi:10.5492/wjccm.v11.i4.236,10.5492/wjccm.v11.i4.236
person:leader:ef46534448d4,person:orcid:0000-0003-1231-1490,1,1.0,doi:10.5492/wjccm.v11.i4.236,10.5492/wjccm.v11.i4.236
person:leader:ef46534448d4,person:orcid:0000-0003-3571-3871,1,1.0,doi:10.5492/wjccm.v11.i4.236,10.5492/wjccm.v11.i4.236
person:leader:ef46534448d4,person:orcid:0000-0003-3633-6596,1,1.0,doi:10.5492/wjccm.v11.i4.236,10.5492/wjccm.v11.i4.236
person:leader:f5a715e2f518,person:openalex:A5129360275,1,1.0,doi:10.1186/s12955-026-02521-z,10.1186/s12955-026-02521-z
person:leader:f6aec8a6037d,person:openalex:A5014702512,1,1.0,doi:10.1007/s11136-025-03930-1,10.1007/s11136-025-03930-1
person:leader:f6aec8a6037d,person:orcid:0000-0001-9610-8507,1,1.0,doi:10.1007/s11136-025-03930-1,10.1007/s11136-025-03930-1
person:leader:f6aec8a6037d,person:orcid:0000-0002-3405-6577,1,1.0,doi:10.1007/s11136-025-03930-1,10.1007/s11136-025-03930-1
person:leader:f6aec8a6037d,person:orcid:0000-0002-5416-5658,1,1.0,doi:10.1007/s11136-025-03930-1,10.1007/s11136-025-03930-1
person:leader:f6aec8a6037d,person:orcid:0000-0002-7797-4722,1,1.0,doi:10.1007/s11136-025-03930-1,10.1007/s11136-025-03930-1
person:leader:f6aec8a6037d,person:orcid:0000-0002-9853-1592,1,1.0,doi:10.1007/s11136-025-03930-1,10.1007/s11136-025-03930-1
person:leader:f6aec8a6037d,person:orcid:0000-0003-0221-9914,1,1.0,doi:10.1007/s11136-025-03930-1,10.1007/s11136-025-03930-1
person:leader:f6aec8a6037d,person:orcid:0000-0003-3621-1339,1,1.0,doi:10.1007/s11136-025-03930-1,10.1007/s11136-025-03930-1
person:leader:fa3dd095d626,person:openalex:A5101422734,1,1.0,doi:10.1016/j.jval.2023.03.003,10.1016/j.jval.2023.03.003
person:leader:fa3dd095d626,person:openalex:A5114202758,1,1.0,doi:10.1007/s11136-025-03917-y,10.1007/s11136-025-03917-y
person:leader:fa3dd095d626,person:orcid:0000-0001-7928-1260,1,1.0,doi:10.1007/s40273-022-01216-9,10.1007/s40273-022-01216-9
person:leader:fa3dd095d626,person:orcid:0000-0001-8144-6220,1,1.0,doi:10.1007/s40273-022-01216-9,10.1007/s40273-022-01216-9
person:leader:fa3dd095d626,person:orcid:0000-0001-8771-6578,1,1.0,doi:10.22541/au.169215780.00019852/v1,10.22541/au.169215780.00019852/v1
person:leader:fa3dd095d626,person:orcid:0000-0001-9558-304x,1,1.0,doi:10.1007/s40273-022-01216-9,10.1007/s40273-022-01216-9
person:leader:fa3dd095d626,person:orcid:0000-0002-0377-3389,1,1.0,doi:10.3389/fpsyg.2023.1175402,10.3389/fpsyg.2023.1175402
person:leader:fa3dd095d626,person:orcid:0000-0002-2739-6995,1,1.0,doi:10.1007/s40273-022-01216-9,10.1007/s40273-022-01216-9
person:leader:fa3dd095d626,person:orcid:0000-0002-5649-6768,1,1.0,doi:10.3389/fpsyg.2023.1175402,10.3389/fpsyg.2023.1175402
person:leader:fa3dd095d626,person:orcid:0000-0003-1026-570x,1,1.0,doi:10.3389/fpsyg.2023.1175402,10.3389/fpsyg.2023.1175402
person:leader:fa3dd095d626,person:orcid:0000-0003-2798-4735,1,1.0,doi:10.1007/s40273-022-01216-9,10.1007/s40273-022-01216-9
person:leader:fa9a063b5705,person:orcid:0000-0003-0370-4903,1,1.0,doi:10.1007/s10198-022-01481-7,10.1007/s10198-022-01481-7
person:leader:fbb9eb69f451,person:openalex:A5014870235,1,1.0,doi:10.1186/s12955-021-01889-4,10.1186/s12955-021-01889-4
person:leader:fbb9eb69f451,person:orcid:0000-0001-6699-6072,1,1.0,doi:10.1186/s12955-021-01889-4,10.1186/s12955-021-01889-4
person:leader:fbb9eb69f451,person:orcid:0000-0002-9062-9624,1,1.0,doi:10.1186/s12955-021-01889-4,10.1186/s12955-021-01889-4
person:leader:fc07b6540d1a,person:orcid:0000-0002-0245-9849,1,1.0,doi:10.1007/s40258-022-00772-7,10.1007/s40258-022-00772-7
person:leader:fc07b6540d1a,person:orcid:0000-0002-4441-6687,1,1.0,doi:10.1007/s41669-024-00486-7,10.1007/s41669-024-00486-7
person:leader:fc07b6540d1a,person:orcid:0009-0003-4264-0946,1,1.0,doi:10.1007/s41669-024-00486-7,10.1007/s41669-024-00486-7
person:openalex:A5001166372,person:openalex:A5003148807,1,1.0,doi:10.36469/001c.145813,10.36469/001c.145813
person:openalex:A5001166372,person:openalex:A5012208098,1,1.0,doi:10.36469/001c.145813,10.36469/001c.145813
person:openalex:A5001166372,person:openalex:A5016055826,1,1.0,doi:10.36469/001c.145813,10.36469/001c.145813
person:openalex:A5001166372,person:openalex:A5031673823,1,1.0,doi:10.36469/001c.145813,10.36469/001c.145813
person:openalex:A5001166372,person:openalex:A5041379430,1,1.0,doi:10.36469/001c.145813,10.36469/001c.145813
person:openalex:A5001166372,person:openalex:A5045403219,1,1.0,doi:10.36469/001c.145813,10.36469/001c.145813
person:openalex:A5001166372,person:openalex:A5051372183,1,1.0,doi:10.36469/001c.145813,10.36469/001c.145813
person:openalex:A5001166372,person:openalex:A5051988707,1,1.0,doi:10.36469/001c.145813,10.36469/001c.145813
person:openalex:A5001166372,person:openalex:A5075102472,1,1.0,doi:10.36469/001c.145813,10.36469/001c.145813
person:openalex:A5001166372,person:openalex:A5111502485,1,1.0,doi:10.36469/001c.145813,10.36469/001c.145813
person:openalex:A5001166372,person:openalex:A5112697096,1,1.0,doi:10.36469/001c.145813,10.36469/001c.145813
person:openalex:A5001502711,person:openalex:A5053892909,1,1.0,doi:10.1016/j.jval.2025.01.003,10.1016/j.jval.2025.01.003
person:openalex:A5001502711,person:openalex:A5063736885,1,1.0,doi:10.1016/j.jval.2025.01.003,10.1016/j.jval.2025.01.003
person:openalex:A5001502711,person:openalex:A5075263122,1,1.0,doi:10.1016/j.jval.2025.01.003,10.1016/j.jval.2025.01.003
person:openalex:A5001502711,person:openalex:A5077201683,1,1.0,doi:10.1016/j.jval.2025.01.003,10.1016/j.jval.2025.01.003
person:openalex:A5001502711,person:openalex:A5111188223,1,1.0,doi:10.1016/j.jval.2025.01.003,10.1016/j.jval.2025.01.003
person:openalex:A5001502711,person:openalex:A5116048522,1,1.0,doi:10.1016/j.jval.2025.01.003,10.1016/j.jval.2025.01.003
person:openalex:A5001502711,person:openalex:A5116048523,1,1.0,doi:10.1016/j.jval.2025.01.003,10.1016/j.jval.2025.01.003
person:openalex:A5003148807,person:openalex:A5012208098,1,1.0,doi:10.36469/001c.145813,10.36469/001c.145813
person:openalex:A5003148807,person:openalex:A5016055826,1,1.0,doi:10.36469/001c.145813,10.36469/001c.145813
person:openalex:A5003148807,person:openalex:A5031673823,1,1.0,doi:10.36469/001c.145813,10.36469/001c.145813
person:openalex:A5003148807,person:openalex:A5041379430,1,1.0,doi:10.36469/001c.145813,10.36469/001c.145813
person:openalex:A5003148807,person:openalex:A5045403219,1,1.0,doi:10.36469/001c.145813,10.36469/001c.145813
person:openalex:A5003148807,person:openalex:A5051372183,1,1.0,doi:10.36469/001c.145813,10.36469/001c.145813
person:openalex:A5003148807,person:openalex:A5051988707,1,1.0,doi:10.36469/001c.145813,10.36469/001c.145813
person:openalex:A5003148807,person:openalex:A5075102472,1,1.0,doi:10.36469/001c.145813,10.36469/001c.145813
person:openalex:A5003148807,person:openalex:A5111502485,1,1.0,doi:10.36469/001c.145813,10.36469/001c.145813
person:openalex:A5003148807,person:openalex:A5112697096,1,1.0,doi:10.36469/001c.145813,10.36469/001c.145813
person:openalex:A5008794902,person:openalex:A5032844648,1,1.0,doi:10.1007/s10198-021-01412-y,10.1007/s10198-021-01412-y
person:openalex:A5008794902,person:orcid:0000-0002-2485-505x,1,1.0,doi:10.1007/s10198-021-01412-y,10.1007/s10198-021-01412-y
person:openalex:A5010304307,person:openalex:A5117113297,1,1.0,doi:10.1016/j.vhri.2025.101543,10.1016/j.vhri.2025.101543
person:openalex:A5010988882,person:openalex:A5028609651,1,1.0,doi:10.1186/s12955-026-02579-9,10.1186/s12955-026-02579-9
person:openalex:A5010988882,person:openalex:A5049910190,1,1.0,doi:10.1186/s12955-026-02579-9,10.1186/s12955-026-02579-9
person:openalex:A5010988882,person:openalex:A5082190751,1,1.0,doi:10.1186/s12955-026-02579-9,10.1186/s12955-026-02579-9
person:openalex:A5011128673,person:openalex:A5012652576,1,1.0,doi:10.1186/s12955-023-02177-z,10.1186/s12955-023-02177-z
person:openalex:A5011128673,person:openalex:A5102432342,1,1.0,doi:10.1186/s12955-023-02177-z,10.1186/s12955-023-02177-z
person:openalex:A5011128673,person:openalex:A5109630235,1,1.0,doi:10.1186/s12955-023-02177-z,10.1186/s12955-023-02177-z
person:openalex:A5011128673,person:openalex:A5111023994,1,1.0,doi:10.1186/s12955-023-02177-z,10.1186/s12955-023-02177-z
person:openalex:A5011128673,person:orcid:0000-0001-7536-8481,1,1.0,doi:10.1186/s12955-023-02177-z,10.1186/s12955-023-02177-z
person:openalex:A5011128673,person:orcid:0000-0002-2592-8310,1,1.0,doi:10.1186/s12955-023-02177-z,10.1186/s12955-023-02177-z
person:openalex:A5011128673,person:orcid:0000-0002-9362-0086,1,1.0,doi:10.1186/s12955-023-02177-z,10.1186/s12955-023-02177-z
person:openalex:A5011128673,person:orcid:0000-0003-4196-8686,1,1.0,doi:10.1186/s12955-023-02177-z,10.1186/s12955-023-02177-z
person:openalex:A5011340679,person:orcid:0000-0001-6534-1242,1,1.0,doi:10.1007/s11136-018-1985-2,10.1007/s11136-018-1985-2
person:openalex:A5011340679,person:orcid:0000-0002-3379-2433,1,1.0,doi:10.1007/s11136-018-1985-2,10.1007/s11136-018-1985-2
person:openalex:A5012208098,person:openalex:A5016055826,1,1.0,doi:10.36469/001c.145813,10.36469/001c.145813
person:openalex:A5012208098,person:openalex:A5031673823,1,1.0,doi:10.36469/001c.145813,10.36469/001c.145813
person:openalex:A5012208098,person:openalex:A5041379430,1,1.0,doi:10.36469/001c.145813,10.36469/001c.145813
person:openalex:A5012208098,person:openalex:A5045403219,1,1.0,doi:10.36469/001c.145813,10.36469/001c.145813
person:openalex:A5012208098,person:openalex:A5051372183,1,1.0,doi:10.36469/001c.145813,10.36469/001c.145813
person:openalex:A5012208098,person:openalex:A5051988707,1,1.0,doi:10.36469/001c.145813,10.36469/001c.145813
person:openalex:A5012208098,person:openalex:A5075102472,1,1.0,doi:10.36469/001c.145813,10.36469/001c.145813
person:openalex:A5012208098,person:openalex:A5111502485,1,1.0,doi:10.36469/001c.145813,10.36469/001c.145813
person:openalex:A5012208098,person:openalex:A5112697096,1,1.0,doi:10.36469/001c.145813,10.36469/001c.145813
person:openalex:A5012652576,person:openalex:A5102432342,1,1.0,doi:10.1186/s12955-023-02177-z,10.1186/s12955-023-02177-z
person:openalex:A5012652576,person:openalex:A5109630235,1,1.0,doi:10.1186/s12955-023-02177-z,10.1186/s12955-023-02177-z
person:openalex:A5012652576,person:openalex:A5111023994,1,1.0,doi:10.1186/s12955-023-02177-z,10.1186/s12955-023-02177-z
person:openalex:A5012652576,person:orcid:0000-0001-7536-8481,1,1.0,doi:10.1186/s12955-023-02177-z,10.1186/s12955-023-02177-z
person:openalex:A5012652576,person:orcid:0000-0002-2592-8310,1,1.0,doi:10.1186/s12955-023-02177-z,10.1186/s12955-023-02177-z
person:openalex:A5012652576,person:orcid:0000-0002-9362-0086,1,1.0,doi:10.1186/s12955-023-02177-z,10.1186/s12955-023-02177-z
person:openalex:A5012652576,person:orcid:0000-0003-4196-8686,1,1.0,doi:10.1186/s12955-023-02177-z,10.1186/s12955-023-02177-z
person:openalex:A5012881493,person:openalex:A5021581627,1,1.0,doi:10.1016/j.jval.2020.05.004,10.1016/j.jval.2020.05.004
person:openalex:A5012881493,person:openalex:A5026943307,1,1.0,doi:10.1016/j.jval.2020.05.004,10.1016/j.jval.2020.05.004
person:openalex:A5012904054,person:openalex:A5026959850,1,1.0,doi:10.1016/j.jval.2025.02.001,10.1016/j.jval.2025.02.001
person:openalex:A5012904054,person:openalex:A5028373695,1,1.0,doi:10.1016/j.jval.2025.02.001,10.1016/j.jval.2025.02.001
person:openalex:A5012904054,person:openalex:A5039308938,1,1.0,doi:10.1016/j.jval.2025.02.001,10.1016/j.jval.2025.02.001
person:openalex:A5012904054,person:openalex:A5052884545,1,1.0,doi:10.1016/j.jval.2025.02.001,10.1016/j.jval.2025.02.001
person:openalex:A5012904054,person:openalex:A5101821097,1,1.0,doi:10.1016/j.jval.2025.02.001,10.1016/j.jval.2025.02.001
person:openalex:A5012904054,person:openalex:A5115594934,1,1.0,doi:10.1016/j.jval.2025.02.001,10.1016/j.jval.2025.02.001
person:openalex:A5012904054,person:orcid:0000-0001-9364-5788,1,1.0,doi:10.1016/j.jval.2025.02.001,10.1016/j.jval.2025.02.001
person:openalex:A5013588948,person:orcid:0000-0002-1323-4223,1,1.0,doi:10.3390/children10101604,10.3390/children10101604
person:openalex:A5013644553,person:orcid:0000-0002-3730-1996,1,1.0,doi:10.1007/s40273-019-00811-7,10.1007/s40273-019-00811-7
person:openalex:A5014702512,person:orcid:0000-0001-9610-8507,1,1.0,doi:10.1007/s11136-025-03930-1,10.1007/s11136-025-03930-1
person:openalex:A5014702512,person:orcid:0000-0002-3405-6577,1,1.0,doi:10.1007/s11136-025-03930-1,10.1007/s11136-025-03930-1
person:openalex:A5014702512,person:orcid:0000-0002-5416-5658,1,1.0,doi:10.1007/s11136-025-03930-1,10.1007/s11136-025-03930-1
person:openalex:A5014702512,person:orcid:0000-0002-7797-4722,1,1.0,doi:10.1007/s11136-025-03930-1,10.1007/s11136-025-03930-1
person:openalex:A5014702512,person:orcid:0000-0002-9853-1592,1,1.0,doi:10.1007/s11136-025-03930-1,10.1007/s11136-025-03930-1
person:openalex:A5014702512,person:orcid:0000-0003-0221-9914,1,1.0,doi:10.1007/s11136-025-03930-1,10.1007/s11136-025-03930-1
person:openalex:A5014702512,person:orcid:0000-0003-3621-1339,1,1.0,doi:10.1007/s11136-025-03930-1,10.1007/s11136-025-03930-1
person:openalex:A5014870235,person:orcid:0000-0001-6699-6072,1,1.0,doi:10.1186/s12955-021-01889-4,10.1186/s12955-021-01889-4
person:openalex:A5014870235,person:orcid:0000-0002-9062-9624,1,1.0,doi:10.1186/s12955-021-01889-4,10.1186/s12955-021-01889-4
person:openalex:A5016055826,person:openalex:A5031673823,1,1.0,doi:10.36469/001c.145813,10.36469/001c.145813
person:openalex:A5016055826,person:openalex:A5041379430,1,1.0,doi:10.36469/001c.145813,10.36469/001c.145813
person:openalex:A5016055826,person:openalex:A5045403219,1,1.0,doi:10.36469/001c.145813,10.36469/001c.145813
person:openalex:A5016055826,person:openalex:A5051372183,1,1.0,doi:10.36469/001c.145813,10.36469/001c.145813
person:openalex:A5016055826,person:openalex:A5051988707,1,1.0,doi:10.36469/001c.145813,10.36469/001c.145813
person:openalex:A5016055826,person:openalex:A5075102472,1,1.0,doi:10.36469/001c.145813,10.36469/001c.145813
person:openalex:A5016055826,person:openalex:A5111502485,1,1.0,doi:10.36469/001c.145813,10.36469/001c.145813
person:openalex:A5016055826,person:openalex:A5112697096,1,1.0,doi:10.36469/001c.145813,10.36469/001c.145813
person:openalex:A5018364694,person:openalex:A5086528283,1,1.0,doi:10.1007/s10198-025-01804-4,10.1007/s10198-025-01804-4
person:openalex:A5018364694,person:openalex:A5110255509,1,1.0,doi:10.1007/s10198-025-01804-4,10.1007/s10198-025-01804-4
person:openalex:A5021581627,person:openalex:A5026943307,1,1.0,doi:10.1016/j.jval.2020.05.004,10.1016/j.jval.2020.05.004
person:openalex:A5025255902,person:orcid:0000-0001-5091-3180,1,1.0,doi:10.1016/j.jval.2024.12.003,10.1016/j.jval.2024.12.003
person:openalex:A5026068062,person:openalex:A5030081818,1,1.0,doi:10.1016/j.jval.2025.11.005,10.1016/j.jval.2025.11.005
person:openalex:A5026068062,person:openalex:A5050912692,1,1.0,doi:10.1016/j.jval.2025.11.005,10.1016/j.jval.2025.11.005
person:openalex:A5026068062,person:openalex:A5060090179,1,1.0,doi:10.1016/j.jval.2025.11.005,10.1016/j.jval.2025.11.005
person:openalex:A5026068062,person:openalex:A5100400360,1,1.0,doi:10.1016/j.jval.2025.11.005,10.1016/j.jval.2025.11.005
person:openalex:A5026068062,person:openalex:A5100758235,1,1.0,doi:10.1016/j.jval.2025.11.005,10.1016/j.jval.2025.11.005
person:openalex:A5026068062,person:openalex:A5100858517,1,1.0,doi:10.1016/j.jval.2025.11.005,10.1016/j.jval.2025.11.005
person:openalex:A5026503701,person:openalex:A5086557976,1,1.0,doi:10.1016/j.jval.2020.03.019,10.1016/j.jval.2020.03.019
person:openalex:A5026503701,person:orcid:0000-0002-6095-2295,1,1.0,doi:10.1016/j.jval.2020.03.019,10.1016/j.jval.2020.03.019
person:openalex:A5026959850,person:openalex:A5028373695,1,1.0,doi:10.1016/j.jval.2025.02.001,10.1016/j.jval.2025.02.001
person:openalex:A5026959850,person:openalex:A5039308938,1,1.0,doi:10.1016/j.jval.2025.02.001,10.1016/j.jval.2025.02.001
person:openalex:A5026959850,person:openalex:A5052884545,1,1.0,doi:10.1016/j.jval.2025.02.001,10.1016/j.jval.2025.02.001
person:openalex:A5026959850,person:openalex:A5101821097,1,1.0,doi:10.1016/j.jval.2025.02.001,10.1016/j.jval.2025.02.001
person:openalex:A5026959850,person:openalex:A5115594934,1,1.0,doi:10.1016/j.jval.2025.02.001,10.1016/j.jval.2025.02.001
person:openalex:A5026959850,person:orcid:0000-0001-9364-5788,1,1.0,doi:10.1016/j.jval.2025.02.001,10.1016/j.jval.2025.02.001
person:openalex:A5028373695,person:openalex:A5039308938,1,1.0,doi:10.1016/j.jval.2025.02.001,10.1016/j.jval.2025.02.001
person:openalex:A5028373695,person:openalex:A5052884545,1,1.0,doi:10.1016/j.jval.2025.02.001,10.1016/j.jval.2025.02.001
person:openalex:A5028373695,person:openalex:A5101821097,1,1.0,doi:10.1016/j.jval.2025.02.001,10.1016/j.jval.2025.02.001
person:openalex:A5028373695,person:openalex:A5115594934,1,1.0,doi:10.1016/j.jval.2025.02.001,10.1016/j.jval.2025.02.001
person:openalex:A5028373695,person:orcid:0000-0001-9364-5788,1,1.0,doi:10.1016/j.jval.2025.02.001,10.1016/j.jval.2025.02.001
person:openalex:A5028609651,person:openalex:A5049910190,1,1.0,doi:10.1186/s12955-026-02579-9,10.1186/s12955-026-02579-9
person:openalex:A5028609651,person:openalex:A5082190751,1,1.0,doi:10.1186/s12955-026-02579-9,10.1186/s12955-026-02579-9
person:openalex:A5030081818,person:openalex:A5050912692,1,1.0,doi:10.1016/j.jval.2025.11.005,10.1016/j.jval.2025.11.005
person:openalex:A5030081818,person:openalex:A5060090179,1,1.0,doi:10.1016/j.jval.2025.11.005,10.1016/j.jval.2025.11.005
person:openalex:A5030081818,person:openalex:A5100400360,1,1.0,doi:10.1016/j.jval.2025.11.005,10.1016/j.jval.2025.11.005
person:openalex:A5030081818,person:openalex:A5100758235,1,1.0,doi:10.1016/j.jval.2025.11.005,10.1016/j.jval.2025.11.005
person:openalex:A5030081818,person:openalex:A5100858517,1,1.0,doi:10.1016/j.jval.2025.11.005,10.1016/j.jval.2025.11.005
person:openalex:A5031125763,person:openalex:A5090671455,1,1.0,doi:10.1007/s11136-024-03875-x,10.1007/s11136-024-03875-x
person:openalex:A5031673823,person:openalex:A5041379430,1,1.0,doi:10.36469/001c.145813,10.36469/001c.145813
person:openalex:A5031673823,person:openalex:A5045403219,1,1.0,doi:10.36469/001c.145813,10.36469/001c.145813
person:openalex:A5031673823,person:openalex:A5051372183,1,1.0,doi:10.36469/001c.145813,10.36469/001c.145813
person:openalex:A5031673823,person:openalex:A5051988707,1,1.0,doi:10.36469/001c.145813,10.36469/001c.145813
person:openalex:A5031673823,person:openalex:A5075102472,1,1.0,doi:10.36469/001c.145813,10.36469/001c.145813
person:openalex:A5031673823,person:openalex:A5111502485,1,1.0,doi:10.36469/001c.145813,10.36469/001c.145813
person:openalex:A5031673823,person:openalex:A5112697096,1,1.0,doi:10.36469/001c.145813,10.36469/001c.145813
person:openalex:A5032068645,person:openalex:A5108712913,1,1.0,doi:10.1002/hsr2.70308,10.1002/hsr2.70308
person:openalex:A5032068645,person:orcid:0000-0002-6143-1555,1,1.0,doi:10.1002/hsr2.70308,10.1002/hsr2.70308
person:openalex:A5032068645,person:orcid:0000-0002-7142-3364,1,1.0,doi:10.1002/hsr2.70308,10.1002/hsr2.70308
person:openalex:A5032844648,person:orcid:0000-0002-2485-505x,1,1.0,doi:10.1007/s10198-021-01412-y,10.1007/s10198-021-01412-y
person:openalex:A5035696719,person:openalex:A5061247569,1,1.0,doi:10.1007/s11136-022-03143-w,10.1007/s11136-022-03143-w
person:openalex:A5035696719,person:openalex:A5069067858,1,1.0,doi:10.1007/s11136-022-03143-w,10.1007/s11136-022-03143-w
person:openalex:A5035696719,person:openalex:A5109331936,1,1.0,doi:10.1007/s11136-022-03143-w,10.1007/s11136-022-03143-w
person:openalex:A5035696719,person:orcid:0000-0002-2635-7484,1,1.0,doi:10.1007/s11136-022-03143-w,10.1007/s11136-022-03143-w
person:openalex:A5035696719,person:orcid:0000-0002-8931-4086,1,1.0,doi:10.1007/s11136-022-03143-w,10.1007/s11136-022-03143-w
person:openalex:A5035696719,person:orcid:0000-0003-2533-0818,1,1.0,doi:10.1007/s11136-022-03143-w,10.1007/s11136-022-03143-w
person:openalex:A5037261695,person:orcid:0000-0002-4832-7833,1,1.0,doi:10.1016/j.jval.2018.05.002,10.1016/j.jval.2018.05.002
person:openalex:A5039308938,person:openalex:A5052884545,1,1.0,doi:10.1016/j.jval.2025.02.001,10.1016/j.jval.2025.02.001
person:openalex:A5039308938,person:openalex:A5101821097,1,1.0,doi:10.1016/j.jval.2025.02.001,10.1016/j.jval.2025.02.001
person:openalex:A5039308938,person:openalex:A5115594934,1,1.0,doi:10.1016/j.jval.2025.02.001,10.1016/j.jval.2025.02.001
person:openalex:A5039308938,person:orcid:0000-0001-9364-5788,1,1.0,doi:10.1016/j.jval.2025.02.001,10.1016/j.jval.2025.02.001
person:openalex:A5040717022,person:openalex:A5058639972,1,1.0,doi:10.1186/s12955-023-02207-w,10.1186/s12955-023-02207-w
person:openalex:A5040717022,person:orcid:0000-0002-7142-3364,1,1.0,doi:10.1186/s12955-023-02207-w,10.1186/s12955-023-02207-w
person:openalex:A5040717022,person:orcid:0000-0003-2802-2810,1,1.0,doi:10.1186/s12955-023-02207-w,10.1186/s12955-023-02207-w
person:openalex:A5041379430,person:openalex:A5045403219,1,1.0,doi:10.36469/001c.145813,10.36469/001c.145813
person:openalex:A5041379430,person:openalex:A5051372183,1,1.0,doi:10.36469/001c.145813,10.36469/001c.145813
person:openalex:A5041379430,person:openalex:A5051988707,1,1.0,doi:10.36469/001c.145813,10.36469/001c.145813
person:openalex:A5041379430,person:openalex:A5075102472,1,1.0,doi:10.36469/001c.145813,10.36469/001c.145813
person:openalex:A5041379430,person:openalex:A5111502485,1,1.0,doi:10.36469/001c.145813,10.36469/001c.145813
person:openalex:A5041379430,person:openalex:A5112697096,1,1.0,doi:10.36469/001c.145813,10.36469/001c.145813
person:openalex:A5043889398,person:openalex:A5047819061,1,1.0,doi:10.1016/j.jval.2024.01.005,10.1016/j.jval.2024.01.005
person:openalex:A5043889398,person:openalex:A5052119079,1,1.0,doi:10.1016/j.jval.2024.01.005,10.1016/j.jval.2024.01.005
person:openalex:A5043889398,person:openalex:A5059507519,1,1.0,doi:10.1016/j.jval.2024.01.005,10.1016/j.jval.2024.01.005
person:openalex:A5045403219,person:openalex:A5051372183,1,1.0,doi:10.36469/001c.145813,10.36469/001c.145813
person:openalex:A5045403219,person:openalex:A5051988707,1,1.0,doi:10.36469/001c.145813,10.36469/001c.145813
person:openalex:A5045403219,person:openalex:A5075102472,1,1.0,doi:10.36469/001c.145813,10.36469/001c.145813
person:openalex:A5045403219,person:openalex:A5111502485,1,1.0,doi:10.36469/001c.145813,10.36469/001c.145813
person:openalex:A5045403219,person:openalex:A5112697096,1,1.0,doi:10.36469/001c.145813,10.36469/001c.145813
person:openalex:A5046103327,person:openalex:A5058173329,1,1.0,doi:10.1097/mlr.0000000000002315,10.1097/mlr.0000000000002315
person:openalex:A5046103327,person:openalex:A5130219809,1,1.0,doi:10.1097/mlr.0000000000002315,10.1097/mlr.0000000000002315
person:openalex:A5046103327,person:orcid:0000-0001-8685-3212,1,1.0,doi:10.1097/mlr.0000000000002315,10.1097/mlr.0000000000002315
person:openalex:A5046103327,person:orcid:0000-0002-2022-4939,1,1.0,doi:10.1097/mlr.0000000000002315,10.1097/mlr.0000000000002315
person:openalex:A5046103327,person:orcid:0000-0002-2115-2447,1,1.0,doi:10.1097/mlr.0000000000002315,10.1097/mlr.0000000000002315
person:openalex:A5046103327,person:orcid:0000-0002-6399-5741,1,1.0,doi:10.1097/mlr.0000000000002315,10.1097/mlr.0000000000002315
person:openalex:A5047192551,person:openalex:A5091770714,1,1.0,doi:10.1016/j.vhri.2024.101045,10.1016/j.vhri.2024.101045
person:openalex:A5047819061,person:openalex:A5052119079,1,1.0,doi:10.1016/j.jval.2024.01.005,10.1016/j.jval.2024.01.005
person:openalex:A5047819061,person:openalex:A5059507519,1,1.0,doi:10.1016/j.jval.2024.01.005,10.1016/j.jval.2024.01.005
person:openalex:A5049910190,person:openalex:A5082190751,1,1.0,doi:10.1186/s12955-026-02579-9,10.1186/s12955-026-02579-9
person:openalex:A5050491421,person:openalex:A5072165119,1,1.0,doi:10.1186/s12955-024-02305-3,10.1186/s12955-024-02305-3
person:openalex:A5050491421,person:orcid:0000-0002-2485-505x,1,1.0,doi:10.1186/s12955-024-02305-3,10.1186/s12955-024-02305-3
person:openalex:A5050491421,person:orcid:0000-0002-3581-6451,1,1.0,doi:10.1186/s12955-024-02305-3,10.1186/s12955-024-02305-3
person:openalex:A5050491421,person:orcid:0000-0002-3614-2401,1,1.0,doi:10.1186/s12955-024-02305-3,10.1186/s12955-024-02305-3
person:openalex:A5050912692,person:openalex:A5060090179,1,1.0,doi:10.1016/j.jval.2025.11.005,10.1016/j.jval.2025.11.005
person:openalex:A5050912692,person:openalex:A5100400360,1,1.0,doi:10.1016/j.jval.2025.11.005,10.1016/j.jval.2025.11.005
person:openalex:A5050912692,person:openalex:A5100758235,1,1.0,doi:10.1016/j.jval.2025.11.005,10.1016/j.jval.2025.11.005
person:openalex:A5050912692,person:openalex:A5100858517,1,1.0,doi:10.1016/j.jval.2025.11.005,10.1016/j.jval.2025.11.005
person:openalex:A5051372183,person:openalex:A5051988707,1,1.0,doi:10.36469/001c.145813,10.36469/001c.145813
person:openalex:A5051372183,person:openalex:A5075102472,1,1.0,doi:10.36469/001c.145813,10.36469/001c.145813
person:openalex:A5051372183,person:openalex:A5111502485,1,1.0,doi:10.36469/001c.145813,10.36469/001c.145813
person:openalex:A5051372183,person:openalex:A5112697096,1,1.0,doi:10.36469/001c.145813,10.36469/001c.145813
person:openalex:A5051988707,person:openalex:A5075102472,1,1.0,doi:10.36469/001c.145813,10.36469/001c.145813
person:openalex:A5051988707,person:openalex:A5111502485,1,1.0,doi:10.36469/001c.145813,10.36469/001c.145813
person:openalex:A5051988707,person:openalex:A5112697096,1,1.0,doi:10.36469/001c.145813,10.36469/001c.145813
person:openalex:A5052119079,person:openalex:A5059507519,1,1.0,doi:10.1016/j.jval.2024.01.005,10.1016/j.jval.2024.01.005
person:openalex:A5052884545,person:openalex:A5101821097,1,1.0,doi:10.1016/j.jval.2025.02.001,10.1016/j.jval.2025.02.001
person:openalex:A5052884545,person:openalex:A5115594934,1,1.0,doi:10.1016/j.jval.2025.02.001,10.1016/j.jval.2025.02.001
person:openalex:A5052884545,person:orcid:0000-0001-9364-5788,1,1.0,doi:10.1016/j.jval.2025.02.001,10.1016/j.jval.2025.02.001
person:openalex:A5053842557,person:openalex:A5118390306,1,1.0,doi:10.1136/bmjopen-2025-102509,10.1136/bmjopen-2025-102509
person:openalex:A5053842557,person:orcid:0000-0002-0178-7007,1,1.0,doi:10.1136/bmjopen-2025-102509,10.1136/bmjopen-2025-102509
person:openalex:A5053842557,person:orcid:0000-0003-3483-5658,1,1.0,doi:10.1136/bmjopen-2025-102509,10.1136/bmjopen-2025-102509
person:openalex:A5053892909,person:openalex:A5063736885,1,1.0,doi:10.1016/j.jval.2025.01.003,10.1016/j.jval.2025.01.003
person:openalex:A5053892909,person:openalex:A5075263122,1,1.0,doi:10.1016/j.jval.2025.01.003,10.1016/j.jval.2025.01.003
person:openalex:A5053892909,person:openalex:A5077201683,1,1.0,doi:10.1016/j.jval.2025.01.003,10.1016/j.jval.2025.01.003
person:openalex:A5053892909,person:openalex:A5111188223,1,1.0,doi:10.1016/j.jval.2025.01.003,10.1016/j.jval.2025.01.003
person:openalex:A5053892909,person:openalex:A5116048522,1,1.0,doi:10.1016/j.jval.2025.01.003,10.1016/j.jval.2025.01.003
person:openalex:A5053892909,person:openalex:A5116048523,1,1.0,doi:10.1016/j.jval.2025.01.003,10.1016/j.jval.2025.01.003
person:openalex:A5054412185,person:openalex:A5080215797,1,1.0,doi:10.1038/s41433-023-02860-x,10.1038/s41433-023-02860-x
person:openalex:A5054412185,person:openalex:A5087010532,1,1.0,doi:10.1038/s41433-023-02860-x,10.1038/s41433-023-02860-x
person:openalex:A5054412185,person:openalex:A5109778098,1,1.0,doi:10.1038/s41433-023-02860-x,10.1038/s41433-023-02860-x
person:openalex:A5054412185,person:orcid:0000-0002-3025-4066,1,1.0,doi:10.1038/s41433-023-02860-x,10.1038/s41433-023-02860-x
person:openalex:A5054412185,person:orcid:0000-0002-8169-1645,1,1.0,doi:10.1038/s41433-023-02860-x,10.1038/s41433-023-02860-x
person:openalex:A5054412185,person:orcid:0000-0003-0239-7278,1,1.0,doi:10.1038/s41433-023-02860-x,10.1038/s41433-023-02860-x
person:openalex:A5054412185,person:orcid:0000-0003-0666-7431,1,1.0,doi:10.1038/s41433-023-02860-x,10.1038/s41433-023-02860-x
person:openalex:A5054412185,person:orcid:0000-0003-1681-698x,1,1.0,doi:10.1038/s41433-023-02860-x,10.1038/s41433-023-02860-x
person:openalex:A5054412185,person:orcid:0000-0003-4212-2658,1,1.0,doi:10.1038/s41433-023-02860-x,10.1038/s41433-023-02860-x
person:openalex:A5054515213,person:orcid:0000-0002-4331-3141,1,1.0,doi:10.1186/s12955-019-1139-4,10.1186/s12955-019-1139-4
person:openalex:A5058173329,person:openalex:A5130219809,1,1.0,doi:10.1097/mlr.0000000000002315,10.1097/mlr.0000000000002315
person:openalex:A5058173329,person:orcid:0000-0001-8685-3212,1,1.0,doi:10.1097/mlr.0000000000002315,10.1097/mlr.0000000000002315
person:openalex:A5058173329,person:orcid:0000-0002-2022-4939,1,1.0,doi:10.1097/mlr.0000000000002315,10.1097/mlr.0000000000002315
person:openalex:A5058173329,person:orcid:0000-0002-2115-2447,1,1.0,doi:10.1097/mlr.0000000000002315,10.1097/mlr.0000000000002315
person:openalex:A5058173329,person:orcid:0000-0002-6399-5741,1,1.0,doi:10.1097/mlr.0000000000002315,10.1097/mlr.0000000000002315
person:openalex:A5058639972,person:orcid:0000-0002-7142-3364,1,1.0,doi:10.1186/s12955-023-02207-w,10.1186/s12955-023-02207-w
person:openalex:A5058639972,person:orcid:0000-0003-2802-2810,1,1.0,doi:10.1186/s12955-023-02207-w,10.1186/s12955-023-02207-w
person:openalex:A5060090179,person:openalex:A5100400360,1,1.0,doi:10.1016/j.jval.2025.11.005,10.1016/j.jval.2025.11.005
person:openalex:A5060090179,person:openalex:A5100758235,1,1.0,doi:10.1016/j.jval.2025.11.005,10.1016/j.jval.2025.11.005
person:openalex:A5060090179,person:openalex:A5100858517,1,1.0,doi:10.1016/j.jval.2025.11.005,10.1016/j.jval.2025.11.005
person:openalex:A5061247569,person:openalex:A5069067858,1,1.0,doi:10.1007/s11136-022-03143-w,10.1007/s11136-022-03143-w
person:openalex:A5061247569,person:openalex:A5109331936,1,1.0,doi:10.1007/s11136-022-03143-w,10.1007/s11136-022-03143-w
person:openalex:A5061247569,person:orcid:0000-0002-2635-7484,1,1.0,doi:10.1007/s11136-022-03143-w,10.1007/s11136-022-03143-w
person:openalex:A5061247569,person:orcid:0000-0002-8931-4086,1,1.0,doi:10.1007/s11136-022-03143-w,10.1007/s11136-022-03143-w
person:openalex:A5061247569,person:orcid:0000-0003-2533-0818,1,1.0,doi:10.1007/s11136-022-03143-w,10.1007/s11136-022-03143-w
person:openalex:A5062656907,person:openalex:A5123867361,1,1.0,doi:10.1007/s11136-026-04223-x,10.1007/s11136-026-04223-x
person:openalex:A5062656907,person:openalex:A5124253158,1,1.0,doi:10.1007/s11136-026-04223-x,10.1007/s11136-026-04223-x
person:openalex:A5062656907,person:orcid:0000-0001-5307-0692,1,1.0,doi:10.1007/s11136-026-04223-x,10.1007/s11136-026-04223-x
person:openalex:A5062656907,person:orcid:0000-0002-1686-4458,1,1.0,doi:10.1007/s11136-026-04223-x,10.1007/s11136-026-04223-x
person:openalex:A5062656907,person:orcid:0000-0002-8934-7267,1,1.0,doi:10.1007/s11136-026-04223-x,10.1007/s11136-026-04223-x
person:openalex:A5062656907,person:orcid:0000-0003-3274-0292,1,1.0,doi:10.1007/s11136-026-04223-x,10.1007/s11136-026-04223-x
person:openalex:A5062656907,person:orcid:0000-0003-3634-7906,1,1.0,doi:10.1007/s11136-026-04223-x,10.1007/s11136-026-04223-x
person:openalex:A5062656907,person:orcid:0000-0003-3705-5323,1,1.0,doi:10.1007/s11136-026-04223-x,10.1007/s11136-026-04223-x
person:openalex:A5062656907,person:orcid:0009-0001-2704-5044,1,1.0,doi:10.1007/s11136-026-04223-x,10.1007/s11136-026-04223-x
person:openalex:A5062656907,person:orcid:0009-0005-4800-6182,1,1.0,doi:10.1007/s11136-026-04223-x,10.1007/s11136-026-04223-x
person:openalex:A5062656907,person:orcid:0009-0006-5595-0419,1,1.0,doi:10.1007/s11136-026-04223-x,10.1007/s11136-026-04223-x
person:openalex:A5062956353,person:orcid:0000-0002-1323-4223,1,1.0,doi:10.3390/children10101604,10.3390/children10101604
person:openalex:A5063736885,person:openalex:A5075263122,1,1.0,doi:10.1016/j.jval.2025.01.003,10.1016/j.jval.2025.01.003
person:openalex:A5063736885,person:openalex:A5077201683,1,1.0,doi:10.1016/j.jval.2025.01.003,10.1016/j.jval.2025.01.003
person:openalex:A5063736885,person:openalex:A5111188223,1,1.0,doi:10.1016/j.jval.2025.01.003,10.1016/j.jval.2025.01.003
person:openalex:A5063736885,person:openalex:A5116048522,1,1.0,doi:10.1016/j.jval.2025.01.003,10.1016/j.jval.2025.01.003
person:openalex:A5063736885,person:openalex:A5116048523,1,1.0,doi:10.1016/j.jval.2025.01.003,10.1016/j.jval.2025.01.003
person:openalex:A5063917571,person:orcid:0000-0003-4933-9569,1,1.0,doi:10.1186/s13643-025-03060-2,10.1186/s13643-025-03060-2
person:openalex:A5067715763,person:orcid:0000-0002-5332-5226,1,1.0,doi:10.1016/j.jval.2025.04.2161,10.1016/j.jval.2025.04.2161
person:openalex:A5069067858,person:openalex:A5109331936,1,1.0,doi:10.1007/s11136-022-03143-w,10.1007/s11136-022-03143-w
person:openalex:A5069067858,person:orcid:0000-0002-2635-7484,1,1.0,doi:10.1007/s11136-022-03143-w,10.1007/s11136-022-03143-w
person:openalex:A5069067858,person:orcid:0000-0002-8931-4086,1,1.0,doi:10.1007/s11136-022-03143-w,10.1007/s11136-022-03143-w
person:openalex:A5069067858,person:orcid:0000-0003-2533-0818,1,1.0,doi:10.1007/s11136-022-03143-w,10.1007/s11136-022-03143-w
person:openalex:A5072165119,person:orcid:0000-0002-2485-505x,1,1.0,doi:10.1186/s12955-024-02305-3,10.1186/s12955-024-02305-3
person:openalex:A5072165119,person:orcid:0000-0002-3581-6451,1,1.0,doi:10.1186/s12955-024-02305-3,10.1186/s12955-024-02305-3
person:openalex:A5072165119,person:orcid:0000-0002-3614-2401,1,1.0,doi:10.1186/s12955-024-02305-3,10.1186/s12955-024-02305-3
person:openalex:A5072547675,person:openalex:A5111788632,1,1.0,doi:10.1007/s10198-021-01306-z,10.1007/s10198-021-01306-z
person:openalex:A5072547675,person:orcid:0000-0001-9071-2842,1,1.0,doi:10.1007/s10198-021-01306-z,10.1007/s10198-021-01306-z
person:openalex:A5072547675,person:orcid:0000-0002-0680-7353,1,1.0,doi:10.1007/s10198-021-01306-z,10.1007/s10198-021-01306-z
person:openalex:A5072547675,person:orcid:0000-0003-0851-8341,1,1.0,doi:10.1007/s10198-021-01306-z,10.1007/s10198-021-01306-z
person:openalex:A5072547675,person:orcid:0000-0003-4609-3911,1,1.0,doi:10.1007/s10198-021-01306-z,10.1007/s10198-021-01306-z
person:openalex:A5073821926,person:openalex:A5117455132,1,1.0,doi:10.3389/ijph.2026.1608807,10.3389/ijph.2026.1608807
person:openalex:A5074077987,person:orcid:0000-0002-2791-9960,1,1.0,doi:10.1007/s40273-025-01545-5,10.1007/s40273-025-01545-5
person:openalex:A5075102472,person:openalex:A5111502485,1,1.0,doi:10.36469/001c.145813,10.36469/001c.145813
person:openalex:A5075102472,person:openalex:A5112697096,1,1.0,doi:10.36469/001c.145813,10.36469/001c.145813
person:openalex:A5075263122,person:openalex:A5077201683,1,1.0,doi:10.1016/j.jval.2025.01.003,10.1016/j.jval.2025.01.003
person:openalex:A5075263122,person:openalex:A5111188223,1,1.0,doi:10.1016/j.jval.2025.01.003,10.1016/j.jval.2025.01.003
person:openalex:A5075263122,person:openalex:A5116048522,1,1.0,doi:10.1016/j.jval.2025.01.003,10.1016/j.jval.2025.01.003
person:openalex:A5075263122,person:openalex:A5116048523,1,1.0,doi:10.1016/j.jval.2025.01.003,10.1016/j.jval.2025.01.003
person:openalex:A5075516243,person:openalex:A5080066908,1,1.0,doi:10.1136/archdischild-2025-329475,10.1136/archdischild-2025-329475
person:openalex:A5075516243,person:openalex:A5093786284,1,1.0,doi:10.1136/archdischild-2025-329475,10.1136/archdischild-2025-329475
person:openalex:A5075516243,person:openalex:A5130590408,1,1.0,doi:10.1136/archdischild-2025-329475,10.1136/archdischild-2025-329475
person:openalex:A5075516243,person:openalex:A5130602985,1,1.0,doi:10.1136/archdischild-2025-329475,10.1136/archdischild-2025-329475
person:openalex:A5075516243,person:orcid:0000-0002-5332-5226,1,1.0,doi:10.1136/archdischild-2025-329475,10.1136/archdischild-2025-329475
person:openalex:A5075516243,person:orcid:0000-0002-5692-8882,1,1.0,doi:10.1136/archdischild-2025-329475,10.1136/archdischild-2025-329475
person:openalex:A5075516243,person:orcid:0000-0002-6451-2713,1,1.0,doi:10.1136/archdischild-2025-329475,10.1136/archdischild-2025-329475
person:openalex:A5075516243,person:orcid:0000-0003-3017-2770,1,1.0,doi:10.1136/archdischild-2025-329475,10.1136/archdischild-2025-329475
person:openalex:A5077201683,person:openalex:A5111188223,1,1.0,doi:10.1016/j.jval.2025.01.003,10.1016/j.jval.2025.01.003
person:openalex:A5077201683,person:openalex:A5116048522,1,1.0,doi:10.1016/j.jval.2025.01.003,10.1016/j.jval.2025.01.003
person:openalex:A5077201683,person:openalex:A5116048523,1,1.0,doi:10.1016/j.jval.2025.01.003,10.1016/j.jval.2025.01.003
person:openalex:A5077284198,person:openalex:A5104134946,1,1.0,doi:10.1007/s11136-025-03996-x,10.1007/s11136-025-03996-x
person:openalex:A5077284198,person:openalex:A5108557660,1,1.0,doi:10.1007/s11136-025-03996-x,10.1007/s11136-025-03996-x
person:openalex:A5077284198,person:openalex:A5117785012,1,1.0,doi:10.1007/s11136-025-03996-x,10.1007/s11136-025-03996-x
person:openalex:A5077284198,person:openalex:A5117785013,1,1.0,doi:10.1007/s11136-025-03996-x,10.1007/s11136-025-03996-x
person:openalex:A5077284198,person:orcid:0000-0001-5396-0265,1,1.0,doi:10.1007/s11136-025-03996-x,10.1007/s11136-025-03996-x
person:openalex:A5077284198,person:orcid:0000-0001-6404-1117,1,1.0,doi:10.1007/s11136-025-03996-x,10.1007/s11136-025-03996-x
person:openalex:A5077284198,person:orcid:0000-0001-6983-0166,1,1.0,doi:10.1007/s11136-025-03996-x,10.1007/s11136-025-03996-x
person:openalex:A5077284198,person:orcid:0000-0002-4290-4863,1,1.0,doi:10.1007/s11136-025-03996-x,10.1007/s11136-025-03996-x
person:openalex:A5077284198,person:orcid:0000-0002-5332-5226,1,1.0,doi:10.1007/s11136-025-03996-x,10.1007/s11136-025-03996-x
person:openalex:A5077284198,person:orcid:0000-0002-7913-7274,1,1.0,doi:10.1007/s11136-025-03996-x,10.1007/s11136-025-03996-x
person:openalex:A5077284198,person:orcid:0000-0002-8438-2901,1,1.0,doi:10.1007/s11136-025-03996-x,10.1007/s11136-025-03996-x
person:openalex:A5077284198,person:orcid:0000-0003-2029-6331,1,1.0,doi:10.1007/s11136-025-03996-x,10.1007/s11136-025-03996-x
person:openalex:A5077284198,person:orcid:0000-0003-3017-2770,1,1.0,doi:10.1007/s11136-025-03996-x,10.1007/s11136-025-03996-x
person:openalex:A5077284198,person:orcid:0000-0003-4007-8243,1,1.0,doi:10.1007/s11136-025-03996-x,10.1007/s11136-025-03996-x
person:openalex:A5078510482,person:openalex:A5114202758,1,1.0,doi:10.1007/s11136-025-03917-y,10.1007/s11136-025-03917-y
person:openalex:A5080066908,person:openalex:A5093786284,1,1.0,doi:10.1136/archdischild-2025-329475,10.1136/archdischild-2025-329475
person:openalex:A5080066908,person:openalex:A5130590408,1,1.0,doi:10.1136/archdischild-2025-329475,10.1136/archdischild-2025-329475
person:openalex:A5080066908,person:openalex:A5130602985,1,1.0,doi:10.1136/archdischild-2025-329475,10.1136/archdischild-2025-329475
person:openalex:A5080066908,person:orcid:0000-0002-5332-5226,1,1.0,doi:10.1136/archdischild-2025-329475,10.1136/archdischild-2025-329475
person:openalex:A5080066908,person:orcid:0000-0002-5692-8882,1,1.0,doi:10.1136/archdischild-2025-329475,10.1136/archdischild-2025-329475
person:openalex:A5080066908,person:orcid:0000-0002-6451-2713,1,1.0,doi:10.1136/archdischild-2025-329475,10.1136/archdischild-2025-329475
person:openalex:A5080066908,person:orcid:0000-0003-3017-2770,1,1.0,doi:10.1136/archdischild-2025-329475,10.1136/archdischild-2025-329475
person:openalex:A5080215797,person:openalex:A5087010532,1,1.0,doi:10.1038/s41433-023-02860-x,10.1038/s41433-023-02860-x
person:openalex:A5080215797,person:openalex:A5109778098,1,1.0,doi:10.1038/s41433-023-02860-x,10.1038/s41433-023-02860-x
person:openalex:A5080215797,person:orcid:0000-0002-3025-4066,1,1.0,doi:10.1038/s41433-023-02860-x,10.1038/s41433-023-02860-x
person:openalex:A5080215797,person:orcid:0000-0002-8169-1645,1,1.0,doi:10.1038/s41433-023-02860-x,10.1038/s41433-023-02860-x
person:openalex:A5080215797,person:orcid:0000-0003-0239-7278,1,1.0,doi:10.1038/s41433-023-02860-x,10.1038/s41433-023-02860-x
person:openalex:A5080215797,person:orcid:0000-0003-0666-7431,1,1.0,doi:10.1038/s41433-023-02860-x,10.1038/s41433-023-02860-x
person:openalex:A5080215797,person:orcid:0000-0003-1681-698x,1,1.0,doi:10.1038/s41433-023-02860-x,10.1038/s41433-023-02860-x
person:openalex:A5080215797,person:orcid:0000-0003-4212-2658,1,1.0,doi:10.1038/s41433-023-02860-x,10.1038/s41433-023-02860-x
person:openalex:A5081675787,person:orcid:0000-0002-2013-6963,1,1.0,doi:10.1016/j.vhri.2021.09.007,10.1016/j.vhri.2021.09.007
person:openalex:A5081675787,person:orcid:0000-0002-7375-4845,1,1.0,doi:10.1016/j.vhri.2021.09.007,10.1016/j.vhri.2021.09.007
person:openalex:A5081675787,person:orcid:0000-0002-8639-5191,1,1.0,doi:10.1016/j.vhri.2021.09.007,10.1016/j.vhri.2021.09.007
person:openalex:A5081675787,person:orcid:0000-0003-3121-6050,1,1.0,doi:10.1016/j.vhri.2021.09.007,10.1016/j.vhri.2021.09.007
person:openalex:A5085348599,person:orcid:0000-0002-7142-3364,1,1.0,doi:10.1016/j.jval.2024.11.006,10.1016/j.jval.2024.11.006
person:openalex:A5086528283,person:openalex:A5110255509,1,1.0,doi:10.1007/s10198-025-01804-4,10.1007/s10198-025-01804-4
person:openalex:A5086528283,person:orcid:0000-0002-1323-4223,1,1.0,doi:10.1007/s40273-024-01355-1,10.1007/s40273-024-01355-1
person:openalex:A5086528283,person:orcid:0000-0002-5332-5226,1,1.0,doi:10.1007/s40273-024-01355-1,10.1007/s40273-024-01355-1
person:openalex:A5086528283,person:orcid:0000-0002-5599-2209,1,1.0,doi:10.1007/s40273-024-01355-1,10.1007/s40273-024-01355-1
person:openalex:A5086528283,person:orcid:0000-0002-8385-5965,1,1.0,doi:10.1007/s40273-024-01355-1,10.1007/s40273-024-01355-1
person:openalex:A5086557976,person:orcid:0000-0002-6095-2295,1,1.0,doi:10.1016/j.jval.2020.03.019,10.1016/j.jval.2020.03.019
person:openalex:A5087010532,person:openalex:A5109778098,1,1.0,doi:10.1038/s41433-023-02860-x,10.1038/s41433-023-02860-x
person:openalex:A5087010532,person:orcid:0000-0002-3025-4066,1,1.0,doi:10.1038/s41433-023-02860-x,10.1038/s41433-023-02860-x
person:openalex:A5087010532,person:orcid:0000-0002-8169-1645,1,1.0,doi:10.1038/s41433-023-02860-x,10.1038/s41433-023-02860-x
person:openalex:A5087010532,person:orcid:0000-0003-0239-7278,1,1.0,doi:10.1038/s41433-023-02860-x,10.1038/s41433-023-02860-x
person:openalex:A5087010532,person:orcid:0000-0003-0666-7431,1,1.0,doi:10.1038/s41433-023-02860-x,10.1038/s41433-023-02860-x
person:openalex:A5087010532,person:orcid:0000-0003-1681-698x,1,1.0,doi:10.1038/s41433-023-02860-x,10.1038/s41433-023-02860-x
person:openalex:A5087010532,person:orcid:0000-0003-4212-2658,1,1.0,doi:10.1038/s41433-023-02860-x,10.1038/s41433-023-02860-x
person:openalex:A5087311184,person:orcid:0000-0002-4867-929x,1,1.0,doi:10.1186/s12955-023-02131-z,10.1186/s12955-023-02131-z
person:openalex:A5087311184,person:orcid:0000-0003-2798-4735,1,1.0,doi:10.1186/s12955-023-02131-z,10.1186/s12955-023-02131-z
person:openalex:A5087311184,person:orcid:0000-0003-4871-1840,1,1.0,doi:10.1186/s12955-023-02131-z,10.1186/s12955-023-02131-z
person:openalex:A5087311184,person:orcid:0009-0004-5019-9094,1,1.0,doi:10.1186/s12955-023-02131-z,10.1186/s12955-023-02131-z
person:openalex:A5091194414,person:orcid:0000-0001-9571-576x,1,1.0,doi:10.1007/s11136-021-03069-9,10.1007/s11136-021-03069-9
person:openalex:A5091194414,person:orcid:0000-0002-0109-3283,1,1.0,doi:10.1007/s11136-021-03069-9,10.1007/s11136-021-03069-9
person:openalex:A5091194414,person:orcid:0000-0002-1332-0500,1,1.0,doi:10.1007/s11136-021-03069-9,10.1007/s11136-021-03069-9
person:openalex:A5091194414,person:orcid:0000-0002-4331-3141,1,1.0,doi:10.1007/s11136-021-03069-9,10.1007/s11136-021-03069-9
person:openalex:A5091194414,person:orcid:0000-0003-0131-1444,1,1.0,doi:10.1007/s11136-021-03069-9,10.1007/s11136-021-03069-9
person:openalex:A5093786284,person:openalex:A5130590408,1,1.0,doi:10.1136/archdischild-2025-329475,10.1136/archdischild-2025-329475
person:openalex:A5093786284,person:openalex:A5130602985,1,1.0,doi:10.1136/archdischild-2025-329475,10.1136/archdischild-2025-329475
person:openalex:A5093786284,person:orcid:0000-0002-5332-5226,1,1.0,doi:10.1136/archdischild-2025-329475,10.1136/archdischild-2025-329475
person:openalex:A5093786284,person:orcid:0000-0002-5692-8882,1,1.0,doi:10.1136/archdischild-2025-329475,10.1136/archdischild-2025-329475
person:openalex:A5093786284,person:orcid:0000-0002-6451-2713,1,1.0,doi:10.1136/archdischild-2025-329475,10.1136/archdischild-2025-329475
person:openalex:A5093786284,person:orcid:0000-0003-3017-2770,1,1.0,doi:10.1136/archdischild-2025-329475,10.1136/archdischild-2025-329475
person:openalex:A5100400360,person:openalex:A5100758235,1,1.0,doi:10.1016/j.jval.2025.11.005,10.1016/j.jval.2025.11.005
person:openalex:A5100400360,person:openalex:A5100858517,1,1.0,doi:10.1016/j.jval.2025.11.005,10.1016/j.jval.2025.11.005
person:openalex:A5100758235,person:openalex:A5100858517,1,1.0,doi:10.1016/j.jval.2025.11.005,10.1016/j.jval.2025.11.005
person:openalex:A5101422734,person:orcid:0000-0002-6012-2785,1,1.0,doi:10.1016/j.jval.2023.03.003,10.1016/j.jval.2023.03.003
person:openalex:A5101422734,person:orcid:0000-0003-3187-2007,1,1.0,doi:10.1016/j.jval.2023.03.003,10.1016/j.jval.2023.03.003
person:openalex:A5101422734,person:orcid:0000-0003-4392-760x,1,1.0,doi:10.1016/j.jval.2023.03.003,10.1016/j.jval.2023.03.003
person:openalex:A5101422734,person:orcid:0000-0003-4509-1308,1,1.0,doi:10.1016/j.jval.2023.03.003,10.1016/j.jval.2023.03.003
person:openalex:A5101821097,person:openalex:A5115594934,1,1.0,doi:10.1016/j.jval.2025.02.001,10.1016/j.jval.2025.02.001
person:openalex:A5101821097,person:orcid:0000-0001-9364-5788,1,1.0,doi:10.1016/j.jval.2025.02.001,10.1016/j.jval.2025.02.001
person:openalex:A5102432342,person:openalex:A5109630235,1,1.0,doi:10.1186/s12955-023-02177-z,10.1186/s12955-023-02177-z
person:openalex:A5102432342,person:openalex:A5111023994,1,1.0,doi:10.1186/s12955-023-02177-z,10.1186/s12955-023-02177-z
person:openalex:A5102432342,person:orcid:0000-0001-7536-8481,1,1.0,doi:10.1186/s12955-023-02177-z,10.1186/s12955-023-02177-z
person:openalex:A5102432342,person:orcid:0000-0002-2592-8310,1,1.0,doi:10.1186/s12955-023-02177-z,10.1186/s12955-023-02177-z
person:openalex:A5102432342,person:orcid:0000-0002-9362-0086,1,1.0,doi:10.1186/s12955-023-02177-z,10.1186/s12955-023-02177-z
person:openalex:A5102432342,person:orcid:0000-0003-4196-8686,1,1.0,doi:10.1186/s12955-023-02177-z,10.1186/s12955-023-02177-z
person:openalex:A5102623414,person:orcid:0000-0001-9074-7359,1,1.0,doi:10.1016/j.pecinn.2025.100421,10.1016/j.pecinn.2025.100421
person:openalex:A5103487818,person:openalex:A5137930146,1,1.0,doi:10.1186/s12955-026-02561-5,10.1186/s12955-026-02561-5
person:openalex:A5103487818,person:orcid:0000-0002-4758-7588,1,1.0,doi:10.1186/s12955-026-02561-5,10.1186/s12955-026-02561-5
person:openalex:A5104134946,person:openalex:A5108557660,1,1.0,doi:10.1007/s11136-025-03996-x,10.1007/s11136-025-03996-x
person:openalex:A5104134946,person:openalex:A5117785012,1,1.0,doi:10.1007/s11136-025-03996-x,10.1007/s11136-025-03996-x
person:openalex:A5104134946,person:openalex:A5117785013,1,1.0,doi:10.1007/s11136-025-03996-x,10.1007/s11136-025-03996-x
person:openalex:A5104134946,person:orcid:0000-0001-5396-0265,1,1.0,doi:10.1007/s11136-025-03996-x,10.1007/s11136-025-03996-x
person:openalex:A5104134946,person:orcid:0000-0001-6404-1117,1,1.0,doi:10.1007/s11136-025-03996-x,10.1007/s11136-025-03996-x
person:openalex:A5104134946,person:orcid:0000-0001-6983-0166,1,1.0,doi:10.1007/s11136-025-03996-x,10.1007/s11136-025-03996-x
person:openalex:A5104134946,person:orcid:0000-0002-4290-4863,1,1.0,doi:10.1007/s11136-025-03996-x,10.1007/s11136-025-03996-x
person:openalex:A5104134946,person:orcid:0000-0002-5332-5226,1,1.0,doi:10.1007/s11136-025-03996-x,10.1007/s11136-025-03996-x
person:openalex:A5104134946,person:orcid:0000-0002-7913-7274,1,1.0,doi:10.1007/s11136-025-03996-x,10.1007/s11136-025-03996-x
person:openalex:A5104134946,person:orcid:0000-0002-8438-2901,1,1.0,doi:10.1007/s11136-025-03996-x,10.1007/s11136-025-03996-x
person:openalex:A5104134946,person:orcid:0000-0003-2029-6331,1,1.0,doi:10.1007/s11136-025-03996-x,10.1007/s11136-025-03996-x
person:openalex:A5104134946,person:orcid:0000-0003-3017-2770,1,1.0,doi:10.1007/s11136-025-03996-x,10.1007/s11136-025-03996-x
person:openalex:A5104134946,person:orcid:0000-0003-4007-8243,1,1.0,doi:10.1007/s11136-025-03996-x,10.1007/s11136-025-03996-x
person:openalex:A5106693152,person:openalex:A5106693153,1,1.0,doi:10.1016/j.jval.2021.10.013,10.1016/j.jval.2021.10.013
person:openalex:A5106693152,person:openalex:A5108286749,1,1.0,doi:10.1016/j.jval.2021.10.013,10.1016/j.jval.2021.10.013
person:openalex:A5106693152,person:orcid:0000-0001-8778-5055,1,1.0,doi:10.1016/j.jval.2021.10.013,10.1016/j.jval.2021.10.013
person:openalex:A5106693153,person:openalex:A5108286749,1,1.0,doi:10.1016/j.jval.2021.10.013,10.1016/j.jval.2021.10.013
person:openalex:A5106693153,person:orcid:0000-0001-8778-5055,1,1.0,doi:10.1016/j.jval.2021.10.013,10.1016/j.jval.2021.10.013
person:openalex:A5108286749,person:orcid:0000-0001-8778-5055,1,1.0,doi:10.1016/j.jval.2021.10.013,10.1016/j.jval.2021.10.013
person:openalex:A5108557660,person:openalex:A5117785012,1,1.0,doi:10.1007/s11136-025-03996-x,10.1007/s11136-025-03996-x
person:openalex:A5108557660,person:openalex:A5117785013,1,1.0,doi:10.1007/s11136-025-03996-x,10.1007/s11136-025-03996-x
person:openalex:A5108557660,person:orcid:0000-0001-5396-0265,1,1.0,doi:10.1007/s11136-025-03996-x,10.1007/s11136-025-03996-x
person:openalex:A5108557660,person:orcid:0000-0001-6404-1117,1,1.0,doi:10.1007/s11136-025-03996-x,10.1007/s11136-025-03996-x
person:openalex:A5108557660,person:orcid:0000-0001-6983-0166,1,1.0,doi:10.1007/s11136-025-03996-x,10.1007/s11136-025-03996-x
person:openalex:A5108557660,person:orcid:0000-0002-4290-4863,1,1.0,doi:10.1007/s11136-025-03996-x,10.1007/s11136-025-03996-x
person:openalex:A5108557660,person:orcid:0000-0002-5332-5226,1,1.0,doi:10.1007/s11136-025-03996-x,10.1007/s11136-025-03996-x
person:openalex:A5108557660,person:orcid:0000-0002-7913-7274,1,1.0,doi:10.1007/s11136-025-03996-x,10.1007/s11136-025-03996-x
person:openalex:A5108557660,person:orcid:0000-0002-8438-2901,1,1.0,doi:10.1007/s11136-025-03996-x,10.1007/s11136-025-03996-x
person:openalex:A5108557660,person:orcid:0000-0003-2029-6331,1,1.0,doi:10.1007/s11136-025-03996-x,10.1007/s11136-025-03996-x
person:openalex:A5108557660,person:orcid:0000-0003-3017-2770,1,1.0,doi:10.1007/s11136-025-03996-x,10.1007/s11136-025-03996-x
person:openalex:A5108557660,person:orcid:0000-0003-4007-8243,1,1.0,doi:10.1007/s11136-025-03996-x,10.1007/s11136-025-03996-x
person:openalex:A5108712913,person:orcid:0000-0002-6143-1555,1,1.0,doi:10.1002/hsr2.70308,10.1002/hsr2.70308
person:openalex:A5108712913,person:orcid:0000-0002-7142-3364,1,1.0,doi:10.1002/hsr2.70308,10.1002/hsr2.70308
person:openalex:A5109331936,person:orcid:0000-0002-2635-7484,1,1.0,doi:10.1007/s11136-022-03143-w,10.1007/s11136-022-03143-w
person:openalex:A5109331936,person:orcid:0000-0002-8931-4086,1,1.0,doi:10.1007/s11136-022-03143-w,10.1007/s11136-022-03143-w
person:openalex:A5109331936,person:orcid:0000-0003-2533-0818,1,1.0,doi:10.1007/s11136-022-03143-w,10.1007/s11136-022-03143-w
person:openalex:A5109630235,person:openalex:A5111023994,1,1.0,doi:10.1186/s12955-023-02177-z,10.1186/s12955-023-02177-z
person:openalex:A5109630235,person:orcid:0000-0001-7536-8481,1,1.0,doi:10.1186/s12955-023-02177-z,10.1186/s12955-023-02177-z
person:openalex:A5109630235,person:orcid:0000-0002-2592-8310,1,1.0,doi:10.1186/s12955-023-02177-z,10.1186/s12955-023-02177-z
person:openalex:A5109630235,person:orcid:0000-0002-9362-0086,1,1.0,doi:10.1186/s12955-023-02177-z,10.1186/s12955-023-02177-z
person:openalex:A5109630235,person:orcid:0000-0003-4196-8686,1,1.0,doi:10.1186/s12955-023-02177-z,10.1186/s12955-023-02177-z
person:openalex:A5109778098,person:orcid:0000-0002-3025-4066,1,1.0,doi:10.1038/s41433-023-02860-x,10.1038/s41433-023-02860-x
person:openalex:A5109778098,person:orcid:0000-0002-8169-1645,1,1.0,doi:10.1038/s41433-023-02860-x,10.1038/s41433-023-02860-x
person:openalex:A5109778098,person:orcid:0000-0003-0239-7278,1,1.0,doi:10.1038/s41433-023-02860-x,10.1038/s41433-023-02860-x
person:openalex:A5109778098,person:orcid:0000-0003-0666-7431,1,1.0,doi:10.1038/s41433-023-02860-x,10.1038/s41433-023-02860-x
person:openalex:A5109778098,person:orcid:0000-0003-1681-698x,1,1.0,doi:10.1038/s41433-023-02860-x,10.1038/s41433-023-02860-x
person:openalex:A5109778098,person:orcid:0000-0003-4212-2658,1,1.0,doi:10.1038/s41433-023-02860-x,10.1038/s41433-023-02860-x
person:openalex:A5110068367,person:openalex:A5112406075,1,1.0,doi:10.1371/journal.pone.0209344,10.1371/journal.pone.0209344
person:openalex:A5110068367,person:orcid:0000-0001-6660-5246,1,1.0,doi:10.1371/journal.pone.0209344,10.1371/journal.pone.0209344
person:openalex:A5110068367,person:orcid:0000-0001-7470-528x,1,1.0,doi:10.1371/journal.pone.0209344,10.1371/journal.pone.0209344
person:openalex:A5110068367,person:orcid:0000-0002-8249-7481,1,1.0,doi:10.1371/journal.pone.0209344,10.1371/journal.pone.0209344
person:openalex:A5110068367,person:orcid:0000-0003-0545-1567,1,1.0,doi:10.1371/journal.pone.0209344,10.1371/journal.pone.0209344
person:openalex:A5111023994,person:orcid:0000-0001-7536-8481,1,1.0,doi:10.1186/s12955-023-02177-z,10.1186/s12955-023-02177-z
person:openalex:A5111023994,person:orcid:0000-0002-2592-8310,1,1.0,doi:10.1186/s12955-023-02177-z,10.1186/s12955-023-02177-z
person:openalex:A5111023994,person:orcid:0000-0002-9362-0086,1,1.0,doi:10.1186/s12955-023-02177-z,10.1186/s12955-023-02177-z
person:openalex:A5111023994,person:orcid:0000-0003-4196-8686,1,1.0,doi:10.1186/s12955-023-02177-z,10.1186/s12955-023-02177-z
person:openalex:A5111188223,person:openalex:A5116048522,1,1.0,doi:10.1016/j.jval.2025.01.003,10.1016/j.jval.2025.01.003
person:openalex:A5111188223,person:openalex:A5116048523,1,1.0,doi:10.1016/j.jval.2025.01.003,10.1016/j.jval.2025.01.003
person:openalex:A5111246879,person:orcid:0000-0002-1433-818x,1,1.0,doi:10.1007/s40273-024-01404-9,10.1007/s40273-024-01404-9
person:openalex:A5111246879,person:orcid:0000-0002-3797-949x,1,1.0,doi:10.1007/s40273-024-01404-9,10.1007/s40273-024-01404-9
person:openalex:A5111246879,person:orcid:0000-0002-8756-8699,1,1.0,doi:10.1007/s40273-024-01404-9,10.1007/s40273-024-01404-9
person:openalex:A5111246879,person:orcid:0000-0003-4793-9026,1,1.0,doi:10.1007/s40273-024-01404-9,10.1007/s40273-024-01404-9
person:openalex:A5111502485,person:openalex:A5112697096,1,1.0,doi:10.36469/001c.145813,10.36469/001c.145813
person:openalex:A5111788632,person:orcid:0000-0001-9071-2842,1,1.0,doi:10.1007/s10198-021-01306-z,10.1007/s10198-021-01306-z
person:openalex:A5111788632,person:orcid:0000-0002-0680-7353,1,1.0,doi:10.1007/s10198-021-01306-z,10.1007/s10198-021-01306-z
person:openalex:A5111788632,person:orcid:0000-0003-0851-8341,1,1.0,doi:10.1007/s10198-021-01306-z,10.1007/s10198-021-01306-z
person:openalex:A5111788632,person:orcid:0000-0003-4609-3911,1,1.0,doi:10.1007/s10198-021-01306-z,10.1007/s10198-021-01306-z
person:openalex:A5111900822,person:orcid:0009-0005-5260-4652,1,1.0,doi:10.1177/0272989x251380556,10.1177/0272989x251380556
person:openalex:A5112406075,person:orcid:0000-0001-6660-5246,1,1.0,doi:10.1371/journal.pone.0209344,10.1371/journal.pone.0209344
person:openalex:A5112406075,person:orcid:0000-0001-7470-528x,1,1.0,doi:10.1371/journal.pone.0209344,10.1371/journal.pone.0209344
person:openalex:A5112406075,person:orcid:0000-0002-8249-7481,1,1.0,doi:10.1371/journal.pone.0209344,10.1371/journal.pone.0209344
person:openalex:A5112406075,person:orcid:0000-0003-0545-1567,1,1.0,doi:10.1371/journal.pone.0209344,10.1371/journal.pone.0209344
person:openalex:A5112728116,person:orcid:0000-0001-5374-5100,1,1.0,doi:10.1007/s40258-023-00798-5,10.1007/s40258-023-00798-5
person:openalex:A5112901636,person:orcid:0000-0002-6359-8797,1,1.0,doi:10.1007/s12311-024-01657-2,10.1007/s12311-024-01657-2
person:openalex:A5113535557,person:orcid:0000-0001-5091-3180,1,1.0,doi:10.1371/journal.pone.0200966,10.1371/journal.pone.0200966
person:openalex:A5113535557,person:orcid:0000-0001-5430-9810,1,1.0,doi:10.1371/journal.pone.0200966,10.1371/journal.pone.0200966
person:openalex:A5114345756,person:openalex:A5132638343,1,1.0,doi:10.1007/s11136-026-04226-8,10.1007/s11136-026-04226-8
person:openalex:A5115594934,person:orcid:0000-0001-9364-5788,1,1.0,doi:10.1016/j.jval.2025.02.001,10.1016/j.jval.2025.02.001
person:openalex:A5116048522,person:openalex:A5116048523,1,1.0,doi:10.1016/j.jval.2025.01.003,10.1016/j.jval.2025.01.003
person:openalex:A5117715736,person:orcid:0000-0001-5541-5930,1,1.0,doi:10.3390/curroncol32060308,10.3390/curroncol32060308
person:openalex:A5117715736,person:orcid:0000-0002-2501-3057,1,1.0,doi:10.3390/curroncol32060308,10.3390/curroncol32060308
person:openalex:A5117715736,person:orcid:0000-0002-9264-7797,1,1.0,doi:10.3390/curroncol32060308,10.3390/curroncol32060308
person:openalex:A5117715736,person:orcid:0009-0003-3441-7795,1,1.0,doi:10.3390/curroncol32060308,10.3390/curroncol32060308
person:openalex:A5117715736,person:orcid:0009-0003-6953-6997,1,1.0,doi:10.3390/curroncol32060308,10.3390/curroncol32060308
person:openalex:A5117785012,person:openalex:A5117785013,1,1.0,doi:10.1007/s11136-025-03996-x,10.1007/s11136-025-03996-x
person:openalex:A5117785012,person:orcid:0000-0001-5396-0265,1,1.0,doi:10.1007/s11136-025-03996-x,10.1007/s11136-025-03996-x
person:openalex:A5117785012,person:orcid:0000-0001-6404-1117,1,1.0,doi:10.1007/s11136-025-03996-x,10.1007/s11136-025-03996-x
person:openalex:A5117785012,person:orcid:0000-0001-6983-0166,1,1.0,doi:10.1007/s11136-025-03996-x,10.1007/s11136-025-03996-x
person:openalex:A5117785012,person:orcid:0000-0002-4290-4863,1,1.0,doi:10.1007/s11136-025-03996-x,10.1007/s11136-025-03996-x
person:openalex:A5117785012,person:orcid:0000-0002-5332-5226,1,1.0,doi:10.1007/s11136-025-03996-x,10.1007/s11136-025-03996-x
person:openalex:A5117785012,person:orcid:0000-0002-7913-7274,1,1.0,doi:10.1007/s11136-025-03996-x,10.1007/s11136-025-03996-x
person:openalex:A5117785012,person:orcid:0000-0002-8438-2901,1,1.0,doi:10.1007/s11136-025-03996-x,10.1007/s11136-025-03996-x
person:openalex:A5117785012,person:orcid:0000-0003-2029-6331,1,1.0,doi:10.1007/s11136-025-03996-x,10.1007/s11136-025-03996-x
person:openalex:A5117785012,person:orcid:0000-0003-3017-2770,1,1.0,doi:10.1007/s11136-025-03996-x,10.1007/s11136-025-03996-x
person:openalex:A5117785012,person:orcid:0000-0003-4007-8243,1,1.0,doi:10.1007/s11136-025-03996-x,10.1007/s11136-025-03996-x
person:openalex:A5117785013,person:orcid:0000-0001-5396-0265,1,1.0,doi:10.1007/s11136-025-03996-x,10.1007/s11136-025-03996-x
person:openalex:A5117785013,person:orcid:0000-0001-6404-1117,1,1.0,doi:10.1007/s11136-025-03996-x,10.1007/s11136-025-03996-x
person:openalex:A5117785013,person:orcid:0000-0001-6983-0166,1,1.0,doi:10.1007/s11136-025-03996-x,10.1007/s11136-025-03996-x
person:openalex:A5117785013,person:orcid:0000-0002-4290-4863,1,1.0,doi:10.1007/s11136-025-03996-x,10.1007/s11136-025-03996-x
person:openalex:A5117785013,person:orcid:0000-0002-5332-5226,1,1.0,doi:10.1007/s11136-025-03996-x,10.1007/s11136-025-03996-x
person:openalex:A5117785013,person:orcid:0000-0002-7913-7274,1,1.0,doi:10.1007/s11136-025-03996-x,10.1007/s11136-025-03996-x
person:openalex:A5117785013,person:orcid:0000-0002-8438-2901,1,1.0,doi:10.1007/s11136-025-03996-x,10.1007/s11136-025-03996-x
person:openalex:A5117785013,person:orcid:0000-0003-2029-6331,1,1.0,doi:10.1007/s11136-025-03996-x,10.1007/s11136-025-03996-x
person:openalex:A5117785013,person:orcid:0000-0003-3017-2770,1,1.0,doi:10.1007/s11136-025-03996-x,10.1007/s11136-025-03996-x
person:openalex:A5117785013,person:orcid:0000-0003-4007-8243,1,1.0,doi:10.1007/s11136-025-03996-x,10.1007/s11136-025-03996-x
person:openalex:A5118390306,person:orcid:0000-0002-0178-7007,1,1.0,doi:10.1136/bmjopen-2025-102509,10.1136/bmjopen-2025-102509
person:openalex:A5118390306,person:orcid:0000-0003-3483-5658,1,1.0,doi:10.1136/bmjopen-2025-102509,10.1136/bmjopen-2025-102509
person:openalex:A5119599136,person:orcid:0000-0002-2399-6942,1,1.0,doi:10.1007/s10198-025-01812-4,10.1007/s10198-025-01812-4
person:openalex:A5119599136,person:orcid:0000-0002-5882-6070,1,1.0,doi:10.1007/s10198-025-01812-4,10.1007/s10198-025-01812-4
person:openalex:A5122353169,person:openalex:A5122380022,1,1.0,doi:10.1007/s11136-025-04150-3,10.1007/s11136-025-04150-3
person:openalex:A5122353169,person:openalex:A5122382176,1,1.0,doi:10.1007/s11136-025-04150-3,10.1007/s11136-025-04150-3
person:openalex:A5122353169,person:orcid:0000-0001-5193-918x,1,1.0,doi:10.1007/s11136-025-04150-3,10.1007/s11136-025-04150-3
person:openalex:A5122380022,person:openalex:A5122382176,1,1.0,doi:10.1007/s11136-025-04150-3,10.1007/s11136-025-04150-3
person:openalex:A5122380022,person:orcid:0000-0001-5193-918x,1,1.0,doi:10.1007/s11136-025-04150-3,10.1007/s11136-025-04150-3
person:openalex:A5122382176,person:orcid:0000-0001-5193-918x,1,1.0,doi:10.1007/s11136-025-04150-3,10.1007/s11136-025-04150-3
person:openalex:A5123188413,person:openalex:A5128706397,1,1.0,doi:10.1016/j.jval.2026.02.013,10.1016/j.jval.2026.02.013
person:openalex:A5123867361,person:openalex:A5124253158,1,1.0,doi:10.1007/s11136-026-04223-x,10.1007/s11136-026-04223-x
person:openalex:A5123867361,person:orcid:0000-0001-5307-0692,1,1.0,doi:10.1007/s11136-026-04223-x,10.1007/s11136-026-04223-x
person:openalex:A5123867361,person:orcid:0000-0002-1686-4458,1,1.0,doi:10.1007/s11136-026-04223-x,10.1007/s11136-026-04223-x
person:openalex:A5123867361,person:orcid:0000-0002-8934-7267,1,1.0,doi:10.1007/s11136-026-04223-x,10.1007/s11136-026-04223-x
person:openalex:A5123867361,person:orcid:0000-0003-3274-0292,1,1.0,doi:10.1007/s11136-026-04223-x,10.1007/s11136-026-04223-x
person:openalex:A5123867361,person:orcid:0000-0003-3634-7906,1,1.0,doi:10.1007/s11136-026-04223-x,10.1007/s11136-026-04223-x
person:openalex:A5123867361,person:orcid:0000-0003-3705-5323,1,1.0,doi:10.1007/s11136-026-04223-x,10.1007/s11136-026-04223-x
person:openalex:A5123867361,person:orcid:0009-0001-2704-5044,1,1.0,doi:10.1007/s11136-026-04223-x,10.1007/s11136-026-04223-x
person:openalex:A5123867361,person:orcid:0009-0005-4800-6182,1,1.0,doi:10.1007/s11136-026-04223-x,10.1007/s11136-026-04223-x
person:openalex:A5123867361,person:orcid:0009-0006-5595-0419,1,1.0,doi:10.1007/s11136-026-04223-x,10.1007/s11136-026-04223-x
person:openalex:A5124253158,person:orcid:0000-0001-5307-0692,1,1.0,doi:10.1007/s11136-026-04223-x,10.1007/s11136-026-04223-x
person:openalex:A5124253158,person:orcid:0000-0002-1686-4458,1,1.0,doi:10.1007/s11136-026-04223-x,10.1007/s11136-026-04223-x
person:openalex:A5124253158,person:orcid:0000-0002-8934-7267,1,1.0,doi:10.1007/s11136-026-04223-x,10.1007/s11136-026-04223-x
person:openalex:A5124253158,person:orcid:0000-0003-3274-0292,1,1.0,doi:10.1007/s11136-026-04223-x,10.1007/s11136-026-04223-x
person:openalex:A5124253158,person:orcid:0000-0003-3634-7906,1,1.0,doi:10.1007/s11136-026-04223-x,10.1007/s11136-026-04223-x
person:openalex:A5124253158,person:orcid:0000-0003-3705-5323,1,1.0,doi:10.1007/s11136-026-04223-x,10.1007/s11136-026-04223-x
person:openalex:A5124253158,person:orcid:0009-0001-2704-5044,1,1.0,doi:10.1007/s11136-026-04223-x,10.1007/s11136-026-04223-x
person:openalex:A5124253158,person:orcid:0009-0005-4800-6182,1,1.0,doi:10.1007/s11136-026-04223-x,10.1007/s11136-026-04223-x
person:openalex:A5124253158,person:orcid:0009-0006-5595-0419,1,1.0,doi:10.1007/s11136-026-04223-x,10.1007/s11136-026-04223-x
person:openalex:A5125700763,person:openalex:A5125757955,1,1.0,doi:10.1186/s41687-025-00985-z,10.1186/s41687-025-00985-z
person:openalex:A5125700763,person:orcid:0000-0002-3216-9076,1,1.0,doi:10.1186/s41687-025-00985-z,10.1186/s41687-025-00985-z
person:openalex:A5125700763,person:orcid:0000-0002-5956-8990,1,1.0,doi:10.1186/s41687-025-00985-z,10.1186/s41687-025-00985-z
person:openalex:A5125757955,person:orcid:0000-0002-3216-9076,1,1.0,doi:10.1186/s41687-025-00985-z,10.1186/s41687-025-00985-z
person:openalex:A5125757955,person:orcid:0000-0002-5956-8990,1,1.0,doi:10.1186/s41687-025-00985-z,10.1186/s41687-025-00985-z
person:openalex:A5130219809,person:orcid:0000-0001-8685-3212,1,1.0,doi:10.1097/mlr.0000000000002315,10.1097/mlr.0000000000002315
person:openalex:A5130219809,person:orcid:0000-0002-2022-4939,1,1.0,doi:10.1097/mlr.0000000000002315,10.1097/mlr.0000000000002315
person:openalex:A5130219809,person:orcid:0000-0002-2115-2447,1,1.0,doi:10.1097/mlr.0000000000002315,10.1097/mlr.0000000000002315
person:openalex:A5130219809,person:orcid:0000-0002-6399-5741,1,1.0,doi:10.1097/mlr.0000000000002315,10.1097/mlr.0000000000002315
person:openalex:A5130590408,person:openalex:A5130602985,1,1.0,doi:10.1136/archdischild-2025-329475,10.1136/archdischild-2025-329475
person:openalex:A5130590408,person:orcid:0000-0002-5332-5226,1,1.0,doi:10.1136/archdischild-2025-329475,10.1136/archdischild-2025-329475
person:openalex:A5130590408,person:orcid:0000-0002-5692-8882,1,1.0,doi:10.1136/archdischild-2025-329475,10.1136/archdischild-2025-329475
person:openalex:A5130590408,person:orcid:0000-0002-6451-2713,1,1.0,doi:10.1136/archdischild-2025-329475,10.1136/archdischild-2025-329475
person:openalex:A5130590408,person:orcid:0000-0003-3017-2770,1,1.0,doi:10.1136/archdischild-2025-329475,10.1136/archdischild-2025-329475
person:openalex:A5130602985,person:orcid:0000-0002-5332-5226,1,1.0,doi:10.1136/archdischild-2025-329475,10.1136/archdischild-2025-329475
person:openalex:A5130602985,person:orcid:0000-0002-5692-8882,1,1.0,doi:10.1136/archdischild-2025-329475,10.1136/archdischild-2025-329475
person:openalex:A5130602985,person:orcid:0000-0002-6451-2713,1,1.0,doi:10.1136/archdischild-2025-329475,10.1136/archdischild-2025-329475
person:openalex:A5130602985,person:orcid:0000-0003-3017-2770,1,1.0,doi:10.1136/archdischild-2025-329475,10.1136/archdischild-2025-329475
person:openalex:A5132638343,person:openalex:A5138142464,1,1.0,doi:10.1007/s11136-026-04285-x,10.1007/s11136-026-04285-x
person:openalex:A5132705166,person:orcid:0000-0001-6121-5409,1,1.0,doi:10.1007/s11136-026-04230-y,10.1007/s11136-026-04230-y
person:openalex:A5132705166,person:orcid:0000-0002-0122-0123,1,1.0,doi:10.1007/s11136-026-04230-y,10.1007/s11136-026-04230-y
person:openalex:A5132705166,person:orcid:0000-0003-3897-2908,1,1.0,doi:10.1007/s11136-026-04230-y,10.1007/s11136-026-04230-y
person:openalex:A5137930146,person:orcid:0000-0002-4758-7588,1,1.0,doi:10.1186/s12955-026-02561-5,10.1186/s12955-026-02561-5
person:orcid:0000-0001-5091-3180,person:orcid:0000-0001-5126-9104,1,1.0,doi:10.1371/journal.pone.0200966,10.1371/journal.pone.0200966
person:orcid:0000-0001-5091-3180,person:orcid:0000-0001-5430-9810,1,1.0,doi:10.1371/journal.pone.0200966,10.1371/journal.pone.0200966
person:orcid:0000-0001-5091-3180,person:orcid:0000-0002-7319-7188,1,1.0,doi:10.1371/journal.pone.0200966,10.1371/journal.pone.0200966
person:orcid:0000-0001-5091-3180,person:orcid:0000-0002-9526-6922,1,1.0,doi:10.1371/journal.pone.0200966,10.1371/journal.pone.0200966
person:orcid:0000-0001-5099-3483,person:orcid:0000-0001-9937-4149,1,1.0,doi:10.1186/s12955-024-02290-7,10.1186/s12955-024-02290-7
person:orcid:0000-0001-5126-9104,person:orcid:0000-0001-5430-9810,1,1.0,doi:10.1371/journal.pone.0200966,10.1371/journal.pone.0200966
person:orcid:0000-0001-5307-0692,person:orcid:0000-0002-1686-4458,1,1.0,doi:10.1007/s11136-026-04223-x,10.1007/s11136-026-04223-x
person:orcid:0000-0001-5307-0692,person:orcid:0000-0002-8934-7267,1,1.0,doi:10.1007/s11136-026-04223-x,10.1007/s11136-026-04223-x
person:orcid:0000-0001-5307-0692,person:orcid:0000-0003-3274-0292,1,1.0,doi:10.1007/s11136-026-04223-x,10.1007/s11136-026-04223-x
person:orcid:0000-0001-5307-0692,person:orcid:0000-0003-3634-7906,1,1.0,doi:10.1007/s11136-026-04223-x,10.1007/s11136-026-04223-x
person:orcid:0000-0001-5307-0692,person:orcid:0000-0003-3705-5323,1,1.0,doi:10.1007/s11136-026-04223-x,10.1007/s11136-026-04223-x
person:orcid:0000-0001-5307-0692,person:orcid:0009-0001-2704-5044,1,1.0,doi:10.1007/s11136-026-04223-x,10.1007/s11136-026-04223-x
person:orcid:0000-0001-5307-0692,person:orcid:0009-0005-4800-6182,1,1.0,doi:10.1007/s11136-026-04223-x,10.1007/s11136-026-04223-x
person:orcid:0000-0001-5307-0692,person:orcid:0009-0006-5595-0419,1,1.0,doi:10.1007/s11136-026-04223-x,10.1007/s11136-026-04223-x
person:orcid:0000-0001-5396-0265,person:orcid:0000-0001-6404-1117,1,1.0,doi:10.1007/s11136-025-03996-x,10.1007/s11136-025-03996-x
person:orcid:0000-0001-5396-0265,person:orcid:0000-0001-6983-0166,1,1.0,doi:10.1007/s11136-025-03996-x,10.1007/s11136-025-03996-x
person:orcid:0000-0001-5396-0265,person:orcid:0000-0002-4290-4863,1,1.0,doi:10.1007/s11136-025-03996-x,10.1007/s11136-025-03996-x
person:orcid:0000-0001-5396-0265,person:orcid:0000-0002-5332-5226,1,1.0,doi:10.1007/s11136-025-03996-x,10.1007/s11136-025-03996-x
person:orcid:0000-0001-5396-0265,person:orcid:0000-0002-7913-7274,1,1.0,doi:10.1007/s11136-025-03996-x,10.1007/s11136-025-03996-x
person:orcid:0000-0001-5396-0265,person:orcid:0000-0002-8438-2901,1,1.0,doi:10.1007/s11136-025-03996-x,10.1007/s11136-025-03996-x
person:orcid:0000-0001-5396-0265,person:orcid:0000-0003-2029-6331,1,1.0,doi:10.1007/s11136-025-03996-x,10.1007/s11136-025-03996-x
person:orcid:0000-0001-5396-0265,person:orcid:0000-0003-3017-2770,1,1.0,doi:10.1007/s11136-025-03996-x,10.1007/s11136-025-03996-x
person:orcid:0000-0001-5396-0265,person:orcid:0000-0003-4007-8243,1,1.0,doi:10.1007/s11136-025-03996-x,10.1007/s11136-025-03996-x
person:orcid:0000-0001-5416-042x,person:orcid:0000-0002-4331-3141,1,1.0,doi:10.1007/s11136-019-02156-2,10.1007/s11136-019-02156-2
person:orcid:0000-0001-5416-042x,person:orcid:0000-0002-5569-3188,1,1.0,doi:10.1007/s11136-019-02156-2,10.1007/s11136-019-02156-2
person:orcid:0000-0001-5430-9810,person:orcid:0000-0002-7319-7188,1,1.0,doi:10.1371/journal.pone.0200966,10.1371/journal.pone.0200966
person:orcid:0000-0001-5430-9810,person:orcid:0000-0002-9526-6922,1,1.0,doi:10.1371/journal.pone.0200966,10.1371/journal.pone.0200966
person:orcid:0000-0001-5541-5930,person:orcid:0000-0002-2501-3057,1,1.0,doi:10.3390/curroncol32060308,10.3390/curroncol32060308
person:orcid:0000-0001-5541-5930,person:orcid:0000-0002-9264-7797,1,1.0,doi:10.3390/curroncol32060308,10.3390/curroncol32060308
person:orcid:0000-0001-5541-5930,person:orcid:0009-0003-3441-7795,1,1.0,doi:10.3390/curroncol32060308,10.3390/curroncol32060308
person:orcid:0000-0001-5541-5930,person:orcid:0009-0003-6953-6997,1,1.0,doi:10.3390/curroncol32060308,10.3390/curroncol32060308
person:orcid:0000-0001-5913-0297,person:orcid:0000-0002-2570-1685,1,1.0,doi:10.1136/bmjopen-2023-080985,10.1136/bmjopen-2023-080985
person:orcid:0000-0001-5913-0297,person:orcid:0000-0002-3816-9106,1,1.0,doi:10.1136/bmjopen-2023-080985,10.1136/bmjopen-2023-080985
person:orcid:0000-0001-6121-5409,person:orcid:0000-0002-0122-0123,1,1.0,doi:10.1007/s11136-026-04230-y,10.1007/s11136-026-04230-y
person:orcid:0000-0001-6121-5409,person:orcid:0000-0003-3897-2908,1,1.0,doi:10.1007/s11136-026-04230-y,10.1007/s11136-026-04230-y
person:orcid:0000-0001-6174-5442,person:orcid:0000-0002-6359-8797,1,1.0,doi:10.1007/s12311-024-01657-2,10.1007/s12311-024-01657-2
person:orcid:0000-0001-6404-1117,person:orcid:0000-0001-6983-0166,1,1.0,doi:10.1007/s11136-025-03996-x,10.1007/s11136-025-03996-x
person:orcid:0000-0001-6404-1117,person:orcid:0000-0002-4290-4863,1,1.0,doi:10.1007/s11136-025-03996-x,10.1007/s11136-025-03996-x
person:orcid:0000-0001-6404-1117,person:orcid:0000-0002-5332-5226,1,1.0,doi:10.1007/s11136-025-03996-x,10.1007/s11136-025-03996-x
person:orcid:0000-0001-6404-1117,person:orcid:0000-0002-7913-7274,1,1.0,doi:10.1007/s11136-025-03996-x,10.1007/s11136-025-03996-x
person:orcid:0000-0001-6404-1117,person:orcid:0000-0002-8438-2901,1,1.0,doi:10.1007/s11136-025-03996-x,10.1007/s11136-025-03996-x
person:orcid:0000-0001-6404-1117,person:orcid:0000-0003-2029-6331,1,1.0,doi:10.1007/s11136-025-03996-x,10.1007/s11136-025-03996-x
person:orcid:0000-0001-6404-1117,person:orcid:0000-0003-3017-2770,1,1.0,doi:10.1007/s11136-025-03996-x,10.1007/s11136-025-03996-x
person:orcid:0000-0001-6404-1117,person:orcid:0000-0003-4007-8243,1,1.0,doi:10.1007/s11136-025-03996-x,10.1007/s11136-025-03996-x
person:orcid:0000-0001-6489-171x,person:orcid:0000-0003-0370-4903,1,1.0,doi:10.1007/s10198-022-01481-7,10.1007/s10198-022-01481-7
person:orcid:0000-0001-6534-1242,person:orcid:0000-0002-3379-2433,1,1.0,doi:10.1007/s11136-018-1985-2,10.1007/s11136-018-1985-2
person:orcid:0000-0001-6610-3369,person:orcid:0000-0001-7147-2222,1,1.0,doi:10.5492/wjccm.v11.i4.236,10.5492/wjccm.v11.i4.236
person:orcid:0000-0001-6610-3369,person:orcid:0000-0001-8076-9626,1,1.0,doi:10.5492/wjccm.v11.i4.236,10.5492/wjccm.v11.i4.236
person:orcid:0000-0001-6610-3369,person:orcid:0000-0001-9749-1747,1,1.0,doi:10.5492/wjccm.v11.i4.236,10.5492/wjccm.v11.i4.236
person:orcid:0000-0001-6610-3369,person:orcid:0000-0002-0360-3427,1,1.0,doi:10.5492/wjccm.v11.i4.236,10.5492/wjccm.v11.i4.236
person:orcid:0000-0001-6610-3369,person:orcid:0000-0002-1002-2989,1,1.0,doi:10.5492/wjccm.v11.i4.236,10.5492/wjccm.v11.i4.236
person:orcid:0000-0001-6610-3369,person:orcid:0000-0002-2874-8948,1,1.0,doi:10.5492/wjccm.v11.i4.236,10.5492/wjccm.v11.i4.236
person:orcid:0000-0001-6610-3369,person:orcid:0000-0002-2903-1631,1,1.0,doi:10.5492/wjccm.v11.i4.236,10.5492/wjccm.v11.i4.236
person:orcid:0000-0001-6610-3369,person:orcid:0000-0002-6213-5264,1,1.0,doi:10.5492/wjccm.v11.i4.236,10.5492/wjccm.v11.i4.236
person:orcid:0000-0001-6610-3369,person:orcid:0000-0002-6530-5513,1,1.0,doi:10.5492/wjccm.v11.i4.236,10.5492/wjccm.v11.i4.236
person:orcid:0000-0001-6610-3369,person:orcid:0000-0002-7299-6594,1,1.0,doi:10.5492/wjccm.v11.i4.236,10.5492/wjccm.v11.i4.236
person:orcid:0000-0001-6610-3369,person:orcid:0000-0002-8293-7061,1,1.0,doi:10.5492/wjccm.v11.i4.236,10.5492/wjccm.v11.i4.236
person:orcid:0000-0001-6610-3369,person:orcid:0000-0002-9527-0577,1,1.0,doi:10.5492/wjccm.v11.i4.236,10.5492/wjccm.v11.i4.236
person:orcid:0000-0001-6610-3369,person:orcid:0000-0003-0331-5182,1,1.0,doi:10.5492/wjccm.v11.i4.236,10.5492/wjccm.v11.i4.236
person:orcid:0000-0001-6610-3369,person:orcid:0000-0003-1231-1490,1,1.0,doi:10.5492/wjccm.v11.i4.236,10.5492/wjccm.v11.i4.236
person:orcid:0000-0001-6610-3369,person:orcid:0000-0003-3571-3871,1,1.0,doi:10.5492/wjccm.v11.i4.236,10.5492/wjccm.v11.i4.236
person:orcid:0000-0001-6610-3369,person:orcid:0000-0003-3633-6596,1,1.0,doi:10.5492/wjccm.v11.i4.236,10.5492/wjccm.v11.i4.236
person:orcid:0000-0001-6638-421x,person:orcid:0000-0002-8385-5965,1,1.0,doi:10.1007/s11136-026-04294-w,10.1007/s11136-026-04294-w
person:orcid:0000-0001-6660-5246,person:orcid:0000-0001-7470-528x,1,1.0,doi:10.1371/journal.pone.0209344,10.1371/journal.pone.0209344
person:orcid:0000-0001-6660-5246,person:orcid:0000-0002-8249-7481,1,1.0,doi:10.1371/journal.pone.0209344,10.1371/journal.pone.0209344
person:orcid:0000-0001-6660-5246,person:orcid:0000-0003-0545-1567,1,1.0,doi:10.1371/journal.pone.0209344,10.1371/journal.pone.0209344
person:orcid:0000-0001-6699-6072,person:orcid:0000-0002-9062-9624,1,1.0,doi:10.1186/s12955-021-01889-4,10.1186/s12955-021-01889-4
person:orcid:0000-0001-6712-5535,person:orcid:0000-0003-0517-7625,1,1.0,doi:10.1007/s40273-025-01519-7,10.1007/s40273-025-01519-7
person:orcid:0000-0001-6780-0019,person:orcid:0000-0002-1998-9408,1,1.0,doi:10.1007/s40273-015-0292-9,10.1007/s40273-015-0292-9
person:orcid:0000-0001-6962-0564,person:orcid:0000-0002-0177-0192,1,1.0,doi:10.1007/s11136-021-03075-x,10.1007/s11136-021-03075-x
person:orcid:0000-0001-6962-0564,person:orcid:0000-0002-1633-2179,1,1.0,doi:10.1007/s11136-020-02469-7,10.1007/s11136-020-02469-7
person:orcid:0000-0001-6962-0564,person:orcid:0000-0002-6891-2650,1,1.0,doi:10.1007/s11136-021-03075-x,10.1007/s11136-021-03075-x
person:orcid:0000-0001-6962-0564,person:orcid:0000-0003-2290-0205,1,1.0,doi:10.1007/s11136-020-02469-7,10.1007/s11136-020-02469-7
person:orcid:0000-0001-6983-0166,person:orcid:0000-0002-4290-4863,1,1.0,doi:10.1007/s11136-025-03996-x,10.1007/s11136-025-03996-x
person:orcid:0000-0001-6983-0166,person:orcid:0000-0002-5332-5226,1,1.0,doi:10.1007/s11136-025-03996-x,10.1007/s11136-025-03996-x
person:orcid:0000-0001-6983-0166,person:orcid:0000-0002-7913-7274,1,1.0,doi:10.1007/s11136-025-03996-x,10.1007/s11136-025-03996-x
person:orcid:0000-0001-6983-0166,person:orcid:0000-0002-8438-2901,1,1.0,doi:10.1007/s11136-025-03996-x,10.1007/s11136-025-03996-x
person:orcid:0000-0001-6983-0166,person:orcid:0000-0003-2029-6331,1,1.0,doi:10.1007/s11136-025-03996-x,10.1007/s11136-025-03996-x
person:orcid:0000-0001-6983-0166,person:orcid:0000-0003-3017-2770,1,1.0,doi:10.1007/s11136-025-03996-x,10.1007/s11136-025-03996-x
person:orcid:0000-0001-6983-0166,person:orcid:0000-0003-4007-8243,1,1.0,doi:10.1007/s11136-025-03996-x,10.1007/s11136-025-03996-x
person:orcid:0000-0001-7058-5102,person:orcid:0000-0002-8229-4369,1,1.0,doi:10.1213/ane.0000000000007107,10.1213/ane.0000000000007107
person:orcid:0000-0001-7147-2222,person:orcid:0000-0001-8076-9626,1,1.0,doi:10.5492/wjccm.v11.i4.236,10.5492/wjccm.v11.i4.236
person:orcid:0000-0001-7147-2222,person:orcid:0000-0001-9749-1747,1,1.0,doi:10.5492/wjccm.v11.i4.236,10.5492/wjccm.v11.i4.236
person:orcid:0000-0001-7147-2222,person:orcid:0000-0002-0360-3427,1,1.0,doi:10.5492/wjccm.v11.i4.236,10.5492/wjccm.v11.i4.236
person:orcid:0000-0001-7147-2222,person:orcid:0000-0002-1002-2989,1,1.0,doi:10.5492/wjccm.v11.i4.236,10.5492/wjccm.v11.i4.236
person:orcid:0000-0001-7147-2222,person:orcid:0000-0002-2874-8948,1,1.0,doi:10.5492/wjccm.v11.i4.236,10.5492/wjccm.v11.i4.236
person:orcid:0000-0001-7147-2222,person:orcid:0000-0002-2903-1631,1,1.0,doi:10.5492/wjccm.v11.i4.236,10.5492/wjccm.v11.i4.236
person:orcid:0000-0001-7147-2222,person:orcid:0000-0002-6213-5264,1,1.0,doi:10.5492/wjccm.v11.i4.236,10.5492/wjccm.v11.i4.236
person:orcid:0000-0001-7147-2222,person:orcid:0000-0002-6530-5513,1,1.0,doi:10.5492/wjccm.v11.i4.236,10.5492/wjccm.v11.i4.236
person:orcid:0000-0001-7147-2222,person:orcid:0000-0002-7299-6594,1,1.0,doi:10.5492/wjccm.v11.i4.236,10.5492/wjccm.v11.i4.236
person:orcid:0000-0001-7147-2222,person:orcid:0000-0002-8293-7061,1,1.0,doi:10.5492/wjccm.v11.i4.236,10.5492/wjccm.v11.i4.236
person:orcid:0000-0001-7147-2222,person:orcid:0000-0002-9527-0577,1,1.0,doi:10.5492/wjccm.v11.i4.236,10.5492/wjccm.v11.i4.236
person:orcid:0000-0001-7147-2222,person:orcid:0000-0003-0331-5182,1,1.0,doi:10.5492/wjccm.v11.i4.236,10.5492/wjccm.v11.i4.236
person:orcid:0000-0001-7147-2222,person:orcid:0000-0003-1231-1490,1,1.0,doi:10.5492/wjccm.v11.i4.236,10.5492/wjccm.v11.i4.236
person:orcid:0000-0001-7147-2222,person:orcid:0000-0003-3571-3871,1,1.0,doi:10.5492/wjccm.v11.i4.236,10.5492/wjccm.v11.i4.236
person:orcid:0000-0001-7147-2222,person:orcid:0000-0003-3633-6596,1,1.0,doi:10.5492/wjccm.v11.i4.236,10.5492/wjccm.v11.i4.236
person:orcid:0000-0001-7161-6767,person:orcid:0000-0002-3948-6488,1,1.0,doi:10.1007/s10198-024-01719-6,10.1007/s10198-024-01719-6
person:orcid:0000-0001-7161-6767,person:orcid:0000-0002-6095-2295,1,1.0,doi:10.1007/s10198-024-01719-6,10.1007/s10198-024-01719-6
person:orcid:0000-0001-7335-4852,person:orcid:0000-0002-7127-9462,1,1.0,doi:10.1007/s40273-025-01509-9,10.1007/s40273-025-01509-9
person:orcid:0000-0001-7335-4852,person:orcid:0000-0002-8385-5965,1,1.0,doi:10.1007/s40273-025-01509-9,10.1007/s40273-025-01509-9
person:orcid:0000-0001-7458-6460,person:orcid:0000-0003-3619-5367,1,1.0,doi:10.1007/s11136-020-02712-1,10.1007/s11136-020-02712-1
person:orcid:0000-0001-7458-6460,person:orcid:0000-0003-4402-9211,1,1.0,doi:10.1007/s11136-020-02712-1,10.1007/s11136-020-02712-1
person:orcid:0000-0001-7470-528x,person:orcid:0000-0002-8249-7481,1,1.0,doi:10.1371/journal.pone.0209344,10.1371/journal.pone.0209344
person:orcid:0000-0001-7470-528x,person:orcid:0000-0003-0545-1567,1,1.0,doi:10.1371/journal.pone.0209344,10.1371/journal.pone.0209344
person:orcid:0000-0001-7472-2039,person:orcid:0000-0002-9768-5389,1,1.0,doi:10.1186/s12955-026-02578-w,10.1186/s12955-026-02578-w
person:orcid:0000-0001-7472-2039,person:orcid:0000-0003-1604-5353,1,1.0,doi:10.1007/s40273-025-01550-8,10.1007/s40273-025-01550-8
person:orcid:0000-0001-7472-2039,person:orcid:0000-0003-2449-2516,1,1.0,doi:10.1007/s40273-025-01550-8,10.1007/s40273-025-01550-8
person:orcid:0000-0001-7536-8481,person:orcid:0000-0002-2592-8310,1,1.0,doi:10.1186/s12955-023-02177-z,10.1186/s12955-023-02177-z
person:orcid:0000-0001-7536-8481,person:orcid:0000-0002-9362-0086,1,1.0,doi:10.1186/s12955-023-02177-z,10.1186/s12955-023-02177-z
person:orcid:0000-0001-7536-8481,person:orcid:0000-0003-4196-8686,1,1.0,doi:10.1186/s12955-023-02177-z,10.1186/s12955-023-02177-z
person:orcid:0000-0001-7644-8088,person:orcid:0000-0001-9949-9224,1,1.0,doi:10.3961/jpmph.22.151,10.3961/jpmph.22.151
person:orcid:0000-0001-7928-1260,person:orcid:0000-0001-8144-6220,1,1.0,doi:10.1007/s40273-022-01216-9,10.1007/s40273-022-01216-9
person:orcid:0000-0001-7928-1260,person:orcid:0000-0001-9558-304x,1,1.0,doi:10.1007/s40273-022-01216-9,10.1007/s40273-022-01216-9
person:orcid:0000-0001-7928-1260,person:orcid:0000-0002-2739-6995,1,1.0,doi:10.1007/s40273-022-01216-9,10.1007/s40273-022-01216-9
person:orcid:0000-0001-7928-1260,person:orcid:0000-0002-6012-2785,1,1.0,doi:10.1007/s40273-022-01216-9,10.1007/s40273-022-01216-9
person:orcid:0000-0001-7928-1260,person:orcid:0000-0003-2798-4735,1,1.0,doi:10.1007/s40273-022-01216-9,10.1007/s40273-022-01216-9
person:orcid:0000-0001-7928-1260,person:orcid:0000-0003-3187-2007,1,1.0,doi:10.1007/s40273-022-01216-9,10.1007/s40273-022-01216-9
person:orcid:0000-0001-7928-1260,person:orcid:0000-0003-4392-760x,1,1.0,doi:10.1007/s40273-022-01216-9,10.1007/s40273-022-01216-9
person:orcid:0000-0001-7928-1260,person:orcid:0000-0003-4509-1308,1,1.0,doi:10.1007/s40273-022-01216-9,10.1007/s40273-022-01216-9
person:orcid:0000-0001-8076-9626,person:orcid:0000-0001-9749-1747,1,1.0,doi:10.5492/wjccm.v11.i4.236,10.5492/wjccm.v11.i4.236
person:orcid:0000-0001-8076-9626,person:orcid:0000-0002-0360-3427,1,1.0,doi:10.5492/wjccm.v11.i4.236,10.5492/wjccm.v11.i4.236
person:orcid:0000-0001-8076-9626,person:orcid:0000-0002-1002-2989,1,1.0,doi:10.5492/wjccm.v11.i4.236,10.5492/wjccm.v11.i4.236
person:orcid:0000-0001-8076-9626,person:orcid:0000-0002-2874-8948,1,1.0,doi:10.5492/wjccm.v11.i4.236,10.5492/wjccm.v11.i4.236
person:orcid:0000-0001-8076-9626,person:orcid:0000-0002-2903-1631,1,1.0,doi:10.5492/wjccm.v11.i4.236,10.5492/wjccm.v11.i4.236
person:orcid:0000-0001-8076-9626,person:orcid:0000-0002-6213-5264,1,1.0,doi:10.5492/wjccm.v11.i4.236,10.5492/wjccm.v11.i4.236
person:orcid:0000-0001-8076-9626,person:orcid:0000-0002-6530-5513,1,1.0,doi:10.5492/wjccm.v11.i4.236,10.5492/wjccm.v11.i4.236
person:orcid:0000-0001-8076-9626,person:orcid:0000-0002-7299-6594,1,1.0,doi:10.5492/wjccm.v11.i4.236,10.5492/wjccm.v11.i4.236
person:orcid:0000-0001-8076-9626,person:orcid:0000-0002-8293-7061,1,1.0,doi:10.5492/wjccm.v11.i4.236,10.5492/wjccm.v11.i4.236
person:orcid:0000-0001-8076-9626,person:orcid:0000-0002-9527-0577,1,1.0,doi:10.5492/wjccm.v11.i4.236,10.5492/wjccm.v11.i4.236
person:orcid:0000-0001-8076-9626,person:orcid:0000-0003-0331-5182,1,1.0,doi:10.5492/wjccm.v11.i4.236,10.5492/wjccm.v11.i4.236
person:orcid:0000-0001-8076-9626,person:orcid:0000-0003-1231-1490,1,1.0,doi:10.5492/wjccm.v11.i4.236,10.5492/wjccm.v11.i4.236
person:orcid:0000-0001-8076-9626,person:orcid:0000-0003-3571-3871,1,1.0,doi:10.5492/wjccm.v11.i4.236,10.5492/wjccm.v11.i4.236
person:orcid:0000-0001-8076-9626,person:orcid:0000-0003-3633-6596,1,1.0,doi:10.5492/wjccm.v11.i4.236,10.5492/wjccm.v11.i4.236
person:orcid:0000-0001-8144-6220,person:orcid:0000-0001-9558-304x,1,1.0,doi:10.1007/s40273-022-01216-9,10.1007/s40273-022-01216-9
person:orcid:0000-0001-8144-6220,person:orcid:0000-0002-2739-6995,1,1.0,doi:10.1007/s40273-022-01216-9,10.1007/s40273-022-01216-9
person:orcid:0000-0001-8144-6220,person:orcid:0000-0002-6012-2785,1,1.0,doi:10.1007/s40273-022-01216-9,10.1007/s40273-022-01216-9
person:orcid:0000-0001-8144-6220,person:orcid:0000-0003-2798-4735,1,1.0,doi:10.1007/s40273-022-01216-9,10.1007/s40273-022-01216-9
person:orcid:0000-0001-8144-6220,person:orcid:0000-0003-3187-2007,1,1.0,doi:10.1007/s40273-022-01216-9,10.1007/s40273-022-01216-9
person:orcid:0000-0001-8144-6220,person:orcid:0000-0003-4392-760x,1,1.0,doi:10.1007/s40273-022-01216-9,10.1007/s40273-022-01216-9
person:orcid:0000-0001-8144-6220,person:orcid:0000-0003-4509-1308,1,1.0,doi:10.1007/s40273-022-01216-9,10.1007/s40273-022-01216-9
person:orcid:0000-0001-8574-8429,person:orcid:0000-0003-0370-4903,1,1.0,doi:10.1007/s10198-022-01481-7,10.1007/s10198-022-01481-7
person:orcid:0000-0001-8685-3212,person:orcid:0000-0002-2022-4939,1,1.0,doi:10.1097/mlr.0000000000002315,10.1097/mlr.0000000000002315
person:orcid:0000-0001-8685-3212,person:orcid:0000-0002-2115-2447,1,1.0,doi:10.1097/mlr.0000000000002315,10.1097/mlr.0000000000002315
person:orcid:0000-0001-8685-3212,person:orcid:0000-0002-6399-5741,1,1.0,doi:10.1097/mlr.0000000000002315,10.1097/mlr.0000000000002315
person:orcid:0000-0001-8771-6578,person:orcid:0000-0002-8314-8259,1,1.0,doi:10.22541/au.169215780.00019852/v1,10.22541/au.169215780.00019852/v1
person:orcid:0000-0001-9005-9185,person:orcid:0000-0002-1332-0500,1,1.0,doi:10.1007/s11136-019-02256-z,10.1007/s11136-019-02256-z
person:orcid:0000-0001-9071-2842,person:orcid:0000-0002-0680-7353,1,1.0,doi:10.1007/s10198-021-01306-z,10.1007/s10198-021-01306-z
person:orcid:0000-0001-9071-2842,person:orcid:0000-0003-0851-8341,1,1.0,doi:10.1007/s10198-021-01306-z,10.1007/s10198-021-01306-z
person:orcid:0000-0001-9071-2842,person:orcid:0000-0003-4609-3911,1,1.0,doi:10.1007/s10198-021-01306-z,10.1007/s10198-021-01306-z
person:orcid:0000-0001-9074-7359,person:orcid:0000-0002-1502-0659,1,1.0,doi:10.1016/j.pecinn.2025.100421,10.1016/j.pecinn.2025.100421
person:orcid:0000-0001-9074-7359,person:orcid:0000-0002-6143-1555,1,1.0,doi:10.1016/j.pecinn.2025.100421,10.1016/j.pecinn.2025.100421
person:orcid:0000-0001-9074-7359,person:orcid:0000-0002-9625-6902,1,1.0,doi:10.1016/j.pecinn.2025.100421,10.1016/j.pecinn.2025.100421
person:orcid:0000-0001-9125-1697,person:orcid:0000-0002-6463-1106,1,1.0,doi:10.1007/s40273-018-0647-0,10.1007/s40273-018-0647-0
person:orcid:0000-0001-9364-5788,person:orcid:0000-0003-4380-620x,1,1.0,doi:10.1136/bmjopen-2024-097598,10.1136/bmjopen-2024-097598
person:orcid:0000-0001-9558-304x,person:orcid:0000-0002-2739-6995,1,1.0,doi:10.1007/s40273-022-01216-9,10.1007/s40273-022-01216-9
person:orcid:0000-0001-9558-304x,person:orcid:0000-0002-6012-2785,1,1.0,doi:10.1007/s40273-022-01216-9,10.1007/s40273-022-01216-9
person:orcid:0000-0001-9558-304x,person:orcid:0000-0003-2798-4735,1,1.0,doi:10.1007/s40273-022-01216-9,10.1007/s40273-022-01216-9
person:orcid:0000-0001-9558-304x,person:orcid:0000-0003-3187-2007,1,1.0,doi:10.1007/s40273-022-01216-9,10.1007/s40273-022-01216-9
person:orcid:0000-0001-9558-304x,person:orcid:0000-0003-4392-760x,1,1.0,doi:10.1007/s40273-022-01216-9,10.1007/s40273-022-01216-9
person:orcid:0000-0001-9558-304x,person:orcid:0000-0003-4509-1308,1,1.0,doi:10.1007/s40273-022-01216-9,10.1007/s40273-022-01216-9
person:orcid:0000-0001-9571-576x,person:orcid:0000-0002-0109-3283,1,1.0,doi:10.1007/s11136-021-03069-9,10.1007/s11136-021-03069-9
person:orcid:0000-0001-9571-576x,person:orcid:0000-0003-0131-1444,1,1.0,doi:10.1007/s11136-021-03069-9,10.1007/s11136-021-03069-9
person:orcid:0000-0001-9610-8507,person:orcid:0000-0002-3405-6577,1,1.0,doi:10.1007/s11136-025-03930-1,10.1007/s11136-025-03930-1
person:orcid:0000-0001-9610-8507,person:orcid:0000-0002-5416-5658,1,1.0,doi:10.1007/s11136-025-03930-1,10.1007/s11136-025-03930-1
person:orcid:0000-0001-9610-8507,person:orcid:0000-0002-7797-4722,1,1.0,doi:10.1007/s11136-025-03930-1,10.1007/s11136-025-03930-1
person:orcid:0000-0001-9610-8507,person:orcid:0000-0002-9853-1592,1,1.0,doi:10.1007/s11136-025-03930-1,10.1007/s11136-025-03930-1
person:orcid:0000-0001-9610-8507,person:orcid:0000-0003-0221-9914,1,1.0,doi:10.1007/s11136-025-03930-1,10.1007/s11136-025-03930-1
person:orcid:0000-0001-9610-8507,person:orcid:0000-0003-3621-1339,1,1.0,doi:10.1007/s11136-025-03930-1,10.1007/s11136-025-03930-1
person:orcid:0000-0001-9749-1747,person:orcid:0000-0002-0360-3427,1,1.0,doi:10.5492/wjccm.v11.i4.236,10.5492/wjccm.v11.i4.236
person:orcid:0000-0001-9749-1747,person:orcid:0000-0002-1002-2989,1,1.0,doi:10.5492/wjccm.v11.i4.236,10.5492/wjccm.v11.i4.236
person:orcid:0000-0001-9749-1747,person:orcid:0000-0002-2874-8948,1,1.0,doi:10.5492/wjccm.v11.i4.236,10.5492/wjccm.v11.i4.236
person:orcid:0000-0001-9749-1747,person:orcid:0000-0002-2903-1631,1,1.0,doi:10.5492/wjccm.v11.i4.236,10.5492/wjccm.v11.i4.236
person:orcid:0000-0001-9749-1747,person:orcid:0000-0002-6213-5264,1,1.0,doi:10.5492/wjccm.v11.i4.236,10.5492/wjccm.v11.i4.236
person:orcid:0000-0001-9749-1747,person:orcid:0000-0002-6530-5513,1,1.0,doi:10.5492/wjccm.v11.i4.236,10.5492/wjccm.v11.i4.236
person:orcid:0000-0001-9749-1747,person:orcid:0000-0002-7299-6594,1,1.0,doi:10.5492/wjccm.v11.i4.236,10.5492/wjccm.v11.i4.236
person:orcid:0000-0001-9749-1747,person:orcid:0000-0002-8293-7061,1,1.0,doi:10.5492/wjccm.v11.i4.236,10.5492/wjccm.v11.i4.236
person:orcid:0000-0001-9749-1747,person:orcid:0000-0002-9527-0577,1,1.0,doi:10.5492/wjccm.v11.i4.236,10.5492/wjccm.v11.i4.236
person:orcid:0000-0001-9749-1747,person:orcid:0000-0003-0331-5182,1,1.0,doi:10.5492/wjccm.v11.i4.236,10.5492/wjccm.v11.i4.236
person:orcid:0000-0001-9749-1747,person:orcid:0000-0003-1231-1490,1,1.0,doi:10.5492/wjccm.v11.i4.236,10.5492/wjccm.v11.i4.236
person:orcid:0000-0001-9749-1747,person:orcid:0000-0003-3571-3871,1,1.0,doi:10.5492/wjccm.v11.i4.236,10.5492/wjccm.v11.i4.236
person:orcid:0000-0001-9749-1747,person:orcid:0000-0003-3633-6596,1,1.0,doi:10.5492/wjccm.v11.i4.236,10.5492/wjccm.v11.i4.236
person:orcid:0000-0001-9970-3045,person:orcid:0000-0002-4832-7833,1,1.0,doi:10.1016/j.jval.2021.03.019,10.1016/j.jval.2021.03.019
person:orcid:0000-0002-0109-3283,person:orcid:0000-0002-1332-0500,1,1.0,doi:10.1007/s11136-021-03069-9,10.1007/s11136-021-03069-9
person:orcid:0000-0002-0109-3283,person:orcid:0000-0002-4331-3141,1,1.0,doi:10.1007/s11136-021-03069-9,10.1007/s11136-021-03069-9
person:orcid:0000-0002-0109-3283,person:orcid:0000-0003-0131-1444,1,1.0,doi:10.1007/s11136-021-03069-9,10.1007/s11136-021-03069-9
person:orcid:0000-0002-0113-6917,person:orcid:0000-0002-0918-7540,1,1.0,doi:10.1007/s40273-025-01476-1,10.1007/s40273-025-01476-1
person:orcid:0000-0002-0113-6917,person:orcid:0000-0003-3550-990x,1,1.0,doi:10.1007/s40273-025-01476-1,10.1007/s40273-025-01476-1
person:orcid:0000-0002-0115-9596,person:orcid:0000-0003-1071-0017,1,1.0,doi:10.1186/s41687-020-00247-0,10.1186/s41687-020-00247-0
person:orcid:0000-0002-0122-0123,person:orcid:0000-0003-3897-2908,1,1.0,doi:10.1007/s11136-026-04230-y,10.1007/s11136-026-04230-y
person:orcid:0000-0002-0138-9252,person:orcid:0000-0002-1541-3989,1,1.0,doi:10.3390/ijerph19138208,10.3390/ijerph19138208
person:orcid:0000-0002-0138-9252,person:orcid:0000-0002-5373-410x,1,1.0,doi:10.3390/ijerph19138208,10.3390/ijerph19138208
person:orcid:0000-0002-0138-9252,person:orcid:0000-0002-5626-8116,1,1.0,doi:10.3390/ijerph19138208,10.3390/ijerph19138208
person:orcid:0000-0002-0138-9252,person:orcid:0000-0003-4833-7967,1,1.0,doi:10.3390/ijerph19138208,10.3390/ijerph19138208
person:orcid:0000-0002-0177-0192,person:orcid:0000-0002-4749-5536,1,1.0,doi:10.1007/s11136-021-03075-x,10.1007/s11136-021-03075-x
person:orcid:0000-0002-0177-0192,person:orcid:0000-0002-6891-2650,1,1.0,doi:10.1007/s11136-021-03075-x,10.1007/s11136-021-03075-x
person:orcid:0000-0002-0178-7007,person:orcid:0000-0003-3483-5658,1,1.0,doi:10.1136/bmjopen-2025-102509,10.1136/bmjopen-2025-102509
person:orcid:0000-0002-0245-9849,person:orcid:0000-0002-2862-2990,1,1.0,doi:10.1007/s40258-022-00772-7,10.1007/s40258-022-00772-7
person:orcid:0000-0002-0273-824x,person:orcid:0000-0002-1387-8686,1,1.0,doi:10.3390/cancers16111952,10.3390/cancers16111952
person:orcid:0000-0002-0273-824x,person:orcid:0000-0002-1716-9123,1,1.0,doi:10.3390/cancers16111952,10.3390/cancers16111952
person:orcid:0000-0002-0273-824x,person:orcid:0000-0003-1944-6777,1,1.0,doi:10.3390/cancers16111952,10.3390/cancers16111952
person:orcid:0000-0002-0273-824x,person:orcid:0009-0007-3558-3946,1,1.0,doi:10.3390/cancers16111952,10.3390/cancers16111952
person:orcid:0000-0002-0360-3427,person:orcid:0000-0002-1002-2989,1,1.0,doi:10.5492/wjccm.v11.i4.236,10.5492/wjccm.v11.i4.236
person:orcid:0000-0002-0360-3427,person:orcid:0000-0002-2874-8948,1,1.0,doi:10.5492/wjccm.v11.i4.236,10.5492/wjccm.v11.i4.236
person:orcid:0000-0002-0360-3427,person:orcid:0000-0002-2903-1631,1,1.0,doi:10.5492/wjccm.v11.i4.236,10.5492/wjccm.v11.i4.236
person:orcid:0000-0002-0360-3427,person:orcid:0000-0002-6213-5264,1,1.0,doi:10.5492/wjccm.v11.i4.236,10.5492/wjccm.v11.i4.236
person:orcid:0000-0002-0360-3427,person:orcid:0000-0002-6530-5513,1,1.0,doi:10.5492/wjccm.v11.i4.236,10.5492/wjccm.v11.i4.236
person:orcid:0000-0002-0360-3427,person:orcid:0000-0002-7299-6594,1,1.0,doi:10.5492/wjccm.v11.i4.236,10.5492/wjccm.v11.i4.236
person:orcid:0000-0002-0360-3427,person:orcid:0000-0002-8293-7061,1,1.0,doi:10.5492/wjccm.v11.i4.236,10.5492/wjccm.v11.i4.236
person:orcid:0000-0002-0360-3427,person:orcid:0000-0002-9527-0577,1,1.0,doi:10.5492/wjccm.v11.i4.236,10.5492/wjccm.v11.i4.236
person:orcid:0000-0002-0360-3427,person:orcid:0000-0003-0331-5182,1,1.0,doi:10.5492/wjccm.v11.i4.236,10.5492/wjccm.v11.i4.236
person:orcid:0000-0002-0360-3427,person:orcid:0000-0003-1231-1490,1,1.0,doi:10.5492/wjccm.v11.i4.236,10.5492/wjccm.v11.i4.236
person:orcid:0000-0002-0360-3427,person:orcid:0000-0003-3571-3871,1,1.0,doi:10.5492/wjccm.v11.i4.236,10.5492/wjccm.v11.i4.236
person:orcid:0000-0002-0360-3427,person:orcid:0000-0003-3633-6596,1,1.0,doi:10.5492/wjccm.v11.i4.236,10.5492/wjccm.v11.i4.236
person:orcid:0000-0002-0377-3389,person:orcid:0000-0002-5649-6768,1,1.0,doi:10.3389/fpsyg.2023.1175402,10.3389/fpsyg.2023.1175402
person:orcid:0000-0002-0377-3389,person:orcid:0000-0003-1026-570x,1,1.0,doi:10.3389/fpsyg.2023.1175402,10.3389/fpsyg.2023.1175402
person:orcid:0000-0002-0457-2175,person:orcid:0000-0002-1633-2179,1,1.0,doi:10.1186/s12955-022-02083-w,10.1186/s12955-022-02083-w
person:orcid:0000-0002-0525-8516,person:orcid:0000-0003-4780-8333,1,1.0,doi:10.1007/s40271-023-00647-6,10.1007/s40271-023-00647-6
person:orcid:0000-0002-0680-7353,person:orcid:0000-0003-0851-8341,1,1.0,doi:10.1007/s10198-021-01306-z,10.1007/s10198-021-01306-z
person:orcid:0000-0002-0680-7353,person:orcid:0000-0003-4609-3911,1,1.0,doi:10.1007/s10198-021-01306-z,10.1007/s10198-021-01306-z
person:orcid:0000-0002-0702-1715,person:orcid:0000-0003-0370-4903,1,1.0,doi:10.1007/s10198-022-01481-7,10.1007/s10198-022-01481-7
person:orcid:0000-0002-0918-7540,person:orcid:0000-0003-3550-990x,1,1.0,doi:10.1007/s40273-025-01476-1,10.1007/s40273-025-01476-1
person:orcid:0000-0002-1002-2989,person:orcid:0000-0002-2874-8948,1,1.0,doi:10.5492/wjccm.v11.i4.236,10.5492/wjccm.v11.i4.236
person:orcid:0000-0002-1002-2989,person:orcid:0000-0002-2903-1631,1,1.0,doi:10.5492/wjccm.v11.i4.236,10.5492/wjccm.v11.i4.236
person:orcid:0000-0002-1002-2989,person:orcid:0000-0002-6213-5264,1,1.0,doi:10.5492/wjccm.v11.i4.236,10.5492/wjccm.v11.i4.236
person:orcid:0000-0002-1002-2989,person:orcid:0000-0002-6530-5513,1,1.0,doi:10.5492/wjccm.v11.i4.236,10.5492/wjccm.v11.i4.236
person:orcid:0000-0002-1002-2989,person:orcid:0000-0002-7299-6594,1,1.0,doi:10.5492/wjccm.v11.i4.236,10.5492/wjccm.v11.i4.236
person:orcid:0000-0002-1002-2989,person:orcid:0000-0002-8293-7061,1,1.0,doi:10.5492/wjccm.v11.i4.236,10.5492/wjccm.v11.i4.236
person:orcid:0000-0002-1002-2989,person:orcid:0000-0002-9527-0577,1,1.0,doi:10.5492/wjccm.v11.i4.236,10.5492/wjccm.v11.i4.236
person:orcid:0000-0002-1002-2989,person:orcid:0000-0003-0331-5182,1,1.0,doi:10.5492/wjccm.v11.i4.236,10.5492/wjccm.v11.i4.236
person:orcid:0000-0002-1002-2989,person:orcid:0000-0003-1231-1490,1,1.0,doi:10.5492/wjccm.v11.i4.236,10.5492/wjccm.v11.i4.236
person:orcid:0000-0002-1002-2989,person:orcid:0000-0003-3571-3871,1,1.0,doi:10.5492/wjccm.v11.i4.236,10.5492/wjccm.v11.i4.236
person:orcid:0000-0002-1002-2989,person:orcid:0000-0003-3633-6596,1,1.0,doi:10.5492/wjccm.v11.i4.236,10.5492/wjccm.v11.i4.236
person:orcid:0000-0002-1175-2211,person:orcid:0000-0002-1433-818x,1,1.0,doi:10.1007/s10198-025-01770-x,10.1007/s10198-025-01770-x
person:orcid:0000-0002-1175-2211,person:orcid:0009-0009-2934-8362,1,1.0,doi:10.1007/s10198-025-01770-x,10.1007/s10198-025-01770-x
person:orcid:0000-0002-1323-4223,person:orcid:0000-0002-5599-2209,1,1.0,doi:10.1007/s40273-024-01355-1,10.1007/s40273-024-01355-1
person:orcid:0000-0002-1332-0500,person:orcid:0000-0002-5569-3188,1,1.0,doi:10.1007/s11136-020-02496-4,10.1007/s11136-020-02496-4
person:orcid:0000-0002-1332-0500,person:orcid:0000-0003-0131-1444,1,1.0,doi:10.1007/s11136-021-03069-9,10.1007/s11136-021-03069-9
person:orcid:0000-0002-1336-5899,person:orcid:0000-0002-2130-4420,1,1.0,doi:10.1007/s11136-026-04229-5,10.1007/s11136-026-04229-5
person:orcid:0000-0002-1336-5899,person:orcid:0000-0003-1351-9170,1,1.0,doi:10.1007/s11136-026-04229-5,10.1007/s11136-026-04229-5
person:orcid:0000-0002-1387-8686,person:orcid:0000-0002-1716-9123,1,1.0,doi:10.3390/cancers16111952,10.3390/cancers16111952
person:orcid:0000-0002-1387-8686,person:orcid:0000-0003-1944-6777,1,1.0,doi:10.3390/cancers16111952,10.3390/cancers16111952
person:orcid:0000-0002-1387-8686,person:orcid:0009-0007-3558-3946,1,1.0,doi:10.3390/cancers16111952,10.3390/cancers16111952
person:orcid:0000-0002-1433-818x,person:orcid:0000-0002-3797-949x,1,1.0,doi:10.1007/s40273-024-01404-9,10.1007/s40273-024-01404-9
person:orcid:0000-0002-1433-818x,person:orcid:0000-0002-8756-8699,1,1.0,doi:10.1007/s40273-024-01404-9,10.1007/s40273-024-01404-9
person:orcid:0000-0002-1433-818x,person:orcid:0000-0003-4793-9026,1,1.0,doi:10.1007/s40273-024-01404-9,10.1007/s40273-024-01404-9
person:orcid:0000-0002-1433-818x,person:orcid:0009-0009-2934-8362,1,1.0,doi:10.1007/s10198-025-01770-x,10.1007/s10198-025-01770-x
person:orcid:0000-0002-1541-3989,person:orcid:0000-0002-5373-410x,1,1.0,doi:10.3390/ijerph19138208,10.3390/ijerph19138208
person:orcid:0000-0002-1541-3989,person:orcid:0000-0002-5626-8116,1,1.0,doi:10.3390/ijerph19138208,10.3390/ijerph19138208
person:orcid:0000-0002-1541-3989,person:orcid:0000-0003-4833-7967,1,1.0,doi:10.3390/ijerph19138208,10.3390/ijerph19138208
person:orcid:0000-0002-1633-2179,person:orcid:0000-0002-4749-5536,1,1.0,doi:10.1007/s11136-020-02469-7,10.1007/s11136-020-02469-7
person:orcid:0000-0002-1633-2179,person:orcid:0000-0003-2290-0205,1,1.0,doi:10.1007/s11136-020-02469-7,10.1007/s11136-020-02469-7
person:orcid:0000-0002-1686-4458,person:orcid:0000-0002-8934-7267,1,1.0,doi:10.1007/s11136-026-04223-x,10.1007/s11136-026-04223-x
person:orcid:0000-0002-1686-4458,person:orcid:0000-0003-3274-0292,1,1.0,doi:10.1007/s11136-026-04223-x,10.1007/s11136-026-04223-x
person:orcid:0000-0002-1686-4458,person:orcid:0000-0003-3634-7906,1,1.0,doi:10.1007/s11136-026-04223-x,10.1007/s11136-026-04223-x
person:orcid:0000-0002-1686-4458,person:orcid:0000-0003-3705-5323,1,1.0,doi:10.1007/s11136-026-04223-x,10.1007/s11136-026-04223-x
person:orcid:0000-0002-1686-4458,person:orcid:0009-0001-2704-5044,1,1.0,doi:10.1007/s11136-026-04223-x,10.1007/s11136-026-04223-x
person:orcid:0000-0002-1686-4458,person:orcid:0009-0005-4800-6182,1,1.0,doi:10.1007/s11136-026-04223-x,10.1007/s11136-026-04223-x
person:orcid:0000-0002-1686-4458,person:orcid:0009-0006-5595-0419,1,1.0,doi:10.1007/s11136-026-04223-x,10.1007/s11136-026-04223-x
person:orcid:0000-0002-1716-9123,person:orcid:0000-0003-1944-6777,1,1.0,doi:10.3390/cancers16111952,10.3390/cancers16111952
person:orcid:0000-0002-1716-9123,person:orcid:0009-0007-3558-3946,1,1.0,doi:10.3390/cancers16111952,10.3390/cancers16111952
person:orcid:0000-0002-2022-4939,person:orcid:0000-0002-2115-2447,1,1.0,doi:10.1097/mlr.0000000000002315,10.1097/mlr.0000000000002315
person:orcid:0000-0002-2022-4939,person:orcid:0000-0002-6399-5741,1,1.0,doi:10.1097/mlr.0000000000002315,10.1097/mlr.0000000000002315
person:orcid:0000-0002-2115-2447,person:orcid:0000-0002-6399-5741,1,1.0,doi:10.1097/mlr.0000000000002315,10.1097/mlr.0000000000002315
person:orcid:0000-0002-2130-4420,person:orcid:0000-0003-1351-9170,1,1.0,doi:10.1007/s11136-026-04229-5,10.1007/s11136-026-04229-5
person:orcid:0000-0002-2399-6942,person:orcid:0000-0002-5882-6070,1,1.0,doi:10.1007/s10198-025-01812-4,10.1007/s10198-025-01812-4
person:orcid:0000-0002-2399-6942,person:orcid:0000-0003-4535-442x,1,1.0,doi:10.1007/s40273-025-01493-0,10.1007/s40273-025-01493-0
person:orcid:0000-0002-2485-505x,person:orcid:0000-0002-3581-6451,1,1.0,doi:10.1186/s12955-024-02305-3,10.1186/s12955-024-02305-3
person:orcid:0000-0002-2485-505x,person:orcid:0000-0002-3614-2401,1,1.0,doi:10.1186/s12955-024-02305-3,10.1186/s12955-024-02305-3
person:orcid:0000-0002-2501-3057,person:orcid:0009-0003-3441-7795,1,1.0,doi:10.3390/curroncol32060308,10.3390/curroncol32060308
person:orcid:0000-0002-2501-3057,person:orcid:0009-0003-6953-6997,1,1.0,doi:10.3390/curroncol32060308,10.3390/curroncol32060308
person:orcid:0000-0002-2559-6483,person:orcid:0000-0003-1369-2483,1,1.0,doi:10.1007/s10198-023-01569-8,10.1007/s10198-023-01569-8
person:orcid:0000-0002-2570-1685,person:orcid:0000-0002-3816-9106,1,1.0,doi:10.1136/bmjopen-2023-080985,10.1136/bmjopen-2023-080985
person:orcid:0000-0002-2592-8310,person:orcid:0000-0002-9362-0086,1,1.0,doi:10.1186/s12955-023-02177-z,10.1186/s12955-023-02177-z
person:orcid:0000-0002-2592-8310,person:orcid:0000-0003-4196-8686,1,1.0,doi:10.1186/s12955-023-02177-z,10.1186/s12955-023-02177-z
person:orcid:0000-0002-2635-7484,person:orcid:0000-0002-8931-4086,1,1.0,doi:10.1007/s11136-022-03143-w,10.1007/s11136-022-03143-w
person:orcid:0000-0002-2635-7484,person:orcid:0000-0003-2533-0818,1,1.0,doi:10.1007/s11136-022-03143-w,10.1007/s11136-022-03143-w
person:orcid:0000-0002-2739-6995,person:orcid:0000-0002-6012-2785,1,1.0,doi:10.1007/s40273-022-01216-9,10.1007/s40273-022-01216-9
person:orcid:0000-0002-2739-6995,person:orcid:0000-0003-2798-4735,1,1.0,doi:10.1007/s40273-022-01216-9,10.1007/s40273-022-01216-9
person:orcid:0000-0002-2739-6995,person:orcid:0000-0003-3187-2007,1,1.0,doi:10.1007/s40273-022-01216-9,10.1007/s40273-022-01216-9
person:orcid:0000-0002-2739-6995,person:orcid:0000-0003-4392-760x,1,1.0,doi:10.1007/s40273-022-01216-9,10.1007/s40273-022-01216-9
person:orcid:0000-0002-2739-6995,person:orcid:0000-0003-4509-1308,1,1.0,doi:10.1007/s40273-022-01216-9,10.1007/s40273-022-01216-9
person:orcid:0000-0002-2874-8948,person:orcid:0000-0002-2903-1631,1,1.0,doi:10.5492/wjccm.v11.i4.236,10.5492/wjccm.v11.i4.236
person:orcid:0000-0002-2874-8948,person:orcid:0000-0002-6213-5264,1,1.0,doi:10.5492/wjccm.v11.i4.236,10.5492/wjccm.v11.i4.236
person:orcid:0000-0002-2874-8948,person:orcid:0000-0002-6530-5513,1,1.0,doi:10.5492/wjccm.v11.i4.236,10.5492/wjccm.v11.i4.236
person:orcid:0000-0002-2874-8948,person:orcid:0000-0002-7299-6594,1,1.0,doi:10.5492/wjccm.v11.i4.236,10.5492/wjccm.v11.i4.236
person:orcid:0000-0002-2874-8948,person:orcid:0000-0002-8293-7061,1,1.0,doi:10.5492/wjccm.v11.i4.236,10.5492/wjccm.v11.i4.236
person:orcid:0000-0002-2874-8948,person:orcid:0000-0002-9527-0577,1,1.0,doi:10.5492/wjccm.v11.i4.236,10.5492/wjccm.v11.i4.236
person:orcid:0000-0002-2874-8948,person:orcid:0000-0003-0331-5182,1,1.0,doi:10.5492/wjccm.v11.i4.236,10.5492/wjccm.v11.i4.236
person:orcid:0000-0002-2874-8948,person:orcid:0000-0003-1231-1490,1,1.0,doi:10.5492/wjccm.v11.i4.236,10.5492/wjccm.v11.i4.236
person:orcid:0000-0002-2874-8948,person:orcid:0000-0003-3571-3871,1,1.0,doi:10.5492/wjccm.v11.i4.236,10.5492/wjccm.v11.i4.236
person:orcid:0000-0002-2874-8948,person:orcid:0000-0003-3633-6596,1,1.0,doi:10.5492/wjccm.v11.i4.236,10.5492/wjccm.v11.i4.236
person:orcid:0000-0002-2903-1631,person:orcid:0000-0002-6213-5264,1,1.0,doi:10.5492/wjccm.v11.i4.236,10.5492/wjccm.v11.i4.236
person:orcid:0000-0002-2903-1631,person:orcid:0000-0002-6530-5513,1,1.0,doi:10.5492/wjccm.v11.i4.236,10.5492/wjccm.v11.i4.236
person:orcid:0000-0002-2903-1631,person:orcid:0000-0002-7299-6594,1,1.0,doi:10.5492/wjccm.v11.i4.236,10.5492/wjccm.v11.i4.236
person:orcid:0000-0002-2903-1631,person:orcid:0000-0002-8293-7061,1,1.0,doi:10.5492/wjccm.v11.i4.236,10.5492/wjccm.v11.i4.236
person:orcid:0000-0002-2903-1631,person:orcid:0000-0002-9527-0577,1,1.0,doi:10.5492/wjccm.v11.i4.236,10.5492/wjccm.v11.i4.236
person:orcid:0000-0002-2903-1631,person:orcid:0000-0003-0331-5182,1,1.0,doi:10.5492/wjccm.v11.i4.236,10.5492/wjccm.v11.i4.236
person:orcid:0000-0002-2903-1631,person:orcid:0000-0003-1231-1490,1,1.0,doi:10.5492/wjccm.v11.i4.236,10.5492/wjccm.v11.i4.236
person:orcid:0000-0002-2903-1631,person:orcid:0000-0003-3571-3871,1,1.0,doi:10.5492/wjccm.v11.i4.236,10.5492/wjccm.v11.i4.236
person:orcid:0000-0002-2903-1631,person:orcid:0000-0003-3633-6596,1,1.0,doi:10.5492/wjccm.v11.i4.236,10.5492/wjccm.v11.i4.236
person:orcid:0000-0002-3025-4066,person:orcid:0000-0002-8169-1645,1,1.0,doi:10.1038/s41433-023-02860-x,10.1038/s41433-023-02860-x
person:orcid:0000-0002-3025-4066,person:orcid:0000-0003-0239-7278,1,1.0,doi:10.1038/s41433-023-02860-x,10.1038/s41433-023-02860-x
person:orcid:0000-0002-3025-4066,person:orcid:0000-0003-0666-7431,1,1.0,doi:10.1038/s41433-023-02860-x,10.1038/s41433-023-02860-x
person:orcid:0000-0002-3025-4066,person:orcid:0000-0003-1681-698x,1,1.0,doi:10.1038/s41433-023-02860-x,10.1038/s41433-023-02860-x
person:orcid:0000-0002-3025-4066,person:orcid:0000-0003-4212-2658,1,1.0,doi:10.1038/s41433-023-02860-x,10.1038/s41433-023-02860-x
person:orcid:0000-0002-3216-9076,person:orcid:0000-0002-5956-8990,1,1.0,doi:10.1186/s41687-025-00985-z,10.1186/s41687-025-00985-z
person:orcid:0000-0002-3288-036x,person:orcid:0000-0003-4780-8333,1,1.0,doi:10.1007/s40271-023-00647-6,10.1007/s40271-023-00647-6
person:orcid:0000-0002-3405-6577,person:orcid:0000-0002-5416-5658,1,1.0,doi:10.1007/s11136-025-03930-1,10.1007/s11136-025-03930-1
person:orcid:0000-0002-3405-6577,person:orcid:0000-0002-7797-4722,1,1.0,doi:10.1007/s11136-025-03930-1,10.1007/s11136-025-03930-1
person:orcid:0000-0002-3405-6577,person:orcid:0000-0002-9853-1592,1,1.0,doi:10.1007/s11136-025-03930-1,10.1007/s11136-025-03930-1
person:orcid:0000-0002-3405-6577,person:orcid:0000-0003-0221-9914,1,1.0,doi:10.1007/s11136-025-03930-1,10.1007/s11136-025-03930-1
person:orcid:0000-0002-3405-6577,person:orcid:0000-0003-3621-1339,1,1.0,doi:10.1007/s11136-025-03930-1,10.1007/s11136-025-03930-1
person:orcid:0000-0002-3531-0389,person:orcid:0000-0003-1988-1250,1,1.0,doi:10.1007/s11136-024-03817-7,10.1007/s11136-024-03817-7
person:orcid:0000-0002-3581-6451,person:orcid:0000-0002-3614-2401,1,1.0,doi:10.1186/s12955-024-02305-3,10.1186/s12955-024-02305-3
person:orcid:0000-0002-3797-949x,person:orcid:0000-0002-8756-8699,1,1.0,doi:10.1007/s40273-024-01404-9,10.1007/s40273-024-01404-9
person:orcid:0000-0002-3797-949x,person:orcid:0000-0003-4793-9026,1,1.0,doi:10.1007/s40273-024-01404-9,10.1007/s40273-024-01404-9
person:orcid:0000-0002-3948-6488,person:orcid:0000-0002-6095-2295,1,1.0,doi:10.1007/s10198-024-01719-6,10.1007/s10198-024-01719-6
person:orcid:0000-0002-4186-314x,person:orcid:0000-0003-4780-8333,1,1.0,doi:10.1007/s40271-023-00647-6,10.1007/s40271-023-00647-6
person:orcid:0000-0002-4290-4863,person:orcid:0000-0002-5332-5226,1,1.0,doi:10.1007/s11136-025-03996-x,10.1007/s11136-025-03996-x
person:orcid:0000-0002-4290-4863,person:orcid:0000-0002-7913-7274,1,1.0,doi:10.1007/s11136-025-03996-x,10.1007/s11136-025-03996-x
person:orcid:0000-0002-4290-4863,person:orcid:0000-0002-8438-2901,1,1.0,doi:10.1007/s11136-025-03996-x,10.1007/s11136-025-03996-x
person:orcid:0000-0002-4290-4863,person:orcid:0000-0003-2029-6331,1,1.0,doi:10.1007/s11136-025-03996-x,10.1007/s11136-025-03996-x
person:orcid:0000-0002-4290-4863,person:orcid:0000-0003-3017-2770,1,1.0,doi:10.1007/s11136-025-03996-x,10.1007/s11136-025-03996-x
person:orcid:0000-0002-4290-4863,person:orcid:0000-0003-4007-8243,1,1.0,doi:10.1007/s11136-025-03996-x,10.1007/s11136-025-03996-x
person:orcid:0000-0002-4331-3141,person:orcid:0000-0002-4949-9303,1,1.0,doi:10.3390/nu16162591,10.3390/nu16162591
person:orcid:0000-0002-4331-3141,person:orcid:0000-0002-8773-2786,1,1.0,doi:10.3390/nu16162591,10.3390/nu16162591
person:orcid:0000-0002-4331-3141,person:orcid:0000-0003-0131-1444,1,1.0,doi:10.1007/s11136-021-03069-9,10.1007/s11136-021-03069-9
person:orcid:0000-0002-4331-3141,person:orcid:0000-0003-1200-9961,1,1.0,doi:10.3390/nu16162591,10.3390/nu16162591
person:orcid:0000-0002-4331-3141,person:orcid:0009-0009-4958-1276,1,1.0,doi:10.3390/nu16162591,10.3390/nu16162591
person:orcid:0000-0002-4441-6687,person:orcid:0009-0003-4264-0946,1,1.0,doi:10.1007/s41669-024-00486-7,10.1007/s41669-024-00486-7
person:orcid:0000-0002-4601-0955,person:orcid:0000-0002-6952-7770,1,1.0,doi:10.1177/0272989x211001859,10.1177/0272989x211001859
person:orcid:0000-0002-4749-5536,person:orcid:0000-0002-6891-2650,1,1.0,doi:10.1007/s11136-021-03075-x,10.1007/s11136-021-03075-x
person:orcid:0000-0002-4749-5536,person:orcid:0000-0003-2290-0205,1,1.0,doi:10.1007/s11136-020-02469-7,10.1007/s11136-020-02469-7
person:orcid:0000-0002-4832-7833,person:orcid:0000-0003-4392-6850,1,1.0,doi:10.1007/s11136-019-02115-x,10.1007/s11136-019-02115-x
person:orcid:0000-0002-4867-929x,person:orcid:0000-0003-2798-4735,1,1.0,doi:10.1186/s12955-023-02131-z,10.1186/s12955-023-02131-z
person:orcid:0000-0002-4867-929x,person:orcid:0000-0003-4871-1840,1,1.0,doi:10.1186/s12955-023-02131-z,10.1186/s12955-023-02131-z
person:orcid:0000-0002-4867-929x,person:orcid:0009-0004-5019-9094,1,1.0,doi:10.1186/s12955-023-02131-z,10.1186/s12955-023-02131-z
person:orcid:0000-0002-4949-9303,person:orcid:0000-0002-8773-2786,1,1.0,doi:10.3390/nu16162591,10.3390/nu16162591
person:orcid:0000-0002-4949-9303,person:orcid:0000-0003-1200-9961,1,1.0,doi:10.3390/nu16162591,10.3390/nu16162591
person:orcid:0000-0002-4949-9303,person:orcid:0009-0009-4958-1276,1,1.0,doi:10.3390/nu16162591,10.3390/nu16162591
person:orcid:0000-0002-5332-5226,person:orcid:0000-0002-5599-2209,1,1.0,doi:10.1007/s40273-024-01355-1,10.1007/s40273-024-01355-1
person:orcid:0000-0002-5332-5226,person:orcid:0000-0002-7913-7274,1,1.0,doi:10.1007/s11136-025-03996-x,10.1007/s11136-025-03996-x
person:orcid:0000-0002-5332-5226,person:orcid:0000-0002-8438-2901,1,1.0,doi:10.1007/s11136-025-03996-x,10.1007/s11136-025-03996-x
person:orcid:0000-0002-5332-5226,person:orcid:0000-0003-2029-6331,1,1.0,doi:10.1007/s11136-025-03996-x,10.1007/s11136-025-03996-x
person:orcid:0000-0002-5332-5226,person:orcid:0000-0003-4007-8243,1,1.0,doi:10.1007/s11136-025-03996-x,10.1007/s11136-025-03996-x
person:orcid:0000-0002-5373-410x,person:orcid:0000-0002-5626-8116,1,1.0,doi:10.3390/ijerph19138208,10.3390/ijerph19138208
person:orcid:0000-0002-5373-410x,person:orcid:0000-0003-4833-7967,1,1.0,doi:10.3390/ijerph19138208,10.3390/ijerph19138208
person:orcid:0000-0002-5416-5658,person:orcid:0000-0002-7797-4722,1,1.0,doi:10.1007/s11136-025-03930-1,10.1007/s11136-025-03930-1
person:orcid:0000-0002-5416-5658,person:orcid:0000-0002-9853-1592,1,1.0,doi:10.1007/s11136-025-03930-1,10.1007/s11136-025-03930-1
person:orcid:0000-0002-5416-5658,person:orcid:0000-0003-0221-9914,1,1.0,doi:10.1007/s11136-025-03930-1,10.1007/s11136-025-03930-1
person:orcid:0000-0002-5416-5658,person:orcid:0000-0003-3621-1339,1,1.0,doi:10.1007/s11136-025-03930-1,10.1007/s11136-025-03930-1
person:orcid:0000-0002-5599-2209,person:orcid:0000-0002-8385-5965,1,1.0,doi:10.1007/s40273-024-01355-1,10.1007/s40273-024-01355-1
person:orcid:0000-0002-5626-8116,person:orcid:0000-0003-4833-7967,1,1.0,doi:10.3390/ijerph19138208,10.3390/ijerph19138208
person:orcid:0000-0002-5649-6768,person:orcid:0000-0003-1026-570x,1,1.0,doi:10.3389/fpsyg.2023.1175402,10.3389/fpsyg.2023.1175402
person:orcid:0000-0002-6012-2785,person:orcid:0000-0003-2798-4735,1,1.0,doi:10.1007/s40273-022-01216-9,10.1007/s40273-022-01216-9
person:orcid:0000-0002-6048-521x,person:orcid:0000-0002-8222-0781,1,1.0,doi:10.1007/s40258-021-00639-3,10.1007/s40258-021-00639-3
person:orcid:0000-0002-6048-521x,person:orcid:0000-0002-9455-0104,1,1.0,doi:10.1007/s40258-021-00639-3,10.1007/s40258-021-00639-3
person:orcid:0000-0002-6143-1555,person:orcid:0000-0002-7142-3364,1,1.0,doi:10.1002/hsr2.70308,10.1002/hsr2.70308
person:orcid:0000-0002-6213-5264,person:orcid:0000-0002-6530-5513,1,1.0,doi:10.5492/wjccm.v11.i4.236,10.5492/wjccm.v11.i4.236
person:orcid:0000-0002-6213-5264,person:orcid:0000-0002-7299-6594,1,1.0,doi:10.5492/wjccm.v11.i4.236,10.5492/wjccm.v11.i4.236
person:orcid:0000-0002-6213-5264,person:orcid:0000-0002-8293-7061,1,1.0,doi:10.5492/wjccm.v11.i4.236,10.5492/wjccm.v11.i4.236
person:orcid:0000-0002-6213-5264,person:orcid:0000-0002-9527-0577,1,1.0,doi:10.5492/wjccm.v11.i4.236,10.5492/wjccm.v11.i4.236
person:orcid:0000-0002-6213-5264,person:orcid:0000-0003-0331-5182,1,1.0,doi:10.5492/wjccm.v11.i4.236,10.5492/wjccm.v11.i4.236
person:orcid:0000-0002-6213-5264,person:orcid:0000-0003-1231-1490,1,1.0,doi:10.5492/wjccm.v11.i4.236,10.5492/wjccm.v11.i4.236
person:orcid:0000-0002-6213-5264,person:orcid:0000-0003-3571-3871,1,1.0,doi:10.5492/wjccm.v11.i4.236,10.5492/wjccm.v11.i4.236
person:orcid:0000-0002-6213-5264,person:orcid:0000-0003-3633-6596,1,1.0,doi:10.5492/wjccm.v11.i4.236,10.5492/wjccm.v11.i4.236
person:orcid:0000-0002-6359-8797,person:orcid:0000-0002-6986-3969,1,1.0,doi:10.1007/s12311-024-01657-2,10.1007/s12311-024-01657-2
person:orcid:0000-0002-6359-8797,person:orcid:0000-0003-0634-8756,1,1.0,doi:10.1007/s12311-024-01657-2,10.1007/s12311-024-01657-2
person:orcid:0000-0002-6359-8797,person:orcid:0000-0003-3265-0262,1,1.0,doi:10.1007/s12311-024-01657-2,10.1007/s12311-024-01657-2
person:orcid:0000-0002-6359-8797,person:orcid:0000-0003-4833-5937,1,1.0,doi:10.1007/s12311-024-01657-2,10.1007/s12311-024-01657-2
person:orcid:0000-0002-6530-5513,person:orcid:0000-0002-7299-6594,1,1.0,doi:10.5492/wjccm.v11.i4.236,10.5492/wjccm.v11.i4.236
person:orcid:0000-0002-6530-5513,person:orcid:0000-0002-8293-7061,1,1.0,doi:10.5492/wjccm.v11.i4.236,10.5492/wjccm.v11.i4.236
person:orcid:0000-0002-6530-5513,person:orcid:0000-0002-9527-0577,1,1.0,doi:10.5492/wjccm.v11.i4.236,10.5492/wjccm.v11.i4.236
person:orcid:0000-0002-6530-5513,person:orcid:0000-0003-0331-5182,1,1.0,doi:10.5492/wjccm.v11.i4.236,10.5492/wjccm.v11.i4.236
person:orcid:0000-0002-6530-5513,person:orcid:0000-0003-1231-1490,1,1.0,doi:10.5492/wjccm.v11.i4.236,10.5492/wjccm.v11.i4.236
person:orcid:0000-0002-6530-5513,person:orcid:0000-0003-3571-3871,1,1.0,doi:10.5492/wjccm.v11.i4.236,10.5492/wjccm.v11.i4.236
person:orcid:0000-0002-6530-5513,person:orcid:0000-0003-3633-6596,1,1.0,doi:10.5492/wjccm.v11.i4.236,10.5492/wjccm.v11.i4.236
person:orcid:0000-0002-6555-8916,person:orcid:0000-0003-2513-8957,1,1.0,doi:10.1007/s41669-022-00353-3,10.1007/s41669-022-00353-3
person:orcid:0000-0002-6555-8916,person:orcid:0000-0003-4479-8950,1,1.0,doi:10.1007/s41669-022-00353-3,10.1007/s41669-022-00353-3
person:orcid:0000-0002-7127-9462,person:orcid:0000-0002-8385-5965,1,1.0,doi:10.1007/s40273-025-01509-9,10.1007/s40273-025-01509-9
person:orcid:0000-0002-7127-9462,person:orcid:0000-0003-2359-6823,1,1.0,doi:10.1007/s11136-023-03372-7,10.1007/s11136-023-03372-7
person:orcid:0000-0002-7142-3364,person:orcid:0000-0003-2802-2810,1,1.0,doi:10.1186/s12955-023-02207-w,10.1186/s12955-023-02207-w
person:orcid:0000-0002-7299-6594,person:orcid:0000-0002-8293-7061,1,1.0,doi:10.5492/wjccm.v11.i4.236,10.5492/wjccm.v11.i4.236
person:orcid:0000-0002-7299-6594,person:orcid:0000-0002-9527-0577,1,1.0,doi:10.5492/wjccm.v11.i4.236,10.5492/wjccm.v11.i4.236
person:orcid:0000-0002-7299-6594,person:orcid:0000-0003-0331-5182,1,1.0,doi:10.5492/wjccm.v11.i4.236,10.5492/wjccm.v11.i4.236
person:orcid:0000-0002-7299-6594,person:orcid:0000-0003-1231-1490,1,1.0,doi:10.5492/wjccm.v11.i4.236,10.5492/wjccm.v11.i4.236
person:orcid:0000-0002-7299-6594,person:orcid:0000-0003-3571-3871,1,1.0,doi:10.5492/wjccm.v11.i4.236,10.5492/wjccm.v11.i4.236
person:orcid:0000-0002-7299-6594,person:orcid:0000-0003-3633-6596,1,1.0,doi:10.5492/wjccm.v11.i4.236,10.5492/wjccm.v11.i4.236
person:orcid:0000-0002-7302-7293,person:orcid:0000-0003-4780-8333,1,1.0,doi:10.1007/s40271-023-00647-6,10.1007/s40271-023-00647-6
person:orcid:0000-0002-7797-4722,person:orcid:0000-0002-9853-1592,1,1.0,doi:10.1007/s11136-025-03930-1,10.1007/s11136-025-03930-1
person:orcid:0000-0002-7797-4722,person:orcid:0000-0003-0221-9914,1,1.0,doi:10.1007/s11136-025-03930-1,10.1007/s11136-025-03930-1
person:orcid:0000-0002-7797-4722,person:orcid:0000-0003-3621-1339,1,1.0,doi:10.1007/s11136-025-03930-1,10.1007/s11136-025-03930-1
person:orcid:0000-0002-7913-7274,person:orcid:0000-0002-8438-2901,1,1.0,doi:10.1007/s11136-025-03996-x,10.1007/s11136-025-03996-x
person:orcid:0000-0002-7913-7274,person:orcid:0000-0003-2029-6331,1,1.0,doi:10.1007/s11136-025-03996-x,10.1007/s11136-025-03996-x
person:orcid:0000-0002-7913-7274,person:orcid:0000-0003-3017-2770,1,1.0,doi:10.1007/s11136-025-03996-x,10.1007/s11136-025-03996-x
person:orcid:0000-0002-7913-7274,person:orcid:0000-0003-4007-8243,1,1.0,doi:10.1007/s11136-025-03996-x,10.1007/s11136-025-03996-x
person:orcid:0000-0002-8169-1645,person:orcid:0000-0003-0239-7278,1,1.0,doi:10.1038/s41433-023-02860-x,10.1038/s41433-023-02860-x
person:orcid:0000-0002-8169-1645,person:orcid:0000-0003-0666-7431,1,1.0,doi:10.1038/s41433-023-02860-x,10.1038/s41433-023-02860-x
person:orcid:0000-0002-8169-1645,person:orcid:0000-0003-1681-698x,1,1.0,doi:10.1038/s41433-023-02860-x,10.1038/s41433-023-02860-x
person:orcid:0000-0002-8169-1645,person:orcid:0000-0003-4212-2658,1,1.0,doi:10.1038/s41433-023-02860-x,10.1038/s41433-023-02860-x
person:orcid:0000-0002-8222-0781,person:orcid:0000-0002-9455-0104,1,1.0,doi:10.1007/s40258-021-00639-3,10.1007/s40258-021-00639-3
person:orcid:0000-0002-8249-7481,person:orcid:0000-0003-0545-1567,1,1.0,doi:10.1371/journal.pone.0209344,10.1371/journal.pone.0209344
person:orcid:0000-0002-8293-7061,person:orcid:0000-0002-9527-0577,1,1.0,doi:10.5492/wjccm.v11.i4.236,10.5492/wjccm.v11.i4.236
person:orcid:0000-0002-8293-7061,person:orcid:0000-0003-0331-5182,1,1.0,doi:10.5492/wjccm.v11.i4.236,10.5492/wjccm.v11.i4.236
person:orcid:0000-0002-8293-7061,person:orcid:0000-0003-1231-1490,1,1.0,doi:10.5492/wjccm.v11.i4.236,10.5492/wjccm.v11.i4.236
person:orcid:0000-0002-8293-7061,person:orcid:0000-0003-3571-3871,1,1.0,doi:10.5492/wjccm.v11.i4.236,10.5492/wjccm.v11.i4.236
person:orcid:0000-0002-8293-7061,person:orcid:0000-0003-3633-6596,1,1.0,doi:10.5492/wjccm.v11.i4.236,10.5492/wjccm.v11.i4.236
person:orcid:0000-0002-8385-5965,person:orcid:0000-0002-8859-926x,1,1.0,doi:10.1371/journal.pone.0302886,10.1371/journal.pone.0302886
person:orcid:0000-0002-8385-5965,person:orcid:0000-0003-4535-442x,1,1.0,doi:10.1371/journal.pone.0302886,10.1371/journal.pone.0302886
person:orcid:0000-0002-8438-2901,person:orcid:0000-0003-2029-6331,1,1.0,doi:10.1007/s11136-025-03996-x,10.1007/s11136-025-03996-x
person:orcid:0000-0002-8438-2901,person:orcid:0000-0003-3017-2770,1,1.0,doi:10.1007/s11136-025-03996-x,10.1007/s11136-025-03996-x
person:orcid:0000-0002-8438-2901,person:orcid:0000-0003-4007-8243,1,1.0,doi:10.1007/s11136-025-03996-x,10.1007/s11136-025-03996-x
person:orcid:0000-0002-8756-8699,person:orcid:0000-0003-4793-9026,1,1.0,doi:10.1007/s40273-024-01404-9,10.1007/s40273-024-01404-9
person:orcid:0000-0002-8773-2786,person:orcid:0000-0003-1200-9961,1,1.0,doi:10.3390/nu16162591,10.3390/nu16162591
person:orcid:0000-0002-8773-2786,person:orcid:0009-0009-4958-1276,1,1.0,doi:10.3390/nu16162591,10.3390/nu16162591
person:orcid:0000-0002-8859-926x,person:orcid:0000-0003-4535-442x,1,1.0,doi:10.1371/journal.pone.0302886,10.1371/journal.pone.0302886
person:orcid:0000-0002-8931-4086,person:orcid:0000-0003-2533-0818,1,1.0,doi:10.1007/s11136-022-03143-w,10.1007/s11136-022-03143-w
person:orcid:0000-0002-8934-7267,person:orcid:0000-0003-3274-0292,1,1.0,doi:10.1007/s11136-026-04223-x,10.1007/s11136-026-04223-x
person:orcid:0000-0002-8934-7267,person:orcid:0000-0003-3634-7906,1,1.0,doi:10.1007/s11136-026-04223-x,10.1007/s11136-026-04223-x
person:orcid:0000-0002-8934-7267,person:orcid:0000-0003-3705-5323,1,1.0,doi:10.1007/s11136-026-04223-x,10.1007/s11136-026-04223-x
person:orcid:0000-0002-8934-7267,person:orcid:0009-0001-2704-5044,1,1.0,doi:10.1007/s11136-026-04223-x,10.1007/s11136-026-04223-x
person:orcid:0000-0002-8934-7267,person:orcid:0009-0005-4800-6182,1,1.0,doi:10.1007/s11136-026-04223-x,10.1007/s11136-026-04223-x
person:orcid:0000-0002-8934-7267,person:orcid:0009-0006-5595-0419,1,1.0,doi:10.1007/s11136-026-04223-x,10.1007/s11136-026-04223-x
person:orcid:0000-0002-9264-7797,person:orcid:0009-0003-3441-7795,1,1.0,doi:10.3390/curroncol32060308,10.3390/curroncol32060308
person:orcid:0000-0002-9264-7797,person:orcid:0009-0003-6953-6997,1,1.0,doi:10.3390/curroncol32060308,10.3390/curroncol32060308
person:orcid:0000-0002-9362-0086,person:orcid:0000-0003-4196-8686,1,1.0,doi:10.1186/s12955-023-02177-z,10.1186/s12955-023-02177-z
person:orcid:0000-0002-9527-0577,person:orcid:0000-0003-0331-5182,1,1.0,doi:10.5492/wjccm.v11.i4.236,10.5492/wjccm.v11.i4.236
person:orcid:0000-0002-9527-0577,person:orcid:0000-0003-1231-1490,1,1.0,doi:10.5492/wjccm.v11.i4.236,10.5492/wjccm.v11.i4.236
person:orcid:0000-0002-9527-0577,person:orcid:0000-0003-3571-3871,1,1.0,doi:10.5492/wjccm.v11.i4.236,10.5492/wjccm.v11.i4.236
person:orcid:0000-0002-9527-0577,person:orcid:0000-0003-3633-6596,1,1.0,doi:10.5492/wjccm.v11.i4.236,10.5492/wjccm.v11.i4.236
person:orcid:0000-0002-9853-1592,person:orcid:0000-0003-0221-9914,1,1.0,doi:10.1007/s11136-025-03930-1,10.1007/s11136-025-03930-1
person:orcid:0000-0002-9853-1592,person:orcid:0000-0003-3621-1339,1,1.0,doi:10.1007/s11136-025-03930-1,10.1007/s11136-025-03930-1
person:orcid:0000-0002-9891-8279,person:orcid:0000-0003-0370-4903,1,1.0,doi:10.1007/s10198-022-01481-7,10.1007/s10198-022-01481-7
person:orcid:0000-0003-0221-9914,person:orcid:0000-0003-3621-1339,1,1.0,doi:10.1007/s11136-025-03930-1,10.1007/s11136-025-03930-1
person:orcid:0000-0003-0239-7278,person:orcid:0000-0003-0666-7431,1,1.0,doi:10.1038/s41433-023-02860-x,10.1038/s41433-023-02860-x
person:orcid:0000-0003-0239-7278,person:orcid:0000-0003-1681-698x,1,1.0,doi:10.1038/s41433-023-02860-x,10.1038/s41433-023-02860-x
person:orcid:0000-0003-0239-7278,person:orcid:0000-0003-4212-2658,1,1.0,doi:10.1038/s41433-023-02860-x,10.1038/s41433-023-02860-x
person:orcid:0000-0003-0331-5182,person:orcid:0000-0003-1231-1490,1,1.0,doi:10.5492/wjccm.v11.i4.236,10.5492/wjccm.v11.i4.236
person:orcid:0000-0003-0331-5182,person:orcid:0000-0003-3571-3871,1,1.0,doi:10.5492/wjccm.v11.i4.236,10.5492/wjccm.v11.i4.236
person:orcid:0000-0003-0331-5182,person:orcid:0000-0003-3633-6596,1,1.0,doi:10.5492/wjccm.v11.i4.236,10.5492/wjccm.v11.i4.236
person:orcid:0000-0003-0370-4903,person:orcid:0000-0003-2902-1641,1,1.0,doi:10.1007/s10198-022-01481-7,10.1007/s10198-022-01481-7
person:orcid:0000-0003-0666-7431,person:orcid:0000-0003-1681-698x,1,1.0,doi:10.1038/s41433-023-02860-x,10.1038/s41433-023-02860-x
person:orcid:0000-0003-0666-7431,person:orcid:0000-0003-4212-2658,1,1.0,doi:10.1038/s41433-023-02860-x,10.1038/s41433-023-02860-x
person:orcid:0000-0003-0851-8341,person:orcid:0000-0003-4609-3911,1,1.0,doi:10.1007/s10198-021-01306-z,10.1007/s10198-021-01306-z
person:orcid:0000-0003-1200-9961,person:orcid:0009-0009-4958-1276,1,1.0,doi:10.3390/nu16162591,10.3390/nu16162591
person:orcid:0000-0003-1231-1490,person:orcid:0000-0003-3571-3871,1,1.0,doi:10.5492/wjccm.v11.i4.236,10.5492/wjccm.v11.i4.236
person:orcid:0000-0003-1231-1490,person:orcid:0000-0003-3633-6596,1,1.0,doi:10.5492/wjccm.v11.i4.236,10.5492/wjccm.v11.i4.236
person:orcid:0000-0003-1604-5353,person:orcid:0000-0003-2449-2516,1,1.0,doi:10.1007/s40273-025-01550-8,10.1007/s40273-025-01550-8
person:orcid:0000-0003-1681-698x,person:orcid:0000-0003-4212-2658,1,1.0,doi:10.1038/s41433-023-02860-x,10.1038/s41433-023-02860-x
person:orcid:0000-0003-1944-6777,person:orcid:0009-0007-3558-3946,1,1.0,doi:10.3390/cancers16111952,10.3390/cancers16111952
person:orcid:0000-0003-2029-6331,person:orcid:0000-0003-3017-2770,1,1.0,doi:10.1007/s11136-025-03996-x,10.1007/s11136-025-03996-x
person:orcid:0000-0003-2029-6331,person:orcid:0000-0003-4007-8243,1,1.0,doi:10.1007/s11136-025-03996-x,10.1007/s11136-025-03996-x
person:orcid:0000-0003-2513-8957,person:orcid:0000-0003-4479-8950,1,1.0,doi:10.1007/s41669-022-00353-3,10.1007/s41669-022-00353-3
person:orcid:0000-0003-2798-4735,person:orcid:0000-0003-3187-2007,1,1.0,doi:10.1007/s40273-022-01216-9,10.1007/s40273-022-01216-9
person:orcid:0000-0003-2798-4735,person:orcid:0000-0003-4392-760x,1,1.0,doi:10.1007/s40273-022-01216-9,10.1007/s40273-022-01216-9
person:orcid:0000-0003-2798-4735,person:orcid:0000-0003-4509-1308,1,1.0,doi:10.1007/s40273-022-01216-9,10.1007/s40273-022-01216-9
person:orcid:0000-0003-2798-4735,person:orcid:0000-0003-4871-1840,1,1.0,doi:10.1186/s12955-023-02131-z,10.1186/s12955-023-02131-z
person:orcid:0000-0003-2798-4735,person:orcid:0009-0004-5019-9094,1,1.0,doi:10.1186/s12955-023-02131-z,10.1186/s12955-023-02131-z
person:orcid:0000-0003-3017-2770,person:orcid:0000-0003-4007-8243,1,1.0,doi:10.1007/s11136-025-03996-x,10.1007/s11136-025-03996-x
person:orcid:0000-0003-3113-3079,person:orcid:0009-0007-1555-7169,1,1.0,doi:10.1007/s11136-025-04077-9,10.1007/s11136-025-04077-9
person:orcid:0000-0003-3274-0292,person:orcid:0000-0003-3634-7906,1,1.0,doi:10.1007/s11136-026-04223-x,10.1007/s11136-026-04223-x
person:orcid:0000-0003-3274-0292,person:orcid:0000-0003-3705-5323,1,1.0,doi:10.1007/s11136-026-04223-x,10.1007/s11136-026-04223-x
person:orcid:0000-0003-3274-0292,person:orcid:0009-0001-2704-5044,1,1.0,doi:10.1007/s11136-026-04223-x,10.1007/s11136-026-04223-x
person:orcid:0000-0003-3274-0292,person:orcid:0009-0005-4800-6182,1,1.0,doi:10.1007/s11136-026-04223-x,10.1007/s11136-026-04223-x
person:orcid:0000-0003-3274-0292,person:orcid:0009-0006-5595-0419,1,1.0,doi:10.1007/s11136-026-04223-x,10.1007/s11136-026-04223-x
person:orcid:0000-0003-3571-3871,person:orcid:0000-0003-3633-6596,1,1.0,doi:10.5492/wjccm.v11.i4.236,10.5492/wjccm.v11.i4.236
person:orcid:0000-0003-3619-5367,person:orcid:0000-0003-4402-9211,1,1.0,doi:10.1007/s11136-020-02712-1,10.1007/s11136-020-02712-1
person:orcid:0000-0003-3634-7906,person:orcid:0000-0003-3705-5323,1,1.0,doi:10.1007/s11136-026-04223-x,10.1007/s11136-026-04223-x
person:orcid:0000-0003-3634-7906,person:orcid:0009-0001-2704-5044,1,1.0,doi:10.1007/s11136-026-04223-x,10.1007/s11136-026-04223-x
person:orcid:0000-0003-3634-7906,person:orcid:0009-0005-4800-6182,1,1.0,doi:10.1007/s11136-026-04223-x,10.1007/s11136-026-04223-x
person:orcid:0000-0003-3634-7906,person:orcid:0009-0006-5595-0419,1,1.0,doi:10.1007/s11136-026-04223-x,10.1007/s11136-026-04223-x
person:orcid:0000-0003-3705-5323,person:orcid:0009-0001-2704-5044,1,1.0,doi:10.1007/s11136-026-04223-x,10.1007/s11136-026-04223-x
person:orcid:0000-0003-3705-5323,person:orcid:0009-0005-4800-6182,1,1.0,doi:10.1007/s11136-026-04223-x,10.1007/s11136-026-04223-x
person:orcid:0000-0003-3705-5323,person:orcid:0009-0006-5595-0419,1,1.0,doi:10.1007/s11136-026-04223-x,10.1007/s11136-026-04223-x
person:orcid:0000-0003-4871-1840,person:orcid:0009-0004-5019-9094,1,1.0,doi:10.1186/s12955-023-02131-z,10.1186/s12955-023-02131-z
person:orcid:0009-0001-2704-5044,person:orcid:0009-0005-4800-6182,1,1.0,doi:10.1007/s11136-026-04223-x,10.1007/s11136-026-04223-x
person:orcid:0009-0001-2704-5044,person:orcid:0009-0006-5595-0419,1,1.0,doi:10.1007/s11136-026-04223-x,10.1007/s11136-026-04223-x
person:orcid:0009-0002-6616-3657,person:orcid:0009-0008-6782-4182,1,1.0,doi:10.1007/s10198-024-01710-1,10.1007/s10198-024-01710-1
person:orcid:0009-0003-3441-7795,person:orcid:0009-0003-6953-6997,1,1.0,doi:10.3390/curroncol32060308,10.3390/curroncol32060308
person:orcid:0009-0005-4800-6182,person:orcid:0009-0006-5595-0419,1,1.0,doi:10.1007/s11136-026-04223-x,10.1007/s11136-026-04223-x
